condition	locus_id	true_pool	pred_pool	count
gdna_zero_ss_0.50_nrna_zero	23	mrna	mrna	111477
gdna_zero_ss_0.50_nrna_zero	26	mrna	mrna	72873
gdna_zero_ss_0.50_nrna_zero	28	mrna	mrna	35073
gdna_zero_ss_0.50_nrna_zero	41	mrna	mrna	94484
gdna_zero_ss_0.50_nrna_zero	5	mrna	mrna	10870
gdna_zero_ss_0.50_nrna_zero	9	mrna	mrna	7067
gdna_zero_ss_0.50_nrna_zero	6	mrna	mrna	12567
gdna_zero_ss_0.50_nrna_zero	3	mrna	mrna	3921
gdna_zero_ss_0.50_nrna_zero	33	mrna	mrna	2499
gdna_zero_ss_0.50_nrna_zero	42	mrna	mrna	35000
gdna_zero_ss_0.50_nrna_zero	12	mrna	mrna	572
gdna_zero_ss_0.50_nrna_zero	0	mrna	mrna	431
gdna_zero_ss_0.50_nrna_zero	47	mrna	mrna	69886
gdna_zero_ss_0.50_nrna_zero	8	mrna	mrna	163
gdna_zero_ss_0.50_nrna_zero	46	mrna	mrna	64
gdna_zero_ss_0.50_nrna_zero	45	mrna	mrna	32
gdna_zero_ss_0.50_nrna_zero	39	mrna	nrna	983
gdna_zero_ss_0.50_nrna_zero	4	mrna	mrna	84278
gdna_zero_ss_0.50_nrna_zero	22	mrna	nrna	7
gdna_zero_ss_0.50_nrna_zero	34	mrna	mrna	1239
gdna_zero_ss_0.50_nrna_zero	32	mrna	mrna	36865
gdna_zero_ss_0.50_nrna_zero	40	mrna	mrna	15263
gdna_zero_ss_0.50_nrna_zero	25	mrna	mrna	9905
gdna_zero_ss_0.50_nrna_zero	10	mrna	mrna	8645
gdna_zero_ss_0.50_nrna_zero	16	mrna	mrna	4807
gdna_zero_ss_0.50_nrna_zero	19	mrna	nrna	3623
gdna_zero_ss_0.50_nrna_zero	7	mrna	nrna	2252
gdna_zero_ss_0.50_nrna_zero	18	mrna	mrna	1561
gdna_zero_ss_0.50_nrna_zero	24	mrna	mrna	1797
gdna_zero_ss_0.50_nrna_zero	14	mrna	mrna	225
gdna_zero_ss_0.50_nrna_zero	15	mrna	mrna	178717
gdna_zero_ss_0.50_nrna_zero	27	mrna	mrna	92
gdna_zero_ss_0.50_nrna_zero	37	mrna	mrna	66533
gdna_zero_ss_0.50_nrna_zero	13	mrna	mrna	57
gdna_zero_ss_0.50_nrna_zero	1	mrna	mrna	4826
gdna_zero_ss_0.50_nrna_zero	17	mrna	mrna	46
gdna_zero_ss_0.50_nrna_zero	2	mrna	mrna	323
gdna_zero_ss_0.50_nrna_zero	38	mrna	mrna	6731
gdna_zero_ss_0.50_nrna_zero	20	mrna	mrna	79834
gdna_zero_ss_0.50_nrna_zero	21	mrna	mrna	4465
gdna_zero_ss_0.50_nrna_zero	29	mrna	nrna	4267
gdna_zero_ss_0.50_nrna_zero	30	mrna	mrna	23600
gdna_zero_ss_0.50_nrna_zero	31	mrna	mrna	481
gdna_zero_ss_0.50_nrna_zero	44	mrna	mrna	315
gdna_zero_ss_0.50_nrna_zero	36	mrna	mrna	43
gdna_zero_ss_0.50_nrna_zero	35	mrna	mrna	996
gdna_zero_ss_0.50_nrna_zero	43	mrna	mrna	243
gdna_zero_ss_0.50_nrna_zero	11	mrna	mrna	2
gdna_zero_ss_0.99_nrna_zero	23	mrna	mrna	111477
gdna_zero_ss_0.99_nrna_zero	26	mrna	mrna	72873
gdna_zero_ss_0.99_nrna_zero	28	mrna	mrna	35073
gdna_zero_ss_0.99_nrna_zero	41	mrna	mrna	94484
gdna_zero_ss_0.99_nrna_zero	5	mrna	mrna	10870
gdna_zero_ss_0.99_nrna_zero	9	mrna	mrna	7067
gdna_zero_ss_0.99_nrna_zero	6	mrna	mrna	12567
gdna_zero_ss_0.99_nrna_zero	3	mrna	mrna	3921
gdna_zero_ss_0.99_nrna_zero	33	mrna	mrna	2499
gdna_zero_ss_0.99_nrna_zero	42	mrna	mrna	35000
gdna_zero_ss_0.99_nrna_zero	12	mrna	mrna	572
gdna_zero_ss_0.99_nrna_zero	0	mrna	mrna	431
gdna_zero_ss_0.99_nrna_zero	47	mrna	mrna	69886
gdna_zero_ss_0.99_nrna_zero	8	mrna	mrna	163
gdna_zero_ss_0.99_nrna_zero	46	mrna	mrna	64
gdna_zero_ss_0.99_nrna_zero	45	mrna	mrna	32
gdna_zero_ss_0.99_nrna_zero	39	mrna	nrna	983
gdna_zero_ss_0.99_nrna_zero	4	mrna	mrna	84278
gdna_zero_ss_0.99_nrna_zero	22	mrna	nrna	7
gdna_zero_ss_0.99_nrna_zero	34	mrna	mrna	1239
gdna_zero_ss_0.99_nrna_zero	32	mrna	mrna	36865
gdna_zero_ss_0.99_nrna_zero	40	mrna	mrna	15263
gdna_zero_ss_0.99_nrna_zero	25	mrna	mrna	9905
gdna_zero_ss_0.99_nrna_zero	10	mrna	mrna	8645
gdna_zero_ss_0.99_nrna_zero	16	mrna	mrna	4807
gdna_zero_ss_0.99_nrna_zero	19	mrna	nrna	3623
gdna_zero_ss_0.99_nrna_zero	7	mrna	nrna	2252
gdna_zero_ss_0.99_nrna_zero	18	mrna	mrna	1561
gdna_zero_ss_0.99_nrna_zero	24	mrna	mrna	1797
gdna_zero_ss_0.99_nrna_zero	14	mrna	mrna	225
gdna_zero_ss_0.99_nrna_zero	15	mrna	mrna	178717
gdna_zero_ss_0.99_nrna_zero	27	mrna	mrna	92
gdna_zero_ss_0.99_nrna_zero	37	mrna	mrna	66533
gdna_zero_ss_0.99_nrna_zero	13	mrna	mrna	57
gdna_zero_ss_0.99_nrna_zero	1	mrna	mrna	4826
gdna_zero_ss_0.99_nrna_zero	17	mrna	mrna	46
gdna_zero_ss_0.99_nrna_zero	2	mrna	mrna	323
gdna_zero_ss_0.99_nrna_zero	38	mrna	mrna	6731
gdna_zero_ss_0.99_nrna_zero	20	mrna	mrna	79834
gdna_zero_ss_0.99_nrna_zero	21	mrna	mrna	4465
gdna_zero_ss_0.99_nrna_zero	29	mrna	nrna	4267
gdna_zero_ss_0.99_nrna_zero	30	mrna	mrna	23600
gdna_zero_ss_0.99_nrna_zero	31	mrna	mrna	481
gdna_zero_ss_0.99_nrna_zero	44	mrna	mrna	315
gdna_zero_ss_0.99_nrna_zero	36	mrna	mrna	43
gdna_zero_ss_0.99_nrna_zero	35	mrna	mrna	996
gdna_zero_ss_0.99_nrna_zero	43	mrna	mrna	243
gdna_zero_ss_0.99_nrna_zero	11	mrna	mrna	2
gdna_low_ss_0.50_nrna_zero	24	mrna	mrna	111375
gdna_low_ss_0.50_nrna_zero	-1	mrna	gdna	2818
gdna_low_ss_0.50_nrna_zero	27	mrna	mrna	72820
gdna_low_ss_0.50_nrna_zero	30	mrna	mrna	35065
gdna_low_ss_0.50_nrna_zero	44	mrna	mrna	94444
gdna_low_ss_0.50_nrna_zero	5	mrna	mrna	10787
gdna_low_ss_0.50_nrna_zero	9	mrna	mrna	7037
gdna_low_ss_0.50_nrna_zero	6	mrna	mrna	12450
gdna_low_ss_0.50_nrna_zero	3	mrna	mrna	3916
gdna_low_ss_0.50_nrna_zero	35	mrna	mrna	2382
gdna_low_ss_0.50_nrna_zero	45	mrna	mrna	34973
gdna_low_ss_0.50_nrna_zero	12	mrna	mrna	555
gdna_low_ss_0.50_nrna_zero	0	mrna	mrna	396
gdna_low_ss_0.50_nrna_zero	52	mrna	mrna	69797
gdna_low_ss_0.50_nrna_zero	8	mrna	mrna	151
gdna_low_ss_0.50_nrna_zero	49	mrna	mrna	38
gdna_low_ss_0.50_nrna_zero	48	mrna	mrna	11
gdna_low_ss_0.50_nrna_zero	42	mrna	nrna	963
gdna_low_ss_0.50_nrna_zero	4	mrna	mrna	84212
gdna_low_ss_0.50_nrna_zero	36	mrna	mrna	1205
gdna_low_ss_0.50_nrna_zero	-1	gdna	gdna	247782
gdna_low_ss_0.50_nrna_zero	21	gdna	mrna	199
gdna_low_ss_0.50_nrna_zero	44	gdna	mrna	68
gdna_low_ss_0.50_nrna_zero	1	gdna	mrna	43
gdna_low_ss_0.50_nrna_zero	41	gdna	mrna	109
gdna_low_ss_0.50_nrna_zero	19	gdna	mrna	39
gdna_low_ss_0.50_nrna_zero	24	gdna	mrna	121
gdna_low_ss_0.50_nrna_zero	18	gdna	mrna	7
gdna_low_ss_0.50_nrna_zero	6	gdna	mrna	89
gdna_low_ss_0.50_nrna_zero	14	gdna	mrna	18
gdna_low_ss_0.50_nrna_zero	32	gdna	mrna	93
gdna_low_ss_0.50_nrna_zero	7	gdna	nrna	16
gdna_low_ss_0.50_nrna_zero	4	gdna	mrna	88
gdna_low_ss_0.50_nrna_zero	37	gdna	mrna	65
gdna_low_ss_0.50_nrna_zero	52	gdna	mrna	119
gdna_low_ss_0.50_nrna_zero	34	gdna	mrna	80
gdna_low_ss_0.50_nrna_zero	10	gdna	mrna	32
gdna_low_ss_0.50_nrna_zero	15	gdna	mrna	110
gdna_low_ss_0.50_nrna_zero	43	gdna	mrna	101
gdna_low_ss_0.50_nrna_zero	27	gdna	mrna	77
gdna_low_ss_0.50_nrna_zero	35	gdna	mrna	37
gdna_low_ss_0.50_nrna_zero	45	gdna	mrna	43
gdna_low_ss_0.50_nrna_zero	26	gdna	mrna	97
gdna_low_ss_0.50_nrna_zero	33	gdna	mrna	9
gdna_low_ss_0.50_nrna_zero	42	gdna	nrna	15
gdna_low_ss_0.50_nrna_zero	47	gdna	mrna	19
gdna_low_ss_0.50_nrna_zero	5	gdna	mrna	58
gdna_low_ss_0.50_nrna_zero	39	gdna	mrna	95
gdna_low_ss_0.50_nrna_zero	31	gdna	nrna	30
gdna_low_ss_0.50_nrna_zero	36	gdna	mrna	19
gdna_low_ss_0.50_nrna_zero	46	gdna	mrna	39
gdna_low_ss_0.50_nrna_zero	9	gdna	mrna	28
gdna_low_ss_0.50_nrna_zero	28	gdna	mrna	11
gdna_low_ss_0.50_nrna_zero	25	gdna	mrna	64
gdna_low_ss_0.50_nrna_zero	30	gdna	mrna	22
gdna_low_ss_0.50_nrna_zero	20	gdna	nrna	16
gdna_low_ss_0.50_nrna_zero	-1	gdna	unresolved	23
gdna_low_ss_0.50_nrna_zero	48	gdna	mrna	4
gdna_low_ss_0.50_nrna_zero	12	gdna	mrna	5
gdna_low_ss_0.50_nrna_zero	2	gdna	mrna	12
gdna_low_ss_0.50_nrna_zero	0	gdna	mrna	18
gdna_low_ss_0.50_nrna_zero	17	gdna	mrna	31
gdna_low_ss_0.50_nrna_zero	3	gdna	mrna	4
gdna_low_ss_0.50_nrna_zero	22	gdna	mrna	17
gdna_low_ss_0.50_nrna_zero	34	mrna	mrna	36807
gdna_low_ss_0.50_nrna_zero	43	mrna	mrna	15145
gdna_low_ss_0.50_nrna_zero	26	mrna	mrna	9720
gdna_low_ss_0.50_nrna_zero	10	mrna	mrna	8605
gdna_low_ss_0.50_nrna_zero	17	mrna	mrna	4766
gdna_low_ss_0.50_nrna_zero	20	mrna	nrna	3603
gdna_low_ss_0.50_nrna_zero	7	mrna	nrna	2231
gdna_low_ss_0.50_nrna_zero	19	mrna	mrna	1452
gdna_low_ss_0.50_nrna_zero	25	mrna	mrna	1671
gdna_low_ss_0.50_nrna_zero	14	mrna	mrna	183
gdna_low_ss_0.50_nrna_zero	15	mrna	mrna	178656
gdna_low_ss_0.50_nrna_zero	28	mrna	mrna	54
gdna_low_ss_0.50_nrna_zero	39	mrna	mrna	66458
gdna_low_ss_0.50_nrna_zero	13	mrna	mrna	46
gdna_low_ss_0.50_nrna_zero	1	mrna	mrna	4775
gdna_low_ss_0.50_nrna_zero	18	mrna	mrna	24
gdna_low_ss_0.50_nrna_zero	2	mrna	mrna	288
gdna_low_ss_0.50_nrna_zero	41	mrna	mrna	6509
gdna_low_ss_0.50_nrna_zero	8	gdna	mrna	7
gdna_low_ss_0.50_nrna_zero	49	gdna	mrna	8
gdna_low_ss_0.50_nrna_zero	13	gdna	mrna	11
gdna_low_ss_0.50_nrna_zero	38	gdna	mrna	2
gdna_low_ss_0.50_nrna_zero	21	mrna	mrna	79689
gdna_low_ss_0.50_nrna_zero	22	mrna	mrna	4454
gdna_low_ss_0.50_nrna_zero	31	mrna	nrna	4220
gdna_low_ss_0.50_nrna_zero	32	mrna	mrna	23505
gdna_low_ss_0.50_nrna_zero	33	mrna	mrna	465
gdna_low_ss_0.50_nrna_zero	47	mrna	mrna	269
gdna_low_ss_0.50_nrna_zero	38	mrna	mrna	17
gdna_low_ss_0.50_nrna_zero	37	mrna	mrna	852
gdna_low_ss_0.50_nrna_zero	46	mrna	mrna	141
gdna_low_ss_0.99_nrna_zero	24	mrna	mrna	111361
gdna_low_ss_0.99_nrna_zero	-1	mrna	gdna	2244
gdna_low_ss_0.99_nrna_zero	27	mrna	mrna	72786
gdna_low_ss_0.99_nrna_zero	30	mrna	mrna	35038
gdna_low_ss_0.99_nrna_zero	44	mrna	mrna	94433
gdna_low_ss_0.99_nrna_zero	5	mrna	mrna	10809
gdna_low_ss_0.99_nrna_zero	9	mrna	mrna	7036
gdna_low_ss_0.99_nrna_zero	6	mrna	mrna	12497
gdna_low_ss_0.99_nrna_zero	3	mrna	mrna	3911
gdna_low_ss_0.99_nrna_zero	35	mrna	mrna	2431
gdna_low_ss_0.99_nrna_zero	45	mrna	mrna	34970
gdna_low_ss_0.99_nrna_zero	12	mrna	mrna	569
gdna_low_ss_0.99_nrna_zero	0	mrna	mrna	413
gdna_low_ss_0.99_nrna_zero	52	mrna	mrna	69783
gdna_low_ss_0.99_nrna_zero	8	mrna	mrna	157
gdna_low_ss_0.99_nrna_zero	49	mrna	mrna	45
gdna_low_ss_0.99_nrna_zero	48	mrna	mrna	20
gdna_low_ss_0.99_nrna_zero	42	mrna	nrna	972
gdna_low_ss_0.99_nrna_zero	4	mrna	mrna	84197
gdna_low_ss_0.99_nrna_zero	36	mrna	mrna	1222
gdna_low_ss_0.99_nrna_zero	-1	gdna	gdna	248228
gdna_low_ss_0.99_nrna_zero	44	gdna	mrna	53
gdna_low_ss_0.99_nrna_zero	26	gdna	mrna	76
gdna_low_ss_0.99_nrna_zero	19	gdna	mrna	21
gdna_low_ss_0.99_nrna_zero	24	gdna	mrna	108
gdna_low_ss_0.99_nrna_zero	6	gdna	mrna	63
gdna_low_ss_0.99_nrna_zero	14	gdna	mrna	14
gdna_low_ss_0.99_nrna_zero	32	gdna	mrna	72
gdna_low_ss_0.99_nrna_zero	7	gdna	nrna	11
gdna_low_ss_0.99_nrna_zero	4	gdna	mrna	82
gdna_low_ss_0.99_nrna_zero	21	gdna	mrna	167
gdna_low_ss_0.99_nrna_zero	25	gdna	mrna	46
gdna_low_ss_0.99_nrna_zero	37	gdna	mrna	35
gdna_low_ss_0.99_nrna_zero	52	gdna	mrna	106
gdna_low_ss_0.99_nrna_zero	34	gdna	mrna	64
gdna_low_ss_0.99_nrna_zero	5	gdna	mrna	44
gdna_low_ss_0.99_nrna_zero	47	gdna	mrna	16
gdna_low_ss_0.99_nrna_zero	15	gdna	mrna	87
gdna_low_ss_0.99_nrna_zero	41	gdna	mrna	86
gdna_low_ss_0.99_nrna_zero	43	gdna	mrna	72
gdna_low_ss_0.99_nrna_zero	27	gdna	mrna	67
gdna_low_ss_0.99_nrna_zero	35	gdna	mrna	28
gdna_low_ss_0.99_nrna_zero	45	gdna	mrna	34
gdna_low_ss_0.99_nrna_zero	33	gdna	mrna	4
gdna_low_ss_0.99_nrna_zero	42	gdna	nrna	15
gdna_low_ss_0.99_nrna_zero	1	gdna	mrna	32
gdna_low_ss_0.99_nrna_zero	39	gdna	mrna	90
gdna_low_ss_0.99_nrna_zero	10	gdna	mrna	25
gdna_low_ss_0.99_nrna_zero	22	gdna	mrna	12
gdna_low_ss_0.99_nrna_zero	9	gdna	mrna	20
gdna_low_ss_0.99_nrna_zero	28	gdna	mrna	8
gdna_low_ss_0.99_nrna_zero	46	gdna	mrna	30
gdna_low_ss_0.99_nrna_zero	-1	gdna	unresolved	23
gdna_low_ss_0.99_nrna_zero	31	gdna	nrna	25
gdna_low_ss_0.99_nrna_zero	38	gdna	mrna	9
gdna_low_ss_0.99_nrna_zero	12	gdna	mrna	3
gdna_low_ss_0.99_nrna_zero	40	gdna	nrna	1
gdna_low_ss_0.99_nrna_zero	17	gdna	mrna	26
gdna_low_ss_0.99_nrna_zero	30	gdna	mrna	20
gdna_low_ss_0.99_nrna_zero	0	gdna	mrna	13
gdna_low_ss_0.99_nrna_zero	45	gdna	nrna	1
gdna_low_ss_0.99_nrna_zero	2	gdna	mrna	8
gdna_low_ss_0.99_nrna_zero	3	gdna	mrna	4
gdna_low_ss_0.99_nrna_zero	18	gdna	mrna	5
gdna_low_ss_0.99_nrna_zero	48	gdna	mrna	7
gdna_low_ss_0.99_nrna_zero	25	gdna	nrna	2
gdna_low_ss_0.99_nrna_zero	49	gdna	mrna	5
gdna_low_ss_0.99_nrna_zero	34	mrna	mrna	36810
gdna_low_ss_0.99_nrna_zero	43	mrna	mrna	15176
gdna_low_ss_0.99_nrna_zero	26	mrna	mrna	9802
gdna_low_ss_0.99_nrna_zero	10	mrna	mrna	8617
gdna_low_ss_0.99_nrna_zero	17	mrna	mrna	4765
gdna_low_ss_0.99_nrna_zero	20	mrna	nrna	3615
gdna_low_ss_0.99_nrna_zero	7	mrna	nrna	2232
gdna_low_ss_0.99_nrna_zero	19	mrna	mrna	1500
gdna_low_ss_0.99_nrna_zero	25	mrna	mrna	1714
gdna_low_ss_0.99_nrna_zero	14	mrna	mrna	190
gdna_low_ss_0.99_nrna_zero	15	mrna	mrna	178617
gdna_low_ss_0.99_nrna_zero	28	mrna	mrna	70
gdna_low_ss_0.99_nrna_zero	39	mrna	mrna	66457
gdna_low_ss_0.99_nrna_zero	13	mrna	mrna	50
gdna_low_ss_0.99_nrna_zero	1	mrna	mrna	4790
gdna_low_ss_0.99_nrna_zero	18	mrna	mrna	34
gdna_low_ss_0.99_nrna_zero	2	mrna	mrna	300
gdna_low_ss_0.99_nrna_zero	41	mrna	mrna	6595
gdna_low_ss_0.99_nrna_zero	20	gdna	nrna	10
gdna_low_ss_0.99_nrna_zero	36	gdna	mrna	9
gdna_low_ss_0.99_nrna_zero	8	gdna	mrna	7
gdna_low_ss_0.99_nrna_zero	9	gdna	nrna	1
gdna_low_ss_0.99_nrna_zero	8	gdna	nrna	1
gdna_low_ss_0.99_nrna_zero	21	mrna	mrna	79671
gdna_low_ss_0.99_nrna_zero	22	mrna	mrna	4461
gdna_low_ss_0.99_nrna_zero	31	mrna	nrna	4238
gdna_low_ss_0.99_nrna_zero	32	mrna	mrna	23526
gdna_low_ss_0.99_nrna_zero	33	mrna	mrna	474
gdna_low_ss_0.99_nrna_zero	47	mrna	mrna	291
gdna_low_ss_0.99_nrna_zero	38	mrna	mrna	16
gdna_low_ss_0.99_nrna_zero	13	gdna	mrna	4
gdna_low_ss_0.99_nrna_zero	37	mrna	mrna	920
gdna_low_ss_0.99_nrna_zero	46	mrna	mrna	175
gdna_med_ss_0.50_nrna_zero	24	mrna	mrna	110965
gdna_med_ss_0.50_nrna_zero	-1	mrna	gdna	11404
gdna_med_ss_0.50_nrna_zero	27	mrna	mrna	72538
gdna_med_ss_0.50_nrna_zero	30	mrna	mrna	34983
gdna_med_ss_0.50_nrna_zero	44	mrna	mrna	94287
gdna_med_ss_0.50_nrna_zero	5	mrna	mrna	10466
gdna_med_ss_0.50_nrna_zero	9	mrna	mrna	6874
gdna_med_ss_0.50_nrna_zero	6	mrna	mrna	12000
gdna_med_ss_0.50_nrna_zero	3	mrna	mrna	3879
gdna_med_ss_0.50_nrna_zero	35	mrna	mrna	2177
gdna_med_ss_0.50_nrna_zero	45	mrna	mrna	34887
gdna_med_ss_0.50_nrna_zero	12	mrna	mrna	539
gdna_med_ss_0.50_nrna_zero	0	mrna	mrna	359
gdna_med_ss_0.50_nrna_zero	52	mrna	mrna	69375
gdna_med_ss_0.50_nrna_zero	8	mrna	mrna	138
gdna_med_ss_0.50_nrna_zero	49	mrna	mrna	30
gdna_med_ss_0.50_nrna_zero	48	mrna	mrna	13
gdna_med_ss_0.50_nrna_zero	42	mrna	nrna	880
gdna_med_ss_0.50_nrna_zero	4	mrna	mrna	83924
gdna_med_ss_0.50_nrna_zero	23	mrna	nrna	1
gdna_med_ss_0.50_nrna_zero	36	mrna	mrna	1132
gdna_med_ss_0.50_nrna_zero	-1	gdna	gdna	992716
gdna_med_ss_0.50_nrna_zero	42	gdna	nrna	45
gdna_med_ss_0.50_nrna_zero	5	gdna	mrna	203
gdna_med_ss_0.50_nrna_zero	45	gdna	mrna	125
gdna_med_ss_0.50_nrna_zero	6	gdna	mrna	293
gdna_med_ss_0.50_nrna_zero	17	gdna	mrna	102
gdna_med_ss_0.50_nrna_zero	39	gdna	mrna	280
gdna_med_ss_0.50_nrna_zero	15	gdna	mrna	447
gdna_med_ss_0.50_nrna_zero	44	gdna	mrna	252
gdna_med_ss_0.50_nrna_zero	25	gdna	mrna	168
gdna_med_ss_0.50_nrna_zero	52	gdna	mrna	426
gdna_med_ss_0.50_nrna_zero	41	gdna	mrna	371
gdna_med_ss_0.50_nrna_zero	30	gdna	mrna	88
gdna_med_ss_0.50_nrna_zero	21	gdna	mrna	690
gdna_med_ss_0.50_nrna_zero	37	gdna	mrna	139
gdna_med_ss_0.50_nrna_zero	35	gdna	mrna	172
gdna_med_ss_0.50_nrna_zero	1	gdna	mrna	132
gdna_med_ss_0.50_nrna_zero	4	gdna	mrna	320
gdna_med_ss_0.50_nrna_zero	34	gdna	mrna	276
gdna_med_ss_0.50_nrna_zero	32	gdna	mrna	280
gdna_med_ss_0.50_nrna_zero	20	gdna	nrna	76
gdna_med_ss_0.50_nrna_zero	27	gdna	mrna	316
gdna_med_ss_0.50_nrna_zero	26	gdna	mrna	309
gdna_med_ss_0.50_nrna_zero	7	gdna	nrna	48
gdna_med_ss_0.50_nrna_zero	24	gdna	mrna	460
gdna_med_ss_0.50_nrna_zero	14	gdna	mrna	37
gdna_med_ss_0.50_nrna_zero	-1	gdna	unresolved	128
gdna_med_ss_0.50_nrna_zero	31	gdna	nrna	87
gdna_med_ss_0.50_nrna_zero	43	gdna	mrna	280
gdna_med_ss_0.50_nrna_zero	10	gdna	mrna	130
gdna_med_ss_0.50_nrna_zero	0	gdna	mrna	15
gdna_med_ss_0.50_nrna_zero	13	gdna	mrna	12
gdna_med_ss_0.50_nrna_zero	36	gdna	mrna	49
gdna_med_ss_0.50_nrna_zero	19	gdna	mrna	149
gdna_med_ss_0.50_nrna_zero	9	gdna	mrna	98
gdna_med_ss_0.50_nrna_zero	47	gdna	mrna	47
gdna_med_ss_0.50_nrna_zero	22	gdna	mrna	37
gdna_med_ss_0.50_nrna_zero	33	gdna	mrna	30
gdna_med_ss_0.50_nrna_zero	46	gdna	mrna	37
gdna_med_ss_0.50_nrna_zero	38	gdna	mrna	11
gdna_med_ss_0.50_nrna_zero	3	gdna	mrna	15
gdna_med_ss_0.50_nrna_zero	2	gdna	mrna	35
gdna_med_ss_0.50_nrna_zero	12	gdna	mrna	24
gdna_med_ss_0.50_nrna_zero	28	gdna	mrna	13
gdna_med_ss_0.50_nrna_zero	48	gdna	mrna	8
gdna_med_ss_0.50_nrna_zero	23	gdna	nrna	2
gdna_med_ss_0.50_nrna_zero	49	gdna	mrna	7
gdna_med_ss_0.50_nrna_zero	8	gdna	mrna	11
gdna_med_ss_0.50_nrna_zero	18	gdna	mrna	4
gdna_med_ss_0.50_nrna_zero	34	mrna	mrna	36501
gdna_med_ss_0.50_nrna_zero	43	mrna	mrna	14717
gdna_med_ss_0.50_nrna_zero	26	mrna	mrna	9256
gdna_med_ss_0.50_nrna_zero	10	mrna	mrna	8438
gdna_med_ss_0.50_nrna_zero	17	mrna	mrna	4608
gdna_med_ss_0.50_nrna_zero	20	mrna	nrna	3507
gdna_med_ss_0.50_nrna_zero	7	mrna	nrna	2164
gdna_med_ss_0.50_nrna_zero	19	mrna	mrna	1241
gdna_med_ss_0.50_nrna_zero	25	mrna	mrna	1462
gdna_med_ss_0.50_nrna_zero	14	mrna	mrna	138
gdna_med_ss_0.50_nrna_zero	15	mrna	mrna	178337
gdna_med_ss_0.50_nrna_zero	28	mrna	mrna	31
gdna_med_ss_0.50_nrna_zero	39	mrna	mrna	66234
gdna_med_ss_0.50_nrna_zero	13	mrna	mrna	27
gdna_med_ss_0.50_nrna_zero	1	mrna	mrna	4579
gdna_med_ss_0.50_nrna_zero	18	mrna	mrna	16
gdna_med_ss_0.50_nrna_zero	2	mrna	mrna	245
gdna_med_ss_0.50_nrna_zero	41	mrna	mrna	6028
gdna_med_ss_0.50_nrna_zero	21	mrna	mrna	78885
gdna_med_ss_0.50_nrna_zero	22	mrna	mrna	4399
gdna_med_ss_0.50_nrna_zero	31	mrna	nrna	4044
gdna_med_ss_0.50_nrna_zero	32	mrna	mrna	22922
gdna_med_ss_0.50_nrna_zero	33	mrna	mrna	425
gdna_med_ss_0.50_nrna_zero	47	mrna	mrna	221
gdna_med_ss_0.50_nrna_zero	38	mrna	mrna	11
gdna_med_ss_0.50_nrna_zero	37	mrna	mrna	635
gdna_med_ss_0.50_nrna_zero	46	mrna	mrna	78
gdna_med_ss_0.99_nrna_zero	24	mrna	mrna	111038
gdna_med_ss_0.99_nrna_zero	-1	mrna	gdna	7911
gdna_med_ss_0.99_nrna_zero	27	mrna	mrna	72595
gdna_med_ss_0.99_nrna_zero	30	mrna	mrna	34990
gdna_med_ss_0.99_nrna_zero	44	mrna	mrna	94300
gdna_med_ss_0.99_nrna_zero	5	mrna	mrna	10624
gdna_med_ss_0.99_nrna_zero	9	mrna	mrna	6958
gdna_med_ss_0.99_nrna_zero	6	mrna	mrna	12215
gdna_med_ss_0.99_nrna_zero	3	mrna	mrna	3889
gdna_med_ss_0.99_nrna_zero	35	mrna	mrna	2324
gdna_med_ss_0.99_nrna_zero	45	mrna	mrna	34894
gdna_med_ss_0.99_nrna_zero	12	mrna	mrna	548
gdna_med_ss_0.99_nrna_zero	0	mrna	mrna	373
gdna_med_ss_0.99_nrna_zero	52	mrna	mrna	69469
gdna_med_ss_0.99_nrna_zero	8	mrna	mrna	147
gdna_med_ss_0.99_nrna_zero	49	mrna	mrna	40
gdna_med_ss_0.99_nrna_zero	48	mrna	mrna	13
gdna_med_ss_0.99_nrna_zero	42	mrna	nrna	930
gdna_med_ss_0.99_nrna_zero	4	mrna	mrna	83980
gdna_med_ss_0.99_nrna_zero	23	mrna	nrna	1
gdna_med_ss_0.99_nrna_zero	36	mrna	mrna	1171
gdna_med_ss_0.99_nrna_zero	-1	gdna	gdna	994609
gdna_med_ss_0.99_nrna_zero	42	gdna	nrna	38
gdna_med_ss_0.99_nrna_zero	5	gdna	mrna	122
gdna_med_ss_0.99_nrna_zero	39	gdna	mrna	198
gdna_med_ss_0.99_nrna_zero	15	gdna	mrna	356
gdna_med_ss_0.99_nrna_zero	44	gdna	mrna	205
gdna_med_ss_0.99_nrna_zero	52	gdna	mrna	324
gdna_med_ss_0.99_nrna_zero	4	gdna	mrna	268
gdna_med_ss_0.99_nrna_zero	30	gdna	mrna	75
gdna_med_ss_0.99_nrna_zero	21	gdna	mrna	526
gdna_med_ss_0.99_nrna_zero	41	gdna	mrna	230
gdna_med_ss_0.99_nrna_zero	45	gdna	mrna	91
gdna_med_ss_0.99_nrna_zero	35	gdna	mrna	88
gdna_med_ss_0.99_nrna_zero	1	gdna	mrna	90
gdna_med_ss_0.99_nrna_zero	34	gdna	mrna	200
gdna_med_ss_0.99_nrna_zero	43	gdna	mrna	200
gdna_med_ss_0.99_nrna_zero	32	gdna	mrna	200
gdna_med_ss_0.99_nrna_zero	20	gdna	nrna	50
gdna_med_ss_0.99_nrna_zero	27	gdna	mrna	249
gdna_med_ss_0.99_nrna_zero	26	gdna	mrna	229
gdna_med_ss_0.99_nrna_zero	6	gdna	mrna	185
gdna_med_ss_0.99_nrna_zero	17	gdna	mrna	68
gdna_med_ss_0.99_nrna_zero	24	gdna	mrna	361
gdna_med_ss_0.99_nrna_zero	28	gdna	mrna	25
gdna_med_ss_0.99_nrna_zero	-1	gdna	unresolved	128
gdna_med_ss_0.99_nrna_zero	31	gdna	nrna	69
gdna_med_ss_0.99_nrna_zero	36	gdna	mrna	42
gdna_med_ss_0.99_nrna_zero	25	gdna	mrna	99
gdna_med_ss_0.99_nrna_zero	0	gdna	mrna	25
gdna_med_ss_0.99_nrna_zero	10	gdna	mrna	91
gdna_med_ss_0.99_nrna_zero	9	gdna	mrna	61
gdna_med_ss_0.99_nrna_zero	19	gdna	mrna	96
gdna_med_ss_0.99_nrna_zero	37	gdna	mrna	110
gdna_med_ss_0.99_nrna_zero	46	gdna	mrna	50
gdna_med_ss_0.99_nrna_zero	47	gdna	mrna	30
gdna_med_ss_0.99_nrna_zero	12	gdna	mrna	17
gdna_med_ss_0.99_nrna_zero	7	gdna	nrna	37
gdna_med_ss_0.99_nrna_zero	22	gdna	mrna	19
gdna_med_ss_0.99_nrna_zero	13	gdna	mrna	12
gdna_med_ss_0.99_nrna_zero	14	gdna	mrna	33
gdna_med_ss_0.99_nrna_zero	2	gdna	mrna	27
gdna_med_ss_0.99_nrna_zero	48	gdna	mrna	8
gdna_med_ss_0.99_nrna_zero	33	gdna	mrna	21
gdna_med_ss_0.99_nrna_zero	3	gdna	mrna	13
gdna_med_ss_0.99_nrna_zero	38	gdna	mrna	8
gdna_med_ss_0.99_nrna_zero	18	gdna	mrna	4
gdna_med_ss_0.99_nrna_zero	8	gdna	mrna	7
gdna_med_ss_0.99_nrna_zero	34	mrna	mrna	36584
gdna_med_ss_0.99_nrna_zero	43	mrna	mrna	14951
gdna_med_ss_0.99_nrna_zero	26	mrna	mrna	9546
gdna_med_ss_0.99_nrna_zero	10	mrna	mrna	8530
gdna_med_ss_0.99_nrna_zero	17	mrna	mrna	4671
gdna_med_ss_0.99_nrna_zero	20	mrna	nrna	3555
gdna_med_ss_0.99_nrna_zero	7	mrna	nrna	2197
gdna_med_ss_0.99_nrna_zero	19	mrna	mrna	1364
gdna_med_ss_0.99_nrna_zero	25	mrna	mrna	1573
gdna_med_ss_0.99_nrna_zero	14	mrna	mrna	159
gdna_med_ss_0.99_nrna_zero	15	mrna	mrna	178335
gdna_med_ss_0.99_nrna_zero	28	mrna	mrna	43
gdna_med_ss_0.99_nrna_zero	39	mrna	mrna	66262
gdna_med_ss_0.99_nrna_zero	13	mrna	mrna	30
gdna_med_ss_0.99_nrna_zero	1	mrna	mrna	4651
gdna_med_ss_0.99_nrna_zero	18	mrna	mrna	18
gdna_med_ss_0.99_nrna_zero	2	mrna	mrna	257
gdna_med_ss_0.99_nrna_zero	41	mrna	mrna	6286
gdna_med_ss_0.99_nrna_zero	49	gdna	mrna	3
gdna_med_ss_0.99_nrna_zero	21	mrna	mrna	79189
gdna_med_ss_0.99_nrna_zero	22	mrna	mrna	4411
gdna_med_ss_0.99_nrna_zero	31	mrna	nrna	4134
gdna_med_ss_0.99_nrna_zero	32	mrna	mrna	23262
gdna_med_ss_0.99_nrna_zero	33	mrna	mrna	456
gdna_med_ss_0.99_nrna_zero	47	mrna	mrna	249
gdna_med_ss_0.99_nrna_zero	38	mrna	mrna	12
gdna_med_ss_0.99_nrna_zero	23	gdna	nrna	2
gdna_med_ss_0.99_nrna_zero	11	gdna	mrna	1
gdna_med_ss_0.99_nrna_zero	37	mrna	mrna	760
gdna_med_ss_0.99_nrna_zero	46	mrna	mrna	105
gdna_high_ss_0.50_nrna_zero	24	mrna	mrna	110280
gdna_high_ss_0.50_nrna_zero	-1	mrna	gdna	23473
gdna_high_ss_0.50_nrna_zero	27	mrna	mrna	71985
gdna_high_ss_0.50_nrna_zero	30	mrna	mrna	34870
gdna_high_ss_0.50_nrna_zero	44	mrna	mrna	93964
gdna_high_ss_0.50_nrna_zero	5	mrna	mrna	10091
gdna_high_ss_0.50_nrna_zero	9	mrna	mrna	6721
gdna_high_ss_0.50_nrna_zero	6	mrna	mrna	11493
gdna_high_ss_0.50_nrna_zero	3	mrna	mrna	3840
gdna_high_ss_0.50_nrna_zero	35	mrna	mrna	1936
gdna_high_ss_0.50_nrna_zero	45	mrna	mrna	34680
gdna_high_ss_0.50_nrna_zero	12	mrna	mrna	492
gdna_high_ss_0.50_nrna_zero	0	mrna	mrna	338
gdna_high_ss_0.50_nrna_zero	52	mrna	mrna	68308
gdna_high_ss_0.50_nrna_zero	8	mrna	mrna	120
gdna_high_ss_0.50_nrna_zero	49	mrna	mrna	31
gdna_high_ss_0.50_nrna_zero	48	mrna	mrna	9
gdna_high_ss_0.50_nrna_zero	42	mrna	nrna	861
gdna_high_ss_0.50_nrna_zero	4	mrna	mrna	83365
gdna_high_ss_0.50_nrna_zero	36	mrna	mrna	1070
gdna_high_ss_0.50_nrna_zero	-1	gdna	gdna	1987449
gdna_high_ss_0.50_nrna_zero	39	gdna	mrna	507
gdna_high_ss_0.50_nrna_zero	24	gdna	mrna	881
gdna_high_ss_0.50_nrna_zero	20	gdna	nrna	124
gdna_high_ss_0.50_nrna_zero	26	gdna	mrna	555
gdna_high_ss_0.50_nrna_zero	31	gdna	nrna	145
gdna_high_ss_0.50_nrna_zero	25	gdna	mrna	200
gdna_high_ss_0.50_nrna_zero	52	gdna	mrna	791
gdna_high_ss_0.50_nrna_zero	27	gdna	mrna	590
gdna_high_ss_0.50_nrna_zero	32	gdna	mrna	564
gdna_high_ss_0.50_nrna_zero	43	gdna	mrna	482
gdna_high_ss_0.50_nrna_zero	45	gdna	mrna	250
gdna_high_ss_0.50_nrna_zero	10	gdna	mrna	220
gdna_high_ss_0.50_nrna_zero	9	gdna	mrna	168
gdna_high_ss_0.50_nrna_zero	41	gdna	mrna	598
gdna_high_ss_0.50_nrna_zero	17	gdna	mrna	171
gdna_high_ss_0.50_nrna_zero	34	gdna	mrna	524
gdna_high_ss_0.50_nrna_zero	6	gdna	mrna	474
gdna_high_ss_0.50_nrna_zero	21	gdna	mrna	1203
gdna_high_ss_0.50_nrna_zero	4	gdna	mrna	583
gdna_high_ss_0.50_nrna_zero	15	gdna	mrna	776
gdna_high_ss_0.50_nrna_zero	5	gdna	mrna	389
gdna_high_ss_0.50_nrna_zero	36	gdna	mrna	87
gdna_high_ss_0.50_nrna_zero	35	gdna	mrna	244
gdna_high_ss_0.50_nrna_zero	7	gdna	nrna	80
gdna_high_ss_0.50_nrna_zero	22	gdna	mrna	66
gdna_high_ss_0.50_nrna_zero	30	gdna	mrna	175
gdna_high_ss_0.50_nrna_zero	8	gdna	mrna	13
gdna_high_ss_0.50_nrna_zero	44	gdna	mrna	478
gdna_high_ss_0.50_nrna_zero	37	gdna	mrna	161
gdna_high_ss_0.50_nrna_zero	2	gdna	mrna	54
gdna_high_ss_0.50_nrna_zero	42	gdna	nrna	85
gdna_high_ss_0.50_nrna_zero	-1	gdna	unresolved	202
gdna_high_ss_0.50_nrna_zero	19	gdna	mrna	218
gdna_high_ss_0.50_nrna_zero	1	gdna	mrna	193
gdna_high_ss_0.50_nrna_zero	47	gdna	mrna	50
gdna_high_ss_0.50_nrna_zero	12	gdna	mrna	40
gdna_high_ss_0.50_nrna_zero	3	gdna	mrna	36
gdna_high_ss_0.50_nrna_zero	28	gdna	mrna	11
gdna_high_ss_0.50_nrna_zero	14	gdna	mrna	45
gdna_high_ss_0.50_nrna_zero	0	gdna	mrna	24
gdna_high_ss_0.50_nrna_zero	33	gdna	mrna	29
gdna_high_ss_0.50_nrna_zero	46	gdna	mrna	39
gdna_high_ss_0.50_nrna_zero	49	gdna	mrna	7
gdna_high_ss_0.50_nrna_zero	13	gdna	mrna	6
gdna_high_ss_0.50_nrna_zero	18	gdna	mrna	8
gdna_high_ss_0.50_nrna_zero	38	gdna	mrna	4
gdna_high_ss_0.50_nrna_zero	34	mrna	mrna	35902
gdna_high_ss_0.50_nrna_zero	43	mrna	mrna	14206
gdna_high_ss_0.50_nrna_zero	26	mrna	mrna	8719
gdna_high_ss_0.50_nrna_zero	10	mrna	mrna	8268
gdna_high_ss_0.50_nrna_zero	17	mrna	mrna	4390
gdna_high_ss_0.50_nrna_zero	20	mrna	nrna	3386
gdna_high_ss_0.50_nrna_zero	7	mrna	nrna	2116
gdna_high_ss_0.50_nrna_zero	19	mrna	mrna	1054
gdna_high_ss_0.50_nrna_zero	25	mrna	mrna	1253
gdna_high_ss_0.50_nrna_zero	14	mrna	mrna	103
gdna_high_ss_0.50_nrna_zero	15	mrna	mrna	177798
gdna_high_ss_0.50_nrna_zero	28	mrna	mrna	16
gdna_high_ss_0.50_nrna_zero	39	mrna	mrna	65672
gdna_high_ss_0.50_nrna_zero	13	mrna	mrna	11
gdna_high_ss_0.50_nrna_zero	1	mrna	mrna	4367
gdna_high_ss_0.50_nrna_zero	18	mrna	mrna	25
gdna_high_ss_0.50_nrna_zero	2	mrna	mrna	208
gdna_high_ss_0.50_nrna_zero	41	mrna	mrna	5393
gdna_high_ss_0.50_nrna_zero	48	gdna	mrna	1
gdna_high_ss_0.50_nrna_zero	21	mrna	mrna	77430
gdna_high_ss_0.50_nrna_zero	22	mrna	mrna	4343
gdna_high_ss_0.50_nrna_zero	31	mrna	nrna	3917
gdna_high_ss_0.50_nrna_zero	32	mrna	mrna	22400
gdna_high_ss_0.50_nrna_zero	33	mrna	mrna	413
gdna_high_ss_0.50_nrna_zero	47	mrna	mrna	140
gdna_high_ss_0.50_nrna_zero	38	mrna	mrna	9
gdna_high_ss_0.50_nrna_zero	37	mrna	mrna	457
gdna_high_ss_0.50_nrna_zero	46	mrna	mrna	77
gdna_high_ss_0.99_nrna_zero	24	mrna	mrna	110640
gdna_high_ss_0.99_nrna_zero	-1	mrna	gdna	15171
gdna_high_ss_0.99_nrna_zero	27	mrna	mrna	72308
gdna_high_ss_0.99_nrna_zero	30	mrna	mrna	34928
gdna_high_ss_0.99_nrna_zero	44	mrna	mrna	94026
gdna_high_ss_0.99_nrna_zero	5	mrna	mrna	10352
gdna_high_ss_0.99_nrna_zero	9	mrna	mrna	6823
gdna_high_ss_0.99_nrna_zero	6	mrna	mrna	11900
gdna_high_ss_0.99_nrna_zero	3	mrna	mrna	3874
gdna_high_ss_0.99_nrna_zero	35	mrna	mrna	2173
gdna_high_ss_0.99_nrna_zero	45	mrna	mrna	34773
gdna_high_ss_0.99_nrna_zero	12	mrna	mrna	526
gdna_high_ss_0.99_nrna_zero	0	mrna	mrna	352
gdna_high_ss_0.99_nrna_zero	52	mrna	mrna	69035
gdna_high_ss_0.99_nrna_zero	8	mrna	mrna	124
gdna_high_ss_0.99_nrna_zero	49	mrna	mrna	37
gdna_high_ss_0.99_nrna_zero	48	mrna	mrna	10
gdna_high_ss_0.99_nrna_zero	42	mrna	nrna	912
gdna_high_ss_0.99_nrna_zero	4	mrna	mrna	83693
gdna_high_ss_0.99_nrna_zero	36	mrna	mrna	1126
gdna_high_ss_0.99_nrna_zero	-1	gdna	gdna	1991023
gdna_high_ss_0.99_nrna_zero	39	gdna	mrna	360
gdna_high_ss_0.99_nrna_zero	24	gdna	mrna	643
gdna_high_ss_0.99_nrna_zero	52	gdna	mrna	570
gdna_high_ss_0.99_nrna_zero	27	gdna	mrna	453
gdna_high_ss_0.99_nrna_zero	32	gdna	mrna	368
gdna_high_ss_0.99_nrna_zero	10	gdna	mrna	143
gdna_high_ss_0.99_nrna_zero	20	gdna	nrna	78
gdna_high_ss_0.99_nrna_zero	9	gdna	mrna	105
gdna_high_ss_0.99_nrna_zero	34	gdna	mrna	370
gdna_high_ss_0.99_nrna_zero	1	gdna	mrna	126
gdna_high_ss_0.99_nrna_zero	17	gdna	mrna	103
gdna_high_ss_0.99_nrna_zero	4	gdna	mrna	453
gdna_high_ss_0.99_nrna_zero	21	gdna	mrna	821
gdna_high_ss_0.99_nrna_zero	15	gdna	mrna	602
gdna_high_ss_0.99_nrna_zero	5	gdna	mrna	243
gdna_high_ss_0.99_nrna_zero	25	gdna	mrna	152
gdna_high_ss_0.99_nrna_zero	26	gdna	mrna	367
gdna_high_ss_0.99_nrna_zero	41	gdna	mrna	398
gdna_high_ss_0.99_nrna_zero	22	gdna	mrna	39
gdna_high_ss_0.99_nrna_zero	43	gdna	mrna	351
gdna_high_ss_0.99_nrna_zero	8	gdna	mrna	8
gdna_high_ss_0.99_nrna_zero	6	gdna	mrna	317
gdna_high_ss_0.99_nrna_zero	44	gdna	mrna	369
gdna_high_ss_0.99_nrna_zero	-1	gdna	unresolved	202
gdna_high_ss_0.99_nrna_zero	0	gdna	mrna	23
gdna_high_ss_0.99_nrna_zero	37	gdna	mrna	128
gdna_high_ss_0.99_nrna_zero	42	gdna	nrna	49
gdna_high_ss_0.99_nrna_zero	31	gdna	nrna	92
gdna_high_ss_0.99_nrna_zero	35	gdna	mrna	171
gdna_high_ss_0.99_nrna_zero	45	gdna	mrna	204
gdna_high_ss_0.99_nrna_zero	47	gdna	mrna	40
gdna_high_ss_0.99_nrna_zero	36	gdna	mrna	50
gdna_high_ss_0.99_nrna_zero	30	gdna	mrna	133
gdna_high_ss_0.99_nrna_zero	2	gdna	mrna	41
gdna_high_ss_0.99_nrna_zero	7	gdna	nrna	43
gdna_high_ss_0.99_nrna_zero	19	gdna	mrna	144
gdna_high_ss_0.99_nrna_zero	46	gdna	mrna	56
gdna_high_ss_0.99_nrna_zero	3	gdna	mrna	26
gdna_high_ss_0.99_nrna_zero	38	gdna	mrna	9
gdna_high_ss_0.99_nrna_zero	12	gdna	mrna	25
gdna_high_ss_0.99_nrna_zero	14	gdna	mrna	41
gdna_high_ss_0.99_nrna_zero	33	gdna	mrna	20
gdna_high_ss_0.99_nrna_zero	28	gdna	mrna	13
gdna_high_ss_0.99_nrna_zero	13	gdna	mrna	5
gdna_high_ss_0.99_nrna_zero	49	gdna	mrna	15
gdna_high_ss_0.99_nrna_zero	34	mrna	mrna	36319
gdna_high_ss_0.99_nrna_zero	43	mrna	mrna	14599
gdna_high_ss_0.99_nrna_zero	26	mrna	mrna	9152
gdna_high_ss_0.99_nrna_zero	10	mrna	mrna	8363
gdna_high_ss_0.99_nrna_zero	17	mrna	mrna	4557
gdna_high_ss_0.99_nrna_zero	20	mrna	nrna	3456
gdna_high_ss_0.99_nrna_zero	7	mrna	nrna	2173
gdna_high_ss_0.99_nrna_zero	19	mrna	mrna	1245
gdna_high_ss_0.99_nrna_zero	25	mrna	mrna	1442
gdna_high_ss_0.99_nrna_zero	14	mrna	mrna	123
gdna_high_ss_0.99_nrna_zero	15	mrna	mrna	178012
gdna_high_ss_0.99_nrna_zero	28	mrna	mrna	37
gdna_high_ss_0.99_nrna_zero	39	mrna	mrna	65974
gdna_high_ss_0.99_nrna_zero	13	mrna	mrna	19
gdna_high_ss_0.99_nrna_zero	1	mrna	mrna	4562
gdna_high_ss_0.99_nrna_zero	18	mrna	mrna	24
gdna_high_ss_0.99_nrna_zero	2	mrna	mrna	246
gdna_high_ss_0.99_nrna_zero	41	mrna	mrna	5896
gdna_high_ss_0.99_nrna_zero	48	gdna	mrna	2
gdna_high_ss_0.99_nrna_zero	18	gdna	mrna	4
gdna_high_ss_0.99_nrna_zero	21	mrna	mrna	78436
gdna_high_ss_0.99_nrna_zero	22	mrna	mrna	4378
gdna_high_ss_0.99_nrna_zero	31	mrna	nrna	4018
gdna_high_ss_0.99_nrna_zero	32	mrna	mrna	22837
gdna_high_ss_0.99_nrna_zero	33	mrna	mrna	434
gdna_high_ss_0.99_nrna_zero	47	mrna	mrna	191
gdna_high_ss_0.99_nrna_zero	38	mrna	mrna	10
gdna_high_ss_0.99_nrna_zero	23	gdna	nrna	2
gdna_high_ss_0.99_nrna_zero	37	mrna	mrna	621
gdna_high_ss_0.99_nrna_zero	46	mrna	mrna	93
gdna_zero_ss_0.50_nrna_low	23	mrna	mrna	107762
gdna_zero_ss_0.50_nrna_low	-1	mrna	gdna	18158
gdna_zero_ss_0.50_nrna_low	26	mrna	mrna	72809
gdna_zero_ss_0.50_nrna_low	28	mrna	mrna	35059
gdna_zero_ss_0.50_nrna_low	41	mrna	mrna	92199
gdna_zero_ss_0.50_nrna_low	5	mrna	mrna	10365
gdna_zero_ss_0.50_nrna_low	9	mrna	mrna	6906
gdna_zero_ss_0.50_nrna_low	6	mrna	mrna	12123
gdna_zero_ss_0.50_nrna_low	3	mrna	mrna	3895
gdna_zero_ss_0.50_nrna_low	33	mrna	mrna	2197
gdna_zero_ss_0.50_nrna_low	42	mrna	mrna	34996
gdna_zero_ss_0.50_nrna_low	12	mrna	mrna	547
gdna_zero_ss_0.50_nrna_low	0	mrna	mrna	353
gdna_zero_ss_0.50_nrna_low	47	mrna	mrna	69750
gdna_zero_ss_0.50_nrna_low	8	mrna	mrna	132
gdna_zero_ss_0.50_nrna_low	46	mrna	mrna	30
gdna_zero_ss_0.50_nrna_low	45	mrna	mrna	5
gdna_zero_ss_0.50_nrna_low	39	mrna	nrna	925
gdna_zero_ss_0.50_nrna_low	4	mrna	mrna	84272
gdna_zero_ss_0.50_nrna_low	34	mrna	mrna	1171
gdna_zero_ss_0.50_nrna_low	-1	nrna	gdna	48648
gdna_zero_ss_0.50_nrna_low	23	nrna	mrna	3042
gdna_zero_ss_0.50_nrna_low	10	nrna	mrna	101
gdna_zero_ss_0.50_nrna_low	25	nrna	mrna	130
gdna_zero_ss_0.50_nrna_low	34	nrna	mrna	16
gdna_zero_ss_0.50_nrna_low	5	nrna	mrna	335
gdna_zero_ss_0.50_nrna_low	35	nrna	mrna	3
gdna_zero_ss_0.50_nrna_low	44	nrna	mrna	5
gdna_zero_ss_0.50_nrna_low	-1	nrna	unresolved	7
gdna_zero_ss_0.50_nrna_low	43	nrna	mrna	1
gdna_zero_ss_0.50_nrna_low	4	nrna	mrna	29
gdna_zero_ss_0.50_nrna_low	32	mrna	mrna	36776
gdna_zero_ss_0.50_nrna_low	40	mrna	mrna	14549
gdna_zero_ss_0.50_nrna_low	25	mrna	mrna	9419
gdna_zero_ss_0.50_nrna_low	10	mrna	mrna	8426
gdna_zero_ss_0.50_nrna_low	16	mrna	mrna	4652
gdna_zero_ss_0.50_nrna_low	19	mrna	nrna	3521
gdna_zero_ss_0.50_nrna_low	7	mrna	nrna	2178
gdna_zero_ss_0.50_nrna_low	18	mrna	mrna	1231
gdna_zero_ss_0.50_nrna_low	24	mrna	mrna	1465
gdna_zero_ss_0.50_nrna_low	14	mrna	mrna	136
gdna_zero_ss_0.50_nrna_low	15	mrna	mrna	176307
gdna_zero_ss_0.50_nrna_low	27	mrna	mrna	29
gdna_zero_ss_0.50_nrna_low	37	mrna	mrna	66517
gdna_zero_ss_0.50_nrna_low	13	mrna	mrna	35
gdna_zero_ss_0.50_nrna_low	1	mrna	mrna	4618
gdna_zero_ss_0.50_nrna_low	17	mrna	mrna	23
gdna_zero_ss_0.50_nrna_low	2	mrna	mrna	244
gdna_zero_ss_0.50_nrna_low	38	mrna	mrna	6122
gdna_zero_ss_0.50_nrna_low	41	nrna	mrna	2053
gdna_zero_ss_0.50_nrna_low	20	nrna	mrna	1697
gdna_zero_ss_0.50_nrna_low	30	nrna	mrna	446
gdna_zero_ss_0.50_nrna_low	6	nrna	mrna	98
gdna_zero_ss_0.50_nrna_low	42	nrna	mrna	36
gdna_zero_ss_0.50_nrna_low	2	nrna	mrna	1
gdna_zero_ss_0.50_nrna_low	37	nrna	mrna	3
gdna_zero_ss_0.50_nrna_low	16	nrna	mrna	109
gdna_zero_ss_0.50_nrna_low	20	mrna	mrna	77385
gdna_zero_ss_0.50_nrna_low	21	mrna	mrna	4422
gdna_zero_ss_0.50_nrna_low	29	mrna	nrna	4068
gdna_zero_ss_0.50_nrna_low	30	mrna	mrna	22763
gdna_zero_ss_0.50_nrna_low	31	mrna	mrna	451
gdna_zero_ss_0.50_nrna_low	44	mrna	mrna	230
gdna_zero_ss_0.50_nrna_low	36	mrna	mrna	8
gdna_zero_ss_0.50_nrna_low	15	nrna	mrna	2083
gdna_zero_ss_0.50_nrna_low	47	nrna	mrna	118
gdna_zero_ss_0.50_nrna_low	8	nrna	mrna	5
gdna_zero_ss_0.50_nrna_low	35	mrna	mrna	690
gdna_zero_ss_0.50_nrna_low	43	mrna	mrna	81
gdna_zero_ss_0.50_nrna_low	1	nrna	mrna	100
gdna_zero_ss_0.50_nrna_low	40	nrna	mrna	190
gdna_zero_ss_0.50_nrna_low	0	nrna	mrna	4
gdna_zero_ss_0.50_nrna_low	3	nrna	mrna	1
gdna_zero_ss_0.99_nrna_low	23	mrna	mrna	108675
gdna_zero_ss_0.99_nrna_low	23	mrna	nrna	2747
gdna_zero_ss_0.99_nrna_low	-1	mrna	gdna	799
gdna_zero_ss_0.99_nrna_low	26	mrna	mrna	72869
gdna_zero_ss_0.99_nrna_low	28	mrna	mrna	35072
gdna_zero_ss_0.99_nrna_low	41	mrna	mrna	92437
gdna_zero_ss_0.99_nrna_low	41	mrna	nrna	2019
gdna_zero_ss_0.99_nrna_low	5	mrna	mrna	10519
gdna_zero_ss_0.99_nrna_low	5	mrna	nrna	336
gdna_zero_ss_0.99_nrna_low	9	mrna	mrna	7061
gdna_zero_ss_0.99_nrna_low	6	mrna	mrna	12546
gdna_zero_ss_0.99_nrna_low	3	mrna	mrna	3918
gdna_zero_ss_0.99_nrna_low	33	mrna	mrna	2493
gdna_zero_ss_0.99_nrna_low	42	mrna	mrna	34986
gdna_zero_ss_0.99_nrna_low	42	mrna	nrna	3
gdna_zero_ss_0.99_nrna_low	12	mrna	mrna	571
gdna_zero_ss_0.99_nrna_low	0	mrna	mrna	425
gdna_zero_ss_0.99_nrna_low	0	mrna	nrna	1
gdna_zero_ss_0.99_nrna_low	47	mrna	mrna	69847
gdna_zero_ss_0.99_nrna_low	8	mrna	mrna	153
gdna_zero_ss_0.99_nrna_low	46	mrna	mrna	60
gdna_zero_ss_0.99_nrna_low	45	mrna	mrna	27
gdna_zero_ss_0.99_nrna_low	8	mrna	nrna	4
gdna_zero_ss_0.99_nrna_low	39	mrna	nrna	973
gdna_zero_ss_0.99_nrna_low	4	mrna	mrna	84246
gdna_zero_ss_0.99_nrna_low	22	mrna	nrna	1
gdna_zero_ss_0.99_nrna_low	34	mrna	mrna	1220
gdna_zero_ss_0.99_nrna_low	23	nrna	nrna	11153
gdna_zero_ss_0.99_nrna_low	23	nrna	mrna	3082
gdna_zero_ss_0.99_nrna_low	-1	nrna	gdna	3123
gdna_zero_ss_0.99_nrna_low	10	nrna	nrna	481
gdna_zero_ss_0.99_nrna_low	10	nrna	mrna	102
gdna_zero_ss_0.99_nrna_low	25	nrna	nrna	764
gdna_zero_ss_0.99_nrna_low	25	nrna	mrna	138
gdna_zero_ss_0.99_nrna_low	34	nrna	nrna	218
gdna_zero_ss_0.99_nrna_low	34	nrna	mrna	17
gdna_zero_ss_0.99_nrna_low	5	nrna	nrna	2898
gdna_zero_ss_0.99_nrna_low	5	nrna	mrna	338
gdna_zero_ss_0.99_nrna_low	35	nrna	mrna	6
gdna_zero_ss_0.99_nrna_low	44	nrna	nrna	27
gdna_zero_ss_0.99_nrna_low	44	nrna	mrna	5
gdna_zero_ss_0.99_nrna_low	-1	nrna	unresolved	7
gdna_zero_ss_0.99_nrna_low	43	nrna	mrna	7
gdna_zero_ss_0.99_nrna_low	41	nrna	nrna	9756
gdna_zero_ss_0.99_nrna_low	4	nrna	mrna	29
gdna_zero_ss_0.99_nrna_low	32	mrna	mrna	36853
gdna_zero_ss_0.99_nrna_low	40	mrna	mrna	15184
gdna_zero_ss_0.99_nrna_low	25	mrna	mrna	9805
gdna_zero_ss_0.99_nrna_low	25	mrna	nrna	80
gdna_zero_ss_0.99_nrna_low	10	mrna	mrna	8571
gdna_zero_ss_0.99_nrna_low	10	mrna	nrna	67
gdna_zero_ss_0.99_nrna_low	16	mrna	mrna	4704
gdna_zero_ss_0.99_nrna_low	16	mrna	nrna	97
gdna_zero_ss_0.99_nrna_low	19	mrna	nrna	3613
gdna_zero_ss_0.99_nrna_low	7	mrna	nrna	2245
gdna_zero_ss_0.99_nrna_low	18	mrna	mrna	1553
gdna_zero_ss_0.99_nrna_low	24	mrna	mrna	1786
gdna_zero_ss_0.99_nrna_low	14	mrna	mrna	221
gdna_zero_ss_0.99_nrna_low	15	mrna	mrna	178657
gdna_zero_ss_0.99_nrna_low	27	mrna	mrna	88
gdna_zero_ss_0.99_nrna_low	37	mrna	mrna	66517
gdna_zero_ss_0.99_nrna_low	13	mrna	mrna	52
gdna_zero_ss_0.99_nrna_low	1	mrna	mrna	4707
gdna_zero_ss_0.99_nrna_low	1	mrna	nrna	113
gdna_zero_ss_0.99_nrna_low	17	mrna	mrna	38
gdna_zero_ss_0.99_nrna_low	2	mrna	mrna	318
gdna_zero_ss_0.99_nrna_low	38	mrna	mrna	6700
gdna_zero_ss_0.99_nrna_low	41	nrna	mrna	2068
gdna_zero_ss_0.99_nrna_low	20	nrna	nrna	3587
gdna_zero_ss_0.99_nrna_low	20	nrna	mrna	1419
gdna_zero_ss_0.99_nrna_low	30	nrna	nrna	1689
gdna_zero_ss_0.99_nrna_low	30	nrna	mrna	462
gdna_zero_ss_0.99_nrna_low	6	nrna	mrna	100
gdna_zero_ss_0.99_nrna_low	6	nrna	nrna	224
gdna_zero_ss_0.99_nrna_low	42	nrna	nrna	104
gdna_zero_ss_0.99_nrna_low	42	nrna	mrna	36
gdna_zero_ss_0.99_nrna_low	2	nrna	mrna	1
gdna_zero_ss_0.99_nrna_low	37	nrna	mrna	3
gdna_zero_ss_0.99_nrna_low	37	nrna	nrna	1
gdna_zero_ss_0.99_nrna_low	16	nrna	mrna	109
gdna_zero_ss_0.99_nrna_low	16	nrna	nrna	428
gdna_zero_ss_0.99_nrna_low	20	mrna	mrna	78613
gdna_zero_ss_0.99_nrna_low	20	mrna	nrna	1058
gdna_zero_ss_0.99_nrna_low	15	mrna	nrna	33
gdna_zero_ss_0.99_nrna_low	21	mrna	mrna	4463
gdna_zero_ss_0.99_nrna_low	29	mrna	nrna	4250
gdna_zero_ss_0.99_nrna_low	30	mrna	mrna	23295
gdna_zero_ss_0.99_nrna_low	30	mrna	nrna	265
gdna_zero_ss_0.99_nrna_low	34	mrna	nrna	18
gdna_zero_ss_0.99_nrna_low	31	mrna	mrna	479
gdna_zero_ss_0.99_nrna_low	44	mrna	mrna	304
gdna_zero_ss_0.99_nrna_low	44	mrna	nrna	5
gdna_zero_ss_0.99_nrna_low	36	mrna	mrna	32
gdna_zero_ss_0.99_nrna_low	15	nrna	nrna	12963
gdna_zero_ss_0.99_nrna_low	15	nrna	mrna	2124
gdna_zero_ss_0.99_nrna_low	47	nrna	nrna	216
gdna_zero_ss_0.99_nrna_low	47	nrna	mrna	118
gdna_zero_ss_0.99_nrna_low	4	nrna	nrna	9
gdna_zero_ss_0.99_nrna_low	8	nrna	nrna	16
gdna_zero_ss_0.99_nrna_low	8	nrna	mrna	6
gdna_zero_ss_0.99_nrna_low	46	nrna	nrna	1
gdna_zero_ss_0.99_nrna_low	46	nrna	mrna	2
gdna_zero_ss_0.99_nrna_low	40	mrna	nrna	6
gdna_zero_ss_0.99_nrna_low	35	mrna	mrna	974
gdna_zero_ss_0.99_nrna_low	43	mrna	mrna	226
gdna_zero_ss_0.99_nrna_low	11	mrna	mrna	2
gdna_zero_ss_0.99_nrna_low	1	nrna	mrna	102
gdna_zero_ss_0.99_nrna_low	1	nrna	nrna	767
gdna_zero_ss_0.99_nrna_low	40	nrna	nrna	291
gdna_zero_ss_0.99_nrna_low	40	nrna	mrna	159
gdna_zero_ss_0.99_nrna_low	0	nrna	nrna	94
gdna_zero_ss_0.99_nrna_low	0	nrna	mrna	5
gdna_zero_ss_0.99_nrna_low	27	nrna	mrna	1
gdna_zero_ss_0.99_nrna_low	27	nrna	nrna	4
gdna_zero_ss_0.99_nrna_low	3	nrna	mrna	1
gdna_low_ss_0.50_nrna_low	24	mrna	mrna	108594
gdna_low_ss_0.50_nrna_low	24	mrna	nrna	2444
gdna_low_ss_0.50_nrna_low	-1	mrna	gdna	8814
gdna_low_ss_0.50_nrna_low	27	mrna	mrna	72755
gdna_low_ss_0.50_nrna_low	30	mrna	mrna	35028
gdna_low_ss_0.50_nrna_low	44	mrna	mrna	94274
gdna_low_ss_0.50_nrna_low	44	mrna	nrna	28
gdna_low_ss_0.50_nrna_low	5	mrna	mrna	10448
gdna_low_ss_0.50_nrna_low	9	mrna	mrna	6953
gdna_low_ss_0.50_nrna_low	6	mrna	mrna	12157
gdna_low_ss_0.50_nrna_low	3	mrna	mrna	3890
gdna_low_ss_0.50_nrna_low	35	mrna	mrna	2295
gdna_low_ss_0.50_nrna_low	45	mrna	mrna	34939
gdna_low_ss_0.50_nrna_low	12	mrna	mrna	550
gdna_low_ss_0.50_nrna_low	0	mrna	mrna	365
gdna_low_ss_0.50_nrna_low	52	mrna	mrna	69638
gdna_low_ss_0.50_nrna_low	8	mrna	mrna	148
gdna_low_ss_0.50_nrna_low	49	mrna	mrna	33
gdna_low_ss_0.50_nrna_low	48	mrna	mrna	8
gdna_low_ss_0.50_nrna_low	42	mrna	nrna	929
gdna_low_ss_0.50_nrna_low	4	mrna	mrna	84113
gdna_low_ss_0.50_nrna_low	36	mrna	mrna	1162
gdna_low_ss_0.50_nrna_low	24	nrna	nrna	8970
gdna_low_ss_0.50_nrna_low	24	nrna	mrna	2951
gdna_low_ss_0.50_nrna_low	-1	nrna	gdna	19282
gdna_low_ss_0.50_nrna_low	10	nrna	mrna	107
gdna_low_ss_0.50_nrna_low	26	nrna	mrna	119
gdna_low_ss_0.50_nrna_low	36	nrna	mrna	13
gdna_low_ss_0.50_nrna_low	5	nrna	nrna	336
gdna_low_ss_0.50_nrna_low	5	nrna	mrna	322
gdna_low_ss_0.50_nrna_low	37	nrna	mrna	9
gdna_low_ss_0.50_nrna_low	47	nrna	mrna	4
gdna_low_ss_0.50_nrna_low	-1	nrna	unresolved	5
gdna_low_ss_0.50_nrna_low	46	nrna	mrna	1
gdna_low_ss_0.50_nrna_low	44	nrna	mrna	2033
gdna_low_ss_0.50_nrna_low	44	nrna	nrna	8022
gdna_low_ss_0.50_nrna_low	-1	gdna	gdna	247073
gdna_low_ss_0.50_nrna_low	32	gdna	mrna	97
gdna_low_ss_0.50_nrna_low	15	gdna	nrna	342
gdna_low_ss_0.50_nrna_low	4	gdna	mrna	90
gdna_low_ss_0.50_nrna_low	44	gdna	nrna	181
gdna_low_ss_0.50_nrna_low	26	gdna	mrna	65
gdna_low_ss_0.50_nrna_low	34	gdna	mrna	93
gdna_low_ss_0.50_nrna_low	-1	gdna	unresolved	21
gdna_low_ss_0.50_nrna_low	39	gdna	mrna	84
gdna_low_ss_0.50_nrna_low	41	gdna	mrna	105
gdna_low_ss_0.50_nrna_low	24	gdna	nrna	247
gdna_low_ss_0.50_nrna_low	31	gdna	nrna	22
gdna_low_ss_0.50_nrna_low	21	gdna	nrna	124
gdna_low_ss_0.50_nrna_low	1	gdna	mrna	36
gdna_low_ss_0.50_nrna_low	37	gdna	mrna	60
gdna_low_ss_0.50_nrna_low	6	gdna	mrna	85
gdna_low_ss_0.50_nrna_low	22	gdna	mrna	6
gdna_low_ss_0.50_nrna_low	12	gdna	mrna	11
gdna_low_ss_0.50_nrna_low	43	gdna	mrna	77
gdna_low_ss_0.50_nrna_low	27	gdna	mrna	86
gdna_low_ss_0.50_nrna_low	52	gdna	mrna	114
gdna_low_ss_0.50_nrna_low	21	gdna	mrna	168
gdna_low_ss_0.50_nrna_low	36	gdna	mrna	19
gdna_low_ss_0.50_nrna_low	5	gdna	mrna	48
gdna_low_ss_0.50_nrna_low	42	gdna	nrna	17
gdna_low_ss_0.50_nrna_low	15	gdna	mrna	104
gdna_low_ss_0.50_nrna_low	24	gdna	mrna	117
gdna_low_ss_0.50_nrna_low	20	gdna	nrna	20
gdna_low_ss_0.50_nrna_low	25	gdna	mrna	56
gdna_low_ss_0.50_nrna_low	44	gdna	mrna	68
gdna_low_ss_0.50_nrna_low	35	gdna	mrna	39
gdna_low_ss_0.50_nrna_low	30	gdna	mrna	17
gdna_low_ss_0.50_nrna_low	45	gdna	mrna	25
gdna_low_ss_0.50_nrna_low	47	gdna	mrna	12
gdna_low_ss_0.50_nrna_low	19	gdna	mrna	33
gdna_low_ss_0.50_nrna_low	10	gdna	mrna	26
gdna_low_ss_0.50_nrna_low	17	gdna	mrna	25
gdna_low_ss_0.50_nrna_low	46	gdna	mrna	10
gdna_low_ss_0.50_nrna_low	8	gdna	mrna	6
gdna_low_ss_0.50_nrna_low	33	gdna	mrna	5
gdna_low_ss_0.50_nrna_low	32	gdna	nrna	22
gdna_low_ss_0.50_nrna_low	17	gdna	nrna	12
gdna_low_ss_0.50_nrna_low	48	gdna	mrna	3
gdna_low_ss_0.50_nrna_low	9	gdna	mrna	18
gdna_low_ss_0.50_nrna_low	5	gdna	nrna	43
gdna_low_ss_0.50_nrna_low	11	gdna	mrna	4
gdna_low_ss_0.50_nrna_low	7	gdna	nrna	16
gdna_low_ss_0.50_nrna_low	2	gdna	mrna	11
gdna_low_ss_0.50_nrna_low	18	gdna	mrna	8
gdna_low_ss_0.50_nrna_low	13	gdna	mrna	2
gdna_low_ss_0.50_nrna_low	49	gdna	mrna	4
gdna_low_ss_0.50_nrna_low	3	gdna	mrna	5
gdna_low_ss_0.50_nrna_low	0	gdna	mrna	4
gdna_low_ss_0.50_nrna_low	34	mrna	mrna	36725
gdna_low_ss_0.50_nrna_low	43	mrna	mrna	14740
gdna_low_ss_0.50_nrna_low	26	mrna	mrna	9428
gdna_low_ss_0.50_nrna_low	10	mrna	mrna	8437
gdna_low_ss_0.50_nrna_low	17	mrna	mrna	4676
gdna_low_ss_0.50_nrna_low	20	mrna	nrna	3533
gdna_low_ss_0.50_nrna_low	7	mrna	nrna	2198
gdna_low_ss_0.50_nrna_low	19	mrna	mrna	1323
gdna_low_ss_0.50_nrna_low	25	mrna	mrna	1548
gdna_low_ss_0.50_nrna_low	14	mrna	mrna	130
gdna_low_ss_0.50_nrna_low	15	mrna	mrna	178479
gdna_low_ss_0.50_nrna_low	28	mrna	mrna	32
gdna_low_ss_0.50_nrna_low	39	mrna	mrna	66402
gdna_low_ss_0.50_nrna_low	13	mrna	mrna	30
gdna_low_ss_0.50_nrna_low	1	mrna	mrna	4616
gdna_low_ss_0.50_nrna_low	18	mrna	mrna	24
gdna_low_ss_0.50_nrna_low	2	mrna	mrna	241
gdna_low_ss_0.50_nrna_low	41	mrna	mrna	6231
gdna_low_ss_0.50_nrna_low	21	nrna	mrna	1666
gdna_low_ss_0.50_nrna_low	21	nrna	nrna	2122
gdna_low_ss_0.50_nrna_low	32	nrna	mrna	481
gdna_low_ss_0.50_nrna_low	32	nrna	nrna	180
gdna_low_ss_0.50_nrna_low	6	nrna	mrna	94
gdna_low_ss_0.50_nrna_low	45	nrna	mrna	46
gdna_low_ss_0.50_nrna_low	2	nrna	mrna	2
gdna_low_ss_0.50_nrna_low	39	nrna	mrna	2
gdna_low_ss_0.50_nrna_low	4	nrna	mrna	29
gdna_low_ss_0.50_nrna_low	17	nrna	mrna	105
gdna_low_ss_0.50_nrna_low	14	gdna	mrna	8
gdna_low_ss_0.50_nrna_low	38	gdna	mrna	3
gdna_low_ss_0.50_nrna_low	21	mrna	mrna	78413
gdna_low_ss_0.50_nrna_low	21	mrna	nrna	267
gdna_low_ss_0.50_nrna_low	22	mrna	mrna	4432
gdna_low_ss_0.50_nrna_low	31	mrna	nrna	4125
gdna_low_ss_0.50_nrna_low	32	mrna	mrna	22941
gdna_low_ss_0.50_nrna_low	32	mrna	nrna	1
gdna_low_ss_0.50_nrna_low	33	mrna	mrna	445
gdna_low_ss_0.50_nrna_low	47	mrna	mrna	225
gdna_low_ss_0.50_nrna_low	38	mrna	mrna	17
gdna_low_ss_0.50_nrna_low	15	nrna	nrna	9829
gdna_low_ss_0.50_nrna_low	15	nrna	mrna	2041
gdna_low_ss_0.50_nrna_low	17	nrna	nrna	93
gdna_low_ss_0.50_nrna_low	52	nrna	mrna	103
gdna_low_ss_0.50_nrna_low	8	nrna	mrna	4
gdna_low_ss_0.50_nrna_low	22	nrna	mrna	1
gdna_low_ss_0.50_nrna_low	28	gdna	mrna	3
gdna_low_ss_0.50_nrna_low	37	mrna	mrna	691
gdna_low_ss_0.50_nrna_low	46	mrna	mrna	84
gdna_low_ss_0.50_nrna_low	11	mrna	mrna	1
gdna_low_ss_0.50_nrna_low	1	nrna	mrna	84
gdna_low_ss_0.50_nrna_low	43	nrna	mrna	204
gdna_low_ss_0.50_nrna_low	0	nrna	mrna	1
gdna_low_ss_0.99_nrna_low	24	mrna	mrna	108238
gdna_low_ss_0.99_nrna_low	24	mrna	nrna	3063
gdna_low_ss_0.99_nrna_low	-1	mrna	gdna	3157
gdna_low_ss_0.99_nrna_low	27	mrna	mrna	72770
gdna_low_ss_0.99_nrna_low	30	mrna	mrna	35043
gdna_low_ss_0.99_nrna_low	44	mrna	mrna	94355
gdna_low_ss_0.99_nrna_low	44	mrna	nrna	42
gdna_low_ss_0.99_nrna_low	5	mrna	mrna	10580
gdna_low_ss_0.99_nrna_low	5	mrna	nrna	198
gdna_low_ss_0.99_nrna_low	9	mrna	mrna	7030
gdna_low_ss_0.99_nrna_low	6	mrna	mrna	12439
gdna_low_ss_0.99_nrna_low	3	mrna	mrna	3912
gdna_low_ss_0.99_nrna_low	35	mrna	mrna	2410
gdna_low_ss_0.99_nrna_low	45	mrna	mrna	34963
gdna_low_ss_0.99_nrna_low	12	mrna	mrna	560
gdna_low_ss_0.99_nrna_low	0	mrna	mrna	390
gdna_low_ss_0.99_nrna_low	0	mrna	nrna	8
gdna_low_ss_0.99_nrna_low	52	mrna	mrna	69732
gdna_low_ss_0.99_nrna_low	8	mrna	mrna	157
gdna_low_ss_0.99_nrna_low	49	mrna	mrna	47
gdna_low_ss_0.99_nrna_low	48	mrna	mrna	16
gdna_low_ss_0.99_nrna_low	42	mrna	nrna	965
gdna_low_ss_0.99_nrna_low	4	mrna	mrna	84184
gdna_low_ss_0.99_nrna_low	36	mrna	mrna	1214
gdna_low_ss_0.99_nrna_low	24	nrna	nrna	10978
gdna_low_ss_0.99_nrna_low	24	nrna	mrna	2949
gdna_low_ss_0.99_nrna_low	-1	nrna	gdna	6845
gdna_low_ss_0.99_nrna_low	10	nrna	nrna	371
gdna_low_ss_0.99_nrna_low	10	nrna	mrna	108
gdna_low_ss_0.99_nrna_low	26	nrna	nrna	255
gdna_low_ss_0.99_nrna_low	26	nrna	mrna	131
gdna_low_ss_0.99_nrna_low	36	nrna	nrna	66
gdna_low_ss_0.99_nrna_low	36	nrna	mrna	15
gdna_low_ss_0.99_nrna_low	5	nrna	nrna	2406
gdna_low_ss_0.99_nrna_low	5	nrna	mrna	331
gdna_low_ss_0.99_nrna_low	37	nrna	mrna	15
gdna_low_ss_0.99_nrna_low	47	nrna	mrna	9
gdna_low_ss_0.99_nrna_low	-1	nrna	unresolved	5
gdna_low_ss_0.99_nrna_low	46	nrna	mrna	3
gdna_low_ss_0.99_nrna_low	44	nrna	mrna	2037
gdna_low_ss_0.99_nrna_low	44	nrna	nrna	9422
gdna_low_ss_0.99_nrna_low	-1	gdna	gdna	246808
gdna_low_ss_0.99_nrna_low	32	gdna	mrna	74
gdna_low_ss_0.99_nrna_low	34	gdna	mrna	77
gdna_low_ss_0.99_nrna_low	-1	gdna	unresolved	21
gdna_low_ss_0.99_nrna_low	39	gdna	mrna	69
gdna_low_ss_0.99_nrna_low	31	gdna	nrna	15
gdna_low_ss_0.99_nrna_low	26	gdna	mrna	48
gdna_low_ss_0.99_nrna_low	21	gdna	nrna	241
gdna_low_ss_0.99_nrna_low	1	gdna	mrna	25
gdna_low_ss_0.99_nrna_low	5	gdna	nrna	184
gdna_low_ss_0.99_nrna_low	44	gdna	nrna	148
gdna_low_ss_0.99_nrna_low	6	gdna	mrna	65
gdna_low_ss_0.99_nrna_low	22	gdna	mrna	4
gdna_low_ss_0.99_nrna_low	15	gdna	nrna	311
gdna_low_ss_0.99_nrna_low	32	gdna	nrna	86
gdna_low_ss_0.99_nrna_low	43	gdna	mrna	67
gdna_low_ss_0.99_nrna_low	27	gdna	mrna	75
gdna_low_ss_0.99_nrna_low	52	gdna	mrna	104
gdna_low_ss_0.99_nrna_low	21	gdna	mrna	140
gdna_low_ss_0.99_nrna_low	47	gdna	mrna	17
gdna_low_ss_0.99_nrna_low	5	gdna	mrna	51
gdna_low_ss_0.99_nrna_low	19	gdna	mrna	24
gdna_low_ss_0.99_nrna_low	45	gdna	nrna	17
gdna_low_ss_0.99_nrna_low	17	gdna	nrna	40
gdna_low_ss_0.99_nrna_low	1	gdna	nrna	70
gdna_low_ss_0.99_nrna_low	0	gdna	mrna	7
gdna_low_ss_0.99_nrna_low	15	gdna	mrna	91
gdna_low_ss_0.99_nrna_low	26	gdna	nrna	69
gdna_low_ss_0.99_nrna_low	24	gdna	mrna	112
gdna_low_ss_0.99_nrna_low	24	gdna	nrna	210
gdna_low_ss_0.99_nrna_low	42	gdna	nrna	13
gdna_low_ss_0.99_nrna_low	20	gdna	nrna	16
gdna_low_ss_0.99_nrna_low	43	gdna	nrna	35
gdna_low_ss_0.99_nrna_low	25	gdna	mrna	40
gdna_low_ss_0.99_nrna_low	44	gdna	mrna	60
gdna_low_ss_0.99_nrna_low	46	gdna	mrna	23
gdna_low_ss_0.99_nrna_low	38	gdna	mrna	9
gdna_low_ss_0.99_nrna_low	41	gdna	mrna	76
gdna_low_ss_0.99_nrna_low	30	gdna	mrna	15
gdna_low_ss_0.99_nrna_low	45	gdna	mrna	22
gdna_low_ss_0.99_nrna_low	33	gdna	mrna	5
gdna_low_ss_0.99_nrna_low	52	gdna	nrna	22
gdna_low_ss_0.99_nrna_low	36	gdna	mrna	15
gdna_low_ss_0.99_nrna_low	37	gdna	mrna	47
gdna_low_ss_0.99_nrna_low	2	gdna	mrna	11
gdna_low_ss_0.99_nrna_low	10	gdna	nrna	48
gdna_low_ss_0.99_nrna_low	17	gdna	mrna	20
gdna_low_ss_0.99_nrna_low	4	gdna	mrna	68
gdna_low_ss_0.99_nrna_low	6	gdna	nrna	20
gdna_low_ss_0.99_nrna_low	28	gdna	mrna	9
gdna_low_ss_0.99_nrna_low	13	gdna	mrna	3
gdna_low_ss_0.99_nrna_low	10	gdna	mrna	25
gdna_low_ss_0.99_nrna_low	36	gdna	nrna	16
gdna_low_ss_0.99_nrna_low	14	gdna	mrna	8
gdna_low_ss_0.99_nrna_low	23	gdna	nrna	1
gdna_low_ss_0.99_nrna_low	3	gdna	mrna	5
gdna_low_ss_0.99_nrna_low	35	gdna	mrna	27
gdna_low_ss_0.99_nrna_low	9	gdna	mrna	15
gdna_low_ss_0.99_nrna_low	8	gdna	nrna	2
gdna_low_ss_0.99_nrna_low	7	gdna	nrna	13
gdna_low_ss_0.99_nrna_low	12	gdna	mrna	7
gdna_low_ss_0.99_nrna_low	48	gdna	mrna	6
gdna_low_ss_0.99_nrna_low	18	gdna	mrna	6
gdna_low_ss_0.99_nrna_low	8	gdna	mrna	3
gdna_low_ss_0.99_nrna_low	34	mrna	mrna	36765
gdna_low_ss_0.99_nrna_low	43	mrna	mrna	15008
gdna_low_ss_0.99_nrna_low	43	mrna	nrna	105
gdna_low_ss_0.99_nrna_low	26	mrna	mrna	9726
gdna_low_ss_0.99_nrna_low	10	mrna	mrna	8596
gdna_low_ss_0.99_nrna_low	17	mrna	mrna	4692
gdna_low_ss_0.99_nrna_low	17	mrna	nrna	79
gdna_low_ss_0.99_nrna_low	20	mrna	nrna	3601
gdna_low_ss_0.99_nrna_low	7	mrna	nrna	2239
gdna_low_ss_0.99_nrna_low	19	mrna	mrna	1475
gdna_low_ss_0.99_nrna_low	25	mrna	mrna	1704
gdna_low_ss_0.99_nrna_low	45	mrna	nrna	1
gdna_low_ss_0.99_nrna_low	14	mrna	mrna	185
gdna_low_ss_0.99_nrna_low	15	mrna	mrna	178566
gdna_low_ss_0.99_nrna_low	28	mrna	mrna	63
gdna_low_ss_0.99_nrna_low	39	mrna	mrna	66459
gdna_low_ss_0.99_nrna_low	13	mrna	mrna	50
gdna_low_ss_0.99_nrna_low	1	mrna	mrna	4708
gdna_low_ss_0.99_nrna_low	18	mrna	mrna	24
gdna_low_ss_0.99_nrna_low	2	mrna	mrna	288
gdna_low_ss_0.99_nrna_low	41	mrna	mrna	6537
gdna_low_ss_0.99_nrna_low	21	nrna	nrna	3639
gdna_low_ss_0.99_nrna_low	21	nrna	mrna	1367
gdna_low_ss_0.99_nrna_low	32	nrna	nrna	1376
gdna_low_ss_0.99_nrna_low	32	nrna	mrna	493
gdna_low_ss_0.99_nrna_low	6	nrna	mrna	100
gdna_low_ss_0.99_nrna_low	6	nrna	nrna	98
gdna_low_ss_0.99_nrna_low	45	nrna	nrna	49
gdna_low_ss_0.99_nrna_low	45	nrna	mrna	46
gdna_low_ss_0.99_nrna_low	2	nrna	mrna	2
gdna_low_ss_0.99_nrna_low	39	nrna	mrna	3
gdna_low_ss_0.99_nrna_low	4	nrna	mrna	29
gdna_low_ss_0.99_nrna_low	17	nrna	nrna	357
gdna_low_ss_0.99_nrna_low	17	nrna	mrna	101
gdna_low_ss_0.99_nrna_low	0	gdna	nrna	14
gdna_low_ss_0.99_nrna_low	49	gdna	mrna	4
gdna_low_ss_0.99_nrna_low	21	mrna	mrna	78507
gdna_low_ss_0.99_nrna_low	21	mrna	nrna	1079
gdna_low_ss_0.99_nrna_low	15	mrna	nrna	19
gdna_low_ss_0.99_nrna_low	22	mrna	mrna	4455
gdna_low_ss_0.99_nrna_low	31	mrna	nrna	4228
gdna_low_ss_0.99_nrna_low	32	mrna	mrna	23209
gdna_low_ss_0.99_nrna_low	32	mrna	nrna	257
gdna_low_ss_0.99_nrna_low	10	mrna	nrna	4
gdna_low_ss_0.99_nrna_low	33	mrna	mrna	470
gdna_low_ss_0.99_nrna_low	47	mrna	mrna	286
gdna_low_ss_0.99_nrna_low	38	mrna	mrna	25
gdna_low_ss_0.99_nrna_low	15	nrna	nrna	12345
gdna_low_ss_0.99_nrna_low	15	nrna	mrna	2049
gdna_low_ss_0.99_nrna_low	52	nrna	mrna	104
gdna_low_ss_0.99_nrna_low	52	nrna	nrna	68
gdna_low_ss_0.99_nrna_low	8	nrna	mrna	6
gdna_low_ss_0.99_nrna_low	8	nrna	nrna	4
gdna_low_ss_0.99_nrna_low	22	nrna	mrna	1
gdna_low_ss_0.99_nrna_low	11	gdna	mrna	1
gdna_low_ss_0.99_nrna_low	1	mrna	nrna	66
gdna_low_ss_0.99_nrna_low	37	mrna	mrna	895
gdna_low_ss_0.99_nrna_low	46	mrna	mrna	155
gdna_low_ss_0.99_nrna_low	11	mrna	mrna	1
gdna_low_ss_0.99_nrna_low	1	nrna	nrna	509
gdna_low_ss_0.99_nrna_low	1	nrna	mrna	87
gdna_low_ss_0.99_nrna_low	43	nrna	mrna	162
gdna_low_ss_0.99_nrna_low	43	nrna	nrna	261
gdna_low_ss_0.99_nrna_low	0	nrna	nrna	55
gdna_low_ss_0.99_nrna_low	0	nrna	mrna	2
gdna_low_ss_0.99_nrna_low	28	nrna	mrna	2
gdna_med_ss_0.50_nrna_low	24	mrna	mrna	108133
gdna_med_ss_0.50_nrna_low	24	mrna	nrna	2236
gdna_med_ss_0.50_nrna_low	-1	mrna	gdna	17710
gdna_med_ss_0.50_nrna_low	27	mrna	mrna	72406
gdna_med_ss_0.50_nrna_low	30	mrna	mrna	34940
gdna_med_ss_0.50_nrna_low	44	mrna	mrna	93994
gdna_med_ss_0.50_nrna_low	44	mrna	nrna	17
gdna_med_ss_0.50_nrna_low	5	mrna	mrna	10206
gdna_med_ss_0.50_nrna_low	9	mrna	mrna	6816
gdna_med_ss_0.50_nrna_low	6	mrna	mrna	11817
gdna_med_ss_0.50_nrna_low	3	mrna	mrna	3867
gdna_med_ss_0.50_nrna_low	35	mrna	mrna	2071
gdna_med_ss_0.50_nrna_low	45	mrna	mrna	34807
gdna_med_ss_0.50_nrna_low	12	mrna	mrna	525
gdna_med_ss_0.50_nrna_low	0	mrna	mrna	346
gdna_med_ss_0.50_nrna_low	52	mrna	mrna	68856
gdna_med_ss_0.50_nrna_low	8	mrna	mrna	136
gdna_med_ss_0.50_nrna_low	49	mrna	mrna	29
gdna_med_ss_0.50_nrna_low	48	mrna	mrna	7
gdna_med_ss_0.50_nrna_low	42	mrna	nrna	892
gdna_med_ss_0.50_nrna_low	4	mrna	mrna	83774
gdna_med_ss_0.50_nrna_low	36	mrna	mrna	1087
gdna_med_ss_0.50_nrna_low	24	nrna	mrna	3048
gdna_med_ss_0.50_nrna_low	24	nrna	nrna	7682
gdna_med_ss_0.50_nrna_low	-1	nrna	gdna	24768
gdna_med_ss_0.50_nrna_low	10	nrna	mrna	92
gdna_med_ss_0.50_nrna_low	26	nrna	mrna	113
gdna_med_ss_0.50_nrna_low	36	nrna	mrna	14
gdna_med_ss_0.50_nrna_low	5	nrna	mrna	338
gdna_med_ss_0.50_nrna_low	37	nrna	mrna	8
gdna_med_ss_0.50_nrna_low	47	nrna	mrna	8
gdna_med_ss_0.50_nrna_low	-1	nrna	unresolved	10
gdna_med_ss_0.50_nrna_low	44	nrna	mrna	2059
gdna_med_ss_0.50_nrna_low	-1	gdna	gdna	990641
gdna_med_ss_0.50_nrna_low	39	gdna	mrna	288
gdna_med_ss_0.50_nrna_low	5	gdna	mrna	201
gdna_med_ss_0.50_nrna_low	24	gdna	nrna	727
gdna_med_ss_0.50_nrna_low	44	gdna	nrna	525
gdna_med_ss_0.50_nrna_low	15	gdna	nrna	1055
gdna_med_ss_0.50_nrna_low	4	gdna	mrna	330
gdna_med_ss_0.50_nrna_low	10	gdna	mrna	120
gdna_med_ss_0.50_nrna_low	35	gdna	mrna	164
gdna_med_ss_0.50_nrna_low	21	gdna	mrna	618
gdna_med_ss_0.50_nrna_low	52	gdna	mrna	454
gdna_med_ss_0.50_nrna_low	44	gdna	mrna	242
gdna_med_ss_0.50_nrna_low	27	gdna	mrna	299
gdna_med_ss_0.50_nrna_low	30	gdna	mrna	88
gdna_med_ss_0.50_nrna_low	1	gdna	mrna	122
gdna_med_ss_0.50_nrna_low	43	gdna	mrna	240
gdna_med_ss_0.50_nrna_low	41	gdna	mrna	341
gdna_med_ss_0.50_nrna_low	32	gdna	mrna	282
gdna_med_ss_0.50_nrna_low	9	gdna	mrna	101
gdna_med_ss_0.50_nrna_low	20	gdna	nrna	61
gdna_med_ss_0.50_nrna_low	21	gdna	nrna	260
gdna_med_ss_0.50_nrna_low	8	gdna	mrna	9
gdna_med_ss_0.50_nrna_low	19	gdna	mrna	134
gdna_med_ss_0.50_nrna_low	15	gdna	mrna	398
gdna_med_ss_0.50_nrna_low	34	gdna	mrna	268
gdna_med_ss_0.50_nrna_low	6	gdna	mrna	237
gdna_med_ss_0.50_nrna_low	24	gdna	mrna	405
gdna_med_ss_0.50_nrna_low	47	gdna	mrna	45
gdna_med_ss_0.50_nrna_low	42	gdna	nrna	36
gdna_med_ss_0.50_nrna_low	26	gdna	mrna	316
gdna_med_ss_0.50_nrna_low	22	gdna	mrna	36
gdna_med_ss_0.50_nrna_low	36	gdna	mrna	44
gdna_med_ss_0.50_nrna_low	25	gdna	mrna	115
gdna_med_ss_0.50_nrna_low	-1	gdna	unresolved	83
gdna_med_ss_0.50_nrna_low	45	gdna	mrna	131
gdna_med_ss_0.50_nrna_low	37	gdna	mrna	129
gdna_med_ss_0.50_nrna_low	17	gdna	mrna	109
gdna_med_ss_0.50_nrna_low	33	gdna	mrna	25
gdna_med_ss_0.50_nrna_low	31	gdna	nrna	90
gdna_med_ss_0.50_nrna_low	7	gdna	nrna	45
gdna_med_ss_0.50_nrna_low	14	gdna	mrna	28
gdna_med_ss_0.50_nrna_low	0	gdna	mrna	23
gdna_med_ss_0.50_nrna_low	12	gdna	mrna	25
gdna_med_ss_0.50_nrna_low	2	gdna	mrna	28
gdna_med_ss_0.50_nrna_low	46	gdna	mrna	27
gdna_med_ss_0.50_nrna_low	3	gdna	mrna	19
gdna_med_ss_0.50_nrna_low	48	gdna	mrna	4
gdna_med_ss_0.50_nrna_low	38	gdna	mrna	6
gdna_med_ss_0.50_nrna_low	28	gdna	mrna	13
gdna_med_ss_0.50_nrna_low	49	gdna	mrna	6
gdna_med_ss_0.50_nrna_low	34	mrna	mrna	36205
gdna_med_ss_0.50_nrna_low	43	mrna	mrna	14472
gdna_med_ss_0.50_nrna_low	26	mrna	mrna	9042
gdna_med_ss_0.50_nrna_low	10	mrna	mrna	8298
gdna_med_ss_0.50_nrna_low	17	mrna	mrna	4516
gdna_med_ss_0.50_nrna_low	20	mrna	nrna	3483
gdna_med_ss_0.50_nrna_low	7	mrna	nrna	2157
gdna_med_ss_0.50_nrna_low	19	mrna	mrna	1172
gdna_med_ss_0.50_nrna_low	25	mrna	mrna	1391
gdna_med_ss_0.50_nrna_low	14	mrna	mrna	118
gdna_med_ss_0.50_nrna_low	15	mrna	mrna	178040
gdna_med_ss_0.50_nrna_low	28	mrna	mrna	20
gdna_med_ss_0.50_nrna_low	39	mrna	mrna	66054
gdna_med_ss_0.50_nrna_low	13	mrna	mrna	19
gdna_med_ss_0.50_nrna_low	1	mrna	mrna	4471
gdna_med_ss_0.50_nrna_low	18	mrna	mrna	18
gdna_med_ss_0.50_nrna_low	2	mrna	mrna	205
gdna_med_ss_0.50_nrna_low	41	mrna	mrna	5782
gdna_med_ss_0.50_nrna_low	44	nrna	nrna	7018
gdna_med_ss_0.50_nrna_low	21	nrna	nrna	1249
gdna_med_ss_0.50_nrna_low	21	nrna	mrna	1696
gdna_med_ss_0.50_nrna_low	32	nrna	mrna	480
gdna_med_ss_0.50_nrna_low	6	nrna	mrna	109
gdna_med_ss_0.50_nrna_low	45	nrna	mrna	32
gdna_med_ss_0.50_nrna_low	2	nrna	mrna	2
gdna_med_ss_0.50_nrna_low	39	nrna	mrna	3
gdna_med_ss_0.50_nrna_low	4	nrna	mrna	25
gdna_med_ss_0.50_nrna_low	18	gdna	mrna	1
gdna_med_ss_0.50_nrna_low	13	gdna	mrna	5
gdna_med_ss_0.50_nrna_low	21	mrna	mrna	77576
gdna_med_ss_0.50_nrna_low	21	mrna	nrna	78
gdna_med_ss_0.50_nrna_low	22	mrna	mrna	4374
gdna_med_ss_0.50_nrna_low	31	mrna	nrna	4023
gdna_med_ss_0.50_nrna_low	32	mrna	mrna	22550
gdna_med_ss_0.50_nrna_low	33	mrna	mrna	437
gdna_med_ss_0.50_nrna_low	47	mrna	mrna	175
gdna_med_ss_0.50_nrna_low	38	mrna	mrna	12
gdna_med_ss_0.50_nrna_low	15	nrna	mrna	2145
gdna_med_ss_0.50_nrna_low	15	nrna	nrna	7876
gdna_med_ss_0.50_nrna_low	17	nrna	mrna	97
gdna_med_ss_0.50_nrna_low	52	nrna	mrna	104
gdna_med_ss_0.50_nrna_low	8	nrna	mrna	2
gdna_med_ss_0.50_nrna_low	23	gdna	nrna	1
gdna_med_ss_0.50_nrna_low	37	mrna	mrna	564
gdna_med_ss_0.50_nrna_low	46	mrna	mrna	76
gdna_med_ss_0.50_nrna_low	1	nrna	mrna	81
gdna_med_ss_0.50_nrna_low	43	nrna	mrna	198
gdna_med_ss_0.50_nrna_low	0	nrna	mrna	4
gdna_med_ss_0.99_nrna_low	24	mrna	mrna	108192
gdna_med_ss_0.99_nrna_low	24	mrna	nrna	2743
gdna_med_ss_0.99_nrna_low	-1	mrna	gdna	9352
gdna_med_ss_0.99_nrna_low	27	mrna	mrna	72565
gdna_med_ss_0.99_nrna_low	30	mrna	mrna	34978
gdna_med_ss_0.99_nrna_low	44	mrna	mrna	94163
gdna_med_ss_0.99_nrna_low	44	mrna	nrna	33
gdna_med_ss_0.99_nrna_low	5	mrna	mrna	10394
gdna_med_ss_0.99_nrna_low	5	mrna	nrna	157
gdna_med_ss_0.99_nrna_low	9	mrna	mrna	6934
gdna_med_ss_0.99_nrna_low	6	mrna	mrna	12166
gdna_med_ss_0.99_nrna_low	3	mrna	mrna	3891
gdna_med_ss_0.99_nrna_low	35	mrna	mrna	2295
gdna_med_ss_0.99_nrna_low	45	mrna	mrna	34846
gdna_med_ss_0.99_nrna_low	12	mrna	mrna	542
gdna_med_ss_0.99_nrna_low	0	mrna	mrna	367
gdna_med_ss_0.99_nrna_low	52	mrna	mrna	69428
gdna_med_ss_0.99_nrna_low	8	mrna	mrna	138
gdna_med_ss_0.99_nrna_low	49	mrna	mrna	32
gdna_med_ss_0.99_nrna_low	48	mrna	mrna	10
gdna_med_ss_0.99_nrna_low	42	mrna	nrna	934
gdna_med_ss_0.99_nrna_low	4	mrna	mrna	83935
gdna_med_ss_0.99_nrna_low	23	mrna	nrna	1
gdna_med_ss_0.99_nrna_low	36	mrna	mrna	1164
gdna_med_ss_0.99_nrna_low	24	nrna	mrna	3046
gdna_med_ss_0.99_nrna_low	24	nrna	nrna	9935
gdna_med_ss_0.99_nrna_low	-1	nrna	gdna	13786
gdna_med_ss_0.99_nrna_low	10	nrna	mrna	94
gdna_med_ss_0.99_nrna_low	10	nrna	nrna	187
gdna_med_ss_0.99_nrna_low	26	nrna	mrna	121
gdna_med_ss_0.99_nrna_low	36	nrna	mrna	17
gdna_med_ss_0.99_nrna_low	5	nrna	nrna	1520
gdna_med_ss_0.99_nrna_low	5	nrna	mrna	340
gdna_med_ss_0.99_nrna_low	37	nrna	mrna	8
gdna_med_ss_0.99_nrna_low	47	nrna	mrna	10
gdna_med_ss_0.99_nrna_low	-1	nrna	unresolved	10
gdna_med_ss_0.99_nrna_low	46	nrna	mrna	1
gdna_med_ss_0.99_nrna_low	44	nrna	nrna	8799
gdna_med_ss_0.99_nrna_low	44	nrna	mrna	2065
gdna_med_ss_0.99_nrna_low	-1	gdna	gdna	991782
gdna_med_ss_0.99_nrna_low	39	gdna	mrna	237
gdna_med_ss_0.99_nrna_low	15	gdna	mrna	327
gdna_med_ss_0.99_nrna_low	5	gdna	mrna	130
gdna_med_ss_0.99_nrna_low	33	gdna	mrna	16
gdna_med_ss_0.99_nrna_low	15	gdna	nrna	844
gdna_med_ss_0.99_nrna_low	10	gdna	mrna	96
gdna_med_ss_0.99_nrna_low	21	gdna	nrna	479
gdna_med_ss_0.99_nrna_low	41	gdna	mrna	222
gdna_med_ss_0.99_nrna_low	47	gdna	mrna	29
gdna_med_ss_0.99_nrna_low	52	gdna	mrna	343
gdna_med_ss_0.99_nrna_low	44	gdna	mrna	203
gdna_med_ss_0.99_nrna_low	27	gdna	mrna	231
gdna_med_ss_0.99_nrna_low	30	gdna	mrna	69
gdna_med_ss_0.99_nrna_low	43	gdna	mrna	167
gdna_med_ss_0.99_nrna_low	44	gdna	nrna	438
gdna_med_ss_0.99_nrna_low	35	gdna	mrna	121
gdna_med_ss_0.99_nrna_low	9	gdna	mrna	78
gdna_med_ss_0.99_nrna_low	17	gdna	mrna	71
gdna_med_ss_0.99_nrna_low	37	gdna	mrna	117
gdna_med_ss_0.99_nrna_low	20	gdna	nrna	44
gdna_med_ss_0.99_nrna_low	17	gdna	nrna	62
gdna_med_ss_0.99_nrna_low	24	gdna	nrna	556
gdna_med_ss_0.99_nrna_low	4	gdna	mrna	276
gdna_med_ss_0.99_nrna_low	21	gdna	mrna	453
gdna_med_ss_0.99_nrna_low	32	gdna	nrna	189
gdna_med_ss_0.99_nrna_low	6	gdna	mrna	171
gdna_med_ss_0.99_nrna_low	34	gdna	mrna	193
gdna_med_ss_0.99_nrna_low	32	gdna	mrna	197
gdna_med_ss_0.99_nrna_low	19	gdna	mrna	105
gdna_med_ss_0.99_nrna_low	1	gdna	mrna	69
gdna_med_ss_0.99_nrna_low	42	gdna	nrna	29
gdna_med_ss_0.99_nrna_low	24	gdna	mrna	314
gdna_med_ss_0.99_nrna_low	26	gdna	mrna	207
gdna_med_ss_0.99_nrna_low	36	gdna	mrna	27
gdna_med_ss_0.99_nrna_low	-1	gdna	unresolved	83
gdna_med_ss_0.99_nrna_low	45	gdna	mrna	106
gdna_med_ss_0.99_nrna_low	5	gdna	nrna	356
gdna_med_ss_0.99_nrna_low	12	gdna	mrna	19
gdna_med_ss_0.99_nrna_low	14	gdna	mrna	25
gdna_med_ss_0.99_nrna_low	1	gdna	nrna	56
gdna_med_ss_0.99_nrna_low	25	gdna	mrna	93
gdna_med_ss_0.99_nrna_low	10	gdna	nrna	65
gdna_med_ss_0.99_nrna_low	43	gdna	nrna	46
gdna_med_ss_0.99_nrna_low	31	gdna	nrna	58
gdna_med_ss_0.99_nrna_low	28	gdna	mrna	23
gdna_med_ss_0.99_nrna_low	2	gdna	mrna	17
gdna_med_ss_0.99_nrna_low	7	gdna	nrna	34
gdna_med_ss_0.99_nrna_low	0	gdna	mrna	13
gdna_med_ss_0.99_nrna_low	18	gdna	mrna	4
gdna_med_ss_0.99_nrna_low	46	gdna	mrna	38
gdna_med_ss_0.99_nrna_low	13	gdna	mrna	8
gdna_med_ss_0.99_nrna_low	3	gdna	mrna	14
gdna_med_ss_0.99_nrna_low	22	gdna	mrna	21
gdna_med_ss_0.99_nrna_low	49	gdna	mrna	16
gdna_med_ss_0.99_nrna_low	0	gdna	nrna	4
gdna_med_ss_0.99_nrna_low	8	gdna	mrna	3
gdna_med_ss_0.99_nrna_low	34	mrna	mrna	36593
gdna_med_ss_0.99_nrna_low	43	mrna	mrna	14866
gdna_med_ss_0.99_nrna_low	26	mrna	mrna	9437
gdna_med_ss_0.99_nrna_low	10	mrna	mrna	8493
gdna_med_ss_0.99_nrna_low	17	mrna	mrna	4650
gdna_med_ss_0.99_nrna_low	20	mrna	nrna	3540
gdna_med_ss_0.99_nrna_low	7	mrna	nrna	2194
gdna_med_ss_0.99_nrna_low	19	mrna	mrna	1375
gdna_med_ss_0.99_nrna_low	25	mrna	mrna	1597
gdna_med_ss_0.99_nrna_low	14	mrna	mrna	149
gdna_med_ss_0.99_nrna_low	15	mrna	mrna	178226
gdna_med_ss_0.99_nrna_low	28	mrna	mrna	41
gdna_med_ss_0.99_nrna_low	39	mrna	mrna	66248
gdna_med_ss_0.99_nrna_low	13	mrna	mrna	28
gdna_med_ss_0.99_nrna_low	1	mrna	mrna	4651
gdna_med_ss_0.99_nrna_low	18	mrna	mrna	21
gdna_med_ss_0.99_nrna_low	2	mrna	mrna	262
gdna_med_ss_0.99_nrna_low	41	mrna	mrna	6267
gdna_med_ss_0.99_nrna_low	21	nrna	nrna	2414
gdna_med_ss_0.99_nrna_low	21	nrna	mrna	1404
gdna_med_ss_0.99_nrna_low	32	nrna	mrna	499
gdna_med_ss_0.99_nrna_low	32	nrna	nrna	888
gdna_med_ss_0.99_nrna_low	6	nrna	mrna	113
gdna_med_ss_0.99_nrna_low	45	nrna	mrna	32
gdna_med_ss_0.99_nrna_low	2	nrna	mrna	2
gdna_med_ss_0.99_nrna_low	39	nrna	mrna	4
gdna_med_ss_0.99_nrna_low	4	nrna	mrna	26
gdna_med_ss_0.99_nrna_low	17	nrna	nrna	174
gdna_med_ss_0.99_nrna_low	38	gdna	mrna	4
gdna_med_ss_0.99_nrna_low	23	gdna	nrna	1
gdna_med_ss_0.99_nrna_low	21	mrna	mrna	78116
gdna_med_ss_0.99_nrna_low	21	mrna	nrna	779
gdna_med_ss_0.99_nrna_low	15	mrna	nrna	13
gdna_med_ss_0.99_nrna_low	22	mrna	mrna	4417
gdna_med_ss_0.99_nrna_low	31	mrna	nrna	4134
gdna_med_ss_0.99_nrna_low	32	mrna	mrna	23103
gdna_med_ss_0.99_nrna_low	32	mrna	nrna	2
gdna_med_ss_0.99_nrna_low	10	mrna	nrna	1
gdna_med_ss_0.99_nrna_low	33	mrna	mrna	445
gdna_med_ss_0.99_nrna_low	47	mrna	mrna	237
gdna_med_ss_0.99_nrna_low	38	mrna	mrna	14
gdna_med_ss_0.99_nrna_low	15	nrna	mrna	2154
gdna_med_ss_0.99_nrna_low	15	nrna	nrna	10864
gdna_med_ss_0.99_nrna_low	17	nrna	mrna	100
gdna_med_ss_0.99_nrna_low	52	nrna	mrna	106
gdna_med_ss_0.99_nrna_low	8	nrna	mrna	4
gdna_med_ss_0.99_nrna_low	48	gdna	mrna	1
gdna_med_ss_0.99_nrna_low	43	mrna	nrna	3
gdna_med_ss_0.99_nrna_low	37	mrna	mrna	735
gdna_med_ss_0.99_nrna_low	46	mrna	mrna	103
gdna_med_ss_0.99_nrna_low	1	nrna	nrna	141
gdna_med_ss_0.99_nrna_low	1	nrna	mrna	84
gdna_med_ss_0.99_nrna_low	43	nrna	mrna	156
gdna_med_ss_0.99_nrna_low	43	nrna	nrna	147
gdna_med_ss_0.99_nrna_low	0	nrna	nrna	8
gdna_med_ss_0.99_nrna_low	0	nrna	mrna	2
gdna_high_ss_0.50_nrna_low	24	mrna	mrna	106983
gdna_high_ss_0.50_nrna_low	24	mrna	nrna	1831
gdna_high_ss_0.50_nrna_low	-1	mrna	gdna	30609
gdna_high_ss_0.50_nrna_low	27	mrna	mrna	71534
gdna_high_ss_0.50_nrna_low	30	mrna	mrna	34826
gdna_high_ss_0.50_nrna_low	44	mrna	mrna	93488
gdna_high_ss_0.50_nrna_low	44	mrna	nrna	17
gdna_high_ss_0.50_nrna_low	5	mrna	mrna	9913
gdna_high_ss_0.50_nrna_low	9	mrna	mrna	6649
gdna_high_ss_0.50_nrna_low	6	mrna	mrna	11321
gdna_high_ss_0.50_nrna_low	3	mrna	mrna	3819
gdna_high_ss_0.50_nrna_low	35	mrna	mrna	1839
gdna_high_ss_0.50_nrna_low	45	mrna	mrna	34605
gdna_high_ss_0.50_nrna_low	12	mrna	mrna	481
gdna_high_ss_0.50_nrna_low	0	mrna	mrna	328
gdna_high_ss_0.50_nrna_low	52	mrna	mrna	68023
gdna_high_ss_0.50_nrna_low	8	mrna	mrna	124
gdna_high_ss_0.50_nrna_low	49	mrna	mrna	36
gdna_high_ss_0.50_nrna_low	48	mrna	mrna	9
gdna_high_ss_0.50_nrna_low	42	mrna	nrna	815
gdna_high_ss_0.50_nrna_low	4	mrna	mrna	83128
gdna_high_ss_0.50_nrna_low	36	mrna	mrna	1033
gdna_high_ss_0.50_nrna_low	-1	nrna	gdna	31126
gdna_high_ss_0.50_nrna_low	24	nrna	nrna	5953
gdna_high_ss_0.50_nrna_low	24	nrna	mrna	2953
gdna_high_ss_0.50_nrna_low	10	nrna	mrna	99
gdna_high_ss_0.50_nrna_low	26	nrna	mrna	100
gdna_high_ss_0.50_nrna_low	36	nrna	mrna	12
gdna_high_ss_0.50_nrna_low	5	nrna	mrna	318
gdna_high_ss_0.50_nrna_low	37	nrna	mrna	4
gdna_high_ss_0.50_nrna_low	47	nrna	mrna	2
gdna_high_ss_0.50_nrna_low	44	nrna	nrna	5757
gdna_high_ss_0.50_nrna_low	44	nrna	mrna	2033
gdna_high_ss_0.50_nrna_low	-1	gdna	gdna	1984854
gdna_high_ss_0.50_nrna_low	15	gdna	nrna	1370
gdna_high_ss_0.50_nrna_low	24	gdna	mrna	831
gdna_high_ss_0.50_nrna_low	21	gdna	mrna	1077
gdna_high_ss_0.50_nrna_low	52	gdna	mrna	751
gdna_high_ss_0.50_nrna_low	10	gdna	mrna	182
gdna_high_ss_0.50_nrna_low	39	gdna	mrna	559
gdna_high_ss_0.50_nrna_low	41	gdna	mrna	549
gdna_high_ss_0.50_nrna_low	1	gdna	mrna	199
gdna_high_ss_0.50_nrna_low	15	gdna	mrna	793
gdna_high_ss_0.50_nrna_low	6	gdna	mrna	421
gdna_high_ss_0.50_nrna_low	44	gdna	mrna	425
gdna_high_ss_0.50_nrna_low	45	gdna	mrna	261
gdna_high_ss_0.50_nrna_low	34	gdna	mrna	468
gdna_high_ss_0.50_nrna_low	36	gdna	mrna	94
gdna_high_ss_0.50_nrna_low	31	gdna	nrna	149
gdna_high_ss_0.50_nrna_low	43	gdna	mrna	392
gdna_high_ss_0.50_nrna_low	24	gdna	nrna	987
gdna_high_ss_0.50_nrna_low	5	gdna	mrna	360
gdna_high_ss_0.50_nrna_low	26	gdna	mrna	503
gdna_high_ss_0.50_nrna_low	4	gdna	mrna	607
gdna_high_ss_0.50_nrna_low	0	gdna	mrna	25
gdna_high_ss_0.50_nrna_low	22	gdna	mrna	57
gdna_high_ss_0.50_nrna_low	35	gdna	mrna	258
gdna_high_ss_0.50_nrna_low	32	gdna	mrna	488
gdna_high_ss_0.50_nrna_low	27	gdna	mrna	576
gdna_high_ss_0.50_nrna_low	9	gdna	mrna	180
gdna_high_ss_0.50_nrna_low	-1	gdna	unresolved	234
gdna_high_ss_0.50_nrna_low	7	gdna	nrna	89
gdna_high_ss_0.50_nrna_low	30	gdna	mrna	153
gdna_high_ss_0.50_nrna_low	17	gdna	mrna	179
gdna_high_ss_0.50_nrna_low	44	gdna	nrna	838
gdna_high_ss_0.50_nrna_low	20	gdna	nrna	110
gdna_high_ss_0.50_nrna_low	19	gdna	mrna	191
gdna_high_ss_0.50_nrna_low	42	gdna	nrna	74
gdna_high_ss_0.50_nrna_low	25	gdna	mrna	209
gdna_high_ss_0.50_nrna_low	3	gdna	mrna	35
gdna_high_ss_0.50_nrna_low	12	gdna	mrna	31
gdna_high_ss_0.50_nrna_low	37	gdna	mrna	123
gdna_high_ss_0.50_nrna_low	21	gdna	nrna	118
gdna_high_ss_0.50_nrna_low	33	gdna	mrna	25
gdna_high_ss_0.50_nrna_low	47	gdna	mrna	43
gdna_high_ss_0.50_nrna_low	2	gdna	mrna	31
gdna_high_ss_0.50_nrna_low	14	gdna	mrna	26
gdna_high_ss_0.50_nrna_low	49	gdna	mrna	8
gdna_high_ss_0.50_nrna_low	46	gdna	mrna	35
gdna_high_ss_0.50_nrna_low	8	gdna	mrna	11
gdna_high_ss_0.50_nrna_low	38	gdna	mrna	8
gdna_high_ss_0.50_nrna_low	28	gdna	mrna	6
gdna_high_ss_0.50_nrna_low	34	mrna	mrna	35762
gdna_high_ss_0.50_nrna_low	43	mrna	mrna	14056
gdna_high_ss_0.50_nrna_low	26	mrna	mrna	8556
gdna_high_ss_0.50_nrna_low	10	mrna	mrna	8162
gdna_high_ss_0.50_nrna_low	17	mrna	mrna	4322
gdna_high_ss_0.50_nrna_low	20	mrna	nrna	3349
gdna_high_ss_0.50_nrna_low	7	mrna	nrna	2065
gdna_high_ss_0.50_nrna_low	19	mrna	mrna	997
gdna_high_ss_0.50_nrna_low	25	mrna	mrna	1203
gdna_high_ss_0.50_nrna_low	14	mrna	mrna	99
gdna_high_ss_0.50_nrna_low	15	mrna	mrna	177275
gdna_high_ss_0.50_nrna_low	28	mrna	mrna	14
gdna_high_ss_0.50_nrna_low	39	mrna	mrna	65231
gdna_high_ss_0.50_nrna_low	13	mrna	mrna	12
gdna_high_ss_0.50_nrna_low	1	mrna	mrna	4317
gdna_high_ss_0.50_nrna_low	18	mrna	mrna	22
gdna_high_ss_0.50_nrna_low	2	mrna	mrna	204
gdna_high_ss_0.50_nrna_low	41	mrna	mrna	5252
gdna_high_ss_0.50_nrna_low	21	nrna	mrna	1580
gdna_high_ss_0.50_nrna_low	21	nrna	nrna	396
gdna_high_ss_0.50_nrna_low	32	nrna	mrna	462
gdna_high_ss_0.50_nrna_low	6	nrna	mrna	81
gdna_high_ss_0.50_nrna_low	45	nrna	mrna	51
gdna_high_ss_0.50_nrna_low	2	nrna	mrna	3
gdna_high_ss_0.50_nrna_low	4	nrna	mrna	31
gdna_high_ss_0.50_nrna_low	48	gdna	mrna	2
gdna_high_ss_0.50_nrna_low	18	gdna	mrna	2
gdna_high_ss_0.50_nrna_low	13	gdna	mrna	3
gdna_high_ss_0.50_nrna_low	21	mrna	mrna	76432
gdna_high_ss_0.50_nrna_low	22	mrna	mrna	4322
gdna_high_ss_0.50_nrna_low	31	mrna	nrna	3874
gdna_high_ss_0.50_nrna_low	32	mrna	mrna	22059
gdna_high_ss_0.50_nrna_low	33	mrna	mrna	405
gdna_high_ss_0.50_nrna_low	47	mrna	mrna	122
gdna_high_ss_0.50_nrna_low	38	mrna	mrna	12
gdna_high_ss_0.50_nrna_low	15	nrna	nrna	5795
gdna_high_ss_0.50_nrna_low	15	nrna	mrna	2023
gdna_high_ss_0.50_nrna_low	-1	nrna	unresolved	9
gdna_high_ss_0.50_nrna_low	17	nrna	mrna	96
gdna_high_ss_0.50_nrna_low	52	nrna	mrna	112
gdna_high_ss_0.50_nrna_low	22	nrna	mrna	1
gdna_high_ss_0.50_nrna_low	37	mrna	mrna	375
gdna_high_ss_0.50_nrna_low	46	mrna	mrna	90
gdna_high_ss_0.50_nrna_low	1	nrna	mrna	69
gdna_high_ss_0.50_nrna_low	43	nrna	mrna	191
gdna_high_ss_0.50_nrna_low	0	nrna	mrna	3
gdna_high_ss_0.50_nrna_low	3	nrna	mrna	1
gdna_high_ss_0.99_nrna_low	24	mrna	mrna	107890
gdna_high_ss_0.99_nrna_low	24	mrna	nrna	2602
gdna_high_ss_0.99_nrna_low	-1	mrna	gdna	16751
gdna_high_ss_0.99_nrna_low	27	mrna	mrna	72252
gdna_high_ss_0.99_nrna_low	30	mrna	mrna	34901
gdna_high_ss_0.99_nrna_low	44	mrna	mrna	93967
gdna_high_ss_0.99_nrna_low	44	mrna	nrna	27
gdna_high_ss_0.99_nrna_low	5	mrna	mrna	10194
gdna_high_ss_0.99_nrna_low	5	mrna	nrna	124
gdna_high_ss_0.99_nrna_low	9	mrna	mrna	6814
gdna_high_ss_0.99_nrna_low	6	mrna	mrna	11866
gdna_high_ss_0.99_nrna_low	3	mrna	mrna	3866
gdna_high_ss_0.99_nrna_low	35	mrna	mrna	2164
gdna_high_ss_0.99_nrna_low	45	mrna	mrna	34759
gdna_high_ss_0.99_nrna_low	12	mrna	mrna	518
gdna_high_ss_0.99_nrna_low	0	mrna	mrna	345
gdna_high_ss_0.99_nrna_low	52	mrna	mrna	68987
gdna_high_ss_0.99_nrna_low	8	mrna	mrna	130
gdna_high_ss_0.99_nrna_low	49	mrna	mrna	41
gdna_high_ss_0.99_nrna_low	48	mrna	mrna	9
gdna_high_ss_0.99_nrna_low	42	mrna	nrna	878
gdna_high_ss_0.99_nrna_low	4	mrna	mrna	83643
gdna_high_ss_0.99_nrna_low	36	mrna	mrna	1127
gdna_high_ss_0.99_nrna_low	-1	nrna	gdna	19843
gdna_high_ss_0.99_nrna_low	24	nrna	nrna	9066
gdna_high_ss_0.99_nrna_low	24	nrna	mrna	2978
gdna_high_ss_0.99_nrna_low	10	nrna	mrna	102
gdna_high_ss_0.99_nrna_low	10	nrna	nrna	31
gdna_high_ss_0.99_nrna_low	26	nrna	mrna	116
gdna_high_ss_0.99_nrna_low	36	nrna	mrna	13
gdna_high_ss_0.99_nrna_low	5	nrna	nrna	823
gdna_high_ss_0.99_nrna_low	5	nrna	mrna	331
gdna_high_ss_0.99_nrna_low	37	nrna	mrna	5
gdna_high_ss_0.99_nrna_low	47	nrna	mrna	6
gdna_high_ss_0.99_nrna_low	46	nrna	mrna	1
gdna_high_ss_0.99_nrna_low	44	nrna	nrna	7957
gdna_high_ss_0.99_nrna_low	44	nrna	mrna	2052
gdna_high_ss_0.99_nrna_low	-1	gdna	gdna	1987313
gdna_high_ss_0.99_nrna_low	15	gdna	nrna	1287
gdna_high_ss_0.99_nrna_low	41	gdna	mrna	362
gdna_high_ss_0.99_nrna_low	39	gdna	mrna	443
gdna_high_ss_0.99_nrna_low	5	gdna	nrna	377
gdna_high_ss_0.99_nrna_low	24	gdna	mrna	641
gdna_high_ss_0.99_nrna_low	52	gdna	mrna	562
gdna_high_ss_0.99_nrna_low	1	gdna	mrna	140
gdna_high_ss_0.99_nrna_low	24	gdna	nrna	891
gdna_high_ss_0.99_nrna_low	45	gdna	mrna	189
gdna_high_ss_0.99_nrna_low	26	gdna	mrna	307
gdna_high_ss_0.99_nrna_low	34	gdna	mrna	335
gdna_high_ss_0.99_nrna_low	35	gdna	mrna	180
gdna_high_ss_0.99_nrna_low	44	gdna	mrna	338
gdna_high_ss_0.99_nrna_low	21	gdna	mrna	743
gdna_high_ss_0.99_nrna_low	15	gdna	mrna	603
gdna_high_ss_0.99_nrna_low	36	gdna	mrna	50
gdna_high_ss_0.99_nrna_low	5	gdna	mrna	245
gdna_high_ss_0.99_nrna_low	25	gdna	mrna	168
gdna_high_ss_0.99_nrna_low	4	gdna	mrna	489
gdna_high_ss_0.99_nrna_low	32	gdna	mrna	331
gdna_high_ss_0.99_nrna_low	21	gdna	nrna	406
gdna_high_ss_0.99_nrna_low	22	gdna	mrna	43
gdna_high_ss_0.99_nrna_low	27	gdna	mrna	434
gdna_high_ss_0.99_nrna_low	9	gdna	mrna	125
gdna_high_ss_0.99_nrna_low	-1	gdna	unresolved	234
gdna_high_ss_0.99_nrna_low	6	gdna	mrna	291
gdna_high_ss_0.99_nrna_low	17	gdna	mrna	126
gdna_high_ss_0.99_nrna_low	44	gdna	nrna	698
gdna_high_ss_0.99_nrna_low	31	gdna	nrna	98
gdna_high_ss_0.99_nrna_low	37	gdna	mrna	128
gdna_high_ss_0.99_nrna_low	19	gdna	mrna	150
gdna_high_ss_0.99_nrna_low	7	gdna	nrna	54
gdna_high_ss_0.99_nrna_low	30	gdna	mrna	103
gdna_high_ss_0.99_nrna_low	43	gdna	mrna	297
gdna_high_ss_0.99_nrna_low	32	gdna	nrna	212
gdna_high_ss_0.99_nrna_low	46	gdna	mrna	33
gdna_high_ss_0.99_nrna_low	20	gdna	nrna	62
gdna_high_ss_0.99_nrna_low	10	gdna	mrna	129
gdna_high_ss_0.99_nrna_low	14	gdna	mrna	30
gdna_high_ss_0.99_nrna_low	42	gdna	nrna	55
gdna_high_ss_0.99_nrna_low	47	gdna	mrna	46
gdna_high_ss_0.99_nrna_low	17	gdna	nrna	54
gdna_high_ss_0.99_nrna_low	49	gdna	mrna	6
gdna_high_ss_0.99_nrna_low	3	gdna	mrna	20
gdna_high_ss_0.99_nrna_low	33	gdna	mrna	28
gdna_high_ss_0.99_nrna_low	2	gdna	mrna	43
gdna_high_ss_0.99_nrna_low	12	gdna	mrna	18
gdna_high_ss_0.99_nrna_low	8	gdna	mrna	12
gdna_high_ss_0.99_nrna_low	18	gdna	mrna	5
gdna_high_ss_0.99_nrna_low	10	gdna	nrna	29
gdna_high_ss_0.99_nrna_low	13	gdna	mrna	9
gdna_high_ss_0.99_nrna_low	0	gdna	mrna	15
gdna_high_ss_0.99_nrna_low	34	mrna	mrna	36246
gdna_high_ss_0.99_nrna_low	43	mrna	mrna	14465
gdna_high_ss_0.99_nrna_low	26	mrna	mrna	9168
gdna_high_ss_0.99_nrna_low	10	mrna	mrna	8347
gdna_high_ss_0.99_nrna_low	17	mrna	mrna	4539
gdna_high_ss_0.99_nrna_low	20	mrna	nrna	3472
gdna_high_ss_0.99_nrna_low	7	mrna	nrna	2137
gdna_high_ss_0.99_nrna_low	19	mrna	mrna	1230
gdna_high_ss_0.99_nrna_low	25	mrna	mrna	1454
gdna_high_ss_0.99_nrna_low	14	mrna	mrna	119
gdna_high_ss_0.99_nrna_low	15	mrna	mrna	177871
gdna_high_ss_0.99_nrna_low	28	mrna	mrna	18
gdna_high_ss_0.99_nrna_low	39	mrna	mrna	65969
gdna_high_ss_0.99_nrna_low	13	mrna	mrna	25
gdna_high_ss_0.99_nrna_low	1	mrna	mrna	4557
gdna_high_ss_0.99_nrna_low	18	mrna	mrna	21
gdna_high_ss_0.99_nrna_low	2	mrna	mrna	240
gdna_high_ss_0.99_nrna_low	41	mrna	mrna	5904
gdna_high_ss_0.99_nrna_low	21	nrna	mrna	1318
gdna_high_ss_0.99_nrna_low	21	nrna	nrna	1370
gdna_high_ss_0.99_nrna_low	32	nrna	mrna	489
gdna_high_ss_0.99_nrna_low	32	nrna	nrna	498
gdna_high_ss_0.99_nrna_low	6	nrna	mrna	81
gdna_high_ss_0.99_nrna_low	45	nrna	mrna	49
gdna_high_ss_0.99_nrna_low	2	nrna	mrna	1
gdna_high_ss_0.99_nrna_low	4	nrna	mrna	30
gdna_high_ss_0.99_nrna_low	28	gdna	mrna	5
gdna_high_ss_0.99_nrna_low	21	mrna	mrna	77838
gdna_high_ss_0.99_nrna_low	21	mrna	nrna	23
gdna_high_ss_0.99_nrna_low	22	mrna	mrna	4381
gdna_high_ss_0.99_nrna_low	31	mrna	nrna	4032
gdna_high_ss_0.99_nrna_low	32	mrna	mrna	22789
gdna_high_ss_0.99_nrna_low	32	mrna	nrna	2
gdna_high_ss_0.99_nrna_low	33	mrna	mrna	431
gdna_high_ss_0.99_nrna_low	47	mrna	mrna	194
gdna_high_ss_0.99_nrna_low	38	mrna	mrna	13
gdna_high_ss_0.99_nrna_low	15	nrna	nrna	9506
gdna_high_ss_0.99_nrna_low	15	nrna	mrna	2046
gdna_high_ss_0.99_nrna_low	-1	nrna	unresolved	9
gdna_high_ss_0.99_nrna_low	17	nrna	nrna	70
gdna_high_ss_0.99_nrna_low	17	nrna	mrna	97
gdna_high_ss_0.99_nrna_low	52	nrna	mrna	114
gdna_high_ss_0.99_nrna_low	8	nrna	mrna	2
gdna_high_ss_0.99_nrna_low	22	nrna	mrna	1
gdna_high_ss_0.99_nrna_low	48	gdna	mrna	2
gdna_high_ss_0.99_nrna_low	23	gdna	nrna	1
gdna_high_ss_0.99_nrna_low	38	gdna	mrna	5
gdna_high_ss_0.99_nrna_low	15	mrna	nrna	4
gdna_high_ss_0.99_nrna_low	37	mrna	mrna	560
gdna_high_ss_0.99_nrna_low	46	mrna	mrna	96
gdna_high_ss_0.99_nrna_low	1	nrna	mrna	78
gdna_high_ss_0.99_nrna_low	43	nrna	mrna	170
gdna_high_ss_0.99_nrna_low	43	nrna	nrna	3
gdna_high_ss_0.99_nrna_low	0	nrna	mrna	4
gdna_high_ss_0.99_nrna_low	28	nrna	mrna	1
gdna_zero_ss_0.50_nrna_high	-1	mrna	gdna	75723
gdna_zero_ss_0.50_nrna_high	23	mrna	mrna	98903
gdna_zero_ss_0.50_nrna_high	26	mrna	mrna	70063
gdna_zero_ss_0.50_nrna_high	28	mrna	mrna	34620
gdna_zero_ss_0.50_nrna_high	41	mrna	mrna	89958
gdna_zero_ss_0.50_nrna_high	5	mrna	mrna	9994
gdna_zero_ss_0.50_nrna_high	9	mrna	mrna	6712
gdna_zero_ss_0.50_nrna_high	6	mrna	mrna	10226
gdna_zero_ss_0.50_nrna_high	3	mrna	mrna	3780
gdna_zero_ss_0.50_nrna_high	33	mrna	mrna	1631
gdna_zero_ss_0.50_nrna_high	42	mrna	mrna	34898
gdna_zero_ss_0.50_nrna_high	12	mrna	mrna	444
gdna_zero_ss_0.50_nrna_high	0	mrna	mrna	299
gdna_zero_ss_0.50_nrna_high	47	mrna	mrna	62919
gdna_zero_ss_0.50_nrna_high	8	mrna	mrna	107
gdna_zero_ss_0.50_nrna_high	46	mrna	mrna	41
gdna_zero_ss_0.50_nrna_high	45	mrna	mrna	10
gdna_zero_ss_0.50_nrna_high	39	mrna	nrna	726
gdna_zero_ss_0.50_nrna_high	4	mrna	mrna	75814
gdna_zero_ss_0.50_nrna_high	34	mrna	mrna	946
gdna_zero_ss_0.50_nrna_high	-1	nrna	gdna	231922
gdna_zero_ss_0.50_nrna_high	15	nrna	mrna	6537
gdna_zero_ss_0.50_nrna_high	-1	nrna	unresolved	62
gdna_zero_ss_0.50_nrna_high	25	nrna	mrna	811
gdna_zero_ss_0.50_nrna_high	40	nrna	mrna	1442
gdna_zero_ss_0.50_nrna_high	33	nrna	mrna	111
gdna_zero_ss_0.50_nrna_high	34	nrna	mrna	48
gdna_zero_ss_0.50_nrna_high	2	nrna	mrna	2
gdna_zero_ss_0.50_nrna_high	12	nrna	mrna	50
gdna_zero_ss_0.50_nrna_high	3	nrna	mrna	7
gdna_zero_ss_0.50_nrna_high	6	nrna	mrna	885
gdna_zero_ss_0.50_nrna_high	32	mrna	mrna	32449
gdna_zero_ss_0.50_nrna_high	40	mrna	mrna	12181
gdna_zero_ss_0.50_nrna_high	25	mrna	mrna	7652
gdna_zero_ss_0.50_nrna_high	10	mrna	mrna	7634
gdna_zero_ss_0.50_nrna_high	16	mrna	mrna	4029
gdna_zero_ss_0.50_nrna_high	19	mrna	nrna	3066
gdna_zero_ss_0.50_nrna_high	7	mrna	nrna	1978
gdna_zero_ss_0.50_nrna_high	18	mrna	mrna	1189
gdna_zero_ss_0.50_nrna_high	24	mrna	mrna	1017
gdna_zero_ss_0.50_nrna_high	14	mrna	mrna	112
gdna_zero_ss_0.50_nrna_high	15	mrna	mrna	170238
gdna_zero_ss_0.50_nrna_high	27	mrna	mrna	13
gdna_zero_ss_0.50_nrna_high	37	mrna	mrna	65287
gdna_zero_ss_0.50_nrna_high	13	mrna	mrna	16
gdna_zero_ss_0.50_nrna_high	1	mrna	mrna	3895
gdna_zero_ss_0.50_nrna_high	17	mrna	mrna	18
gdna_zero_ss_0.50_nrna_high	2	mrna	mrna	177
gdna_zero_ss_0.50_nrna_high	38	mrna	mrna	6026
gdna_zero_ss_0.50_nrna_high	23	nrna	mrna	9917
gdna_zero_ss_0.50_nrna_high	32	nrna	mrna	3413
gdna_zero_ss_0.50_nrna_high	26	nrna	mrna	1503
gdna_zero_ss_0.50_nrna_high	28	nrna	mrna	112
gdna_zero_ss_0.50_nrna_high	0	nrna	mrna	30
gdna_zero_ss_0.50_nrna_high	35	nrna	mrna	16
gdna_zero_ss_0.50_nrna_high	14	nrna	mrna	2
gdna_zero_ss_0.50_nrna_high	8	nrna	mrna	2
gdna_zero_ss_0.50_nrna_high	27	nrna	mrna	2
gdna_zero_ss_0.50_nrna_high	4	nrna	mrna	7042
gdna_zero_ss_0.50_nrna_high	42	nrna	mrna	1
gdna_zero_ss_0.50_nrna_high	20	mrna	mrna	75126
gdna_zero_ss_0.50_nrna_high	21	mrna	mrna	4384
gdna_zero_ss_0.50_nrna_high	29	mrna	nrna	3457
gdna_zero_ss_0.50_nrna_high	30	mrna	mrna	21123
gdna_zero_ss_0.50_nrna_high	31	mrna	mrna	443
gdna_zero_ss_0.50_nrna_high	44	mrna	mrna	241
gdna_zero_ss_0.50_nrna_high	36	mrna	mrna	15
gdna_zero_ss_0.50_nrna_high	41	nrna	mrna	3355
gdna_zero_ss_0.50_nrna_high	10	nrna	mrna	495
gdna_zero_ss_0.50_nrna_high	24	nrna	mrna	48
gdna_zero_ss_0.50_nrna_high	35	mrna	mrna	347
gdna_zero_ss_0.50_nrna_high	43	mrna	mrna	73
gdna_zero_ss_0.50_nrna_high	47	nrna	mrna	4637
gdna_zero_ss_0.50_nrna_high	20	nrna	mrna	1669
gdna_zero_ss_0.50_nrna_high	30	nrna	mrna	1071
gdna_zero_ss_0.50_nrna_high	1	nrna	mrna	296
gdna_zero_ss_0.50_nrna_high	16	nrna	mrna	321
gdna_zero_ss_0.50_nrna_high	5	nrna	mrna	34
gdna_zero_ss_0.50_nrna_high	37	nrna	mrna	41
gdna_zero_ss_0.50_nrna_high	13	nrna	mrna	1
gdna_zero_ss_0.99_nrna_high	23	mrna	nrna	12726
gdna_zero_ss_0.99_nrna_high	23	mrna	mrna	98477
gdna_zero_ss_0.99_nrna_high	-1	mrna	gdna	3924
gdna_zero_ss_0.99_nrna_high	26	mrna	mrna	70795
gdna_zero_ss_0.99_nrna_high	26	mrna	nrna	1965
gdna_zero_ss_0.99_nrna_high	28	mrna	mrna	35039
gdna_zero_ss_0.99_nrna_high	41	mrna	mrna	86687
gdna_zero_ss_0.99_nrna_high	41	mrna	nrna	7674
gdna_zero_ss_0.99_nrna_high	5	mrna	mrna	10841
gdna_zero_ss_0.99_nrna_high	28	mrna	nrna	9
gdna_zero_ss_0.99_nrna_high	9	mrna	mrna	7043
gdna_zero_ss_0.99_nrna_high	6	mrna	mrna	11500
gdna_zero_ss_0.99_nrna_high	6	mrna	nrna	855
gdna_zero_ss_0.99_nrna_high	3	mrna	mrna	3909
gdna_zero_ss_0.99_nrna_high	33	mrna	mrna	2283
gdna_zero_ss_0.99_nrna_high	33	mrna	nrna	137
gdna_zero_ss_0.99_nrna_high	42	mrna	mrna	34972
gdna_zero_ss_0.99_nrna_high	12	mrna	mrna	513
gdna_zero_ss_0.99_nrna_high	12	mrna	nrna	39
gdna_zero_ss_0.99_nrna_high	0	mrna	mrna	364
gdna_zero_ss_0.99_nrna_high	0	mrna	nrna	28
gdna_zero_ss_0.99_nrna_high	47	mrna	mrna	63455
gdna_zero_ss_0.99_nrna_high	47	mrna	nrna	6262
gdna_zero_ss_0.99_nrna_high	8	mrna	mrna	148
gdna_zero_ss_0.99_nrna_high	46	mrna	mrna	56
gdna_zero_ss_0.99_nrna_high	45	mrna	mrna	17
gdna_zero_ss_0.99_nrna_high	8	mrna	nrna	5
gdna_zero_ss_0.99_nrna_high	39	mrna	nrna	936
gdna_zero_ss_0.99_nrna_high	4	mrna	mrna	77024
gdna_zero_ss_0.99_nrna_high	4	mrna	nrna	7099
gdna_zero_ss_0.99_nrna_high	34	mrna	mrna	1147
gdna_zero_ss_0.99_nrna_high	15	nrna	nrna	43287
gdna_zero_ss_0.99_nrna_high	-1	nrna	gdna	14619
gdna_zero_ss_0.99_nrna_high	15	nrna	mrna	6731
gdna_zero_ss_0.99_nrna_high	-1	nrna	unresolved	62
gdna_zero_ss_0.99_nrna_high	25	nrna	nrna	8159
gdna_zero_ss_0.99_nrna_high	25	nrna	mrna	966
gdna_zero_ss_0.99_nrna_high	40	nrna	mrna	1422
gdna_zero_ss_0.99_nrna_high	40	nrna	nrna	3539
gdna_zero_ss_0.99_nrna_high	33	nrna	mrna	184
gdna_zero_ss_0.99_nrna_high	33	nrna	nrna	954
gdna_zero_ss_0.99_nrna_high	34	nrna	nrna	799
gdna_zero_ss_0.99_nrna_high	34	nrna	mrna	61
gdna_zero_ss_0.99_nrna_high	2	nrna	mrna	14
gdna_zero_ss_0.99_nrna_high	12	nrna	mrna	56
gdna_zero_ss_0.99_nrna_high	12	nrna	nrna	183
gdna_zero_ss_0.99_nrna_high	3	nrna	mrna	10
gdna_zero_ss_0.99_nrna_high	6	nrna	nrna	2819
gdna_zero_ss_0.99_nrna_high	6	nrna	mrna	1029
gdna_zero_ss_0.99_nrna_high	16	nrna	nrna	1412
gdna_zero_ss_0.99_nrna_high	32	mrna	mrna	33286
gdna_zero_ss_0.99_nrna_high	32	mrna	nrna	3460
gdna_zero_ss_0.99_nrna_high	40	mrna	mrna	13605
gdna_zero_ss_0.99_nrna_high	40	mrna	nrna	1223
gdna_zero_ss_0.99_nrna_high	25	mrna	mrna	8616
gdna_zero_ss_0.99_nrna_high	25	mrna	nrna	1111
gdna_zero_ss_0.99_nrna_high	10	mrna	mrna	7927
gdna_zero_ss_0.99_nrna_high	10	mrna	nrna	679
gdna_zero_ss_0.99_nrna_high	16	mrna	mrna	4473
gdna_zero_ss_0.99_nrna_high	16	mrna	nrna	320
gdna_zero_ss_0.99_nrna_high	19	mrna	nrna	3532
gdna_zero_ss_0.99_nrna_high	7	mrna	nrna	2199
gdna_zero_ss_0.99_nrna_high	18	mrna	mrna	1497
gdna_zero_ss_0.99_nrna_high	24	mrna	mrna	1659
gdna_zero_ss_0.99_nrna_high	24	mrna	nrna	25
gdna_zero_ss_0.99_nrna_high	14	mrna	mrna	196
gdna_zero_ss_0.99_nrna_high	15	mrna	mrna	173156
gdna_zero_ss_0.99_nrna_high	15	mrna	nrna	5395
gdna_zero_ss_0.99_nrna_high	27	mrna	mrna	64
gdna_zero_ss_0.99_nrna_high	37	mrna	mrna	66445
gdna_zero_ss_0.99_nrna_high	13	mrna	mrna	47
gdna_zero_ss_0.99_nrna_high	1	mrna	nrna	363
gdna_zero_ss_0.99_nrna_high	1	mrna	mrna	4404
gdna_zero_ss_0.99_nrna_high	17	mrna	mrna	26
gdna_zero_ss_0.99_nrna_high	2	mrna	mrna	292
gdna_zero_ss_0.99_nrna_high	38	mrna	mrna	6570
gdna_zero_ss_0.99_nrna_high	23	nrna	nrna	41805
gdna_zero_ss_0.99_nrna_high	23	nrna	mrna	9892
gdna_zero_ss_0.99_nrna_high	32	nrna	nrna	25955
gdna_zero_ss_0.99_nrna_high	32	nrna	mrna	3530
gdna_zero_ss_0.99_nrna_high	26	nrna	nrna	8615
gdna_zero_ss_0.99_nrna_high	26	nrna	mrna	1527
gdna_zero_ss_0.99_nrna_high	28	nrna	nrna	1412
gdna_zero_ss_0.99_nrna_high	28	nrna	mrna	115
gdna_zero_ss_0.99_nrna_high	0	nrna	mrna	40
gdna_zero_ss_0.99_nrna_high	0	nrna	nrna	677
gdna_zero_ss_0.99_nrna_high	35	nrna	nrna	110
gdna_zero_ss_0.99_nrna_high	35	nrna	mrna	73
gdna_zero_ss_0.99_nrna_high	14	nrna	mrna	11
gdna_zero_ss_0.99_nrna_high	8	nrna	mrna	12
gdna_zero_ss_0.99_nrna_high	8	nrna	nrna	35
gdna_zero_ss_0.99_nrna_high	27	nrna	nrna	6
gdna_zero_ss_0.99_nrna_high	27	nrna	mrna	5
gdna_zero_ss_0.99_nrna_high	4	nrna	nrna	23380
gdna_zero_ss_0.99_nrna_high	4	nrna	mrna	7165
gdna_zero_ss_0.99_nrna_high	42	nrna	mrna	1
gdna_zero_ss_0.99_nrna_high	20	mrna	mrna	78528
gdna_zero_ss_0.99_nrna_high	20	mrna	nrna	1063
gdna_zero_ss_0.99_nrna_high	21	mrna	mrna	4460
gdna_zero_ss_0.99_nrna_high	29	mrna	nrna	4117
gdna_zero_ss_0.99_nrna_high	30	mrna	mrna	22393
gdna_zero_ss_0.99_nrna_high	30	mrna	nrna	1000
gdna_zero_ss_0.99_nrna_high	34	mrna	nrna	72
gdna_zero_ss_0.99_nrna_high	31	mrna	mrna	469
gdna_zero_ss_0.99_nrna_high	44	mrna	mrna	295
gdna_zero_ss_0.99_nrna_high	36	mrna	mrna	19
gdna_zero_ss_0.99_nrna_high	41	nrna	nrna	16653
gdna_zero_ss_0.99_nrna_high	41	nrna	mrna	3207
gdna_zero_ss_0.99_nrna_high	10	nrna	nrna	2617
gdna_zero_ss_0.99_nrna_high	10	nrna	mrna	504
gdna_zero_ss_0.99_nrna_high	24	nrna	mrna	112
gdna_zero_ss_0.99_nrna_high	24	nrna	nrna	206
gdna_zero_ss_0.99_nrna_high	43	nrna	mrna	13
gdna_zero_ss_0.99_nrna_high	35	mrna	mrna	892
gdna_zero_ss_0.99_nrna_high	35	mrna	nrna	14
gdna_zero_ss_0.99_nrna_high	43	mrna	mrna	178
gdna_zero_ss_0.99_nrna_high	11	mrna	mrna	1
gdna_zero_ss_0.99_nrna_high	47	nrna	mrna	4712
gdna_zero_ss_0.99_nrna_high	47	nrna	nrna	19096
gdna_zero_ss_0.99_nrna_high	20	nrna	nrna	7334
gdna_zero_ss_0.99_nrna_high	20	nrna	mrna	1222
gdna_zero_ss_0.99_nrna_high	30	nrna	mrna	1127
gdna_zero_ss_0.99_nrna_high	30	nrna	nrna	3831
gdna_zero_ss_0.99_nrna_high	1	nrna	nrna	3790
gdna_zero_ss_0.99_nrna_high	1	nrna	mrna	347
gdna_zero_ss_0.99_nrna_high	16	nrna	mrna	358
gdna_zero_ss_0.99_nrna_high	5	nrna	mrna	37
gdna_zero_ss_0.99_nrna_high	37	nrna	mrna	41
gdna_zero_ss_0.99_nrna_high	13	nrna	mrna	5
gdna_zero_ss_0.99_nrna_high	13	nrna	nrna	1
gdna_low_ss_0.50_nrna_high	24	mrna	mrna	100548
gdna_low_ss_0.50_nrna_high	-1	mrna	gdna	47508
gdna_low_ss_0.50_nrna_high	24	mrna	nrna	6168
gdna_low_ss_0.50_nrna_high	27	mrna	mrna	70598
gdna_low_ss_0.50_nrna_high	30	mrna	mrna	34661
gdna_low_ss_0.50_nrna_high	44	mrna	mrna	91917
gdna_low_ss_0.50_nrna_high	44	mrna	nrna	11
gdna_low_ss_0.50_nrna_high	5	mrna	mrna	10091
gdna_low_ss_0.50_nrna_high	9	mrna	mrna	6693
gdna_low_ss_0.50_nrna_high	6	mrna	mrna	10734
gdna_low_ss_0.50_nrna_high	3	mrna	mrna	3810
gdna_low_ss_0.50_nrna_high	35	mrna	mrna	1718
gdna_low_ss_0.50_nrna_high	45	mrna	mrna	34578
gdna_low_ss_0.50_nrna_high	12	mrna	mrna	479
gdna_low_ss_0.50_nrna_high	0	mrna	mrna	324
gdna_low_ss_0.50_nrna_high	52	mrna	mrna	64509
gdna_low_ss_0.50_nrna_high	52	mrna	nrna	833
gdna_low_ss_0.50_nrna_high	8	mrna	mrna	103
gdna_low_ss_0.50_nrna_high	49	mrna	mrna	34
gdna_low_ss_0.50_nrna_high	48	mrna	mrna	2
gdna_low_ss_0.50_nrna_high	42	mrna	nrna	812
gdna_low_ss_0.50_nrna_high	4	mrna	mrna	76765
gdna_low_ss_0.50_nrna_high	36	mrna	mrna	1002
gdna_low_ss_0.50_nrna_high	15	nrna	nrna	25719
gdna_low_ss_0.50_nrna_high	-1	nrna	gdna	145126
gdna_low_ss_0.50_nrna_high	15	nrna	mrna	6697
gdna_low_ss_0.50_nrna_high	-1	nrna	unresolved	52
gdna_low_ss_0.50_nrna_high	26	nrna	mrna	953
gdna_low_ss_0.50_nrna_high	43	nrna	mrna	1622
gdna_low_ss_0.50_nrna_high	43	nrna	nrna	808
gdna_low_ss_0.50_nrna_high	35	nrna	mrna	111
gdna_low_ss_0.50_nrna_high	36	nrna	mrna	55
gdna_low_ss_0.50_nrna_high	2	nrna	mrna	4
gdna_low_ss_0.50_nrna_high	12	nrna	mrna	55
gdna_low_ss_0.50_nrna_high	3	nrna	mrna	9
gdna_low_ss_0.50_nrna_high	6	nrna	mrna	962
gdna_low_ss_0.50_nrna_high	-1	gdna	gdna	247555
gdna_low_ss_0.50_nrna_high	26	gdna	mrna	78
gdna_low_ss_0.50_nrna_high	39	gdna	mrna	78
gdna_low_ss_0.50_nrna_high	44	gdna	mrna	64
gdna_low_ss_0.50_nrna_high	15	gdna	mrna	99
gdna_low_ss_0.50_nrna_high	17	gdna	mrna	34
gdna_low_ss_0.50_nrna_high	21	gdna	mrna	133
gdna_low_ss_0.50_nrna_high	41	gdna	mrna	84
gdna_low_ss_0.50_nrna_high	30	gdna	mrna	21
gdna_low_ss_0.50_nrna_high	24	gdna	mrna	90
gdna_low_ss_0.50_nrna_high	44	gdna	nrna	60
gdna_low_ss_0.50_nrna_high	15	gdna	nrna	331
gdna_low_ss_0.50_nrna_high	9	gdna	mrna	19
gdna_low_ss_0.50_nrna_high	52	gdna	mrna	99
gdna_low_ss_0.50_nrna_high	7	gdna	nrna	12
gdna_low_ss_0.50_nrna_high	25	gdna	mrna	34
gdna_low_ss_0.50_nrna_high	4	gdna	mrna	85
gdna_low_ss_0.50_nrna_high	24	gdna	nrna	194
gdna_low_ss_0.50_nrna_high	1	gdna	mrna	20
gdna_low_ss_0.50_nrna_high	4	gdna	nrna	110
gdna_low_ss_0.50_nrna_high	43	gdna	nrna	25
gdna_low_ss_0.50_nrna_high	10	gdna	mrna	17
gdna_low_ss_0.50_nrna_high	34	gdna	nrna	111
gdna_low_ss_0.50_nrna_high	35	gdna	mrna	29
gdna_low_ss_0.50_nrna_high	45	gdna	mrna	37
gdna_low_ss_0.50_nrna_high	52	gdna	nrna	53
gdna_low_ss_0.50_nrna_high	34	gdna	mrna	66
gdna_low_ss_0.50_nrna_high	5	gdna	mrna	47
gdna_low_ss_0.50_nrna_high	32	gdna	mrna	70
gdna_low_ss_0.50_nrna_high	6	gdna	mrna	46
gdna_low_ss_0.50_nrna_high	27	gdna	mrna	77
gdna_low_ss_0.50_nrna_high	0	gdna	mrna	2
gdna_low_ss_0.50_nrna_high	31	gdna	nrna	34
gdna_low_ss_0.50_nrna_high	19	gdna	mrna	28
gdna_low_ss_0.50_nrna_high	12	gdna	mrna	8
gdna_low_ss_0.50_nrna_high	36	gdna	mrna	16
gdna_low_ss_0.50_nrna_high	20	gdna	nrna	13
gdna_low_ss_0.50_nrna_high	21	gdna	nrna	3
gdna_low_ss_0.50_nrna_high	-1	gdna	unresolved	21
gdna_low_ss_0.50_nrna_high	43	gdna	mrna	42
gdna_low_ss_0.50_nrna_high	42	gdna	nrna	4
gdna_low_ss_0.50_nrna_high	22	gdna	mrna	9
gdna_low_ss_0.50_nrna_high	46	gdna	mrna	4
gdna_low_ss_0.50_nrna_high	37	gdna	mrna	8
gdna_low_ss_0.50_nrna_high	3	gdna	mrna	7
gdna_low_ss_0.50_nrna_high	49	gdna	mrna	2
gdna_low_ss_0.50_nrna_high	14	gdna	mrna	3
gdna_low_ss_0.50_nrna_high	47	gdna	mrna	8
gdna_low_ss_0.50_nrna_high	4	mrna	nrna	4191
gdna_low_ss_0.50_nrna_high	34	mrna	nrna	1209
gdna_low_ss_0.50_nrna_high	34	mrna	mrna	33115
gdna_low_ss_0.50_nrna_high	43	mrna	mrna	12842
gdna_low_ss_0.50_nrna_high	43	mrna	nrna	423
gdna_low_ss_0.50_nrna_high	26	mrna	mrna	8079
gdna_low_ss_0.50_nrna_high	10	mrna	mrna	7872
gdna_low_ss_0.50_nrna_high	17	mrna	mrna	4342
gdna_low_ss_0.50_nrna_high	20	mrna	nrna	3328
gdna_low_ss_0.50_nrna_high	7	mrna	nrna	2082
gdna_low_ss_0.50_nrna_high	19	mrna	mrna	949
gdna_low_ss_0.50_nrna_high	25	mrna	mrna	1072
gdna_low_ss_0.50_nrna_high	14	mrna	mrna	111
gdna_low_ss_0.50_nrna_high	15	mrna	mrna	175434
gdna_low_ss_0.50_nrna_high	28	mrna	mrna	7
gdna_low_ss_0.50_nrna_high	39	mrna	mrna	65360
gdna_low_ss_0.50_nrna_high	13	mrna	mrna	23
gdna_low_ss_0.50_nrna_high	1	mrna	mrna	4070
gdna_low_ss_0.50_nrna_high	18	mrna	mrna	12
gdna_low_ss_0.50_nrna_high	41	mrna	mrna	5366
gdna_low_ss_0.50_nrna_high	24	nrna	nrna	25568
gdna_low_ss_0.50_nrna_high	24	nrna	mrna	10279
gdna_low_ss_0.50_nrna_high	34	nrna	mrna	3567
gdna_low_ss_0.50_nrna_high	34	nrna	nrna	9346
gdna_low_ss_0.50_nrna_high	27	nrna	mrna	1495
gdna_low_ss_0.50_nrna_high	30	nrna	mrna	110
gdna_low_ss_0.50_nrna_high	0	nrna	mrna	15
gdna_low_ss_0.50_nrna_high	37	nrna	mrna	11
gdna_low_ss_0.50_nrna_high	14	nrna	mrna	1
gdna_low_ss_0.50_nrna_high	8	nrna	mrna	10
gdna_low_ss_0.50_nrna_high	4	nrna	nrna	13952
gdna_low_ss_0.50_nrna_high	4	nrna	mrna	7418
gdna_low_ss_0.50_nrna_high	45	nrna	mrna	1
gdna_low_ss_0.50_nrna_high	17	nrna	mrna	364
gdna_low_ss_0.50_nrna_high	2	gdna	mrna	5
gdna_low_ss_0.50_nrna_high	21	mrna	mrna	75408
gdna_low_ss_0.50_nrna_high	15	mrna	nrna	42
gdna_low_ss_0.50_nrna_high	22	mrna	mrna	4338
gdna_low_ss_0.50_nrna_high	31	mrna	nrna	3817
gdna_low_ss_0.50_nrna_high	32	mrna	mrna	21516
gdna_low_ss_0.50_nrna_high	33	mrna	mrna	398
gdna_low_ss_0.50_nrna_high	47	mrna	mrna	96
gdna_low_ss_0.50_nrna_high	38	mrna	mrna	7
gdna_low_ss_0.50_nrna_high	44	nrna	nrna	5967
gdna_low_ss_0.50_nrna_high	44	nrna	mrna	3466
gdna_low_ss_0.50_nrna_high	10	nrna	mrna	522
gdna_low_ss_0.50_nrna_high	25	nrna	mrna	59
gdna_low_ss_0.50_nrna_high	46	nrna	mrna	1
gdna_low_ss_0.50_nrna_high	33	gdna	mrna	4
gdna_low_ss_0.50_nrna_high	37	mrna	mrna	346
gdna_low_ss_0.50_nrna_high	2	mrna	mrna	182
gdna_low_ss_0.50_nrna_high	46	mrna	mrna	65
gdna_low_ss_0.50_nrna_high	52	nrna	mrna	4905
gdna_low_ss_0.50_nrna_high	52	nrna	nrna	3275
gdna_low_ss_0.50_nrna_high	21	nrna	mrna	1706
gdna_low_ss_0.50_nrna_high	21	nrna	nrna	146
gdna_low_ss_0.50_nrna_high	32	nrna	mrna	1078
gdna_low_ss_0.50_nrna_high	1	nrna	mrna	375
gdna_low_ss_0.50_nrna_high	5	nrna	mrna	40
gdna_low_ss_0.50_nrna_high	39	nrna	mrna	35
gdna_low_ss_0.50_nrna_high	13	gdna	mrna	1
gdna_low_ss_0.99_nrna_high	24	mrna	mrna	101360
gdna_low_ss_0.99_nrna_high	24	mrna	nrna	9849
gdna_low_ss_0.99_nrna_high	-1	mrna	gdna	5655
gdna_low_ss_0.99_nrna_high	27	mrna	mrna	71208
gdna_low_ss_0.99_nrna_high	27	mrna	nrna	1473
gdna_low_ss_0.99_nrna_high	30	mrna	mrna	35007
gdna_low_ss_0.99_nrna_high	44	mrna	mrna	91760
gdna_low_ss_0.99_nrna_high	44	mrna	nrna	2568
gdna_low_ss_0.99_nrna_high	5	mrna	mrna	10703
gdna_low_ss_0.99_nrna_high	30	mrna	nrna	9
gdna_low_ss_0.99_nrna_high	9	mrna	mrna	7024
gdna_low_ss_0.99_nrna_high	6	mrna	mrna	11412
gdna_low_ss_0.99_nrna_high	6	mrna	nrna	859
gdna_low_ss_0.99_nrna_high	3	mrna	mrna	3895
gdna_low_ss_0.99_nrna_high	35	mrna	mrna	2283
gdna_low_ss_0.99_nrna_high	35	mrna	nrna	90
gdna_low_ss_0.99_nrna_high	45	mrna	mrna	34952
gdna_low_ss_0.99_nrna_high	12	mrna	mrna	515
gdna_low_ss_0.99_nrna_high	12	mrna	nrna	37
gdna_low_ss_0.99_nrna_high	0	mrna	mrna	341
gdna_low_ss_0.99_nrna_high	0	mrna	nrna	38
gdna_low_ss_0.99_nrna_high	52	mrna	mrna	64933
gdna_low_ss_0.99_nrna_high	52	mrna	nrna	4697
gdna_low_ss_0.99_nrna_high	8	mrna	mrna	151
gdna_low_ss_0.99_nrna_high	49	mrna	mrna	46
gdna_low_ss_0.99_nrna_high	48	mrna	mrna	8
gdna_low_ss_0.99_nrna_high	42	mrna	nrna	935
gdna_low_ss_0.99_nrna_high	4	mrna	mrna	76541
gdna_low_ss_0.99_nrna_high	23	mrna	nrna	1
gdna_low_ss_0.99_nrna_high	36	mrna	mrna	1159
gdna_low_ss_0.99_nrna_high	15	nrna	nrna	42577
gdna_low_ss_0.99_nrna_high	15	nrna	mrna	6668
gdna_low_ss_0.99_nrna_high	-1	nrna	gdna	20838
gdna_low_ss_0.99_nrna_high	-1	nrna	unresolved	52
gdna_low_ss_0.99_nrna_high	26	nrna	nrna	7211
gdna_low_ss_0.99_nrna_high	26	nrna	mrna	1067
gdna_low_ss_0.99_nrna_high	43	nrna	mrna	1402
gdna_low_ss_0.99_nrna_high	43	nrna	nrna	3656
gdna_low_ss_0.99_nrna_high	35	nrna	nrna	609
gdna_low_ss_0.99_nrna_high	35	nrna	mrna	162
gdna_low_ss_0.99_nrna_high	36	nrna	nrna	500
gdna_low_ss_0.99_nrna_high	36	nrna	mrna	78
gdna_low_ss_0.99_nrna_high	2	nrna	mrna	13
gdna_low_ss_0.99_nrna_high	12	nrna	mrna	72
gdna_low_ss_0.99_nrna_high	12	nrna	nrna	149
gdna_low_ss_0.99_nrna_high	3	nrna	mrna	11
gdna_low_ss_0.99_nrna_high	38	nrna	mrna	1
gdna_low_ss_0.99_nrna_high	6	nrna	nrna	2647
gdna_low_ss_0.99_nrna_high	6	nrna	mrna	1056
gdna_low_ss_0.99_nrna_high	17	nrna	nrna	1312
gdna_low_ss_0.99_nrna_high	17	nrna	mrna	363
gdna_low_ss_0.99_nrna_high	-1	gdna	gdna	245570
gdna_low_ss_0.99_nrna_high	52	gdna	nrna	236
gdna_low_ss_0.99_nrna_high	15	gdna	nrna	418
gdna_low_ss_0.99_nrna_high	6	gdna	nrna	83
gdna_low_ss_0.99_nrna_high	6	gdna	mrna	42
gdna_low_ss_0.99_nrna_high	30	gdna	nrna	72
gdna_low_ss_0.99_nrna_high	43	gdna	nrna	65
gdna_low_ss_0.99_nrna_high	10	gdna	nrna	69
gdna_low_ss_0.99_nrna_high	39	gdna	mrna	77
gdna_low_ss_0.99_nrna_high	44	gdna	mrna	60
gdna_low_ss_0.99_nrna_high	15	gdna	mrna	93
gdna_low_ss_0.99_nrna_high	21	gdna	mrna	109
gdna_low_ss_0.99_nrna_high	27	gdna	nrna	220
gdna_low_ss_0.99_nrna_high	32	gdna	nrna	121
gdna_low_ss_0.99_nrna_high	30	gdna	mrna	20
gdna_low_ss_0.99_nrna_high	52	gdna	mrna	84
gdna_low_ss_0.99_nrna_high	34	gdna	nrna	260
gdna_low_ss_0.99_nrna_high	21	gdna	nrna	127
gdna_low_ss_0.99_nrna_high	1	gdna	nrna	147
gdna_low_ss_0.99_nrna_high	26	gdna	nrna	290
gdna_low_ss_0.99_nrna_high	4	gdna	nrna	153
gdna_low_ss_0.99_nrna_high	25	gdna	mrna	42
gdna_low_ss_0.99_nrna_high	36	gdna	nrna	59
gdna_low_ss_0.99_nrna_high	24	gdna	nrna	232
gdna_low_ss_0.99_nrna_high	7	gdna	nrna	9
gdna_low_ss_0.99_nrna_high	26	gdna	mrna	62
gdna_low_ss_0.99_nrna_high	4	gdna	mrna	80
gdna_low_ss_0.99_nrna_high	41	gdna	mrna	85
gdna_low_ss_0.99_nrna_high	44	gdna	nrna	147
gdna_low_ss_0.99_nrna_high	37	gdna	mrna	36
gdna_low_ss_0.99_nrna_high	35	gdna	mrna	34
gdna_low_ss_0.99_nrna_high	0	gdna	nrna	37
gdna_low_ss_0.99_nrna_high	45	gdna	mrna	35
gdna_low_ss_0.99_nrna_high	38	gdna	mrna	5
gdna_low_ss_0.99_nrna_high	43	gdna	mrna	57
gdna_low_ss_0.99_nrna_high	32	gdna	mrna	63
gdna_low_ss_0.99_nrna_high	27	gdna	mrna	78
gdna_low_ss_0.99_nrna_high	1	gdna	mrna	19
gdna_low_ss_0.99_nrna_high	34	gdna	mrna	54
gdna_low_ss_0.99_nrna_high	19	gdna	mrna	36
gdna_low_ss_0.99_nrna_high	35	gdna	nrna	88
gdna_low_ss_0.99_nrna_high	48	gdna	mrna	3
gdna_low_ss_0.99_nrna_high	46	gdna	mrna	16
gdna_low_ss_0.99_nrna_high	24	gdna	mrna	81
gdna_low_ss_0.99_nrna_high	9	gdna	mrna	13
gdna_low_ss_0.99_nrna_high	20	gdna	nrna	11
gdna_low_ss_0.99_nrna_high	17	gdna	nrna	55
gdna_low_ss_0.99_nrna_high	10	gdna	mrna	17
gdna_low_ss_0.99_nrna_high	5	gdna	mrna	45
gdna_low_ss_0.99_nrna_high	42	gdna	nrna	3
gdna_low_ss_0.99_nrna_high	47	gdna	mrna	14
gdna_low_ss_0.99_nrna_high	-1	gdna	unresolved	21
gdna_low_ss_0.99_nrna_high	12	gdna	nrna	14
gdna_low_ss_0.99_nrna_high	36	gdna	mrna	12
gdna_low_ss_0.99_nrna_high	31	gdna	nrna	24
gdna_low_ss_0.99_nrna_high	17	gdna	mrna	28
gdna_low_ss_0.99_nrna_high	2	gdna	mrna	12
gdna_low_ss_0.99_nrna_high	13	gdna	mrna	6
gdna_low_ss_0.99_nrna_high	22	gdna	mrna	8
gdna_low_ss_0.99_nrna_high	14	gdna	mrna	9
gdna_low_ss_0.99_nrna_high	8	gdna	mrna	3
gdna_low_ss_0.99_nrna_high	3	gdna	mrna	5
gdna_low_ss_0.99_nrna_high	0	gdna	mrna	4
gdna_low_ss_0.99_nrna_high	49	gdna	mrna	5
gdna_low_ss_0.99_nrna_high	28	gdna	mrna	3
gdna_low_ss_0.99_nrna_high	12	gdna	mrna	6
gdna_low_ss_0.99_nrna_high	4	mrna	nrna	7531
gdna_low_ss_0.99_nrna_high	34	mrna	mrna	33337
gdna_low_ss_0.99_nrna_high	34	mrna	nrna	3374
gdna_low_ss_0.99_nrna_high	43	mrna	mrna	13635
gdna_low_ss_0.99_nrna_high	43	mrna	nrna	1265
gdna_low_ss_0.99_nrna_high	26	mrna	mrna	8818
gdna_low_ss_0.99_nrna_high	26	mrna	nrna	819
gdna_low_ss_0.99_nrna_high	10	mrna	mrna	8139
gdna_low_ss_0.99_nrna_high	10	mrna	nrna	433
gdna_low_ss_0.99_nrna_high	17	mrna	mrna	4438
gdna_low_ss_0.99_nrna_high	17	mrna	nrna	309
gdna_low_ss_0.99_nrna_high	20	mrna	nrna	3544
gdna_low_ss_0.99_nrna_high	7	mrna	nrna	2189
gdna_low_ss_0.99_nrna_high	19	mrna	mrna	1429
gdna_low_ss_0.99_nrna_high	25	mrna	mrna	1636
gdna_low_ss_0.99_nrna_high	14	mrna	mrna	170
gdna_low_ss_0.99_nrna_high	15	mrna	mrna	174313
gdna_low_ss_0.99_nrna_high	15	mrna	nrna	4182
gdna_low_ss_0.99_nrna_high	28	mrna	mrna	44
gdna_low_ss_0.99_nrna_high	39	mrna	mrna	66404
gdna_low_ss_0.99_nrna_high	13	mrna	mrna	44
gdna_low_ss_0.99_nrna_high	1	mrna	mrna	4377
gdna_low_ss_0.99_nrna_high	1	mrna	nrna	331
gdna_low_ss_0.99_nrna_high	18	mrna	mrna	15
gdna_low_ss_0.99_nrna_high	41	mrna	mrna	6455
gdna_low_ss_0.99_nrna_high	24	nrna	nrna	40930
gdna_low_ss_0.99_nrna_high	24	nrna	mrna	10338
gdna_low_ss_0.99_nrna_high	34	nrna	mrna	3574
gdna_low_ss_0.99_nrna_high	34	nrna	nrna	25599
gdna_low_ss_0.99_nrna_high	27	nrna	nrna	8128
gdna_low_ss_0.99_nrna_high	27	nrna	mrna	1493
gdna_low_ss_0.99_nrna_high	30	nrna	nrna	1135
gdna_low_ss_0.99_nrna_high	30	nrna	mrna	111
gdna_low_ss_0.99_nrna_high	0	nrna	nrna	649
gdna_low_ss_0.99_nrna_high	0	nrna	mrna	19
gdna_low_ss_0.99_nrna_high	37	nrna	mrna	46
gdna_low_ss_0.99_nrna_high	14	nrna	mrna	11
gdna_low_ss_0.99_nrna_high	8	nrna	mrna	14
gdna_low_ss_0.99_nrna_high	8	nrna	nrna	8
gdna_low_ss_0.99_nrna_high	28	nrna	mrna	4
gdna_low_ss_0.99_nrna_high	4	nrna	nrna	23055
gdna_low_ss_0.99_nrna_high	4	nrna	mrna	7405
gdna_low_ss_0.99_nrna_high	45	nrna	mrna	1
gdna_low_ss_0.99_nrna_high	18	gdna	mrna	3
gdna_low_ss_0.99_nrna_high	21	mrna	mrna	78399
gdna_low_ss_0.99_nrna_high	21	mrna	nrna	1057
gdna_low_ss_0.99_nrna_high	22	mrna	mrna	4438
gdna_low_ss_0.99_nrna_high	31	mrna	nrna	4134
gdna_low_ss_0.99_nrna_high	32	mrna	mrna	22125
gdna_low_ss_0.99_nrna_high	32	mrna	nrna	1118
gdna_low_ss_0.99_nrna_high	36	mrna	nrna	36
gdna_low_ss_0.99_nrna_high	33	mrna	mrna	461
gdna_low_ss_0.99_nrna_high	47	mrna	mrna	256
gdna_low_ss_0.99_nrna_high	38	mrna	mrna	8
gdna_low_ss_0.99_nrna_high	44	nrna	nrna	15956
gdna_low_ss_0.99_nrna_high	44	nrna	mrna	3452
gdna_low_ss_0.99_nrna_high	10	nrna	nrna	2364
gdna_low_ss_0.99_nrna_high	10	nrna	mrna	550
gdna_low_ss_0.99_nrna_high	25	nrna	mrna	105
gdna_low_ss_0.99_nrna_high	46	nrna	mrna	13
gdna_low_ss_0.99_nrna_high	33	gdna	mrna	4
gdna_low_ss_0.99_nrna_high	8	gdna	nrna	1
gdna_low_ss_0.99_nrna_high	37	mrna	mrna	823
gdna_low_ss_0.99_nrna_high	2	mrna	mrna	267
gdna_low_ss_0.99_nrna_high	46	mrna	mrna	138
gdna_low_ss_0.99_nrna_high	52	nrna	nrna	18400
gdna_low_ss_0.99_nrna_high	52	nrna	mrna	4974
gdna_low_ss_0.99_nrna_high	21	nrna	mrna	1181
gdna_low_ss_0.99_nrna_high	21	nrna	nrna	7235
gdna_low_ss_0.99_nrna_high	32	nrna	nrna	3705
gdna_low_ss_0.99_nrna_high	32	nrna	mrna	1114
gdna_low_ss_0.99_nrna_high	1	nrna	nrna	3388
gdna_low_ss_0.99_nrna_high	1	nrna	mrna	407
gdna_low_ss_0.99_nrna_high	5	nrna	mrna	40
gdna_low_ss_0.99_nrna_high	39	nrna	mrna	36
gdna_low_ss_0.99_nrna_high	13	nrna	mrna	1
gdna_med_ss_0.50_nrna_high	24	mrna	mrna	100574
gdna_med_ss_0.50_nrna_high	24	mrna	nrna	7413
gdna_med_ss_0.50_nrna_high	-1	mrna	gdna	42897
gdna_med_ss_0.50_nrna_high	27	mrna	mrna	70585
gdna_med_ss_0.50_nrna_high	30	mrna	mrna	34646
gdna_med_ss_0.50_nrna_high	44	mrna	mrna	92466
gdna_med_ss_0.50_nrna_high	44	mrna	nrna	58
gdna_med_ss_0.50_nrna_high	5	mrna	mrna	9898
gdna_med_ss_0.50_nrna_high	9	mrna	mrna	6628
gdna_med_ss_0.50_nrna_high	6	mrna	mrna	10803
gdna_med_ss_0.50_nrna_high	3	mrna	mrna	3831
gdna_med_ss_0.50_nrna_high	35	mrna	mrna	1690
gdna_med_ss_0.50_nrna_high	45	mrna	mrna	34407
gdna_med_ss_0.50_nrna_high	12	mrna	mrna	472
gdna_med_ss_0.50_nrna_high	0	mrna	mrna	320
gdna_med_ss_0.50_nrna_high	52	mrna	mrna	64194
gdna_med_ss_0.50_nrna_high	52	mrna	nrna	2385
gdna_med_ss_0.50_nrna_high	8	mrna	mrna	114
gdna_med_ss_0.50_nrna_high	49	mrna	mrna	34
gdna_med_ss_0.50_nrna_high	48	mrna	mrna	10
gdna_med_ss_0.50_nrna_high	42	mrna	nrna	801
gdna_med_ss_0.50_nrna_high	4	mrna	mrna	76577
gdna_med_ss_0.50_nrna_high	4	mrna	nrna	5228
gdna_med_ss_0.50_nrna_high	36	mrna	mrna	989
gdna_med_ss_0.50_nrna_high	15	nrna	nrna	29810
gdna_med_ss_0.50_nrna_high	-1	nrna	gdna	115333
gdna_med_ss_0.50_nrna_high	15	nrna	mrna	6727
gdna_med_ss_0.50_nrna_high	-1	nrna	unresolved	51
gdna_med_ss_0.50_nrna_high	26	nrna	mrna	835
gdna_med_ss_0.50_nrna_high	43	nrna	mrna	1603
gdna_med_ss_0.50_nrna_high	43	nrna	nrna	1642
gdna_med_ss_0.50_nrna_high	35	nrna	mrna	126
gdna_med_ss_0.50_nrna_high	36	nrna	mrna	57
gdna_med_ss_0.50_nrna_high	2	nrna	mrna	2
gdna_med_ss_0.50_nrna_high	12	nrna	mrna	56
gdna_med_ss_0.50_nrna_high	3	nrna	mrna	9
gdna_med_ss_0.50_nrna_high	6	nrna	mrna	928
gdna_med_ss_0.50_nrna_high	17	nrna	mrna	331
gdna_med_ss_0.50_nrna_high	-1	gdna	gdna	989724
gdna_med_ss_0.50_nrna_high	52	gdna	nrna	527
gdna_med_ss_0.50_nrna_high	27	gdna	mrna	270
gdna_med_ss_0.50_nrna_high	34	gdna	nrna	741
gdna_med_ss_0.50_nrna_high	24	gdna	nrna	885
gdna_med_ss_0.50_nrna_high	24	gdna	mrna	342
gdna_med_ss_0.50_nrna_high	2	gdna	mrna	23
gdna_med_ss_0.50_nrna_high	45	gdna	mrna	129
gdna_med_ss_0.50_nrna_high	6	gdna	mrna	203
gdna_med_ss_0.50_nrna_high	26	gdna	mrna	255
gdna_med_ss_0.50_nrna_high	44	gdna	mrna	216
gdna_med_ss_0.50_nrna_high	15	gdna	nrna	1258
gdna_med_ss_0.50_nrna_high	35	gdna	mrna	121
gdna_med_ss_0.50_nrna_high	34	gdna	mrna	219
gdna_med_ss_0.50_nrna_high	4	gdna	nrna	550
gdna_med_ss_0.50_nrna_high	21	gdna	mrna	528
gdna_med_ss_0.50_nrna_high	41	gdna	mrna	231
gdna_med_ss_0.50_nrna_high	44	gdna	nrna	416
gdna_med_ss_0.50_nrna_high	1	gdna	mrna	94
gdna_med_ss_0.50_nrna_high	32	gdna	mrna	283
gdna_med_ss_0.50_nrna_high	5	gdna	mrna	207
gdna_med_ss_0.50_nrna_high	20	gdna	nrna	61
gdna_med_ss_0.50_nrna_high	22	gdna	mrna	28
gdna_med_ss_0.50_nrna_high	43	gdna	mrna	178
gdna_med_ss_0.50_nrna_high	43	gdna	nrna	115
gdna_med_ss_0.50_nrna_high	17	gdna	mrna	88
gdna_med_ss_0.50_nrna_high	52	gdna	mrna	355
gdna_med_ss_0.50_nrna_high	15	gdna	mrna	381
gdna_med_ss_0.50_nrna_high	4	gdna	mrna	264
gdna_med_ss_0.50_nrna_high	9	gdna	mrna	87
gdna_med_ss_0.50_nrna_high	31	gdna	nrna	71
gdna_med_ss_0.50_nrna_high	39	gdna	mrna	270
gdna_med_ss_0.50_nrna_high	10	gdna	mrna	88
gdna_med_ss_0.50_nrna_high	-1	gdna	unresolved	135
gdna_med_ss_0.50_nrna_high	30	gdna	mrna	71
gdna_med_ss_0.50_nrna_high	21	gdna	nrna	169
gdna_med_ss_0.50_nrna_high	19	gdna	mrna	88
gdna_med_ss_0.50_nrna_high	36	gdna	mrna	30
gdna_med_ss_0.50_nrna_high	14	gdna	mrna	14
gdna_med_ss_0.50_nrna_high	37	gdna	mrna	52
gdna_med_ss_0.50_nrna_high	47	gdna	mrna	11
gdna_med_ss_0.50_nrna_high	7	gdna	nrna	30
gdna_med_ss_0.50_nrna_high	3	gdna	mrna	15
gdna_med_ss_0.50_nrna_high	42	gdna	nrna	36
gdna_med_ss_0.50_nrna_high	12	gdna	mrna	25
gdna_med_ss_0.50_nrna_high	25	gdna	mrna	68
gdna_med_ss_0.50_nrna_high	46	gdna	mrna	6
gdna_med_ss_0.50_nrna_high	0	gdna	mrna	10
gdna_med_ss_0.50_nrna_high	33	gdna	mrna	14
gdna_med_ss_0.50_nrna_high	13	gdna	mrna	3
gdna_med_ss_0.50_nrna_high	8	gdna	mrna	7
gdna_med_ss_0.50_nrna_high	34	mrna	mrna	32935
gdna_med_ss_0.50_nrna_high	34	mrna	nrna	1996
gdna_med_ss_0.50_nrna_high	43	mrna	mrna	12890
gdna_med_ss_0.50_nrna_high	43	mrna	nrna	730
gdna_med_ss_0.50_nrna_high	26	mrna	mrna	8006
gdna_med_ss_0.50_nrna_high	10	mrna	mrna	7878
gdna_med_ss_0.50_nrna_high	17	mrna	mrna	4265
gdna_med_ss_0.50_nrna_high	20	mrna	nrna	3330
gdna_med_ss_0.50_nrna_high	7	mrna	nrna	2076
gdna_med_ss_0.50_nrna_high	19	mrna	mrna	873
gdna_med_ss_0.50_nrna_high	25	mrna	mrna	1100
gdna_med_ss_0.50_nrna_high	14	mrna	mrna	100
gdna_med_ss_0.50_nrna_high	15	mrna	mrna	175787
gdna_med_ss_0.50_nrna_high	28	mrna	mrna	12
gdna_med_ss_0.50_nrna_high	39	mrna	mrna	65151
gdna_med_ss_0.50_nrna_high	13	mrna	mrna	16
gdna_med_ss_0.50_nrna_high	1	mrna	mrna	4084
gdna_med_ss_0.50_nrna_high	18	mrna	mrna	19
gdna_med_ss_0.50_nrna_high	2	mrna	mrna	189
gdna_med_ss_0.50_nrna_high	41	mrna	mrna	5024
gdna_med_ss_0.50_nrna_high	24	nrna	nrna	30976
gdna_med_ss_0.50_nrna_high	24	nrna	mrna	10257
gdna_med_ss_0.50_nrna_high	34	nrna	nrna	14901
gdna_med_ss_0.50_nrna_high	34	nrna	mrna	3498
gdna_med_ss_0.50_nrna_high	27	nrna	mrna	1483
gdna_med_ss_0.50_nrna_high	30	nrna	mrna	104
gdna_med_ss_0.50_nrna_high	0	nrna	mrna	37
gdna_med_ss_0.50_nrna_high	37	nrna	mrna	13
gdna_med_ss_0.50_nrna_high	14	nrna	mrna	4
gdna_med_ss_0.50_nrna_high	8	nrna	mrna	6
gdna_med_ss_0.50_nrna_high	28	nrna	mrna	1
gdna_med_ss_0.50_nrna_high	4	nrna	nrna	17058
gdna_med_ss_0.50_nrna_high	4	nrna	mrna	7281
gdna_med_ss_0.50_nrna_high	28	gdna	mrna	4
gdna_med_ss_0.50_nrna_high	49	gdna	mrna	1
gdna_med_ss_0.50_nrna_high	48	gdna	mrna	2
gdna_med_ss_0.50_nrna_high	21	mrna	mrna	75448
gdna_med_ss_0.50_nrna_high	21	mrna	nrna	466
gdna_med_ss_0.50_nrna_high	15	mrna	nrna	63
gdna_med_ss_0.50_nrna_high	22	mrna	mrna	4298
gdna_med_ss_0.50_nrna_high	31	mrna	nrna	3815
gdna_med_ss_0.50_nrna_high	32	mrna	mrna	21544
gdna_med_ss_0.50_nrna_high	33	mrna	mrna	387
gdna_med_ss_0.50_nrna_high	47	mrna	mrna	82
gdna_med_ss_0.50_nrna_high	38	mrna	mrna	6
gdna_med_ss_0.50_nrna_high	44	nrna	nrna	9481
gdna_med_ss_0.50_nrna_high	44	nrna	mrna	3501
gdna_med_ss_0.50_nrna_high	10	nrna	mrna	502
gdna_med_ss_0.50_nrna_high	25	nrna	mrna	52
gdna_med_ss_0.50_nrna_high	46	nrna	mrna	1
gdna_med_ss_0.50_nrna_high	22	nrna	mrna	1
gdna_med_ss_0.50_nrna_high	37	mrna	mrna	348
gdna_med_ss_0.50_nrna_high	46	mrna	mrna	61
gdna_med_ss_0.50_nrna_high	11	mrna	mrna	1
gdna_med_ss_0.50_nrna_high	52	nrna	mrna	4774
gdna_med_ss_0.50_nrna_high	52	nrna	nrna	9163
gdna_med_ss_0.50_nrna_high	21	nrna	nrna	2136
gdna_med_ss_0.50_nrna_high	21	nrna	mrna	1689
gdna_med_ss_0.50_nrna_high	32	nrna	mrna	1064
gdna_med_ss_0.50_nrna_high	1	nrna	mrna	325
gdna_med_ss_0.50_nrna_high	5	nrna	mrna	31
gdna_med_ss_0.50_nrna_high	39	nrna	mrna	36
gdna_med_ss_0.50_nrna_high	18	gdna	mrna	1
gdna_med_ss_0.99_nrna_high	24	mrna	mrna	101505
gdna_med_ss_0.99_nrna_high	24	mrna	nrna	9439
gdna_med_ss_0.99_nrna_high	-1	mrna	gdna	11129
gdna_med_ss_0.99_nrna_high	27	mrna	mrna	71303
gdna_med_ss_0.99_nrna_high	27	mrna	nrna	1185
gdna_med_ss_0.99_nrna_high	30	mrna	mrna	34963
gdna_med_ss_0.99_nrna_high	44	mrna	mrna	91771
gdna_med_ss_0.99_nrna_high	44	mrna	nrna	2379
gdna_med_ss_0.99_nrna_high	5	mrna	mrna	10534
gdna_med_ss_0.99_nrna_high	30	mrna	nrna	4
gdna_med_ss_0.99_nrna_high	9	mrna	mrna	6905
gdna_med_ss_0.99_nrna_high	6	mrna	mrna	11349
gdna_med_ss_0.99_nrna_high	6	mrna	nrna	684
gdna_med_ss_0.99_nrna_high	3	mrna	mrna	3874
gdna_med_ss_0.99_nrna_high	35	mrna	mrna	2231
gdna_med_ss_0.99_nrna_high	45	mrna	mrna	34860
gdna_med_ss_0.99_nrna_high	12	mrna	mrna	508
gdna_med_ss_0.99_nrna_high	12	mrna	nrna	30
gdna_med_ss_0.99_nrna_high	0	mrna	mrna	339
gdna_med_ss_0.99_nrna_high	0	mrna	nrna	22
gdna_med_ss_0.99_nrna_high	52	mrna	mrna	64753
gdna_med_ss_0.99_nrna_high	52	mrna	nrna	4578
gdna_med_ss_0.99_nrna_high	8	mrna	mrna	136
gdna_med_ss_0.99_nrna_high	49	mrna	mrna	40
gdna_med_ss_0.99_nrna_high	48	mrna	mrna	13
gdna_med_ss_0.99_nrna_high	42	mrna	nrna	901
gdna_med_ss_0.99_nrna_high	4	mrna	mrna	77045
gdna_med_ss_0.99_nrna_high	4	mrna	nrna	6833
gdna_med_ss_0.99_nrna_high	23	mrna	nrna	1
gdna_med_ss_0.99_nrna_high	36	mrna	mrna	1116
gdna_med_ss_0.99_nrna_high	15	nrna	nrna	40811
gdna_med_ss_0.99_nrna_high	-1	nrna	gdna	34732
gdna_med_ss_0.99_nrna_high	15	nrna	mrna	6746
gdna_med_ss_0.99_nrna_high	-1	nrna	unresolved	51
gdna_med_ss_0.99_nrna_high	26	nrna	nrna	5660
gdna_med_ss_0.99_nrna_high	26	nrna	mrna	968
gdna_med_ss_0.99_nrna_high	43	nrna	nrna	3380
gdna_med_ss_0.99_nrna_high	43	nrna	mrna	1435
gdna_med_ss_0.99_nrna_high	35	nrna	mrna	166
gdna_med_ss_0.99_nrna_high	35	nrna	nrna	77
gdna_med_ss_0.99_nrna_high	36	nrna	mrna	64
gdna_med_ss_0.99_nrna_high	36	nrna	nrna	185
gdna_med_ss_0.99_nrna_high	2	nrna	mrna	13
gdna_med_ss_0.99_nrna_high	12	nrna	nrna	103
gdna_med_ss_0.99_nrna_high	12	nrna	mrna	60
gdna_med_ss_0.99_nrna_high	3	nrna	mrna	9
gdna_med_ss_0.99_nrna_high	38	nrna	mrna	1
gdna_med_ss_0.99_nrna_high	6	nrna	mrna	1003
gdna_med_ss_0.99_nrna_high	6	nrna	nrna	2253
gdna_med_ss_0.99_nrna_high	17	nrna	mrna	343
gdna_med_ss_0.99_nrna_high	17	nrna	nrna	1087
gdna_med_ss_0.99_nrna_high	-1	gdna	gdna	987217
gdna_med_ss_0.99_nrna_high	26	gdna	nrna	763
gdna_med_ss_0.99_nrna_high	52	gdna	nrna	663
gdna_med_ss_0.99_nrna_high	27	gdna	mrna	232
gdna_med_ss_0.99_nrna_high	43	gdna	nrna	166
gdna_med_ss_0.99_nrna_high	24	gdna	nrna	782
gdna_med_ss_0.99_nrna_high	34	gdna	nrna	847
gdna_med_ss_0.99_nrna_high	6	gdna	nrna	259
gdna_med_ss_0.99_nrna_high	45	gdna	mrna	105
gdna_med_ss_0.99_nrna_high	26	gdna	mrna	172
gdna_med_ss_0.99_nrna_high	24	gdna	mrna	302
gdna_med_ss_0.99_nrna_high	25	gdna	mrna	88
gdna_med_ss_0.99_nrna_high	1	gdna	nrna	407
gdna_med_ss_0.99_nrna_high	19	gdna	mrna	71
gdna_med_ss_0.99_nrna_high	30	gdna	nrna	161
gdna_med_ss_0.99_nrna_high	44	gdna	mrna	197
gdna_med_ss_0.99_nrna_high	15	gdna	nrna	1157
gdna_med_ss_0.99_nrna_high	34	gdna	mrna	185
gdna_med_ss_0.99_nrna_high	4	gdna	nrna	510
gdna_med_ss_0.99_nrna_high	41	gdna	mrna	213
gdna_med_ss_0.99_nrna_high	32	gdna	nrna	351
gdna_med_ss_0.99_nrna_high	44	gdna	nrna	476
gdna_med_ss_0.99_nrna_high	1	gdna	mrna	64
gdna_med_ss_0.99_nrna_high	47	gdna	mrna	22
gdna_med_ss_0.99_nrna_high	35	gdna	mrna	111
gdna_med_ss_0.99_nrna_high	43	gdna	mrna	157
gdna_med_ss_0.99_nrna_high	6	gdna	mrna	161
gdna_med_ss_0.99_nrna_high	32	gdna	mrna	202
gdna_med_ss_0.99_nrna_high	5	gdna	mrna	152
gdna_med_ss_0.99_nrna_high	27	gdna	nrna	560
gdna_med_ss_0.99_nrna_high	21	gdna	nrna	398
gdna_med_ss_0.99_nrna_high	17	gdna	mrna	61
gdna_med_ss_0.99_nrna_high	52	gdna	mrna	283
gdna_med_ss_0.99_nrna_high	15	gdna	mrna	319
gdna_med_ss_0.99_nrna_high	17	gdna	nrna	149
gdna_med_ss_0.99_nrna_high	0	gdna	nrna	60
gdna_med_ss_0.99_nrna_high	21	gdna	mrna	421
gdna_med_ss_0.99_nrna_high	8	gdna	mrna	7
gdna_med_ss_0.99_nrna_high	31	gdna	nrna	49
gdna_med_ss_0.99_nrna_high	10	gdna	nrna	178
gdna_med_ss_0.99_nrna_high	4	gdna	mrna	237
gdna_med_ss_0.99_nrna_high	10	gdna	mrna	82
gdna_med_ss_0.99_nrna_high	22	gdna	mrna	28
gdna_med_ss_0.99_nrna_high	37	gdna	mrna	112
gdna_med_ss_0.99_nrna_high	46	gdna	mrna	20
gdna_med_ss_0.99_nrna_high	-1	gdna	unresolved	135
gdna_med_ss_0.99_nrna_high	39	gdna	mrna	208
gdna_med_ss_0.99_nrna_high	30	gdna	mrna	58
gdna_med_ss_0.99_nrna_high	12	gdna	nrna	31
gdna_med_ss_0.99_nrna_high	35	gdna	nrna	28
gdna_med_ss_0.99_nrna_high	36	gdna	nrna	60
gdna_med_ss_0.99_nrna_high	7	gdna	nrna	23
gdna_med_ss_0.99_nrna_high	2	gdna	mrna	14
gdna_med_ss_0.99_nrna_high	3	gdna	mrna	14
gdna_med_ss_0.99_nrna_high	9	gdna	mrna	72
gdna_med_ss_0.99_nrna_high	14	gdna	mrna	27
gdna_med_ss_0.99_nrna_high	42	gdna	nrna	20
gdna_med_ss_0.99_nrna_high	12	gdna	mrna	16
gdna_med_ss_0.99_nrna_high	13	gdna	mrna	10
gdna_med_ss_0.99_nrna_high	20	gdna	nrna	40
gdna_med_ss_0.99_nrna_high	36	gdna	mrna	28
gdna_med_ss_0.99_nrna_high	49	gdna	mrna	8
gdna_med_ss_0.99_nrna_high	33	gdna	mrna	11
gdna_med_ss_0.99_nrna_high	0	gdna	mrna	14
gdna_med_ss_0.99_nrna_high	28	gdna	mrna	14
gdna_med_ss_0.99_nrna_high	18	gdna	mrna	5
gdna_med_ss_0.99_nrna_high	34	mrna	mrna	33257
gdna_med_ss_0.99_nrna_high	34	mrna	nrna	3221
gdna_med_ss_0.99_nrna_high	43	mrna	mrna	13461
gdna_med_ss_0.99_nrna_high	43	mrna	nrna	1213
gdna_med_ss_0.99_nrna_high	26	mrna	mrna	8694
gdna_med_ss_0.99_nrna_high	26	mrna	nrna	684
gdna_med_ss_0.99_nrna_high	10	mrna	mrna	7995
gdna_med_ss_0.99_nrna_high	10	mrna	nrna	440
gdna_med_ss_0.99_nrna_high	17	mrna	mrna	4376
gdna_med_ss_0.99_nrna_high	17	mrna	nrna	264
gdna_med_ss_0.99_nrna_high	20	mrna	nrna	3506
gdna_med_ss_0.99_nrna_high	7	mrna	nrna	2148
gdna_med_ss_0.99_nrna_high	19	mrna	mrna	1311
gdna_med_ss_0.99_nrna_high	25	mrna	mrna	1516
gdna_med_ss_0.99_nrna_high	14	mrna	mrna	137
gdna_med_ss_0.99_nrna_high	15	mrna	mrna	176542
gdna_med_ss_0.99_nrna_high	15	mrna	nrna	1660
gdna_med_ss_0.99_nrna_high	28	mrna	mrna	30
gdna_med_ss_0.99_nrna_high	39	mrna	mrna	66189
gdna_med_ss_0.99_nrna_high	13	mrna	mrna	30
gdna_med_ss_0.99_nrna_high	1	mrna	mrna	4337
gdna_med_ss_0.99_nrna_high	1	mrna	nrna	276
gdna_med_ss_0.99_nrna_high	18	mrna	mrna	17
gdna_med_ss_0.99_nrna_high	2	mrna	mrna	232
gdna_med_ss_0.99_nrna_high	41	mrna	mrna	6166
gdna_med_ss_0.99_nrna_high	24	nrna	nrna	39879
gdna_med_ss_0.99_nrna_high	24	nrna	mrna	10317
gdna_med_ss_0.99_nrna_high	34	nrna	nrna	24380
gdna_med_ss_0.99_nrna_high	34	nrna	mrna	3547
gdna_med_ss_0.99_nrna_high	27	nrna	nrna	7092
gdna_med_ss_0.99_nrna_high	27	nrna	mrna	1507
gdna_med_ss_0.99_nrna_high	30	nrna	nrna	654
gdna_med_ss_0.99_nrna_high	30	nrna	mrna	109
gdna_med_ss_0.99_nrna_high	0	nrna	mrna	41
gdna_med_ss_0.99_nrna_high	0	nrna	nrna	493
gdna_med_ss_0.99_nrna_high	37	nrna	mrna	48
gdna_med_ss_0.99_nrna_high	14	nrna	mrna	10
gdna_med_ss_0.99_nrna_high	8	nrna	mrna	11
gdna_med_ss_0.99_nrna_high	28	nrna	mrna	3
gdna_med_ss_0.99_nrna_high	4	nrna	nrna	22329
gdna_med_ss_0.99_nrna_high	4	nrna	mrna	7393
gdna_med_ss_0.99_nrna_high	48	gdna	mrna	5
gdna_med_ss_0.99_nrna_high	11	gdna	mrna	2
gdna_med_ss_0.99_nrna_high	21	mrna	mrna	77929
gdna_med_ss_0.99_nrna_high	21	mrna	nrna	1006
gdna_med_ss_0.99_nrna_high	22	mrna	mrna	4403
gdna_med_ss_0.99_nrna_high	31	mrna	nrna	4086
gdna_med_ss_0.99_nrna_high	32	mrna	mrna	22118
gdna_med_ss_0.99_nrna_high	32	mrna	nrna	879
gdna_med_ss_0.99_nrna_high	36	mrna	nrna	22
gdna_med_ss_0.99_nrna_high	33	mrna	mrna	440
gdna_med_ss_0.99_nrna_high	47	mrna	mrna	214
gdna_med_ss_0.99_nrna_high	38	mrna	mrna	6
gdna_med_ss_0.99_nrna_high	44	nrna	nrna	15216
gdna_med_ss_0.99_nrna_high	44	nrna	mrna	3454
gdna_med_ss_0.99_nrna_high	10	nrna	nrna	2106
gdna_med_ss_0.99_nrna_high	10	nrna	mrna	508
gdna_med_ss_0.99_nrna_high	25	nrna	mrna	104
gdna_med_ss_0.99_nrna_high	46	nrna	mrna	4
gdna_med_ss_0.99_nrna_high	22	nrna	mrna	1
gdna_med_ss_0.99_nrna_high	37	mrna	mrna	674
gdna_med_ss_0.99_nrna_high	46	mrna	mrna	90
gdna_med_ss_0.99_nrna_high	11	mrna	mrna	1
gdna_med_ss_0.99_nrna_high	52	nrna	mrna	4833
gdna_med_ss_0.99_nrna_high	52	nrna	nrna	17595
gdna_med_ss_0.99_nrna_high	21	nrna	nrna	6587
gdna_med_ss_0.99_nrna_high	21	nrna	mrna	1217
gdna_med_ss_0.99_nrna_high	32	nrna	nrna	3069
gdna_med_ss_0.99_nrna_high	32	nrna	mrna	1090
gdna_med_ss_0.99_nrna_high	1	nrna	nrna	2709
gdna_med_ss_0.99_nrna_high	1	nrna	mrna	360
gdna_med_ss_0.99_nrna_high	5	nrna	mrna	34
gdna_med_ss_0.99_nrna_high	39	nrna	mrna	36
gdna_med_ss_0.99_nrna_high	13	nrna	mrna	2
gdna_high_ss_0.50_nrna_high	24	mrna	mrna	100190
gdna_high_ss_0.50_nrna_high	24	mrna	nrna	7350
gdna_high_ss_0.50_nrna_high	-1	mrna	gdna	50417
gdna_high_ss_0.50_nrna_high	27	mrna	mrna	70230
gdna_high_ss_0.50_nrna_high	30	mrna	mrna	34484
gdna_high_ss_0.50_nrna_high	44	mrna	mrna	92230
gdna_high_ss_0.50_nrna_high	44	mrna	nrna	29
gdna_high_ss_0.50_nrna_high	5	mrna	mrna	9596
gdna_high_ss_0.50_nrna_high	9	mrna	mrna	6501
gdna_high_ss_0.50_nrna_high	6	mrna	mrna	10521
gdna_high_ss_0.50_nrna_high	3	mrna	mrna	3787
gdna_high_ss_0.50_nrna_high	35	mrna	mrna	1591
gdna_high_ss_0.50_nrna_high	45	mrna	mrna	34281
gdna_high_ss_0.50_nrna_high	12	mrna	mrna	430
gdna_high_ss_0.50_nrna_high	0	mrna	mrna	306
gdna_high_ss_0.50_nrna_high	52	mrna	mrna	63858
gdna_high_ss_0.50_nrna_high	52	mrna	nrna	2250
gdna_high_ss_0.50_nrna_high	8	mrna	mrna	116
gdna_high_ss_0.50_nrna_high	49	mrna	mrna	31
gdna_high_ss_0.50_nrna_high	48	mrna	mrna	5
gdna_high_ss_0.50_nrna_high	42	mrna	nrna	757
gdna_high_ss_0.50_nrna_high	4	mrna	nrna	5033
gdna_high_ss_0.50_nrna_high	4	mrna	mrna	76296
gdna_high_ss_0.50_nrna_high	36	mrna	mrna	929
gdna_high_ss_0.50_nrna_high	-1	nrna	gdna	122084
gdna_high_ss_0.50_nrna_high	15	nrna	nrna	27732
gdna_high_ss_0.50_nrna_high	15	nrna	mrna	6749
gdna_high_ss_0.50_nrna_high	-1	nrna	unresolved	52
gdna_high_ss_0.50_nrna_high	26	nrna	mrna	906
gdna_high_ss_0.50_nrna_high	43	nrna	nrna	1515
gdna_high_ss_0.50_nrna_high	43	nrna	mrna	1535
gdna_high_ss_0.50_nrna_high	35	nrna	mrna	116
gdna_high_ss_0.50_nrna_high	36	nrna	mrna	52
gdna_high_ss_0.50_nrna_high	2	nrna	mrna	2
gdna_high_ss_0.50_nrna_high	12	nrna	mrna	46
gdna_high_ss_0.50_nrna_high	3	nrna	mrna	5
gdna_high_ss_0.50_nrna_high	6	nrna	mrna	920
gdna_high_ss_0.50_nrna_high	17	nrna	mrna	334
gdna_high_ss_0.50_nrna_high	-1	gdna	gdna	1981153
gdna_high_ss_0.50_nrna_high	32	gdna	mrna	445
gdna_high_ss_0.50_nrna_high	15	gdna	nrna	2170
gdna_high_ss_0.50_nrna_high	27	gdna	mrna	538
gdna_high_ss_0.50_nrna_high	7	gdna	nrna	72
gdna_high_ss_0.50_nrna_high	44	gdna	mrna	425
gdna_high_ss_0.50_nrna_high	4	gdna	nrna	974
gdna_high_ss_0.50_nrna_high	52	gdna	nrna	960
gdna_high_ss_0.50_nrna_high	24	gdna	nrna	1543
gdna_high_ss_0.50_nrna_high	6	gdna	mrna	397
gdna_high_ss_0.50_nrna_high	39	gdna	mrna	547
gdna_high_ss_0.50_nrna_high	34	gdna	mrna	407
gdna_high_ss_0.50_nrna_high	52	gdna	mrna	711
gdna_high_ss_0.50_nrna_high	1	gdna	mrna	183
gdna_high_ss_0.50_nrna_high	34	gdna	nrna	1375
gdna_high_ss_0.50_nrna_high	21	gdna	mrna	1015
gdna_high_ss_0.50_nrna_high	15	gdna	mrna	687
gdna_high_ss_0.50_nrna_high	26	gdna	mrna	463
gdna_high_ss_0.50_nrna_high	9	gdna	mrna	157
gdna_high_ss_0.50_nrna_high	30	gdna	mrna	155
gdna_high_ss_0.50_nrna_high	43	gdna	nrna	225
gdna_high_ss_0.50_nrna_high	24	gdna	mrna	694
gdna_high_ss_0.50_nrna_high	4	gdna	mrna	570
gdna_high_ss_0.50_nrna_high	41	gdna	mrna	453
gdna_high_ss_0.50_nrna_high	-1	gdna	unresolved	223
gdna_high_ss_0.50_nrna_high	25	gdna	mrna	109
gdna_high_ss_0.50_nrna_high	19	gdna	mrna	133
gdna_high_ss_0.50_nrna_high	35	gdna	mrna	179
gdna_high_ss_0.50_nrna_high	45	gdna	mrna	250
gdna_high_ss_0.50_nrna_high	20	gdna	nrna	109
gdna_high_ss_0.50_nrna_high	44	gdna	nrna	800
gdna_high_ss_0.50_nrna_high	43	gdna	mrna	335
gdna_high_ss_0.50_nrna_high	5	gdna	mrna	309
gdna_high_ss_0.50_nrna_high	36	gdna	mrna	61
gdna_high_ss_0.50_nrna_high	31	gdna	nrna	134
gdna_high_ss_0.50_nrna_high	10	gdna	mrna	166
gdna_high_ss_0.50_nrna_high	42	gdna	nrna	42
gdna_high_ss_0.50_nrna_high	21	gdna	nrna	338
gdna_high_ss_0.50_nrna_high	17	gdna	mrna	162
gdna_high_ss_0.50_nrna_high	22	gdna	mrna	61
gdna_high_ss_0.50_nrna_high	37	gdna	mrna	68
gdna_high_ss_0.50_nrna_high	33	gdna	mrna	23
gdna_high_ss_0.50_nrna_high	3	gdna	mrna	33
gdna_high_ss_0.50_nrna_high	47	gdna	mrna	18
gdna_high_ss_0.50_nrna_high	2	gdna	mrna	32
gdna_high_ss_0.50_nrna_high	8	gdna	mrna	10
gdna_high_ss_0.50_nrna_high	0	gdna	mrna	19
gdna_high_ss_0.50_nrna_high	12	gdna	mrna	26
gdna_high_ss_0.50_nrna_high	13	gdna	mrna	5
gdna_high_ss_0.50_nrna_high	28	gdna	mrna	5
gdna_high_ss_0.50_nrna_high	46	gdna	mrna	15
gdna_high_ss_0.50_nrna_high	34	mrna	nrna	1952
gdna_high_ss_0.50_nrna_high	34	mrna	mrna	32701
gdna_high_ss_0.50_nrna_high	43	mrna	mrna	12670
gdna_high_ss_0.50_nrna_high	43	mrna	nrna	751
gdna_high_ss_0.50_nrna_high	26	mrna	mrna	7677
gdna_high_ss_0.50_nrna_high	10	mrna	mrna	7787
gdna_high_ss_0.50_nrna_high	17	mrna	mrna	4129
gdna_high_ss_0.50_nrna_high	20	mrna	nrna	3241
gdna_high_ss_0.50_nrna_high	7	mrna	nrna	2018
gdna_high_ss_0.50_nrna_high	19	mrna	mrna	773
gdna_high_ss_0.50_nrna_high	25	mrna	mrna	1020
gdna_high_ss_0.50_nrna_high	14	mrna	mrna	91
gdna_high_ss_0.50_nrna_high	15	mrna	mrna	175172
gdna_high_ss_0.50_nrna_high	28	mrna	mrna	16
gdna_high_ss_0.50_nrna_high	39	mrna	mrna	64704
gdna_high_ss_0.50_nrna_high	13	mrna	mrna	14
gdna_high_ss_0.50_nrna_high	1	mrna	mrna	4024
gdna_high_ss_0.50_nrna_high	18	mrna	mrna	19
gdna_high_ss_0.50_nrna_high	2	mrna	mrna	193
gdna_high_ss_0.50_nrna_high	41	mrna	mrna	4579
gdna_high_ss_0.50_nrna_high	24	nrna	nrna	29951
gdna_high_ss_0.50_nrna_high	24	nrna	mrna	10109
gdna_high_ss_0.50_nrna_high	34	nrna	nrna	13860
gdna_high_ss_0.50_nrna_high	34	nrna	mrna	3564
gdna_high_ss_0.50_nrna_high	27	nrna	mrna	1412
gdna_high_ss_0.50_nrna_high	30	nrna	mrna	109
gdna_high_ss_0.50_nrna_high	0	nrna	mrna	36
gdna_high_ss_0.50_nrna_high	37	nrna	mrna	15
gdna_high_ss_0.50_nrna_high	8	nrna	mrna	7
gdna_high_ss_0.50_nrna_high	28	nrna	mrna	1
gdna_high_ss_0.50_nrna_high	4	nrna	mrna	7180
gdna_high_ss_0.50_nrna_high	4	nrna	nrna	16416
gdna_high_ss_0.50_nrna_high	45	nrna	mrna	1
gdna_high_ss_0.50_nrna_high	14	gdna	mrna	11
gdna_high_ss_0.50_nrna_high	49	gdna	mrna	5
gdna_high_ss_0.50_nrna_high	21	mrna	mrna	74611
gdna_high_ss_0.50_nrna_high	21	mrna	nrna	487
gdna_high_ss_0.50_nrna_high	15	mrna	nrna	65
gdna_high_ss_0.50_nrna_high	22	mrna	mrna	4261
gdna_high_ss_0.50_nrna_high	31	mrna	nrna	3723
gdna_high_ss_0.50_nrna_high	32	mrna	mrna	21239
gdna_high_ss_0.50_nrna_high	33	mrna	mrna	391
gdna_high_ss_0.50_nrna_high	47	mrna	mrna	63
gdna_high_ss_0.50_nrna_high	38	mrna	mrna	8
gdna_high_ss_0.50_nrna_high	44	nrna	nrna	8935
gdna_high_ss_0.50_nrna_high	44	nrna	mrna	3570
gdna_high_ss_0.50_nrna_high	10	nrna	mrna	500
gdna_high_ss_0.50_nrna_high	25	nrna	mrna	40
gdna_high_ss_0.50_nrna_high	37	mrna	mrna	337
gdna_high_ss_0.50_nrna_high	46	mrna	mrna	66
gdna_high_ss_0.50_nrna_high	52	nrna	nrna	8428
gdna_high_ss_0.50_nrna_high	52	nrna	mrna	4822
gdna_high_ss_0.50_nrna_high	21	nrna	mrna	1590
gdna_high_ss_0.50_nrna_high	21	nrna	nrna	1832
gdna_high_ss_0.50_nrna_high	32	nrna	mrna	1062
gdna_high_ss_0.50_nrna_high	1	nrna	mrna	339
gdna_high_ss_0.50_nrna_high	5	nrna	mrna	32
gdna_high_ss_0.50_nrna_high	39	nrna	mrna	26
gdna_high_ss_0.99_nrna_high	24	mrna	mrna	101388
gdna_high_ss_0.99_nrna_high	24	mrna	nrna	9102
gdna_high_ss_0.99_nrna_high	-1	mrna	gdna	18648
gdna_high_ss_0.99_nrna_high	27	mrna	mrna	71422
gdna_high_ss_0.99_nrna_high	27	mrna	nrna	730
gdna_high_ss_0.99_nrna_high	30	mrna	mrna	34870
gdna_high_ss_0.99_nrna_high	44	mrna	mrna	92066
gdna_high_ss_0.99_nrna_high	44	mrna	nrna	1822
gdna_high_ss_0.99_nrna_high	5	mrna	mrna	10341
gdna_high_ss_0.99_nrna_high	9	mrna	mrna	6792
gdna_high_ss_0.99_nrna_high	6	mrna	mrna	11207
gdna_high_ss_0.99_nrna_high	6	mrna	nrna	613
gdna_high_ss_0.99_nrna_high	3	mrna	mrna	3841
gdna_high_ss_0.99_nrna_high	35	mrna	mrna	2072
gdna_high_ss_0.99_nrna_high	45	mrna	mrna	34751
gdna_high_ss_0.99_nrna_high	12	mrna	mrna	497
gdna_high_ss_0.99_nrna_high	12	mrna	nrna	22
gdna_high_ss_0.99_nrna_high	0	mrna	mrna	335
gdna_high_ss_0.99_nrna_high	0	mrna	nrna	21
gdna_high_ss_0.99_nrna_high	52	mrna	mrna	64336
gdna_high_ss_0.99_nrna_high	52	mrna	nrna	4282
gdna_high_ss_0.99_nrna_high	8	mrna	mrna	137
gdna_high_ss_0.99_nrna_high	49	mrna	mrna	31
gdna_high_ss_0.99_nrna_high	48	mrna	mrna	6
gdna_high_ss_0.99_nrna_high	42	mrna	nrna	868
gdna_high_ss_0.99_nrna_high	4	mrna	mrna	76798
gdna_high_ss_0.99_nrna_high	36	mrna	mrna	1083
gdna_high_ss_0.99_nrna_high	15	nrna	nrna	38864
gdna_high_ss_0.99_nrna_high	-1	nrna	gdna	49323
gdna_high_ss_0.99_nrna_high	15	nrna	mrna	6666
gdna_high_ss_0.99_nrna_high	-1	nrna	unresolved	52
gdna_high_ss_0.99_nrna_high	26	nrna	nrna	4133
gdna_high_ss_0.99_nrna_high	26	nrna	mrna	1014
gdna_high_ss_0.99_nrna_high	43	nrna	nrna	3181
gdna_high_ss_0.99_nrna_high	43	nrna	mrna	1348
gdna_high_ss_0.99_nrna_high	35	nrna	mrna	159
gdna_high_ss_0.99_nrna_high	36	nrna	mrna	64
gdna_high_ss_0.99_nrna_high	2	nrna	mrna	6
gdna_high_ss_0.99_nrna_high	12	nrna	nrna	68
gdna_high_ss_0.99_nrna_high	12	nrna	mrna	52
gdna_high_ss_0.99_nrna_high	3	nrna	mrna	4
gdna_high_ss_0.99_nrna_high	6	nrna	mrna	999
gdna_high_ss_0.99_nrna_high	6	nrna	nrna	1806
gdna_high_ss_0.99_nrna_high	17	nrna	nrna	870
gdna_high_ss_0.99_nrna_high	17	nrna	mrna	342
gdna_high_ss_0.99_nrna_high	-1	gdna	gdna	1979491
gdna_high_ss_0.99_nrna_high	52	gdna	nrna	1159
gdna_high_ss_0.99_nrna_high	15	gdna	nrna	1908
gdna_high_ss_0.99_nrna_high	27	gdna	mrna	422
gdna_high_ss_0.99_nrna_high	7	gdna	nrna	44
gdna_high_ss_0.99_nrna_high	44	gdna	mrna	333
gdna_high_ss_0.99_nrna_high	44	gdna	nrna	833
gdna_high_ss_0.99_nrna_high	24	gdna	nrna	1270
gdna_high_ss_0.99_nrna_high	19	gdna	mrna	175
gdna_high_ss_0.99_nrna_high	39	gdna	mrna	425
gdna_high_ss_0.99_nrna_high	52	gdna	mrna	520
gdna_high_ss_0.99_nrna_high	10	gdna	mrna	130
gdna_high_ss_0.99_nrna_high	26	gdna	mrna	301
gdna_high_ss_0.99_nrna_high	32	gdna	nrna	508
gdna_high_ss_0.99_nrna_high	21	gdna	nrna	679
gdna_high_ss_0.99_nrna_high	43	gdna	nrna	282
gdna_high_ss_0.99_nrna_high	34	gdna	mrna	294
gdna_high_ss_0.99_nrna_high	6	gdna	nrna	365
gdna_high_ss_0.99_nrna_high	27	gdna	nrna	827
gdna_high_ss_0.99_nrna_high	21	gdna	mrna	760
gdna_high_ss_0.99_nrna_high	15	gdna	mrna	536
gdna_high_ss_0.99_nrna_high	6	gdna	mrna	279
gdna_high_ss_0.99_nrna_high	34	gdna	nrna	1438
gdna_high_ss_0.99_nrna_high	30	gdna	mrna	89
gdna_high_ss_0.99_nrna_high	24	gdna	mrna	533
gdna_high_ss_0.99_nrna_high	4	gdna	nrna	866
gdna_high_ss_0.99_nrna_high	41	gdna	mrna	383
gdna_high_ss_0.99_nrna_high	-1	gdna	unresolved	223
gdna_high_ss_0.99_nrna_high	26	gdna	nrna	994
gdna_high_ss_0.99_nrna_high	1	gdna	nrna	444
gdna_high_ss_0.99_nrna_high	10	gdna	nrna	311
gdna_high_ss_0.99_nrna_high	17	gdna	nrna	215
gdna_high_ss_0.99_nrna_high	35	gdna	mrna	132
gdna_high_ss_0.99_nrna_high	32	gdna	mrna	308
gdna_high_ss_0.99_nrna_high	43	gdna	mrna	270
gdna_high_ss_0.99_nrna_high	45	gdna	mrna	191
gdna_high_ss_0.99_nrna_high	14	gdna	mrna	31
gdna_high_ss_0.99_nrna_high	37	gdna	mrna	129
gdna_high_ss_0.99_nrna_high	4	gdna	mrna	435
gdna_high_ss_0.99_nrna_high	12	gdna	nrna	32
gdna_high_ss_0.99_nrna_high	0	gdna	nrna	91
gdna_high_ss_0.99_nrna_high	9	gdna	mrna	118
gdna_high_ss_0.99_nrna_high	31	gdna	nrna	101
gdna_high_ss_0.99_nrna_high	5	gdna	mrna	220
gdna_high_ss_0.99_nrna_high	42	gdna	nrna	39
gdna_high_ss_0.99_nrna_high	1	gdna	mrna	137
gdna_high_ss_0.99_nrna_high	25	gdna	mrna	125
gdna_high_ss_0.99_nrna_high	17	gdna	mrna	115
gdna_high_ss_0.99_nrna_high	20	gdna	nrna	63
gdna_high_ss_0.99_nrna_high	30	gdna	nrna	98
gdna_high_ss_0.99_nrna_high	22	gdna	mrna	46
gdna_high_ss_0.99_nrna_high	36	gdna	mrna	43
gdna_high_ss_0.99_nrna_high	12	gdna	mrna	20
gdna_high_ss_0.99_nrna_high	33	gdna	mrna	19
gdna_high_ss_0.99_nrna_high	47	gdna	mrna	45
gdna_high_ss_0.99_nrna_high	46	gdna	mrna	31
gdna_high_ss_0.99_nrna_high	2	gdna	mrna	31
gdna_high_ss_0.99_nrna_high	18	gdna	mrna	6
gdna_high_ss_0.99_nrna_high	49	gdna	mrna	6
gdna_high_ss_0.99_nrna_high	28	gdna	mrna	8
gdna_high_ss_0.99_nrna_high	0	gdna	mrna	22
gdna_high_ss_0.99_nrna_high	3	gdna	mrna	19
gdna_high_ss_0.99_nrna_high	8	gdna	mrna	10
gdna_high_ss_0.99_nrna_high	38	gdna	mrna	4
gdna_high_ss_0.99_nrna_high	13	gdna	mrna	11
gdna_high_ss_0.99_nrna_high	48	gdna	mrna	7
gdna_high_ss_0.99_nrna_high	4	mrna	nrna	6748
gdna_high_ss_0.99_nrna_high	34	mrna	mrna	32918
gdna_high_ss_0.99_nrna_high	34	mrna	nrna	3145
gdna_high_ss_0.99_nrna_high	43	mrna	mrna	13269
gdna_high_ss_0.99_nrna_high	43	mrna	nrna	1150
gdna_high_ss_0.99_nrna_high	26	mrna	mrna	8512
gdna_high_ss_0.99_nrna_high	26	mrna	nrna	554
gdna_high_ss_0.99_nrna_high	10	mrna	mrna	7982
gdna_high_ss_0.99_nrna_high	10	mrna	nrna	354
gdna_high_ss_0.99_nrna_high	17	mrna	mrna	4279
gdna_high_ss_0.99_nrna_high	17	mrna	nrna	256
gdna_high_ss_0.99_nrna_high	20	mrna	nrna	3448
gdna_high_ss_0.99_nrna_high	7	mrna	nrna	2130
gdna_high_ss_0.99_nrna_high	19	mrna	mrna	1206
gdna_high_ss_0.99_nrna_high	25	mrna	mrna	1343
gdna_high_ss_0.99_nrna_high	14	mrna	mrna	108
gdna_high_ss_0.99_nrna_high	15	mrna	mrna	173537
gdna_high_ss_0.99_nrna_high	15	mrna	nrna	4286
gdna_high_ss_0.99_nrna_high	28	mrna	mrna	28
gdna_high_ss_0.99_nrna_high	39	mrna	mrna	65902
gdna_high_ss_0.99_nrna_high	13	mrna	mrna	22
gdna_high_ss_0.99_nrna_high	1	mrna	mrna	4296
gdna_high_ss_0.99_nrna_high	18	mrna	mrna	20
gdna_high_ss_0.99_nrna_high	2	mrna	mrna	233
gdna_high_ss_0.99_nrna_high	41	mrna	mrna	5773
gdna_high_ss_0.99_nrna_high	24	nrna	nrna	38634
gdna_high_ss_0.99_nrna_high	24	nrna	mrna	10217
gdna_high_ss_0.99_nrna_high	34	nrna	nrna	22893
gdna_high_ss_0.99_nrna_high	34	nrna	mrna	3592
gdna_high_ss_0.99_nrna_high	27	nrna	nrna	6051
gdna_high_ss_0.99_nrna_high	27	nrna	mrna	1456
gdna_high_ss_0.99_nrna_high	30	nrna	mrna	110
gdna_high_ss_0.99_nrna_high	30	nrna	nrna	225
gdna_high_ss_0.99_nrna_high	0	nrna	nrna	359
gdna_high_ss_0.99_nrna_high	0	nrna	mrna	30
gdna_high_ss_0.99_nrna_high	37	nrna	mrna	37
gdna_high_ss_0.99_nrna_high	14	nrna	mrna	8
gdna_high_ss_0.99_nrna_high	8	nrna	mrna	9
gdna_high_ss_0.99_nrna_high	28	nrna	mrna	1
gdna_high_ss_0.99_nrna_high	4	nrna	nrna	21667
gdna_high_ss_0.99_nrna_high	4	nrna	mrna	7214
gdna_high_ss_0.99_nrna_high	45	nrna	mrna	1
gdna_high_ss_0.99_nrna_high	21	mrna	mrna	76935
gdna_high_ss_0.99_nrna_high	21	mrna	nrna	954
gdna_high_ss_0.99_nrna_high	22	mrna	mrna	4359
gdna_high_ss_0.99_nrna_high	31	mrna	nrna	3987
gdna_high_ss_0.99_nrna_high	32	mrna	mrna	21942
gdna_high_ss_0.99_nrna_high	32	mrna	nrna	753
gdna_high_ss_0.99_nrna_high	33	mrna	mrna	438
gdna_high_ss_0.99_nrna_high	47	mrna	mrna	167
gdna_high_ss_0.99_nrna_high	38	mrna	mrna	8
gdna_high_ss_0.99_nrna_high	44	nrna	nrna	14311
gdna_high_ss_0.99_nrna_high	44	nrna	mrna	3543
gdna_high_ss_0.99_nrna_high	10	nrna	nrna	1737
gdna_high_ss_0.99_nrna_high	10	nrna	mrna	514
gdna_high_ss_0.99_nrna_high	25	nrna	mrna	63
gdna_high_ss_0.99_nrna_high	46	nrna	mrna	2
gdna_high_ss_0.99_nrna_high	1	mrna	nrna	228
gdna_high_ss_0.99_nrna_high	37	mrna	mrna	574
gdna_high_ss_0.99_nrna_high	46	mrna	mrna	75
gdna_high_ss_0.99_nrna_high	52	nrna	nrna	16382
gdna_high_ss_0.99_nrna_high	52	nrna	mrna	4805
gdna_high_ss_0.99_nrna_high	21	nrna	mrna	1132
gdna_high_ss_0.99_nrna_high	21	nrna	nrna	5925
gdna_high_ss_0.99_nrna_high	32	nrna	mrna	1122
gdna_high_ss_0.99_nrna_high	32	nrna	nrna	2466
gdna_high_ss_0.99_nrna_high	1	nrna	nrna	1985
gdna_high_ss_0.99_nrna_high	1	nrna	mrna	376
gdna_high_ss_0.99_nrna_high	5	nrna	mrna	40
gdna_high_ss_0.99_nrna_high	39	nrna	mrna	27
