condition	locus_id	pool_error_count	gdna_truth	mrna_truth	nrna_truth	locus_span_bp	n_transcripts	n_nrna_entities	n_genes	mrna	nrna	gdna	gdna_rate	gdna_prior	gdna_eff_len_per_bp	pool_error_fraction
gdna_zero_ss_0.99_nrna_high	23	22618	0	111203	51697	28337	15	5	1	108369.0	54531.0	1349.0	0.008213139806026216	0.003343529416550942	0.7885056984038188	0.13884591774094537
gdna_high_ss_0.99_nrna_high	24	21122	1803	110490	48851	28337	15	5	1	112138.0	49006.0	8782.0	0.05168132010404529	0.03597366800500233	1.0085843702941582	0.1310753115226133
gdna_med_ss_0.99_nrna_high	24	20840	1084	110944	50196	28337	15	5	1	112124.0	50100.0	4900.0	0.029319547162585863	0.01962727879164813	0.9997696945271467	0.12846434559621264
gdna_low_ss_0.99_nrna_high	24	20500	313	111209	51268	28337	15	5	1	111779.0	51011.0	2152.0	0.013047010464284416	0.0074577631694622	0.9511207549955836	0.12592911112476196
gdna_high_ss_0.50_nrna_high	24	19696	2237	107540	40060	28337	15	5	1	110993.0	38844.0	20089.0	0.11822204959806033	0.06758649548644663	1.0120068362152292	0.13144950846586625
gdna_med_ss_0.50_nrna_high	24	18897	1227	107987	41233	28337	15	5	1	111173.0	39274.0	16677.0	0.09978818123070295	0.05214569044675266	1.0117139016356815	0.12560569502881413
gdna_low_ss_0.50_nrna_high	24	16731	284	106716	35847	28337	15	5	1	110917.0	31930.0	22095.0	0.1339561785354852	0.04087935377845824	1.0106905149325676	0.11712531589742872
gdna_high_ss_0.99_nrna_high	4	15263	1301	83546	28881	18721	15	5	1	84447.0	29281.0	5884.0	0.04919238872353945	0.03442324724302528	1.008312193637352	0.13420617613956107
gdna_low_ss_0.99_nrna_high	4	15169	233	84072	30460	18721	15	5	1	84026.0	30739.0	1382.0	0.011898714559997244	0.0071850749615616225	0.9563417144133982	0.13217444342787435
gdna_med_ss_0.99_nrna_high	4	14973	747	83878	29722	18721	15	5	1	84675.0	29672.0	3233.0	0.02749617281850655	0.01910763437098944	1.015500263310642	0.13094353153121638
gdna_zero_ss_0.99_nrna_high	4	14264	0	84123	30545	18721	15	5	1	84189.0	30479.0	990.0	0.00855971917204171	0.004171431864939209	1.0133638259499067	0.12439390239648376
gdna_high_ss_0.50_nrna_high	4	13757	1544	81329	23596	18721	15	5	1	84046.0	22423.0	13143.0	0.10988027957061164	0.06522041791219485	1.018174356770875	0.12921131972686886
gdna_high_ss_0.99_nrna_high	15	13396	2444	177823	45530	56271	19	8	2	180739.0	45058.0	15403.0	0.06385986733001658	0.050616742485528915	1.0037283614289076	0.05932762614206566
gdna_med_ss_0.50_nrna_high	4	13323	814	81805	24339	18721	15	5	1	84122.0	22836.0	10622.0	0.09033849294097636	0.05042197658084639	1.0177311494736387	0.12456291254511116
gdna_zero_ss_0.99_nrna_high	15	12126	0	178551	50018	56271	19	8	2	179887.0	48682.0	1336.0	0.005811095887431766	0.004040459181858639	0.7962607169742445	0.0530518136755203
gdna_low_ss_0.50_nrna_high	4	11804	195	80956	21370	18721	15	5	1	84268.0	18253.0	13626.0	0.1173168484764996	0.03950171863584589	1.0161827795351543	0.11513738648667102
gdna_low_ss_0.99_nrna_high	15	11361	511	178495	49245	56271	19	8	2	181074.0	47177.0	3147.0	0.013599944684050857	0.010249452352853551	0.97317207914371	0.049774152139530604
gdna_zero_ss_0.99_nrna_high	47	10974	0	69717	23808	30370	4	1	1	68167.0	25358.0	1087.0	0.011489028875829704	0.006359198376283752	0.8191848368916722	0.11733761026463513
gdna_zero_ss_0.99_nrna_high	41	10881	0	94361	19860	19206	15	5	1	89894.0	24327.0	471.0	0.004106650856206187	0.0015909165514092951	0.5325896820423532	0.09526269249962792
gdna_high_ss_0.99_nrna_high	52	10766	1679	68618	21187	30370	4	1	1	69661.0	21823.0	9328.0	0.0925286672221561	0.06490494220644312	1.0046126283496297	0.11768178042062
gdna_med_ss_0.99_nrna_high	52	10357	946	69331	22428	30370	4	1	1	69869.0	22836.0	4981.0	0.05098990643490367	0.035892150175500154	0.995327078495021	0.11171997195404779
gdna_low_ss_0.99_nrna_high	52	9991	320	69630	23374	30370	4	1	1	69991.0	23333.0	2060.0	0.021596913528474378	0.013661287572211802	0.9429044504500079	0.10705713428485705
gdna_zero_ss_0.50_nrna_high	23	9917	0	98903	9917	28337	15	5	1	108820.0	0.0	55429.0	0.3374693301024664	0.03863060238811933	1.0088273500967195	0.09113214482631869
gdna_med_ss_0.99_nrna_high	15	9882	1476	178202	47557	56271	19	8	2	183607.0	43628.0	8327.0	0.035349504589025395	0.02762966523011241	1.000103409427538	0.04348801901115585
gdna_high_ss_0.50_nrna_high	15	9671	2857	175237	34481	56271	19	8	2	182608.0	29967.0	28625.0	0.11867744610281923	0.09549992280315182	0.992487931768779	0.045494531341879335
gdna_high_ss_0.50_nrna_high	52	8743	1671	66108	13250	30370	4	1	1	69391.0	11638.0	19783.0	0.19623655913978494	0.12251768694852118	1.011203055132036	0.10789964086931839
gdna_high_ss_0.99_nrna_high	34	8469	1732	36063	26485	33391	10	4	2	36804.0	27476.0	10238.0	0.13738962398346707	0.10509501423304421	1.0096318597499172	0.1317517112632234
gdna_med_ss_0.50_nrna_high	15	8429	1639	175850	36537	56271	19	8	2	182895.0	31131.0	21536.0	0.0914239138740544	0.07352209438080777	0.9824961800315071	0.03938306560885126
gdna_med_ss_0.50_nrna_high	52	8041	882	66579	13937	30370	4	1	1	69323.0	12075.0	16288.0	0.16673832483672174	0.09596565626058905	1.0109297048192465	0.09878621096341433
gdna_med_ss_0.99_nrna_high	34	7800	1032	36478	27927	33391	10	4	2	36989.0	28448.0	5674.0	0.07979074967304636	0.06039643970212014	1.009390104951978	0.11919861851857512
gdna_high_ss_0.50_nrna_high	34	7298	1782	34653	17424	33391	10	4	2	36672.0	17187.0	20659.0	0.2772350304624386	0.19195390204020707	1.010189434196024	0.1355019588183962
gdna_low_ss_0.99_nrna_high	34	7262	314	36711	29173	33391	10	4	2	36965.0	29233.0	2384.0	0.03476130763174011	0.02578561706449252	1.0089607947599073	0.10970119943200701
gdna_low_ss_0.50_nrna_high	15	7169	430	175476	32416	56271	19	8	2	182230.0	26092.0	23076.0	0.09972428456598588	0.05491827683138031	0.9341649171924722	0.03441307207112067
gdna_high_ss_0.99_nrna_low	24	7112	1532	110492	12044	28337	15	5	1	111509.0	12559.0	7709.0	0.05850034528028412	0.04322067595512945	1.0099544093200299	0.057323403294967275
gdna_zero_ss_0.50_nrna_high	4	7042	0	75814	7042	18721	15	5	1	82856.0	0.0	32802.0	0.283612028566982	0.03739055371804436	1.0133638259499067	0.0849908274596891
gdna_zero_ss_0.99_nrna_high	32	6990	0	36746	29485	33391	10	4	2	36816.0	29415.0	1491.0	0.022016479135288383	0.014890425473732252	1.0074905729751404	0.10553970195225801
gdna_med_ss_0.99_nrna_low	24	6659	870	110935	12981	28337	15	5	1	111552.0	13234.0	4089.0	0.03172841901066925	0.02247263202375363	1.0103023182823245	0.053363358069014155
gdna_high_ss_0.50_nrna_low	24	6602	1818	108814	8906	28337	15	5	1	110767.0	8771.0	12239.0	0.09287660213846119	0.05194428833557615	1.0122826263547546	0.055229299469624724
gdna_zero_ss_0.50_nrna_high	15	6537	0	170238	6537	56271	19	8	2	176775.0	0.0	53130.0	0.23109545246949828	0.04263918448211565	0.7753286875148809	0.03697921086126432
gdna_high_ss_0.99_nrna_high	44	6531	1166	93888	17854	19206	15	5	1	95942.0	16966.0	5716.0	0.04818586458052333	0.0333566841165315	0.9931687823863208	0.05784355404400043
gdna_med_ss_0.99_nrna_high	44	6506	673	94150	18670	19206	15	5	1	95422.0	18071.0	3144.0	0.02695542580827696	0.018054824105981755	0.9978895533382016	0.05732512137312434
gdna_med_ss_0.50_nrna_high	34	6454	960	34931	18399	33391	10	4	2	36652.0	17638.0	16821.0	0.23654568210262827	0.1524044064070832	1.0099407809347294	0.11888008841407258
gdna_med_ss_0.50_nrna_low	24	6416	1132	110369	10730	28337	15	5	1	111586.0	10645.0	6644.0	0.05155383123181377	0.031337963753504124	1.012204203567017	0.05249077566247515
gdna_low_ss_0.99_nrna_low	24	6334	322	111301	13927	28337	15	5	1	111299.0	14251.0	1239.0	0.0097721411163429	0.006408812304516595	0.9944533860256093	0.050450019912385506
gdna_low_ss_0.99_nrna_high	44	6227	207	94328	19408	19206	15	5	1	95272.0	18671.0	1234.0	0.010713944624360766	0.005911578359407883	0.8957362009531918	0.05465013208358565
gdna_low_ss_0.50_nrna_high	52	5890	152	65342	8180	30370	4	1	1	69513.0	4161.0	21710.0	0.2276063071374654	0.07604653285081925	1.0099747364683334	0.0799467926269783
gdna_zero_ss_0.99_nrna_low	23	5829	0	111422	14235	28337	15	5	1	111757.0	13900.0	359.0	0.002848844591163027	0.0010536271027564827	1.008956837542325	0.046388183706438955
gdna_low_ss_0.50_nrna_low	24	5759	364	111038	11921	28337	15	5	1	111662.0	11661.0	3466.0	0.027336756343215893	0.015645741352395662	1.0117923620359117	0.046698507172222535
gdna_low_ss_0.50_nrna_high	34	4953	177	34324	12913	33391	10	4	2	36748.0	10666.0	21168.0	0.3086524160858534	0.12209044815391462	1.0090720926364936	0.1044628168895263
gdna_high_ss_0.50_nrna_high	44	4824	1225	92259	12505	19206	15	5	1	96225.0	9764.0	12635.0	0.10651301591583491	0.0666063112813228	1.0177153967726362	0.04551415712951344
gdna_zero_ss_0.50_nrna_high	47	4637	0	62919	4637	30370	4	1	1	67556.0	0.0	27056.0	0.2859679533251596	0.07204734986104876	1.0082361346411313	0.06863935105690094
gdna_zero_ss_0.50_nrna_zero	29	4267	0	4267	0	2142	5	5	1	4267.0	0.0	0.0	0.0	0.0	1.1160415175297282	1.0
gdna_zero_ss_0.99_nrna_zero	29	4267	0	4267	0	2142	5	5	1	4267.0	0.0	0.0	0.0	0.0	1.1160415175297282	1.0
gdna_low_ss_0.99_nrna_zero	31	4263	25	4238	0	2142	5	5	1	4263.0	0.0	68.0	0.01570076194874163	0.01013972586903696	1.1637589712796843	1.0
gdna_low_ss_0.50_nrna_zero	31	4250	30	4220	0	2142	5	5	1	4250.0	0.0	81.0	0.018702378203648118	0.010108802631504278	1.1637589712796843	1.0
gdna_zero_ss_0.99_nrna_low	29	4250	0	4250	0	2142	5	5	1	4250.0	0.0	17.0	0.00398406374501992	0.006478596144302712	1.1187439657184421	1.0
gdna_low_ss_0.99_nrna_low	31	4243	15	4228	0	2142	5	5	1	4243.0	0.0	80.0	0.018505667360629193	0.01600177581523986	1.1560454812027443	1.0
gdna_med_ss_0.99_nrna_zero	31	4203	69	4134	0	2142	5	5	1	4203.0	0.0	312.0	0.0691029900332226	0.03875746986210444	1.1636719911296782	1.0
gdna_med_ss_0.99_nrna_low	31	4192	58	4134	0	2142	5	5	1	4192.0	0.0	295.0	0.06574548696233563	0.044227027005030985	1.1614640625644006	1.0
gdna_med_ss_0.50_nrna_high	44	4191	632	92524	12982	19206	15	5	1	96183.0	9955.0	10499.0	0.09001431792655847	0.05155393963328188	1.0172833721160779	0.03948632911869453
gdna_high_ss_0.50_nrna_low	15	4186	2163	177275	7818	56271	19	8	2	180091.0	7165.0	18144.0	0.08833495618305745	0.06732628267584335	1.0031294729322346	0.02235442389028923
gdna_low_ss_0.99_nrna_high	31	4158	24	4134	0	2142	5	5	1	4158.0	0.0	186.0	0.04281767955801105	0.03812431543149317	1.1414535454611534	1.0
gdna_low_ss_0.50_nrna_low	31	4147	22	4125	0	2142	5	5	1	4147.0	0.0	176.0	0.04071246819338423	0.025626425471421903	1.1560454812027443	1.0
gdna_med_ss_0.99_nrna_high	31	4135	49	4086	0	2142	5	5	1	4135.0	0.0	371.0	0.0823346648912561	0.06274406507175026	1.1549760384166121	1.0
gdna_med_ss_0.50_nrna_zero	31	4131	87	4044	0	2142	5	5	1	4131.0	0.0	384.0	0.0850498338870432	0.039089192809967414	1.1636719911296782	1.0
gdna_high_ss_0.99_nrna_low	31	4130	98	4032	0	2142	5	5	1	4130.0	0.0	625.0	0.13144058885383805	0.07958874206633444	1.1624957240598144	1.0
gdna_zero_ss_0.99_nrna_high	29	4117	0	4117	0	2142	5	5	1	4117.0	0.0	150.0	0.035153503632528706	0.03435424061460467	1.1168344060938213	1.0
gdna_med_ss_0.50_nrna_low	31	4113	90	4023	0	2142	5	5	1	4113.0	0.0	374.0	0.08335190550479162	0.053035615272121694	1.1614640625644006	1.0
gdna_high_ss_0.99_nrna_zero	31	4110	92	4018	0	2142	5	5	1	4110.0	0.0	663.0	0.13890634820867379	0.07299324237769396	1.163616517714307	1.0
gdna_high_ss_0.99_nrna_high	31	4088	101	3987	0	2142	5	5	1	4088.0	0.0	690.0	0.1444118878191712	0.0964423794851377	1.158846753273069	1.0
gdna_zero_ss_0.99_nrna_low	41	4087	0	94456	11824	19206	15	5	1	94505.0	11775.0	165.0	0.0015500962938606792	0.0005098191952308779	0.8397271951737054	0.03845502446368084
gdna_zero_ss_0.50_nrna_low	29	4068	0	4068	0	2142	5	5	1	4068.0	0.0	199.0	0.04663698148582142	0.020281478833594848	1.1187439657184421	1.0
gdna_high_ss_0.50_nrna_zero	31	4062	145	3917	0	2142	5	5	1	4062.0	0.0	711.0	0.14896291640477688	0.07359682628622648	1.163616517714307	1.0
gdna_high_ss_0.50_nrna_low	31	4023	149	3874	0	2142	5	5	1	4023.0	0.0	732.0	0.15394321766561514	0.08763123435627508	1.1624957240598144	1.0
gdna_high_ss_0.99_nrna_low	15	3940	1890	177875	11552	56271	19	8	2	180520.0	10797.0	14083.0	0.06856377799415773	0.055948121591023955	1.0052642356454764	0.020594092527062416
gdna_med_ss_0.50_nrna_high	31	3886	71	3815	0	2142	5	5	1	3886.0	0.0	620.0	0.13759431868619618	0.10890229570700824	1.1549760384166121	1.0
gdna_high_ss_0.50_nrna_high	31	3857	134	3723	0	2142	5	5	1	3857.0	0.0	921.0	0.1927584763499372	0.13800019681359435	1.158846753273069	1.0
gdna_low_ss_0.50_nrna_high	31	3851	34	3817	0	2142	5	5	1	3851.0	0.0	493.0	0.11348987108655617	0.08984275317453679	1.1414535454611534	1.0
gdna_low_ss_0.99_nrna_zero	20	3625	10	3615	0	1448	4	4	1	3625.0	0.0	31.0	0.008479212253829322	0.007357880168368282	1.2422476111367142	1.0
gdna_zero_ss_0.50_nrna_zero	19	3623	0	3623	0	1448	4	4	1	3623.0	0.0	0.0	0.0	0.0	1.171658581660763	1.0
gdna_zero_ss_0.99_nrna_zero	19	3623	0	3623	0	1448	4	4	1	3623.0	0.0	0.0	0.0	0.0	1.171658581660763	1.0
gdna_low_ss_0.50_nrna_zero	20	3619	16	3603	0	1448	4	4	1	3619.0	0.0	37.0	0.01012035010940919	0.007335440757370177	1.2422476111367142	1.0
gdna_low_ss_0.99_nrna_low	20	3617	16	3601	0	1448	4	4	1	3617.0	0.0	51.0	0.013904034896401308	0.011619093877138382	1.230836868435937	1.0
gdna_zero_ss_0.99_nrna_low	19	3613	0	3613	0	1448	4	4	1	3613.0	0.0	10.0	0.002760143527463428	0.004824854260742778	1.175665657700324	1.0
gdna_med_ss_0.99_nrna_zero	20	3605	50	3555	0	1448	4	4	1	3605.0	0.0	194.0	0.051066070018425905	0.028217472633867473	1.2421174817433112	1.0
gdna_low_ss_0.50_nrna_high	44	3601	124	91928	9433	19206	15	5	1	95447.0	6038.0	13692.0	0.11887790096981168	0.04033287606258816	1.0157740691417982	0.035483076316697046
gdna_med_ss_0.50_nrna_low	15	3598	1453	178040	10021	56271	19	8	2	180583.0	8931.0	10157.0	0.05086867897691703	0.04093050303303624	1.0028157592726612	0.018985404772206803
gdna_med_ss_0.99_nrna_low	20	3584	44	3540	0	1448	4	4	1	3584.0	0.0	210.0	0.055350553505535055	0.03209543795691781	1.238851310598423	1.0
gdna_med_ss_0.50_nrna_zero	20	3583	76	3507	0	1448	4	4	1	3583.0	0.0	216.0	0.056857067649381414	0.028458984353715355	1.2421174817433112	1.0
gdna_low_ss_0.99_nrna_high	20	3555	11	3544	0	1448	4	4	1	3555.0	0.0	112.0	0.03054267793836924	0.028119325319996207	1.209250682247766	1.0
gdna_low_ss_0.50_nrna_low	20	3553	20	3533	0	1448	4	4	1	3553.0	0.0	115.0	0.03135223555070883	0.018607674968447126	1.230836868435937	1.0
gdna_med_ss_0.99_nrna_high	20	3546	40	3506	0	1448	4	4	1	3546.0	0.0	236.0	0.06240084611316764	0.046092874533196514	1.229253627765964	1.0
gdna_med_ss_0.50_nrna_low	20	3544	61	3483	0	1448	4	4	1	3544.0	0.0	250.0	0.06589351607801792	0.03848780745040162	1.238851310598423	1.0
gdna_high_ss_0.99_nrna_low	20	3534	62	3472	0	1448	4	4	1	3534.0	0.0	431.0	0.10870113493064312	0.05852197449789186	1.2403772008891878	1.0
gdna_high_ss_0.99_nrna_zero	20	3534	78	3456	0	1448	4	4	1	3534.0	0.0	480.0	0.11958146487294469	0.05317277987667004	1.2420351763407325	1.0
gdna_zero_ss_0.99_nrna_high	19	3532	0	3532	0	1448	4	4	1	3532.0	0.0	91.0	0.025117306099917195	0.025617362880259068	1.1728331782219574	1.0
gdna_high_ss_0.99_nrna_high	21	3525	1439	77889	7057	32111	7	3	2	78827.0	7558.0	9150.0	0.09577641701994033	0.08324846720157104	1.0080085603584803	0.04080569543323494
gdna_zero_ss_0.50_nrna_low	19	3521	0	3521	0	1448	4	4	1	3521.0	0.0	102.0	0.028153463980126966	0.015104380236833958	1.175665657700324	1.0
gdna_high_ss_0.99_nrna_high	20	3511	63	3448	0	1448	4	4	1	3511.0	0.0	465.0	0.11695171026156942	0.07125490755863918	1.2349793260825437	1.0
gdna_high_ss_0.50_nrna_zero	20	3510	124	3386	0	1448	4	4	1	3510.0	0.0	504.0	0.12556053811659193	0.05361246762391975	1.2420351763407325	1.0
gdna_zero_ss_0.99_nrna_high	26	3492	0	72760	10142	31751	13	4	1	72322.0	10580.0	666.0	0.007969557725445147	0.004824011032065673	0.722577212461481	0.04212202359412318
gdna_med_ss_0.99_nrna_high	27	3484	792	72488	8599	31751	13	4	1	73042.0	8837.0	4844.0	0.05585600129146824	0.04160436711347466	0.9929481099288542	0.04255059294813078
gdna_high_ss_0.50_nrna_low	20	3459	110	3349	0	1448	4	4	1	3459.0	0.0	506.0	0.12761664564943254	0.0644356567156497	1.2403772008891878	1.0
gdna_zero_ss_0.50_nrna_high	29	3457	0	3457	0	2142	5	5	1	3457.0	0.0	810.0	0.18982891961565504	0.09977572339339948	1.1168344060938213	1.0
gdna_high_ss_0.99_nrna_high	27	3435	1249	72152	7507	31751	13	4	1	73300.0	7608.0	9025.0	0.10035248462744488	0.07655980900280672	1.0007369236984378	0.04245562861521728
gdna_high_ss_0.50_nrna_high	21	3430	1353	75098	3422	32111	7	3	2	77216.0	2657.0	15662.0	0.16393991730779295	0.14665311381256613	0.993282735941126	0.042943172286004035
gdna_zero_ss_0.50_nrna_high	32	3413	0	32449	3413	33391	10	4	2	35862.0	0.0	31860.0	0.4704527332329228	0.11653017635331149	1.0074905729751404	0.09517037532764486
gdna_med_ss_0.50_nrna_high	20	3391	61	3330	0	1448	4	4	1	3391.0	0.0	391.0	0.10338445267054469	0.08000150845598011	1.229253627765964	1.0
gdna_zero_ss_0.50_nrna_high	41	3355	0	89958	3355	19206	15	5	1	93313.0	0.0	21379.0	0.18640358525442052	0.03755882079252376	1.0130262411894178	0.03595426146410468
gdna_high_ss_0.50_nrna_high	20	3350	109	3241	0	1448	4	4	1	3350.0	0.0	626.0	0.1574446680080483	0.10195923534364916	1.2349793260825437	1.0
gdna_low_ss_0.50_nrna_high	20	3341	13	3328	0	1448	4	4	1	3341.0	0.0	326.0	0.0889010089991819	0.06626525815784269	1.209250682247766	1.0
gdna_med_ss_0.99_nrna_low	15	3338	1171	178239	13018	56271	19	8	2	180707.0	11721.0	7243.0	0.03627467183516885	0.029116403419360132	1.0028830892446188	0.017346747874529694
gdna_high_ss_0.50_nrna_low	44	3313	1263	93505	7790	19206	15	5	1	95946.0	6612.0	7775.0	0.07046849084136206	0.042323504940298774	1.0181223229573295	0.032303672068488075
gdna_low_ss_0.99_nrna_high	27	3264	298	72681	9621	31751	13	4	1	72779.0	9821.0	1828.0	0.021651584782299713	0.014579021331236354	0.9533768546058621	0.039515738498789345
gdna_high_ss_0.99_nrna_low	44	3115	1036	93994	10009	19206	15	5	1	96357.0	8682.0	5294.0	0.04798201807256215	0.03481705070636788	1.0167090121504845	0.02965565171031712
gdna_med_ss_0.99_nrna_low	21	3115	932	78895	3818	32111	7	3	2	79973.0	3672.0	5564.0	0.0623703886379177	0.0419232384800513	1.0099804498678733	0.037240719708290994
gdna_zero_ss_0.50_nrna_high	19	3066	0	3066	0	1448	4	4	1	3066.0	0.0	557.0	0.15373999447971295	0.07440103076306877	1.1728331782219574	1.0
gdna_high_ss_0.99_nrna_high	43	3050	552	14419	4529	10807	9	4	2	14887.0	4613.0	3427.0	0.14947441880751952	0.10904548611018902	1.0314838314883767	0.1564102564102564
gdna_zero_ss_0.50_nrna_low	23	3042	0	107762	3042	28337	15	5	1	110804.0	0.0	15212.0	0.12071482986287456	0.010732811985686843	1.008956837542325	0.02745388253131656
gdna_med_ss_0.99_nrna_high	21	3042	819	78935	7804	32111	7	3	2	79567.0	7991.0	4610.0	0.05001735960420103	0.04812560754435069	1.006837986047493	0.034742684848900154
gdna_med_ss_0.99_nrna_high	43	2971	323	14674	4815	10807	9	4	2	15053.0	4759.0	1997.0	0.09156770140767573	0.06641946509233614	1.030716336510417	0.14995962043206137
gdna_high_ss_0.99_nrna_high	26	2863	1295	9066	5147	55480	11	4	2	9827.0	5681.0	15799.0	0.5046475229181973	0.37856022164791786	0.9952333469867347	0.18461439257157597
gdna_med_ss_0.50_nrna_high	21	2852	697	75914	3825	32111	7	3	2	77665.0	2771.0	11732.0	0.12728929780401008	0.11332646062681957	0.9721789188645985	0.03545676065443334
gdna_high_ss_0.50_nrna_high	43	2846	560	13421	3050	10807	9	4	2	14540.0	2491.0	5896.0	0.25716404239542895	0.17759116032448166	1.0314838314883767	0.16710704010334096
gdna_med_ss_0.50_nrna_low	44	2843	767	94011	9077	19206	15	5	1	96295.0	7560.0	4523.0	0.041733562162062414	0.02555216771166242	1.018006841984069	0.027374705117712193
gdna_low_ss_0.99_nrna_low	21	2827	381	79586	5006	32111	7	3	2	80014.0	4959.0	1781.0	0.020529312769440027	0.01276733619774365	1.0063780494166894	0.033269391453755896
gdna_low_ss_0.99_nrna_high	43	2789	122	14900	5058	10807	9	4	2	15094.0	4986.0	962.0	0.0457180876342553	0.034341241482464986	1.0280350556987166	0.13889442231075697
gdna_high_ss_0.50_nrna_low	21	2775	1195	76432	1976	32111	7	3	2	79089.0	514.0	12715.0	0.13773045343270002	0.09371520797729105	1.010838992921955	0.034860495207467056
gdna_med_ss_0.99_nrna_low	44	2739	641	94196	10864	19206	15	5	1	96431.0	9270.0	2677.0	0.02470058498957353	0.017879983392905596	1.0129462819611528	0.025912716057558585
gdna_high_ss_0.99_nrna_high	32	2691	816	22695	3588	24025	9	3	1	23372.0	3727.0	7082.0	0.20719112957491004	0.1534023877896371	1.0069529698828217	0.0993025572899369
gdna_med_ss_0.50_nrna_low	21	2652	878	77654	2945	32111	7	3	2	79890.0	1587.0	7732.0	0.08667286932932776	0.05695054237323417	1.0107697313011783	0.03254906292573364
gdna_zero_ss_0.99_nrna_high	40	2645	0	14828	4961	10807	9	4	2	15027.0	4762.0	950.0	0.04580741597955543	0.025923530318485256	1.0231535153607159	0.1336601142048613
gdna_med_ss_0.50_nrna_high	43	2626	293	13620	3245	10807	9	4	2	14671.0	2487.0	4651.0	0.21326058049429134	0.1401146803331839	1.030716336510417	0.1530481408089521
gdna_med_ss_0.99_nrna_high	26	2587	935	9378	6628	55480	11	4	2	9834.0	7107.0	8780.0	0.3413553127794409	0.24557783517551185	0.9929008330213109	0.1527064518033174
gdna_med_ss_0.99_nrna_high	32	2522	553	22997	4159	24025	9	3	1	23410.0	4299.0	4165.0	0.13067076614168288	0.09072478081395517	1.0134292186120444	0.09101735898083656
gdna_high_ss_0.99_nrna_low	21	2490	1149	77861	2688	32111	7	3	2	79899.0	1799.0	10620.0	0.1150371541844494	0.07925672716602691	1.0104128205344514	0.03047810227912556
gdna_low_ss_0.50_nrna_low	15	2487	446	178479	11870	56271	19	8	2	180624.0	10171.0	4595.0	0.02351706842724807	0.01986512848661729	0.9669034740433109	0.01303493278125737
gdna_zero_ss_0.99_nrna_low	20	2477	0	79671	5006	32111	7	3	2	80032.0	4645.0	1205.0	0.014030879578957173	0.002631680105585968	1.0079017207039964	0.02925233534489885
gdna_low_ss_0.99_nrna_high	21	2474	236	79456	8416	32111	7	3	2	79689.0	8419.0	1777.0	0.019769705735105968	0.021204053556535464	1.0020319409924867	0.028079175557270623
gdna_low_ss_0.99_nrna_low	15	2470	402	178585	14394	56271	19	8	2	180706.0	12675.0	2009.0	0.010282000102359384	0.008159583402405374	0.9819434683462951	0.01277271293456958
gdna_low_ss_0.99_nrna_high	32	2416	184	23243	4819	24025	9	3	1	23302.0	4944.0	1675.0	0.055980749306507135	0.036584736815403425	0.9310403369210922	0.08553423493592013
gdna_low_ss_0.50_nrna_low	44	2310	249	94302	10055	19206	15	5	1	96375.0	8231.0	2331.0	0.021797880995352403	0.01281435094967925	1.0174003580281346	0.02208286331567979
gdna_low_ss_0.99_nrna_low	44	2287	208	94397	11459	19206	15	5	1	96452.0	9612.0	873.0	0.008163685160421557	0.005005441455308936	1.0150711639050534	0.021562452858651382
gdna_zero_ss_0.99_nrna_high	20	2285	0	79591	8556	32111	7	3	2	79750.0	8397.0	930.0	0.010440405491877814	0.013073546487748413	0.9890190900394917	0.02592260655495933
gdna_high_ss_0.99_nrna_high	6	2256	644	11820	2805	18499	14	7	1	12485.0	2784.0	5502.0	0.2648885465312214	0.1938894780731686	1.0141933033969146	0.14775034383391183
gdna_zero_ss_0.50_nrna_zero	7	2252	0	2252	0	1284	2	2	1	2252.0	0.0	0.0	0.0	0.0	1.19358394910093	1.0
gdna_zero_ss_0.99_nrna_zero	7	2252	0	2252	0	1284	2	2	1	2252.0	0.0	0.0	0.0	0.0	1.19358394910093	1.0
gdna_low_ss_0.99_nrna_low	7	2252	13	2239	0	1284	2	2	1	2252.0	0.0	49.0	0.021295089091699262	0.01579450519420234	1.2603211404317418	1.0
gdna_low_ss_0.50_nrna_zero	7	2247	16	2231	0	1284	2	2	1	2247.0	0.0	59.0	0.025585429314830876	0.009891525865715383	1.2731894146215197	1.0
gdna_zero_ss_0.99_nrna_low	7	2245	0	2245	0	1284	2	2	1	2245.0	0.0	7.0	0.003108348134991119	0.006695668324239793	1.1981053357293254	1.0
gdna_low_ss_0.99_nrna_zero	7	2243	11	2232	0	1284	2	2	1	2243.0	0.0	63.0	0.027320034692107545	0.009921784444802968	1.2731894146215197	1.0
gdna_low_ss_0.99_nrna_high	26	2238	352	9637	8278	55480	11	4	2	9947.0	8320.0	3240.0	0.15064862602873483	0.10691417556909813	0.9709932252874197	0.12251601248152406
gdna_med_ss_0.99_nrna_zero	7	2234	37	2197	0	1284	2	2	1	2234.0	0.0	176.0	0.07302904564315353	0.03783328413661125	1.2730422749268537	1.0
gdna_med_ss_0.99_nrna_low	7	2228	34	2194	0	1284	2	2	1	2228.0	0.0	170.0	0.07089241034195162	0.04322375075530911	1.269358923232051	1.0
gdna_low_ss_0.50_nrna_low	21	2225	292	78680	3788	32111	7	3	2	80247.0	2513.0	3994.0	0.04603822302141688	0.02863453870613544	1.0104060073917662	0.026884968583856937
gdna_high_ss_0.99_nrna_zero	7	2216	43	2173	0	1284	2	2	1	2216.0	0.0	376.0	0.14506172839506173	0.07003961738075583	1.2729493918142165	1.0
gdna_low_ss_0.50_nrna_low	7	2214	16	2198	0	1284	2	2	1	2214.0	0.0	87.0	0.03780964797913951	0.02529448699260791	1.2603211404317418	1.0
gdna_med_ss_0.50_nrna_zero	7	2212	48	2164	0	1284	2	2	1	2212.0	0.0	198.0	0.08215767634854772	0.03815709703218433	1.2730422749268537	1.0
gdna_med_ss_0.50_nrna_low	7	2202	45	2157	0	1284	2	2	1	2202.0	0.0	196.0	0.0817347789824854	0.051832518957602214	1.269358923232051	1.0
gdna_zero_ss_0.99_nrna_high	7	2199	0	2199	0	1284	2	2	1	2199.0	0.0	53.0	0.023534635879218474	0.03556989251463334	1.1949090226465182	1.0
gdna_low_ss_0.99_nrna_high	7	2198	9	2189	0	1284	2	2	1	2198.0	0.0	105.0	0.04559270516717325	0.038360606752317124	1.2359776797738413	1.0
gdna_high_ss_0.50_nrna_zero	7	2196	80	2116	0	1284	2	2	1	2196.0	0.0	396.0	0.1527777777777778	0.0706187776514019	1.2729493918142165	1.0
gdna_high_ss_0.99_nrna_low	7	2191	54	2137	0	1284	2	2	1	2191.0	0.0	406.0	0.15633423180592992	0.07602715433371035	1.2710796484733276	1.0
gdna_zero_ss_0.50_nrna_low	7	2178	0	2178	0	1284	2	2	1	2178.0	0.0	74.0	0.03285968028419183	0.02096103112003083	1.1981053357293254	1.0
gdna_high_ss_0.99_nrna_high	7	2174	44	2130	0	1284	2	2	1	2174.0	0.0	416.0	0.16061776061776062	0.09319155066554147	1.2649923204592382	1.0
gdna_med_ss_0.99_nrna_high	7	2171	23	2148	0	1284	2	2	1	2171.0	0.0	226.0	0.09428452231956612	0.06203869726132264	1.2585353502822305	1.0
gdna_zero_ss_0.99_nrna_low	15	2157	0	178690	15087	56271	19	8	2	180781.0	12996.0	239.0	0.0012318571664192645	0.0009675369409983172	0.8497810759035366	0.011131352018041357
gdna_high_ss_0.50_nrna_low	7	2154	89	2065	0	1284	2	2	1	2154.0	0.0	443.0	0.1705814401232191	0.08370974595006449	1.2710796484733276	1.0
gdna_zero_ss_0.99_nrna_high	30	2127	0	23393	4958	24025	9	3	1	23520.0	4831.0	934.0	0.031893460816117464	0.023223647630380453	1.0104124934646828	0.07502380868399704
gdna_low_ss_0.50_nrna_high	43	2112	67	13265	2430	10807	9	4	2	14506.0	1256.0	5280.0	0.25092671799258626	0.11342998171463826	1.0280350556987166	0.1339931480776551
gdna_med_ss_0.99_nrna_high	6	2107	420	12033	3256	18499	14	7	1	12513.0	3196.0	3134.0	0.16632171098020485	0.11735936816455393	1.0154606933048735	0.13412693360493985
gdna_med_ss_0.50_nrna_high	7	2106	30	2076	0	1284	2	2	1	2106.0	0.0	291.0	0.1214017521902378	0.1076780177807127	1.2585353502822305	1.0
gdna_low_ss_0.50_nrna_high	7	2094	12	2082	0	1284	2	2	1	2094.0	0.0	209.0	0.09075119409465914	0.09039959105014975	1.2359776797738413	1.0
gdna_high_ss_0.50_nrna_high	7	2090	72	2018	0	1284	2	2	1	2090.0	0.0	500.0	0.19305019305019305	0.13334855902420614	1.2649923204592382	1.0
gdna_zero_ss_0.50_nrna_low	15	2083	0	176307	2083	56271	19	8	2	178390.0	0.0	15626.0	0.08053974929902688	0.011417382821925979	0.818714948848948	0.011676663490105947
gdna_zero_ss_0.99_nrna_high	25	2077	0	9727	9125	55480	11	4	2	9582.0	9270.0	1257.0	0.06250932418320156	0.04534348763454439	0.8123932261031737	0.1101739868448971
gdna_zero_ss_0.50_nrna_low	41	2053	0	92199	2053	19206	15	5	1	94252.0	0.0	12193.0	0.11454741885480765	0.008676349952872024	1.0132249308658203	0.021782031150532614
gdna_low_ss_0.99_nrna_high	6	2040	125	12271	3703	18499	14	7	1	12510.0	3589.0	1304.0	0.07492960983738436	0.05207077436164289	1.0046324022524327	0.12671594508975711
gdna_zero_ss_0.50_nrna_high	7	1978	0	1978	0	1284	2	2	1	1978.0	0.0	274.0	0.1216696269982238	0.10330636606079577	1.1949090226465182	1.0
gdna_high_ss_0.50_nrna_high	27	1950	538	70230	1412	31751	13	4	1	72180.0	0.0	17753.0	0.19740251075800874	0.1513209464799086	1.0107157617165075	0.027015793848711556
gdna_zero_ss_0.99_nrna_high	6	1884	0	12355	3848	18499	14	7	1	12529.0	3674.0	738.0	0.04356295378076855	0.0315066200185369	1.0135242548999261	0.11627476393260508
gdna_low_ss_0.50_nrna_high	21	1842	136	75408	1852	32111	7	3	2	77247.0	149.0	12489.0	0.13894420648606554	0.08597707938816136	0.9252944251434649	0.023799679570003618
gdna_med_ss_0.50_nrna_high	27	1753	270	70585	1483	31751	13	4	1	72338.0	0.0	14385.0	0.16587295181209138	0.11945384184554896	1.0104542843930662	0.024233459592468688
gdna_zero_ss_0.50_nrna_low	20	1697	0	77385	1697	32111	7	3	2	79082.0	0.0	6800.0	0.07917840758249692	0.020033186428090603	1.0079017207039964	0.021458739030373538
gdna_zero_ss_0.50_nrna_high	20	1669	0	75126	1669	32111	7	3	2	76795.0	0.0	12282.0	0.13788070994757345	0.06389922469264205	0.7105040496227661	0.021733185754280876
gdna_low_ss_0.50_nrna_high	27	1572	77	70598	1495	31751	13	4	1	72170.0	0.0	12258.0	0.14518879992419575	0.09481483444984297	1.0095407947646886	0.0217819038381599
gdna_high_ss_0.50_nrna_high	32	1507	445	21239	1062	24025	9	3	1	22746.0	0.0	11435.0	0.3345425821362745	0.2827121564106144	1.0141619020905805	0.0662534071924734
gdna_zero_ss_0.50_nrna_high	26	1503	0	70063	1503	31751	13	4	1	71566.0	0.0	12002.0	0.14361956729848746	0.08857799495157612	1.0078777094371913	0.02100159293519269
gdna_zero_ss_0.50_nrna_high	40	1442	0	12181	1442	10807	9	4	2	13623.0	0.0	7116.0	0.3431216548531752	0.11523382110010347	1.0231535153607159	0.10585040005872422
gdna_high_ss_0.50_nrna_high	26	1369	463	7677	906	55480	11	4	2	9046.0	0.0	22261.0	0.7110550356150381	0.7326448774930978	1.0061323946443383	0.1513376077824453
gdna_med_ss_0.50_nrna_high	32	1347	283	21544	1064	24025	9	3	1	22891.0	0.0	8983.0	0.2818284495199849	0.22976464164797641	1.0138164589538317	0.05884408719584116
gdna_high_ss_0.50_nrna_high	6	1317	397	10521	920	18499	14	7	1	11838.0	0.0	8933.0	0.4300707717490732	0.35573949643141595	1.0183924663517452	0.11125190065889508
gdna_high_ss_0.99_nrna_high	10	1309	441	8336	2251	11338	5	2	1	8626.0	2402.0	3313.0	0.23101596820305417	0.16559585044819627	1.0271482696452732	0.11869785999274574
gdna_med_ss_0.99_nrna_high	10	1208	260	8435	2614	11338	5	2	1	8585.0	2724.0	1816.0	0.13836190476190477	0.09361652711508694	0.9954004455856238	0.10681757891944468
gdna_high_ss_0.50_nrna_zero	21	1203	1203	77430	0	32111	7	3	2	78633.0	0.0	7648.0	0.08864060453634057	0.08241760663343746	1.0109137453522132	0.015298920300637137
gdna_high_ss_0.99_nrna_high	1	1185	581	4524	2361	24255	5	1	1	4809.0	2657.0	6882.0	0.4796487315305269	0.36413884367444666	0.9992206926742861	0.15871952852933296
gdna_zero_ss_0.99_nrna_high	10	1183	0	8606	3121	11338	5	2	1	8431.0	3296.0	240.0	0.02005515166708448	0.014043530512227651	0.7653867679678671	0.10087831499957363
gdna_low_ss_0.50_nrna_high	32	1148	70	21516	1078	24025	9	3	1	22664.0	0.0	7257.0	0.24253868520437152	0.18988060907902207	1.0126096316856685	0.0506530180021179
gdna_med_ss_0.50_nrna_high	6	1131	203	10803	928	18499	14	7	1	11934.0	0.0	6909.0	0.3666613596561057	0.2970224814535461	1.0179439447764007	0.09477124183006536
gdna_med_ss_0.99_nrna_high	1	1107	471	4613	3069	24255	5	1	1	4761.0	3392.0	3775.0	0.3164822266934943	0.23364891245928815	1.001734335509506	0.13577824113823134
gdna_med_ss_0.50_nrna_high	26	1090	255	8006	835	55480	11	4	2	9096.0	0.0	16625.0	0.6463590062594767	0.6775060755169577	1.0059825918617251	0.11983289357959542
gdna_high_ss_0.99_nrna_low	5	1077	622	10318	1154	36477	13	5	1	10770.0	1324.0	9607.0	0.4426984931569974	0.3392044366824636	1.0087621099098796	0.08905242268893666
gdna_zero_ss_0.50_nrna_high	30	1071	0	21123	1071	24025	9	3	1	22194.0	0.0	7091.0	0.24213761311251494	0.18403773413555616	1.0104124934646828	0.048256285482562854
gdna_low_ss_0.99_nrna_high	10	1069	86	8572	2914	11338	5	2	1	8706.0	2866.0	690.0	0.056271407600717666	0.03843686250905457	1.0267219707357436	0.0923781541652264
gdna_high_ss_0.99_nrna_low	32	1034	543	22791	987	24025	9	3	1	23609.0	712.0	6548.0	0.2121221937866468	0.1573852194350097	1.0133669134657417	0.04251469923111714
gdna_low_ss_0.50_nrna_high	26	1031	78	8079	953	55480	11	4	2	9110.0	0.0	12397.0	0.5764169805179709	0.625333508803555	1.0054592413261525	0.11317233809001098
gdna_low_ss_0.50_nrna_high	6	1008	46	10734	962	18499	14	7	1	11742.0	0.0	5661.0	0.3252887433201172	0.2491185976270696	1.016377009212979	0.0858456821665815
gdna_low_ss_0.99_nrna_zero	42	987	15	972	0	1352	8	8	1	987.0	0.0	32.0	0.03140333660451423	0.02408909276281388	1.2594489139254963	1.0
gdna_zero_ss_0.99_nrna_zero	39	983	0	983	0	1352	8	8	1	983.0	0.0	0.0	0.0	0.0	1.1838474278693822	1.0
gdna_zero_ss_0.50_nrna_zero	39	983	0	983	0	1352	8	8	1	983.0	0.0	0.0	0.0	0.0	1.1838474278693822	1.0
gdna_med_ss_0.99_nrna_low	5	983	486	10551	1860	36477	13	5	1	10864.0	2033.0	5145.0	0.28516794146990354	0.20572389225013418	1.0072642448396367	0.07621927580057378
gdna_low_ss_0.50_nrna_zero	42	978	15	963	0	1352	8	8	1	978.0	0.0	41.0	0.040235525024533855	0.024015627982101613	1.2594489139254963	1.0
gdna_low_ss_0.99_nrna_low	42	978	13	965	0	1352	8	8	1	978.0	0.0	48.0	0.04678362573099415	0.037958350512230093	1.2472278939414703	1.0
gdna_zero_ss_0.99_nrna_low	39	973	0	973	0	1352	8	8	1	973.0	0.0	10.0	0.01017293997965412	0.01635250677026328	1.1881404217020144	1.0
gdna_med_ss_0.99_nrna_zero	42	968	38	930	0	1352	8	8	1	968.0	0.0	219.0	0.18449873631002528	0.08240997369007041	1.2593093280909813	1.0
gdna_med_ss_0.99_nrna_low	42	963	29	934	0	1352	8	8	1	963.0	0.0	175.0	0.15377855887521968	0.09768324533445144	1.255811236109281	1.0
gdna_high_ss_0.99_nrna_zero	42	961	49	912	0	1352	8	8	1	961.0	0.0	341.0	0.2619047619047619	0.14959028644948236	1.2592211422815407	1.0
gdna_high_ss_0.50_nrna_low	32	950	488	22059	462	24025	9	3	1	23009.0	0.0	7860.0	0.25462438044640257	0.187566210765008	1.014487198022876	0.04128819157720892
gdna_low_ss_0.50_nrna_low	42	946	17	929	0	1352	8	8	1	946.0	0.0	80.0	0.07797270955165692	0.060789305615277615	1.2472278939414703	1.0
gdna_high_ss_0.50_nrna_zero	42	946	85	861	0	1352	8	8	1	946.0	0.0	356.0	0.27342549923195086	0.15082725424037022	1.2592211422815407	1.0
gdna_low_ss_0.99_nrna_high	42	938	3	935	0	1352	8	8	1	938.0	0.0	68.0	0.06759443339960239	0.09390481689223963	1.224108871664773	1.0
gdna_zero_ss_0.99_nrna_high	39	936	0	936	0	1352	8	8	1	936.0	0.0	47.0	0.04781281790437437	0.08684913152343349	1.1851056782542	1.0
gdna_high_ss_0.99_nrna_low	42	933	55	878	0	1352	8	8	1	933.0	0.0	384.0	0.29157175398633256	0.1608106777476878	1.2574454398982955	1.0
gdna_med_ss_0.50_nrna_low	42	928	36	892	0	1352	8	8	1	928.0	0.0	210.0	0.18453427065026362	0.1171385772211395	1.255811236109281	1.0
gdna_high_ss_0.99_nrna_high	17	928	330	4535	1212	33522	14	7	2	4736.0	1341.0	7442.0	0.5504845032916635	0.5265677131746219	0.9957365598015928	0.1527069277604081
gdna_med_ss_0.50_nrna_zero	42	925	45	880	0	1352	8	8	1	925.0	0.0	262.0	0.22072451558550968	0.08311531589901865	1.2593093280909813	1.0
gdna_zero_ss_0.50_nrna_low	39	925	0	925	0	1352	8	8	1	925.0	0.0	58.0	0.059003051881993895	0.05119211207955405	1.1881404217020144	1.0
gdna_med_ss_0.99_nrna_high	42	921	20	901	0	1352	8	8	1	921.0	0.0	231.0	0.20052083333333334	0.1383057556590173	1.2455320510785142	1.0
gdna_low_ss_0.99_nrna_low	32	910	160	23466	1869	24025	9	3	1	23776.0	1719.0	1005.0	0.03792452830188679	0.0269373354886373	1.0045595606511226	0.03569327319082173
gdna_high_ss_0.99_nrna_high	42	907	39	868	0	1352	8	8	1	907.0	0.0	399.0	0.3055130168453293	0.19812961754516858	1.2516642812476508	1.0
gdna_low_ss_0.99_nrna_high	1	904	166	4708	3795	24255	5	1	1	4803.0	3866.0	1403.0	0.13929706115965051	0.09159276034451369	0.9350421913795401	0.10427961702618525
gdna_high_ss_0.50_nrna_low	42	889	74	815	0	1352	8	8	1	889.0	0.0	428.0	0.3249810174639332	0.17706069756642012	1.2574454398982955	1.0
gdna_med_ss_0.99_nrna_low	32	887	386	23105	1387	24025	9	3	1	23799.0	1079.0	3382.0	0.11967445152158528	0.08736981133355752	1.00994084516548	0.035653991478414665
gdna_zero_ss_0.50_nrna_high	6	885	0	10226	885	18499	14	7	1	11111.0	0.0	5830.0	0.34413552918954016	0.24311962508371263	1.0135242548999261	0.07965079650796508
gdna_high_ss_0.50_nrna_zero	24	881	881	110280	0	28337	15	5	1	111161.0	0.0	6040.0	0.051535396455661645	0.04732367248674139	1.0123673361411558	0.007925441476776927
gdna_high_ss_0.50_nrna_low	52	863	751	68023	112	30370	4	1	1	68886.0	0.0	7600.0	0.09936458959809638	0.09622804512164268	1.0113031441019467	0.012527944720262463
gdna_med_ss_0.50_nrna_high	42	837	36	801	0	1352	8	8	1	837.0	0.0	315.0	0.2734375	0.24005161736868277	1.2455320510785142	1.0
gdna_high_ss_0.99_nrna_zero	21	821	821	78436	0	32111	7	3	2	79257.0	0.0	7024.0	0.08140842132103245	0.08203224227817141	1.0109137453522132	0.010358706486493306
gdna_med_ss_0.99_nrna_high	17	817	210	4640	1430	33522	14	7	2	4780.0	1500.0	3840.0	0.3794466403162055	0.3768745803081044	0.9956969185555641	0.13009554140127388
gdna_low_ss_0.50_nrna_high	42	816	4	812	0	1352	8	8	1	816.0	0.0	190.0	0.18886679920477137	0.2212936072546582	1.224108871664773	1.0
gdna_zero_ss_0.50_nrna_high	25	811	0	7652	811	55480	11	4	2	8463.0	0.0	11646.0	0.5791436670147695	0.6212269754395726	1.0045064464050553	0.09582890228051519
gdna_high_ss_0.50_nrna_high	42	799	42	757	0	1352	8	8	1	799.0	0.0	507.0	0.388208269525268	0.28350530505159277	1.2516642812476508	1.0
gdna_high_ss_0.50_nrna_zero	52	791	791	68308	0	30370	4	1	1	69099.0	0.0	6877.0	0.09051542592397599	0.07854564056750124	1.0115394193632603	0.011447343666333811
gdna_high_ss_0.50_nrna_zero	15	776	776	177798	0	56271	19	8	2	178574.0	0.0	11350.0	0.059760746403824686	0.059030273551693976	1.0062277005826064	0.004345537424261091
gdna_low_ss_0.99_nrna_low	5	764	235	10778	2737	36477	13	5	1	10962.0	2788.0	1433.0	0.09438187446486201	0.06548813682727929	0.9948150650262003	0.055563636363636364
gdna_med_ss_0.50_nrna_low	32	762	282	22550	480	24025	9	3	1	23312.0	0.0	4948.0	0.17508846426043878	0.12062253424618707	1.0143947852230817	0.03268702814001373
gdna_low_ss_0.99_nrna_high	17	755	83	4747	1675	33522	14	7	2	4829.0	1676.0	1072.0	0.1414807971492675	0.17978353554204857	0.9441816092218138	0.11606456571867795
gdna_zero_ss_0.99_nrna_low	30	727	0	23560	2151	24025	9	3	1	23757.0	1954.0	195.0	0.0075272137728711495	0.004976200185786237	1.0105681057739189	0.02827583524561472
gdna_zero_ss_0.50_nrna_high	39	726	0	726	0	1352	8	8	1	726.0	0.0	257.0	0.2614445574771109	0.25223770832399717	1.1851056782542	1.0
gdna_zero_ss_0.99_nrna_high	1	710	0	4767	4137	24255	5	1	1	4751.0	4153.0	540.0	0.05717916137229987	0.0436659385674378	1.0041741408268468	0.07973944294699012
gdna_med_ss_0.50_nrna_zero	21	690	690	78885	0	32111	7	3	2	79575.0	0.0	3511.0	0.042257420022627154	0.04141413908272575	0.9715255419744612	0.008671065032987747
gdna_high_ss_0.50_nrna_low	5	678	360	9913	318	36477	13	5	1	10591.0	0.0	11110.0	0.5119579742868993	0.4142765974854311	1.009541594026745	0.06401661788310829
gdna_zero_ss_0.99_nrna_high	16	678	0	4793	1770	33522	14	7	2	4831.0	1732.0	140.0	0.020886170371475457	0.08438852225143602	0.8085925892652609	0.10330641474935243
gdna_high_ss_0.99_nrna_low	52	676	562	68987	114	30370	4	1	1	69663.0	0.0	6823.0	0.08920586774050153	0.08007606628463365	1.0095448894707097	0.009703860011770954
gdna_zero_ss_0.99_nrna_low	5	674	0	10855	3236	36477	13	5	1	10857.0	3234.0	164.0	0.011504735180638373	0.0065056763681809945	0.9432506714502106	0.04783194947129373
gdna_high_ss_0.50_nrna_high	10	666	166	7787	500	11338	5	2	1	8453.0	0.0	5888.0	0.41057108988215607	0.31907982495675047	1.0300093070278051	0.07878859576481723
gdna_high_ss_0.99_nrna_zero	24	643	643	110640	0	28337	15	5	1	111283.0	0.0	5918.0	0.050494449706060526	0.04713632328026545	1.0123673361411558	0.0057780613391083995
gdna_high_ss_0.50_nrna_low	4	638	607	83128	31	18721	15	5	1	83766.0	0.0	4434.0	0.050272108843537416	0.05337221963888006	1.0182962199073264	0.0076164553637514025
gdna_high_ss_0.50_nrna_low	26	603	503	8556	100	55480	11	4	2	9159.0	0.0	12935.0	0.5854530641803205	0.615893644082309	1.0058046707957737	0.06583688175565018
gdna_high_ss_0.99_nrna_zero	15	602	602	178012	0	56271	19	8	2	178614.0	0.0	11310.0	0.059550135843811206	0.05881321154580384	1.0062277005826064	0.003370396497475002
gdna_low_ss_0.50_nrna_low	32	601	119	22942	661	24025	9	3	1	23519.0	203.0	2778.0	0.10483018867924529	0.06296861928293405	1.013909463303457	0.02533513194502993
gdna_high_ss_0.50_nrna_zero	41	598	598	5393	0	50745	4	2	2	5991.0	0.0	10912.0	0.6455658758800213	0.6428088394215352	1.0069059367698372	0.099816391253547
gdna_med_ss_0.50_nrna_high	10	590	88	7878	502	11338	5	2	1	8468.0	0.0	4657.0	0.35481904761904765	0.2650841265591713	1.0292777390963772	0.06967406707605102
gdna_high_ss_0.50_nrna_zero	27	590	590	71985	0	31751	13	4	1	72575.0	0.0	6703.0	0.08455056888417972	0.08182252726946439	1.0110374936487718	0.008129521184981054
gdna_high_ss_0.50_nrna_low	43	583	392	14056	191	10807	9	4	2	14639.0	0.0	3415.0	0.18915475794837708	0.13871248205897044	1.0322070437242756	0.03982512466698545
gdna_high_ss_0.50_nrna_zero	4	583	583	83365	0	18721	15	5	1	83948.0	0.0	4140.0	0.04699845608936518	0.04326678253971045	1.0187200531343803	0.006944775337113451
gdna_high_ss_0.50_nrna_low	27	576	576	71534	0	31751	13	4	1	72110.0	0.0	7213.0	0.09093201215284344	0.10065465437267655	1.0006913364699004	0.007987796422132853
gdna_high_ss_0.50_nrna_high	39	573	547	64704	26	32604	13	4	1	65277.0	0.0	8228.0	0.11193796340385008	0.1879322421542789	0.9860238035496844	0.008777976929086814
gdna_high_ss_0.99_nrna_zero	52	570	570	69035	0	30370	4	1	1	69605.0	0.0	6371.0	0.08385542802990419	0.07823642498855075	1.0115394193632603	0.008189066877379499
gdna_high_ss_0.50_nrna_zero	32	564	564	22400	0	24025	9	3	1	22964.0	0.0	5500.0	0.1932265317594154	0.16537914422103325	1.01458711368131	0.024560181153109213
gdna_high_ss_0.50_nrna_low	39	559	559	65231	0	32604	13	4	1	65790.0	0.0	7386.0	0.10093473269924566	0.11256378419449165	0.9967242129404179	0.00849673202614379
gdna_med_ss_0.50_nrna_low	52	558	454	68856	104	30370	4	1	1	69414.0	0.0	4049.0	0.055116180934620146	0.05910734691146046	1.0106214216340674	0.008038724176679056
gdna_high_ss_0.50_nrna_zero	26	555	555	8719	0	55480	11	4	2	9274.0	0.0	11954.0	0.5631241756171095	0.5180644420893749	1.0063164986195943	0.05984472719430666
gdna_high_ss_0.50_nrna_low	41	549	549	5252	0	50745	4	2	2	5801.0	0.0	11177.0	0.6583225350453528	0.7877009371244371	0.9999009664634838	0.09463885536976384
gdna_med_ss_0.50_nrna_low	5	539	201	10206	338	36477	13	5	1	10745.0	0.0	7297.0	0.40444518346081365	0.295921707820855	1.0094805655818038	0.0501628664495114
gdna_low_ss_0.50_nrna_high	10	539	17	7872	522	11338	5	2	1	8411.0	0.0	3851.0	0.3140596966237155	0.2193474848190113	1.0267219707357436	0.06408274878135775
gdna_med_ss_0.99_nrna_zero	21	526	526	79189	0	32111	7	3	2	79715.0	0.0	3371.0	0.04057241893941217	0.040806831069080944	0.9617692339712076	0.006598507181835288
gdna_high_ss_0.50_nrna_zero	34	524	524	35902	0	33391	10	4	2	36426.0	0.0	7128.0	0.163658906185425	0.1642023294956124	1.010495361725058	0.014385329160489761
gdna_high_ss_0.50_nrna_high	1	522	183	4024	339	24255	5	1	1	4546.0	0.0	9802.0	0.6831614162252578	0.7210242878754359	1.014027606354135	0.11482622085349758
gdna_high_ss_0.99_nrna_low	4	519	489	83643	30	18721	15	5	1	84162.0	0.0	4038.0	0.04578231292517007	0.04447492763519892	1.0182002552587932	0.006166678548513581
gdna_high_ss_0.50_nrna_zero	39	507	507	65672	0	32604	13	4	1	66179.0	0.0	6916.0	0.09461659484232848	0.09175750880333766	1.0107487125889474	0.007661040511340455
gdna_high_ss_0.50_nrna_low	6	502	421	11321	81	18499	14	7	1	11823.0	0.0	4868.0	0.2916541848900605	0.2652111607010813	1.01881494605926	0.042459612619470524
gdna_high_ss_0.50_nrna_high	17	496	162	4129	334	33522	14	7	2	4625.0	0.0	8894.0	0.6578888971077742	0.9811075784032984	0.9737697201466401	0.10724324324324325
gdna_zero_ss_0.50_nrna_high	10	495	0	7634	495	11338	5	2	1	8129.0	0.0	3838.0	0.32071530040945934	0.20937910833964418	1.0220689393872815	0.06089309878213803
gdna_high_ss_0.50_nrna_zero	43	482	482	14206	0	10807	9	4	2	14688.0	0.0	2774.0	0.15885923720077882	0.1185898207060584	1.0324291807239696	0.03281590413943355
gdna_high_ss_0.50_nrna_zero	44	478	478	93964	0	19206	15	5	1	94442.0	0.0	3917.0	0.039823503695645544	0.03827794714607011	1.0182473116244466	0.005061307469134495
gdna_high_ss_0.50_nrna_zero	6	474	474	11493	0	18499	14	7	1	11967.0	0.0	4288.0	0.26379575515226084	0.22143891109948544	1.0189447120436255	0.039608924542491854
gdna_high_ss_0.50_nrna_low	34	468	468	35762	0	33391	10	4	2	36230.0	0.0	7440.0	0.17036867414701168	0.2006246281556652	1.0059989764865707	0.012917471708528843
gdna_high_ss_0.99_nrna_low	43	467	297	14465	173	10807	9	4	2	14932.0	3.0	3119.0	0.17275949927993797	0.12083093720031562	1.0319294076933196	0.03126883160361567
gdna_med_ss_0.50_nrna_zero	24	460	460	110965	0	28337	15	5	1	111425.0	0.0	3003.0	0.026243576746950048	0.02391627923606303	0.9935647681433224	0.004128337446713036
gdna_high_ss_0.99_nrna_zero	27	453	453	72308	0	31751	13	4	1	72761.0	0.0	6517.0	0.08220439466182296	0.08155376539061755	1.0110374936487718	0.0062258627561468365
gdna_high_ss_0.99_nrna_zero	4	453	453	83693	0	18721	15	5	1	84146.0	0.0	3942.0	0.044750703841612935	0.04309709658064078	1.0187200531343803	0.005383500106956956
gdna_high_ss_0.50_nrna_high	41	453	453	4579	0	50745	4	2	2	5032.0	0.0	11892.0	0.7026707634129048	1.2474970772100438	0.9461462696452078	0.09002384737678855
gdna_high_ss_0.99_nrna_high	39	452	425	65902	27	32604	13	4	1	66354.0	0.0	7151.0	0.09728589891844092	0.09633559114719328	0.9982055775185069	0.006811948036290201
gdna_med_ss_0.99_nrna_low	52	449	343	69428	106	30370	4	1	1	69877.0	0.0	3586.0	0.048813688523474404	0.042263414732409514	1.006608860578719	0.006425576369907123
gdna_med_ss_0.50_nrna_zero	15	447	447	178337	0	56271	19	8	2	178784.0	0.0	5645.0	0.03060798464449734	0.029522958592834308	0.9720212361913363	0.002500223733667442
gdna_zero_ss_0.50_nrna_low	30	446	0	22763	446	24025	9	3	1	23209.0	0.0	2697.0	0.10410715664324867	0.04427373508256128	1.0105681057739189	0.019216683183247877
gdna_high_ss_0.99_nrna_low	39	443	443	65969	0	32604	13	4	1	66412.0	0.0	6764.0	0.0924346780365147	0.09334924605143234	1.007438772902993	0.006670481238330422
gdna_med_ss_0.50_nrna_low	43	438	240	14472	198	10807	9	4	2	14910.0	0.0	1969.0	0.11665383020321109	0.0861823198686196	1.032002182389203	0.02937625754527163
gdna_high_ss_0.99_nrna_low	27	434	434	72252	0	31751	13	4	1	72686.0	0.0	6637.0	0.08367056213204241	0.08354013430402904	1.0094810095549966	0.005970888479211953
gdna_med_ss_0.50_nrna_low	26	429	316	9042	113	55480	11	4	2	9471.0	0.0	7102.0	0.4285283292101611	0.4855546113843503	1.005704116209842	0.04529616724738676
gdna_med_ss_0.50_nrna_zero	52	426	426	69375	0	30370	4	1	1	69801.0	0.0	3210.0	0.043965977729383245	0.040339499034707495	0.9931681172470017	0.0061030644260110884
gdna_high_ss_0.99_nrna_low	26	423	307	9168	116	55480	11	4	2	9591.0	0.0	12503.0	0.5659002444102471	0.5097894158397543	1.0050035628011154	0.04410384735689709
gdna_med_ss_0.50_nrna_high	1	419	94	4084	325	24255	5	1	1	4503.0	0.0	7425.0	0.6224849094567404	0.6644071582385774	1.0136854353565068	0.09304907839218299
gdna_med_ss_0.50_nrna_high	17	419	88	4265	331	33522	14	7	2	4684.0	0.0	5436.0	0.5371541501976285	0.9639707565164246	0.9425565061879927	0.0894534585824082
gdna_low_ss_0.50_nrna_low	5	413	91	10448	658	36477	13	5	1	10818.0	379.0	3986.0	0.2625304617005862	0.17460794855805126	1.009160085163299	0.0368848798785389
gdna_high_ss_0.99_nrna_zero	41	398	398	5896	0	50745	4	2	2	6294.0	0.0	10609.0	0.6276400638939833	0.6402625372864909	1.0069059367698372	0.06323482681919289
gdna_low_ss_0.50_nrna_high	17	398	34	4342	364	33522	14	7	2	4740.0	0.0	2837.0	0.3744225946944701	0.8755274942220006	0.8288832667551753	0.0839662447257384
gdna_low_ss_0.50_nrna_high	1	395	20	4070	375	24255	5	1	1	4465.0	0.0	5607.0	0.556691818903892	0.6077352270748391	1.0124900394260394	0.08846584546472565
gdna_high_ss_0.50_nrna_zero	5	389	389	10091	0	36477	13	5	1	10480.0	0.0	7761.0	0.4254700948412916	0.39606511751443285	1.0096073977429008	0.037118320610687025
gdna_high_ss_0.99_nrna_high	41	383	383	5773	0	50745	4	2	2	6156.0	0.0	10768.0	0.6362562042070432	0.7007375329483658	0.9952360273450351	0.06221572449642625
gdna_low_ss_0.99_nrna_high	35	374	122	2373	771	28400	8	3	1	2479.0	787.0	1506.0	0.3155909471919531	0.22062041805105556	0.9700369851125401	0.11451316595223515
gdna_med_ss_0.99_nrna_low	43	372	213	14869	303	10807	9	4	2	15189.0	196.0	1494.0	0.08851235262752533	0.06679430922559328	1.0313992672977068	0.024179395515112122
gdna_high_ss_0.99_nrna_low	6	372	291	11866	81	18499	14	7	1	12238.0	0.0	4453.0	0.2667904858905997	0.22276996168398316	1.0183724464985748	0.030397123713025005
gdna_med_ss_0.50_nrna_zero	41	371	371	6028	0	50745	4	2	2	6399.0	0.0	5391.0	0.45725190839694657	0.4636534593277816	0.966226206453387	0.05797780903266135
gdna_high_ss_0.99_nrna_zero	34	370	370	36319	0	33391	10	4	2	36689.0	0.0	6865.0	0.15762042521926803	0.16348693708896425	1.010495361725058	0.0100847665512824
gdna_high_ss_0.99_nrna_zero	44	369	369	94026	0	19206	15	5	1	94395.0	0.0	3964.0	0.040301345072642054	0.03814982904652216	1.0182473116244466	0.0039091053551565235
gdna_low_ss_0.99_nrna_low	43	369	102	15113	423	10807	9	4	2	15237.0	401.0	458.0	0.02845427435387674	0.022241555568290612	1.0309262418176772	0.02359636782197212
gdna_high_ss_0.99_nrna_zero	32	368	368	22837	0	24025	9	3	1	23205.0	0.0	5259.0	0.18475969645868465	0.16466480917497045	1.01458711368131	0.0158586511527688
gdna_high_ss_0.99_nrna_zero	26	367	367	9152	0	55480	11	4	2	9519.0	0.0	11709.0	0.5515828151498021	0.5161860658533033	1.0063164986195943	0.038554470007353715
gdna_high_ss_0.99_nrna_low	41	362	362	5904	0	50745	4	2	2	6266.0	0.0	10712.0	0.6309341500765697	0.6608765564707207	1.005889175789522	0.057772103415256945
gdna_med_ss_0.99_nrna_zero	24	361	361	111038	0	28337	15	5	1	111399.0	0.0	3029.0	0.026470793861642257	0.024139048848783963	1.006738600519708	0.00324060359608255
gdna_high_ss_0.99_nrna_zero	39	360	360	65974	0	32604	13	4	1	66334.0	0.0	6761.0	0.09249606676243245	0.09146861890663541	1.0107487125889474	0.0054270811348629665
gdna_med_ss_0.99_nrna_zero	15	356	356	178335	0	56271	19	8	2	178691.0	0.0	5738.0	0.031112243736071875	0.029284610312819724	0.9676458793359581	0.001992265978700662
gdna_med_ss_0.50_nrna_low	4	355	330	83774	25	18721	15	5	1	84129.0	0.0	2148.0	0.024896554122187838	0.03222099957297531	1.018473365705923	0.004219710206944098
gdna_high_ss_0.99_nrna_zero	43	351	351	14599	0	10807	9	4	2	14950.0	0.0	2512.0	0.14385522849616308	0.11786179579152771	1.0324291807239696	0.023478260869565216
gdna_med_ss_0.50_nrna_low	6	346	237	11817	109	18499	14	7	1	12163.0	0.0	2715.0	0.18248420486624548	0.17500930659641933	1.0184746576686778	0.028446929211543206
gdna_high_ss_0.50_nrna_high	5	341	309	9596	32	36477	13	5	1	9937.0	0.0	8544.0	0.46231264541962014	0.7954116270720516	0.97240482719493	0.034316192009660865
gdna_med_ss_0.50_nrna_low	41	341	341	5782	0	50745	4	2	2	6123.0	0.0	5687.0	0.481541066892464	0.6874588973864526	0.9910280494314697	0.05569165441776907
gdna_high_ss_0.99_nrna_low	34	335	335	36246	0	33391	10	4	2	36581.0	0.0	7089.0	0.16233111976185025	0.16928176843340093	1.009737700063854	0.009157759492632787
gdna_zero_ss_0.50_nrna_low	5	335	0	10365	335	36477	13	5	1	10700.0	0.0	3555.0	0.2493861802876184	0.12426324182131093	1.006953483160266	0.03130841121495327
gdna_med_ss_0.99_nrna_high	30	332	219	34967	763	20453	9	3	1	35130.0	819.0	3098.0	0.07934028222398648	0.07036476771452753	0.9986128320677262	0.009235305571782247
gdna_med_ss_0.99_nrna_low	26	328	207	9437	121	55480	11	4	2	9765.0	0.0	6808.0	0.4107886321124721	0.34336168978562687	1.0016054825896215	0.033589349718381976
gdna_med_ss_0.99_nrna_zero	52	324	324	69469	0	30370	4	1	1	69793.0	0.0	3218.0	0.04407555025954993	0.039784406424996095	0.9833060836813764	0.0046422993709970915
gdna_zero_ss_0.50_nrna_high	16	321	0	4029	321	33522	14	7	2	4350.0	0.0	2353.0	0.35103684917201255	0.37394608060650236	0.335542768227849	0.07379310344827586
gdna_zero_ss_0.99_nrna_high	33	321	0	2420	1138	28400	8	3	1	2467.0	1091.0	461.0	0.11470515053495894	0.09449812523608982	0.8458330192629323	0.09021922428330523
gdna_med_ss_0.50_nrna_zero	4	320	320	83924	0	18721	15	5	1	84244.0	0.0	1936.0	0.022464608957994896	0.021453484502709234	0.981742430053325	0.0037984901001851764
gdna_high_ss_0.99_nrna_zero	6	317	317	11900	0	18499	14	7	1	12217.0	0.0	4038.0	0.2484158720393725	0.22047851132393811	1.0189447120436255	0.02594745027420807
gdna_med_ss_0.50_nrna_zero	27	316	316	72538	0	31751	13	4	1	72854.0	0.0	3250.0	0.042704719857037735	0.041960751463777174	0.9878123798720958	0.0043374420073022755
gdna_high_ss_0.50_nrna_low	45	312	261	34605	51	7847	17	7	1	34917.0	0.0	1920.0	0.05212150826614545	0.05613656991801128	1.044356186702679	0.008935475556319272
gdna_med_ss_0.50_nrna_zero	26	309	309	9256	0	55480	11	4	2	9565.0	0.0	5890.0	0.3811064380459398	0.34775261499000115	0.9781937005364963	0.03230527966544694
gdna_med_ss_0.50_nrna_high	39	306	270	65151	36	32604	13	4	1	65457.0	0.0	4669.0	0.06658015571970453	0.1489608352006594	0.978935759601396	0.004674824694073972
gdna_med_ss_0.99_nrna_high	35	305	139	2231	243	28400	8	3	1	2508.0	105.0	4318.0	0.622998124368778	0.4470322633842679	0.9981617443267614	0.11672407194795255
gdna_med_ss_0.99_nrna_low	4	302	276	83935	26	18721	15	5	1	84237.0	0.0	2040.0	0.023644772071351575	0.022964420207162703	1.01156618887542	0.0035851229269798306
gdna_med_ss_0.50_nrna_low	27	299	299	72406	0	31751	13	4	1	72705.0	0.0	3401.0	0.04468767245683652	0.06170718085123656	0.9917567555935687	0.004112509456020906
gdna_high_ss_0.99_nrna_high	30	297	187	34870	335	20453	9	3	1	35069.0	323.0	5752.0	0.13980167217577288	0.12639861297401198	1.0121733843299887	0.008391726943942133
gdna_zero_ss_0.50_nrna_high	1	296	0	3895	296	24255	5	1	1	4191.0	0.0	5253.0	0.5562261753494282	0.5974970154212389	1.0103137131914635	0.07062753519446432
gdna_high_ss_0.50_nrna_high	35	295	179	1591	116	28400	8	3	1	1886.0	0.0	7905.0	0.8073741190889593	1.1989317017114367	1.011980200313518	0.15641569459172852
gdna_med_ss_0.50_nrna_zero	6	293	293	12000	0	18499	14	7	1	12293.0	0.0	2172.0	0.15015554787417906	0.12102175507412205	0.9857826728700154	0.023834702676319857
gdna_med_ss_0.50_nrna_low	39	291	288	66054	3	32604	13	4	1	66345.0	0.0	3557.0	0.0508855254499156	0.06996254299186083	0.9949151608050252	0.004386163237621524
gdna_high_ss_0.99_nrna_high	35	291	132	2072	159	28400	8	3	1	2363.0	0.0	7428.0	0.7586559084873864	0.6010813972356406	0.9981555616980237	0.12314853999153619
gdna_med_ss_0.99_nrna_low	6	284	171	12166	113	18499	14	7	1	12450.0	0.0	2428.0	0.16319397768517274	0.1271254322496232	1.0161920878053186	0.022811244979919678
gdna_high_ss_0.50_nrna_low	10	281	182	8162	99	11338	5	2	1	8443.0	0.0	3110.0	0.2691941487059638	0.23478064826777184	1.0306986467481518	0.03328200876465711
gdna_low_ss_0.50_nrna_low	43	281	77	14740	204	10807	9	4	2	15021.0	0.0	1075.0	0.06678677932405566	0.0431379465431575	1.0309262418176772	0.018707143332667597
gdna_med_ss_0.50_nrna_zero	32	280	280	22922	0	24025	9	3	1	23202.0	0.0	2804.0	0.10782127201415058	0.08823116325419399	0.9826132086309585	0.012067925178863891
gdna_med_ss_0.50_nrna_zero	43	280	280	14717	0	10807	9	4	2	14997.0	0.0	1408.0	0.08582749161840902	0.06167786391277049	1.0040553621920287	0.01867040074681603
gdna_med_ss_0.50_nrna_zero	39	280	280	66234	0	32604	13	4	1	66514.0	0.0	3252.0	0.04661296333457558	0.04676812415071737	0.9757136526251913	0.004209640075773522
gdna_high_ss_0.99_nrna_low	17	277	180	4539	167	33522	14	7	2	4762.0	124.0	7246.0	0.5972634355423673	0.5581111434956506	1.0090132291885257	0.05669259107654523
gdna_med_ss_0.50_nrna_zero	34	276	276	36501	0	33391	10	4	2	36777.0	0.0	3403.0	0.08469387755102041	0.08719223462248885	0.9797834669258865	0.0075046904315197
gdna_high_ss_0.50_nrna_low	17	275	179	4322	96	33522	14	7	2	4597.0	0.0	7535.0	0.6210847345862183	0.6700216632380542	1.004939678949839	0.05982162279747662
gdna_high_ss_0.50_nrna_low	1	268	199	4317	69	24255	5	1	1	4585.0	0.0	6119.0	0.5716554559043349	0.5765082373926995	1.014349817268485	0.058451472191930205
gdna_med_ss_0.50_nrna_low	34	268	268	36205	0	33391	10	4	2	36473.0	0.0	3703.0	0.0921694544006372	0.1261664745290153	0.9858462324435446	0.007347901187179558
gdna_med_ss_0.99_nrna_zero	4	268	268	83980	0	18721	15	5	1	84248.0	0.0	1932.0	0.022418194476676725	0.021069544228905196	0.9679019312300796	0.003181084417434242
gdna_high_ss_0.50_nrna_high	30	264	155	34484	109	20453	9	3	1	34748.0	0.0	6396.0	0.15545401516624538	0.2468096070119661	1.0166352778488976	0.007597559571773915
gdna_high_ss_0.99_nrna_low	10	260	158	8347	133	11338	5	2	1	8578.0	60.0	2915.0	0.25231541590928763	0.19416892408879544	1.0302531286749732	0.030099560083352628
gdna_high_ss_0.99_nrna_high	5	260	220	10341	40	36477	13	5	1	10601.0	0.0	7880.0	0.42638385368757103	0.4096863085904109	0.9934507597392442	0.024525988114328837
gdna_high_ss_0.50_nrna_low	35	258	258	1839	0	28400	8	3	1	2097.0	0.0	6182.0	0.7467085396787052	0.8259377637182733	0.999413036939671	0.12303290414878398
gdna_med_ss_0.99_nrna_low	10	256	161	8494	281	11338	5	2	1	8683.0	253.0	1542.0	0.1471654895972514	0.10782829233333319	1.023706403319107	0.02864816472694718
gdna_med_ss_0.50_nrna_zero	44	252	252	94287	0	19206	15	5	1	94539.0	0.0	1963.0	0.02034154732544403	0.01940876025064589	1.0073020515893336	0.0026655665915653855
gdna_high_ss_0.50_nrna_high	45	251	250	34281	1	7847	17	7	1	34532.0	0.0	2093.0	0.057146757679180885	0.08809480307240038	0.9680219906806191	0.007268620410054443
gdna_high_ss_0.50_nrna_zero	45	250	250	34680	0	7847	17	7	1	34930.0	0.0	1752.0	0.04776184504661687	0.04569239395153296	1.0446621215285505	0.0071571714858288
gdna_med_ss_0.99_nrna_zero	27	249	249	72595	0	31751	13	4	1	72844.0	0.0	3260.0	0.042836118995059395	0.04073437171576801	0.9619849120886211	0.0034182636867827135
gdna_low_ss_0.99_nrna_low	26	248	117	9726	386	55480	11	4	2	9905.0	324.0	2106.0	0.1707336846372112	0.12711691074807474	0.9877549550795599	0.024244794212532995
gdna_low_ss_0.99_nrna_low	1	248	95	4774	596	24255	5	1	1	4820.0	645.0	923.0	0.1444896681277395	0.112119062348014	1.0061479506332978	0.045379688929551694
gdna_med_ss_0.50_nrna_high	35	247	121	1690	126	28400	8	3	1	1937.0	0.0	4994.0	0.7205309479151638	1.289737245870007	1.011687914722377	0.12751677852348994
gdna_high_ss_0.50_nrna_zero	35	244	244	1936	0	28400	8	3	1	2180.0	0.0	6141.0	0.7380122581420502	0.6696290089625374	1.0123399004246625	0.11192660550458716
gdna_med_ss_0.99_nrna_high	39	244	208	66189	36	32604	13	4	1	66433.0	0.0	3693.0	0.05266235062601603	0.052990766972590544	0.9975979960975888	0.003672873421341803
gdna_high_ss_0.99_nrna_zero	5	243	243	10352	0	36477	13	5	1	10595.0	0.0	7646.0	0.4191656159201798	0.3948434099604475	1.0096073977429008	0.02293534686172723
gdna_med_ss_0.99_nrna_low	39	241	237	66248	4	32604	13	4	1	66489.0	0.0	3413.0	0.04882549855512003	0.04944865840463547	1.0069934341619347	0.003624659718148867
gdna_low_ss_0.99_nrna_low	17	240	60	4771	458	33522	14	7	2	4813.0	476.0	935.0	0.1502249357326478	0.1521025888195195	0.990909307381478	0.04537719795802609
gdna_med_ss_0.50_nrna_high	5	238	207	9898	31	36477	13	5	1	10136.0	0.0	4767.0	0.31986848285580083	0.7477329788402306	0.9670045672221784	0.023480662983425413
gdna_high_ss_0.99_nrna_low	45	238	189	34759	49	7847	17	7	1	34997.0	0.0	1840.0	0.04994977875505606	0.04678407688497449	1.0440600263458273	0.0068005829071063235
gdna_med_ss_0.99_nrna_low	17	233	133	4650	274	33522	14	7	2	4821.0	236.0	3729.0	0.42442522194400184	0.3897116952014652	1.0058710922906526	0.04607474787423373
gdna_med_ss_0.50_nrna_high	41	231	231	5024	0	50745	4	2	2	5255.0	0.0	6568.0	0.5555273619216781	1.3561856464341833	0.9090595965789885	0.0439581351094196
gdna_med_ss_0.99_nrna_low	27	231	231	72565	0	31751	13	4	1	72796.0	0.0	3310.0	0.0434919717236486	0.043969655321275114	1.0071323925137423	0.003173251277542722
gdna_med_ss_0.99_nrna_zero	41	230	230	6286	0	50745	4	2	2	6516.0	0.0	5274.0	0.44732824427480916	0.45920374722160456	0.9606957026843086	0.035297728667894414
gdna_low_ss_0.99_nrna_low	52	230	126	69732	172	30370	4	1	1	69940.0	90.0	1111.0	0.015616873532843226	0.012394773111207432	1.004369180138846	0.0032843067256889905
gdna_med_ss_0.99_nrna_zero	26	229	229	9546	0	55480	11	4	2	9775.0	0.0	5680.0	0.3675186023940472	0.34324925178013055	0.9689490668851695	0.023427109974424553
gdna_med_ss_0.99_nrna_low	41	222	222	6267	0	50745	4	2	2	6489.0	0.0	5321.0	0.45055038103302286	0.49931933700092423	1.0018664255630854	0.03421174294960703
gdna_high_ss_0.50_nrna_zero	10	220	220	8268	0	11338	5	2	1	8488.0	0.0	2500.0	0.22752093192573716	0.19926243841791919	1.030910379689894	0.025918944392082942
gdna_zero_ss_0.99_nrna_low	25	218	0	9885	902	55480	11	4	2	9943.0	844.0	198.0	0.018024578971324534	0.01535593607335921	0.7940506979805931	0.02020951144896635
gdna_high_ss_0.50_nrna_zero	19	218	218	1054	0	18984	2	1	1	1272.0	0.0	4173.0	0.7663911845730027	0.7248222907056927	1.0184607027194172	0.17138364779874213
gdna_high_ss_0.99_nrna_low	1	218	140	4557	78	24255	5	1	1	4775.0	0.0	5929.0	0.5539050822122571	0.4745051641288952	1.013675239583686	0.045654450261780104
gdna_low_ss_0.50_nrna_low	52	217	114	69638	103	30370	4	1	1	69855.0	0.0	1286.0	0.01807677710462321	0.02999702826622482	1.0104623289341628	0.0031064347577124045
gdna_zero_ss_0.99_nrna_low	1	215	0	4820	869	24255	5	1	1	4809.0	880.0	77.0	0.013354144987859869	0.011348224700874592	0.8214844812052791	0.03779223062049569
gdna_med_ss_0.99_nrna_high	41	213	213	6166	0	50745	4	2	2	6379.0	0.0	5444.0	0.46045842848684765	0.5549654587289431	0.9771640214169934	0.033390813607148455
gdna_med_ss_0.50_nrna_low	10	212	120	8298	92	11338	5	2	1	8510.0	0.0	1968.0	0.1878221034548578	0.15318660133845458	1.0305033575636182	0.02491186839012926
gdna_low_ss_0.99_nrna_high	30	212	92	35016	1246	20453	9	3	1	35138.0	1216.0	1142.0	0.03045658203541711	0.025476474932545286	0.9673344921470582	0.0058315453595202725
gdna_med_ss_0.99_nrna_low	1	209	125	4651	225	24255	5	1	1	4804.0	197.0	3236.0	0.39286147869369914	0.3155474844519788	1.0116872364026888	0.041791641671665665
gdna_high_ss_0.50_nrna_low	25	209	209	1203	0	31212	10	4	2	1412.0	0.0	6652.0	0.8249007936507936	0.9337736515879124	1.000159663022199	0.14801699716713881
gdna_med_ss_0.50_nrna_low	17	206	109	4516	97	33522	14	7	2	4722.0	0.0	4064.0	0.4625540632824949	0.5419764884132049	0.9958314043960291	0.04362558238034731
gdna_zero_ss_0.99_nrna_low	16	206	0	4801	537	33522	14	7	2	4813.0	525.0	27.0	0.005032618825722274	0.02175829780429639	0.8816031042302215	0.03859123267141251
gdna_med_ss_0.99_nrna_zero	44	205	205	94300	0	19206	15	5	1	94505.0	0.0	1997.0	0.02069387162960353	0.01874046462780931	0.975770520847085	0.0021691973969631237
gdna_high_ss_0.99_nrna_zero	45	204	204	34773	0	7847	17	7	1	34977.0	0.0	1705.0	0.046480562673790964	0.04551251189541627	1.0446621215285505	0.0058324041512994255
gdna_med_ss_0.50_nrna_low	1	203	122	4471	81	24255	5	1	1	4674.0	0.0	3563.0	0.43256039820322933	0.45004160094118867	1.0142413017778518	0.043431750106974754
gdna_med_ss_0.50_nrna_zero	5	203	203	10466	0	36477	13	5	1	10669.0	0.0	3932.0	0.2692966235189371	0.24652810911012588	1.0003722805368467	0.019027087824538384
gdna_high_ss_0.50_nrna_zero	25	200	200	1253	0	31212	10	4	2	1453.0	0.0	6640.0	0.8204621277647349	0.7597845983848307	1.0112281089352604	0.13764624913971094
gdna_med_ss_0.99_nrna_zero	34	200	200	36584	0	33391	10	4	2	36784.0	0.0	3396.0	0.08451966152314584	0.08635424669009481	0.9745807499243263	0.005437146585471945
gdna_med_ss_0.99_nrna_zero	43	200	200	14951	0	10807	9	4	2	15151.0	0.0	1254.0	0.07644010972264553	0.06132262653247494	1.0045538992300944	0.01320044881525972
gdna_med_ss_0.99_nrna_zero	32	200	200	23262	0	24025	9	3	1	23462.0	0.0	2544.0	0.09782357917403676	0.08678692411293196	0.9706866701663905	0.008524422470377631
gdna_low_ss_0.50_nrna_zero	21	199	199	79689	0	32111	7	3	2	79888.0	0.0	762.0	0.00944823310601364	0.011149910259959157	1.0109199261463684	0.0024909873823352694
gdna_med_ss_0.99_nrna_zero	39	198	198	66262	0	32604	13	4	1	66460.0	0.0	3306.0	0.04738697933090617	0.04629593199831571	0.9687842319374197	0.0029792356304544085
gdna_high_ss_0.50_nrna_zero	1	193	193	4367	0	24255	5	1	1	4560.0	0.0	5200.0	0.5327868852459017	0.5116439449861497	1.0144487853532018	0.04232456140350877
gdna_med_ss_0.99_nrna_low	34	193	193	36593	0	33391	10	4	2	36786.0	0.0	3390.0	0.08437873357228196	0.09359899468925334	1.0039823789170188	0.005246561191757734
gdna_med_ss_0.99_nrna_high	25	192	88	1516	104	31212	10	4	2	1708.0	0.0	4144.0	0.7081339712918661	0.602118373813614	1.0044732638882898	0.11241217798594848
gdna_high_ss_0.99_nrna_high	45	192	191	34751	1	7847	17	7	1	34943.0	0.0	1682.0	0.04592491467576792	0.049400163269766616	1.0173995636659687	0.005494662736456515
gdna_high_ss_0.50_nrna_low	19	191	191	997	0	18984	2	1	1	1188.0	0.0	4205.0	0.7797144446504728	0.9003039261242886	1.0061528712967798	0.16077441077441076
gdna_zero_ss_0.50_nrna_low	40	190	0	14549	190	10807	9	4	2	14739.0	0.0	1071.0	0.06774193548387097	0.03157627312484469	1.023519113382459	0.01289096953660357
gdna_high_ss_0.99_nrna_high	25	188	125	1343	63	31212	10	4	2	1531.0	0.0	7427.0	0.8290913150256753	0.7336001126034413	0.9964164369341987	0.12279555845852384
gdna_med_ss_0.99_nrna_high	5	186	152	10534	34	36477	13	5	1	10720.0	0.0	4183.0	0.2806817419311548	0.2608120707140485	0.9734180595073957	0.017350746268656715
gdna_low_ss_0.99_nrna_low	10	185	73	8600	479	11338	5	2	1	8729.0	423.0	440.0	0.045871559633027525	0.03303603987550897	1.0289164087825282	0.02021416083916084
gdna_med_ss_0.99_nrna_zero	6	185	185	12215	0	18499	14	7	1	12400.0	0.0	2065.0	0.14275838230210855	0.1181239437052061	0.9663360360975292	0.014919354838709677
gdna_low_ss_0.99_nrna_high	36	185	71	1195	578	16291	13	5	1	1249.0	595.0	851.0	0.3157699443413729	0.2094965413548517	0.9657242555023067	0.10032537960954446
gdna_low_ss_0.99_nrna_low	6	185	85	12439	198	18499	14	7	1	12604.0	118.0	742.0	0.05510992275698158	0.040886625109730436	1.016978573243755	0.014541738720326993
gdna_low_ss_0.50_nrna_low	26	184	65	9428	119	55480	11	4	2	9612.0	0.0	2723.0	0.22075395216862587	0.3211862096169537	1.0042970494962837	0.01914273824386184
gdna_high_ss_0.99_nrna_low	35	180	180	2164	0	28400	8	3	1	2344.0	0.0	5935.0	0.7168740186012803	0.6861317347666575	1.0107255886424145	0.07679180887372014
gdna_high_ss_0.50_nrna_low	9	180	180	6649	0	6229	6	3	1	6829.0	0.0	1536.0	0.1836222355050807	0.16777700142303145	1.0326996469320369	0.026358178357006882
gdna_low_ss_0.50_nrna_low	6	179	85	12157	94	18499	14	7	1	12336.0	0.0	1128.0	0.08377896613190731	0.09455793695036273	1.0180655000456214	0.014510376134889754
gdna_high_ss_0.50_nrna_zero	30	175	175	34870	0	20453	9	3	1	35045.0	0.0	4264.0	0.10847388638734132	0.1247593413499485	1.0171347592171012	0.0049935796832643745
gdna_high_ss_0.99_nrna_high	19	175	175	1206	0	18984	2	1	1	1381.0	0.0	4062.0	0.7462796252066874	0.7978642199515634	1.0157425829875768	0.12671976828385229
gdna_med_ss_0.50_nrna_high	30	175	71	34646	104	20453	9	3	1	34821.0	0.0	4226.0	0.1082285450866904	0.20013493517815056	1.0162295704789428	0.0050257028804457085
gdna_med_ss_0.99_nrna_high	36	174	88	1138	249	16291	13	5	1	1208.0	267.0	2437.0	0.6229550102249489	0.44797791941174264	0.9987584343766194	0.11796610169491525
gdna_med_ss_0.50_nrna_zero	35	172	172	2177	0	28400	8	3	1	2349.0	0.0	3040.0	0.5641120801632956	0.5029134405474907	0.9793612677768042	0.07322264793529161
gdna_high_ss_0.50_nrna_zero	17	171	171	4390	0	33522	14	7	2	4561.0	0.0	7017.0	0.6060632233546381	0.5705791186928633	1.0104543451006829	0.03749177811883359
gdna_high_ss_0.99_nrna_zero	35	171	171	2173	0	28400	8	3	1	2344.0	0.0	5977.0	0.7183030885710852	0.6674822265572402	1.0123399004246625	0.07295221843003413
gdna_zero_ss_0.99_nrna_low	10	169	0	8638	583	11338	5	2	1	8673.0	548.0	61.0	0.006571859513035984	0.003965950994336134	0.8873593378727571	0.01832773018110834
gdna_high_ss_0.50_nrna_zero	9	168	168	6721	0	6229	6	3	1	6889.0	0.0	1522.0	0.1809535132564499	0.13839422035873156	1.0562633639237073	0.024386703440267093
gdna_high_ss_0.99_nrna_low	25	168	168	1454	0	31212	10	4	2	1622.0	0.0	6442.0	0.798859126984127	0.7792840262108174	1.0099082708154234	0.10357583230579531
gdna_med_ss_0.50_nrna_zero	25	168	168	1462	0	31212	10	4	2	1630.0	0.0	3283.0	0.6682271524526766	0.6109783744579597	0.9788968537433013	0.10306748466257669
gdna_low_ss_0.99_nrna_zero	21	167	167	79671	0	32111	7	3	2	79838.0	0.0	812.0	0.010068195908245505	0.01061368948413385	0.9696939757655972	0.002091735764923971
gdna_high_ss_0.99_nrna_high	37	166	129	574	37	47690	2	1	1	740.0	0.0	10486.0	0.9340815962943168	0.907262539508886	0.9956453047406909	0.22432432432432434
gdna_zero_ss_0.99_nrna_low	40	165	0	15190	450	10807	9	4	2	15343.0	297.0	170.0	0.010752688172043012	0.006443875530442431	1.023519113382459	0.010549872122762148
gdna_high_ss_0.99_nrna_high	0	164	113	356	389	18095	12	4	2	387.0	471.0	4191.0	0.8300653594771242	0.8203590019427501	1.0179055474453305	0.19114219114219114
gdna_med_ss_0.50_nrna_low	35	164	164	2071	0	28400	8	3	1	2235.0	0.0	3226.0	0.5907342977476653	0.7416545734489834	0.9976701860784475	0.07337807606263982
gdna_med_ss_0.50_nrna_low	45	163	131	34807	32	7847	17	7	1	34970.0	0.0	1018.0	0.028287206846726688	0.03399144237460485	1.0438766897347211	0.004661138118387189
gdna_high_ss_0.50_nrna_zero	37	161	161	457	0	47690	2	1	1	618.0	0.0	10083.0	0.9422483880011214	0.89989135528035	1.0073483606929878	0.2605177993527508
gdna_med_ss_0.99_nrna_high	37	160	112	674	48	47690	2	1	1	834.0	0.0	5607.0	0.8705170004657662	0.8322161036621595	0.9832350688912341	0.19184652278177458
gdna_high_ss_0.50_nrna_high	9	157	157	6501	0	6229	6	3	1	6658.0	0.0	1712.0	0.20454002389486262	0.27090442973239937	0.9944479888224217	0.023580654851306698
gdna_high_ss_0.50_nrna_low	30	153	153	34826	0	20453	9	3	1	34979.0	0.0	4266.0	0.10870174544527965	0.15394535048319946	1.0105307652572033	0.00437405300323051
gdna_high_ss_0.99_nrna_zero	25	152	152	1442	0	31212	10	4	2	1594.0	0.0	6499.0	0.8030396639070801	0.7571163761109936	1.0112281089352604	0.09535759096612297
gdna_high_ss_0.99_nrna_low	19	150	150	1230	0	18984	2	1	1	1380.0	0.0	4013.0	0.7441127387353977	0.7590437031674171	1.0177646430638418	0.10869565217391304
gdna_high_ss_0.50_nrna_high	25	149	109	1020	40	31212	10	4	2	1169.0	0.0	7789.0	0.8695021210091538	1.4341024684281523	1.0101162727715485	0.12745936698032506
gdna_med_ss_0.50_nrna_zero	19	149	149	1241	0	18984	2	1	1	1390.0	0.0	2091.0	0.6006894570525712	0.567484459129432	0.9811117300132156	0.10719424460431655
gdna_low_ss_0.99_nrna_high	25	147	42	1636	105	31212	10	4	2	1783.0	0.0	1734.0	0.4930338356553881	0.36594289475755043	0.9908093814478862	0.08244531688166012
gdna_high_ss_0.99_nrna_zero	19	144	144	1245	0	18984	2	1	1	1389.0	0.0	4056.0	0.7449035812672177	0.721973625848501	1.0184607027194172	0.10367170626349892
gdna_high_ss_0.99_nrna_zero	10	143	143	8363	0	11338	5	2	1	8506.0	0.0	2482.0	0.22588278121587185	0.19855216955439595	1.030910379689894	0.01681166235598401
gdna_low_ss_0.50_nrna_low	17	142	37	4676	198	33522	14	7	2	4806.0	105.0	1313.0	0.21095758354755784	0.36444358336796684	0.9625648743557481	0.028914681327631846
gdna_low_ss_0.50_nrna_high	35	140	29	1718	111	28400	8	3	1	1858.0	0.0	2914.0	0.6106454316848282	1.4459620146900591	1.0106667952839976	0.07534983853606028
gdna_med_ss_0.50_nrna_zero	37	139	139	635	0	47690	2	1	1	774.0	0.0	5115.0	0.8685685175751401	0.8239951214072107	0.9902645938612801	0.17958656330749354
gdna_med_ss_0.99_nrna_low	45	138	106	34846	32	7847	17	7	1	34984.0	0.0	1004.0	0.027898188284983885	0.02423367652696063	1.0365412285933242	0.0039446604161902585
gdna_zero_ss_0.99_nrna_high	24	137	0	1684	318	31212	10	4	2	1771.0	231.0	697.0	0.25824379399777697	0.22717348023379924	1.008013827832726	0.06843156843156843
gdna_med_ss_0.99_nrna_high	12	137	47	538	163	2569	3	1	1	584.0	164.0	393.0	0.3444347063978966	0.29902056296404333	1.0984500449524444	0.18315508021390375
gdna_med_ss_0.50_nrna_low	37	137	129	564	8	47690	2	1	1	701.0	0.0	5217.0	0.8815478202095303	1.2042132903860179	0.9976213989808803	0.19543509272467904
gdna_med_ss_0.99_nrna_high	0	137	74	361	534	18095	12	4	2	394.0	575.0	2222.0	0.6963334377937951	0.7048611603727752	1.0177817138836363	0.14138286893704852
gdna_med_ss_0.50_nrna_low	19	134	134	1172	0	18984	2	1	1	1306.0	0.0	2146.0	0.6216685979142526	0.834037597331352	0.9955518981854152	0.10260336906584992
gdna_low_ss_0.50_nrna_low	10	133	26	8437	107	11338	5	2	1	8570.0	0.0	1022.0	0.10654712260216848	0.0826004385050926	1.0294776932418739	0.015519253208868145
gdna_high_ss_0.50_nrna_high	19	133	133	773	0	18984	2	1	1	906.0	0.0	4537.0	0.833547675914018	1.4098479963354325	0.9565150268094692	0.1467991169977925
gdna_high_ss_0.99_nrna_low	37	133	128	560	5	47690	2	1	1	693.0	0.0	9824.0	0.9341066844157079	0.9304033518695746	1.0048607424728375	0.1919191919191919
gdna_high_ss_0.99_nrna_zero	30	133	133	34928	0	20453	9	3	1	35061.0	0.0	4248.0	0.10806685491872091	0.12433492125430039	1.0171347592171012	0.0037933886654687543
gdna_zero_ss_0.99_nrna_high	34	133	0	1219	860	16291	13	5	1	1208.0	871.0	174.0	0.07723035952063914	0.07230907295462927	0.8030325014550149	0.06397306397306397
gdna_med_ss_0.50_nrna_zero	1	132	132	4579	0	24255	5	1	1	4711.0	0.0	2623.0	0.35764930460867195	0.342011318356405	1.0000700507913203	0.028019528762470814
gdna_low_ss_0.50_nrna_high	30	131	21	34661	110	20453	9	3	1	34792.0	0.0	2704.0	0.07211435886494559	0.16241435584427985	1.0148122079079507	0.0037652333869855137
gdna_med_ss_0.50_nrna_zero	10	130	130	8438	0	11338	5	2	1	8568.0	0.0	1261.0	0.12829382439719197	0.1088869235425091	1.0023271930569218	0.015172735760971055
gdna_zero_ss_0.50_nrna_low	25	130	0	9419	130	55480	11	4	2	9549.0	0.0	1436.0	0.13072371415566683	0.24343149938376216	1.004564720721308	0.013613990993821342
gdna_low_ss_0.99_nrna_high	12	129	20	552	221	2569	3	1	1	593.0	200.0	151.0	0.15995762711864406	0.16135809900719802	1.1179418355219788	0.1626733921815889
gdna_med_ss_0.50_nrna_high	45	129	129	34407	0	7847	17	7	1	34536.0	0.0	1327.0	0.037001923988511834	0.06939866036228624	0.977306035173844	0.0037352328005559416
gdna_high_ss_0.99_nrna_zero	37	128	128	621	0	47690	2	1	1	749.0	0.0	9952.0	0.9300065414447248	0.8969836907424088	1.0073483606929878	0.17089452603471295
gdna_high_ss_0.50_nrna_low	37	127	123	375	4	47690	2	1	1	502.0	0.0	10015.0	0.952267756964914	1.11796311326226	0.9923155371062087	0.25298804780876494
gdna_high_ss_0.99_nrna_high	12	126	52	519	120	2569	3	1	1	569.0	122.0	741.0	0.5174581005586593	0.41766910985013156	1.1268213526758744	0.18234442836468887
gdna_high_ss_0.99_nrna_zero	1	126	126	4562	0	24255	5	1	1	4688.0	0.0	5072.0	0.519672131147541	0.5099351835483309	1.0144487853532018	0.02687713310580205
gdna_med_ss_0.99_nrna_low	37	125	117	735	8	47690	2	1	1	860.0	0.0	5058.0	0.8546806353497803	0.8474257039119509	1.0024635410248677	0.14534883720930233
gdna_high_ss_0.99_nrna_low	9	125	125	6814	0	6229	6	3	1	6939.0	0.0	1426.0	0.17047220561864912	0.14306347757570367	1.0524926212522916	0.01801412307248883
gdna_med_ss_0.50_nrna_zero	45	125	125	34887	0	7847	17	7	1	35012.0	0.0	814.0	0.02272092893429353	0.02306040423044939	1.019021280098479	0.003570204501313835
gdna_zero_ss_0.99_nrna_high	28	124	0	35048	1527	20453	9	3	1	35154.0	1421.0	384.0	0.010389891501393436	0.011020109348097358	1.0122317674017907	0.003390293916609706
gdna_med_ss_0.99_nrna_zero	5	122	122	10624	0	36477	13	5	1	10746.0	0.0	3855.0	0.2640230121224574	0.24423759642966245	0.9940070551020492	0.011353061604317885
gdna_med_ss_0.99_nrna_low	35	121	121	2295	0	28400	8	3	1	2416.0	0.0	3045.0	0.5575901849478118	0.5253033070235609	1.009877438801633	0.05008278145695364
gdna_low_ss_0.50_nrna_zero	24	121	121	111375	0	28337	15	5	1	111496.0	0.0	743.0	0.0066198023859799175	0.006209179221763922	1.0123748141275095	0.001085240726124704
gdna_low_ss_0.50_nrna_low	1	120	36	4616	84	24255	5	1	1	4736.0	0.0	1652.0	0.25860989355040703	0.2893674302131154	1.013777533380986	0.02533783783783784
gdna_med_ss_0.50_nrna_high	25	120	68	1100	52	31212	10	4	2	1220.0	0.0	4632.0	0.7915242652084757	1.668815795869532	1.010588057049961	0.09836065573770492
gdna_low_ss_0.50_nrna_zero	52	119	119	69797	0	30370	4	1	1	69916.0	0.0	692.0	0.009800589168366191	0.0106185644244357	1.011546158512251	0.0017020424509411295
gdna_low_ss_0.50_nrna_low	4	119	90	84113	29	18721	15	5	1	84232.0	0.0	611.0	0.007201536956496116	0.016113306832187934	1.016860384116304	0.0014127647449900275
gdna_zero_ss_0.50_nrna_low	47	118	0	69750	118	30370	4	1	1	69868.0	0.0	508.0	0.007218369898829146	0.020669857589261705	1.0083558782216293	0.001688899066811702
gdna_high_ss_0.99_nrna_high	9	118	118	6792	0	6229	6	3	1	6910.0	0.0	1460.0	0.17443249701314217	0.1541943343280187	1.0485099068856234	0.0170767004341534
gdna_zero_ss_0.99_nrna_low	47	118	0	69847	334	30370	4	1	1	69965.0	216.0	195.0	0.002770830965101739	0.0019908343784059133	1.0083558782216293	0.001681366751684929
gdna_med_ss_0.50_nrna_low	25	115	115	1391	0	31212	10	4	2	1506.0	0.0	3514.0	0.7	0.8887099322592856	1.0003483241693438	0.07636122177954847
gdna_low_ss_0.50_nrna_high	39	113	78	65360	35	32604	13	4	1	65473.0	0.0	2198.0	0.03248067857723397	0.11516124820388356	0.942060393205562	0.001725902280329296
gdna_low_ss_0.99_nrna_high	39	113	77	66404	36	32604	13	4	1	66517.0	0.0	1154.0	0.01705309512198726	0.018547125061223635	0.9706257646172527	0.0016988138370642092
gdna_high_ss_0.50_nrna_high	36	113	61	929	52	16291	13	5	1	1042.0	0.0	4510.0	0.8123198847262247	1.2321281135800557	1.020627687324583	0.10844529750479846
gdna_zero_ss_0.50_nrna_high	28	112	0	34620	112	20453	9	3	1	34732.0	0.0	2227.0	0.06025595930625829	0.15071675567952406	1.0122317674017907	0.003224691926753426
gdna_zero_ss_0.50_nrna_high	33	111	0	1631	111	28400	8	3	1	1742.0	0.0	2277.0	0.5665588454839512	1.5836147688140854	1.0088077582487718	0.06371986222732491
gdna_med_ss_0.99_nrna_zero	37	110	110	760	0	47690	2	1	1	870.0	0.0	5019.0	0.8522669383596536	0.8170274854370325	0.9849497650666172	0.12643678160919541
gdna_low_ss_0.50_nrna_zero	15	110	110	178656	0	56271	19	8	2	178766.0	0.0	1329.0	0.007379438629612149	0.007826372273777677	1.0062296995253321	0.0006153295369365539
gdna_zero_ss_0.50_nrna_low	16	109	0	4652	109	33522	14	7	2	4761.0	0.0	604.0	0.11258154706430569	0.16090828682916183	0.5403579343421825	0.02289434992648603
gdna_low_ss_0.50_nrna_zero	41	109	109	6509	0	50745	4	2	2	6618.0	0.0	1390.0	0.17357642357642358	0.18728355228543062	1.0069085409741663	0.016470232698700515
gdna_low_ss_0.99_nrna_zero	24	108	108	111361	0	28337	15	5	1	111469.0	0.0	770.0	0.006860360480759807	0.006110765571750191	1.0061673211244733	0.0009688792399680629
gdna_high_ss_0.99_nrna_high	36	107	43	1083	64	16291	13	5	1	1190.0	0.0	4362.0	0.7856628242074928	0.6094646605149641	1.0063484346264486	0.08991596638655462
gdna_low_ss_0.99_nrna_zero	52	106	106	69783	0	30370	4	1	1	69889.0	0.0	719.0	0.010182982098345797	0.009833658642558979	0.9460878184156996	0.001516690752478931
gdna_high_ss_0.50_nrna_low	36	106	94	1033	12	16291	13	5	1	1139.0	0.0	3703.0	0.7647666253614209	0.8323964362474543	1.0213650965449717	0.09306409130816505
gdna_high_ss_0.99_nrna_zero	9	105	105	6823	0	6229	6	3	1	6928.0	0.0	1483.0	0.1763167280941624	0.13782440668532678	1.0562633639237073	0.015155889145496535
gdna_med_ss_0.99_nrna_high	45	105	105	34860	0	7847	17	7	1	34965.0	0.0	898.0	0.02503973454535315	0.027907540046464466	1.0328126874386063	0.003003003003003003
gdna_med_ss_0.99_nrna_low	19	105	105	1375	0	18984	2	1	1	1480.0	0.0	1972.0	0.5712630359212051	0.608289544282516	1.0117063181734578	0.07094594594594594
gdna_low_ss_0.50_nrna_low	41	105	105	6231	0	50745	4	2	2	6336.0	0.0	1675.0	0.20908750468106355	0.49933262758825503	0.9373655632659065	0.016571969696969696
gdna_high_ss_0.99_nrna_low	30	103	103	34901	0	20453	9	3	1	35004.0	0.0	4241.0	0.10806472162058861	0.1276504013348726	1.0161347507555494	0.002942520854759456
gdna_high_ss_0.99_nrna_zero	17	103	103	4557	0	33522	14	7	2	4660.0	0.0	6918.0	0.5975125237519433	0.5684681780741614	1.0104543451006829	0.022103004291845495
gdna_med_ss_0.50_nrna_zero	17	102	102	4608	0	33522	14	7	2	4710.0	0.0	3541.0	0.42916010180584174	0.3896621939852276	0.9781666120689608	0.02165605095541401
gdna_low_ss_0.50_nrna_zero	43	101	101	15145	0	10807	9	4	2	15246.0	0.0	298.0	0.01917138445702522	0.016703205929163988	1.032454562007787	0.006624688442870261
gdna_zero_ss_0.50_nrna_low	10	101	0	8426	101	11338	5	2	1	8527.0	0.0	755.0	0.08134022839905193	0.05777378274065806	1.022416662433186	0.0118447285094406
gdna_med_ss_0.50_nrna_low	9	101	101	6816	0	6229	6	3	1	6917.0	0.0	771.0	0.10028616024973985	0.10687714919506817	1.0253523777178288	0.014601705941882318
gdna_zero_ss_0.99_nrna_low	6	100	0	12546	324	18499	14	7	1	12646.0	224.0	109.0	0.008398181678095385	0.007223377418218154	0.9415194537539509	0.00777000777000777
gdna_zero_ss_0.50_nrna_low	1	100	0	4618	100	24255	5	1	1	4718.0	0.0	1048.0	0.18175511619840443	0.21525702056410742	1.0104676974958016	0.0211954217888936
gdna_med_ss_0.99_nrna_zero	25	99	99	1573	0	31212	10	4	2	1672.0	0.0	3241.0	0.6596784042336657	0.601967726580806	0.9677594837093237	0.05921052631578947
gdna_med_ss_0.50_nrna_zero	9	98	98	6874	0	6229	6	3	1	6972.0	0.0	786.0	0.10131477184841454	0.0746733906367258	1.0457167291782332	0.014056224899598393
gdna_zero_ss_0.50_nrna_low	6	98	0	12123	98	18499	14	7	1	12221.0	0.0	758.0	0.058402034055011945	0.06740329608542593	1.013731152376668	0.008018983716553473
gdna_low_ss_0.99_nrna_high	0	98	41	379	668	18095	12	4	2	364.0	724.0	687.0	0.38704225352112676	0.4919350398462323	1.0102142614669107	0.0900735294117647
gdna_low_ss_0.99_nrna_low	4	97	68	84184	29	18721	15	5	1	84281.0	0.0	562.0	0.006623999622832761	0.006669294535154854	1.0128337475834897	0.0011509118306617149
gdna_low_ss_0.50_nrna_zero	26	97	97	9720	0	55480	11	4	2	9817.0	0.0	1511.0	0.13338629943502825	0.12206288478975476	1.0063185768061638	0.009880818987470714
gdna_med_ss_0.99_nrna_zero	19	96	96	1364	0	18984	2	1	1	1460.0	0.0	2021.0	0.5805802930192473	0.5544467371867556	0.9622874005424624	0.06575342465753424
gdna_low_ss_0.50_nrna_zero	39	95	95	66458	0	32604	13	4	1	66553.0	0.0	825.0	0.012244352756092492	0.012581928978364538	1.0107547461069812	0.0014274337745856685
gdna_zero_ss_0.99_nrna_high	12	95	0	552	239	2569	3	1	1	569.0	222.0	68.0	0.07916181606519208	0.11329928964963835	1.0974143103548126	0.12010113780025285
gdna_low_ss_0.50_nrna_low	34	93	93	36725	0	33391	10	4	2	36818.0	0.0	865.0	0.022954647984502294	0.062277976095749754	0.9309027110075724	0.002525938399695801
gdna_med_ss_0.99_nrna_low	25	93	93	1597	0	31212	10	4	2	1690.0	0.0	3330.0	0.6633466135458167	0.6336059580620401	1.0084119432345178	0.05502958579881657
gdna_low_ss_0.50_nrna_high	25	93	34	1072	59	31212	10	4	2	1165.0	0.0	2352.0	0.6687517770827409	2.1623916885505317	1.0097055919045281	0.07982832618025751
gdna_low_ss_0.50_nrna_zero	32	93	93	23505	0	24025	9	3	1	23598.0	0.0	590.0	0.024392260625103357	0.024479582844826965	1.0145965726090196	0.003941011950165268
gdna_med_ss_0.99_nrna_zero	10	91	91	8530	0	11338	5	2	1	8621.0	0.0	1208.0	0.12290161766202055	0.10853337366617219	1.0025477444341817	0.010555619997680083
gdna_med_ss_0.99_nrna_zero	45	91	91	34894	0	7847	17	7	1	34985.0	0.0	841.0	0.023474571540222186	0.023038123245562644	1.0219907715328553	0.0026011147634700587
gdna_low_ss_0.99_nrna_zero	39	90	90	66457	0	32604	13	4	1	66547.0	0.0	831.0	0.01233340259431862	0.011571972421523039	0.941109914138146	0.0013524276075555623
gdna_med_ss_0.99_nrna_zero	1	90	90	4651	0	24255	5	1	1	4741.0	0.0	2593.0	0.3535587673847832	0.3369772226243085	0.988536097556966	0.01898333684876608
gdna_low_ss_0.50_nrna_zero	6	89	89	12450	0	18499	14	7	1	12539.0	0.0	499.0	0.03827274121797822	0.034664643020275096	1.0189580597154324	0.007097854693356727
gdna_med_ss_0.50_nrna_high	19	88	88	873	0	18984	2	1	1	961.0	0.0	2547.0	0.726054732041049	1.681873609528696	0.9378693286700098	0.09157127991675339
gdna_low_ss_0.50_nrna_zero	4	88	88	84212	0	18721	15	5	1	84300.0	0.0	451.0	0.005321471133083976	0.005661149402740363	1.0187332003193743	0.0010438908659549228
gdna_med_ss_0.99_nrna_zero	35	88	88	2324	0	28400	8	3	1	2412.0	0.0	2977.0	0.5524215995546483	0.49037531506874	0.957893438324932	0.03648424543946932
gdna_med_ss_0.50_nrna_low	30	88	88	34940	0	20453	9	3	1	35028.0	0.0	2128.0	0.05727204220045215	0.09609640422913178	0.997931235871517	0.0025122758935708575
gdna_med_ss_0.50_nrna_zero	30	88	88	34983	0	20453	9	3	1	35071.0	0.0	2046.0	0.05512298946574346	0.0642218441038674	0.9742046478627273	0.002509195631718514
gdna_zero_ss_0.99_nrna_high	35	87	0	906	183	47690	2	1	1	965.0	124.0	567.0	0.3423913043478261	0.3748128264977387	0.7125813275176784	0.07988980716253444
gdna_low_ss_0.50_nrna_high	5	87	47	10091	40	36477	13	5	1	10178.0	0.0	1938.0	0.15995378012545394	0.6788253900946826	0.9245894502486612	0.008547848300255453
gdna_high_ss_0.50_nrna_zero	36	87	87	1070	0	16291	13	5	1	1157.0	0.0	3381.0	0.74504186866461	0.7134658692343628	1.0215124520060195	0.07519446845289542
gdna_med_ss_0.50_nrna_high	36	87	30	989	57	16291	13	5	1	1076.0	0.0	2836.0	0.7249488752556237	1.3325885962945951	1.020376089597842	0.08085501858736059
gdna_low_ss_0.99_nrna_zero	15	87	87	178617	0	56271	19	8	2	178704.0	0.0	1391.0	0.007723701379827313	0.00736902891146587	0.957601713876567	0.0004868385710448563
gdna_med_ss_0.50_nrna_high	9	87	87	6628	0	6229	6	3	1	6715.0	0.0	999.0	0.12950479647394347	0.21763964616197776	0.9689466689694346	0.012956068503350708
gdna_low_ss_0.50_nrna_low	39	86	84	66402	2	32604	13	4	1	66488.0	0.0	916.0	0.013589697940775029	0.035127986735570195	0.9691410534996409	0.0012934664901937192
gdna_low_ss_0.99_nrna_low	45	86	39	34964	95	7847	17	7	1	35031.0	67.0	264.0	0.007465641083649115	0.00693118982772801	1.0171326227934112	0.002450282067354265
gdna_low_ss_0.50_nrna_low	27	86	86	72755	0	31751	13	4	1	72841.0	0.0	901.0	0.012218274524694204	0.030761668968074512	0.9639586029673701	0.0011806537526942245
gdna_low_ss_0.99_nrna_zero	41	86	86	6595	0	50745	4	2	2	6681.0	0.0	1327.0	0.16570929070929072	0.17798644216049672	0.9663658035031824	0.012872324502320011
gdna_low_ss_0.99_nrna_high	41	85	85	6455	0	50745	4	2	2	6540.0	0.0	1503.0	0.18687057068258112	0.34125033305965324	0.9696252979607579	0.012996941896024464
gdna_low_ss_0.99_nrna_high	5	85	45	10703	40	36477	13	5	1	10788.0	0.0	1328.0	0.10960713106635854	0.10524890988332901	0.9368441883241025	0.007879124953652205
gdna_low_ss_0.50_nrna_high	41	84	84	5366	0	50745	4	2	2	5450.0	0.0	2593.0	0.3223921422354843	1.3668508128505645	0.7498556610797633	0.015412844036697248
gdna_high_ss_0.50_nrna_high	37	83	68	337	15	47690	2	1	1	420.0	0.0	10806.0	0.9625868519508284	1.777441510971909	0.9929770533895566	0.1976190476190476
gdna_low_ss_0.99_nrna_high	37	82	36	823	46	47690	2	1	1	905.0	0.0	1973.0	0.6855455177206393	0.6648383178477149	0.9653943714409075	0.09060773480662983
gdna_low_ss_0.99_nrna_zero	4	82	82	84197	0	18721	15	5	1	84279.0	0.0	472.0	0.005569255819990324	0.005464028483992257	0.993082311219176	0.0009729588628246657
gdna_med_ss_0.50_nrna_high	12	81	25	472	56	2569	3	1	1	553.0	0.0	588.0	0.5153374233128835	0.7395789987924382	1.1292169397505463	0.14647377938517178
gdna_low_ss_0.50_nrna_zero	34	80	80	36807	0	33391	10	4	2	36887.0	0.0	814.0	0.021590939232381104	0.024096283166138502	1.0105011691514254	0.0021687857510776154
gdna_med_ss_0.99_nrna_low	9	78	78	6934	0	6229	6	3	1	7012.0	0.0	676.0	0.08792924037460978	0.07882686129541072	1.0466581731831095	0.011123787792355962
gdna_low_ss_0.50_nrna_zero	27	77	77	72820	0	31751	13	4	1	72897.0	0.0	811.0	0.011002876214250827	0.01111367293621832	1.011043784876569	0.0010562848951259998
gdna_low_ss_0.99_nrna_low	34	77	77	36765	0	33391	10	4	2	36842.0	0.0	841.0	0.02231775601730223	0.028906714007759914	0.9970555660769967	0.0020900059714456325
gdna_low_ss_0.99_nrna_low	41	76	76	6537	0	50745	4	2	2	6613.0	0.0	1398.0	0.1745100486830608	0.22128652852606365	0.9971624277535285	0.011492514743686677
gdna_low_ss_0.99_nrna_zero	26	76	76	9802	0	55480	11	4	2	9878.0	0.0	1450.0	0.12800141242937854	0.11481925470770074	0.9569125859478071	0.0076938651548896534
gdna_low_ss_0.99_nrna_low	27	75	75	72770	0	31751	13	4	1	72845.0	0.0	897.0	0.012164031352553497	0.01245412603992406	1.0037840731564573	0.0010295833619328712
gdna_med_ss_0.99_nrna_zero	30	75	75	34990	0	20453	9	3	1	35065.0	0.0	2052.0	0.05528464046124417	0.06235696149562575	0.9490383761929039	0.002138884927990874
gdna_high_ss_0.50_nrna_high	12	72	26	430	46	2569	3	1	1	502.0	0.0	930.0	0.6494413407821229	0.7435436533355265	1.132444355566313	0.14342629482071714
gdna_low_ss_0.99_nrna_zero	43	72	72	15176	0	10807	9	4	2	15248.0	0.0	296.0	0.019042717447246525	0.015982744864816472	0.9910988383856809	0.00472193074501574
gdna_low_ss_0.99_nrna_low	39	72	69	66459	3	32604	13	4	1	66531.0	0.0	873.0	0.012951753605127292	0.013701179359081392	0.9865175685921345	0.0010822022816431437
gdna_low_ss_0.99_nrna_zero	32	72	72	23526	0	24025	9	3	1	23598.0	0.0	590.0	0.024392260625103357	0.02285822378035224	0.9557055157750047	0.0030511060259344014
gdna_med_ss_0.99_nrna_high	9	72	72	6905	0	6229	6	3	1	6977.0	0.0	737.0	0.09554057557687322	0.08941082720965868	1.026577340570175	0.010319621613874157
gdna_low_ss_0.50_nrna_low	45	71	25	34939	46	7847	17	7	1	35010.0	0.0	352.0	0.009954188111532153	0.01706609783818408	1.0425933453966183	0.0020279920022850616
gdna_med_ss_0.99_nrna_high	19	71	71	1311	0	18984	2	1	1	1382.0	0.0	2126.0	0.6060433295324972	0.6903323253425574	1.0145350676431126	0.05137481910274964
gdna_low_ss_0.50_nrna_high	36	71	16	1002	55	16291	13	5	1	1073.0	0.0	1622.0	0.6018552875695733	1.4881087443362362	1.0185969581449315	0.06616961789375582
gdna_low_ss_0.50_nrna_low	37	69	60	691	9	47690	2	1	1	760.0	0.0	1601.0	0.6781024989411266	1.5723336523117857	0.9925104359772777	0.09078947368421053
gdna_med_ss_0.99_nrna_low	30	69	69	34978	0	20453	9	3	1	35047.0	0.0	2109.0	0.05676068468080525	0.06861481361163382	1.0115873042211143	0.001968784774731075
gdna_med_ss_0.99_nrna_zero	17	68	68	4671	0	33522	14	7	2	4739.0	0.0	3512.0	0.4256453763180221	0.3800322822481901	0.95745153465303	0.014349018780333404
gdna_low_ss_0.50_nrna_zero	44	68	68	94444	0	19206	15	5	1	94512.0	0.0	462.0	0.004864489228630994	0.00498611390699811	1.0182600369323875	0.0007194853563568648
gdna_zero_ss_0.99_nrna_high	0	68	0	392	717	18095	12	4	2	404.0	705.0	189.0	0.14560862865947613	0.2088233699855841	0.6400582362230081	0.061316501352569885
gdna_low_ss_0.99_nrna_zero	27	67	67	72786	0	31751	13	4	1	72853.0	0.0	855.0	0.011599826341781081	0.010652047234152124	0.9806194989537486	0.0009196601375372325
gdna_high_ss_0.50_nrna_zero	22	66	66	4343	0	14971	3	1	1	4409.0	0.0	3183.0	0.41925711275026345	0.4028786732205129	1.0234092598824345	0.014969380811975505
gdna_med_ss_0.50_nrna_high	37	65	52	348	13	47690	2	1	1	413.0	0.0	6028.0	0.935879521813383	2.353375647780915	0.9790368069069605	0.15738498789346247
gdna_low_ss_0.50_nrna_zero	37	65	65	852	0	47690	2	1	1	917.0	0.0	1321.0	0.5902591599642538	0.5807422544171097	1.0073513597187933	0.07088331515812432
gdna_low_ss_0.50_nrna_zero	25	64	64	1671	0	31212	10	4	2	1735.0	0.0	836.0	0.3251653053286659	0.3028753717616184	1.0112345702691592	0.03688760806916427
gdna_low_ss_0.99_nrna_zero	34	64	64	36810	0	33391	10	4	2	36874.0	0.0	827.0	0.021935757672210288	0.02286062610681485	0.9669808482974721	0.001735640288550198
gdna_high_ss_0.99_nrna_low	36	63	50	1127	13	16291	13	5	1	1190.0	0.0	3652.0	0.7542337876910368	0.679808204410809	1.019378515922977	0.052941176470588235
gdna_low_ss_0.50_nrna_high	12	63	8	479	55	2569	3	1	1	542.0	0.0	402.0	0.4258474576271186	0.6937075866213127	1.1179418355219788	0.11623616236162361
gdna_low_ss_0.99_nrna_zero	6	63	63	12497	0	18499	14	7	1	12560.0	0.0	478.0	0.03666206473385489	0.0328390751161515	0.9737102019322137	0.005015923566878981
gdna_low_ss_0.99_nrna_low	37	62	47	895	15	47690	2	1	1	957.0	0.0	1404.0	0.5946632782719187	0.6149744133304682	1.0046689551844012	0.06478578892371996
gdna_med_ss_0.99_nrna_zero	9	61	61	6958	0	6229	6	3	1	7019.0	0.0	739.0	0.09525650940964166	0.0744074958425919	1.0462454870903692	0.008690696680438809
gdna_high_ss_0.50_nrna_high	22	61	61	4261	0	14971	3	1	1	4322.0	0.0	3278.0	0.4313157894736842	0.8060749311735501	0.9911876573614841	0.014113836186950486
gdna_med_ss_0.50_nrna_low	36	58	44	1087	14	16291	13	5	1	1145.0	0.0	2045.0	0.6410658307210031	0.7505841275458777	1.0212290372243424	0.050655021834061134
gdna_low_ss_0.50_nrna_zero	5	58	58	10787	0	36477	13	5	1	10845.0	0.0	927.0	0.07874617737003058	0.07734376430402719	1.0096124127454584	0.005348086675887506
gdna_high_ss_0.50_nrna_low	22	58	57	4322	1	14971	3	1	1	4380.0	0.0	3116.0	0.41568836712913554	0.5016912536585246	1.0199631516726806	0.013242009132420091
gdna_high_ss_0.99_nrna_zero	46	56	56	93	0	54321	7	2	2	149.0	0.0	10846.0	0.9864483856298317	0.9802385457760903	1.0064512791603406	0.37583892617449666
gdna_low_ss_0.50_nrna_low	25	56	56	1548	0	31212	10	4	2	1604.0	0.0	1046.0	0.3947169811320755	0.8267162482150584	0.9833532372196331	0.034912718204488775
gdna_high_ss_0.50_nrna_high	0	55	19	306	36	18095	12	4	2	361.0	0.0	4688.0	0.9285006932065756	1.5557179010655635	1.014033414439392	0.1523545706371191
gdna_high_ss_0.50_nrna_zero	2	54	54	208	0	41284	9	3	2	262.0	0.0	8293.0	0.9693746347165401	0.9685142965175676	1.0084886782465374	0.20610687022900764
gdna_med_ss_0.50_nrna_low	47	53	45	175	8	51841	5	2	2	228.0	0.0	5354.0	0.9591544249372984	1.337238370486947	0.9909916465244178	0.2324561403508772
gdna_low_ss_0.99_nrna_zero	44	53	53	94433	0	19206	15	5	1	94486.0	0.0	488.0	0.005138248362709794	0.004818354767228362	0.9955620018627701	0.000560929661537159
gdna_high_ss_0.99_nrna_low	47	52	46	194	6	51841	5	2	2	246.0	0.0	10401.0	0.976894899971823	0.9978704284343968	1.0048879380438538	0.21138211382113822
gdna_high_ss_0.99_nrna_zero	36	50	50	1126	0	16291	13	5	1	1176.0	0.0	3362.0	0.7408550022036139	0.7113132687417535	1.0215124520060195	0.04251700680272109
gdna_med_ss_0.99_nrna_zero	46	50	50	105	0	54321	7	2	2	155.0	0.0	5688.0	0.9734725312339552	0.908310479077229	0.9853385183790307	0.3225806451612903
gdna_high_ss_0.50_nrna_zero	47	50	50	140	0	51841	5	2	2	190.0	0.0	10529.0	0.9822744659016699	0.9675904289558537	1.0067599236454379	0.2631578947368421
gdna_zero_ss_0.50_nrna_high	12	50	0	444	50	2569	3	1	1	494.0	0.0	365.0	0.42491268917345754	0.7612025851856643	1.0974143103548126	0.10121457489878542
gdna_med_ss_0.50_nrna_zero	36	49	49	1132	0	16291	13	5	1	1181.0	0.0	1718.0	0.5926181441876509	0.5387835379879033	0.979656686379595	0.04149026248941575
gdna_low_ss_0.99_nrna_zero	25	48	48	1714	0	31212	10	4	2	1760.0	2.0	809.0	0.3146635550369506	0.2770295966965611	0.9353412169173272	0.02724177071509648
gdna_zero_ss_0.50_nrna_high	34	48	0	946	48	16291	13	5	1	994.0	0.0	1259.0	0.5588104749223258	1.6225679173322864	1.0153578782691224	0.0482897384305835
gdna_zero_ss_0.50_nrna_high	24	48	0	1017	48	31212	10	4	2	1065.0	0.0	1634.0	0.6054094108929233	2.6426334577467054	1.008013827832726	0.04507042253521127
gdna_med_ss_0.50_nrna_high	0	47	10	320	37	18095	12	4	2	367.0	0.0	2824.0	0.8849890316515199	1.8764648039409566	1.0038266050025386	0.12806539509536785
gdna_med_ss_0.50_nrna_zero	47	47	47	221	0	51841	5	2	2	268.0	0.0	5269.0	0.9515983384504244	0.9149927688333203	0.978185304548843	0.17537313432835822
gdna_high_ss_0.99_nrna_high	22	46	46	4359	0	14971	3	1	1	4405.0	0.0	3195.0	0.42039473684210527	0.43853080459195287	1.0113756563699359	0.010442678774120319
gdna_low_ss_0.99_nrna_low	36	46	31	1214	81	16291	13	5	1	1244.0	82.0	636.0	0.3241590214067278	0.22834072761439136	1.0194238443573824	0.03469079939668175
gdna_high_ss_0.99_nrna_high	47	45	45	167	0	51841	5	2	2	212.0	0.0	10529.0	0.9802625453868354	1.0493590844041165	1.0010079980466784	0.21226415094339623
gdna_high_ss_0.50_nrna_low	47	45	43	122	2	51841	5	2	2	167.0	0.0	10480.0	0.9843148304686766	1.1937182126288564	0.9973164844500351	0.2694610778443114
gdna_high_ss_0.50_nrna_zero	14	45	45	103	0	36954	2	1	1	148.0	0.0	7530.0	0.9807241469132587	0.9580373262135652	1.0094833794415612	0.30405405405405406
gdna_high_ss_0.99_nrna_low	2	44	43	240	1	41284	9	3	2	284.0	0.0	8553.0	0.9678623967409754	0.9605770565326648	1.0076582416176085	0.15492957746478872
gdna_low_ss_0.99_nrna_zero	5	44	44	10809	0	36477	13	5	1	10853.0	0.0	919.0	0.07806659870880055	0.07292853877305037	0.9639292440912169	0.004054178568137842
gdna_high_ss_0.99_nrna_low	22	44	43	4381	1	14971	3	1	1	4425.0	0.0	3071.0	0.40968516542155814	0.4192524146483031	1.0221111325214012	0.009943502824858758
gdna_med_ss_0.99_nrna_low	36	44	27	1164	17	16291	13	5	1	1208.0	0.0	1982.0	0.6213166144200627	0.5198261702333861	1.017646211859038	0.03642384105960265
gdna_low_ss_0.50_nrna_zero	45	43	43	34973	0	7847	17	7	1	35016.0	0.0	220.0	0.006243614485185606	0.0060083191681100335	1.0446984195542048	0.0012280100525474068
gdna_low_ss_0.50_nrna_zero	1	43	43	4775	0	24255	5	1	1	4818.0	0.0	604.0	0.11139800811508668	0.1188933020274798	1.0144581208359709	0.00892486508924865
gdna_med_ss_0.99_nrna_zero	36	42	42	1171	0	16291	13	5	1	1213.0	0.0	1686.0	0.581579855122456	0.5271786208462163	0.9613186233437807	0.03462489694971146
gdna_zero_ss_0.99_nrna_high	37	41	0	66445	41	32604	13	4	1	66486.0	0.0	334.0	0.004998503442083208	0.00455405788287773	0.5864259284410056	0.000616671178894805
gdna_zero_ss_0.50_nrna_high	37	41	0	65287	41	32604	13	4	1	65328.0	0.0	1492.0	0.022328644118527387	0.10337965712682294	0.9057010467980098	0.0006276022532451629
gdna_high_ss_0.99_nrna_zero	2	41	41	246	0	41284	9	3	2	287.0	0.0	8268.0	0.9664523670368206	0.9649882679108482	1.0084886782465374	0.14285714285714285
gdna_high_ss_0.99_nrna_zero	14	41	41	123	0	36954	2	1	1	164.0	0.0	7514.0	0.9786402709038812	0.9551327711780986	1.0094833794415612	0.25
gdna_high_ss_0.50_nrna_zero	12	40	40	492	0	2569	3	1	1	532.0	0.0	595.0	0.5279503105590062	0.47578835390094754	1.136421316813024	0.07518796992481203
gdna_low_ss_0.99_nrna_low	25	40	40	1704	0	31212	10	4	2	1744.0	0.0	906.0	0.3418867924528302	0.3370922789826176	1.0077376957777533	0.022935779816513763
gdna_high_ss_0.99_nrna_zero	47	40	40	191	0	51841	5	2	2	231.0	0.0	10488.0	0.9784494822278198	0.9640100113003771	1.0067599236454379	0.17316017316017315
gdna_high_ss_0.99_nrna_zero	22	39	39	4378	0	14971	3	1	1	4417.0	0.0	3175.0	0.4182033719704953	0.40128226608641787	1.0234092598824345	0.008829522300203759
gdna_med_ss_0.99_nrna_low	47	39	29	237	10	51841	5	2	2	276.0	0.0	5306.0	0.9505553565030455	0.9647480378269578	1.004236661764333	0.14130434782608695
gdna_zero_ss_0.99_nrna_low	42	39	0	34989	140	7847	17	7	1	35022.0	107.0	34.0	0.000966925461422518	0.0010248191561193023	0.8923348574478945	0.001110193856927325
gdna_low_ss_0.50_nrna_zero	19	39	39	1452	0	18984	2	1	1	1491.0	0.0	511.0	0.25524475524475526	0.26952026952558034	1.0184736184587133	0.026156941649899398
gdna_high_ss_0.50_nrna_zero	46	39	39	77	0	54321	7	2	2	116.0	0.0	10879.0	0.989449749886312	0.9834896271393028	1.0064512791603406	0.33620689655172414
gdna_low_ss_0.50_nrna_low	35	39	39	2295	0	28400	8	3	1	2334.0	0.0	896.0	0.2773993808049536	0.5993646660876193	0.9616902631826328	0.016709511568123392
gdna_med_ss_0.99_nrna_low	46	39	38	103	1	54321	7	2	2	142.0	0.0	5539.0	0.9750044006336912	0.97676529330557	0.9982691249883435	0.2746478873239437
gdna_high_ss_0.99_nrna_high	14	39	31	108	8	36954	2	1	1	147.0	0.0	7712.0	0.9812953301946813	0.9765398253304141	0.9920526418751371	0.2653061224489796
gdna_low_ss_0.50_nrna_zero	46	39	39	141	0	54321	7	2	2	180.0	0.0	1407.0	0.8865784499054821	0.8591219640458065	1.0064534776257859	0.21666666666666667
gdna_low_ss_0.50_nrna_high	45	38	37	34578	1	7847	17	7	1	34616.0	0.0	596.0	0.016926047938202887	0.04509744105586891	0.8013593819222378	0.001097758262075341
gdna_high_ss_0.50_nrna_high	3	38	33	3787	5	8322	6	2	1	3825.0	0.0	2061.0	0.35015290519877673	0.6290261149741144	1.033406217761208	0.009934640522875817
gdna_med_ss_0.50_nrna_zero	46	37	37	78	0	54321	7	2	2	115.0	0.0	5728.0	0.9803183296251925	0.9159433528546083	0.9904528284017994	0.3217391304347826
gdna_med_ss_0.50_nrna_zero	22	37	37	4399	0	14971	3	1	1	4436.0	0.0	1523.0	0.25557979526766234	0.2464297205071834	0.9773136788817344	0.008340847610459874
gdna_med_ss_0.99_nrna_high	14	37	27	137	10	36954	2	1	1	174.0	0.0	4085.0	0.9591453392815215	0.9557624049212117	0.9956865398518155	0.21264367816091953
gdna_zero_ss_0.99_nrna_high	5	37	0	10841	37	36477	13	5	1	10878.0	0.0	332.0	0.0296164139161463	0.031395294569559466	0.6757705979825451	0.003401360544217687
gdna_low_ss_0.50_nrna_zero	35	37	37	2382	0	28400	8	3	1	2419.0	0.0	817.0	0.25247218788627934	0.21665498419712012	1.012347353927236	0.015295576684580404
gdna_med_ss_0.50_nrna_zero	14	37	37	138	0	36954	2	1	1	175.0	0.0	3697.0	0.9548037190082644	0.9178716251616935	0.9574876725738879	0.21142857142857144
gdna_high_ss_0.99_nrna_high	2	37	31	233	6	41284	9	3	2	270.0	0.0	8964.0	0.9707602339181286	0.9705760082094838	1.0015544334522772	0.13703703703703704
gdna_high_ss_0.50_nrna_zero	3	36	36	3840	0	8322	6	2	1	3876.0	0.0	1673.0	0.3014957650027032	0.3401021374920769	1.042112884531545	0.009287925696594427
gdna_zero_ss_0.50_nrna_low	42	36	0	34996	36	7847	17	7	1	35032.0	0.0	131.0	0.003725506924892643	0.01181123501304582	1.032398628802738	0.0010276318794245262
gdna_high_ss_0.50_nrna_low	3	36	35	3819	1	8322	6	2	1	3855.0	0.0	1846.0	0.32380284160673567	0.4034516481017422	1.0409549422212203	0.00933852140077821
gdna_low_ss_0.99_nrna_high	19	36	36	1429	0	18984	2	1	1	1465.0	0.0	607.0	0.29295366795366795	0.4761265686459384	1.0056256305034705	0.024573378839590442
gdna_med_ss_0.50_nrna_low	22	36	36	4374	0	14971	3	1	1	4410.0	0.0	1584.0	0.26426426426426425	0.36416072998328014	1.0036743339624792	0.00816326530612245
gdna_low_ss_0.99_nrna_high	45	36	35	34952	1	7847	17	7	1	34988.0	0.0	224.0	0.006361467681472225	0.010681460368433017	0.9763888819475404	0.001028924202583743
gdna_low_ss_0.99_nrna_zero	37	35	35	920	0	47690	2	1	1	955.0	0.0	1283.0	0.5732797140303842	0.5580764930120398	0.9797531856472048	0.03664921465968586
gdna_low_ss_0.99_nrna_zero	45	35	35	34970	0	7847	17	7	1	35004.0	1.0	231.0	0.006555795209444886	0.005485527032582342	0.9632813132550004	0.000999857163262391
gdna_med_ss_0.50_nrna_zero	2	35	35	245	0	41284	9	3	2	280.0	0.0	4166.0	0.9370220422852001	0.8973931111892768	0.9659156635864588	0.125
gdna_high_ss_0.50_nrna_low	46	35	35	90	0	54321	7	2	2	125.0	0.0	11095.0	0.9888591800356507	1.1865295607153243	0.9982706542203915	0.28
gdna_zero_ss_0.99_nrna_low	34	35	0	1238	235	16291	13	5	1	1237.0	236.0	49.0	0.032194480946123524	0.022275464897714422	0.882234101720715	0.02376103190767142
gdna_zero_ss_0.50_nrna_high	5	34	0	9994	34	36477	13	5	1	10028.0	0.0	1182.0	0.10544157002676181	0.6953969935448377	0.952836997033921	0.0033905065815715996
gdna_high_ss_0.99_nrna_low	46	34	33	96	1	54321	7	2	2	130.0	0.0	11090.0	0.9884135472370766	0.9832308979618686	1.0050612918373159	0.26153846153846155
gdna_high_ss_0.50_nrna_low	2	34	31	204	3	41284	9	3	2	238.0	0.0	8599.0	0.9730677831843386	1.1552366499807794	1.0041340161782808	0.14285714285714285
gdna_high_ss_0.50_nrna_high	2	34	32	193	2	41284	9	3	2	227.0	0.0	9007.0	0.9754169374052415	1.8295782117008206	0.986484298502959	0.14977973568281938
gdna_med_ss_0.99_nrna_zero	14	33	33	159	0	36954	2	1	1	192.0	0.0	3680.0	0.9504132231404959	0.896682157211556	0.9380946244113225	0.171875
gdna_low_ss_0.50_nrna_low	19	33	33	1323	0	18984	2	1	1	1356.0	0.0	694.0	0.3385365853658537	0.722402095274923	0.9667162878441761	0.024336283185840708
gdna_high_ss_0.99_nrna_high	46	33	31	75	2	54321	7	2	2	108.0	0.0	11235.0	0.9904787093361545	1.011480974632053	0.9939679520934902	0.3055555555555556
gdna_low_ss_0.50_nrna_low	36	32	19	1162	13	16291	13	5	1	1194.0	0.0	768.0	0.39143730886850153	0.6058333197423952	1.020514468661068	0.02680067001675042
gdna_low_ss_0.50_nrna_zero	10	32	32	8605	0	11338	5	2	1	8637.0	0.0	311.0	0.034756370138578456	0.030768017843889234	1.030934405587541	0.003704990158619891
gdna_low_ss_0.99_nrna_zero	1	32	32	4790	0	24255	5	1	1	4822.0	0.0	600.0	0.11066027296200664	0.1043703576904921	0.9010233500580079	0.006636250518457071
gdna_high_ss_0.50_nrna_low	12	31	31	481	0	2569	3	1	1	512.0	0.0	636.0	0.554006968641115	0.5700395294334811	1.132949831642327	0.060546875
gdna_low_ss_0.99_nrna_low	0	31	21	398	57	18095	12	4	2	399.0	77.0	499.0	0.5117948717948718	0.6176919813832461	0.9960179071828964	0.06512605042016807
gdna_low_ss_0.50_nrna_zero	17	31	31	4766	0	33522	14	7	2	4797.0	0.0	864.0	0.15262321144674085	0.14670045006070165	1.010460115923595	0.006462372316030853
gdna_med_ss_0.50_nrna_low	2	30	28	205	2	41284	9	3	2	235.0	0.0	4181.0	0.9467844202898551	1.3508012689725755	0.9916974516711725	0.1276595744680851
gdna_med_ss_0.99_nrna_zero	47	30	30	249	0	51841	5	2	2	279.0	0.0	5258.0	0.949611703088315	0.9098008271585458	0.9761618903044066	0.10752688172043011
gdna_low_ss_0.99_nrna_zero	46	30	30	175	0	54321	7	2	2	205.0	0.0	1382.0	0.870825456836799	0.81790450874128	0.9695465449480382	0.14634146341463414
gdna_high_ss_0.99_nrna_low	14	30	30	119	0	36954	2	1	1	149.0	0.0	7595.0	0.9807592975206612	0.9677714067341887	1.0089116197982444	0.20134228187919462
gdna_med_ss_0.50_nrna_zero	33	30	30	425	0	18986	8	3	1	455.0	0.0	1961.0	0.8116721854304636	0.7993350124162661	0.9897414533931174	0.06593406593406594
gdna_zero_ss_0.50_nrna_high	0	30	0	299	30	18095	12	4	2	329.0	0.0	969.0	0.7465331278890601	1.9287239706924106	0.5461891136153634	0.0911854103343465
gdna_med_ss_0.99_nrna_high	22	29	28	4403	1	14971	3	1	1	4432.0	0.0	1661.0	0.27260791071721646	0.297395364078625	1.0205046183800777	0.006543321299638989
gdna_zero_ss_0.99_nrna_low	4	29	0	84246	38	18721	15	5	1	84275.0	9.0	100.0	0.0011850587789154342	0.0009906473232262373	0.918030953793564	0.00034407479474158795
gdna_high_ss_0.50_nrna_zero	33	29	29	413	0	18986	8	3	1	442.0	0.0	3847.0	0.8969456749825134	0.9165100465125244	1.018458758000848	0.06561085972850679
gdna_med_ss_0.50_nrna_high	22	29	28	4298	1	14971	3	1	1	4327.0	0.0	1766.0	0.2898408009190875	0.7457589030883469	0.9696214606305672	0.0067021030737231336
gdna_low_ss_0.99_nrna_high	46	29	16	138	13	54321	7	2	2	167.0	0.0	1666.0	0.9088925259138025	1.1156815489147875	0.9457696216464243	0.17365269461077845
gdna_zero_ss_0.50_nrna_low	4	29	0	84272	29	18721	15	5	1	84301.0	0.0	83.0	0.0009835987864998104	0.011068981072881621	1.013568079385405	0.0003440054091885031
gdna_high_ss_0.50_nrna_low	0	28	25	328	3	18095	12	4	2	356.0	0.0	3792.0	0.914175506268081	1.1224942991102522	1.0066940801537203	0.07865168539325842
gdna_high_ss_0.99_nrna_low	33	28	28	431	0	18986	8	3	1	459.0	0.0	3891.0	0.8944827586206896	0.9279761579464165	1.016861738019629	0.06100217864923747
gdna_low_ss_0.99_nrna_zero	35	28	28	2431	0	28400	8	3	1	2459.0	0.0	777.0	0.24011124845488258	0.20597137140469685	0.9741510702969379	0.011386742578283855
gdna_med_ss_0.50_nrna_low	14	28	28	118	0	36954	2	1	1	146.0	0.0	3850.0	0.9634634634634635	1.3459829204965932	0.988760487595644	0.1917808219178082
gdna_low_ss_0.50_nrna_high	19	28	28	949	0	18984	2	1	1	977.0	0.0	1095.0	0.5284749034749034	1.880971176984206	0.7611358162754996	0.028659160696008188
gdna_low_ss_0.50_nrna_zero	9	28	28	7037	0	6229	6	3	1	7065.0	0.0	165.0	0.022821576763485476	0.020222184274276453	1.0563100149601572	0.003963198867657466
gdna_low_ss_0.99_nrna_low	35	27	27	2410	0	28400	8	3	1	2437.0	0.0	793.0	0.24551083591331269	0.24201305230361514	1.0072654593902044	0.01107919573245794
gdna_med_ss_0.99_nrna_zero	2	27	27	257	0	41284	9	3	2	284.0	0.0	4162.0	0.9361223571749887	0.8881034852975065	0.9593211968251613	0.09507042253521127
gdna_med_ss_0.99_nrna_high	2	27	14	232	13	41284	9	3	2	259.0	0.0	4724.0	0.948023279149107	0.9619398155318157	1.0037662949934276	0.10424710424710425
gdna_med_ss_0.50_nrna_low	46	27	27	76	0	54321	7	2	2	103.0	0.0	5578.0	0.9818693891920437	1.3648948560627376	0.9794123987904958	0.2621359223300971
gdna_med_ss_0.50_nrna_low	0	27	23	346	4	18095	12	4	2	373.0	0.0	2022.0	0.844258872651357	1.1813614762045623	1.005638077524631	0.07238605898123325
gdna_low_ss_0.99_nrna_zero	17	26	26	4765	0	33522	14	7	2	4791.0	0.0	870.0	0.15368309485956544	0.13747042909482127	0.9569855633853344	0.005426841995408057
gdna_high_ss_0.99_nrna_zero	3	26	26	3874	0	8322	6	2	1	3900.0	0.0	1649.0	0.2971706613804289	0.33837826006235605	1.042112884531545	0.006666666666666667
gdna_low_ss_0.99_nrna_low	46	26	23	155	3	54321	7	2	2	181.0	0.0	1384.0	0.8843450479233227	0.9567419662065753	0.9799314880178003	0.143646408839779
gdna_low_ss_0.99_nrna_low	47	26	17	286	9	51841	5	2	2	312.0	0.0	1363.0	0.8137313432835821	0.9003477993689585	1.0023981213496376	0.08333333333333333
gdna_high_ss_0.50_nrna_low	14	26	26	99	0	36954	2	1	1	125.0	0.0	7619.0	0.9838584710743802	1.1747312134439443	1.0024393833249199	0.208
gdna_low_ss_0.99_nrna_high	2	25	12	267	13	41284	9	3	2	292.0	0.0	1512.0	0.8381374722838137	0.9423446182834722	0.9664881215540667	0.08561643835616438
gdna_high_ss_0.50_nrna_low	33	25	25	405	0	18986	8	3	1	430.0	0.0	3920.0	0.9011494252873563	1.1084379995205613	1.0140333648854991	0.05813953488372093
gdna_med_ss_0.50_nrna_high	2	25	23	189	2	41284	9	3	2	214.0	0.0	4769.0	0.9570539835440498	2.588767042867411	0.9915957855764773	0.11682242990654206
gdna_med_ss_0.99_nrna_low	14	25	25	149	0	36954	2	1	1	174.0	0.0	3822.0	0.9564564564564565	0.9506388202779542	1.0042161499740578	0.14367816091954022
gdna_high_ss_0.99_nrna_zero	12	25	25	526	0	2569	3	1	1	551.0	0.0	576.0	0.5110913930789707	0.4734899625185955	1.136421316813024	0.045372050816696916
gdna_med_ss_0.50_nrna_low	33	25	25	437	0	18986	8	3	1	462.0	0.0	1949.0	0.808378266279552	1.181186163021077	1.0055034360084152	0.05411255411255411
gdna_med_ss_0.99_nrna_zero	0	25	25	373	0	18095	12	4	2	398.0	0.0	1910.0	0.8275563258232236	0.8207933013391274	0.9754375225132987	0.06281407035175879
gdna_med_ss_0.50_nrna_low	12	25	25	525	0	2569	3	1	1	550.0	0.0	310.0	0.36046511627906974	0.456144907759287	1.1034765919321017	0.045454545454545456
gdna_med_ss_0.99_nrna_zero	28	25	25	43	0	11868	7	3	1	68.0	0.0	1260.0	0.9487951807228916	0.8394209094820045	1.000390303943022	0.36764705882352944
gdna_low_ss_0.99_nrna_zero	10	25	25	8617	0	11338	5	2	1	8642.0	0.0	306.0	0.03419758605274922	0.029917065488275725	1.013530905476894	0.0028928488775746353
gdna_med_ss_0.99_nrna_high	46	24	20	90	4	54321	7	2	2	114.0	0.0	5788.0	0.9806845137241613	1.020698183870723	0.9879228661022191	0.21052631578947367
gdna_med_ss_0.50_nrna_zero	12	24	24	539	0	2569	3	1	1	563.0	0.0	271.0	0.3249400479616307	0.3293567939390986	1.0800460108804444	0.04262877442273535
gdna_med_ss_0.50_nrna_high	3	24	15	3831	9	8322	6	2	1	3855.0	0.0	1088.0	0.22010924539753185	0.5782687999587413	1.0235459566440381	0.0062256809338521405
gdna_low_ss_0.99_nrna_low	19	24	24	1475	0	18984	2	1	1	1499.0	0.0	551.0	0.26878048780487807	0.31496635804553785	1.0149720927101564	0.016010673782521682
gdna_high_ss_0.50_nrna_zero	0	24	24	338	0	18095	12	4	2	362.0	0.0	3699.0	0.9108593942378724	0.942576425349544	1.019367694633946	0.06629834254143646
gdna_med_ss_0.99_nrna_high	3	23	14	3874	9	8322	6	2	1	3897.0	0.0	1046.0	0.21161238114505362	0.2478715204905808	1.036228630581683	0.00590197587888119
gdna_high_ss_0.99_nrna_high	3	23	19	3841	4	8322	6	2	1	3864.0	0.0	2022.0	0.3435270132517839	0.3610988549607358	1.0369233162944076	0.005952380952380952
gdna_high_ss_0.99_nrna_zero	0	23	23	352	0	18095	12	4	2	375.0	0.0	3686.0	0.9076582122629894	0.93907341914264	1.019367694633946	0.06133333333333333
gdna_med_ss_0.99_nrna_low	28	23	23	41	0	11868	7	3	1	64.0	0.0	1283.0	0.9524870081662955	0.8734131874088931	1.0267361459020687	0.359375
gdna_high_ss_0.50_nrna_high	33	23	23	391	0	18986	8	3	1	414.0	0.0	3959.0	0.9053281500114339	1.7837744650692815	0.978800316552784	0.05555555555555555
gdna_low_ss_0.50_nrna_zero	30	22	22	35065	0	20453	9	3	1	35087.0	0.0	508.0	0.014271667369012501	0.017599514111426358	1.0171464916773199	0.0006270128537635022
gdna_med_ss_0.99_nrna_high	47	22	22	214	0	51841	5	2	2	236.0	0.0	5213.0	0.9566893007891356	1.0809004060139356	0.9764601976236029	0.09322033898305085
gdna_med_ss_0.99_nrna_low	22	21	21	4417	0	14971	3	1	1	4438.0	0.0	1556.0	0.2595929262595929	0.2653706235788437	1.0183510898870716	0.00473186119873817
gdna_low_ss_0.99_nrna_zero	19	21	21	1500	0	18984	2	1	1	1521.0	0.0	481.0	0.24025974025974026	0.2577249306991561	0.9836028420780738	0.013806706114398421
gdna_low_ss_0.99_nrna_zero	9	21	21	7036	0	6229	6	3	1	7056.0	1.0	173.0	0.02392807745504841	0.019317443621840246	1.0185258639296535	0.0029757687402579
gdna_med_ss_0.99_nrna_zero	33	21	21	456	0	18986	8	3	1	477.0	0.0	1939.0	0.8025662251655629	0.7966768110475219	0.9903699534062225	0.0440251572327044
gdna_low_ss_0.99_nrna_zero	30	20	20	35038	0	20453	9	3	1	35058.0	0.0	537.0	0.015086388537715972	0.016799472649257106	0.982150904900301	0.0005704831992697815
gdna_high_ss_0.99_nrna_low	3	20	20	3866	0	8322	6	2	1	3886.0	0.0	1815.0	0.3183651990878793	0.3440272586779414	1.0410691376410475	0.0051466803911477095
gdna_high_ss_0.99_nrna_zero	33	20	20	434	0	18986	8	3	1	454.0	0.0	3835.0	0.8941478200046631	0.9128269787655013	1.018458758000848	0.04405286343612335
gdna_low_ss_0.99_nrna_high	14	20	9	170	11	36954	2	1	1	190.0	0.0	1180.0	0.8613138686131386	0.9996284103078042	0.9488426944910165	0.10526315789473684
gdna_low_ss_0.50_nrna_high	37	19	8	346	11	47690	2	1	1	365.0	0.0	2513.0	0.8731758165392633	4.304403029123058	0.9977261510147879	0.052054794520547946
gdna_med_ss_0.99_nrna_low	2	19	17	262	2	41284	9	3	2	281.0	0.0	4135.0	0.9363677536231884	0.9725493479158562	1.0052117229520012	0.06761565836298933
gdna_med_ss_0.99_nrna_low	12	19	19	542	0	2569	3	1	1	561.0	0.0	299.0	0.34767441860465115	0.3457303151250133	1.1293407563387776	0.0338680926916221
gdna_med_ss_0.99_nrna_low	0	19	17	367	10	18095	12	4	2	382.0	12.0	2001.0	0.8354906054279749	0.8517797892950686	1.0180059687154401	0.048223350253807105
gdna_high_ss_0.99_nrna_high	33	19	19	438	0	18986	8	3	1	457.0	0.0	3916.0	0.8954950834667277	0.9915064615359254	1.0166884894725543	0.04157549234135667
gdna_high_ss_0.99_nrna_low	0	19	15	345	4	18095	12	4	2	364.0	0.0	3784.0	0.9122468659594986	0.9416066464173354	1.0175813412838595	0.0521978021978022
gdna_low_ss_0.50_nrna_high	9	19	19	6693	0	6229	6	3	1	6712.0	0.0	512.0	0.07087486157253599	0.14806302210467157	0.7912442543351061	0.002830750893921335
gdna_high_ss_0.99_nrna_high	8	19	10	137	9	5435	13	5	1	156.0	0.0	1286.0	0.8918169209431346	0.781941627144231	1.0485668347860841	0.12179487179487179
gdna_low_ss_0.50_nrna_zero	47	19	19	269	0	51841	5	2	2	288.0	0.0	1371.0	0.8264014466546112	0.7859083540727586	1.0067623975468731	0.06597222222222222
gdna_med_ss_0.99_nrna_zero	22	19	19	4411	0	14971	3	1	1	4430.0	0.0	1529.0	0.2565866756167142	0.24620613402025243	0.9802473085445076	0.004288939051918736
gdna_low_ss_0.50_nrna_zero	36	19	19	1205	0	16291	13	5	1	1224.0	0.0	401.0	0.24676923076923077	0.25089531115175745	1.02152809114271	0.015522875816993464
gdna_med_ss_0.50_nrna_low	3	19	19	3867	0	8322	6	2	1	3886.0	0.0	922.0	0.19176372712146422	0.28149024270524026	1.0388132336417775	0.004889346371590325
gdna_low_ss_0.50_nrna_low	9	18	18	6953	0	6229	6	3	1	6971.0	0.0	261.0	0.0360896017699115	0.05603322150206656	1.0284797861221873	0.002582125950365801
gdna_high_ss_0.99_nrna_low	12	18	18	518	0	2569	3	1	1	536.0	0.0	612.0	0.5331010452961672	0.48411569077422684	1.1337505256948033	0.033582089552238806
gdna_med_ss_0.99_nrna_high	8	18	7	136	11	5435	13	5	1	154.0	0.0	774.0	0.834051724137931	0.6780045611886867	1.0595053482681438	0.11688311688311688
gdna_med_ss_0.50_nrna_high	14	18	14	100	4	36954	2	1	1	118.0	0.0	4141.0	0.9722939657196525	2.6879856048959714	0.9641801634299445	0.15254237288135594
gdna_high_ss_0.50_nrna_high	47	18	18	63	0	51841	5	2	2	81.0	0.0	10660.0	0.992458802718555	1.89264095438316	0.9478564238472293	0.2222222222222222
gdna_low_ss_0.99_nrna_high	8	18	4	151	22	5435	13	5	1	168.0	9.0	284.0	0.6160520607375272	0.5633554434052289	1.0152581794248785	0.1016949152542373
gdna_low_ss_0.50_nrna_zero	14	18	18	183	0	36954	2	1	1	201.0	0.0	976.0	0.8292268479184367	0.846786959499472	1.0094882837695232	0.08955223880597014
gdna_low_ss_0.50_nrna_zero	0	18	18	396	0	18095	12	4	2	414.0	0.0	462.0	0.5273972602739726	0.6363268313965467	1.0193814197776803	0.043478260869565216
gdna_low_ss_0.50_nrna_low	30	17	17	35028	0	20453	9	3	1	35045.0	0.0	538.0	0.01511957957451592	0.04714383229017892	0.9363391973194815	0.00048509059780282496
gdna_med_ss_0.99_nrna_zero	12	17	17	548	0	2569	3	1	1	565.0	0.0	269.0	0.3225419664268585	0.3114686997790028	1.0263505634481191	0.03008849557522124
gdna_low_ss_0.50_nrna_high	0	17	2	324	15	18095	12	4	2	341.0	0.0	1434.0	0.8078873239436619	2.4294369194957177	0.8989824337131693	0.04985337243401759
gdna_high_ss_0.50_nrna_high	8	17	10	116	7	5435	13	5	1	133.0	0.0	1309.0	0.9077669902912622	1.4307440556588162	1.0626031708369963	0.12781954887218044
gdna_low_ss_0.50_nrna_zero	22	17	17	4454	0	14971	3	1	1	4471.0	0.0	381.0	0.07852431986809563	0.07922322369790345	1.023426591740624	0.0038022813688212928
gdna_zero_ss_0.99_nrna_high	8	17	0	153	47	5435	13	5	1	160.0	40.0	121.0	0.37694704049844235	0.5026983332325817	1.0460431239560084	0.085
gdna_med_ss_0.99_nrna_high	28	17	14	30	3	11868	7	3	1	47.0	0.0	1348.0	0.9663082437275986	0.8910343317627268	0.9964435782344534	0.3617021276595745
gdna_low_ss_0.50_nrna_low	47	16	12	225	4	51841	5	2	2	241.0	0.0	1434.0	0.8561194029850746	2.1298033699323913	0.9618924688280761	0.06639004149377593
gdna_zero_ss_0.50_nrna_high	35	16	0	347	16	47690	2	1	1	363.0	0.0	1293.0	0.7807971014492754	7.3864022757727845	1.0009619651025854	0.0440771349862259
gdna_low_ss_0.99_nrna_zero	47	16	16	291	0	51841	5	2	2	307.0	0.0	1352.0	0.814948764315853	0.7478581340629624	0.9682378399561874	0.05211726384364821
gdna_low_ss_0.99_nrna_high	3	16	5	3895	11	8322	6	2	1	3911.0	0.0	411.0	0.09509486348912541	0.11602743809009386	0.9703774564950002	0.004091025313219126
gdna_zero_ss_0.50_nrna_low	34	16	0	1171	16	16291	13	5	1	1187.0	0.0	335.0	0.22010512483574243	0.5175132494945074	1.0155949958265447	0.013479359730412805
gdna_med_ss_0.99_nrna_low	49	16	16	32	0	26705	6	3	1	48.0	0.0	2788.0	0.9830747531734838	0.9692845913538224	1.0083329671693821	0.3333333333333333
gdna_low_ss_0.50_nrna_high	3	16	7	3810	9	8322	6	2	1	3826.0	0.0	496.0	0.11476168440536788	0.5193745410698575	1.0304608048641082	0.004181913225300575
gdna_med_ss_0.99_nrna_low	33	16	16	445	0	18986	8	3	1	461.0	0.0	1950.0	0.8087930319369556	0.858187270284637	1.015165537207748	0.03470715835140998
gdna_high_ss_0.50_nrna_high	46	15	15	66	0	54321	7	2	2	81.0	0.0	11262.0	0.9928590320021159	1.9052073359228936	0.9575791527854902	0.18518518518518517
gdna_med_ss_0.50_nrna_zero	3	15	15	3879	0	8322	6	2	1	3894.0	0.0	884.0	0.18501465048137297	0.19454437779915232	1.012603605582343	0.003852080123266564
gdna_med_ss_0.50_nrna_zero	0	15	15	359	0	18095	12	4	2	374.0	0.0	1934.0	0.8379549393414212	0.8401242112958152	0.9947855608675545	0.040106951871657755
gdna_low_ss_0.99_nrna_low	30	15	15	35043	0	20453	9	3	1	35058.0	0.0	525.0	0.014754236573644717	0.019863146052887533	1.0050970070532714	0.0004278623994523361
gdna_low_ss_0.99_nrna_low	9	15	15	7030	0	6229	6	3	1	7045.0	0.0	187.0	0.02585730088495575	0.024337559568698285	1.0536579699076771	0.0021291696238466998
gdna_high_ss_0.99_nrna_zero	49	15	15	37	0	26705	6	3	1	52.0	0.0	5394.0	0.9904517076753581	0.9803382697548109	1.0131231618658452	0.28846153846153844
gdna_low_ss_0.99_nrna_high	47	14	14	256	0	51841	5	2	2	270.0	0.0	1390.0	0.8373493975903614	1.3275914965006903	0.9687948221345387	0.05185185185185185
gdna_med_ss_0.99_nrna_low	3	14	14	3891	0	8322	6	2	1	3905.0	0.0	903.0	0.18781198003327787	0.21033676276947463	1.0399176402269121	0.003585147247119078
gdna_med_ss_0.50_nrna_high	33	14	14	387	0	18986	8	3	1	401.0	0.0	2009.0	0.8336099585062241	2.3684589148897386	0.9355336253491021	0.034912718204488775
gdna_high_ss_0.99_nrna_low	8	14	12	130	2	5435	13	5	1	144.0	0.0	1259.0	0.8973627940128297	0.7444210453201429	1.0630137988235353	0.09722222222222222
gdna_low_ss_0.99_nrna_zero	14	14	14	190	0	36954	2	1	1	204.0	0.0	973.0	0.826677994902294	0.7907569400987464	0.9546794635622373	0.06862745098039216
gdna_zero_ss_0.99_nrna_high	2	14	0	292	14	41284	9	3	2	306.0	0.0	496.0	0.6184538653366584	0.8456335613158911	0.8547007531516997	0.0457516339869281
gdna_low_ss_0.99_nrna_high	9	13	13	7024	0	6229	6	3	1	7037.0	0.0	187.0	0.0258859357696567	0.037266465914391034	0.9818005384551552	0.0018473781440954953
gdna_low_ss_0.99_nrna_zero	0	13	13	413	0	18095	12	4	2	426.0	0.0	450.0	0.5136986301369864	0.5677932558530815	0.9192481547912164	0.03051643192488263
gdna_low_ss_0.99_nrna_low	2	13	11	288	2	41284	9	3	2	301.0	0.0	1140.0	0.7911172796668979	0.8307085530528664	1.002483428099174	0.04318936877076412
gdna_med_ss_0.99_nrna_zero	3	13	13	3889	0	8322	6	2	1	3902.0	0.0	876.0	0.18334030975303475	0.18732625081909676	0.9800263131131374	0.0033316248077908763
gdna_med_ss_0.50_nrna_zero	28	13	13	31	0	11868	7	3	1	44.0	0.0	1284.0	0.9668674698795181	0.852201662245353	1.012599178473492	0.29545454545454547
gdna_low_ss_0.50_nrna_low	2	13	11	241	2	41284	9	3	2	254.0	0.0	1187.0	0.823733518390007	2.0200148000103617	0.9807521551869204	0.051181102362204724
gdna_med_ss_0.50_nrna_low	28	13	13	20	0	11868	7	3	1	33.0	0.0	1314.0	0.9755011135857461	1.2425395399241332	1.018785423003481	0.3939393939393939
gdna_zero_ss_0.99_nrna_high	43	13	0	178	13	54321	7	2	2	191.0	0.0	259.0	0.5755555555555556	1.4381502826491064	0.7170642609974157	0.06806282722513089
gdna_med_ss_0.50_nrna_high	8	13	7	114	6	5435	13	5	1	127.0	0.0	801.0	0.8631465517241379	1.6827248811349265	1.0610774477097515	0.10236220472440945
gdna_high_ss_0.50_nrna_zero	8	13	13	120	0	5435	13	5	1	133.0	0.0	1139.0	0.8954402515723271	0.7919134062082626	1.0644829621608107	0.09774436090225563
gdna_high_ss_0.99_nrna_zero	28	13	13	37	0	11868	7	3	1	50.0	0.0	2405.0	0.9796334012219959	0.9293129166355749	1.0295299641283078	0.26
gdna_med_ss_0.99_nrna_high	13	12	10	30	2	5860	2	1	1	42.0	0.0	682.0	0.9419889502762431	0.8952327195480384	1.0566477088568331	0.2857142857142857
gdna_low_ss_0.50_nrna_zero	2	12	12	288	0	41284	9	3	2	300.0	0.0	1073.0	0.7815003641660597	0.7602614717999734	1.0084926948978299	0.04
gdna_med_ss_0.99_nrna_zero	13	12	12	30	0	5860	2	1	1	42.0	0.0	643.0	0.9386861313868613	0.7563318665843805	0.9725649101581522	0.2857142857142857
gdna_med_ss_0.50_nrna_zero	13	12	12	27	0	5860	2	1	1	39.0	0.0	646.0	0.9430656934306569	0.7961667747621162	1.020381665609562	0.3076923076923077
gdna_low_ss_0.99_nrna_zero	22	12	12	4461	0	14971	3	1	1	4473.0	0.0	379.0	0.0781121187139324	0.07503076340330077	0.978823674227866	0.0026827632461435278
gdna_low_ss_0.99_nrna_low	28	11	9	63	2	11868	7	3	1	74.0	0.0	370.0	0.8333333333333334	0.7222877444525485	1.0281611290896973	0.14864864864864866
gdna_low_ss_0.50_nrna_low	12	11	11	550	0	2569	3	1	1	561.0	0.0	85.0	0.13157894736842105	0.3323291189920994	1.119331112294595	0.0196078431372549
gdna_med_ss_0.50_nrna_zero	8	11	11	138	0	5435	13	5	1	149.0	0.0	559.0	0.78954802259887	0.677026897032462	1.000854087741285	0.0738255033557047
gdna_high_ss_0.50_nrna_high	14	11	11	91	0	36954	2	1	1	102.0	0.0	7757.0	0.9870212495228401	1.8789778502567136	0.958806123455793	0.10784313725490197
gdna_med_ss_0.99_nrna_high	33	11	11	440	0	18986	8	3	1	451.0	0.0	1959.0	0.8128630705394191	0.9714688033700695	1.0067342160207593	0.024390243902439025
gdna_high_ss_0.50_nrna_zero	28	11	11	16	0	11868	7	3	1	27.0	0.0	2428.0	0.9890020366598778	0.9322137423861692	1.0295299641283078	0.4074074074074074
gdna_high_ss_0.50_nrna_low	8	11	11	124	0	5435	13	5	1	135.0	0.0	1268.0	0.9037776193870278	0.8828792417543774	1.0634426912880555	0.08148148148148149
gdna_med_ss_0.50_nrna_zero	38	11	11	11	0	27863	3	1	1	22.0	0.0	2815.0	0.9922453295734931	0.9382265305625889	0.9747715847595414	0.5
gdna_low_ss_0.50_nrna_zero	28	11	11	54	0	11868	7	3	1	65.0	0.0	333.0	0.8366834170854272	0.723633111774836	1.0295527581357204	0.16923076923076924
gdna_med_ss_0.50_nrna_low	8	11	9	136	2	5435	13	5	1	147.0	0.0	634.0	0.8117797695262484	0.935688802591312	1.0627931491543552	0.07482993197278912
gdna_low_ss_0.50_nrna_zero	13	11	11	46	0	5860	2	1	1	57.0	0.0	160.0	0.7373271889400922	0.7000203714698167	1.0598560725162074	0.19298245614035087
gdna_zero_ss_0.99_nrna_high	14	11	0	196	11	36954	2	1	1	207.0	0.0	269.0	0.5651260504201681	0.969064689334798	0.769698041825839	0.05314009661835749
gdna_med_ss_0.50_nrna_high	47	11	11	82	0	51841	5	2	2	93.0	0.0	5356.0	0.9829326481923288	2.6492611176020966	0.8863578106894506	0.11827956989247312
gdna_low_ss_0.50_nrna_low	46	11	10	84	1	54321	7	2	2	95.0	0.0	1470.0	0.939297124600639	2.289128670620052	0.9125502476236901	0.11578947368421053
gdna_low_ss_0.99_nrna_low	8	11	5	157	10	5435	13	5	1	166.0	6.0	197.0	0.5338753387533876	0.4278076895978232	1.0614973689157765	0.06395348837209303
gdna_high_ss_0.99_nrna_high	13	11	11	22	0	5860	2	1	1	33.0	0.0	1262.0	0.9745173745173745	0.9018337018746173	1.0263160883516906	0.3333333333333333
gdna_zero_ss_0.99_nrna_low	8	10	0	157	22	5435	13	5	1	159.0	20.0	29.0	0.13942307692307693	0.14818058065374276	1.0467859672889295	0.055865921787709494
gdna_zero_ss_0.99_nrna_high	3	10	0	3909	10	8322	6	2	1	3919.0	0.0	174.0	0.042511605179574884	0.07504994970192386	1.0300686492379745	0.0025516713447307987
gdna_zero_ss_0.99_nrna_low	44	10	0	309	32	51841	5	2	2	309.0	32.0	19.0	0.05277777777777778	0.455253685529166	0.7771342310533408	0.02932551319648094
gdna_low_ss_0.50_nrna_high	8	10	0	103	10	5435	13	5	1	113.0	0.0	348.0	0.754880694143167	2.668047912818472	1.055747269126828	0.08849557522123894
gdna_low_ss_0.50_nrna_low	8	10	6	148	4	5435	13	5	1	158.0	0.0	211.0	0.5718157181571816	0.9705492527652735	1.0614973689157765	0.06329113924050633
gdna_low_ss_0.50_nrna_high	2	9	5	182	4	41284	9	3	2	191.0	0.0	1613.0	0.8941241685144125	5.255875729943502	0.9455336077092604	0.04712041884816754
gdna_low_ss_0.50_nrna_high	22	9	9	4338	0	14971	3	1	1	4347.0	0.0	492.0	0.10167389956602604	0.5333179969203458	0.7143214011916992	0.002070393374741201
gdna_high_ss_0.99_nrna_zero	38	9	9	10	0	27863	3	1	1	19.0	0.0	5676.0	0.9966637401229148	0.9621144412069746	1.0125777355734948	0.47368421052631576
gdna_high_ss_0.99_nrna_high	28	9	8	28	1	11868	7	3	1	37.0	0.0	2553.0	0.9857142857142858	0.9431116644937031	1.0286691337821692	0.24324324324324326
gdna_low_ss_0.99_nrna_zero	36	9	9	1222	0	16291	13	5	1	1231.0	0.0	394.0	0.24246153846153845	0.2278867804533623	0.9396878116724956	0.007311129163281885
gdna_low_ss_0.99_nrna_zero	38	9	9	16	0	27863	3	1	1	25.0	0.0	772.0	0.9686323713927227	0.8355498045068717	0.9850501462833234	0.36
gdna_low_ss_0.50_nrna_zero	33	9	9	465	0	18986	8	3	1	474.0	0.0	502.0	0.514344262295082	0.5262460467958152	1.0184716720046667	0.0189873417721519
gdna_low_ss_0.99_nrna_low	38	9	9	25	0	27863	3	1	1	34.0	0.0	735.0	0.9557867360208062	1.0244115781965142	1.0020097644600652	0.2647058823529412
gdna_high_ss_0.99_nrna_low	13	9	9	25	0	5860	2	1	1	34.0	0.0	1284.0	0.9742033383915023	0.8631009440795668	1.0593162110768648	0.2647058823529412
gdna_med_ss_0.99_nrna_low	13	8	8	28	0	5860	2	1	1	36.0	0.0	660.0	0.9482758620689655	0.8309607913276562	1.0583012938841028	0.2222222222222222
gdna_low_ss_0.99_nrna_high	22	8	8	4438	0	14971	3	1	1	4446.0	0.0	393.0	0.08121512709237445	0.12998464558041883	0.928613457112172	0.001799370220422852
gdna_low_ss_0.99_nrna_zero	2	8	8	300	0	41284	9	3	2	308.0	0.0	1065.0	0.775673707210488	0.7273422133955146	0.9752905243263345	0.025974025974025976
gdna_low_ss_0.99_nrna_zero	28	8	8	70	0	11868	7	3	1	78.0	0.0	320.0	0.8040201005025126	0.7029740928655189	1.0126335032426141	0.10256410256410256
gdna_med_ss_0.99_nrna_high	49	8	8	40	0	26705	6	3	1	48.0	0.0	2716.0	0.9826338639652678	1.0673664185549794	0.9942301735786357	0.16666666666666666
gdna_high_ss_0.99_nrna_zero	8	8	8	124	0	5435	13	5	1	132.0	0.0	1140.0	0.8962264150943396	0.7883293061467226	1.0644829621608107	0.06060606060606061
gdna_low_ss_0.99_nrna_low	14	8	8	185	0	36954	2	1	1	193.0	0.0	952.0	0.8314410480349345	0.9377791274942756	0.99748767968406	0.04145077720207254
gdna_low_ss_0.50_nrna_high	47	8	8	96	0	51841	5	2	2	104.0	0.0	1556.0	0.9373493975903614	5.58162261735357	0.737217575125089	0.07692307692307693
gdna_low_ss_0.99_nrna_zero	8	8	8	157	0	5435	13	5	1	164.0	1.0	137.0	0.45364238410596025	0.37786942296631026	0.9619276421563392	0.048484848484848485
gdna_high_ss_0.50_nrna_low	49	8	8	36	0	26705	6	3	1	44.0	0.0	5437.0	0.9919722678343368	1.210092724024038	1.0094517380406085	0.18181818181818182
gdna_high_ss_0.50_nrna_low	38	8	8	12	0	27863	3	1	1	20.0	0.0	5562.0	0.9964170548190613	1.2061763086044686	1.0003799365866113	0.4
gdna_med_ss_0.99_nrna_zero	38	8	8	12	0	27863	3	1	1	20.0	0.0	2817.0	0.9929502996122664	0.9441685572216127	0.9843254206661897	0.4
gdna_low_ss_0.50_nrna_low	14	8	8	130	0	36954	2	1	1	138.0	0.0	1007.0	0.879475982532751	2.299772976716423	0.92512007287236	0.057971014492753624
gdna_med_ss_0.99_nrna_zero	48	8	8	13	0	24832	5	2	1	21.0	0.0	2555.0	0.9918478260869565	0.9313955557360204	0.993891546639455	0.38095238095238093
gdna_high_ss_0.50_nrna_zero	18	8	8	25	0	27690	8	3	1	33.0	0.0	5571.0	0.9941113490364025	0.9801800709229778	1.012656321221679	0.24242424242424243
gdna_med_ss_0.50_nrna_zero	48	8	8	13	0	24832	5	2	1	21.0	0.0	2555.0	0.9918478260869565	0.9342903788581096	0.9938475233105849	0.38095238095238093
gdna_low_ss_0.50_nrna_zero	49	8	8	38	0	26705	6	3	1	46.0	0.0	696.0	0.9380053908355795	0.9083130087823745	1.0131313143551204	0.17391304347826086
gdna_low_ss_0.50_nrna_low	18	8	8	24	0	27690	8	3	1	32.0	0.0	716.0	0.9572192513368984	2.462349753480386	0.941608301099465	0.25
gdna_high_ss_0.50_nrna_zero	49	7	7	31	0	26705	6	3	1	38.0	0.0	5408.0	0.9930224017627617	0.9834831750961059	1.0131231618658452	0.18421052631578946
gdna_med_ss_0.99_nrna_low	8	7	3	138	4	5435	13	5	1	145.0	0.0	636.0	0.8143405889884763	0.685096371227283	1.061892521994318	0.04827586206896552
gdna_med_ss_0.50_nrna_zero	49	7	7	30	0	26705	6	3	1	37.0	0.0	2768.0	0.9868092691622103	0.9394592291055835	0.9913932379722606	0.1891891891891892
gdna_low_ss_0.99_nrna_zero	48	7	7	20	0	24832	5	2	1	27.0	0.0	630.0	0.958904109589041	0.8941971498185024	0.9804183019898166	0.25925925925925924
gdna_high_ss_0.99_nrna_high	48	7	7	6	0	24832	5	2	1	13.0	0.0	5039.0	0.9974267616785432	1.0155213375995717	0.9937063670519455	0.5384615384615384
gdna_low_ss_0.99_nrna_high	28	7	3	44	4	11868	7	3	1	51.0	0.0	414.0	0.8903225806451613	0.9141333106680823	0.9818674890878228	0.13725490196078433
gdna_low_ss_0.99_nrna_low	12	7	7	560	0	2569	3	1	1	567.0	0.0	79.0	0.12229102167182662	0.1520959570213443	1.1291023225712447	0.012345679012345678
gdna_low_ss_0.50_nrna_zero	8	7	7	151	0	5435	13	5	1	158.0	0.0	144.0	0.4768211920529801	0.4215799062544964	1.0645369484107134	0.04430379746835443
gdna_zero_ss_0.50_nrna_zero	22	7	0	7	0	1311	2	2	1	7.0	0.0	0.0	0.0	0.0	1.1895970736686552	1.0
gdna_low_ss_0.50_nrna_zero	18	7	7	24	0	27690	8	3	1	31.0	0.0	734.0	0.9594771241830066	0.9045020676205072	1.012664057099865	0.22580645161290322
gdna_zero_ss_0.99_nrna_low	43	7	0	226	7	54321	7	2	2	233.0	0.0	45.0	0.1618705035971223	0.5074152199295331	0.8019553331643934	0.030042918454935622
gdna_zero_ss_0.99_nrna_zero	22	7	0	7	0	1311	2	2	1	7.0	0.0	0.0	0.0	0.0	1.1895970736686552	1.0
gdna_low_ss_0.99_nrna_high	13	7	6	44	1	5860	2	1	1	51.0	0.0	194.0	0.7918367346938775	0.9418136930296346	0.9853061345656272	0.13725490196078433
gdna_med_ss_0.50_nrna_high	46	7	6	61	1	54321	7	2	2	68.0	0.0	5834.0	0.9884784818705523	2.709188595561434	0.930256241690239	0.10294117647058823
gdna_med_ss_0.99_nrna_zero	8	7	7	147	0	5435	13	5	1	154.0	0.0	554.0	0.7824858757062146	0.6896086792719003	1.024069074385495	0.045454545454545456
gdna_low_ss_0.50_nrna_low	22	7	6	4432	1	14971	3	1	1	4439.0	0.0	424.0	0.08718897799712112	0.21370703228058774	0.9739708307786636	0.0015769317413831944
gdna_zero_ss_0.50_nrna_high	3	7	0	3780	7	8322	6	2	1	3787.0	0.0	306.0	0.07476178841925238	0.4962399411418439	0.984083389677608	0.0018484288354898336
gdna_low_ss_0.99_nrna_low	48	6	6	16	0	24832	5	2	1	22.0	0.0	621.0	0.9657853810264385	1.0633570649658046	1.0018644243764157	0.2727272727272727
gdna_med_ss_0.50_nrna_low	49	6	6	29	0	26705	6	3	1	35.0	0.0	2801.0	0.9876586741889986	1.377455509266108	1.0021916647103823	0.17142857142857143
gdna_high_ss_0.50_nrna_high	28	6	5	16	1	11868	7	3	1	22.0	0.0	2568.0	0.9915057915057915	1.7721172882751481	0.9767556092565397	0.2727272727272727
gdna_high_ss_0.50_nrna_zero	13	6	6	11	0	5860	2	1	1	17.0	0.0	1252.0	0.9866036249014972	0.8732302516109627	1.0598062597805353	0.35294117647058826
gdna_high_ss_0.99_nrna_low	49	6	6	41	0	26705	6	3	1	47.0	0.0	5434.0	0.9914249224594052	0.9959419861552888	1.0116377410760438	0.1276595744680851
gdna_low_ss_0.99_nrna_low	18	6	6	24	0	27690	8	3	1	30.0	0.0	718.0	0.9598930481283422	1.060399645276691	0.9956447936351625	0.2
gdna_zero_ss_0.99_nrna_low	0	6	0	426	99	18095	12	4	2	430.0	95.0	18.0	0.03314917127071823	0.13385294093284586	0.7256391673437617	0.011428571428571429
gdna_high_ss_0.99_nrna_high	18	6	6	20	0	27690	8	3	1	26.0	0.0	5474.0	0.9952727272727273	1.0780112757497011	0.9981681639764003	0.23076923076923078
gdna_high_ss_0.50_nrna_low	28	6	6	14	0	11868	7	3	1	20.0	0.0	2522.0	0.99213217938631	1.1115892762102693	1.0214399317577008	0.3
gdna_low_ss_0.99_nrna_high	38	6	5	8	1	27863	3	1	1	14.0	0.0	790.0	0.9825870646766169	1.405359667497471	0.975353996493677	0.42857142857142855
gdna_high_ss_0.99_nrna_high	49	6	6	31	0	26705	6	3	1	37.0	0.0	5571.0	0.9934022824536377	1.014621499066821	1.0068979601679797	0.16216216216216217
gdna_zero_ss_0.99_nrna_low	35	6	0	974	6	47690	2	1	1	980.0	0.0	113.0	0.10338517840805124	0.13414249210343115	0.8246998066762973	0.006122448979591836
gdna_high_ss_0.99_nrna_low	28	6	5	18	1	11868	7	3	1	24.0	0.0	2518.0	0.990558615263572	0.917039870390223	1.0277694219264744	0.25
gdna_med_ss_0.50_nrna_low	38	6	6	12	0	27863	3	1	1	18.0	0.0	2723.0	0.9934330536300621	1.4157892377624326	0.9741738650653456	0.3333333333333333
gdna_low_ss_0.99_nrna_low	3	5	5	3912	0	8322	6	2	1	3917.0	0.0	234.0	0.0563719585642014	0.07485856242373946	1.0353763409525394	0.0012764871074802144
gdna_low_ss_0.99_nrna_high	49	5	5	46	0	26705	6	3	1	51.0	0.0	673.0	0.9295580110497238	1.3781110448875464	0.979263054545971	0.09803921568627451
gdna_zero_ss_0.99_nrna_high	13	5	0	47	6	5860	2	1	1	52.0	1.0	40.0	0.43010752688172044	0.9886210417800656	0.7728778219949081	0.09433962264150944
gdna_zero_ss_0.50_nrna_low	44	5	0	230	5	51841	5	2	2	235.0	0.0	125.0	0.3472222222222222	2.933648725182828	0.4222711241242187	0.02127659574468085
gdna_low_ss_0.99_nrna_zero	49	5	5	45	0	26705	6	3	1	50.0	0.0	692.0	0.9326145552560647	0.8569206782476982	0.9674748397232134	0.1
gdna_zero_ss_0.99_nrna_high	27	5	0	64	11	11868	7	3	1	69.0	6.0	72.0	0.4897959183673469	0.5541791900928759	0.45548932164561207	0.06666666666666667
gdna_med_ss_0.50_nrna_high	28	5	4	12	1	11868	7	3	1	17.0	0.0	1378.0	0.9878136200716846	2.506488506810032	0.9757814707481935	0.29411764705882354
gdna_med_ss_0.99_nrna_high	48	5	5	13	0	24832	5	2	1	18.0	0.0	2563.0	0.993025958930647	1.0412279951655314	0.9865614798725107	0.2777777777777778
gdna_zero_ss_0.50_nrna_low	8	5	0	132	5	5435	13	5	1	137.0	0.0	71.0	0.34134615384615385	1.2091147976763637	1.0467859672889295	0.0364963503649635
gdna_med_ss_0.99_nrna_high	18	5	5	17	0	27690	8	3	1	22.0	0.0	2730.0	0.9920058139534884	1.1402660541565506	0.9840246241613405	0.22727272727272727
gdna_high_ss_0.99_nrna_low	38	5	5	13	0	27863	3	1	1	18.0	0.0	5564.0	0.9967753493371552	1.0072866314111615	1.0103348724469803	0.2777777777777778
gdna_low_ss_0.50_nrna_zero	12	5	5	555	0	2569	3	1	1	560.0	0.0	96.0	0.14634146341463414	0.11734299108547998	1.1365395012355861	0.008928571428571428
gdna_med_ss_0.50_nrna_low	13	5	5	19	0	5860	2	1	1	24.0	0.0	672.0	0.9655172413793104	1.1561416468403438	1.0387034504054466	0.20833333333333334
gdna_high_ss_0.50_nrna_high	13	5	5	14	0	5860	2	1	1	19.0	0.0	1276.0	0.9853281853281853	1.6660670514008415	0.9786254007460549	0.2631578947368421
gdna_high_ss_0.99_nrna_zero	13	5	5	19	0	5860	2	1	1	24.0	0.0	1245.0	0.9810874704491725	0.8702294307776919	1.0598062597805353	0.20833333333333334
gdna_high_ss_0.50_nrna_high	49	5	5	31	0	26705	6	3	1	36.0	0.0	5572.0	0.9935805991440799	1.917212595234929	0.9658027391108494	0.1388888888888889
gdna_low_ss_0.50_nrna_low	33	5	5	445	0	18986	8	3	1	450.0	0.0	504.0	0.5283018867924528	1.433981264754721	0.9584814801817733	0.011111111111111112
gdna_high_ss_0.99_nrna_low	18	5	5	21	0	27690	8	3	1	26.0	0.0	5597.0	0.9953761337364396	1.0017676880935094	1.0114101135505766	0.19230769230769232
gdna_low_ss_0.50_nrna_high	46	5	4	65	1	54321	7	2	2	70.0	0.0	1763.0	0.9618112384069831	5.897894892376404	0.8115340608888832	0.07142857142857142
gdna_low_ss_0.50_nrna_low	0	5	4	365	1	18095	12	4	2	370.0	0.0	605.0	0.6205128205128205	1.40943743361598	0.9224078390546404	0.013513513513513514
gdna_low_ss_0.99_nrna_low	33	5	5	470	0	18986	8	3	1	475.0	0.0	479.0	0.5020964360587002	0.6313204049917136	1.011099830772948	0.010526315789473684
gdna_low_ss_0.99_nrna_low	22	5	4	4455	1	14971	3	1	1	4460.0	0.0	403.0	0.0828706559736788	0.09219986052149716	1.012643146386648	0.0011210762331838565
gdna_low_ss_0.50_nrna_low	3	5	5	3890	0	8322	6	2	1	3895.0	0.0	256.0	0.06167188629245965	0.15729318314183666	1.0056480858630268	0.0012836970474967907
gdna_low_ss_0.99_nrna_zero	18	5	5	34	0	27690	8	3	1	39.0	0.0	726.0	0.9490196078431372	0.8614186312594151	0.9745527704114095	0.1282051282051282
gdna_low_ss_0.50_nrna_low	11	4	4	1	0	9739	4	2	1	5.0	0.0	232.0	0.9789029535864979	2.5914350180256593	0.922736053747103	0.8
gdna_low_ss_0.99_nrna_high	33	4	4	461	0	18986	8	3	1	465.0	0.0	500.0	0.5181347150259067	0.9048833292083346	0.9609843691025372	0.008602150537634409
gdna_high_ss_0.99_nrna_high	38	4	4	8	0	27863	3	1	1	12.0	0.0	5801.0	0.9979356614484776	1.0221356760924192	1.007446277429592	0.3333333333333333
gdna_low_ss_0.99_nrna_zero	33	4	4	474	0	18986	8	3	1	478.0	0.0	498.0	0.5102459016393442	0.5052267651345039	0.987264501424704	0.008368200836820083
gdna_high_ss_0.99_nrna_zero	18	4	4	24	0	27690	8	3	1	28.0	0.0	5576.0	0.9950035688793719	0.9764997254948379	1.012656321221679	0.14285714285714285
gdna_low_ss_0.99_nrna_zero	13	4	4	50	0	5860	2	1	1	54.0	0.0	163.0	0.7511520737327189	0.6753109210491846	1.034177206850471	0.07407407407407407
gdna_low_ss_0.99_nrna_zero	3	4	4	3911	0	8322	6	2	1	3915.0	0.0	215.0	0.05205811138014528	0.057154630358880444	0.997494456695259	0.0010217113665389529
gdna_low_ss_0.99_nrna_low	49	4	4	47	0	26705	6	3	1	51.0	0.0	692.0	0.9313593539703903	1.0021271314692681	1.0029867238425996	0.0784313725490196
gdna_high_ss_0.50_nrna_zero	38	4	4	9	0	27863	3	1	1	13.0	0.0	5682.0	0.9977172958735733	0.9655274643625403	1.0125777355734948	0.3076923076923077
gdna_med_ss_0.50_nrna_low	48	4	4	7	0	24832	5	2	1	11.0	0.0	2516.0	0.9956470122675108	1.3865481646423519	0.9884293089460923	0.36363636363636365
gdna_med_ss_0.99_nrna_low	18	4	4	21	0	27690	8	3	1	25.0	0.0	2762.0	0.9910297811266595	1.023639417389118	1.0083938287432113	0.16
gdna_low_ss_0.50_nrna_high	33	4	4	398	0	18986	8	3	1	402.0	0.0	563.0	0.583419689119171	3.7447458574978856	0.7562642770266188	0.009950248756218905
gdna_low_ss_0.50_nrna_zero	3	4	4	3916	0	8322	6	2	1	3920.0	0.0	210.0	0.05084745762711865	0.060099797891120625	1.0421469076044612	0.0010204081632653062
gdna_med_ss_0.99_nrna_low	38	4	4	14	0	27863	3	1	1	18.0	0.0	2723.0	0.9934330536300621	1.0321970567414878	1.0034154718270063	0.2222222222222222
gdna_low_ss_0.50_nrna_zero	48	4	4	11	0	24832	5	2	1	15.0	0.0	642.0	0.9771689497716894	0.9360354944524267	1.01412207524963	0.26666666666666666
gdna_med_ss_0.99_nrna_zero	18	4	4	18	0	27690	8	3	1	22.0	0.0	2787.0	0.9921680313278747	0.9284397523962536	0.9603782676049185	0.18181818181818182
gdna_med_ss_0.50_nrna_zero	18	4	4	16	0	27690	8	3	1	20.0	0.0	2789.0	0.9928800284798861	0.9478307084207555	0.976835817860489	0.2
gdna_low_ss_0.50_nrna_low	49	4	4	33	0	26705	6	3	1	37.0	0.0	706.0	0.9502018842530283	2.4707346405435846	0.9506079798576216	0.10810810810810811
gdna_low_ss_0.50_nrna_high	14	4	3	111	1	36954	2	1	1	115.0	0.0	1255.0	0.916058394160584	6.055459282769191	0.8628037060112157	0.034782608695652174
gdna_zero_ss_0.50_nrna_low	0	4	0	353	4	18095	12	4	2	357.0	0.0	186.0	0.3425414364640884	1.163114632698009	0.5161080386124394	0.011204481792717087
gdna_zero_ss_0.99_nrna_low	37	3	0	66517	4	32604	13	4	1	66520.0	1.0	62.0	0.0009311686166138504	0.0009939084073524256	0.6767434815542188	4.5098540310578614e-05
gdna_low_ss_0.50_nrna_low	38	3	3	17	0	27863	3	1	1	20.0	0.0	749.0	0.9739921976592978	2.3933286992646225	0.9335767690081176	0.15
gdna_med_ss_0.99_nrna_zero	49	3	3	40	0	26705	6	3	1	43.0	0.0	2762.0	0.9846702317290552	0.9319932486835503	0.9865427225996812	0.06976744186046512
gdna_med_ss_0.50_nrna_high	13	3	3	16	0	5860	2	1	1	19.0	0.0	705.0	0.9737569060773481	2.3250390390889617	0.9888753008458414	0.15789473684210525
gdna_low_ss_0.99_nrna_low	13	3	3	50	0	5860	2	1	1	53.0	0.0	154.0	0.7439613526570048	0.7999847603893148	1.0526866514556508	0.05660377358490566
gdna_low_ss_0.50_nrna_low	48	3	3	8	0	24832	5	2	1	11.0	0.0	632.0	0.9828926905132193	2.4734635475489823	0.9037461347315422	0.2727272727272727
gdna_high_ss_0.50_nrna_low	13	3	3	12	0	5860	2	1	1	15.0	0.0	1303.0	0.988619119878604	1.0453240149451417	1.058780378971488	0.2
gdna_zero_ss_0.50_nrna_low	35	3	0	690	3	47690	2	1	1	693.0	0.0	400.0	0.36596523330283626	2.6080048882278097	1.0053137176582396	0.004329004329004329
gdna_zero_ss_0.50_nrna_low	37	3	0	66517	3	32604	13	4	1	66520.0	0.0	63.0	0.0009461874652689125	0.02263098492949066	0.9207377919570918	4.5099218280216476e-05
gdna_low_ss_0.99_nrna_high	48	3	3	8	0	24832	5	2	1	11.0	0.0	654.0	0.9834586466165414	1.3127238176437386	0.9098482231406966	0.2727272727272727
gdna_low_ss_0.99_nrna_zero	12	3	3	569	0	2569	3	1	1	572.0	0.0	84.0	0.12804878048780488	0.11306083856815242	1.1029548207492503	0.005244755244755245
gdna_med_ss_0.50_nrna_zero	23	3	2	1	0	1311	2	2	1	3.0	0.0	181.0	0.9836956521739131	0.5142315790439403	1.2674189576197163	1.0
gdna_med_ss_0.99_nrna_zero	23	3	2	1	0	1311	2	2	1	3.0	0.0	181.0	0.9836956521739131	0.5098676512413384	1.2674189576197163	1.0
gdna_low_ss_0.99_nrna_high	18	3	3	15	0	27690	8	3	1	18.0	0.0	714.0	0.9754098360655737	1.5805742842019384	0.9618251878066054	0.16666666666666666
gdna_low_ss_0.50_nrna_low	28	3	3	32	0	11868	7	3	1	35.0	0.0	409.0	0.9211711711711712	1.8903340403551485	1.0281611290896973	0.08571428571428572
gdna_zero_ss_0.50_nrna_high	27	2	0	13	2	11868	7	3	1	15.0	0.0	132.0	0.8979591836734694	8.4498114975925	0.48262007676873675	0.13333333333333333
gdna_high_ss_0.99_nrna_zero	23	2	2	0	0	1311	2	2	1	2.0	0.0	311.0	0.9936102236421726	0.5967838351875956	1.2673279979417706	1.0
gdna_zero_ss_0.50_nrna_high	14	2	0	112	2	36954	2	1	1	114.0	0.0	362.0	0.7605042016806722	15.249093079003764	0.721569021649087	0.017543859649122806
gdna_high_ss_0.50_nrna_low	48	2	2	9	0	24832	5	2	1	11.0	0.0	5200.0	0.9978890807906352	1.1599407187459465	1.012293043366065	0.18181818181818182
gdna_high_ss_0.50_nrna_low	18	2	2	22	0	27690	8	3	1	24.0	0.0	5599.0	0.9957318157567135	1.2004372454010093	1.006566295252761	0.08333333333333333
gdna_med_ss_0.99_nrna_low	23	2	1	1	0	1311	2	2	1	2.0	0.0	193.0	0.9897435897435898	0.5468392249552668	1.263811465400921	1.0
gdna_zero_ss_0.50_nrna_high	8	2	0	107	2	5435	13	5	1	109.0	0.0	212.0	0.660436137071651	3.6633177022616716	1.0460431239560084	0.01834862385321101
gdna_zero_ss_0.50_nrna_high	2	2	0	177	2	41284	9	3	2	179.0	0.0	623.0	0.7768079800498753	11.262563290087998	0.9711176400756952	0.0111731843575419
gdna_low_ss_0.50_nrna_high	49	2	2	34	0	26705	6	3	1	36.0	0.0	688.0	0.9502762430939227	6.4189865355944065	0.7118041536777039	0.05555555555555555
gdna_med_ss_0.99_nrna_high	11	2	2	1	0	9739	4	2	1	3.0	0.0	1029.0	0.997093023255814	0.9973475488073879	1.0340848484708998	0.6666666666666666
gdna_zero_ss_0.99_nrna_low	46	2	0	60	3	26705	6	3	1	62.0	1.0	17.0	0.2125	0.8409704791986223	0.9211531393632214	0.031746031746031744
gdna_high_ss_0.99_nrna_low	48	2	2	9	0	24832	5	2	1	11.0	0.0	5200.0	0.9978890807906352	0.954951528087895	1.0133606636131791	0.18181818181818182
gdna_low_ss_0.50_nrna_zero	38	2	2	17	0	27863	3	1	1	19.0	0.0	778.0	0.9761606022584692	0.868502708895488	1.012585401321428	0.10526315789473684
gdna_high_ss_0.99_nrna_zero	48	2	2	10	0	24832	5	2	1	12.0	0.0	4958.0	0.9975855130784709	0.978293372083851	1.0141130393883566	0.16666666666666666
gdna_med_ss_0.50_nrna_high	48	2	2	10	0	24832	5	2	1	12.0	0.0	2569.0	0.995350639287098	2.756459424044012	0.9231364392499603	0.16666666666666666
gdna_low_ss_0.50_nrna_low	13	2	2	30	0	5860	2	1	1	32.0	0.0	175.0	0.8454106280193237	1.9790547114122103	1.0287747038782489	0.0625
gdna_med_ss_0.99_nrna_low	48	1	1	10	0	24832	5	2	1	11.0	0.0	2516.0	0.9956470122675108	0.9916411573161517	1.0081977137682485	0.09090909090909091
gdna_zero_ss_0.50_nrna_high	13	1	0	16	1	5860	2	1	1	17.0	0.0	76.0	0.8172043010752689	10.808723637105743	0.711082623125173	0.058823529411764705
gdna_med_ss_0.99_nrna_zero	11	1	1	0	0	9739	4	2	1	1.0	0.0	993.0	0.9989939637826962	0.9273086489922227	1.0205085490875017	1.0
gdna_high_ss_0.99_nrna_low	23	1	1	0	0	1311	2	2	1	1.0	0.0	359.0	0.9972222222222222	0.5642732925661973	1.2654967621514475	1.0
gdna_low_ss_0.99_nrna_low	23	1	1	0	0	1311	2	2	1	1.0	0.0	45.0	0.9782608695652174	0.8125292968081972	1.2549597653040792	1.0
gdna_med_ss_0.50_nrna_low	18	1	1	18	0	27690	8	3	1	19.0	0.0	2768.0	0.9931826336562612	1.404431956185446	0.9866959772663397	0.05263157894736842
gdna_zero_ss_0.99_nrna_low	3	1	0	3918	1	8322	6	2	1	3919.0	0.0	10.0	0.0025451768897938407	0.015303058173762037	1.030548216086249	0.00025516713447307985
gdna_zero_ss_0.99_nrna_low	27	1	0	88	5	11868	7	3	1	89.0	4.0	9.0	0.08823529411764706	0.19368777218931388	0.5866234737687028	0.010752688172043012
gdna_zero_ss_0.99_nrna_low	22	1	0	1	0	1311	2	2	1	1.0	0.0	6.0	0.8571428571428571	2.2105805250068618	1.1940249388426543	1.0
gdna_med_ss_0.50_nrna_low	23	1	1	0	0	1311	2	2	1	1.0	0.0	194.0	0.9948717948717949	0.6557518493642736	1.263811465400921	1.0
gdna_zero_ss_0.50_nrna_low	43	1	0	81	1	54321	7	2	2	82.0	0.0	196.0	0.7050359712230215	6.153894732393599	0.629203536089967	0.012195121951219513
gdna_med_ss_0.50_nrna_high	49	1	1	34	0	26705	6	3	1	35.0	0.0	2729.0	0.9873371924746743	2.777091319934233	0.9058009644413774	0.02857142857142857
gdna_high_ss_0.50_nrna_zero	48	1	1	9	0	24832	5	2	1	10.0	0.0	4960.0	0.9979879275653923	0.9814983337469205	1.0141130393883566	0.1
gdna_low_ss_0.50_nrna_high	13	1	1	23	0	5860	2	1	1	24.0	0.0	221.0	0.9020408163265307	5.0309006160740655	0.8940038044181682	0.041666666666666664
gdna_med_ss_0.50_nrna_high	18	1	1	19	0	27690	8	3	1	20.0	0.0	2732.0	0.9927325581395349	2.7444239505279704	0.8805231444588909	0.05
gdna_low_ss_0.99_nrna_low	11	1	1	1	0	9739	4	2	1	2.0	0.0	235.0	0.9915611814345991	1.0560357478865292	1.004583425887312	0.5
gdna_med_ss_0.99_nrna_high	23	1	0	1	0	1311	2	2	1	1.0	0.0	180.0	0.994475138121547	0.8448845689607637	1.2532108064435301	1.0
gdna_zero_ss_0.50_nrna_low	3	1	0	3895	1	8322	6	2	1	3896.0	0.0	33.0	0.008399083736319674	0.11710713186682825	1.0260768968962475	0.0002566735112936345
gdna_zero_ss_0.99_nrna_high	42	1	0	34972	1	7847	17	7	1	34973.0	0.0	30.0	0.0008570693940519384	0.00440550029749088	0.7192896911712244	2.8593486403797216e-05
gdna_zero_ss_0.50_nrna_low	2	1	0	244	1	41284	9	3	2	245.0	0.0	147.0	0.375	4.774534759595079	0.9339345846681998	0.004081632653061225
gdna_low_ss_0.99_nrna_zero	40	1	1	0	0	5381	2	1	1	0.0	1.0	128.0	0.9922480620155039	0.9432892323070543	1.047701503321165	1.0
gdna_zero_ss_0.99_nrna_low	2	1	0	318	1	41284	9	3	2	319.0	0.0	73.0	0.18622448979591838	0.37227982393583225	0.9629588201805382	0.003134796238244514
gdna_low_ss_0.99_nrna_high	23	1	0	1	0	1311	2	2	1	1.0	0.0	52.0	0.9811320754716981	1.7127542197006254	1.2311176832375934	1.0
gdna_zero_ss_0.50_nrna_high	42	1	0	34898	1	7847	17	7	1	34899.0	0.0	104.0	0.002971173899380053	0.008354730363421957	0.15460536726587237	2.8654116163786927e-05
gdna_med_ss_0.99_nrna_high	38	1	0	6	1	27863	3	1	1	7.0	0.0	2845.0	0.9975455820476858	1.0832840906415924	0.9830765304174885	0.14285714285714285
