true_source	predicted_binary	predicted_detail	zc	zs	cigar_class	nh	nm	count	rate_within_group
gdna	gdna	gdna	ambig_same_strand	unspliced	all_M	1	0	10625911	0.6838371552959821
rna	rna	mrna	ambig_same_strand	spliced_annot	contains_N	1	0	5441623	0.4231148197951833
rna	rna	mrna	ambig_same_strand	unspliced	all_M	1	0	2303012	0.17907130048629696
gdna	gdna	gdna	ambig_same_strand	unspliced	all_M	1	1	1637655	0.10539231286204465
rna	rna	mrna	ambig_same_strand	spliced_annot	all_M	1	0	1615638	0.12562435531168742
gdna	gdna	gdna	ambig_opp_strand	unspliced	all_M	1	0	1432508	0.09218994923435146
rna	rna	mrna	unambig	spliced_annot	contains_N	1	0	753430	0.05858314673366475
gdna	rna	nrna	ambig_same_strand	unspliced	all_M	1	0	713792	0.5361362753809442
gdna	rna	mrna	ambig_same_strand	unspliced	all_M	1	0	692668	0.6521100174638367
rna	rna	mrna	ambig_same_strand	spliced_annot	contains_N	1	1	590826	0.0459398301793985
rna	rna	mrna	ambig_opp_strand	unspliced	all_M	1	0	430795	0.033496577913182515
rna	gdna	gdna	ambig_same_strand	unspliced	all_M	1	0	336915	0.6624374015678364
gdna	gdna	gdna	ambig_same_strand	unspliced	all_M	1	2	295047	0.01898793441415175
gdna	rna	nrna	ambig_opp_strand	unspliced	all_M	1	0	281010	0.21106940781740216
rna	rna	mrna	ambig_same_strand	unspliced	all_M	1	1	281009	0.021849928301873295
gdna	gdna	gdna	unambig	unspliced	all_M	1	0	225060	0.014483877210237667
gdna	gdna	gdna	ambig_opp_strand	unspliced	all_M	1	1	222867	0.014342745322198695
rna	rna	mrna	unambig	spliced_annot	all_M	1	0	213193	0.01657687748243392
rna	rna	mrna	ambig_same_strand	spliced_implicit	all_M	1	0	203828	0.015848699457719256
gdna	gdna	gdna	ambig_same_strand	unspliced	all_M	1	>=3	194166	0.012495674497480702
gdna	gdna	gdna	.	unknown	all_M	1	0	192713	0.012402165772756294
rna	rna	mrna	ambig_same_strand	spliced_annot	all_M	1	1	184800	0.014369172340338512
rna	rna	nrna	ambig_same_strand	unspliced	all_M	1	0	168604	0.3398506788789628
gdna	rna	mrna	ambig_opp_strand	unspliced	all_M	1	0	162519	0.15300297967887252
gdna	unresolved	unresolved	missing	missing	other	1	0	147858	0.49874182863233735
gdna	rna	nrna	ambig_same_strand	unspliced	all_M	1	1	107348	0.08063015120594458
rna	unresolved	unresolved	missing	missing	other	1	0	98133	0.7891867113802504
rna	rna	nrna	unambig	unspliced	all_M	1	0	97179	0.19588117199342084
gdna	rna	mrna	ambig_same_strand	unspliced	all_M	1	1	94874	0.0893188162248928
gdna	gdna	gdna	ambig_same_strand	unspliced	soft_or_hard_clipped	1	0	90359	0.005815110018838822
rna	rna	mrna	unambig	spliced_annot	contains_N	1	1	87374	0.006793788225458534
gdna	unresolved	unresolved	.	unspliced	all_M	1	0	87026	0.29354858295498243
rna	rna	nrna	ambig_opp_strand	unspliced	all_M	1	0	83659	0.16862926113458251
rna	rna	mrna	ambig_same_strand	spliced_annot	contains_N	1	2	79651	0.006193284340261379
gdna	gdna	gdna	ambig_same_strand	unspliced	soft_or_hard_clipped	1	>=3	79365	0.005107584265487037
rna	rna	mrna	ambig_same_strand	spliced_annot	soft_or_hard_clipped	1	0	75852	0.0058978921015116715
rna	rna	mrna	ambig_same_strand	unspliced	soft_or_hard_clipped	1	0	74490	0.005791989435237098
gdna	gdna	gdna	ambig_same_strand	unspliced	other	1	1	62372	0.004013989111156775
rna	gdna	gdna	ambig_opp_strand	unspliced	all_M	1	0	58035	0.11410757787569381
rna	rna	mrna	ambig_opp_strand	unspliced	all_M	1	1	51436	0.003999419634727552
gdna	gdna	gdna	ambig_same_strand	unspliced	other	1	>=3	47876	0.003081089955200118
rna	gdna	gdna	ambig_same_strand	unspliced	all_M	1	1	45731	0.08991563097843291
rna	rna	mrna	ambig_same_strand	spliced_annot	contains_N	1	>=3	42673	0.003318050277485202
gdna	rna	nrna	ambig_opp_strand	unspliced	all_M	1	1	41572	0.031225142955001752
gdna	gdna	gdna	ambig_opp_strand	unspliced	all_M	1	2	40726	0.002620947228579664
gdna	gdna	gdna	.	unknown	all_M	1	1	40535	0.0026086553039944187
rna	rna	mrna	ambig_same_strand	unspliced	all_M	1	2	39373	0.0030614579142648713
gdna	gdna	gdna	unambig	unspliced	all_M	1	1	38705	0.002490884508230023
gdna	gdna	gdna	ambig_same_strand	unspliced	soft_or_hard_clipped	1	1	38435	0.0024735084891828168
gdna	rna	nrna	ambig_same_strand	spliced_implicit	all_M	1	0	33298	0.025010459206091802
gdna	gdna	gdna	multimapper	unspliced	all_M	2	0	32991	0.0021231564606902643
gdna	gdna	gdna	ambig_same_strand	unspliced	other	1	2	30053	0.0019340796312062234
rna	rna	mrna	unambig	spliced_annot	all_M	1	1	26544	0.002063935663430441
rna	rna	mrna	ambig_opp_strand	spliced_implicit	all_M	1	0	26520	0.002062069537152475
rna	rna	mrna	ambig_same_strand	spliced_annot	all_M	1	2	25869	0.002011450861862646
gdna	gdna	gdna	ambig_opp_strand	unspliced	all_M	1	>=3	25705	0.0016542613689201069
rna	rna	mrna	ambig_same_strand	spliced_implicit	all_M	1	1	24893	0.0019355617265586936
gdna	rna	mrna	ambig_opp_strand	unspliced	all_M	1	1	23657	0.022271805082870848
gdna	rna	nrna	unambig	unspliced	all_M	1	0	22935	0.017226706765923343
gdna	gdna	gdna	ambig_same_strand	unspliced	soft_or_hard_clipped	1	2	22175	0.0014270860087844143
rna	rna	nrna	ambig_same_strand	unspliced	all_M	1	1	21361	0.0430568097526365
rna	rna	nrna	multimapper	unspliced	all_M	3-10	0	21335	0.04300440223175412
gdna	rna	nrna	ambig_same_strand	unspliced	all_M	1	2	19243	0.014453608820434397
rna	rna	mrna	ambig_same_strand	unspliced	all_M	1	>=3	19178	0.0014911904066180301
gdna	unresolved	unresolved	.	unspliced	all_M	1	1	16949	0.057170902172959774
rna	rna	nrna	multimapper	unspliced	all_M	2	0	16217	0.03268818331344535
rna	rna	mrna	multimapper	spliced_annot	contains_N	2	0	16205	0.001260024013934987
rna	rna	mrna	ambig_same_strand	spliced_implicit	soft_or_hard_clipped	1	0	16125	0.0012538035930084335
gdna	rna	mrna	ambig_same_strand	unspliced	all_M	1	2	15989	0.015052791624889969
rna	rna	nrna	unambig	unspliced	all_M	1	1	14810	0.02985213016415648
rna	rna	mrna	ambig_opp_strand	unspliced	soft_or_hard_clipped	1	0	14217	0.0011054465539101332
gdna	gdna	gdna	multimapper	unspliced	all_M	3-10	0	14096	0.0009071569055163519
rna	rna	mrna	ambig_same_strand	spliced_annot	soft_or_hard_clipped	1	1	13975	0.001086629780607309
rna	rna	mrna	ambig_same_strand	unspliced	soft_or_hard_clipped	1	1	13106	0.001019060458292622
gdna	rna	nrna	ambig_same_strand	unspliced	all_M	1	>=3	12889	0.009681056180771135
rna	rna	mrna	ambig_same_strand	spliced_annot	all_M	1	>=3	12586	0.0009786277222700245
rna	rna	mrna	unambig	spliced_annot	contains_N	1	2	12166	0.0009459705124056187
gdna	gdna	gdna	ambig_opp_strand	unspliced	soft_or_hard_clipped	1	0	11946	0.0007687923093997119
rna	gdna	gdna	ambig_same_strand	unspliced	soft_or_hard_clipped	1	0	11852	0.023303231032699632
gdna	rna	mrna	ambig_same_strand	unspliced	all_M	1	>=3	10907	0.010268359387871342
rna	rna	mrna	ambig_same_strand	spliced_unannot	contains_N	1	0	10595	0.000823816996460425
rna	rna	mrna	ambig_same_strand	unspliced	other	1	1	10132	0.0007878163103479968
gdna	gdna	gdna	ambig_opp_strand	unspliced	soft_or_hard_clipped	1	>=3	10095	0.0006496700454872
gdna	gdna	gdna	.	unknown	all_M	1	2	10001	0.0006436206166337284
rna	rna	nrna	ambig_opp_strand	unspliced	all_M	1	1	9939	0.020033782694230336
rna	rna	mrna	unambig	spliced_annot	soft_or_hard_clipped	1	0	9348	0.0007268561852677728
rna	rna	mrna	multimapper	spliced_annot	all_M	2	0	9146	0.0007111496224282253
rna	gdna	gdna	unambig	unspliced	all_M	1	0	9013	0.017721230281616755
rna	rna	mrna	ambig_same_strand	spliced_unannot	all_M	1	0	8522	0.0006626303392011083
gdna	gdna	gdna	.	unknown	all_M	1	>=3	8232	0.0005297755140614791
rna	gdna	gdna	ambig_opp_strand	unspliced	all_M	1	1	7936	0.01560364845389
gdna	gdna	gdna	ambig_opp_strand	unspliced	other	1	1	7658	0.0004928353846796413
gdna	gdna	gdna	unambig	unspliced	all_M	1	2	7637	0.0004914839165315252
gdna	rna	nrna	ambig_opp_strand	unspliced	all_M	1	2	7434	0.005583751388614525
rna	rna	mrna	multimapper	unspliced	all_M	2	0	7195	0.0005594491070819025
rna	gdna	gdna	ambig_same_strand	unspliced	all_M	1	2	7026	0.013814419611521061
rna	rna	mrna	ambig_opp_strand	unspliced	all_M	1	2	6982	0.000542887236364954
gdna	gdna	gdna	multimapper	unspliced	all_M	2	1	6929	0.0004459201332521852
gdna	unresolved	unresolved	.	unspliced	soft_or_hard_clipped	1	0	6728	0.0226943082081346
gdna	gdna	gdna	ambig_opp_strand	unspliced	other	1	>=3	6718	0.00043234109614492426
rna	gdna	gdna	.	unknown	all_M	1	0	6491	0.01276251034705141
rna	rna	mrna	unambig	spliced_annot	contains_N	1	>=3	6307	0.000490402434797159
rna	rna	mrna	ambig_same_strand	spliced_annot	other	1	1	5947	0.00046241054062766846
gdna	rna	nrna	ambig_same_strand	unspliced	soft_or_hard_clipped	1	>=3	5780	0.004341415526794721
rna	rna	nrna	ambig_same_strand	spliced_unannot	contains_N	1	0	5650	0.011388557422517495
gdna	rna	nrna	ambig_same_strand	unspliced	soft_or_hard_clipped	1	0	5528	0.004152135818706093
gdna	rna	nrna	ambig_same_strand	spliced_implicit	all_M	1	1	5520	0.004146126939084231
rna	rna	nrna	ambig_same_strand	unspliced	soft_or_hard_clipped	1	0	5515	0.011116441448705132
gdna	gdna	gdna	.	unknown	soft_or_hard_clipped	1	>=3	5332	0.00034314419836926706
rna	rna	mrna	ambig_same_strand	unspliced	other	1	>=3	5247	0.0004079818575203256
gdna	rna	nrna	ambig_opp_strand	spliced_implicit	all_M	1	0	5212	0.003914785073642575
gdna	gdna	gdna	ambig_opp_strand	unspliced	soft_or_hard_clipped	1	1	5207	0.0003350997451066717
gdna	rna	mrna	ambig_same_strand	spliced_implicit	all_M	1	0	5015	0.004721355306699805
rna	rna	mrna	ambig_same_strand	unspliced	soft_or_hard_clipped	1	>=3	4931	0.0003834111948604394
rna	unresolved	unresolved	.	spliced_annot	contains_N	1	0	4912	0.03950236033036583
gdna	rna	nrna	ambig_opp_strand	unspliced	all_M	1	>=3	4900	0.003680438768389988
rna	rna	mrna	ambig_same_strand	spliced_annot	soft_or_hard_clipped	1	>=3	4873	0.0003789013896886882
gdna	rna	nrna	multimapper	spliced_annot	all_M	2	0	4791	0.003598567783542129
gdna	rna	nrna	multimapper	unspliced	all_M	2	0	4734	0.0035557545162363683
gdna	rna	mrna	ambig_same_strand	spliced_annot	contains_N	1	0	4595	0.004325947683805704
gdna	gdna	gdna	multimapper	unspliced	other	2	>=3	4541	0.0002922388981235637
rna	rna	nrna	ambig_same_strand	spliced_unannot	all_M	1	0	4497	0.009064485438771891
gdna	gdna	gdna	.	unknown	other	1	>=3	4473	0.0002878627155487118
gdna	unresolved	unresolved	.	unspliced	all_M	1	>=3	4405	0.014858565347329506
gdna	rna	mrna	ambig_same_strand	unspliced	soft_or_hard_clipped	1	0	4387	0.004130126765801006
rna	unresolved	unresolved	.	unspliced	all_M	1	0	4383	0.035248136263842315
gdna	rna	mrna	ambig_opp_strand	unspliced	all_M	1	2	4184	0.00393901308140219
gdna	gdna	gdna	unambig	unspliced	all_M	1	>=3	4174	0.0002686203833445838
gdna	unresolved	unresolved	.	unspliced	all_M	1	2	4165	0.01404901808663505
gdna	unresolved	unresolved	.	unspliced	soft_or_hard_clipped	1	>=3	4105	0.013846631271461435
rna	rna	nrna	multimapper	unspliced	all_M	3-10	1	4076	0.008215886735253329
rna	rna	mrna	ambig_same_strand	unspliced	other	1	2	4068	0.0003163084041152439
rna	rna	mrna	ambig_same_strand	spliced_annot	soft_or_hard_clipped	1	2	4005	0.00031140982263558304
gdna	rna	nrna	multimapper	unspliced	all_M	3-10	0	3996	0.003001435371119672
rna	rna	mrna	ambig_same_strand	spliced_implicit	all_M	1	2	3993	0.0003104767594966
gdna	rna	nrna	ambig_same_strand	unspliced	other	1	1	3986	0.0029939242715923456
gdna	gdna	gdna	ambig_opp_strand	unspliced	other	1	2	3897	0.00025079387491467247
gdna	gdna	gdna	.	unknown	all_M	2	0	3728	0.00023991777410364357
gdna	rna	mrna	ambig_same_strand	unspliced	soft_or_hard_clipped	1	>=3	3707	0.0034899429954010327
rna	rna	mrna	ambig_opp_strand	unspliced	all_M	1	>=3	3691	0.00028699467049886064
rna	rna	mrna	ambig_same_strand	unspliced	soft_or_hard_clipped	1	2	3661	0.0002846620126514031
gdna	rna	nrna	unambig	unspliced	all_M	1	1	3645	0.0027377957777105118
rna	gdna	gdna	ambig_same_strand	unspliced	all_M	1	>=3	3431	0.006745982591393219
gdna	rna	nrna	multimapper	spliced_annot	contains_N	2	0	3394	0.0025492671795746165
rna	rna	mrna	unambig	spliced_annot	all_M	1	2	3380	0.00026281278414688405
gdna	gdna	gdna	.	unknown	soft_or_hard_clipped	1	0	3376	0.00021726459371617507
rna	rna	nrna	ambig_same_strand	unspliced	all_M	1	2	3199	0.006448140742413003
rna	rna	mrna	ambig_opp_strand	spliced_implicit	all_M	1	1	3174	0.00024679520026100885
rna	rna	nrna	unambig	unspliced	soft_or_hard_clipped	1	0	3083	0.006214322572322379
rna	rna	mrna	ambig_same_strand	spliced_implicit	soft_or_hard_clipped	1	1	3044	0.00023668701625535946
rna	rna	nrna	ambig_same_strand	spliced_implicit	all_M	1	0	2987	0.006020817879833586
gdna	rna	nrna	ambig_same_strand	unspliced	other	1	>=3	2814	0.002113623406989679
gdna	gdna	gdna	ambig_opp_strand	unspliced	soft_or_hard_clipped	1	2	2813	0.00018103237622144565
gdna	gdna	gdna	multimapper	unspliced	all_M	3-10	1	2730	0.00017569085925508234
gdna	rna	mrna	ambig_opp_strand	unspliced	all_M	1	>=3	2648	0.0024929509176751913
rna	rna	mrna	ambig_opp_strand	unspliced	soft_or_hard_clipped	1	1	2629	0.00020441858269886336
rna	rna	nrna	ambig_opp_strand	unspliced	soft_or_hard_clipped	1	0	2625	0.005291143935240429
rna	rna	mrna	ambig_opp_strand	unspliced	other	1	1	2566	0.00019952000121920251
rna	rna	mrna	ambig_same_strand	spliced_implicit	all_M	1	>=3	2529	0.0001966430565406715
gdna	rna	nrna	ambig_same_strand	unspliced	soft_or_hard_clipped	1	1	2514	0.0018882904211698838
gdna	gdna	gdna	multimapper	unspliced	other	2	2	2489	0.00016018115336479853
gdna	unresolved	unresolved	.	unspliced	all_M	3-10	0	2458	0.008291113194945727
rna	rna	mrna	multimapper	spliced_annot	contains_N	2	1	2449	0.00019042263561411805
gdna	gdna	gdna	multimapper	unspliced	all_M	2	>=3	2415	0.00015541883703334207
rna	gdna	gdna	ambig_same_strand	unspliced	soft_or_hard_clipped	1	1	2385	0.004689352515439472
rna	unresolved	unresolved	.	unspliced	soft_or_hard_clipped	1	0	2337	0.01879418080050182
gdna	rna	mrna	ambig_same_strand	spliced_annot	all_M	1	0	2270	0.0021370840570705003
gdna	unresolved	unresolved	.	unspliced	soft_or_hard_clipped	1	1	2270	0.007656967840735069
gdna	gdna	gdna	.	unknown	all_M	3-10	0	2247	0.00014460709184841393
gdna	rna	mrna	ambig_same_strand	unspliced	other	1	1	2147	0.002021286110365799
gdna	gdna	gdna	multimapper	unspliced	all_M	2	2	2103	0.00013533988168990408
rna	gdna	gdna	ambig_same_strand	unspliced	other	1	1	2069	0.0040680378844630055
rna	gdna	gdna	ambig_opp_strand	unspliced	soft_or_hard_clipped	1	0	2057	0.004044443657970228
rna	rna	mrna	ambig_opp_strand	spliced_implicit	soft_or_hard_clipped	1	0	2047	0.0001591650204581869
rna	rna	mrna	ambig_same_strand	spliced_annot	other	1	>=3	2038	0.00015846522310394962
gdna	unresolved	unresolved	.	unspliced	all_M	2	0	2037	0.0068710323751442004
gdna	gdna	gdna	multimapper	unspliced	soft_or_hard_clipped	2	>=3	2007	0.00012916174158423085
gdna	gdna	gdna	.	unknown	other	1	1	2005	0.00012903303033202934
rna	rna	nrna	multimapper	unspliced	all_M	2	1	2003	0.004037394781823459
gdna	rna	mrna	multimapper	spliced_annot	all_M	2	0	1987	0.0018706546349775701
rna	rna	mrna	multimapper	spliced_annot	contains_N	3-10	0	1941	0.00015092296273050353
gdna	rna	nrna	ambig_opp_strand	unspliced	soft_or_hard_clipped	1	0	1924	0.0014451355490576199
gdna	gdna	gdna	unambig	unspliced	soft_or_hard_clipped	1	0	1902	0.00012240440084365078
gdna	gdna	gdna	.	unknown	other	1	2	1896	0.0001220182670870462
gdna	rna	nrna	ambig_opp_strand	unspliced	soft_or_hard_clipped	1	>=3	1881	0.001412837821090116
gdna	rna	mrna	multimapper	unspliced	all_M	2	0	1870	0.0017605053685999276
rna	rna	mrna	ambig_same_strand	spliced_annot	other	1	2	1853	0.0001440804997112947
gdna	rna	nrna	ambig_same_strand	unspliced	other	1	2	1817	0.0013647667841152262
gdna	rna	mrna	ambig_same_strand	unspliced	soft_or_hard_clipped	1	1	1810	0.0017040185653293416
rna	rna	nrna	unambig	unspliced	all_M	1	2	1804	0.003636275679685232
gdna	gdna	gdna	.	unknown	soft_or_hard_clipped	1	1	1799	0.00011577577135527221
gdna	rna	mrna	ambig_same_strand	unspliced	other	1	>=3	1786	0.0016814238440211072
rna	rna	mrna	unambig	spliced_annot	soft_or_hard_clipped	1	1	1754	0.0001363827288146848
rna	rna	mrna	unambig	spliced_annot	all_M	1	>=3	1737	0.0001350608893677922
gdna	rna	mrna	unambig	spliced_annot	contains_N	1	0	1672	0.001574098917806994
rna	rna	mrna	ambig_same_strand	spliced_unannot	contains_N	1	1	1665	0.00012946251053389405
rna	rna	mrna	ambig_opp_strand	spliced_unannot	contains_N	1	0	1575	0.0001224645369915214
rna	rna	nrna	ambig_opp_strand	unspliced	all_M	1	2	1570	0.0031646079917437998
gdna	rna	nrna	ambig_same_strand	unspliced	soft_or_hard_clipped	1	2	1498	0.0011251627091935106
gdna	gdna	gdna	multimapper	unspliced	all_M	>10	0	1481	9.531068225522965e-05
rna	rna	mrna	ambig_opp_strand	unspliced	other	1	>=3	1476	0.0001147667660949115
rna	rna	nrna	ambig_same_strand	unspliced	all_M	1	>=3	1470	0.0029630406037346405
gdna	unresolved	unresolved	.	unspliced	all_M	3-10	>=3	1464	0.004938238290236185
rna	rna	mrna	ambig_opp_strand	spliced_unannot	all_M	1	0	1444	0.0001122785977242901
gdna	rna	mrna	multimapper	spliced_annot	contains_N	2	0	1423	0.0013396786842340624
gdna	gdna	gdna	unambig	unspliced	soft_or_hard_clipped	1	>=3	1309	8.424151456589846e-05
rna	rna	mrna	multimapper	unspliced	all_M	3-10	0	1303	0.00010131510584123962
rna	gdna	gdna	ambig_opp_strand	unspliced	all_M	1	2	1298	0.002552108832302069
rna	gdna	gdna	multimapper	unspliced	all_M	2	0	1277	0.0025108189359397087
gdna	unresolved	unresolved	.	unspliced	all_M	3-10	1	1261	0.004253496232232124
gdna	unresolved	unresolved	.	spliced_unannot	all_M	2	0	1241	0.004186033960507586
rna	gdna	gdna	unambig	unspliced	all_M	1	1	1234	0.002426272957673924
gdna	gdna	gdna	.	unknown	soft_or_hard_clipped	1	2	1228	7.902870885173667e-05
rna	rna	nrna	multimapper	unspliced	soft_or_hard_clipped	3-10	0	1190	0.0023986519173089947
gdna	rna	nrna	ambig_opp_strand	unspliced	other	1	1	1162	0.0008727897650753401
gdna	rna	mrna	ambig_opp_strand	spliced_implicit	all_M	1	0	1162	0.0010939610900070138
rna	rna	mrna	ambig_same_strand	spliced_implicit	soft_or_hard_clipped	1	>=3	1159	9.011834817344337e-05
gdna	unresolved	unresolved	.	unspliced	soft_or_hard_clipped	3-10	>=3	1131	0.003814991466022627
gdna	gdna	gdna	multimapper	unspliced	other	2	1	1126	7.246443498945887e-05
gdna	rna	nrna	ambig_same_strand	spliced_unannot	all_M	1	0	1126	0.0008457498067769647
rna	gdna	gdna	.	unknown	all_M	1	1	1113	0.002188364507205087
gdna	unresolved	unresolved	.	unspliced	soft_or_hard_clipped	1	2	1113	0.0037542754214705426
gdna	rna	mrna	ambig_same_strand	spliced_annot	contains_N	1	1	1094	0.0010299427129670164
rna	gdna	gdna	multimapper	unspliced	all_M	3-10	0	1092	0.0021470746108427268
gdna	rna	mrna	unambig	spliced_annot	all_M	1	0	1090	0.0010261769260823106
rna	rna	mrna	ambig_same_strand	spliced_unannot	all_M	1	1	1088	8.459772460112718e-05
gdna	gdna	gdna	multimapper	unspliced	soft_or_hard_clipped	2	0	1080	6.950407618882378e-05
rna	rna	mrna	multimapper	spliced_annot	all_M	2	1	1075	8.358690620056223e-05
rna	rna	mrna	ambig_opp_strand	unspliced	soft_or_hard_clipped	1	>=3	1072	8.335364041581647e-05
rna	unresolved	unresolved	.	spliced_unannot	contains_N	1	0	1069	0.00859691025919403
gdna	rna	mrna	ambig_opp_strand	unspliced	soft_or_hard_clipped	1	0	1067	0.0010045236514952527
gdna	rna	mrna	ambig_same_strand	unspliced	soft_or_hard_clipped	1	2	1066	0.0010035822047740764
rna	unresolved	unresolved	.	spliced_annot	soft_or_hard_clipped	1	0	1053	0.008468238075707495
gdna	rna	nrna	ambig_same_strand	spliced_implicit	all_M	1	2	1037	0.0007789010209837587
gdna	rna	nrna	ambig_opp_strand	unspliced	other	1	>=3	1033	0.0007758965811728282
gdna	unresolved	unresolved	.	unspliced	all_M	2	>=3	1019	0.003437202744365214
rna	gdna	gdna	ambig_same_strand	unspliced	soft_or_hard_clipped	1	>=3	1013	0.00199174595309861
gdna	rna	mrna	multimapper	unspliced	all_M	3-10	0	1007	0.0009480368482246668
gdna	unresolved	unresolved	.	unspliced	all_M	2	1	998	0.003366367359054449
gdna	rna	mrna	ambig_opp_strand	unspliced	soft_or_hard_clipped	1	>=3	992	0.0009339151474070204
rna	rna	nrna	ambig_same_strand	unspliced	other	1	1	991	0.001997532815170768
rna	rna	nrna	multimapper	unspliced	all_M	3-10	2	989	0.0019935014674105846
rna	gdna	gdna	ambig_same_strand	unspliced	other	1	>=3	988	0.0019425913145719909
rna	rna	nrna	ambig_same_strand	unspliced	soft_or_hard_clipped	1	1	983	0.001981407424130035
gdna	gdna	gdna	.	unknown	all_M	2	1	962	6.191011230893378e-05
gdna	rna	mrna	ambig_same_strand	unspliced	other	1	2	946	0.0008906085982329045
gdna	gdna	gdna	unambig	unspliced	other	1	>=3	941	6.055864416081776e-05
gdna	rna	nrna	multimapper	unspliced	all_M	2	1	936	0.0007030389157577611
gdna	rna	nrna	ambig_opp_strand	unspliced	soft_or_hard_clipped	1	1	935	0.0007022878058050284
rna	rna	mrna	multimapper	unspliced	all_M	2	1	934	7.262341431751175e-05
gdna	gdna	gdna	unambig	unspliced	other	1	1	926	5.959330976930632e-05
gdna	rna	nrna	ambig_opp_strand	spliced_implicit	all_M	1	1	919	0.000690270046561306
gdna	unresolved	unresolved	.	unspliced	soft_or_hard_clipped	2	>=3	904	0.00304929468194912
rna	rna	mrna	unambig	spliced_annot	other	1	1	893	6.94354485926531e-05
rna	rna	nrna	ambig_same_strand	spliced_unannot	contains_N	1	1	881	0.0017758086883606927
rna	rna	mrna	ambig_same_strand	spliced_implicit	soft_or_hard_clipped	1	2	867	6.741381179152322e-05
rna	unresolved	unresolved	.	spliced_annot	contains_N	1	1	864	0.006948297908272817
gdna	rna	nrna	ambig_same_strand	spliced_unannot	contains_N	1	0	861	0.0006467056693028122
rna	unresolved	unresolved	.	spliced_unannot	all_M	1	0	856	0.006883961816529551
rna	rna	nrna	ambig_opp_strand	spliced_unannot	contains_N	1	0	844	0.0017012287547973038
gdna	gdna	gdna	unambig	unspliced	soft_or_hard_clipped	1	1	829	5.335081403753233e-05
rna	rna	mrna	multimapper	spliced_annot	all_M	3-10	0	819	6.368155923559113e-05
gdna	rna	nrna	multimapper	unspliced	all_M	3-10	1	797	0.0005986346323279226
rna	rna	mrna	ambig_opp_strand	unspliced	soft_or_hard_clipped	1	2	790	6.14266566497155e-05
gdna	rna	mrna	ambig_same_strand	spliced_implicit	all_M	1	1	787	0.0007409185695658519
rna	gdna	gdna	ambig_same_strand	unspliced	other	1	2	786	0.0015454218352769077
gdna	unresolved	unresolved	.	unspliced	all_M	3-10	2	785	0.0026478941651881184
gdna	rna	nrna	multimapper	spliced_annot	all_M	2	1	780	0.0005858657631314675
rna	rna	nrna	unambig	unspliced	all_M	1	>=3	779	0.0015702099525913503
rna	unresolved	unresolved	.	spliced_annot	contains_N	3-10	0	773	0.006216474864693157
rna	rna	nrna	multimapper	unspliced	other	3-10	>=3	757	0.0015258651272293353
rna	unresolved	unresolved	.	unspliced	all_M	1	1	753	0.00605563463533499
rna	gdna	gdna	ambig_same_strand	unspliced	soft_or_hard_clipped	1	2	718	0.0014117212184845036
rna	rna	mrna	ambig_opp_strand	unspliced	other	1	2	717	5.5750522554235465e-05
rna	unresolved	unresolved	.	spliced_annot	all_M	1	0	706	0.005677660096343297
rna	gdna	gdna	ambig_opp_strand	unspliced	all_M	1	>=3	702	0.0013802622498274672
gdna	gdna	gdna	multimapper	unspliced	all_M	3-10	2	700	4.504893827053393e-05
rna	rna	mrna	ambig_same_strand	spliced_implicit	other	1	1	689	5.3573375229941747e-05
rna	rna	nrna	ambig_same_strand	spliced_implicit	soft_or_hard_clipped	1	0	687	0.001384767955622924
gdna	rna	nrna	ambig_same_strand	spliced_implicit	all_M	1	>=3	679	0.0005100036579054698
gdna	rna	nrna	multimapper	spliced_annot	contains_N	2	1	669	0.0005024925583781433
rna	rna	mrna	unambig	spliced_annot	soft_or_hard_clipped	1	>=3	667	5.186275947513954e-05
gdna	gdna	gdna	multimapper	unspliced	all_M	3-10	>=3	666	4.2860846983108e-05
rna	rna	nrna	multimapper	unspliced	soft_or_hard_clipped	2	0	657	0.001324297739220176
gdna	rna	nrna	ambig_same_strand	spliced_unannot	contains_N	1	>=3	654	0.0004912259090871535
rna	rna	nrna	ambig_opp_strand	spliced_unannot	all_M	1	0	652	0.0013142193698197182
gdna	gdna	gdna	multimapper	unspliced	soft_or_hard_clipped	2	1	648	4.170244571329427e-05
gdna	rna	nrna	multimapper	unspliced	all_M	>10	0	646	0.0004852170294652923
rna	rna	mrna	ambig_opp_strand	spliced_implicit	all_M	1	2	641	4.984112267400967e-05
rna	rna	nrna	ambig_opp_strand	unspliced	all_M	1	>=3	631	0.0012718902183377946
rna	rna	nrna	ambig_same_strand	spliced_unannot	all_M	1	1	627	0.0012638275228174284
gdna	rna	nrna	unambig	unspliced	all_M	1	2	625	0.00046944372045790666
gdna	unresolved	unresolved	.	unspliced	all_M	2	2	616	0.002077837969115772
gdna	gdna	gdna	.	unknown	all_M	3-10	1	604	3.887079816486071e-05
gdna	unresolved	unresolved	.	unspliced	other	1	1	601	0.0020272412653223686
gdna	rna	mrna	ambig_opp_strand	unspliced	other	1	1	593	0.000558277905657624
gdna	unresolved	unresolved	.	unspliced	soft_or_hard_clipped	3-10	0	592	0.001996883243046326
rna	rna	nrna	unambig	unspliced	soft_or_hard_clipped	1	1	589	0.0011872319153739478
gdna	unresolved	unresolved	.	unspliced	other	1	>=3	588	0.0019833907887014187
rna	rna	mrna	multimapper	spliced_annot	contains_N	2	2	587	4.564233854858608e-05
rna	rna	mrna	ambig_same_strand	spliced_unannot	soft_or_hard_clipped	1	0	583	4.53313175022584e-05
gdna	rna	nrna	multimapper	spliced_unannot	all_M	2	0	577	0.00043339044272673946
gdna	rna	nrna	ambig_same_strand	spliced_unannot	contains_N	1	1	570	0.0004281326730576109
rna	unresolved	unresolved	.	unspliced	all_M	3-10	0	559	0.0044954844105607695
gdna	rna	nrna	ambig_opp_strand	unspliced	other	1	2	555	0.0004168660237666211
gdna	gdna	gdna	multimapper	unspliced	soft_or_hard_clipped	2	2	550	3.539559435541952e-05
rna	rna	mrna	multimapper	spliced_annot	soft_or_hard_clipped	2	0	533	4.144355442316249e-05
gdna	unresolved	unresolved	.	unspliced	soft_or_hard_clipped	2	0	532	0.0017944964278727121
rna	rna	nrna	ambig_opp_strand	unspliced	soft_or_hard_clipped	1	1	527	0.0010622601348082691
gdna	rna	mrna	ambig_opp_strand	unspliced	other	1	>=3	520	0.0004895522950117445
gdna	gdna	gdna	.	unknown	all_M	>10	0	512	3.2950080563590536e-05
gdna	gdna	gdna	.	unknown	other	2	>=3	505	3.249959118088519e-05
rna	rna	mrna	multimapper	unspliced	soft_or_hard_clipped	2	0	505	3.926640709886877e-05
gdna	rna	nrna	ambig_opp_strand	unspliced	soft_or_hard_clipped	1	2	502	0.00037705719627179063
rna	rna	mrna	unambig	spliced_annot	soft_or_hard_clipped	1	2	502	3.903314131412301e-05
rna	rna	nrna	ambig_same_strand	unspliced	other	1	>=3	493	0.000993727222885155
gdna	gdna	gdna	.	unknown	all_M	2	>=3	487	3.1341189911071464e-05
rna	rna	nrna	multimapper	unspliced	other	3-10	1	478	0.0009634921146837811
gdna	rna	nrna	ambig_same_strand	spliced_implicit	soft_or_hard_clipped	1	0	473	0.00035527500764254377
rna	unresolved	unresolved	.	spliced_annot	contains_N	1	>=3	472	0.0037958294128527426
gdna	unresolved	unresolved	.	unspliced	all_M	>10	0	469	0.0015819902719404174
gdna	gdna	gdna	unambig	unspliced	soft_or_hard_clipped	1	2	464	2.9861010510753923e-05
rna	rna	nrna	multimapper	spliced_annot	all_M	2	0	463	0.0009332570064824072
rna	rna	nrna	multimapper	unspliced	all_M	3-10	>=3	459	0.0009251943109620408
gdna	rna	mrna	ambig_opp_strand	unspliced	soft_or_hard_clipped	1	1	456	0.0004292997048564529
rna	unresolved	unresolved	.	spliced_annot	contains_N	2	0	448	0.003602821137622942
gdna	rna	nrna	multimapper	unspliced	other	2	>=3	444	0.0003334928190132969
rna	rna	mrna	ambig_same_strand	spliced_unannot	contains_N	1	>=3	440	3.4212315096044075e-05
rna	rna	nrna	multimapper	unspliced	other	2	1	439	0.000884880833360209
gdna	gdna	gdna	unambig	unspliced	other	1	2	438	2.8187764232134088e-05
rna	unresolved	unresolved	.	unspliced	soft_or_hard_clipped	1	1	435	0.003498274988540134
gdna	rna	nrna	multimapper	spliced_unannot	all_M	3-10	0	427	0.00032072394981684185
rna	rna	nrna	ambig_opp_strand	spliced_implicit	all_M	1	0	426	0.0008586770729190183
gdna	rna	nrna	ambig_same_strand	spliced_implicit	soft_or_hard_clipped	1	>=3	426	0.0003199728398641092
gdna	rna	nrna	unambig	unspliced	all_M	1	>=3	422	0.00031696840005317856
gdna	gdna	gdna	.	unknown	soft_or_hard_clipped	2	>=3	417	2.683629608401807e-05
rna	rna	mrna	multimapper	unspliced	other	2	>=3	414	3.21906782949142e-05
rna	rna	nrna	ambig_same_strand	spliced_implicit	all_M	1	1	408	0.0008223949430773696
rna	rna	nrna	multimapper	unspliced	soft_or_hard_clipped	3-10	>=3	406	0.0008183635953171864
rna	rna	mrna	multimapper	spliced_annot	contains_N	2	>=3	402	3.125761515593118e-05
rna	gdna	gdna	ambig_opp_strand	unspliced	soft_or_hard_clipped	1	1	399	0.0007845080308848425
gdna	rna	mrna	multimapper	unspliced	all_M	2	1	392	0.0003690471147011613
gdna	rna	mrna	ambig_same_strand	spliced_unannot	contains_N	1	0	387	0.00036433988109527913
rna	rna	nrna	multimapper	unspliced	soft_or_hard_clipped	3-10	1	384	0.0007740187699551715
rna	unresolved	unresolved	.	unspliced	soft_or_hard_clipped	3-10	0	377	0.003031838323401449
gdna	rna	mrna	ambig_same_strand	spliced_annot	all_M	1	1	376	0.0003539839671623384
rna	rna	nrna	ambig_same_strand	unspliced	soft_or_hard_clipped	1	>=3	373	0.0007518463572741639
rna	gdna	gdna	.	unknown	soft_or_hard_clipped	1	0	371	0.000729454835735029
rna	rna	nrna	ambig_same_strand	spliced_unannot	soft_or_hard_clipped	1	0	370	0.0007457993356338891
gdna	rna	nrna	multimapper	spliced_unannot	all_M	2	1	368	0.00027640846260561545
gdna	gdna	gdna	.	unknown	all_M	2	2	367	2.3618514778979934e-05
rna	rna	nrna	multimapper	unspliced	all_M	>10	0	367	0.0007397523139936143
gdna	rna	mrna	ambig_same_strand	spliced_unannot	all_M	1	0	365	0.0003436280532293976
gdna	unresolved	unresolved	.	spliced_unannot	all_M	2	1	363	0.0012244402318003656
rna	rna	mrna	ambig_same_strand	spliced_unannot	contains_N	1	2	360	2.7991894169490607e-05
gdna	unresolved	unresolved	.	unspliced	other	1	2	357	0.0012042015502830043
gdna	gdna	gdna	multimapper	unspliced	soft_or_hard_clipped	3-10	>=3	354	2.2781891639670017e-05
gdna	unresolved	unresolved	.	unspliced	soft_or_hard_clipped	3-10	1	353	0.0011907090959380965
rna	rna	mrna	ambig_opp_strand	spliced_implicit	all_M	1	>=3	349	2.7136586292089505e-05
rna	rna	nrna	ambig_opp_strand	unspliced	other	1	>=3	348	0.0007014545102718741
rna	rna	nrna	ambig_same_strand	unspliced	other	1	2	347	0.0006994388363917825
rna	gdna	gdna	ambig_opp_strand	unspliced	other	1	1	346	0.0006803001972084098
gdna	rna	mrna	multimapper	spliced_annot	contains_N	2	1	345	0.00032479911880586897
rna	rna	mrna	ambig_opp_strand	spliced_implicit	soft_or_hard_clipped	1	1	342	2.659229946101608e-05
rna	gdna	gdna	unambig	unspliced	soft_or_hard_clipped	1	0	339	0.0006665368984209564
rna	rna	nrna	unambig	unspliced	other	1	1	337	0.0006792820975908666
gdna	rna	nrna	multimapper	unspliced	all_M	2	>=3	330	0.0002478662844017747
gdna	gdna	gdna	.	unknown	all_M	3-10	>=3	330	2.1237356613251712e-05
rna	unresolved	unresolved	.	unspliced	all_M	2	0	329	0.002645821772941848
gdna	rna	mrna	ambig_same_strand	spliced_unannot	contains_N	1	>=3	322	0.00030314584421881107
rna	rna	mrna	multimapper	unspliced	other	2	2	322	2.503719422937771e-05
gdna	rna	mrna	multimapper	unspliced	all_M	3-10	1	317	0.00029843861061292886
rna	unresolved	unresolved	.	unspliced	soft_or_hard_clipped	1	>=3	315	0.0025332336123911315
gdna	rna	nrna	ambig_same_strand	spliced_unannot	all_M	1	1	314	0.0002358485251580523
rna	rna	nrna	multimapper	unspliced	soft_or_hard_clipped	>10	0	314	0.0006329215983487599
gdna	rna	mrna	multimapper	spliced_annot	all_M	2	1	309	0.0002909070368435174
rna	unresolved	unresolved	.	spliced_annot	contains_N	1	2	304	0.0024447714862441392
rna	rna	nrna	ambig_same_strand	unspliced	soft_or_hard_clipped	1	2	303	0.0006107491856677524
gdna	gdna	gdna	multimapper	unspliced	all_M	>10	1	301	1.937104345632959e-05
gdna	unresolved	unresolved	.	unspliced	soft_or_hard_clipped	2	1	299	0.001008560962281844
rna	rna	mrna	unambig	spliced_annot	other	1	2	296	2.3015557428247833e-05
rna	rna	mrna	multimapper	spliced_annot	contains_N	3-10	1	293	2.278229164350208e-05
gdna	rna	mrna	unambig	spliced_annot	contains_N	1	1	289	0.0002720781024199888
rna	rna	nrna	ambig_opp_strand	unspliced	other	1	1	287	0.000578498403586287
rna	rna	nrna	multimapper	unspliced	all_M	2	2	283	0.0005704357080659206
gdna	unresolved	unresolved	.	unspliced	soft_or_hard_clipped	3-10	2	282	0.0009512180313159866
gdna	rna	nrna	multimapper	unspliced	soft_or_hard_clipped	2	>=3	282	0.0002118130066706075
rna	unresolved	unresolved	.	unspliced	all_M	1	>=3	281	0.002259805222482247
gdna	rna	nrna	ambig_same_strand	spliced_unannot	contains_N	1	2	280	0.0002103107867651422
rna	gdna	gdna	multimapper	unspliced	all_M	2	1	279	0.0005485657659570703
gdna	gdna	gdna	.	unknown	all_M	3-10	2	276	1.7762152803810522e-05
gdna	rna	mrna	ambig_same_strand	spliced_annot	contains_N	1	2	273	0.0002570149548811659
rna	unresolved	unresolved	.	unspliced	all_M	1	2	269	0.002163301084867347
rna	rna	nrna	multimapper	unspliced	other	2	>=3	268	0.0005402005998645467
gdna	rna	nrna	multimapper	unspliced	all_M	2	2	267	0.00020054635737961772
gdna	rna	mrna	ambig_same_strand	spliced_unannot	contains_N	1	1	267	0.0002513662745541073
gdna	rna	mrna	multimapper	spliced_unannot	all_M	2	0	263	0.00024760048766940155
gdna	rna	mrna	ambig_opp_strand	unspliced	soft_or_hard_clipped	1	2	263	0.00024760048766940155
rna	rna	nrna	multimapper	spliced_annot	contains_N	2	0	260	0.000524075208823814
gdna	gdna	gdna	multimapper	unspliced	soft_or_hard_clipped	3-10	0	256	1.6475040281795268e-05
gdna	rna	nrna	multimapper	unspliced	all_M	3-10	>=3	256	0.00019228414789955857
rna	rna	mrna	unambig	spliced_annot	other	1	>=3	251	1.9516570657061506e-05
rna	gdna	gdna	.	unknown	all_M	2	0	251	0.0004935125708072568
gdna	rna	mrna	ambig_same_strand	spliced_annot	contains_N	1	>=3	249	0.00023442023357293153
rna	rna	mrna	multimapper	unspliced	all_M	3-10	1	234	1.8194731210168897e-05
gdna	rna	nrna	multimapper	unspliced	other	2	2	233	0.0001750086189867076
gdna	gdna	gdna	multimapper	unspliced	other	3-10	>=3	233	1.4994860881477723e-05
gdna	rna	mrna	ambig_opp_strand	unspliced	other	1	2	230	0.00021653274587057932
gdna	unresolved	unresolved	.	unspliced	soft_or_hard_clipped	>10	>=3	229	0.0007724430112459607
rna	rna	mrna	ambig_opp_strand	spliced_unannot	contains_N	1	1	228	1.7728199640677386e-05
rna	gdna	gdna	unambig	unspliced	all_M	1	2	224	0.00044042556119850806
gdna	rna	nrna	multimapper	unspliced	soft_or_hard_clipped	3-10	>=3	224	0.00016824862941211376
rna	rna	nrna	multimapper	spliced_annot	contains_N	2	1	224	0.00045151094914051663
gdna	unresolved	unresolved	.	unspliced	all_M	>10	1	220	0.0007420849889699186
gdna	unresolved	unresolved	.	unspliced	all_M	>10	>=3	220	0.0007420849889699186
rna	unresolved	unresolved	.	spliced_annot	soft_or_hard_clipped	1	1	220	0.0017692425229398378
gdna	rna	mrna	unambig	spliced_annot	all_M	1	1	218	0.00020523538521646215
gdna	unresolved	unresolved	.	unspliced	soft_or_hard_clipped	2	2	218	0.0007353387617974647
gdna	rna	nrna	multimapper	spliced_annot	all_M	3-10	0	217	0.0001629908597429852
rna	gdna	gdna	.	unknown	all_M	1	2	217	0.0004266622624110547
rna	unresolved	unresolved	.	spliced_annot	soft_or_hard_clipped	1	>=3	216	0.0017370744770682043
gdna	rna	mrna	multimapper	unspliced	all_M	>10	0	216	0.00020335249177410927
gdna	rna	nrna	multimapper	unspliced	all_M	3-10	2	215	0.0001614886398375199
rna	rna	nrna	multimapper	unspliced	soft_or_hard_clipped	3-10	2	211	0.00042530718869932595
gdna	rna	nrna	multimapper	spliced_unannot	all_M	3-10	1	208	0.00015623087016839135
gdna	gdna	gdna	.	unknown	soft_or_hard_clipped	3-10	>=3	205	1.3192903350656367e-05
rna	rna	mrna	ambig_same_strand	spliced_unannot	all_M	1	2	203	1.5784318101129425e-05
gdna	gdna	gdna	.	unknown	contains_N	1	>=3	203	1.306419209845484e-05
gdna	rna	mrna	ambig_opp_strand	spliced_implicit	all_M	1	1	202	0.00019017223767763922
gdna	rna	mrna	multimapper	unspliced	other	2	>=3	202	0.00019017223767763922
rna	rna	mrna	multimapper	spliced_annot	all_M	2	2	202	1.570656283954751e-05
rna	gdna	gdna	ambig_opp_strand	unspliced	other	1	>=3	200	0.00039323710821295363
gdna	rna	mrna	multimapper	unspliced	all_M	3-10	>=3	195	0.00018358211062940422
rna	rna	mrna	ambig_same_strand	spliced_implicit	other	1	2	193	1.5006765485310242e-05
gdna	rna	nrna	ambig_opp_strand	spliced_unannot	contains_N	1	0	192	0.00014421311092466894
gdna	unresolved	unresolved	.	spliced_unannot	contains_N	1	>=3	188	0.0006341453542106577
rna	gdna	gdna	multimapper	unspliced	all_M	3-10	1	186	0.00036571051063804687
gdna	rna	nrna	ambig_same_strand	spliced_implicit	soft_or_hard_clipped	1	1	184	0.00013820423130280772
rna	unresolved	unresolved	.	unspliced	soft_or_hard_clipped	1	2	184	0.001479730110095137
rna	unresolved	unresolved	.	spliced_annot	contains_N	3-10	1	184	0.001479730110095137
rna	rna	mrna	ambig_opp_strand	spliced_unannot	all_M	1	1	183	1.4229212869491059e-05
gdna	rna	nrna	multimapper	spliced_annot	contains_N	3-10	0	183	0.00013745312135007506
gdna	rna	mrna	ambig_same_strand	spliced_implicit	all_M	1	2	181	0.00017040185653293416
gdna	rna	nrna	multimapper	spliced_unannot	contains_N	2	>=3	177	0.00013294646163367917
rna	rna	nrna	ambig_opp_strand	unspliced	soft_or_hard_clipped	1	>=3	173	0.00034871158125584546
rna	rna	mrna	multimapper	unspliced	all_M	2	2	173	1.3451660253671876e-05
rna	rna	nrna	multimapper	unspliced	other	3-10	2	171	0.00034468023349566224
gdna	rna	nrna	multimapper	spliced_unannot	contains_N	3-10	0	171	0.00012843980191728328
gdna	rna	nrna	ambig_opp_strand	spliced_implicit	all_M	1	2	171	0.00012843980191728328
rna	unresolved	unresolved	.	unspliced	soft_or_hard_clipped	2	0	169	0.0013590999380765118
gdna	rna	mrna	multimapper	unspliced	soft_or_hard_clipped	2	>=3	167	0.0001572216024364641
gdna	rna	mrna	multimapper	unspliced	all_M	2	>=3	166	0.00015628015571528768
rna	rna	nrna	unambig	unspliced	soft_or_hard_clipped	1	>=3	166	0.0003346018640952043
gdna	rna	mrna	ambig_same_strand	spliced_implicit	soft_or_hard_clipped	1	0	166	0.00015628015571528768
gdna	rna	nrna	multimapper	unspliced	all_M	>10	1	166	0.00012468425215362002
rna	unresolved	unresolved	.	spliced_unannot	contains_N	1	1	165	0.0013269318922048783
gdna	rna	mrna	multimapper	unspliced	soft_or_hard_clipped	3-10	>=3	163	0.00015345581555175838
gdna	rna	mrna	multimapper	spliced_unannot	all_M	3-10	0	163	0.00015345581555175838
gdna	rna	nrna	ambig_opp_strand	spliced_unannot	all_M	1	0	160	0.00012017759243722411
rna	unresolved	unresolved	.	spliced_annot	contains_N	3-10	>=3	158	0.0012706378119295197
rna	rna	mrna	ambig_same_strand	spliced_implicit	other	1	>=3	158	1.22853313299431e-05
gdna	rna	nrna	unambig	unspliced	soft_or_hard_clipped	1	0	157	0.00011792426257902615
gdna	gdna	gdna	.	unknown	all_M	>10	1	156	1.003947767171899e-05
rna	rna	nrna	ambig_opp_strand	unspliced	soft_or_hard_clipped	1	2	155	0.0003124294514141968
gdna	unresolved	unresolved	.	spliced_unannot	all_M	2	>=3	153	0.0005160863786927161
gdna	rna	nrna	multimapper	spliced_unannot	contains_N	3-10	>=3	151	0.00011341760286263025
rna	rna	nrna	ambig_same_strand	spliced_unannot	contains_N	1	>=3	151	0.0003043667558938304
gdna	rna	nrna	multimapper	unspliced	soft_or_hard_clipped	>10	>=3	150	0.0001126664929098976
rna	gdna	gdna	.	unknown	other	1	1	150	0.0002949278311597152
gdna	rna	nrna	ambig_opp_strand	spliced_implicit	soft_or_hard_clipped	1	0	149	0.00011191538295716495
gdna	rna	nrna	multimapper	unspliced	soft_or_hard_clipped	2	0	149	0.00011191538295716495
gdna	rna	nrna	multimapper	spliced_annot	all_M	2	2	149	0.00011191538295716495
gdna	rna	nrna	ambig_opp_strand	spliced_implicit	all_M	1	>=3	148	0.0001111642730044323
gdna	rna	mrna	ambig_same_strand	spliced_implicit	all_M	1	>=3	147	0.00013839266801293548
gdna	rna	mrna	multimapper	unspliced	all_M	3-10	2	145	0.0001365097745705826
rna	rna	mrna	multimapper	spliced_unannot	all_M	2	0	144	1.1196757667796244e-05
rna	rna	nrna	ambig_same_strand	spliced_unannot	contains_N	1	2	143	0.00028824136485309767
rna	rna	nrna	multimapper	unspliced	soft_or_hard_clipped	2	1	143	0.00028824136485309767
gdna	gdna	gdna	.	unknown	other	2	2	143	9.202854532409075e-06
gdna	gdna	gdna	.	unknown	soft_or_hard_clipped	2	0	142	9.138498906308311e-06
rna	rna	mrna	ambig_opp_strand	spliced_implicit	soft_or_hard_clipped	1	>=3	142	1.1041247144632406e-05
gdna	rna	nrna	multimapper	unspliced	other	2	1	141	0.00010590650333530375
rna	unresolved	unresolved	.	spliced_annot	contains_N	2	>=3	141	0.0011339236169750778
rna	gdna	gdna	ambig_opp_strand	unspliced	soft_or_hard_clipped	1	>=3	141	0.0002772321612901323
rna	unresolved	unresolved	.	unspliced	all_M	3-10	1	140	0.0011258816055071694
gdna	rna	nrna	ambig_same_strand	spliced_implicit	other	1	1	140	0.0001051553933825711
gdna	unresolved	unresolved	.	spliced_unannot	soft_or_hard_clipped	2	>=3	140	0.00047223590207176635
rna	rna	nrna	unambig	unspliced	soft_or_hard_clipped	1	2	139	0.00028017866933273134
rna	rna	nrna	unambig	spliced_unannot	all_M	1	0	138	0.00027816299545263974
rna	rna	mrna	multimapper	spliced_annot	other	2	>=3	137	1.0652470836722814e-05
rna	unresolved	unresolved	.	spliced_annot	all_M	1	1	137	0.0011017555711034443
gdna	rna	nrna	multimapper	spliced_unannot	contains_N	2	0	136	0.00010215095357164049
gdna	rna	nrna	multimapper	unspliced	soft_or_hard_clipped	3-10	0	136	0.00010215095357164049
rna	rna	mrna	multimapper	unspliced	soft_or_hard_clipped	3-10	0	135	1.0496960313558978e-05
gdna	unresolved	unresolved	.	spliced_unannot	all_M	2	2	134	0.00045199722055440497
rna	gdna	gdna	ambig_opp_strand	unspliced	soft_or_hard_clipped	1	2	133	0.00026150267696161414
rna	rna	mrna	multimapper	unspliced	all_M	2	>=3	132	1.0263694528813223e-05
gdna	rna	nrna	multimapper	spliced_unannot	all_M	2	2	132	9.91465137607099e-05
gdna	rna	mrna	multimapper	unspliced	all_M	>10	>=3	131	0.00012332952047411258
gdna	unresolved	unresolved	.	unspliced	all_M	>10	2	129	0.0004351316526232704
rna	unresolved	unresolved	.	spliced_annot	contains_N	2	1	129	0.0010374194793601776
rna	rna	mrna	multimapper	unspliced	soft_or_hard_clipped	2	>=3	128	9.95267348248555e-06
rna	rna	nrna	ambig_same_strand	spliced_implicit	soft_or_hard_clipped	1	1	128	0.0002580062566517238
gdna	rna	mrna	multimapper	spliced_unannot	all_M	2	1	128	0.00012050518031058328
rna	rna	mrna	multimapper	spliced_annot	all_M	2	>=3	128	9.95267348248555e-06
rna	rna	mrna	multimapper	spliced_annot	soft_or_hard_clipped	2	1	128	9.95267348248555e-06
gdna	gdna	gdna	multimapper	unspliced	soft_or_hard_clipped	3-10	1	126	8.108808888696109e-06
rna	rna	nrna	ambig_opp_strand	spliced_unannot	contains_N	1	1	126	0.0002539749088915406
rna	rna	mrna	ambig_opp_strand	spliced_implicit	soft_or_hard_clipped	1	2	125	9.719407697739795e-06
gdna	rna	nrna	multimapper	spliced_annot	contains_N	2	2	125	9.388874409158134e-05
rna	rna	mrna	multimapper	spliced_annot	other	2	1	124	9.641652436157876e-06
gdna	rna	mrna	multimapper	unspliced	other	2	2	124	0.00011673939342587755
rna	unresolved	unresolved	.	spliced_annot	soft_or_hard_clipped	3-10	0	124	0.0009972094220206359
rna	rna	nrna	multimapper	unspliced	all_M	2	>=3	123	0.00024792788725126584
gdna	rna	nrna	multimapper	unspliced	other	3-10	>=3	123	9.238652418611603e-05
rna	rna	mrna	multimapper	spliced_annot	other	2	2	122	9.48614191299404e-06
gdna	unresolved	unresolved	.	spliced_unannot	contains_N	1	0	122	0.0004115198575196821
gdna	rna	mrna	ambig_same_strand	spliced_unannot	contains_N	1	2	121	0.00011391505326234825
gdna	rna	nrna	multimapper	spliced_unannot	all_M	2	>=3	121	9.088430428065073e-05
gdna	rna	mrna	multimapper	spliced_annot	all_M	3-10	0	121	0.00011391505326234825
rna	gdna	gdna	ambig_opp_strand	unspliced	other	1	2	121	0.00023790845046883696
rna	rna	nrna	unambig	unspliced	other	1	>=3	119	0.00023986519173089946
rna	gdna	gdna	.	unknown	all_M	1	>=3	119	0.0002339760793867074
rna	rna	mrna	multimapper	unspliced	soft_or_hard_clipped	2	1	118	9.175120866666366e-06
gdna	rna	nrna	multimapper	unspliced	all_M	>10	>=3	117	8.787986446972014e-05
rna	unresolved	unresolved	.	unspliced	all_M	3-10	>=3	117	0.0009409153417452773
rna	rna	mrna	multimapper	unspliced	other	2	1	117	9.097365605084448e-06
rna	gdna	gdna	.	unknown	other	1	>=3	115	0.00022611133722244832
gdna	unresolved	unresolved	.	unspliced	soft_or_hard_clipped	>10	0	115	0.0003879080624160938
rna	gdna	gdna	unambig	unspliced	all_M	1	>=3	115	0.00022611133722244832
gdna	rna	mrna	ambig_same_strand	spliced_unannot	all_M	1	1	114	0.00010732492621411322
gdna	rna	nrna	ambig_same_strand	spliced_implicit	other	1	>=3	113	8.487542465878953e-05
rna	rna	mrna	ambig_same_strand	spliced_unannot	soft_or_hard_clipped	1	1	111	8.630834035592938e-06
rna	rna	nrna	ambig_same_strand	spliced_unannot	all_M	1	2	111	0.00022373980069016674
gdna	rna	nrna	multimapper	spliced_unannot	contains_N	2	1	111	8.337320475332423e-05
rna	unresolved	unresolved	.	unspliced	all_M	2	1	109	0.0008765792500020105
gdna	rna	mrna	multimapper	spliced_unannot	contains_N	2	>=3	109	0.00010261769260823107
gdna	rna	nrna	unambig	unspliced	soft_or_hard_clipped	1	>=3	109	8.187098484785892e-05
gdna	gdna	gdna	multimapper	unspliced	all_M	>10	2	108	6.950407618882379e-06
gdna	rna	nrna	multimapper	spliced_annot	all_M	2	>=3	107	8.036876494239362e-05
rna	unresolved	unresolved	.	spliced_unannot	all_M	1	1	107	0.0008604952270661938
rna	rna	nrna	unambig	unspliced	other	1	2	107	0.00021567710516980036
rna	unresolved	unresolved	.	spliced_annot	all_M	1	>=3	105	0.0008444112041303771
gdna	unresolved	unresolved	.	spliced_unannot	all_M	1	0	105	0.00035417692655382476
gdna	rna	mrna	multimapper	unspliced	all_M	>10	1	105	9.885190572352535e-05
gdna	rna	mrna	multimapper	unspliced	all_M	2	2	104	9.791045900234891e-05
rna	rna	nrna	multimapper	unspliced	other	2	2	104	0.0002096300835295256
rna	rna	nrna	ambig_opp_strand	spliced_unannot	all_M	1	1	104	0.0002096300835295256
rna	rna	nrna	ambig_opp_strand	unspliced	other	1	2	103	0.000207614409649434
gdna	gdna	gdna	multimapper	unspliced	other	3-10	2	103	6.628629488378564e-06
gdna	rna	nrna	multimapper	unspliced	soft_or_hard_clipped	3-10	1	103	7.736432513146303e-05
gdna	unresolved	unresolved	.	spliced_unannot	soft_or_hard_clipped	2	0	103	0.000347430699381371
gdna	unresolved	unresolved	.	spliced_unannot	contains_N	1	1	103	0.000347430699381371
gdna	rna	nrna	multimapper	unspliced	all_M	>10	2	102	7.661321517873036e-05
rna	unresolved	unresolved	.	spliced_annot	soft_or_hard_clipped	1	2	102	0.000820285169726652
gdna	gdna	gdna	.	unknown	soft_or_hard_clipped	2	1	101	6.499918236177039e-06
gdna	rna	nrna	ambig_opp_strand	spliced_implicit	soft_or_hard_clipped	1	>=3	101	7.586210522599771e-05
gdna	rna	nrna	multimapper	spliced_unannot	all_M	>10	0	101	7.586210522599771e-05
gdna	rna	mrna	ambig_opp_strand	spliced_implicit	soft_or_hard_clipped	1	0	101	9.508611883881961e-05
gdna	rna	nrna	multimapper	spliced_unannot	contains_N	3-10	1	100	7.511099527326507e-05
gdna	rna	nrna	multimapper	spliced_unannot	all_M	3-10	2	100	7.511099527326507e-05
rna	unresolved	unresolved	.	unspliced	soft_or_hard_clipped	3-10	>=3	100	0.0008042011467908353
gdna	rna	nrna	multimapper	spliced_unannot	contains_N	2	2	99	7.435988532053242e-05
rna	rna	mrna	multimapper	spliced_annot	soft_or_hard_clipped	2	>=3	99	7.697770896609917e-06
gdna	rna	mrna	multimapper	spliced_annot	contains_N	3-10	0	99	9.320322539646674e-05
gdna	rna	mrna	ambig_same_strand	spliced_implicit	soft_or_hard_clipped	1	>=3	98	9.226177867529032e-05
gdna	rna	mrna	multimapper	unspliced	soft_or_hard_clipped	>10	>=3	98	9.226177867529032e-05
rna	unresolved	unresolved	.	spliced_annot	all_M	1	2	94	0.0007559490779833852
gdna	rna	nrna	ambig_same_strand	spliced_implicit	soft_or_hard_clipped	1	2	94	7.060433555686916e-05
gdna	rna	nrna	multimapper	spliced_annot	contains_N	2	>=3	93	6.985322560413651e-05
rna	unresolved	unresolved	.	unspliced	soft_or_hard_clipped	3-10	1	92	0.0007398650550475685
rna	rna	mrna	ambig_same_strand	spliced_unannot	all_M	1	>=3	91	7.07572880395457e-06
rna	rna	mrna	multimapper	spliced_annot	contains_N	>10	0	91	7.07572880395457e-06
gdna	gdna	gdna	multimapper	unspliced	soft_or_hard_clipped	3-10	2	90	5.7920063490686485e-06
rna	rna	nrna	multimapper	spliced_unannot	all_M	3-10	0	90	0.0001814106492082433
rna	gdna	gdna	multimapper	unspliced	soft_or_hard_clipped	3-10	0	90	0.00017695669869582914
rna	unresolved	unresolved	.	spliced_annot	all_M	3-10	0	90	0.0007237810321117518
gdna	rna	nrna	multimapper	spliced_unannot	all_M	3-10	>=3	90	6.759989574593856e-05
rna	gdna	gdna	multimapper	unspliced	all_M	>10	0	89	0.00017499051315476437
gdna	gdna	gdna	.	unknown	soft_or_hard_clipped	2	2	89	5.727650722967886e-06
rna	gdna	gdna	.	unknown	soft_or_hard_clipped	1	1	89	0.00017499051315476437
rna	rna	nrna	ambig_same_strand	spliced_implicit	all_M	1	2	89	0.0001793949753281517
gdna	gdna	gdna	.	unknown	contains_N	1	0	88	5.663295096867123e-06
rna	rna	mrna	multimapper	spliced_annot	contains_N	3-10	>=3	87	6.764707757626897e-06
rna	rna	mrna	multimapper	spliced_annot	soft_or_hard_clipped	3-10	0	87	6.764707757626897e-06
rna	rna	mrna	multimapper	spliced_annot	all_M	3-10	1	87	6.764707757626897e-06
gdna	rna	mrna	multimapper	spliced_annot	contains_N	2	2	85	8.00229712999967e-05
rna	rna	mrna	ambig_opp_strand	spliced_implicit	other	1	1	83	6.453686711299223e-06
gdna	gdna	gdna	.	unknown	all_M	>10	2	82	5.277161340262546e-06
rna	rna	mrna	multimapper	spliced_unannot	all_M	3-10	0	81	6.298176188135387e-06
rna	unresolved	unresolved	.	spliced_annot	contains_N	3-10	2	81	0.0006514029289005766
gdna	unresolved	unresolved	.	spliced_unannot	soft_or_hard_clipped	2	1	81	0.0002732222004843791
gdna	rna	mrna	ambig_same_strand	spliced_annot	all_M	1	2	80	7.531573769411454e-05
rna	unresolved	unresolved	.	unspliced	soft_or_hard_clipped	2	>=3	80	0.0006433609174326683
gdna	unresolved	unresolved	.	unspliced	other	2	>=3	80	0.0002698490868981522
rna	unresolved	unresolved	.	unspliced	all_M	2	>=3	79	0.0006353189059647599
gdna	gdna	gdna	multimapper	unspliced	other	3-10	1	79	5.084094461960258e-06
gdna	rna	nrna	ambig_same_strand	spliced_unannot	all_M	1	2	78	5.858657631314675e-05
rna	rna	mrna	ambig_opp_strand	spliced_unannot	contains_N	1	>=3	78	6.064910403389632e-06
rna	rna	mrna	multimapper	spliced_unannot	contains_N	2	0	78	6.064910403389632e-06
gdna	rna	nrna	multimapper	unspliced	soft_or_hard_clipped	2	2	77	5.7835466360414104e-05
gdna	gdna	gdna	.	unknown	all_M	>10	>=3	77	4.955383209758733e-06
rna	rna	nrna	multimapper	spliced_unannot	all_M	2	0	76	0.000153191214886961
gdna	rna	nrna	multimapper	unspliced	soft_or_hard_clipped	2	1	76	5.708435640768145e-05
rna	gdna	gdna	multimapper	unspliced	soft_or_hard_clipped	2	0	76	0.00014943010112092238
rna	unresolved	unresolved	.	spliced_annot	soft_or_hard_clipped	2	0	75	0.0006031508600931265
rna	gdna	gdna	multimapper	unspliced	other	2	>=3	75	0.0001474639155798576
gdna	gdna	gdna	.	unknown	contains_N	3-10	>=3	74	4.762316331456444e-06
gdna	rna	mrna	multimapper	unspliced	soft_or_hard_clipped	2	0	74	6.966705736705595e-05
rna	unresolved	unresolved	.	unspliced	soft_or_hard_clipped	2	1	74	0.0005951088486252182
rna	unresolved	unresolved	.	spliced_annot	contains_N	>10	0	74	0.0005951088486252182
gdna	rna	nrna	multimapper	spliced_unannot	contains_N	3-10	2	74	5.558213650221615e-05
rna	rna	nrna	ambig_same_strand	spliced_unannot	soft_or_hard_clipped	1	1	73	0.00014714419324668624
rna	rna	mrna	ambig_opp_strand	spliced_unannot	soft_or_hard_clipped	1	0	73	5.67613409548004e-06
gdna	rna	nrna	multimapper	spliced_unannot	soft_or_hard_clipped	2	>=3	73	5.48310265494835e-05
gdna	rna	mrna	multimapper	spliced_unannot	contains_N	3-10	0	73	6.872561064587953e-05
rna	unresolved	unresolved	.	spliced_unannot	soft_or_hard_clipped	1	0	71	0.0005709828142214931
gdna	rna	mrna	multimapper	unspliced	all_M	>10	2	71	6.684271720352666e-05
rna	rna	nrna	ambig_same_strand	spliced_implicit	all_M	1	>=3	69	0.00013908149772631987
gdna	rna	nrna	multimapper	unspliced	soft_or_hard_clipped	3-10	2	69	5.182658673855289e-05
gdna	rna	mrna	ambig_same_strand	spliced_annot	all_M	1	>=3	69	6.49598237611738e-05
gdna	gdna	gdna	.	unknown	contains_N	2	>=3	68	4.376182574851868e-06
gdna	rna	mrna	multimapper	spliced_unannot	contains_N	2	0	68	6.401837703999736e-05
gdna	gdna	gdna	.	unknown	contains_N	1	1	66	4.247471322650342e-06
rna	rna	nrna	multimapper	unspliced	soft_or_hard_clipped	2	>=3	65	0.0001310188022059535
gdna	rna	nrna	multimapper	unspliced	soft_or_hard_clipped	>10	0	65	4.882214692762229e-05
rna	rna	nrna	multimapper	spliced_annot	all_M	2	1	65	0.0001310188022059535
rna	rna	mrna	multimapper	spliced_annot	contains_N	3-10	2	65	5.054092002824693e-06
rna	unresolved	unresolved	.	unspliced	all_M	3-10	2	64	0.0005146887339461346
rna	rna	mrna	multimapper	unspliced	all_M	>10	0	64	4.976336741242775e-06
gdna	gdna	gdna	.	unknown	other	3-10	>=3	64	4.118760070448817e-06
gdna	unresolved	unresolved	.	unspliced	soft_or_hard_clipped	>10	1	63	0.00021250615593229486
gdna	rna	mrna	multimapper	spliced_unannot	contains_N	2	1	63	5.931114343411521e-05
rna	gdna	gdna	.	unknown	all_M	3-10	0	63	0.0001238696890870804
gdna	rna	nrna	ambig_same_strand	spliced_unannot	all_M	1	>=3	62	4.656881706942434e-05
rna	gdna	gdna	.	unknown	soft_or_hard_clipped	1	>=3	62	0.00012190350354601562
gdna	rna	mrna	multimapper	spliced_unannot	all_M	3-10	1	61	5.7428249991762344e-05
rna	unresolved	unresolved	.	unspliced	soft_or_hard_clipped	>10	0	61	0.0004905626995424095
rna	unresolved	unresolved	.	spliced_annot	contains_N	2	2	60	0.0004825206880745012
rna	gdna	gdna	unambig	unspliced	soft_or_hard_clipped	1	1	60	0.00011797113246388609
gdna	unresolved	unresolved	.	spliced_unannot	soft_or_hard_clipped	2	2	59	0.00019901370158738725
rna	unresolved	unresolved	.	unspliced	all_M	>10	0	59	0.0004744786766065928
rna	unresolved	unresolved	.	spliced_annot	soft_or_hard_clipped	3-10	>=3	59	0.0004744786766065928
rna	rna	nrna	multimapper	spliced_unannot	contains_N	3-10	1	59	0.00011892475892540394
rna	gdna	gdna	multimapper	unspliced	other	2	2	59	0.00011600494692282132
gdna	unresolved	unresolved	.	spliced_unannot	all_M	3-10	0	59	0.00019901370158738725
gdna	rna	nrna	unambig	unspliced	other	1	>=3	58	4.356437725849374e-05
rna	gdna	gdna	multimapper	unspliced	all_M	2	2	58	0.00011403876138175655
gdna	rna	mrna	ambig_same_strand	spliced_unannot	soft_or_hard_clipped	1	>=3	58	5.460390982823304e-05
gdna	rna	mrna	ambig_same_strand	spliced_unannot	all_M	1	2	58	5.460390982823304e-05
gdna	rna	mrna	ambig_same_strand	spliced_implicit	soft_or_hard_clipped	1	1	58	5.460390982823304e-05
gdna	rna	nrna	multimapper	unspliced	other	3-10	2	57	4.281326730576109e-05
gdna	rna	mrna	unambig	spliced_annot	contains_N	1	>=3	57	5.366246310705661e-05
gdna	rna	mrna	ambig_opp_strand	spliced_implicit	all_M	1	>=3	57	5.366246310705661e-05
gdna	rna	mrna	ambig_same_strand	spliced_annot	soft_or_hard_clipped	1	>=3	57	5.366246310705661e-05
gdna	rna	mrna	multimapper	unspliced	soft_or_hard_clipped	3-10	0	57	5.366246310705661e-05
gdna	gdna	gdna	.	unknown	contains_N	3-10	1	56	3.603915061642715e-06
gdna	gdna	gdna	multimapper	unspliced	all_M	>10	>=3	55	3.539559435541952e-06
gdna	rna	mrna	multimapper	spliced_unannot	contains_N	3-10	>=3	55	5.177956966470375e-05
rna	rna	mrna	multimapper	spliced_unannot	all_M	2	1	55	4.276539387005509e-06
gdna	gdna	gdna	.	unknown	soft_or_hard_clipped	3-10	0	55	3.539559435541952e-06
gdna	rna	mrna	unambig	spliced_annot	contains_N	1	2	55	5.177956966470375e-05
rna	rna	mrna	ambig_opp_strand	spliced_unannot	contains_N	1	2	55	4.276539387005509e-06
gdna	rna	mrna	multimapper	spliced_unannot	all_M	2	>=3	55	5.177956966470375e-05
rna	rna	nrna	ambig_same_strand	spliced_implicit	soft_or_hard_clipped	1	>=3	55	0.00011086206340503758
gdna	rna	nrna	unambig	unspliced	soft_or_hard_clipped	1	1	55	4.131104740029579e-05
rna	rna	nrna	ambig_opp_strand	spliced_implicit	all_M	1	1	55	0.00011086206340503758
rna	unresolved	unresolved	.	unspliced	all_M	2	2	55	0.00044231063073495945
gdna	rna	nrna	ambig_same_strand	spliced_unannot	soft_or_hard_clipped	1	>=3	55	4.131104740029579e-05
rna	rna	nrna	multimapper	unspliced	soft_or_hard_clipped	>10	1	54	0.00010884638952494598
gdna	rna	mrna	ambig_same_strand	spliced_unannot	all_M	1	>=3	53	4.9896676222350886e-05
gdna	unresolved	unresolved	.	spliced_unannot	soft_or_hard_clipped	1	>=3	53	0.00017877502007002585
gdna	gdna	gdna	.	unknown	contains_N	3-10	0	53	3.4108481833404264e-06
rna	rna	nrna	multimapper	unspliced	soft_or_hard_clipped	2	2	53	0.00010683071564485439
rna	rna	nrna	ambig_opp_strand	spliced_implicit	soft_or_hard_clipped	1	0	53	0.00010683071564485439
gdna	rna	mrna	multimapper	spliced_annot	all_M	2	>=3	53	4.9896676222350886e-05
gdna	rna	nrna	ambig_opp_strand	spliced_unannot	contains_N	1	>=3	52	3.905771754209784e-05
gdna	rna	mrna	multimapper	spliced_annot	all_M	2	2	52	4.8955229501174454e-05
rna	gdna	gdna	multimapper	unspliced	all_M	3-10	2	52	0.00010224164813536794
gdna	rna	mrna	multimapper	spliced_unannot	all_M	2	2	51	4.801378277999802e-05
gdna	rna	nrna	multimapper	spliced_unannot	soft_or_hard_clipped	3-10	>=3	51	3.830660758936518e-05
gdna	unresolved	unresolved	.	spliced_unannot	all_M	1	1	51	0.00017202879289757202
gdna	rna	nrna	unambig	unspliced	other	1	1	51	3.830660758936518e-05
rna	unresolved	unresolved	.	spliced_unannot	contains_N	1	>=3	50	0.00040210057339541764
rna	rna	nrna	multimapper	unspliced	all_M	>10	1	50	0.00010078369400457961
rna	unresolved	unresolved	.	spliced_unannot	contains_N	1	2	50	0.00040210057339541764
gdna	unresolved	unresolved	.	spliced_unannot	contains_N	2	>=3	50	0.00016865567931134513
gdna	gdna	gdna	.	unknown	soft_or_hard_clipped	3-10	2	50	3.2177813050381383e-06
gdna	rna	mrna	multimapper	unspliced	soft_or_hard_clipped	2	2	50	4.707233605882159e-05
gdna	rna	nrna	multimapper	spliced_annot	all_M	3-10	1	49	3.6804387683899884e-05
rna	rna	nrna	ambig_same_strand	spliced_unannot	all_M	1	>=3	49	9.876802012448801e-05
rna	rna	mrna	multimapper	unspliced	soft_or_hard_clipped	2	2	47	3.6544972943501626e-06
gdna	unresolved	unresolved	.	unspliced	soft_or_hard_clipped	>10	2	47	0.00015853633855266442
gdna	gdna	gdna	.	unknown	soft_or_hard_clipped	3-10	1	47	3.0247144267358498e-06
gdna	rna	nrna	ambig_opp_strand	spliced_unannot	contains_N	1	1	47	3.530216777843458e-05
gdna	gdna	gdna	.	unknown	other	2	1	47	3.0247144267358498e-06
gdna	rna	nrna	ambig_opp_strand	spliced_implicit	soft_or_hard_clipped	1	1	47	3.530216777843458e-05
gdna	rna	nrna	ambig_same_strand	spliced_unannot	soft_or_hard_clipped	1	0	46	3.455105782570193e-05
gdna	rna	mrna	multimapper	unspliced	other	2	1	46	4.3306549174115866e-05
rna	rna	nrna	unambig	spliced_unannot	contains_N	1	0	46	9.272099848421325e-05
rna	unresolved	unresolved	.	unspliced	soft_or_hard_clipped	3-10	2	46	0.00036993252752378427
gdna	unresolved	unresolved	.	unspliced	other	2	2	46	0.00015516322496643753
gdna	rna	nrna	ambig_same_strand	spliced_implicit	other	1	2	46	3.455105782570193e-05
gdna	rna	mrna	ambig_opp_strand	spliced_implicit	all_M	1	2	46	4.3306549174115866e-05
rna	gdna	gdna	.	unknown	all_M	2	1	45	8.847834934791457e-05
rna	gdna	gdna	multimapper	unspliced	all_M	2	>=3	45	8.847834934791457e-05
rna	unresolved	unresolved	.	spliced_annot	soft_or_hard_clipped	2	>=3	45	0.0003618905160558759
gdna	gdna	gdna	multimapper	unspliced	soft_or_hard_clipped	>10	0	44	2.8316475484335617e-06
rna	rna	mrna	multimapper	unspliced	all_M	3-10	>=3	44	3.4212315096044078e-06
gdna	rna	nrna	multimapper	spliced_annot	soft_or_hard_clipped	2	>=3	44	3.304883792023663e-05
rna	rna	mrna	multimapper	unspliced	all_M	3-10	2	44	3.4212315096044078e-06
gdna	unresolved	unresolved	.	unspliced	other	3-10	>=3	44	0.0001484169977939837
gdna	rna	nrna	multimapper	unspliced	soft_or_hard_clipped	>10	1	43	3.229772796750398e-05
rna	rna	mrna	multimapper	spliced_annot	soft_or_hard_clipped	2	2	42	3.265720986440571e-06
gdna	gdna	gdna	.	unknown	contains_N	>10	0	42	2.702936296232036e-06
gdna	rna	nrna	unambig	unspliced	soft_or_hard_clipped	1	2	42	3.154661801477133e-05
gdna	unresolved	unresolved	.	spliced_unannot	contains_N	3-10	>=3	41	0.00013829765703530302
rna	gdna	gdna	unambig	unspliced	other	1	1	41	8.06136071836555e-05
gdna	rna	mrna	multimapper	unspliced	soft_or_hard_clipped	3-10	1	41	3.85993155682337e-05
rna	rna	nrna	ambig_opp_strand	spliced_unannot	soft_or_hard_clipped	1	0	41	8.264262908375527e-05
rna	rna	nrna	multimapper	spliced_unannot	contains_N	3-10	0	41	8.264262908375527e-05
gdna	rna	mrna	ambig_opp_strand	spliced_implicit	soft_or_hard_clipped	1	>=3	41	3.85993155682337e-05
gdna	rna	nrna	unambig	spliced_unannot	contains_N	1	>=3	41	3.079550806203868e-05
rna	rna	nrna	multimapper	spliced_annot	all_M	3-10	0	40	8.06269552036637e-05
gdna	rna	mrna	multimapper	unspliced	soft_or_hard_clipped	>10	0	40	3.765786884705727e-05
rna	gdna	gdna	.	unknown	other	2	2	40	7.864742164259072e-05
gdna	rna	nrna	multimapper	spliced_unannot	other	2	>=3	39	2.9293288156573376e-05
rna	gdna	gdna	multimapper	unspliced	soft_or_hard_clipped	3-10	1	39	7.668123610152595e-05
rna	unresolved	unresolved	.	spliced_annot	all_M	2	0	39	0.0003136384472484258
gdna	rna	mrna	unambig	spliced_annot	all_M	1	2	39	3.671642212588084e-05
gdna	rna	mrna	multimapper	unspliced	soft_or_hard_clipped	2	1	38	3.577497540470441e-05
gdna	rna	mrna	multimapper	spliced_annot	contains_N	2	>=3	38	3.577497540470441e-05
gdna	gdna	gdna	.	unknown	contains_N	1	2	38	2.445513791828985e-06
gdna	unresolved	unresolved	.	spliced_unannot	contains_N	1	2	38	0.0001281783162766223
gdna	rna	nrna	multimapper	spliced_annot	soft_or_hard_clipped	2	0	37	2.7791068251108075e-05
rna	gdna	gdna	multimapper	unspliced	other	2	1	36	7.078267947833165e-05
rna	rna	mrna	multimapper	unspliced	soft_or_hard_clipped	3-10	1	36	2.799189416949061e-06
gdna	unresolved	unresolved	.	spliced_unannot	all_M	1	>=3	36	0.0001214320891041685
rna	gdna	gdna	.	unknown	other	1	2	36	7.078267947833165e-05
gdna	gdna	gdna	multimapper	unspliced	soft_or_hard_clipped	>10	>=3	36	2.3168025396274596e-06
gdna	rna	mrna	multimapper	spliced_unannot	soft_or_hard_clipped	2	>=3	36	3.3892081962351545e-05
rna	gdna	gdna	.	unknown	contains_N	1	0	35	6.881649393726689e-05
rna	unresolved	unresolved	.	spliced_annot	soft_or_hard_clipped	3-10	1	35	0.00028147040137679234
rna	rna	nrna	multimapper	spliced_unannot	contains_N	3-10	>=3	35	7.054858580320572e-05
gdna	rna	nrna	ambig_same_strand	spliced_unannot	soft_or_hard_clipped	1	1	35	2.6288848345642774e-05
gdna	gdna	gdna	.	unknown	other	3-10	2	35	2.2524469135266966e-06
gdna	gdna	gdna	.	unknown	contains_N	>10	1	35	2.2524469135266966e-06
rna	rna	nrna	multimapper	spliced_unannot	all_M	>10	0	34	6.853291192311413e-05
rna	rna	nrna	ambig_same_strand	spliced_implicit	soft_or_hard_clipped	1	2	34	6.853291192311413e-05
rna	gdna	gdna	.	unknown	soft_or_hard_clipped	2	0	34	6.685030839620212e-05
rna	rna	mrna	ambig_same_strand	spliced_unannot	soft_or_hard_clipped	1	>=3	34	2.6436788937852243e-06
rna	rna	mrna	ambig_same_strand	spliced_unannot	soft_or_hard_clipped	1	2	34	2.6436788937852243e-06
rna	rna	mrna	multimapper	unspliced	soft_or_hard_clipped	>10	0	34	2.6436788937852243e-06
rna	rna	nrna	multimapper	spliced_unannot	contains_N	2	0	33	6.651723804302255e-05
gdna	rna	mrna	multimapper	spliced_unannot	contains_N	3-10	1	33	3.106774179882225e-05
rna	gdna	gdna	multimapper	unspliced	soft_or_hard_clipped	>10	0	32	6.291793731407258e-05
gdna	rna	nrna	multimapper	spliced_unannot	contains_N	>10	0	32	2.403551848744482e-05
rna	rna	mrna	multimapper	spliced_unannot	all_M	3-10	1	32	2.4881683706213876e-06
gdna	unresolved	unresolved	.	spliced_annot	contains_N	1	0	32	0.00010793963475926088
gdna	rna	mrna	multimapper	spliced_unannot	all_M	3-10	2	32	3.012629507764582e-05
gdna	rna	nrna	multimapper	spliced_unannot	other	3-10	>=3	31	2.328440853471217e-05
gdna	rna	nrna	ambig_opp_strand	spliced_unannot	all_M	1	1	31	2.328440853471217e-05
gdna	rna	mrna	ambig_opp_strand	spliced_implicit	soft_or_hard_clipped	1	1	31	2.9184848356469388e-05
rna	rna	mrna	multimapper	unspliced	soft_or_hard_clipped	3-10	>=3	31	2.410413109039469e-06
gdna	gdna	gdna	multimapper	unspliced	contains_N	2	0	31	1.9950244091236455e-06
rna	gdna	gdna	multimapper	unspliced	soft_or_hard_clipped	2	>=3	31	6.095175177300781e-05
rna	gdna	gdna	.	unknown	soft_or_hard_clipped	1	2	31	6.095175177300781e-05
rna	gdna	gdna	multimapper	unspliced	all_M	3-10	>=3	31	6.095175177300781e-05
gdna	rna	nrna	ambig_opp_strand	spliced_unannot	contains_N	1	2	31	2.328440853471217e-05
rna	rna	mrna	multimapper	spliced_unannot	contains_N	2	>=3	31	2.410413109039469e-06
rna	unresolved	unresolved	.	unspliced	soft_or_hard_clipped	2	2	31	0.00024930235550515897
rna	rna	nrna	multimapper	spliced_annot	all_M	2	2	30	6.047021640274777e-05
gdna	gdna	gdna	.	unknown	soft_or_hard_clipped	>10	>=3	30	1.930668783022883e-06
gdna	rna	mrna	ambig_opp_strand	spliced_unannot	contains_N	1	0	30	2.8243401635292956e-05
gdna	rna	nrna	multimapper	unspliced	soft_or_hard_clipped	>10	2	30	2.253329858197952e-05
rna	rna	nrna	multimapper	spliced_annot	soft_or_hard_clipped	2	0	30	6.047021640274777e-05
gdna	rna	nrna	unambig	spliced_unannot	all_M	1	0	30	2.253329858197952e-05
gdna	unresolved	unresolved	.	spliced_annot	all_M	1	0	30	0.00010119340758680708
rna	gdna	gdna	unambig	unspliced	soft_or_hard_clipped	1	>=3	30	5.8985566231943046e-05
gdna	rna	nrna	multimapper	spliced_annot	other	2	1	30	2.253329858197952e-05
gdna	rna	nrna	multimapper	unspliced	other	3-10	1	29	2.178218862924687e-05
rna	unresolved	unresolved	.	unspliced	other	1	1	29	0.00023321833256934225
rna	rna	nrna	unambig	spliced_unannot	contains_N	1	>=3	29	5.8454542522656173e-05
gdna	rna	mrna	ambig_opp_strand	spliced_unannot	all_M	1	0	29	2.730195491411652e-05
gdna	rna	mrna	multimapper	unspliced	soft_or_hard_clipped	>10	1	29	2.730195491411652e-05
rna	rna	nrna	multimapper	spliced_annot	contains_N	2	2	29	5.8454542522656173e-05
gdna	rna	mrna	multimapper	unspliced	soft_or_hard_clipped	3-10	2	29	2.730195491411652e-05
rna	rna	nrna	multimapper	spliced_annot	contains_N	3-10	0	28	5.643886864256458e-05
gdna	gdna	gdna	.	unknown	contains_N	3-10	2	28	1.8019575308213574e-06
rna	rna	mrna	ambig_same_strand	spliced_unannot	other	1	1	28	2.1771473242937138e-06
gdna	rna	mrna	ambig_same_strand	spliced_unannot	soft_or_hard_clipped	1	0	28	2.636050819294009e-05
gdna	rna	nrna	multimapper	spliced_unannot	soft_or_hard_clipped	2	1	28	2.103107867651422e-05
rna	rna	nrna	ambig_opp_strand	spliced_unannot	contains_N	1	2	28	5.643886864256458e-05
rna	rna	nrna	multimapper	spliced_unannot	contains_N	3-10	2	28	5.643886864256458e-05
rna	rna	mrna	ambig_opp_strand	spliced_implicit	other	1	2	28	2.1771473242937138e-06
gdna	unresolved	unresolved	.	spliced_unannot	all_M	1	2	28	9.444718041435327e-05
gdna	rna	mrna	multimapper	unspliced	soft_or_hard_clipped	>10	2	28	2.636050819294009e-05
gdna	rna	nrna	multimapper	spliced_annot	contains_N	3-10	1	27	2.0279968723781567e-05
gdna	rna	nrna	multimapper	spliced_unannot	soft_or_hard_clipped	2	2	27	2.0279968723781567e-05
gdna	rna	mrna	ambig_same_strand	spliced_implicit	soft_or_hard_clipped	1	2	27	2.541906147176366e-05
rna	rna	nrna	multimapper	unspliced	soft_or_hard_clipped	>10	>=3	27	5.442319476247299e-05
rna	gdna	gdna	multimapper	unspliced	other	3-10	>=3	27	5.308700960874874e-05
gdna	rna	mrna	multimapper	spliced_unannot	all_M	3-10	>=3	27	2.541906147176366e-05
gdna	rna	mrna	unambig	spliced_annot	all_M	1	>=3	27	2.541906147176366e-05
rna	rna	nrna	ambig_opp_strand	spliced_unannot	contains_N	1	>=3	27	5.442319476247299e-05
gdna	rna	mrna	ambig_opp_strand	spliced_unannot	contains_N	1	1	26	2.4477614750587227e-05
rna	rna	mrna	multimapper	spliced_unannot	contains_N	3-10	>=3	26	2.021636801129877e-06
rna	unresolved	unresolved	.	unspliced	soft_or_hard_clipped	>10	>=3	26	0.0002090922981656172
rna	rna	mrna	ambig_opp_strand	spliced_implicit	other	1	>=3	26	2.021636801129877e-06
gdna	gdna	gdna	.	unknown	contains_N	>10	>=3	26	1.673246278619832e-06
rna	rna	mrna	multimapper	spliced_annot	contains_N	>10	1	26	2.021636801129877e-06
gdna	gdna	gdna	.	unknown	contains_N	>10	2	26	1.673246278619832e-06
rna	rna	mrna	multimapper	spliced_unannot	contains_N	2	1	25	1.943881539547959e-06
gdna	rna	nrna	ambig_opp_strand	spliced_implicit	soft_or_hard_clipped	1	2	25	1.8777748818316267e-05
gdna	rna	nrna	ambig_same_strand	spliced_unannot	other	1	>=3	25	1.8777748818316267e-05
rna	unresolved	unresolved	.	spliced_annot	all_M	2	1	25	0.00020105028669770882
rna	unresolved	unresolved	.	spliced_annot	all_M	3-10	>=3	24	0.00019300827522980048
gdna	rna	mrna	multimapper	spliced_unannot	contains_N	2	2	24	2.2594721308234364e-05
gdna	rna	nrna	multimapper	spliced_unannot	contains_N	>10	>=3	23	1.7275528912850966e-05
gdna	gdna	gdna	.	unknown	contains_N	2	1	23	1.4801794003175436e-06
rna	rna	mrna	multimapper	spliced_annot	all_M	3-10	>=3	23	1.7883710163841222e-06
gdna	rna	nrna	multimapper	spliced_unannot	all_M	>10	1	23	1.7275528912850966e-05
gdna	unresolved	unresolved	.	spliced_annot	contains_N	1	>=3	23	7.758161248321877e-05
gdna	gdna	gdna	.	unknown	contains_N	2	0	23	1.4801794003175436e-06
rna	unresolved	unresolved	.	spliced_annot	all_M	3-10	1	23	0.00018496626376189213
rna	rna	nrna	multimapper	unspliced	soft_or_hard_clipped	>10	2	23	4.636049924210662e-05
rna	gdna	gdna	.	unknown	all_M	2	2	23	4.5222267444489665e-05
gdna	rna	mrna	multimapper	spliced_annot	contains_N	3-10	1	23	2.1653274587057933e-05
rna	rna	nrna	multimapper	spliced_unannot	contains_N	2	1	22	4.434482536201503e-05
rna	gdna	gdna	.	unknown	all_M	3-10	1	22	4.32560819034249e-05
rna	unresolved	unresolved	.	unspliced	other	1	>=3	22	0.00017692425229398376
rna	unresolved	unresolved	.	spliced_unannot	all_M	1	2	22	0.00017692425229398376
rna	rna	nrna	unambig	spliced_unannot	all_M	1	1	22	4.434482536201503e-05
rna	gdna	gdna	unambig	unspliced	other	1	>=3	22	4.32560819034249e-05
gdna	rna	nrna	unambig	spliced_unannot	contains_N	1	0	22	1.6524418960118313e-05
rna	rna	nrna	multimapper	spliced_unannot	contains_N	2	>=3	22	4.434482536201503e-05
gdna	rna	nrna	multimapper	spliced_unannot	soft_or_hard_clipped	2	0	22	1.6524418960118313e-05
rna	gdna	gdna	unambig	unspliced	other	1	2	22	4.32560819034249e-05
gdna	gdna	gdna	multimapper	unspliced	soft_or_hard_clipped	>10	1	22	1.4158237742167808e-06
rna	rna	mrna	multimapper	spliced_annot	soft_or_hard_clipped	3-10	>=3	22	1.7106157548022039e-06
rna	unresolved	unresolved	.	spliced_annot	contains_N	>10	>=3	22	0.00017692425229398376
gdna	unresolved	unresolved	.	unspliced	contains_N	2	0	22	7.420849889699185e-05
rna	gdna	gdna	multimapper	unspliced	soft_or_hard_clipped	3-10	>=3	22	4.32560819034249e-05
rna	unresolved	unresolved	.	spliced_annot	all_M	2	>=3	21	0.00016888224082607542
gdna	rna	mrna	ambig_same_strand	spliced_annot	other	1	1	21	1.9770381144705067e-05
gdna	gdna	gdna	.	unknown	soft_or_hard_clipped	>10	0	21	1.351468148116018e-06
gdna	rna	mrna	ambig_opp_strand	spliced_unannot	contains_N	1	>=3	21	1.9770381144705067e-05
gdna	rna	mrna	ambig_same_strand	spliced_unannot	soft_or_hard_clipped	1	2	21	1.9770381144705067e-05
gdna	rna	mrna	ambig_same_strand	spliced_annot	other	1	>=3	21	1.9770381144705067e-05
rna	gdna	gdna	multimapper	unspliced	soft_or_hard_clipped	2	1	21	4.128989636236013e-05
rna	unresolved	unresolved	.	spliced_annot	soft_or_hard_clipped	2	1	21	0.00016888224082607542
rna	rna	nrna	multimapper	spliced_unannot	all_M	3-10	1	21	4.2329151481923435e-05
gdna	rna	nrna	multimapper	spliced_unannot	soft_or_hard_clipped	3-10	0	21	1.5773309007385665e-05
gdna	rna	mrna	multimapper	spliced_unannot	soft_or_hard_clipped	2	2	20	1.8828934423528635e-05
rna	unresolved	unresolved	.	spliced_annot	soft_or_hard_clipped	2	2	20	0.00016084022935816707
rna	unresolved	unresolved	.	spliced_annot	soft_or_hard_clipped	3-10	2	20	0.00016084022935816707
rna	unresolved	unresolved	.	spliced_unannot	all_M	1	>=3	20	0.00016084022935816707
gdna	unresolved	unresolved	.	spliced_annot	soft_or_hard_clipped	1	0	20	6.746227172453805e-05
gdna	unresolved	unresolved	.	spliced_unannot	all_M	>10	0	20	6.746227172453805e-05
rna	unresolved	unresolved	.	unspliced	all_M	>10	>=3	20	0.00016084022935816707
gdna	rna	mrna	multimapper	spliced_unannot	soft_or_hard_clipped	3-10	>=3	20	1.8828934423528635e-05
gdna	rna	mrna	multimapper	spliced_annot	all_M	3-10	1	20	1.8828934423528635e-05
rna	rna	mrna	ambig_opp_strand	spliced_unannot	all_M	1	2	20	1.5551052316383672e-06
gdna	rna	mrna	unambig	spliced_annot	soft_or_hard_clipped	1	>=3	20	1.8828934423528635e-05
rna	rna	mrna	multimapper	spliced_unannot	contains_N	3-10	0	20	1.5551052316383672e-06
rna	unresolved	unresolved	.	unspliced	other	1	2	20	0.00016084022935816707
rna	rna	mrna	multimapper	spliced_annot	all_M	>10	0	19	1.4773499700564488e-06
gdna	rna	mrna	ambig_same_strand	spliced_unannot	soft_or_hard_clipped	1	1	19	1.7887487702352204e-05
rna	unresolved	unresolved	.	unspliced	soft_or_hard_clipped	>10	1	19	0.0001527982178902587
rna	rna	mrna	multimapper	spliced_annot	all_M	3-10	2	19	1.4773499700564488e-06
gdna	rna	mrna	ambig_same_strand	spliced_annot	soft_or_hard_clipped	1	0	19	1.7887487702352204e-05
gdna	rna	nrna	unambig	spliced_unannot	all_M	1	1	19	1.4271089101920362e-05
gdna	rna	nrna	ambig_opp_strand	spliced_implicit	other	1	>=3	19	1.4271089101920362e-05
rna	gdna	gdna	.	unknown	other	2	>=3	18	3.539133973916582e-05
gdna	rna	mrna	multimapper	spliced_annot	soft_or_hard_clipped	2	0	18	1.6946040981175772e-05
gdna	rna	nrna	multimapper	spliced_unannot	other	3-10	2	18	1.3519979149187712e-05
rna	rna	nrna	multimapper	spliced_unannot	other	2	1	18	3.628212984164866e-05
rna	rna	nrna	ambig_same_strand	spliced_unannot	soft_or_hard_clipped	1	>=3	18	3.628212984164866e-05
gdna	rna	mrna	multimapper	spliced_unannot	soft_or_hard_clipped	2	1	18	1.6946040981175772e-05
gdna	rna	nrna	ambig_opp_strand	spliced_implicit	other	1	1	18	1.3519979149187712e-05
rna	gdna	gdna	multimapper	unspliced	soft_or_hard_clipped	3-10	2	18	3.539133973916582e-05
gdna	rna	nrna	multimapper	spliced_annot	other	2	>=3	18	1.3519979149187712e-05
rna	rna	nrna	multimapper	unspliced	other	>10	>=3	17	3.4266455961557065e-05
gdna	unresolved	unresolved	.	unspliced	other	3-10	2	17	5.734293096585734e-05
gdna	rna	nrna	multimapper	spliced_unannot	soft_or_hard_clipped	3-10	1	17	1.2768869196455061e-05
rna	rna	mrna	multimapper	spliced_unannot	soft_or_hard_clipped	2	0	17	1.3218394468926121e-06
rna	rna	nrna	multimapper	spliced_unannot	all_M	2	1	17	3.4266455961557065e-05
rna	rna	mrna	multimapper	spliced_annot	contains_N	>10	>=3	17	1.3218394468926121e-06
rna	gdna	gdna	unambig	unspliced	soft_or_hard_clipped	1	2	17	3.342515419810106e-05
rna	rna	mrna	multimapper	spliced_unannot	all_M	2	2	17	1.3218394468926121e-06
rna	unresolved	unresolved	.	unspliced	all_M	>10	1	16	0.00012867218348653364
gdna	rna	mrna	ambig_same_strand	spliced_annot	soft_or_hard_clipped	1	2	16	1.506314753882291e-05
rna	rna	mrna	ambig_opp_strand	spliced_unannot	all_M	1	>=3	16	1.2440841853106938e-06
rna	rna	nrna	multimapper	spliced_unannot	contains_N	>10	0	16	3.225078208146548e-05
rna	rna	mrna	ambig_same_strand	spliced_unannot	other	1	>=3	16	1.2440841853106938e-06
rna	rna	mrna	multimapper	spliced_unannot	all_M	3-10	>=3	16	1.2440841853106938e-06
rna	unresolved	unresolved	.	spliced_annot	all_M	>10	0	16	0.00012867218348653364
gdna	rna	nrna	multimapper	spliced_annot	other	2	2	16	1.201775924372241e-05
gdna	rna	nrna	ambig_opp_strand	spliced_unannot	all_M	1	2	16	1.201775924372241e-05
rna	rna	mrna	multimapper	spliced_annot	soft_or_hard_clipped	3-10	1	16	1.2440841853106938e-06
gdna	rna	mrna	ambig_opp_strand	spliced_unannot	contains_N	1	2	16	1.506314753882291e-05
rna	unresolved	unresolved	.	spliced_unannot	soft_or_hard_clipped	1	1	15	0.0001206301720186253
rna	rna	nrna	multimapper	spliced_unannot	all_M	2	2	15	3.0235108201373884e-05
gdna	unresolved	unresolved	.	unspliced	other	2	1	15	5.059670379340354e-05
rna	rna	nrna	multimapper	spliced_annot	all_M	3-10	1	15	3.0235108201373884e-05
rna	rna	nrna	ambig_opp_strand	spliced_implicit	soft_or_hard_clipped	1	1	15	3.0235108201373884e-05
rna	rna	nrna	ambig_same_strand	spliced_implicit	other	1	1	15	3.0235108201373884e-05
gdna	unresolved	unresolved	.	spliced_unannot	soft_or_hard_clipped	1	0	15	5.059670379340354e-05
rna	gdna	gdna	multimapper	unspliced	soft_or_hard_clipped	2	2	15	2.9492783115971523e-05
gdna	rna	mrna	multimapper	spliced_unannot	contains_N	3-10	2	15	1.4121700817646478e-05
rna	rna	nrna	ambig_same_strand	spliced_unannot	soft_or_hard_clipped	1	2	15	3.0235108201373884e-05
gdna	rna	nrna	ambig_opp_strand	spliced_unannot	all_M	1	>=3	15	1.126664929098976e-05
rna	gdna	gdna	.	unknown	contains_N	2	1	15	2.9492783115971523e-05
gdna	unresolved	unresolved	.	spliced_unannot	all_M	3-10	1	15	5.059670379340354e-05
rna	rna	mrna	multimapper	unspliced	soft_or_hard_clipped	3-10	2	15	1.1663289237287752e-06
gdna	unresolved	unresolved	.	unspliced	other	>10	>=3	14	4.7223590207176635e-05
gdna	rna	mrna	multimapper	spliced_annot	soft_or_hard_clipped	2	>=3	14	1.3180254096470045e-05
rna	unresolved	unresolved	.	spliced_unannot	soft_or_hard_clipped	1	>=3	14	0.00011258816055071694
gdna	rna	mrna	multimapper	spliced_unannot	soft_or_hard_clipped	2	0	14	1.3180254096470045e-05
rna	unresolved	unresolved	.	spliced_annot	soft_or_hard_clipped	>10	0	14	0.00011258816055071694
gdna	rna	mrna	multimapper	spliced_unannot	all_M	>10	0	14	1.3180254096470045e-05
gdna	rna	mrna	ambig_same_strand	spliced_annot	soft_or_hard_clipped	1	1	14	1.3180254096470045e-05
gdna	rna	mrna	multimapper	spliced_annot	other	2	>=3	13	1.2238807375293614e-05
gdna	rna	nrna	ambig_same_strand	spliced_unannot	soft_or_hard_clipped	1	2	13	9.76442938552446e-06
gdna	rna	mrna	unambig	spliced_annot	soft_or_hard_clipped	1	0	13	1.2238807375293614e-05
rna	rna	nrna	multimapper	unspliced	all_M	>10	>=3	13	2.62037604411907e-05
rna	rna	nrna	unambig	spliced_unannot	contains_N	1	2	13	2.62037604411907e-05
gdna	gdna	gdna	multimapper	unspliced	contains_N	3-10	0	13	8.36623139309916e-07
gdna	rna	nrna	multimapper	spliced_unannot	all_M	>10	2	13	9.76442938552446e-06
gdna	rna	mrna	ambig_opp_strand	spliced_implicit	soft_or_hard_clipped	1	2	13	1.2238807375293614e-05
gdna	unresolved	unresolved	.	spliced_unannot	other	2	>=3	13	4.3850476620949734e-05
rna	rna	mrna	multimapper	spliced_unannot	contains_N	2	2	13	1.0108184005649385e-06
rna	gdna	gdna	.	unknown	soft_or_hard_clipped	2	2	13	2.5560412033841985e-05
rna	gdna	gdna	.	unknown	contains_N	1	>=3	13	2.5560412033841985e-05
rna	rna	mrna	multimapper	unspliced	soft_or_hard_clipped	>10	1	12	9.330631389830203e-07
gdna	rna	mrna	ambig_same_strand	spliced_implicit	other	1	>=3	12	1.1297360654117182e-05
rna	rna	nrna	ambig_opp_strand	spliced_unannot	all_M	1	2	12	2.418808656109911e-05
rna	rna	nrna	ambig_same_strand	spliced_unannot	other	1	1	12	2.418808656109911e-05
rna	rna	mrna	ambig_same_strand	spliced_unannot	other	1	2	12	9.330631389830203e-07
rna	rna	mrna	ambig_opp_strand	spliced_unannot	soft_or_hard_clipped	1	1	12	9.330631389830203e-07
rna	rna	mrna	multimapper	unspliced	soft_or_hard_clipped	>10	>=3	12	9.330631389830203e-07
rna	gdna	gdna	.	unknown	soft_or_hard_clipped	2	1	12	2.359422649277722e-05
rna	rna	mrna	multimapper	spliced_unannot	soft_or_hard_clipped	2	>=3	12	9.330631389830203e-07
gdna	gdna	gdna	multimapper	unspliced	soft_or_hard_clipped	>10	2	12	7.722675132091532e-07
gdna	rna	nrna	unambig	unspliced	other	1	2	12	9.013319432791809e-06
rna	gdna	gdna	multimapper	unspliced	all_M	>10	1	12	2.359422649277722e-05
rna	gdna	gdna	multimapper	unspliced	other	3-10	1	12	2.359422649277722e-05
rna	unresolved	unresolved	.	unspliced	soft_or_hard_clipped	>10	2	12	9.650413761490024e-05
gdna	unresolved	unresolved	.	spliced_unannot	soft_or_hard_clipped	3-10	>=3	12	4.0477363034722833e-05
gdna	rna	nrna	unambig	spliced_unannot	contains_N	1	1	12	9.013319432791809e-06
gdna	rna	nrna	ambig_opp_strand	spliced_implicit	other	1	2	12	9.013319432791809e-06
rna	gdna	gdna	.	unknown	all_M	2	>=3	12	2.359422649277722e-05
gdna	unresolved	unresolved	.	spliced_annot	all_M	2	0	12	4.0477363034722833e-05
gdna	gdna	gdna	.	unknown	contains_N	2	2	11	7.079118871083904e-07
gdna	rna	nrna	multimapper	spliced_annot	soft_or_hard_clipped	2	2	11	8.262209480059157e-06
rna	rna	mrna	multimapper	spliced_annot	contains_N	>10	2	11	8.553078774011019e-07
gdna	rna	nrna	multimapper	spliced_unannot	contains_N	>10	1	11	8.262209480059157e-06
rna	rna	nrna	multimapper	spliced_unannot	all_M	3-10	2	11	2.2172412681007514e-05
gdna	unresolved	unresolved	.	spliced_unannot	all_M	3-10	2	11	3.7104249448495926e-05
gdna	unresolved	unresolved	.	spliced_annot	soft_or_hard_clipped	1	>=3	11	3.7104249448495926e-05
gdna	rna	nrna	multimapper	spliced_annot	soft_or_hard_clipped	2	1	11	8.262209480059157e-06
rna	gdna	gdna	.	unknown	contains_N	1	1	11	2.162804095171245e-05
gdna	unresolved	unresolved	.	spliced_unannot	all_M	>10	>=3	11	3.7104249448495926e-05
rna	rna	mrna	multimapper	spliced_annot	soft_or_hard_clipped	3-10	2	11	8.553078774011019e-07
gdna	rna	mrna	multimapper	unspliced	other	3-10	>=3	11	1.035591393294075e-05
gdna	unresolved	unresolved	.	spliced_unannot	all_M	3-10	>=3	11	3.7104249448495926e-05
rna	unresolved	unresolved	.	spliced_unannot	all_M	3-10	0	11	8.846212614699188e-05
gdna	rna	nrna	multimapper	spliced_unannot	all_M	>10	>=3	11	8.262209480059157e-06
gdna	unresolved	unresolved	.	spliced_unannot	soft_or_hard_clipped	1	1	11	3.7104249448495926e-05
gdna	rna	mrna	ambig_same_strand	spliced_implicit	other	1	1	11	1.035591393294075e-05
rna	rna	nrna	multimapper	spliced_unannot	soft_or_hard_clipped	2	0	11	2.2172412681007514e-05
rna	gdna	gdna	.	unknown	soft_or_hard_clipped	2	>=3	11	2.162804095171245e-05
gdna	gdna	gdna	multimapper	unspliced	contains_N	2	2	11	7.079118871083904e-07
gdna	gdna	gdna	multimapper	unspliced	contains_N	3-10	>=3	10	6.435562610076277e-07
rna	rna	mrna	multimapper	spliced_unannot	all_M	2	>=3	10	7.775526158191836e-07
rna	unresolved	unresolved	.	spliced_unannot	contains_N	3-10	0	10	8.042011467908354e-05
rna	rna	nrna	multimapper	spliced_annot	all_M	2	>=3	10	2.0156738800915924e-05
rna	gdna	gdna	multimapper	unspliced	other	3-10	2	10	1.966185541064768e-05
gdna	unresolved	unresolved	.	unspliced	other	3-10	1	10	3.3731135862269026e-05
gdna	gdna	gdna	.	unknown	soft_or_hard_clipped	>10	1	10	6.435562610076277e-07
rna	gdna	gdna	.	unknown	other	2	1	10	1.966185541064768e-05
rna	unresolved	unresolved	.	spliced_annot	contains_N	>10	1	10	8.042011467908354e-05
gdna	rna	nrna	multimapper	spliced_unannot	soft_or_hard_clipped	3-10	2	10	7.511099527326507e-06
rna	rna	mrna	multimapper	unspliced	all_M	>10	1	10	7.775526158191836e-07
rna	rna	nrna	ambig_opp_strand	spliced_implicit	all_M	1	2	10	2.0156738800915924e-05
gdna	rna	mrna	multimapper	spliced_annot	other	2	2	9	8.473020490587886e-06
rna	rna	nrna	multimapper	spliced_unannot	contains_N	2	2	9	1.814106492082433e-05
rna	unresolved	unresolved	.	unspliced	all_M	>10	2	9	7.237810321117518e-05
gdna	rna	nrna	ambig_same_strand	spliced_unannot	other	1	1	9	6.759989574593856e-06
gdna	rna	nrna	multimapper	spliced_unannot	other	2	1	9	6.759989574593856e-06
rna	rna	mrna	multimapper	spliced_unannot	contains_N	3-10	1	9	6.997973542372652e-07
gdna	unresolved	unresolved	.	spliced_unannot	other	2	1	9	3.0358022276042125e-05
rna	rna	mrna	multimapper	spliced_unannot	soft_or_hard_clipped	2	1	9	6.997973542372652e-07
gdna	rna	nrna	multimapper	spliced_annot	all_M	3-10	2	9	6.759989574593856e-06
rna	rna	nrna	multimapper	spliced_unannot	contains_N	>10	>=3	9	1.814106492082433e-05
rna	rna	nrna	ambig_opp_strand	spliced_implicit	all_M	1	>=3	9	1.814106492082433e-05
rna	rna	nrna	multimapper	spliced_annot	contains_N	2	>=3	9	1.814106492082433e-05
gdna	rna	nrna	multimapper	spliced_unannot	other	2	2	9	6.759989574593856e-06
rna	rna	mrna	multimapper	unspliced	other	3-10	>=3	9	6.997973542372652e-07
rna	unresolved	unresolved	.	spliced_annot	all_M	3-10	2	9	7.237810321117518e-05
rna	unresolved	unresolved	.	spliced_annot	contains_N	>10	2	9	7.237810321117518e-05
gdna	rna	nrna	multimapper	unspliced	other	>10	>=3	9	6.759989574593856e-06
gdna	unresolved	unresolved	.	spliced_annot	contains_N	1	1	9	3.0358022276042125e-05
rna	rna	nrna	multimapper	spliced_unannot	all_M	2	>=3	9	1.814106492082433e-05
rna	gdna	gdna	.	unknown	all_M	3-10	2	9	1.769566986958291e-05
rna	rna	nrna	multimapper	spliced_annot	soft_or_hard_clipped	2	1	9	1.814106492082433e-05
rna	rna	nrna	multimapper	spliced_unannot	soft_or_hard_clipped	3-10	0	9	1.814106492082433e-05
gdna	unresolved	unresolved	.	unspliced	contains_N	2	>=3	9	3.0358022276042125e-05
rna	rna	nrna	multimapper	spliced_unannot	all_M	>10	1	9	1.814106492082433e-05
gdna	rna	mrna	ambig_same_strand	spliced_unannot	other	1	>=3	9	8.473020490587886e-06
gdna	unresolved	unresolved	.	spliced_unannot	contains_N	2	0	9	3.0358022276042125e-05
gdna	unresolved	unresolved	.	spliced_unannot	soft_or_hard_clipped	1	2	8	2.698490868981522e-05
gdna	gdna	gdna	.	unknown	other	3-10	1	8	5.148450088061021e-07
rna	unresolved	unresolved	.	spliced_unannot	other	1	1	8	6.433609174326682e-05
rna	rna	mrna	multimapper	spliced_annot	all_M	>10	1	8	6.220420926553469e-07
rna	rna	nrna	multimapper	unspliced	all_M	>10	2	8	1.612539104073274e-05
gdna	rna	mrna	unambig	spliced_annot	soft_or_hard_clipped	1	2	8	7.531573769411455e-06
rna	rna	mrna	multimapper	spliced_annot	soft_or_hard_clipped	>10	0	8	6.220420926553469e-07
gdna	unresolved	unresolved	.	spliced_unannot	soft_or_hard_clipped	3-10	2	8	2.698490868981522e-05
gdna	rna	nrna	unambig	spliced_unannot	contains_N	1	2	8	6.008879621861205e-06
gdna	rna	nrna	multimapper	spliced_unannot	contains_N	>10	2	8	6.008879621861205e-06
gdna	rna	mrna	ambig_opp_strand	spliced_unannot	all_M	1	1	8	7.531573769411455e-06
gdna	rna	nrna	ambig_opp_strand	spliced_unannot	soft_or_hard_clipped	1	>=3	8	6.008879621861205e-06
rna	rna	nrna	ambig_same_strand	spliced_unannot	other	1	>=3	7	1.4109717160641145e-05
rna	rna	nrna	multimapper	spliced_unannot	contains_N	>10	1	7	1.4109717160641145e-05
rna	rna	nrna	ambig_opp_strand	spliced_unannot	soft_or_hard_clipped	1	1	7	1.4109717160641145e-05
rna	rna	nrna	multimapper	spliced_unannot	all_M	3-10	>=3	7	1.4109717160641145e-05
rna	gdna	gdna	.	unknown	other	3-10	>=3	7	1.3763298787453377e-05
rna	rna	mrna	ambig_opp_strand	spliced_unannot	soft_or_hard_clipped	1	>=3	7	5.442868310734284e-07
gdna	unresolved	unresolved	.	spliced_unannot	contains_N	3-10	1	7	2.3611795103588317e-05
rna	unresolved	unresolved	.	spliced_unannot	contains_N	3-10	>=3	7	5.629408027535847e-05
rna	gdna	gdna	.	unknown	all_M	3-10	>=3	7	1.3763298787453377e-05
rna	rna	mrna	multimapper	spliced_unannot	contains_N	3-10	2	7	5.442868310734284e-07
rna	rna	mrna	ambig_opp_strand	spliced_unannot	other	1	1	7	5.442868310734284e-07
rna	unresolved	unresolved	.	spliced_unannot	all_M	2	0	7	5.629408027535847e-05
gdna	unresolved	unresolved	.	spliced_unannot	other	2	2	7	2.3611795103588317e-05
gdna	unresolved	unresolved	.	spliced_unannot	contains_N	3-10	2	7	2.3611795103588317e-05
gdna	gdna	gdna	.	unknown	soft_or_hard_clipped	>10	2	7	4.5048938270533936e-07
gdna	rna	mrna	ambig_same_strand	spliced_implicit	other	1	2	7	6.5901270482350225e-06
gdna	rna	mrna	unambig	spliced_annot	soft_or_hard_clipped	1	1	7	6.5901270482350225e-06
gdna	unresolved	unresolved	.	spliced_unannot	other	1	1	7	2.3611795103588317e-05
gdna	unresolved	unresolved	.	spliced_unannot	contains_N	>10	>=3	7	2.3611795103588317e-05
gdna	rna	nrna	ambig_same_strand	spliced_unannot	other	1	2	7	5.257769669128555e-06
gdna	rna	mrna	multimapper	spliced_unannot	soft_or_hard_clipped	3-10	0	7	6.5901270482350225e-06
rna	rna	mrna	multimapper	unspliced	other	3-10	1	7	5.442868310734284e-07
gdna	rna	mrna	ambig_opp_strand	spliced_implicit	other	1	1	7	6.5901270482350225e-06
gdna	rna	mrna	multimapper	spliced_unannot	other	2	>=3	7	6.5901270482350225e-06
rna	rna	mrna	multimapper	spliced_annot	all_M	>10	>=3	6	4.6653156949151015e-07
rna	unresolved	unresolved	.	spliced_unannot	contains_N	2	0	6	4.825206880745012e-05
rna	rna	mrna	multimapper	spliced_unannot	all_M	3-10	2	6	4.6653156949151015e-07
rna	unresolved	unresolved	.	spliced_unannot	soft_or_hard_clipped	1	2	6	4.825206880745012e-05
rna	gdna	gdna	.	unknown	contains_N	1	2	6	1.179711324638861e-05
gdna	rna	nrna	unambig	spliced_unannot	all_M	1	2	6	4.5066597163959044e-06
gdna	unresolved	unresolved	.	spliced_annot	all_M	1	1	6	2.0238681517361417e-05
rna	unresolved	unresolved	.	spliced_annot	all_M	2	2	6	4.825206880745012e-05
gdna	rna	nrna	multimapper	spliced_unannot	soft_or_hard_clipped	>10	>=3	6	4.5066597163959044e-06
gdna	unresolved	unresolved	.	unspliced	contains_N	2	1	6	2.0238681517361417e-05
gdna	unresolved	unresolved	.	spliced_unannot	all_M	>10	1	6	2.0238681517361417e-05
rna	gdna	gdna	multimapper	unspliced	all_M	>10	2	6	1.179711324638861e-05
rna	rna	mrna	multimapper	spliced_annot	other	3-10	>=3	6	4.6653156949151015e-07
rna	gdna	gdna	.	unknown	contains_N	3-10	0	6	1.179711324638861e-05
gdna	unresolved	unresolved	.	unspliced	contains_N	3-10	>=3	6	2.0238681517361417e-05
rna	rna	nrna	unambig	spliced_unannot	contains_N	1	1	6	1.2094043280549554e-05
gdna	rna	mrna	multimapper	spliced_annot	other	2	1	6	5.648680327058591e-06
rna	rna	nrna	ambig_same_strand	spliced_implicit	other	1	2	6	1.2094043280549554e-05
rna	rna	mrna	multimapper	spliced_unannot	other	2	1	6	4.6653156949151015e-07
gdna	rna	nrna	multimapper	spliced_unannot	soft_or_hard_clipped	>10	0	6	4.5066597163959044e-06
rna	rna	mrna	multimapper	spliced_annot	other	3-10	1	6	4.6653156949151015e-07
gdna	unresolved	unresolved	.	spliced_unannot	contains_N	2	2	6	2.0238681517361417e-05
rna	rna	mrna	multimapper	spliced_unannot	soft_or_hard_clipped	3-10	1	6	4.6653156949151015e-07
gdna	unresolved	unresolved	.	spliced_unannot	soft_or_hard_clipped	3-10	0	6	2.0238681517361417e-05
rna	rna	mrna	multimapper	spliced_annot	soft_or_hard_clipped	>10	1	6	4.6653156949151015e-07
gdna	rna	nrna	multimapper	spliced_annot	contains_N	3-10	2	6	4.5066597163959044e-06
gdna	rna	nrna	multimapper	spliced_annot	all_M	3-10	>=3	6	4.5066597163959044e-06
gdna	rna	nrna	multimapper	unspliced	contains_N	3-10	0	6	4.5066597163959044e-06
gdna	rna	mrna	multimapper	spliced_annot	soft_or_hard_clipped	2	1	5	4.707233605882159e-06
rna	rna	nrna	ambig_opp_strand	spliced_implicit	soft_or_hard_clipped	1	>=3	5	1.0078369400457962e-05
rna	rna	nrna	ambig_same_strand	spliced_implicit	other	1	>=3	5	1.0078369400457962e-05
gdna	gdna	gdna	multimapper	unspliced	contains_N	2	>=3	5	3.2177813050381383e-07
gdna	rna	mrna	ambig_opp_strand	spliced_unannot	all_M	1	2	5	4.707233605882159e-06
gdna	rna	mrna	multimapper	spliced_unannot	all_M	>10	1	5	4.707233605882159e-06
rna	rna	nrna	multimapper	spliced_annot	all_M	3-10	2	5	1.0078369400457962e-05
gdna	rna	nrna	multimapper	spliced_unannot	other	3-10	1	5	3.7555497636632536e-06
rna	rna	mrna	multimapper	spliced_unannot	soft_or_hard_clipped	3-10	>=3	5	3.887763079095918e-07
gdna	gdna	gdna	multimapper	unspliced	contains_N	3-10	1	5	3.2177813050381383e-07
rna	rna	nrna	multimapper	spliced_annot	soft_or_hard_clipped	3-10	0	5	1.0078369400457962e-05
gdna	rna	nrna	multimapper	spliced_annot	soft_or_hard_clipped	3-10	>=3	5	3.7555497636632536e-06
rna	unresolved	unresolved	.	spliced_annot	soft_or_hard_clipped	>10	>=3	5	4.021005733954177e-05
rna	rna	nrna	ambig_opp_strand	spliced_unannot	all_M	1	>=3	5	1.0078369400457962e-05
rna	gdna	gdna	multimapper	unspliced	soft_or_hard_clipped	>10	1	5	9.83092770532384e-06
rna	unresolved	unresolved	.	unspliced	other	3-10	>=3	5	4.021005733954177e-05
gdna	rna	mrna	multimapper	spliced_annot	contains_N	3-10	2	5	4.707233605882159e-06
gdna	rna	nrna	multimapper	spliced_annot	other	3-10	2	5	3.7555497636632536e-06
rna	unresolved	unresolved	.	spliced_unannot	contains_N	2	1	5	4.021005733954177e-05
gdna	rna	mrna	unambig	spliced_annot	other	1	1	5	4.707233605882159e-06
rna	rna	nrna	ambig_same_strand	spliced_unannot	other	1	2	5	1.0078369400457962e-05
gdna	unresolved	unresolved	.	spliced_unannot	contains_N	3-10	0	5	1.6865567931134513e-05
gdna	unresolved	unresolved	.	spliced_unannot	all_M	>10	2	5	1.6865567931134513e-05
gdna	rna	mrna	ambig_same_strand	spliced_annot	other	1	2	5	4.707233605882159e-06
gdna	rna	nrna	unambig	spliced_unannot	all_M	1	>=3	5	3.7555497636632536e-06
gdna	rna	mrna	ambig_opp_strand	spliced_implicit	other	1	2	5	4.707233605882159e-06
gdna	rna	nrna	multimapper	spliced_annot	other	3-10	1	4	3.0044398109306027e-06
gdna	rna	nrna	multimapper	spliced_annot	contains_N	3-10	>=3	4	3.0044398109306027e-06
rna	unresolved	unresolved	.	spliced_unannot	all_M	2	>=3	4	3.216804587163341e-05
rna	unresolved	unresolved	.	spliced_unannot	soft_or_hard_clipped	3-10	>=3	4	3.216804587163341e-05
gdna	rna	mrna	multimapper	spliced_annot	soft_or_hard_clipped	2	2	4	3.7657868847057274e-06
rna	rna	nrna	multimapper	spliced_unannot	soft_or_hard_clipped	3-10	>=3	4	8.06269552036637e-06
rna	rna	mrna	multimapper	spliced_unannot	soft_or_hard_clipped	3-10	0	4	3.1102104632767345e-07
gdna	unresolved	unresolved	.	spliced_annot	contains_N	2	>=3	4	1.349245434490761e-05
gdna	rna	mrna	ambig_opp_strand	spliced_unannot	all_M	1	>=3	4	3.7657868847057274e-06
rna	unresolved	unresolved	.	spliced_unannot	all_M	2	2	4	3.216804587163341e-05
rna	unresolved	unresolved	.	spliced_annot	soft_or_hard_clipped	>10	1	4	3.216804587163341e-05
gdna	rna	mrna	multimapper	spliced_unannot	contains_N	>10	>=3	4	3.7657868847057274e-06
gdna	unresolved	unresolved	.	spliced_unannot	contains_N	2	1	4	1.349245434490761e-05
rna	unresolved	unresolved	.	spliced_unannot	soft_or_hard_clipped	3-10	0	4	3.216804587163341e-05
gdna	rna	mrna	unambig	spliced_annot	other	1	>=3	4	3.7657868847057274e-06
gdna	rna	mrna	multimapper	spliced_unannot	soft_or_hard_clipped	3-10	1	4	3.7657868847057274e-06
gdna	rna	mrna	ambig_opp_strand	spliced_unannot	soft_or_hard_clipped	1	>=3	4	3.7657868847057274e-06
gdna	rna	mrna	multimapper	spliced_annot	soft_or_hard_clipped	3-10	0	4	3.7657868847057274e-06
rna	rna	mrna	multimapper	unspliced	soft_or_hard_clipped	>10	2	4	3.1102104632767345e-07
gdna	unresolved	unresolved	.	spliced_unannot	other	1	>=3	4	1.349245434490761e-05
rna	rna	mrna	multimapper	unspliced	all_M	>10	>=3	4	3.1102104632767345e-07
rna	unresolved	unresolved	.	spliced_unannot	contains_N	>10	0	4	3.216804587163341e-05
rna	gdna	gdna	.	unknown	other	3-10	2	4	7.864742164259073e-06
rna	rna	mrna	multimapper	spliced_unannot	contains_N	>10	>=3	4	3.1102104632767345e-07
gdna	rna	mrna	ambig_opp_strand	spliced_implicit	other	1	>=3	4	3.7657868847057274e-06
gdna	unresolved	unresolved	.	spliced_unannot	soft_or_hard_clipped	3-10	1	4	1.349245434490761e-05
rna	gdna	gdna	.	unknown	contains_N	2	>=3	4	7.864742164259073e-06
rna	rna	nrna	multimapper	unspliced	other	>10	2	4	8.06269552036637e-06
rna	unresolved	unresolved	.	unspliced	other	3-10	1	4	3.216804587163341e-05
gdna	gdna	gdna	multimapper	unspliced	contains_N	2	1	4	2.5742250440305106e-07
rna	rna	mrna	multimapper	spliced_annot	soft_or_hard_clipped	>10	>=3	4	3.1102104632767345e-07
rna	gdna	gdna	.	unknown	soft_or_hard_clipped	3-10	0	3	5.898556623194305e-06
rna	rna	mrna	multimapper	spliced_unannot	all_M	>10	0	3	2.3326578474575507e-07
gdna	unresolved	unresolved	.	spliced_annot	contains_N	1	2	3	1.0119340758680708e-05
gdna	rna	mrna	multimapper	unspliced	other	>10	>=3	3	2.8243401635292955e-06
rna	gdna	gdna	multimapper	unspliced	other	>10	2	3	5.898556623194305e-06
gdna	rna	mrna	multimapper	unspliced	other	>10	1	3	2.8243401635292955e-06
rna	gdna	gdna	.	unknown	soft_or_hard_clipped	3-10	>=3	3	5.898556623194305e-06
rna	unresolved	unresolved	.	unspliced	contains_N	3-10	0	3	2.412603440372506e-05
rna	unresolved	unresolved	.	spliced_annot	other	1	1	3	2.412603440372506e-05
rna	unresolved	unresolved	.	unspliced	contains_N	2	>=3	3	2.412603440372506e-05
rna	unresolved	unresolved	.	unspliced	other	3-10	2	3	2.412603440372506e-05
gdna	rna	mrna	multimapper	spliced_unannot	other	3-10	>=3	3	2.8243401635292955e-06
rna	unresolved	unresolved	.	spliced_annot	soft_or_hard_clipped	>10	2	3	2.412603440372506e-05
rna	unresolved	unresolved	.	spliced_unannot	contains_N	2	>=3	3	2.412603440372506e-05
rna	gdna	gdna	.	unknown	contains_N	2	0	3	5.898556623194305e-06
rna	rna	nrna	ambig_opp_strand	spliced_implicit	soft_or_hard_clipped	1	2	3	6.047021640274777e-06
rna	rna	nrna	multimapper	spliced_unannot	all_M	>10	>=3	3	6.047021640274777e-06
gdna	rna	mrna	multimapper	spliced_unannot	contains_N	>10	0	3	2.8243401635292955e-06
gdna	unresolved	unresolved	.	unspliced	contains_N	3-10	0	3	1.0119340758680708e-05
rna	unresolved	unresolved	.	spliced_unannot	other	1	2	3	2.412603440372506e-05
gdna	rna	nrna	unambig	spliced_unannot	soft_or_hard_clipped	1	0	3	2.2533298581979522e-06
gdna	gdna	gdna	multimapper	unspliced	other	>10	2	3	1.930668783022883e-07
rna	unresolved	unresolved	.	spliced_unannot	soft_or_hard_clipped	3-10	2	3	2.412603440372506e-05
rna	gdna	gdna	.	unknown	soft_or_hard_clipped	3-10	1	3	5.898556623194305e-06
gdna	rna	nrna	multimapper	unspliced	other	>10	1	3	2.2533298581979522e-06
gdna	rna	mrna	multimapper	spliced_unannot	soft_or_hard_clipped	>10	0	3	2.8243401635292955e-06
rna	gdna	gdna	.	unknown	soft_or_hard_clipped	3-10	2	3	5.898556623194305e-06
rna	unresolved	unresolved	.	unspliced	other	2	2	3	2.412603440372506e-05
gdna	rna	mrna	multimapper	spliced_annot	contains_N	3-10	>=3	3	2.8243401635292955e-06
gdna	rna	nrna	multimapper	spliced_annot	other	3-10	>=3	3	2.2533298581979522e-06
rna	unresolved	unresolved	.	spliced_annot	other	1	>=3	3	2.412603440372506e-05
gdna	rna	nrna	multimapper	spliced_unannot	other	>10	>=3	3	2.2533298581979522e-06
rna	rna	nrna	multimapper	spliced_unannot	soft_or_hard_clipped	3-10	1	3	6.047021640274777e-06
rna	rna	mrna	multimapper	spliced_unannot	soft_or_hard_clipped	2	2	3	2.3326578474575507e-07
rna	rna	mrna	multimapper	spliced_annot	other	3-10	2	3	2.3326578474575507e-07
gdna	unresolved	unresolved	.	spliced_unannot	soft_or_hard_clipped	>10	>=3	3	1.0119340758680708e-05
gdna	unresolved	unresolved	.	spliced_annot	all_M	3-10	>=3	3	1.0119340758680708e-05
rna	unresolved	unresolved	.	unspliced	other	2	>=3	3	2.412603440372506e-05
gdna	unresolved	unresolved	.	spliced_annot	soft_or_hard_clipped	1	1	3	1.0119340758680708e-05
rna	rna	nrna	multimapper	spliced_unannot	other	3-10	1	3	6.047021640274777e-06
rna	rna	nrna	ambig_opp_strand	spliced_implicit	other	1	1	3	6.047021640274777e-06
gdna	unresolved	unresolved	.	spliced_annot	all_M	3-10	0	3	1.0119340758680708e-05
rna	unresolved	unresolved	.	spliced_unannot	contains_N	3-10	1	3	2.412603440372506e-05
gdna	unresolved	unresolved	.	spliced_annot	contains_N	3-10	0	3	1.0119340758680708e-05
rna	rna	nrna	multimapper	spliced_unannot	contains_N	>10	2	3	6.047021640274777e-06
gdna	rna	mrna	multimapper	spliced_unannot	soft_or_hard_clipped	3-10	2	3	2.8243401635292955e-06
rna	gdna	gdna	multimapper	unspliced	all_M	>10	>=3	3	5.898556623194305e-06
rna	gdna	gdna	.	unknown	all_M	>10	0	3	5.898556623194305e-06
rna	unresolved	unresolved	.	spliced_annot	all_M	>10	>=3	3	2.412603440372506e-05
rna	unresolved	unresolved	.	unspliced	other	2	1	3	2.412603440372506e-05
gdna	gdna	gdna	.	unknown	other	>10	>=3	3	1.930668783022883e-07
rna	unresolved	unresolved	.	spliced_unannot	soft_or_hard_clipped	2	1	2	1.6084022935816705e-05
rna	rna	nrna	multimapper	spliced_unannot	soft_or_hard_clipped	2	>=3	2	4.031347760183185e-06
gdna	rna	mrna	multimapper	spliced_unannot	soft_or_hard_clipped	>10	1	2	1.8828934423528637e-06
gdna	unresolved	unresolved	.	spliced_annot	contains_N	2	0	2	6.746227172453805e-06
gdna	rna	mrna	multimapper	unspliced	other	3-10	2	2	1.8828934423528637e-06
rna	rna	nrna	multimapper	spliced_annot	contains_N	3-10	>=3	2	4.031347760183185e-06
rna	unresolved	unresolved	.	spliced_annot	other	3-10	>=3	2	1.6084022935816705e-05
rna	rna	mrna	multimapper	spliced_annot	soft_or_hard_clipped	>10	2	2	1.5551052316383672e-07
rna	rna	nrna	multimapper	spliced_annot	contains_N	3-10	1	2	4.031347760183185e-06
gdna	unresolved	unresolved	.	unspliced	contains_N	3-10	1	2	6.746227172453805e-06
gdna	gdna	gdna	multimapper	unspliced	contains_N	3-10	2	2	1.2871125220152553e-07
rna	rna	nrna	multimapper	unspliced	other	>10	1	2	4.031347760183185e-06
gdna	rna	nrna	multimapper	spliced_unannot	other	>10	2	2	1.5022199054653013e-06
gdna	unresolved	unresolved	.	spliced_unannot	soft_or_hard_clipped	>10	2	2	6.746227172453805e-06
gdna	unresolved	unresolved	.	spliced_unannot	other	3-10	1	2	6.746227172453805e-06
rna	rna	nrna	multimapper	spliced_annot	soft_or_hard_clipped	3-10	1	2	4.031347760183185e-06
gdna	unresolved	unresolved	.	spliced_annot	contains_N	3-10	>=3	2	6.746227172453805e-06
gdna	rna	nrna	unambig	spliced_unannot	other	1	1	2	1.5022199054653013e-06
gdna	rna	mrna	ambig_opp_strand	spliced_unannot	soft_or_hard_clipped	1	1	2	1.8828934423528637e-06
rna	rna	mrna	multimapper	spliced_unannot	contains_N	>10	0	2	1.5551052316383672e-07
rna	unresolved	unresolved	.	spliced_unannot	all_M	3-10	2	2	1.6084022935816705e-05
gdna	rna	mrna	multimapper	spliced_unannot	other	2	1	2	1.8828934423528637e-06
rna	rna	nrna	ambig_opp_strand	spliced_unannot	soft_or_hard_clipped	1	2	2	4.031347760183185e-06
gdna	gdna	gdna	multimapper	unspliced	other	>10	1	2	1.2871125220152553e-07
gdna	gdna	gdna	multimapper	unspliced	contains_N	>10	2	2	1.2871125220152553e-07
gdna	gdna	gdna	multimapper	unspliced	other	>10	>=3	2	1.2871125220152553e-07
rna	unresolved	unresolved	.	spliced_unannot	contains_N	>10	>=3	2	1.6084022935816705e-05
rna	rna	nrna	multimapper	spliced_annot	soft_or_hard_clipped	2	2	2	4.031347760183185e-06
rna	rna	nrna	multimapper	spliced_unannot	other	2	>=3	2	4.031347760183185e-06
gdna	unresolved	unresolved	.	spliced_annot	all_M	2	2	2	6.746227172453805e-06
rna	rna	nrna	multimapper	spliced_unannot	soft_or_hard_clipped	>10	0	2	4.031347760183185e-06
rna	gdna	gdna	multimapper	unspliced	soft_or_hard_clipped	>10	>=3	2	3.9323710821295365e-06
rna	rna	nrna	multimapper	spliced_annot	other	2	1	2	4.031347760183185e-06
gdna	unresolved	unresolved	.	spliced_unannot	contains_N	>10	2	2	6.746227172453805e-06
gdna	rna	mrna	multimapper	spliced_unannot	other	3-10	2	2	1.8828934423528637e-06
gdna	unresolved	unresolved	.	spliced_annot	soft_or_hard_clipped	2	>=3	2	6.746227172453805e-06
rna	gdna	gdna	.	unknown	soft_or_hard_clipped	>10	0	2	3.9323710821295365e-06
rna	rna	mrna	multimapper	unspliced	all_M	>10	2	2	1.5551052316383672e-07
gdna	unresolved	unresolved	.	spliced_annot	all_M	3-10	1	2	6.746227172453805e-06
rna	unresolved	unresolved	.	unspliced	contains_N	3-10	>=3	2	1.6084022935816705e-05
gdna	rna	nrna	multimapper	spliced_unannot	soft_or_hard_clipped	>10	2	2	1.5022199054653013e-06
rna	unresolved	unresolved	.	spliced_unannot	soft_or_hard_clipped	2	0	2	1.6084022935816705e-05
rna	gdna	gdna	multimapper	unspliced	contains_N	2	0	2	3.9323710821295365e-06
gdna	rna	nrna	ambig_opp_strand	spliced_unannot	soft_or_hard_clipped	1	2	2	1.5022199054653013e-06
gdna	rna	mrna	multimapper	spliced_unannot	all_M	>10	>=3	2	1.8828934423528637e-06
rna	rna	nrna	unambig	spliced_unannot	soft_or_hard_clipped	1	0	2	4.031347760183185e-06
gdna	rna	nrna	multimapper	spliced_annot	soft_or_hard_clipped	3-10	0	2	1.5022199054653013e-06
rna	rna	mrna	ambig_opp_strand	spliced_unannot	soft_or_hard_clipped	1	2	2	1.5551052316383672e-07
gdna	rna	mrna	unambig	spliced_annot	other	1	2	2	1.8828934423528637e-06
rna	unresolved	unresolved	.	spliced_annot	other	1	2	2	1.6084022935816705e-05
gdna	unresolved	unresolved	.	spliced_unannot	soft_or_hard_clipped	>10	0	2	6.746227172453805e-06
gdna	rna	nrna	ambig_opp_strand	spliced_unannot	soft_or_hard_clipped	1	1	2	1.5022199054653013e-06
gdna	rna	nrna	unambig	spliced_unannot	soft_or_hard_clipped	1	1	2	1.5022199054653013e-06
rna	rna	nrna	multimapper	spliced_unannot	other	3-10	>=3	2	4.031347760183185e-06
gdna	rna	nrna	ambig_opp_strand	spliced_unannot	soft_or_hard_clipped	1	0	2	1.5022199054653013e-06
gdna	rna	nrna	multimapper	unspliced	contains_N	2	1	2	1.5022199054653013e-06
gdna	unresolved	unresolved	.	spliced_annot	contains_N	2	2	1	3.3731135862269026e-06
gdna	rna	mrna	multimapper	unspliced	contains_N	2	1	1	9.414467211764318e-07
gdna	rna	mrna	ambig_opp_strand	spliced_unannot	soft_or_hard_clipped	1	2	1	9.414467211764318e-07
gdna	unresolved	unresolved	.	unspliced	contains_N	2	2	1	3.3731135862269026e-06
gdna	unresolved	unresolved	.	spliced_annot	all_M	1	>=3	1	3.3731135862269026e-06
gdna	rna	mrna	multimapper	unspliced	other	>10	2	1	9.414467211764318e-07
gdna	rna	mrna	multimapper	spliced_unannot	all_M	>10	2	1	9.414467211764318e-07
gdna	unresolved	unresolved	.	spliced_unannot	contains_N	>10	0	1	3.3731135862269026e-06
rna	unresolved	unresolved	.	spliced_annot	all_M	>10	1	1	8.042011467908353e-06
gdna	unresolved	unresolved	.	spliced_annot	contains_N	3-10	2	1	3.3731135862269026e-06
gdna	rna	nrna	multimapper	unspliced	contains_N	2	2	1	7.511099527326507e-07
rna	gdna	gdna	.	unknown	contains_N	2	2	1	1.9661855410647682e-06
rna	rna	mrna	multimapper	unspliced	other	>10	>=3	1	7.775526158191836e-08
rna	rna	mrna	multimapper	unspliced	contains_N	2	>=3	1	7.775526158191836e-08
gdna	rna	mrna	multimapper	spliced_annot	soft_or_hard_clipped	3-10	1	1	9.414467211764318e-07
rna	gdna	gdna	.	unknown	contains_N	3-10	>=3	1	1.9661855410647682e-06
gdna	unresolved	unresolved	.	spliced_unannot	other	3-10	2	1	3.3731135862269026e-06
gdna	unresolved	unresolved	.	spliced_unannot	other	3-10	>=3	1	3.3731135862269026e-06
rna	gdna	gdna	.	unknown	contains_N	>10	2	1	1.9661855410647682e-06
gdna	rna	nrna	multimapper	spliced_annot	contains_N	>10	0	1	7.511099527326507e-07
gdna	rna	mrna	multimapper	unspliced	contains_N	3-10	0	1	9.414467211764318e-07
rna	unresolved	unresolved	.	unspliced	contains_N	2	0	1	8.042011467908353e-06
rna	rna	nrna	multimapper	spliced_unannot	soft_or_hard_clipped	>10	1	1	2.0156738800915924e-06
gdna	unresolved	unresolved	.	unspliced	other	>10	2	1	3.3731135862269026e-06
gdna	unresolved	unresolved	.	spliced_annot	soft_or_hard_clipped	3-10	2	1	3.3731135862269026e-06
gdna	rna	mrna	multimapper	spliced_annot	other	3-10	1	1	9.414467211764318e-07
gdna	rna	nrna	unambig	spliced_unannot	soft_or_hard_clipped	1	>=3	1	7.511099527326507e-07
rna	unresolved	unresolved	.	spliced_unannot	other	1	>=3	1	8.042011467908353e-06
gdna	rna	mrna	multimapper	spliced_annot	contains_N	>10	0	1	9.414467211764318e-07
rna	rna	nrna	ambig_opp_strand	spliced_implicit	other	1	2	1	2.0156738800915924e-06
rna	gdna	gdna	.	unknown	contains_N	3-10	2	1	1.9661855410647682e-06
rna	unresolved	unresolved	.	spliced_unannot	contains_N	2	2	1	8.042011467908353e-06
gdna	rna	nrna	unambig	spliced_unannot	other	1	>=3	1	7.511099527326507e-07
gdna	rna	nrna	multimapper	spliced_annot	soft_or_hard_clipped	3-10	2	1	7.511099527326507e-07
gdna	unresolved	unresolved	.	spliced_annot	other	2	1	1	3.3731135862269026e-06
rna	unresolved	unresolved	.	unspliced	other	>10	1	1	8.042011467908353e-06
rna	rna	nrna	multimapper	unspliced	contains_N	2	2	1	2.0156738800915924e-06
rna	gdna	gdna	multimapper	unspliced	other	>10	1	1	1.9661855410647682e-06
rna	rna	nrna	multimapper	spliced_annot	soft_or_hard_clipped	2	>=3	1	2.0156738800915924e-06
gdna	rna	mrna	multimapper	spliced_unannot	other	2	2	1	9.414467211764318e-07
gdna	unresolved	unresolved	.	unspliced	contains_N	>10	>=3	1	3.3731135862269026e-06
rna	rna	nrna	multimapper	unspliced	contains_N	2	>=3	1	2.0156738800915924e-06
rna	rna	mrna	multimapper	unspliced	other	>10	1	1	7.775526158191836e-08
rna	rna	mrna	multimapper	unspliced	contains_N	2	2	1	7.775526158191836e-08
gdna	unresolved	unresolved	.	spliced_unannot	contains_N	>10	1	1	3.3731135862269026e-06
rna	rna	mrna	multimapper	spliced_annot	all_M	>10	2	1	7.775526158191836e-08
gdna	unresolved	unresolved	.	spliced_annot	contains_N	3-10	1	1	3.3731135862269026e-06
gdna	unresolved	unresolved	.	unspliced	contains_N	3-10	2	1	3.3731135862269026e-06
gdna	unresolved	unresolved	.	spliced_annot	contains_N	2	1	1	3.3731135862269026e-06
gdna	unresolved	unresolved	.	spliced_annot	soft_or_hard_clipped	2	0	1	3.3731135862269026e-06
rna	rna	nrna	multimapper	spliced_unannot	soft_or_hard_clipped	3-10	2	1	2.0156738800915924e-06
gdna	rna	nrna	multimapper	spliced_annot	soft_or_hard_clipped	>10	0	1	7.511099527326507e-07
gdna	rna	nrna	unambig	spliced_unannot	soft_or_hard_clipped	1	2	1	7.511099527326507e-07
rna	rna	nrna	multimapper	unspliced	contains_N	2	0	1	2.0156738800915924e-06
rna	gdna	gdna	.	unknown	soft_or_hard_clipped	>10	>=3	1	1.9661855410647682e-06
gdna	rna	mrna	multimapper	unspliced	contains_N	2	0	1	9.414467211764318e-07
gdna	rna	mrna	multimapper	spliced_annot	all_M	3-10	2	1	9.414467211764318e-07
rna	rna	nrna	unambig	spliced_unannot	all_M	1	2	1	2.0156738800915924e-06
rna	rna	nrna	multimapper	spliced_annot	other	2	>=3	1	2.0156738800915924e-06
rna	rna	mrna	multimapper	spliced_unannot	other	2	2	1	7.775526158191836e-08
rna	gdna	gdna	multimapper	unspliced	contains_N	2	2	1	1.9661855410647682e-06
rna	unresolved	unresolved	.	spliced_unannot	contains_N	3-10	2	1	8.042011467908353e-06
gdna	unresolved	unresolved	.	spliced_annot	all_M	2	>=3	1	3.3731135862269026e-06
gdna	rna	mrna	multimapper	unspliced	contains_N	3-10	1	1	9.414467211764318e-07
rna	unresolved	unresolved	.	spliced_unannot	all_M	2	1	1	8.042011467908353e-06
rna	rna	mrna	multimapper	spliced_unannot	other	3-10	1	1	7.775526158191836e-08
gdna	unresolved	unresolved	.	spliced_annot	other	2	>=3	1	3.3731135862269026e-06
gdna	rna	mrna	multimapper	spliced_annot	contains_N	>10	>=3	1	9.414467211764318e-07
rna	rna	mrna	ambig_opp_strand	spliced_unannot	other	1	2	1	7.775526158191836e-08
rna	unresolved	unresolved	.	unspliced	contains_N	>10	0	1	8.042011467908353e-06
rna	rna	mrna	multimapper	unspliced	contains_N	3-10	0	1	7.775526158191836e-08
rna	rna	nrna	unambig	spliced_unannot	all_M	1	>=3	1	2.0156738800915924e-06
gdna	rna	nrna	multimapper	unspliced	contains_N	3-10	>=3	1	7.511099527326507e-07
rna	rna	mrna	multimapper	spliced_unannot	other	2	>=3	1	7.775526158191836e-08
rna	rna	mrna	multimapper	unspliced	other	3-10	2	1	7.775526158191836e-08
gdna	unresolved	unresolved	.	unspliced	contains_N	>10	2	1	3.3731135862269026e-06
rna	gdna	gdna	.	unknown	contains_N	3-10	1	1	1.9661855410647682e-06
gdna	unresolved	unresolved	.	spliced_annot	soft_or_hard_clipped	>10	>=3	1	3.3731135862269026e-06
gdna	rna	mrna	ambig_opp_strand	spliced_unannot	soft_or_hard_clipped	1	0	1	9.414467211764318e-07
gdna	rna	mrna	multimapper	spliced_annot	all_M	3-10	>=3	1	9.414467211764318e-07
rna	gdna	gdna	multimapper	unspliced	contains_N	2	>=3	1	1.9661855410647682e-06
rna	gdna	gdna	multimapper	unspliced	soft_or_hard_clipped	>10	2	1	1.9661855410647682e-06
rna	rna	nrna	multimapper	spliced_annot	all_M	3-10	>=3	1	2.0156738800915924e-06
rna	rna	nrna	multimapper	spliced_unannot	all_M	>10	2	1	2.0156738800915924e-06
rna	unresolved	unresolved	.	spliced_unannot	soft_or_hard_clipped	2	>=3	1	8.042011467908353e-06
gdna	rna	mrna	multimapper	spliced_unannot	soft_or_hard_clipped	>10	2	1	9.414467211764318e-07
gdna	rna	nrna	multimapper	spliced_annot	soft_or_hard_clipped	3-10	1	1	7.511099527326507e-07
rna	unresolved	unresolved	.	spliced_unannot	all_M	>10	>=3	1	8.042011467908353e-06
gdna	unresolved	unresolved	.	spliced_annot	soft_or_hard_clipped	2	2	1	3.3731135862269026e-06
gdna	unresolved	unresolved	.	spliced_annot	all_M	2	1	1	3.3731135862269026e-06
gdna	rna	mrna	multimapper	unspliced	contains_N	2	2	1	9.414467211764318e-07
rna	rna	nrna	multimapper	spliced_unannot	other	>10	1	1	2.0156738800915924e-06
rna	rna	nrna	ambig_opp_strand	spliced_unannot	soft_or_hard_clipped	1	>=3	1	2.0156738800915924e-06
gdna	unresolved	unresolved	.	spliced_annot	contains_N	>10	1	1	3.3731135862269026e-06
gdna	rna	mrna	multimapper	unspliced	other	3-10	1	1	9.414467211764318e-07
gdna	rna	nrna	multimapper	unspliced	contains_N	2	0	1	7.511099527326507e-07
rna	rna	nrna	ambig_opp_strand	spliced_unannot	other	1	1	1	2.0156738800915924e-06
gdna	rna	mrna	multimapper	spliced_annot	other	3-10	>=3	1	9.414467211764318e-07
rna	rna	mrna	multimapper	spliced_unannot	soft_or_hard_clipped	>10	0	1	7.775526158191836e-08
gdna	rna	mrna	ambig_opp_strand	spliced_unannot	other	1	>=3	1	9.414467211764318e-07
