qname	chrom	pos	end	is_reverse	tlen	cigar	mapq	nm	zf	zw	zc	zs	zl	zn	zt	zr	zg	pred
A00839:75:H7MFFDSXY:3:1244:30129:7764	chr1	152351318	152351466	True	-374	149M	255	0	5	0.8575143218040466	ambig_opp_strand	unspliced	-1	12	.	.	.	mrna
A00839:75:H7MFFDSXY:3:1436:25536:12712	chr1	152350515	152350664	False	357	150M	255	0	25	0.06421361863613129	ambig_opp_strand	unspliced	1437	12	RIGEL_NRNA_chr1_2_152348734_152360006		RIGEL_NRNA_chr1_2_152348734_152360006	nrna
A00839:75:H7MFFDSXY:3:2130:1289:21762	chr1	152353414	152353563	True	-177	150M	255	1	25	0.798764705657959	ambig_opp_strand	unspliced	1437	12	RIGEL_NRNA_chr1_1_152335378_152364080		RIGEL_NRNA_chr1_1_152335378_152364080	nrna
A00839:75:H7MFFDSXY:3:2674:3161:10441	chr1	152351849	152351998	True	-282	150M	255	0	5	0.18171168863773346	ambig_opp_strand	unspliced	-1	12	.	.	.	mrna
A00839:75:H7MFFDSXY:3:1350:16432:18302	chr1	152355241	152355344	True	-335	104M	255	0	5	0.47509104013442993	ambig_opp_strand	unspliced	-1	12	.	.	.	mrna
A00839:75:H7MFFDSXY:3:1444:14199:16752	chr1	152354690	152354839	True	-356	150M	255	0	5	0.690138578414917	ambig_opp_strand	unspliced	-1	12	.	.	.	mrna
A00839:75:H7MFFDSXY:3:1212:11505:14935	chr1	152353745	152353894	False	391	150M	255	0	3	0.20437195897102356	ambig_opp_strand	unspliced	1437	12	ENST00000388718.5	FLG2	ENSG00000143520.6	mrna
A00839:75:H7MFFDSXY:3:2653:9552:11710	chr1	152355518	152355666	False	380	149M	255	1	3	0.3049459755420685	ambig_opp_strand	unspliced	1437	12	ENST00000388718.5	FLG2	ENSG00000143520.6	mrna
A00839:75:H7MFFDSXY:3:1575:23231:1329	chr1	152355025	152355129	False	336	105M	255	0	3	0.7415010929107666	ambig_opp_strand	unspliced	1437	12	ENST00000388718.5	FLG2	ENSG00000143520.6	mrna
A00839:75:H7MFFDSXY:3:2460:13259:18067	chr1	152354270	152354419	True	-376	150M	255	0	5	0.8684737086296082	ambig_opp_strand	unspliced	-1	12	.	.	.	mrna
A00839:75:H7MFFDSXY:3:2340:29279:21699	chr1	152354513	152354662	True	-295	150M	255	0	25	0.713703989982605	ambig_opp_strand	unspliced	1437	12	RIGEL_NRNA_chr1_1_152335378_152364080		RIGEL_NRNA_chr1_1_152335378_152364080	nrna
A00839:75:H7MFFDSXY:3:2320:16477:9549	chr1	152356451	152356600	False	348	150M	255	0	3	0.6638316512107849	ambig_opp_strand	unspliced	1437	12	ENST00000388718.5	FLG2	ENSG00000143520.6	mrna
A00839:75:H7MFFDSXY:3:1135:27841:23876	chr1	152353794	152353943	False	410	150M	255	0	5	0.7620163559913635	ambig_opp_strand	unspliced	-1	12	.	.	.	mrna
A00839:75:H7MFFDSXY:3:2167:10782:24424	chr1	152352893	152353042	True	-249	150M	255	0	25	0.8119003176689148	ambig_opp_strand	unspliced	1437	12	RIGEL_NRNA_chr1_1_152335378_152364080		RIGEL_NRNA_chr1_1_152335378_152364080	nrna
A00839:75:H7MFFDSXY:3:2540:30825:19398	chr1	152356877	152357026	False	240	150M	255	0	3	0.8755958676338196	ambig_opp_strand	unspliced	1437	12	ENST00000388718.5	FLG2	ENSG00000143520.6	mrna
A00839:75:H7MFFDSXY:3:2350:27543:29747	chr1	152355322	152355471	False	407	150M	255	0	5	0.7572895288467407	ambig_opp_strand	unspliced	-1	12	.	.	.	mrna
A00839:75:H7MFFDSXY:3:1415:19208:12242	chr1	152350957	152351106	False	325	150M	255	0	3	0.7824770212173462	ambig_opp_strand	unspliced	1437	12	ENST00000388718.5	FLG2	ENSG00000143520.6	mrna
A00839:75:H7MFFDSXY:3:2277:27462:34147	chr1	152350734	152350883	False	234	150M	255	0	3	0.8759640455245972	ambig_opp_strand	unspliced	1437	12	ENST00000388718.5	FLG2	ENSG00000143520.6	mrna
A00839:75:H7MFFDSXY:3:1531:24153:13135	chr1	152352877	152353026	True	-395	150M	255	0	5	0.9340923428535461	ambig_opp_strand	unspliced	-1	12	.	.	.	mrna
A00839:75:H7MFFDSXY:3:2332:26313:34287	chr1	152355006	152355155	False	261	150M	255	0	3	0.8690878748893738	ambig_opp_strand	unspliced	1437	12	ENST00000388718.5	FLG2	ENSG00000143520.6	mrna
A00839:75:H7MFFDSXY:3:1252:29866:24815	chr1	152355797	152355946	True	-184	150M	255	2	5	0.12094254791736603	ambig_opp_strand	unspliced	-1	12	.	.	.	mrna
A00839:75:H7MFFDSXY:3:2459:21151:29324	chr1	152356199	152356348	False	300	150M	255	0	3	0.8364787697792053	ambig_opp_strand	unspliced	1437	12	ENST00000388718.5	FLG2	ENSG00000143520.6	mrna
A00839:75:H7MFFDSXY:3:1338:31114:36652	chr1	152354227	152354376	True	-356	150M	255	0	5	0.690138578414917	ambig_opp_strand	unspliced	-1	12	.	.	.	mrna
A00839:75:H7MFFDSXY:3:1178:18530:17394	chr1	152350734	152350883	True	-311	150M	255	0	25	0.05115044116973877	ambig_opp_strand	unspliced	1437	12	RIGEL_NRNA_chr1_1_152189332_152365557		RIGEL_NRNA_chr1_1_152189332_152365557	nrna
A00839:75:H7MFFDSXY:3:2578:20085:32643	chr1	152351907	152351991	False	310	85M	255	0	3	0.8198214769363403	ambig_opp_strand	unspliced	1437	12	ENST00000388718.5	FLG2	ENSG00000143520.6	mrna
A00839:75:H7MFFDSXY:3:1247:21441:7968	chr1	152357323	152357472	False	330	150M	255	1	5	0.6374111175537109	ambig_opp_strand	unspliced	-1	12	.	.	.	mrna
A00839:75:H7MFFDSXY:3:1614:1904:14403	chr1	152356369	152356518	False	372	150M	255	0	5	0.5482625961303711	ambig_opp_strand	unspliced	-1	12	.	.	.	mrna
A00839:75:H7MFFDSXY:3:1461:23800:18505	chr1	152353224	152353373	True	-287	150M	255	0	25	0.7398525476455688	ambig_opp_strand	unspliced	1437	12	RIGEL_NRNA_chr1_1_152335378_152364080		RIGEL_NRNA_chr1_1_152335378_152364080	nrna
A00839:75:H7MFFDSXY:3:2437:5791:5008	chr1	152351460	152351609	True	-256	150M	255	0	25	0.8027465343475342	ambig_opp_strand	unspliced	1437	12	RIGEL_NRNA_chr1_1_152335378_152364080		RIGEL_NRNA_chr1_1_152335378_152364080	nrna
A00839:75:H7MFFDSXY:3:2518:22887:30013	chr1	152354119	152354268	False	391	150M	255	0	5	0.7731271982192993	ambig_opp_strand	unspliced	-1	12	.	.	.	mrna
A00839:75:H7MFFDSXY:3:1335:32985:28902	chr1	152352408	152352557	True	-289	150M	255	0	25	0.7344013452529907	ambig_opp_strand	unspliced	1437	12	RIGEL_NRNA_chr1_1_152335378_152364080		RIGEL_NRNA_chr1_1_152335378_152364080	nrna
A00839:75:H7MFFDSXY:3:1328:21748:9095	chr1	152355274	152355423	True	-352	150M	255	1	25	0.3219101130962372	ambig_opp_strand	unspliced	1437	12	RIGEL_NRNA_chr1_1_152335378_152364080		RIGEL_NRNA_chr1_1_152335378_152364080	nrna
A00839:75:H7MFFDSXY:3:2264:27679:26725	chr1	152351118	152351267	True	-313	150M	255	0	25	0.6313621997833252	ambig_opp_strand	unspliced	1437	12	RIGEL_NRNA_chr1_1_152335378_152364080		RIGEL_NRNA_chr1_1_152335378_152364080	nrna
A00839:75:H7MFFDSXY:3:1316:16830:24314	chr1	152353119	152353268	False	208	150M	255	0	3	0.8767197132110596	ambig_opp_strand	unspliced	1437	12	ENST00000388718.5	FLG2	ENSG00000143520.6	mrna
A00839:75:H7MFFDSXY:3:2540:22426:10019	chr1	152357533	152357682	False	321	150M	255	0	25	0.42392095923423767	ambig_opp_strand	unspliced	1437	12	RIGEL_NRNA_chr1_2_152348734_152360006		RIGEL_NRNA_chr1_2_152348734_152360006	nrna
A00839:75:H7MFFDSXY:3:1468:4969:26130	chr1	152356735	152356884	False	320	150M	255	0	3	0.7966775298118591	ambig_opp_strand	unspliced	1437	12	ENST00000388718.5	FLG2	ENSG00000143520.6	mrna
A00839:75:H7MFFDSXY:3:1504:21938:18223	chr1	152353597	152353746	False	325	150M	255	0	3	0.7824770212173462	ambig_opp_strand	unspliced	1437	12	ENST00000388718.5	FLG2	ENSG00000143520.6	mrna
A00839:75:H7MFFDSXY:3:2638:31376:11271	chr1	152357285	152357434	True	-335	150M	255	1	25	0.4823647737503052	ambig_opp_strand	unspliced	1437	12	RIGEL_NRNA_chr1_1_152335378_152364080		RIGEL_NRNA_chr1_1_152335378_152364080	nrna
A00839:75:H7MFFDSXY:3:1467:30020:5635	chr1	152351365	152351514	True	-438	150M	255	0	5	0.9284497499465942	ambig_opp_strand	unspliced	-1	12	.	.	.	mrna
A00839:75:H7MFFDSXY:3:1411:3586:28432	chr1	152351848	152351997	False	281	150M	255	0	3	0.856623113155365	ambig_opp_strand	unspliced	1437	12	ENST00000388718.5	FLG2	ENSG00000143520.6	mrna
A00839:75:H7MFFDSXY:3:1521:13865:26944	chr1	152353785	152353934	True	-189	150M	255	1	25	0.8120765686035156	ambig_opp_strand	unspliced	1437	12	RIGEL_NRNA_chr1_1_152335378_152364080		RIGEL_NRNA_chr1_1_152335378_152364080	nrna
A00839:75:H7MFFDSXY:3:1535:22299:19570	chr1	152356864	152357012	False	393	149M	255	0	5	0.765766978263855	ambig_opp_strand	unspliced	-1	12	.	.	.	mrna
A00839:75:H7MFFDSXY:3:2575:12274:7185	chr1	152355090	152355239	False	197	150M	255	0	3	0.875155508518219	ambig_opp_strand	unspliced	1437	12	ENST00000388718.5	FLG2	ENSG00000143520.6	mrna
A00839:75:H7MFFDSXY:3:1349:29098:10113	chr1	152352098	152352247	True	-349	150M	255	1	25	0.3463674783706665	ambig_opp_strand	unspliced	1437	12	RIGEL_NRNA_chr1_1_152335378_152364080		RIGEL_NRNA_chr1_1_152335378_152364080	nrna
A00839:75:H7MFFDSXY:3:2235:20229:5995	chr1	152353354	152353503	False	356	150M	255	0	5	0.3442799746990204	ambig_opp_strand	unspliced	-1	12	.	.	.	mrna
A00839:75:H7MFFDSXY:3:1355:23692:16971	chr1	152351677	152351826	False	414	150M	255	0	5	0.7759493589401245	ambig_opp_strand	unspliced	-1	12	.	.	.	mrna
A00839:75:H7MFFDSXY:3:2465:24279:33552	chr1	152356628	152356777	False	429	150M	255	0	5	0.7595534920692444	ambig_opp_strand	unspliced	-1	12	.	.	.	mrna
A00839:75:H7MFFDSXY:3:1601:22607:1470	chr1	152355020	152355155	True	-367	136M	3	0	128	0.0	.	unknown	-1	0	.	.	.	mrna
A00839:75:H7MFFDSXY:3:1601:9851:28792	chr1	152356378	152356527	True	-175	150M	255	0	25	0.795405387878418	ambig_opp_strand	unspliced	1437	12	RIGEL_NRNA_chr1_1_152335378_152364080		RIGEL_NRNA_chr1_1_152335378_152364080	nrna
A00839:75:H7MFFDSXY:3:1573:5719:29434	chr1	152353213	152353362	False	381	150M	255	0	5	0.6684404015541077	ambig_opp_strand	unspliced	-1	12	.	.	.	mrna
A00839:75:H7MFFDSXY:3:1527:29731:32816	chr1	152354127	152354276	False	312	150M	255	0	3	0.8142598867416382	ambig_opp_strand	unspliced	1437	12	ENST00000388718.5	FLG2	ENSG00000143520.6	mrna
A00839:75:H7MFFDSXY:3:1476:15329:21245	chr1	152354602	152354751	False	346	150M	255	0	3	0.6764441728591919	ambig_opp_strand	unspliced	1437	12	ENST00000388718.5	FLG2	ENSG00000143520.6	mrna
A00839:75:H7MFFDSXY:3:1203:8938:4820	chr1	152355739	152355888	False	372	150M	255	0	3	0.406935453414917	ambig_opp_strand	unspliced	1437	12	ENST00000388718.5	FLG2	ENSG00000143520.6	mrna
A00839:75:H7MFFDSXY:3:2338:1054:34444	chr1	152351673	152351822	True	-387	150M	255	0	5	0.9218645095825195	ambig_opp_strand	unspliced	-1	12	.	.	.	mrna
A00839:75:H7MFFDSXY:3:1405:16179:6496	chr1	152350724	152350873	False	371	150M	255	1	3	0.4056529104709625	ambig_opp_strand	unspliced	1437	12	ENST00000388718.5	FLG2	ENSG00000143520.6	mrna
A00839:75:H7MFFDSXY:3:1412:2428:21574	chr1	152353150	152353299	False	386	150M	255	0	5	0.7260953187942505	ambig_opp_strand	unspliced	-1	12	.	.	.	mrna
A00839:75:H7MFFDSXY:3:1525:5629:8923	chr1	152351638	152351787	False	390	150M	255	0	3	0.2324562668800354	ambig_opp_strand	unspliced	1437	12	ENST00000388718.5	FLG2	ENSG00000143520.6	mrna
A00839:75:H7MFFDSXY:3:1653:6271:8030	chr1	152352911	152353060	True	-236	150M	255	0	25	0.820188045501709	ambig_opp_strand	unspliced	1437	12	RIGEL_NRNA_chr1_1_152335378_152364080		RIGEL_NRNA_chr1_1_152335378_152364080	nrna
A00839:75:H7MFFDSXY:3:1427:2663:35415	chr1	152353441	152353590	True	-338	150M	255	1	5	0.4983070492744446	ambig_opp_strand	unspliced	-1	12	.	.	.	mrna
A00839:75:H7MFFDSXY:3:2648:4345:26271	chr1	152350455	152350604	False	337	150M	255	0	3	0.732475996017456	ambig_opp_strand	unspliced	1437	12	ENST00000388718.5	FLG2	ENSG00000143520.6	mrna
A00839:75:H7MFFDSXY:3:1255:22959:33051	chr1	152357131	152357280	True	-283	150M	255	0	25	0.7493870258331299	ambig_opp_strand	unspliced	1437	12	RIGEL_NRNA_chr1_1_152335378_152364080		RIGEL_NRNA_chr1_1_152335378_152364080	nrna
A00839:75:H7MFFDSXY:3:1127:5312:27821	chr1	152350908	152351057	True	-357	150M	255	1	5	0.6967925429344177	ambig_opp_strand	unspliced	-1	12	.	.	.	mrna
A00839:75:H7MFFDSXY:3:2151:3378:3176	chr1	152353804	152353953	False	197	150M	255	0	3	0.875155508518219	ambig_opp_strand	unspliced	1437	12	ENST00000388718.5	FLG2	ENSG00000143520.6	mrna
A00839:75:H7MFFDSXY:3:2610:4915:10942	chr1	152350655	152350804	False	418	150M	255	0	5	0.7819684743881226	ambig_opp_strand	unspliced	-1	12	.	.	.	mrna
A00839:75:H7MFFDSXY:3:2458:19515:30937	chr1	152352100	152352249	False	383	150M	255	0	5	0.7054384350776672	ambig_opp_strand	unspliced	-1	12	.	.	.	mrna
A00839:75:H7MFFDSXY:3:1241:10474:25332	chr1	152354811	152354918	True	-339	108M	255	0	25	0.03621024265885353	ambig_opp_strand	unspliced	1437	12	RIGEL_NRNA_chr1_1_152189332_152365557		RIGEL_NRNA_chr1_1_152189332_152365557	nrna
A00839:75:H7MFFDSXY:3:1171:14561:25989	chr1	152352191	152352340	False	286	150M	255	0	3	0.852739691734314	ambig_opp_strand	unspliced	1437	12	ENST00000388718.5	FLG2	ENSG00000143520.6	mrna
A00839:75:H7MFFDSXY:3:2610:9435:30765	chr1	152353557	152353706	False	370	150M	255	0	3	0.42486053705215454	ambig_opp_strand	unspliced	1437	12	ENST00000388718.5	FLG2	ENSG00000143520.6	mrna
A00839:75:H7MFFDSXY:3:2202:8223:11224	chr1	152350586	152350735	True	-350	150M	255	0	25	0.34074339270591736	ambig_opp_strand	unspliced	1437	12	RIGEL_NRNA_chr1_1_152335378_152364080		RIGEL_NRNA_chr1_1_152335378_152364080	nrna
A00839:75:H7MFFDSXY:3:2612:2989:1846	chr1	152354579	152354724	True	-211	146M	255	0	5	0.10486925393342972	ambig_opp_strand	unspliced	-1	12	.	.	.	mrna
A00839:75:H7MFFDSXY:3:1145:24614:9330	chr1	152351253	152351402	False	576	150M	255	1	3	0.552334725856781	ambig_opp_strand	unspliced	1437	12	ENST00000388718.5	FLG2	ENSG00000143520.6	mrna
A00839:75:H7MFFDSXY:3:1635:13376:11945	chr1	152357346	152357495	False	268	150M	255	0	3	0.865267813205719	ambig_opp_strand	unspliced	1437	12	ENST00000388718.5	FLG2	ENSG00000143520.6	mrna
A00839:75:H7MFFDSXY:3:2164:16712:31782	chr1	152357018	152357167	True	-423	150M	255	0	5	0.935839831829071	ambig_opp_strand	unspliced	-1	12	.	.	.	mrna
A00839:75:H7MFFDSXY:3:2578:29948:4539	chr1	152352889	152353038	True	-305	150M	255	0	25	0.672765851020813	ambig_opp_strand	unspliced	1437	12	RIGEL_NRNA_chr1_1_152335378_152364080		RIGEL_NRNA_chr1_1_152335378_152364080	nrna
A00839:75:H7MFFDSXY:3:1375:19524:34303	chr1	152357227	152357376	False	323	150M	255	0	3	0.7879531979560852	ambig_opp_strand	unspliced	1437	12	ENST00000388718.5	FLG2	ENSG00000143520.6	mrna
A00839:75:H7MFFDSXY:3:1375:12861:23328	chr1	152353823	152353972	True	-443	150M	255	0	5	0.9468745589256287	ambig_opp_strand	unspliced	-1	12	.	.	.	mrna
A00839:75:H7MFFDSXY:3:2171:13232:30201	chr1	152350376	152350525	False	342	150M	255	0	3	0.7070009708404541	ambig_opp_strand	unspliced	1437	12	ENST00000388718.5	FLG2	ENSG00000143520.6	mrna
A00839:75:H7MFFDSXY:3:2208:3558:32393	chr1	152354252	152354401	False	277	150M	255	0	3	0.8593738079071045	ambig_opp_strand	unspliced	1437	12	ENST00000388718.5	FLG2	ENSG00000143520.6	mrna
A00839:75:H7MFFDSXY:3:1154:2456:32111	chr1	152355940	152356089	False	449	150M	255	0	5	0.7547329068183899	ambig_opp_strand	unspliced	-1	12	.	.	.	mrna
A00839:75:H7MFFDSXY:3:2123:21178:4633	chr1	152351607	152351756	False	338	150M	255	1	3	0.7299171090126038	ambig_opp_strand	unspliced	1437	12	ENST00000388718.5	FLG2	ENSG00000143520.6	mrna
A00839:75:H7MFFDSXY:3:2333:17074:25645	chr1	152354045	152354181	False	137	137M	255	0	25	0.09026344865560532	ambig_opp_strand	unspliced	1437	12	RIGEL_NRNA_chr1_2_152348734_152360006		RIGEL_NRNA_chr1_2_152348734_152360006	nrna
A00839:75:H7MFFDSXY:3:2515:29297:21574	chr1	152356622	152356771	False	255	150M	255	0	3	0.871295154094696	ambig_opp_strand	unspliced	1437	12	ENST00000388718.5	FLG2	ENSG00000143520.6	mrna
A00839:75:H7MFFDSXY:3:2214:7346:13275	chr1	152356122	152356271	True	-442	150M	255	0	5	0.9324852824211121	ambig_opp_strand	unspliced	-1	12	.	.	.	mrna
A00839:75:H7MFFDSXY:3:1135:21847:21919	chr1	152352358	152352399	True	-273	42M	255	0	5	0.15841415524482727	ambig_opp_strand	unspliced	-1	12	.	.	.	mrna
A00839:75:H7MFFDSXY:3:1402:12373:33066	chr1	152356315	152356464	True	-413	150M	255	0	5	0.9398261904716492	ambig_opp_strand	unspliced	-1	12	.	.	.	mrna
A00839:75:H7MFFDSXY:3:1363:16251:8312	chr1	152350898	152351047	False	675	150M	255	0	3	0.6645954847335815	ambig_opp_strand	unspliced	1437	12	ENST00000388718.5	FLG2	ENSG00000143520.6	mrna
A00839:75:H7MFFDSXY:3:1648:20952:6872	chr1	152351556	152351705	False	170	150M	255	0	3	0.8667905926704407	ambig_opp_strand	unspliced	1437	12	ENST00000388718.5	FLG2	ENSG00000143520.6	mrna
A00839:75:H7MFFDSXY:3:1534:22327:27007	chr1	152356234	152356383	False	329	150M	255	0	3	0.7693861126899719	ambig_opp_strand	unspliced	1437	12	ENST00000388718.5	FLG2	ENSG00000143520.6	mrna
A00839:75:H7MFFDSXY:3:1562:32524:22717	chr1	152356432	152356581	True	-312	150M	255	0	25	0.6333353519439697	ambig_opp_strand	unspliced	1437	12	RIGEL_NRNA_chr1_1_152335378_152364080		RIGEL_NRNA_chr1_1_152335378_152364080	nrna
A00839:75:H7MFFDSXY:3:2123:8169:34898	chr1	152353366	152353515	True	-203	150M	255	0	25	0.8197950124740601	ambig_opp_strand	unspliced	1437	12	RIGEL_NRNA_chr1_1_152335378_152364080		RIGEL_NRNA_chr1_1_152335378_152364080	nrna
A00839:75:H7MFFDSXY:3:1508:12771:35227	chr1	152355169	152355318	True	-238	150M	255	0	25	0.8201908469200134	ambig_opp_strand	unspliced	1437	12	RIGEL_NRNA_chr1_1_152335378_152364080		RIGEL_NRNA_chr1_1_152335378_152364080	nrna
A00839:75:H7MFFDSXY:3:2247:18313:2613	chr1	152355531	152355680	True	-347	150M	255	0	5	0.5985598564147949	ambig_opp_strand	unspliced	-1	12	.	.	.	mrna
A00839:75:H7MFFDSXY:3:2560:23095:16939	chr1	152353864	152354013	False	250	150M	255	4	3	0.8735895156860352	ambig_opp_strand	unspliced	1437	12	ENST00000388718.5	FLG2	ENSG00000143520.6	mrna
A00839:75:H7MFFDSXY:3:1240:3369:36980	chr1	152352569	152352713	True	-370	145M	255	0	5	0.8261558413505554	ambig_opp_strand	unspliced	-1	12	.	.	.	mrna
A00839:75:H7MFFDSXY:3:1431:26657:32910	chr1	152356374	152356523	True	-362	150M	255	0	25	0.22776509821414948	ambig_opp_strand	unspliced	1437	12	RIGEL_NRNA_chr1_1_152335378_152364080		RIGEL_NRNA_chr1_1_152335378_152364080	nrna
A00839:75:H7MFFDSXY:3:1341:4110:2159	chr1	152353948	152354097	True	-214	150M	255	0	25	0.8229922652244568	ambig_opp_strand	unspliced	1437	12	RIGEL_NRNA_chr1_1_152335378_152364080		RIGEL_NRNA_chr1_1_152335378_152364080	nrna
A00839:75:H7MFFDSXY:3:2209:31828:12211	chr1	152356855	152357003	False	183	1S149M	255	2	3	0.8716685771942139	ambig_opp_strand	unspliced	1437	12	ENST00000388718.5	FLG2	ENSG00000143520.6	mrna
A00839:75:H7MFFDSXY:3:2415:24017:27743	chr1	152354374	152354523	True	-330	150M	255	0	5	0.4251745045185089	ambig_opp_strand	unspliced	-1	12	.	.	.	mrna
A00839:75:H7MFFDSXY:3:2202:8585:12790	chr1	152350950	152351099	False	333	150M	255	0	5	0.1648334413766861	ambig_opp_strand	unspliced	-1	12	.	.	.	mrna
A00839:75:H7MFFDSXY:3:1403:2519:26240	chr1	152352991	152353140	False	406	150M	255	0	5	0.7756003737449646	ambig_opp_strand	unspliced	-1	12	.	.	.	mrna
A00839:75:H7MFFDSXY:3:2629:30852:1564	chr1	152354806	152354955	False	334	150M	255	0	3	0.7501073479652405	ambig_opp_strand	unspliced	1437	12	ENST00000388718.5	FLG2	ENSG00000143520.6	mrna
A00839:75:H7MFFDSXY:3:2103:30355:18458	chr1	152351240	152351389	False	211	150M	255	0	3	0.8766130805015564	ambig_opp_strand	unspliced	1437	12	ENST00000388718.5	FLG2	ENSG00000143520.6	mrna
A00839:75:H7MFFDSXY:3:1357:17282:1172	chr1	152354031	152354180	False	286	150M	255	0	3	0.852739691734314	ambig_opp_strand	unspliced	1437	12	ENST00000388718.5	FLG2	ENSG00000143520.6	mrna
A00839:75:H7MFFDSXY:3:2667:25364:23062	chr1	152350800	152350949	True	-276	150M	255	0	25	0.7656789422035217	ambig_opp_strand	unspliced	1437	12	RIGEL_NRNA_chr1_1_152335378_152364080		RIGEL_NRNA_chr1_1_152335378_152364080	nrna
A00839:75:H7MFFDSXY:3:2609:8413:21574	chr1	152354080	152354229	True	-357	150M	255	0	5	0.6967923641204834	ambig_opp_strand	unspliced	-1	12	.	.	.	mrna
A00839:75:H7MFFDSXY:3:1164:17246:18709	chr1	152351904	152352053	True	-178	150M	255	1	25	0.799881637096405	ambig_opp_strand	unspliced	1437	12	RIGEL_NRNA_chr1_1_152335378_152364080		RIGEL_NRNA_chr1_1_152335378_152364080	nrna
A00839:75:H7MFFDSXY:3:2468:4734:8218	chr1	152356555	152356704	False	269	150M	255	0	5	0.040284790098667145	ambig_opp_strand	unspliced	-1	12	.	.	.	mrna
A00839:75:H7MFFDSXY:3:2530:4399:11584	chr1	152351942	152352091	False	415	150M	255	0	3	0.2102106362581253	ambig_opp_strand	unspliced	1437	12	ENST00000388718.5	FLG2	ENSG00000143520.6	mrna
A00839:75:H7MFFDSXY:3:1356:24587:24158	chr1	152356225	152356374	True	-351	150M	255	0	5	0.639532208442688	ambig_opp_strand	unspliced	-1	12	.	.	.	mrna
A00839:75:H7MFFDSXY:3:2414:21630:17566	chr1	152352288	152352437	False	13	150M	255	0	5	0.777821958065033	ambig_opp_strand	unspliced	-1	12	.	.	.	mrna
A00839:75:H7MFFDSXY:3:2502:7166:20885	chr1	152351803	152351952	True	-390	150M	255	0	5	0.9242246150970459	ambig_opp_strand	unspliced	-1	12	.	.	.	mrna
A00839:75:H7MFFDSXY:3:1174:11143:4351	chr1	152356239	152356388	False	190	150M	255	0	3	0.8736576437950134	ambig_opp_strand	unspliced	1437	12	ENST00000388718.5	FLG2	ENSG00000143520.6	mrna
A00839:75:H7MFFDSXY:3:2350:32642:11428	chr1	152356174	152356323	False	346	150M	255	0	3	0.6764441728591919	ambig_opp_strand	unspliced	1437	12	ENST00000388718.5	FLG2	ENSG00000143520.6	mrna
A00839:75:H7MFFDSXY:3:1103:17734:29262	chr1	152356333	152356482	True	-266	150M	255	0	25	0.7869921326637268	ambig_opp_strand	unspliced	1437	12	RIGEL_NRNA_chr1_1_152335378_152364080		RIGEL_NRNA_chr1_1_152335378_152364080	nrna
A00839:75:H7MFFDSXY:3:1610:31837:13072	chr1	152357661	152357810	True	-455	150M	255	0	5	0.9411660432815552	ambig_opp_strand	unspliced	-1	12	.	.	.	mrna
A00839:75:H7MFFDSXY:3:1276:25355:32878	chr1	152353544	152353693	False	395	150M	255	0	5	0.769639253616333	ambig_opp_strand	unspliced	-1	12	.	.	.	mrna
A00839:75:H7MFFDSXY:3:1561:11541:2472	chr1	152351466	152351615	True	-242	150M	255	0	25	0.8176822662353516	ambig_opp_strand	unspliced	1437	12	RIGEL_NRNA_chr1_1_152335378_152364080		RIGEL_NRNA_chr1_1_152335378_152364080	nrna
A00839:75:H7MFFDSXY:3:1148:16342:14857	chr1	152354354	152354503	False	159	150M	255	0	3	0.8588417172431946	ambig_opp_strand	unspliced	1437	12	ENST00000388718.5	FLG2	ENSG00000143520.6	mrna
A00839:75:H7MFFDSXY:3:2454:12753:28620	chr1	152356014	152356163	True	-718	150M	255	0	25	0.9189491868019104	ambig_opp_strand	spliced_unannot	1437	11	RIGEL_NRNA_chr1_1_152335378_152364080		RIGEL_NRNA_chr1_1_152335378_152364080	nrna
A00839:75:H7MFFDSXY:3:2409:22607:13870	chr1	152355754	152355903	False	169	150M	255	0	3	0.8659967184066772	ambig_opp_strand	unspliced	1437	12	ENST00000388718.5	FLG2	ENSG00000143520.6	mrna
A00839:75:H7MFFDSXY:3:1275:1018:19351	chr1	152353755	152353904	True	-214	150M	255	0	5	0.10442029684782028	ambig_opp_strand	unspliced	-1	12	.	.	.	mrna
A00839:75:H7MFFDSXY:3:1203:6831:14888	chr1	152353193	152353342	True	-258	150M	255	0	25	0.06383591145277023	ambig_opp_strand	unspliced	1437	12	RIGEL_NRNA_chr1_1_152189332_152365557		RIGEL_NRNA_chr1_1_152189332_152365557	nrna
A00839:75:H7MFFDSXY:3:2248:25446:4852	chr1	152356202	152356351	False	316	150M	255	0	3	0.8068447113037109	ambig_opp_strand	unspliced	1437	12	ENST00000388718.5	FLG2	ENSG00000143520.6	mrna
A00839:75:H7MFFDSXY:3:2322:19054:3959	chr1	152356235	152356384	False	471	150M	255	0	3	0.20968025922775269	ambig_opp_strand	unspliced	1437	12	ENST00000388718.5	FLG2	ENSG00000143520.6	mrna
A00839:75:H7MFFDSXY:3:2163:2953:31469	chr1	152356892	152357041	True	-439	150M	255	0	5	0.9356362223625183	ambig_opp_strand	unspliced	-1	12	.	.	.	mrna
A00839:75:H7MFFDSXY:3:2330:21920:30718	chr1	152353607	152353756	False	289	150M	255	0	3	0.8504444360733032	ambig_opp_strand	unspliced	1437	12	ENST00000388718.5	FLG2	ENSG00000143520.6	mrna
A00839:75:H7MFFDSXY:3:1156:3341:25692	chr1	152355589	152355738	True	-426	150M	255	1	5	0.9341408610343933	ambig_opp_strand	unspliced	-1	12	.	.	.	mrna
A00839:75:H7MFFDSXY:3:1638:25129:2362	chr1	152350674	152350823	True	-535	150M	255	0	5	0.9073382019996643	ambig_opp_strand	unspliced	-1	12	.	.	.	mrna
A00839:75:H7MFFDSXY:3:2236:30065:8437	chr1	152351549	152351698	False	387	150M	255	0	5	0.73553866147995	ambig_opp_strand	unspliced	-1	12	.	.	.	mrna
A00839:75:H7MFFDSXY:3:1676:25617:1767	chr1	152353182	152353331	False	417	150M	255	1	5	0.7844899892807007	ambig_opp_strand	unspliced	-1	12	.	.	.	mrna
A00839:75:H7MFFDSXY:3:2668:16387:14716	chr1	152356465	152356614	False	428	150M	255	0	3	0.2111649513244629	ambig_opp_strand	unspliced	1437	12	ENST00000388718.5	FLG2	ENSG00000143520.6	mrna
A00839:75:H7MFFDSXY:3:2255:29713:2033	chr1	152354069	152354218	True	-261	150M	255	0	25	0.7956955432891846	ambig_opp_strand	unspliced	1437	12	RIGEL_NRNA_chr1_1_152335378_152364080		RIGEL_NRNA_chr1_1_152335378_152364080	nrna
A00839:75:H7MFFDSXY:3:2206:32163:26475	chr1	152355237	152355386	False	437	150M	255	0	5	0.7750332951545715	ambig_opp_strand	unspliced	-1	12	.	.	.	mrna
A00839:75:H7MFFDSXY:3:2211:2392:8891	chr1	152351860	152351982	False	348	123M	255	0	3	0.6638315320014954	ambig_opp_strand	unspliced	1437	12	ENST00000388718.5	FLG2	ENSG00000143520.6	mrna
A00839:75:H7MFFDSXY:3:2154:20591:6308	chr1	152351926	152352075	False	436	150M	255	0	5	0.753420889377594	ambig_opp_strand	unspliced	-1	12	.	.	.	mrna
A00839:75:H7MFFDSXY:3:2137:17372:6903	chr1	152354763	152354813	True	-282	51M	255	0	25	0.751965343952179	ambig_opp_strand	unspliced	1437	12	RIGEL_NRNA_chr1_1_152335378_152364080		RIGEL_NRNA_chr1_1_152335378_152364080	nrna
A00839:75:H7MFFDSXY:3:1256:6668:29450	chr1	152353608	152353757	True	-213	150M	255	0	25	0.8227584362030029	ambig_opp_strand	unspliced	1437	12	RIGEL_NRNA_chr1_1_152335378_152364080		RIGEL_NRNA_chr1_1_152335378_152364080	nrna
A00839:75:H7MFFDSXY:3:1163:1434:30217	chr1	152356250	152356399	False	214	150M	255	0	3	0.8767257332801819	ambig_opp_strand	unspliced	1437	12	ENST00000388718.5	FLG2	ENSG00000143520.6	mrna
A00839:75:H7MFFDSXY:3:2640:21649:27211	chr1	152357354	152357503	False	315	150M	255	0	5	0.5307944416999817	ambig_opp_strand	unspliced	-1	12	.	.	.	mrna
A00839:75:H7MFFDSXY:3:1463:11297:25441	chr1	152356712	152356841	False	130	130M	255	0	25	0.08728593587875366	ambig_opp_strand	unspliced	1437	12	RIGEL_NRNA_chr1_2_152348734_152360006		RIGEL_NRNA_chr1_2_152348734_152360006	nrna
A00839:75:H7MFFDSXY:3:1108:15356:19163	chr1	152356559	152356708	False	383	150M	255	0	3	0.2653478682041168	ambig_opp_strand	unspliced	1437	12	ENST00000388718.5	FLG2	ENSG00000143520.6	mrna
A00839:75:H7MFFDSXY:3:2642:2899:24831	chr1	152350757	152350906	False	178	150M	255	0	3	0.8702841401100159	ambig_opp_strand	unspliced	1437	12	ENST00000388718.5	FLG2	ENSG00000143520.6	mrna
A00839:75:H7MFFDSXY:3:2634:21630:30373	chr1	152356877	152357026	False	343	150M	255	1	3	0.6964336633682251	ambig_opp_strand	unspliced	1437	12	ENST00000388718.5	FLG2	ENSG00000143520.6	mrna
A00839:75:H7MFFDSXY:3:1522:17029:9972	chr1	152350956	152351105	False	359	150M	255	0	3	0.561823308467865	ambig_opp_strand	unspliced	1437	12	ENST00000388718.5	FLG2	ENSG00000143520.6	mrna
A00839:75:H7MFFDSXY:3:1360:20564:22451	chr1	152350476	152350625	False	437	150M	255	0	5	0.7750332951545715	ambig_opp_strand	unspliced	-1	12	.	.	.	mrna
A00839:75:H7MFFDSXY:3:1608:5773:17159	chr1	152350848	152350926	False	304	79M	255	0	3	0.8305461406707764	ambig_opp_strand	unspliced	1437	12	ENST00000388718.5	FLG2	ENSG00000143520.6	mrna
A00839:75:H7MFFDSXY:3:1631:1036:17033	chr1	152355119	152355268	False	250	150M	255	0	3	0.8735895156860352	ambig_opp_strand	unspliced	1437	12	ENST00000388718.5	FLG2	ENSG00000143520.6	mrna
A00839:75:H7MFFDSXY:3:1460:26784:28213	chr1	152353392	152353541	True	-248	150M	255	0	25	0.8128185868263245	ambig_opp_strand	unspliced	1437	12	RIGEL_NRNA_chr1_1_152335378_152364080		RIGEL_NRNA_chr1_1_152335378_152364080	nrna
A00839:75:H7MFFDSXY:3:1121:31801:28855	chr1	152351990	152352139	False	211	150M	255	0	3	0.8766130805015564	ambig_opp_strand	unspliced	1437	12	ENST00000388718.5	FLG2	ENSG00000143520.6	mrna
A00839:75:H7MFFDSXY:3:1351:32018:24064	chr1	152351296	152351445	True	-350	150M	255	0	5	0.6292032599449158	ambig_opp_strand	unspliced	-1	12	.	.	.	mrna
A00839:75:H7MFFDSXY:3:1209:32398:18302	chr1	152357010	152357159	False	244	150M	255	0	3	0.8746841549873352	ambig_opp_strand	unspliced	1437	12	ENST00000388718.5	FLG2	ENSG00000143520.6	mrna
A00839:75:H7MFFDSXY:3:1333:5321:15468	chr1	152352404	152352553	False	246	150M	255	0	3	0.8744317293167114	ambig_opp_strand	unspliced	1437	12	ENST00000388718.5	FLG2	ENSG00000143520.6	mrna
A00839:75:H7MFFDSXY:3:1564:20537:1360	chr1	152352151	152352300	True	-353	150M	255	0	5	0.6645302772521973	ambig_opp_strand	unspliced	-1	12	.	.	.	mrna
A00839:75:H7MFFDSXY:3:1261:28275:13166	chr1	152350854	152351003	True	-390	150M	255	0	5	0.9242245554924011	ambig_opp_strand	unspliced	-1	12	.	.	.	mrna
A00839:75:H7MFFDSXY:3:1517:20283:22874	chr1	152355723	152355800	False	303	78M	255	0	3	0.8325434923171997	ambig_opp_strand	unspliced	1437	12	ENST00000388718.5	FLG2	ENSG00000143520.6	mrna
A00839:75:H7MFFDSXY:3:2141:20636:25708	chr1	152355350	152355499	True	-375	150M	255	0	25	0.12667308747768402	ambig_opp_strand	unspliced	1437	12	RIGEL_NRNA_chr1_1_152335378_152364080		RIGEL_NRNA_chr1_1_152335378_152364080	nrna
A00839:75:H7MFFDSXY:3:2357:7961:33379	chr1	152357669	152357818	True	-347	150M	255	0	5	0.599250316619873	ambig_opp_strand	unspliced	-1	12	.	.	.	mrna
A00839:75:H7MFFDSXY:3:1545:21540:16720	chr1	152351762	152351911	True	-269	150M	255	0	25	0.7800508141517639	ambig_opp_strand	unspliced	1437	12	RIGEL_NRNA_chr1_1_152335378_152364080		RIGEL_NRNA_chr1_1_152335378_152364080	nrna
A00839:75:H7MFFDSXY:3:2177:13756:27477	chr1	152356934	152357083	False	241	150M	255	0	3	0.8753105998039246	ambig_opp_strand	unspliced	1437	12	ENST00000388718.5	FLG2	ENSG00000143520.6	mrna
A00839:75:H7MFFDSXY:3:1469:15167:36151	chr1	152353590	152353673	True	-315	84M	255	0	25	0.6226209402084351	ambig_opp_strand	unspliced	1437	12	RIGEL_NRNA_chr1_1_152335378_152364080		RIGEL_NRNA_chr1_1_152335378_152364080	nrna
A00839:75:H7MFFDSXY:3:1248:14588:21026	chr1	152356992	152357141	False	261	150M	255	0	3	0.8690878748893738	ambig_opp_strand	unspliced	1437	12	ENST00000388718.5	FLG2	ENSG00000143520.6	mrna
A00839:75:H7MFFDSXY:3:2210:29812:2049	chr1	152356414	152356556	True	-143	143M	255	0	25	0.6947364211082458	ambig_opp_strand	unspliced	1437	12	RIGEL_NRNA_chr1_1_152335378_152364080		RIGEL_NRNA_chr1_1_152335378_152364080	nrna
A00839:75:H7MFFDSXY:3:1558:9643:30342	chr1	152355505	152355618	True	-338	4S114M32S	255	0	5	0.4983070492744446	ambig_opp_strand	unspliced	-1	12	.	.	.	mrna
A00839:75:H7MFFDSXY:3:1547:12581:27101	chr1	152354102	152354251	True	-322	150M	255	0	25	0.5785312652587891	ambig_opp_strand	unspliced	1437	12	RIGEL_NRNA_chr1_1_152335378_152364080		RIGEL_NRNA_chr1_1_152335378_152364080	nrna
A00839:75:H7MFFDSXY:3:2610:7726:25989	chr1	152351075	152351224	False	329	150M	255	0	3	0.7693861126899719	ambig_opp_strand	unspliced	1437	12	ENST00000388718.5	FLG2	ENSG00000143520.6	mrna
A00839:75:H7MFFDSXY:3:1202:32723:24596	chr1	152352058	152352136	True	-304	79M	255	0	25	0.6762240529060364	ambig_opp_strand	unspliced	1437	12	RIGEL_NRNA_chr1_1_152335378_152364080		RIGEL_NRNA_chr1_1_152335378_152364080	nrna
A00839:75:H7MFFDSXY:3:2530:12057:31015	chr1	152357251	152357400	False	307	150M	255	4	3	0.8251179456710815	ambig_opp_strand	unspliced	1437	12	ENST00000388718.5	FLG2	ENSG00000143520.6	mrna
A00839:75:H7MFFDSXY:3:1415:12608:7764	chr1	152357397	152357546	False	368	150M	255	0	5	0.9071367979049683	ambig_opp_strand	unspliced	-1	12	.	.	.	mrna
A00839:75:H7MFFDSXY:3:2202:27688:33160	chr1	152356285	152356434	False	286	150M	255	0	3	0.852739691734314	ambig_opp_strand	unspliced	1437	12	ENST00000388718.5	FLG2	ENSG00000143520.6	mrna
A00839:75:H7MFFDSXY:3:1205:2419:25911	chr1	152354004	152354153	False	330	150M	255	0	3	0.767073392868042	ambig_opp_strand	unspliced	1437	12	ENST00000388718.5	FLG2	ENSG00000143520.6	mrna
A00839:75:H7MFFDSXY:3:2377:11008:3082	chr1	152352414	152352563	True	-209	150M	255	0	5	0.10527732223272324	ambig_opp_strand	unspliced	-1	12	.	.	.	mrna
A00839:75:H7MFFDSXY:3:1372:25563:5306	chr1	152352572	152352721	True	-435	150M	255	0	5	0.9241228699684143	ambig_opp_strand	unspliced	-1	12	.	.	.	mrna
A00839:75:H7MFFDSXY:3:2109:12364:23688	chr1	152357078	152357227	True	-225	150M	255	1	25	0.8238463401794434	ambig_opp_strand	unspliced	1437	12	RIGEL_NRNA_chr1_1_152335378_152364080		RIGEL_NRNA_chr1_1_152335378_152364080	nrna
A00839:75:H7MFFDSXY:3:1207:28872:25786	chr1	152355842	152355985	True	-369	144M	255	1	5	0.8146360516548157	ambig_opp_strand	unspliced	-1	12	.	.	.	mrna
A00839:75:H7MFFDSXY:3:2323:22471:33207	chr1	152352495	152352644	True	-377	150M	255	0	5	0.8736746311187744	ambig_opp_strand	unspliced	-1	12	.	.	.	mrna
A00839:75:H7MFFDSXY:3:1334:15619:25974	chr1	152351110	152351259	False	380	150M	255	0	25	0.03351355344057083	ambig_opp_strand	unspliced	1437	12	RIGEL_NRNA_chr1_2_152348734_152360006		RIGEL_NRNA_chr1_2_152348734_152360006	nrna
A00839:75:H7MFFDSXY:3:2675:30047:15640	chr1	152352314	152352463	True	-322	150M	255	0	25	0.5785312652587891	ambig_opp_strand	unspliced	1437	12	RIGEL_NRNA_chr1_1_152335378_152364080		RIGEL_NRNA_chr1_1_152335378_152364080	nrna
A00839:75:H7MFFDSXY:3:2161:5159:28870	chr1	152352560	152352709	False	286	150M	255	0	25	0.093716099858284	ambig_opp_strand	unspliced	1437	12	RIGEL_NRNA_chr1_2_152348734_152360006		RIGEL_NRNA_chr1_2_152348734_152360006	nrna
A00839:75:H7MFFDSXY:3:2438:30870:33974	chr1	152353608	152353757	True	-247	150M	255	0	25	0.06495380401611328	ambig_opp_strand	unspliced	1437	12	RIGEL_NRNA_chr1_1_152189332_152365557		RIGEL_NRNA_chr1_1_152189332_152365557	nrna
A00839:75:H7MFFDSXY:3:1639:21802:30577	chr1	152355891	152356040	False	196	150M	255	0	3	0.8751375675201416	ambig_opp_strand	unspliced	1437	12	ENST00000388718.5	FLG2	ENSG00000143520.6	mrna
A00839:75:H7MFFDSXY:3:1313:7618:19132	chr1	152358637	152358786	False	341	150M	255	0	25	0.2680898904800415	ambig_opp_strand	unspliced	1437	12	RIGEL_NRNA_chr1_2_152348734_152360006		RIGEL_NRNA_chr1_2_152348734_152360006	nrna
A00839:75:H7MFFDSXY:3:1416:28402:5212	chr1	152353920	152354069	True	-319	150M	255	0	25	0.04750873148441315	ambig_opp_strand	unspliced	1437	12	RIGEL_NRNA_chr1_1_152189332_152365557		RIGEL_NRNA_chr1_1_152189332_152365557	nrna
A00839:75:H7MFFDSXY:3:1311:2058:35650	chr1	152355159	152355308	False	243	150M	255	0	3	0.8748449087142944	ambig_opp_strand	unspliced	1437	12	ENST00000388718.5	FLG2	ENSG00000143520.6	mrna
A00839:75:H7MFFDSXY:3:1505:10104:13228	chr1	152354556	152354705	False	429	150M	255	0	5	0.7595533132553101	ambig_opp_strand	unspliced	-1	12	.	.	.	mrna
A00839:75:H7MFFDSXY:3:1150:29875:7326	chr1	152353555	152353704	True	-256	150M	255	0	25	0.8027464151382446	ambig_opp_strand	unspliced	1437	12	RIGEL_NRNA_chr1_1_152335378_152364080		RIGEL_NRNA_chr1_1_152335378_152364080	nrna
A00839:75:H7MFFDSXY:3:1147:28854:1548	chr1	152356902	152357051	True	-267	150M	255	0	25	0.7836445569992065	ambig_opp_strand	unspliced	1437	12	RIGEL_NRNA_chr1_1_152335378_152364080		RIGEL_NRNA_chr1_1_152335378_152364080	nrna
A00839:75:H7MFFDSXY:3:1467:32154:32503	chr1	152353212	152353361	True	-477	150M	255	0	5	0.9226515293121338	ambig_opp_strand	unspliced	-1	12	.	.	.	mrna
A00839:75:H7MFFDSXY:3:2110:32660:17722	chr1	152351359	152351508	False	174	150M	255	1	3	0.869076669216156	ambig_opp_strand	unspliced	1437	12	ENST00000388718.5	FLG2	ENSG00000143520.6	mrna
A00839:75:H7MFFDSXY:3:1421:16396:33051	chr1	152355625	152355774	True	-397	150M	255	0	5	0.932251513004303	ambig_opp_strand	unspliced	-1	12	.	.	.	mrna
A00839:75:H7MFFDSXY:3:2329:10972:18490	chr1	152351106	152351255	True	-353	150M	255	0	25	0.3082796633243561	ambig_opp_strand	unspliced	1437	12	RIGEL_NRNA_chr1_1_152335378_152364080		RIGEL_NRNA_chr1_1_152335378_152364080	nrna
A00839:75:H7MFFDSXY:3:1556:28004:26005	chr1	152351961	152352110	True	-313	150M	255	3	25	0.6313623189926147	ambig_opp_strand	unspliced	1437	12	RIGEL_NRNA_chr1_1_152335378_152364080		RIGEL_NRNA_chr1_1_152335378_152364080	nrna
A00839:75:H7MFFDSXY:3:1228:21395:5415	chr1	152352417	152352566	True	-334	150M	255	0	25	0.4961030185222626	ambig_opp_strand	unspliced	1437	12	RIGEL_NRNA_chr1_1_152335378_152364080		RIGEL_NRNA_chr1_1_152335378_152364080	nrna
A00839:75:H7MFFDSXY:3:2324:15510:15671	chr1	152357028	152357177	False	361	150M	255	0	3	0.5441567897796631	ambig_opp_strand	unspliced	1437	12	ENST00000388718.5	FLG2	ENSG00000143520.6	mrna
A00839:75:H7MFFDSXY:3:2365:29821:36385	chr1	152353888	152354037	True	-353	150M	255	0	5	0.6645302772521973	ambig_opp_strand	unspliced	-1	12	.	.	.	mrna
A00839:75:H7MFFDSXY:3:1107:32434:20588	chr1	152350821	152350970	True	-288	150M	255	0	25	0.7384347319602966	ambig_opp_strand	unspliced	1437	12	RIGEL_NRNA_chr1_1_152335378_152364080		RIGEL_NRNA_chr1_1_152335378_152364080	nrna
A00839:75:H7MFFDSXY:3:1224:13485:18709	chr1	152351367	152351516	True	-332	150M	255	0	5	0.44525042176246643	ambig_opp_strand	unspliced	-1	12	.	.	.	mrna
A00839:75:H7MFFDSXY:3:2420:10827:21684	chr1	152353667	152353707	True	-272	41M	255	0	25	0.7745859622955322	ambig_opp_strand	unspliced	1437	12	RIGEL_NRNA_chr1_1_152335378_152364080		RIGEL_NRNA_chr1_1_152335378_152364080	nrna
A00839:75:H7MFFDSXY:3:1165:32796:16110	chr1	152354228	152354377	True	-237	150M	255	0	25	0.8195167183876038	ambig_opp_strand	unspliced	1437	12	RIGEL_NRNA_chr1_1_152335378_152364080		RIGEL_NRNA_chr1_1_152335378_152364080	nrna
A00839:75:H7MFFDSXY:3:1449:28989:3349	chr1	152354001	152354150	True	-367	150M	255	0	5	0.7970831990242004	ambig_opp_strand	unspliced	-1	12	.	.	.	mrna
A00839:75:H7MFFDSXY:3:2212:22770:15029	chr1	152354129	152354278	False	322	150M	255	0	3	0.7910903096199036	ambig_opp_strand	unspliced	1437	12	ENST00000388718.5	FLG2	ENSG00000143520.6	mrna
A00839:75:H7MFFDSXY:3:1607:30951:32236	chr1	152351428	152351557	True	-355	130M	255	0	5	0.6823275089263916	ambig_opp_strand	unspliced	-1	12	.	.	.	mrna
A00839:75:H7MFFDSXY:3:1230:8395:25927	chr1	152356811	152356960	True	-344	150M	255	0	5	0.5674733519554138	ambig_opp_strand	unspliced	-1	12	.	.	.	mrna
A00839:75:H7MFFDSXY:3:2535:16016:24721	chr1	152356331	152356480	False	154	150M	255	0	3	0.853985607624054	ambig_opp_strand	unspliced	1437	12	ENST00000388718.5	FLG2	ENSG00000143520.6	mrna
A00839:75:H7MFFDSXY:3:1109:31277:1235	chr1	152354644	152354793	True	-438	150M	255	0	5	0.9284497499465942	ambig_opp_strand	unspliced	-1	12	.	.	.	mrna
A00839:75:H7MFFDSXY:3:1140:9028:1188	chr1	152356864	152357013	False	376	150M	255	0	5	0.60885089635849	ambig_opp_strand	unspliced	-1	12	.	.	.	mrna
A00839:75:H7MFFDSXY:3:1312:27661:30953	chr1	152353774	152353923	True	-324	150M	255	0	25	0.5687141418457031	ambig_opp_strand	unspliced	1437	12	RIGEL_NRNA_chr1_1_152335378_152364080		RIGEL_NRNA_chr1_1_152335378_152364080	nrna
A00839:75:H7MFFDSXY:3:1535:11288:7169	chr1	152351546	152351623	False	303	78M	255	0	3	0.8325434923171997	ambig_opp_strand	unspliced	1437	12	ENST00000388718.5	FLG2	ENSG00000143520.6	mrna
A00839:75:H7MFFDSXY:3:1547:4083:24502	chr1	152352476	152352625	True	-405	150M	255	0	5	0.9368135929107666	ambig_opp_strand	unspliced	-1	12	.	.	.	mrna
A00839:75:H7MFFDSXY:3:1154:11180:8140	chr1	152353728	152353877	False	308	150M	255	0	3	0.8238636255264282	ambig_opp_strand	unspliced	1437	12	ENST00000388718.5	FLG2	ENSG00000143520.6	mrna
A00839:75:H7MFFDSXY:3:1330:15727:18771	chr1	152350721	152350870	True	-257	150M	255	0	25	0.06397730112075806	ambig_opp_strand	unspliced	1437	12	RIGEL_NRNA_chr1_1_152189332_152365557		RIGEL_NRNA_chr1_1_152189332_152365557	nrna
A00839:75:H7MFFDSXY:3:1678:10881:4867	chr1	152353743	152353892	False	198	150M	255	0	3	0.8755435943603516	ambig_opp_strand	unspliced	1437	12	ENST00000388718.5	FLG2	ENSG00000143520.6	mrna
A00839:75:H7MFFDSXY:3:2520:32497:13401	chr1	152353160	152353307	True	-357	2S148M	255	0	5	0.6967921853065491	ambig_opp_strand	unspliced	-1	12	.	.	.	mrna
A00839:75:H7MFFDSXY:3:1641:29261:12179	chr1	152351322	152351455	False	134	134M	255	0	3	0.8111870884895325	ambig_opp_strand	unspliced	1437	12	ENST00000388718.5	FLG2	ENSG00000143520.6	mrna
A00839:75:H7MFFDSXY:3:1376:30346:23829	chr1	152350770	152350919	True	-302	150M	255	0	25	0.054669175297021866	ambig_opp_strand	unspliced	1437	12	RIGEL_NRNA_chr1_1_152189332_152365557		RIGEL_NRNA_chr1_1_152189332_152365557	nrna
A00839:75:H7MFFDSXY:3:2458:18105:19727	chr1	152355609	152355737	True	-129	129M	255	0	25	0.5756560564041138	ambig_opp_strand	unspliced	1437	12	RIGEL_NRNA_chr1_1_152335378_152364080		RIGEL_NRNA_chr1_1_152335378_152364080	nrna
A00839:75:H7MFFDSXY:3:1247:21549:2769	chr1	152356355	152356504	False	313	150M	255	0	25	0.08940078318119049	ambig_opp_strand	unspliced	1437	12	RIGEL_NRNA_chr1_2_152348734_152360006		RIGEL_NRNA_chr1_2_152348734_152360006	nrna
A00839:75:H7MFFDSXY:3:1536:15510:32863	chr1	152357200	152357349	True	-351	150M	255	0	5	0.639532208442688	ambig_opp_strand	unspliced	-1	12	.	.	.	mrna
A00839:75:H7MFFDSXY:3:1243:1325:25457	chr1	152358825	152358974	True	-419	150M	255	0	5	0.9372569918632507	ambig_opp_strand	unspliced	-1	12	.	.	.	mrna
A00839:75:H7MFFDSXY:3:1138:31910:35305	chr1	152353609	152353758	False	342	150M	255	0	3	0.7070009708404541	ambig_opp_strand	unspliced	1437	12	ENST00000388718.5	FLG2	ENSG00000143520.6	mrna
A00839:75:H7MFFDSXY:3:1377:7401:16438	chr1	152352031	152352180	True	-210	150M	255	0	25	0.8230730891227722	ambig_opp_strand	unspliced	1437	12	RIGEL_NRNA_chr1_1_152335378_152364080		RIGEL_NRNA_chr1_1_152335378_152364080	nrna
A00839:75:H7MFFDSXY:3:2648:8648:3161	chr1	152352203	152352339	True	-137	137M	255	0	5	0.29108530282974243	ambig_opp_strand	unspliced	-1	12	.	.	.	mrna
A00839:75:H7MFFDSXY:3:2265:19090:4272	chr1	152352943	152353092	True	-271	150M	255	0	25	0.7768640518188477	ambig_opp_strand	unspliced	1437	12	RIGEL_NRNA_chr1_1_152335378_152364080		RIGEL_NRNA_chr1_1_152335378_152364080	nrna
A00839:75:H7MFFDSXY:3:2463:5638:12602	chr1	152354198	152354347	True	-356	150M	255	0	5	0.690138578414917	ambig_opp_strand	unspliced	-1	12	.	.	.	mrna
A00839:75:H7MFFDSXY:3:2141:26286:1736	chr1	152356296	152356445	True	-299	150M	255	0	25	0.6995184421539307	ambig_opp_strand	unspliced	1437	12	RIGEL_NRNA_chr1_1_152335378_152364080		RIGEL_NRNA_chr1_1_152335378_152364080	nrna
A00839:75:H7MFFDSXY:3:2669:21124:11741	chr1	152356438	152356587	True	-218	150M	255	0	25	0.8235062956809998	ambig_opp_strand	unspliced	1437	12	RIGEL_NRNA_chr1_1_152335378_152364080		RIGEL_NRNA_chr1_1_152335378_152364080	nrna
A00839:75:H7MFFDSXY:3:2430:8052:5729	chr1	152351805	152351954	True	-452	150M	255	0	5	0.9376566410064697	ambig_opp_strand	unspliced	-1	12	.	.	.	mrna
A00839:75:H7MFFDSXY:3:1673:19859:32377	chr1	152356215	152356364	True	-424	150M	255	0	5	0.9342143535614014	ambig_opp_strand	unspliced	-1	12	.	.	.	mrna
A00839:75:H7MFFDSXY:3:1578:5421:20494	chr1	152356957	152357099	True	-143	143M	255	0	5	0.2439882457256317	ambig_opp_strand	unspliced	-1	12	.	.	.	mrna
A00839:75:H7MFFDSXY:3:2562:5403:34240	chr1	152355713	152355823	True	-342	111M	255	0	5	0.5376670956611633	ambig_opp_strand	unspliced	-1	12	.	.	.	mrna
A00839:75:H7MFFDSXY:3:2167:30355:7028	chr1	152351782	152351931	False	332	150M	255	0	3	0.757500410079956	ambig_opp_strand	unspliced	1437	12	ENST00000388718.5	FLG2	ENSG00000143520.6	mrna
A00839:75:H7MFFDSXY:3:1324:14380:26115	chr1	152353736	152353885	False	382	150M	255	0	5	0.7015134692192078	ambig_opp_strand	unspliced	-1	12	.	.	.	mrna
A00839:75:H7MFFDSXY:3:1621:12762:28260	chr1	152352901	152353050	True	-373	150M	255	0	5	0.8492748141288757	ambig_opp_strand	unspliced	-1	12	.	.	.	mrna
A00839:75:H7MFFDSXY:3:2236:20564:4601	chr1	152354318	152354467	False	380	150M	255	0	5	0.661480724811554	ambig_opp_strand	unspliced	-1	12	.	.	.	mrna
A00839:75:H7MFFDSXY:3:1164:6515:21324	chr1	152356521	152356670	False	287	150M	255	0	3	0.8521929979324341	ambig_opp_strand	unspliced	1437	12	ENST00000388718.5	FLG2	ENSG00000143520.6	mrna
A00839:75:H7MFFDSXY:3:2627:11017:28808	chr1	152355307	152355456	False	480	150M	255	0	5	0.8040863871574402	ambig_opp_strand	unspliced	-1	12	.	.	.	mrna
A00839:75:H7MFFDSXY:3:1369:24442:32299	chr1	152353094	152353243	False	230	150M	255	0	3	0.8767707943916321	ambig_opp_strand	unspliced	1437	12	ENST00000388718.5	FLG2	ENSG00000143520.6	mrna
A00839:75:H7MFFDSXY:3:1167:30996:14340	chr1	152354048	152354197	False	374	150M	255	0	5	0.5865570306777954	ambig_opp_strand	unspliced	-1	12	.	.	.	mrna
A00839:75:H7MFFDSXY:3:2373:19244:1752	chr1	152350790	152350939	False	355	150M	255	0	3	0.5980230569839478	ambig_opp_strand	unspliced	1437	12	ENST00000388718.5	FLG2	ENSG00000143520.6	mrna
A00839:75:H7MFFDSXY:3:1629:10095:15123	chr1	152352879	152352956	False	309	78M	255	0	3	0.8205549716949463	ambig_opp_strand	unspliced	1437	12	ENST00000388718.5	FLG2	ENSG00000143520.6	mrna
A00839:75:H7MFFDSXY:3:1244:26910:8891	chr1	152357371	152357520	True	-239	150M	255	0	25	0.8192194700241089	ambig_opp_strand	unspliced	1437	12	RIGEL_NRNA_chr1_1_152335378_152364080		RIGEL_NRNA_chr1_1_152335378_152364080	nrna
A00839:75:H7MFFDSXY:3:1572:7012:16266	chr1	152351605	152351667	True	-288	63M	255	0	5	0.19643567502498627	ambig_opp_strand	unspliced	-1	12	.	.	.	mrna
A00839:75:H7MFFDSXY:3:1178:5791:15154	chr1	152351992	152352141	True	-270	150M	255	0	25	0.7786889672279358	ambig_opp_strand	unspliced	1437	12	RIGEL_NRNA_chr1_1_152335378_152364080		RIGEL_NRNA_chr1_1_152335378_152364080	nrna
A00839:75:H7MFFDSXY:3:2449:1380:12399	chr1	152350694	152350843	True	-273	150M	255	0	5	0.15841415524482727	ambig_opp_strand	unspliced	-1	12	.	.	.	mrna
A00839:75:H7MFFDSXY:3:1239:26286:24377	chr1	152350775	152350924	True	-288	150M	255	3	5	0.1964356005191803	ambig_opp_strand	unspliced	-1	12	.	.	.	mrna
A00839:75:H7MFFDSXY:3:2443:2772:25175	chr1	152355893	152355998	True	-331	106M	255	0	25	0.5188987851142883	ambig_opp_strand	unspliced	1437	12	RIGEL_NRNA_chr1_1_152335378_152364080		RIGEL_NRNA_chr1_1_152335378_152364080	nrna
A00839:75:H7MFFDSXY:3:2130:23339:19179	chr1	152351390	152351539	True	-343	150M	255	0	5	0.5545568466186523	ambig_opp_strand	unspliced	-1	12	.	.	.	mrna
A00839:75:H7MFFDSXY:3:2270:4553:32612	chr1	152354434	152354583	False	348	150M	255	0	3	0.6638316512107849	ambig_opp_strand	unspliced	1437	12	ENST00000388718.5	FLG2	ENSG00000143520.6	mrna
A00839:75:H7MFFDSXY:3:1505:6795:29919	chr1	152354636	152354785	True	-209	150M	255	0	25	0.8222047090530396	ambig_opp_strand	unspliced	1437	12	RIGEL_NRNA_chr1_1_152335378_152364080		RIGEL_NRNA_chr1_1_152335378_152364080	nrna
A00839:75:H7MFFDSXY:3:2656:24017:35978	chr1	152355589	152355738	False	295	150M	255	0	3	0.8436314463615417	ambig_opp_strand	unspliced	1437	12	ENST00000388718.5	FLG2	ENSG00000143520.6	mrna
A00839:75:H7MFFDSXY:3:1445:25147:15483	chr1	152355614	152355763	False	384	150M	255	1	5	0.705339789390564	ambig_opp_strand	unspliced	-1	12	.	.	.	mrna
A00839:75:H7MFFDSXY:3:1607:11324:6480	chr1	152355037	152355138	True	-333	102M	255	0	25	0.5001803636550903	ambig_opp_strand	unspliced	1437	12	RIGEL_NRNA_chr1_1_152335378_152364080		RIGEL_NRNA_chr1_1_152335378_152364080	nrna
A00839:75:H7MFFDSXY:3:1318:28311:30295	chr1	152355974	152356123	False	240	150M	255	0	3	0.8755958676338196	ambig_opp_strand	unspliced	1437	12	ENST00000388718.5	FLG2	ENSG00000143520.6	mrna
A00839:75:H7MFFDSXY:3:1635:12264:26209	chr1	152353828	152353977	True	-428	150M	255	0	5	0.9326798319816589	ambig_opp_strand	unspliced	-1	12	.	.	.	mrna
A00839:75:H7MFFDSXY:3:2238:11162:26177	chr1	152350785	152350934	True	-153	150M	255	0	25	0.738935112953186	ambig_opp_strand	unspliced	1437	12	RIGEL_NRNA_chr1_1_152335378_152364080		RIGEL_NRNA_chr1_1_152335378_152364080	nrna
A00839:75:H7MFFDSXY:3:1121:29053:32706	chr1	152352179	152352328	True	-378	150M	255	0	5	0.8826590776443481	ambig_opp_strand	unspliced	-1	12	.	.	.	mrna
A00839:75:H7MFFDSXY:3:2537:22173:21292	chr1	152352426	152352575	True	-455	150M	255	0	5	0.9410067200660706	ambig_opp_strand	unspliced	-1	12	.	.	.	mrna
A00839:75:H7MFFDSXY:3:1574:20672:33599	chr1	152351484	152351633	True	-311	150M	255	0	5	0.30288463830947876	ambig_opp_strand	unspliced	-1	12	.	.	.	mrna
A00839:75:H7MFFDSXY:3:2614:15022:29637	chr1	152357227	152357375	True	-351	149M1S	255	0	5	0.639532208442688	ambig_opp_strand	unspliced	-1	12	.	.	.	mrna
A00839:75:H7MFFDSXY:3:1237:32108:30013	chr1	152353706	152353855	False	596	150M	255	1	25	0.06046590954065323	ambig_opp_strand	unspliced	1437	12	RIGEL_NRNA_chr1_2_152348734_152360006		RIGEL_NRNA_chr1_2_152348734_152360006	nrna
A00839:75:H7MFFDSXY:3:2164:6008:22044	chr1	152356838	152356987	False	204	150M	255	0	3	0.8762832880020142	ambig_opp_strand	unspliced	1437	12	ENST00000388718.5	FLG2	ENSG00000143520.6	mrna
A00839:75:H7MFFDSXY:3:2541:12255:36871	chr1	152350725	152350874	True	-299	150M	255	0	25	0.6995184421539307	ambig_opp_strand	unspliced	1437	12	RIGEL_NRNA_chr1_1_152335378_152364080		RIGEL_NRNA_chr1_1_152335378_152364080	nrna
A00839:75:H7MFFDSXY:3:2369:2076:21371	chr1	152355335	152355484	False	399	150M	255	1	5	0.7856776714324951	ambig_opp_strand	unspliced	-1	12	.	.	.	mrna
A00839:75:H7MFFDSXY:3:1237:11288:20415	chr1	152354332	152354481	True	-393	150M	255	0	5	0.9327429533004761	ambig_opp_strand	unspliced	-1	12	.	.	.	mrna
A00839:75:H7MFFDSXY:3:1161:10890:19257	chr1	152356050	152356199	False	277	150M	255	1	3	0.8593738079071045	ambig_opp_strand	unspliced	1437	12	ENST00000388718.5	FLG2	ENSG00000143520.6	mrna
A00839:75:H7MFFDSXY:3:1627:28429:13244	chr1	152357060	152357209	True	-286	150M	255	0	25	0.05921132490038872	ambig_opp_strand	unspliced	1437	12	RIGEL_NRNA_chr1_1_152189332_152365557		RIGEL_NRNA_chr1_1_152189332_152365557	nrna
A00839:75:H7MFFDSXY:3:2232:25735:24580	chr1	152351659	152351772	False	339	114M	255	0	3	0.7253321409225464	ambig_opp_strand	unspliced	1437	12	ENST00000388718.5	FLG2	ENSG00000143520.6	mrna
A00839:75:H7MFFDSXY:3:1647:26874:6355	chr1	152356182	152356331	False	323	150M	255	0	3	0.7879531979560852	ambig_opp_strand	unspliced	1437	12	ENST00000388718.5	FLG2	ENSG00000143520.6	mrna
A00839:75:H7MFFDSXY:3:2553:20139:4899	chr1	152353208	152353357	False	519	150M	255	3	64	0.0	.	unspliced	-1	0	.	.	.	mrna
A00839:75:H7MFFDSXY:3:1666:15872:15076	chr1	152357026	152357175	True	-223	150M	255	0	25	0.8243521451950073	ambig_opp_strand	unspliced	1437	12	RIGEL_NRNA_chr1_1_152335378_152364080		RIGEL_NRNA_chr1_1_152335378_152364080	nrna
A00839:75:H7MFFDSXY:3:1462:4851:36667	chr1	152355016	152355165	False	389	150M	255	0	5	0.7682114839553833	ambig_opp_strand	unspliced	-1	12	.	.	.	mrna
A00839:75:H7MFFDSXY:3:2144:6822:1689	chr1	152354579	152354728	True	-417	150M	255	0	25	0.05589129403233528	ambig_opp_strand	unspliced	1437	12	RIGEL_NRNA_chr1_1_152335378_152364080		RIGEL_NRNA_chr1_1_152335378_152364080	nrna
A00839:75:H7MFFDSXY:3:2225:13711:25614	chr1	152356174	152356323	False	294	150M	255	2	3	0.8449952602386475	ambig_opp_strand	unspliced	1437	12	ENST00000388718.5	FLG2	ENSG00000143520.6	mrna
A00839:75:H7MFFDSXY:3:2329:4553:1047	chr1	152352853	152353002	True	-366	150M	255	0	5	0.7891553640365601	ambig_opp_strand	unspliced	-1	12	.	.	.	mrna
A00839:75:H7MFFDSXY:3:1327:26467:9001	chr1	152356334	152356483	False	211	150M	255	0	3	0.8766130805015564	ambig_opp_strand	unspliced	1437	12	ENST00000388718.5	FLG2	ENSG00000143520.6	mrna
A00839:75:H7MFFDSXY:3:1202:18738:13088	chr1	152351042	152351191	False	403	150M	255	0	5	0.7691531777381897	ambig_opp_strand	unspliced	-1	12	.	.	.	mrna
A00839:75:H7MFFDSXY:3:1534:11116:33802	chr1	152352895	152353044	False	371	150M	255	0	5	0.5496861338615417	ambig_opp_strand	unspliced	-1	12	.	.	.	mrna
A00839:75:H7MFFDSXY:3:1460:25807:5760	chr1	152352162	152352255	False	325	94M	255	0	3	0.7824770212173462	ambig_opp_strand	unspliced	1437	12	ENST00000388718.5	FLG2	ENSG00000143520.6	mrna
A00839:75:H7MFFDSXY:3:1138:6605:10269	chr1	152358812	152358961	False	273	150M	255	1	25	0.689657986164093	ambig_opp_strand	unspliced	1437	12	RIGEL_NRNA_chr1_2_152348734_152360006		RIGEL_NRNA_chr1_2_152348734_152360006	nrna
A00839:75:H7MFFDSXY:3:2425:22914:10551	chr1	152351808	152351957	True	-156	150M	255	0	25	0.06000606715679169	ambig_opp_strand	unspliced	1437	12	RIGEL_NRNA_chr1_1_152189332_152365557		RIGEL_NRNA_chr1_1_152189332_152365557	nrna
A00839:75:H7MFFDSXY:3:2509:7536:28667	chr1	152351129	152351278	False	324	150M	255	0	3	0.7866252064704895	ambig_opp_strand	unspliced	1437	12	ENST00000388718.5	FLG2	ENSG00000143520.6	mrna
A00839:75:H7MFFDSXY:3:2114:4246:26412	chr1	152353108	152353257	True	-364	150M	255	0	25	0.017099354416131973	ambig_opp_strand	unspliced	1437	12	RIGEL_NRNA_chr1_1_152189332_152365557		RIGEL_NRNA_chr1_1_152189332_152365557	nrna
A00839:75:H7MFFDSXY:3:1157:27425:20275	chr1	152353775	152353924	False	169	150M	255	0	3	0.8659967184066772	ambig_opp_strand	unspliced	1437	12	ENST00000388718.5	FLG2	ENSG00000143520.6	mrna
A00839:75:H7MFFDSXY:3:2357:13033:14982	chr1	152354584	152354733	False	323	150M	255	0	3	0.78795325756073	ambig_opp_strand	unspliced	1437	12	ENST00000388718.5	FLG2	ENSG00000143520.6	mrna
A00839:75:H7MFFDSXY:3:2454:32461:27712	chr1	152354320	152354469	False	284	150M	255	0	3	0.8545677661895752	ambig_opp_strand	unspliced	1437	12	ENST00000388718.5	FLG2	ENSG00000143520.6	mrna
A00839:75:H7MFFDSXY:3:2547:19280:5729	chr1	152355697	152355846	True	-211	150M	255	2	25	0.8225796818733215	ambig_opp_strand	unspliced	1437	12	RIGEL_NRNA_chr1_1_152335378_152364080		RIGEL_NRNA_chr1_1_152335378_152364080	nrna
A00839:75:H7MFFDSXY:3:2535:10999:36605	chr1	152350883	152350977	False	320	95M	255	0	3	0.7966775298118591	ambig_opp_strand	unspliced	1437	12	ENST00000388718.5	FLG2	ENSG00000143520.6	mrna
A00839:75:H7MFFDSXY:3:1122:27218:19382	chr1	152354906	152355055	True	-255	150M	255	0	25	0.8034447431564331	ambig_opp_strand	unspliced	1437	12	RIGEL_NRNA_chr1_1_152335378_152364080		RIGEL_NRNA_chr1_1_152335378_152364080	nrna
A00839:75:H7MFFDSXY:3:2505:32271:32643	chr1	152353805	152353954	True	-364	150M	255	0	5	0.7669575810432434	ambig_opp_strand	unspliced	-1	12	.	.	.	mrna
A00839:75:H7MFFDSXY:3:2534:20283:3803	chr1	152350773	152350922	True	-345	150M	255	0	25	0.39050185680389404	ambig_opp_strand	unspliced	1437	12	RIGEL_NRNA_chr1_1_152335378_152364080		RIGEL_NRNA_chr1_1_152335378_152364080	nrna
A00839:75:H7MFFDSXY:3:1320:20663:14732	chr1	152350734	152350883	True	-396	150M	255	0	5	0.9346668720245361	ambig_opp_strand	unspliced	-1	12	.	.	.	mrna
A00839:75:H7MFFDSXY:3:1657:1768:10880	chr1	152354926	152355075	False	373	150M	255	0	5	0.5704967379570007	ambig_opp_strand	unspliced	-1	12	.	.	.	mrna
A00839:75:H7MFFDSXY:3:1429:23294:8703	chr1	152351099	152351248	True	-455	150M	255	1	5	0.9410068392753601	ambig_opp_strand	unspliced	-1	12	.	.	.	mrna
A00839:75:H7MFFDSXY:3:1642:32922:6527	chr1	152354229	152354378	True	-286	150M	255	0	25	0.7415689826011658	ambig_opp_strand	unspliced	1437	12	RIGEL_NRNA_chr1_1_152335378_152364080		RIGEL_NRNA_chr1_1_152335378_152364080	nrna
A00839:75:H7MFFDSXY:3:2219:26585:14278	chr1	152351748	152351897	False	400	150M	255	0	5	0.7581862211227417	ambig_opp_strand	unspliced	-1	12	.	.	.	mrna
A00839:75:H7MFFDSXY:3:1251:16676:26522	chr1	152356007	152356156	False	425	150M	255	0	5	0.7418418526649475	ambig_opp_strand	unspliced	-1	12	.	.	.	mrna
A00839:75:H7MFFDSXY:3:2401:7934:4679	chr1	152357461	152357610	True	-210	150M	255	1	25	0.823073148727417	ambig_opp_strand	unspliced	1437	12	RIGEL_NRNA_chr1_1_152335378_152364080		RIGEL_NRNA_chr1_1_152335378_152364080	nrna
A00839:75:H7MFFDSXY:3:1439:27679:14951	chr1	152354824	152354973	True	-392	150M	255	0	5	0.9308454990386963	ambig_opp_strand	unspliced	-1	12	.	.	.	mrna
A00839:75:H7MFFDSXY:3:1428:1127:5979	chr1	152353663	152353812	False	359	150M	255	0	3	0.561823308467865	ambig_opp_strand	unspliced	1437	12	ENST00000388718.5	FLG2	ENSG00000143520.6	mrna
A00839:75:H7MFFDSXY:3:1375:30228:4773	chr1	152354748	152354793	True	-277	46M	255	0	25	0.762865424156189	ambig_opp_strand	unspliced	1437	12	RIGEL_NRNA_chr1_1_152335378_152364080		RIGEL_NRNA_chr1_1_152335378_152364080	nrna
A00839:75:H7MFFDSXY:3:2434:9182:27508	chr1	152355981	152356130	False	183	150M	255	0	3	0.8716685771942139	ambig_opp_strand	unspliced	1437	12	ENST00000388718.5	FLG2	ENSG00000143520.6	mrna
A00839:75:H7MFFDSXY:3:1610:29704:3552	chr1	152352930	152353079	False	277	150M	255	0	3	0.8593738079071045	ambig_opp_strand	unspliced	1437	12	ENST00000388718.5	FLG2	ENSG00000143520.6	mrna
A00839:75:H7MFFDSXY:3:2578:11668:25927	chr1	152357547	152357696	True	-357	150M	255	0	5	0.6973992586135864	ambig_opp_strand	unspliced	-1	12	.	.	.	mrna
A00839:75:H7MFFDSXY:3:2371:15845:35790	chr1	152356777	152356926	True	-391	150M	255	0	5	0.9352996945381165	ambig_opp_strand	unspliced	-1	12	.	.	.	mrna
A00839:75:H7MFFDSXY:3:1128:31810:8703	chr1	152351021	152351170	False	267	150M	255	0	3	0.8655915260314941	ambig_opp_strand	unspliced	1437	12	ENST00000388718.5	FLG2	ENSG00000143520.6	mrna
A00839:75:H7MFFDSXY:3:2464:1994:21198	chr1	152357484	152357633	False	209	150M	255	0	5	0.21855418384075165	ambig_opp_strand	unspliced	-1	12	.	.	.	mrna
A00839:75:H7MFFDSXY:3:1215:18014:35289	chr1	152355280	152355429	False	206	150M	255	0	3	0.8761914968490601	ambig_opp_strand	unspliced	1437	12	ENST00000388718.5	FLG2	ENSG00000143520.6	mrna
A00839:75:H7MFFDSXY:3:1564:26738:3959	chr1	152357384	152357533	False	282	150M	255	0	25	0.6533602476119995	ambig_opp_strand	unspliced	1437	12	RIGEL_NRNA_chr1_2_152348734_152360006		RIGEL_NRNA_chr1_2_152348734_152360006	nrna
A00839:75:H7MFFDSXY:3:1429:29297:1689	chr1	152357592	152357741	True	-400	150M	255	0	5	0.9302594065666199	ambig_opp_strand	unspliced	-1	12	.	.	.	mrna
A00839:75:H7MFFDSXY:3:1275:4598:31845	chr1	152357288	152357437	False	271	150M	255	0	3	0.8635894060134888	ambig_opp_strand	unspliced	1437	12	ENST00000388718.5	FLG2	ENSG00000143520.6	mrna
A00839:75:H7MFFDSXY:3:2372:16297:26616	chr1	152353438	152353585	False	345	2S148M	255	0	3	0.6829542517662048	ambig_opp_strand	unspliced	1437	12	ENST00000388718.5	FLG2	ENSG00000143520.6	mrna
A00839:75:H7MFFDSXY:3:1512:15456:13103	chr1	152358769	152358918	False	179	150M	255	0	25	0.7382913827896118	ambig_opp_strand	unspliced	1437	12	RIGEL_NRNA_chr1_2_152348734_152360006		RIGEL_NRNA_chr1_2_152348734_152360006	nrna
A00839:75:H7MFFDSXY:3:2309:29776:35336	chr1	152351915	152352064	False	17	150M	255	0	3	0.8770505785942078	ambig_opp_strand	unspliced	1437	12	ENST00000388718.5	FLG2	ENSG00000143520.6	mrna
A00839:75:H7MFFDSXY:3:1639:6903:36902	chr1	152355328	152355477	True	-465	150M	255	0	5	0.9295021295547485	ambig_opp_strand	unspliced	-1	12	.	.	.	mrna
A00839:75:H7MFFDSXY:3:2167:21495:12727	chr1	152353209	152353358	False	257	150M	255	0	3	0.8706756234169006	ambig_opp_strand	unspliced	1437	12	ENST00000388718.5	FLG2	ENSG00000143520.6	mrna
A00839:75:H7MFFDSXY:3:2552:11885:14027	chr1	152351041	152351190	True	-175	150M	255	0	5	0.13444039225578308	ambig_opp_strand	unspliced	-1	12	.	.	.	mrna
A00839:75:H7MFFDSXY:3:1107:17571:7091	chr1	152353035	152353122	True	-319	88M	255	0	25	0.5950044393539429	ambig_opp_strand	unspliced	1437	12	RIGEL_NRNA_chr1_1_152335378_152364080		RIGEL_NRNA_chr1_1_152335378_152364080	nrna
A00839:75:H7MFFDSXY:3:1521:5909:14450	chr1	152351859	152351939	True	-306	81M	255	0	25	0.6666442155838013	ambig_opp_strand	unspliced	1437	12	RIGEL_NRNA_chr1_1_152335378_152364080		RIGEL_NRNA_chr1_1_152335378_152364080	nrna
A00839:75:H7MFFDSXY:3:2145:7292:12273	chr1	152357403	152357552	False	478	150M	255	0	5	0.9678789377212524	ambig_opp_strand	unspliced	-1	12	.	.	.	mrna
A00839:75:H7MFFDSXY:3:1505:3088:29262	chr1	152354351	152354500	True	-349	150M	255	0	5	0.6230829954147339	ambig_opp_strand	unspliced	-1	12	.	.	.	mrna
A00839:75:H7MFFDSXY:3:1165:24288:32565	chr1	152356526	152356675	True	-520	150M	255	0	5	0.9244899153709412	ambig_opp_strand	unspliced	-1	12	.	.	.	mrna
A00839:75:H7MFFDSXY:3:2664:27859:24251	chr1	152351427	152351536	True	-335	110M	255	0	25	0.482364684343338	ambig_opp_strand	unspliced	1437	12	RIGEL_NRNA_chr1_1_152335378_152364080		RIGEL_NRNA_chr1_1_152335378_152364080	nrna
A00839:75:H7MFFDSXY:3:2153:31991:17503	chr1	152354540	152354689	False	383	150M	255	0	5	0.7054384350776672	ambig_opp_strand	unspliced	-1	12	.	.	.	mrna
A00839:75:H7MFFDSXY:3:1478:16260:6292	chr1	152357329	152357478	True	-412	150M	255	0	5	0.9324856996536255	ambig_opp_strand	unspliced	-1	12	.	.	.	mrna
A00839:75:H7MFFDSXY:3:1228:32136:10457	chr1	152351549	152351688	False	365	140M	255	0	5	0.44588160514831543	ambig_opp_strand	unspliced	-1	12	.	.	.	mrna
A00839:75:H7MFFDSXY:3:2178:18059:28103	chr1	152353687	152353836	False	397	150M	255	0	3	0.21226651966571808	ambig_opp_strand	unspliced	1437	12	ENST00000388718.5	FLG2	ENSG00000143520.6	mrna
A00839:75:H7MFFDSXY:3:2277:17192:8719	chr1	152351144	152351293	True	-280	150M	255	0	25	0.7579355835914612	ambig_opp_strand	unspliced	1437	12	RIGEL_NRNA_chr1_1_152335378_152364080		RIGEL_NRNA_chr1_1_152335378_152364080	nrna
A00839:75:H7MFFDSXY:3:1668:27335:6464	chr1	152355870	152356019	False	183	150M	255	0	3	0.8716685771942139	ambig_opp_strand	unspliced	1437	12	ENST00000388718.5	FLG2	ENSG00000143520.6	mrna
A00839:75:H7MFFDSXY:3:1604:32669:15107	chr1	152351844	152351993	False	310	150M	255	0	3	0.8198214173316956	ambig_opp_strand	unspliced	1437	12	ENST00000388718.5	FLG2	ENSG00000143520.6	mrna
A00839:75:H7MFFDSXY:3:2448:10610:11882	chr1	152353438	152353587	False	434	150M	255	0	5	0.7741549611091614	ambig_opp_strand	unspliced	-1	12	.	.	.	mrna
A00839:75:H7MFFDSXY:3:1350:14027:36151	chr1	152356252	152356368	True	-117	117M	255	0	25	0.44306129217147827	ambig_opp_strand	unspliced	1437	12	RIGEL_NRNA_chr1_1_152335378_152364080		RIGEL_NRNA_chr1_1_152335378_152364080	nrna
A00839:75:H7MFFDSXY:3:1177:16586:25958	chr1	152356097	152356246	True	-179	150M	255	0	25	0.06390833854675293	ambig_opp_strand	unspliced	1437	12	RIGEL_NRNA_chr1_1_152189332_152365557		RIGEL_NRNA_chr1_1_152189332_152365557	nrna
A00839:75:H7MFFDSXY:3:2508:18285:15562	chr1	152352229	152352279	False	507	51M	255	0	5	0.7581638097763062	ambig_opp_strand	unspliced	-1	12	.	.	.	mrna
A00839:75:H7MFFDSXY:3:2530:9326:30076	chr1	152354280	152354429	True	-176	150M	255	0	5	0.1349785327911377	ambig_opp_strand	unspliced	-1	12	.	.	.	mrna
A00839:75:H7MFFDSXY:3:2117:26042:31720	chr1	152353232	152353334	False	334	103M	255	0	3	0.7501072883605957	ambig_opp_strand	unspliced	1437	12	ENST00000388718.5	FLG2	ENSG00000143520.6	mrna
A00839:75:H7MFFDSXY:3:1471:10031:17300	chr1	152353588	152353737	False	342	150M	255	0	3	0.7070009708404541	ambig_opp_strand	unspliced	1437	12	ENST00000388718.5	FLG2	ENSG00000143520.6	mrna
A00839:75:H7MFFDSXY:3:2508:30960:2253	chr1	152353589	152353738	False	325	150M	255	1	3	0.7824769616127014	ambig_opp_strand	unspliced	1437	12	ENST00000388718.5	FLG2	ENSG00000143520.6	mrna
A00839:75:H7MFFDSXY:3:2534:11008:10285	chr1	152351666	152351763	False	323	98M	255	0	3	0.7879531979560852	ambig_opp_strand	unspliced	1437	12	ENST00000388718.5	FLG2	ENSG00000143520.6	mrna
A00839:75:H7MFFDSXY:3:1326:14986:34679	chr1	152356431	152356580	False	373	150M	255	0	5	0.5704968571662903	ambig_opp_strand	unspliced	-1	12	.	.	.	mrna
A00839:75:H7MFFDSXY:3:2444:5819:29543	chr1	152352693	152352842	True	-493	150M	255	0	5	0.9295766949653625	ambig_opp_strand	unspliced	-1	12	.	.	.	mrna
A00839:75:H7MFFDSXY:3:2643:11487:3317	chr1	152357058	152357207	True	-354	150M	255	0	5	0.6764689683914185	ambig_opp_strand	unspliced	-1	12	.	.	.	mrna
A00839:75:H7MFFDSXY:3:2163:27163:3380	chr1	152350753	152350902	True	-235	150M	255	0	25	0.8203124403953552	ambig_opp_strand	unspliced	1437	12	RIGEL_NRNA_chr1_1_152335378_152364080		RIGEL_NRNA_chr1_1_152335378_152364080	nrna
A00839:75:H7MFFDSXY:3:1243:26793:9659	chr1	152355152	152355301	True	-251	150M	255	0	25	0.8085024356842041	ambig_opp_strand	unspliced	1437	12	RIGEL_NRNA_chr1_1_152335378_152364080		RIGEL_NRNA_chr1_1_152335378_152364080	nrna
A00839:75:H7MFFDSXY:3:1540:12979:26850	chr1	152356387	152356536	True	-183	150M	255	0	5	0.12425334006547928	ambig_opp_strand	unspliced	-1	12	.	.	.	mrna
A00839:75:H7MFFDSXY:3:1374:26449:33238	chr1	152351667	152351816	True	-445	150M	255	0	5	0.9166716933250427	ambig_opp_strand	unspliced	-1	12	.	.	.	mrna
A00839:75:H7MFFDSXY:3:1120:9842:17253	chr1	152353925	152354074	False	257	150M	255	0	3	0.8706756234169006	ambig_opp_strand	unspliced	1437	12	ENST00000388718.5	FLG2	ENSG00000143520.6	mrna
A00839:75:H7MFFDSXY:3:2144:10854:13933	chr1	152356662	152356811	False	523	150M	255	0	5	0.6915750503540039	ambig_opp_strand	unspliced	-1	12	.	.	.	mrna
A00839:75:H7MFFDSXY:3:2363:2202:22717	chr1	152350676	152350825	False	304	150M	255	0	3	0.8305461406707764	ambig_opp_strand	unspliced	1437	12	ENST00000388718.5	FLG2	ENSG00000143520.6	mrna
A00839:75:H7MFFDSXY:3:1442:19831:12195	chr1	152356424	152356573	False	268	150M	255	0	3	0.865267813205719	ambig_opp_strand	unspliced	1437	12	ENST00000388718.5	FLG2	ENSG00000143520.6	mrna
A00839:75:H7MFFDSXY:3:1347:30499:6183	chr1	152356943	152357092	False	385	150M	255	0	3	0.24650080502033234	ambig_opp_strand	unspliced	1437	12	ENST00000388718.5	FLG2	ENSG00000143520.6	mrna
A00839:75:H7MFFDSXY:3:2161:5891:2926	chr1	152352452	152352601	False	168	150M	255	0	3	0.865489661693573	ambig_opp_strand	unspliced	1437	12	ENST00000388718.5	FLG2	ENSG00000143520.6	mrna
A00839:75:H7MFFDSXY:3:2540:3097:16313	chr1	152354458	152354607	False	240	150M	255	0	3	0.8755958676338196	ambig_opp_strand	unspliced	1437	12	ENST00000388718.5	FLG2	ENSG00000143520.6	mrna
A00839:75:H7MFFDSXY:3:1235:15094:27289	chr1	152351961	152352110	True	-384	150M	255	0	5	0.9103489518165588	ambig_opp_strand	unspliced	-1	12	.	.	.	mrna
A00839:75:H7MFFDSXY:3:1511:1380:13025	chr1	152352387	152352536	True	-392	150M	255	0	5	0.9308454990386963	ambig_opp_strand	unspliced	-1	12	.	.	.	mrna
A00839:75:H7MFFDSXY:3:1265:28339:24455	chr1	152351337	152351486	True	-437	150M	255	0	5	0.9359560608863831	ambig_opp_strand	unspliced	-1	12	.	.	.	mrna
A00839:75:H7MFFDSXY:3:1674:23520:4366	chr1	152354832	152354981	False	263	150M	255	0	3	0.8681514859199524	ambig_opp_strand	unspliced	1437	12	ENST00000388718.5	FLG2	ENSG00000143520.6	mrna
A00839:75:H7MFFDSXY:3:1126:14118:25661	chr1	152355980	152356129	True	-428	150M	255	0	25	0.9189491868019104	ambig_opp_strand	spliced_unannot	1437	11	RIGEL_NRNA_chr1_1_152335378_152364080		RIGEL_NRNA_chr1_1_152335378_152364080	nrna
A00839:75:H7MFFDSXY:3:1626:25780:35023	chr1	152353830	152353979	True	-350	150M	255	0	5	0.6292032599449158	ambig_opp_strand	unspliced	-1	12	.	.	.	mrna
A00839:75:H7MFFDSXY:3:1531:31539:22983	chr1	152350802	152350951	False	306	150M	255	1	5	0.08191075921058655	ambig_opp_strand	unspliced	-1	12	.	.	.	mrna
A00839:75:H7MFFDSXY:3:2431:18719:17534	chr1	152357166	152357315	True	-265	150M	255	0	25	0.7870407700538635	ambig_opp_strand	unspliced	1437	12	RIGEL_NRNA_chr1_1_152335378_152364080		RIGEL_NRNA_chr1_1_152335378_152364080	nrna
A00839:75:H7MFFDSXY:3:1232:20274:24111	chr1	152350723	152350872	False	698	150M	255	0	25	0.09104231745004654	ambig_opp_strand	unspliced	1437	12	RIGEL_NRNA_chr1_2_152348734_152360006		RIGEL_NRNA_chr1_2_152348734_152360006	nrna
A00839:75:H7MFFDSXY:3:1160:21712:7999	chr1	152351875	152352024	True	-194	150M	255	0	25	0.816551685333252	ambig_opp_strand	unspliced	1437	12	RIGEL_NRNA_chr1_1_152335378_152364080		RIGEL_NRNA_chr1_1_152335378_152364080	nrna
A00839:75:H7MFFDSXY:3:2427:10176:14512	chr1	152355461	152355529	False	750	69M	255	0	3	0.8515195250511169	ambig_opp_strand	unspliced	1437	12	ENST00000388718.5	FLG2	ENSG00000143520.6	mrna
A00839:75:H7MFFDSXY:3:1172:5258:29637	chr1	152352948	152353097	False	315	150M	255	2	5	0.10087713599205017	ambig_opp_strand	unspliced	-1	12	.	.	.	mrna
A00839:75:H7MFFDSXY:3:1601:12608:26835	chr1	152353787	152353936	False	339	150M	255	0	3	0.7253320813179016	ambig_opp_strand	unspliced	1437	12	ENST00000388718.5	FLG2	ENSG00000143520.6	mrna
A00839:75:H7MFFDSXY:3:2414:18087:33849	chr1	152356546	152356695	False	391	150M	255	0	5	0.7731274366378784	ambig_opp_strand	unspliced	-1	12	.	.	.	mrna
A00839:75:H7MFFDSXY:3:1457:14100:36652	chr1	152352543	152352692	False	417	150M	255	0	5	0.7844900488853455	ambig_opp_strand	unspliced	-1	12	.	.	.	mrna
A00839:75:H7MFFDSXY:3:1228:3830:15765	chr1	152353843	152353992	True	-438	150M	255	0	5	0.9284497499465942	ambig_opp_strand	unspliced	-1	12	.	.	.	mrna
A00839:75:H7MFFDSXY:3:2464:31241:18834	chr1	152354059	152354208	False	163	150M	255	1	3	0.8622211217880249	ambig_opp_strand	unspliced	1437	12	ENST00000388718.5	FLG2	ENSG00000143520.6	mrna
A00839:75:H7MFFDSXY:3:1149:10673:20008	chr1	152355278	152355360	True	-314	83M	255	0	5	0.3208288252353668	ambig_opp_strand	unspliced	-1	12	.	.	.	mrna
A00839:75:H7MFFDSXY:3:1342:16676:5603	chr1	152353329	152353478	False	293	150M	255	4	3	0.8464142680168152	ambig_opp_strand	unspliced	1437	12	ENST00000388718.5	FLG2	ENSG00000143520.6	mrna
A00839:75:H7MFFDSXY:3:2204:7120:25473	chr1	152356839	152356988	False	252	150M	255	0	3	0.8729961514472961	ambig_opp_strand	unspliced	1437	12	ENST00000388718.5	FLG2	ENSG00000143520.6	mrna
A00839:75:H7MFFDSXY:3:1336:30843:21809	chr1	152354202	152354351	True	-245	150M	255	0	25	0.8153706789016724	ambig_opp_strand	unspliced	1437	12	RIGEL_NRNA_chr1_1_152335378_152364080		RIGEL_NRNA_chr1_1_152335378_152364080	nrna
A00839:75:H7MFFDSXY:3:1256:7292:10958	chr1	152355250	152355399	False	225	150M	255	0	3	0.8769586086273193	ambig_opp_strand	unspliced	1437	12	ENST00000388718.5	FLG2	ENSG00000143520.6	mrna
A00839:75:H7MFFDSXY:3:2114:26982:18223	chr1	152353150	152353299	False	286	150M	255	0	3	0.852739691734314	ambig_opp_strand	unspliced	1437	12	ENST00000388718.5	FLG2	ENSG00000143520.6	mrna
A00839:75:H7MFFDSXY:3:2515:13648:30201	chr1	152353204	152353353	True	-261	150M	255	0	25	0.7956955432891846	ambig_opp_strand	unspliced	1437	12	RIGEL_NRNA_chr1_1_152335378_152364080		RIGEL_NRNA_chr1_1_152335378_152364080	nrna
A00839:75:H7MFFDSXY:3:2322:5195:18349	chr1	152356927	152357076	True	-239	150M	255	0	25	0.8192194700241089	ambig_opp_strand	unspliced	1437	12	RIGEL_NRNA_chr1_1_152335378_152364080		RIGEL_NRNA_chr1_1_152335378_152364080	nrna
A00839:75:H7MFFDSXY:3:1132:27218:19413	chr1	152350850	152350948	False	324	99M	255	0	5	0.12677058577537537	ambig_opp_strand	unspliced	-1	12	.	.	.	mrna
A00839:75:H7MFFDSXY:3:2461:30942:36198	chr1	152357580	152357729	True	-234	150M	255	0	25	0.8223148584365845	ambig_opp_strand	unspliced	1437	12	RIGEL_NRNA_chr1_1_152335378_152364080		RIGEL_NRNA_chr1_1_152335378_152364080	nrna
A00839:75:H7MFFDSXY:3:2212:4580:12211	chr1	152355187	152355336	False	479	150M	255	0	3	0.22873106598854065	ambig_opp_strand	unspliced	1437	12	ENST00000388718.5	FLG2	ENSG00000143520.6	mrna
A00839:75:H7MFFDSXY:3:2520:22616:15953	chr1	152354452	152354601	True	-400	150M	255	1	5	0.9300727248191833	ambig_opp_strand	unspliced	-1	12	.	.	.	mrna
A00839:75:H7MFFDSXY:3:2168:13141:29857	chr1	152355189	152355338	False	278	150M	255	0	3	0.8588874340057373	ambig_opp_strand	unspliced	1437	12	ENST00000388718.5	FLG2	ENSG00000143520.6	mrna
A00839:75:H7MFFDSXY:3:1402:6271:18865	chr1	152351437	152351586	True	-354	150M	255	0	5	0.6764689683914185	ambig_opp_strand	unspliced	-1	12	.	.	.	mrna
A00839:75:H7MFFDSXY:3:1119:27326:5885	chr1	152350564	152350713	False	375	150M	255	1	5	0.5958623290061951	ambig_opp_strand	unspliced	-1	12	.	.	.	mrna
A00839:75:H7MFFDSXY:3:2455:28565:25285	chr1	152350582	152350731	False	324	150M	255	0	3	0.7866252064704895	ambig_opp_strand	unspliced	1437	12	ENST00000388718.5	FLG2	ENSG00000143520.6	mrna
A00839:75:H7MFFDSXY:3:2602:30996:12493	chr1	152357487	152357636	False	336	150M	255	0	5	0.6841911673545837	ambig_opp_strand	unspliced	-1	12	.	.	.	mrna
A00839:75:H7MFFDSXY:3:2673:9995:1329	chr1	152357455	152357604	True	-408	150M	255	0	5	0.9367938041687012	ambig_opp_strand	unspliced	-1	12	.	.	.	mrna
A00839:75:H7MFFDSXY:3:2547:7148:7138	chr1	152354059	152354208	False	362	150M	255	0	5	0.4170357286930084	ambig_opp_strand	unspliced	-1	12	.	.	.	mrna
A00839:75:H7MFFDSXY:3:2359:16514:2816	chr1	152357469	152357618	False	395	150M	255	0	5	0.9711711406707764	ambig_opp_strand	unspliced	-1	12	.	.	.	mrna
A00839:75:H7MFFDSXY:3:1524:11315:24752	chr1	152356351	152356500	False	300	150M	255	0	25	0.09192901849746704	ambig_opp_strand	unspliced	1437	12	RIGEL_NRNA_chr1_2_152348734_152360006		RIGEL_NRNA_chr1_2_152348734_152360006	nrna
A00839:75:H7MFFDSXY:3:2472:24939:24142	chr1	152354152	152354301	True	-305	150M	255	0	25	0.672765851020813	ambig_opp_strand	unspliced	1437	12	RIGEL_NRNA_chr1_1_152335378_152364080		RIGEL_NRNA_chr1_1_152335378_152364080	nrna
A00839:75:H7MFFDSXY:3:2118:25925:11162	chr1	152352454	152352603	False	495	150M	255	0	3	0.22264227271080017	ambig_opp_strand	unspliced	1437	12	ENST00000388718.5	FLG2	ENSG00000143520.6	mrna
A00839:75:H7MFFDSXY:3:1640:6786:3787	chr1	152355764	152355913	True	-358	150M	255	0	5	0.712550699710846	ambig_opp_strand	unspliced	-1	12	.	.	.	mrna
A00839:75:H7MFFDSXY:3:2164:13991:7936	chr1	152357070	152357219	True	-305	150M	255	0	25	0.672765851020813	ambig_opp_strand	unspliced	1437	12	RIGEL_NRNA_chr1_1_152335378_152364080		RIGEL_NRNA_chr1_1_152335378_152364080	nrna
A00839:75:H7MFFDSXY:3:1506:31828:35916	chr1	152357013	152357162	False	367	150M	255	0	3	0.46771761775016785	ambig_opp_strand	unspliced	1437	12	ENST00000388718.5	FLG2	ENSG00000143520.6	mrna
A00839:75:H7MFFDSXY:3:1178:21025:31861	chr1	152350677	152350826	True	-284	150M	255	0	25	0.7473503351211548	ambig_opp_strand	unspliced	1437	12	RIGEL_NRNA_chr1_1_152335378_152364080		RIGEL_NRNA_chr1_1_152335378_152364080	nrna
A00839:75:H7MFFDSXY:3:2475:5285:30311	chr1	152354466	152354615	False	451	150M	255	0	5	0.7742236256599426	ambig_opp_strand	unspliced	-1	12	.	.	.	mrna
A00839:75:H7MFFDSXY:3:1621:21233:2347	chr1	152351894	152352043	True	-487	150M	255	0	5	0.9211502075195312	ambig_opp_strand	unspliced	-1	12	.	.	.	mrna
A00839:75:H7MFFDSXY:3:2264:25663:34757	chr1	152356015	152356164	False	482	150M	255	0	5	0.7652661204338074	ambig_opp_strand	unspliced	-1	12	.	.	.	mrna
A00839:75:H7MFFDSXY:3:2471:24343:33661	chr1	152353599	152353748	False	329	150M	255	0	3	0.7693861722946167	ambig_opp_strand	unspliced	1437	12	ENST00000388718.5	FLG2	ENSG00000143520.6	mrna
A00839:75:H7MFFDSXY:3:1174:27046:25003	chr1	152355448	152355526	False	310	79M	255	0	3	0.8198214769363403	ambig_opp_strand	unspliced	1437	12	ENST00000388718.5	FLG2	ENSG00000143520.6	mrna
A00839:75:H7MFFDSXY:3:2448:17164:29904	chr1	152355736	152355882	False	372	147M	255	1	5	0.5482627153396606	ambig_opp_strand	unspliced	-1	12	.	.	.	mrna
A00839:75:H7MFFDSXY:3:2673:3784:26115	chr1	152353008	152353157	False	31	150M	255	0	3	0.8770505785942078	ambig_opp_strand	unspliced	1437	12	ENST00000388718.5	FLG2	ENSG00000143520.6	mrna
A00839:75:H7MFFDSXY:3:1449:22290:4899	chr1	152350583	152350732	False	323	150M	255	0	5	0.12529638409614563	ambig_opp_strand	unspliced	-1	12	.	.	.	mrna
A00839:75:H7MFFDSXY:3:1613:28474:26318	chr1	152356393	152356542	False	172	150M	255	0	3	0.8674907088279724	ambig_opp_strand	unspliced	1437	12	ENST00000388718.5	FLG2	ENSG00000143520.6	mrna
A00839:75:H7MFFDSXY:3:1358:13467:12383	chr1	152356986	152357135	True	-350	150M	255	0	25	0.34074339270591736	ambig_opp_strand	unspliced	1437	12	RIGEL_NRNA_chr1_1_152335378_152364080		RIGEL_NRNA_chr1_1_152335378_152364080	nrna
A00839:75:H7MFFDSXY:3:1318:13612:15233	chr1	152353417	152353485	False	300	69M	255	0	3	0.8364787697792053	ambig_opp_strand	unspliced	1437	12	ENST00000388718.5	FLG2	ENSG00000143520.6	mrna
A00839:75:H7MFFDSXY:3:1102:4453:34788	chr1	152350685	152350834	True	-167	150M	255	0	25	0.781233012676239	ambig_opp_strand	unspliced	1437	12	RIGEL_NRNA_chr1_1_152335378_152364080		RIGEL_NRNA_chr1_1_152335378_152364080	nrna
A00839:75:H7MFFDSXY:3:1315:22498:10488	chr1	152351978	152352127	True	-294	150M	255	0	25	0.717779278755188	ambig_opp_strand	unspliced	1437	12	RIGEL_NRNA_chr1_1_152335378_152364080		RIGEL_NRNA_chr1_1_152335378_152364080	nrna
A00839:75:H7MFFDSXY:3:1247:22968:25238	chr1	152356030	152356179	True	-217	150M	255	0	25	0.82429039478302	ambig_opp_strand	unspliced	1437	12	RIGEL_NRNA_chr1_1_152335378_152364080		RIGEL_NRNA_chr1_1_152335378_152364080	nrna
A00839:75:H7MFFDSXY:3:1150:16071:10880	chr1	152353646	152353795	False	365	150M	255	0	3	0.49916261434555054	ambig_opp_strand	unspliced	1437	12	ENST00000388718.5	FLG2	ENSG00000143520.6	mrna
A00839:75:H7MFFDSXY:3:1610:31268:18537	chr1	152355983	152356132	True	-413	150M	3	0	128	0.0	.	unknown	-1	0	.	.	.	mrna
A00839:75:H7MFFDSXY:3:1625:9127:19304	chr1	152350754	152350903	False	157	150M	255	0	3	0.8565027713775635	ambig_opp_strand	unspliced	1437	12	ENST00000388718.5	FLG2	ENSG00000143520.6	mrna
A00839:75:H7MFFDSXY:3:1667:16676:18035	chr1	152355070	152355219	False	414	150M	255	0	5	0.7759493589401245	ambig_opp_strand	unspliced	-1	12	.	.	.	mrna
A00839:75:H7MFFDSXY:3:1325:28040:17394	chr1	152354378	152354527	True	-296	150M	255	0	25	0.7106670141220093	ambig_opp_strand	unspliced	1437	12	RIGEL_NRNA_chr1_1_152335378_152364080		RIGEL_NRNA_chr1_1_152335378_152364080	nrna
A00839:75:H7MFFDSXY:3:2106:27995:32158	chr1	152354200	152354349	True	-441	150M	255	0	5	0.9355159997940063	ambig_opp_strand	unspliced	-1	12	.	.	.	mrna
A00839:75:H7MFFDSXY:3:2357:10682:13917	chr1	152354127	152354276	True	-304	150M	255	0	25	0.6762240529060364	ambig_opp_strand	unspliced	1437	12	RIGEL_NRNA_chr1_1_152335378_152364080		RIGEL_NRNA_chr1_1_152335378_152364080	nrna
A00839:75:H7MFFDSXY:3:2146:6135:31626	chr1	152355978	152356127	True	-421	150M	255	0	5	0.9397541880607605	ambig_opp_strand	unspliced	-1	12	.	.	.	mrna
A00839:75:H7MFFDSXY:3:1169:31286:21699	chr1	152354585	152354734	True	-233	150M	255	0	25	0.8206474184989929	ambig_opp_strand	unspliced	1437	12	RIGEL_NRNA_chr1_1_152335378_152364080		RIGEL_NRNA_chr1_1_152335378_152364080	nrna
A00839:75:H7MFFDSXY:3:2476:11668:30217	chr1	152351085	152351151	True	-292	67M	255	0	25	0.7253783345222473	ambig_opp_strand	unspliced	1437	12	RIGEL_NRNA_chr1_1_152335378_152364080		RIGEL_NRNA_chr1_1_152335378_152364080	nrna
A00839:75:H7MFFDSXY:3:1147:13937:23782	chr1	152354785	152354934	True	-438	150M	255	0	5	0.9284497499465942	ambig_opp_strand	unspliced	-1	12	.	.	.	mrna
A00839:75:H7MFFDSXY:3:1343:2573:35321	chr1	152353560	152353698	False	370	139M	255	0	5	0.5283640623092651	ambig_opp_strand	unspliced	-1	12	.	.	.	mrna
A00839:75:H7MFFDSXY:3:2664:28176:21919	chr1	152354987	152355136	False	408	150M	255	0	5	0.7774754166603088	ambig_opp_strand	unspliced	-1	12	.	.	.	mrna
A00839:75:H7MFFDSXY:3:2556:30572:22467	chr1	152352458	152352580	False	348	123M	255	0	5	0.263083279132843	ambig_opp_strand	unspliced	-1	12	.	.	.	mrna
A00839:75:H7MFFDSXY:3:2504:16975:3959	chr1	152354041	152354190	False	326	150M	255	0	3	0.7785993218421936	ambig_opp_strand	unspliced	1437	12	ENST00000388718.5	FLG2	ENSG00000143520.6	mrna
A00839:75:H7MFFDSXY:3:2638:3025:1626	chr1	152356684	152356833	True	-490	150M	255	0	5	0.9301965236663818	ambig_opp_strand	unspliced	-1	12	.	.	.	mrna
A00839:75:H7MFFDSXY:3:1470:14669:25958	chr1	152357124	152357273	False	407	150M	255	0	5	0.7572895884513855	ambig_opp_strand	unspliced	-1	12	.	.	.	mrna
A00839:75:H7MFFDSXY:3:1516:1190:29731	chr1	152354171	152354320	False	297	150M	255	0	3	0.8415139317512512	ambig_opp_strand	unspliced	1437	12	ENST00000388718.5	FLG2	ENSG00000143520.6	mrna
A00839:75:H7MFFDSXY:3:2577:29794:26256	chr1	152350668	152350817	False	444	150M	255	0	5	0.7724507451057434	ambig_opp_strand	unspliced	-1	12	.	.	.	mrna
A00839:75:H7MFFDSXY:3:1130:29234:15295	chr1	152351255	152351404	True	-187	150M	255	0	5	0.11878358572721481	ambig_opp_strand	unspliced	-1	12	.	.	.	mrna
A00839:75:H7MFFDSXY:3:1564:4815:10645	chr1	152351642	152351711	False	295	70M	255	0	3	0.8436314463615417	ambig_opp_strand	unspliced	1437	12	ENST00000388718.5	FLG2	ENSG00000143520.6	mrna
A00839:75:H7MFFDSXY:3:2655:12879:15593	chr1	152351275	152351424	True	-240	150M	255	0	25	0.8188676834106445	ambig_opp_strand	unspliced	1437	12	RIGEL_NRNA_chr1_1_152335378_152364080		RIGEL_NRNA_chr1_1_152335378_152364080	nrna
A00839:75:H7MFFDSXY:3:1247:1705:3818	chr1	152352406	152352555	False	227	150M	255	0	3	0.8766814470291138	ambig_opp_strand	unspliced	1437	12	ENST00000388718.5	FLG2	ENSG00000143520.6	mrna
A00839:75:H7MFFDSXY:3:1212:10565:34006	chr1	152355967	152356116	False	421	150M	255	0	5	0.7861948013305664	ambig_opp_strand	unspliced	-1	12	.	.	.	mrna
A00839:75:H7MFFDSXY:3:2640:7645:2268	chr1	152351089	152351172	False	309	84M	255	0	3	0.8205549716949463	ambig_opp_strand	unspliced	1437	12	ENST00000388718.5	FLG2	ENSG00000143520.6	mrna
A00839:75:H7MFFDSXY:3:2145:18349:20838	chr1	152357010	152357159	True	-245	150M	255	0	25	0.8153706789016724	ambig_opp_strand	unspliced	1437	12	RIGEL_NRNA_chr1_1_152335378_152364080		RIGEL_NRNA_chr1_1_152335378_152364080	nrna
A00839:75:H7MFFDSXY:3:1469:30020:34475	chr1	152351081	152351230	False	267	150M	255	0	3	0.8655915260314941	ambig_opp_strand	unspliced	1437	12	ENST00000388718.5	FLG2	ENSG00000143520.6	mrna
A00839:75:H7MFFDSXY:3:1551:22209:29434	chr1	152355187	152355328	True	-373	142M	255	0	5	0.8492748141288757	ambig_opp_strand	unspliced	-1	12	.	.	.	mrna
A00839:75:H7MFFDSXY:3:1635:13114:4758	chr1	152356793	152356942	False	205	150M	255	0	25	0.09629719704389572	ambig_opp_strand	unspliced	1437	12	RIGEL_NRNA_chr1_2_152348734_152360006		RIGEL_NRNA_chr1_2_152348734_152360006	nrna
A00839:75:H7MFFDSXY:3:1258:9616:29293	chr1	152354367	152354516	True	-333	150M	255	0	5	0.455704003572464	ambig_opp_strand	unspliced	-1	12	.	.	.	mrna
A00839:75:H7MFFDSXY:3:1260:13738:9408	chr1	152356096	152356245	False	558	150M	255	0	3	0.3479868471622467	ambig_opp_strand	unspliced	1437	12	ENST00000388718.5	FLG2	ENSG00000143520.6	mrna
A00839:75:H7MFFDSXY:3:1114:5394:33098	chr1	152352062	152352211	False	350	150M	255	1	5	0.285723477602005	ambig_opp_strand	unspliced	-1	12	.	.	.	mrna
A00839:75:H7MFFDSXY:3:2163:24153:16642	chr1	152357144	152357293	True	-458	150M	255	0	5	0.932711660861969	ambig_opp_strand	unspliced	-1	12	.	.	.	mrna
A00839:75:H7MFFDSXY:3:1558:32696:25833	chr1	152353934	152354083	True	-280	150M	255	0	25	0.7579355835914612	ambig_opp_strand	unspliced	1437	12	RIGEL_NRNA_chr1_1_152335378_152364080		RIGEL_NRNA_chr1_1_152335378_152364080	nrna
A00839:75:H7MFFDSXY:3:2140:24505:33849	chr1	152352127	152352276	True	-186	150M	255	0	25	0.8076047897338867	ambig_opp_strand	unspliced	1437	12	RIGEL_NRNA_chr1_1_152335378_152364080		RIGEL_NRNA_chr1_1_152335378_152364080	nrna
A00839:75:H7MFFDSXY:3:1277:9118:9017	chr1	152357464	152357613	True	-164	150M	255	0	25	0.7744255065917969	ambig_opp_strand	unspliced	1437	12	RIGEL_NRNA_chr1_1_152335378_152364080		RIGEL_NRNA_chr1_1_152335378_152364080	nrna
A00839:75:H7MFFDSXY:3:2404:28537:14184	chr1	152355085	152355213	True	-360	129M	255	0	25	0.25107452273368835	ambig_opp_strand	unspliced	1437	12	RIGEL_NRNA_chr1_1_152335378_152364080		RIGEL_NRNA_chr1_1_152335378_152364080	nrna
A00839:75:H7MFFDSXY:3:1406:18439:5838	chr1	152354227	152354376	True	-325	150M	255	1	25	0.5597921013832092	ambig_opp_strand	unspliced	1437	12	RIGEL_NRNA_chr1_1_152335378_152364080		RIGEL_NRNA_chr1_1_152335378_152364080	nrna
A00839:75:H7MFFDSXY:3:1401:29649:18020	chr1	152353207	152353356	True	-323	150M	255	0	25	0.5716105103492737	ambig_opp_strand	unspliced	1437	12	RIGEL_NRNA_chr1_1_152335378_152364080		RIGEL_NRNA_chr1_1_152335378_152364080	nrna
A00839:75:H7MFFDSXY:3:1318:2835:29136	chr1	152350507	152350656	False	349	150M	255	0	3	0.6482163071632385	ambig_opp_strand	unspliced	1437	12	ENST00000388718.5	FLG2	ENSG00000143520.6	mrna
A00839:75:H7MFFDSXY:3:2516:25391:14810	chr1	152354258	152354407	True	-328	150M	255	0	25	0.5407275557518005	ambig_opp_strand	unspliced	1437	12	RIGEL_NRNA_chr1_1_152335378_152364080		RIGEL_NRNA_chr1_1_152335378_152364080	nrna
A00839:75:H7MFFDSXY:3:1351:31421:14763	chr1	152356432	152356581	True	-259	150M	255	0	25	0.7979644536972046	ambig_opp_strand	unspliced	1437	12	RIGEL_NRNA_chr1_1_152335378_152364080		RIGEL_NRNA_chr1_1_152335378_152364080	nrna
A00839:75:H7MFFDSXY:3:2636:27254:15374	chr1	152356664	152356813	False	336	150M	255	0	3	0.7415010929107666	ambig_opp_strand	unspliced	1437	12	ENST00000388718.5	FLG2	ENSG00000143520.6	mrna
A00839:75:H7MFFDSXY:3:2244:14769:33896	chr1	152352648	152352797	False	326	150M	255	0	3	0.7785993218421936	ambig_opp_strand	unspliced	1437	12	ENST00000388718.5	FLG2	ENSG00000143520.6	mrna
A00839:75:H7MFFDSXY:3:1351:19352:27179	chr1	152353853	152354002	False	390	150M	255	0	5	0.7419512271881104	ambig_opp_strand	unspliced	-1	12	.	.	.	mrna
A00839:75:H7MFFDSXY:3:2126:2799:29324	chr1	152354067	152354216	True	-340	150M	255	0	25	0.43865883350372314	ambig_opp_strand	unspliced	1437	12	RIGEL_NRNA_chr1_1_152335378_152364080		RIGEL_NRNA_chr1_1_152335378_152364080	nrna
A00839:75:H7MFFDSXY:3:2508:19669:27289	chr1	152350842	152350945	False	329	104M	255	0	3	0.7693861126899719	ambig_opp_strand	unspliced	1437	12	ENST00000388718.5	FLG2	ENSG00000143520.6	mrna
A00839:75:H7MFFDSXY:3:2129:19090:4993	chr1	152353131	152353280	True	-227	150M	255	0	25	0.8228299617767334	ambig_opp_strand	unspliced	1437	12	RIGEL_NRNA_chr1_1_152335378_152364080		RIGEL_NRNA_chr1_1_152335378_152364080	nrna
A00839:75:H7MFFDSXY:3:1216:12463:29371	chr1	152353647	152353796	True	-282	150M	255	1	25	0.7519654035568237	ambig_opp_strand	unspliced	1437	12	RIGEL_NRNA_chr1_1_152335378_152364080		RIGEL_NRNA_chr1_1_152335378_152364080	nrna
A00839:75:H7MFFDSXY:3:1657:12572:25457	chr1	152356181	152356330	False	211	150M	255	1	3	0.8766130805015564	ambig_opp_strand	unspliced	1437	12	ENST00000388718.5	FLG2	ENSG00000143520.6	mrna
A00839:75:H7MFFDSXY:3:2541:7374:34209	chr1	152351360	152351509	False	271	150M	255	0	5	0.04133293032646179	ambig_opp_strand	unspliced	-1	12	.	.	.	mrna
A00839:75:H7MFFDSXY:3:1267:2618:33677	chr1	152352491	152352640	True	-184	150M	255	0	25	0.8078091740608215	ambig_opp_strand	unspliced	1437	12	RIGEL_NRNA_chr1_1_152335378_152364080		RIGEL_NRNA_chr1_1_152335378_152364080	nrna
A00839:75:H7MFFDSXY:3:1263:9001:24502	chr1	152356959	152357104	False	184	146M	255	0	3	0.8725244998931885	ambig_opp_strand	unspliced	1437	12	ENST00000388718.5	FLG2	ENSG00000143520.6	mrna
A00839:75:H7MFFDSXY:3:2541:5249:22608	chr1	152352088	152352237	False	252	150M	255	0	3	0.8729961514472961	ambig_opp_strand	unspliced	1437	12	ENST00000388718.5	FLG2	ENSG00000143520.6	mrna
A00839:75:H7MFFDSXY:3:1412:11785:31986	chr1	152356976	152357125	False	169	150M	255	0	3	0.8659967184066772	ambig_opp_strand	unspliced	1437	12	ENST00000388718.5	FLG2	ENSG00000143520.6	mrna
A00839:75:H7MFFDSXY:3:1316:11198:28401	chr1	152352003	152352152	False	380	150M	255	0	3	0.3049458861351013	ambig_opp_strand	unspliced	1437	12	ENST00000388718.5	FLG2	ENSG00000143520.6	mrna
A00839:75:H7MFFDSXY:3:2115:12346:23406	chr1	152350858	152351007	True	-342	150M	255	0	5	0.5376670956611633	ambig_opp_strand	unspliced	-1	12	.	.	.	mrna
A00839:75:H7MFFDSXY:3:1531:11957:28307	chr1	152356372	152356521	True	-221	150M	255	0	25	0.8231970071792603	ambig_opp_strand	unspliced	1437	12	RIGEL_NRNA_chr1_1_152335378_152364080		RIGEL_NRNA_chr1_1_152335378_152364080	nrna
A00839:75:H7MFFDSXY:3:1242:5773:25927	chr1	152355692	152355837	False	371	146M	255	0	5	0.5496864914894104	ambig_opp_strand	unspliced	-1	12	.	.	.	mrna
A00839:75:H7MFFDSXY:3:1437:4408:21057	chr1	152356638	152356787	True	-346	150M	255	0	5	0.5845625996589661	ambig_opp_strand	unspliced	-1	12	.	.	.	mrna
A00839:75:H7MFFDSXY:3:1564:13178:2769	chr1	152352967	152353116	False	289	150M	255	0	3	0.8504444360733032	ambig_opp_strand	unspliced	1437	12	ENST00000388718.5	FLG2	ENSG00000143520.6	mrna
A00839:75:H7MFFDSXY:3:1432:10691:27962	chr1	152356750	152356899	False	271	150M	255	0	3	0.8635894060134888	ambig_opp_strand	unspliced	1437	12	ENST00000388718.5	FLG2	ENSG00000143520.6	mrna
A00839:75:H7MFFDSXY:3:1633:25021:25567	chr1	152352398	152352547	False	246	150M	255	0	3	0.8744317293167114	ambig_opp_strand	unspliced	1437	12	ENST00000388718.5	FLG2	ENSG00000143520.6	mrna
A00839:75:H7MFFDSXY:3:2104:21983:9251	chr1	152356890	152357039	False	249	150M	255	0	3	0.8736680150032043	ambig_opp_strand	unspliced	1437	12	ENST00000388718.5	FLG2	ENSG00000143520.6	mrna
A00839:75:H7MFFDSXY:3:1610:27145:30561	chr1	152351755	152351904	False	386	150M	255	0	5	0.7260950803756714	ambig_opp_strand	unspliced	-1	12	.	.	.	mrna
A00839:75:H7MFFDSXY:3:2413:3079:17691	chr1	152353417	152353566	True	-220	150M	255	0	25	0.8234251737594604	ambig_opp_strand	unspliced	1437	12	RIGEL_NRNA_chr1_1_152335378_152364080		RIGEL_NRNA_chr1_1_152335378_152364080	nrna
A00839:75:H7MFFDSXY:3:1343:6488:17268	chr1	152356376	152356525	True	-441	150M	255	0	5	0.9355159997940063	ambig_opp_strand	unspliced	-1	12	.	.	.	mrna
A00839:75:H7MFFDSXY:3:1302:24632:3004	chr1	152357128	152357277	False	384	150M	255	0	5	0.705339789390564	ambig_opp_strand	unspliced	-1	12	.	.	.	mrna
A00839:75:H7MFFDSXY:3:2206:6542:35963	chr1	152357402	152357551	False	254	150M	255	0	25	0.7478654384613037	ambig_opp_strand	unspliced	1437	12	RIGEL_NRNA_chr1_2_152348734_152360006		RIGEL_NRNA_chr1_2_152348734_152360006	nrna
A00839:75:H7MFFDSXY:3:2118:16170:22670	chr1	152352862	152353011	True	-281	150M	255	0	25	0.7539288401603699	ambig_opp_strand	unspliced	1437	12	RIGEL_NRNA_chr1_1_152335378_152364080		RIGEL_NRNA_chr1_1_152335378_152364080	nrna
A00839:75:H7MFFDSXY:3:1434:8296:17707	chr1	152352229	152352378	True	-204	150M	255	0	5	0.10618182271718979	ambig_opp_strand	unspliced	-1	12	.	.	.	mrna
A00839:75:H7MFFDSXY:3:1143:20401:36354	chr1	152351932	152352081	True	-314	150M	255	0	25	0.6241238117218018	ambig_opp_strand	unspliced	1437	12	RIGEL_NRNA_chr1_1_152335378_152364080		RIGEL_NRNA_chr1_1_152335378_152364080	nrna
A00839:75:H7MFFDSXY:3:2344:30879:35556	chr1	152357215	152357364	True	-196	150M	255	1	25	0.8172032237052917	ambig_opp_strand	unspliced	1437	12	RIGEL_NRNA_chr1_1_152335378_152364080		RIGEL_NRNA_chr1_1_152335378_152364080	nrna
A00839:75:H7MFFDSXY:3:1627:25843:24017	chr1	152350572	152350721	False	251	150M	255	0	3	0.872718870639801	ambig_opp_strand	unspliced	1437	12	ENST00000388718.5	FLG2	ENSG00000143520.6	mrna
A00839:75:H7MFFDSXY:3:2244:14525:3505	chr1	152351586	152351735	False	535	150M	255	1	3	0.2722916305065155	ambig_opp_strand	unspliced	1437	12	ENST00000388718.5	FLG2	ENSG00000143520.6	mrna
A00839:75:H7MFFDSXY:3:2416:27877:5932	chr1	152357614	152357763	False	336	150M	255	1	5	0.6841911673545837	ambig_opp_strand	unspliced	-1	12	.	.	.	mrna
A00839:75:H7MFFDSXY:3:1662:20374:20650	chr1	152351362	152351511	False	419	150M	255	0	3	0.1996808648109436	ambig_opp_strand	unspliced	1437	12	ENST00000388718.5	FLG2	ENSG00000143520.6	mrna
A00839:75:H7MFFDSXY:3:2236:22941:30483	chr1	152356823	152356972	False	310	150M	255	0	3	0.8198214769363403	ambig_opp_strand	unspliced	1437	12	ENST00000388718.5	FLG2	ENSG00000143520.6	mrna
A00839:75:H7MFFDSXY:3:1216:5457:33207	chr1	152356650	152356765	True	-116	116M	255	0	5	0.5149568319320679	ambig_opp_strand	unspliced	-1	12	.	.	.	mrna
A00839:75:H7MFFDSXY:3:1631:8910:7216	chr1	152352023	152352172	False	360	150M	255	0	3	0.5536470413208008	ambig_opp_strand	unspliced	1437	12	ENST00000388718.5	FLG2	ENSG00000143520.6	mrna
A00839:75:H7MFFDSXY:3:1451:32000:26694	chr1	152352980	152353129	True	-459	150M	255	1	5	0.9351302981376648	ambig_opp_strand	unspliced	-1	12	.	.	.	mrna
A00839:75:H7MFFDSXY:3:1275:31837:4617	chr1	152356804	152356953	True	-405	150M	255	0	5	0.9368135929107666	ambig_opp_strand	unspliced	-1	12	.	.	.	mrna
A00839:75:H7MFFDSXY:3:2206:27670:2503	chr1	152351871	152352006	False	361	136M	255	0	5	0.39593377709388733	ambig_opp_strand	unspliced	-1	12	.	.	.	mrna
A00839:75:H7MFFDSXY:3:1611:5647:16344	chr1	152351919	152352068	False	462	150M	255	0	3	0.21481406688690186	ambig_opp_strand	unspliced	1437	12	ENST00000388718.5	FLG2	ENSG00000143520.6	mrna
A00839:75:H7MFFDSXY:3:1533:9344:32236	chr1	152357265	152357414	True	-497	150M	255	1	5	0.917208194732666	ambig_opp_strand	unspliced	-1	12	.	.	.	mrna
A00839:75:H7MFFDSXY:3:2271:9941:3740	chr1	152352636	152352785	True	-235	150M	255	0	25	0.8203124403953552	ambig_opp_strand	unspliced	1437	12	RIGEL_NRNA_chr1_1_152335378_152364080		RIGEL_NRNA_chr1_1_152335378_152364080	nrna
A00839:75:H7MFFDSXY:3:1656:25970:31563	chr1	152351894	152352028	True	-135	135M	255	0	25	0.633521556854248	ambig_opp_strand	unspliced	1437	12	RIGEL_NRNA_chr1_1_152335378_152364080		RIGEL_NRNA_chr1_1_152335378_152364080	nrna
A00839:75:H7MFFDSXY:3:1541:24713:25222	chr1	152350674	152350823	True	-420	150M	255	0	5	0.9265928864479065	ambig_opp_strand	unspliced	-1	12	.	.	.	mrna
A00839:75:H7MFFDSXY:3:1471:11406:6684	chr1	152354117	152354266	False	387	150M	255	0	5	0.73553866147995	ambig_opp_strand	unspliced	-1	12	.	.	.	mrna
A00839:75:H7MFFDSXY:3:2313:15890:30733	chr1	152357192	152357341	True	-340	150M	255	1	5	0.5226514935493469	ambig_opp_strand	unspliced	-1	12	.	.	.	mrna
A00839:75:H7MFFDSXY:3:2411:20383:36761	chr1	152355313	152355462	True	-342	150M	255	0	5	0.5376670956611633	ambig_opp_strand	unspliced	-1	12	.	.	.	mrna
A00839:75:H7MFFDSXY:3:2365:23538:28009	chr1	152356696	152356845	False	423	150M	255	0	5	0.7746952176094055	ambig_opp_strand	unspliced	-1	12	.	.	.	mrna
A00839:75:H7MFFDSXY:3:2672:3631:28416	chr1	152354394	152354543	True	-289	150M	255	0	25	0.7344013452529907	ambig_opp_strand	unspliced	1437	12	RIGEL_NRNA_chr1_1_152335378_152364080		RIGEL_NRNA_chr1_1_152335378_152364080	nrna
A00839:75:H7MFFDSXY:3:2458:23294:23829	chr1	152355741	152355890	True	-219	150M	255	0	25	0.8242809176445007	ambig_opp_strand	unspliced	1437	12	RIGEL_NRNA_chr1_1_152335378_152364080		RIGEL_NRNA_chr1_1_152335378_152364080	nrna
A00839:75:H7MFFDSXY:3:1516:17544:5979	chr1	152354872	152354937	True	-297	66M	255	0	25	0.7074415683746338	ambig_opp_strand	unspliced	1437	12	RIGEL_NRNA_chr1_1_152335378_152364080		RIGEL_NRNA_chr1_1_152335378_152364080	nrna
A00839:75:H7MFFDSXY:3:2148:19560:2174	chr1	152356374	152356523	True	-628	150M	255	0	5	0.6173975467681885	ambig_opp_strand	unspliced	-1	12	.	.	.	mrna
A00839:75:H7MFFDSXY:3:1224:13630:17018	chr1	152356205	152356354	True	-215	150M	255	0	5	0.10312363505363464	ambig_opp_strand	unspliced	-1	12	.	.	.	mrna
A00839:75:H7MFFDSXY:3:2668:17011:4805	chr1	152351357	152351506	True	-379	150M	255	0	5	0.8904017210006714	ambig_opp_strand	unspliced	-1	12	.	.	.	mrna
A00839:75:H7MFFDSXY:3:1270:18855:6746	chr1	152353024	152353169	True	-146	146M	255	0	25	0.7059110403060913	ambig_opp_strand	unspliced	1437	12	RIGEL_NRNA_chr1_1_152335378_152364080		RIGEL_NRNA_chr1_1_152335378_152364080	nrna
A00839:75:H7MFFDSXY:3:1129:4707:23296	chr1	152355863	152356012	True	-396	150M	255	1	25	0.060037851333618164	ambig_opp_strand	unspliced	1437	12	RIGEL_NRNA_chr1_1_152335378_152364080		RIGEL_NRNA_chr1_1_152335378_152364080	nrna
A00839:75:H7MFFDSXY:3:1335:29351:11960	chr1	152354328	152354477	False	219	150M	255	0	3	0.8770769834518433	ambig_opp_strand	unspliced	1437	12	ENST00000388718.5	FLG2	ENSG00000143520.6	mrna
A00839:75:H7MFFDSXY:3:1434:22724:30138	chr1	152352497	152352620	True	-349	124M	255	0	5	0.6230829954147339	ambig_opp_strand	unspliced	-1	12	.	.	.	mrna
A00839:75:H7MFFDSXY:3:1405:7853:12148	chr1	152351728	152351877	True	-264	150M	255	0	25	0.7902271151542664	ambig_opp_strand	unspliced	1437	12	RIGEL_NRNA_chr1_1_152335378_152364080		RIGEL_NRNA_chr1_1_152335378_152364080	nrna
A00839:75:H7MFFDSXY:3:2637:4743:32847	chr1	152350776	152350925	False	460	150M	255	0	5	0.7682908773422241	ambig_opp_strand	unspliced	-1	12	.	.	.	mrna
A00839:75:H7MFFDSXY:3:2227:2871:25097	chr1	152352675	152352824	True	-312	150M	255	0	25	0.6333353519439697	ambig_opp_strand	unspliced	1437	12	RIGEL_NRNA_chr1_1_152335378_152364080		RIGEL_NRNA_chr1_1_152335378_152364080	nrna
A00839:75:H7MFFDSXY:3:2119:30110:32095	chr1	152356407	152356556	True	-317	150M	255	0	25	0.6091580986976624	ambig_opp_strand	unspliced	1437	12	RIGEL_NRNA_chr1_1_152335378_152364080		RIGEL_NRNA_chr1_1_152335378_152364080	nrna
A00839:75:H7MFFDSXY:3:1415:11975:25645	chr1	152353101	152353250	True	-356	150M	255	0	25	0.284746915102005	ambig_opp_strand	unspliced	1437	12	RIGEL_NRNA_chr1_1_152335378_152364080		RIGEL_NRNA_chr1_1_152335378_152364080	nrna
A00839:75:H7MFFDSXY:3:1546:12337:2534	chr1	152352853	152353002	False	297	150M	255	0	3	0.8415139317512512	ambig_opp_strand	unspliced	1437	12	ENST00000388718.5	FLG2	ENSG00000143520.6	mrna
A00839:75:H7MFFDSXY:3:2569:14995:8891	chr1	152356038	152356187	False	284	150M	255	0	3	0.8545677661895752	ambig_opp_strand	unspliced	1437	12	ENST00000388718.5	FLG2	ENSG00000143520.6	mrna
A00839:75:H7MFFDSXY:3:1313:19343:30452	chr1	152357499	152357648	True	-176	150M	255	0	25	0.7966909408569336	ambig_opp_strand	unspliced	1437	12	RIGEL_NRNA_chr1_1_152335378_152364080		RIGEL_NRNA_chr1_1_152335378_152364080	nrna
A00839:75:H7MFFDSXY:3:2127:5276:18051	chr1	152354224	152354373	True	-232	150M	255	0	25	0.8219346404075623	ambig_opp_strand	unspliced	1437	12	RIGEL_NRNA_chr1_1_152335378_152364080		RIGEL_NRNA_chr1_1_152335378_152364080	nrna
A00839:75:H7MFFDSXY:3:2530:23873:11052	chr1	152353324	152353473	False	191	150M	255	0	3	0.8736082911491394	ambig_opp_strand	unspliced	1437	12	ENST00000388718.5	FLG2	ENSG00000143520.6	mrna
A00839:75:H7MFFDSXY:3:2208:10872:14090	chr1	152355836	152355985	False	422	150M	255	0	5	0.7812896370887756	ambig_opp_strand	unspliced	-1	12	.	.	.	mrna
A00839:75:H7MFFDSXY:3:1232:32181:30044	chr1	152351272	152351421	False	238	150M	255	0	3	0.8759592771530151	ambig_opp_strand	unspliced	1437	12	ENST00000388718.5	FLG2	ENSG00000143520.6	mrna
A00839:75:H7MFFDSXY:3:2319:15112:6214	chr1	152351495	152351578	False	309	84M	255	0	3	0.8205549716949463	ambig_opp_strand	unspliced	1437	12	ENST00000388718.5	FLG2	ENSG00000143520.6	mrna
A00839:75:H7MFFDSXY:3:1233:26693:22044	chr1	152356146	152356295	False	411	150M	255	0	5	0.7909518480300903	ambig_opp_strand	unspliced	-1	12	.	.	.	mrna
A00839:75:H7MFFDSXY:3:2607:6949:26835	chr1	152355822	152355939	True	-343	118M	255	1	25	0.032684143632650375	ambig_opp_strand	unspliced	1437	12	RIGEL_NRNA_chr1_1_152189332_152365557		RIGEL_NRNA_chr1_1_152189332_152365557	nrna
A00839:75:H7MFFDSXY:3:2655:3052:13792	chr1	152351250	152351399	True	-181	150M	255	0	25	0.8016167879104614	ambig_opp_strand	unspliced	1437	12	RIGEL_NRNA_chr1_1_152335378_152364080		RIGEL_NRNA_chr1_1_152335378_152364080	nrna
A00839:75:H7MFFDSXY:3:2522:5620:32581	chr1	152356378	152356527	False	197	150M	255	0	3	0.875155508518219	ambig_opp_strand	unspliced	1437	12	ENST00000388718.5	FLG2	ENSG00000143520.6	mrna
A00839:75:H7MFFDSXY:3:1572:19714:4570	chr1	152353667	152353816	False	232	150M	255	0	3	0.8764368295669556	ambig_opp_strand	unspliced	1437	12	ENST00000388718.5	FLG2	ENSG00000143520.6	mrna
A00839:75:H7MFFDSXY:3:2674:21215:4946	chr1	152354027	152354176	True	-291	150M	255	0	5	0.2070804387331009	ambig_opp_strand	unspliced	-1	12	.	.	.	mrna
A00839:75:H7MFFDSXY:3:2109:7310:7952	chr1	152350804	152350953	True	-151	150M	255	1	25	0.7314474582672119	ambig_opp_strand	unspliced	1437	12	RIGEL_NRNA_chr1_1_152335378_152364080		RIGEL_NRNA_chr1_1_152335378_152364080	nrna
A00839:75:H7MFFDSXY:3:1454:13277:12305	chr1	152354101	152354250	False	361	150M	255	0	3	0.5441567897796631	ambig_opp_strand	unspliced	1437	12	ENST00000388718.5	FLG2	ENSG00000143520.6	mrna
A00839:75:H7MFFDSXY:3:1456:6225:22138	chr1	152353083	152353232	False	325	150M	255	0	25	0.08599422872066498	ambig_opp_strand	unspliced	1437	12	RIGEL_NRNA_chr1_2_152348734_152360006		RIGEL_NRNA_chr1_2_152348734_152360006	nrna
A00839:75:H7MFFDSXY:3:1536:4372:13823	chr1	152352026	152352175	True	-214	150M	255	0	25	0.8229922652244568	ambig_opp_strand	unspliced	1437	12	RIGEL_NRNA_chr1_1_152335378_152364080		RIGEL_NRNA_chr1_1_152335378_152364080	nrna
A00839:75:H7MFFDSXY:3:1532:11921:3098	chr1	152358539	152358688	False	315	150M	255	0	5	0.5307944416999817	ambig_opp_strand	unspliced	-1	12	.	.	.	mrna
A00839:75:H7MFFDSXY:3:2446:11062:17895	chr1	152354266	152354415	True	-225	150M	255	0	25	0.06578084826469421	ambig_opp_strand	unspliced	1437	12	RIGEL_NRNA_chr1_1_152189332_152365557		RIGEL_NRNA_chr1_1_152189332_152365557	nrna
A00839:75:H7MFFDSXY:3:2357:17897:3552	chr1	152353457	152353606	True	-303	150M	255	0	25	0.6817617416381836	ambig_opp_strand	unspliced	1437	12	RIGEL_NRNA_chr1_1_152335378_152364080		RIGEL_NRNA_chr1_1_152335378_152364080	nrna
A00839:75:H7MFFDSXY:3:1207:16568:8202	chr1	152357258	152357407	False	256	150M	255	1	3	0.8710975646972656	ambig_opp_strand	unspliced	1437	12	ENST00000388718.5	FLG2	ENSG00000143520.6	mrna
A00839:75:H7MFFDSXY:3:1303:21350:15922	chr1	152353640	152353769	False	130	130M	255	0	3	0.7942305207252502	ambig_opp_strand	unspliced	1437	12	ENST00000388718.5	FLG2	ENSG00000143520.6	mrna
A00839:75:H7MFFDSXY:3:1201:11894:1892	chr1	152355482	152356087	True	-704	8M456N142M	255	0	25	0.9189491868019104	ambig_opp_strand	spliced_unannot	1437	11	RIGEL_NRNA_chr1_1_152335378_152364080		RIGEL_NRNA_chr1_1_152335378_152364080	nrna
A00839:75:H7MFFDSXY:3:2652:31593:32565	chr1	152354697	152354744	False	279	48M	255	0	3	0.8583839535713196	ambig_opp_strand	unspliced	1437	12	ENST00000388718.5	FLG2	ENSG00000143520.6	mrna
A00839:75:H7MFFDSXY:3:2456:13105:11851	chr1	152353480	152353629	False	437	150M	255	0	5	0.7750332951545715	ambig_opp_strand	unspliced	-1	12	.	.	.	mrna
A00839:75:H7MFFDSXY:3:1245:8639:24345	chr1	152357291	152357440	True	-276	150M	255	1	5	0.16678857803344727	ambig_opp_strand	unspliced	-1	12	.	.	.	mrna
A00839:75:H7MFFDSXY:3:2232:5891:20838	chr1	152356655	152356804	True	-357	150M	255	0	25	0.27863243222236633	ambig_opp_strand	unspliced	1437	12	RIGEL_NRNA_chr1_1_152335378_152364080		RIGEL_NRNA_chr1_1_152335378_152364080	nrna
A00839:75:H7MFFDSXY:3:2316:7563:29246	chr1	152354524	152354608	False	316	85M	255	0	3	0.8068447113037109	ambig_opp_strand	unspliced	1437	12	ENST00000388718.5	FLG2	ENSG00000143520.6	mrna
A00839:75:H7MFFDSXY:3:1671:16152:27743	chr1	152358651	152358800	False	358	150M	255	0	5	0.8549057841300964	ambig_opp_strand	unspliced	-1	12	.	.	.	mrna
A00839:75:H7MFFDSXY:3:2466:17833:34820	chr1	152355167	152355316	True	-462	150M	255	0	5	0.9312571883201599	ambig_opp_strand	unspliced	-1	12	.	.	.	mrna
A00839:75:H7MFFDSXY:3:1460:29026:25113	chr1	152352040	152352189	False	357	150M	255	0	3	0.5842913389205933	ambig_opp_strand	unspliced	1437	12	ENST00000388718.5	FLG2	ENSG00000143520.6	mrna
A00839:75:H7MFFDSXY:3:1524:14344:19601	chr1	152352175	152352324	True	-284	150M	255	0	25	0.7473503351211548	ambig_opp_strand	unspliced	1437	12	RIGEL_NRNA_chr1_1_152335378_152364080		RIGEL_NRNA_chr1_1_152335378_152364080	nrna
A00839:75:H7MFFDSXY:3:2416:25681:36793	chr1	152351070	152351219	False	377	150M	255	2	5	0.6198238730430603	ambig_opp_strand	unspliced	-1	12	.	.	.	mrna
A00839:75:H7MFFDSXY:3:1411:30499:18521	chr1	152356113	152356232	True	-345	120M	255	0	5	0.5750561952590942	ambig_opp_strand	unspliced	-1	12	.	.	.	mrna
A00839:75:H7MFFDSXY:3:1237:13449:32769	chr1	152353775	152353924	False	288	150M	255	0	25	0.09360623359680176	ambig_opp_strand	unspliced	1437	12	RIGEL_NRNA_chr1_2_152348734_152360006		RIGEL_NRNA_chr1_2_152348734_152360006	nrna
A00839:75:H7MFFDSXY:3:1265:17707:2566	chr1	152356809	152356958	False	332	150M	255	0	3	0.757500410079956	ambig_opp_strand	unspliced	1437	12	ENST00000388718.5	FLG2	ENSG00000143520.6	mrna
A00839:75:H7MFFDSXY:3:2350:3034:15389	chr1	152357399	152357548	True	-267	150M	255	0	25	0.7836445569992065	ambig_opp_strand	unspliced	1437	12	RIGEL_NRNA_chr1_1_152335378_152364080		RIGEL_NRNA_chr1_1_152335378_152364080	nrna
A00839:75:H7MFFDSXY:3:2618:13575:21214	chr1	152351702	152351851	False	496	150M	255	1	5	0.7882221341133118	ambig_opp_strand	unspliced	-1	12	.	.	.	mrna
A00839:75:H7MFFDSXY:3:1340:10239:32158	chr1	152355354	152355503	False	310	150M	255	0	3	0.8198214769363403	ambig_opp_strand	unspliced	1437	12	ENST00000388718.5	FLG2	ENSG00000143520.6	mrna
A00839:75:H7MFFDSXY:3:2207:7726:23672	chr1	152356685	152356834	False	340	150M	255	0	5	0.20515555143356323	ambig_opp_strand	unspliced	-1	12	.	.	.	mrna
A00839:75:H7MFFDSXY:3:1372:28628:10895	chr1	152350679	152350828	False	298	150M	255	0	3	0.8400419354438782	ambig_opp_strand	unspliced	1437	12	ENST00000388718.5	FLG2	ENSG00000143520.6	mrna
A00839:75:H7MFFDSXY:3:1410:18267:20603	chr1	152350712	152350861	True	-319	150M	255	0	5	0.3525165319442749	ambig_opp_strand	unspliced	-1	12	.	.	.	mrna
A00839:75:H7MFFDSXY:3:1619:20627:5368	chr1	152356925	152357074	False	259	150M	255	0	3	0.8697373867034912	ambig_opp_strand	unspliced	1437	12	ENST00000388718.5	FLG2	ENSG00000143520.6	mrna
A00839:75:H7MFFDSXY:3:1643:8567:7905	chr1	152356256	152356405	False	252	150M	255	0	3	0.8729961514472961	ambig_opp_strand	unspliced	1437	12	ENST00000388718.5	FLG2	ENSG00000143520.6	mrna
A00839:75:H7MFFDSXY:3:2514:22525:15295	chr1	152356526	152356675	True	-436	150M	255	1	5	0.928374707698822	ambig_opp_strand	unspliced	-1	12	.	.	.	mrna
A00839:75:H7MFFDSXY:3:2408:9417:36558	chr1	152356652	152356801	True	-424	150M	255	1	5	0.9342143535614014	ambig_opp_strand	unspliced	-1	12	.	.	.	mrna
A00839:75:H7MFFDSXY:3:1459:26693:19413	chr1	152350858	152350937	False	305	80M	255	0	5	0.07941173762083054	ambig_opp_strand	unspliced	-1	12	.	.	.	mrna
A00839:75:H7MFFDSXY:3:1321:30743:31281	chr1	152353246	152353346	False	332	101M	255	0	3	0.757500410079956	ambig_opp_strand	unspliced	1437	12	ENST00000388718.5	FLG2	ENSG00000143520.6	mrna
A00839:75:H7MFFDSXY:3:1338:31810:5353	chr1	152356565	152356714	True	-309	150M	255	0	5	0.2932684123516083	ambig_opp_strand	unspliced	-1	12	.	.	.	mrna
A00839:75:H7MFFDSXY:3:1455:14687:33912	chr1	152355232	152355381	False	228	150M	255	1	3	0.8765408396720886	ambig_opp_strand	unspliced	1437	12	ENST00000388718.5	FLG2	ENSG00000143520.6	mrna
A00839:75:H7MFFDSXY:3:2615:6741:21308	chr1	152356482	152356631	False	224	150M	255	0	25	0.09635866433382034	ambig_opp_strand	unspliced	1437	12	RIGEL_NRNA_chr1_2_152348734_152360006		RIGEL_NRNA_chr1_2_152348734_152360006	nrna
A00839:75:H7MFFDSXY:3:2209:9887:21840	chr1	152353878	152354027	True	-484	150M	255	0	5	0.9325177073478699	ambig_opp_strand	unspliced	-1	12	.	.	.	mrna
A00839:75:H7MFFDSXY:3:1164:27823:11913	chr1	152353127	152353276	False	257	150M	255	0	3	0.8706756234169006	ambig_opp_strand	unspliced	1437	12	ENST00000388718.5	FLG2	ENSG00000143520.6	mrna
A00839:75:H7MFFDSXY:3:1272:6641:33035	chr1	152356227	152356376	True	-253	150M	255	0	25	0.8068954348564148	ambig_opp_strand	unspliced	1437	12	RIGEL_NRNA_chr1_1_152335378_152364080		RIGEL_NRNA_chr1_1_152335378_152364080	nrna
A00839:75:H7MFFDSXY:3:2628:22245:5353	chr1	152351140	152351289	True	-303	150M	255	0	5	0.2581072747707367	ambig_opp_strand	unspliced	-1	12	.	.	.	mrna
A00839:75:H7MFFDSXY:3:2406:30029:8469	chr1	152351184	152351333	True	-231	150M	255	0	25	0.8211895227432251	ambig_opp_strand	unspliced	1437	12	RIGEL_NRNA_chr1_1_152335378_152364080		RIGEL_NRNA_chr1_1_152335378_152364080	nrna
A00839:75:H7MFFDSXY:3:2340:3712:27430	chr1	152357122	152357271	False	328	150M	255	2	3	0.7733120322227478	ambig_opp_strand	unspliced	1437	12	ENST00000388718.5	FLG2	ENSG00000143520.6	mrna
A00839:75:H7MFFDSXY:3:2268:27073:4476	chr1	152352862	152353011	True	-301	150M	255	0	25	0.6893414258956909	ambig_opp_strand	unspliced	1437	12	RIGEL_NRNA_chr1_1_152335378_152364080		RIGEL_NRNA_chr1_1_152335378_152364080	nrna
A00839:75:H7MFFDSXY:3:2415:23149:20259	chr1	152351279	152351428	False	381	150M	255	0	5	0.6684404015541077	ambig_opp_strand	unspliced	-1	12	.	.	.	mrna
A00839:75:H7MFFDSXY:3:2307:26042:27806	chr1	152351849	152351965	True	-342	117M	255	0	25	0.4248604476451874	ambig_opp_strand	unspliced	1437	12	RIGEL_NRNA_chr1_1_152335378_152364080		RIGEL_NRNA_chr1_1_152335378_152364080	nrna
A00839:75:H7MFFDSXY:3:2251:28022:27352	chr1	152354231	152354380	True	-392	150M	255	0	5	0.9308454990386963	ambig_opp_strand	unspliced	-1	12	.	.	.	mrna
A00839:75:H7MFFDSXY:3:2119:6280:9987	chr1	152356481	152356630	False	383	150M	255	0	5	0.705438494682312	ambig_opp_strand	unspliced	-1	12	.	.	.	mrna
A00839:75:H7MFFDSXY:3:1557:24343:28150	chr1	152356725	152356874	True	-283	150M	255	0	25	0.7493870258331299	ambig_opp_strand	unspliced	1437	12	RIGEL_NRNA_chr1_1_152335378_152364080		RIGEL_NRNA_chr1_1_152335378_152364080	nrna
A00839:75:H7MFFDSXY:3:1215:4065:21997	chr1	152356214	152356363	False	261	150M	255	0	3	0.8690878748893738	ambig_opp_strand	unspliced	1437	12	ENST00000388718.5	FLG2	ENSG00000143520.6	mrna
A00839:75:H7MFFDSXY:3:1568:20971:32612	chr1	152356792	152356941	False	371	150M	255	0	5	0.5496864914894104	ambig_opp_strand	unspliced	-1	12	.	.	.	mrna
A00839:75:H7MFFDSXY:3:2550:28989:17534	chr1	152354235	152354384	True	-212	150M	255	0	25	0.822891354560852	ambig_opp_strand	unspliced	1437	12	RIGEL_NRNA_chr1_1_152335378_152364080		RIGEL_NRNA_chr1_1_152335378_152364080	nrna
A00839:75:H7MFFDSXY:3:2124:4670:31720	chr1	152356893	152357042	False	222	150M	255	0	3	0.8766753077507019	ambig_opp_strand	unspliced	1437	12	ENST00000388718.5	FLG2	ENSG00000143520.6	mrna
A00839:75:H7MFFDSXY:3:1654:19651:21903	chr1	152351513	152351650	True	-363	138M	255	0	25	0.2237546741962433	ambig_opp_strand	unspliced	1437	12	RIGEL_NRNA_chr1_1_152335378_152364080		RIGEL_NRNA_chr1_1_152335378_152364080	nrna
A00839:75:H7MFFDSXY:3:1251:10872:30843	chr1	152354185	152354334	True	-309	150M	255	0	25	0.649450421333313	ambig_opp_strand	unspliced	1437	12	RIGEL_NRNA_chr1_1_152335378_152364080		RIGEL_NRNA_chr1_1_152335378_152364080	nrna
A00839:75:H7MFFDSXY:3:2358:28257:26318	chr1	152351411	152351539	True	-579	129M	255	0	5	0.7945391535758972	ambig_opp_strand	unspliced	-1	12	.	.	.	mrna
A00839:75:H7MFFDSXY:3:1638:8585:11068	chr1	152356086	152356235	False	392	150M	255	0	5	0.760369062423706	ambig_opp_strand	unspliced	-1	12	.	.	.	mrna
A00839:75:H7MFFDSXY:3:1165:4182:4789	chr1	152354954	152355103	False	434	150M	255	0	5	0.7741549611091614	ambig_opp_strand	unspliced	-1	12	.	.	.	mrna
A00839:75:H7MFFDSXY:3:1345:28465:5885	chr1	152352113	152352262	True	-424	150M	255	0	25	0.060453612357378006	ambig_opp_strand	unspliced	1437	12	RIGEL_NRNA_chr1_1_152335378_152364080		RIGEL_NRNA_chr1_1_152335378_152364080	nrna
A00839:75:H7MFFDSXY:3:2613:11785:21966	chr1	152357111	152357260	True	-180	150M	255	0	25	0.8034072518348694	ambig_opp_strand	unspliced	1437	12	RIGEL_NRNA_chr1_1_152335378_152364080		RIGEL_NRNA_chr1_1_152335378_152364080	nrna
A00839:75:H7MFFDSXY:3:1432:24514:25316	chr1	152353883	152354032	False	202	150M	255	1	5	0.027834713459014893	ambig_opp_strand	unspliced	-1	12	.	.	.	mrna
A00839:75:H7MFFDSXY:3:1528:7853:11804	chr1	152354184	152354333	False	231	150M	255	0	3	0.876232922077179	ambig_opp_strand	unspliced	1437	12	ENST00000388718.5	FLG2	ENSG00000143520.6	mrna
A00839:75:H7MFFDSXY:3:1446:10031:19210	chr1	152355344	152355493	False	307	150M	255	0	3	0.8251179456710815	ambig_opp_strand	unspliced	1437	12	ENST00000388718.5	FLG2	ENSG00000143520.6	mrna
A00839:75:H7MFFDSXY:3:2577:26160:4304	chr1	152355170	152355319	True	-269	150M	255	0	25	0.0622839480638504	ambig_opp_strand	unspliced	1437	12	RIGEL_NRNA_chr1_1_152189332_152365557		RIGEL_NRNA_chr1_1_152189332_152365557	nrna
A00839:75:H7MFFDSXY:3:1313:14208:35556	chr1	152353476	152353625	False	421	150M	255	0	5	0.7861948013305664	ambig_opp_strand	unspliced	-1	12	.	.	.	mrna
A00839:75:H7MFFDSXY:3:2135:8495:1924	chr1	152356355	152356484	True	-130	130M	255	0	25	0.5855719447135925	ambig_opp_strand	unspliced	1437	12	RIGEL_NRNA_chr1_1_152335378_152364080		RIGEL_NRNA_chr1_1_152335378_152364080	nrna
A00839:75:H7MFFDSXY:3:2561:2799:3333	chr1	152353577	152353706	False	130	130M	255	0	3	0.7942305207252502	ambig_opp_strand	unspliced	1437	12	ENST00000388718.5	FLG2	ENSG00000143520.6	mrna
A00839:75:H7MFFDSXY:3:1251:32443:23766	chr1	152354205	152354354	True	-328	150M	255	0	5	0.41158074140548706	ambig_opp_strand	unspliced	-1	12	.	.	.	mrna
A00839:75:H7MFFDSXY:3:1446:16468:7780	chr1	152353536	152353685	False	262	150M	255	0	3	0.8683569431304932	ambig_opp_strand	unspliced	1437	12	ENST00000388718.5	FLG2	ENSG00000143520.6	mrna
A00839:75:H7MFFDSXY:3:2434:1741:12587	chr1	152356976	152357125	False	340	150M	255	0	3	0.7160141468048096	ambig_opp_strand	unspliced	1437	12	ENST00000388718.5	FLG2	ENSG00000143520.6	mrna
A00839:75:H7MFFDSXY:3:1536:8675:14638	chr1	152357023	152357172	True	-308	150M	255	0	5	0.2838018834590912	ambig_opp_strand	unspliced	-1	12	.	.	.	mrna
A00839:75:H7MFFDSXY:3:1563:9525:12821	chr1	152350742	152350891	False	303	150M	255	0	3	0.8325434923171997	ambig_opp_strand	unspliced	1437	12	ENST00000388718.5	FLG2	ENSG00000143520.6	mrna
A00839:75:H7MFFDSXY:3:2117:29857:36104	chr1	152355936	152356073	False	363	138M	255	0	3	0.5199803113937378	ambig_opp_strand	unspliced	1437	12	ENST00000388718.5	FLG2	ENSG00000143520.6	mrna
A00839:75:H7MFFDSXY:3:1111:23701:26381	chr1	152350535	152350684	False	521	150M	255	0	5	0.779026448726654	ambig_opp_strand	unspliced	-1	12	.	.	.	mrna
A00839:75:H7MFFDSXY:3:1330:16306:19680	chr1	152350486	152350635	False	356	150M	255	0	5	0.3442799746990204	ambig_opp_strand	unspliced	-1	12	.	.	.	mrna
A00839:75:H7MFFDSXY:3:2524:12563:17394	chr1	152357423	152357572	False	289	150M	255	0	25	0.6249441504478455	ambig_opp_strand	unspliced	1437	12	RIGEL_NRNA_chr1_2_152348734_152360006		RIGEL_NRNA_chr1_2_152348734_152360006	nrna
A00839:75:H7MFFDSXY:3:2557:4833:25269	chr1	152354314	152354463	False	305	150M	255	0	3	0.8292871117591858	ambig_opp_strand	unspliced	1437	12	ENST00000388718.5	FLG2	ENSG00000143520.6	mrna
A00839:75:H7MFFDSXY:3:2368:16378:10535	chr1	152352991	152353140	False	295	150M	255	0	3	0.8436314463615417	ambig_opp_strand	unspliced	1437	12	ENST00000388718.5	FLG2	ENSG00000143520.6	mrna
A00839:75:H7MFFDSXY:3:1331:30761:4257	chr1	152356377	152356526	True	-351	150M	255	0	5	0.639532208442688	ambig_opp_strand	unspliced	-1	12	.	.	.	mrna
A00839:75:H7MFFDSXY:3:1459:14398:6417	chr1	152356562	152356711	True	-392	150M	255	0	5	0.9308454990386963	ambig_opp_strand	unspliced	-1	12	.	.	.	mrna
A00839:75:H7MFFDSXY:3:2208:11993:24236	chr1	152354316	152354465	True	-342	150M	255	0	25	0.4248604476451874	ambig_opp_strand	unspliced	1437	12	RIGEL_NRNA_chr1_1_152335378_152364080		RIGEL_NRNA_chr1_1_152335378_152364080	nrna
A00839:75:H7MFFDSXY:3:2520:8486:16877	chr1	152355765	152355914	False	473	150M	255	0	5	0.7637590169906616	ambig_opp_strand	unspliced	-1	12	.	.	.	mrna
A00839:75:H7MFFDSXY:3:2143:16405:34507	chr1	152354401	152354550	False	294	150M	255	0	3	0.8449952006340027	ambig_opp_strand	unspliced	1437	12	ENST00000388718.5	FLG2	ENSG00000143520.6	mrna
A00839:75:H7MFFDSXY:3:1442:10574:15953	chr1	152350687	152350836	True	-275	150M	255	0	25	0.767300546169281	ambig_opp_strand	unspliced	1437	12	RIGEL_NRNA_chr1_1_152335378_152364080		RIGEL_NRNA_chr1_1_152335378_152364080	nrna
A00839:75:H7MFFDSXY:3:1521:6614:26349	chr1	152354533	152354682	True	-244	150M	255	1	25	0.06511933356523514	ambig_opp_strand	unspliced	1437	12	RIGEL_NRNA_chr1_1_152189332_152365557		RIGEL_NRNA_chr1_1_152189332_152365557	nrna
A00839:75:H7MFFDSXY:3:1233:17210:19648	chr1	152353989	152354138	True	-289	150M	255	0	5	0.20082490146160126	ambig_opp_strand	unspliced	-1	12	.	.	.	mrna
A00839:75:H7MFFDSXY:3:1512:21612:8609	chr1	152356308	152356457	False	228	150M	255	0	3	0.8765408396720886	ambig_opp_strand	unspliced	1437	12	ENST00000388718.5	FLG2	ENSG00000143520.6	mrna
A00839:75:H7MFFDSXY:3:2246:29948:19758	chr1	152356608	152356757	True	-472	150M	255	0	5	0.922770619392395	ambig_opp_strand	unspliced	-1	12	.	.	.	mrna
A00839:75:H7MFFDSXY:3:1177:1307:11052	chr1	152351176	152351325	False	415	150M	255	0	5	0.7666460275650024	ambig_opp_strand	unspliced	-1	12	.	.	.	mrna
A00839:75:H7MFFDSXY:3:2261:10041:25833	chr1	152355336	152355485	True	-495	150M	255	0	5	0.9281687140464783	ambig_opp_strand	unspliced	-1	12	.	.	.	mrna
A00839:75:H7MFFDSXY:3:1672:21974:29528	chr1	152355713	152355777	True	-521	65M	255	0	5	0.9373238682746887	ambig_opp_strand	unspliced	-1	12	.	.	.	mrna
A00839:75:H7MFFDSXY:3:2541:4472:25927	chr1	152352026	152352175	True	-172	150M	255	0	25	0.7901570200920105	ambig_opp_strand	unspliced	1437	12	RIGEL_NRNA_chr1_1_152335378_152364080		RIGEL_NRNA_chr1_1_152335378_152364080	nrna
A00839:75:H7MFFDSXY:3:1311:9290:18709	chr1	152351146	152351295	True	-378	150M	255	0	5	0.8826590776443481	ambig_opp_strand	unspliced	-1	12	.	.	.	mrna
A00839:75:H7MFFDSXY:3:2106:2899:4570	chr1	152356004	152356105	True	-327	102M	3	0	128	0.0	.	unknown	-1	0	.	.	.	mrna
A00839:75:H7MFFDSXY:3:1642:20030:27132	chr1	152353437	152353543	False	338	107M	255	0	3	0.7299171686172485	ambig_opp_strand	unspliced	1437	12	ENST00000388718.5	FLG2	ENSG00000143520.6	mrna
A00839:75:H7MFFDSXY:3:2357:8178:12399	chr1	152355528	152355677	True	-367	150M	255	1	5	0.7970832586288452	ambig_opp_strand	unspliced	-1	12	.	.	.	mrna
A00839:75:H7MFFDSXY:3:2613:16504:35681	chr1	152353824	152353973	True	-415	150M	255	0	5	0.9330501556396484	ambig_opp_strand	unspliced	-1	12	.	.	.	mrna
A00839:75:H7MFFDSXY:3:2468:5249:16313	chr1	152352584	152352733	False	498	150M	255	0	5	0.779237687587738	ambig_opp_strand	unspliced	-1	12	.	.	.	mrna
A00839:75:H7MFFDSXY:3:2204:32705:35524	chr1	152351110	152351259	True	-278	150M	255	0	25	0.761273980140686	ambig_opp_strand	unspliced	1437	12	RIGEL_NRNA_chr1_1_152335378_152364080		RIGEL_NRNA_chr1_1_152335378_152364080	nrna
A00839:75:H7MFFDSXY:3:2219:2211:35853	chr1	152356548	152356697	True	-397	150M	255	0	5	0.932251513004303	ambig_opp_strand	unspliced	-1	12	.	.	.	mrna
A00839:75:H7MFFDSXY:3:2378:20672:23359	chr1	152355392	152355541	False	344	150M	255	0	3	0.6880273222923279	ambig_opp_strand	unspliced	1437	12	ENST00000388718.5	FLG2	ENSG00000143520.6	mrna
A00839:75:H7MFFDSXY:3:1250:4553:23500	chr1	152356159	152356308	False	262	150M	255	0	3	0.8683569431304932	ambig_opp_strand	unspliced	1437	12	ENST00000388718.5	FLG2	ENSG00000143520.6	mrna
A00839:75:H7MFFDSXY:3:2337:23439:7044	chr1	152353614	152353763	False	326	150M	255	0	5	0.13568007946014404	ambig_opp_strand	unspliced	-1	12	.	.	.	mrna
A00839:75:H7MFFDSXY:3:2370:14570:4554	chr1	152350482	152350631	False	369	150M	255	0	5	0.508842945098877	ambig_opp_strand	unspliced	-1	12	.	.	.	mrna
A00839:75:H7MFFDSXY:3:2264:7111:3787	chr1	152356976	152357125	True	-245	150M	255	0	25	0.8153706789016724	ambig_opp_strand	unspliced	1437	12	RIGEL_NRNA_chr1_1_152335378_152364080		RIGEL_NRNA_chr1_1_152335378_152364080	nrna
A00839:75:H7MFFDSXY:3:1313:12753:20917	chr1	152350902	152351051	True	-357	150M	255	0	25	0.27863243222236633	ambig_opp_strand	unspliced	1437	12	RIGEL_NRNA_chr1_1_152335378_152364080		RIGEL_NRNA_chr1_1_152335378_152364080	nrna
A00839:75:H7MFFDSXY:3:1138:20745:35227	chr1	152353865	152354014	True	-366	150M	255	0	5	0.7891553640365601	ambig_opp_strand	unspliced	-1	12	.	.	.	mrna
A00839:75:H7MFFDSXY:3:1234:27028:33677	chr1	152356831	152356980	True	-267	150M	255	0	25	0.06257089227437973	ambig_opp_strand	unspliced	1437	12	RIGEL_NRNA_chr1_1_152189332_152365557		RIGEL_NRNA_chr1_1_152189332_152365557	nrna
A00839:75:H7MFFDSXY:3:1206:9091:36495	chr1	152354121	152354270	True	-351	150M	255	0	5	0.639532208442688	ambig_opp_strand	unspliced	-1	12	.	.	.	mrna
A00839:75:H7MFFDSXY:3:1624:29505:26913	chr1	152353129	152353215	False	312	87M	255	0	3	0.8142598867416382	ambig_opp_strand	unspliced	1437	12	ENST00000388718.5	FLG2	ENSG00000143520.6	mrna
A00839:75:H7MFFDSXY:3:1321:16731:26271	chr1	152357311	152357460	True	-260	150M	255	1	25	0.7961675524711609	ambig_opp_strand	unspliced	1437	12	RIGEL_NRNA_chr1_1_152335378_152364080		RIGEL_NRNA_chr1_1_152335378_152364080	nrna
A00839:75:H7MFFDSXY:3:1358:10212:9314	chr1	152352750	152352899	False	277	150M	255	0	5	0.04601264372467995	ambig_opp_strand	unspliced	-1	12	.	.	.	mrna
A00839:75:H7MFFDSXY:3:1438:17210:16799	chr1	152351102	152351251	False	303	150M	255	0	3	0.8325434923171997	ambig_opp_strand	unspliced	1437	12	ENST00000388718.5	FLG2	ENSG00000143520.6	mrna
A00839:75:H7MFFDSXY:3:1357:28628:36135	chr1	152350555	152350704	False	203	150M	255	0	3	0.8758506178855896	ambig_opp_strand	unspliced	1437	12	ENST00000388718.5	FLG2	ENSG00000143520.6	mrna
A00839:75:H7MFFDSXY:3:2101:26006:2628	chr1	152351073	152351222	False	289	150M	255	5	25	0.09346385300159454	ambig_opp_strand	unspliced	1437	12	RIGEL_NRNA_chr1_2_152348734_152360006		RIGEL_NRNA_chr1_2_152348734_152360006	nrna
A00839:75:H7MFFDSXY:3:1175:11731:2268	chr1	152353317	152353466	False	357	150M	255	0	25	0.06421361863613129	ambig_opp_strand	unspliced	1437	12	RIGEL_NRNA_chr1_2_152348734_152360006		RIGEL_NRNA_chr1_2_152348734_152360006	nrna
A00839:75:H7MFFDSXY:3:2273:28528:21997	chr1	152357239	152357388	False	400	150M	255	0	5	0.7581862211227417	ambig_opp_strand	unspliced	-1	12	.	.	.	mrna
A00839:75:H7MFFDSXY:3:1252:20717:21245	chr1	152351111	152351260	False	374	150M	255	2	5	0.5865570306777954	ambig_opp_strand	unspliced	-1	12	.	.	.	mrna
A00839:75:H7MFFDSXY:3:2631:21124:9862	chr1	152356565	152356714	True	-314	150M	255	0	25	0.6241238117218018	ambig_opp_strand	unspliced	1437	12	RIGEL_NRNA_chr1_1_152335378_152364080		RIGEL_NRNA_chr1_1_152335378_152364080	nrna
A00839:75:H7MFFDSXY:3:1373:15917:10426	chr1	152351143	152351292	True	-204	150M	255	0	25	0.8213735222816467	ambig_opp_strand	unspliced	1437	12	RIGEL_NRNA_chr1_1_152335378_152364080		RIGEL_NRNA_chr1_1_152335378_152364080	nrna
A00839:75:H7MFFDSXY:3:2111:20112:24205	chr1	152355741	152355822	True	-313	82M	255	0	5	0.3129520118236542	ambig_opp_strand	unspliced	-1	12	.	.	.	mrna
A00839:75:H7MFFDSXY:3:1549:24424:27727	chr1	152356687	152356836	False	329	150M	255	0	3	0.7693861126899719	ambig_opp_strand	unspliced	1437	12	ENST00000388718.5	FLG2	ENSG00000143520.6	mrna
A00839:75:H7MFFDSXY:3:2145:10719:13886	chr1	152353657	152353800	False	144	144M	255	0	25	0.09215060621500015	ambig_opp_strand	unspliced	1437	12	RIGEL_NRNA_chr1_2_152348734_152360006		RIGEL_NRNA_chr1_2_152348734_152360006	nrna
A00839:75:H7MFFDSXY:3:2240:17490:12618	chr1	152356091	152356216	True	-351	126M	255	0	5	0.6395323276519775	ambig_opp_strand	unspliced	-1	12	.	.	.	mrna
A00839:75:H7MFFDSXY:3:2501:23574:7874	chr1	152354188	152354337	False	388	150M	255	0	5	0.7487136125564575	ambig_opp_strand	unspliced	-1	12	.	.	.	mrna
A00839:75:H7MFFDSXY:3:1350:7907:34006	chr1	152356531	152356680	True	-320	150M	255	0	25	0.5911386609077454	ambig_opp_strand	unspliced	1437	12	RIGEL_NRNA_chr1_1_152335378_152364080		RIGEL_NRNA_chr1_1_152335378_152364080	nrna
A00839:75:H7MFFDSXY:3:2311:10122:15045	chr1	152353879	152354028	True	-215	150M	255	0	25	0.06580778956413269	ambig_opp_strand	unspliced	1437	12	RIGEL_NRNA_chr1_1_152189332_152365557		RIGEL_NRNA_chr1_1_152189332_152365557	nrna
A00839:75:H7MFFDSXY:3:2457:8278:23938	chr1	152353668	152353817	False	202	150M	255	0	25	0.09624480456113815	ambig_opp_strand	unspliced	1437	12	RIGEL_NRNA_chr1_2_152348734_152360006		RIGEL_NRNA_chr1_2_152348734_152360006	nrna
A00839:75:H7MFFDSXY:3:1619:32633:7999	chr1	152353045	152353194	False	304	150M	255	0	3	0.8305461406707764	ambig_opp_strand	unspliced	1437	12	ENST00000388718.5	FLG2	ENSG00000143520.6	mrna
A00839:75:H7MFFDSXY:3:1332:29767:13777	chr1	152351944	152352093	True	-269	150M	255	0	25	0.7800508737564087	ambig_opp_strand	unspliced	1437	12	RIGEL_NRNA_chr1_1_152335378_152364080		RIGEL_NRNA_chr1_1_152335378_152364080	nrna
A00839:75:H7MFFDSXY:3:2650:23068:22529	chr1	152356897	152357046	True	-156	150M	255	0	5	0.18219375610351562	ambig_opp_strand	unspliced	-1	12	.	.	.	mrna
A00839:75:H7MFFDSXY:3:1530:2148:8437	chr1	152356570	152356719	True	-307	150M	255	0	25	0.6614903211593628	ambig_opp_strand	unspliced	1437	12	RIGEL_NRNA_chr1_1_152335378_152364080		RIGEL_NRNA_chr1_1_152335378_152364080	nrna
A00839:75:H7MFFDSXY:3:1211:16459:15937	chr1	152355212	152355257	True	-277	46M	255	0	5	0.16985033452510834	ambig_opp_strand	unspliced	-1	12	.	.	.	mrna
A00839:75:H7MFFDSXY:3:1566:14362:7388	chr1	152354888	152355012	False	356	125M	255	0	3	0.5906876921653748	ambig_opp_strand	unspliced	1437	12	ENST00000388718.5	FLG2	ENSG00000143520.6	mrna
A00839:75:H7MFFDSXY:3:2143:28881:17253	chr1	152357592	152357741	True	-357	150M	255	0	5	0.6973992586135864	ambig_opp_strand	unspliced	-1	12	.	.	.	mrna
A00839:75:H7MFFDSXY:3:2230:18783:34084	chr1	152350491	152350640	False	308	150M	255	0	5	0.08543237298727036	ambig_opp_strand	unspliced	-1	12	.	.	.	mrna
A00839:75:H7MFFDSXY:3:1328:12138:33724	chr1	152350837	152350962	False	351	126M	255	0	3	0.6351718306541443	ambig_opp_strand	unspliced	1437	12	ENST00000388718.5	FLG2	ENSG00000143520.6	mrna
A00839:75:H7MFFDSXY:3:2267:12608:23797	chr1	152354716	152354865	False	253	150M	255	0	3	0.8722679615020752	ambig_opp_strand	unspliced	1437	12	ENST00000388718.5	FLG2	ENSG00000143520.6	mrna
A00839:75:H7MFFDSXY:3:2651:18810:15655	chr1	152353125	152353274	True	-387	150M	255	0	5	0.9218645095825195	ambig_opp_strand	unspliced	-1	12	.	.	.	mrna
A00839:75:H7MFFDSXY:3:1437:11406:26694	chr1	152351277	152351356	False	305	80M	255	0	3	0.8292871117591858	ambig_opp_strand	unspliced	1437	12	ENST00000388718.5	FLG2	ENSG00000143520.6	mrna
A00839:75:H7MFFDSXY:3:1169:7328:17253	chr1	152356856	152357005	False	581	150M	255	0	3	0.4001041054725647	ambig_opp_strand	unspliced	1437	12	ENST00000388718.5	FLG2	ENSG00000143520.6	mrna
A00839:75:H7MFFDSXY:3:2174:18647:5071	chr1	152351805	152351954	False	278	150M	255	0	3	0.8588874340057373	ambig_opp_strand	unspliced	1437	12	ENST00000388718.5	FLG2	ENSG00000143520.6	mrna
A00839:75:H7MFFDSXY:3:2208:22417:12164	chr1	152353367	152353416	False	281	50M	255	0	3	0.8566231727600098	ambig_opp_strand	unspliced	1437	12	ENST00000388718.5	FLG2	ENSG00000143520.6	mrna
A00839:75:H7MFFDSXY:3:1613:25762:20149	chr1	152355290	152355439	True	-635	150M	255	0	5	0.5475744605064392	ambig_opp_strand	unspliced	-1	12	.	.	.	mrna
A00839:75:H7MFFDSXY:3:1644:28230:24956	chr1	152351714	152351863	True	-350	150M	255	0	25	0.34074339270591736	ambig_opp_strand	unspliced	1437	12	RIGEL_NRNA_chr1_1_152335378_152364080		RIGEL_NRNA_chr1_1_152335378_152364080	nrna
A00839:75:H7MFFDSXY:3:1577:19063:28964	chr1	152356692	152356841	True	-317	150M	255	0	5	0.33711427450180054	ambig_opp_strand	unspliced	-1	12	.	.	.	mrna
A00839:75:H7MFFDSXY:3:1168:18394:10363	chr1	152357619	152357768	True	-358	150M	255	0	25	0.264369398355484	ambig_opp_strand	unspliced	1437	12	RIGEL_NRNA_chr1_1_152335378_152364080		RIGEL_NRNA_chr1_1_152335378_152364080	nrna
A00839:75:H7MFFDSXY:3:1446:15564:33364	chr1	152351139	152351288	False	291	150M	255	0	25	0.09325896203517914	ambig_opp_strand	unspliced	1437	12	RIGEL_NRNA_chr1_2_152348734_152360006		RIGEL_NRNA_chr1_2_152348734_152360006	nrna
A00839:75:H7MFFDSXY:3:2412:25536:34319	chr1	152354293	152354437	False	145	145M	255	0	3	0.8383175134658813	ambig_opp_strand	unspliced	1437	12	ENST00000388718.5	FLG2	ENSG00000143520.6	mrna
A00839:75:H7MFFDSXY:3:2178:4101:33677	chr1	152357283	152357432	False	245	150M	255	1	3	0.8746312856674194	ambig_opp_strand	unspliced	1437	12	ENST00000388718.5	FLG2	ENSG00000143520.6	mrna
A00839:75:H7MFFDSXY:3:1609:16098:13526	chr1	152356363	152356512	False	234	150M	255	0	3	0.8759640455245972	ambig_opp_strand	unspliced	1437	12	ENST00000388718.5	FLG2	ENSG00000143520.6	mrna
A00839:75:H7MFFDSXY:3:1458:32515:33442	chr1	152358736	152358885	False	252	150M	255	2	25	0.7554277777671814	ambig_opp_strand	unspliced	1437	12	RIGEL_NRNA_chr1_2_152348734_152360006		RIGEL_NRNA_chr1_2_152348734_152360006	nrna
A00839:75:H7MFFDSXY:3:2278:24008:18302	chr1	152354744	152354893	False	192	150M	255	0	3	0.8738681077957153	ambig_opp_strand	unspliced	1437	12	ENST00000388718.5	FLG2	ENSG00000143520.6	mrna
A00839:75:H7MFFDSXY:3:2101:9308:25692	chr1	152356843	152356992	False	475	150M	255	1	5	0.7633552551269531	ambig_opp_strand	unspliced	-1	12	.	.	.	mrna
A00839:75:H7MFFDSXY:3:2231:2076:6903	chr1	152355288	152355350	True	-294	63M	255	0	25	0.717779278755188	ambig_opp_strand	unspliced	1437	12	RIGEL_NRNA_chr1_1_152335378_152364080		RIGEL_NRNA_chr1_1_152335378_152364080	nrna
A00839:75:H7MFFDSXY:3:2438:27091:16501	chr1	152352234	152352383	False	191	150M	255	0	3	0.8736082911491394	ambig_opp_strand	unspliced	1437	12	ENST00000388718.5	FLG2	ENSG00000143520.6	mrna
A00839:75:H7MFFDSXY:3:1364:19587:19664	chr1	152357384	152357533	False	367	150M	255	0	5	0.9032585620880127	ambig_opp_strand	unspliced	-1	12	.	.	.	mrna
A00839:75:H7MFFDSXY:3:1118:16143:33144	chr1	152356226	152356375	False	405	150M	255	0	5	0.7775334119796753	ambig_opp_strand	unspliced	-1	12	.	.	.	mrna
A00839:75:H7MFFDSXY:3:1118:5394:7294	chr1	152355819	152355907	False	539	89M	3	0	128	0.0	.	unknown	-1	0	.	.	.	mrna
A00839:75:H7MFFDSXY:3:2157:29975:24690	chr1	152350716	152350865	False	240	150M	255	0	3	0.8755958676338196	ambig_opp_strand	unspliced	1437	12	ENST00000388718.5	FLG2	ENSG00000143520.6	mrna
A00839:75:H7MFFDSXY:3:2316:27444:26162	chr1	152356530	152356679	True	-262	150M	255	0	25	0.7931538224220276	ambig_opp_strand	unspliced	1437	12	RIGEL_NRNA_chr1_1_152335378_152364080		RIGEL_NRNA_chr1_1_152335378_152364080	nrna
A00839:75:H7MFFDSXY:3:2512:31503:12148	chr1	152352024	152352126	False	103	103M	255	0	3	0.7344928979873657	ambig_opp_strand	unspliced	1437	12	ENST00000388718.5	FLG2	ENSG00000143520.6	mrna
A00839:75:H7MFFDSXY:3:1359:6524:31234	chr1	152356331	152356480	True	-314	150M	255	0	5	0.3208288252353668	ambig_opp_strand	unspliced	-1	12	.	.	.	mrna
A00839:75:H7MFFDSXY:3:1116:21459:31610	chr1	152352905	152352959	True	-280	55M	255	0	25	0.7579355835914612	ambig_opp_strand	unspliced	1437	12	RIGEL_NRNA_chr1_1_152335378_152364080		RIGEL_NRNA_chr1_1_152335378_152364080	nrna
A00839:75:H7MFFDSXY:3:1503:13630:8030	chr1	152354052	152354201	False	502	150M	255	0	3	0.23112711310386658	ambig_opp_strand	unspliced	1437	12	ENST00000388718.5	FLG2	ENSG00000143520.6	mrna
A00839:75:H7MFFDSXY:3:2629:12445:35102	chr1	152355706	152355855	False	245	150M	255	0	5	0.029075348749756813	ambig_opp_strand	unspliced	-1	12	.	.	.	mrna
A00839:75:H7MFFDSXY:3:1414:11062:8375	chr1	152355302	152355451	True	-291	150M	255	1	25	0.7286527156829834	ambig_opp_strand	unspliced	1437	12	RIGEL_NRNA_chr1_1_152335378_152364080		RIGEL_NRNA_chr1_1_152335378_152364080	nrna
A00839:75:H7MFFDSXY:3:2458:23402:11052	chr1	152355513	152355565	False	362	53M	255	0	3	0.525147557258606	ambig_opp_strand	unspliced	1437	12	ENST00000388718.5	FLG2	ENSG00000143520.6	mrna
A00839:75:H7MFFDSXY:3:1628:27525:32127	chr1	152352438	152352528	True	-322	91M	255	0	5	0.37044259905815125	ambig_opp_strand	unspliced	-1	12	.	.	.	mrna
A00839:75:H7MFFDSXY:3:1659:19696:3944	chr1	152352206	152352355	False	396	150M	255	0	5	0.7712962627410889	ambig_opp_strand	unspliced	-1	12	.	.	.	mrna
A00839:75:H7MFFDSXY:3:2577:27407:10942	chr1	152352354	152352442	True	-320	89M	255	0	25	0.5911386609077454	ambig_opp_strand	unspliced	1437	12	RIGEL_NRNA_chr1_1_152335378_152364080		RIGEL_NRNA_chr1_1_152335378_152364080	nrna
A00839:75:H7MFFDSXY:3:1352:22272:8093	chr1	152354230	152354379	False	668	150M	255	0	3	0.7787102460861206	ambig_opp_strand	unspliced	1437	12	ENST00000388718.5	FLG2	ENSG00000143520.6	mrna
A00839:75:H7MFFDSXY:3:2666:13051:6965	chr1	152356184	152356333	True	-222	150M	255	0	25	0.8228075504302979	ambig_opp_strand	unspliced	1437	12	RIGEL_NRNA_chr1_1_152335378_152364080		RIGEL_NRNA_chr1_1_152335378_152364080	nrna
A00839:75:H7MFFDSXY:3:1238:18945:21872	chr1	152352940	152353089	False	193	150M	255	0	3	0.8741233348846436	ambig_opp_strand	unspliced	1437	12	ENST00000388718.5	FLG2	ENSG00000143520.6	mrna
A00839:75:H7MFFDSXY:3:1215:12943:6026	chr1	152357446	152357595	False	329	150M	255	0	25	0.3666541278362274	ambig_opp_strand	unspliced	1437	12	RIGEL_NRNA_chr1_2_152348734_152360006		RIGEL_NRNA_chr1_2_152348734_152360006	nrna
A00839:75:H7MFFDSXY:3:1244:20971:31986	chr1	152351413	152351562	False	210	150M	255	0	3	0.8767477869987488	ambig_opp_strand	unspliced	1437	12	ENST00000388718.5	FLG2	ENSG00000143520.6	mrna
A00839:75:H7MFFDSXY:3:1113:31891:6214	chr1	152353352	152353501	False	365	150M	255	0	3	0.4991625249385834	ambig_opp_strand	unspliced	1437	12	ENST00000388718.5	FLG2	ENSG00000143520.6	mrna
A00839:75:H7MFFDSXY:3:1340:11342:12994	chr1	152351925	152352074	False	563	150M	255	1	25	0.04126891493797302	ambig_opp_strand	unspliced	1437	12	RIGEL_NRNA_chr1_2_152348734_152360006		RIGEL_NRNA_chr1_2_152348734_152360006	nrna
A00839:75:H7MFFDSXY:3:2366:8404:34021	chr1	152356198	152356347	True	-316	150M	255	0	5	0.33070021867752075	ambig_opp_strand	unspliced	-1	12	.	.	.	mrna
A00839:75:H7MFFDSXY:3:1442:6280:4507	chr1	152352633	152352782	False	240	150M	255	0	3	0.8755958676338196	ambig_opp_strand	unspliced	1437	12	ENST00000388718.5	FLG2	ENSG00000143520.6	mrna
A00839:75:H7MFFDSXY:3:1166:29622:6699	chr1	152351668	152351817	True	-397	150M	255	0	5	0.932251513004303	ambig_opp_strand	unspliced	-1	12	.	.	.	mrna
A00839:75:H7MFFDSXY:3:1564:22987:24236	chr1	152352533	152352622	True	-315	90M	255	0	25	0.6226209402084351	ambig_opp_strand	unspliced	1437	12	RIGEL_NRNA_chr1_1_152335378_152364080		RIGEL_NRNA_chr1_1_152335378_152364080	nrna
A00839:75:H7MFFDSXY:3:1358:9986:30217	chr1	152353514	152353653	False	140	140M	255	0	3	0.8304899334907532	ambig_opp_strand	unspliced	1437	12	ENST00000388718.5	FLG2	ENSG00000143520.6	mrna
A00839:75:H7MFFDSXY:3:2128:7627:32988	chr1	152351865	152352014	False	457	150M	255	0	5	0.7694740891456604	ambig_opp_strand	unspliced	-1	12	.	.	.	mrna
A00839:75:H7MFFDSXY:3:2348:4499:32581	chr1	152353729	152353878	True	-281	150M	255	0	25	0.7539288997650146	ambig_opp_strand	unspliced	1437	12	RIGEL_NRNA_chr1_1_152335378_152364080		RIGEL_NRNA_chr1_1_152335378_152364080	nrna
A00839:75:H7MFFDSXY:3:1152:24334:4492	chr1	152355499	152355546	False	279	48M	255	0	3	0.8583839535713196	ambig_opp_strand	unspliced	1437	12	ENST00000388718.5	FLG2	ENSG00000143520.6	mrna
A00839:75:H7MFFDSXY:3:1168:7518:6214	chr1	152351747	152351896	False	295	150M	255	0	3	0.8436314463615417	ambig_opp_strand	unspliced	1437	12	ENST00000388718.5	FLG2	ENSG00000143520.6	mrna
A00839:75:H7MFFDSXY:3:2403:29460:22764	chr1	152356439	152356588	True	-464	150M	255	0	5	0.9347960352897644	ambig_opp_strand	unspliced	-1	12	.	.	.	mrna
A00839:75:H7MFFDSXY:3:2609:19714:4069	chr1	152351809	152351958	False	380	150M	255	0	3	0.3049458861351013	ambig_opp_strand	unspliced	1437	12	ENST00000388718.5	FLG2	ENSG00000143520.6	mrna
A00839:75:H7MFFDSXY:3:1522:26286:19022	chr1	152351774	152351830	True	-282	57M	255	0	25	0.7519654035568237	ambig_opp_strand	unspliced	1437	12	RIGEL_NRNA_chr1_1_152335378_152364080		RIGEL_NRNA_chr1_1_152335378_152364080	nrna
A00839:75:H7MFFDSXY:3:1236:4020:3035	chr1	152351799	152351948	False	303	150M	255	0	5	0.07579685002565384	ambig_opp_strand	unspliced	-1	12	.	.	.	mrna
A00839:75:H7MFFDSXY:3:1131:26259:21010	chr1	152352798	152352947	True	-250	150M	255	0	25	0.811618447303772	ambig_opp_strand	unspliced	1437	12	RIGEL_NRNA_chr1_1_152335378_152364080		RIGEL_NRNA_chr1_1_152335378_152364080	nrna
A00839:75:H7MFFDSXY:3:2211:9552:11428	chr1	152353589	152353738	True	-194	150M	255	0	25	0.8165517449378967	ambig_opp_strand	unspliced	1437	12	RIGEL_NRNA_chr1_1_152335378_152364080		RIGEL_NRNA_chr1_1_152335378_152364080	nrna
A00839:75:H7MFFDSXY:3:1302:15917:25238	chr1	152353133	152353282	False	367	150M	255	0	3	0.4677174985408783	ambig_opp_strand	unspliced	1437	12	ENST00000388718.5	FLG2	ENSG00000143520.6	mrna
A00839:75:H7MFFDSXY:3:2432:13819:28213	chr1	152355453	152355602	False	399	150M	255	0	3	0.19306643307209015	ambig_opp_strand	unspliced	1437	12	ENST00000388718.5	FLG2	ENSG00000143520.6	mrna
A00839:75:H7MFFDSXY:3:2218:3197:36151	chr1	152354573	152354697	False	125	125M	255	0	5	0.12976478040218353	ambig_opp_strand	unspliced	-1	12	.	.	.	mrna
A00839:75:H7MFFDSXY:3:1254:9833:31986	chr1	152354746	152354895	False	245	150M	255	0	3	0.8746313452720642	ambig_opp_strand	unspliced	1437	12	ENST00000388718.5	FLG2	ENSG00000143520.6	mrna
A00839:75:H7MFFDSXY:3:2634:23041:13432	chr1	152351087	152351236	False	405	150M	255	0	5	0.7775334119796753	ambig_opp_strand	unspliced	-1	12	.	.	.	mrna
A00839:75:H7MFFDSXY:3:2402:13991:30796	chr1	152357407	152357556	True	-433	150M	255	1	5	0.9291313886642456	ambig_opp_strand	unspliced	-1	12	.	.	.	mrna
A00839:75:H7MFFDSXY:3:2309:2826:20509	chr1	152351158	152351282	False	125	125M	255	0	5	0.12976478040218353	ambig_opp_strand	unspliced	-1	12	.	.	.	mrna
A00839:75:H7MFFDSXY:3:2260:21495:7216	chr1	152353045	152353107	True	-294	63M	255	0	5	0.2189130187034607	ambig_opp_strand	unspliced	-1	12	.	.	.	mrna
A00839:75:H7MFFDSXY:3:2108:24044:17268	chr1	152351029	152351178	False	198	150M	255	0	3	0.8755435943603516	ambig_opp_strand	unspliced	1437	12	ENST00000388718.5	FLG2	ENSG00000143520.6	mrna
A00839:75:H7MFFDSXY:3:1326:19000:17300	chr1	152354223	152354372	True	-458	150M	255	0	5	0.9327115416526794	ambig_opp_strand	unspliced	-1	12	.	.	.	mrna
A00839:75:H7MFFDSXY:3:2557:19741:29074	chr1	152352721	152352870	False	318	150M	255	0	3	0.8020117878913879	ambig_opp_strand	unspliced	1437	12	ENST00000388718.5	FLG2	ENSG00000143520.6	mrna
A00839:75:H7MFFDSXY:3:2301:14606:1579	chr1	152356598	152356747	True	-260	150M	255	0	25	0.7961675524711609	ambig_opp_strand	unspliced	1437	12	RIGEL_NRNA_chr1_1_152335378_152364080		RIGEL_NRNA_chr1_1_152335378_152364080	nrna
A00839:75:H7MFFDSXY:3:1118:20998:7858	chr1	152356775	152356924	True	-270	150M	255	0	25	0.7786889672279358	ambig_opp_strand	unspliced	1437	12	RIGEL_NRNA_chr1_1_152335378_152364080		RIGEL_NRNA_chr1_1_152335378_152364080	nrna
A00839:75:H7MFFDSXY:3:2347:10881:10003	chr1	152354022	152354171	False	320	150M	255	1	3	0.7966775298118591	ambig_opp_strand	unspliced	1437	12	ENST00000388718.5	FLG2	ENSG00000143520.6	mrna
A00839:75:H7MFFDSXY:3:1103:24659:8218	chr1	152356232	152356381	False	289	150M	255	0	3	0.8504444360733032	ambig_opp_strand	unspliced	1437	12	ENST00000388718.5	FLG2	ENSG00000143520.6	mrna
A00839:75:H7MFFDSXY:3:1164:12888:27289	chr1	152351529	152351678	True	-266	150M	255	0	25	0.7869920134544373	ambig_opp_strand	unspliced	1437	12	RIGEL_NRNA_chr1_1_152335378_152364080		RIGEL_NRNA_chr1_1_152335378_152364080	nrna
A00839:75:H7MFFDSXY:3:2347:24804:14982	chr1	152353481	152353630	False	453	150M	255	0	25	0.02475237473845482	ambig_opp_strand	unspliced	1437	12	RIGEL_NRNA_chr1_2_152348734_152360006		RIGEL_NRNA_chr1_2_152348734_152360006	nrna
A00839:75:H7MFFDSXY:3:1473:25934:31532	chr1	152352760	152352909	True	-336	150M	255	0	25	0.48075684905052185	ambig_opp_strand	unspliced	1437	12	RIGEL_NRNA_chr1_1_152335378_152364080		RIGEL_NRNA_chr1_1_152335378_152364080	nrna
A00839:75:H7MFFDSXY:3:1138:7464:12038	chr1	152356590	152356739	False	402	150M	255	0	5	0.768226146697998	ambig_opp_strand	unspliced	-1	12	.	.	.	mrna
A00839:75:H7MFFDSXY:3:1608:5276:13823	chr1	152350891	152351040	True	-394	150M	255	0	5	0.9279766082763672	ambig_opp_strand	unspliced	-1	12	.	.	.	mrna
A00839:75:H7MFFDSXY:3:2458:29821:1063	chr1	152353712	152353861	True	-192	150M	255	0	25	0.8126194477081299	ambig_opp_strand	unspliced	1437	12	RIGEL_NRNA_chr1_1_152335378_152364080		RIGEL_NRNA_chr1_1_152335378_152364080	nrna
A00839:75:H7MFFDSXY:3:2406:14787:25254	chr1	152352658	152352807	False	316	150M	255	0	3	0.8068447113037109	ambig_opp_strand	unspliced	1437	12	ENST00000388718.5	FLG2	ENSG00000143520.6	mrna
A00839:75:H7MFFDSXY:3:2542:3694:29653	chr1	152355426	152355486	False	292	61M	255	0	3	0.8475086688995361	ambig_opp_strand	unspliced	1437	12	ENST00000388718.5	FLG2	ENSG00000143520.6	mrna
A00839:75:H7MFFDSXY:3:2311:32651:9471	chr1	152353027	152353176	True	-448	150M	255	0	5	0.930001437664032	ambig_opp_strand	unspliced	-1	12	.	.	.	mrna
A00839:75:H7MFFDSXY:3:2325:1796:30185	chr1	152356569	152356718	False	306	150M	255	0	3	0.8270359039306641	ambig_opp_strand	unspliced	1437	12	ENST00000388718.5	FLG2	ENSG00000143520.6	mrna
A00839:75:H7MFFDSXY:3:1137:30535:9721	chr1	152354404	152354553	True	-224	150M	255	0	25	0.8232091665267944	ambig_opp_strand	unspliced	1437	12	RIGEL_NRNA_chr1_1_152335378_152364080		RIGEL_NRNA_chr1_1_152335378_152364080	nrna
A00839:75:H7MFFDSXY:3:2173:18647:7106	chr1	152351138	152351287	False	479	150M	255	0	5	0.746086597442627	ambig_opp_strand	unspliced	-1	12	.	.	.	mrna
A00839:75:H7MFFDSXY:3:1428:28085:29716	chr1	152356145	152356294	False	389	150M	255	0	5	0.7682114839553833	ambig_opp_strand	unspliced	-1	12	.	.	.	mrna
A00839:75:H7MFFDSXY:3:2235:6415:11976	chr1	152356032	152356181	False	380	150M	255	0	5	0.6614808440208435	ambig_opp_strand	unspliced	-1	12	.	.	.	mrna
A00839:75:H7MFFDSXY:3:2677:27254:3537	chr1	152354942	152355020	True	-310	79M	255	0	25	0.647543728351593	ambig_opp_strand	unspliced	1437	12	RIGEL_NRNA_chr1_1_152335378_152364080		RIGEL_NRNA_chr1_1_152335378_152364080	nrna
A00839:75:H7MFFDSXY:3:2676:17526:13244	chr1	152353956	152354105	True	-251	150M	255	0	25	0.8085024356842041	ambig_opp_strand	unspliced	1437	12	RIGEL_NRNA_chr1_1_152335378_152364080		RIGEL_NRNA_chr1_1_152335378_152364080	nrna
A00839:75:H7MFFDSXY:3:1512:18656:5368	chr1	152353159	152353290	True	-357	132M	255	0	5	0.6967923641204834	ambig_opp_strand	unspliced	-1	12	.	.	.	mrna
A00839:75:H7MFFDSXY:3:2353:6569:29966	chr1	152351179	152351328	True	-398	150M	255	0	5	0.9308770895004272	ambig_opp_strand	unspliced	-1	12	.	.	.	mrna
A00839:75:H7MFFDSXY:3:2501:24008:5650	chr1	152352200	152352349	False	435	150M	255	0	3	0.23270653188228607	ambig_opp_strand	unspliced	1437	12	ENST00000388718.5	FLG2	ENSG00000143520.6	mrna
A00839:75:H7MFFDSXY:3:2340:8043:29418	chr1	152356619	152356768	False	193	150M	255	0	25	0.09606615453958511	ambig_opp_strand	unspliced	1437	12	RIGEL_NRNA_chr1_2_152348734_152360006		RIGEL_NRNA_chr1_2_152348734_152360006	nrna
A00839:75:H7MFFDSXY:3:2350:17779:12461	chr1	152354836	152354985	True	-259	150M	255	0	25	0.7979644536972046	ambig_opp_strand	unspliced	1437	12	RIGEL_NRNA_chr1_1_152335378_152364080		RIGEL_NRNA_chr1_1_152335378_152364080	nrna
A00839:75:H7MFFDSXY:3:1553:27462:8469	chr1	152352913	152353059	False	328	3S147M	255	2	3	0.7733120322227478	ambig_opp_strand	unspliced	1437	12	ENST00000388718.5	FLG2	ENSG00000143520.6	mrna
A00839:75:H7MFFDSXY:3:2414:3351:9204	chr1	152355424	152355573	True	-158	150M	255	0	25	0.7563347816467285	ambig_opp_strand	unspliced	1437	12	RIGEL_NRNA_chr1_1_152335378_152364080		RIGEL_NRNA_chr1_1_152335378_152364080	nrna
A00839:75:H7MFFDSXY:3:1535:17815:11522	chr1	152351220	152351335	True	-341	116M	255	0	5	0.5339718461036682	ambig_opp_strand	unspliced	-1	12	.	.	.	mrna
A00839:75:H7MFFDSXY:3:2503:15727:33019	chr1	152357248	152357397	False	386	150M	255	1	5	0.7260950803756714	ambig_opp_strand	unspliced	-1	12	.	.	.	mrna
A00839:75:H7MFFDSXY:3:2570:28908:3427	chr1	152353072	152353176	True	-336	105M	255	0	5	0.47684067487716675	ambig_opp_strand	unspliced	-1	12	.	.	.	mrna
A00839:75:H7MFFDSXY:3:2302:31123:25927	chr1	152355769	152355918	False	252	150M	255	0	3	0.8729961514472961	ambig_opp_strand	unspliced	1437	12	ENST00000388718.5	FLG2	ENSG00000143520.6	mrna
A00839:75:H7MFFDSXY:3:1159:23348:29997	chr1	152353618	152353767	True	-370	150M	255	0	5	0.8261558413505554	ambig_opp_strand	unspliced	-1	12	.	.	.	mrna
A00839:75:H7MFFDSXY:3:1616:31575:35571	chr1	152353948	152354097	True	-324	150M	255	0	5	0.3811255693435669	ambig_opp_strand	unspliced	-1	12	.	.	.	mrna
A00839:75:H7MFFDSXY:3:1219:27380:30624	chr1	152352078	152352227	False	301	150M	255	0	3	0.8352404832839966	ambig_opp_strand	unspliced	1437	12	ENST00000388718.5	FLG2	ENSG00000143520.6	mrna
A00839:75:H7MFFDSXY:3:2669:31991:26396	chr1	152356421	152356570	True	-316	150M	255	0	5	0.33070001006126404	ambig_opp_strand	unspliced	-1	12	.	.	.	mrna
A00839:75:H7MFFDSXY:3:1328:22191:5008	chr1	152357123	152357272	False	256	150M	255	0	3	0.8710975646972656	ambig_opp_strand	unspliced	1437	12	ENST00000388718.5	FLG2	ENSG00000143520.6	mrna
A00839:75:H7MFFDSXY:3:1560:15383:25191	chr1	152355037	152355156	True	-351	120M	255	0	5	0.639532208442688	ambig_opp_strand	unspliced	-1	12	.	.	.	mrna
A00839:75:H7MFFDSXY:3:1306:2040:14293	chr1	152350734	152350883	True	-188	150M	255	0	25	0.8103480339050293	ambig_opp_strand	unspliced	1437	12	RIGEL_NRNA_chr1_1_152335378_152364080		RIGEL_NRNA_chr1_1_152335378_152364080	nrna
A00839:75:H7MFFDSXY:3:2176:3794:6339	chr1	152356010	152356102	True	-318	93M	255	0	25	0.603524386882782	ambig_opp_strand	unspliced	1437	12	RIGEL_NRNA_chr1_1_152335378_152364080		RIGEL_NRNA_chr1_1_152335378_152364080	nrna
A00839:75:H7MFFDSXY:3:1612:27814:13401	chr1	152356315	152356464	False	275	150M	255	0	3	0.8607215881347656	ambig_opp_strand	unspliced	1437	12	ENST00000388718.5	FLG2	ENSG00000143520.6	mrna
A00839:75:H7MFFDSXY:3:2439:25500:31062	chr1	152356420	152356569	False	379	150M	255	0	5	0.6569666266441345	ambig_opp_strand	unspliced	-1	12	.	.	.	mrna
A00839:75:H7MFFDSXY:3:2220:9209:29246	chr1	152353815	152353964	True	-320	150M	255	0	5	0.35672327876091003	ambig_opp_strand	unspliced	-1	12	.	.	.	mrna
A00839:75:H7MFFDSXY:3:1335:28944:19961	chr1	152350845	152350914	False	295	70M	255	0	3	0.8436314463615417	ambig_opp_strand	unspliced	1437	12	ENST00000388718.5	FLG2	ENSG00000143520.6	mrna
A00839:75:H7MFFDSXY:3:1325:21567:12101	chr1	152355156	152355292	False	137	137M	255	0	3	0.8213234543800354	ambig_opp_strand	unspliced	1437	12	ENST00000388718.5	FLG2	ENSG00000143520.6	mrna
A00839:75:H7MFFDSXY:3:1302:22471:28667	chr1	152355267	152355416	True	-315	150M	255	0	25	0.04971379041671753	ambig_opp_strand	unspliced	1437	12	RIGEL_NRNA_chr1_1_152189332_152365557		RIGEL_NRNA_chr1_1_152189332_152365557	nrna
A00839:75:H7MFFDSXY:3:2138:19660:33098	chr1	152354797	152354946	True	-198	150M	255	0	25	0.8186776041984558	ambig_opp_strand	unspliced	1437	12	RIGEL_NRNA_chr1_1_152335378_152364080		RIGEL_NRNA_chr1_1_152335378_152364080	nrna
A00839:75:H7MFFDSXY:3:1175:3269:25473	chr1	152354048	152354197	False	334	150M	255	0	5	0.16730891168117523	ambig_opp_strand	unspliced	-1	12	.	.	.	mrna
A00839:75:H7MFFDSXY:3:2238:12445:11710	chr1	152356950	152357099	True	-489	150M	255	0	5	0.9392237067222595	ambig_opp_strand	unspliced	-1	12	.	.	.	mrna
A00839:75:H7MFFDSXY:3:1358:23800:17096	chr1	152356388	152356537	True	-429	150M	255	0	5	0.9305570721626282	ambig_opp_strand	unspliced	-1	12	.	.	.	mrna
A00839:75:H7MFFDSXY:3:2552:21811:31000	chr1	152356125	152356274	False	293	150M	255	0	3	0.84641432762146	ambig_opp_strand	unspliced	1437	12	ENST00000388718.5	FLG2	ENSG00000143520.6	mrna
A00839:75:H7MFFDSXY:3:2553:28411:16877	chr1	152356275	152356424	False	153	150M	255	0	3	0.851900041103363	ambig_opp_strand	unspliced	1437	12	ENST00000388718.5	FLG2	ENSG00000143520.6	mrna
A00839:75:H7MFFDSXY:3:2462:23448:30514	chr1	152353222	152353371	False	228	150M	255	1	3	0.8765408396720886	ambig_opp_strand	unspliced	1437	12	ENST00000388718.5	FLG2	ENSG00000143520.6	mrna
A00839:75:H7MFFDSXY:3:1149:27697:23437	chr1	152352157	152352272	False	347	116M	255	0	3	0.666541337966919	ambig_opp_strand	unspliced	1437	12	ENST00000388718.5	FLG2	ENSG00000143520.6	mrna
A00839:75:H7MFFDSXY:3:2570:26648:11099	chr1	152351109	152351258	False	289	150M	255	1	3	0.8504444360733032	ambig_opp_strand	unspliced	1437	12	ENST00000388718.5	FLG2	ENSG00000143520.6	mrna
A00839:75:H7MFFDSXY:3:2577:4435:7764	chr1	152355389	152355538	True	-399	150M	255	0	5	0.939579963684082	ambig_opp_strand	unspliced	-1	12	.	.	.	mrna
A00839:75:H7MFFDSXY:3:2560:22010:15562	chr1	152354565	152354714	True	-211	150M	255	1	25	0.8225796818733215	ambig_opp_strand	unspliced	1437	12	RIGEL_NRNA_chr1_1_152335378_152364080		RIGEL_NRNA_chr1_1_152335378_152364080	nrna
A00839:75:H7MFFDSXY:3:1174:31123:5948	chr1	152352691	152352840	True	-245	150M	255	0	25	0.8153706789016724	ambig_opp_strand	unspliced	1437	12	RIGEL_NRNA_chr1_1_152335378_152364080		RIGEL_NRNA_chr1_1_152335378_152364080	nrna
A00839:75:H7MFFDSXY:3:1227:30228:3615	chr1	152355743	152355838	False	546	96M	255	0	3	0.32193678617477417	ambig_opp_strand	unspliced	1437	12	ENST00000388718.5	FLG2	ENSG00000143520.6	mrna
A00839:75:H7MFFDSXY:3:1158:1045:2018	chr1	152354309	152354439	True	-131	131M	255	0	25	0.5865506529808044	ambig_opp_strand	unspliced	1437	12	RIGEL_NRNA_chr1_1_152335378_152364080		RIGEL_NRNA_chr1_1_152335378_152364080	nrna
A00839:75:H7MFFDSXY:3:2143:20428:32550	chr1	152353117	152353266	True	-248	150M	255	0	25	0.8128185868263245	ambig_opp_strand	unspliced	1437	12	RIGEL_NRNA_chr1_1_152335378_152364080		RIGEL_NRNA_chr1_1_152335378_152364080	nrna
A00839:75:H7MFFDSXY:3:2166:21432:9486	chr1	152356637	152356786	True	-264	150M	255	0	25	0.7902271151542664	ambig_opp_strand	unspliced	1437	12	RIGEL_NRNA_chr1_1_152335378_152364080		RIGEL_NRNA_chr1_1_152335378_152364080	nrna
A00839:75:H7MFFDSXY:3:1212:1461:36088	chr1	152355389	152355487	True	-324	99M	255	0	25	0.5687141418457031	ambig_opp_strand	unspliced	1437	12	RIGEL_NRNA_chr1_1_152335378_152364080		RIGEL_NRNA_chr1_1_152335378_152364080	nrna
A00839:75:H7MFFDSXY:3:2663:31656:34773	chr1	152357028	152357177	True	-289	150M	255	0	5	0.20082490146160126	ambig_opp_strand	unspliced	-1	12	.	.	.	mrna
A00839:75:H7MFFDSXY:3:1223:12319:11616	chr1	152353838	152353987	False	394	150M	255	0	25	0.024521443992853165	ambig_opp_strand	unspliced	1437	12	RIGEL_NRNA_chr1_2_152348734_152360006		RIGEL_NRNA_chr1_2_152348734_152360006	nrna
A00839:75:H7MFFDSXY:3:1642:21079:17895	chr1	152353871	152354020	False	512	150M	255	0	5	0.8150784373283386	ambig_opp_strand	unspliced	-1	12	.	.	.	mrna
A00839:75:H7MFFDSXY:3:1304:30996:10363	chr1	152353860	152354009	True	-258	150M	255	0	25	0.799487829208374	ambig_opp_strand	unspliced	1437	12	RIGEL_NRNA_chr1_1_152335378_152364080		RIGEL_NRNA_chr1_1_152335378_152364080	nrna
A00839:75:H7MFFDSXY:3:1169:23041:12837	chr1	152354203	152354352	True	-360	150M	255	0	5	0.7267807722091675	ambig_opp_strand	unspliced	-1	12	.	.	.	mrna
A00839:75:H7MFFDSXY:3:2522:18439:10692	chr1	152351040	152351189	True	-227	150M	255	0	25	0.8228299617767334	ambig_opp_strand	unspliced	1437	12	RIGEL_NRNA_chr1_1_152335378_152364080		RIGEL_NRNA_chr1_1_152335378_152364080	nrna
A00839:75:H7MFFDSXY:3:1648:6153:19633	chr1	152351180	152351329	False	448	150M	255	0	5	0.7579852342605591	ambig_opp_strand	unspliced	-1	12	.	.	.	mrna
A00839:75:H7MFFDSXY:3:2225:18249:26804	chr1	152355345	152355494	False	447	150M	255	0	5	0.7686300277709961	ambig_opp_strand	unspliced	-1	12	.	.	.	mrna
A00839:75:H7MFFDSXY:3:1403:31394:16407	chr1	152351333	152351482	False	298	150M	255	0	3	0.8400419354438782	ambig_opp_strand	unspliced	1437	12	ENST00000388718.5	FLG2	ENSG00000143520.6	mrna
A00839:75:H7MFFDSXY:3:1518:27263:5024	chr1	152351627	152351705	True	-304	79M	255	0	25	0.6762240529060364	ambig_opp_strand	unspliced	1437	12	RIGEL_NRNA_chr1_1_152335378_152364080		RIGEL_NRNA_chr1_1_152335378_152364080	nrna
A00839:75:H7MFFDSXY:3:1640:8540:9799	chr1	152355990	152356126	True	-362	137M	255	0	5	0.7521462440490723	ambig_opp_strand	unspliced	-1	12	.	.	.	mrna
A00839:75:H7MFFDSXY:3:1335:24279:10473	chr1	152355689	152355825	True	-368	137M	255	0	5	0.8042956590652466	ambig_opp_strand	unspliced	-1	12	.	.	.	mrna
A00839:75:H7MFFDSXY:3:1610:9118:36041	chr1	152352133	152352282	True	-321	150M	255	0	25	0.5853350758552551	ambig_opp_strand	unspliced	1437	12	RIGEL_NRNA_chr1_1_152335378_152364080		RIGEL_NRNA_chr1_1_152335378_152364080	nrna
A00839:75:H7MFFDSXY:3:2215:18376:4225	chr1	152351739	152351888	True	-421	150M	255	0	5	0.9397541880607605	ambig_opp_strand	unspliced	-1	12	.	.	.	mrna
A00839:75:H7MFFDSXY:3:2131:20347:11898	chr1	152350802	152350951	False	374	150M	255	0	5	0.5865570306777954	ambig_opp_strand	unspliced	-1	12	.	.	.	mrna
A00839:75:H7MFFDSXY:3:1669:23701:8124	chr1	152355377	152355525	False	712	1S149M	255	1	3	0.832905113697052	ambig_opp_strand	unspliced	1437	12	ENST00000388718.5	FLG2	ENSG00000143520.6	mrna
A00839:75:H7MFFDSXY:3:2525:26313:22514	chr1	152355188	152355337	False	299	150M	255	0	3	0.8387962579727173	ambig_opp_strand	unspliced	1437	12	ENST00000388718.5	FLG2	ENSG00000143520.6	mrna
A00839:75:H7MFFDSXY:3:1138:24216:24048	chr1	152357108	152357257	False	285	150M	255	0	3	0.8539189696311951	ambig_opp_strand	unspliced	1437	12	ENST00000388718.5	FLG2	ENSG00000143520.6	mrna
A00839:75:H7MFFDSXY:3:1242:13575:2707	chr1	152351211	152351360	False	179	150M	255	0	3	0.8704301714897156	ambig_opp_strand	unspliced	1437	12	ENST00000388718.5	FLG2	ENSG00000143520.6	mrna
A00839:75:H7MFFDSXY:3:1234:29414:28980	chr1	152355890	152356039	True	-462	150M	255	2	5	0.9312572479248047	ambig_opp_strand	unspliced	-1	12	.	.	.	mrna
A00839:75:H7MFFDSXY:3:2270:4453:18098	chr1	152351959	152352108	False	338	150M	255	0	5	0.18972191214561462	ambig_opp_strand	unspliced	-1	12	.	.	.	mrna
A00839:75:H7MFFDSXY:3:1459:23294:25363	chr1	152356055	152356204	False	276	150M	255	0	3	0.8602300882339478	ambig_opp_strand	unspliced	1437	12	ENST00000388718.5	FLG2	ENSG00000143520.6	mrna
A00839:75:H7MFFDSXY:3:1636:23619:25050	chr1	152351181	152351330	False	367	150M	255	0	5	0.4807887077331543	ambig_opp_strand	unspliced	-1	12	.	.	.	mrna
A00839:75:H7MFFDSXY:3:2458:15863:5509	chr1	152350869	152351018	False	410	150M	255	0	3	0.21438120305538177	ambig_opp_strand	unspliced	1437	12	ENST00000388718.5	FLG2	ENSG00000143520.6	mrna
A00839:75:H7MFFDSXY:3:2572:9787:30686	chr1	152353288	152353396	False	340	109M	255	0	3	0.7160141468048096	ambig_opp_strand	unspliced	1437	12	ENST00000388718.5	FLG2	ENSG00000143520.6	mrna
A00839:75:H7MFFDSXY:3:2278:22959:6778	chr1	152355624	152355773	False	343	150M	255	0	5	0.22689174115657806	ambig_opp_strand	unspliced	-1	12	.	.	.	mrna
A00839:75:H7MFFDSXY:3:1674:22128:14481	chr1	152350662	152350811	True	-445	150M	255	0	5	0.9166716933250427	ambig_opp_strand	unspliced	-1	12	.	.	.	mrna
A00839:75:H7MFFDSXY:3:2440:22797:13354	chr1	152357524	152357673	True	-319	150M	255	0	25	0.04759718105196953	ambig_opp_strand	unspliced	1437	12	RIGEL_NRNA_chr1_1_152189332_152365557		RIGEL_NRNA_chr1_1_152189332_152365557	nrna
A00839:75:H7MFFDSXY:3:1526:11279:37027	chr1	152353086	152353235	False	363	150M	255	0	5	0.42277199029922485	ambig_opp_strand	unspliced	-1	12	.	.	.	mrna
A00839:75:H7MFFDSXY:3:2304:13548:11678	chr1	152353024	152353173	True	-389	150M	255	0	5	0.9335959553718567	ambig_opp_strand	unspliced	-1	12	.	.	.	mrna
A00839:75:H7MFFDSXY:3:2321:13440:22075	chr1	152353442	152353591	True	-337	150M	255	0	5	0.4936608374118805	ambig_opp_strand	unspliced	-1	12	.	.	.	mrna
A00839:75:H7MFFDSXY:3:1118:10447:13135	chr1	152354639	152354764	False	126	126M	255	0	3	0.770194411277771	ambig_opp_strand	unspliced	1437	12	ENST00000388718.5	FLG2	ENSG00000143520.6	mrna
A00839:75:H7MFFDSXY:3:2464:18738:1564	chr1	152354137	152354286	True	-309	150M	255	1	5	0.29326871037483215	ambig_opp_strand	unspliced	-1	12	.	.	.	mrna
A00839:75:H7MFFDSXY:3:1154:12156:2785	chr1	152356796	152356945	False	511	150M	255	0	5	0.7758700847625732	ambig_opp_strand	unspliced	-1	12	.	.	.	mrna
A00839:75:H7MFFDSXY:3:1122:23909:26647	chr1	152351422	152351571	False	162	150M	255	0	3	0.8617053627967834	ambig_opp_strand	unspliced	1437	12	ENST00000388718.5	FLG2	ENSG00000143520.6	mrna
A00839:75:H7MFFDSXY:3:1101:14534:1955	chr1	152351709	152351858	True	-433	150M	255	0	5	0.9291313886642456	ambig_opp_strand	unspliced	-1	12	.	.	.	mrna
A00839:75:H7MFFDSXY:3:1345:24126:21856	chr1	152358833	152358982	False	194	150M	255	0	25	0.7690029740333557	ambig_opp_strand	unspliced	1437	12	RIGEL_NRNA_chr1_2_152348734_152360006		RIGEL_NRNA_chr1_2_152348734_152360006	nrna
A00839:75:H7MFFDSXY:3:2515:4770:27414	chr1	152354958	152355047	True	-321	90M	255	0	25	0.04673667997121811	ambig_opp_strand	unspliced	1437	12	RIGEL_NRNA_chr1_1_152189332_152365557		RIGEL_NRNA_chr1_1_152189332_152365557	nrna
A00839:75:H7MFFDSXY:3:1313:4517:12540	chr1	152351292	152351440	True	-400	149M	255	0	5	0.9300726652145386	ambig_opp_strand	unspliced	-1	12	.	.	.	mrna
A00839:75:H7MFFDSXY:3:1501:2013:1407	chr1	152355784	152355833	False	275	50M	3	0	128	0.0	.	unknown	-1	0	.	.	.	mrna
A00839:75:H7MFFDSXY:3:1109:3179:35180	chr1	152357105	152357254	False	361	150M	255	0	5	0.39593377709388733	ambig_opp_strand	unspliced	-1	12	.	.	.	mrna
A00839:75:H7MFFDSXY:3:1504:1334:24032	chr1	152356552	152356701	False	270	150M	255	0	3	0.8641307353973389	ambig_opp_strand	unspliced	1437	12	ENST00000388718.5	FLG2	ENSG00000143520.6	mrna
A00839:75:H7MFFDSXY:3:1224:8332:18803	chr1	152353976	152354125	False	286	150M	255	1	3	0.852739691734314	ambig_opp_strand	unspliced	1437	12	ENST00000388718.5	FLG2	ENSG00000143520.6	mrna
A00839:75:H7MFFDSXY:3:1451:28248:24925	chr1	152356202	152356253	True	-13	52M	255	0	25	0.6496484875679016	ambig_opp_strand	unspliced	1437	12	RIGEL_NRNA_chr1_1_152335378_152364080		RIGEL_NRNA_chr1_1_152335378_152364080	nrna
A00839:75:H7MFFDSXY:3:1320:27624:36933	chr1	152354235	152354384	True	-513	150M	255	0	5	0.9293548464775085	ambig_opp_strand	unspliced	-1	12	.	.	.	mrna
A00839:75:H7MFFDSXY:3:2506:8015:3756	chr1	152350933	152351082	True	-267	150M	255	0	25	0.7836445569992065	ambig_opp_strand	unspliced	1437	12	RIGEL_NRNA_chr1_1_152335378_152364080		RIGEL_NRNA_chr1_1_152335378_152364080	nrna
A00839:75:H7MFFDSXY:3:1108:4435:9956	chr1	152350787	152350936	False	220	150M	255	0	3	0.8768438100814819	ambig_opp_strand	unspliced	1437	12	ENST00000388718.5	FLG2	ENSG00000143520.6	mrna
A00839:75:H7MFFDSXY:3:2272:7355:5963	chr1	152357379	152357528	True	-285	150M	255	0	25	0.7452909350395203	ambig_opp_strand	unspliced	1437	12	RIGEL_NRNA_chr1_1_152335378_152364080		RIGEL_NRNA_chr1_1_152335378_152364080	nrna
A00839:75:H7MFFDSXY:3:1121:18801:9565	chr1	152354059	152354208	True	-372	150M	255	0	25	0.14945979416370392	ambig_opp_strand	unspliced	1437	12	RIGEL_NRNA_chr1_1_152335378_152364080		RIGEL_NRNA_chr1_1_152335378_152364080	nrna
A00839:75:H7MFFDSXY:3:2403:6442:10676	chr1	152352765	152352914	True	-292	150M	255	0	25	0.7253784537315369	ambig_opp_strand	unspliced	1437	12	RIGEL_NRNA_chr1_1_152335378_152364080		RIGEL_NRNA_chr1_1_152335378_152364080	nrna
A00839:75:H7MFFDSXY:3:2661:17589:30765	chr1	152351636	152351785	True	-380	150M	255	0	5	0.8923473954200745	ambig_opp_strand	unspliced	-1	12	.	.	.	mrna
A00839:75:H7MFFDSXY:3:2426:25708:17613	chr1	152356211	152356360	False	342	150M	255	0	3	0.7070009708404541	ambig_opp_strand	unspliced	1437	12	ENST00000388718.5	FLG2	ENSG00000143520.6	mrna
A00839:75:H7MFFDSXY:3:2442:7717:15201	chr1	152350926	152351075	False	408	150M	255	1	3	0.2004554122686386	ambig_opp_strand	unspliced	1437	12	ENST00000388718.5	FLG2	ENSG00000143520.6	mrna
A00839:75:H7MFFDSXY:3:2527:14922:30937	chr1	152352316	152352465	False	352	150M	255	0	3	0.6267848014831543	ambig_opp_strand	unspliced	1437	12	ENST00000388718.5	FLG2	ENSG00000143520.6	mrna
A00839:75:H7MFFDSXY:3:2112:18322:32753	chr1	152356122	152356271	False	410	150M	255	0	5	0.7620163559913635	ambig_opp_strand	unspliced	-1	12	.	.	.	mrna
A00839:75:H7MFFDSXY:3:2406:2700:33191	chr1	152354498	152354647	True	-323	150M	255	0	25	0.5716105103492737	ambig_opp_strand	unspliced	1437	12	RIGEL_NRNA_chr1_1_152335378_152364080		RIGEL_NRNA_chr1_1_152335378_152364080	nrna
A00839:75:H7MFFDSXY:3:2563:15022:29199	chr1	152357026	152357175	True	-240	150M	255	0	5	0.10890864580869675	ambig_opp_strand	unspliced	-1	12	.	.	.	mrna
A00839:75:H7MFFDSXY:3:1121:7536:23563	chr1	152357586	152357735	True	-353	150M	255	0	25	0.308576762676239	ambig_opp_strand	unspliced	1437	12	RIGEL_NRNA_chr1_1_152335378_152364080		RIGEL_NRNA_chr1_1_152335378_152364080	nrna
A00839:75:H7MFFDSXY:3:1424:11297:27445	chr1	152355361	152355510	False	946	150M	255	0	3	0.8688501715660095	ambig_opp_strand	unspliced	1437	12	ENST00000388718.5	FLG2	ENSG00000143520.6	mrna
A00839:75:H7MFFDSXY:3:2212:8965:24314	chr1	152354094	152354243	False	367	150M	255	0	3	0.4677174985408783	ambig_opp_strand	unspliced	1437	12	ENST00000388718.5	FLG2	ENSG00000143520.6	mrna
A00839:75:H7MFFDSXY:3:2418:32018:33896	chr1	152352746	152352895	True	-231	150M	255	0	25	0.065568707883358	ambig_opp_strand	unspliced	1437	12	RIGEL_NRNA_chr1_1_152189332_152365557		RIGEL_NRNA_chr1_1_152189332_152365557	nrna
A00839:75:H7MFFDSXY:3:1104:5023:29575	chr1	152357361	152357510	True	-187	150M	255	2	25	0.0646587535738945	ambig_opp_strand	unspliced	1437	12	RIGEL_NRNA_chr1_1_152189332_152365557		RIGEL_NRNA_chr1_1_152189332_152365557	nrna
A00839:75:H7MFFDSXY:3:2372:1723:24893	chr1	152356971	152357120	False	295	150M	255	1	3	0.8436314463615417	ambig_opp_strand	unspliced	1437	12	ENST00000388718.5	FLG2	ENSG00000143520.6	mrna
A00839:75:H7MFFDSXY:3:1450:15781:11256	chr1	152354724	152354798	True	-306	75M	255	0	25	0.6666442155838013	ambig_opp_strand	unspliced	1437	12	RIGEL_NRNA_chr1_1_152335378_152364080		RIGEL_NRNA_chr1_1_152335378_152364080	nrna
A00839:75:H7MFFDSXY:3:1564:12147:22654	chr1	152351736	152351885	False	330	150M	255	0	3	0.767073392868042	ambig_opp_strand	unspliced	1437	12	ENST00000388718.5	FLG2	ENSG00000143520.6	mrna
A00839:75:H7MFFDSXY:3:1406:9245:25081	chr1	152357364	152357483	False	120	120M	255	1	3	0.7443562150001526	ambig_opp_strand	unspliced	1437	12	ENST00000388718.5	FLG2	ENSG00000143520.6	mrna
A00839:75:H7MFFDSXY:3:1570:6885:28291	chr1	152355630	152355778	False	374	149M	255	1	5	0.5865572690963745	ambig_opp_strand	unspliced	-1	12	.	.	.	mrna
A00839:75:H7MFFDSXY:3:2333:30183:31219	chr1	152353224	152353373	False	287	150M	255	0	5	0.05398404598236084	ambig_opp_strand	unspliced	-1	12	.	.	.	mrna
A00839:75:H7MFFDSXY:3:1516:6922:32706	chr1	152352980	152353129	False	294	150M	255	0	3	0.8449952006340027	ambig_opp_strand	unspliced	1437	12	ENST00000388718.5	FLG2	ENSG00000143520.6	mrna
A00839:75:H7MFFDSXY:3:2106:1642:29857	chr1	152351303	152351452	True	-330	150M	255	0	25	0.5282354354858398	ambig_opp_strand	unspliced	1437	12	RIGEL_NRNA_chr1_1_152335378_152364080		RIGEL_NRNA_chr1_1_152335378_152364080	nrna
A00839:75:H7MFFDSXY:3:1225:26630:7968	chr1	152356447	152356596	True	-305	150M	255	0	5	0.2678965628147125	ambig_opp_strand	unspliced	-1	12	.	.	.	mrna
A00839:75:H7MFFDSXY:3:1664:22688:34804	chr1	152357307	152357456	False	237	150M	255	1	5	0.027806585654616356	ambig_opp_strand	unspliced	-1	12	.	.	.	mrna
A00839:75:H7MFFDSXY:3:2346:20925:28338	chr1	152357266	152357415	True	-154	150M	255	1	25	0.05952537804841995	ambig_opp_strand	unspliced	1437	12	RIGEL_NRNA_chr1_1_152189332_152365557		RIGEL_NRNA_chr1_1_152189332_152365557	nrna
A00839:75:H7MFFDSXY:3:1276:15076:6057	chr1	152356266	152356415	False	257	150M	255	0	3	0.8706756234169006	ambig_opp_strand	unspliced	1437	12	ENST00000388718.5	FLG2	ENSG00000143520.6	mrna
A00839:75:H7MFFDSXY:3:2204:24930:23062	chr1	152353979	152354128	True	-336	150M	255	0	5	0.47684067487716675	ambig_opp_strand	unspliced	-1	12	.	.	.	mrna
A00839:75:H7MFFDSXY:3:1552:6307:20306	chr1	152353632	152353781	False	420	150M	255	0	3	0.22658760845661163	ambig_opp_strand	unspliced	1437	12	ENST00000388718.5	FLG2	ENSG00000143520.6	mrna
A00839:75:H7MFFDSXY:3:1502:22309:2080	chr1	152356115	152356264	False	419	150M	255	0	3	0.1996808648109436	ambig_opp_strand	unspliced	1437	12	ENST00000388718.5	FLG2	ENSG00000143520.6	mrna
A00839:75:H7MFFDSXY:3:1229:14669:20478	chr1	152355945	152356004	True	-285	60M	255	0	25	0.7452908754348755	ambig_opp_strand	unspliced	1437	12	RIGEL_NRNA_chr1_1_152335378_152364080		RIGEL_NRNA_chr1_1_152335378_152364080	nrna
A00839:75:H7MFFDSXY:3:2456:30725:27085	chr1	152353923	152354072	False	343	150M	255	0	3	0.6964337229728699	ambig_opp_strand	unspliced	1437	12	ENST00000388718.5	FLG2	ENSG00000143520.6	mrna
A00839:75:H7MFFDSXY:3:1133:1479:35681	chr1	152353157	152353306	True	-307	150M	255	0	25	0.6614903211593628	ambig_opp_strand	unspliced	1437	12	RIGEL_NRNA_chr1_1_152335378_152364080		RIGEL_NRNA_chr1_1_152335378_152364080	nrna
A00839:75:H7MFFDSXY:3:2153:18412:12430	chr1	152356724	152356873	True	-298	150M	255	0	25	0.7031342387199402	ambig_opp_strand	unspliced	1437	12	RIGEL_NRNA_chr1_1_152335378_152364080		RIGEL_NRNA_chr1_1_152335378_152364080	nrna
A00839:75:H7MFFDSXY:3:1352:4634:36198	chr1	152353743	152353892	True	-382	150M	255	1	5	0.9088407158851624	ambig_opp_strand	unspliced	-1	12	.	.	.	mrna
A00839:75:H7MFFDSXY:3:2108:1479:31579	chr1	152351745	152351894	False	242	150M	255	0	3	0.8752695918083191	ambig_opp_strand	unspliced	1437	12	ENST00000388718.5	FLG2	ENSG00000143520.6	mrna
A00839:75:H7MFFDSXY:3:1609:13801:21919	chr1	152353110	152353259	True	-361	150M	255	0	5	0.7354804873466492	ambig_opp_strand	unspliced	-1	12	.	.	.	mrna
A00839:75:H7MFFDSXY:3:1150:23258:4883	chr1	152351915	152352064	False	242	150M	255	0	3	0.8752695918083191	ambig_opp_strand	unspliced	1437	12	ENST00000388718.5	FLG2	ENSG00000143520.6	mrna
A00839:75:H7MFFDSXY:3:1536:17788:10692	chr1	152354263	152354412	True	-303	150M	255	0	25	0.6817617416381836	ambig_opp_strand	unspliced	1437	12	RIGEL_NRNA_chr1_1_152335378_152364080		RIGEL_NRNA_chr1_1_152335378_152364080	nrna
A00839:75:H7MFFDSXY:3:1145:20681:2738	chr1	152354233	152354382	False	386	150M	255	3	5	0.7260950803756714	ambig_opp_strand	unspliced	-1	12	.	.	.	mrna
A00839:75:H7MFFDSXY:3:1158:16667:31610	chr1	152354122	152354271	True	-383	150M	255	0	5	0.9103876352310181	ambig_opp_strand	unspliced	-1	12	.	.	.	mrna
A00839:75:H7MFFDSXY:3:1243:21983:29105	chr1	152354230	152354379	False	379	150M	255	0	3	0.30901238322257996	ambig_opp_strand	unspliced	1437	12	ENST00000388718.5	FLG2	ENSG00000143520.6	mrna
A00839:75:H7MFFDSXY:3:1501:13322:18521	chr1	152354647	152354796	False	297	150M	255	0	3	0.8415139317512512	ambig_opp_strand	unspliced	1437	12	ENST00000388718.5	FLG2	ENSG00000143520.6	mrna
A00839:75:H7MFFDSXY:3:1239:13178:36777	chr1	152356911	152357060	False	501	150M	255	0	5	0.720951497554779	ambig_opp_strand	unspliced	-1	12	.	.	.	mrna
A00839:75:H7MFFDSXY:3:2217:31973:33912	chr1	152354253	152354402	False	331	150M	255	0	3	0.7622836828231812	ambig_opp_strand	unspliced	1437	12	ENST00000388718.5	FLG2	ENSG00000143520.6	mrna
A00839:75:H7MFFDSXY:3:2321:6415:1705	chr1	152356724	152356873	False	196	150M	255	0	3	0.8751375675201416	ambig_opp_strand	unspliced	1437	12	ENST00000388718.5	FLG2	ENSG00000143520.6	mrna
A00839:75:H7MFFDSXY:3:2311:3052:23281	chr1	152353946	152354095	True	-342	150M	255	0	5	0.5376670956611633	ambig_opp_strand	unspliced	-1	12	.	.	.	mrna
A00839:75:H7MFFDSXY:3:2478:25165:21652	chr1	152354796	152354945	True	-635	150M	255	0	5	0.5475744605064392	ambig_opp_strand	unspliced	-1	12	.	.	.	mrna
A00839:75:H7MFFDSXY:3:1256:27263:1767	chr1	152352200	152352349	False	320	150M	255	0	3	0.7966775298118591	ambig_opp_strand	unspliced	1437	12	ENST00000388718.5	FLG2	ENSG00000143520.6	mrna
A00839:75:H7MFFDSXY:3:1107:3486:31892	chr1	152353865	152354014	True	-443	150M	255	0	5	0.9468745589256287	ambig_opp_strand	unspliced	-1	12	.	.	.	mrna
A00839:75:H7MFFDSXY:3:1335:27769:13135	chr1	152356608	152356757	True	-322	150M	255	0	25	0.5785312056541443	ambig_opp_strand	unspliced	1437	12	RIGEL_NRNA_chr1_1_152335378_152364080		RIGEL_NRNA_chr1_1_152335378_152364080	nrna
A00839:75:H7MFFDSXY:3:2574:22553:27586	chr1	152354317	152354466	True	-274	150M	255	0	25	0.7696875333786011	ambig_opp_strand	unspliced	1437	12	RIGEL_NRNA_chr1_1_152335378_152364080		RIGEL_NRNA_chr1_1_152335378_152364080	nrna
A00839:75:H7MFFDSXY:3:1609:3821:25551	chr1	152355016	152355134	True	-350	119M	255	0	25	0.34074339270591736	ambig_opp_strand	unspliced	1437	12	RIGEL_NRNA_chr1_1_152335378_152364080		RIGEL_NRNA_chr1_1_152335378_152364080	nrna
A00839:75:H7MFFDSXY:3:2129:16251:23938	chr1	152356255	152356404	False	296	150M	255	0	3	0.8426079154014587	ambig_opp_strand	unspliced	1437	12	ENST00000388718.5	FLG2	ENSG00000143520.6	mrna
A00839:75:H7MFFDSXY:3:1250:17400:3474	chr1	152352098	152352247	True	-307	150M	255	1	25	0.6614902019500732	ambig_opp_strand	unspliced	1437	12	RIGEL_NRNA_chr1_1_152335378_152364080		RIGEL_NRNA_chr1_1_152335378_152364080	nrna
A00839:75:H7MFFDSXY:3:2274:5412:34381	chr1	152355461	152355575	False	346	115M	255	0	3	0.6764441728591919	ambig_opp_strand	unspliced	1437	12	ENST00000388718.5	FLG2	ENSG00000143520.6	mrna
A00839:75:H7MFFDSXY:3:1618:26232:31297	chr1	152352852	152353001	True	-339	150M	255	2	25	0.4535010755062103	ambig_opp_strand	unspliced	1437	12	RIGEL_NRNA_chr1_1_152335378_152364080		RIGEL_NRNA_chr1_1_152335378_152364080	nrna
A00839:75:H7MFFDSXY:3:2646:32714:19319	chr1	152356719	152356868	True	-359	150M	255	0	5	0.7190709114074707	ambig_opp_strand	unspliced	-1	12	.	.	.	mrna
A00839:75:H7MFFDSXY:3:1261:30291:34444	chr1	152352041	152352190	False	421	150M	255	0	5	0.7861948013305664	ambig_opp_strand	unspliced	-1	12	.	.	.	mrna
A00839:75:H7MFFDSXY:3:2621:5430:24580	chr1	152352448	152352562	False	340	115M	255	0	25	0.07868995517492294	ambig_opp_strand	unspliced	1437	12	RIGEL_NRNA_chr1_2_152348734_152360006		RIGEL_NRNA_chr1_2_152348734_152360006	nrna
A00839:75:H7MFFDSXY:3:1320:1181:6793	chr1	152353344	152353493	True	-298	150M	255	1	25	0.703134298324585	ambig_opp_strand	unspliced	1437	12	RIGEL_NRNA_chr1_1_152335378_152364080		RIGEL_NRNA_chr1_1_152335378_152364080	nrna
A00839:75:H7MFFDSXY:3:1655:22299:18630	chr1	152356566	152356715	False	297	150M	255	0	3	0.8415139317512512	ambig_opp_strand	unspliced	1437	12	ENST00000388718.5	FLG2	ENSG00000143520.6	mrna
A00839:75:H7MFFDSXY:3:2260:20139:35963	chr1	152354094	152354243	True	-213	150M	255	0	25	0.8227584362030029	ambig_opp_strand	unspliced	1437	12	RIGEL_NRNA_chr1_1_152335378_152364080		RIGEL_NRNA_chr1_1_152335378_152364080	nrna
A00839:75:H7MFFDSXY:3:1660:23710:19601	chr1	152352243	152352392	True	-405	150M	255	0	5	0.9368135929107666	ambig_opp_strand	unspliced	-1	12	.	.	.	mrna
A00839:75:H7MFFDSXY:3:1358:10746:2096	chr1	152350681	152350830	False	161	150M	255	0	3	0.8606058955192566	ambig_opp_strand	unspliced	1437	12	ENST00000388718.5	FLG2	ENSG00000143520.6	mrna
A00839:75:H7MFFDSXY:3:2160:14724:31313	chr1	152350679	152350828	True	-378	150M	255	0	5	0.8826590776443481	ambig_opp_strand	unspliced	-1	12	.	.	.	mrna
A00839:75:H7MFFDSXY:3:2139:8142:27273	chr1	152353600	152353749	False	334	150M	255	0	3	0.7501073479652405	ambig_opp_strand	unspliced	1437	12	ENST00000388718.5	FLG2	ENSG00000143520.6	mrna
A00839:75:H7MFFDSXY:3:2378:5828:27367	chr1	152352087	152352236	True	-353	150M	255	0	5	0.664530336856842	ambig_opp_strand	unspliced	-1	12	.	.	.	mrna
A00839:75:H7MFFDSXY:3:1373:22381:15139	chr1	152356409	152356558	True	-242	150M	255	0	25	0.8176822662353516	ambig_opp_strand	unspliced	1437	12	RIGEL_NRNA_chr1_1_152335378_152364080		RIGEL_NRNA_chr1_1_152335378_152364080	nrna
A00839:75:H7MFFDSXY:3:2210:32018:14262	chr1	152353460	152353531	False	303	72M	255	1	3	0.8325434923171997	ambig_opp_strand	unspliced	1437	12	ENST00000388718.5	FLG2	ENSG00000143520.6	mrna
A00839:75:H7MFFDSXY:3:1170:19822:22733	chr1	152353015	152353069	True	-286	55M	255	0	25	0.05921132490038872	ambig_opp_strand	unspliced	1437	12	RIGEL_NRNA_chr1_1_152189332_152365557		RIGEL_NRNA_chr1_1_152189332_152365557	nrna
A00839:75:H7MFFDSXY:3:1562:4562:9549	chr1	152356714	152356863	False	291	150M	255	0	3	0.8485801219940186	ambig_opp_strand	unspliced	1437	12	ENST00000388718.5	FLG2	ENSG00000143520.6	mrna
A00839:75:H7MFFDSXY:3:2164:11279:16642	chr1	152355042	152355191	True	-289	150M	255	0	25	0.7344013452529907	ambig_opp_strand	unspliced	1437	12	RIGEL_NRNA_chr1_1_152335378_152364080		RIGEL_NRNA_chr1_1_152335378_152364080	nrna
A00839:75:H7MFFDSXY:3:1408:5683:4977	chr1	152351367	152351516	False	347	150M	255	0	25	0.07325291633605957	ambig_opp_strand	unspliced	1437	12	RIGEL_NRNA_chr1_2_152348734_152360006		RIGEL_NRNA_chr1_2_152348734_152360006	nrna
A00839:75:H7MFFDSXY:3:1241:21703:24392	chr1	152350606	152350755	False	302	150M	255	0	25	0.09161130338907242	ambig_opp_strand	unspliced	1437	12	RIGEL_NRNA_chr1_2_152348734_152360006		RIGEL_NRNA_chr1_2_152348734_152360006	nrna
A00839:75:H7MFFDSXY:3:1167:23891:1063	chr1	152354534	152354683	False	466	150M	255	0	5	0.7814500331878662	ambig_opp_strand	unspliced	-1	12	.	.	.	mrna
A00839:75:H7MFFDSXY:3:1633:23104:7592	chr1	152353109	152353258	False	393	150M	255	0	5	0.765766978263855	ambig_opp_strand	unspliced	-1	12	.	.	.	mrna
A00839:75:H7MFFDSXY:3:2161:20763:36855	chr1	152353792	152353941	False	229	150M	255	0	3	0.8763826489448547	ambig_opp_strand	unspliced	1437	12	ENST00000388718.5	FLG2	ENSG00000143520.6	mrna
A00839:75:H7MFFDSXY:3:1657:16342:15984	chr1	152353954	152354103	False	373	150M	255	0	25	0.04252100735902786	ambig_opp_strand	unspliced	1437	12	RIGEL_NRNA_chr1_2_152348734_152360006		RIGEL_NRNA_chr1_2_152348734_152360006	nrna
A00839:75:H7MFFDSXY:3:2632:27272:23015	chr1	152356678	152356827	False	358	150M	255	0	3	0.5685729384422302	ambig_opp_strand	unspliced	1437	12	ENST00000388718.5	FLG2	ENSG00000143520.6	mrna
A00839:75:H7MFFDSXY:3:2640:8757:8703	chr1	152351150	152351299	True	-180	150M	255	0	25	0.06414886564016342	ambig_opp_strand	unspliced	1437	12	RIGEL_NRNA_chr1_1_152189332_152365557		RIGEL_NRNA_chr1_1_152189332_152365557	nrna
A00839:75:H7MFFDSXY:3:1628:17309:32377	chr1	152356187	152356336	True	-205	150M	255	0	25	0.8211627006530762	ambig_opp_strand	unspliced	1437	12	RIGEL_NRNA_chr1_1_152335378_152364080		RIGEL_NRNA_chr1_1_152335378_152364080	nrna
A00839:75:H7MFFDSXY:3:1204:31159:1877	chr1	152355328	152355477	True	-470	150M	255	0	5	0.9320492148399353	ambig_opp_strand	unspliced	-1	12	.	.	.	mrna
A00839:75:H7MFFDSXY:3:1471:8666:30780	chr1	152353015	152353128	False	339	114M	255	0	3	0.7253321409225464	ambig_opp_strand	unspliced	1437	12	ENST00000388718.5	FLG2	ENSG00000143520.6	mrna
A00839:75:H7MFFDSXY:3:1355:12346:13886	chr1	152356803	152356952	True	-234	150M	255	0	25	0.8202083706855774	ambig_opp_strand	unspliced	1437	12	RIGEL_NRNA_chr1_1_152335378_152364080		RIGEL_NRNA_chr1_1_152335378_152364080	nrna
A00839:75:H7MFFDSXY:3:2102:19434:10347	chr1	152356956	152357105	True	-251	150M	255	0	25	0.8085024356842041	ambig_opp_strand	unspliced	1437	12	RIGEL_NRNA_chr1_1_152335378_152364080		RIGEL_NRNA_chr1_1_152335378_152364080	nrna
A00839:75:H7MFFDSXY:3:2259:3558:21465	chr1	152357310	152357459	True	-330	150M	255	1	25	0.528235673904419	ambig_opp_strand	unspliced	1437	12	RIGEL_NRNA_chr1_1_152335378_152364080		RIGEL_NRNA_chr1_1_152335378_152364080	nrna
A00839:75:H7MFFDSXY:3:1553:26205:2816	chr1	152354959	152355052	False	325	94M	255	0	3	0.7824770212173462	ambig_opp_strand	unspliced	1437	12	ENST00000388718.5	FLG2	ENSG00000143520.6	mrna
A00839:75:H7MFFDSXY:3:1558:7157:9596	chr1	152353070	152353219	True	-264	150M	255	0	25	0.7902271151542664	ambig_opp_strand	unspliced	1437	12	RIGEL_NRNA_chr1_1_152335378_152364080		RIGEL_NRNA_chr1_1_152335378_152364080	nrna
A00839:75:H7MFFDSXY:3:1230:22272:11162	chr1	152356195	152356344	False	410	150M	255	0	3	0.2143811285495758	ambig_opp_strand	unspliced	1437	12	ENST00000388718.5	FLG2	ENSG00000143520.6	mrna
A00839:75:H7MFFDSXY:3:1203:13964:27179	chr1	152353123	152353231	False	334	109M	255	0	5	0.16730891168117523	ambig_opp_strand	unspliced	-1	12	.	.	.	mrna
A00839:75:H7MFFDSXY:3:1356:19922:36746	chr1	152357276	152357425	True	-323	150M	255	1	25	0.571610689163208	ambig_opp_strand	unspliced	1437	12	RIGEL_NRNA_chr1_1_152335378_152364080		RIGEL_NRNA_chr1_1_152335378_152364080	nrna
A00839:75:H7MFFDSXY:3:1211:11677:16360	chr1	152352938	152353087	True	-218	150M	255	0	25	0.8235062956809998	ambig_opp_strand	unspliced	1437	12	RIGEL_NRNA_chr1_1_152335378_152364080		RIGEL_NRNA_chr1_1_152335378_152364080	nrna
A00839:75:H7MFFDSXY:3:1173:28330:1611	chr1	152356030	152356179	True	-444	150M	255	0	5	0.9350661039352417	ambig_opp_strand	unspliced	-1	12	.	.	.	mrna
A00839:75:H7MFFDSXY:3:1335:31629:15217	chr1	152352892	152353041	True	-251	150M	255	0	25	0.8085024356842041	ambig_opp_strand	unspliced	1437	12	RIGEL_NRNA_chr1_1_152335378_152364080		RIGEL_NRNA_chr1_1_152335378_152364080	nrna
A00839:75:H7MFFDSXY:3:1617:2528:5901	chr1	152352410	152352559	False	401	150M	255	0	3	0.21406027674674988	ambig_opp_strand	unspliced	1437	12	ENST00000388718.5	FLG2	ENSG00000143520.6	mrna
A00839:75:H7MFFDSXY:3:2561:24985:14418	chr1	152350665	152350814	False	185	150M	255	0	3	0.8726198673248291	ambig_opp_strand	unspliced	1437	12	ENST00000388718.5	FLG2	ENSG00000143520.6	mrna
A00839:75:H7MFFDSXY:3:1615:5348:36714	chr1	152353213	152353362	True	-234	150M	255	0	25	0.8202083706855774	ambig_opp_strand	unspliced	1437	12	RIGEL_NRNA_chr1_1_152335378_152364080		RIGEL_NRNA_chr1_1_152335378_152364080	nrna
A00839:75:H7MFFDSXY:3:1366:10746:16814	chr1	152356328	152356477	False	273	150M	255	0	25	0.0947941392660141	ambig_opp_strand	unspliced	1437	12	RIGEL_NRNA_chr1_2_152348734_152360006		RIGEL_NRNA_chr1_2_152348734_152360006	nrna
A00839:75:H7MFFDSXY:3:2421:13774:30076	chr1	152357388	152357537	False	306	150M	255	0	25	0.5254920721054077	ambig_opp_strand	unspliced	1437	12	RIGEL_NRNA_chr1_2_152348734_152360006		RIGEL_NRNA_chr1_2_152348734_152360006	nrna
A00839:75:H7MFFDSXY:3:1115:25898:1971	chr1	152351851	152352000	False	485	150M	255	0	5	0.7584025859832764	ambig_opp_strand	unspliced	-1	12	.	.	.	mrna
A00839:75:H7MFFDSXY:3:2259:32759:30170	chr1	152354272	152354421	False	179	150M	255	0	3	0.8704301714897156	ambig_opp_strand	unspliced	1437	12	ENST00000388718.5	FLG2	ENSG00000143520.6	mrna
A00839:75:H7MFFDSXY:3:2340:30065:35399	chr1	152354261	152354410	True	-197	150M	255	0	25	0.06525561213493347	ambig_opp_strand	unspliced	1437	12	RIGEL_NRNA_chr1_1_152189332_152365557		RIGEL_NRNA_chr1_1_152189332_152365557	nrna
A00839:75:H7MFFDSXY:3:2367:13503:35900	chr1	152352047	152352196	False	361	150M	255	0	3	0.5441567897796631	ambig_opp_strand	unspliced	1437	12	ENST00000388718.5	FLG2	ENSG00000143520.6	mrna
A00839:75:H7MFFDSXY:3:1321:31819:9032	chr1	152351912	152352061	False	254	150M	255	0	3	0.8718763589859009	ambig_opp_strand	unspliced	1437	12	ENST00000388718.5	FLG2	ENSG00000143520.6	mrna
A00839:75:H7MFFDSXY:3:1670:9127:31485	chr1	152356491	152356640	True	-246	150M	255	0	25	0.0650465339422226	ambig_opp_strand	unspliced	1437	12	RIGEL_NRNA_chr1_1_152189332_152365557		RIGEL_NRNA_chr1_1_152189332_152365557	nrna
A00839:75:H7MFFDSXY:3:1514:8919:4476	chr1	152354736	152354885	False	407	150M	255	3	5	0.7572893500328064	ambig_opp_strand	unspliced	-1	12	.	.	.	mrna
A00839:75:H7MFFDSXY:3:2164:22444:18223	chr1	152354213	152354362	True	-309	150M	255	0	25	0.649450421333313	ambig_opp_strand	unspliced	1437	12	RIGEL_NRNA_chr1_1_152335378_152364080		RIGEL_NRNA_chr1_1_152335378_152364080	nrna
A00839:75:H7MFFDSXY:3:1232:28067:2315	chr1	152357197	152357346	True	-338	150M	255	0	25	0.03681144118309021	ambig_opp_strand	unspliced	1437	12	RIGEL_NRNA_chr1_1_152189332_152365557		RIGEL_NRNA_chr1_1_152189332_152365557	nrna
A00839:75:H7MFFDSXY:3:2231:13648:34804	chr1	152355120	152355269	False	328	150M	255	0	3	0.7733120918273926	ambig_opp_strand	unspliced	1437	12	ENST00000388718.5	FLG2	ENSG00000143520.6	mrna
A00839:75:H7MFFDSXY:3:1538:21395:35133	chr1	152354234	152354383	False	319	150M	255	0	3	0.7983585596084595	ambig_opp_strand	unspliced	1437	12	ENST00000388718.5	FLG2	ENSG00000143520.6	mrna
A00839:75:H7MFFDSXY:3:1234:19587:3537	chr1	152350456	152350605	True	-390	150M	255	0	5	0.9242245554924011	ambig_opp_strand	unspliced	-1	12	.	.	.	mrna
A00839:75:H7MFFDSXY:3:1467:23592:9972	chr1	152353605	152353754	True	-763	150M	3	2	128	0.0	.	unknown	-1	0	.	.	.	mrna
A00839:75:H7MFFDSXY:3:1635:8892:31955	chr1	152356898	152357047	False	250	150M	255	0	3	0.8735895156860352	ambig_opp_strand	unspliced	1437	12	ENST00000388718.5	FLG2	ENSG00000143520.6	mrna
A00839:75:H7MFFDSXY:3:1549:20555:4429	chr1	152357656	152357805	True	-319	150M	255	0	5	0.35317283868789673	ambig_opp_strand	unspliced	-1	12	.	.	.	mrna
A00839:75:H7MFFDSXY:3:1464:7247:9001	chr1	152351939	152352088	False	200	150M	255	0	3	0.8756552338600159	ambig_opp_strand	unspliced	1437	12	ENST00000388718.5	FLG2	ENSG00000143520.6	mrna
A00839:75:H7MFFDSXY:3:2229:24017:30530	chr1	152350577	152350726	True	-411	150M	255	0	5	0.9413495063781738	ambig_opp_strand	unspliced	-1	12	.	.	.	mrna
A00839:75:H7MFFDSXY:3:1505:27859:7686	chr1	152356402	152356551	True	-399	150M	255	0	5	0.939579963684082	ambig_opp_strand	unspliced	-1	12	.	.	.	mrna
A00839:75:H7MFFDSXY:3:1222:2175:22670	chr1	152355476	152355573	False	329	98M	255	0	3	0.7693861126899719	ambig_opp_strand	unspliced	1437	12	ENST00000388718.5	FLG2	ENSG00000143520.6	mrna
A00839:75:H7MFFDSXY:3:1378:15926:17738	chr1	152356409	152356558	True	-373	150M	255	1	5	0.849274754524231	ambig_opp_strand	unspliced	-1	12	.	.	.	mrna
A00839:75:H7MFFDSXY:3:1132:3287:24815	chr1	152353091	152353240	False	326	150M	255	0	3	0.7785993814468384	ambig_opp_strand	unspliced	1437	12	ENST00000388718.5	FLG2	ENSG00000143520.6	mrna
A00839:75:H7MFFDSXY:3:2313:32570:25332	chr1	152352187	152352336	False	326	150M	255	0	3	0.7785993218421936	ambig_opp_strand	unspliced	1437	12	ENST00000388718.5	FLG2	ENSG00000143520.6	mrna
A00839:75:H7MFFDSXY:3:1558:32913:8296	chr1	152353595	152353744	True	-309	150M	255	0	5	0.2932683229446411	ambig_opp_strand	unspliced	-1	12	.	.	.	mrna
A00839:75:H7MFFDSXY:3:1128:19126:2112	chr1	152350838	152350987	True	-331	150M	255	0	5	0.43533462285995483	ambig_opp_strand	unspliced	-1	12	.	.	.	mrna
A00839:75:H7MFFDSXY:3:2164:5448:20666	chr1	152355721	152355790	False	295	70M	255	0	3	0.8436314463615417	ambig_opp_strand	unspliced	1437	12	ENST00000388718.5	FLG2	ENSG00000143520.6	mrna
A00839:75:H7MFFDSXY:3:1350:1859:5807	chr1	152351361	152351510	False	502	150M	255	0	5	0.7434267401695251	ambig_opp_strand	unspliced	-1	12	.	.	.	mrna
A00839:75:H7MFFDSXY:3:1640:5141:10238	chr1	152356270	152356345	True	-379	76M	255	0	5	0.8904017210006714	ambig_opp_strand	unspliced	-1	12	.	.	.	mrna
A00839:75:H7MFFDSXY:3:1117:12427:28432	chr1	152356893	152357042	False	249	150M	255	0	3	0.8736680150032043	ambig_opp_strand	unspliced	1437	12	ENST00000388718.5	FLG2	ENSG00000143520.6	mrna
A00839:75:H7MFFDSXY:3:1474:31991:9737	chr1	152350840	152350989	True	-193	150M	255	0	25	0.8135378956794739	ambig_opp_strand	unspliced	1437	12	RIGEL_NRNA_chr1_1_152335378_152364080		RIGEL_NRNA_chr1_1_152335378_152364080	nrna
A00839:75:H7MFFDSXY:3:2362:26946:32158	chr1	152352109	152352258	False	317	150M	255	0	3	0.804389238357544	ambig_opp_strand	unspliced	1437	12	ENST00000388718.5	FLG2	ENSG00000143520.6	mrna
A00839:75:H7MFFDSXY:3:2573:7735:30608	chr1	152356674	152356823	False	311	150M	255	0	5	0.09290710836648941	ambig_opp_strand	unspliced	-1	12	.	.	.	mrna
A00839:75:H7MFFDSXY:3:2374:31448:22326	chr1	152350560	152350709	True	-255	150M	255	0	25	0.8034447431564331	ambig_opp_strand	unspliced	1437	12	RIGEL_NRNA_chr1_1_152335378_152364080		RIGEL_NRNA_chr1_1_152335378_152364080	nrna
A00839:75:H7MFFDSXY:3:1377:27172:13573	chr1	152353432	152353581	False	158	150M	255	0	3	0.8573683500289917	ambig_opp_strand	unspliced	1437	12	ENST00000388718.5	FLG2	ENSG00000143520.6	mrna
A00839:75:H7MFFDSXY:3:2445:10221:13213	chr1	152357336	152357485	False	281	150M	255	1	3	0.856623113155365	ambig_opp_strand	unspliced	1437	12	ENST00000388718.5	FLG2	ENSG00000143520.6	mrna
A00839:75:H7MFFDSXY:3:2126:27100:36839	chr1	152351317	152351466	False	231	150M	255	0	3	0.876232922077179	ambig_opp_strand	unspliced	1437	12	ENST00000388718.5	FLG2	ENSG00000143520.6	mrna
A00839:75:H7MFFDSXY:3:2141:11125:8547	chr1	152358613	152358762	False	312	150M	255	0	5	0.5173541307449341	ambig_opp_strand	unspliced	-1	12	.	.	.	mrna
A00839:75:H7MFFDSXY:3:2211:30083:25473	chr1	152354739	152354888	False	526	150M	255	0	3	0.2507020831108093	ambig_opp_strand	unspliced	1437	12	ENST00000388718.5	FLG2	ENSG00000143520.6	mrna
A00839:75:H7MFFDSXY:3:2270:27525:1814	chr1	152353941	152354090	True	-405	150M	255	0	5	0.9368135929107666	ambig_opp_strand	unspliced	-1	12	.	.	.	mrna
A00839:75:H7MFFDSXY:3:2131:22860:8108	chr1	152353644	152353793	True	-411	150M	255	0	5	0.941349446773529	ambig_opp_strand	unspliced	-1	12	.	.	.	mrna
A00839:75:H7MFFDSXY:3:1537:28872:12790	chr1	152356068	152356197	True	-355	130M	255	0	25	0.2919248640537262	ambig_opp_strand	unspliced	1437	12	RIGEL_NRNA_chr1_1_152335378_152364080		RIGEL_NRNA_chr1_1_152335378_152364080	nrna
A00839:75:H7MFFDSXY:3:2370:14181:27211	chr1	152354272	152354421	False	382	150M	255	0	5	0.7015134692192078	ambig_opp_strand	unspliced	-1	12	.	.	.	mrna
A00839:75:H7MFFDSXY:3:1169:20347:29810	chr1	152351264	152351413	False	326	150M	255	0	3	0.7785993218421936	ambig_opp_strand	unspliced	1437	12	ENST00000388718.5	FLG2	ENSG00000143520.6	mrna
A00839:75:H7MFFDSXY:3:2611:5565:6339	chr1	152353166	152353315	False	401	150M	255	0	3	0.214060440659523	ambig_opp_strand	unspliced	1437	12	ENST00000388718.5	FLG2	ENSG00000143520.6	mrna
A00839:75:H7MFFDSXY:3:2663:24885:15593	chr1	152355351	152355500	True	-448	150M	255	0	5	0.930001437664032	ambig_opp_strand	unspliced	-1	12	.	.	.	mrna
A00839:75:H7MFFDSXY:3:2601:15528:34710	chr1	152353565	152353713	False	325	149M	255	2	3	0.7824769020080566	ambig_opp_strand	unspliced	1437	12	ENST00000388718.5	FLG2	ENSG00000143520.6	mrna
A00839:75:H7MFFDSXY:3:1644:32814:5024	chr1	152355402	152355551	True	-202	150M	255	0	25	0.8194245100021362	ambig_opp_strand	unspliced	1437	12	RIGEL_NRNA_chr1_1_152335378_152364080		RIGEL_NRNA_chr1_1_152335378_152364080	nrna
A00839:75:H7MFFDSXY:3:1315:1687:17754	chr1	152351117	152351266	True	-490	150M	255	0	5	0.9301965236663818	ambig_opp_strand	unspliced	-1	12	.	.	.	mrna
A00839:75:H7MFFDSXY:3:1632:11713:20713	chr1	152352797	152352946	True	-260	150M	255	0	25	0.7961675524711609	ambig_opp_strand	unspliced	1437	12	RIGEL_NRNA_chr1_1_152335378_152364080		RIGEL_NRNA_chr1_1_152335378_152364080	nrna
A00839:75:H7MFFDSXY:3:1244:9815:23625	chr1	152356395	152356544	False	281	150M	255	0	3	0.856623113155365	ambig_opp_strand	unspliced	1437	12	ENST00000388718.5	FLG2	ENSG00000143520.6	mrna
A00839:75:H7MFFDSXY:3:2446:13322:16861	chr1	152354427	152354576	True	-302	150M	255	0	5	0.2549287676811218	ambig_opp_strand	unspliced	-1	12	.	.	.	mrna
A00839:75:H7MFFDSXY:3:1217:3649:25817	chr1	152356954	152357103	True	-220	150M	255	0	25	0.8234251737594604	ambig_opp_strand	unspliced	1437	12	RIGEL_NRNA_chr1_1_152335378_152364080		RIGEL_NRNA_chr1_1_152335378_152364080	nrna
A00839:75:H7MFFDSXY:3:2378:10908:10833	chr1	152353643	152353792	True	-189	150M	255	0	25	0.8120765686035156	ambig_opp_strand	unspliced	1437	12	RIGEL_NRNA_chr1_1_152335378_152364080		RIGEL_NRNA_chr1_1_152335378_152364080	nrna
A00839:75:H7MFFDSXY:3:2521:28167:27884	chr1	152356560	152356709	True	-321	150M	255	0	5	0.3630382716655731	ambig_opp_strand	unspliced	-1	12	.	.	.	mrna
A00839:75:H7MFFDSXY:3:1130:32651:21527	chr1	152350885	152351034	True	-248	150M	255	0	25	0.8128185868263245	ambig_opp_strand	unspliced	1437	12	RIGEL_NRNA_chr1_1_152335378_152364080		RIGEL_NRNA_chr1_1_152335378_152364080	nrna
A00839:75:H7MFFDSXY:3:1647:23113:9486	chr1	152351343	152351492	False	409	150M	255	0	5	0.768450915813446	ambig_opp_strand	unspliced	-1	12	.	.	.	mrna
A00839:75:H7MFFDSXY:3:2239:15356:36354	chr1	152353771	152353920	False	278	150M	255	0	3	0.8588874340057373	ambig_opp_strand	unspliced	1437	12	ENST00000388718.5	FLG2	ENSG00000143520.6	mrna
A00839:75:H7MFFDSXY:3:2106:2175:32221	chr1	152351810	152351959	False	310	150M	255	0	3	0.8198214173316956	ambig_opp_strand	unspliced	1437	12	ENST00000388718.5	FLG2	ENSG00000143520.6	mrna
A00839:75:H7MFFDSXY:3:2634:18900:30185	chr1	152352690	152352839	False	408	150M	255	0	5	0.7774752974510193	ambig_opp_strand	unspliced	-1	12	.	.	.	mrna
A00839:75:H7MFFDSXY:3:1363:19226:7513	chr1	152352648	152352797	False	203	150M	255	0	3	0.8758506178855896	ambig_opp_strand	unspliced	1437	12	ENST00000388718.5	FLG2	ENSG00000143520.6	mrna
A00839:75:H7MFFDSXY:3:1204:29423:30874	chr1	152352656	152352805	False	237	150M	255	0	5	0.027806585654616356	ambig_opp_strand	unspliced	-1	12	.	.	.	mrna
A00839:75:H7MFFDSXY:3:2408:16333:30812	chr1	152353815	152353964	True	-355	150M	255	0	5	0.6823275089263916	ambig_opp_strand	unspliced	-1	12	.	.	.	mrna
A00839:75:H7MFFDSXY:3:2657:21694:20369	chr1	152352045	152352194	True	-329	150M	255	0	5	0.42018356919288635	ambig_opp_strand	unspliced	-1	12	.	.	.	mrna
A00839:75:H7MFFDSXY:3:1223:31322:26960	chr1	152353413	152353562	False	235	150M	255	0	3	0.8759925961494446	ambig_opp_strand	unspliced	1437	12	ENST00000388718.5	FLG2	ENSG00000143520.6	mrna
A00839:75:H7MFFDSXY:3:2436:16306:22748	chr1	152352191	152352340	False	315	150M	255	0	3	0.809950590133667	ambig_opp_strand	unspliced	1437	12	ENST00000388718.5	FLG2	ENSG00000143520.6	mrna
A00839:75:H7MFFDSXY:3:1606:29613:15546	chr1	152357102	152357251	True	-246	150M	255	0	25	0.8146498203277588	ambig_opp_strand	unspliced	1437	12	RIGEL_NRNA_chr1_1_152335378_152364080		RIGEL_NRNA_chr1_1_152335378_152364080	nrna
A00839:75:H7MFFDSXY:3:2113:12762:36871	chr1	152350578	152350727	False	347	150M	255	0	3	0.666541337966919	ambig_opp_strand	unspliced	1437	12	ENST00000388718.5	FLG2	ENSG00000143520.6	mrna
A00839:75:H7MFFDSXY:3:2276:21432:10269	chr1	152356869	152357018	True	-242	150M	255	0	25	0.8176822662353516	ambig_opp_strand	unspliced	1437	12	RIGEL_NRNA_chr1_1_152335378_152364080		RIGEL_NRNA_chr1_1_152335378_152364080	nrna
A00839:75:H7MFFDSXY:3:1549:1344:16564	chr1	152356735	152356884	False	211	150M	255	0	3	0.8766130805015564	ambig_opp_strand	unspliced	1437	12	ENST00000388718.5	FLG2	ENSG00000143520.6	mrna
A00839:75:H7MFFDSXY:3:2345:31792:22795	chr1	152356533	152356682	False	516	150M	255	0	5	0.6863542199134827	ambig_opp_strand	unspliced	-1	12	.	.	.	mrna
A00839:75:H7MFFDSXY:3:1302:14769:9439	chr1	152350702	152350851	True	-411	150M	255	0	5	0.9413495063781738	ambig_opp_strand	unspliced	-1	12	.	.	.	mrna
A00839:75:H7MFFDSXY:3:2666:27281:16892	chr1	152353950	152354099	True	-385	150M	255	0	5	0.9184357523918152	ambig_opp_strand	unspliced	-1	12	.	.	.	mrna
A00839:75:H7MFFDSXY:3:2331:14479:27539	chr1	152351556	152351678	False	348	123M	255	0	3	0.6638315320014954	ambig_opp_strand	unspliced	1437	12	ENST00000388718.5	FLG2	ENSG00000143520.6	mrna
A00839:75:H7MFFDSXY:3:2152:9525:3020	chr1	152354312	152354461	True	-272	150M	255	0	25	0.7745859622955322	ambig_opp_strand	unspliced	1437	12	RIGEL_NRNA_chr1_1_152335378_152364080		RIGEL_NRNA_chr1_1_152335378_152364080	nrna
A00839:75:H7MFFDSXY:3:2558:14895:1767	chr1	152357397	152357546	False	300	150M	255	0	25	0.5621839761734009	ambig_opp_strand	unspliced	1437	12	RIGEL_NRNA_chr1_2_152348734_152360006		RIGEL_NRNA_chr1_2_152348734_152360006	nrna
A00839:75:H7MFFDSXY:3:2255:9697:4695	chr1	152356503	152356652	False	343	150M	255	0	3	0.6964337229728699	ambig_opp_strand	unspliced	1437	12	ENST00000388718.5	FLG2	ENSG00000143520.6	mrna
A00839:75:H7MFFDSXY:3:2325:13548:33223	chr1	152353124	152353273	False	241	150M	255	0	3	0.8753105998039246	ambig_opp_strand	unspliced	1437	12	ENST00000388718.5	FLG2	ENSG00000143520.6	mrna
A00839:75:H7MFFDSXY:3:2555:26738:33583	chr1	152352123	152352201	False	310	79M	255	0	3	0.8198214769363403	ambig_opp_strand	unspliced	1437	12	ENST00000388718.5	FLG2	ENSG00000143520.6	mrna
A00839:75:H7MFFDSXY:3:1368:31738:13589	chr1	152351151	152351300	True	-172	150M	255	1	25	0.7901571393013	ambig_opp_strand	unspliced	1437	12	RIGEL_NRNA_chr1_1_152335378_152364080		RIGEL_NRNA_chr1_1_152335378_152364080	nrna
A00839:75:H7MFFDSXY:3:1368:22851:20682	chr1	152356719	152356868	False	453	150M	255	0	5	0.7499771118164062	ambig_opp_strand	unspliced	-1	12	.	.	.	mrna
A00839:75:H7MFFDSXY:3:1222:26503:6934	chr1	152356516	152356665	False	222	150M	255	0	3	0.8766753077507019	ambig_opp_strand	unspliced	1437	12	ENST00000388718.5	FLG2	ENSG00000143520.6	mrna
A00839:75:H7MFFDSXY:3:1318:6479:15092	chr1	152355742	152355891	True	-291	150M	255	0	5	0.20708051323890686	ambig_opp_strand	unspliced	-1	12	.	.	.	mrna
A00839:75:H7MFFDSXY:3:2272:5710:4178	chr1	152354524	152354673	True	-163	150M	255	0	25	0.772279679775238	ambig_opp_strand	unspliced	1437	12	RIGEL_NRNA_chr1_1_152335378_152364080		RIGEL_NRNA_chr1_1_152335378_152364080	nrna
A00839:75:H7MFFDSXY:3:2306:23710:15280	chr1	152354040	152354189	True	-597	150M	255	0	25	0.21188460290431976	ambig_opp_strand	unspliced	1437	12	RIGEL_NRNA_chr1_1_152335378_152364080		RIGEL_NRNA_chr1_1_152335378_152364080	nrna
A00839:75:H7MFFDSXY:3:1449:27733:24126	chr1	152351122	152351271	True	-500	150M	255	1	5	0.9407781362533569	ambig_opp_strand	unspliced	-1	12	.	.	.	mrna
A00839:75:H7MFFDSXY:3:2307:22272:9784	chr1	152355681	152355818	False	363	138M	255	0	3	0.5199804902076721	ambig_opp_strand	unspliced	1437	12	ENST00000388718.5	FLG2	ENSG00000143520.6	mrna
A00839:75:H7MFFDSXY:3:1419:29686:5588	chr1	152354264	152354413	True	-406	150M	255	0	5	0.9361509084701538	ambig_opp_strand	unspliced	-1	12	.	.	.	mrna
A00839:75:H7MFFDSXY:3:2201:16875:4100	chr1	152358746	152358895	False	235	150M	255	1	25	0.7763375043869019	ambig_opp_strand	unspliced	1437	12	RIGEL_NRNA_chr1_2_152348734_152360006		RIGEL_NRNA_chr1_2_152348734_152360006	nrna
A00839:75:H7MFFDSXY:3:1639:20500:3834	chr1	152353480	152353629	True	-299	150M	255	0	25	0.6995184421539307	ambig_opp_strand	unspliced	1437	12	RIGEL_NRNA_chr1_1_152335378_152364080		RIGEL_NRNA_chr1_1_152335378_152364080	nrna
A00839:75:H7MFFDSXY:3:1377:29785:17190	chr1	152355218	152355335	True	-349	118M	255	0	5	0.6230829954147339	ambig_opp_strand	unspliced	-1	12	.	.	.	mrna
A00839:75:H7MFFDSXY:3:2566:24234:30091	chr1	152352088	152352237	False	180	150M	255	0	3	0.871284544467926	ambig_opp_strand	unspliced	1437	12	ENST00000388718.5	FLG2	ENSG00000143520.6	mrna
A00839:75:H7MFFDSXY:3:2542:1732:29262	chr1	152356802	152356951	True	-368	150M	255	0	5	0.8042956590652466	ambig_opp_strand	unspliced	-1	12	.	.	.	mrna
A00839:75:H7MFFDSXY:3:1649:8847:23109	chr1	152351966	152352115	True	-295	150M	255	0	25	0.713703989982605	ambig_opp_strand	unspliced	1437	12	RIGEL_NRNA_chr1_1_152335378_152364080		RIGEL_NRNA_chr1_1_152335378_152364080	nrna
A00839:75:H7MFFDSXY:3:2310:4390:30545	chr1	152353056	152353205	False	501	150M	255	0	5	0.7209516763687134	ambig_opp_strand	unspliced	-1	12	.	.	.	mrna
A00839:75:H7MFFDSXY:3:2469:13214:32299	chr1	152350990	152351107	True	-330	31S118M	255	4	5	0.4251747131347656	ambig_opp_strand	unspliced	-1	12	.	.	.	mrna
A00839:75:H7MFFDSXY:3:1138:27661:5588	chr1	152351725	152351874	False	213	150M	255	0	3	0.8766618967056274	ambig_opp_strand	unspliced	1437	12	ENST00000388718.5	FLG2	ENSG00000143520.6	mrna
A00839:75:H7MFFDSXY:3:2136:13684:3740	chr1	152353541	152353690	False	359	150M	255	0	3	0.561823308467865	ambig_opp_strand	unspliced	1437	12	ENST00000388718.5	FLG2	ENSG00000143520.6	mrna
A00839:75:H7MFFDSXY:3:2154:27398:32002	chr1	152351454	152351603	True	-225	150M	255	0	25	0.06578084826469421	ambig_opp_strand	unspliced	1437	12	RIGEL_NRNA_chr1_1_152189332_152365557		RIGEL_NRNA_chr1_1_152189332_152365557	nrna
A00839:75:H7MFFDSXY:3:2655:8477:14043	chr1	152353794	152353943	True	-324	150M	255	0	25	0.5687141418457031	ambig_opp_strand	unspliced	1437	12	RIGEL_NRNA_chr1_1_152335378_152364080		RIGEL_NRNA_chr1_1_152335378_152364080	nrna
A00839:75:H7MFFDSXY:3:1314:31593:18035	chr1	152350908	152351057	False	224	150M	255	0	3	0.8767849206924438	ambig_opp_strand	unspliced	1437	12	ENST00000388718.5	FLG2	ENSG00000143520.6	mrna
A00839:75:H7MFFDSXY:3:1442:25880:4695	chr1	152354340	152354489	True	-263	150M	255	0	25	0.7924413681030273	ambig_opp_strand	unspliced	1437	12	RIGEL_NRNA_chr1_1_152335378_152364080		RIGEL_NRNA_chr1_1_152335378_152364080	nrna
A00839:75:H7MFFDSXY:3:2133:21793:25551	chr1	152352119	152352268	True	-336	150M	255	0	25	0.48075684905052185	ambig_opp_strand	unspliced	1437	12	RIGEL_NRNA_chr1_1_152335378_152364080		RIGEL_NRNA_chr1_1_152335378_152364080	nrna
A00839:75:H7MFFDSXY:3:1266:9082:24580	chr1	152352108	152352152	False	276	45M	255	0	3	0.8602300882339478	ambig_opp_strand	unspliced	1437	12	ENST00000388718.5	FLG2	ENSG00000143520.6	mrna
A00839:75:H7MFFDSXY:3:1405:1696:35086	chr1	152357095	152357244	True	-292	150M	255	0	25	0.7253783345222473	ambig_opp_strand	unspliced	1437	12	RIGEL_NRNA_chr1_1_152335378_152364080		RIGEL_NRNA_chr1_1_152335378_152364080	nrna
A00839:75:H7MFFDSXY:3:1235:6045:25457	chr1	152354212	152354361	True	-193	150M	255	0	25	0.8135378956794739	ambig_opp_strand	unspliced	1437	12	RIGEL_NRNA_chr1_1_152335378_152364080		RIGEL_NRNA_chr1_1_152335378_152364080	nrna
A00839:75:H7MFFDSXY:3:2321:29758:24377	chr1	152356800	152356949	True	-390	150M	255	0	5	0.9242245554924011	ambig_opp_strand	unspliced	-1	12	.	.	.	mrna
A00839:75:H7MFFDSXY:3:1474:29839:22263	chr1	152356639	152356788	True	-390	150M	255	0	5	0.9242245554924011	ambig_opp_strand	unspliced	-1	12	.	.	.	mrna
A00839:75:H7MFFDSXY:3:2464:2600:30295	chr1	152356757	152356906	False	259	150M	255	0	5	0.03450804203748703	ambig_opp_strand	unspliced	-1	12	.	.	.	mrna
A00839:75:H7MFFDSXY:3:1666:1280:34554	chr1	152351099	152351146	True	-273	48M	255	0	5	0.15841415524482727	ambig_opp_strand	unspliced	-1	12	.	.	.	mrna
A00839:75:H7MFFDSXY:3:2572:30373:22373	chr1	152354767	152354916	True	-411	150M	255	0	5	0.941349446773529	ambig_opp_strand	unspliced	-1	12	.	.	.	mrna
A00839:75:H7MFFDSXY:3:2576:28944:31140	chr1	152352033	152352182	False	310	150M	255	0	3	0.8198214769363403	ambig_opp_strand	unspliced	1437	12	ENST00000388718.5	FLG2	ENSG00000143520.6	mrna
A00839:75:H7MFFDSXY:3:2119:7301:4116	chr1	152357514	152357663	False	244	150M	255	1	25	0.7670838832855225	ambig_opp_strand	unspliced	1437	12	RIGEL_NRNA_chr1_2_152348734_152360006		RIGEL_NRNA_chr1_2_152348734_152360006	nrna
A00839:75:H7MFFDSXY:3:1537:31512:8218	chr1	152355448	152356046	False	824	42M456N101M	255	0	3	0.9008230566978455	ambig_opp_strand	spliced_unannot	1437	11	ENST00000388718.5	FLG2	ENSG00000143520.6	mrna
A00839:75:H7MFFDSXY:3:1345:16875:28056	chr1	152353726	152353875	False	252	150M	255	0	3	0.8729961514472961	ambig_opp_strand	unspliced	1437	12	ENST00000388718.5	FLG2	ENSG00000143520.6	mrna
A00839:75:H7MFFDSXY:3:1413:18539:31908	chr1	152351065	152351214	True	-443	150M	255	0	5	0.9468745589256287	ambig_opp_strand	unspliced	-1	12	.	.	.	mrna
A00839:75:H7MFFDSXY:3:1268:10538:30358	chr1	152357577	152357726	True	-440	150M	255	1	5	0.9301386475563049	ambig_opp_strand	unspliced	-1	12	.	.	.	mrna
A00839:75:H7MFFDSXY:3:2163:18620:18270	chr1	152356505	152356647	True	-143	143M	255	0	25	0.6947364211082458	ambig_opp_strand	unspliced	1437	12	RIGEL_NRNA_chr1_1_152335378_152364080		RIGEL_NRNA_chr1_1_152335378_152364080	nrna
A00839:75:H7MFFDSXY:3:1511:2275:5181	chr1	152352090	152352239	False	232	150M	255	4	3	0.8764368295669556	ambig_opp_strand	unspliced	1437	12	ENST00000388718.5	FLG2	ENSG00000143520.6	mrna
A00839:75:H7MFFDSXY:3:2460:25427:15248	chr1	152352260	152352392	True	-133	133M	255	0	25	0.610503077507019	ambig_opp_strand	unspliced	1437	12	RIGEL_NRNA_chr1_1_152335378_152364080		RIGEL_NRNA_chr1_1_152335378_152364080	nrna
A00839:75:H7MFFDSXY:3:1130:21893:7592	chr1	152350899	152351048	False	387	150M	255	0	5	0.73553866147995	ambig_opp_strand	unspliced	-1	12	.	.	.	mrna
A00839:75:H7MFFDSXY:3:2245:16984:33692	chr1	152356128	152356277	False	436	150M	255	0	3	0.2221241295337677	ambig_opp_strand	unspliced	1437	12	ENST00000388718.5	FLG2	ENSG00000143520.6	mrna
A00839:75:H7MFFDSXY:3:1262:28980:14920	chr1	152351708	152351857	True	-315	150M	255	0	5	0.322464257478714	ambig_opp_strand	unspliced	-1	12	.	.	.	mrna
A00839:75:H7MFFDSXY:3:1228:32488:23406	chr1	152353602	152353751	False	372	150M	255	0	5	0.5482625961303711	ambig_opp_strand	unspliced	-1	12	.	.	.	mrna
A00839:75:H7MFFDSXY:3:2428:30092:28557	chr1	152353358	152353507	False	380	150M	255	0	3	0.3049458861351013	ambig_opp_strand	unspliced	1437	12	ENST00000388718.5	FLG2	ENSG00000143520.6	mrna
A00839:75:H7MFFDSXY:3:2323:21712:28134	chr1	152351887	152352036	True	-459	150M	255	0	5	0.9351302981376648	ambig_opp_strand	unspliced	-1	12	.	.	.	mrna
A00839:75:H7MFFDSXY:3:1422:16260:19038	chr1	152351928	152352077	True	-377	150M	255	0	5	0.8736746311187744	ambig_opp_strand	unspliced	-1	12	.	.	.	mrna
A00839:75:H7MFFDSXY:3:2576:4824:19210	chr1	152356171	152356320	False	210	150M	255	0	3	0.8767477869987488	ambig_opp_strand	unspliced	1437	12	ENST00000388718.5	FLG2	ENSG00000143520.6	mrna
A00839:75:H7MFFDSXY:3:1232:25111:4429	chr1	152351632	152351781	False	396	150M	255	0	5	0.7712962627410889	ambig_opp_strand	unspliced	-1	12	.	.	.	mrna
A00839:75:H7MFFDSXY:3:1426:21929:19460	chr1	152352826	152352975	True	-343	150M	255	0	25	0.4093395173549652	ambig_opp_strand	unspliced	1437	12	RIGEL_NRNA_chr1_1_152335378_152364080		RIGEL_NRNA_chr1_1_152335378_152364080	nrna
A00839:75:H7MFFDSXY:3:2443:23909:8672	chr1	152358867	152359010	False	144	144M	255	0	25	0.5705745816230774	ambig_opp_strand	unspliced	1437	12	RIGEL_NRNA_chr1_2_152348734_152360006		RIGEL_NRNA_chr1_2_152348734_152360006	nrna
A00839:75:H7MFFDSXY:3:2456:29785:15906	chr1	152356808	152356957	True	-208	150M	255	0	25	0.8229703307151794	ambig_opp_strand	unspliced	1437	12	RIGEL_NRNA_chr1_1_152335378_152364080		RIGEL_NRNA_chr1_1_152335378_152364080	nrna
A00839:75:H7MFFDSXY:3:1169:18936:1814	chr1	152350944	152351093	False	302	150M	255	0	3	0.8335878252983093	ambig_opp_strand	unspliced	1437	12	ENST00000388718.5	FLG2	ENSG00000143520.6	mrna
A00839:75:H7MFFDSXY:3:2617:15637:12602	chr1	152357469	152357618	True	-269	150M	255	0	25	0.7800508737564087	ambig_opp_strand	unspliced	1437	12	RIGEL_NRNA_chr1_1_152335378_152364080		RIGEL_NRNA_chr1_1_152335378_152364080	nrna
A00839:75:H7MFFDSXY:3:2343:18132:32049	chr1	152353393	152353542	True	-199	150M	255	0	25	0.8182909488677979	ambig_opp_strand	unspliced	1437	12	RIGEL_NRNA_chr1_1_152335378_152364080		RIGEL_NRNA_chr1_1_152335378_152364080	nrna
A00839:75:H7MFFDSXY:3:2125:31638:26475	chr1	152357441	152357590	True	-260	150M	255	0	25	0.7961675524711609	ambig_opp_strand	unspliced	1437	12	RIGEL_NRNA_chr1_1_152335378_152364080		RIGEL_NRNA_chr1_1_152335378_152364080	nrna
A00839:75:H7MFFDSXY:3:2375:9471:24596	chr1	152357107	152357256	False	219	150M	255	0	3	0.8770769834518433	ambig_opp_strand	unspliced	1437	12	ENST00000388718.5	FLG2	ENSG00000143520.6	mrna
A00839:75:H7MFFDSXY:3:1102:24966:4147	chr1	152357359	152357508	True	-457	150M	255	0	5	0.9340350031852722	ambig_opp_strand	unspliced	-1	12	.	.	.	mrna
A00839:75:H7MFFDSXY:3:2428:2356:34131	chr1	152351948	152352097	False	343	150M	255	0	3	0.6964337229728699	ambig_opp_strand	unspliced	1437	12	ENST00000388718.5	FLG2	ENSG00000143520.6	mrna
A00839:75:H7MFFDSXY:3:1349:22797:4554	chr1	152352790	152352896	False	338	107M	255	0	3	0.7299172282218933	ambig_opp_strand	unspliced	1437	12	ENST00000388718.5	FLG2	ENSG00000143520.6	mrna
A00839:75:H7MFFDSXY:3:1304:20907:30467	chr1	152354105	152354254	False	375	150M	255	0	5	0.5958624482154846	ambig_opp_strand	unspliced	-1	12	.	.	.	mrna
A00839:75:H7MFFDSXY:3:2411:12717:27586	chr1	152354386	152354535	False	300	150M	255	0	5	0.0714283287525177	ambig_opp_strand	unspliced	-1	12	.	.	.	mrna
A00839:75:H7MFFDSXY:3:2549:22046:19100	chr1	152356465	152356614	True	-396	150M	255	0	5	0.9346668720245361	ambig_opp_strand	unspliced	-1	12	.	.	.	mrna
A00839:75:H7MFFDSXY:3:1513:23963:3223	chr1	152352832	152352980	False	462	149M	255	2	5	0.7615358829498291	ambig_opp_strand	unspliced	-1	12	.	.	.	mrna
A00839:75:H7MFFDSXY:3:1267:4056:7733	chr1	152357284	152357433	True	-375	150M	255	1	5	0.8621543645858765	ambig_opp_strand	unspliced	-1	12	.	.	.	mrna
A00839:75:H7MFFDSXY:3:1310:12943:35806	chr1	152350756	152350905	False	423	150M	255	0	5	0.7746952176094055	ambig_opp_strand	unspliced	-1	12	.	.	.	mrna
A00839:75:H7MFFDSXY:3:2573:18014:21950	chr1	152355454	152355603	True	-298	150M	255	0	25	0.7031342387199402	ambig_opp_strand	unspliced	1437	12	RIGEL_NRNA_chr1_1_152335378_152364080		RIGEL_NRNA_chr1_1_152335378_152364080	nrna
A00839:75:H7MFFDSXY:3:2324:11632:27461	chr1	152354772	152354921	True	-216	150M	255	0	25	0.823824942111969	ambig_opp_strand	unspliced	1437	12	RIGEL_NRNA_chr1_1_152335378_152364080		RIGEL_NRNA_chr1_1_152335378_152364080	nrna
A00839:75:H7MFFDSXY:3:2147:7419:2942	chr1	152355337	152355486	True	-384	150M	255	0	5	0.9103489518165588	ambig_opp_strand	unspliced	-1	12	.	.	.	mrna
A00839:75:H7MFFDSXY:3:1326:5674:9815	chr1	152356445	152356594	True	-357	150M	255	0	25	0.27863243222236633	ambig_opp_strand	unspliced	1437	12	RIGEL_NRNA_chr1_1_152335378_152364080		RIGEL_NRNA_chr1_1_152335378_152364080	nrna
A00839:75:H7MFFDSXY:3:1409:29017:24220	chr1	152354474	152354554	False	312	81M	255	0	3	0.8142598867416382	ambig_opp_strand	unspliced	1437	12	ENST00000388718.5	FLG2	ENSG00000143520.6	mrna
A00839:75:H7MFFDSXY:3:1325:18150:9909	chr1	152354778	152354927	True	-380	150M	255	0	25	0.09892727434635162	ambig_opp_strand	unspliced	1437	12	RIGEL_NRNA_chr1_1_152335378_152364080		RIGEL_NRNA_chr1_1_152335378_152364080	nrna
A00839:75:H7MFFDSXY:3:1568:21016:8923	chr1	152353104	152353253	False	430	150M	255	0	5	0.7766677141189575	ambig_opp_strand	unspliced	-1	12	.	.	.	mrna
A00839:75:H7MFFDSXY:3:1273:22381:9189	chr1	152353357	152353506	True	-296	150M	255	0	5	0.226652592420578	ambig_opp_strand	unspliced	-1	12	.	.	.	mrna
A00839:75:H7MFFDSXY:3:1370:11098:35305	chr1	152355048	152355197	False	366	150M	255	2	5	0.46873998641967773	ambig_opp_strand	unspliced	-1	12	.	.	.	mrna
A00839:75:H7MFFDSXY:3:1135:15899:18505	chr1	152352243	152352392	False	205	150M	255	0	3	0.8762255907058716	ambig_opp_strand	unspliced	1437	12	ENST00000388718.5	FLG2	ENSG00000143520.6	mrna
A00839:75:H7MFFDSXY:3:1458:10041:4351	chr1	152354817	152354966	True	-451	150M	255	0	5	0.9356775283813477	ambig_opp_strand	unspliced	-1	12	.	.	.	mrna
A00839:75:H7MFFDSXY:3:2329:30183:11898	chr1	152352866	152352988	True	-123	123M	255	0	25	0.5125916600227356	ambig_opp_strand	unspliced	1437	12	RIGEL_NRNA_chr1_1_152335378_152364080		RIGEL_NRNA_chr1_1_152335378_152364080	nrna
A00839:75:H7MFFDSXY:3:1553:18665:4413	chr1	152352389	152352538	True	-238	150M	255	0	25	0.8201908469200134	ambig_opp_strand	unspliced	1437	12	RIGEL_NRNA_chr1_1_152335378_152364080		RIGEL_NRNA_chr1_1_152335378_152364080	nrna
A00839:75:H7MFFDSXY:3:2217:30816:24298	chr1	152354334	152354483	True	-255	150M	255	0	5	0.12569187581539154	ambig_opp_strand	unspliced	-1	12	.	.	.	mrna
A00839:75:H7MFFDSXY:3:2448:15085:24612	chr1	152350598	152350747	False	358	150M	255	0	3	0.5685729384422302	ambig_opp_strand	unspliced	1437	12	ENST00000388718.5	FLG2	ENSG00000143520.6	mrna
A00839:75:H7MFFDSXY:3:2322:22164:20901	chr1	152352492	152352554	False	288	63M	255	0	3	0.8517400026321411	ambig_opp_strand	unspliced	1437	12	ENST00000388718.5	FLG2	ENSG00000143520.6	mrna
A00839:75:H7MFFDSXY:3:1266:25391:12994	chr1	152356405	152356554	True	-348	150M	255	0	5	0.6022961735725403	ambig_opp_strand	unspliced	-1	12	.	.	.	mrna
A00839:75:H7MFFDSXY:3:2132:6786:2597	chr1	152353585	152353734	True	-417	150M	255	0	5	0.9391791224479675	ambig_opp_strand	unspliced	-1	12	.	.	.	mrna
A00839:75:H7MFFDSXY:3:1638:3531:11146	chr1	152353093	152353242	True	-157	150M	255	0	25	0.7535413503646851	ambig_opp_strand	unspliced	1437	12	RIGEL_NRNA_chr1_1_152335378_152364080		RIGEL_NRNA_chr1_1_152335378_152364080	nrna
A00839:75:H7MFFDSXY:3:2278:26784:29215	chr1	152357220	152357369	False	441	150M	255	0	5	0.9718179702758789	ambig_opp_strand	unspliced	-1	12	.	.	.	mrna
A00839:75:H7MFFDSXY:3:1634:28022:6026	chr1	152351372	152351521	False	193	150M	255	0	3	0.8741233348846436	ambig_opp_strand	unspliced	1437	12	ENST00000388718.5	FLG2	ENSG00000143520.6	mrna
A00839:75:H7MFFDSXY:3:1278:3070:20870	chr1	152352155	152352304	False	255	150M	255	0	5	0.03277880325913429	ambig_opp_strand	unspliced	-1	12	.	.	.	mrna
A00839:75:H7MFFDSXY:3:2347:29324:12853	chr1	152356182	152356331	False	315	150M	255	0	3	0.809950590133667	ambig_opp_strand	unspliced	1437	12	ENST00000388718.5	FLG2	ENSG00000143520.6	mrna
A00839:75:H7MFFDSXY:3:2353:8793:19351	chr1	152353567	152353716	True	-248	150M	255	0	25	0.8128185868263245	ambig_opp_strand	unspliced	1437	12	RIGEL_NRNA_chr1_1_152335378_152364080		RIGEL_NRNA_chr1_1_152335378_152364080	nrna
A00839:75:H7MFFDSXY:3:1377:27118:25974	chr1	152355902	152355958	False	282	57M	255	0	3	0.8560124039649963	ambig_opp_strand	unspliced	1437	12	ENST00000388718.5	FLG2	ENSG00000143520.6	mrna
A00839:75:H7MFFDSXY:3:1201:20799:15311	chr1	152353861	152354010	False	177	150M	255	0	3	0.8699658513069153	ambig_opp_strand	unspliced	1437	12	ENST00000388718.5	FLG2	ENSG00000143520.6	mrna
A00839:75:H7MFFDSXY:3:2668:3775:22153	chr1	152352595	152352744	False	287	150M	255	0	3	0.8521929979324341	ambig_opp_strand	unspliced	1437	12	ENST00000388718.5	FLG2	ENSG00000143520.6	mrna
A00839:75:H7MFFDSXY:3:2512:22299:3537	chr1	152354338	152354487	False	397	150M	255	0	3	0.21226651966571808	ambig_opp_strand	unspliced	1437	12	ENST00000388718.5	FLG2	ENSG00000143520.6	mrna
A00839:75:H7MFFDSXY:3:1568:17806:3521	chr1	152355415	152355564	False	937	150M	255	0	3	0.833442211151123	ambig_opp_strand	unspliced	1437	12	ENST00000388718.5	FLG2	ENSG00000143520.6	mrna
A00839:75:H7MFFDSXY:3:1506:25699:11334	chr1	152352933	152353082	False	371	150M	255	0	3	0.4056526720523834	ambig_opp_strand	unspliced	1437	12	ENST00000388718.5	FLG2	ENSG00000143520.6	mrna
A00839:75:H7MFFDSXY:3:1371:19244:36198	chr1	152353066	152353215	True	-260	150M	255	0	25	0.7961675524711609	ambig_opp_strand	unspliced	1437	12	RIGEL_NRNA_chr1_1_152335378_152364080		RIGEL_NRNA_chr1_1_152335378_152364080	nrna
A00839:75:H7MFFDSXY:3:1351:32696:15969	chr1	152353753	152353902	False	245	150M	255	0	3	0.8746313452720642	ambig_opp_strand	unspliced	1437	12	ENST00000388718.5	FLG2	ENSG00000143520.6	mrna
A00839:75:H7MFFDSXY:3:1518:10474:25332	chr1	152356790	152356939	True	-221	150M	255	0	25	0.8231970071792603	ambig_opp_strand	unspliced	1437	12	RIGEL_NRNA_chr1_1_152335378_152364080		RIGEL_NRNA_chr1_1_152335378_152364080	nrna
A00839:75:H7MFFDSXY:3:2204:3260:2002	chr1	152355728	152355877	True	-359	150M	255	0	25	0.2581595778465271	ambig_opp_strand	unspliced	1437	12	RIGEL_NRNA_chr1_1_152335378_152364080		RIGEL_NRNA_chr1_1_152335378_152364080	nrna
A00839:75:H7MFFDSXY:3:2102:8865:28839	chr1	152356417	152356566	True	-274	150M	255	0	25	0.7696875333786011	ambig_opp_strand	unspliced	1437	12	RIGEL_NRNA_chr1_1_152335378_152364080		RIGEL_NRNA_chr1_1_152335378_152364080	nrna
A00839:75:H7MFFDSXY:3:2454:3586:7138	chr1	152356719	152356868	True	-175	150M	255	0	25	0.7954053282737732	ambig_opp_strand	unspliced	1437	12	RIGEL_NRNA_chr1_1_152335378_152364080		RIGEL_NRNA_chr1_1_152335378_152364080	nrna
A00839:75:H7MFFDSXY:3:1511:16595:13385	chr1	152354490	152354639	False	207	150M	255	0	3	0.8761937618255615	ambig_opp_strand	unspliced	1437	12	ENST00000388718.5	FLG2	ENSG00000143520.6	mrna
A00839:75:H7MFFDSXY:3:1348:21748:5838	chr1	152354191	152354340	True	-401	150M	255	0	5	0.931551992893219	ambig_opp_strand	unspliced	-1	12	.	.	.	mrna
A00839:75:H7MFFDSXY:3:2276:27814:18818	chr1	152357129	152357278	True	-306	150M	255	0	5	0.2745581269264221	ambig_opp_strand	unspliced	-1	12	.	.	.	mrna
A00839:75:H7MFFDSXY:3:2246:12915:28338	chr1	152352060	152352209	False	340	150M	255	0	25	0.07868995517492294	ambig_opp_strand	unspliced	1437	12	RIGEL_NRNA_chr1_2_152348734_152360006		RIGEL_NRNA_chr1_2_152348734_152360006	nrna
A00839:75:H7MFFDSXY:3:2460:5077:7059	chr1	152352494	152352641	False	492	148M2S	255	2	5	0.7521133422851562	ambig_opp_strand	unspliced	-1	12	.	.	.	mrna
A00839:75:H7MFFDSXY:3:1668:1615:10614	chr1	152351131	152351280	True	-419	150M	255	0	5	0.9370877742767334	ambig_opp_strand	unspliced	-1	12	.	.	.	mrna
A00839:75:H7MFFDSXY:3:1111:11180:36980	chr1	152354388	152354445	False	289	58M	255	0	3	0.8504444360733032	ambig_opp_strand	unspliced	1437	12	ENST00000388718.5	FLG2	ENSG00000143520.6	mrna
A00839:75:H7MFFDSXY:3:2316:1796:24111	chr1	152354790	152354935	True	-146	146M	255	0	25	0.7059110403060913	ambig_opp_strand	unspliced	1437	12	RIGEL_NRNA_chr1_1_152335378_152364080		RIGEL_NRNA_chr1_1_152335378_152364080	nrna
A00839:75:H7MFFDSXY:3:2640:7717:30984	chr1	152357051	152357200	True	-334	150M	255	0	5	0.460141122341156	ambig_opp_strand	unspliced	-1	12	.	.	.	mrna
A00839:75:H7MFFDSXY:3:2561:32515:21825	chr1	152355740	152355889	True	-378	150M	255	0	5	0.8826590180397034	ambig_opp_strand	unspliced	-1	12	.	.	.	mrna
A00839:75:H7MFFDSXY:3:1403:16595:34240	chr1	152353362	152353511	True	-318	150M	255	0	5	0.34324511885643005	ambig_opp_strand	unspliced	-1	12	.	.	.	mrna
A00839:75:H7MFFDSXY:3:1646:16504:33207	chr1	152354417	152354566	True	-405	150M	255	0	5	0.9368135929107666	ambig_opp_strand	unspliced	-1	12	.	.	.	mrna
A00839:75:H7MFFDSXY:3:1109:32362:16799	chr1	152353474	152353623	True	-303	150M	255	0	25	0.6817617416381836	ambig_opp_strand	unspliced	1437	12	RIGEL_NRNA_chr1_1_152335378_152364080		RIGEL_NRNA_chr1_1_152335378_152364080	nrna
A00839:75:H7MFFDSXY:3:2628:4074:33943	chr1	152352822	152352971	True	-198	150M	255	0	25	0.8186776041984558	ambig_opp_strand	unspliced	1437	12	RIGEL_NRNA_chr1_1_152335378_152364080		RIGEL_NRNA_chr1_1_152335378_152364080	nrna
A00839:75:H7MFFDSXY:3:1533:6632:12978	chr1	152356435	152356584	False	203	150M	255	0	3	0.8758506178855896	ambig_opp_strand	unspliced	1437	12	ENST00000388718.5	FLG2	ENSG00000143520.6	mrna
A00839:75:H7MFFDSXY:3:2608:31774:23390	chr1	152353807	152353956	False	468	150M	255	0	5	0.7797767519950867	ambig_opp_strand	unspliced	-1	12	.	.	.	mrna
A00839:75:H7MFFDSXY:3:1129:13503:12633	chr1	152356771	152356920	True	-327	150M	255	0	25	0.5466032028198242	ambig_opp_strand	unspliced	1437	12	RIGEL_NRNA_chr1_1_152335378_152364080		RIGEL_NRNA_chr1_1_152335378_152364080	nrna
A00839:75:H7MFFDSXY:3:2567:12192:10269	chr1	152351618	152351767	True	-385	150M	255	0	5	0.9184357523918152	ambig_opp_strand	unspliced	-1	12	.	.	.	mrna
A00839:75:H7MFFDSXY:3:2178:32551:30154	chr1	152350735	152350884	True	-302	150M	255	1	25	0.6846825480461121	ambig_opp_strand	unspliced	1437	12	RIGEL_NRNA_chr1_1_152335378_152364080		RIGEL_NRNA_chr1_1_152335378_152364080	nrna
A00839:75:H7MFFDSXY:3:2638:20374:10942	chr1	152352298	152352447	True	-306	150M	255	0	25	0.6666442155838013	ambig_opp_strand	unspliced	1437	12	RIGEL_NRNA_chr1_1_152335378_152364080		RIGEL_NRNA_chr1_1_152335378_152364080	nrna
A00839:75:H7MFFDSXY:3:1316:30400:11992	chr1	152354858	152355007	True	-471	150M	255	0	5	0.9332556128501892	ambig_opp_strand	unspliced	-1	12	.	.	.	mrna
A00839:75:H7MFFDSXY:3:1162:30092:30968	chr1	152353105	152353254	True	-311	150M	255	0	25	0.6406136155128479	ambig_opp_strand	unspliced	1437	12	RIGEL_NRNA_chr1_1_152335378_152364080		RIGEL_NRNA_chr1_1_152335378_152364080	nrna
A00839:75:H7MFFDSXY:3:2369:31774:12837	chr1	152356642	152356791	True	-348	150M	255	0	25	0.36546963453292847	ambig_opp_strand	unspliced	1437	12	RIGEL_NRNA_chr1_1_152335378_152364080		RIGEL_NRNA_chr1_1_152335378_152364080	nrna
A00839:75:H7MFFDSXY:3:1512:28076:12383	chr1	152357168	152357317	False	534	150M	255	0	5	0.9610271453857422	ambig_opp_strand	unspliced	-1	12	.	.	.	mrna
A00839:75:H7MFFDSXY:3:1177:16794:20306	chr1	152350744	152350893	True	-303	150M	255	0	25	0.6817617416381836	ambig_opp_strand	unspliced	1437	12	RIGEL_NRNA_chr1_1_152335378_152364080		RIGEL_NRNA_chr1_1_152335378_152364080	nrna
A00839:75:H7MFFDSXY:3:1116:1190:13980	chr1	152354805	152354894	True	-321	90M	255	0	5	0.3630385994911194	ambig_opp_strand	unspliced	-1	12	.	.	.	mrna
A00839:75:H7MFFDSXY:3:1539:8287:15969	chr1	152354443	152354592	True	-371	150M	255	0	5	0.838139533996582	ambig_opp_strand	unspliced	-1	12	.	.	.	mrna
A00839:75:H7MFFDSXY:3:1356:31385:5368	chr1	152356375	152356524	False	515	150M	255	1	5	0.7405186295509338	ambig_opp_strand	unspliced	-1	12	.	.	.	mrna
A00839:75:H7MFFDSXY:3:1211:27064:33896	chr1	152350586	152350735	False	370	150M	255	0	5	0.5283640623092651	ambig_opp_strand	unspliced	-1	12	.	.	.	mrna
A00839:75:H7MFFDSXY:3:1130:31042:23249	chr1	152358986	152359135	True	-416	150M	255	1	5	0.9331055283546448	ambig_opp_strand	unspliced	-1	12	.	.	.	mrna
A00839:75:H7MFFDSXY:3:1157:17870:7263	chr1	152352170	152352319	True	-391	150M	255	0	5	0.9352997541427612	ambig_opp_strand	unspliced	-1	12	.	.	.	mrna
A00839:75:H7MFFDSXY:3:1244:21287:28995	chr1	152353544	152353661	True	-349	118M	255	0	25	0.34636756777763367	ambig_opp_strand	unspliced	1437	12	RIGEL_NRNA_chr1_1_152335378_152364080		RIGEL_NRNA_chr1_1_152335378_152364080	nrna
A00839:75:H7MFFDSXY:3:1454:16080:34381	chr1	152351214	152351339	False	126	126M	255	0	3	0.770194411277771	ambig_opp_strand	unspliced	1437	12	ENST00000388718.5	FLG2	ENSG00000143520.6	mrna
A00839:75:H7MFFDSXY:3:1616:30228:23625	chr1	152357284	152357433	False	244	150M	255	1	3	0.8746841549873352	ambig_opp_strand	unspliced	1437	12	ENST00000388718.5	FLG2	ENSG00000143520.6	mrna
A00839:75:H7MFFDSXY:3:2611:18168:12226	chr1	152351470	152351619	False	522	150M	255	1	5	0.7374270558357239	ambig_opp_strand	unspliced	-1	12	.	.	.	mrna
A00839:75:H7MFFDSXY:3:2160:6885:28917	chr1	152354170	152354319	False	212	150M	255	0	25	0.09634913504123688	ambig_opp_strand	unspliced	1437	12	RIGEL_NRNA_chr1_2_152348734_152360006		RIGEL_NRNA_chr1_2_152348734_152360006	nrna
A00839:75:H7MFFDSXY:3:2575:11342:28181	chr1	152352398	152352547	True	-458	150M	255	0	5	0.932711660861969	ambig_opp_strand	unspliced	-1	12	.	.	.	mrna
A00839:75:H7MFFDSXY:3:2276:29966:35289	chr1	152354028	152354177	True	-521	150M	255	0	25	0.057596202939748764	ambig_opp_strand	unspliced	1437	12	RIGEL_NRNA_chr1_1_152335378_152364080		RIGEL_NRNA_chr1_1_152335378_152364080	nrna
A00839:75:H7MFFDSXY:3:1444:27742:9142	chr1	152356901	152357044	False	144	144M	255	0	3	0.8384950757026672	ambig_opp_strand	unspliced	1437	12	ENST00000388718.5	FLG2	ENSG00000143520.6	mrna
A00839:75:H7MFFDSXY:3:2362:18611:1376	chr1	152352677	152352826	True	-284	150M	255	0	25	0.7473503351211548	ambig_opp_strand	unspliced	1437	12	RIGEL_NRNA_chr1_1_152335378_152364080		RIGEL_NRNA_chr1_1_152335378_152364080	nrna
A00839:75:H7MFFDSXY:3:2509:19623:16752	chr1	152351378	152351527	False	486	150M	255	0	5	0.7737305164337158	ambig_opp_strand	unspliced	-1	12	.	.	.	mrna
A00839:75:H7MFFDSXY:3:2201:15736:17002	chr1	152356221	152356370	True	-249	150M	255	0	25	0.8119003176689148	ambig_opp_strand	unspliced	1437	12	RIGEL_NRNA_chr1_1_152335378_152364080		RIGEL_NRNA_chr1_1_152335378_152364080	nrna
A00839:75:H7MFFDSXY:3:2414:18493:18458	chr1	152357222	152357371	True	-445	150M	255	0	5	0.9166716933250427	ambig_opp_strand	unspliced	-1	12	.	.	.	mrna
A00839:75:H7MFFDSXY:3:1344:9742:22686	chr1	152356914	152357063	True	-477	150M	255	0	5	0.9226515293121338	ambig_opp_strand	unspliced	-1	12	.	.	.	mrna
A00839:75:H7MFFDSXY:3:1472:20844:5838	chr1	152356876	152357025	True	-348	150M	255	0	5	0.6022961735725403	ambig_opp_strand	unspliced	-1	12	.	.	.	mrna
A00839:75:H7MFFDSXY:3:1238:28556:17033	chr1	152351060	152351209	True	-264	150M	255	0	25	0.7902271151542664	ambig_opp_strand	unspliced	1437	12	RIGEL_NRNA_chr1_1_152335378_152364080		RIGEL_NRNA_chr1_1_152335378_152364080	nrna
A00839:75:H7MFFDSXY:3:1546:10086:33489	chr1	152357140	152357289	False	406	150M	255	0	5	0.7756003737449646	ambig_opp_strand	unspliced	-1	12	.	.	.	mrna
A00839:75:H7MFFDSXY:3:2678:27733:24940	chr1	152356279	152356428	True	-345	150M	255	0	25	0.3905017375946045	ambig_opp_strand	unspliced	1437	12	RIGEL_NRNA_chr1_1_152335378_152364080		RIGEL_NRNA_chr1_1_152335378_152364080	nrna
A00839:75:H7MFFDSXY:3:2274:5005:32456	chr1	152354156	152354305	False	596	150M	255	0	5	0.38923585414886475	ambig_opp_strand	unspliced	-1	12	.	.	.	mrna
A00839:75:H7MFFDSXY:3:1405:24668:14090	chr1	152352078	152352171	True	-319	94M	255	0	5	0.3525165319442749	ambig_opp_strand	unspliced	-1	12	.	.	.	mrna
A00839:75:H7MFFDSXY:3:1569:4092:10551	chr1	152356732	152356881	False	319	150M	255	0	3	0.7983585596084595	ambig_opp_strand	unspliced	1437	12	ENST00000388718.5	FLG2	ENSG00000143520.6	mrna
A00839:75:H7MFFDSXY:3:1168:28085:27242	chr1	152353551	152353668	True	-349	118M	255	0	5	0.6230829954147339	ambig_opp_strand	unspliced	-1	12	.	.	.	mrna
A00839:75:H7MFFDSXY:3:2577:2645:7451	chr1	152350564	152350713	False	310	150M	255	0	3	0.8198214769363403	ambig_opp_strand	unspliced	1437	12	ENST00000388718.5	FLG2	ENSG00000143520.6	mrna
A00839:75:H7MFFDSXY:3:2239:32389:24518	chr1	152356753	152356902	False	354	150M	255	0	5	0.33016157150268555	ambig_opp_strand	unspliced	-1	12	.	.	.	mrna
A00839:75:H7MFFDSXY:3:2245:19352:34507	chr1	152353590	152353656	True	-298	67M	255	0	25	0.7031342387199402	ambig_opp_strand	unspliced	1437	12	RIGEL_NRNA_chr1_1_152335378_152364080		RIGEL_NRNA_chr1_1_152335378_152364080	nrna
A00839:75:H7MFFDSXY:3:1653:11279:25911	chr1	152355127	152355276	True	-258	150M	255	0	25	0.799487829208374	ambig_opp_strand	unspliced	1437	12	RIGEL_NRNA_chr1_1_152335378_152364080		RIGEL_NRNA_chr1_1_152335378_152364080	nrna
A00839:75:H7MFFDSXY:3:2461:27543:36229	chr1	152351375	152351458	True	-309	84M	255	0	25	0.649450421333313	ambig_opp_strand	unspliced	1437	12	RIGEL_NRNA_chr1_1_152335378_152364080		RIGEL_NRNA_chr1_1_152335378_152364080	nrna
A00839:75:H7MFFDSXY:3:1350:16740:2769	chr1	152355999	152356081	False	347	83M	255	0	3	0.666541337966919	ambig_opp_strand	unspliced	1437	12	ENST00000388718.5	FLG2	ENSG00000143520.6	mrna
A00839:75:H7MFFDSXY:3:2636:7184:24361	chr1	152357079	152357228	False	193	150M	255	0	3	0.8741233348846436	ambig_opp_strand	unspliced	1437	12	ENST00000388718.5	FLG2	ENSG00000143520.6	mrna
A00839:75:H7MFFDSXY:3:1544:24966:22122	chr1	152351772	152351893	True	-347	122M	255	0	5	0.5985598564147949	ambig_opp_strand	unspliced	-1	12	.	.	.	mrna
A00839:75:H7MFFDSXY:3:2331:7627:4178	chr1	152353843	152353992	True	-209	150M	255	0	25	0.8222047090530396	ambig_opp_strand	unspliced	1437	12	RIGEL_NRNA_chr1_1_152335378_152364080		RIGEL_NRNA_chr1_1_152335378_152364080	nrna
A00839:75:H7MFFDSXY:3:1211:24180:28087	chr1	152353423	152353572	True	-407	150M	255	3	5	0.929754376411438	ambig_opp_strand	unspliced	-1	12	.	.	.	mrna
A00839:75:H7MFFDSXY:3:1654:27742:25833	chr1	152355997	152356119	True	-348	123M	3	1	128	0.0	.	unknown	-1	0	.	.	.	mrna
A00839:75:H7MFFDSXY:3:2440:17173:7373	chr1	152350919	152351068	True	-447	150M	255	0	5	0.9337416291236877	ambig_opp_strand	unspliced	-1	12	.	.	.	mrna
A00839:75:H7MFFDSXY:3:2276:18810:12085	chr1	152352787	152352846	False	291	60M	255	0	3	0.8485801219940186	ambig_opp_strand	unspliced	1437	12	ENST00000388718.5	FLG2	ENSG00000143520.6	mrna
A00839:75:H7MFFDSXY:3:1326:31792:30749	chr1	152353580	152353668	True	-320	89M	255	0	5	0.35672327876091003	ambig_opp_strand	unspliced	-1	12	.	.	.	mrna
A00839:75:H7MFFDSXY:3:1570:8160:24111	chr1	152351984	152352133	True	-316	150M	255	0	5	0.33070001006126404	ambig_opp_strand	unspliced	-1	12	.	.	.	mrna
A00839:75:H7MFFDSXY:3:1611:26729:22514	chr1	152357253	152357402	False	347	150M	255	0	3	0.666541337966919	ambig_opp_strand	unspliced	1437	12	ENST00000388718.5	FLG2	ENSG00000143520.6	mrna
A00839:75:H7MFFDSXY:3:2637:31114:8563	chr1	152355158	152355307	True	-223	150M	255	0	25	0.8243521451950073	ambig_opp_strand	unspliced	1437	12	RIGEL_NRNA_chr1_1_152335378_152364080		RIGEL_NRNA_chr1_1_152335378_152364080	nrna
A00839:75:H7MFFDSXY:3:1201:8422:27038	chr1	152357018	152357167	False	449	150M	255	0	5	0.7547327876091003	ambig_opp_strand	unspliced	-1	12	.	.	.	mrna
A00839:75:H7MFFDSXY:3:2222:27254:29152	chr1	152350591	152350740	True	-307	150M	255	0	25	0.6614903211593628	ambig_opp_strand	unspliced	1437	12	RIGEL_NRNA_chr1_1_152335378_152364080		RIGEL_NRNA_chr1_1_152335378_152364080	nrna
A00839:75:H7MFFDSXY:3:1575:10221:13683	chr1	152354697	152354846	False	267	150M	255	0	3	0.8655915260314941	ambig_opp_strand	unspliced	1437	12	ENST00000388718.5	FLG2	ENSG00000143520.6	mrna
A00839:75:H7MFFDSXY:3:2435:7654:32158	chr1	152355973	152356023	True	-276	51M	255	0	25	0.7656789422035217	ambig_opp_strand	unspliced	1437	12	RIGEL_NRNA_chr1_1_152335378_152364080		RIGEL_NRNA_chr1_1_152335378_152364080	nrna
A00839:75:H7MFFDSXY:3:1362:21097:14606	chr1	152352460	152352609	False	413	150M	255	0	5	0.7864087224006653	ambig_opp_strand	unspliced	-1	12	.	.	.	mrna
A00839:75:H7MFFDSXY:3:1523:2293:10410	chr1	152356313	152356462	False	442	150M	255	0	5	0.7650308012962341	ambig_opp_strand	unspliced	-1	12	.	.	.	mrna
A00839:75:H7MFFDSXY:3:2127:1090:9862	chr1	152352349	152352498	True	-293	150M	255	0	25	0.7220555543899536	ambig_opp_strand	unspliced	1437	12	RIGEL_NRNA_chr1_1_152335378_152364080		RIGEL_NRNA_chr1_1_152335378_152364080	nrna
A00839:75:H7MFFDSXY:3:2628:17146:29653	chr1	152350343	152350492	False	272	150M	255	0	3	0.8629109859466553	ambig_opp_strand	unspliced	1437	12	ENST00000388718.5	FLG2	ENSG00000143520.6	mrna
A00839:75:H7MFFDSXY:3:1315:16993:10880	chr1	152355588	152355737	False	424	150M	255	1	3	0.20719771087169647	ambig_opp_strand	unspliced	1437	12	ENST00000388718.5	FLG2	ENSG00000143520.6	mrna
A00839:75:H7MFFDSXY:3:1175:23746:15186	chr1	152354130	152354279	False	346	150M	255	0	3	0.6764441728591919	ambig_opp_strand	unspliced	1437	12	ENST00000388718.5	FLG2	ENSG00000143520.6	mrna
A00839:75:H7MFFDSXY:3:1411:23285:10316	chr1	152353873	152354022	True	-308	150M	255	0	25	0.6581497192382812	ambig_opp_strand	unspliced	1437	12	RIGEL_NRNA_chr1_1_152335378_152364080		RIGEL_NRNA_chr1_1_152335378_152364080	nrna
A00839:75:H7MFFDSXY:3:1166:23213:34992	chr1	152353657	152353806	True	-288	150M	255	0	25	0.7384347915649414	ambig_opp_strand	unspliced	1437	12	RIGEL_NRNA_chr1_1_152335378_152364080		RIGEL_NRNA_chr1_1_152335378_152364080	nrna
A00839:75:H7MFFDSXY:3:1141:25283:29966	chr1	152354552	152354701	True	-294	150M	255	0	5	0.2189130187034607	ambig_opp_strand	unspliced	-1	12	.	.	.	mrna
A00839:75:H7MFFDSXY:3:2202:2727:4679	chr1	152350996	152351145	True	-202	150M	255	0	25	0.06542778015136719	ambig_opp_strand	unspliced	1437	12	RIGEL_NRNA_chr1_1_152189332_152365557		RIGEL_NRNA_chr1_1_152189332_152365557	nrna
A00839:75:H7MFFDSXY:3:1259:9362:4648	chr1	152354986	152355135	False	150	150M	255	0	3	0.8415861129760742	ambig_opp_strand	unspliced	1437	12	ENST00000388718.5	FLG2	ENSG00000143520.6	mrna
A00839:75:H7MFFDSXY:3:2337:6831:30044	chr1	152352587	152352736	False	434	150M	255	0	5	0.7741549611091614	ambig_opp_strand	unspliced	-1	12	.	.	.	mrna
A00839:75:H7MFFDSXY:3:1256:9851:22247	chr1	152352182	152352331	False	245	150M	255	0	3	0.8746313452720642	ambig_opp_strand	unspliced	1437	12	ENST00000388718.5	FLG2	ENSG00000143520.6	mrna
A00839:75:H7MFFDSXY:3:1224:14570:21371	chr1	152351544	152351693	True	-249	150M	255	0	25	0.8119003772735596	ambig_opp_strand	unspliced	1437	12	RIGEL_NRNA_chr1_1_152335378_152364080		RIGEL_NRNA_chr1_1_152335378_152364080	nrna
A00839:75:H7MFFDSXY:3:1673:21052:21198	chr1	152354968	152355117	True	-296	150M	255	0	25	0.7106670141220093	ambig_opp_strand	unspliced	1437	12	RIGEL_NRNA_chr1_1_152335378_152364080		RIGEL_NRNA_chr1_1_152335378_152364080	nrna
A00839:75:H7MFFDSXY:3:2257:29740:9815	chr1	152354024	152354173	True	-252	150M	255	0	25	0.8094927668571472	ambig_opp_strand	unspliced	1437	12	RIGEL_NRNA_chr1_1_152335378_152364080		RIGEL_NRNA_chr1_1_152335378_152364080	nrna
A00839:75:H7MFFDSXY:3:2312:9760:20682	chr1	152350650	152350799	False	344	150M	255	0	3	0.6880273222923279	ambig_opp_strand	unspliced	1437	12	ENST00000388718.5	FLG2	ENSG00000143520.6	mrna
A00839:75:H7MFFDSXY:3:1168:27751:12633	chr1	152357035	152357184	True	-204	150M	255	0	25	0.8213735222816467	ambig_opp_strand	unspliced	1437	12	RIGEL_NRNA_chr1_1_152335378_152364080		RIGEL_NRNA_chr1_1_152335378_152364080	nrna
A00839:75:H7MFFDSXY:3:1604:26476:28870	chr1	152356071	152356220	False	258	150M	255	0	3	0.8701720237731934	ambig_opp_strand	unspliced	1437	12	ENST00000388718.5	FLG2	ENSG00000143520.6	mrna
A00839:75:H7MFFDSXY:3:1555:6840:23171	chr1	152350948	152351097	False	363	150M	255	1	3	0.5199803113937378	ambig_opp_strand	unspliced	1437	12	ENST00000388718.5	FLG2	ENSG00000143520.6	mrna
A00839:75:H7MFFDSXY:3:1636:30680:26475	chr1	152355715	152356072	True	-358	84M225N49M	3	1	128	0.0	.	unknown	-1	0	.	.	.	mrna
A00839:75:H7MFFDSXY:3:1258:22092:12633	chr1	152351407	152351556	False	218	150M	255	0	3	0.8768659234046936	ambig_opp_strand	unspliced	1437	12	ENST00000388718.5	FLG2	ENSG00000143520.6	mrna
A00839:75:H7MFFDSXY:3:1547:30987:31391	chr1	152356339	152356488	False	344	150M	255	0	5	0.23622365295886993	ambig_opp_strand	unspliced	-1	12	.	.	.	mrna
A00839:75:H7MFFDSXY:3:2346:18611:16031	chr1	152353067	152353216	True	-171	150M	255	0	25	0.788333535194397	ambig_opp_strand	unspliced	1437	12	RIGEL_NRNA_chr1_1_152335378_152364080		RIGEL_NRNA_chr1_1_152335378_152364080	nrna
A00839:75:H7MFFDSXY:3:1668:28113:31548	chr1	152352187	152352336	True	-369	150M	255	0	5	0.81463623046875	ambig_opp_strand	unspliced	-1	12	.	.	.	mrna
A00839:75:H7MFFDSXY:3:1503:5312:16172	chr1	152352659	152352808	False	314	150M	255	0	3	0.8105611801147461	ambig_opp_strand	unspliced	1437	12	ENST00000388718.5	FLG2	ENSG00000143520.6	mrna
A00839:75:H7MFFDSXY:3:1373:14561:12931	chr1	152350917	152351066	True	-403	150M	255	0	5	0.9339235424995422	ambig_opp_strand	unspliced	-1	12	.	.	.	mrna
A00839:75:H7MFFDSXY:3:2512:6533:23453	chr1	152353159	152353308	False	361	150M	255	0	25	0.0598028302192688	ambig_opp_strand	unspliced	1437	12	RIGEL_NRNA_chr1_2_152348734_152360006		RIGEL_NRNA_chr1_2_152348734_152360006	nrna
A00839:75:H7MFFDSXY:3:1274:19804:25614	chr1	152351348	152351497	False	238	150M	255	0	3	0.8759592771530151	ambig_opp_strand	unspliced	1437	12	ENST00000388718.5	FLG2	ENSG00000143520.6	mrna
A00839:75:H7MFFDSXY:3:2303:26196:15358	chr1	152352972	152353121	True	-396	150M	255	0	5	0.9346668720245361	ambig_opp_strand	unspliced	-1	12	.	.	.	mrna
A00839:75:H7MFFDSXY:3:2349:29921:8375	chr1	152352225	152352374	False	230	150M	255	0	3	0.8767707943916321	ambig_opp_strand	unspliced	1437	12	ENST00000388718.5	FLG2	ENSG00000143520.6	mrna
A00839:75:H7MFFDSXY:3:2240:6388:36448	chr1	152350642	152350791	False	402	150M	255	0	5	0.768226146697998	ambig_opp_strand	unspliced	-1	12	.	.	.	mrna
A00839:75:H7MFFDSXY:3:1448:28727:3583	chr1	152353909	152354058	False	377	150M	255	0	5	0.6198239922523499	ambig_opp_strand	unspliced	-1	12	.	.	.	mrna
A00839:75:H7MFFDSXY:3:2201:14705:19789	chr1	152356963	152357112	False	372	150M	255	0	3	0.406935453414917	ambig_opp_strand	unspliced	1437	12	ENST00000388718.5	FLG2	ENSG00000143520.6	mrna
A00839:75:H7MFFDSXY:3:1271:24325:7733	chr1	152350706	152350855	True	-282	150M	255	0	25	0.7519654035568237	ambig_opp_strand	unspliced	1437	12	RIGEL_NRNA_chr1_1_152335378_152364080		RIGEL_NRNA_chr1_1_152335378_152364080	nrna
A00839:75:H7MFFDSXY:3:2413:2510:29794	chr1	152353930	152354079	True	-414	150M	255	0	5	0.9362707138061523	ambig_opp_strand	unspliced	-1	12	.	.	.	mrna
A00839:75:H7MFFDSXY:3:1154:30300:6965	chr1	152353355	152353504	True	-316	150M	255	0	25	0.6150528788566589	ambig_opp_strand	unspliced	1437	12	RIGEL_NRNA_chr1_1_152335378_152364080		RIGEL_NRNA_chr1_1_152335378_152364080	nrna
A00839:75:H7MFFDSXY:3:1125:15338:9048	chr1	152358794	152358943	False	280	150M	255	0	25	0.6632934808731079	ambig_opp_strand	unspliced	1437	12	RIGEL_NRNA_chr1_2_152348734_152360006		RIGEL_NRNA_chr1_2_152348734_152360006	nrna
A00839:75:H7MFFDSXY:3:2210:30427:32111	chr1	152356495	152356644	False	387	150M	255	0	5	0.73553866147995	ambig_opp_strand	unspliced	-1	12	.	.	.	mrna
A00839:75:H7MFFDSXY:3:1119:23041:29496	chr1	152356352	152356501	True	-360	150M	255	1	5	0.726780891418457	ambig_opp_strand	unspliced	-1	12	.	.	.	mrna
A00839:75:H7MFFDSXY:3:2629:8260:13354	chr1	152354585	152354734	False	0	150M	255	0	64	0.0	.	unspliced	-1	0	.	.	.	mrna
A00839:75:H7MFFDSXY:3:1121:28284:18474	chr1	152355108	152355235	True	-359	128M	255	0	5	0.7190709114074707	ambig_opp_strand	unspliced	-1	12	.	.	.	mrna
A00839:75:H7MFFDSXY:3:1274:11975:1188	chr1	152354114	152354263	False	347	150M	255	6	3	0.6665412187576294	ambig_opp_strand	unspliced	1437	12	ENST00000388718.5	FLG2	ENSG00000143520.6	mrna
A00839:75:H7MFFDSXY:3:2539:26775:3646	chr1	152353144	152353293	False	373	150M	255	0	5	0.5704969763755798	ambig_opp_strand	unspliced	-1	12	.	.	.	mrna
A00839:75:H7MFFDSXY:3:1511:2013:36824	chr1	152352462	152352537	False	14	76M70S	255	9	25	0.09634913504123688	ambig_opp_strand	unspliced	1437	12	RIGEL_NRNA_chr1_2_152348734_152360006		RIGEL_NRNA_chr1_2_152348734_152360006	nrna
A00839:75:H7MFFDSXY:3:2175:27715:30859	chr1	152353856	152354005	True	-259	150M	255	1	5	0.1316555291414261	ambig_opp_strand	unspliced	-1	12	.	.	.	mrna
A00839:75:H7MFFDSXY:3:1556:13964:17503	chr1	152356812	152356961	False	249	150M	255	0	3	0.8736680150032043	ambig_opp_strand	unspliced	1437	12	ENST00000388718.5	FLG2	ENSG00000143520.6	mrna
A00839:75:H7MFFDSXY:3:2571:23628:29825	chr1	152352853	152353002	True	-324	150M	255	0	25	0.5687141418457031	ambig_opp_strand	unspliced	1437	12	RIGEL_NRNA_chr1_1_152335378_152364080		RIGEL_NRNA_chr1_1_152335378_152364080	nrna
A00839:75:H7MFFDSXY:3:1677:8929:33802	chr1	152352660	152352809	False	304	150M	255	0	25	0.09127702564001083	ambig_opp_strand	unspliced	1437	12	RIGEL_NRNA_chr1_2_152348734_152360006		RIGEL_NRNA_chr1_2_152348734_152360006	nrna
A00839:75:H7MFFDSXY:3:2255:2600:19586	chr1	152353461	152353610	False	301	150M	255	0	3	0.8352404832839966	ambig_opp_strand	unspliced	1437	12	ENST00000388718.5	FLG2	ENSG00000143520.6	mrna
A00839:75:H7MFFDSXY:3:2142:24523:21386	chr1	152352201	152352348	True	-314	148M	255	1	25	0.6241236329078674	ambig_opp_strand	unspliced	1437	12	RIGEL_NRNA_chr1_1_152335378_152364080		RIGEL_NRNA_chr1_1_152335378_152364080	nrna
A00839:75:H7MFFDSXY:3:1452:4860:19429	chr1	152356151	152356300	True	-262	150M	255	0	5	0.1368904858827591	ambig_opp_strand	unspliced	-1	12	.	.	.	mrna
A00839:75:H7MFFDSXY:3:1330:23348:27555	chr1	152354187	152354336	False	204	150M	255	0	3	0.8762832880020142	ambig_opp_strand	unspliced	1437	12	ENST00000388718.5	FLG2	ENSG00000143520.6	mrna
A00839:75:H7MFFDSXY:3:2665:17626:11945	chr1	152354046	152354195	True	-254	150M	255	0	25	0.8055039048194885	ambig_opp_strand	unspliced	1437	12	RIGEL_NRNA_chr1_1_152335378_152364080		RIGEL_NRNA_chr1_1_152335378_152364080	nrna
A00839:75:H7MFFDSXY:3:2208:25545:35243	chr1	152356477	152356626	False	513	150M	255	0	3	0.21965087950229645	ambig_opp_strand	unspliced	1437	12	ENST00000388718.5	FLG2	ENSG00000143520.6	mrna
A00839:75:H7MFFDSXY:3:2255:29649:29262	chr1	152356354	152356503	False	342	150M	255	0	3	0.7070009708404541	ambig_opp_strand	unspliced	1437	12	ENST00000388718.5	FLG2	ENSG00000143520.6	mrna
A00839:75:H7MFFDSXY:3:2145:6705:36307	chr1	152356289	152356438	False	228	150M	255	0	3	0.8765408396720886	ambig_opp_strand	unspliced	1437	12	ENST00000388718.5	FLG2	ENSG00000143520.6	mrna
A00839:75:H7MFFDSXY:3:1459:12102:7232	chr1	152356909	152357058	False	268	150M	255	0	3	0.865267813205719	ambig_opp_strand	unspliced	1437	12	ENST00000388718.5	FLG2	ENSG00000143520.6	mrna
A00839:75:H7MFFDSXY:3:2607:10447:33364	chr1	152350865	152351014	True	-402	150M	255	1	5	0.9336010217666626	ambig_opp_strand	unspliced	-1	12	.	.	.	mrna
A00839:75:H7MFFDSXY:3:1443:19126:31923	chr1	152353034	152353183	True	-267	150M	255	0	25	0.7836445569992065	ambig_opp_strand	unspliced	1437	12	RIGEL_NRNA_chr1_1_152335378_152364080		RIGEL_NRNA_chr1_1_152335378_152364080	nrna
A00839:75:H7MFFDSXY:3:2675:11342:9768	chr1	152352807	152352956	False	384	150M	255	0	5	0.7053400278091431	ambig_opp_strand	unspliced	-1	12	.	.	.	mrna
A00839:75:H7MFFDSXY:3:2146:25599:21621	chr1	152356102	152356251	False	286	150M	255	0	25	0.093716099858284	ambig_opp_strand	unspliced	1437	12	RIGEL_NRNA_chr1_2_152348734_152360006		RIGEL_NRNA_chr1_2_152348734_152360006	nrna
A00839:75:H7MFFDSXY:3:1315:24442:36620	chr1	152350828	152350977	False	433	150M	255	0	5	0.7555392384529114	ambig_opp_strand	unspliced	-1	12	.	.	.	mrna
A00839:75:H7MFFDSXY:3:1510:11559:34538	chr1	152351400	152351549	False	169	150M	255	0	3	0.8659967184066772	ambig_opp_strand	unspliced	1437	12	ENST00000388718.5	FLG2	ENSG00000143520.6	mrna
A00839:75:H7MFFDSXY:3:1443:9805:19225	chr1	152354730	152354879	False	460	150M	255	0	5	0.7682908773422241	ambig_opp_strand	unspliced	-1	12	.	.	.	mrna
A00839:75:H7MFFDSXY:3:2631:28980:27101	chr1	152356285	152356434	True	-216	150M	255	0	25	0.06577912718057632	ambig_opp_strand	unspliced	1437	12	RIGEL_NRNA_chr1_1_152189332_152365557		RIGEL_NRNA_chr1_1_152189332_152365557	nrna
A00839:75:H7MFFDSXY:3:1556:32868:31454	chr1	152351477	152351598	False	347	122M	255	0	5	0.2600752115249634	ambig_opp_strand	unspliced	-1	12	.	.	.	mrna
A00839:75:H7MFFDSXY:3:1445:17499:33426	chr1	152357498	152357647	True	-321	150M	255	0	5	0.36303871870040894	ambig_opp_strand	unspliced	-1	12	.	.	.	mrna
A00839:75:H7MFFDSXY:3:2646:25825:7952	chr1	152353228	152353377	False	405	150M	255	0	5	0.7775334119796753	ambig_opp_strand	unspliced	-1	12	.	.	.	mrna
A00839:75:H7MFFDSXY:3:2262:15402:14763	chr1	152356156	152356287	True	-396	132M	255	0	5	0.9346668720245361	ambig_opp_strand	unspliced	-1	12	.	.	.	mrna
A00839:75:H7MFFDSXY:3:1318:20518:17989	chr1	152355784	152355885	False	326	102M	255	0	3	0.7785993218421936	ambig_opp_strand	unspliced	1437	12	ENST00000388718.5	FLG2	ENSG00000143520.6	mrna
A00839:75:H7MFFDSXY:3:1329:22209:13745	chr1	152354154	152354303	True	-231	150M	255	1	25	0.8211895227432251	ambig_opp_strand	unspliced	1437	12	RIGEL_NRNA_chr1_1_152335378_152364080		RIGEL_NRNA_chr1_1_152335378_152364080	nrna
A00839:75:H7MFFDSXY:3:1212:9408:24768	chr1	152354170	152354317	False	148	148M	255	0	3	0.8465670347213745	ambig_opp_strand	unspliced	1437	12	ENST00000388718.5	FLG2	ENSG00000143520.6	mrna
A00839:75:H7MFFDSXY:3:1569:5683:2879	chr1	152352571	152352720	True	-375	150M	255	0	5	0.8621544241905212	ambig_opp_strand	unspliced	-1	12	.	.	.	mrna
A00839:75:H7MFFDSXY:3:2654:18258:9032	chr1	152352906	152352948	False	274	43M	255	0	25	0.09467250108718872	ambig_opp_strand	unspliced	1437	12	RIGEL_NRNA_chr1_2_152348734_152360006		RIGEL_NRNA_chr1_2_152348734_152360006	nrna
A00839:75:H7MFFDSXY:3:2478:8477:11976	chr1	152357007	152357156	True	-205	150M	255	0	25	0.8211627006530762	ambig_opp_strand	unspliced	1437	12	RIGEL_NRNA_chr1_1_152335378_152364080		RIGEL_NRNA_chr1_1_152335378_152364080	nrna
A00839:75:H7MFFDSXY:3:2251:21676:29575	chr1	152351101	152351250	False	400	150M	255	0	3	0.2178315967321396	ambig_opp_strand	unspliced	1437	12	ENST00000388718.5	FLG2	ENSG00000143520.6	mrna
A00839:75:H7MFFDSXY:3:2541:10330:21699	chr1	152352061	152352210	False	226	150M	255	0	3	0.8767408728599548	ambig_opp_strand	unspliced	1437	12	ENST00000388718.5	FLG2	ENSG00000143520.6	mrna
A00839:75:H7MFFDSXY:3:2516:12084:19601	chr1	152351769	152351918	True	-475	150M	255	0	25	0.06258266419172287	ambig_opp_strand	unspliced	1437	12	RIGEL_NRNA_chr1_1_152335378_152364080		RIGEL_NRNA_chr1_1_152335378_152364080	nrna
A00839:75:H7MFFDSXY:3:1201:21531:3270	chr1	152350566	152350715	False	367	150M	255	0	5	0.48078882694244385	ambig_opp_strand	unspliced	-1	12	.	.	.	mrna
A00839:75:H7MFFDSXY:3:1208:29188:17785	chr1	152351625	152351774	True	-455	150M	255	0	5	0.9410067200660706	ambig_opp_strand	unspliced	-1	12	.	.	.	mrna
A00839:75:H7MFFDSXY:3:1138:32262:5541	chr1	152351914	152352063	True	-299	150M	255	0	25	0.6995184421539307	ambig_opp_strand	unspliced	1437	12	RIGEL_NRNA_chr1_1_152335378_152364080		RIGEL_NRNA_chr1_1_152335378_152364080	nrna
A00839:75:H7MFFDSXY:3:1522:4815:34131	chr1	152354557	152354706	False	500	150M	255	0	5	0.7892433404922485	ambig_opp_strand	unspliced	-1	12	.	.	.	mrna
A00839:75:H7MFFDSXY:3:2425:2627:34287	chr1	152356913	152357062	False	230	150M	255	1	3	0.8767707347869873	ambig_opp_strand	unspliced	1437	12	ENST00000388718.5	FLG2	ENSG00000143520.6	mrna
A00839:75:H7MFFDSXY:3:2201:27425:1204	chr1	152353478	152353627	True	-411	150M	255	0	5	0.941349446773529	ambig_opp_strand	unspliced	-1	12	.	.	.	mrna
A00839:75:H7MFFDSXY:3:1642:8766:22874	chr1	152357235	152357384	True	-355	150M	255	0	5	0.6823275089263916	ambig_opp_strand	unspliced	-1	12	.	.	.	mrna
A00839:75:H7MFFDSXY:3:1136:10827:22936	chr1	152351926	152352075	True	-184	150M	255	0	25	0.06450033187866211	ambig_opp_strand	unspliced	1437	12	RIGEL_NRNA_chr1_1_152189332_152365557		RIGEL_NRNA_chr1_1_152189332_152365557	nrna
A00839:75:H7MFFDSXY:3:1448:4607:28479	chr1	152353585	152353734	False	361	150M	255	0	3	0.5441567897796631	ambig_opp_strand	unspliced	1437	12	ENST00000388718.5	FLG2	ENSG00000143520.6	mrna
A00839:75:H7MFFDSXY:3:1232:14959:27148	chr1	152356405	152356539	False	135	135M	255	0	3	0.8143338561058044	ambig_opp_strand	unspliced	1437	12	ENST00000388718.5	FLG2	ENSG00000143520.6	mrna
A00839:75:H7MFFDSXY:3:1616:17761:14685	chr1	152357541	152357690	False	380	150M	255	0	5	0.9516968727111816	ambig_opp_strand	unspliced	-1	12	.	.	.	mrna
A00839:75:H7MFFDSXY:3:1509:24704:32315	chr1	152355121	152355170	True	-281	50M	255	0	25	0.7539288997650146	ambig_opp_strand	unspliced	1437	12	RIGEL_NRNA_chr1_1_152335378_152364080		RIGEL_NRNA_chr1_1_152335378_152364080	nrna
A00839:75:H7MFFDSXY:3:1247:30798:3850	chr1	152352424	152352573	True	-354	150M	255	1	5	0.6764690279960632	ambig_opp_strand	unspliced	-1	12	.	.	.	mrna
A00839:75:H7MFFDSXY:3:1350:6759:24314	chr1	152357260	152357409	True	-283	150M	255	0	5	0.184517502784729	ambig_opp_strand	unspliced	-1	12	.	.	.	mrna
A00839:75:H7MFFDSXY:3:1249:26892:6042	chr1	152351612	152351756	False	344	145M4S	255	3	3	0.6880272626876831	ambig_opp_strand	unspliced	1437	12	ENST00000388718.5	FLG2	ENSG00000143520.6	mrna
A00839:75:H7MFFDSXY:3:2159:30698:18270	chr1	152354189	152354338	True	-294	150M	255	0	5	0.2189130187034607	ambig_opp_strand	unspliced	-1	12	.	.	.	mrna
A00839:75:H7MFFDSXY:3:1405:14733:7185	chr1	152351231	152351380	False	250	150M	255	0	25	0.09600748866796494	ambig_opp_strand	unspliced	1437	12	RIGEL_NRNA_chr1_2_152348734_152360006		RIGEL_NRNA_chr1_2_152348734_152360006	nrna
A00839:75:H7MFFDSXY:3:2416:2230:12680	chr1	152354799	152354948	False	297	150M	255	1	3	0.8415139317512512	ambig_opp_strand	unspliced	1437	12	ENST00000388718.5	FLG2	ENSG00000143520.6	mrna
A00839:75:H7MFFDSXY:3:2243:1967:11788	chr1	152350952	152351101	False	260	150M	255	0	3	0.8692231774330139	ambig_opp_strand	unspliced	1437	12	ENST00000388718.5	FLG2	ENSG00000143520.6	mrna
A00839:75:H7MFFDSXY:3:2542:28872:16172	chr1	152355951	152356100	True	-494	150M	255	0	25	0.06593175232410431	ambig_opp_strand	unspliced	1437	12	RIGEL_NRNA_chr1_1_152335378_152364080		RIGEL_NRNA_chr1_1_152335378_152364080	nrna
A00839:75:H7MFFDSXY:3:2639:20880:30859	chr1	152351052	152351201	True	-342	150M	255	0	25	0.4248604476451874	ambig_opp_strand	unspliced	1437	12	RIGEL_NRNA_chr1_1_152335378_152364080		RIGEL_NRNA_chr1_1_152335378_152364080	nrna
A00839:75:H7MFFDSXY:3:1320:14705:36041	chr1	152353875	152354024	False	190	150M	255	0	3	0.8736576437950134	ambig_opp_strand	unspliced	1437	12	ENST00000388718.5	FLG2	ENSG00000143520.6	mrna
A00839:75:H7MFFDSXY:3:1268:23249:8437	chr1	152353626	152353775	False	272	150M	255	0	3	0.8629109859466553	ambig_opp_strand	unspliced	1437	12	ENST00000388718.5	FLG2	ENSG00000143520.6	mrna
A00839:75:H7MFFDSXY:3:2545:4824:13479	chr1	152352727	152352876	True	-385	150M	255	0	5	0.9184357523918152	ambig_opp_strand	unspliced	-1	12	.	.	.	mrna
A00839:75:H7MFFDSXY:3:2433:23502:5149	chr1	152350557	152350706	False	298	150M	255	0	3	0.8400419354438782	ambig_opp_strand	unspliced	1437	12	ENST00000388718.5	FLG2	ENSG00000143520.6	mrna
A00839:75:H7MFFDSXY:3:1209:25681:27618	chr1	152356659	152356808	True	-276	150M	255	0	25	0.7656789422035217	ambig_opp_strand	unspliced	1437	12	RIGEL_NRNA_chr1_1_152335378_152364080		RIGEL_NRNA_chr1_1_152335378_152364080	nrna
A00839:75:H7MFFDSXY:3:1223:13223:11334	chr1	152354320	152354463	True	-144	144M	255	0	25	0.6986481547355652	ambig_opp_strand	unspliced	1437	12	RIGEL_NRNA_chr1_1_152335378_152364080		RIGEL_NRNA_chr1_1_152335378_152364080	nrna
A00839:75:H7MFFDSXY:3:1178:9064:24111	chr1	152356184	152356333	False	195	150M	255	1	3	0.874586284160614	ambig_opp_strand	unspliced	1437	12	ENST00000388718.5	FLG2	ENSG00000143520.6	mrna
A00839:75:H7MFFDSXY:3:1247:31024:26944	chr1	152353126	152353221	False	321	96M	255	0	3	0.7941257357597351	ambig_opp_strand	unspliced	1437	12	ENST00000388718.5	FLG2	ENSG00000143520.6	mrna
A00839:75:H7MFFDSXY:3:2658:15845:14716	chr1	152355664	152355717	True	-285	54M	255	0	25	0.7452908754348755	ambig_opp_strand	unspliced	1437	12	RIGEL_NRNA_chr1_1_152335378_152364080		RIGEL_NRNA_chr1_1_152335378_152364080	nrna
A00839:75:H7MFFDSXY:3:1622:3857:31093	chr1	152353704	152353853	True	-209	150M	255	0	5	0.10527732223272324	ambig_opp_strand	unspliced	-1	12	.	.	.	mrna
A00839:75:H7MFFDSXY:3:1632:6732:15186	chr1	152353617	152353766	True	-243	150M	255	0	25	0.8161432147026062	ambig_opp_strand	unspliced	1437	12	RIGEL_NRNA_chr1_1_152335378_152364080		RIGEL_NRNA_chr1_1_152335378_152364080	nrna
A00839:75:H7MFFDSXY:3:1549:9607:11522	chr1	152356981	152357130	False	228	150M	255	0	3	0.8765408396720886	ambig_opp_strand	unspliced	1437	12	ENST00000388718.5	FLG2	ENSG00000143520.6	mrna
A00839:75:H7MFFDSXY:3:1225:21766:6214	chr1	152353032	152353181	True	-419	150M	255	1	5	0.9370877742767334	ambig_opp_strand	unspliced	-1	12	.	.	.	mrna
A00839:75:H7MFFDSXY:3:1612:32154:23422	chr1	152356889	152357038	True	-556	150M	1	0	128	0.0	.	unknown	-1	0	.	.	.	mrna
A00839:75:H7MFFDSXY:3:1226:1208:12383	chr1	152353326	152353475	False	341	150M	255	0	5	0.21266266703605652	ambig_opp_strand	unspliced	-1	12	.	.	.	mrna
A00839:75:H7MFFDSXY:3:2421:2772:4758	chr1	152354342	152354491	True	-256	150M	255	0	25	0.8027465343475342	ambig_opp_strand	unspliced	1437	12	RIGEL_NRNA_chr1_1_152335378_152364080		RIGEL_NRNA_chr1_1_152335378_152364080	nrna
A00839:75:H7MFFDSXY:3:1166:17065:13730	chr1	152351968	152352117	False	238	150M	255	0	3	0.8759592771530151	ambig_opp_strand	unspliced	1437	12	ENST00000388718.5	FLG2	ENSG00000143520.6	mrna
A00839:75:H7MFFDSXY:3:2639:21079:9189	chr1	152353687	152353836	True	-346	150M	255	0	5	0.5845625996589661	ambig_opp_strand	unspliced	-1	12	.	.	.	mrna
A00839:75:H7MFFDSXY:3:1612:19190:24079	chr1	152352882	152352951	True	-295	70M	255	0	5	0.2233477383852005	ambig_opp_strand	unspliced	-1	12	.	.	.	mrna
A00839:75:H7MFFDSXY:3:1639:6705:35931	chr1	152356704	152356850	True	-147	147M	255	0	25	0.7170335054397583	ambig_opp_strand	unspliced	1437	12	RIGEL_NRNA_chr1_1_152335378_152364080		RIGEL_NRNA_chr1_1_152335378_152364080	nrna
A00839:75:H7MFFDSXY:3:1207:23104:12915	chr1	152355985	152356114	False	130	130M	255	0	3	0.7942305207252502	ambig_opp_strand	unspliced	1437	12	ENST00000388718.5	FLG2	ENSG00000143520.6	mrna
A00839:75:H7MFFDSXY:3:2511:12753:30436	chr1	152356378	152356527	True	-296	150M	255	0	5	0.226652592420578	ambig_opp_strand	unspliced	-1	12	.	.	.	mrna
A00839:75:H7MFFDSXY:3:1358:6144:23218	chr1	152355799	152355853	False	280	55M	3	0	128	0.0	.	unknown	-1	0	.	.	.	mrna
A00839:75:H7MFFDSXY:3:2275:7428:2237	chr1	152351251	152351400	True	-285	150M	255	0	25	0.7452908754348755	ambig_opp_strand	unspliced	1437	12	RIGEL_NRNA_chr1_1_152335378_152364080		RIGEL_NRNA_chr1_1_152335378_152364080	nrna
A00839:75:H7MFFDSXY:3:2176:25102:29152	chr1	152355334	152355483	False	331	150M	255	0	3	0.7622836828231812	ambig_opp_strand	unspliced	1437	12	ENST00000388718.5	FLG2	ENSG00000143520.6	mrna
A00839:75:H7MFFDSXY:3:2509:32741:23594	chr1	152353796	152353945	True	-395	150M	255	0	5	0.9340924024581909	ambig_opp_strand	unspliced	-1	12	.	.	.	mrna
A00839:75:H7MFFDSXY:3:1603:29089:21496	chr1	152354358	152354507	False	278	150M	255	0	3	0.8588874340057373	ambig_opp_strand	unspliced	1437	12	ENST00000388718.5	FLG2	ENSG00000143520.6	mrna
A00839:75:H7MFFDSXY:3:1352:23900:12571	chr1	152355279	152355428	False	264	150M	255	0	3	0.8675110340118408	ambig_opp_strand	unspliced	1437	12	ENST00000388718.5	FLG2	ENSG00000143520.6	mrna
A00839:75:H7MFFDSXY:3:2646:19660:2002	chr1	152356993	152357142	False	226	150M	255	0	3	0.8767408728599548	ambig_opp_strand	unspliced	1437	12	ENST00000388718.5	FLG2	ENSG00000143520.6	mrna
A00839:75:H7MFFDSXY:3:2601:6958:31422	chr1	152357105	152357254	False	437	150M	255	0	5	0.7750331163406372	ambig_opp_strand	unspliced	-1	12	.	.	.	mrna
A00839:75:H7MFFDSXY:3:2445:20202:27336	chr1	152356158	152356307	False	281	150M	255	0	3	0.8566231727600098	ambig_opp_strand	unspliced	1437	12	ENST00000388718.5	FLG2	ENSG00000143520.6	mrna
A00839:75:H7MFFDSXY:3:2414:27751:4022	chr1	152355382	152355523	False	823	142M	255	0	3	0.8437559604644775	ambig_opp_strand	unspliced	1437	12	ENST00000388718.5	FLG2	ENSG00000143520.6	mrna
A00839:75:H7MFFDSXY:3:1434:9091:19805	chr1	152353650	152353799	False	298	150M	255	0	25	0.09232060611248016	ambig_opp_strand	unspliced	1437	12	RIGEL_NRNA_chr1_2_152348734_152360006		RIGEL_NRNA_chr1_2_152348734_152360006	nrna
A00839:75:H7MFFDSXY:3:1536:3360:20306	chr1	152356605	152356754	False	288	150M	255	0	3	0.8517400026321411	ambig_opp_strand	unspliced	1437	12	ENST00000388718.5	FLG2	ENSG00000143520.6	mrna
A00839:75:H7MFFDSXY:3:2661:15121:27023	chr1	152353668	152353817	False	292	150M	255	0	3	0.8475087285041809	ambig_opp_strand	unspliced	1437	12	ENST00000388718.5	FLG2	ENSG00000143520.6	mrna
A00839:75:H7MFFDSXY:3:1309:18376:29559	chr1	152356651	152356800	True	-261	150M	255	0	25	0.7956955432891846	ambig_opp_strand	unspliced	1437	12	RIGEL_NRNA_chr1_1_152335378_152364080		RIGEL_NRNA_chr1_1_152335378_152364080	nrna
A00839:75:H7MFFDSXY:3:1277:3522:2769	chr1	152350557	152350706	False	216	150M	255	0	3	0.8769527673721313	ambig_opp_strand	unspliced	1437	12	ENST00000388718.5	FLG2	ENSG00000143520.6	mrna
A00839:75:H7MFFDSXY:3:2450:26133:13025	chr1	152353549	152353665	True	-348	117M	255	0	25	0.365469753742218	ambig_opp_strand	unspliced	1437	12	RIGEL_NRNA_chr1_1_152335378_152364080		RIGEL_NRNA_chr1_1_152335378_152364080	nrna
A00839:75:H7MFFDSXY:3:2476:16134:15154	chr1	152355285	152355434	False	247	150M	255	0	5	0.029654502868652344	ambig_opp_strand	unspliced	-1	12	.	.	.	mrna
A00839:75:H7MFFDSXY:3:2342:6777:24784	chr1	152358779	152358928	True	-240	150M	255	0	25	0.8209673166275024	ambig_opp_strand	unspliced	1437	12	RIGEL_NRNA_chr1_1_152335378_152364080		RIGEL_NRNA_chr1_1_152335378_152364080	nrna
A00839:75:H7MFFDSXY:3:1512:29378:11913	chr1	152353625	152353774	False	310	150M	255	0	3	0.8198214769363403	ambig_opp_strand	unspliced	1437	12	ENST00000388718.5	FLG2	ENSG00000143520.6	mrna
A00839:75:H7MFFDSXY:3:2234:15374:33411	chr1	152356796	152356945	True	-354	150M	255	0	5	0.6764689683914185	ambig_opp_strand	unspliced	-1	12	.	.	.	mrna
A00839:75:H7MFFDSXY:3:1576:20898:24189	chr1	152356378	152356476	False	99	99M	255	0	3	0.7605761885643005	ambig_opp_strand	unspliced	1437	12	ENST00000388718.5	FLG2	ENSG00000143520.6	mrna
A00839:75:H7MFFDSXY:3:2437:5294:1047	chr1	152352000	152352149	True	-217	150M	255	0	25	0.06581630557775497	ambig_opp_strand	unspliced	1437	12	RIGEL_NRNA_chr1_1_152189332_152365557		RIGEL_NRNA_chr1_1_152189332_152365557	nrna
A00839:75:H7MFFDSXY:3:2129:13937:9220	chr1	152354264	152354413	True	-273	150M	255	0	25	0.7733746767044067	ambig_opp_strand	unspliced	1437	12	RIGEL_NRNA_chr1_1_152335378_152364080		RIGEL_NRNA_chr1_1_152335378_152364080	nrna
A00839:75:H7MFFDSXY:3:1414:6768:15906	chr1	152353857	152354006	True	-231	150M	255	0	5	0.10638206452131271	ambig_opp_strand	unspliced	-1	12	.	.	.	mrna
A00839:75:H7MFFDSXY:3:1659:28809:15217	chr1	152355169	152355318	True	-220	150M	255	0	25	0.8234251737594604	ambig_opp_strand	unspliced	1437	12	RIGEL_NRNA_chr1_1_152335378_152364080		RIGEL_NRNA_chr1_1_152335378_152364080	nrna
A00839:75:H7MFFDSXY:3:1163:30834:30405	chr1	152354210	152354359	True	-418	150M	255	0	5	0.9383252263069153	ambig_opp_strand	unspliced	-1	12	.	.	.	mrna
A00839:75:H7MFFDSXY:3:1409:26160:18490	chr1	152353938	152354087	False	281	150M	255	0	3	0.8566231727600098	ambig_opp_strand	unspliced	1437	12	ENST00000388718.5	FLG2	ENSG00000143520.6	mrna
A00839:75:H7MFFDSXY:3:2420:19840:17628	chr1	152353989	152354138	False	293	150M	255	0	3	0.84641432762146	ambig_opp_strand	unspliced	1437	12	ENST00000388718.5	FLG2	ENSG00000143520.6	mrna
A00839:75:H7MFFDSXY:3:1111:8793:1595	chr1	152350832	152350886	False	280	55M	255	0	3	0.8578622341156006	ambig_opp_strand	unspliced	1437	12	ENST00000388718.5	FLG2	ENSG00000143520.6	mrna
A00839:75:H7MFFDSXY:3:2527:27977:4664	chr1	152351541	152351690	False	238	150M	255	0	3	0.8759592771530151	ambig_opp_strand	unspliced	1437	12	ENST00000388718.5	FLG2	ENSG00000143520.6	mrna
A00839:75:H7MFFDSXY:3:1475:27950:34428	chr1	152357335	152357484	True	-188	150M	255	1	25	0.8103480339050293	ambig_opp_strand	unspliced	1437	12	RIGEL_NRNA_chr1_1_152335378_152364080		RIGEL_NRNA_chr1_1_152335378_152364080	nrna
A00839:75:H7MFFDSXY:3:2461:23059:23923	chr1	152354320	152354469	True	-284	150M	255	0	5	0.18673381209373474	ambig_opp_strand	unspliced	-1	12	.	.	.	mrna
A00839:75:H7MFFDSXY:3:2507:30825:2832	chr1	152355463	152356068	True	-665	27M456N123M	255	0	25	0.9189491868019104	ambig_opp_strand	spliced_unannot	1437	11	RIGEL_NRNA_chr1_1_152335378_152364080		RIGEL_NRNA_chr1_1_152335378_152364080	nrna
A00839:75:H7MFFDSXY:3:1117:30888:32690	chr1	152356048	152356197	False	197	150M	255	0	3	0.875155508518219	ambig_opp_strand	unspliced	1437	12	ENST00000388718.5	FLG2	ENSG00000143520.6	mrna
A00839:75:H7MFFDSXY:3:2467:10402:31501	chr1	152353812	152353961	True	-212	150M	255	0	25	0.822891354560852	ambig_opp_strand	unspliced	1437	12	RIGEL_NRNA_chr1_1_152335378_152364080		RIGEL_NRNA_chr1_1_152335378_152364080	nrna
A00839:75:H7MFFDSXY:3:2649:15248:19476	chr1	152355275	152355424	False	468	150M	255	0	5	0.7797767519950867	ambig_opp_strand	unspliced	-1	12	.	.	.	mrna
A00839:75:H7MFFDSXY:3:2345:28212:4445	chr1	152357326	152357475	True	-309	150M	255	1	25	0.649450421333313	ambig_opp_strand	unspliced	1437	12	RIGEL_NRNA_chr1_1_152335378_152364080		RIGEL_NRNA_chr1_1_152335378_152364080	nrna
A00839:75:H7MFFDSXY:3:1109:18340:33567	chr1	152356580	152356729	True	-320	150M	255	1	25	0.5911386609077454	ambig_opp_strand	unspliced	1437	12	RIGEL_NRNA_chr1_1_152335378_152364080		RIGEL_NRNA_chr1_1_152335378_152364080	nrna
A00839:75:H7MFFDSXY:3:1343:2148:28260	chr1	152355411	152355516	False	787	106M	255	0	3	0.8560008406639099	ambig_opp_strand	unspliced	1437	12	ENST00000388718.5	FLG2	ENSG00000143520.6	mrna
A00839:75:H7MFFDSXY:3:1647:12780:33833	chr1	152352874	152353023	False	330	150M	255	0	3	0.767073392868042	ambig_opp_strand	unspliced	1437	12	ENST00000388718.5	FLG2	ENSG00000143520.6	mrna
A00839:75:H7MFFDSXY:3:1361:15537:12242	chr1	152357208	152357328	False	272	29S121M	255	4	3	0.7295249104499817	ambig_opp_strand	spliced_implicit	1437	11	ENST00000388718.5	FLG2	ENSG00000143520.6	mrna
A00839:75:H7MFFDSXY:3:2102:12626:34256	chr1	152351494	152351643	False	200	150M	255	0	3	0.8756551742553711	ambig_opp_strand	unspliced	1437	12	ENST00000388718.5	FLG2	ENSG00000143520.6	mrna
A00839:75:H7MFFDSXY:3:1170:16821:4194	chr1	152351055	152351204	True	-408	150M	255	0	5	0.9367938041687012	ambig_opp_strand	unspliced	-1	12	.	.	.	mrna
A00839:75:H7MFFDSXY:3:1434:20238:33129	chr1	152353183	152353332	True	-295	150M	255	0	25	0.713703989982605	ambig_opp_strand	unspliced	1437	12	RIGEL_NRNA_chr1_1_152335378_152364080		RIGEL_NRNA_chr1_1_152335378_152364080	nrna
A00839:75:H7MFFDSXY:3:1608:6162:15890	chr1	152356536	152356685	True	-406	150M	255	1	5	0.9361510276794434	ambig_opp_strand	unspliced	-1	12	.	.	.	mrna
A00839:75:H7MFFDSXY:3:2632:7979:20854	chr1	152355272	152355421	True	-319	150M	255	0	5	0.3525165319442749	ambig_opp_strand	unspliced	-1	12	.	.	.	mrna
A00839:75:H7MFFDSXY:3:2304:10257:32565	chr1	152354867	152354977	False	342	111M	255	0	5	0.21516110002994537	ambig_opp_strand	unspliced	-1	12	.	.	.	mrna
A00839:75:H7MFFDSXY:3:1162:29523:20087	chr1	152356490	152356639	True	-364	150M	255	3	5	0.7669575810432434	ambig_opp_strand	unspliced	-1	12	.	.	.	mrna
A00839:75:H7MFFDSXY:3:2445:9173:6950	chr1	152350941	152351088	False	374	148M2S	255	0	3	0.3724389374256134	ambig_opp_strand	unspliced	1437	12	ENST00000388718.5	FLG2	ENSG00000143520.6	mrna
A00839:75:H7MFFDSXY:3:1410:6307:12101	chr1	152353608	152353727	True	-351	120M	255	0	5	0.639532208442688	ambig_opp_strand	unspliced	-1	12	.	.	.	mrna
A00839:75:H7MFFDSXY:3:1232:21703:33473	chr1	152352690	152352839	False	425	150M	255	0	5	0.7418418526649475	ambig_opp_strand	unspliced	-1	12	.	.	.	mrna
A00839:75:H7MFFDSXY:3:1440:27905:24298	chr1	152353426	152353575	True	-191	150M	255	0	5	0.1167239099740982	ambig_opp_strand	unspliced	-1	12	.	.	.	mrna
A00839:75:H7MFFDSXY:3:1225:27534:21371	chr1	152351792	152351941	False	283	150M	255	0	3	0.8552069067955017	ambig_opp_strand	unspliced	1437	12	ENST00000388718.5	FLG2	ENSG00000143520.6	mrna
A00839:75:H7MFFDSXY:3:1662:14353:26882	chr1	152354047	152354196	False	270	150M	255	0	3	0.8641307950019836	ambig_opp_strand	unspliced	1437	12	ENST00000388718.5	FLG2	ENSG00000143520.6	mrna
A00839:75:H7MFFDSXY:3:1578:4833:5165	chr1	152356018	152356167	True	-395	150M	3	1	128	0.0	.	unknown	-1	0	.	.	.	mrna
A00839:75:H7MFFDSXY:3:1357:5367:15546	chr1	152353885	152354034	True	-209	150M	255	0	25	0.8222047686576843	ambig_opp_strand	unspliced	1437	12	RIGEL_NRNA_chr1_1_152335378_152364080		RIGEL_NRNA_chr1_1_152335378_152364080	nrna
A00839:75:H7MFFDSXY:3:2544:13630:2519	chr1	152357204	152357353	True	-414	150M	255	4	5	0.9362705945968628	ambig_opp_strand	unspliced	-1	12	.	.	.	mrna
A00839:75:H7MFFDSXY:3:1430:13955:26537	chr1	152357291	152357440	False	414	150M	255	1	5	0.9721604585647583	ambig_opp_strand	unspliced	-1	12	.	.	.	mrna
A00839:75:H7MFFDSXY:3:1247:20338:28761	chr1	152354523	152354672	True	-443	150M	255	0	5	0.9468745589256287	ambig_opp_strand	unspliced	-1	12	.	.	.	mrna
A00839:75:H7MFFDSXY:3:2411:2844:18004	chr1	152353009	152353158	True	-429	150M	255	0	25	0.06381453573703766	ambig_opp_strand	unspliced	1437	12	RIGEL_NRNA_chr1_1_152335378_152364080		RIGEL_NRNA_chr1_1_152335378_152364080	nrna
A00839:75:H7MFFDSXY:3:1436:17183:21167	chr1	152356337	152356486	False	389	150M	255	0	3	0.20880044996738434	ambig_opp_strand	unspliced	1437	12	ENST00000388718.5	FLG2	ENSG00000143520.6	mrna
A00839:75:H7MFFDSXY:3:2260:6135:31563	chr1	152358695	152358844	False	264	150M	255	0	25	0.7196031808853149	ambig_opp_strand	unspliced	1437	12	RIGEL_NRNA_chr1_2_152348734_152360006		RIGEL_NRNA_chr1_2_152348734_152360006	nrna
A00839:75:H7MFFDSXY:3:2243:26684:32299	chr1	152356277	152356355	True	-382	79M	255	0	5	0.9088407158851624	ambig_opp_strand	unspliced	-1	12	.	.	.	mrna
A00839:75:H7MFFDSXY:3:1143:22272:27759	chr1	152353595	152353732	False	138	138M	255	0	5	0.08284227550029755	ambig_opp_strand	unspliced	-1	12	.	.	.	mrna
A00839:75:H7MFFDSXY:3:2207:15727:16642	chr1	152352502	152352651	False	466	150M	255	0	5	0.7814500331878662	ambig_opp_strand	unspliced	-1	12	.	.	.	mrna
A00839:75:H7MFFDSXY:3:1229:27760:16689	chr1	152352038	152352187	False	235	150M	255	0	3	0.8759925961494446	ambig_opp_strand	unspliced	1437	12	ENST00000388718.5	FLG2	ENSG00000143520.6	mrna
A00839:75:H7MFFDSXY:3:2106:27814:30561	chr1	152356564	152356713	False	288	150M	255	0	3	0.8517400026321411	ambig_opp_strand	unspliced	1437	12	ENST00000388718.5	FLG2	ENSG00000143520.6	mrna
A00839:75:H7MFFDSXY:3:2361:22697:17628	chr1	152350710	152350859	False	383	150M	255	0	5	0.7054384350776672	ambig_opp_strand	unspliced	-1	12	.	.	.	mrna
A00839:75:H7MFFDSXY:3:2218:5810:12774	chr1	152352383	152352532	False	307	150M	255	0	3	0.8251179456710815	ambig_opp_strand	unspliced	1437	12	ENST00000388718.5	FLG2	ENSG00000143520.6	mrna
A00839:75:H7MFFDSXY:3:2356:20076:7263	chr1	152356280	152356429	False	310	150M	255	1	3	0.8198214769363403	ambig_opp_strand	unspliced	1437	12	ENST00000388718.5	FLG2	ENSG00000143520.6	mrna
A00839:75:H7MFFDSXY:3:1537:15926:17519	chr1	152353501	152353650	True	-485	150M	255	0	5	0.9301494359970093	ambig_opp_strand	unspliced	-1	12	.	.	.	mrna
A00839:75:H7MFFDSXY:3:2529:24460:22748	chr1	152351662	152351811	True	-270	150M	255	0	25	0.7786889672279358	ambig_opp_strand	unspliced	1437	12	RIGEL_NRNA_chr1_1_152335378_152364080		RIGEL_NRNA_chr1_1_152335378_152364080	nrna
A00839:75:H7MFFDSXY:3:2572:26069:33051	chr1	152356531	152356680	True	-492	150M	255	0	5	0.9279060363769531	ambig_opp_strand	unspliced	-1	12	.	.	.	mrna
A00839:75:H7MFFDSXY:3:2156:26395:13354	chr1	152356268	152356417	False	243	150M	255	0	3	0.8748449087142944	ambig_opp_strand	unspliced	1437	12	ENST00000388718.5	FLG2	ENSG00000143520.6	mrna
A00839:75:H7MFFDSXY:3:2424:1398:24079	chr1	152351229	152351378	True	-305	150M	255	0	5	0.2678965628147125	ambig_opp_strand	unspliced	-1	12	.	.	.	mrna
A00839:75:H7MFFDSXY:3:1658:21169:13416	chr1	152355383	152355532	False	260	150M	255	0	3	0.8692232370376587	ambig_opp_strand	unspliced	1437	12	ENST00000388718.5	FLG2	ENSG00000143520.6	mrna
A00839:75:H7MFFDSXY:3:2119:24189:2519	chr1	152351544	152351693	True	-426	150M	255	0	5	0.9341408610343933	ambig_opp_strand	unspliced	-1	12	.	.	.	mrna
A00839:75:H7MFFDSXY:3:2241:6551:29058	chr1	152352746	152352882	True	-137	137M	255	0	25	0.6514565944671631	ambig_opp_strand	unspliced	1437	12	RIGEL_NRNA_chr1_1_152335378_152364080		RIGEL_NRNA_chr1_1_152335378_152364080	nrna
A00839:75:H7MFFDSXY:3:1352:25301:35321	chr1	152354515	152354664	False	423	150M	255	0	5	0.7746952176094055	ambig_opp_strand	unspliced	-1	12	.	.	.	mrna
A00839:75:H7MFFDSXY:3:2542:25852:4241	chr1	152356693	152356842	False	285	150M	255	0	3	0.8539189100265503	ambig_opp_strand	unspliced	1437	12	ENST00000388718.5	FLG2	ENSG00000143520.6	mrna
A00839:75:H7MFFDSXY:3:1159:8178:21136	chr1	152356492	152356641	True	-232	150M	255	0	25	0.8219346404075623	ambig_opp_strand	unspliced	1437	12	RIGEL_NRNA_chr1_1_152335378_152364080		RIGEL_NRNA_chr1_1_152335378_152364080	nrna
A00839:75:H7MFFDSXY:3:1641:31955:33692	chr1	152355732	152355881	True	-311	150M	255	1	25	0.6406136155128479	ambig_opp_strand	unspliced	1437	12	RIGEL_NRNA_chr1_1_152335378_152364080		RIGEL_NRNA_chr1_1_152335378_152364080	nrna
A00839:75:H7MFFDSXY:3:2363:26178:30577	chr1	152354160	152354309	False	543	150M	255	0	5	0.6285322904586792	ambig_opp_strand	unspliced	-1	12	.	.	.	mrna
A00839:75:H7MFFDSXY:3:1226:10059:5635	chr1	152352858	152353007	True	-180	150M	255	0	25	0.8034072518348694	ambig_opp_strand	unspliced	1437	12	RIGEL_NRNA_chr1_1_152335378_152364080		RIGEL_NRNA_chr1_1_152335378_152364080	nrna
A00839:75:H7MFFDSXY:3:1207:32533:30561	chr1	152356665	152356814	True	-425	150M	255	0	5	0.9241845011711121	ambig_opp_strand	unspliced	-1	12	.	.	.	mrna
A00839:75:H7MFFDSXY:3:2165:32551:34287	chr1	152356471	152356620	True	-305	150M	255	0	5	0.2678965628147125	ambig_opp_strand	unspliced	-1	12	.	.	.	mrna
A00839:75:H7MFFDSXY:3:1306:22715:21512	chr1	152353028	152353046	True	-139	19M131S	255	0	5	0.9281687140464783	ambig_opp_strand	unspliced	-1	12	.	.	.	mrna
A00839:75:H7MFFDSXY:3:1451:17969:19711	chr1	152357238	152357387	False	366	150M	255	0	3	0.47857147455215454	ambig_opp_strand	unspliced	1437	12	ENST00000388718.5	FLG2	ENSG00000143520.6	mrna
A00839:75:H7MFFDSXY:3:2301:32958:8093	chr1	152358845	152358994	True	-284	150M	255	0	25	0.7490988373756409	ambig_opp_strand	unspliced	1437	12	RIGEL_NRNA_chr1_1_152335378_152364080		RIGEL_NRNA_chr1_1_152335378_152364080	nrna
A00839:75:H7MFFDSXY:3:2405:8558:14935	chr1	152353533	152353682	False	315	150M	255	0	3	0.8099505305290222	ambig_opp_strand	unspliced	1437	12	ENST00000388718.5	FLG2	ENSG00000143520.6	mrna
A00839:75:H7MFFDSXY:3:2259:10773:23594	chr1	152351177	152351326	False	400	150M	255	1	3	0.21783143281936646	ambig_opp_strand	unspliced	1437	12	ENST00000388718.5	FLG2	ENSG00000143520.6	mrna
A00839:75:H7MFFDSXY:3:1477:19271:35712	chr1	152351802	152351951	False	451	150M	255	0	5	0.774223804473877	ambig_opp_strand	unspliced	-1	12	.	.	.	mrna
A00839:75:H7MFFDSXY:3:2248:9652:31391	chr1	152351550	152351654	True	-330	105M	255	0	5	0.4251742660999298	ambig_opp_strand	unspliced	-1	12	.	.	.	mrna
A00839:75:H7MFFDSXY:3:2547:22715:19789	chr1	152354129	152354278	False	298	150M	255	0	25	0.09232060611248016	ambig_opp_strand	unspliced	1437	12	RIGEL_NRNA_chr1_2_152348734_152360006		RIGEL_NRNA_chr1_2_152348734_152360006	nrna
A00839:75:H7MFFDSXY:3:1373:19081:5447	chr1	152352494	152352600	False	332	107M	255	0	3	0.757500410079956	ambig_opp_strand	unspliced	1437	12	ENST00000388718.5	FLG2	ENSG00000143520.6	mrna
A00839:75:H7MFFDSXY:3:2441:8531:36652	chr1	152351741	152351842	True	-327	102M	255	0	25	0.5466032028198242	ambig_opp_strand	unspliced	1437	12	RIGEL_NRNA_chr1_1_152335378_152364080		RIGEL_NRNA_chr1_1_152335378_152364080	nrna
A00839:75:H7MFFDSXY:3:2678:18602:26663	chr1	152357245	152357394	True	-268	150M	255	0	25	0.7825422286987305	ambig_opp_strand	unspliced	1437	12	RIGEL_NRNA_chr1_1_152335378_152364080		RIGEL_NRNA_chr1_1_152335378_152364080	nrna
A00839:75:H7MFFDSXY:3:1619:20907:6167	chr1	152351279	152351428	True	-281	150M	255	0	25	0.7539288401603699	ambig_opp_strand	unspliced	1437	12	RIGEL_NRNA_chr1_1_152335378_152364080		RIGEL_NRNA_chr1_1_152335378_152364080	nrna
A00839:75:H7MFFDSXY:3:1172:22589:5478	chr1	152352624	152352773	False	403	150M	255	0	5	0.7691531777381897	ambig_opp_strand	unspliced	-1	12	.	.	.	mrna
A00839:75:H7MFFDSXY:3:1423:11641:31266	chr1	152352416	152352565	True	-346	150M	255	0	25	0.38176587224006653	ambig_opp_strand	unspliced	1437	12	RIGEL_NRNA_chr1_1_152335378_152364080		RIGEL_NRNA_chr1_1_152335378_152364080	nrna
A00839:75:H7MFFDSXY:3:2111:4815:12931	chr1	152356723	152356872	False	418	150M	255	0	5	0.7819686532020569	ambig_opp_strand	unspliced	-1	12	.	.	.	mrna
A00839:75:H7MFFDSXY:3:1176:28800:21746	chr1	152353160	152353309	False	229	150M	255	0	3	0.8763826489448547	ambig_opp_strand	unspliced	1437	12	ENST00000388718.5	FLG2	ENSG00000143520.6	mrna
A00839:75:H7MFFDSXY:3:1275:18304:31688	chr1	152353820	152353969	False	394	150M	255	0	5	0.7523097991943359	ambig_opp_strand	unspliced	-1	12	.	.	.	mrna
A00839:75:H7MFFDSXY:3:2308:22878:24361	chr1	152356115	152356264	False	440	150M	255	0	5	0.7578451037406921	ambig_opp_strand	unspliced	-1	12	.	.	.	mrna
A00839:75:H7MFFDSXY:3:1436:31864:30405	chr1	152351049	152351198	False	323	150M	255	0	3	0.7879531979560852	ambig_opp_strand	unspliced	1437	12	ENST00000388718.5	FLG2	ENSG00000143520.6	mrna
A00839:75:H7MFFDSXY:3:1465:24071:10175	chr1	152354467	152354616	True	-253	150M	255	0	25	0.80689537525177	ambig_opp_strand	unspliced	1437	12	RIGEL_NRNA_chr1_1_152335378_152364080		RIGEL_NRNA_chr1_1_152335378_152364080	nrna
A00839:75:H7MFFDSXY:3:1125:16134:21480	chr1	152353881	152354030	False	181	150M	255	1	3	0.8707773089408875	ambig_opp_strand	unspliced	1437	12	ENST00000388718.5	FLG2	ENSG00000143520.6	mrna
A00839:75:H7MFFDSXY:3:1678:9480:6386	chr1	152356052	152356201	False	280	150M	255	0	3	0.8578622341156006	ambig_opp_strand	unspliced	1437	12	ENST00000388718.5	FLG2	ENSG00000143520.6	mrna
A00839:75:H7MFFDSXY:3:2670:6912:32784	chr1	152354296	152354445	True	-153	150M	255	0	25	0.738935112953186	ambig_opp_strand	unspliced	1437	12	RIGEL_NRNA_chr1_1_152335378_152364080		RIGEL_NRNA_chr1_1_152335378_152364080	nrna
A00839:75:H7MFFDSXY:3:2669:4842:10504	chr1	152351104	152351253	True	-234	150M	255	0	25	0.8202083706855774	ambig_opp_strand	unspliced	1437	12	RIGEL_NRNA_chr1_1_152335378_152364080		RIGEL_NRNA_chr1_1_152335378_152364080	nrna
A00839:75:H7MFFDSXY:3:2206:15112:9377	chr1	152357066	152357215	True	-341	150M	255	0	25	0.42825618386268616	ambig_opp_strand	unspliced	1437	12	RIGEL_NRNA_chr1_1_152335378_152364080		RIGEL_NRNA_chr1_1_152335378_152364080	nrna
A00839:75:H7MFFDSXY:3:2246:20528:4131	chr1	152357042	152357191	False	334	150M	255	0	3	0.7501073479652405	ambig_opp_strand	unspliced	1437	12	ENST00000388718.5	FLG2	ENSG00000143520.6	mrna
A00839:75:H7MFFDSXY:3:2475:8495:36370	chr1	152351717	152351866	False	306	150M	255	0	3	0.8270359039306641	ambig_opp_strand	unspliced	1437	12	ENST00000388718.5	FLG2	ENSG00000143520.6	mrna
A00839:75:H7MFFDSXY:3:2244:13322:22467	chr1	152356777	152356926	True	-268	150M	255	0	25	0.7825422286987305	ambig_opp_strand	unspliced	1437	12	RIGEL_NRNA_chr1_1_152335378_152364080		RIGEL_NRNA_chr1_1_152335378_152364080	nrna
A00839:75:H7MFFDSXY:3:1229:29206:3724	chr1	152351425	152351574	False	211	150M	255	0	3	0.8766130805015564	ambig_opp_strand	unspliced	1437	12	ENST00000388718.5	FLG2	ENSG00000143520.6	mrna
A00839:75:H7MFFDSXY:3:1210:25391:27054	chr1	152356713	152356837	False	125	125M	255	0	3	0.7839279770851135	ambig_opp_strand	unspliced	1437	12	ENST00000388718.5	FLG2	ENSG00000143520.6	mrna
A00839:75:H7MFFDSXY:3:1475:4779:16720	chr1	152353379	152353435	False	288	57M	255	0	3	0.8517400026321411	ambig_opp_strand	unspliced	1437	12	ENST00000388718.5	FLG2	ENSG00000143520.6	mrna
A00839:75:H7MFFDSXY:3:2152:24261:19586	chr1	152352114	152352263	True	-172	150M	255	0	25	0.7901570200920105	ambig_opp_strand	unspliced	1437	12	RIGEL_NRNA_chr1_1_152335378_152364080		RIGEL_NRNA_chr1_1_152335378_152364080	nrna
A00839:75:H7MFFDSXY:3:1472:13530:27837	chr1	152356367	152356516	False	333	150M	255	0	5	0.1648334413766861	ambig_opp_strand	unspliced	-1	12	.	.	.	mrna
A00839:75:H7MFFDSXY:3:1463:6307:28698	chr1	152350434	152350583	False	304	150M	255	0	3	0.8305461406707764	ambig_opp_strand	unspliced	1437	12	ENST00000388718.5	FLG2	ENSG00000143520.6	mrna
A00839:75:H7MFFDSXY:3:1329:15049:22983	chr1	152353112	152353261	True	-190	150M	255	0	25	0.8118630051612854	ambig_opp_strand	unspliced	1437	12	RIGEL_NRNA_chr1_1_152335378_152364080		RIGEL_NRNA_chr1_1_152335378_152364080	nrna
A00839:75:H7MFFDSXY:3:2472:8350:23030	chr1	152350339	152350488	False	381	150M	255	0	5	0.6684404015541077	ambig_opp_strand	unspliced	-1	12	.	.	.	mrna
A00839:75:H7MFFDSXY:3:1641:8666:8046	chr1	152351508	152351657	True	-494	150M	255	0	5	0.9282531142234802	ambig_opp_strand	unspliced	-1	12	.	.	.	mrna
A00839:75:H7MFFDSXY:3:2410:4083:10504	chr1	152356736	152356885	False	386	150M	255	0	5	0.7260950803756714	ambig_opp_strand	unspliced	-1	12	.	.	.	mrna
A00839:75:H7MFFDSXY:3:1554:17155:30107	chr1	152350836	152350985	False	215	150M	255	0	3	0.8770505785942078	ambig_opp_strand	unspliced	1437	12	ENST00000388718.5	FLG2	ENSG00000143520.6	mrna
A00839:75:H7MFFDSXY:3:2434:28673:1266	chr1	152356478	152356627	False	380	150M	255	1	5	0.661480724811554	ambig_opp_strand	unspliced	-1	12	.	.	.	mrna
A00839:75:H7MFFDSXY:3:2572:5376:26083	chr1	152353454	152353603	True	-333	150M	255	0	5	0.45570412278175354	ambig_opp_strand	unspliced	-1	12	.	.	.	mrna
A00839:75:H7MFFDSXY:3:1667:32244:29716	chr1	152354307	152354452	False	146	146M	255	0	3	0.8409923911094666	ambig_opp_strand	unspliced	1437	12	ENST00000388718.5	FLG2	ENSG00000143520.6	mrna
A00839:75:H7MFFDSXY:3:1312:20591:29011	chr1	152350773	152350922	True	-261	150M	255	0	25	0.7956955432891846	ambig_opp_strand	unspliced	1437	12	RIGEL_NRNA_chr1_1_152335378_152364080		RIGEL_NRNA_chr1_1_152335378_152364080	nrna
A00839:75:H7MFFDSXY:3:1442:13792:24064	chr1	152355350	152355499	False	260	150M	255	0	3	0.8692231774330139	ambig_opp_strand	unspliced	1437	12	ENST00000388718.5	FLG2	ENSG00000143520.6	mrna
A00839:75:H7MFFDSXY:3:1627:27932:9095	chr1	152356675	152356824	False	374	150M	255	0	5	0.5865570306777954	ambig_opp_strand	unspliced	-1	12	.	.	.	mrna
A00839:75:H7MFFDSXY:3:1127:1949:31704	chr1	152354479	152354564	True	-317	86M	255	0	25	0.6091583371162415	ambig_opp_strand	unspliced	1437	12	RIGEL_NRNA_chr1_1_152335378_152364080		RIGEL_NRNA_chr1_1_152335378_152364080	nrna
A00839:75:H7MFFDSXY:3:1217:15221:15953	chr1	152352856	152353005	False	419	150M	255	0	3	0.1996808648109436	ambig_opp_strand	unspliced	1437	12	ENST00000388718.5	FLG2	ENSG00000143520.6	mrna
A00839:75:H7MFFDSXY:3:1402:23556:3991	chr1	152356677	152356826	True	-421	150M	255	0	5	0.9397542476654053	ambig_opp_strand	unspliced	-1	12	.	.	.	mrna
A00839:75:H7MFFDSXY:3:1240:22643:21574	chr1	152352311	152352459	True	-191	149M1S	255	1	25	0.8116858601570129	ambig_opp_strand	unspliced	1437	12	RIGEL_NRNA_chr1_1_152335378_152364080		RIGEL_NRNA_chr1_1_152335378_152364080	nrna
A00839:75:H7MFFDSXY:3:2644:6506:36432	chr1	152358584	152358733	False	278	150M	255	0	25	0.668910801410675	ambig_opp_strand	unspliced	1437	12	RIGEL_NRNA_chr1_2_152348734_152360006		RIGEL_NRNA_chr1_2_152348734_152360006	nrna
A00839:75:H7MFFDSXY:3:1146:29053:30514	chr1	152356384	152356533	False	303	150M	255	0	3	0.8325434923171997	ambig_opp_strand	unspliced	1437	12	ENST00000388718.5	FLG2	ENSG00000143520.6	mrna
A00839:75:H7MFFDSXY:3:1154:26865:36965	chr1	152356586	152356735	False	379	150M	255	0	3	0.30901238322257996	ambig_opp_strand	unspliced	1437	12	ENST00000388718.5	FLG2	ENSG00000143520.6	mrna
A00839:75:H7MFFDSXY:3:1114:25925:2425	chr1	152355691	152355840	True	-246	150M	255	0	25	0.814649760723114	ambig_opp_strand	unspliced	1437	12	RIGEL_NRNA_chr1_1_152335378_152364080		RIGEL_NRNA_chr1_1_152335378_152364080	nrna
A00839:75:H7MFFDSXY:3:2440:13874:4038	chr1	152352250	152352321	False	303	72M	255	0	3	0.8325434923171997	ambig_opp_strand	unspliced	1437	12	ENST00000388718.5	FLG2	ENSG00000143520.6	mrna
A00839:75:H7MFFDSXY:3:1649:5050:30185	chr1	152356998	152357147	False	397	150M	255	0	5	0.7643638253211975	ambig_opp_strand	unspliced	-1	12	.	.	.	mrna
A00839:75:H7MFFDSXY:3:2532:30364:19601	chr1	152357384	152357533	True	-338	150M	255	0	5	0.49830693006515503	ambig_opp_strand	unspliced	-1	12	.	.	.	mrna
A00839:75:H7MFFDSXY:3:1368:2727:21590	chr1	152356315	152356464	True	-386	150M	255	0	5	0.9183356761932373	ambig_opp_strand	unspliced	-1	12	.	.	.	mrna
A00839:75:H7MFFDSXY:3:2548:24099:13072	chr1	152356602	152356751	True	-225	150M	255	0	25	0.8238463997840881	ambig_opp_strand	unspliced	1437	12	RIGEL_NRNA_chr1_1_152335378_152364080		RIGEL_NRNA_chr1_1_152335378_152364080	nrna
A00839:75:H7MFFDSXY:3:2151:31277:34554	chr1	152356757	152356906	False	410	150M	255	0	5	0.7620163559913635	ambig_opp_strand	unspliced	-1	12	.	.	.	mrna
A00839:75:H7MFFDSXY:3:2463:24026:4272	chr1	152351587	152351736	True	-191	150M	255	0	25	0.8116859197616577	ambig_opp_strand	unspliced	1437	12	RIGEL_NRNA_chr1_1_152335378_152364080		RIGEL_NRNA_chr1_1_152335378_152364080	nrna
A00839:75:H7MFFDSXY:3:1602:30418:8077	chr1	152356251	152356400	True	-195	150M	255	0	25	0.8152078986167908	ambig_opp_strand	unspliced	1437	12	RIGEL_NRNA_chr1_1_152335378_152364080		RIGEL_NRNA_chr1_1_152335378_152364080	nrna
A00839:75:H7MFFDSXY:3:1331:9860:21574	chr1	152350957	152351106	False	278	150M	255	0	3	0.8588874340057373	ambig_opp_strand	unspliced	1437	12	ENST00000388718.5	FLG2	ENSG00000143520.6	mrna
A00839:75:H7MFFDSXY:3:2464:9028:27743	chr1	152350924	152351073	False	367	150M	255	0	5	0.4807887077331543	ambig_opp_strand	unspliced	-1	12	.	.	.	mrna
A00839:75:H7MFFDSXY:3:1443:25400:15890	chr1	152350695	152350844	False	450	150M	255	0	25	0.023350367322564125	ambig_opp_strand	unspliced	1437	12	RIGEL_NRNA_chr1_2_152348734_152360006		RIGEL_NRNA_chr1_2_152348734_152360006	nrna
A00839:75:H7MFFDSXY:3:1416:10908:28714	chr1	152354349	152354498	False	284	150M	255	0	3	0.8545677661895752	ambig_opp_strand	unspliced	1437	12	ENST00000388718.5	FLG2	ENSG00000143520.6	mrna
A00839:75:H7MFFDSXY:3:1668:15727:35243	chr1	152357620	152357769	True	-281	150M	255	1	25	0.7557083368301392	ambig_opp_strand	unspliced	1437	12	RIGEL_NRNA_chr1_1_152335378_152364080		RIGEL_NRNA_chr1_1_152335378_152364080	nrna
A00839:75:H7MFFDSXY:3:1551:3477:24392	chr1	152353632	152353781	False	267	150M	255	0	3	0.8655915260314941	ambig_opp_strand	unspliced	1437	12	ENST00000388718.5	FLG2	ENSG00000143520.6	mrna
A00839:75:H7MFFDSXY:3:2547:8549:2581	chr1	152353621	152353770	True	-276	150M	255	1	25	0.7656790018081665	ambig_opp_strand	unspliced	1437	12	RIGEL_NRNA_chr1_1_152335378_152364080		RIGEL_NRNA_chr1_1_152335378_152364080	nrna
A00839:75:H7MFFDSXY:3:1265:11803:2206	chr1	152356561	152356710	False	204	150M	255	0	3	0.8762832880020142	ambig_opp_strand	unspliced	1437	12	ENST00000388718.5	FLG2	ENSG00000143520.6	mrna
A00839:75:H7MFFDSXY:3:2631:26078:10050	chr1	152351892	152351941	False	275	50M	255	0	5	0.04451649263501167	ambig_opp_strand	unspliced	-1	12	.	.	.	mrna
A00839:75:H7MFFDSXY:3:1552:32063:14278	chr1	152354853	152354899	True	-278	47M	255	0	25	0.761273980140686	ambig_opp_strand	unspliced	1437	12	RIGEL_NRNA_chr1_1_152335378_152364080		RIGEL_NRNA_chr1_1_152335378_152364080	nrna
A00839:75:H7MFFDSXY:3:2374:23077:3255	chr1	152351309	152351458	True	-472	150M	255	0	5	0.922770619392395	ambig_opp_strand	unspliced	-1	12	.	.	.	mrna
A00839:75:H7MFFDSXY:3:2363:11731:32236	chr1	152356582	152356731	False	166	150M	255	0	3	0.864189863204956	ambig_opp_strand	unspliced	1437	12	ENST00000388718.5	FLG2	ENSG00000143520.6	mrna
A00839:75:H7MFFDSXY:3:1544:26268:17456	chr1	152351227	152351371	False	336	145M	255	0	3	0.7415010929107666	ambig_opp_strand	unspliced	1437	12	ENST00000388718.5	FLG2	ENSG00000143520.6	mrna
A00839:75:H7MFFDSXY:3:1467:28113:16016	chr1	152354878	152355027	True	-219	150M	255	0	25	0.8242809176445007	ambig_opp_strand	unspliced	1437	12	RIGEL_NRNA_chr1_1_152335378_152364080		RIGEL_NRNA_chr1_1_152335378_152364080	nrna
A00839:75:H7MFFDSXY:3:2519:17852:36605	chr1	152356504	152356653	False	303	150M	255	0	3	0.8325434923171997	ambig_opp_strand	unspliced	1437	12	ENST00000388718.5	FLG2	ENSG00000143520.6	mrna
A00839:75:H7MFFDSXY:3:2256:13901:23750	chr1	152356601	152356750	True	-239	150M	255	0	25	0.06541140377521515	ambig_opp_strand	unspliced	1437	12	RIGEL_NRNA_chr1_1_152189332_152365557		RIGEL_NRNA_chr1_1_152189332_152365557	nrna
A00839:75:H7MFFDSXY:3:1477:26178:6120	chr1	152350868	152350971	False	329	104M	255	0	3	0.7693861126899719	ambig_opp_strand	unspliced	1437	12	ENST00000388718.5	FLG2	ENSG00000143520.6	mrna
A00839:75:H7MFFDSXY:3:1349:12337:29810	chr1	152356702	152356851	False	388	150M	255	0	5	0.7487135529518127	ambig_opp_strand	unspliced	-1	12	.	.	.	mrna
A00839:75:H7MFFDSXY:3:1266:4282:32800	chr1	152356026	152356175	True	-230	150M	255	0	25	0.8231573700904846	ambig_opp_strand	unspliced	1437	12	RIGEL_NRNA_chr1_1_152335378_152364080		RIGEL_NRNA_chr1_1_152335378_152364080	nrna
A00839:75:H7MFFDSXY:3:1445:4842:26631	chr1	152353027	152353176	True	-235	150M	255	0	25	0.8203124403953552	ambig_opp_strand	unspliced	1437	12	RIGEL_NRNA_chr1_1_152335378_152364080		RIGEL_NRNA_chr1_1_152335378_152364080	nrna
A00839:75:H7MFFDSXY:3:2137:32172:3912	chr1	152354784	152354933	False	242	150M	255	0	3	0.8752695918083191	ambig_opp_strand	unspliced	1437	12	ENST00000388718.5	FLG2	ENSG00000143520.6	mrna
A00839:75:H7MFFDSXY:3:1603:19642:17033	chr1	152352000	152352151	True	-384	82M2D68M	255	2	5	0.9103489518165588	ambig_opp_strand	unspliced	-1	12	.	.	.	mrna
A00839:75:H7MFFDSXY:3:1466:7654:36730	chr1	152353346	152353495	True	-344	150M	255	0	25	0.39747002720832825	ambig_opp_strand	unspliced	1437	12	RIGEL_NRNA_chr1_1_152335378_152364080		RIGEL_NRNA_chr1_1_152335378_152364080	nrna
A00839:75:H7MFFDSXY:3:2668:21423:8249	chr1	152353122	152353271	True	-381	150M	255	1	5	0.8953118324279785	ambig_opp_strand	unspliced	-1	12	.	.	.	mrna
A00839:75:H7MFFDSXY:3:1245:20844:32957	chr1	152357569	152357718	True	-489	150M	255	0	5	0.9393876194953918	ambig_opp_strand	unspliced	-1	12	.	.	.	mrna
A00839:75:H7MFFDSXY:3:1156:6858:5040	chr1	152353994	152354143	True	-339	150M	255	0	5	0.5065006613731384	ambig_opp_strand	unspliced	-1	12	.	.	.	mrna
A00839:75:H7MFFDSXY:3:2672:13865:17581	chr1	152353699	152353848	True	-482	150M	255	0	25	0.061966896057128906	ambig_opp_strand	unspliced	1437	12	RIGEL_NRNA_chr1_1_152335378_152364080		RIGEL_NRNA_chr1_1_152335378_152364080	nrna
A00839:75:H7MFFDSXY:3:2445:7310:26271	chr1	152354794	152354943	False	247	150M	255	0	3	0.8741095662117004	ambig_opp_strand	unspliced	1437	12	ENST00000388718.5	FLG2	ENSG00000143520.6	mrna
A00839:75:H7MFFDSXY:3:1208:24514:12978	chr1	152356562	152356711	True	-299	150M	255	0	25	0.6995184421539307	ambig_opp_strand	unspliced	1437	12	RIGEL_NRNA_chr1_1_152335378_152364080		RIGEL_NRNA_chr1_1_152335378_152364080	nrna
A00839:75:H7MFFDSXY:3:1670:12472:14982	chr1	152356684	152356833	False	391	150M	255	0	5	0.7731274366378784	ambig_opp_strand	unspliced	-1	12	.	.	.	mrna
A00839:75:H7MFFDSXY:3:1234:28791:29684	chr1	152353485	152353634	False	432	150M	255	0	5	0.7598252892494202	ambig_opp_strand	unspliced	-1	12	.	.	.	mrna
A00839:75:H7MFFDSXY:3:2170:30888:21512	chr1	152352835	152352984	False	247	150M	255	0	3	0.8741095662117004	ambig_opp_strand	unspliced	1437	12	ENST00000388718.5	FLG2	ENSG00000143520.6	mrna
A00839:75:H7MFFDSXY:3:2456:3188:9674	chr1	152353047	152353196	True	-458	150M	255	0	5	0.932711660861969	ambig_opp_strand	unspliced	-1	12	.	.	.	mrna
A00839:75:H7MFFDSXY:3:2348:14805:28228	chr1	152356855	152357004	True	-289	150M	255	0	5	0.20082490146160126	ambig_opp_strand	unspliced	-1	12	.	.	.	mrna
A00839:75:H7MFFDSXY:3:1561:24532:23500	chr1	152356785	152356934	True	-196	150M	255	0	5	0.11071990430355072	ambig_opp_strand	unspliced	-1	12	.	.	.	mrna
A00839:75:H7MFFDSXY:3:2331:6352:24831	chr1	152354149	152354298	True	-243	150M	255	0	25	0.8161432147026062	ambig_opp_strand	unspliced	1437	12	RIGEL_NRNA_chr1_1_152335378_152364080		RIGEL_NRNA_chr1_1_152335378_152364080	nrna
A00839:75:H7MFFDSXY:3:1372:1931:5776	chr1	152351385	152351534	True	-433	150M	255	0	5	0.9291313886642456	ambig_opp_strand	unspliced	-1	12	.	.	.	mrna
A00839:75:H7MFFDSXY:3:1430:3839:34663	chr1	152351989	152352138	True	-186	150M	255	0	25	0.8076047301292419	ambig_opp_strand	unspliced	1437	12	RIGEL_NRNA_chr1_1_152335378_152364080		RIGEL_NRNA_chr1_1_152335378_152364080	nrna
A00839:75:H7MFFDSXY:3:2556:23827:29637	chr1	152354354	152354503	True	-339	150M	255	0	5	0.5065005421638489	ambig_opp_strand	unspliced	-1	12	.	.	.	mrna
A00839:75:H7MFFDSXY:3:2213:1579:25394	chr1	152355977	152356103	False	352	127M	255	1	3	0.6267848014831543	ambig_opp_strand	unspliced	1437	12	ENST00000388718.5	FLG2	ENSG00000143520.6	mrna
A00839:75:H7MFFDSXY:3:1642:20012:19116	chr1	152354275	152354402	False	359	128M	255	0	5	0.3763222098350525	ambig_opp_strand	unspliced	-1	12	.	.	.	mrna
A00839:75:H7MFFDSXY:3:1655:19614:30170	chr1	152356989	152357138	False	273	150M	255	0	3	0.8625490665435791	ambig_opp_strand	unspliced	1437	12	ENST00000388718.5	FLG2	ENSG00000143520.6	mrna
A00839:75:H7MFFDSXY:3:1312:6488:31986	chr1	152353511	152353660	False	255	150M	255	0	3	0.871295154094696	ambig_opp_strand	unspliced	1437	12	ENST00000388718.5	FLG2	ENSG00000143520.6	mrna
A00839:75:H7MFFDSXY:3:2303:25807:21981	chr1	152356231	152356379	False	225	149M1S	255	0	3	0.8769586682319641	ambig_opp_strand	unspliced	1437	12	ENST00000388718.5	FLG2	ENSG00000143520.6	mrna
A00839:75:H7MFFDSXY:3:2537:3341:20118	chr1	152357004	152357153	True	-262	150M	255	0	25	0.7931538224220276	ambig_opp_strand	unspliced	1437	12	RIGEL_NRNA_chr1_1_152335378_152364080		RIGEL_NRNA_chr1_1_152335378_152364080	nrna
A00839:75:H7MFFDSXY:3:1477:18349:7905	chr1	152351074	152351223	False	173	150M	255	0	25	0.09545702487230301	ambig_opp_strand	unspliced	1437	12	RIGEL_NRNA_chr1_2_152348734_152360006		RIGEL_NRNA_chr1_2_152348734_152360006	nrna
A00839:75:H7MFFDSXY:3:2524:29686:15013	chr1	152354474	152354623	False	412	150M	255	0	5	0.7650319933891296	ambig_opp_strand	unspliced	-1	12	.	.	.	mrna
A00839:75:H7MFFDSXY:3:1157:6253:16110	chr1	152351924	152352073	True	-486	150M	255	0	5	0.9355077147483826	ambig_opp_strand	unspliced	-1	12	.	.	.	mrna
A00839:75:H7MFFDSXY:3:2303:4309:28682	chr1	152352442	152352530	True	-320	89M	255	0	5	0.35672327876091003	ambig_opp_strand	unspliced	-1	12	.	.	.	mrna
A00839:75:H7MFFDSXY:3:2625:31720:9956	chr1	152354001	152354143	True	-143	143M	255	1	5	0.24398833513259888	ambig_opp_strand	unspliced	-1	12	.	.	.	mrna
A00839:75:H7MFFDSXY:3:1273:5945:36088	chr1	152354739	152354888	True	-377	150M	255	0	5	0.8736746311187744	ambig_opp_strand	unspliced	-1	12	.	.	.	mrna
A00839:75:H7MFFDSXY:3:1216:10990:25128	chr1	152352301	152352450	True	-517	150M	255	0	25	0.06667786091566086	ambig_opp_strand	unspliced	1437	12	RIGEL_NRNA_chr1_1_152335378_152364080		RIGEL_NRNA_chr1_1_152335378_152364080	nrna
A00839:75:H7MFFDSXY:3:1537:29586:1219	chr1	152352266	152352339	False	305	74M	255	0	3	0.8292871117591858	ambig_opp_strand	unspliced	1437	12	ENST00000388718.5	FLG2	ENSG00000143520.6	mrna
A00839:75:H7MFFDSXY:3:2203:23683:34585	chr1	152353383	152353460	False	309	78M	255	0	3	0.8205549716949463	ambig_opp_strand	unspliced	1437	12	ENST00000388718.5	FLG2	ENSG00000143520.6	mrna
A00839:75:H7MFFDSXY:3:1603:1199:2503	chr1	152352598	152352747	False	208	150M	255	0	25	0.0963515043258667	ambig_opp_strand	unspliced	1437	12	RIGEL_NRNA_chr1_2_152348734_152360006		RIGEL_NRNA_chr1_2_152348734_152360006	nrna
A00839:75:H7MFFDSXY:3:2350:17210:24095	chr1	152355335	152355484	False	854	150M	255	0	3	0.8033955693244934	ambig_opp_strand	unspliced	1437	12	ENST00000388718.5	FLG2	ENSG00000143520.6	mrna
A00839:75:H7MFFDSXY:3:1655:14190:6965	chr1	152354265	152354414	False	157	150M	255	0	3	0.8565027713775635	ambig_opp_strand	unspliced	1437	12	ENST00000388718.5	FLG2	ENSG00000143520.6	mrna
A00839:75:H7MFFDSXY:3:2421:4472:20760	chr1	152354089	152354238	False	239	150M	255	1	3	0.8756925463676453	ambig_opp_strand	unspliced	1437	12	ENST00000388718.5	FLG2	ENSG00000143520.6	mrna
A00839:75:H7MFFDSXY:3:2107:12780:10410	chr1	152352432	152352581	False	279	150M	255	0	3	0.8583839535713196	ambig_opp_strand	unspliced	1437	12	ENST00000388718.5	FLG2	ENSG00000143520.6	mrna
A00839:75:H7MFFDSXY:3:2375:6153:24017	chr1	152357143	152357292	True	-200	150M	255	0	5	0.1086738333106041	ambig_opp_strand	unspliced	-1	12	.	.	.	mrna
A00839:75:H7MFFDSXY:3:1124:16396:35023	chr1	152350992	152351141	False	369	150M	255	1	5	0.5088427066802979	ambig_opp_strand	unspliced	-1	12	.	.	.	mrna
A00839:75:H7MFFDSXY:3:2602:4056:20478	chr1	152354195	152354344	False	260	150M	255	1	3	0.8692231774330139	ambig_opp_strand	unspliced	1437	12	ENST00000388718.5	FLG2	ENSG00000143520.6	mrna
A00839:75:H7MFFDSXY:3:1205:32705:4304	chr1	152352391	152352540	False	213	150M	255	0	3	0.8766618967056274	ambig_opp_strand	unspliced	1437	12	ENST00000388718.5	FLG2	ENSG00000143520.6	mrna
A00839:75:H7MFFDSXY:3:1610:22869:2769	chr1	152356521	152356670	True	-395	150M	255	0	5	0.9340923428535461	ambig_opp_strand	unspliced	-1	12	.	.	.	mrna
A00839:75:H7MFFDSXY:3:1264:7265:19805	chr1	152356244	152356393	False	426	150M	255	0	3	0.20738841593265533	ambig_opp_strand	unspliced	1437	12	ENST00000388718.5	FLG2	ENSG00000143520.6	mrna
A00839:75:H7MFFDSXY:3:2471:29948:9862	chr1	152356549	152356698	False	345	150M	255	0	3	0.6829542517662048	ambig_opp_strand	unspliced	1437	12	ENST00000388718.5	FLG2	ENSG00000143520.6	mrna
A00839:75:H7MFFDSXY:3:1416:23674:35853	chr1	152354955	152355104	True	-281	150M	255	0	25	0.7539288997650146	ambig_opp_strand	unspliced	1437	12	RIGEL_NRNA_chr1_1_152335378_152364080		RIGEL_NRNA_chr1_1_152335378_152364080	nrna
A00839:75:H7MFFDSXY:3:1343:29758:22060	chr1	152353048	152353197	False	386	150M	255	0	5	0.7260950803756714	ambig_opp_strand	unspliced	-1	12	.	.	.	mrna
A00839:75:H7MFFDSXY:3:2449:3197:28228	chr1	152352905	152353054	True	-290	150M	255	0	25	0.7295698523521423	ambig_opp_strand	unspliced	1437	12	RIGEL_NRNA_chr1_1_152335378_152364080		RIGEL_NRNA_chr1_1_152335378_152364080	nrna
A00839:75:H7MFFDSXY:3:2231:12246:35415	chr1	152356579	152356728	False	401	150M	255	0	5	0.7623725533485413	ambig_opp_strand	unspliced	-1	12	.	.	.	mrna
A00839:75:H7MFFDSXY:3:1326:5086:20478	chr1	152357201	152357350	True	-197	150M	255	0	25	0.8172682523727417	ambig_opp_strand	unspliced	1437	12	RIGEL_NRNA_chr1_1_152335378_152364080		RIGEL_NRNA_chr1_1_152335378_152364080	nrna
A00839:75:H7MFFDSXY:3:2424:7310:8390	chr1	152356173	152356322	True	-431	150M	3	0	128	0.0	.	unknown	-1	0	.	.	.	mrna
A00839:75:H7MFFDSXY:3:2272:26196:17769	chr1	152354115	152354264	True	-249	150M	255	0	25	0.8119003176689148	ambig_opp_strand	unspliced	1437	12	RIGEL_NRNA_chr1_1_152335378_152364080		RIGEL_NRNA_chr1_1_152335378_152364080	nrna
A00839:75:H7MFFDSXY:3:1111:32705:3490	chr1	152352666	152352725	False	285	60M	255	0	5	0.0520680733025074	ambig_opp_strand	unspliced	-1	12	.	.	.	mrna
A00839:75:H7MFFDSXY:3:1544:31584:6778	chr1	152353359	152353508	False	443	150M	255	0	5	0.8077514171600342	ambig_opp_strand	unspliced	-1	12	.	.	.	mrna
A00839:75:H7MFFDSXY:3:2446:24731:26318	chr1	152351857	152352006	False	545	150M	255	0	3	0.325900137424469	ambig_opp_strand	unspliced	1437	12	ENST00000388718.5	FLG2	ENSG00000143520.6	mrna
A00839:75:H7MFFDSXY:3:2117:20030:19335	chr1	152356346	152356495	False	162	150M	255	0	3	0.8617053627967834	ambig_opp_strand	unspliced	1437	12	ENST00000388718.5	FLG2	ENSG00000143520.6	mrna
A00839:75:H7MFFDSXY:3:1323:16794:11036	chr1	152354898	152355047	True	-394	150M	255	0	5	0.9279766082763672	ambig_opp_strand	unspliced	-1	12	.	.	.	mrna
A00839:75:H7MFFDSXY:3:2420:22525:31548	chr1	152356658	152356807	False	330	150M	255	0	3	0.767073392868042	ambig_opp_strand	unspliced	1437	12	ENST00000388718.5	FLG2	ENSG00000143520.6	mrna
A00839:75:H7MFFDSXY:3:2324:22697:26428	chr1	152356630	152356779	False	256	150M	255	0	3	0.8710975646972656	ambig_opp_strand	unspliced	1437	12	ENST00000388718.5	FLG2	ENSG00000143520.6	mrna
A00839:75:H7MFFDSXY:3:1336:24894:23813	chr1	152350841	152350990	False	414	150M	255	0	25	0.02218111790716648	ambig_opp_strand	unspliced	1437	12	RIGEL_NRNA_chr1_2_152348734_152360006		RIGEL_NRNA_chr1_2_152348734_152360006	nrna
A00839:75:H7MFFDSXY:3:2659:18801:10473	chr1	152352253	152352402	True	-431	150M	255	0	5	0.9284845590591431	ambig_opp_strand	unspliced	-1	12	.	.	.	mrna
A00839:75:H7MFFDSXY:3:1173:24325:3349	chr1	152354058	152354203	False	146	146M	255	0	3	0.8409923911094666	ambig_opp_strand	unspliced	1437	12	ENST00000388718.5	FLG2	ENSG00000143520.6	mrna
A00839:75:H7MFFDSXY:3:2418:1588:28510	chr1	152353260	152353409	False	227	150M	255	0	3	0.876681387424469	ambig_opp_strand	unspliced	1437	12	ENST00000388718.5	FLG2	ENSG00000143520.6	mrna
A00839:75:H7MFFDSXY:3:1159:15854:1673	chr1	152353850	152353999	True	-434	150M	255	0	5	0.9356538653373718	ambig_opp_strand	unspliced	-1	12	.	.	.	mrna
A00839:75:H7MFFDSXY:3:1177:17363:5635	chr1	152351942	152352091	False	274	150M	255	0	3	0.8614422678947449	ambig_opp_strand	unspliced	1437	12	ENST00000388718.5	FLG2	ENSG00000143520.6	mrna
A00839:75:H7MFFDSXY:3:1114:4101:16673	chr1	152353555	152353704	True	-242	150M	255	0	25	0.06528866291046143	ambig_opp_strand	unspliced	1437	12	RIGEL_NRNA_chr1_1_152189332_152365557		RIGEL_NRNA_chr1_1_152189332_152365557	nrna
A00839:75:H7MFFDSXY:3:2142:4580:17628	chr1	152356264	152356413	False	450	150M	255	0	3	0.2124692052602768	ambig_opp_strand	unspliced	1437	12	ENST00000388718.5	FLG2	ENSG00000143520.6	mrna
A00839:75:H7MFFDSXY:3:1452:31096:22623	chr1	152353357	152353506	True	-401	150M	255	0	5	0.931551992893219	ambig_opp_strand	unspliced	-1	12	.	.	.	mrna
A00839:75:H7MFFDSXY:3:2308:17083:11631	chr1	152351142	152351291	False	150	150M	255	1	3	0.8415861129760742	ambig_opp_strand	unspliced	1437	12	ENST00000388718.5	FLG2	ENSG00000143520.6	mrna
A00839:75:H7MFFDSXY:3:1132:5918:31187	chr1	152357063	152357212	False	155	150M	255	0	3	0.85454922914505	ambig_opp_strand	unspliced	1437	12	ENST00000388718.5	FLG2	ENSG00000143520.6	mrna
A00839:75:H7MFFDSXY:3:2639:14317:19836	chr1	152357516	152357665	True	-291	150M	255	0	25	0.7303147912025452	ambig_opp_strand	unspliced	1437	12	RIGEL_NRNA_chr1_1_152335378_152364080		RIGEL_NRNA_chr1_1_152335378_152364080	nrna
A00839:75:H7MFFDSXY:3:2542:21459:11162	chr1	152351564	152351676	False	338	113M	255	0	3	0.7299171686172485	ambig_opp_strand	unspliced	1437	12	ENST00000388718.5	FLG2	ENSG00000143520.6	mrna
A00839:75:H7MFFDSXY:3:2360:11478:35931	chr1	152354392	152354521	False	130	130M	255	0	5	0.11832796037197113	ambig_opp_strand	unspliced	-1	12	.	.	.	mrna
A00839:75:H7MFFDSXY:3:2333:12563:29481	chr1	152351859	152352008	True	-334	150M	255	0	25	0.4961030185222626	ambig_opp_strand	unspliced	1437	12	RIGEL_NRNA_chr1_1_152335378_152364080		RIGEL_NRNA_chr1_1_152335378_152364080	nrna
A00839:75:H7MFFDSXY:3:2367:4155:4742	chr1	152350663	152350812	True	-278	150M	255	1	25	0.761273980140686	ambig_opp_strand	unspliced	1437	12	RIGEL_NRNA_chr1_1_152335378_152364080		RIGEL_NRNA_chr1_1_152335378_152364080	nrna
A00839:75:H7MFFDSXY:3:2507:10474:24392	chr1	152354421	152354460	True	-310	40M	255	0	25	0.05170378461480141	ambig_opp_strand	unspliced	1437	12	RIGEL_NRNA_chr1_1_152189332_152365557		RIGEL_NRNA_chr1_1_152189332_152365557	nrna
A00839:75:H7MFFDSXY:3:2272:6714:20572	chr1	152351676	152351825	False	399	150M	255	0	5	0.7856777310371399	ambig_opp_strand	unspliced	-1	12	.	.	.	mrna
A00839:75:H7MFFDSXY:3:2145:27760:35196	chr1	152354979	152355128	True	-418	150M	255	0	5	0.9383251667022705	ambig_opp_strand	unspliced	-1	12	.	.	.	mrna
A00839:75:H7MFFDSXY:3:2373:10375:29888	chr1	152357175	152357324	False	247	150M	255	0	3	0.8741095662117004	ambig_opp_strand	unspliced	1437	12	ENST00000388718.5	FLG2	ENSG00000143520.6	mrna
A00839:75:H7MFFDSXY:3:1506:27606:18145	chr1	152355986	152356135	False	267	150M	255	0	3	0.8655915260314941	ambig_opp_strand	unspliced	1437	12	ENST00000388718.5	FLG2	ENSG00000143520.6	mrna
A00839:75:H7MFFDSXY:3:2118:26639:2785	chr1	152356716	152356865	False	471	150M	255	0	3	0.20968033373355865	ambig_opp_strand	unspliced	1437	12	ENST00000388718.5	FLG2	ENSG00000143520.6	mrna
A00839:75:H7MFFDSXY:3:1320:19307:5807	chr1	152356841	152356990	True	-320	150M	255	0	25	0.5911386609077454	ambig_opp_strand	unspliced	1437	12	RIGEL_NRNA_chr1_1_152335378_152364080		RIGEL_NRNA_chr1_1_152335378_152364080	nrna
A00839:75:H7MFFDSXY:3:2271:7301:35837	chr1	152353646	152353795	False	351	150M	255	1	5	0.29489821195602417	ambig_opp_strand	unspliced	-1	12	.	.	.	mrna
A00839:75:H7MFFDSXY:3:1620:2302:19100	chr1	152355986	152356104	True	-344	119M	255	0	5	0.5674732327461243	ambig_opp_strand	unspliced	-1	12	.	.	.	mrna
A00839:75:H7MFFDSXY:3:1478:1000:3349	chr1	152354691	152354840	False	375	150M	255	1	5	0.5958623290061951	ambig_opp_strand	unspliced	-1	12	.	.	.	mrna
A00839:75:H7MFFDSXY:3:1646:2663:32597	chr1	152355404	152355553	False	10	150M	255	0	3	0.8493243455886841	ambig_opp_strand	unspliced	1437	12	ENST00000388718.5	FLG2	ENSG00000143520.6	mrna
A00839:75:H7MFFDSXY:3:2644:7844:31923	chr1	152357354	152357503	True	-287	150M	255	1	25	0.7398526072502136	ambig_opp_strand	unspliced	1437	12	RIGEL_NRNA_chr1_1_152335378_152364080		RIGEL_NRNA_chr1_1_152335378_152364080	nrna
A00839:75:H7MFFDSXY:3:2366:20582:28557	chr1	152357162	152357311	False	364	150M	255	0	3	0.5072716474533081	ambig_opp_strand	unspliced	1437	12	ENST00000388718.5	FLG2	ENSG00000143520.6	mrna
A00839:75:H7MFFDSXY:3:2454:27534:15170	chr1	152356214	152356363	True	-285	150M	255	0	25	0.7452908754348755	ambig_opp_strand	unspliced	1437	12	RIGEL_NRNA_chr1_1_152335378_152364080		RIGEL_NRNA_chr1_1_152335378_152364080	nrna
A00839:75:H7MFFDSXY:3:1540:5647:34162	chr1	152351055	152351204	True	-332	150M	255	0	5	0.44525042176246643	ambig_opp_strand	unspliced	-1	12	.	.	.	mrna
A00839:75:H7MFFDSXY:3:1539:16712:21073	chr1	152358735	152358884	False	278	150M	255	0	5	0.3298967182636261	ambig_opp_strand	unspliced	-1	12	.	.	.	mrna
A00839:75:H7MFFDSXY:3:1134:1922:7012	chr1	152354046	152354195	False	328	150M	255	0	3	0.7733120918273926	ambig_opp_strand	unspliced	1437	12	ENST00000388718.5	FLG2	ENSG00000143520.6	mrna
A00839:75:H7MFFDSXY:3:1464:9200:8907	chr1	152355445	152355594	True	-256	150M	255	0	5	0.12645167112350464	ambig_opp_strand	unspliced	-1	12	.	.	.	mrna
A00839:75:H7MFFDSXY:3:2256:7934:14293	chr1	152355771	152355920	True	-290	150M	255	0	5	0.20608262717723846	ambig_opp_strand	unspliced	-1	12	.	.	.	mrna
A00839:75:H7MFFDSXY:3:1156:31765:35994	chr1	152355265	152355403	False	364	139M	255	0	5	0.43687981367111206	ambig_opp_strand	unspliced	-1	12	.	.	.	mrna
A00839:75:H7MFFDSXY:3:1646:4047:1485	chr1	152353709	152353858	True	-388	150M	255	0	5	0.9266822934150696	ambig_opp_strand	unspliced	-1	12	.	.	.	mrna
A00839:75:H7MFFDSXY:3:1154:10737:28855	chr1	152352391	152352505	True	-346	115M	255	0	25	0.38176587224006653	ambig_opp_strand	unspliced	1437	12	RIGEL_NRNA_chr1_1_152335378_152364080		RIGEL_NRNA_chr1_1_152335378_152364080	nrna
A00839:75:H7MFFDSXY:3:2636:29441:36667	chr1	152350507	152350656	False	160	150M	255	0	3	0.8600343465805054	ambig_opp_strand	unspliced	1437	12	ENST00000388718.5	FLG2	ENSG00000143520.6	mrna
A00839:75:H7MFFDSXY:3:1645:8703:2534	chr1	152354009	152354158	False	407	150M	255	0	5	0.7572895884513855	ambig_opp_strand	unspliced	-1	12	.	.	.	mrna
A00839:75:H7MFFDSXY:3:1153:9019:28447	chr1	152351202	152351351	True	-300	150M	255	0	5	0.24602849781513214	ambig_opp_strand	unspliced	-1	12	.	.	.	mrna
A00839:75:H7MFFDSXY:3:1113:9543:25755	chr1	152354826	152354975	False	390	150M	255	0	5	0.7419512271881104	ambig_opp_strand	unspliced	-1	12	.	.	.	mrna
A00839:75:H7MFFDSXY:3:1660:31620:14888	chr1	152355413	152355522	True	-335	110M	255	0	5	0.47509104013442993	ambig_opp_strand	unspliced	-1	12	.	.	.	mrna
A00839:75:H7MFFDSXY:3:2164:22318:29559	chr1	152350783	152350932	True	-412	150M	255	0	5	0.9324856996536255	ambig_opp_strand	unspliced	-1	12	.	.	.	mrna
A00839:75:H7MFFDSXY:3:1123:21495:17143	chr1	152353212	152353361	False	365	150M	255	0	3	0.4991625249385834	ambig_opp_strand	unspliced	1437	12	ENST00000388718.5	FLG2	ENSG00000143520.6	mrna
A00839:75:H7MFFDSXY:3:1154:28194:30624	chr1	152352990	152353139	False	209	150M	255	0	3	0.8765106201171875	ambig_opp_strand	unspliced	1437	12	ENST00000388718.5	FLG2	ENSG00000143520.6	mrna
A00839:75:H7MFFDSXY:3:2644:14109:2440	chr1	152354077	152354226	True	-432	150M	255	0	5	0.9306532144546509	ambig_opp_strand	unspliced	-1	12	.	.	.	mrna
A00839:75:H7MFFDSXY:3:2252:26151:35477	chr1	152356481	152356630	True	-238	150M	255	0	25	0.8201908469200134	ambig_opp_strand	unspliced	1437	12	RIGEL_NRNA_chr1_1_152335378_152364080		RIGEL_NRNA_chr1_1_152335378_152364080	nrna
A00839:75:H7MFFDSXY:3:1475:27362:25144	chr1	152355264	152355370	True	-338	107M	255	0	5	0.49830693006515503	ambig_opp_strand	unspliced	-1	12	.	.	.	mrna
A00839:75:H7MFFDSXY:3:1258:3106:15671	chr1	152356346	152356495	True	-446	150M	255	0	5	0.9308140277862549	ambig_opp_strand	unspliced	-1	12	.	.	.	mrna
A00839:75:H7MFFDSXY:3:1263:12735:15812	chr1	152353741	152353890	True	-323	150M	255	0	25	0.571610689163208	ambig_opp_strand	unspliced	1437	12	RIGEL_NRNA_chr1_1_152335378_152364080		RIGEL_NRNA_chr1_1_152335378_152364080	nrna
A00839:75:H7MFFDSXY:3:1566:23674:22451	chr1	152354642	152354791	True	-403	150M	255	0	5	0.9339235424995422	ambig_opp_strand	unspliced	-1	12	.	.	.	mrna
A00839:75:H7MFFDSXY:3:2445:17852:12712	chr1	152356031	152356180	False	294	150M	255	0	3	0.8449952006340027	ambig_opp_strand	unspliced	1437	12	ENST00000388718.5	FLG2	ENSG00000143520.6	mrna
A00839:75:H7MFFDSXY:3:2372:10465:25473	chr1	152356719	152356868	True	-408	150M	255	0	5	0.9367937445640564	ambig_opp_strand	unspliced	-1	12	.	.	.	mrna
A00839:75:H7MFFDSXY:3:1556:24632:31313	chr1	152351639	152351686	True	-273	48M	255	0	25	0.7733746767044067	ambig_opp_strand	unspliced	1437	12	RIGEL_NRNA_chr1_1_152335378_152364080		RIGEL_NRNA_chr1_1_152335378_152364080	nrna
A00839:75:H7MFFDSXY:3:1276:8070:27242	chr1	152355450	152355497	True	183	48M	255	0	25	0.759631872177124	ambig_opp_strand	unspliced	1437	12	RIGEL_NRNA_chr1_1_152335378_152364080		RIGEL_NRNA_chr1_1_152335378_152364080	nrna
A00839:75:H7MFFDSXY:3:1454:14733:19335	chr1	152356345	152356494	True	-303	150M	255	0	25	0.6817617416381836	ambig_opp_strand	unspliced	1437	12	RIGEL_NRNA_chr1_1_152335378_152364080		RIGEL_NRNA_chr1_1_152335378_152364080	nrna
A00839:75:H7MFFDSXY:3:1134:17616:1752	chr1	152354489	152354638	True	-394	150M	255	0	5	0.927976667881012	ambig_opp_strand	unspliced	-1	12	.	.	.	mrna
A00839:75:H7MFFDSXY:3:2342:7979:31313	chr1	152354731	152354880	True	-466	150M	255	0	5	0.938149094581604	ambig_opp_strand	unspliced	-1	12	.	.	.	mrna
A00839:75:H7MFFDSXY:3:2407:12057:35243	chr1	152353364	152353513	True	-396	150M	255	0	5	0.9346668720245361	ambig_opp_strand	unspliced	-1	12	.	.	.	mrna
A00839:75:H7MFFDSXY:3:2269:32732:8202	chr1	152351447	152351532	False	536	86M	255	1	25	0.027775339782238007	ambig_opp_strand	unspliced	1437	12	RIGEL_NRNA_chr1_2_152348734_152360006		RIGEL_NRNA_chr1_2_152348734_152360006	nrna
A00839:75:H7MFFDSXY:3:2328:5593:7357	chr1	152356963	152357112	True	-387	150M	255	0	5	0.9218645095825195	ambig_opp_strand	unspliced	-1	12	.	.	.	mrna
A00839:75:H7MFFDSXY:3:1112:26738:32894	chr1	152352288	152352384	True	-328	97M	255	0	5	0.41158074140548706	ambig_opp_strand	unspliced	-1	12	.	.	.	mrna
A00839:75:H7MFFDSXY:3:2558:30219:36229	chr1	152354599	152354748	False	236	150M	255	0	25	0.09626784175634384	ambig_opp_strand	unspliced	1437	12	RIGEL_NRNA_chr1_2_152348734_152360006		RIGEL_NRNA_chr1_2_152348734_152360006	nrna
A00839:75:H7MFFDSXY:3:1668:32570:21699	chr1	152356508	152356657	False	369	150M	255	0	3	0.4424458146095276	ambig_opp_strand	unspliced	1437	12	ENST00000388718.5	FLG2	ENSG00000143520.6	mrna
A00839:75:H7MFFDSXY:3:1532:32271:36746	chr1	152351689	152351838	False	418	150M	255	0	5	0.7819684743881226	ambig_opp_strand	unspliced	-1	12	.	.	.	mrna
A00839:75:H7MFFDSXY:3:1675:29080:28870	chr1	152356560	152356709	True	-209	150M	255	0	25	0.8222047090530396	ambig_opp_strand	unspliced	1437	12	RIGEL_NRNA_chr1_1_152335378_152364080		RIGEL_NRNA_chr1_1_152335378_152364080	nrna
A00839:75:H7MFFDSXY:3:1335:26341:15765	chr1	152356156	152356305	False	365	150M	255	0	3	0.49916261434555054	ambig_opp_strand	unspliced	1437	12	ENST00000388718.5	FLG2	ENSG00000143520.6	mrna
A00839:75:H7MFFDSXY:3:2671:23113:22701	chr1	152352064	152352213	False	194	150M	255	0	3	0.8749577403068542	ambig_opp_strand	unspliced	1437	12	ENST00000388718.5	FLG2	ENSG00000143520.6	mrna
A00839:75:H7MFFDSXY:3:1461:31693:15107	chr1	152350714	152350863	True	-313	150M	255	0	5	0.3129520118236542	ambig_opp_strand	unspliced	-1	12	.	.	.	mrna
A00839:75:H7MFFDSXY:3:1132:12463:28150	chr1	152350840	152350989	True	-250	150M	255	0	25	0.811618447303772	ambig_opp_strand	unspliced	1437	12	RIGEL_NRNA_chr1_1_152335378_152364080		RIGEL_NRNA_chr1_1_152335378_152364080	nrna
A00839:75:H7MFFDSXY:3:2324:7943:34757	chr1	152355485	152355634	False	268	150M	255	1	3	0.865267813205719	ambig_opp_strand	unspliced	1437	12	ENST00000388718.5	FLG2	ENSG00000143520.6	mrna
A00839:75:H7MFFDSXY:3:1316:29188:23390	chr1	152356942	152357091	False	357	150M	255	0	5	0.3513805866241455	ambig_opp_strand	unspliced	-1	12	.	.	.	mrna
A00839:75:H7MFFDSXY:3:2352:24713:7905	chr1	152352410	152352559	True	-176	150M	255	0	5	0.1349785327911377	ambig_opp_strand	unspliced	-1	12	.	.	.	mrna
A00839:75:H7MFFDSXY:3:2441:28800:10003	chr1	152353055	152353157	True	-334	103M	255	0	5	0.46014100313186646	ambig_opp_strand	unspliced	-1	12	.	.	.	mrna
A00839:75:H7MFFDSXY:3:2310:2184:5243	chr1	152350910	152351059	True	-441	150M	255	0	5	0.9355159997940063	ambig_opp_strand	unspliced	-1	12	.	.	.	mrna
A00839:75:H7MFFDSXY:3:2236:26946:17942	chr1	152354284	152354404	False	352	121M	255	0	3	0.6267848014831543	ambig_opp_strand	unspliced	1437	12	ENST00000388718.5	FLG2	ENSG00000143520.6	mrna
A00839:75:H7MFFDSXY:3:2454:14678:11287	chr1	152351892	152351939	False	273	48M	255	0	3	0.8625490665435791	ambig_opp_strand	unspliced	1437	12	ENST00000388718.5	FLG2	ENSG00000143520.6	mrna
A00839:75:H7MFFDSXY:3:2531:3848:35180	chr1	152357230	152357379	False	437	150M	255	0	5	0.972017765045166	ambig_opp_strand	unspliced	-1	12	.	.	.	mrna
A00839:75:H7MFFDSXY:3:2563:30987:11318	chr1	152351193	152351342	False	380	150M	255	0	5	0.6614809036254883	ambig_opp_strand	unspliced	-1	12	.	.	.	mrna
A00839:75:H7MFFDSXY:3:2337:21757:12117	chr1	152352958	152353107	False	328	150M	255	0	25	0.08498700708150864	ambig_opp_strand	unspliced	1437	12	RIGEL_NRNA_chr1_2_152348734_152360006		RIGEL_NRNA_chr1_2_152348734_152360006	nrna
A00839:75:H7MFFDSXY:3:2675:24758:28244	chr1	152355916	152356057	True	-367	142M	255	0	5	0.7970831990242004	ambig_opp_strand	unspliced	-1	12	.	.	.	mrna
A00839:75:H7MFFDSXY:3:2450:1199:9706	chr1	152351117	152351266	True	-314	150M	255	0	25	0.6241238117218018	ambig_opp_strand	unspliced	1437	12	RIGEL_NRNA_chr1_1_152335378_152364080		RIGEL_NRNA_chr1_1_152335378_152364080	nrna
A00839:75:H7MFFDSXY:3:2413:25952:3129	chr1	152357268	152357417	False	445	150M	255	0	5	0.9631646275520325	ambig_opp_strand	unspliced	-1	12	.	.	.	mrna
A00839:75:H7MFFDSXY:3:1361:18909:29011	chr1	152356990	152357139	False	240	150M	255	0	3	0.8755958676338196	ambig_opp_strand	unspliced	1437	12	ENST00000388718.5	FLG2	ENSG00000143520.6	mrna
A00839:75:H7MFFDSXY:3:2561:6894:15937	chr1	152351114	152351263	False	360	150M	255	0	3	0.5536470413208008	ambig_opp_strand	unspliced	1437	12	ENST00000388718.5	FLG2	ENSG00000143520.6	mrna
A00839:75:H7MFFDSXY:3:2241:8151:18208	chr1	152351467	152351589	True	-348	123M	255	0	25	0.36546963453292847	ambig_opp_strand	unspliced	1437	12	RIGEL_NRNA_chr1_1_152335378_152364080		RIGEL_NRNA_chr1_1_152335378_152364080	nrna
A00839:75:H7MFFDSXY:3:2114:28809:23140	chr1	152356438	152356587	True	-313	150M	255	0	25	0.6313621997833252	ambig_opp_strand	unspliced	1437	12	RIGEL_NRNA_chr1_1_152335378_152364080		RIGEL_NRNA_chr1_1_152335378_152364080	nrna
A00839:75:H7MFFDSXY:3:1640:26205:31156	chr1	152355438	152355565	False	128	128M	255	0	3	0.7874156832695007	ambig_opp_strand	unspliced	1437	12	ENST00000388718.5	FLG2	ENSG00000143520.6	mrna
A00839:75:H7MFFDSXY:3:1626:29333:27743	chr1	152356804	152356953	False	236	150M	255	0	3	0.8759585022926331	ambig_opp_strand	unspliced	1437	12	ENST00000388718.5	FLG2	ENSG00000143520.6	mrna
A00839:75:H7MFFDSXY:3:1128:9109:24565	chr1	152354002	152354151	True	-207	150M	255	1	25	0.8210464715957642	ambig_opp_strand	unspliced	1437	12	RIGEL_NRNA_chr1_1_152335378_152364080		RIGEL_NRNA_chr1_1_152335378_152364080	nrna
A00839:75:H7MFFDSXY:3:1524:11885:17534	chr1	152356212	152356361	False	358	150M	255	0	3	0.5685729384422302	ambig_opp_strand	unspliced	1437	12	ENST00000388718.5	FLG2	ENSG00000143520.6	mrna
A00839:75:H7MFFDSXY:3:1568:30165:33567	chr1	152351414	152351563	False	205	150M	255	0	3	0.8762255907058716	ambig_opp_strand	unspliced	1437	12	ENST00000388718.5	FLG2	ENSG00000143520.6	mrna
A00839:75:H7MFFDSXY:3:2524:14579:29277	chr1	152356960	152357109	False	181	150M	255	0	3	0.8707773089408875	ambig_opp_strand	unspliced	1437	12	ENST00000388718.5	FLG2	ENSG00000143520.6	mrna
A00839:75:H7MFFDSXY:3:2421:24162:7482	chr1	152356402	152356551	True	-571	150M	255	0	5	0.8205386996269226	ambig_opp_strand	unspliced	-1	12	.	.	.	mrna
A00839:75:H7MFFDSXY:3:1549:7627:2707	chr1	152353296	152353445	True	-362	150M	255	0	5	0.7521462440490723	ambig_opp_strand	unspliced	-1	12	.	.	.	mrna
A00839:75:H7MFFDSXY:3:2661:16595:36432	chr1	152355827	152355976	True	-246	150M	255	0	25	0.0650465339422226	ambig_opp_strand	unspliced	1437	12	RIGEL_NRNA_chr1_1_152189332_152365557		RIGEL_NRNA_chr1_1_152189332_152365557	nrna
A00839:75:H7MFFDSXY:3:2360:29785:27461	chr1	152352450	152352529	False	305	80M	255	0	3	0.8292871117591858	ambig_opp_strand	unspliced	1437	12	ENST00000388718.5	FLG2	ENSG00000143520.6	mrna
A00839:75:H7MFFDSXY:3:1567:27046:36746	chr1	152356597	152356746	True	-314	150M	255	0	25	0.6241238117218018	ambig_opp_strand	unspliced	1437	12	RIGEL_NRNA_chr1_1_152335378_152364080		RIGEL_NRNA_chr1_1_152335378_152364080	nrna
A00839:75:H7MFFDSXY:3:2359:10502:21934	chr1	152357320	152357469	False	237	150M	255	1	3	0.8757742643356323	ambig_opp_strand	unspliced	1437	12	ENST00000388718.5	FLG2	ENSG00000143520.6	mrna
A00839:75:H7MFFDSXY:3:2537:21359:31125	chr1	152356406	152356555	True	-402	150M	255	0	5	0.9336010217666626	ambig_opp_strand	unspliced	-1	12	.	.	.	mrna
A00839:75:H7MFFDSXY:3:1530:15682:7169	chr1	152353425	152353560	False	367	136M	255	0	5	0.4807887077331543	ambig_opp_strand	unspliced	-1	12	.	.	.	mrna
A00839:75:H7MFFDSXY:3:2264:7166:17065	chr1	152354697	152354846	False	391	150M	255	0	3	0.2043721079826355	ambig_opp_strand	unspliced	1437	12	ENST00000388718.5	FLG2	ENSG00000143520.6	mrna
A00839:75:H7MFFDSXY:3:2166:9010:29997	chr1	152350760	152350909	False	234	150M	255	0	3	0.8759640455245972	ambig_opp_strand	unspliced	1437	12	ENST00000388718.5	FLG2	ENSG00000143520.6	mrna
A00839:75:H7MFFDSXY:3:1474:13919:20462	chr1	152353331	152353480	True	-265	150M	255	1	25	0.7870407700538635	ambig_opp_strand	unspliced	1437	12	RIGEL_NRNA_chr1_1_152335378_152364080		RIGEL_NRNA_chr1_1_152335378_152364080	nrna
A00839:75:H7MFFDSXY:3:1409:5168:36620	chr1	152353592	152353741	False	393	150M	255	0	5	0.7657670974731445	ambig_opp_strand	unspliced	-1	12	.	.	.	mrna
A00839:75:H7MFFDSXY:3:2408:30400:3161	chr1	152357400	152357513	True	-114	114M	255	0	25	0.44353240728378296	ambig_opp_strand	unspliced	1437	12	RIGEL_NRNA_chr1_1_152335378_152364080		RIGEL_NRNA_chr1_1_152335378_152364080	nrna
A00839:75:H7MFFDSXY:3:2266:8594:1313	chr1	152353953	152354102	True	-377	150M	255	0	5	0.8736746311187744	ambig_opp_strand	unspliced	-1	12	.	.	.	mrna
A00839:75:H7MFFDSXY:3:1117:7437:4069	chr1	152357520	152357669	False	188	150M	255	0	25	0.7570595145225525	ambig_opp_strand	unspliced	1437	12	RIGEL_NRNA_chr1_2_152348734_152360006		RIGEL_NRNA_chr1_2_152348734_152360006	nrna
A00839:75:H7MFFDSXY:3:2104:20573:28260	chr1	152356617	152356766	False	270	150M	255	0	3	0.8641307353973389	ambig_opp_strand	unspliced	1437	12	ENST00000388718.5	FLG2	ENSG00000143520.6	mrna
A00839:75:H7MFFDSXY:3:2517:9091:4210	chr1	152357281	152357430	True	-270	150M	255	2	25	0.0621752068400383	ambig_opp_strand	unspliced	1437	12	RIGEL_NRNA_chr1_1_152189332_152365557		RIGEL_NRNA_chr1_1_152189332_152365557	nrna
A00839:75:H7MFFDSXY:3:2146:31123:23484	chr1	152357308	152357457	False	328	150M	255	0	3	0.7733120918273926	ambig_opp_strand	unspliced	1437	12	ENST00000388718.5	FLG2	ENSG00000143520.6	mrna
A00839:75:H7MFFDSXY:3:1177:19831:36777	chr1	152351348	152351497	False	408	150M	255	0	5	0.7774754166603088	ambig_opp_strand	unspliced	-1	12	.	.	.	mrna
A00839:75:H7MFFDSXY:3:2510:31792:10958	chr1	152353750	152353899	False	467	150M	255	0	5	0.781324565410614	ambig_opp_strand	unspliced	-1	12	.	.	.	mrna
A00839:75:H7MFFDSXY:3:2252:23990:35274	chr1	152356552	152356701	True	-300	150M	255	0	25	0.6928614974021912	ambig_opp_strand	unspliced	1437	12	RIGEL_NRNA_chr1_1_152335378_152364080		RIGEL_NRNA_chr1_1_152335378_152364080	nrna
A00839:75:H7MFFDSXY:3:2623:25572:11522	chr1	152357510	152357640	True	-131	131M	255	0	25	0.5865506529808044	ambig_opp_strand	unspliced	1437	12	RIGEL_NRNA_chr1_1_152335378_152364080		RIGEL_NRNA_chr1_1_152335378_152364080	nrna
A00839:75:H7MFFDSXY:3:2468:15302:19006	chr1	152352331	152352384	False	279	54M	255	0	3	0.8583839535713196	ambig_opp_strand	unspliced	1437	12	ENST00000388718.5	FLG2	ENSG00000143520.6	mrna
A00839:75:H7MFFDSXY:3:2169:22896:25582	chr1	152352391	152352540	True	-218	150M	255	0	25	0.8235062956809998	ambig_opp_strand	unspliced	1437	12	RIGEL_NRNA_chr1_1_152335378_152364080		RIGEL_NRNA_chr1_1_152335378_152364080	nrna
A00839:75:H7MFFDSXY:3:2160:27561:6386	chr1	152350658	152350807	True	-348	150M	255	0	5	0.6022961735725403	ambig_opp_strand	unspliced	-1	12	.	.	.	mrna
A00839:75:H7MFFDSXY:3:2656:15022:12759	chr1	152352727	152352876	True	-404	150M	255	0	5	0.934451162815094	ambig_opp_strand	unspliced	-1	12	.	.	.	mrna
A00839:75:H7MFFDSXY:3:2311:10131:11052	chr1	152357330	152357479	True	-467	150M	255	0	25	0.056877005845308304	ambig_opp_strand	unspliced	1437	12	RIGEL_NRNA_chr1_1_152335378_152364080		RIGEL_NRNA_chr1_1_152335378_152364080	nrna
A00839:75:H7MFFDSXY:3:2437:31313:26036	chr1	152351556	152351705	False	377	150M	255	0	5	0.6198239922523499	ambig_opp_strand	unspliced	-1	12	.	.	.	mrna
A00839:75:H7MFFDSXY:3:2620:21630:33004	chr1	152353381	152353471	False	91	91M	255	3	5	0.08902092278003693	ambig_opp_strand	unspliced	-1	12	.	.	.	mrna
A00839:75:H7MFFDSXY:3:2310:18285:7451	chr1	152352787	152352936	True	-242	150M	255	0	5	0.11019866168498993	ambig_opp_strand	unspliced	-1	12	.	.	.	mrna
A00839:75:H7MFFDSXY:3:1666:13865:35587	chr1	152350834	152350925	False	317	92M	255	0	3	0.804389238357544	ambig_opp_strand	unspliced	1437	12	ENST00000388718.5	FLG2	ENSG00000143520.6	mrna
A00839:75:H7MFFDSXY:3:2629:20003:5541	chr1	152356494	152356643	True	-234	150M	255	0	25	0.8202083706855774	ambig_opp_strand	unspliced	1437	12	RIGEL_NRNA_chr1_1_152335378_152364080		RIGEL_NRNA_chr1_1_152335378_152364080	nrna
A00839:75:H7MFFDSXY:3:1469:22815:33771	chr1	152351963	152352112	True	-272	150M	255	0	25	0.7745859622955322	ambig_opp_strand	unspliced	1437	12	RIGEL_NRNA_chr1_1_152335378_152364080		RIGEL_NRNA_chr1_1_152335378_152364080	nrna
A00839:75:H7MFFDSXY:3:1557:27715:19053	chr1	152356007	152356156	False	224	150M	255	1	3	0.8767849206924438	ambig_opp_strand	unspliced	1437	12	ENST00000388718.5	FLG2	ENSG00000143520.6	mrna
A00839:75:H7MFFDSXY:3:1507:13259:34757	chr1	152353846	152353995	True	-314	150M	255	0	25	0.6241238117218018	ambig_opp_strand	unspliced	1437	12	RIGEL_NRNA_chr1_1_152335378_152364080		RIGEL_NRNA_chr1_1_152335378_152364080	nrna
A00839:75:H7MFFDSXY:3:1673:13404:29089	chr1	152356994	152357143	True	-300	150M	255	0	5	0.24602849781513214	ambig_opp_strand	unspliced	-1	12	.	.	.	mrna
A00839:75:H7MFFDSXY:3:2227:12590:4257	chr1	152355675	152355824	False	316	150M	255	0	3	0.8068445920944214	ambig_opp_strand	unspliced	1437	12	ENST00000388718.5	FLG2	ENSG00000143520.6	mrna
A00839:75:H7MFFDSXY:3:2602:30156:2112	chr1	152350648	152350797	True	-331	150M	255	0	25	0.5188990235328674	ambig_opp_strand	unspliced	1437	12	RIGEL_NRNA_chr1_1_152335378_152364080		RIGEL_NRNA_chr1_1_152335378_152364080	nrna
A00839:75:H7MFFDSXY:3:2266:24587:9408	chr1	152353570	152353719	False	243	150M	255	0	3	0.8748449087142944	ambig_opp_strand	unspliced	1437	12	ENST00000388718.5	FLG2	ENSG00000143520.6	mrna
A00839:75:H7MFFDSXY:3:1365:17381:14747	chr1	152350956	152351105	True	-389	150M	255	0	5	0.9335959553718567	ambig_opp_strand	unspliced	-1	12	.	.	.	mrna
A00839:75:H7MFFDSXY:3:2646:2600:35931	chr1	152352066	152352215	True	-410	150M	255	0	25	0.06301550567150116	ambig_opp_strand	unspliced	1437	12	RIGEL_NRNA_chr1_1_152335378_152364080		RIGEL_NRNA_chr1_1_152335378_152364080	nrna
A00839:75:H7MFFDSXY:3:2557:25075:7686	chr1	152350720	152350869	True	-287	150M	255	0	25	0.7398526072502136	ambig_opp_strand	unspliced	1437	12	RIGEL_NRNA_chr1_1_152335378_152364080		RIGEL_NRNA_chr1_1_152335378_152364080	nrna
A00839:75:H7MFFDSXY:3:2568:14733:30577	chr1	152352811	152352898	False	319	88M	255	0	3	0.7983585596084595	ambig_opp_strand	unspliced	1437	12	ENST00000388718.5	FLG2	ENSG00000143520.6	mrna
A00839:75:H7MFFDSXY:3:2558:2428:20948	chr1	152358655	152358804	False	327	150M	255	0	5	0.6181974411010742	ambig_opp_strand	unspliced	-1	12	.	.	.	mrna
A00839:75:H7MFFDSXY:3:2502:25373:19914	chr1	152350816	152350965	False	342	150M	255	2	3	0.7070009708404541	ambig_opp_strand	unspliced	1437	12	ENST00000388718.5	FLG2	ENSG00000143520.6	mrna
A00839:75:H7MFFDSXY:3:1158:20853:20290	chr1	152357322	152357471	True	-301	150M	255	1	25	0.6893413662910461	ambig_opp_strand	unspliced	1437	12	RIGEL_NRNA_chr1_1_152335378_152364080		RIGEL_NRNA_chr1_1_152335378_152364080	nrna
A00839:75:H7MFFDSXY:3:1144:1334:3145	chr1	152351478	152351565	True	-313	88M	255	0	25	0.6313621997833252	ambig_opp_strand	unspliced	1437	12	RIGEL_NRNA_chr1_1_152335378_152364080		RIGEL_NRNA_chr1_1_152335378_152364080	nrna
A00839:75:H7MFFDSXY:3:2146:18249:6574	chr1	152353769	152353918	False	266	150M	255	0	3	0.8665706515312195	ambig_opp_strand	unspliced	1437	12	ENST00000388718.5	FLG2	ENSG00000143520.6	mrna
A00839:75:H7MFFDSXY:3:1108:2302:20572	chr1	152356891	152357040	False	332	150M	255	0	3	0.757500410079956	ambig_opp_strand	unspliced	1437	12	ENST00000388718.5	FLG2	ENSG00000143520.6	mrna
A00839:75:H7MFFDSXY:3:2616:6198:20870	chr1	152353612	152353759	False	148	148M	255	0	25	0.09303772449493408	ambig_opp_strand	unspliced	1437	12	RIGEL_NRNA_chr1_2_152348734_152360006		RIGEL_NRNA_chr1_2_152348734_152360006	nrna
A00839:75:H7MFFDSXY:3:2222:25509:34679	chr1	152351659	152351808	True	-248	150M	255	0	25	0.8128185868263245	ambig_opp_strand	unspliced	1437	12	RIGEL_NRNA_chr1_1_152335378_152364080		RIGEL_NRNA_chr1_1_152335378_152364080	nrna
A00839:75:H7MFFDSXY:3:1246:25861:24518	chr1	152355687	152355782	True	-327	96M	255	0	25	0.04364408180117607	ambig_opp_strand	unspliced	1437	12	RIGEL_NRNA_chr1_1_152189332_152365557		RIGEL_NRNA_chr1_1_152189332_152365557	nrna
A00839:75:H7MFFDSXY:3:2474:25717:28432	chr1	152352783	152352892	False	341	110M	255	0	5	0.21266281604766846	ambig_opp_strand	unspliced	-1	12	.	.	.	mrna
A00839:75:H7MFFDSXY:3:2337:8883:33567	chr1	152352672	152352802	True	-342	19S131M	255	3	5	0.5376670956611633	ambig_opp_strand	unspliced	-1	12	.	.	.	mrna
A00839:75:H7MFFDSXY:3:1671:2817:35806	chr1	152356743	152356892	False	413	150M	255	0	5	0.7864087224006653	ambig_opp_strand	unspliced	-1	12	.	.	.	mrna
A00839:75:H7MFFDSXY:3:1540:4924:30812	chr1	152353903	152354052	True	-161	150M	255	0	25	0.766918420791626	ambig_opp_strand	unspliced	1437	12	RIGEL_NRNA_chr1_1_152335378_152364080		RIGEL_NRNA_chr1_1_152335378_152364080	nrna
A00839:75:H7MFFDSXY:3:2653:10863:21402	chr1	152351665	152351814	False	446	150M	255	0	5	0.7602800130844116	ambig_opp_strand	unspliced	-1	12	.	.	.	mrna
A00839:75:H7MFFDSXY:3:1308:12264:11584	chr1	152352595	152352715	True	-346	121M	255	0	5	0.5845625996589661	ambig_opp_strand	unspliced	-1	12	.	.	.	mrna
A00839:75:H7MFFDSXY:3:1605:7518:4366	chr1	152354318	152354467	False	251	150M	255	0	3	0.872718870639801	ambig_opp_strand	unspliced	1437	12	ENST00000388718.5	FLG2	ENSG00000143520.6	mrna
A00839:75:H7MFFDSXY:3:1626:14344:29434	chr1	152357192	152357341	False	279	150M	255	0	3	0.8583839535713196	ambig_opp_strand	unspliced	1437	12	ENST00000388718.5	FLG2	ENSG00000143520.6	mrna
A00839:75:H7MFFDSXY:3:2378:1072:2159	chr1	152351077	152351212	True	-136	136M	255	0	25	0.6486208438873291	ambig_opp_strand	unspliced	1437	12	RIGEL_NRNA_chr1_1_152335378_152364080		RIGEL_NRNA_chr1_1_152335378_152364080	nrna
A00839:75:H7MFFDSXY:3:2415:24659:30358	chr1	152353800	152353949	False	362	150M	255	0	5	0.4170357286930084	ambig_opp_strand	unspliced	-1	12	.	.	.	mrna
A00839:75:H7MFFDSXY:3:2303:27986:24533	chr1	152356397	152356546	False	353	150M	255	0	3	0.6140719056129456	ambig_opp_strand	unspliced	1437	12	ENST00000388718.5	FLG2	ENSG00000143520.6	mrna
A00839:75:H7MFFDSXY:3:2450:28556:31187	chr1	152356651	152356800	True	-240	150M	255	0	5	0.10890864580869675	ambig_opp_strand	unspliced	-1	12	.	.	.	mrna
A00839:75:H7MFFDSXY:3:1527:3685:10285	chr1	152352198	152352347	False	385	150M	255	0	5	0.726360559463501	ambig_opp_strand	unspliced	-1	12	.	.	.	mrna
A00839:75:H7MFFDSXY:3:1556:8576:4726	chr1	152351154	152351528	False	380	59M225N91M	255	2	3	0.9008230566978455	ambig_opp_strand	spliced_unannot	1437	11	ENST00000388718.5	FLG2	ENSG00000143520.6	mrna
A00839:75:H7MFFDSXY:3:1663:6370:5071	chr1	152354267	152354416	False	183	150M	255	0	3	0.8716685771942139	ambig_opp_strand	unspliced	1437	12	ENST00000388718.5	FLG2	ENSG00000143520.6	mrna
A00839:75:H7MFFDSXY:3:1564:24677:8249	chr1	152357059	152357208	False	483	150M	255	0	5	0.747612476348877	ambig_opp_strand	unspliced	-1	12	.	.	.	mrna
A00839:75:H7MFFDSXY:3:2176:7003:27586	chr1	152351017	152351166	True	-268	150M	255	0	25	0.7825422286987305	ambig_opp_strand	unspliced	1437	12	RIGEL_NRNA_chr1_1_152335378_152364080		RIGEL_NRNA_chr1_1_152335378_152364080	nrna
A00839:75:H7MFFDSXY:3:1563:26440:28150	chr1	152355540	152355689	False	201	150M	255	0	3	0.875561535358429	ambig_opp_strand	unspliced	1437	12	ENST00000388718.5	FLG2	ENSG00000143520.6	mrna
A00839:75:H7MFFDSXY:3:1537:9001:31015	chr1	152357330	152357479	True	-283	150M	255	0	25	0.7493870258331299	ambig_opp_strand	unspliced	1437	12	RIGEL_NRNA_chr1_1_152335378_152364080		RIGEL_NRNA_chr1_1_152335378_152364080	nrna
A00839:75:H7MFFDSXY:3:1401:16532:9048	chr1	152351179	152351328	True	-302	150M	255	0	25	0.6846826076507568	ambig_opp_strand	unspliced	1437	12	RIGEL_NRNA_chr1_1_152335378_152364080		RIGEL_NRNA_chr1_1_152335378_152364080	nrna
A00839:75:H7MFFDSXY:3:1331:19253:9940	chr1	152354818	152354967	False	293	150M	255	0	3	0.84641432762146	ambig_opp_strand	unspliced	1437	12	ENST00000388718.5	FLG2	ENSG00000143520.6	mrna
A00839:75:H7MFFDSXY:3:2677:25211:35540	chr1	152351128	152351277	False	352	150M	255	0	25	0.06888365000486374	ambig_opp_strand	unspliced	1437	12	RIGEL_NRNA_chr1_2_152348734_152360006		RIGEL_NRNA_chr1_2_152348734_152360006	nrna
A00839:75:H7MFFDSXY:3:2504:25147:13667	chr1	152351102	152351251	False	362	150M	255	0	25	0.057713717222213745	ambig_opp_strand	unspliced	1437	12	RIGEL_NRNA_chr1_2_152348734_152360006		RIGEL_NRNA_chr1_2_152348734_152360006	nrna
A00839:75:H7MFFDSXY:3:2470:5611:16438	chr1	152354487	152354569	False	314	83M	255	0	3	0.8105611801147461	ambig_opp_strand	unspliced	1437	12	ENST00000388718.5	FLG2	ENSG00000143520.6	mrna
A00839:75:H7MFFDSXY:3:2210:11351:22592	chr1	152353436	152353585	False	334	150M	255	0	5	0.16730891168117523	ambig_opp_strand	unspliced	-1	12	.	.	.	mrna
A00839:75:H7MFFDSXY:3:1338:15365:34616	chr1	152353379	152353528	False	553	150M	255	0	3	0.4672843813896179	ambig_opp_strand	unspliced	1437	12	ENST00000388718.5	FLG2	ENSG00000143520.6	mrna
A00839:75:H7MFFDSXY:3:1465:11324:22106	chr1	152351046	152351122	True	-302	77M	255	1	25	0.6846827268600464	ambig_opp_strand	unspliced	1437	12	RIGEL_NRNA_chr1_1_152335378_152364080		RIGEL_NRNA_chr1_1_152335378_152364080	nrna
A00839:75:H7MFFDSXY:3:2171:18222:34303	chr1	152352755	152352904	True	-194	150M	255	0	25	0.8165516257286072	ambig_opp_strand	unspliced	1437	12	RIGEL_NRNA_chr1_1_152335378_152364080		RIGEL_NRNA_chr1_1_152335378_152364080	nrna
A00839:75:H7MFFDSXY:3:2675:2591:31970	chr1	152356233	152356382	True	-451	150M	255	0	5	0.9356775283813477	ambig_opp_strand	unspliced	-1	12	.	.	.	mrna
A00839:75:H7MFFDSXY:3:1311:10004:35008	chr1	152356098	152356247	False	278	150M	255	0	3	0.8588874340057373	ambig_opp_strand	unspliced	1437	12	ENST00000388718.5	FLG2	ENSG00000143520.6	mrna
A00839:75:H7MFFDSXY:3:1207:27633:15718	chr1	152355811	152355871	False	61	61M	3	0	128	0.0	.	unknown	-1	0	.	.	.	mrna
A00839:75:H7MFFDSXY:3:2541:11523:28776	chr1	152352212	152352361	True	-261	150M	255	0	5	0.13412459194660187	ambig_opp_strand	unspliced	-1	12	.	.	.	mrna
A00839:75:H7MFFDSXY:3:1547:3513:28401	chr1	152353625	152353764	True	-140	140M	255	0	25	0.6760690808296204	ambig_opp_strand	unspliced	1437	12	RIGEL_NRNA_chr1_1_152335378_152364080		RIGEL_NRNA_chr1_1_152335378_152364080	nrna
A00839:75:H7MFFDSXY:3:1522:13313:12743	chr1	152356714	152356863	True	-228	150M	255	0	25	0.8223152756690979	ambig_opp_strand	unspliced	1437	12	RIGEL_NRNA_chr1_1_152335378_152364080		RIGEL_NRNA_chr1_1_152335378_152364080	nrna
A00839:75:H7MFFDSXY:3:1639:1127:25238	chr1	152354134	152354283	True	-361	150M	255	0	5	0.7354804873466492	ambig_opp_strand	unspliced	-1	12	.	.	.	mrna
A00839:75:H7MFFDSXY:3:2253:4743:29841	chr1	152357337	152357486	True	-307	150M	255	1	5	0.2801666259765625	ambig_opp_strand	unspliced	-1	12	.	.	.	mrna
A00839:75:H7MFFDSXY:3:1112:21468:6981	chr1	152354161	152354310	True	-380	150M	255	0	5	0.8923473954200745	ambig_opp_strand	unspliced	-1	12	.	.	.	mrna
A00839:75:H7MFFDSXY:3:1466:4996:33880	chr1	152355042	152355191	False	456	150M	255	0	5	0.777821958065033	ambig_opp_strand	unspliced	-1	12	.	.	.	mrna
A00839:75:H7MFFDSXY:3:1361:4770:1454	chr1	152353871	152354020	True	-234	150M	255	0	25	0.8202083706855774	ambig_opp_strand	unspliced	1437	12	RIGEL_NRNA_chr1_1_152335378_152364080		RIGEL_NRNA_chr1_1_152335378_152364080	nrna
A00839:75:H7MFFDSXY:3:2371:1651:36886	chr1	152351085	152351167	False	308	83M	255	0	3	0.8238636255264282	ambig_opp_strand	unspliced	1437	12	ENST00000388718.5	FLG2	ENSG00000143520.6	mrna
A00839:75:H7MFFDSXY:3:1553:14922:11929	chr1	152357470	152357619	False	252	150M	255	0	25	0.7554279565811157	ambig_opp_strand	unspliced	1437	12	RIGEL_NRNA_chr1_2_152348734_152360006		RIGEL_NRNA_chr1_2_152348734_152360006	nrna
A00839:75:H7MFFDSXY:3:1534:6488:7717	chr1	152354258	152354407	True	-351	150M	255	0	5	0.639532208442688	ambig_opp_strand	unspliced	-1	12	.	.	.	mrna
A00839:75:H7MFFDSXY:3:2115:29035:28072	chr1	152352256	152352405	False	321	150M	255	2	3	0.7941256761550903	ambig_opp_strand	unspliced	1437	12	ENST00000388718.5	FLG2	ENSG00000143520.6	mrna
A00839:75:H7MFFDSXY:3:2103:12319:27023	chr1	152350967	152351106	False	365	140M	255	0	25	0.054857973009347916	ambig_opp_strand	unspliced	1437	12	RIGEL_NRNA_chr1_2_152348734_152360006		RIGEL_NRNA_chr1_2_152348734_152360006	nrna
A00839:75:H7MFFDSXY:3:2633:15148:2550	chr1	152354051	152354200	True	-371	150M	255	0	5	0.838139533996582	ambig_opp_strand	unspliced	-1	12	.	.	.	mrna
A00839:75:H7MFFDSXY:3:1627:21784:33990	chr1	152353046	152353195	False	303	150M	255	0	3	0.8325434923171997	ambig_opp_strand	unspliced	1437	12	ENST00000388718.5	FLG2	ENSG00000143520.6	mrna
A00839:75:H7MFFDSXY:3:2172:17201:35227	chr1	152352911	152353060	True	-389	150M	255	0	5	0.9335959553718567	ambig_opp_strand	unspliced	-1	12	.	.	.	mrna
A00839:75:H7MFFDSXY:3:1335:12500:35383	chr1	152351887	152351951	False	290	65M	255	0	3	0.8488789796829224	ambig_opp_strand	unspliced	1437	12	ENST00000388718.5	FLG2	ENSG00000143520.6	mrna
A00839:75:H7MFFDSXY:3:2577:4942:18286	chr1	152356092	152356241	False	173	150M	255	0	3	0.8685807585716248	ambig_opp_strand	unspliced	1437	12	ENST00000388718.5	FLG2	ENSG00000143520.6	mrna
A00839:75:H7MFFDSXY:3:1178:6343:7560	chr1	152353812	152353961	False	195	150M	255	0	3	0.874586284160614	ambig_opp_strand	unspliced	1437	12	ENST00000388718.5	FLG2	ENSG00000143520.6	mrna
A00839:75:H7MFFDSXY:3:1401:25201:11694	chr1	152358797	152358946	True	-361	150M	255	0	5	0.7360392808914185	ambig_opp_strand	unspliced	-1	12	.	.	.	mrna
A00839:75:H7MFFDSXY:3:2443:10167:6198	chr1	152352171	152352320	False	353	150M	255	0	25	0.06748650223016739	ambig_opp_strand	unspliced	1437	12	RIGEL_NRNA_chr1_2_152348734_152360006		RIGEL_NRNA_chr1_2_152348734_152360006	nrna
A00839:75:H7MFFDSXY:3:1509:24288:12994	chr1	152350721	152350870	False	325	150M	255	0	3	0.7824770212173462	ambig_opp_strand	unspliced	1437	12	ENST00000388718.5	FLG2	ENSG00000143520.6	mrna
A00839:75:H7MFFDSXY:3:1656:22562:26850	chr1	152350766	152350915	False	383	150M	255	0	5	0.7054384350776672	ambig_opp_strand	unspliced	-1	12	.	.	.	mrna
A00839:75:H7MFFDSXY:3:2246:25265:29747	chr1	152353794	152353943	True	-375	150M	255	0	5	0.8621543645858765	ambig_opp_strand	unspliced	-1	12	.	.	.	mrna
A00839:75:H7MFFDSXY:3:2444:31747:17049	chr1	152355953	152356034	False	307	82M	255	0	3	0.8251179456710815	ambig_opp_strand	unspliced	1437	12	ENST00000388718.5	FLG2	ENSG00000143520.6	mrna
A00839:75:H7MFFDSXY:3:1641:5412:1188	chr1	152355874	152355951	False	303	78M	255	0	3	0.8325434923171997	ambig_opp_strand	unspliced	1437	12	ENST00000388718.5	FLG2	ENSG00000143520.6	mrna
A00839:75:H7MFFDSXY:3:2627:23348:2597	chr1	152354484	152354633	True	-246	150M	255	0	25	0.8146498203277588	ambig_opp_strand	unspliced	1437	12	RIGEL_NRNA_chr1_1_152335378_152364080		RIGEL_NRNA_chr1_1_152335378_152364080	nrna
A00839:75:H7MFFDSXY:3:1639:3803:36198	chr1	152355434	152355495	False	743	62M	255	0	3	0.8621154427528381	ambig_opp_strand	unspliced	1437	12	ENST00000388718.5	FLG2	ENSG00000143520.6	mrna
A00839:75:H7MFFDSXY:3:1313:1660:18114	chr1	152354511	152354660	True	-397	150M	255	0	5	0.932251513004303	ambig_opp_strand	unspliced	-1	12	.	.	.	mrna
A00839:75:H7MFFDSXY:3:1532:17662:20588	chr1	152356751	152356900	True	-260	150M	255	0	5	0.13361096382141113	ambig_opp_strand	unspliced	-1	12	.	.	.	mrna
A00839:75:H7MFFDSXY:3:2466:4842:35274	chr1	152354280	152354429	True	-514	150M	255	1	5	0.9307929873466492	ambig_opp_strand	unspliced	-1	12	.	.	.	mrna
A00839:75:H7MFFDSXY:3:2378:9697:25864	chr1	152351924	152352073	True	-256	150M	255	0	25	0.8027465343475342	ambig_opp_strand	unspliced	1437	12	RIGEL_NRNA_chr1_1_152335378_152364080		RIGEL_NRNA_chr1_1_152335378_152364080	nrna
A00839:75:H7MFFDSXY:3:2223:26512:34788	chr1	152353946	152354095	True	-255	150M	255	0	25	0.8034447431564331	ambig_opp_strand	unspliced	1437	12	RIGEL_NRNA_chr1_1_152335378_152364080		RIGEL_NRNA_chr1_1_152335378_152364080	nrna
A00839:75:H7MFFDSXY:3:1374:4689:4163	chr1	152352929	152353078	False	391	150M	255	0	5	0.7731274366378784	ambig_opp_strand	unspliced	-1	12	.	.	.	mrna
A00839:75:H7MFFDSXY:3:1236:18096:10504	chr1	152353012	152353161	True	-243	150M	255	0	25	0.8161432147026062	ambig_opp_strand	unspliced	1437	12	RIGEL_NRNA_chr1_1_152335378_152364080		RIGEL_NRNA_chr1_1_152335378_152364080	nrna
A00839:75:H7MFFDSXY:3:1524:24424:25160	chr1	152354378	152354527	True	-243	150M	255	0	25	0.06516578048467636	ambig_opp_strand	unspliced	1437	12	RIGEL_NRNA_chr1_1_152189332_152365557		RIGEL_NRNA_chr1_1_152189332_152365557	nrna
A00839:75:H7MFFDSXY:3:1267:27841:23406	chr1	152350456	152350605	False	267	150M	255	0	3	0.8655915260314941	ambig_opp_strand	unspliced	1437	12	ENST00000388718.5	FLG2	ENSG00000143520.6	mrna
A00839:75:H7MFFDSXY:3:1536:17002:1188	chr1	152352452	152352601	True	-255	150M	255	0	25	0.8034447431564331	ambig_opp_strand	unspliced	1437	12	RIGEL_NRNA_chr1_1_152335378_152364080		RIGEL_NRNA_chr1_1_152335378_152364080	nrna
A00839:75:H7MFFDSXY:3:2363:27742:10676	chr1	152355293	152355441	False	363	1S149M	255	1	5	0.42277199029922485	ambig_opp_strand	unspliced	-1	12	.	.	.	mrna
A00839:75:H7MFFDSXY:3:1672:22119:15405	chr1	152352339	152352488	True	-156	150M	255	0	25	0.751522421836853	ambig_opp_strand	unspliced	1437	12	RIGEL_NRNA_chr1_1_152335378_152364080		RIGEL_NRNA_chr1_1_152335378_152364080	nrna
A00839:75:H7MFFDSXY:3:2433:31268:14309	chr1	152353340	152353489	False	408	150M	255	0	5	0.7774754166603088	ambig_opp_strand	unspliced	-1	12	.	.	.	mrna
A00839:75:H7MFFDSXY:3:2151:28962:32581	chr1	152351552	152351701	False	160	150M	255	0	3	0.8600343465805054	ambig_opp_strand	unspliced	1437	12	ENST00000388718.5	FLG2	ENSG00000143520.6	mrna
A00839:75:H7MFFDSXY:3:1405:2148:14982	chr1	152357335	152357484	True	-458	150M	255	0	5	0.932711660861969	ambig_opp_strand	unspliced	-1	12	.	.	.	mrna
A00839:75:H7MFFDSXY:3:2673:32108:10160	chr1	152354677	152354825	True	-380	149M	255	0	5	0.8923473954200745	ambig_opp_strand	unspliced	-1	12	.	.	.	mrna
A00839:75:H7MFFDSXY:3:1402:32949:15655	chr1	152353096	152353243	False	375	148M2S	255	0	3	0.3640565574169159	ambig_opp_strand	unspliced	1437	12	ENST00000388718.5	FLG2	ENSG00000143520.6	mrna
A00839:75:H7MFFDSXY:3:2332:3233:16767	chr1	152351261	152351410	True	-399	150M	255	0	5	0.939579963684082	ambig_opp_strand	unspliced	-1	12	.	.	.	mrna
A00839:75:H7MFFDSXY:3:1651:10158:2174	chr1	152352770	152352919	False	400	150M	255	0	5	0.7581862211227417	ambig_opp_strand	unspliced	-1	12	.	.	.	mrna
A00839:75:H7MFFDSXY:3:2435:6985:12273	chr1	152352586	152352735	True	-255	150M	255	0	5	0.12569193542003632	ambig_opp_strand	unspliced	-1	12	.	.	.	mrna
A00839:75:H7MFFDSXY:3:2259:6578:16360	chr1	152354231	152354380	True	-481	150M	255	0	5	0.9321573376655579	ambig_opp_strand	unspliced	-1	12	.	.	.	mrna
A00839:75:H7MFFDSXY:3:1346:20573:1329	chr1	152352397	152352546	False	264	150M	255	0	3	0.8675110340118408	ambig_opp_strand	unspliced	1437	12	ENST00000388718.5	FLG2	ENSG00000143520.6	mrna
A00839:75:H7MFFDSXY:3:2518:9236:13636	chr1	152356098	152356247	False	409	150M	255	0	5	0.768450915813446	ambig_opp_strand	unspliced	-1	12	.	.	.	mrna
A00839:75:H7MFFDSXY:3:2541:4689:4382	chr1	152355227	152355316	False	315	90M	255	0	3	0.809950590133667	ambig_opp_strand	unspliced	1437	12	ENST00000388718.5	FLG2	ENSG00000143520.6	mrna
A00839:75:H7MFFDSXY:3:2409:3884:29700	chr1	152356099	152356248	True	-841	150M	255	0	25	0.6381912231445312	ambig_opp_strand	unspliced	1437	12	RIGEL_NRNA_chr1_1_152335378_152364080		RIGEL_NRNA_chr1_1_152335378_152364080	nrna
A00839:75:H7MFFDSXY:3:1154:5819:1141	chr1	152351834	152351983	False	426	150M	255	0	5	0.7697789669036865	ambig_opp_strand	unspliced	-1	12	.	.	.	mrna
A00839:75:H7MFFDSXY:3:1617:4725:27367	chr1	152357123	152357272	False	426	150M	255	0	5	0.7697789669036865	ambig_opp_strand	unspliced	-1	12	.	.	.	mrna
A00839:75:H7MFFDSXY:3:1674:16161:13949	chr1	152351419	152351568	False	192	150M	255	0	3	0.8738681077957153	ambig_opp_strand	unspliced	1437	12	ENST00000388718.5	FLG2	ENSG00000143520.6	mrna
A00839:75:H7MFFDSXY:3:1641:17915:29606	chr1	152356559	152356708	False	406	150M	255	1	5	0.7756004333496094	ambig_opp_strand	unspliced	-1	12	.	.	.	mrna
A00839:75:H7MFFDSXY:3:2649:4490:13683	chr1	152356383	152356532	True	-201	150M	255	0	25	0.8187426924705505	ambig_opp_strand	unspliced	1437	12	RIGEL_NRNA_chr1_1_152335378_152364080		RIGEL_NRNA_chr1_1_152335378_152364080	nrna
A00839:75:H7MFFDSXY:3:2441:23113:12712	chr1	152354075	152354224	False	265	150M	255	0	25	0.09523767977952957	ambig_opp_strand	unspliced	1437	12	RIGEL_NRNA_chr1_2_152348734_152360006		RIGEL_NRNA_chr1_2_152348734_152360006	nrna
A00839:75:H7MFFDSXY:3:1617:17797:36793	chr1	152353125	152353180	False	281	56M	255	0	3	0.8566231727600098	ambig_opp_strand	unspliced	1437	12	ENST00000388718.5	FLG2	ENSG00000143520.6	mrna
A00839:75:H7MFFDSXY:3:1339:5430:3223	chr1	152352663	152352812	False	471	150M	255	0	3	0.20968033373355865	ambig_opp_strand	unspliced	1437	12	ENST00000388718.5	FLG2	ENSG00000143520.6	mrna
A00839:75:H7MFFDSXY:3:2307:31204:16611	chr1	152357064	152357212	False	149	149M	255	0	3	0.8470478653907776	ambig_opp_strand	unspliced	1437	12	ENST00000388718.5	FLG2	ENSG00000143520.6	mrna
A00839:75:H7MFFDSXY:3:1203:17454:21668	chr1	152356660	152356809	False	168	150M	255	0	3	0.865489661693573	ambig_opp_strand	unspliced	1437	12	ENST00000388718.5	FLG2	ENSG00000143520.6	mrna
A00839:75:H7MFFDSXY:3:2404:7844:14168	chr1	152356189	152356338	True	-509	150M	255	0	5	0.9246931076049805	ambig_opp_strand	unspliced	-1	12	.	.	.	mrna
A00839:75:H7MFFDSXY:3:1130:15673:21621	chr1	152355946	152356095	False	409	150M	255	0	5	0.768450915813446	ambig_opp_strand	unspliced	-1	12	.	.	.	mrna
A00839:75:H7MFFDSXY:3:1319:3676:1720	chr1	152352971	152353120	False	285	150M	255	0	3	0.8539189100265503	ambig_opp_strand	unspliced	1437	12	ENST00000388718.5	FLG2	ENSG00000143520.6	mrna
A00839:75:H7MFFDSXY:3:1244:22299:5760	chr1	152353214	152353363	False	317	150M	255	0	5	0.10705086588859558	ambig_opp_strand	unspliced	-1	12	.	.	.	mrna
A00839:75:H7MFFDSXY:3:1460:23692:12461	chr1	152355155	152355304	True	-225	150M	255	0	25	0.8238463997840881	ambig_opp_strand	unspliced	1437	12	RIGEL_NRNA_chr1_1_152335378_152364080		RIGEL_NRNA_chr1_1_152335378_152364080	nrna
A00839:75:H7MFFDSXY:3:1562:22887:24189	chr1	152354109	152354258	True	-270	150M	255	0	25	0.7786889672279358	ambig_opp_strand	unspliced	1437	12	RIGEL_NRNA_chr1_1_152335378_152364080		RIGEL_NRNA_chr1_1_152335378_152364080	nrna
A00839:75:H7MFFDSXY:3:1115:7283:18584	chr1	152351986	152352135	False	279	150M	255	0	25	0.09433639794588089	ambig_opp_strand	unspliced	1437	12	RIGEL_NRNA_chr1_2_152348734_152360006		RIGEL_NRNA_chr1_2_152348734_152360006	nrna
A00839:75:H7MFFDSXY:3:1546:5104:6856	chr1	152354207	152354349	True	-143	143M	255	0	25	0.6947364211082458	ambig_opp_strand	unspliced	1437	12	RIGEL_NRNA_chr1_1_152335378_152364080		RIGEL_NRNA_chr1_1_152335378_152364080	nrna
A00839:75:H7MFFDSXY:3:1534:8413:14653	chr1	152354221	152354370	False	334	150M	255	0	5	0.16730891168117523	ambig_opp_strand	unspliced	-1	12	.	.	.	mrna
A00839:75:H7MFFDSXY:3:1424:30373:14732	chr1	152353018	152353167	False	11	150M	255	0	3	0.8729960918426514	ambig_opp_strand	unspliced	1437	12	ENST00000388718.5	FLG2	ENSG00000143520.6	mrna
A00839:75:H7MFFDSXY:3:1175:1217:17503	chr1	152356627	152356776	False	366	150M	255	0	3	0.47857147455215454	ambig_opp_strand	unspliced	1437	12	ENST00000388718.5	FLG2	ENSG00000143520.6	mrna
A00839:75:H7MFFDSXY:3:1412:19533:25488	chr1	152353292	152353441	True	-169	150M	255	0	25	0.785027265548706	ambig_opp_strand	unspliced	1437	12	RIGEL_NRNA_chr1_1_152335378_152364080		RIGEL_NRNA_chr1_1_152335378_152364080	nrna
A00839:75:H7MFFDSXY:3:2615:26973:18490	chr1	152353547	152353696	False	342	150M	255	0	5	0.21516110002994537	ambig_opp_strand	unspliced	-1	12	.	.	.	mrna
A00839:75:H7MFFDSXY:3:2508:17146:24925	chr1	152356610	152356759	False	354	150M	255	0	3	0.6034058928489685	ambig_opp_strand	unspliced	1437	12	ENST00000388718.5	FLG2	ENSG00000143520.6	mrna
A00839:75:H7MFFDSXY:3:1118:22724:9251	chr1	152356618	152356767	True	-316	150M	255	0	25	0.6150525212287903	ambig_opp_strand	unspliced	1437	12	RIGEL_NRNA_chr1_1_152335378_152364080		RIGEL_NRNA_chr1_1_152335378_152364080	nrna
A00839:75:H7MFFDSXY:3:1254:3504:27477	chr1	152351266	152351415	True	-304	150M	255	0	25	0.6762240529060364	ambig_opp_strand	unspliced	1437	12	RIGEL_NRNA_chr1_1_152335378_152364080		RIGEL_NRNA_chr1_1_152335378_152364080	nrna
A00839:75:H7MFFDSXY:3:1119:29451:27320	chr1	152354633	152354733	False	332	101M	255	0	3	0.757500410079956	ambig_opp_strand	unspliced	1437	12	ENST00000388718.5	FLG2	ENSG00000143520.6	mrna
A00839:75:H7MFFDSXY:3:1245:7808:16830	chr1	152355880	152355947	True	-293	68M	255	1	25	0.7220556139945984	ambig_opp_strand	unspliced	1437	12	RIGEL_NRNA_chr1_1_152335378_152364080		RIGEL_NRNA_chr1_1_152335378_152364080	nrna
A00839:75:H7MFFDSXY:3:1272:20021:21449	chr1	152355986	152356066	True	-306	81M	255	0	25	0.6666442155838013	ambig_opp_strand	unspliced	1437	12	RIGEL_NRNA_chr1_1_152335378_152364080		RIGEL_NRNA_chr1_1_152335378_152364080	nrna
A00839:75:H7MFFDSXY:3:2577:17065:6652	chr1	152351081	152351229	True	-149	149M	255	0	5	0.21216917037963867	ambig_opp_strand	unspliced	-1	12	.	.	.	mrna
A00839:75:H7MFFDSXY:3:2570:24560:13213	chr1	152356979	152357128	True	-297	150M	255	0	25	0.7074415683746338	ambig_opp_strand	unspliced	1437	12	RIGEL_NRNA_chr1_1_152335378_152364080		RIGEL_NRNA_chr1_1_152335378_152364080	nrna
A00839:75:H7MFFDSXY:3:2162:15402:1266	chr1	152352263	152352412	False	201	150M	255	0	3	0.875561535358429	ambig_opp_strand	unspliced	1437	12	ENST00000388718.5	FLG2	ENSG00000143520.6	mrna
A00839:75:H7MFFDSXY:3:1510:18936:11553	chr1	152351277	152351426	True	-243	150M	255	2	25	0.8161431550979614	ambig_opp_strand	unspliced	1437	12	RIGEL_NRNA_chr1_1_152335378_152364080		RIGEL_NRNA_chr1_1_152335378_152364080	nrna
A00839:75:H7MFFDSXY:3:1632:21739:28682	chr1	152357346	152357495	True	-246	150M	255	0	25	0.8146498203277588	ambig_opp_strand	unspliced	1437	12	RIGEL_NRNA_chr1_1_152335378_152364080		RIGEL_NRNA_chr1_1_152335378_152364080	nrna
A00839:75:H7MFFDSXY:3:1552:20193:29512	chr1	152352881	152353030	True	-388	150M	255	0	5	0.9266823530197144	ambig_opp_strand	unspliced	-1	12	.	.	.	mrna
A00839:75:H7MFFDSXY:3:2254:32045:29309	chr1	152357095	152357244	False	248	150M	255	0	3	0.8739234805107117	ambig_opp_strand	unspliced	1437	12	ENST00000388718.5	FLG2	ENSG00000143520.6	mrna
A00839:75:H7MFFDSXY:3:1471:22218:29982	chr1	152354057	152354206	True	-378	150M	255	0	5	0.8826590776443481	ambig_opp_strand	unspliced	-1	12	.	.	.	mrna
A00839:75:H7MFFDSXY:3:2330:15411:18662	chr1	152357366	152357515	True	-315	150M	255	1	5	0.32246434688568115	ambig_opp_strand	unspliced	-1	12	.	.	.	mrna
A00839:75:H7MFFDSXY:3:2225:19904:8218	chr1	152356378	152356527	False	156	150M	255	0	3	0.8558743000030518	ambig_opp_strand	unspliced	1437	12	ENST00000388718.5	FLG2	ENSG00000143520.6	mrna
A00839:75:H7MFFDSXY:3:2417:3784:4413	chr1	152354905	152354988	True	-315	84M	255	0	5	0.322464257478714	ambig_opp_strand	unspliced	-1	12	.	.	.	mrna
A00839:75:H7MFFDSXY:3:2344:26576:10535	chr1	152358765	152358914	False	292	150M	255	0	25	0.6107968091964722	ambig_opp_strand	unspliced	1437	12	RIGEL_NRNA_chr1_2_152348734_152360006		RIGEL_NRNA_chr1_2_152348734_152360006	nrna
A00839:75:H7MFFDSXY:3:2247:30327:15311	chr1	152354288	152354437	True	-361	150M	255	0	5	0.7354804873466492	ambig_opp_strand	unspliced	-1	12	.	.	.	mrna
A00839:75:H7MFFDSXY:3:2260:14290:18004	chr1	152356147	152356214	True	-749	68M	255	0	5	0.22255906462669373	ambig_opp_strand	unspliced	-1	12	.	.	.	mrna
A00839:75:H7MFFDSXY:3:2424:20663:5368	chr1	152356962	152357111	False	472	150M	255	0	5	0.737991452217102	ambig_opp_strand	unspliced	-1	12	.	.	.	mrna
A00839:75:H7MFFDSXY:3:2364:20274:5290	chr1	152351303	152351452	True	-357	150M	255	0	5	0.6967923641204834	ambig_opp_strand	unspliced	-1	12	.	.	.	mrna
A00839:75:H7MFFDSXY:3:2264:15799:35806	chr1	152354790	152354939	True	-231	150M	255	0	5	0.10638206452131271	ambig_opp_strand	unspliced	-1	12	.	.	.	mrna
A00839:75:H7MFFDSXY:3:1371:13024:20791	chr1	152353869	152354018	True	-390	150M	255	0	5	0.9242245554924011	ambig_opp_strand	unspliced	-1	12	.	.	.	mrna
A00839:75:H7MFFDSXY:3:2224:24261:28573	chr1	152352756	152352905	True	-185	150M	255	0	5	0.12057266384363174	ambig_opp_strand	unspliced	-1	12	.	.	.	mrna
A00839:75:H7MFFDSXY:3:2136:25265:34882	chr1	152350792	152350941	False	285	150M	255	0	3	0.8539189100265503	ambig_opp_strand	unspliced	1437	12	ENST00000388718.5	FLG2	ENSG00000143520.6	mrna
A00839:75:H7MFFDSXY:3:1227:26467:13761	chr1	152354245	152354394	True	-370	150M	255	0	5	0.8261558413505554	ambig_opp_strand	unspliced	-1	12	.	.	.	mrna
A00839:75:H7MFFDSXY:3:1578:32325:29669	chr1	152350558	152350707	False	336	150M	255	0	3	0.7415010929107666	ambig_opp_strand	unspliced	1437	12	ENST00000388718.5	FLG2	ENSG00000143520.6	mrna
A00839:75:H7MFFDSXY:3:1249:25861:15781	chr1	152351977	152352126	True	-359	150M	255	0	5	0.7190709114074707	ambig_opp_strand	unspliced	-1	12	.	.	.	mrna
A00839:75:H7MFFDSXY:3:1642:27796:10708	chr1	152354101	152354250	False	385	150M	255	0	5	0.726360559463501	ambig_opp_strand	unspliced	-1	12	.	.	.	mrna
A00839:75:H7MFFDSXY:3:1119:1796:4914	chr1	152356331	152356480	False	375	150M	255	0	5	0.5958624482154846	ambig_opp_strand	unspliced	-1	12	.	.	.	mrna
A00839:75:H7MFFDSXY:3:2259:23628:6433	chr1	152354374	152354523	False	370	150M	255	0	3	0.42486053705215454	ambig_opp_strand	unspliced	1437	12	ENST00000388718.5	FLG2	ENSG00000143520.6	mrna
A00839:75:H7MFFDSXY:3:1569:32353:20635	chr1	152351233	152351382	False	392	150M	255	0	5	0.760369062423706	ambig_opp_strand	unspliced	-1	12	.	.	.	mrna
A00839:75:H7MFFDSXY:3:1148:15058:3490	chr1	152352933	152353082	False	282	150M	255	0	3	0.8560124039649963	ambig_opp_strand	unspliced	1437	12	ENST00000388718.5	FLG2	ENSG00000143520.6	mrna
A00839:75:H7MFFDSXY:3:1642:4652:4194	chr1	152353350	152353499	False	393	150M	255	0	3	0.2110024094581604	ambig_opp_strand	unspliced	1437	12	ENST00000388718.5	FLG2	ENSG00000143520.6	mrna
A00839:75:H7MFFDSXY:3:2528:12472:31735	chr1	152354106	152354255	False	324	150M	255	1	3	0.7866252064704895	ambig_opp_strand	unspliced	1437	12	ENST00000388718.5	FLG2	ENSG00000143520.6	mrna
A00839:75:H7MFFDSXY:3:1344:32280:19163	chr1	152354130	152354279	False	254	150M	255	0	3	0.8718764185905457	ambig_opp_strand	unspliced	1437	12	ENST00000388718.5	FLG2	ENSG00000143520.6	mrna
A00839:75:H7MFFDSXY:3:2511:22643:10864	chr1	152351979	152352128	False	301	150M	255	0	3	0.8352404832839966	ambig_opp_strand	unspliced	1437	12	ENST00000388718.5	FLG2	ENSG00000143520.6	mrna
A00839:75:H7MFFDSXY:3:2647:25880:18568	chr1	152353117	152353266	True	-230	150M	255	0	5	0.10424063354730606	ambig_opp_strand	unspliced	-1	12	.	.	.	mrna
A00839:75:H7MFFDSXY:3:1335:11180:35039	chr1	152351062	152351155	False	319	94M	255	0	25	0.08773960918188095	ambig_opp_strand	unspliced	1437	12	RIGEL_NRNA_chr1_2_152348734_152360006		RIGEL_NRNA_chr1_2_152348734_152360006	nrna
A00839:75:H7MFFDSXY:3:1441:24677:30827	chr1	152355309	152355444	False	361	136M	255	0	3	0.544156551361084	ambig_opp_strand	unspliced	1437	12	ENST00000388718.5	FLG2	ENSG00000143520.6	mrna
A00839:75:H7MFFDSXY:3:1426:2248:2534	chr1	152356356	152356505	False	348	150M	255	0	5	0.26308318972587585	ambig_opp_strand	unspliced	-1	12	.	.	.	mrna
A00839:75:H7MFFDSXY:3:2229:16514:18317	chr1	152353938	152354087	True	-167	150M	255	0	25	0.781233012676239	ambig_opp_strand	unspliced	1437	12	RIGEL_NRNA_chr1_1_152335378_152364080		RIGEL_NRNA_chr1_1_152335378_152364080	nrna
A00839:75:H7MFFDSXY:3:2218:22580:9377	chr1	152352789	152352883	False	326	95M	255	0	3	0.7785993218421936	ambig_opp_strand	unspliced	1437	12	ENST00000388718.5	FLG2	ENSG00000143520.6	mrna
A00839:75:H7MFFDSXY:3:2373:2663:27555	chr1	152357014	152357163	False	328	150M	255	0	3	0.7733120918273926	ambig_opp_strand	unspliced	1437	12	ENST00000388718.5	FLG2	ENSG00000143520.6	mrna
A00839:75:H7MFFDSXY:3:1514:29089:36151	chr1	152357261	152357410	True	-262	150M	255	0	25	0.7931538224220276	ambig_opp_strand	unspliced	1437	12	RIGEL_NRNA_chr1_1_152335378_152364080		RIGEL_NRNA_chr1_1_152335378_152364080	nrna
A00839:75:H7MFFDSXY:3:1353:30309:15875	chr1	152350833	152350982	True	-287	150M	255	1	25	0.7398526072502136	ambig_opp_strand	unspliced	1437	12	RIGEL_NRNA_chr1_1_152335378_152364080		RIGEL_NRNA_chr1_1_152335378_152364080	nrna
A00839:75:H7MFFDSXY:3:1626:2790:13213	chr1	152356151	152356300	True	-482	150M	255	0	5	0.9325676560401917	ambig_opp_strand	unspliced	-1	12	.	.	.	mrna
A00839:75:H7MFFDSXY:3:1622:23854:28964	chr1	152352074	152352223	False	415	150M	255	0	5	0.7666460275650024	ambig_opp_strand	unspliced	-1	12	.	.	.	mrna
A00839:75:H7MFFDSXY:3:2568:23249:28948	chr1	152353315	152353464	False	334	150M	255	0	3	0.7501073479652405	ambig_opp_strand	unspliced	1437	12	ENST00000388718.5	FLG2	ENSG00000143520.6	mrna
A00839:75:H7MFFDSXY:3:1145:9941:8563	chr1	152352130	152352279	False	281	150M	255	0	25	0.09414288401603699	ambig_opp_strand	unspliced	1437	12	RIGEL_NRNA_chr1_2_152348734_152360006		RIGEL_NRNA_chr1_2_152348734_152360006	nrna
A00839:75:H7MFFDSXY:3:1501:8097:8437	chr1	152354153	152354302	True	-277	150M	255	0	25	0.7628653645515442	ambig_opp_strand	unspliced	1437	12	RIGEL_NRNA_chr1_1_152335378_152364080		RIGEL_NRNA_chr1_1_152335378_152364080	nrna
A00839:75:H7MFFDSXY:3:1301:22435:8970	chr1	152355366	152355405	True	-118	40M	1	0	128	0.0	.	unknown	-1	0	.	.	.	mrna
A00839:75:H7MFFDSXY:3:2630:23610:36088	chr1	152356215	152356364	True	-285	150M	255	0	25	0.7452908754348755	ambig_opp_strand	unspliced	1437	12	RIGEL_NRNA_chr1_1_152335378_152364080		RIGEL_NRNA_chr1_1_152335378_152364080	nrna
A00839:75:H7MFFDSXY:3:1326:1895:8688	chr1	152355272	152355417	True	-311	146M	255	0	25	0.6406136155128479	ambig_opp_strand	unspliced	1437	12	RIGEL_NRNA_chr1_1_152335378_152364080		RIGEL_NRNA_chr1_1_152335378_152364080	nrna
A00839:75:H7MFFDSXY:3:2346:27896:5713	chr1	152353672	152353800	True	-331	21S129M	255	0	25	0.5188990235328674	ambig_opp_strand	unspliced	1437	12	RIGEL_NRNA_chr1_1_152335378_152364080		RIGEL_NRNA_chr1_1_152335378_152364080	nrna
A00839:75:H7MFFDSXY:3:2126:14434:25551	chr1	152355922	152356004	True	-308	83M	255	1	25	0.6581496000289917	ambig_opp_strand	unspliced	1437	12	RIGEL_NRNA_chr1_1_152335378_152364080		RIGEL_NRNA_chr1_1_152335378_152364080	nrna
A00839:75:H7MFFDSXY:3:1511:19316:2754	chr1	152356700	152356849	False	248	150M	255	2	3	0.8739234805107117	ambig_opp_strand	unspliced	1437	12	ENST00000388718.5	FLG2	ENSG00000143520.6	mrna
A00839:75:H7MFFDSXY:3:1630:5511:36213	chr1	152353163	152353312	False	376	150M	255	0	5	0.60885089635849	ambig_opp_strand	unspliced	-1	12	.	.	.	mrna
A00839:75:H7MFFDSXY:3:2209:11360:4100	chr1	152350676	152350825	False	320	150M	255	0	3	0.7966775298118591	ambig_opp_strand	unspliced	1437	12	ENST00000388718.5	FLG2	ENSG00000143520.6	mrna
A00839:75:H7MFFDSXY:3:2372:4038:9204	chr1	152357393	152357542	True	-276	150M	255	0	5	0.16678857803344727	ambig_opp_strand	unspliced	-1	12	.	.	.	mrna
A00839:75:H7MFFDSXY:3:1667:22227:7232	chr1	152352767	152352916	True	-347	150M	255	0	25	0.3689029812812805	ambig_opp_strand	unspliced	1437	12	RIGEL_NRNA_chr1_1_152335378_152364080		RIGEL_NRNA_chr1_1_152335378_152364080	nrna
A00839:75:H7MFFDSXY:3:2628:5647:24111	chr1	152353791	152353940	False	451	150M	255	0	3	0.20338454842567444	ambig_opp_strand	unspliced	1437	12	ENST00000388718.5	FLG2	ENSG00000143520.6	mrna
A00839:75:H7MFFDSXY:3:1544:21423:20181	chr1	152355342	152355491	True	-391	150M	255	0	5	0.9352997541427612	ambig_opp_strand	unspliced	-1	12	.	.	.	mrna
A00839:75:H7MFFDSXY:3:1174:6696:30968	chr1	152353419	152353497	False	310	79M	255	0	3	0.8198214769363403	ambig_opp_strand	unspliced	1437	12	ENST00000388718.5	FLG2	ENSG00000143520.6	mrna
A00839:75:H7MFFDSXY:3:1417:19434:1266	chr1	152356488	152356637	True	-344	150M	255	0	5	0.5674733519554138	ambig_opp_strand	unspliced	-1	12	.	.	.	mrna
A00839:75:H7MFFDSXY:3:1652:12970:35446	chr1	152357695	152357844	True	-348	150M	255	0	5	0.6029844284057617	ambig_opp_strand	unspliced	-1	12	.	.	.	mrna
A00839:75:H7MFFDSXY:3:2240:13711:20572	chr1	152357160	152357309	False	346	150M	255	0	3	0.6764441728591919	ambig_opp_strand	unspliced	1437	12	ENST00000388718.5	FLG2	ENSG00000143520.6	mrna
A00839:75:H7MFFDSXY:3:2207:9959:2863	chr1	152356049	152356198	False	247	150M	255	0	3	0.8741095662117004	ambig_opp_strand	unspliced	1437	12	ENST00000388718.5	FLG2	ENSG00000143520.6	mrna
A00839:75:H7MFFDSXY:3:2308:15447:8609	chr1	152356315	152356464	True	-486	150M	255	0	5	0.9355076551437378	ambig_opp_strand	unspliced	-1	12	.	.	.	mrna
A00839:75:H7MFFDSXY:3:2418:2555:23140	chr1	152358929	152359078	True	-400	150M	255	0	5	0.9302594065666199	ambig_opp_strand	unspliced	-1	12	.	.	.	mrna
A00839:75:H7MFFDSXY:3:2261:13584:35102	chr1	152354731	152354810	True	-311	80M	255	0	25	0.6406136155128479	ambig_opp_strand	unspliced	1437	12	RIGEL_NRNA_chr1_1_152335378_152364080		RIGEL_NRNA_chr1_1_152335378_152364080	nrna
A00839:75:H7MFFDSXY:3:1203:28366:15264	chr1	152352606	152352755	True	-410	150M	255	0	5	0.9314265847206116	ambig_opp_strand	unspliced	-1	12	.	.	.	mrna
A00839:75:H7MFFDSXY:3:1510:21730:27539	chr1	152352761	152352910	True	-348	150M	255	0	5	0.6022961735725403	ambig_opp_strand	unspliced	-1	12	.	.	.	mrna
A00839:75:H7MFFDSXY:3:1470:16984:27398	chr1	152354967	152355116	False	219	150M	255	0	3	0.8770769834518433	ambig_opp_strand	unspliced	1437	12	ENST00000388718.5	FLG2	ENSG00000143520.6	mrna
A00839:75:H7MFFDSXY:3:2403:10402:14559	chr1	152356078	152356227	False	269	150M	255	0	3	0.8645336031913757	ambig_opp_strand	unspliced	1437	12	ENST00000388718.5	FLG2	ENSG00000143520.6	mrna
A00839:75:H7MFFDSXY:3:1569:7238:35728	chr1	152356172	152356321	False	215	150M	255	0	3	0.8770505785942078	ambig_opp_strand	unspliced	1437	12	ENST00000388718.5	FLG2	ENSG00000143520.6	mrna
A00839:75:H7MFFDSXY:3:1572:19443:6887	chr1	152353790	152353939	True	-336	150M	255	0	25	0.48075684905052185	ambig_opp_strand	unspliced	1437	12	RIGEL_NRNA_chr1_1_152335378_152364080		RIGEL_NRNA_chr1_1_152335378_152364080	nrna
A00839:75:H7MFFDSXY:3:1202:2636:23876	chr1	152355957	152356020	False	289	64M	3	0	128	0.0	.	unknown	-1	0	.	.	.	mrna
A00839:75:H7MFFDSXY:3:2676:8947:8750	chr1	152357354	152357503	True	-292	150M	255	0	5	0.2106437385082245	ambig_opp_strand	unspliced	-1	12	.	.	.	mrna
A00839:75:H7MFFDSXY:3:2675:11071:5321	chr1	152355250	152355399	True	-326	150M	255	0	5	0.39972826838493347	ambig_opp_strand	unspliced	-1	12	.	.	.	mrna
A00839:75:H7MFFDSXY:3:2670:31738:27305	chr1	152354679	152354828	True	-266	150M	255	0	25	0.786992073059082	ambig_opp_strand	unspliced	1437	12	RIGEL_NRNA_chr1_1_152335378_152364080		RIGEL_NRNA_chr1_1_152335378_152364080	nrna
A00839:75:H7MFFDSXY:3:2103:2302:20165	chr1	152352547	152352696	False	380	150M	255	0	5	0.6614811420440674	ambig_opp_strand	unspliced	-1	12	.	.	.	mrna
A00839:75:H7MFFDSXY:3:1173:3938:22561	chr1	152351390	152351539	True	-326	150M	255	0	5	0.39972826838493347	ambig_opp_strand	unspliced	-1	12	.	.	.	mrna
A00839:75:H7MFFDSXY:3:1519:11234:7545	chr1	152355409	152355558	False	222	150M	255	0	3	0.8766753077507019	ambig_opp_strand	unspliced	1437	12	ENST00000388718.5	FLG2	ENSG00000143520.6	mrna
A00839:75:H7MFFDSXY:3:2537:29152:1752	chr1	152355557	152355705	False	377	1S149M	255	0	3	0.34247100353240967	ambig_opp_strand	unspliced	1437	12	ENST00000388718.5	FLG2	ENSG00000143520.6	mrna
A00839:75:H7MFFDSXY:3:1111:30861:32769	chr1	152353739	152353888	False	357	150M	255	0	5	0.3513805866241455	ambig_opp_strand	unspliced	-1	12	.	.	.	mrna
A00839:75:H7MFFDSXY:3:2431:24695:36370	chr1	152353788	152353937	True	-330	150M	255	0	5	0.4251745045185089	ambig_opp_strand	unspliced	-1	12	.	.	.	mrna
A00839:75:H7MFFDSXY:3:2252:27615:2973	chr1	152352804	152352913	False	341	110M	255	0	3	0.7092514634132385	ambig_opp_strand	unspliced	1437	12	ENST00000388718.5	FLG2	ENSG00000143520.6	mrna
A00839:75:H7MFFDSXY:3:2141:29731:5603	chr1	152351140	152351288	True	-283	149M	255	2	5	0.18451757729053497	ambig_opp_strand	unspliced	-1	12	.	.	.	mrna
A00839:75:H7MFFDSXY:3:1621:31891:1579	chr1	152351884	152352033	True	-229	150M	255	0	25	0.8217366337776184	ambig_opp_strand	unspliced	1437	12	RIGEL_NRNA_chr1_1_152335378_152364080		RIGEL_NRNA_chr1_1_152335378_152364080	nrna
A00839:75:H7MFFDSXY:3:1609:31286:32471	chr1	152351099	152351248	True	-391	150M	255	0	5	0.9352997541427612	ambig_opp_strand	unspliced	-1	12	.	.	.	mrna
A00839:75:H7MFFDSXY:3:1537:10746:19069	chr1	152354374	152354523	True	-364	150M	255	0	5	0.7669575810432434	ambig_opp_strand	unspliced	-1	12	.	.	.	mrna
A00839:75:H7MFFDSXY:3:1139:13874:36323	chr1	152350805	152350954	True	-445	150M	255	0	5	0.9166716933250427	ambig_opp_strand	unspliced	-1	12	.	.	.	mrna
A00839:75:H7MFFDSXY:3:2315:12500:14810	chr1	152353039	152353188	False	289	150M	255	0	5	0.05592508241534233	ambig_opp_strand	unspliced	-1	12	.	.	.	mrna
A00839:75:H7MFFDSXY:3:2476:24316:6872	chr1	152356298	152356447	True	-432	150M	255	0	5	0.9306532144546509	ambig_opp_strand	unspliced	-1	12	.	.	.	mrna
A00839:75:H7MFFDSXY:3:2415:28772:12242	chr1	152352822	152352939	True	-343	118M	255	0	25	0.40933963656425476	ambig_opp_strand	unspliced	1437	12	RIGEL_NRNA_chr1_1_152335378_152364080		RIGEL_NRNA_chr1_1_152335378_152364080	nrna
A00839:75:H7MFFDSXY:3:2410:28049:10394	chr1	152356976	152357125	True	-249	150M	255	0	5	0.11649055033922195	ambig_opp_strand	unspliced	-1	12	.	.	.	mrna
A00839:75:H7MFFDSXY:3:2236:8070:7513	chr1	152354914	152355036	True	-354	123M	255	0	5	0.6764689683914185	ambig_opp_strand	unspliced	-1	12	.	.	.	mrna
A00839:75:H7MFFDSXY:3:2431:28890:15608	chr1	152355730	152355823	True	-325	94M	255	0	5	0.3908344507217407	ambig_opp_strand	unspliced	-1	12	.	.	.	mrna
A00839:75:H7MFFDSXY:3:2221:9435:11287	chr1	152352111	152352157	True	-272	47M	255	0	25	0.7745859622955322	ambig_opp_strand	unspliced	1437	12	RIGEL_NRNA_chr1_1_152335378_152364080		RIGEL_NRNA_chr1_1_152335378_152364080	nrna
A00839:75:H7MFFDSXY:3:2618:21712:19116	chr1	152351476	152351625	True	-297	150M	255	0	25	0.7074415683746338	ambig_opp_strand	unspliced	1437	12	RIGEL_NRNA_chr1_1_152335378_152364080		RIGEL_NRNA_chr1_1_152335378_152364080	nrna
A00839:75:H7MFFDSXY:3:1342:1633:18756	chr1	152353743	152353892	True	-317	150M	255	1	5	0.33711427450180054	ambig_opp_strand	unspliced	-1	12	.	.	.	mrna
A00839:75:H7MFFDSXY:3:1438:14127:34632	chr1	152356700	152356849	True	-316	150M	255	0	5	0.33070001006126404	ambig_opp_strand	unspliced	-1	12	.	.	.	mrna
A00839:75:H7MFFDSXY:3:2408:7292:10019	chr1	152353953	152354102	True	-274	150M	255	0	25	0.7696875333786011	ambig_opp_strand	unspliced	1437	12	RIGEL_NRNA_chr1_1_152335378_152364080		RIGEL_NRNA_chr1_1_152335378_152364080	nrna
A00839:75:H7MFFDSXY:3:1530:26865:34773	chr1	152355458	152356063	True	-689	32M456N118M	255	0	25	0.9189491868019104	ambig_opp_strand	spliced_unannot	1437	11	RIGEL_NRNA_chr1_1_152335378_152364080		RIGEL_NRNA_chr1_1_152335378_152364080	nrna
A00839:75:H7MFFDSXY:3:2370:15474:1579	chr1	152356968	152357117	False	319	150M	255	0	5	0.11374539881944656	ambig_opp_strand	unspliced	-1	12	.	.	.	mrna
A00839:75:H7MFFDSXY:3:1206:25129:21997	chr1	152355867	152355918	False	277	52M	3	0	128	0.0	.	unknown	-1	0	.	.	.	mrna
A00839:75:H7MFFDSXY:3:1104:28311:28197	chr1	152351106	152351251	False	221	146M	255	0	3	0.8767815828323364	ambig_opp_strand	unspliced	1437	12	ENST00000388718.5	FLG2	ENSG00000143520.6	mrna
A00839:75:H7MFFDSXY:3:1649:19307:12258	chr1	152353295	152353444	True	-273	150M	255	0	25	0.7733746767044067	ambig_opp_strand	unspliced	1437	12	RIGEL_NRNA_chr1_1_152335378_152364080		RIGEL_NRNA_chr1_1_152335378_152364080	nrna
A00839:75:H7MFFDSXY:3:2351:30933:35462	chr1	152351207	152351356	True	-253	150M	255	0	25	0.80689537525177	ambig_opp_strand	unspliced	1437	12	RIGEL_NRNA_chr1_1_152335378_152364080		RIGEL_NRNA_chr1_1_152335378_152364080	nrna
A00839:75:H7MFFDSXY:3:2650:1145:36072	chr1	152353638	152353787	False	191	150M	255	0	3	0.8736082911491394	ambig_opp_strand	unspliced	1437	12	ENST00000388718.5	FLG2	ENSG00000143520.6	mrna
A00839:75:H7MFFDSXY:3:1354:26386:5666	chr1	152351738	152351887	False	335	150M	255	0	3	0.7424190044403076	ambig_opp_strand	unspliced	1437	12	ENST00000388718.5	FLG2	ENSG00000143520.6	mrna
A00839:75:H7MFFDSXY:3:2522:31412:24831	chr1	152354250	152354399	False	209	150M	255	0	3	0.8765106201171875	ambig_opp_strand	unspliced	1437	12	ENST00000388718.5	FLG2	ENSG00000143520.6	mrna
A00839:75:H7MFFDSXY:3:2343:21197:17691	chr1	152355171	152355320	True	-388	150M	255	0	5	0.9266822934150696	ambig_opp_strand	unspliced	-1	12	.	.	.	mrna
A00839:75:H7MFFDSXY:3:1536:17951:24126	chr1	152353209	152353358	True	-431	150M	255	0	5	0.9284845590591431	ambig_opp_strand	unspliced	-1	12	.	.	.	mrna
A00839:75:H7MFFDSXY:3:2449:19262:18787	chr1	152354201	152354350	False	175	150M	255	0	3	0.8690045475959778	ambig_opp_strand	unspliced	1437	12	ENST00000388718.5	FLG2	ENSG00000143520.6	mrna
A00839:75:H7MFFDSXY:3:1172:3278:8703	chr1	152357606	152357755	False	191	150M	255	0	25	0.7596190571784973	ambig_opp_strand	unspliced	1437	12	RIGEL_NRNA_chr1_2_152348734_152360006		RIGEL_NRNA_chr1_2_152348734_152360006	nrna
A00839:75:H7MFFDSXY:3:1524:21178:33285	chr1	152353729	152353878	False	348	150M	255	0	5	0.26308318972587585	ambig_opp_strand	unspliced	-1	12	.	.	.	mrna
A00839:75:H7MFFDSXY:3:1305:30526:34319	chr1	152353487	152353636	False	220	150M	255	0	3	0.8768438100814819	ambig_opp_strand	unspliced	1437	12	ENST00000388718.5	FLG2	ENSG00000143520.6	mrna
A00839:75:H7MFFDSXY:3:1234:5656:10911	chr1	152351892	152352041	True	-513	150M	255	0	5	0.9293548464775085	ambig_opp_strand	unspliced	-1	12	.	.	.	mrna
A00839:75:H7MFFDSXY:3:2561:6207:13088	chr1	152355042	152355188	False	378	147M	255	0	3	0.3248266875743866	ambig_opp_strand	unspliced	1437	12	ENST00000388718.5	FLG2	ENSG00000143520.6	mrna
A00839:75:H7MFFDSXY:3:1665:8486:25582	chr1	152352444	152352530	True	-318	87M	255	0	5	0.34324511885643005	ambig_opp_strand	unspliced	-1	12	.	.	.	mrna
A00839:75:H7MFFDSXY:3:1142:1488:29434	chr1	152355380	152355985	False	716	110M456N40M	255	0	3	0.9008230566978455	ambig_opp_strand	spliced_unannot	1437	11	ENST00000388718.5	FLG2	ENSG00000143520.6	mrna
A00839:75:H7MFFDSXY:3:1539:2600:30326	chr1	152351174	152351323	True	-223	150M	255	1	25	0.8243521451950073	ambig_opp_strand	unspliced	1437	12	RIGEL_NRNA_chr1_1_152335378_152364080		RIGEL_NRNA_chr1_1_152335378_152364080	nrna
A00839:75:H7MFFDSXY:3:1437:31448:30373	chr1	152358506	152358655	False	342	150M	255	0	25	0.2651865780353546	ambig_opp_strand	unspliced	1437	12	RIGEL_NRNA_chr1_2_152348734_152360006		RIGEL_NRNA_chr1_2_152348734_152360006	nrna
A00839:75:H7MFFDSXY:3:2447:24930:33176	chr1	152356493	152356641	False	175	149M1S	255	1	3	0.8690046072006226	ambig_opp_strand	unspliced	1437	12	ENST00000388718.5	FLG2	ENSG00000143520.6	mrna
A00839:75:H7MFFDSXY:3:2466:13738:14293	chr1	152353361	152353510	True	-321	150M	255	0	25	0.5853350758552551	ambig_opp_strand	unspliced	1437	12	RIGEL_NRNA_chr1_1_152335378_152364080		RIGEL_NRNA_chr1_1_152335378_152364080	nrna
A00839:75:H7MFFDSXY:3:2670:11812:25238	chr1	152351801	152351950	True	-429	150M	255	0	5	0.9305570721626282	ambig_opp_strand	unspliced	-1	12	.	.	.	mrna
A00839:75:H7MFFDSXY:3:1578:17101:1799	chr1	152357319	152357468	False	525	150M	255	1	5	0.9635148048400879	ambig_opp_strand	unspliced	-1	12	.	.	.	mrna
A00839:75:H7MFFDSXY:3:1375:31810:12336	chr1	152351624	152351773	False	251	150M	255	0	3	0.872718870639801	ambig_opp_strand	unspliced	1437	12	ENST00000388718.5	FLG2	ENSG00000143520.6	mrna
A00839:75:H7MFFDSXY:3:2621:6659:13401	chr1	152354166	152354315	True	-280	150M	255	0	25	0.06051813066005707	ambig_opp_strand	unspliced	1437	12	RIGEL_NRNA_chr1_1_152189332_152365557		RIGEL_NRNA_chr1_1_152189332_152365557	nrna
A00839:75:H7MFFDSXY:3:1610:3694:33411	chr1	152353965	152354114	False	357	150M	255	0	3	0.5842913389205933	ambig_opp_strand	unspliced	1437	12	ENST00000388718.5	FLG2	ENSG00000143520.6	mrna
A00839:75:H7MFFDSXY:3:1454:13548:3944	chr1	152353247	152353396	True	-255	150M	255	1	25	0.8034446835517883	ambig_opp_strand	unspliced	1437	12	RIGEL_NRNA_chr1_1_152335378_152364080		RIGEL_NRNA_chr1_1_152335378_152364080	nrna
A00839:75:H7MFFDSXY:3:2269:10691:18035	chr1	152356805	152356954	True	-219	150M	255	0	25	0.8242809176445007	ambig_opp_strand	unspliced	1437	12	RIGEL_NRNA_chr1_1_152335378_152364080		RIGEL_NRNA_chr1_1_152335378_152364080	nrna
A00839:75:H7MFFDSXY:3:1568:1750:1078	chr1	152354348	152354493	True	-160	146M	255	0	25	0.7650343179702759	ambig_opp_strand	unspliced	1437	12	RIGEL_NRNA_chr1_1_152335378_152364080		RIGEL_NRNA_chr1_1_152335378_152364080	nrna
A00839:75:H7MFFDSXY:3:2448:23990:33364	chr1	152356215	152356364	False	230	150M	255	0	25	0.09635710716247559	ambig_opp_strand	unspliced	1437	12	RIGEL_NRNA_chr1_2_152348734_152360006		RIGEL_NRNA_chr1_2_152348734_152360006	nrna
A00839:75:H7MFFDSXY:3:1628:5782:2675	chr1	152354455	152354604	False	391	150M	255	4	3	0.20437195897102356	ambig_opp_strand	unspliced	1437	12	ENST00000388718.5	FLG2	ENSG00000143520.6	mrna
A00839:75:H7MFFDSXY:3:1474:27073:12461	chr1	152357058	152357207	False	309	150M	255	0	3	0.8205549716949463	ambig_opp_strand	unspliced	1437	12	ENST00000388718.5	FLG2	ENSG00000143520.6	mrna
A00839:75:H7MFFDSXY:3:2472:10420:29904	chr1	152357427	152357576	True	-528	150M	255	0	5	0.9172950983047485	ambig_opp_strand	unspliced	-1	12	.	.	.	mrna
A00839:75:H7MFFDSXY:3:2215:24153:22592	chr1	152356217	152356360	True	-408	144M	255	0	25	0.05808336287736893	ambig_opp_strand	unspliced	1437	12	RIGEL_NRNA_chr1_1_152335378_152364080		RIGEL_NRNA_chr1_1_152335378_152364080	nrna
A00839:75:H7MFFDSXY:3:1445:12002:26005	chr1	152351936	152352085	False	165	150M	255	0	3	0.8638240694999695	ambig_opp_strand	unspliced	1437	12	ENST00000388718.5	FLG2	ENSG00000143520.6	mrna
A00839:75:H7MFFDSXY:3:1527:18765:18615	chr1	152358824	152358973	True	-261	150M	255	0	25	0.7976778745651245	ambig_opp_strand	unspliced	1437	12	RIGEL_NRNA_chr1_1_152335378_152364080		RIGEL_NRNA_chr1_1_152335378_152364080	nrna
A00839:75:H7MFFDSXY:3:2633:21640:10441	chr1	152355064	152355213	False	444	150M	255	0	5	0.7724507451057434	ambig_opp_strand	unspliced	-1	12	.	.	.	mrna
A00839:75:H7MFFDSXY:3:1311:9742:4523	chr1	152351678	152351827	False	432	150M	255	0	5	0.7598251700401306	ambig_opp_strand	unspliced	-1	12	.	.	.	mrna
A00839:75:H7MFFDSXY:3:1609:30987:31422	chr1	152351209	152351358	True	-266	150M	255	0	25	0.786992073059082	ambig_opp_strand	unspliced	1437	12	RIGEL_NRNA_chr1_1_152335378_152364080		RIGEL_NRNA_chr1_1_152335378_152364080	nrna
A00839:75:H7MFFDSXY:3:1276:28302:34882	chr1	152353371	152353493	False	354	123M	255	0	3	0.6034058928489685	ambig_opp_strand	unspliced	1437	12	ENST00000388718.5	FLG2	ENSG00000143520.6	mrna
A00839:75:H7MFFDSXY:3:1204:23294:35697	chr1	152356755	152356898	False	144	144M	255	0	3	0.8384950757026672	ambig_opp_strand	unspliced	1437	12	ENST00000388718.5	FLG2	ENSG00000143520.6	mrna
A00839:75:H7MFFDSXY:3:1136:28221:24032	chr1	152353227	152353376	True	-276	150M	255	0	25	0.7656790018081665	ambig_opp_strand	unspliced	1437	12	RIGEL_NRNA_chr1_1_152335378_152364080		RIGEL_NRNA_chr1_1_152335378_152364080	nrna
A00839:75:H7MFFDSXY:3:2352:23213:20901	chr1	152353721	152353870	True	-302	150M	0	3	128	0.0	.	unknown	-1	0	.	.	.	mrna
A00839:75:H7MFFDSXY:3:2301:26332:24392	chr1	152351803	152351952	False	280	150M	255	1	3	0.8578622341156006	ambig_opp_strand	unspliced	1437	12	ENST00000388718.5	FLG2	ENSG00000143520.6	mrna
A00839:75:H7MFFDSXY:3:1250:1154:28823	chr1	152354107	152354256	False	278	150M	255	0	3	0.8588874340057373	ambig_opp_strand	unspliced	1437	12	ENST00000388718.5	FLG2	ENSG00000143520.6	mrna
A00839:75:H7MFFDSXY:3:1467:11342:36072	chr1	152355518	152355658	False	372	141M	255	1	3	0.40693533420562744	ambig_opp_strand	unspliced	1437	12	ENST00000388718.5	FLG2	ENSG00000143520.6	mrna
A00839:75:H7MFFDSXY:3:1437:13458:31876	chr1	152351445	152351594	True	-359	150M	255	0	5	0.7190709114074707	ambig_opp_strand	unspliced	-1	12	.	.	.	mrna
A00839:75:H7MFFDSXY:3:1145:13892:10144	chr1	152353621	152353770	True	-330	150M	255	0	5	0.4251745045185089	ambig_opp_strand	unspliced	-1	12	.	.	.	mrna
A00839:75:H7MFFDSXY:3:1673:3450:1204	chr1	152352895	152353044	True	-274	150M	255	0	25	0.7696875333786011	ambig_opp_strand	unspliced	1437	12	RIGEL_NRNA_chr1_1_152335378_152364080		RIGEL_NRNA_chr1_1_152335378_152364080	nrna
A00839:75:H7MFFDSXY:3:2675:16288:1423	chr1	152351111	152351243	False	133	133M	255	0	5	0.10642573237419128	ambig_opp_strand	unspliced	-1	12	.	.	.	mrna
A00839:75:H7MFFDSXY:3:1531:13340:35994	chr1	152354629	152354695	False	298	67M	255	0	3	0.8400419354438782	ambig_opp_strand	unspliced	1437	12	ENST00000388718.5	FLG2	ENSG00000143520.6	mrna
A00839:75:H7MFFDSXY:3:2333:4363:30530	chr1	152353004	152353153	False	385	150M	255	0	5	0.7263604402542114	ambig_opp_strand	unspliced	-1	12	.	.	.	mrna
A00839:75:H7MFFDSXY:3:2114:24831:21793	chr1	152354335	152354484	True	-448	150M	255	0	5	0.930001437664032	ambig_opp_strand	unspliced	-1	12	.	.	.	mrna
A00839:75:H7MFFDSXY:3:1621:17246:34021	chr1	152356524	152356673	True	-451	150M	255	0	5	0.9356775283813477	ambig_opp_strand	unspliced	-1	12	.	.	.	mrna
A00839:75:H7MFFDSXY:3:2664:20256:15969	chr1	152354082	152354231	False	222	150M	255	0	3	0.8766753077507019	ambig_opp_strand	unspliced	1437	12	ENST00000388718.5	FLG2	ENSG00000143520.6	mrna
A00839:75:H7MFFDSXY:3:2650:25364:29669	chr1	152355179	152355328	False	219	150M	255	0	3	0.8770769834518433	ambig_opp_strand	unspliced	1437	12	ENST00000388718.5	FLG2	ENSG00000143520.6	mrna
A00839:75:H7MFFDSXY:3:2504:21034:34601	chr1	152357506	152357655	False	238	150M	255	0	25	0.7760992050170898	ambig_opp_strand	unspliced	1437	12	RIGEL_NRNA_chr1_2_152348734_152360006		RIGEL_NRNA_chr1_2_152348734_152360006	nrna
A00839:75:H7MFFDSXY:3:1366:5466:4820	chr1	152351921	152352070	False	369	150M	255	0	5	0.508842945098877	ambig_opp_strand	unspliced	-1	12	.	.	.	mrna
A00839:75:H7MFFDSXY:3:1629:32895:23797	chr1	152350874	152351003	False	355	130M	255	0	5	0.33613699674606323	ambig_opp_strand	unspliced	-1	12	.	.	.	mrna
A00839:75:H7MFFDSXY:3:1359:6867:17080	chr1	152355047	152355104	True	-520	58M	255	0	5	0.9244897961616516	ambig_opp_strand	unspliced	-1	12	.	.	.	mrna
A00839:75:H7MFFDSXY:3:2251:5168:34491	chr1	152357185	152357334	False	223	150M	255	0	3	0.8770963549613953	ambig_opp_strand	unspliced	1437	12	ENST00000388718.5	FLG2	ENSG00000143520.6	mrna
A00839:75:H7MFFDSXY:3:1574:29939:29450	chr1	152354056	152354205	True	-401	150M	255	0	5	0.931551992893219	ambig_opp_strand	unspliced	-1	12	.	.	.	mrna
A00839:75:H7MFFDSXY:3:2321:15185:28134	chr1	152350463	152350612	False	210	150M	255	0	3	0.8767477869987488	ambig_opp_strand	unspliced	1437	12	ENST00000388718.5	FLG2	ENSG00000143520.6	mrna
A00839:75:H7MFFDSXY:3:2435:20537:4178	chr1	152352228	152352377	True	-324	150M	255	0	25	0.5687141418457031	ambig_opp_strand	unspliced	1437	12	RIGEL_NRNA_chr1_1_152335378_152364080		RIGEL_NRNA_chr1_1_152335378_152364080	nrna
A00839:75:H7MFFDSXY:3:2243:7826:4210	chr1	152357174	152357323	False	180	150M	255	0	5	0.03279058262705803	ambig_opp_strand	unspliced	-1	12	.	.	.	mrna
A00839:75:H7MFFDSXY:3:1317:7798:23578	chr1	152353388	152353537	True	-422	150M	255	0	5	0.9380946159362793	ambig_opp_strand	unspliced	-1	12	.	.	.	mrna
A00839:75:H7MFFDSXY:3:2558:21558:18850	chr1	152357527	152357676	False	367	150M	255	0	5	0.9032585620880127	ambig_opp_strand	unspliced	-1	12	.	.	.	mrna
A00839:75:H7MFFDSXY:3:1503:30463:28291	chr1	152356628	152356777	False	518	150M	255	0	5	0.6986117959022522	ambig_opp_strand	unspliced	-1	12	.	.	.	mrna
A00839:75:H7MFFDSXY:3:2256:2853:33646	chr1	152356063	152356212	True	-205	150M	255	0	25	0.8211627006530762	ambig_opp_strand	unspliced	1437	12	RIGEL_NRNA_chr1_1_152335378_152364080		RIGEL_NRNA_chr1_1_152335378_152364080	nrna
A00839:75:H7MFFDSXY:3:2343:12129:17206	chr1	152351490	152351639	True	-186	150M	255	0	25	0.8076047897338867	ambig_opp_strand	unspliced	1437	12	RIGEL_NRNA_chr1_1_152335378_152364080		RIGEL_NRNA_chr1_1_152335378_152364080	nrna
A00839:75:H7MFFDSXY:3:1215:29749:16532	chr1	152350862	152351011	False	380	150M	255	0	5	0.6614808440208435	ambig_opp_strand	unspliced	-1	12	.	.	.	mrna
A00839:75:H7MFFDSXY:3:1250:9616:3270	chr1	152352392	152352541	False	231	150M	255	0	3	0.876232922077179	ambig_opp_strand	unspliced	1437	12	ENST00000388718.5	FLG2	ENSG00000143520.6	mrna
A00839:75:H7MFFDSXY:3:2370:24677:31955	chr1	152358853	152359002	False	307	150M	255	0	5	0.48055195808410645	ambig_opp_strand	unspliced	-1	12	.	.	.	mrna
A00839:75:H7MFFDSXY:3:2567:15383:19398	chr1	152356132	152356281	False	256	150M	255	0	3	0.8710975646972656	ambig_opp_strand	unspliced	1437	12	ENST00000388718.5	FLG2	ENSG00000143520.6	mrna
A00839:75:H7MFFDSXY:3:2111:7835:34194	chr1	152352278	152352427	False	159	150M	255	0	25	0.09438670426607132	ambig_opp_strand	unspliced	1437	12	RIGEL_NRNA_chr1_2_152348734_152360006		RIGEL_NRNA_chr1_2_152348734_152360006	nrna
A00839:75:H7MFFDSXY:3:2272:5999:18552	chr1	152356977	152357126	False	332	150M	255	0	3	0.757500410079956	ambig_opp_strand	unspliced	1437	12	ENST00000388718.5	FLG2	ENSG00000143520.6	mrna
A00839:75:H7MFFDSXY:3:2533:3115:16532	chr1	152355352	152355501	False	368	150M	255	0	3	0.457546591758728	ambig_opp_strand	unspliced	1437	12	ENST00000388718.5	FLG2	ENSG00000143520.6	mrna
A00839:75:H7MFFDSXY:3:2655:28565:28604	chr1	152350881	152351026	False	230	146M	255	0	3	0.8767707943916321	ambig_opp_strand	unspliced	1437	12	ENST00000388718.5	FLG2	ENSG00000143520.6	mrna
A00839:75:H7MFFDSXY:3:1447:28049:17284	chr1	152353986	152354135	False	248	150M	255	1	3	0.8739234805107117	ambig_opp_strand	unspliced	1437	12	ENST00000388718.5	FLG2	ENSG00000143520.6	mrna
A00839:75:H7MFFDSXY:3:1340:12789:12649	chr1	152355721	152355870	False	407	150M	255	0	3	0.21863912045955658	ambig_opp_strand	unspliced	1437	12	ENST00000388718.5	FLG2	ENSG00000143520.6	mrna
A00839:75:H7MFFDSXY:3:2514:24406:16297	chr1	152355730	152355829	True	-331	100M	255	0	25	0.5188990235328674	ambig_opp_strand	unspliced	1437	12	RIGEL_NRNA_chr1_1_152335378_152364080		RIGEL_NRNA_chr1_1_152335378_152364080	nrna
A00839:75:H7MFFDSXY:3:2519:17824:15389	chr1	152356165	152356314	False	399	150M	255	0	5	0.7856777310371399	ambig_opp_strand	unspliced	-1	12	.	.	.	mrna
A00839:75:H7MFFDSXY:3:1356:21585:36933	chr1	152355483	152355632	False	217	150M	255	1	3	0.8770796060562134	ambig_opp_strand	unspliced	1437	12	ENST00000388718.5	FLG2	ENSG00000143520.6	mrna
A00839:75:H7MFFDSXY:3:2118:13277:17816	chr1	152351081	152351230	False	212	150M	255	0	3	0.8766981959342957	ambig_opp_strand	unspliced	1437	12	ENST00000388718.5	FLG2	ENSG00000143520.6	mrna
A00839:75:H7MFFDSXY:3:2238:32434:25567	chr1	152357087	152357236	True	-232	150M	255	0	25	0.8219346404075623	ambig_opp_strand	unspliced	1437	12	RIGEL_NRNA_chr1_1_152335378_152364080		RIGEL_NRNA_chr1_1_152335378_152364080	nrna
A00839:75:H7MFFDSXY:3:2231:5367:8312	chr1	152350964	152351113	True	-15	150M	255	8	25	0.7452908754348755	ambig_opp_strand	unspliced	1437	12	RIGEL_NRNA_chr1_1_152335378_152364080		RIGEL_NRNA_chr1_1_152335378_152364080	nrna
A00839:75:H7MFFDSXY:3:1158:20265:19711	chr1	152355253	152355402	False	937	150M	255	1	3	0.9008230566978455	ambig_opp_strand	spliced_unannot	1437	11	ENST00000388718.5	FLG2	ENSG00000143520.6	mrna
A00839:75:H7MFFDSXY:3:2145:22941:6903	chr1	152356604	152356753	True	-353	150M	255	0	5	0.664530336856842	ambig_opp_strand	unspliced	-1	12	.	.	.	mrna
A00839:75:H7MFFDSXY:3:1202:26024:20854	chr1	152356474	152356623	False	522	150M	255	0	5	0.7374270558357239	ambig_opp_strand	unspliced	-1	12	.	.	.	mrna
A00839:75:H7MFFDSXY:3:2613:18041:27602	chr1	152354797	152354855	False	521	59M	255	0	5	0.7790266275405884	ambig_opp_strand	unspliced	-1	12	.	.	.	mrna
A00839:75:H7MFFDSXY:3:1309:13150:23077	chr1	152353708	152353857	True	-272	150M	255	0	25	0.7745859622955322	ambig_opp_strand	unspliced	1437	12	RIGEL_NRNA_chr1_1_152335378_152364080		RIGEL_NRNA_chr1_1_152335378_152364080	nrna
A00839:75:H7MFFDSXY:3:1609:14814:9862	chr1	152356228	152356377	False	155	150M	255	0	3	0.8545492887496948	ambig_opp_strand	unspliced	1437	12	ENST00000388718.5	FLG2	ENSG00000143520.6	mrna
A00839:75:H7MFFDSXY:3:1576:4878:15421	chr1	152351414	152351461	True	-273	48M	255	0	25	0.7733746767044067	ambig_opp_strand	unspliced	1437	12	RIGEL_NRNA_chr1_1_152335378_152364080		RIGEL_NRNA_chr1_1_152335378_152364080	nrna
A00839:75:H7MFFDSXY:3:1214:11460:20337	chr1	152356996	152357145	False	324	150M	255	0	5	0.126770481467247	ambig_opp_strand	unspliced	-1	12	.	.	.	mrna
A00839:75:H7MFFDSXY:3:2566:12825:12962	chr1	152353624	152353773	False	295	150M	255	0	3	0.8436314463615417	ambig_opp_strand	unspliced	1437	12	ENST00000388718.5	FLG2	ENSG00000143520.6	mrna
A00839:75:H7MFFDSXY:3:2362:27064:36558	chr1	152352245	152352394	True	-407	150M	255	0	5	0.929754376411438	ambig_opp_strand	unspliced	-1	12	.	.	.	mrna
A00839:75:H7MFFDSXY:3:2501:14660:27696	chr1	152354266	152354415	True	-265	150M	255	0	25	0.7870409488677979	ambig_opp_strand	unspliced	1437	12	RIGEL_NRNA_chr1_1_152335378_152364080		RIGEL_NRNA_chr1_1_152335378_152364080	nrna
A00839:75:H7MFFDSXY:3:1108:25256:30483	chr1	152353435	152353584	True	-382	150M	255	0	5	0.9088407158851624	ambig_opp_strand	unspliced	-1	12	.	.	.	mrna
A00839:75:H7MFFDSXY:3:2271:28863:26897	chr1	152352815	152352964	True	-378	150M	255	0	5	0.8826590776443481	ambig_opp_strand	unspliced	-1	12	.	.	.	mrna
A00839:75:H7MFFDSXY:3:2160:11876:2487	chr1	152351915	152352064	True	-292	150M	255	0	25	0.7253783345222473	ambig_opp_strand	unspliced	1437	12	RIGEL_NRNA_chr1_1_152335378_152364080		RIGEL_NRNA_chr1_1_152335378_152364080	nrna
A00839:75:H7MFFDSXY:3:1207:30870:16939	chr1	152352344	152352493	True	-255	150M	255	0	5	0.12569187581539154	ambig_opp_strand	unspliced	-1	12	.	.	.	mrna
A00839:75:H7MFFDSXY:3:2426:17580:10457	chr1	152353080	152353229	False	154	150M	255	0	25	0.09385302662849426	ambig_opp_strand	unspliced	1437	12	RIGEL_NRNA_chr1_2_152348734_152360006		RIGEL_NRNA_chr1_2_152348734_152360006	nrna
A00839:75:H7MFFDSXY:3:1677:28528:7435	chr1	152356521	152356670	True	-443	150M	255	0	5	0.9468745589256287	ambig_opp_strand	unspliced	-1	12	.	.	.	mrna
A00839:75:H7MFFDSXY:3:2141:10511:31563	chr1	152350998	152351147	False	273	150M	255	0	3	0.8625490665435791	ambig_opp_strand	unspliced	1437	12	ENST00000388718.5	FLG2	ENSG00000143520.6	mrna
A00839:75:H7MFFDSXY:3:2547:29107:3333	chr1	152356202	152356351	False	304	150M	255	0	3	0.8305461406707764	ambig_opp_strand	unspliced	1437	12	ENST00000388718.5	FLG2	ENSG00000143520.6	mrna
A00839:75:H7MFFDSXY:3:1374:6551:36198	chr1	152352186	152352335	True	-249	150M	255	0	25	0.81190025806427	ambig_opp_strand	unspliced	1437	12	RIGEL_NRNA_chr1_1_152335378_152364080		RIGEL_NRNA_chr1_1_152335378_152364080	nrna
A00839:75:H7MFFDSXY:3:2226:21251:35446	chr1	152356102	152356251	False	318	150M	255	0	3	0.8020117878913879	ambig_opp_strand	unspliced	1437	12	ENST00000388718.5	FLG2	ENSG00000143520.6	mrna
A00839:75:H7MFFDSXY:3:2640:22697:35697	chr1	152353255	152353309	False	286	55M	0	0	128	0.0	.	unknown	-1	0	.	.	.	mrna
A00839:75:H7MFFDSXY:3:1101:22752:36886	chr1	152350503	152350652	True	-388	150M	255	0	5	0.9266822934150696	ambig_opp_strand	unspliced	-1	12	.	.	.	mrna
A00839:75:H7MFFDSXY:3:1115:1362:12555	chr1	152352354	152352455	False	327	102M	255	0	3	0.7761815786361694	ambig_opp_strand	unspliced	1437	12	ENST00000388718.5	FLG2	ENSG00000143520.6	mrna
A00839:75:H7MFFDSXY:3:2411:9959:9909	chr1	152356388	152356537	True	-325	150M	255	0	25	0.5597922205924988	ambig_opp_strand	unspliced	1437	12	RIGEL_NRNA_chr1_1_152335378_152364080		RIGEL_NRNA_chr1_1_152335378_152364080	nrna
A00839:75:H7MFFDSXY:3:2443:1145:15812	chr1	152356253	152356402	False	265	150M	255	0	3	0.866584837436676	ambig_opp_strand	unspliced	1437	12	ENST00000388718.5	FLG2	ENSG00000143520.6	mrna
A00839:75:H7MFFDSXY:3:1378:22055:24972	chr1	152357432	152357581	False	256	150M	255	0	25	0.742682933807373	ambig_opp_strand	unspliced	1437	12	RIGEL_NRNA_chr1_2_152348734_152360006		RIGEL_NRNA_chr1_2_152348734_152360006	nrna
A00839:75:H7MFFDSXY:3:1542:1497:7529	chr1	152355803	152355952	True	-311	150M	255	0	25	0.6406136155128479	ambig_opp_strand	unspliced	1437	12	RIGEL_NRNA_chr1_1_152335378_152364080		RIGEL_NRNA_chr1_1_152335378_152364080	nrna
A00839:75:H7MFFDSXY:3:2559:15049:11647	chr1	152358864	152359013	False	289	150M	255	0	5	0.3739418685436249	ambig_opp_strand	unspliced	-1	12	.	.	.	mrna
A00839:75:H7MFFDSXY:3:1478:9326:20807	chr1	152351737	152351832	False	96	96M	255	0	3	0.7662458419799805	ambig_opp_strand	unspliced	1437	12	ENST00000388718.5	FLG2	ENSG00000143520.6	mrna
A00839:75:H7MFFDSXY:3:2370:22715:7858	chr1	152352983	152353132	False	391	150M	255	0	5	0.7731274962425232	ambig_opp_strand	unspliced	-1	12	.	.	.	mrna
A00839:75:H7MFFDSXY:3:2636:10908:8046	chr1	152355239	152355388	True	-310	150M	255	0	25	0.647543728351593	ambig_opp_strand	unspliced	1437	12	RIGEL_NRNA_chr1_1_152335378_152364080		RIGEL_NRNA_chr1_1_152335378_152364080	nrna
A00839:75:H7MFFDSXY:3:1441:12644:27712	chr1	152352870	152353019	True	-325	150M	255	0	5	0.3908344507217407	ambig_opp_strand	unspliced	-1	12	.	.	.	mrna
A00839:75:H7MFFDSXY:3:2251:13883:27915	chr1	152356123	152356272	False	374	150M	255	0	5	0.5865570306777954	ambig_opp_strand	unspliced	-1	12	.	.	.	mrna
A00839:75:H7MFFDSXY:3:1402:32072:29418	chr1	152356810	152356959	True	-235	150M	255	0	25	0.8203124403953552	ambig_opp_strand	unspliced	1437	12	RIGEL_NRNA_chr1_1_152335378_152364080		RIGEL_NRNA_chr1_1_152335378_152364080	nrna
A00839:75:H7MFFDSXY:3:1465:24424:36401	chr1	152357127	152357276	False	227	150M	255	0	3	0.8766814470291138	ambig_opp_strand	unspliced	1437	12	ENST00000388718.5	FLG2	ENSG00000143520.6	mrna
A00839:75:H7MFFDSXY:3:1113:3143:29606	chr1	152353733	152353882	False	224	150M	255	0	3	0.8767849206924438	ambig_opp_strand	unspliced	1437	12	ENST00000388718.5	FLG2	ENSG00000143520.6	mrna
A00839:75:H7MFFDSXY:3:1332:5303:13870	chr1	152356146	152356295	False	242	150M	255	0	3	0.8752695918083191	ambig_opp_strand	unspliced	1437	12	ENST00000388718.5	FLG2	ENSG00000143520.6	mrna
A00839:75:H7MFFDSXY:3:2472:29812:21465	chr1	152353790	152353939	False	195	150M	255	0	3	0.874586284160614	ambig_opp_strand	unspliced	1437	12	ENST00000388718.5	FLG2	ENSG00000143520.6	mrna
A00839:75:H7MFFDSXY:3:1565:10655:12493	chr1	152354606	152354755	True	-261	150M	255	0	25	0.7956955432891846	ambig_opp_strand	unspliced	1437	12	RIGEL_NRNA_chr1_1_152335378_152364080		RIGEL_NRNA_chr1_1_152335378_152364080	nrna
A00839:75:H7MFFDSXY:3:1268:4815:21010	chr1	152353515	152353659	True	-376	145M	255	0	5	0.8684738278388977	ambig_opp_strand	unspliced	-1	12	.	.	.	mrna
A00839:75:H7MFFDSXY:3:1129:7934:22686	chr1	152355212	152355361	False	403	150M	255	4	5	0.7691531777381897	ambig_opp_strand	unspliced	-1	12	.	.	.	mrna
A00839:75:H7MFFDSXY:3:1345:12680:2096	chr1	152353442	152353591	True	-369	150M	255	0	5	0.81463623046875	ambig_opp_strand	unspliced	-1	12	.	.	.	mrna
A00839:75:H7MFFDSXY:3:2578:28357:23954	chr1	152352530	152352679	False	245	150M	255	0	3	0.8746313452720642	ambig_opp_strand	unspliced	1437	12	ENST00000388718.5	FLG2	ENSG00000143520.6	mrna
A00839:75:H7MFFDSXY:3:2142:20256:5572	chr1	152352841	152352908	False	299	68M	255	0	3	0.8387962579727173	ambig_opp_strand	unspliced	1437	12	ENST00000388718.5	FLG2	ENSG00000143520.6	mrna
A00839:75:H7MFFDSXY:3:2505:29496:28056	chr1	152354340	152354489	False	215	150M	255	0	3	0.8770505785942078	ambig_opp_strand	unspliced	1437	12	ENST00000388718.5	FLG2	ENSG00000143520.6	mrna
A00839:75:H7MFFDSXY:3:2456:3884:11381	chr1	152353796	152353945	False	515	150M	255	0	5	0.7405186295509338	ambig_opp_strand	unspliced	-1	12	.	.	.	mrna
A00839:75:H7MFFDSXY:3:1117:14045:20870	chr1	152352175	152352324	True	-384	150M	255	0	5	0.9103490114212036	ambig_opp_strand	unspliced	-1	12	.	.	.	mrna
A00839:75:H7MFFDSXY:3:1170:16125:8625	chr1	152352097	152352246	False	338	150M	255	0	5	0.18972191214561462	ambig_opp_strand	unspliced	-1	12	.	.	.	mrna
A00839:75:H7MFFDSXY:3:1549:18448:31657	chr1	152352880	152353029	True	-292	150M	255	1	5	0.21064357459545135	ambig_opp_strand	unspliced	-1	12	.	.	.	mrna
A00839:75:H7MFFDSXY:3:1665:7889:27179	chr1	152353285	152353434	True	-370	150M	255	0	5	0.8261558413505554	ambig_opp_strand	unspliced	-1	12	.	.	.	mrna
A00839:75:H7MFFDSXY:3:2477:12861:23829	chr1	152357257	152357406	False	401	150M	255	1	5	0.9700140357017517	ambig_opp_strand	unspliced	-1	12	.	.	.	mrna
A00839:75:H7MFFDSXY:3:1310:13150:15186	chr1	152352484	152352563	False	305	80M	255	0	5	0.07941173762083054	ambig_opp_strand	unspliced	-1	12	.	.	.	mrna
A00839:75:H7MFFDSXY:3:1229:29604:6292	chr1	152353812	152353961	True	-330	150M	255	0	25	0.528235673904419	ambig_opp_strand	unspliced	1437	12	RIGEL_NRNA_chr1_1_152335378_152364080		RIGEL_NRNA_chr1_1_152335378_152364080	nrna
A00839:75:H7MFFDSXY:3:2359:29306:6934	chr1	152356240	152356389	False	354	150M	255	1	3	0.603405773639679	ambig_opp_strand	unspliced	1437	12	ENST00000388718.5	FLG2	ENSG00000143520.6	mrna
A00839:75:H7MFFDSXY:3:2112:31340:18912	chr1	152357436	152357585	False	301	150M	255	0	25	0.5571328401565552	ambig_opp_strand	unspliced	1437	12	RIGEL_NRNA_chr1_2_152348734_152360006		RIGEL_NRNA_chr1_2_152348734_152360006	nrna
A00839:75:H7MFFDSXY:3:1349:20518:23970	chr1	152355929	152356078	True	-209	150M	255	0	25	0.8222047090530396	ambig_opp_strand	unspliced	1437	12	RIGEL_NRNA_chr1_1_152335378_152364080		RIGEL_NRNA_chr1_1_152335378_152364080	nrna
A00839:75:H7MFFDSXY:3:2150:32018:32988	chr1	152356772	152356921	True	-348	150M	255	1	5	0.6022962927818298	ambig_opp_strand	unspliced	-1	12	.	.	.	mrna
A00839:75:H7MFFDSXY:3:2174:8703:27054	chr1	152353108	152353257	False	232	150M	255	0	25	0.09632040560245514	ambig_opp_strand	unspliced	1437	12	RIGEL_NRNA_chr1_2_152348734_152360006		RIGEL_NRNA_chr1_2_152348734_152360006	nrna
A00839:75:H7MFFDSXY:3:1129:8648:35133	chr1	152356509	152356658	False	406	150M	255	0	5	0.7756004333496094	ambig_opp_strand	unspliced	-1	12	.	.	.	mrna
A00839:75:H7MFFDSXY:3:1333:12147:32894	chr1	152356428	152356577	True	-445	150M	255	0	5	0.9166716933250427	ambig_opp_strand	unspliced	-1	12	.	.	.	mrna
A00839:75:H7MFFDSXY:3:1649:22770:26741	chr1	152356255	152356404	False	496	150M	255	0	3	0.1907743513584137	ambig_opp_strand	unspliced	1437	12	ENST00000388718.5	FLG2	ENSG00000143520.6	mrna
A00839:75:H7MFFDSXY:3:2276:10267:35712	chr1	152351141	152351290	False	217	150M	255	0	3	0.8770796060562134	ambig_opp_strand	unspliced	1437	12	ENST00000388718.5	FLG2	ENSG00000143520.6	mrna
A00839:75:H7MFFDSXY:3:2245:6144:19335	chr1	152350756	152350905	True	-314	150M	255	0	25	0.6241238117218018	ambig_opp_strand	unspliced	1437	12	RIGEL_NRNA_chr1_1_152335378_152364080		RIGEL_NRNA_chr1_1_152335378_152364080	nrna
A00839:75:H7MFFDSXY:3:2567:28890:5901	chr1	152353358	152353507	True	-287	150M	255	0	5	0.19489291310310364	ambig_opp_strand	unspliced	-1	12	.	.	.	mrna
A00839:75:H7MFFDSXY:3:1376:2338:32377	chr1	152355400	152355504	True	-330	105M	255	0	25	0.04217749461531639	ambig_opp_strand	unspliced	1437	12	RIGEL_NRNA_chr1_1_152189332_152365557		RIGEL_NRNA_chr1_1_152189332_152365557	nrna
A00839:75:H7MFFDSXY:3:1501:23981:26929	chr1	152357377	152357524	True	-315	2S148M	255	0	5	0.322464257478714	ambig_opp_strand	unspliced	-1	12	.	.	.	mrna
A00839:75:H7MFFDSXY:3:1560:8657:4648	chr1	152356344	152356493	True	-197	150M	255	0	25	0.06525561213493347	ambig_opp_strand	unspliced	1437	12	RIGEL_NRNA_chr1_1_152189332_152365557		RIGEL_NRNA_chr1_1_152189332_152365557	nrna
A00839:75:H7MFFDSXY:3:1430:30129:11209	chr1	152351893	152352042	True	-268	150M	255	0	25	0.7825422286987305	ambig_opp_strand	unspliced	1437	12	RIGEL_NRNA_chr1_1_152335378_152364080		RIGEL_NRNA_chr1_1_152335378_152364080	nrna
A00839:75:H7MFFDSXY:3:1315:29315:1564	chr1	152353635	152353784	False	248	150M	255	0	3	0.8739234805107117	ambig_opp_strand	unspliced	1437	12	ENST00000388718.5	FLG2	ENSG00000143520.6	mrna
A00839:75:H7MFFDSXY:3:1405:14724:33818	chr1	152354714	152354863	True	-192	150M	255	0	5	0.11570796370506287	ambig_opp_strand	unspliced	-1	12	.	.	.	mrna
A00839:75:H7MFFDSXY:3:2675:1090:12806	chr1	152352478	152352627	True	-394	150M	255	0	5	0.9279766082763672	ambig_opp_strand	unspliced	-1	12	.	.	.	mrna
A00839:75:H7MFFDSXY:3:1224:27434:22858	chr1	152352287	152352436	False	253	150M	255	0	3	0.8722679615020752	ambig_opp_strand	unspliced	1437	12	ENST00000388718.5	FLG2	ENSG00000143520.6	mrna
A00839:75:H7MFFDSXY:3:1148:31873:29230	chr1	152353561	152353710	True	-359	150M	255	0	5	0.7190709114074707	ambig_opp_strand	unspliced	-1	12	.	.	.	mrna
A00839:75:H7MFFDSXY:3:1523:25310:23594	chr1	152351135	152351284	True	-353	150M	255	0	5	0.6645302772521973	ambig_opp_strand	unspliced	-1	12	.	.	.	mrna
A00839:75:H7MFFDSXY:3:2638:26323:32831	chr1	152351447	152351596	False	245	150M	255	0	25	0.09612198173999786	ambig_opp_strand	unspliced	1437	12	RIGEL_NRNA_chr1_2_152348734_152360006		RIGEL_NRNA_chr1_2_152348734_152360006	nrna
A00839:75:H7MFFDSXY:3:1401:18683:7200	chr1	152354820	152354969	False	434	150M	255	0	5	0.7741549611091614	ambig_opp_strand	unspliced	-1	12	.	.	.	mrna
A00839:75:H7MFFDSXY:3:1523:27995:2065	chr1	152352203	152352352	False	389	150M	255	0	5	0.7682114839553833	ambig_opp_strand	unspliced	-1	12	.	.	.	mrna
A00839:75:H7MFFDSXY:3:1608:31756:7294	chr1	152353492	152353641	True	-446	150M	255	0	5	0.9308139085769653	ambig_opp_strand	unspliced	-1	12	.	.	.	mrna
A00839:75:H7MFFDSXY:3:1220:17183:17096	chr1	152354348	152354493	True	-333	146M	255	0	25	0.5001803636550903	ambig_opp_strand	unspliced	1437	12	RIGEL_NRNA_chr1_1_152335378_152364080		RIGEL_NRNA_chr1_1_152335378_152364080	nrna
A00839:75:H7MFFDSXY:3:1268:4562:35697	chr1	152351005	152351154	False	272	150M	255	0	3	0.8629109859466553	ambig_opp_strand	unspliced	1437	12	ENST00000388718.5	FLG2	ENSG00000143520.6	mrna
A00839:75:H7MFFDSXY:3:1663:30996:35728	chr1	152356916	152357065	True	-185	150M	255	0	5	0.12057266384363174	ambig_opp_strand	unspliced	-1	12	.	.	.	mrna
A00839:75:H7MFFDSXY:3:2446:10936:16517	chr1	152356196	152356345	False	224	150M	255	1	3	0.8767849206924438	ambig_opp_strand	unspliced	1437	12	ENST00000388718.5	FLG2	ENSG00000143520.6	mrna
A00839:75:H7MFFDSXY:3:1658:25012:11052	chr1	152355437	152355546	True	-335	110M	255	0	25	0.482364684343338	ambig_opp_strand	unspliced	1437	12	RIGEL_NRNA_chr1_1_152335378_152364080		RIGEL_NRNA_chr1_1_152335378_152364080	nrna
A00839:75:H7MFFDSXY:3:2470:16414:10942	chr1	152358531	152358680	False	263	150M	255	0	5	0.27507779002189636	ambig_opp_strand	unspliced	-1	12	.	.	.	mrna
A00839:75:H7MFFDSXY:3:2369:4264:5055	chr1	152353369	152353518	False	249	150M	255	0	3	0.8736680150032043	ambig_opp_strand	unspliced	1437	12	ENST00000388718.5	FLG2	ENSG00000143520.6	mrna
A00839:75:H7MFFDSXY:3:1671:17842:16203	chr1	152356328	152356477	False	294	150M	255	0	3	0.8449952006340027	ambig_opp_strand	unspliced	1437	12	ENST00000388718.5	FLG2	ENSG00000143520.6	mrna
A00839:75:H7MFFDSXY:3:1620:29306:6840	chr1	152356673	152356822	False	232	150M	255	1	3	0.8764368295669556	ambig_opp_strand	unspliced	1437	12	ENST00000388718.5	FLG2	ENSG00000143520.6	mrna
A00839:75:H7MFFDSXY:3:1160:1416:27743	chr1	152354825	152354974	False	205	150M	255	0	3	0.8762255907058716	ambig_opp_strand	unspliced	1437	12	ENST00000388718.5	FLG2	ENSG00000143520.6	mrna
A00839:75:H7MFFDSXY:3:2307:27525:36667	chr1	152355364	152355969	False	710	126M456N24M	255	0	3	0.9008230566978455	ambig_opp_strand	spliced_unannot	1437	11	ENST00000388718.5	FLG2	ENSG00000143520.6	mrna
A00839:75:H7MFFDSXY:3:1637:7030:7153	chr1	152357661	152357810	True	-502	150M	255	0	5	0.9249632358551025	ambig_opp_strand	unspliced	-1	12	.	.	.	mrna
A00839:75:H7MFFDSXY:3:2251:12346:18364	chr1	152355005	152355154	False	479	150M	255	0	3	0.22873106598854065	ambig_opp_strand	unspliced	1437	12	ENST00000388718.5	FLG2	ENSG00000143520.6	mrna
A00839:75:H7MFFDSXY:3:2641:21142:18286	chr1	152353004	152353153	False	322	150M	255	0	5	0.12181386351585388	ambig_opp_strand	unspliced	-1	12	.	.	.	mrna
A00839:75:H7MFFDSXY:3:2143:10836:30154	chr1	152357620	152357769	True	-230	150M	255	0	5	0.10450931638479233	ambig_opp_strand	unspliced	-1	12	.	.	.	mrna
A00839:75:H7MFFDSXY:3:1155:11550:1485	chr1	152356074	152356223	False	226	150M	255	0	3	0.8767408728599548	ambig_opp_strand	unspliced	1437	12	ENST00000388718.5	FLG2	ENSG00000143520.6	mrna
A00839:75:H7MFFDSXY:3:1235:27733:28479	chr1	152357317	152357466	False	290	150M	255	1	3	0.8488789200782776	ambig_opp_strand	unspliced	1437	12	ENST00000388718.5	FLG2	ENSG00000143520.6	mrna
A00839:75:H7MFFDSXY:3:1634:13033:25535	chr1	152355625	152355774	True	-210	150M	255	0	25	0.8230730891227722	ambig_opp_strand	unspliced	1437	12	RIGEL_NRNA_chr1_1_152335378_152364080		RIGEL_NRNA_chr1_1_152335378_152364080	nrna
A00839:75:H7MFFDSXY:3:1631:18484:10238	chr1	152357639	152357788	True	-239	150M	255	0	25	0.06557919830083847	ambig_opp_strand	unspliced	1437	12	RIGEL_NRNA_chr1_1_152189332_152365557		RIGEL_NRNA_chr1_1_152189332_152365557	nrna
A00839:75:H7MFFDSXY:3:2478:14036:21637	chr1	152352929	152353078	False	374	150M	255	0	5	0.5865567922592163	ambig_opp_strand	unspliced	-1	12	.	.	.	mrna
A00839:75:H7MFFDSXY:3:2256:9760:22561	chr1	152354534	152354683	True	-378	150M	255	0	5	0.8826590776443481	ambig_opp_strand	unspliced	-1	12	.	.	.	mrna
A00839:75:H7MFFDSXY:3:1318:28348:23594	chr1	152351449	152351598	True	-239	150M	255	1	25	0.8192194700241089	ambig_opp_strand	unspliced	1437	12	RIGEL_NRNA_chr1_1_152335378_152364080		RIGEL_NRNA_chr1_1_152335378_152364080	nrna
A00839:75:H7MFFDSXY:3:1453:18177:35728	chr1	152353805	152353954	False	475	150M	255	0	5	0.7633554339408875	ambig_opp_strand	unspliced	-1	12	.	.	.	mrna
A00839:75:H7MFFDSXY:3:1278:9507:26569	chr1	152356819	152356968	True	-350	150M	255	0	5	0.6292032599449158	ambig_opp_strand	unspliced	-1	12	.	.	.	mrna
A00839:75:H7MFFDSXY:3:2351:7907:31970	chr1	152351367	152351516	True	-413	150M	255	0	5	0.9398261904716492	ambig_opp_strand	unspliced	-1	12	.	.	.	mrna
A00839:75:H7MFFDSXY:3:2418:23032:29356	chr1	152355557	152355705	False	264	1S149M	255	9	3	0.8675110340118408	ambig_opp_strand	unspliced	1437	12	ENST00000388718.5	FLG2	ENSG00000143520.6	mrna
A00839:75:H7MFFDSXY:3:1258:21432:24455	chr1	152354329	152354478	False	402	150M	255	0	5	0.768226146697998	ambig_opp_strand	unspliced	-1	12	.	.	.	mrna
A00839:75:H7MFFDSXY:3:2556:8621:33395	chr1	152351525	152351590	True	-291	66M	255	0	25	0.728652834892273	ambig_opp_strand	unspliced	1437	12	RIGEL_NRNA_chr1_1_152335378_152364080		RIGEL_NRNA_chr1_1_152335378_152364080	nrna
A00839:75:H7MFFDSXY:3:1219:14724:35728	chr1	152352713	152352862	True	-310	150M	255	0	25	0.647543728351593	ambig_opp_strand	unspliced	1437	12	RIGEL_NRNA_chr1_1_152335378_152364080		RIGEL_NRNA_chr1_1_152335378_152364080	nrna
A00839:75:H7MFFDSXY:3:2177:32696:9017	chr1	152352699	152352848	False	208	150M	255	0	3	0.8767197132110596	ambig_opp_strand	unspliced	1437	12	ENST00000388718.5	FLG2	ENSG00000143520.6	mrna
A00839:75:H7MFFDSXY:3:1535:2013:14434	chr1	152352123	152352272	True	-284	150M	255	0	25	0.05967294052243233	ambig_opp_strand	unspliced	1437	12	RIGEL_NRNA_chr1_1_152189332_152365557		RIGEL_NRNA_chr1_1_152189332_152365557	nrna
A00839:75:H7MFFDSXY:3:2125:7120:23124	chr1	152354735	152354884	False	239	150M	255	0	3	0.87569260597229	ambig_opp_strand	unspliced	1437	12	ENST00000388718.5	FLG2	ENSG00000143520.6	mrna
A00839:75:H7MFFDSXY:3:1554:20826:27445	chr1	152353133	152353282	True	-332	150M	255	1	5	0.44525042176246643	ambig_opp_strand	unspliced	-1	12	.	.	.	mrna
A00839:75:H7MFFDSXY:3:1209:8079:32487	chr1	152357119	152357268	False	237	150M	255	0	3	0.8757742643356323	ambig_opp_strand	unspliced	1437	12	ENST00000388718.5	FLG2	ENSG00000143520.6	mrna
A00839:75:H7MFFDSXY:3:1173:19488:32643	chr1	152354583	152354732	False	410	150M	255	0	5	0.7620162963867188	ambig_opp_strand	unspliced	-1	12	.	.	.	mrna
A00839:75:H7MFFDSXY:3:2673:10619:21386	chr1	152353806	152353955	False	379	150M	255	0	3	0.30901238322257996	ambig_opp_strand	unspliced	1437	12	ENST00000388718.5	FLG2	ENSG00000143520.6	mrna
A00839:75:H7MFFDSXY:3:1135:28772:7482	chr1	152352190	152352339	False	317	150M	255	0	3	0.804389238357544	ambig_opp_strand	unspliced	1437	12	ENST00000388718.5	FLG2	ENSG00000143520.6	mrna
A00839:75:H7MFFDSXY:3:2464:3378:16203	chr1	152353587	152353707	True	-121	121M	255	2	25	0.490268737077713	ambig_opp_strand	unspliced	1437	12	RIGEL_NRNA_chr1_1_152335378_152364080		RIGEL_NRNA_chr1_1_152335378_152364080	nrna
A00839:75:H7MFFDSXY:3:2619:2437:24032	chr1	152351652	152351727	True	-301	76M	255	0	25	0.6893414258956909	ambig_opp_strand	unspliced	1437	12	RIGEL_NRNA_chr1_1_152335378_152364080		RIGEL_NRNA_chr1_1_152335378_152364080	nrna
A00839:75:H7MFFDSXY:3:2564:13141:3991	chr1	152356356	152356505	True	-329	150M	255	0	25	0.5328218340873718	ambig_opp_strand	unspliced	1437	12	RIGEL_NRNA_chr1_1_152335378_152364080		RIGEL_NRNA_chr1_1_152335378_152364080	nrna
A00839:75:H7MFFDSXY:3:1177:20627:9659	chr1	152355471	152355554	True	-309	84M	255	0	25	0.649450421333313	ambig_opp_strand	unspliced	1437	12	RIGEL_NRNA_chr1_1_152335378_152364080		RIGEL_NRNA_chr1_1_152335378_152364080	nrna
A00839:75:H7MFFDSXY:3:2328:2682:32941	chr1	152355938	152356009	False	297	72M	3	0	128	0.0	.	unknown	-1	0	.	.	.	mrna
A00839:75:H7MFFDSXY:3:2159:14606:36871	chr1	152356928	152357077	True	-457	150M	255	0	5	0.9340350031852722	ambig_opp_strand	unspliced	-1	12	.	.	.	mrna
A00839:75:H7MFFDSXY:3:1437:9073:26976	chr1	152354110	152354259	False	290	150M	255	0	25	0.09329179674386978	ambig_opp_strand	unspliced	1437	12	RIGEL_NRNA_chr1_2_152348734_152360006		RIGEL_NRNA_chr1_2_152348734_152360006	nrna
A00839:75:H7MFFDSXY:3:1269:23547:11271	chr1	152353851	152354000	True	-366	150M	255	0	5	0.7891553640365601	ambig_opp_strand	unspliced	-1	12	.	.	.	mrna
A00839:75:H7MFFDSXY:3:1250:10203:31093	chr1	152350765	152350914	True	-399	150M	255	0	5	0.939579963684082	ambig_opp_strand	unspliced	-1	12	.	.	.	mrna
A00839:75:H7MFFDSXY:3:2628:25165:8093	chr1	152351410	152351559	True	-226	150M	255	0	25	0.8230476975440979	ambig_opp_strand	unspliced	1437	12	RIGEL_NRNA_chr1_1_152335378_152364080		RIGEL_NRNA_chr1_1_152335378_152364080	nrna
A00839:75:H7MFFDSXY:3:2124:6253:5181	chr1	152353858	152354007	False	445	150M	255	0	5	0.7217011451721191	ambig_opp_strand	unspliced	-1	12	.	.	.	mrna
A00839:75:H7MFFDSXY:3:2410:29053:12289	chr1	152351108	152351257	False	157	150M	255	0	3	0.8565027713775635	ambig_opp_strand	unspliced	1437	12	ENST00000388718.5	FLG2	ENSG00000143520.6	mrna
A00839:75:H7MFFDSXY:3:1631:6244:35603	chr1	152357274	152357423	True	-252	150M	255	0	25	0.8094927668571472	ambig_opp_strand	unspliced	1437	12	RIGEL_NRNA_chr1_1_152335378_152364080		RIGEL_NRNA_chr1_1_152335378_152364080	nrna
A00839:75:H7MFFDSXY:3:1328:5367:9189	chr1	152356065	152356162	True	-548	98M	255	0	5	0.8937875032424927	ambig_opp_strand	unspliced	-1	12	.	.	.	mrna
A00839:75:H7MFFDSXY:3:2415:10131:18630	chr1	152351484	152351563	True	-305	80M	255	0	5	0.2678965628147125	ambig_opp_strand	unspliced	-1	12	.	.	.	mrna
A00839:75:H7MFFDSXY:3:2169:25048:20008	chr1	152351094	152351169	False	301	76M	255	0	3	0.8352404832839966	ambig_opp_strand	unspliced	1437	12	ENST00000388718.5	FLG2	ENSG00000143520.6	mrna
A00839:75:H7MFFDSXY:3:2156:9218:1485	chr1	152356280	152356429	True	-270	150M	255	0	25	0.7786889672279358	ambig_opp_strand	unspliced	1437	12	RIGEL_NRNA_chr1_1_152335378_152364080		RIGEL_NRNA_chr1_1_152335378_152364080	nrna
A00839:75:H7MFFDSXY:3:1532:22616:26788	chr1	152351607	152351756	True	-409	150M	255	0	5	0.9336792230606079	ambig_opp_strand	unspliced	-1	12	.	.	.	mrna
A00839:75:H7MFFDSXY:3:1654:25093:27759	chr1	152357628	152357777	True	-420	150M	255	0	5	0.9267881512641907	ambig_opp_strand	unspliced	-1	12	.	.	.	mrna
A00839:75:H7MFFDSXY:3:1118:14552:28667	chr1	152352150	152352299	True	-257	150M	255	0	25	0.8012586236000061	ambig_opp_strand	unspliced	1437	12	RIGEL_NRNA_chr1_1_152335378_152364080		RIGEL_NRNA_chr1_1_152335378_152364080	nrna
A00839:75:H7MFFDSXY:3:1234:24062:28291	chr1	152351381	152351472	False	317	92M	255	0	3	0.804389238357544	ambig_opp_strand	unspliced	1437	12	ENST00000388718.5	FLG2	ENSG00000143520.6	mrna
A00839:75:H7MFFDSXY:3:1608:17002:13401	chr1	152356860	152357009	True	-173	150M	255	0	25	0.7939308881759644	ambig_opp_strand	unspliced	1437	12	RIGEL_NRNA_chr1_1_152335378_152364080		RIGEL_NRNA_chr1_1_152335378_152364080	nrna
A00839:75:H7MFFDSXY:3:1518:4978:8860	chr1	152355629	152355778	False	242	150M	255	0	3	0.8752695918083191	ambig_opp_strand	unspliced	1437	12	ENST00000388718.5	FLG2	ENSG00000143520.6	mrna
A00839:75:H7MFFDSXY:3:2315:8703:22795	chr1	152356198	152356347	False	279	150M	255	1	3	0.8583839535713196	ambig_opp_strand	unspliced	1437	12	ENST00000388718.5	FLG2	ENSG00000143520.6	mrna
A00839:75:H7MFFDSXY:3:2310:29821:15843	chr1	152351660	152351809	False	242	150M	255	0	3	0.8752695918083191	ambig_opp_strand	unspliced	1437	12	ENST00000388718.5	FLG2	ENSG00000143520.6	mrna
A00839:75:H7MFFDSXY:3:1327:19361:23844	chr1	152356847	152356996	True	-307	150M	255	0	25	0.6614903211593628	ambig_opp_strand	unspliced	1437	12	RIGEL_NRNA_chr1_1_152335378_152364080		RIGEL_NRNA_chr1_1_152335378_152364080	nrna
A00839:75:H7MFFDSXY:3:1250:29640:18286	chr1	152356380	152356529	True	-339	150M	255	0	25	0.4535009562969208	ambig_opp_strand	unspliced	1437	12	RIGEL_NRNA_chr1_1_152335378_152364080		RIGEL_NRNA_chr1_1_152335378_152364080	nrna
A00839:75:H7MFFDSXY:3:1261:27136:9001	chr1	152351814	152351963	False	265	150M	255	0	3	0.866584837436676	ambig_opp_strand	unspliced	1437	12	ENST00000388718.5	FLG2	ENSG00000143520.6	mrna
A00839:75:H7MFFDSXY:3:2637:4164:4163	chr1	152353284	152353371	False	319	88M	255	0	3	0.7983585596084595	ambig_opp_strand	unspliced	1437	12	ENST00000388718.5	FLG2	ENSG00000143520.6	mrna
A00839:75:H7MFFDSXY:3:2247:21233:5572	chr1	152353400	152353485	False	317	86M	255	0	3	0.8043891787528992	ambig_opp_strand	unspliced	1437	12	ENST00000388718.5	FLG2	ENSG00000143520.6	mrna
A00839:75:H7MFFDSXY:3:2459:6370:5196	chr1	152356655	152356804	False	345	150M	255	0	3	0.6829542517662048	ambig_opp_strand	unspliced	1437	12	ENST00000388718.5	FLG2	ENSG00000143520.6	mrna
A00839:75:H7MFFDSXY:3:2154:11035:3693	chr1	152356392	152356541	True	-259	150M	255	0	25	0.7979644536972046	ambig_opp_strand	unspliced	1437	12	RIGEL_NRNA_chr1_1_152335378_152364080		RIGEL_NRNA_chr1_1_152335378_152364080	nrna
A00839:75:H7MFFDSXY:3:2404:2555:28933	chr1	152356856	152357005	False	294	150M	255	0	3	0.8449952006340027	ambig_opp_strand	unspliced	1437	12	ENST00000388718.5	FLG2	ENSG00000143520.6	mrna
A00839:75:H7MFFDSXY:3:2404:3052:7498	chr1	152353324	152353473	False	150	150M	255	0	3	0.8415861129760742	ambig_opp_strand	unspliced	1437	12	ENST00000388718.5	FLG2	ENSG00000143520.6	mrna
A00839:75:H7MFFDSXY:3:2219:26666:17738	chr1	152355341	152355490	True	-284	150M	255	2	5	0.18673396110534668	ambig_opp_strand	unspliced	-1	12	.	.	.	mrna
A00839:75:H7MFFDSXY:3:2659:29713:3850	chr1	152356402	152356551	False	284	150M	255	0	25	0.09391699731349945	ambig_opp_strand	unspliced	1437	12	RIGEL_NRNA_chr1_2_152348734_152360006		RIGEL_NRNA_chr1_2_152348734_152360006	nrna
A00839:75:H7MFFDSXY:3:2223:27444:12164	chr1	152352131	152352280	False	291	150M	255	0	3	0.8485801219940186	ambig_opp_strand	unspliced	1437	12	ENST00000388718.5	FLG2	ENSG00000143520.6	mrna
A00839:75:H7MFFDSXY:3:2208:7482:11443	chr1	152353730	152353879	False	249	150M	255	0	25	0.09601611644029617	ambig_opp_strand	unspliced	1437	12	RIGEL_NRNA_chr1_2_152348734_152360006		RIGEL_NRNA_chr1_2_152348734_152360006	nrna
A00839:75:H7MFFDSXY:3:2469:27561:16564	chr1	152353533	152353682	True	-455	150M	255	0	5	0.9410067200660706	ambig_opp_strand	unspliced	-1	12	.	.	.	mrna
A00839:75:H7MFFDSXY:3:2603:10945:10958	chr1	152350684	152350833	True	-217	150M	255	0	25	0.82429039478302	ambig_opp_strand	unspliced	1437	12	RIGEL_NRNA_chr1_1_152335378_152364080		RIGEL_NRNA_chr1_1_152335378_152364080	nrna
A00839:75:H7MFFDSXY:3:2216:3522:18458	chr1	152352552	152352701	True	-457	150M	255	0	5	0.9340350031852722	ambig_opp_strand	unspliced	-1	12	.	.	.	mrna
A00839:75:H7MFFDSXY:3:1537:9905:20776	chr1	152357174	152357323	True	-418	150M	255	0	5	0.9383252263069153	ambig_opp_strand	unspliced	-1	12	.	.	.	mrna
A00839:75:H7MFFDSXY:3:2262:32723:31015	chr1	152351448	152351522	False	300	75M	255	0	3	0.8364787697792053	ambig_opp_strand	unspliced	1437	12	ENST00000388718.5	FLG2	ENSG00000143520.6	mrna
A00839:75:H7MFFDSXY:3:1630:2040:17112	chr1	152350930	152351079	True	-309	150M	255	0	25	0.649450421333313	ambig_opp_strand	unspliced	1437	12	RIGEL_NRNA_chr1_1_152335378_152364080		RIGEL_NRNA_chr1_1_152335378_152364080	nrna
A00839:75:H7MFFDSXY:3:2427:14841:22717	chr1	152352741	152352890	False	246	150M	255	0	3	0.8744317293167114	ambig_opp_strand	unspliced	1437	12	ENST00000388718.5	FLG2	ENSG00000143520.6	mrna
A00839:75:H7MFFDSXY:3:1461:8558:3662	chr1	152352701	152352850	True	-165	150M	255	0	25	0.7776542901992798	ambig_opp_strand	unspliced	1437	12	RIGEL_NRNA_chr1_1_152335378_152364080		RIGEL_NRNA_chr1_1_152335378_152364080	nrna
A00839:75:H7MFFDSXY:3:2117:6253:33614	chr1	152357144	152357293	False	303	150M	255	0	3	0.8325435519218445	ambig_opp_strand	unspliced	1437	12	ENST00000388718.5	FLG2	ENSG00000143520.6	mrna
A00839:75:H7MFFDSXY:3:2351:7627:33739	chr1	152352285	152352434	False	206	150M	255	0	3	0.8761914968490601	ambig_opp_strand	unspliced	1437	12	ENST00000388718.5	FLG2	ENSG00000143520.6	mrna
A00839:75:H7MFFDSXY:3:1666:27001:13338	chr1	152357528	152357677	True	-227	150M	255	0	25	0.8249499797821045	ambig_opp_strand	unspliced	1437	12	RIGEL_NRNA_chr1_1_152335378_152364080		RIGEL_NRNA_chr1_1_152335378_152364080	nrna
A00839:75:H7MFFDSXY:3:2418:8865:10426	chr1	152351985	152352134	False	417	150M	255	0	5	0.7844900488853455	ambig_opp_strand	unspliced	-1	12	.	.	.	mrna
A00839:75:H7MFFDSXY:3:2460:29279:10081	chr1	152352780	152352929	True	-458	150M	255	0	5	0.932711660861969	ambig_opp_strand	unspliced	-1	12	.	.	.	mrna
A00839:75:H7MFFDSXY:3:2369:3830:28479	chr1	152350677	152350826	False	204	150M	255	0	3	0.8762832880020142	ambig_opp_strand	unspliced	1437	12	ENST00000388718.5	FLG2	ENSG00000143520.6	mrna
A00839:75:H7MFFDSXY:3:2239:28067:35759	chr1	152352608	152352754	False	587	147M2S	255	8	3	0.39989370107650757	ambig_opp_strand	unspliced	1437	12	ENST00000388718.5	FLG2	ENSG00000143520.6	mrna
A00839:75:H7MFFDSXY:3:2533:15944:29168	chr1	152354769	152354895	False	358	127M	255	0	3	0.5685729384422302	ambig_opp_strand	unspliced	1437	12	ENST00000388718.5	FLG2	ENSG00000143520.6	mrna
A00839:75:H7MFFDSXY:3:1209:10728:30874	chr1	152353780	152353929	True	-308	150M	255	1	5	0.283801794052124	ambig_opp_strand	unspliced	-1	12	.	.	.	mrna
A00839:75:H7MFFDSXY:3:1638:31937:7451	chr1	152355810	152355959	True	-233	150M	255	0	25	0.8206474184989929	ambig_opp_strand	unspliced	1437	12	RIGEL_NRNA_chr1_1_152335378_152364080		RIGEL_NRNA_chr1_1_152335378_152364080	nrna
A00839:75:H7MFFDSXY:3:1556:30210:8844	chr1	152351122	152351271	False	371	150M	255	0	5	0.5496864914894104	ambig_opp_strand	unspliced	-1	12	.	.	.	mrna
A00839:75:H7MFFDSXY:3:2454:3965:34851	chr1	152352250	152352317	False	299	68M	255	0	3	0.8387962579727173	ambig_opp_strand	unspliced	1437	12	ENST00000388718.5	FLG2	ENSG00000143520.6	mrna
A00839:75:H7MFFDSXY:3:1604:30445:17581	chr1	152356437	152356586	True	-222	150M	255	0	25	0.8228075504302979	ambig_opp_strand	unspliced	1437	12	RIGEL_NRNA_chr1_1_152335378_152364080		RIGEL_NRNA_chr1_1_152335378_152364080	nrna
A00839:75:H7MFFDSXY:3:1135:8748:18897	chr1	152353885	152354034	True	-412	150M	255	0	5	0.9324856996536255	ambig_opp_strand	unspliced	-1	12	.	.	.	mrna
A00839:75:H7MFFDSXY:3:2251:11424:8688	chr1	152351738	152351887	False	254	150M	255	0	3	0.8718764185905457	ambig_opp_strand	unspliced	1437	12	ENST00000388718.5	FLG2	ENSG00000143520.6	mrna
A00839:75:H7MFFDSXY:3:1626:29613:25316	chr1	152353471	152353620	False	450	150M	255	0	3	0.2124692052602768	ambig_opp_strand	unspliced	1437	12	ENST00000388718.5	FLG2	ENSG00000143520.6	mrna
A00839:75:H7MFFDSXY:3:2607:13512:20635	chr1	152353174	152353323	True	-165	150M	255	0	25	0.7776542901992798	ambig_opp_strand	unspliced	1437	12	RIGEL_NRNA_chr1_1_152335378_152364080		RIGEL_NRNA_chr1_1_152335378_152364080	nrna
A00839:75:H7MFFDSXY:3:1146:6036:13698	chr1	152356052	152356201	True	-172	150M	255	0	25	0.7901570200920105	ambig_opp_strand	unspliced	1437	12	RIGEL_NRNA_chr1_1_152335378_152364080		RIGEL_NRNA_chr1_1_152335378_152364080	nrna
A00839:75:H7MFFDSXY:3:1650:24089:20008	chr1	152357447	152357596	False	483	150M	255	0	5	0.9676034450531006	ambig_opp_strand	unspliced	-1	12	.	.	.	mrna
A00839:75:H7MFFDSXY:3:2630:19605:28995	chr1	152354270	152354418	False	452	149M	255	7	5	0.7800021767616272	ambig_opp_strand	unspliced	-1	12	.	.	.	mrna
A00839:75:H7MFFDSXY:3:1511:1127:5885	chr1	152353688	152353837	True	-242	150M	255	0	25	0.8176822662353516	ambig_opp_strand	unspliced	1437	12	RIGEL_NRNA_chr1_1_152335378_152364080		RIGEL_NRNA_chr1_1_152335378_152364080	nrna
A00839:75:H7MFFDSXY:3:1635:15817:33489	chr1	152354170	152354319	False	207	150M	255	0	25	0.09629369527101517	ambig_opp_strand	unspliced	1437	12	RIGEL_NRNA_chr1_2_152348734_152360006		RIGEL_NRNA_chr1_2_152348734_152360006	nrna
A00839:75:H7MFFDSXY:3:1276:4589:26130	chr1	152356502	152356651	False	175	150M	255	0	3	0.8690045475959778	ambig_opp_strand	unspliced	1437	12	ENST00000388718.5	FLG2	ENSG00000143520.6	mrna
A00839:75:H7MFFDSXY:3:1449:12789:23923	chr1	152356364	152356513	True	-301	150M	255	0	25	0.6893414258956909	ambig_opp_strand	unspliced	1437	12	RIGEL_NRNA_chr1_1_152335378_152364080		RIGEL_NRNA_chr1_1_152335378_152364080	nrna
A00839:75:H7MFFDSXY:3:2617:2727:14450	chr1	152353660	152353809	True	-409	150M	255	0	5	0.9336793422698975	ambig_opp_strand	unspliced	-1	12	.	.	.	mrna
A00839:75:H7MFFDSXY:3:1227:31910:6402	chr1	152356297	152356446	False	394	150M	255	0	3	0.22312505543231964	ambig_opp_strand	unspliced	1437	12	ENST00000388718.5	FLG2	ENSG00000143520.6	mrna
A00839:75:H7MFFDSXY:3:1332:10321:10755	chr1	152356214	152356290	True	-341	77M	3	0	128	0.0	.	unknown	-1	0	.	.	.	mrna
A00839:75:H7MFFDSXY:3:2572:16369:15687	chr1	152352513	152352662	True	-178	150M	255	0	25	0.7998815774917603	ambig_opp_strand	unspliced	1437	12	RIGEL_NRNA_chr1_1_152335378_152364080		RIGEL_NRNA_chr1_1_152335378_152364080	nrna
A00839:75:H7MFFDSXY:3:1112:28203:19805	chr1	152353962	152354111	False	580	150M	255	0	25	0.054643720388412476	ambig_opp_strand	unspliced	1437	12	RIGEL_NRNA_chr1_2_152348734_152360006		RIGEL_NRNA_chr1_2_152348734_152360006	nrna
A00839:75:H7MFFDSXY:3:2669:18557:3443	chr1	152355338	152355487	False	358	150M	255	2	3	0.5685728788375854	ambig_opp_strand	unspliced	1437	12	ENST00000388718.5	FLG2	ENSG00000143520.6	mrna
A00839:75:H7MFFDSXY:3:2222:29776:2581	chr1	152353038	152353187	True	-367	150M	255	0	5	0.7970831990242004	ambig_opp_strand	unspliced	-1	12	.	.	.	mrna
A00839:75:H7MFFDSXY:3:2474:23574:17300	chr1	152352437	152352586	False	446	150M	255	1	5	0.7602798938751221	ambig_opp_strand	unspliced	-1	12	.	.	.	mrna
A00839:75:H7MFFDSXY:3:1649:6289:4711	chr1	152353447	152353504	False	289	58M	255	0	3	0.8504444360733032	ambig_opp_strand	unspliced	1437	12	ENST00000388718.5	FLG2	ENSG00000143520.6	mrna
A00839:75:H7MFFDSXY:3:1458:2808:16219	chr1	152354647	152354796	False	231	150M	255	0	3	0.876232922077179	ambig_opp_strand	unspliced	1437	12	ENST00000388718.5	FLG2	ENSG00000143520.6	mrna
A00839:75:H7MFFDSXY:3:1549:1217:8484	chr1	152352943	152353092	False	238	150M	255	0	3	0.8759592771530151	ambig_opp_strand	unspliced	1437	12	ENST00000388718.5	FLG2	ENSG00000143520.6	mrna
A00839:75:H7MFFDSXY:3:1422:22245:11209	chr1	152356681	152356830	True	-301	150M	255	0	25	0.6893414258956909	ambig_opp_strand	unspliced	1437	12	RIGEL_NRNA_chr1_1_152335378_152364080		RIGEL_NRNA_chr1_1_152335378_152364080	nrna
A00839:75:H7MFFDSXY:3:2145:31114:22905	chr1	152353888	152354037	False	314	150M	255	0	25	0.08908067643642426	ambig_opp_strand	unspliced	1437	12	RIGEL_NRNA_chr1_2_152348734_152360006		RIGEL_NRNA_chr1_2_152348734_152360006	nrna
A00839:75:H7MFFDSXY:3:2665:10041:12931	chr1	152357008	152357151	False	144	144M	255	0	3	0.8384950757026672	ambig_opp_strand	unspliced	1437	12	ENST00000388718.5	FLG2	ENSG00000143520.6	mrna
A00839:75:H7MFFDSXY:3:1512:23647:23437	chr1	152352902	152353051	False	180	150M	255	0	3	0.871284544467926	ambig_opp_strand	unspliced	1437	12	ENST00000388718.5	FLG2	ENSG00000143520.6	mrna
A00839:75:H7MFFDSXY:3:1343:18014:22013	chr1	152351938	152352082	False	145	145M	255	0	3	0.8383175134658813	ambig_opp_strand	unspliced	1437	12	ENST00000388718.5	FLG2	ENSG00000143520.6	mrna
A00839:75:H7MFFDSXY:3:2448:13630:10661	chr1	152356912	152357061	False	424	150M	255	0	5	0.7699908018112183	ambig_opp_strand	unspliced	-1	12	.	.	.	mrna
A00839:75:H7MFFDSXY:3:2543:11487:6010	chr1	152356329	152356478	True	-394	150M	255	0	5	0.9279766082763672	ambig_opp_strand	unspliced	-1	12	.	.	.	mrna
A00839:75:H7MFFDSXY:3:2217:18313:14105	chr1	152354324	152354473	False	158	150M	255	0	3	0.8573683500289917	ambig_opp_strand	unspliced	1437	12	ENST00000388718.5	FLG2	ENSG00000143520.6	mrna
A00839:75:H7MFFDSXY:3:1119:23547:15937	chr1	152354316	152354465	False	254	150M	255	0	3	0.8718764185905457	ambig_opp_strand	unspliced	1437	12	ENST00000388718.5	FLG2	ENSG00000143520.6	mrna
A00839:75:H7MFFDSXY:3:1236:14425:32831	chr1	152353969	152354118	False	261	150M	255	0	3	0.8690878748893738	ambig_opp_strand	unspliced	1437	12	ENST00000388718.5	FLG2	ENSG00000143520.6	mrna
A00839:75:H7MFFDSXY:3:2545:13847:1924	chr1	152352011	152352160	False	352	150M	255	0	3	0.6267848014831543	ambig_opp_strand	unspliced	1437	12	ENST00000388718.5	FLG2	ENSG00000143520.6	mrna
A00839:75:H7MFFDSXY:3:2250:10411:1705	chr1	152351213	152351362	False	176	150M	255	0	3	0.8688625693321228	ambig_opp_strand	unspliced	1437	12	ENST00000388718.5	FLG2	ENSG00000143520.6	mrna
A00839:75:H7MFFDSXY:3:2302:7157:24565	chr1	152354446	152354559	True	-345	114M	255	0	5	0.5750561952590942	ambig_opp_strand	unspliced	-1	12	.	.	.	mrna
A00839:75:H7MFFDSXY:3:1451:13530:9330	chr1	152351619	152351701	False	308	83M	255	0	3	0.8238636255264282	ambig_opp_strand	unspliced	1437	12	ENST00000388718.5	FLG2	ENSG00000143520.6	mrna
A00839:75:H7MFFDSXY:3:2472:30318:16423	chr1	152353950	152354099	True	-238	150M	255	0	25	0.8201908469200134	ambig_opp_strand	unspliced	1437	12	RIGEL_NRNA_chr1_1_152335378_152364080		RIGEL_NRNA_chr1_1_152335378_152364080	nrna
A00839:75:H7MFFDSXY:3:2107:7934:24095	chr1	152357579	152357728	True	-152	150M	255	0	5	0.19698093831539154	ambig_opp_strand	unspliced	-1	12	.	.	.	mrna
A00839:75:H7MFFDSXY:3:2638:30761:8328	chr1	152351531	152351680	False	224	150M	255	0	3	0.8767849206924438	ambig_opp_strand	unspliced	1437	12	ENST00000388718.5	FLG2	ENSG00000143520.6	mrna
A00839:75:H7MFFDSXY:3:1557:31358:19038	chr1	152352251	152352400	True	-465	150M	255	0	5	0.9295020699501038	ambig_opp_strand	unspliced	-1	12	.	.	.	mrna
A00839:75:H7MFFDSXY:3:2207:1497:35900	chr1	152352419	152352568	True	-355	150M	255	0	5	0.6823276281356812	ambig_opp_strand	unspliced	-1	12	.	.	.	mrna
A00839:75:H7MFFDSXY:3:1575:23818:11741	chr1	152354960	152355109	True	-260	150M	255	0	25	0.7961675524711609	ambig_opp_strand	unspliced	1437	12	RIGEL_NRNA_chr1_1_152335378_152364080		RIGEL_NRNA_chr1_1_152335378_152364080	nrna
A00839:75:H7MFFDSXY:3:1272:28239:6590	chr1	152357547	152357696	True	-481	150M	255	0	5	0.9323388934135437	ambig_opp_strand	unspliced	-1	12	.	.	.	mrna
A00839:75:H7MFFDSXY:3:1570:29839:7764	chr1	152356460	152356607	False	435	148M2S	255	2	5	0.7416730523109436	ambig_opp_strand	unspliced	-1	12	.	.	.	mrna
A00839:75:H7MFFDSXY:3:1652:15709:12446	chr1	152356356	152356505	True	-371	150M	255	0	5	0.838139533996582	ambig_opp_strand	unspliced	-1	12	.	.	.	mrna
A00839:75:H7MFFDSXY:3:2254:10484:23375	chr1	152351650	152351799	True	-198	150M	255	0	25	0.8186776041984558	ambig_opp_strand	unspliced	1437	12	RIGEL_NRNA_chr1_1_152335378_152364080		RIGEL_NRNA_chr1_1_152335378_152364080	nrna
A00839:75:H7MFFDSXY:3:1673:13928:7075	chr1	152353008	152353157	True	-206	150M	255	0	25	0.8210381269454956	ambig_opp_strand	unspliced	1437	12	RIGEL_NRNA_chr1_1_152335378_152364080		RIGEL_NRNA_chr1_1_152335378_152364080	nrna
A00839:75:H7MFFDSXY:3:1643:31331:8656	chr1	152352471	152352620	True	-451	150M	255	0	5	0.9356775283813477	ambig_opp_strand	unspliced	-1	12	.	.	.	mrna
A00839:75:H7MFFDSXY:3:1151:6063:14591	chr1	152356284	152356433	True	-328	150M	255	0	25	0.540727436542511	ambig_opp_strand	unspliced	1437	12	RIGEL_NRNA_chr1_1_152335378_152364080		RIGEL_NRNA_chr1_1_152335378_152364080	nrna
A00839:75:H7MFFDSXY:3:1364:20193:33332	chr1	152352530	152352675	True	-314	146M	255	0	25	0.6241238117218018	ambig_opp_strand	unspliced	1437	12	RIGEL_NRNA_chr1_1_152335378_152364080		RIGEL_NRNA_chr1_1_152335378_152364080	nrna
A00839:75:H7MFFDSXY:3:2459:11442:30890	chr1	152356597	152356746	False	210	150M	255	0	3	0.8767477869987488	ambig_opp_strand	unspliced	1437	12	ENST00000388718.5	FLG2	ENSG00000143520.6	mrna
A00839:75:H7MFFDSXY:3:1270:10890:11303	chr1	152356457	152356606	True	-355	150M	255	0	5	0.6823275089263916	ambig_opp_strand	unspliced	-1	12	.	.	.	mrna
A00839:75:H7MFFDSXY:3:1510:17400:22701	chr1	152353275	152353387	False	344	113M	255	0	3	0.6880273222923279	ambig_opp_strand	unspliced	1437	12	ENST00000388718.5	FLG2	ENSG00000143520.6	mrna
A00839:75:H7MFFDSXY:3:2646:10041:9142	chr1	152355513	152355563	True	-276	51M	0	0	128	0.0	.	unknown	-1	0	.	.	.	mrna
A00839:75:H7MFFDSXY:3:1334:8540:32346	chr1	152350627	152350776	False	363	150M	255	0	5	0.42277199029922485	ambig_opp_strand	unspliced	-1	12	.	.	.	mrna
A00839:75:H7MFFDSXY:3:1547:14669:35415	chr1	152356933	152357082	False	350	150M	255	0	3	0.6434367299079895	ambig_opp_strand	unspliced	1437	12	ENST00000388718.5	FLG2	ENSG00000143520.6	mrna
A00839:75:H7MFFDSXY:3:2412:19425:33379	chr1	152352056	152352205	True	-299	150M	255	0	25	0.6995184421539307	ambig_opp_strand	unspliced	1437	12	RIGEL_NRNA_chr1_1_152335378_152364080		RIGEL_NRNA_chr1_1_152335378_152364080	nrna
A00839:75:H7MFFDSXY:3:1312:10872:27023	chr1	152353989	152354138	False	163	150M	255	0	3	0.8622211813926697	ambig_opp_strand	unspliced	1437	12	ENST00000388718.5	FLG2	ENSG00000143520.6	mrna
A00839:75:H7MFFDSXY:3:2609:31602:3740	chr1	152357375	152357524	False	407	150M	255	0	5	0.969193160533905	ambig_opp_strand	unspliced	-1	12	.	.	.	mrna
A00839:75:H7MFFDSXY:3:1143:19307:26224	chr1	152352571	152352720	True	-247	150M	255	0	25	0.8134884238243103	ambig_opp_strand	unspliced	1437	12	RIGEL_NRNA_chr1_1_152335378_152364080		RIGEL_NRNA_chr1_1_152335378_152364080	nrna
A00839:75:H7MFFDSXY:3:1526:14995:31845	chr1	152355440	152355577	False	369	138M	255	0	3	0.4424456059932709	ambig_opp_strand	unspliced	1437	12	ENST00000388718.5	FLG2	ENSG00000143520.6	mrna
A00839:75:H7MFFDSXY:3:2445:29966:31187	chr1	152352674	152352823	True	-266	150M	255	1	25	0.7869921326637268	ambig_opp_strand	unspliced	1437	12	RIGEL_NRNA_chr1_1_152335378_152364080		RIGEL_NRNA_chr1_1_152335378_152364080	nrna
A00839:75:H7MFFDSXY:3:1550:7654:1689	chr1	152357109	152357254	False	382	146M	255	0	25	0.02955029159784317	ambig_opp_strand	unspliced	1437	12	RIGEL_NRNA_chr1_2_152348734_152360006		RIGEL_NRNA_chr1_2_152348734_152360006	nrna
A00839:75:H7MFFDSXY:3:2304:4499:5024	chr1	152351367	152351516	True	-386	150M	255	0	5	0.9183356761932373	ambig_opp_strand	unspliced	-1	12	.	.	.	mrna
A00839:75:H7MFFDSXY:3:1466:21676:15107	chr1	152356628	152356777	True	-320	150M	255	0	5	0.35672327876091003	ambig_opp_strand	unspliced	-1	12	.	.	.	mrna
A00839:75:H7MFFDSXY:3:1625:1814:3443	chr1	152359030	152359179	True	-378	150M	255	1	5	0.8829563856124878	ambig_opp_strand	unspliced	-1	12	.	.	.	mrna
A00839:75:H7MFFDSXY:3:1513:32868:30452	chr1	152352521	152352670	True	-431	150M	255	0	5	0.9284845590591431	ambig_opp_strand	unspliced	-1	12	.	.	.	mrna
A00839:75:H7MFFDSXY:3:2340:27624:15139	chr1	152356865	152357014	True	-347	150M	255	0	5	0.5985598564147949	ambig_opp_strand	unspliced	-1	12	.	.	.	mrna
A00839:75:H7MFFDSXY:3:1126:9426:1188	chr1	152352057	152352206	False	378	150M	255	0	5	0.639411211013794	ambig_opp_strand	unspliced	-1	12	.	.	.	mrna
A00839:75:H7MFFDSXY:3:1561:8531:15577	chr1	152354155	152354304	True	-412	150M	255	0	5	0.9324856996536255	ambig_opp_strand	unspliced	-1	12	.	.	.	mrna
A00839:75:H7MFFDSXY:3:2143:26729:29872	chr1	152354004	152354153	False	362	150M	255	1	3	0.525147557258606	ambig_opp_strand	unspliced	1437	12	ENST00000388718.5	FLG2	ENSG00000143520.6	mrna
A00839:75:H7MFFDSXY:3:1561:14009:7780	chr1	152357006	152357155	True	-401	150M	255	0	5	0.931551992893219	ambig_opp_strand	unspliced	-1	12	.	.	.	mrna
A00839:75:H7MFFDSXY:3:1611:20672:31125	chr1	152353627	152353776	False	261	150M	255	0	3	0.8690878748893738	ambig_opp_strand	unspliced	1437	12	ENST00000388718.5	FLG2	ENSG00000143520.6	mrna
A00839:75:H7MFFDSXY:3:1366:2718:17597	chr1	152356694	152356843	False	240	150M	255	0	3	0.8755958676338196	ambig_opp_strand	unspliced	1437	12	ENST00000388718.5	FLG2	ENSG00000143520.6	mrna
A00839:75:H7MFFDSXY:3:1405:9136:1094	chr1	152352211	152352360	False	249	150M	255	0	3	0.8736680150032043	ambig_opp_strand	unspliced	1437	12	ENST00000388718.5	FLG2	ENSG00000143520.6	mrna
A00839:75:H7MFFDSXY:3:1573:10050:19085	chr1	152353638	152353787	True	-344	150M	255	0	5	0.5674733519554138	ambig_opp_strand	unspliced	-1	12	.	.	.	mrna
A00839:75:H7MFFDSXY:3:1533:3522:30483	chr1	152357166	152357315	False	266	150M	255	0	3	0.8665706515312195	ambig_opp_strand	unspliced	1437	12	ENST00000388718.5	FLG2	ENSG00000143520.6	mrna
A00839:75:H7MFFDSXY:3:1167:31069:32878	chr1	152355997	152356104	False	372	108M	255	0	5	0.5482625961303711	ambig_opp_strand	unspliced	-1	12	.	.	.	mrna
A00839:75:H7MFFDSXY:3:1109:22996:13886	chr1	152353432	152353581	False	361	150M	255	0	3	0.5441567897796631	ambig_opp_strand	unspliced	1437	12	ENST00000388718.5	FLG2	ENSG00000143520.6	mrna
A00839:75:H7MFFDSXY:3:2161:16586:33818	chr1	152352143	152352292	True	-205	150M	255	0	25	0.8211627006530762	ambig_opp_strand	unspliced	1437	12	RIGEL_NRNA_chr1_1_152335378_152364080		RIGEL_NRNA_chr1_1_152335378_152364080	nrna
A00839:75:H7MFFDSXY:3:2464:12228:23453	chr1	152351072	152351221	False	279	150M	255	0	3	0.8583839535713196	ambig_opp_strand	unspliced	1437	12	ENST00000388718.5	FLG2	ENSG00000143520.6	mrna
A00839:75:H7MFFDSXY:3:2422:28013:6637	chr1	152355613	152355762	False	344	150M	255	1	3	0.6880274415016174	ambig_opp_strand	unspliced	1437	12	ENST00000388718.5	FLG2	ENSG00000143520.6	mrna
A00839:75:H7MFFDSXY:3:1238:8440:4460	chr1	152357572	152357721	False	358	150M	255	0	5	0.8549057245254517	ambig_opp_strand	unspliced	-1	12	.	.	.	mrna
A00839:75:H7MFFDSXY:3:2253:23393:23719	chr1	152352440	152352589	True	-263	150M	255	0	25	0.7924413681030273	ambig_opp_strand	unspliced	1437	12	RIGEL_NRNA_chr1_1_152335378_152364080		RIGEL_NRNA_chr1_1_152335378_152364080	nrna
A00839:75:H7MFFDSXY:3:1624:9471:5462	chr1	152356018	152356158	True	-366	141M	3	0	128	0.0	.	unknown	-1	0	.	.	.	mrna
A00839:75:H7MFFDSXY:3:2106:25608:36010	chr1	152352972	152353098	True	-358	127M	255	2	25	0.2641514539718628	ambig_opp_strand	unspliced	1437	12	RIGEL_NRNA_chr1_1_152335378_152364080		RIGEL_NRNA_chr1_1_152335378_152364080	nrna
A00839:75:H7MFFDSXY:3:2276:14434:22608	chr1	152350733	152350882	True	-432	150M	255	0	5	0.9306533336639404	ambig_opp_strand	unspliced	-1	12	.	.	.	mrna
A00839:75:H7MFFDSXY:3:1458:17635:30248	chr1	152357560	152357709	True	-317	150M	255	0	5	0.337756872177124	ambig_opp_strand	unspliced	-1	12	.	.	.	mrna
A00839:75:H7MFFDSXY:3:2530:32488:15483	chr1	152351377	152351526	False	260	150M	255	0	3	0.8692231774330139	ambig_opp_strand	unspliced	1437	12	ENST00000388718.5	FLG2	ENSG00000143520.6	mrna
A00839:75:H7MFFDSXY:3:1242:15284:23735	chr1	152355681	152355830	True	-27	150M	255	0	25	0.7733746767044067	ambig_opp_strand	unspliced	1437	12	RIGEL_NRNA_chr1_1_152335378_152364080		RIGEL_NRNA_chr1_1_152335378_152364080	nrna
A00839:75:H7MFFDSXY:3:2266:32506:24283	chr1	152352994	152353143	False	435	150M	255	0	25	0.0255744569003582	ambig_opp_strand	unspliced	1437	12	RIGEL_NRNA_chr1_2_152348734_152360006		RIGEL_NRNA_chr1_2_152348734_152360006	nrna
A00839:75:H7MFFDSXY:3:1349:28447:5541	chr1	152357171	152357320	True	-257	150M	255	0	25	0.8012586236000061	ambig_opp_strand	unspliced	1437	12	RIGEL_NRNA_chr1_1_152335378_152364080		RIGEL_NRNA_chr1_1_152335378_152364080	nrna
A00839:75:H7MFFDSXY:3:2113:27525:8860	chr1	152356207	152356325	True	-119	119M	255	0	25	0.4743732511997223	ambig_opp_strand	unspliced	1437	12	RIGEL_NRNA_chr1_1_152335378_152364080		RIGEL_NRNA_chr1_1_152335378_152364080	nrna
A00839:75:H7MFFDSXY:3:1573:18765:31579	chr1	152354415	152354564	True	-464	150M	255	0	5	0.9347960948944092	ambig_opp_strand	unspliced	-1	12	.	.	.	mrna
A00839:75:H7MFFDSXY:3:1469:27254:26710	chr1	152357118	152357267	False	219	150M	255	0	3	0.8770769834518433	ambig_opp_strand	unspliced	1437	12	ENST00000388718.5	FLG2	ENSG00000143520.6	mrna
A00839:75:H7MFFDSXY:3:2205:19334:6825	chr1	152353820	152353969	True	-339	150M	255	0	5	0.5065005421638489	ambig_opp_strand	unspliced	-1	12	.	.	.	mrna
A00839:75:H7MFFDSXY:3:1643:16740:20807	chr1	152355443	152355592	True	-164	150M	255	0	25	0.7744254469871521	ambig_opp_strand	unspliced	1437	12	RIGEL_NRNA_chr1_1_152335378_152364080		RIGEL_NRNA_chr1_1_152335378_152364080	nrna
A00839:75:H7MFFDSXY:3:2276:20500:19961	chr1	152356153	152356302	False	255	150M	255	0	3	0.871295154094696	ambig_opp_strand	unspliced	1437	12	ENST00000388718.5	FLG2	ENSG00000143520.6	mrna
A00839:75:H7MFFDSXY:3:2523:3504:12383	chr1	152357265	152357414	False	253	150M	255	0	3	0.8722679615020752	ambig_opp_strand	unspliced	1437	12	ENST00000388718.5	FLG2	ENSG00000143520.6	mrna
A00839:75:H7MFFDSXY:3:2271:4363:1971	chr1	152351374	152351523	True	-262	150M	255	0	25	0.7931538224220276	ambig_opp_strand	unspliced	1437	12	RIGEL_NRNA_chr1_1_152335378_152364080		RIGEL_NRNA_chr1_1_152335378_152364080	nrna
A00839:75:H7MFFDSXY:3:1318:24912:25473	chr1	152353210	152353359	True	-308	150M	255	0	25	0.6581497192382812	ambig_opp_strand	unspliced	1437	12	RIGEL_NRNA_chr1_1_152335378_152364080		RIGEL_NRNA_chr1_1_152335378_152364080	nrna
A00839:75:H7MFFDSXY:3:2350:3893:4163	chr1	152354819	152354968	False	208	150M	255	0	3	0.8767197132110596	ambig_opp_strand	unspliced	1437	12	ENST00000388718.5	FLG2	ENSG00000143520.6	mrna
A00839:75:H7MFFDSXY:3:1477:7762:31375	chr1	152351990	152352139	False	238	150M	255	0	3	0.8759592771530151	ambig_opp_strand	unspliced	1437	12	ENST00000388718.5	FLG2	ENSG00000143520.6	mrna
A00839:75:H7MFFDSXY:3:2544:27561:15374	chr1	152352192	152352341	False	305	150M	255	0	3	0.8292871117591858	ambig_opp_strand	unspliced	1437	12	ENST00000388718.5	FLG2	ENSG00000143520.6	mrna
A00839:75:H7MFFDSXY:3:1174:14000:24267	chr1	152356193	152356342	False	341	150M	255	0	3	0.7092514634132385	ambig_opp_strand	unspliced	1437	12	ENST00000388718.5	FLG2	ENSG00000143520.6	mrna
A00839:75:H7MFFDSXY:3:1107:9616:28604	chr1	152354857	152355006	True	-464	150M	255	0	5	0.9347960352897644	ambig_opp_strand	unspliced	-1	12	.	.	.	mrna
A00839:75:H7MFFDSXY:3:1601:7075:19727	chr1	152354442	152354591	False	421	150M	255	0	5	0.7861948013305664	ambig_opp_strand	unspliced	-1	12	.	.	.	mrna
A00839:75:H7MFFDSXY:3:1239:12418:35055	chr1	152352272	152352421	False	248	150M	255	0	3	0.8739234805107117	ambig_opp_strand	unspliced	1437	12	ENST00000388718.5	FLG2	ENSG00000143520.6	mrna
A00839:75:H7MFFDSXY:3:1214:30083:23970	chr1	152354294	152354443	True	-170	150M	255	0	5	0.14277426898479462	ambig_opp_strand	unspliced	-1	12	.	.	.	mrna
A00839:75:H7MFFDSXY:3:2103:25211:27931	chr1	152355613	152355762	True	-268	150M	255	0	25	0.7825422286987305	ambig_opp_strand	unspliced	1437	12	RIGEL_NRNA_chr1_1_152335378_152364080		RIGEL_NRNA_chr1_1_152335378_152364080	nrna
A00839:75:H7MFFDSXY:3:1161:23637:17002	chr1	152351119	152351248	True	-355	130M	255	0	5	0.6823275089263916	ambig_opp_strand	unspliced	-1	12	.	.	.	mrna
A00839:75:H7MFFDSXY:3:1454:5059:15358	chr1	152352384	152352533	False	284	150M	255	0	3	0.8545677661895752	ambig_opp_strand	unspliced	1437	12	ENST00000388718.5	FLG2	ENSG00000143520.6	mrna
A00839:75:H7MFFDSXY:3:2210:8621:9533	chr1	152351166	152351315	False	290	150M	255	0	3	0.8488789796829224	ambig_opp_strand	unspliced	1437	12	ENST00000388718.5	FLG2	ENSG00000143520.6	mrna
A00839:75:H7MFFDSXY:3:1243:21549:20462	chr1	152355729	152355878	True	-306	150M	255	1	25	0.6666443347930908	ambig_opp_strand	unspliced	1437	12	RIGEL_NRNA_chr1_1_152335378_152364080		RIGEL_NRNA_chr1_1_152335378_152364080	nrna
A00839:75:H7MFFDSXY:3:1645:17101:23844	chr1	152357254	152357403	True	-298	150M	255	1	25	0.7031342387199402	ambig_opp_strand	unspliced	1437	12	RIGEL_NRNA_chr1_1_152335378_152364080		RIGEL_NRNA_chr1_1_152335378_152364080	nrna
A00839:75:H7MFFDSXY:3:2512:15845:19413	chr1	152351746	152351895	True	-460	150M	255	0	5	0.9336235523223877	ambig_opp_strand	unspliced	-1	12	.	.	.	mrna
A00839:75:H7MFFDSXY:3:1621:16468:15765	chr1	152356515	152356664	False	318	150M	255	0	3	0.8020117878913879	ambig_opp_strand	unspliced	1437	12	ENST00000388718.5	FLG2	ENSG00000143520.6	mrna
A00839:75:H7MFFDSXY:3:1645:30644:35243	chr1	152356833	152356982	False	351	150M	255	0	5	0.29489830136299133	ambig_opp_strand	unspliced	-1	12	.	.	.	mrna
A00839:75:H7MFFDSXY:3:2518:2446:13714	chr1	152352332	152352481	True	-211	150M	255	0	5	0.10486925393342972	ambig_opp_strand	unspliced	-1	12	.	.	.	mrna
A00839:75:H7MFFDSXY:3:1341:28519:5729	chr1	152355740	152355889	False	387	150M	255	0	25	0.026181792840361595	ambig_opp_strand	unspliced	1437	12	RIGEL_NRNA_chr1_2_152348734_152360006		RIGEL_NRNA_chr1_2_152348734_152360006	nrna
A00839:75:H7MFFDSXY:3:2519:1235:24142	chr1	152353637	152353785	True	-149	149M	255	0	25	0.7239764332771301	ambig_opp_strand	unspliced	1437	12	RIGEL_NRNA_chr1_1_152335378_152364080		RIGEL_NRNA_chr1_1_152335378_152364080	nrna
A00839:75:H7MFFDSXY:3:2225:25220:23469	chr1	152354216	152354365	False	391	150M	255	0	5	0.7731274366378784	ambig_opp_strand	unspliced	-1	12	.	.	.	mrna
A00839:75:H7MFFDSXY:3:2134:14045:5243	chr1	152354326	152354475	True	-416	150M	255	0	5	0.9329258799552917	ambig_opp_strand	unspliced	-1	12	.	.	.	mrna
A00839:75:H7MFFDSXY:3:2136:21703:31250	chr1	152352523	152352672	True	-381	150M	255	0	5	0.8953118324279785	ambig_opp_strand	unspliced	-1	12	.	.	.	mrna
A00839:75:H7MFFDSXY:3:2610:9046:23923	chr1	152350390	152350539	False	323	150M	255	0	3	0.78795325756073	ambig_opp_strand	unspliced	1437	12	ENST00000388718.5	FLG2	ENSG00000143520.6	mrna
A00839:75:H7MFFDSXY:3:1255:10465:15608	chr1	152352772	152352828	False	57	57M	255	0	3	0.8927345275878906	ambig_opp_strand	unspliced	1437	12	ENST00000388718.5	FLG2	ENSG00000143520.6	mrna
A00839:75:H7MFFDSXY:3:2368:5810:7294	chr1	152354894	152354997	True	-335	104M	255	0	25	0.482364684343338	ambig_opp_strand	unspliced	1437	12	RIGEL_NRNA_chr1_1_152335378_152364080		RIGEL_NRNA_chr1_1_152335378_152364080	nrna
A00839:75:H7MFFDSXY:3:1337:30228:32080	chr1	152354756	152354905	False	249	150M	255	0	3	0.8736680150032043	ambig_opp_strand	unspliced	1437	12	ENST00000388718.5	FLG2	ENSG00000143520.6	mrna
A00839:75:H7MFFDSXY:3:1219:7346:8923	chr1	152354315	152354464	True	-260	150M	255	0	5	0.13361096382141113	ambig_opp_strand	unspliced	-1	12	.	.	.	mrna
A00839:75:H7MFFDSXY:3:2564:27769:13917	chr1	152354061	152354210	False	295	150M	255	0	3	0.8436314463615417	ambig_opp_strand	unspliced	1437	12	ENST00000388718.5	FLG2	ENSG00000143520.6	mrna
A00839:75:H7MFFDSXY:3:1612:18602:7059	chr1	152354892	152354901	False	127	117S10M	255	0	5	0.36882948875427246	ambig_opp_strand	unspliced	-1	12	.	.	.	mrna
A00839:75:H7MFFDSXY:3:1268:20265:32362	chr1	152354005	152354154	True	-298	150M	255	0	5	0.2348497211933136	ambig_opp_strand	unspliced	-1	12	.	.	.	mrna
A00839:75:H7MFFDSXY:3:1140:28971:21919	chr1	152356053	152356202	False	382	150M	255	0	5	0.7015135884284973	ambig_opp_strand	unspliced	-1	12	.	.	.	mrna
A00839:75:H7MFFDSXY:3:1457:32470:11945	chr1	152350593	152350742	False	310	150M	255	0	3	0.8198214769363403	ambig_opp_strand	unspliced	1437	12	ENST00000388718.5	FLG2	ENSG00000143520.6	mrna
A00839:75:H7MFFDSXY:3:2219:27896:34209	chr1	152350610	152350759	False	271	150M	255	0	3	0.8635894060134888	ambig_opp_strand	unspliced	1437	12	ENST00000388718.5	FLG2	ENSG00000143520.6	mrna
A00839:75:H7MFFDSXY:3:1164:26630:22717	chr1	152352451	152352573	False	123	123M	255	0	25	0.08341240137815475	ambig_opp_strand	unspliced	1437	12	RIGEL_NRNA_chr1_2_152348734_152360006		RIGEL_NRNA_chr1_2_152348734_152360006	nrna
A00839:75:H7MFFDSXY:3:1661:25192:17848	chr1	152356146	152356244	True	-780	99M	255	0	25	0.6965417265892029	ambig_opp_strand	unspliced	1437	12	RIGEL_NRNA_chr1_1_152335378_152364080		RIGEL_NRNA_chr1_1_152335378_152364080	nrna
A00839:75:H7MFFDSXY:3:1148:28583:18458	chr1	152357630	152357779	True	-350	150M	255	0	5	0.6298735737800598	ambig_opp_strand	unspliced	-1	12	.	.	.	mrna
A00839:75:H7MFFDSXY:3:2673:15203:3521	chr1	152357017	152357166	True	-306	150M	255	0	5	0.2745581269264221	ambig_opp_strand	unspliced	-1	12	.	.	.	mrna
A00839:75:H7MFFDSXY:3:1456:11478:11945	chr1	152350874	152351023	False	386	150M	255	0	3	0.24673983454704285	ambig_opp_strand	unspliced	1437	12	ENST00000388718.5	FLG2	ENSG00000143520.6	mrna
A00839:75:H7MFFDSXY:3:1650:19379:20149	chr1	152357570	152357719	True	-246	150M	255	0	25	0.8167278170585632	ambig_opp_strand	unspliced	1437	12	RIGEL_NRNA_chr1_1_152335378_152364080		RIGEL_NRNA_chr1_1_152335378_152364080	nrna
A00839:75:H7MFFDSXY:3:2377:5104:33818	chr1	152353179	152353328	False	398	150M	255	0	5	0.7604586482048035	ambig_opp_strand	unspliced	-1	12	.	.	.	mrna
A00839:75:H7MFFDSXY:3:1160:27823:19805	chr1	152354928	152355077	True	-270	150M	255	0	25	0.7786889672279358	ambig_opp_strand	unspliced	1437	12	RIGEL_NRNA_chr1_1_152335378_152364080		RIGEL_NRNA_chr1_1_152335378_152364080	nrna
A00839:75:H7MFFDSXY:3:1257:16080:36605	chr1	152352228	152352377	True	-307	150M	255	0	5	0.2801666259765625	ambig_opp_strand	unspliced	-1	12	.	.	.	mrna
A00839:75:H7MFFDSXY:3:2131:15736:20165	chr1	152352423	152352531	True	-340	109M	255	0	25	0.4386589527130127	ambig_opp_strand	unspliced	1437	12	RIGEL_NRNA_chr1_1_152335378_152364080		RIGEL_NRNA_chr1_1_152335378_152364080	nrna
A00839:75:H7MFFDSXY:3:1348:1642:1078	chr1	152357083	152357232	False	475	150M	255	0	5	0.7633554339408875	ambig_opp_strand	unspliced	-1	12	.	.	.	mrna
A00839:75:H7MFFDSXY:3:1604:5285:3380	chr1	152354631	152354764	False	365	134M	255	0	5	0.44588160514831543	ambig_opp_strand	unspliced	-1	12	.	.	.	mrna
A00839:75:H7MFFDSXY:3:2104:10646:19398	chr1	152354587	152354736	False	480	150M	255	0	5	0.8040865659713745	ambig_opp_strand	unspliced	-1	12	.	.	.	mrna
A00839:75:H7MFFDSXY:3:1643:28999:23907	chr1	152354074	152354223	False	205	150M	255	0	25	0.09629719704389572	ambig_opp_strand	unspliced	1437	12	RIGEL_NRNA_chr1_2_152348734_152360006		RIGEL_NRNA_chr1_2_152348734_152360006	nrna
A00839:75:H7MFFDSXY:3:2155:15845:11678	chr1	152350649	152350798	False	384	150M	255	0	3	0.26543667912483215	ambig_opp_strand	unspliced	1437	12	ENST00000388718.5	FLG2	ENSG00000143520.6	mrna
A00839:75:H7MFFDSXY:3:1430:24948:19930	chr1	152356769	152356918	False	233	150M	255	0	3	0.8760844469070435	ambig_opp_strand	unspliced	1437	12	ENST00000388718.5	FLG2	ENSG00000143520.6	mrna
A00839:75:H7MFFDSXY:3:1636:28483:14121	chr1	152355230	152355349	True	-351	120M	255	0	25	0.3312515914440155	ambig_opp_strand	unspliced	1437	12	RIGEL_NRNA_chr1_1_152335378_152364080		RIGEL_NRNA_chr1_1_152335378_152364080	nrna
A00839:75:H7MFFDSXY:3:1628:23131:31532	chr1	152352675	152352739	True	-290	65M	255	0	25	0.7295698523521423	ambig_opp_strand	unspliced	1437	12	RIGEL_NRNA_chr1_1_152335378_152364080		RIGEL_NRNA_chr1_1_152335378_152364080	nrna
A00839:75:H7MFFDSXY:3:1517:17155:7373	chr1	152357108	152357257	False	171	150M	255	0	3	0.8669613003730774	ambig_opp_strand	unspliced	1437	12	ENST00000388718.5	FLG2	ENSG00000143520.6	mrna
A00839:75:H7MFFDSXY:3:1572:20980:14653	chr1	152352330	152352479	True	-490	150M	255	0	5	0.9301965236663818	ambig_opp_strand	unspliced	-1	12	.	.	.	mrna
A00839:75:H7MFFDSXY:3:1217:8576:25958	chr1	152356465	152356614	True	-312	150M	255	0	25	0.6333353519439697	ambig_opp_strand	unspliced	1437	12	RIGEL_NRNA_chr1_1_152335378_152364080		RIGEL_NRNA_chr1_1_152335378_152364080	nrna
A00839:75:H7MFFDSXY:3:1501:15420:3490	chr1	152357020	152357169	False	370	150M	255	0	5	0.5283640623092651	ambig_opp_strand	unspliced	-1	12	.	.	.	mrna
A00839:75:H7MFFDSXY:3:1467:31006:15734	chr1	152356860	152357009	False	270	150M	255	0	3	0.8641307950019836	ambig_opp_strand	unspliced	1437	12	ENST00000388718.5	FLG2	ENSG00000143520.6	mrna
A00839:75:H7MFFDSXY:3:1242:18222:24690	chr1	152351075	152351224	True	-194	150M	255	0	5	0.11142894625663757	ambig_opp_strand	unspliced	-1	12	.	.	.	mrna
A00839:75:H7MFFDSXY:3:2470:17942:19977	chr1	152352082	152352231	False	188	150M	255	0	3	0.8732351660728455	ambig_opp_strand	unspliced	1437	12	ENST00000388718.5	FLG2	ENSG00000143520.6	mrna
A00839:75:H7MFFDSXY:3:2650:11632:24831	chr1	152354650	152354761	True	-343	112M	255	0	25	0.40933963656425476	ambig_opp_strand	unspliced	1437	12	RIGEL_NRNA_chr1_1_152335378_152364080		RIGEL_NRNA_chr1_1_152335378_152364080	nrna
A00839:75:H7MFFDSXY:3:1317:26775:32863	chr1	152356925	152357074	False	385	150M	255	0	3	0.24650080502033234	ambig_opp_strand	unspliced	1437	12	ENST00000388718.5	FLG2	ENSG00000143520.6	mrna
A00839:75:H7MFFDSXY:3:2568:17390:28667	chr1	152357325	152357469	True	-145	145M	255	1	5	0.24028892815113068	ambig_opp_strand	unspliced	-1	12	.	.	.	mrna
A00839:75:H7MFFDSXY:3:1649:29776:10347	chr1	152350882	152351009	False	353	128M	255	0	5	0.3183212876319885	ambig_opp_strand	unspliced	-1	12	.	.	.	mrna
A00839:75:H7MFFDSXY:3:1403:14886:25081	chr1	152350955	152351069	False	115	115M	255	0	3	0.7189345359802246	ambig_opp_strand	unspliced	1437	12	ENST00000388718.5	FLG2	ENSG00000143520.6	mrna
A00839:75:H7MFFDSXY:3:2109:23954:11318	chr1	152350936	152351309	False	374	120M225N29M	255	8	3	0.9008230566978455	ambig_opp_strand	spliced_unannot	1437	11	ENST00000388718.5	FLG2	ENSG00000143520.6	mrna
A00839:75:H7MFFDSXY:3:1349:19551:32910	chr1	152355992	152356141	False	483	150M	255	1	3	0.22735647857189178	ambig_opp_strand	unspliced	1437	12	ENST00000388718.5	FLG2	ENSG00000143520.6	mrna
A00839:75:H7MFFDSXY:3:2513:6867:20494	chr1	152356842	152356991	True	-295	150M	255	0	25	0.05698641762137413	ambig_opp_strand	unspliced	1437	12	RIGEL_NRNA_chr1_1_152189332_152365557		RIGEL_NRNA_chr1_1_152189332_152365557	nrna
A00839:75:H7MFFDSXY:3:1157:12011:34037	chr1	152355465	152355569	True	-330	105M	255	0	25	0.5282354354858398	ambig_opp_strand	unspliced	1437	12	RIGEL_NRNA_chr1_1_152335378_152364080		RIGEL_NRNA_chr1_1_152335378_152364080	nrna
A00839:75:H7MFFDSXY:3:2617:26133:13996	chr1	152356851	152357000	False	336	150M	255	0	5	0.17686282098293304	ambig_opp_strand	unspliced	-1	12	.	.	.	mrna
A00839:75:H7MFFDSXY:3:1630:21016:25394	chr1	152351076	152351225	True	-329	150M	255	0	25	0.5328218340873718	ambig_opp_strand	unspliced	1437	12	RIGEL_NRNA_chr1_1_152335378_152364080		RIGEL_NRNA_chr1_1_152335378_152364080	nrna
A00839:75:H7MFFDSXY:3:1609:21748:8406	chr1	152352321	152352456	False	136	136M	255	0	3	0.8202362060546875	ambig_opp_strand	unspliced	1437	12	ENST00000388718.5	FLG2	ENSG00000143520.6	mrna
A00839:75:H7MFFDSXY:3:1658:13819:32878	chr1	152353017	152353103	False	312	87M	255	0	3	0.8142598867416382	ambig_opp_strand	unspliced	1437	12	ENST00000388718.5	FLG2	ENSG00000143520.6	mrna
A00839:75:H7MFFDSXY:3:2464:15248:36292	chr1	152352389	152352538	True	-270	150M	255	0	25	0.7786889672279358	ambig_opp_strand	unspliced	1437	12	RIGEL_NRNA_chr1_1_152335378_152364080		RIGEL_NRNA_chr1_1_152335378_152364080	nrna
A00839:75:H7MFFDSXY:3:1535:10746:35947	chr1	152356269	152356418	True	-326	150M	255	0	25	0.5516192317008972	ambig_opp_strand	unspliced	1437	12	RIGEL_NRNA_chr1_1_152335378_152364080		RIGEL_NRNA_chr1_1_152335378_152364080	nrna
A00839:75:H7MFFDSXY:3:2362:5828:15875	chr1	152352528	152352647	True	-345	120M	255	0	5	0.5750561952590942	ambig_opp_strand	unspliced	-1	12	.	.	.	mrna
A00839:75:H7MFFDSXY:3:2124:7663:8155	chr1	152354004	152354153	False	279	150M	255	0	25	0.09433639794588089	ambig_opp_strand	unspliced	1437	12	RIGEL_NRNA_chr1_2_152348734_152360006		RIGEL_NRNA_chr1_2_152348734_152360006	nrna
A00839:75:H7MFFDSXY:3:2146:20103:26725	chr1	152351014	152351163	True	-215	150M	255	0	25	0.8241838216781616	ambig_opp_strand	unspliced	1437	12	RIGEL_NRNA_chr1_1_152335378_152364080		RIGEL_NRNA_chr1_1_152335378_152364080	nrna
A00839:75:H7MFFDSXY:3:1112:18096:2769	chr1	152351169	152351318	True	-328	150M	255	0	5	0.41158074140548706	ambig_opp_strand	unspliced	-1	12	.	.	.	mrna
A00839:75:H7MFFDSXY:3:1238:11939:9925	chr1	152357080	152357229	False	350	150M	255	1	5	0.285723477602005	ambig_opp_strand	unspliced	-1	12	.	.	.	mrna
A00839:75:H7MFFDSXY:3:1357:27633:9925	chr1	152351592	152351683	True	-317	92M	255	1	25	0.6091583371162415	ambig_opp_strand	unspliced	1437	12	RIGEL_NRNA_chr1_1_152335378_152364080		RIGEL_NRNA_chr1_1_152335378_152364080	nrna
A00839:75:H7MFFDSXY:3:1474:23086:1454	chr1	152353316	152353465	False	340	150M	255	0	3	0.7160141468048096	ambig_opp_strand	unspliced	1437	12	ENST00000388718.5	FLG2	ENSG00000143520.6	mrna
A00839:75:H7MFFDSXY:3:2424:24053:30342	chr1	152355218	152355332	True	-115	115M	255	0	25	0.4432459771633148	ambig_opp_strand	unspliced	1437	12	RIGEL_NRNA_chr1_1_152335378_152364080		RIGEL_NRNA_chr1_1_152335378_152364080	nrna
A00839:75:H7MFFDSXY:3:1302:18855:29481	chr1	152356599	152356748	True	-349	150M	255	0	5	0.6230829954147339	ambig_opp_strand	unspliced	-1	12	.	.	.	mrna
A00839:75:H7MFFDSXY:3:1341:2220:34491	chr1	152355891	152355946	True	-281	56M	255	1	25	0.7539288401603699	ambig_opp_strand	unspliced	1437	12	RIGEL_NRNA_chr1_1_152335378_152364080		RIGEL_NRNA_chr1_1_152335378_152364080	nrna
A00839:75:H7MFFDSXY:3:1629:31403:13698	chr1	152355219	152355368	True	-358	150M	255	0	5	0.7125505208969116	ambig_opp_strand	unspliced	-1	12	.	.	.	mrna
A00839:75:H7MFFDSXY:3:1372:17454:11177	chr1	152350966	152351115	False	256	150M	255	0	3	0.8710975646972656	ambig_opp_strand	unspliced	1437	12	ENST00000388718.5	FLG2	ENSG00000143520.6	mrna
A00839:75:H7MFFDSXY:3:1460:15573:29559	chr1	152354448	152354597	True	-390	150M	255	0	5	0.9242245554924011	ambig_opp_strand	unspliced	-1	12	.	.	.	mrna
A00839:75:H7MFFDSXY:3:1222:10782:22263	chr1	152354643	152354792	True	-222	150M	255	0	25	0.8228075504302979	ambig_opp_strand	unspliced	1437	12	RIGEL_NRNA_chr1_1_152335378_152364080		RIGEL_NRNA_chr1_1_152335378_152364080	nrna
A00839:75:H7MFFDSXY:3:2346:18403:30264	chr1	152353425	152353549	False	356	125M	255	0	3	0.5906876921653748	ambig_opp_strand	unspliced	1437	12	ENST00000388718.5	FLG2	ENSG00000143520.6	mrna
A00839:75:H7MFFDSXY:3:1323:22263:9173	chr1	152353468	152353617	False	232	150M	255	0	3	0.8764368295669556	ambig_opp_strand	unspliced	1437	12	ENST00000388718.5	FLG2	ENSG00000143520.6	mrna
A00839:75:H7MFFDSXY:3:1510:3595:21997	chr1	152351668	152351817	False	418	150M	255	3	5	0.7819688320159912	ambig_opp_strand	unspliced	-1	12	.	.	.	mrna
A00839:75:H7MFFDSXY:3:2556:13051:25379	chr1	152351053	152351202	True	-352	150M	255	0	25	0.3219102919101715	ambig_opp_strand	unspliced	1437	12	RIGEL_NRNA_chr1_1_152335378_152364080		RIGEL_NRNA_chr1_1_152335378_152364080	nrna
A00839:75:H7MFFDSXY:3:2375:16306:29700	chr1	152354510	152354659	False	258	150M	255	0	25	0.095631904900074	ambig_opp_strand	unspliced	1437	12	RIGEL_NRNA_chr1_2_152348734_152360006		RIGEL_NRNA_chr1_2_152348734_152360006	nrna
A00839:75:H7MFFDSXY:3:1627:29821:10300	chr1	152356235	152356316	True	-346	82M	255	0	25	0.38176587224006653	ambig_opp_strand	unspliced	1437	12	RIGEL_NRNA_chr1_1_152335378_152364080		RIGEL_NRNA_chr1_1_152335378_152364080	nrna
A00839:75:H7MFFDSXY:3:2564:14082:34522	chr1	152353054	152353203	False	295	150M	255	0	3	0.8436314463615417	ambig_opp_strand	unspliced	1437	12	ENST00000388718.5	FLG2	ENSG00000143520.6	mrna
A00839:75:H7MFFDSXY:3:1168:25509:23062	chr1	152351242	152351363	True	-347	122M	255	0	5	0.5985598564147949	ambig_opp_strand	unspliced	-1	12	.	.	.	mrna
A00839:75:H7MFFDSXY:3:1672:31530:6120	chr1	152354856	152355001	False	377	146M	255	0	5	0.6198239922523499	ambig_opp_strand	unspliced	-1	12	.	.	.	mrna
A00839:75:H7MFFDSXY:3:1656:14561:33661	chr1	152354484	152354571	True	-319	88M	255	0	25	0.5950044393539429	ambig_opp_strand	unspliced	1437	12	RIGEL_NRNA_chr1_1_152335378_152364080		RIGEL_NRNA_chr1_1_152335378_152364080	nrna
A00839:75:H7MFFDSXY:3:1420:30436:10708	chr1	152356176	152356325	False	332	150M	255	0	5	0.15910188853740692	ambig_opp_strand	unspliced	-1	12	.	.	.	mrna
A00839:75:H7MFFDSXY:3:2470:6262:17754	chr1	152351516	152351660	True	-370	145M	255	0	25	0.1597539782524109	ambig_opp_strand	unspliced	1437	12	RIGEL_NRNA_chr1_1_152335378_152364080		RIGEL_NRNA_chr1_1_152335378_152364080	nrna
A00839:75:H7MFFDSXY:3:2304:24614:16501	chr1	152355534	152355645	False	343	112M	255	0	3	0.6964337229728699	ambig_opp_strand	unspliced	1437	12	ENST00000388718.5	FLG2	ENSG00000143520.6	mrna
A00839:75:H7MFFDSXY:3:1306:29451:8281	chr1	152351260	152351409	True	-322	150M	255	0	25	0.5785312652587891	ambig_opp_strand	unspliced	1437	12	RIGEL_NRNA_chr1_1_152335378_152364080		RIGEL_NRNA_chr1_1_152335378_152364080	nrna
A00839:75:H7MFFDSXY:3:2642:13114:9079	chr1	152354284	152354325	False	273	42M	3	0	128	0.0	.	unknown	-1	0	.	.	.	mrna
A00839:75:H7MFFDSXY:3:1543:32307:31422	chr1	152356868	152357017	False	276	150M	255	1	3	0.8602301478385925	ambig_opp_strand	unspliced	1437	12	ENST00000388718.5	FLG2	ENSG00000143520.6	mrna
A00839:75:H7MFFDSXY:3:2543:20383:27774	chr1	152352762	152352911	True	-233	150M	255	0	25	0.8206474184989929	ambig_opp_strand	unspliced	1437	12	RIGEL_NRNA_chr1_1_152335378_152364080		RIGEL_NRNA_chr1_1_152335378_152364080	nrna
A00839:75:H7MFFDSXY:3:1669:22580:19085	chr1	152356936	152357085	True	-469	150M	255	0	5	0.9300594925880432	ambig_opp_strand	unspliced	-1	12	.	.	.	mrna
A00839:75:H7MFFDSXY:3:1166:8648:13275	chr1	152356652	152356801	True	-329	150M	255	0	25	0.5328218340873718	ambig_opp_strand	unspliced	1437	12	RIGEL_NRNA_chr1_1_152335378_152364080		RIGEL_NRNA_chr1_1_152335378_152364080	nrna
A00839:75:H7MFFDSXY:3:2209:2401:34491	chr1	152356310	152356459	True	-420	150M	255	0	5	0.9265928864479065	ambig_opp_strand	unspliced	-1	12	.	.	.	mrna
A00839:75:H7MFFDSXY:3:2144:32777:11663	chr1	152351964	152352113	False	349	150M	255	0	3	0.6482164263725281	ambig_opp_strand	unspliced	1437	12	ENST00000388718.5	FLG2	ENSG00000143520.6	mrna
A00839:75:H7MFFDSXY:3:1676:1796:25864	chr1	152356225	152356374	False	376	150M	255	0	3	0.35235610604286194	ambig_opp_strand	unspliced	1437	12	ENST00000388718.5	FLG2	ENSG00000143520.6	mrna
A00839:75:H7MFFDSXY:3:1312:29713:17127	chr1	152351471	152351620	True	-184	150M	255	0	25	0.8078091740608215	ambig_opp_strand	unspliced	1437	12	RIGEL_NRNA_chr1_1_152335378_152364080		RIGEL_NRNA_chr1_1_152335378_152364080	nrna
A00839:75:H7MFFDSXY:3:2122:8214:6699	chr1	152355470	152355619	True	-355	150M	255	2	5	0.6823276281356812	ambig_opp_strand	unspliced	-1	12	.	.	.	mrna
A00839:75:H7MFFDSXY:3:2415:32560:13698	chr1	152357320	152357469	False	260	150M	255	0	3	0.8692232370376587	ambig_opp_strand	unspliced	1437	12	ENST00000388718.5	FLG2	ENSG00000143520.6	mrna
A00839:75:H7MFFDSXY:3:1451:14687:16626	chr1	152356834	152356983	True	-295	150M	255	2	5	0.22334764897823334	ambig_opp_strand	unspliced	-1	12	.	.	.	mrna
A00839:75:H7MFFDSXY:3:1650:29875:14841	chr1	152352407	152352514	True	-339	108M	255	0	5	0.5065005421638489	ambig_opp_strand	unspliced	-1	12	.	.	.	mrna
A00839:75:H7MFFDSXY:3:2415:12029:17315	chr1	152351171	152351320	False	496	150M	255	0	5	0.7882221341133118	ambig_opp_strand	unspliced	-1	12	.	.	.	mrna
A00839:75:H7MFFDSXY:3:1372:17472:8766	chr1	152353358	152353507	False	265	150M	255	0	3	0.866584837436676	ambig_opp_strand	unspliced	1437	12	ENST00000388718.5	FLG2	ENSG00000143520.6	mrna
A00839:75:H7MFFDSXY:3:1465:15429:3787	chr1	152350725	152350874	True	-296	150M	255	0	25	0.7106670141220093	ambig_opp_strand	unspliced	1437	12	RIGEL_NRNA_chr1_1_152335378_152364080		RIGEL_NRNA_chr1_1_152335378_152364080	nrna
A00839:75:H7MFFDSXY:3:1463:24587:20369	chr1	152352804	152352899	False	327	96M	255	0	5	0.13836395740509033	ambig_opp_strand	unspliced	-1	12	.	.	.	mrna
A00839:75:H7MFFDSXY:3:1142:16703:10817	chr1	152357857	152358006	True	-531	150M	255	0	5	0.9215665459632874	ambig_opp_strand	unspliced	-1	12	.	.	.	mrna
A00839:75:H7MFFDSXY:3:2319:1524:32534	chr1	152354165	152354314	True	-214	150M	255	0	25	0.8229922652244568	ambig_opp_strand	unspliced	1437	12	RIGEL_NRNA_chr1_1_152335378_152364080		RIGEL_NRNA_chr1_1_152335378_152364080	nrna
A00839:75:H7MFFDSXY:3:1370:6063:15718	chr1	152355200	152355258	False	284	59M	255	0	3	0.8545677661895752	ambig_opp_strand	unspliced	1437	12	ENST00000388718.5	FLG2	ENSG00000143520.6	mrna
A00839:75:H7MFFDSXY:3:2548:27850:24580	chr1	152352205	152352354	False	253	150M	255	0	5	0.03169889748096466	ambig_opp_strand	unspliced	-1	12	.	.	.	mrna
A00839:75:H7MFFDSXY:3:2671:5773:13745	chr1	152353646	152353795	False	395	150M	255	0	3	0.2075142115354538	ambig_opp_strand	unspliced	1437	12	ENST00000388718.5	FLG2	ENSG00000143520.6	mrna
A00839:75:H7MFFDSXY:3:1338:13241:16845	chr1	152351476	152351625	False	194	150M	255	0	3	0.8749577403068542	ambig_opp_strand	unspliced	1437	12	ENST00000388718.5	FLG2	ENSG00000143520.6	mrna
A00839:75:H7MFFDSXY:3:2236:7925:6950	chr1	152355265	152355413	False	374	149M	255	0	5	0.5865570306777954	ambig_opp_strand	unspliced	-1	12	.	.	.	mrna
A00839:75:H7MFFDSXY:3:1340:19253:32424	chr1	152351614	152351673	False	265	90S60M	255	1	64	0.0	.	unspliced	-1	0	.	.	.	mrna
A00839:75:H7MFFDSXY:3:1353:21938:10238	chr1	152353980	152354129	True	-303	150M	255	0	25	0.6817617416381836	ambig_opp_strand	unspliced	1437	12	RIGEL_NRNA_chr1_1_152335378_152364080		RIGEL_NRNA_chr1_1_152335378_152364080	nrna
A00839:75:H7MFFDSXY:3:2603:17680:5149	chr1	152350827	152350948	False	347	122M	255	0	3	0.666541337966919	ambig_opp_strand	unspliced	1437	12	ENST00000388718.5	FLG2	ENSG00000143520.6	mrna
A00839:75:H7MFFDSXY:3:2322:14760:28651	chr1	152353294	152353443	True	-290	150M	255	0	25	0.05825323984026909	ambig_opp_strand	unspliced	1437	12	RIGEL_NRNA_chr1_1_152189332_152365557		RIGEL_NRNA_chr1_1_152189332_152365557	nrna
A00839:75:H7MFFDSXY:3:1473:23421:8015	chr1	152353097	152353246	True	-161	150M	255	0	25	0.766918420791626	ambig_opp_strand	unspliced	1437	12	RIGEL_NRNA_chr1_1_152335378_152364080		RIGEL_NRNA_chr1_1_152335378_152364080	nrna
A00839:75:H7MFFDSXY:3:1426:6370:3818	chr1	152357556	152357705	True	-315	150M	255	0	25	0.6238340735435486	ambig_opp_strand	unspliced	1437	12	RIGEL_NRNA_chr1_1_152335378_152364080		RIGEL_NRNA_chr1_1_152335378_152364080	nrna
A00839:75:H7MFFDSXY:3:1644:19407:10238	chr1	152357206	152357355	True	-375	150M	255	0	5	0.8621544241905212	ambig_opp_strand	unspliced	-1	12	.	.	.	mrna
A00839:75:H7MFFDSXY:3:1212:23972:19586	chr1	152350783	152350932	True	-314	150M	255	0	25	0.6241238117218018	ambig_opp_strand	unspliced	1437	12	RIGEL_NRNA_chr1_1_152335378_152364080		RIGEL_NRNA_chr1_1_152335378_152364080	nrna
A00839:75:H7MFFDSXY:3:2234:11939:12117	chr1	152353788	152353937	True	-553	150M	255	0	5	0.7973945140838623	ambig_opp_strand	unspliced	-1	12	.	.	.	mrna
A00839:75:H7MFFDSXY:3:1331:17616:30655	chr1	152356781	152356930	True	-344	150M	255	0	5	0.5674733519554138	ambig_opp_strand	unspliced	-1	12	.	.	.	mrna
A00839:75:H7MFFDSXY:3:1246:8250:31501	chr1	152351988	152352137	False	339	150M	255	0	3	0.7253321409225464	ambig_opp_strand	unspliced	1437	12	ENST00000388718.5	FLG2	ENSG00000143520.6	mrna
A00839:75:H7MFFDSXY:3:1476:10746:4758	chr1	152355341	152355490	True	-188	150M	255	0	25	0.8103479743003845	ambig_opp_strand	unspliced	1437	12	RIGEL_NRNA_chr1_1_152335378_152364080		RIGEL_NRNA_chr1_1_152335378_152364080	nrna
A00839:75:H7MFFDSXY:3:1372:23393:13322	chr1	152356039	152356188	True	-475	150M	255	0	5	0.9318975210189819	ambig_opp_strand	unspliced	-1	12	.	.	.	mrna
A00839:75:H7MFFDSXY:3:2463:32606:1376	chr1	152357268	152357417	False	276	150M	255	1	3	0.8602300882339478	ambig_opp_strand	unspliced	1437	12	ENST00000388718.5	FLG2	ENSG00000143520.6	mrna
A00839:75:H7MFFDSXY:3:1356:23529:23265	chr1	152351431	152351580	True	-298	150M	255	0	25	0.7031342387199402	ambig_opp_strand	unspliced	1437	12	RIGEL_NRNA_chr1_1_152335378_152364080		RIGEL_NRNA_chr1_1_152335378_152364080	nrna
A00839:75:H7MFFDSXY:3:2346:31774:25645	chr1	152352033	152352182	False	329	150M	255	1	3	0.7693861722946167	ambig_opp_strand	unspliced	1437	12	ENST00000388718.5	FLG2	ENSG00000143520.6	mrna
A00839:75:H7MFFDSXY:3:2229:28320:5822	chr1	152357047	152357196	False	203	150M	255	0	3	0.8758506178855896	ambig_opp_strand	unspliced	1437	12	ENST00000388718.5	FLG2	ENSG00000143520.6	mrna
A00839:75:H7MFFDSXY:3:2322:26747:30530	chr1	152355458	152355597	False	140	140M	255	0	3	0.8304899334907532	ambig_opp_strand	unspliced	1437	12	ENST00000388718.5	FLG2	ENSG00000143520.6	mrna
A00839:75:H7MFFDSXY:3:1478:2501:31751	chr1	152352548	152352697	False	413	150M	255	0	5	0.7864087224006653	ambig_opp_strand	unspliced	-1	12	.	.	.	mrna
A00839:75:H7MFFDSXY:3:2429:22101:25833	chr1	152354570	152354719	False	313	150M	255	0	3	0.8134738802909851	ambig_opp_strand	unspliced	1437	12	ENST00000388718.5	FLG2	ENSG00000143520.6	mrna
A00839:75:H7MFFDSXY:3:2516:18313:1297	chr1	152351630	152351779	False	431	150M	255	0	5	0.7537279725074768	ambig_opp_strand	unspliced	-1	12	.	.	.	mrna
A00839:75:H7MFFDSXY:3:2419:8721:18599	chr1	152355696	152355825	True	-361	130M	255	0	5	0.7354804873466492	ambig_opp_strand	unspliced	-1	12	.	.	.	mrna
A00839:75:H7MFFDSXY:3:2228:9299:14465	chr1	152353839	152353988	False	264	150M	255	0	3	0.8675110340118408	ambig_opp_strand	unspliced	1437	12	ENST00000388718.5	FLG2	ENSG00000143520.6	mrna
A00839:75:H7MFFDSXY:3:2657:9833:18270	chr1	152354592	152354741	False	158	150M	255	0	3	0.8573683500289917	ambig_opp_strand	unspliced	1437	12	ENST00000388718.5	FLG2	ENSG00000143520.6	mrna
A00839:75:H7MFFDSXY:3:2507:7419:16000	chr1	152354198	152354347	True	-170	150M	255	0	25	0.7877469062805176	ambig_opp_strand	unspliced	1437	12	RIGEL_NRNA_chr1_1_152335378_152364080		RIGEL_NRNA_chr1_1_152335378_152364080	nrna
A00839:75:H7MFFDSXY:3:2214:5855:10911	chr1	152350557	152350706	True	-253	150M	255	0	5	0.1219368427991867	ambig_opp_strand	unspliced	-1	12	.	.	.	mrna
A00839:75:H7MFFDSXY:3:2254:21558:29997	chr1	152353129	152353170	True	-273	42M	255	0	25	0.7733746767044067	ambig_opp_strand	unspliced	1437	12	RIGEL_NRNA_chr1_1_152335378_152364080		RIGEL_NRNA_chr1_1_152335378_152364080	nrna
A00839:75:H7MFFDSXY:3:2572:14000:25113	chr1	152354333	152354482	True	-297	150M	255	0	5	0.23016248643398285	ambig_opp_strand	unspliced	-1	12	.	.	.	mrna
A00839:75:H7MFFDSXY:3:1607:19054:1204	chr1	152352991	152353140	False	408	150M	255	0	5	0.7774754166603088	ambig_opp_strand	unspliced	-1	12	.	.	.	mrna
A00839:75:H7MFFDSXY:3:1472:25934:20979	chr1	152353437	152353574	True	-369	138M	255	0	5	0.81463623046875	ambig_opp_strand	unspliced	-1	12	.	.	.	mrna
A00839:75:H7MFFDSXY:3:1356:21314:34491	chr1	152355365	152355488	True	-124	124M	255	0	25	0.5320780873298645	ambig_opp_strand	unspliced	1437	12	RIGEL_NRNA_chr1_1_152335378_152364080		RIGEL_NRNA_chr1_1_152335378_152364080	nrna
A00839:75:H7MFFDSXY:3:2621:23692:19883	chr1	152356238	152356387	False	444	150M	255	0	3	0.20498137176036835	ambig_opp_strand	unspliced	1437	12	ENST00000388718.5	FLG2	ENSG00000143520.6	mrna
A00839:75:H7MFFDSXY:3:2667:14344:36761	chr1	152353808	152353957	True	-451	150M	255	0	25	0.05910909175872803	ambig_opp_strand	unspliced	1437	12	RIGEL_NRNA_chr1_1_152335378_152364080		RIGEL_NRNA_chr1_1_152335378_152364080	nrna
A00839:75:H7MFFDSXY:3:1268:6189:5321	chr1	152350730	152350879	False	337	150M	255	0	3	0.732475996017456	ambig_opp_strand	unspliced	1437	12	ENST00000388718.5	FLG2	ENSG00000143520.6	mrna
A00839:75:H7MFFDSXY:3:1563:19262:11115	chr1	152357166	152357315	False	219	150M	255	0	25	0.09639076143503189	ambig_opp_strand	unspliced	1437	12	RIGEL_NRNA_chr1_2_152348734_152360006		RIGEL_NRNA_chr1_2_152348734_152360006	nrna
A00839:75:H7MFFDSXY:3:1556:15465:19225	chr1	152357409	152357558	True	-349	150M	255	0	5	0.6230829954147339	ambig_opp_strand	unspliced	-1	12	.	.	.	mrna
A00839:75:H7MFFDSXY:3:1478:4707:35196	chr1	152357220	152357369	True	-188	150M	255	0	25	0.06470305472612381	ambig_opp_strand	unspliced	1437	12	RIGEL_NRNA_chr1_1_152189332_152365557		RIGEL_NRNA_chr1_1_152189332_152365557	nrna
A00839:75:H7MFFDSXY:3:1153:22155:28745	chr1	152355631	152355780	True	-245	150M	255	0	25	0.06510408967733383	ambig_opp_strand	unspliced	1437	12	RIGEL_NRNA_chr1_1_152189332_152365557		RIGEL_NRNA_chr1_1_152189332_152365557	nrna
A00839:75:H7MFFDSXY:3:2508:32235:20212	chr1	152351319	152351468	False	366	150M	255	0	5	0.46873974800109863	ambig_opp_strand	unspliced	-1	12	.	.	.	mrna
A00839:75:H7MFFDSXY:3:2143:27199:12399	chr1	152352711	152352860	True	-259	150M	255	0	25	0.7979644536972046	ambig_opp_strand	unspliced	1437	12	RIGEL_NRNA_chr1_1_152335378_152364080		RIGEL_NRNA_chr1_1_152335378_152364080	nrna
A00839:75:H7MFFDSXY:3:1121:8947:2581	chr1	152355288	152355437	True	-349	150M	255	0	5	0.6230829954147339	ambig_opp_strand	unspliced	-1	12	.	.	.	mrna
A00839:75:H7MFFDSXY:3:1355:31096:36714	chr1	152351936	152352085	True	-253	150M	255	0	25	0.8068954348564148	ambig_opp_strand	unspliced	1437	12	RIGEL_NRNA_chr1_1_152335378_152364080		RIGEL_NRNA_chr1_1_152335378_152364080	nrna
A00839:75:H7MFFDSXY:3:2649:4128:25833	chr1	152356021	152356170	True	-762	150M	255	0	5	0.21880483627319336	ambig_opp_strand	unspliced	-1	12	.	.	.	mrna
A00839:75:H7MFFDSXY:3:2644:2311:24158	chr1	152353283	152353370	False	319	88M	255	0	3	0.7983585596084595	ambig_opp_strand	unspliced	1437	12	ENST00000388718.5	FLG2	ENSG00000143520.6	mrna
A00839:75:H7MFFDSXY:3:2603:6596:4742	chr1	152353569	152353668	True	-331	100M	255	0	5	0.43533462285995483	ambig_opp_strand	unspliced	-1	12	.	.	.	mrna
A00839:75:H7MFFDSXY:3:2251:31693:6433	chr1	152352233	152352382	True	-219	150M	255	0	25	0.06581553816795349	ambig_opp_strand	unspliced	1437	12	RIGEL_NRNA_chr1_1_152189332_152365557		RIGEL_NRNA_chr1_1_152189332_152365557	nrna
A00839:75:H7MFFDSXY:3:1207:19153:14340	chr1	152354776	152354905	True	-130	130M	255	0	5	0.36278095841407776	ambig_opp_strand	unspliced	-1	12	.	.	.	mrna
A00839:75:H7MFFDSXY:3:2107:6244:33442	chr1	152355167	152355316	True	-463	150M	255	0	5	0.93498694896698	ambig_opp_strand	unspliced	-1	12	.	.	.	mrna
A00839:75:H7MFFDSXY:3:2448:7184:15311	chr1	152352463	152352611	False	248	149M	255	0	3	0.8739234805107117	ambig_opp_strand	unspliced	1437	12	ENST00000388718.5	FLG2	ENSG00000143520.6	mrna
A00839:75:H7MFFDSXY:3:1250:3577:12978	chr1	152352440	152352557	False	343	118M	255	0	3	0.6964337229728699	ambig_opp_strand	unspliced	1437	12	ENST00000388718.5	FLG2	ENSG00000143520.6	mrna
A00839:75:H7MFFDSXY:3:2674:16378:3239	chr1	152354352	152354501	True	-164	150M	255	0	5	0.15727068483829498	ambig_opp_strand	unspliced	-1	12	.	.	.	mrna
A00839:75:H7MFFDSXY:3:2643:4056:36292	chr1	152353654	152353779	True	-126	126M	255	0	5	0.41842588782310486	ambig_opp_strand	unspliced	-1	12	.	.	.	mrna
A00839:75:H7MFFDSXY:3:1530:5692:10316	chr1	152351761	152351910	False	411	150M	255	2	5	0.7909517884254456	ambig_opp_strand	unspliced	-1	12	.	.	.	mrna
A00839:75:H7MFFDSXY:3:2617:8675:18584	chr1	152354399	152354538	True	-140	140M	255	0	25	0.053981419652700424	ambig_opp_strand	unspliced	1437	12	RIGEL_NRNA_chr1_1_152189332_152365557		RIGEL_NRNA_chr1_1_152189332_152365557	nrna
A00839:75:H7MFFDSXY:3:2112:31232:12806	chr1	152357488	152357637	True	-483	150M	255	0	5	0.9262842535972595	ambig_opp_strand	unspliced	-1	12	.	.	.	mrna
A00839:75:H7MFFDSXY:3:2477:27227:23531	chr1	152356751	152356900	True	-380	150M	255	1	5	0.8923474550247192	ambig_opp_strand	unspliced	-1	12	.	.	.	mrna
A00839:75:H7MFFDSXY:3:1660:18403:36119	chr1	152355335	152355484	False	257	150M	255	0	3	0.8706756234169006	ambig_opp_strand	unspliced	1437	12	ENST00000388718.5	FLG2	ENSG00000143520.6	mrna
A00839:75:H7MFFDSXY:3:1264:3152:20228	chr1	152353571	152353720	False	492	150M	255	0	5	0.7521131634712219	ambig_opp_strand	unspliced	-1	12	.	.	.	mrna
A00839:75:H7MFFDSXY:3:1551:6641:5791	chr1	152356805	152356954	True	-170	150M	255	0	25	0.06289844959974289	ambig_opp_strand	unspliced	1437	12	RIGEL_NRNA_chr1_1_152189332_152365557		RIGEL_NRNA_chr1_1_152189332_152365557	nrna
A00839:75:H7MFFDSXY:3:2640:30382:24706	chr1	152356386	152356535	True	-356	150M	255	0	5	0.690138578414917	ambig_opp_strand	unspliced	-1	12	.	.	.	mrna
A00839:75:H7MFFDSXY:3:1176:8332:8030	chr1	152354265	152354414	True	-414	150M	255	0	25	0.0585639551281929	ambig_opp_strand	unspliced	1437	12	RIGEL_NRNA_chr1_1_152335378_152364080		RIGEL_NRNA_chr1_1_152335378_152364080	nrna
A00839:75:H7MFFDSXY:3:2104:9164:30264	chr1	152357513	152357662	True	-255	150M	255	0	25	0.8054659366607666	ambig_opp_strand	unspliced	1437	12	RIGEL_NRNA_chr1_1_152335378_152364080		RIGEL_NRNA_chr1_1_152335378_152364080	nrna
A00839:75:H7MFFDSXY:3:1354:25934:11303	chr1	152355749	152355863	False	340	115M	255	0	3	0.7160141468048096	ambig_opp_strand	unspliced	1437	12	ENST00000388718.5	FLG2	ENSG00000143520.6	mrna
A00839:75:H7MFFDSXY:3:1659:9534:18505	chr1	152353780	152353929	False	298	150M	255	0	3	0.8400419354438782	ambig_opp_strand	unspliced	1437	12	ENST00000388718.5	FLG2	ENSG00000143520.6	mrna
A00839:75:H7MFFDSXY:3:2129:24858:5149	chr1	152352857	152353006	False	449	150M	255	0	5	0.7547327876091003	ambig_opp_strand	unspliced	-1	12	.	.	.	mrna
A00839:75:H7MFFDSXY:3:1205:16206:5854	chr1	152351728	152351877	False	384	150M	255	0	3	0.26543667912483215	ambig_opp_strand	unspliced	1437	12	ENST00000388718.5	FLG2	ENSG00000143520.6	mrna
A00839:75:H7MFFDSXY:3:2457:5782:19304	chr1	152354705	152354805	True	-332	101M	255	0	25	0.5097866654396057	ambig_opp_strand	unspliced	1437	12	RIGEL_NRNA_chr1_1_152335378_152364080		RIGEL_NRNA_chr1_1_152335378_152364080	nrna
A00839:75:H7MFFDSXY:3:1535:18421:35963	chr1	152353374	152353523	True	-433	150M	255	0	5	0.9291314482688904	ambig_opp_strand	unspliced	-1	12	.	.	.	mrna
A00839:75:H7MFFDSXY:3:2624:16920:2049	chr1	152354168	152354317	True	-332	150M	255	0	25	0.5097866654396057	ambig_opp_strand	unspliced	1437	12	RIGEL_NRNA_chr1_1_152335378_152364080		RIGEL_NRNA_chr1_1_152335378_152364080	nrna
A00839:75:H7MFFDSXY:3:1630:2401:24471	chr1	152357322	152357471	True	-284	150M	255	1	25	0.74735027551651	ambig_opp_strand	unspliced	1437	12	RIGEL_NRNA_chr1_1_152335378_152364080		RIGEL_NRNA_chr1_1_152335378_152364080	nrna
A00839:75:H7MFFDSXY:3:2153:2564:28040	chr1	152356254	152356325	True	-375	72M	3	0	128	0.0	.	unknown	-1	0	.	.	.	mrna
A00839:75:H7MFFDSXY:3:1425:10502:30639	chr1	152354985	152355074	False	90	90M	255	2	5	0.08869724720716476	ambig_opp_strand	unspliced	-1	12	.	.	.	mrna
A00839:75:H7MFFDSXY:3:2376:9317:21919	chr1	152355407	152355556	False	932	150M	255	0	3	0.859565019607544	ambig_opp_strand	unspliced	1437	12	ENST00000388718.5	FLG2	ENSG00000143520.6	mrna
A00839:75:H7MFFDSXY:3:2257:28827:6825	chr1	152351445	152351524	False	305	80M	255	0	3	0.8292871117591858	ambig_opp_strand	unspliced	1437	12	ENST00000388718.5	FLG2	ENSG00000143520.6	mrna
A00839:75:H7MFFDSXY:3:1527:9941:4930	chr1	152352337	152352439	False	328	103M	255	0	3	0.7733120918273926	ambig_opp_strand	unspliced	1437	12	ENST00000388718.5	FLG2	ENSG00000143520.6	mrna
A00839:75:H7MFFDSXY:3:1442:25066:23860	chr1	152357085	152357234	True	-388	150M	255	0	5	0.9266823530197144	ambig_opp_strand	unspliced	-1	12	.	.	.	mrna
A00839:75:H7MFFDSXY:3:1372:7220:35759	chr1	152353025	152353128	True	-335	104M	255	0	25	0.482364684343338	ambig_opp_strand	unspliced	1437	12	RIGEL_NRNA_chr1_1_152335378_152364080		RIGEL_NRNA_chr1_1_152335378_152364080	nrna
A00839:75:H7MFFDSXY:3:1127:19162:31109	chr1	152357029	152357178	False	397	150M	255	0	5	0.7643638253211975	ambig_opp_strand	unspliced	-1	12	.	.	.	mrna
A00839:75:H7MFFDSXY:3:1104:19958:30953	chr1	152355184	152355272	True	-320	89M	255	0	5	0.35672327876091003	ambig_opp_strand	unspliced	-1	12	.	.	.	mrna
A00839:75:H7MFFDSXY:3:2225:2998:14638	chr1	152356172	152356321	False	360	150M	255	0	5	0.3853986859321594	ambig_opp_strand	unspliced	-1	12	.	.	.	mrna
A00839:75:H7MFFDSXY:3:1226:2003:23124	chr1	152351527	152351676	False	153	150M	255	0	3	0.851900041103363	ambig_opp_strand	unspliced	1437	12	ENST00000388718.5	FLG2	ENSG00000143520.6	mrna
A00839:75:H7MFFDSXY:3:2137:31684:24486	chr1	152351118	152351267	False	260	150M	255	0	3	0.8692231774330139	ambig_opp_strand	unspliced	1437	12	ENST00000388718.5	FLG2	ENSG00000143520.6	mrna
A00839:75:H7MFFDSXY:3:1242:12364:15107	chr1	152351511	152351587	True	-527	77M	255	1	5	0.8989683389663696	ambig_opp_strand	unspliced	-1	12	.	.	.	mrna
A00839:75:H7MFFDSXY:3:1503:5999:30264	chr1	152356427	152356576	True	-188	150M	255	0	25	0.8103479743003845	ambig_opp_strand	unspliced	1437	12	RIGEL_NRNA_chr1_1_152335378_152364080		RIGEL_NRNA_chr1_1_152335378_152364080	nrna
A00839:75:H7MFFDSXY:3:1170:16504:28166	chr1	152351278	152351408	False	356	131M	255	0	5	0.3442799746990204	ambig_opp_strand	unspliced	-1	12	.	.	.	mrna
A00839:75:H7MFFDSXY:3:1378:13621:12524	chr1	152352407	152352515	True	-340	109M	255	0	25	0.4386589527130127	ambig_opp_strand	unspliced	1437	12	RIGEL_NRNA_chr1_1_152335378_152364080		RIGEL_NRNA_chr1_1_152335378_152364080	nrna
A00839:75:H7MFFDSXY:3:2623:18964:23375	chr1	152352645	152352789	True	-145	145M	255	0	25	0.05574336647987366	ambig_opp_strand	unspliced	1437	12	RIGEL_NRNA_chr1_1_152189332_152365557		RIGEL_NRNA_chr1_1_152189332_152365557	nrna
A00839:75:H7MFFDSXY:3:2113:32461:12837	chr1	152353528	152353677	True	-152	150M	255	0	5	0.1965266913175583	ambig_opp_strand	unspliced	-1	12	.	.	.	mrna
A00839:75:H7MFFDSXY:3:2265:10755:33051	chr1	152356033	152356182	True	-262	150M	255	0	25	0.06333016604185104	ambig_opp_strand	unspliced	1437	12	RIGEL_NRNA_chr1_1_152189332_152365557		RIGEL_NRNA_chr1_1_152189332_152365557	nrna
A00839:75:H7MFFDSXY:3:1607:31132:10567	chr1	152350659	152350808	False	193	150M	255	0	3	0.8741233348846436	ambig_opp_strand	unspliced	1437	12	ENST00000388718.5	FLG2	ENSG00000143520.6	mrna
A00839:75:H7MFFDSXY:3:2378:32904:14074	chr1	152356893	152357042	True	-440	150M	255	0	5	0.9299516677856445	ambig_opp_strand	unspliced	-1	12	.	.	.	mrna
A00839:75:H7MFFDSXY:3:1315:18819:22498	chr1	152351232	152351381	True	-459	150M	255	0	25	0.05961193889379501	ambig_opp_strand	unspliced	1437	12	RIGEL_NRNA_chr1_1_152335378_152364080		RIGEL_NRNA_chr1_1_152335378_152364080	nrna
A00839:75:H7MFFDSXY:3:1505:7735:9032	chr1	152354686	152354835	True	-483	150M	255	0	25	0.06774094700813293	ambig_opp_strand	unspliced	1437	12	RIGEL_NRNA_chr1_1_152335378_152364080		RIGEL_NRNA_chr1_1_152335378_152364080	nrna
A00839:75:H7MFFDSXY:3:1653:18638:1266	chr1	152351016	152351165	False	256	150M	255	0	3	0.8710975646972656	ambig_opp_strand	unspliced	1437	12	ENST00000388718.5	FLG2	ENSG00000143520.6	mrna
A00839:75:H7MFFDSXY:3:2510:3947:15687	chr1	152356403	152356552	True	-385	150M	255	0	5	0.9184356927871704	ambig_opp_strand	unspliced	-1	12	.	.	.	mrna
A00839:75:H7MFFDSXY:3:2215:31476:1579	chr1	152356869	152357018	False	332	150M	255	0	3	0.757500410079956	ambig_opp_strand	unspliced	1437	12	ENST00000388718.5	FLG2	ENSG00000143520.6	mrna
A00839:75:H7MFFDSXY:3:1220:16541:26318	chr1	152350805	152350954	True	-403	150M	255	0	5	0.9339235424995422	ambig_opp_strand	unspliced	-1	12	.	.	.	mrna
A00839:75:H7MFFDSXY:3:2118:15890:18646	chr1	152354267	152354416	True	-330	150M	255	0	25	0.5282354354858398	ambig_opp_strand	unspliced	1437	12	RIGEL_NRNA_chr1_1_152335378_152364080		RIGEL_NRNA_chr1_1_152335378_152364080	nrna
A00839:75:H7MFFDSXY:3:2456:26087:8375	chr1	152353070	152353219	True	-323	150M	255	0	25	0.5716105103492737	ambig_opp_strand	unspliced	1437	12	RIGEL_NRNA_chr1_1_152335378_152364080		RIGEL_NRNA_chr1_1_152335378_152364080	nrna
A00839:75:H7MFFDSXY:3:2156:8947:17801	chr1	152357004	152357153	False	247	150M	255	0	3	0.8741095662117004	ambig_opp_strand	unspliced	1437	12	ENST00000388718.5	FLG2	ENSG00000143520.6	mrna
A00839:75:H7MFFDSXY:3:1528:16378:20243	chr1	152351855	152352004	False	261	150M	255	3	3	0.869087815284729	ambig_opp_strand	unspliced	1437	12	ENST00000388718.5	FLG2	ENSG00000143520.6	mrna
A00839:75:H7MFFDSXY:3:1332:23384:28369	chr1	152351737	152351886	False	320	150M	255	0	3	0.7966775298118591	ambig_opp_strand	unspliced	1437	12	ENST00000388718.5	FLG2	ENSG00000143520.6	mrna
A00839:75:H7MFFDSXY:3:1444:20121:33207	chr1	152355342	152355491	True	-254	150M	255	1	5	0.12345106899738312	ambig_opp_strand	unspliced	-1	12	.	.	.	mrna
A00839:75:H7MFFDSXY:3:1634:30599:11052	chr1	152355818	152355921	False	329	104M	3	0	128	0.0	.	unknown	-1	0	.	.	.	mrna
A00839:75:H7MFFDSXY:3:2646:20844:31328	chr1	152357048	152357161	False	114	114M	255	0	3	0.719115674495697	ambig_opp_strand	unspliced	1437	12	ENST00000388718.5	FLG2	ENSG00000143520.6	mrna
A00839:75:H7MFFDSXY:3:2277:13973:1892	chr1	152356962	152357111	True	-394	150M	255	0	5	0.927976667881012	ambig_opp_strand	unspliced	-1	12	.	.	.	mrna
A00839:75:H7MFFDSXY:3:2234:27064:23750	chr1	152351940	152352087	True	-148	148M	255	0	25	0.7225179076194763	ambig_opp_strand	unspliced	1437	12	RIGEL_NRNA_chr1_1_152335378_152364080		RIGEL_NRNA_chr1_1_152335378_152364080	nrna
A00839:75:H7MFFDSXY:3:2330:31774:21480	chr1	152353535	152353684	True	-219	150M	255	0	25	0.8242809176445007	ambig_opp_strand	unspliced	1437	12	RIGEL_NRNA_chr1_1_152335378_152364080		RIGEL_NRNA_chr1_1_152335378_152364080	nrna
A00839:75:H7MFFDSXY:3:2367:8232:29684	chr1	152354865	152355014	True	-259	150M	255	0	25	0.7979644536972046	ambig_opp_strand	unspliced	1437	12	RIGEL_NRNA_chr1_1_152335378_152364080		RIGEL_NRNA_chr1_1_152335378_152364080	nrna
A00839:75:H7MFFDSXY:3:2302:18521:15092	chr1	152350679	152350828	False	570	150M	255	0	3	0.4183869957923889	ambig_opp_strand	unspliced	1437	12	ENST00000388718.5	FLG2	ENSG00000143520.6	mrna
A00839:75:H7MFFDSXY:3:2610:9010:31062	chr1	152357399	152357548	False	331	150M	255	0	5	0.6469559669494629	ambig_opp_strand	unspliced	-1	12	.	.	.	mrna
A00839:75:H7MFFDSXY:3:2656:13367:36949	chr1	152356284	152356433	False	281	150M	255	0	3	0.8566231727600098	ambig_opp_strand	unspliced	1437	12	ENST00000388718.5	FLG2	ENSG00000143520.6	mrna
A00839:75:H7MFFDSXY:3:1345:1913:18302	chr1	152352505	152352654	True	-502	150M	255	0	5	0.9247635006904602	ambig_opp_strand	unspliced	-1	12	.	.	.	mrna
A00839:75:H7MFFDSXY:3:1448:1145:18443	chr1	152356857	152357006	True	-333	150M	255	0	25	0.5001803636550903	ambig_opp_strand	unspliced	1437	12	RIGEL_NRNA_chr1_1_152335378_152364080		RIGEL_NRNA_chr1_1_152335378_152364080	nrna
A00839:75:H7MFFDSXY:3:2366:25337:25708	chr1	152353840	152353989	False	264	150M	255	0	3	0.8675110340118408	ambig_opp_strand	unspliced	1437	12	ENST00000388718.5	FLG2	ENSG00000143520.6	mrna
A00839:75:H7MFFDSXY:3:1516:19262:32847	chr1	152357024	152357173	True	-350	150M	255	0	5	0.6292032599449158	ambig_opp_strand	unspliced	-1	12	.	.	.	mrna
A00839:75:H7MFFDSXY:3:2467:3468:18145	chr1	152355363	152355498	False	739	136M	255	0	3	0.8443310856819153	ambig_opp_strand	unspliced	1437	12	ENST00000388718.5	FLG2	ENSG00000143520.6	mrna
A00839:75:H7MFFDSXY:3:2375:1090:12712	chr1	152354032	152354181	True	-293	150M	255	0	5	0.2142595648765564	ambig_opp_strand	unspliced	-1	12	.	.	.	mrna
A00839:75:H7MFFDSXY:3:1327:21296:26068	chr1	152352206	152352355	False	317	150M	255	0	5	0.10705077648162842	ambig_opp_strand	unspliced	-1	12	.	.	.	mrna
A00839:75:H7MFFDSXY:3:1115:5403:7936	chr1	152357456	152357605	True	-206	150M	255	0	25	0.8210381269454956	ambig_opp_strand	unspliced	1437	12	RIGEL_NRNA_chr1_1_152335378_152364080		RIGEL_NRNA_chr1_1_152335378_152364080	nrna
A00839:75:H7MFFDSXY:3:1676:3378:35650	chr1	152351114	152351263	False	431	150M	255	0	5	0.7537279725074768	ambig_opp_strand	unspliced	-1	12	.	.	.	mrna
A00839:75:H7MFFDSXY:3:1128:12454:6746	chr1	152356419	152356568	False	511	150M	255	0	5	0.7758700847625732	ambig_opp_strand	unspliced	-1	12	.	.	.	mrna
A00839:75:H7MFFDSXY:3:1504:5764:28228	chr1	152354045	152354188	True	-144	144M	255	0	25	0.6986481547355652	ambig_opp_strand	unspliced	1437	12	RIGEL_NRNA_chr1_1_152335378_152364080		RIGEL_NRNA_chr1_1_152335378_152364080	nrna
A00839:75:H7MFFDSXY:3:1134:3540:13260	chr1	152353705	152353854	True	-366	150M	255	0	5	0.7891553640365601	ambig_opp_strand	unspliced	-1	12	.	.	.	mrna
A00839:75:H7MFFDSXY:3:2359:27290:8453	chr1	152351697	152351808	False	337	112M	255	0	3	0.732475996017456	ambig_opp_strand	unspliced	1437	12	ENST00000388718.5	FLG2	ENSG00000143520.6	mrna
A00839:75:H7MFFDSXY:3:2420:7220:27492	chr1	152353768	152353917	True	-361	150M	255	0	5	0.7354804873466492	ambig_opp_strand	unspliced	-1	12	.	.	.	mrna
A00839:75:H7MFFDSXY:3:2213:22073:10629	chr1	152357381	152357530	True	-357	150M	255	0	25	0.27863243222236633	ambig_opp_strand	unspliced	1437	12	RIGEL_NRNA_chr1_1_152335378_152364080		RIGEL_NRNA_chr1_1_152335378_152364080	nrna
A00839:75:H7MFFDSXY:3:1478:17056:10551	chr1	152358596	152358745	False	284	150M	255	0	5	0.35307028889656067	ambig_opp_strand	unspliced	-1	12	.	.	.	mrna
A00839:75:H7MFFDSXY:3:1369:10221:32252	chr1	152356771	152356920	False	336	150M	255	0	3	0.7415010929107666	ambig_opp_strand	unspliced	1437	12	ENST00000388718.5	FLG2	ENSG00000143520.6	mrna
A00839:75:H7MFFDSXY:3:1647:17463:20838	chr1	152353281	152353430	True	-185	150M	255	0	25	0.8081490397453308	ambig_opp_strand	unspliced	1437	12	RIGEL_NRNA_chr1_1_152335378_152364080		RIGEL_NRNA_chr1_1_152335378_152364080	nrna
A00839:75:H7MFFDSXY:3:1218:13639:25864	chr1	152356318	152356467	False	224	150M	255	1	3	0.8767849206924438	ambig_opp_strand	unspliced	1437	12	ENST00000388718.5	FLG2	ENSG00000143520.6	mrna
A00839:75:H7MFFDSXY:3:1564:9661:1939	chr1	152353386	152353535	False	184	150M	255	0	3	0.8725244998931885	ambig_opp_strand	unspliced	1437	12	ENST00000388718.5	FLG2	ENSG00000143520.6	mrna
A00839:75:H7MFFDSXY:3:1427:24099:22091	chr1	152351196	152351292	False	322	97M	255	0	3	0.7910902500152588	ambig_opp_strand	unspliced	1437	12	ENST00000388718.5	FLG2	ENSG00000143520.6	mrna
A00839:75:H7MFFDSXY:3:2173:26413:32988	chr1	152351755	152351904	True	-231	150M	255	0	25	0.8211895227432251	ambig_opp_strand	unspliced	1437	12	RIGEL_NRNA_chr1_1_152335378_152364080		RIGEL_NRNA_chr1_1_152335378_152364080	nrna
A00839:75:H7MFFDSXY:3:2469:22471:31109	chr1	152352754	152352903	True	-307	150M	255	0	25	0.6614903211593628	ambig_opp_strand	unspliced	1437	12	RIGEL_NRNA_chr1_1_152335378_152364080		RIGEL_NRNA_chr1_1_152335378_152364080	nrna
A00839:75:H7MFFDSXY:3:1270:25590:24893	chr1	152353069	152353216	False	205	148M2S	255	2	3	0.8762255907058716	ambig_opp_strand	unspliced	1437	12	ENST00000388718.5	FLG2	ENSG00000143520.6	mrna
A00839:75:H7MFFDSXY:3:1212:14606:13041	chr1	152355207	152355356	True	-207	150M	255	6	5	0.10653773695230484	ambig_opp_strand	unspliced	-1	12	.	.	.	mrna
A00839:75:H7MFFDSXY:3:2533:16161:30514	chr1	152357128	152357277	True	-256	150M	255	0	25	0.8027465343475342	ambig_opp_strand	unspliced	1437	12	RIGEL_NRNA_chr1_1_152335378_152364080		RIGEL_NRNA_chr1_1_152335378_152364080	nrna
A00839:75:H7MFFDSXY:3:2467:31060:12915	chr1	152350992	152351141	False	269	150M	255	0	3	0.8645336031913757	ambig_opp_strand	unspliced	1437	12	ENST00000388718.5	FLG2	ENSG00000143520.6	mrna
A00839:75:H7MFFDSXY:3:2422:31512:21120	chr1	152354093	152354242	True	-192	150M	255	0	25	0.8126194477081299	ambig_opp_strand	unspliced	1437	12	RIGEL_NRNA_chr1_1_152335378_152364080		RIGEL_NRNA_chr1_1_152335378_152364080	nrna
A00839:75:H7MFFDSXY:3:1207:14018:11553	chr1	152351676	152351825	False	175	150M	255	0	3	0.8690045475959778	ambig_opp_strand	unspliced	1437	12	ENST00000388718.5	FLG2	ENSG00000143520.6	mrna
A00839:75:H7MFFDSXY:3:2244:15022:20462	chr1	152354216	152354365	False	426	150M	255	0	5	0.7697789669036865	ambig_opp_strand	unspliced	-1	12	.	.	.	mrna
A00839:75:H7MFFDSXY:3:1650:16405:15687	chr1	152357080	152357229	True	-433	150M	255	0	5	0.9291313886642456	ambig_opp_strand	unspliced	-1	12	.	.	.	mrna
A00839:75:H7MFFDSXY:3:2109:26946:3568	chr1	152356481	152356630	True	-338	150M	255	1	25	0.4610305726528168	ambig_opp_strand	unspliced	1437	12	RIGEL_NRNA_chr1_1_152335378_152364080		RIGEL_NRNA_chr1_1_152335378_152364080	nrna
A00839:75:H7MFFDSXY:3:1577:29179:29763	chr1	152351441	152351511	False	296	71M	255	0	3	0.8426079154014587	ambig_opp_strand	unspliced	1437	12	ENST00000388718.5	FLG2	ENSG00000143520.6	mrna
A00839:75:H7MFFDSXY:3:1152:32651:35837	chr1	152357408	152357557	True	-307	150M	255	0	25	0.6614903211593628	ambig_opp_strand	unspliced	1437	12	RIGEL_NRNA_chr1_1_152335378_152364080		RIGEL_NRNA_chr1_1_152335378_152364080	nrna
A00839:75:H7MFFDSXY:3:1508:10411:12226	chr1	152356048	152356109	False	326	62M	255	0	5	0.13568012416362762	ambig_opp_strand	unspliced	-1	12	.	.	.	mrna
A00839:75:H7MFFDSXY:3:1649:6460:31563	chr1	152350714	152350863	False	198	150M	255	1	3	0.8755435943603516	ambig_opp_strand	unspliced	1437	12	ENST00000388718.5	FLG2	ENSG00000143520.6	mrna
A00839:75:H7MFFDSXY:3:1178:16984:36793	chr1	152351425	152351544	False	345	120M	255	1	3	0.6829541921615601	ambig_opp_strand	unspliced	1437	12	ENST00000388718.5	FLG2	ENSG00000143520.6	mrna
A00839:75:H7MFFDSXY:3:2304:25337:9706	chr1	152356240	152356366	True	-127	127M	255	0	25	0.5512939691543579	ambig_opp_strand	unspliced	1437	12	RIGEL_NRNA_chr1_1_152335378_152364080		RIGEL_NRNA_chr1_1_152335378_152364080	nrna
A00839:75:H7MFFDSXY:3:2120:3459:13964	chr1	152352648	152352797	True	-379	150M	255	0	25	0.1007152795791626	ambig_opp_strand	unspliced	1437	12	RIGEL_NRNA_chr1_1_152335378_152364080		RIGEL_NRNA_chr1_1_152335378_152364080	nrna
A00839:75:H7MFFDSXY:3:1649:12066:17221	chr1	152350760	152350909	False	367	150M	255	1	3	0.46771737933158875	ambig_opp_strand	unspliced	1437	12	ENST00000388718.5	FLG2	ENSG00000143520.6	mrna
A00839:75:H7MFFDSXY:3:2430:10384:12023	chr1	152351612	152351761	True	-255	150M	255	0	25	0.8034447431564331	ambig_opp_strand	unspliced	1437	12	RIGEL_NRNA_chr1_1_152335378_152364080		RIGEL_NRNA_chr1_1_152335378_152364080	nrna
A00839:75:H7MFFDSXY:3:2172:14859:11569	chr1	152354369	152354518	True	-375	150M	255	0	5	0.8621544241905212	ambig_opp_strand	unspliced	-1	12	.	.	.	mrna
A00839:75:H7MFFDSXY:3:1669:12436:33520	chr1	152352224	152352373	False	261	150M	255	0	3	0.8690878748893738	ambig_opp_strand	unspliced	1437	12	ENST00000388718.5	FLG2	ENSG00000143520.6	mrna
A00839:75:H7MFFDSXY:3:2107:30490:20384	chr1	152354587	152354736	False	264	150M	255	0	3	0.8675110340118408	ambig_opp_strand	unspliced	1437	12	ENST00000388718.5	FLG2	ENSG00000143520.6	mrna
A00839:75:H7MFFDSXY:3:1522:9543:19523	chr1	152352864	152353013	False	208	150M	255	0	3	0.8767197132110596	ambig_opp_strand	unspliced	1437	12	ENST00000388718.5	FLG2	ENSG00000143520.6	mrna
A00839:75:H7MFFDSXY:3:2240:1461:11663	chr1	152357129	152357278	True	-331	150M	255	0	5	0.43533462285995483	ambig_opp_strand	unspliced	-1	12	.	.	.	mrna
A00839:75:H7MFFDSXY:3:1643:27118:13698	chr1	152354467	152354616	True	-283	150M	255	0	25	0.7493870258331299	ambig_opp_strand	unspliced	1437	12	RIGEL_NRNA_chr1_1_152335378_152364080		RIGEL_NRNA_chr1_1_152335378_152364080	nrna
A00839:75:H7MFFDSXY:3:1117:1814:27524	chr1	152353115	152353264	False	318	150M	255	0	3	0.8020117878913879	ambig_opp_strand	unspliced	1437	12	ENST00000388718.5	FLG2	ENSG00000143520.6	mrna
A00839:75:H7MFFDSXY:3:1171:31458:10222	chr1	152356532	152356681	False	303	150M	255	0	3	0.8325434923171997	ambig_opp_strand	unspliced	1437	12	ENST00000388718.5	FLG2	ENSG00000143520.6	mrna
A00839:75:H7MFFDSXY:3:1210:18584:3333	chr1	152356618	152356767	True	-325	150M	255	0	25	0.5597922205924988	ambig_opp_strand	unspliced	1437	12	RIGEL_NRNA_chr1_1_152335378_152364080		RIGEL_NRNA_chr1_1_152335378_152364080	nrna
A00839:75:H7MFFDSXY:3:1472:12472:27038	chr1	152357247	152357396	False	278	150M	255	1	3	0.8588874340057373	ambig_opp_strand	unspliced	1437	12	ENST00000388718.5	FLG2	ENSG00000143520.6	mrna
A00839:75:H7MFFDSXY:3:1458:24044:16016	chr1	152356153	152356302	False	152	150M	255	1	25	0.09360329061746597	ambig_opp_strand	unspliced	1437	12	RIGEL_NRNA_chr1_2_152348734_152360006		RIGEL_NRNA_chr1_2_152348734_152360006	nrna
A00839:75:H7MFFDSXY:3:1539:30445:5400	chr1	152353731	152353880	False	169	150M	255	0	3	0.8659967184066772	ambig_opp_strand	unspliced	1437	12	ENST00000388718.5	FLG2	ENSG00000143520.6	mrna
A00839:75:H7MFFDSXY:3:2206:28492:3677	chr1	152357308	152357457	False	247	150M	255	1	25	0.09606464952230453	ambig_opp_strand	unspliced	1437	12	RIGEL_NRNA_chr1_2_152348734_152360006		RIGEL_NRNA_chr1_2_152348734_152360006	nrna
A00839:75:H7MFFDSXY:3:1653:17915:25347	chr1	152352319	152352468	True	-374	150M	255	0	5	0.8575143218040466	ambig_opp_strand	unspliced	-1	12	.	.	.	mrna
A00839:75:H7MFFDSXY:3:2318:15908:14168	chr1	152357102	152357251	True	-302	150M	255	0	5	0.25492867827415466	ambig_opp_strand	unspliced	-1	12	.	.	.	mrna
A00839:75:H7MFFDSXY:3:2678:24659:17112	chr1	152357382	152357531	False	264	150M	255	0	25	0.09533946961164474	ambig_opp_strand	unspliced	1437	12	RIGEL_NRNA_chr1_2_152348734_152360006		RIGEL_NRNA_chr1_2_152348734_152360006	nrna
A00839:75:H7MFFDSXY:3:1224:17336:21089	chr1	152356691	152356840	False	363	150M	255	0	5	0.42277199029922485	ambig_opp_strand	unspliced	-1	12	.	.	.	mrna
A00839:75:H7MFFDSXY:3:2670:13051:12352	chr1	152352030	152352179	True	-375	150M	255	0	5	0.8621544241905212	ambig_opp_strand	unspliced	-1	12	.	.	.	mrna
A00839:75:H7MFFDSXY:3:1467:24686:4789	chr1	152354835	152354984	True	-223	150M	255	0	25	0.8243521451950073	ambig_opp_strand	unspliced	1437	12	RIGEL_NRNA_chr1_1_152335378_152364080		RIGEL_NRNA_chr1_1_152335378_152364080	nrna
A00839:75:H7MFFDSXY:3:2639:27100:18333	chr1	152358617	152358766	False	214	150M	255	0	25	0.781607985496521	ambig_opp_strand	unspliced	1437	12	RIGEL_NRNA_chr1_2_152348734_152360006		RIGEL_NRNA_chr1_2_152348734_152360006	nrna
A00839:75:H7MFFDSXY:3:1374:32723:35837	chr1	152353502	152353651	False	232	150M	255	0	3	0.8764368295669556	ambig_opp_strand	unspliced	1437	12	ENST00000388718.5	FLG2	ENSG00000143520.6	mrna
A00839:75:H7MFFDSXY:3:2275:26241:14058	chr1	152357257	152357406	False	299	150M	255	1	3	0.8387961983680725	ambig_opp_strand	unspliced	1437	12	ENST00000388718.5	FLG2	ENSG00000143520.6	mrna
A00839:75:H7MFFDSXY:3:2606:13096:8328	chr1	152355177	152355326	False	308	150M	255	0	3	0.8238636255264282	ambig_opp_strand	unspliced	1437	12	ENST00000388718.5	FLG2	ENSG00000143520.6	mrna
A00839:75:H7MFFDSXY:3:1537:20193:23093	chr1	152356429	152356578	False	323	150M	255	0	3	0.7879531979560852	ambig_opp_strand	unspliced	1437	12	ENST00000388718.5	FLG2	ENSG00000143520.6	mrna
A00839:75:H7MFFDSXY:3:1317:7645:22435	chr1	152351722	152351871	True	-234	150M	255	0	25	0.8202083706855774	ambig_opp_strand	unspliced	1437	12	RIGEL_NRNA_chr1_1_152335378_152364080		RIGEL_NRNA_chr1_1_152335378_152364080	nrna
A00839:75:H7MFFDSXY:3:2107:25201:33896	chr1	152353848	152353997	True	-339	150M	255	0	5	0.5065004229545593	ambig_opp_strand	unspliced	-1	12	.	.	.	mrna
A00839:75:H7MFFDSXY:3:2312:22761:35055	chr1	152352146	152352295	True	-299	150M	255	0	5	0.23878441751003265	ambig_opp_strand	unspliced	-1	12	.	.	.	mrna
A00839:75:H7MFFDSXY:3:2103:5285:18098	chr1	152352766	152352915	True	-419	150M	255	0	5	0.9370877742767334	ambig_opp_strand	unspliced	-1	12	.	.	.	mrna
A00839:75:H7MFFDSXY:3:2461:8287:20666	chr1	152353810	152353959	True	-242	150M	255	0	25	0.8176822662353516	ambig_opp_strand	unspliced	1437	12	RIGEL_NRNA_chr1_1_152335378_152364080		RIGEL_NRNA_chr1_1_152335378_152364080	nrna
A00839:75:H7MFFDSXY:3:1117:19623:12211	chr1	152350914	152351063	False	307	150M	255	0	3	0.8251179456710815	ambig_opp_strand	unspliced	1437	12	ENST00000388718.5	FLG2	ENSG00000143520.6	mrna
A00839:75:H7MFFDSXY:3:1526:25518:17065	chr1	152350908	152351057	True	-223	150M	255	0	25	0.8243521451950073	ambig_opp_strand	unspliced	1437	12	RIGEL_NRNA_chr1_1_152335378_152364080		RIGEL_NRNA_chr1_1_152335378_152364080	nrna
A00839:75:H7MFFDSXY:3:2509:19605:9173	chr1	152356796	152356945	True	-233	150M	255	0	25	0.8206474184989929	ambig_opp_strand	unspliced	1437	12	RIGEL_NRNA_chr1_1_152335378_152364080		RIGEL_NRNA_chr1_1_152335378_152364080	nrna
A00839:75:H7MFFDSXY:3:1568:7654:22545	chr1	152350646	152350795	False	213	150M	255	0	3	0.8766618967056274	ambig_opp_strand	unspliced	1437	12	ENST00000388718.5	FLG2	ENSG00000143520.6	mrna
A00839:75:H7MFFDSXY:3:2408:14362:20979	chr1	152356348	152356497	False	393	150M	255	0	5	0.7657670974731445	ambig_opp_strand	unspliced	-1	12	.	.	.	mrna
A00839:75:H7MFFDSXY:3:1630:19976:37059	chr1	152353171	152353320	True	-310	150M	255	0	5	0.295343279838562	ambig_opp_strand	unspliced	-1	12	.	.	.	mrna
A00839:75:H7MFFDSXY:3:2311:13937:24283	chr1	152356266	152356415	False	282	150M	255	0	25	0.0940757691860199	ambig_opp_strand	unspliced	1437	12	RIGEL_NRNA_chr1_2_152348734_152360006		RIGEL_NRNA_chr1_2_152348734_152360006	nrna
A00839:75:H7MFFDSXY:3:1416:20690:27962	chr1	152357056	152357205	True	-260	150M	255	0	25	0.7961675524711609	ambig_opp_strand	unspliced	1437	12	RIGEL_NRNA_chr1_1_152335378_152364080		RIGEL_NRNA_chr1_1_152335378_152364080	nrna
A00839:75:H7MFFDSXY:3:2250:7265:27759	chr1	152352021	152352170	False	197	150M	255	0	3	0.875155508518219	ambig_opp_strand	unspliced	1437	12	ENST00000388718.5	FLG2	ENSG00000143520.6	mrna
A00839:75:H7MFFDSXY:3:1351:11342:21512	chr1	152356179	152356328	False	308	150M	255	0	3	0.8238636255264282	ambig_opp_strand	unspliced	1437	12	ENST00000388718.5	FLG2	ENSG00000143520.6	mrna
A00839:75:H7MFFDSXY:3:2267:23032:35462	chr1	152353686	152353835	True	-346	150M	255	0	5	0.5845625996589661	ambig_opp_strand	unspliced	-1	12	.	.	.	mrna
A00839:75:H7MFFDSXY:3:1477:3667:21715	chr1	152356277	152356426	False	313	150M	255	0	3	0.8134738206863403	ambig_opp_strand	unspliced	1437	12	ENST00000388718.5	FLG2	ENSG00000143520.6	mrna
A00839:75:H7MFFDSXY:3:2329:3947:13150	chr1	152351580	152351729	False	222	150M	255	0	3	0.8766753077507019	ambig_opp_strand	unspliced	1437	12	ENST00000388718.5	FLG2	ENSG00000143520.6	mrna
A00839:75:H7MFFDSXY:3:2445:10945:6198	chr1	152356698	152356847	True	-198	150M	255	0	25	0.8186776041984558	ambig_opp_strand	unspliced	1437	12	RIGEL_NRNA_chr1_1_152335378_152364080		RIGEL_NRNA_chr1_1_152335378_152364080	nrna
A00839:75:H7MFFDSXY:3:1561:18349:19523	chr1	152355872	152355958	True	-312	87M	255	0	25	0.6333353519439697	ambig_opp_strand	unspliced	1437	12	RIGEL_NRNA_chr1_1_152335378_152364080		RIGEL_NRNA_chr1_1_152335378_152364080	nrna
A00839:75:H7MFFDSXY:3:1508:30002:13495	chr1	152352680	152352829	True	-217	150M	255	0	5	0.10300761461257935	ambig_opp_strand	unspliced	-1	12	.	.	.	mrna
A00839:75:H7MFFDSXY:3:1153:17770:9377	chr1	152356535	152356684	False	264	150M	255	0	3	0.8675110340118408	ambig_opp_strand	unspliced	1437	12	ENST00000388718.5	FLG2	ENSG00000143520.6	mrna
A00839:75:H7MFFDSXY:3:1272:19217:36057	chr1	152350979	152351128	True	-254	150M	255	0	25	0.8055039048194885	ambig_opp_strand	unspliced	1437	12	RIGEL_NRNA_chr1_1_152335378_152364080		RIGEL_NRNA_chr1_1_152335378_152364080	nrna
A00839:75:H7MFFDSXY:3:1251:25518:18756	chr1	152356579	152356712	True	-134	134M	255	0	5	0.3191467225551605	ambig_opp_strand	unspliced	-1	12	.	.	.	mrna
A00839:75:H7MFFDSXY:3:1226:1506:11992	chr1	152356280	152356429	False	468	150M	255	1	5	0.7797766327857971	ambig_opp_strand	unspliced	-1	12	.	.	.	mrna
A00839:75:H7MFFDSXY:3:1145:28908:21872	chr1	152352340	152352489	True	-237	150M	255	0	25	0.8195167183876038	ambig_opp_strand	unspliced	1437	12	RIGEL_NRNA_chr1_1_152335378_152364080		RIGEL_NRNA_chr1_1_152335378_152364080	nrna
A00839:75:H7MFFDSXY:3:2576:2926:10504	chr1	152354189	152354338	False	285	150M	255	0	3	0.8539189100265503	ambig_opp_strand	unspliced	1437	12	ENST00000388718.5	FLG2	ENSG00000143520.6	mrna
A00839:75:H7MFFDSXY:3:2458:29658:32033	chr1	152352616	152352765	False	401	150M	255	1	5	0.7623725533485413	ambig_opp_strand	unspliced	-1	12	.	.	.	mrna
A00839:75:H7MFFDSXY:3:2315:1624:1924	chr1	152350965	152351114	False	214	150M	255	0	3	0.8767257332801819	ambig_opp_strand	unspliced	1437	12	ENST00000388718.5	FLG2	ENSG00000143520.6	mrna
A00839:75:H7MFFDSXY:3:2416:12897:6950	chr1	152352231	152352380	True	-171	150M	255	1	25	0.7883335947990417	ambig_opp_strand	unspliced	1437	12	RIGEL_NRNA_chr1_1_152335378_152364080		RIGEL_NRNA_chr1_1_152335378_152364080	nrna
A00839:75:H7MFFDSXY:3:1332:12563:21433	chr1	152352921	152353070	False	166	150M	255	0	3	0.864189863204956	ambig_opp_strand	unspliced	1437	12	ENST00000388718.5	FLG2	ENSG00000143520.6	mrna
A00839:75:H7MFFDSXY:3:2437:23601:24298	chr1	152354077	152354226	True	-235	150M	255	0	25	0.8203124403953552	ambig_opp_strand	unspliced	1437	12	RIGEL_NRNA_chr1_1_152335378_152364080		RIGEL_NRNA_chr1_1_152335378_152364080	nrna
A00839:75:H7MFFDSXY:3:1443:17915:5337	chr1	152352585	152352734	False	350	150M	255	0	25	0.07071369886398315	ambig_opp_strand	unspliced	1437	12	RIGEL_NRNA_chr1_2_152348734_152360006		RIGEL_NRNA_chr1_2_152348734_152360006	nrna
A00839:75:H7MFFDSXY:3:2406:17490:15906	chr1	152355335	152355484	False	442	150M	255	0	5	0.7650308012962341	ambig_opp_strand	unspliced	-1	12	.	.	.	mrna
A00839:75:H7MFFDSXY:3:1243:1136:21559	chr1	152358519	152358668	False	333	150M	255	0	5	0.6655561923980713	ambig_opp_strand	unspliced	-1	12	.	.	.	mrna
A00839:75:H7MFFDSXY:3:2572:11677:36151	chr1	152358596	152358745	False	256	150M	255	0	5	0.25599315762519836	ambig_opp_strand	unspliced	-1	12	.	.	.	mrna
A00839:75:H7MFFDSXY:3:1459:24207:19961	chr1	152355647	152355796	False	251	150M	255	0	3	0.872718870639801	ambig_opp_strand	unspliced	1437	12	ENST00000388718.5	FLG2	ENSG00000143520.6	mrna
A00839:75:H7MFFDSXY:3:2405:1895:16266	chr1	152355806	152355855	False	275	50M	3	0	128	0.0	.	unknown	-1	0	.	.	.	mrna
A00839:75:H7MFFDSXY:3:2340:2392:5478	chr1	152351073	152351222	False	377	150M	255	1	3	0.342471182346344	ambig_opp_strand	unspliced	1437	12	ENST00000388718.5	FLG2	ENSG00000143520.6	mrna
A00839:75:H7MFFDSXY:3:2551:7889:33066	chr1	152357032	152357181	False	261	150M	255	0	3	0.8690878748893738	ambig_opp_strand	unspliced	1437	12	ENST00000388718.5	FLG2	ENSG00000143520.6	mrna
A00839:75:H7MFFDSXY:3:1339:26847:12915	chr1	152354156	152354305	False	366	150M	255	0	5	0.46873974800109863	ambig_opp_strand	unspliced	-1	12	.	.	.	mrna
A00839:75:H7MFFDSXY:3:1650:27046:26318	chr1	152356602	152356751	True	-233	150M	255	0	25	0.8206474184989929	ambig_opp_strand	unspliced	1437	12	RIGEL_NRNA_chr1_1_152335378_152364080		RIGEL_NRNA_chr1_1_152335378_152364080	nrna
A00839:75:H7MFFDSXY:3:1423:1316:26005	chr1	152352340	152352489	True	-152	150M	255	0	25	0.7383511662483215	ambig_opp_strand	unspliced	1437	12	RIGEL_NRNA_chr1_1_152335378_152364080		RIGEL_NRNA_chr1_1_152335378_152364080	nrna
A00839:75:H7MFFDSXY:3:1460:7238:15342	chr1	152350880	152351029	False	385	150M	255	0	5	0.726360559463501	ambig_opp_strand	unspliced	-1	12	.	.	.	mrna
A00839:75:H7MFFDSXY:3:1238:31114:13949	chr1	152353766	152353915	True	-210	150M	255	0	25	0.8230730891227722	ambig_opp_strand	unspliced	1437	12	RIGEL_NRNA_chr1_1_152335378_152364080		RIGEL_NRNA_chr1_1_152335378_152364080	nrna
A00839:75:H7MFFDSXY:3:2219:31828:16783	chr1	152356726	152356875	True	-379	150M	255	0	5	0.8904017210006714	ambig_opp_strand	unspliced	-1	12	.	.	.	mrna
A00839:75:H7MFFDSXY:3:2261:29234:11757	chr1	152354155	152354304	False	355	150M	255	0	5	0.33613699674606323	ambig_opp_strand	unspliced	-1	12	.	.	.	mrna
A00839:75:H7MFFDSXY:3:1624:8558:28119	chr1	152356602	152356751	False	265	150M	255	0	3	0.866584837436676	ambig_opp_strand	unspliced	1437	12	ENST00000388718.5	FLG2	ENSG00000143520.6	mrna
A00839:75:H7MFFDSXY:3:2573:13602:7012	chr1	152354502	152354651	True	-489	150M	255	0	5	0.9392237067222595	ambig_opp_strand	unspliced	-1	12	.	.	.	mrna
A00839:75:H7MFFDSXY:3:1125:7808:1266	chr1	152351015	152351127	True	-338	113M	255	0	5	0.49830693006515503	ambig_opp_strand	unspliced	-1	12	.	.	.	mrna
A00839:75:H7MFFDSXY:3:2565:27290:6010	chr1	152353179	152353328	True	-237	150M	255	0	25	0.06543514132499695	ambig_opp_strand	unspliced	1437	12	RIGEL_NRNA_chr1_1_152189332_152365557		RIGEL_NRNA_chr1_1_152189332_152365557	nrna
A00839:75:H7MFFDSXY:3:1304:7030:6057	chr1	152353187	152353336	False	256	150M	255	0	3	0.8710975646972656	ambig_opp_strand	unspliced	1437	12	ENST00000388718.5	FLG2	ENSG00000143520.6	mrna
A00839:75:H7MFFDSXY:3:2470:23050:32487	chr1	152356241	152356390	True	-360	150M	255	0	5	0.7267807722091675	ambig_opp_strand	unspliced	-1	12	.	.	.	mrna
A00839:75:H7MFFDSXY:3:1641:17842:27633	chr1	152355469	152356074	False	859	21M456N129M	3	0	128	0.0	.	unknown	-1	0	.	.	.	mrna
A00839:75:H7MFFDSXY:3:2108:6352:11021	chr1	152356361	152356510	False	452	150M	255	0	3	0.1981787234544754	ambig_opp_strand	unspliced	1437	12	ENST00000388718.5	FLG2	ENSG00000143520.6	mrna
A00839:75:H7MFFDSXY:3:2667:28980:2300	chr1	152356770	152356919	True	-303	150M	255	0	5	0.2581072747707367	ambig_opp_strand	unspliced	-1	12	.	.	.	mrna
A00839:75:H7MFFDSXY:3:2548:8205:34397	chr1	152355865	152356014	False	181	150M	255	0	3	0.8707773089408875	ambig_opp_strand	unspliced	1437	12	ENST00000388718.5	FLG2	ENSG00000143520.6	mrna
A00839:75:H7MFFDSXY:3:1465:8739:27430	chr1	152352287	152352436	True	-408	150M	255	0	5	0.9367938041687012	ambig_opp_strand	unspliced	-1	12	.	.	.	mrna
A00839:75:H7MFFDSXY:3:2259:18964:4022	chr1	152350784	152350932	False	271	149M1S	255	2	3	0.8635894060134888	ambig_opp_strand	unspliced	1437	12	ENST00000388718.5	FLG2	ENSG00000143520.6	mrna
A00839:75:H7MFFDSXY:3:1310:32416:16110	chr1	152356719	152356868	False	282	150M	255	0	3	0.8560124039649963	ambig_opp_strand	unspliced	1437	12	ENST00000388718.5	FLG2	ENSG00000143520.6	mrna
A00839:75:H7MFFDSXY:3:1168:18403:2487	chr1	152356865	152357014	False	306	150M	255	0	3	0.8270359039306641	ambig_opp_strand	unspliced	1437	12	ENST00000388718.5	FLG2	ENSG00000143520.6	mrna
A00839:75:H7MFFDSXY:3:1443:14570:15264	chr1	152351901	152352036	False	361	136M	255	0	3	0.5441567897796631	ambig_opp_strand	unspliced	1437	12	ENST00000388718.5	FLG2	ENSG00000143520.6	mrna
A00839:75:H7MFFDSXY:3:1677:31503:13056	chr1	152352447	152352596	True	-272	150M	255	0	25	0.7745859622955322	ambig_opp_strand	unspliced	1437	12	RIGEL_NRNA_chr1_1_152335378_152364080		RIGEL_NRNA_chr1_1_152335378_152364080	nrna
A00839:75:H7MFFDSXY:3:1258:1253:35133	chr1	152354170	152354319	False	230	150M	255	0	3	0.8767707943916321	ambig_opp_strand	unspliced	1437	12	ENST00000388718.5	FLG2	ENSG00000143520.6	mrna
A00839:75:H7MFFDSXY:3:1608:11794:11177	chr1	152352420	152352569	True	-397	150M	255	0	5	0.932251513004303	ambig_opp_strand	unspliced	-1	12	.	.	.	mrna
A00839:75:H7MFFDSXY:3:2138:16080:20572	chr1	152357536	152357685	False	299	150M	255	0	25	0.5718458294868469	ambig_opp_strand	unspliced	1437	12	RIGEL_NRNA_chr1_2_152348734_152360006		RIGEL_NRNA_chr1_2_152348734_152360006	nrna
A00839:75:H7MFFDSXY:3:2369:30662:28385	chr1	152352791	152352940	False	259	150M	255	2	25	0.09558413922786713	ambig_opp_strand	unspliced	1437	12	RIGEL_NRNA_chr1_2_152348734_152360006		RIGEL_NRNA_chr1_2_152348734_152360006	nrna
A00839:75:H7MFFDSXY:3:1174:5737:6981	chr1	152353966	152354115	True	-349	150M	255	0	25	0.34636756777763367	ambig_opp_strand	unspliced	1437	12	RIGEL_NRNA_chr1_1_152335378_152364080		RIGEL_NRNA_chr1_1_152335378_152364080	nrna
A00839:75:H7MFFDSXY:3:2217:17237:6417	chr1	152354106	152354255	True	-210	150M	255	0	25	0.0657191053032875	ambig_opp_strand	unspliced	1437	12	RIGEL_NRNA_chr1_1_152189332_152365557		RIGEL_NRNA_chr1_1_152189332_152365557	nrna
A00839:75:H7MFFDSXY:3:1219:20247:9314	chr1	152353316	152353465	True	-243	150M	255	1	25	0.8161431550979614	ambig_opp_strand	unspliced	1437	12	RIGEL_NRNA_chr1_1_152335378_152364080		RIGEL_NRNA_chr1_1_152335378_152364080	nrna
A00839:75:H7MFFDSXY:3:1109:9552:20603	chr1	152353830	152353975	False	394	146M	255	0	5	0.7523097991943359	ambig_opp_strand	unspliced	-1	12	.	.	.	mrna
A00839:75:H7MFFDSXY:3:2416:18475:14700	chr1	152356331	152356480	True	-423	150M	255	2	5	0.9358397722244263	ambig_opp_strand	unspliced	-1	12	.	.	.	mrna
A00839:75:H7MFFDSXY:3:1211:29731:14027	chr1	152356175	152356307	False	133	133M	255	0	25	0.08846426010131836	ambig_opp_strand	unspliced	1437	12	RIGEL_NRNA_chr1_2_152348734_152360006		RIGEL_NRNA_chr1_2_152348734_152360006	nrna
A00839:75:H7MFFDSXY:3:2108:4707:19789	chr1	152350855	152351004	False	242	150M	255	2	3	0.8752695918083191	ambig_opp_strand	unspliced	1437	12	ENST00000388718.5	FLG2	ENSG00000143520.6	mrna
A00839:75:H7MFFDSXY:3:2459:22553:2910	chr1	152354546	152354695	True	-456	150M	255	0	5	0.9369123578071594	ambig_opp_strand	unspliced	-1	12	.	.	.	mrna
A00839:75:H7MFFDSXY:3:2638:23366:32127	chr1	152355069	152355181	True	-344	113M	255	0	5	0.5674733519554138	ambig_opp_strand	unspliced	-1	12	.	.	.	mrna
A00839:75:H7MFFDSXY:3:1359:1542:20979	chr1	152357226	152357375	False	484	150M	255	0	5	0.9704543352127075	ambig_opp_strand	unspliced	-1	12	.	.	.	mrna
A00839:75:H7MFFDSXY:3:2271:29776:22529	chr1	152357036	152357185	False	306	150M	255	1	5	0.08191075921058655	ambig_opp_strand	unspliced	-1	12	.	.	.	mrna
A00839:75:H7MFFDSXY:3:1476:8639:17300	chr1	152356923	152357072	False	275	150M	255	0	3	0.8607215285301208	ambig_opp_strand	unspliced	1437	12	ENST00000388718.5	FLG2	ENSG00000143520.6	mrna
A00839:75:H7MFFDSXY:3:2326:25437:26224	chr1	152351534	152351652	True	-344	119M	255	0	25	0.39747002720832825	ambig_opp_strand	unspliced	1437	12	RIGEL_NRNA_chr1_1_152335378_152364080		RIGEL_NRNA_chr1_1_152335378_152364080	nrna
A00839:75:H7MFFDSXY:3:2502:18710:12132	chr1	152355012	152355120	False	340	109M	255	0	5	0.2051556408405304	ambig_opp_strand	unspliced	-1	12	.	.	.	mrna
A00839:75:H7MFFDSXY:3:2547:26747:11428	chr1	152356084	152356154	True	-521	71M	255	0	5	0.9373238682746887	ambig_opp_strand	unspliced	-1	12	.	.	.	mrna
A00839:75:H7MFFDSXY:3:1446:22263:16219	chr1	152356070	152356219	False	326	150M	255	0	3	0.9008230566978455	ambig_opp_strand	spliced_unannot	1437	11	ENST00000388718.5	FLG2	ENSG00000143520.6	mrna
A00839:75:H7MFFDSXY:3:1323:25925:11193	chr1	152356472	152356621	False	176	150M	255	0	3	0.8688625693321228	ambig_opp_strand	unspliced	1437	12	ENST00000388718.5	FLG2	ENSG00000143520.6	mrna
A00839:75:H7MFFDSXY:3:1531:9561:34021	chr1	152356017	152356166	True	-197	150M	255	0	25	0.8172682523727417	ambig_opp_strand	unspliced	1437	12	RIGEL_NRNA_chr1_1_152335378_152364080		RIGEL_NRNA_chr1_1_152335378_152364080	nrna
A00839:75:H7MFFDSXY:3:2422:14516:21371	chr1	152351160	152351309	True	-359	150M	255	0	5	0.7190709114074707	ambig_opp_strand	unspliced	-1	12	.	.	.	mrna
A00839:75:H7MFFDSXY:3:1448:22064:21073	chr1	152353942	152354091	False	419	150M	255	0	5	0.7783350944519043	ambig_opp_strand	unspliced	-1	12	.	.	.	mrna
A00839:75:H7MFFDSXY:3:2236:32696:3818	chr1	152357622	152357771	True	-318	150M	255	0	25	0.604664146900177	ambig_opp_strand	unspliced	1437	12	RIGEL_NRNA_chr1_1_152335378_152364080		RIGEL_NRNA_chr1_1_152335378_152364080	nrna
A00839:75:H7MFFDSXY:3:1330:4309:29215	chr1	152352254	152352403	False	259	150M	255	0	3	0.8697373867034912	ambig_opp_strand	unspliced	1437	12	ENST00000388718.5	FLG2	ENSG00000143520.6	mrna
A00839:75:H7MFFDSXY:3:2648:21133:21433	chr1	152353383	152353532	True	-162	150M	255	0	5	0.1614752858877182	ambig_opp_strand	unspliced	-1	12	.	.	.	mrna
A00839:75:H7MFFDSXY:3:1439:3531:23484	chr1	152356688	152356837	True	-398	150M	255	0	5	0.9308770895004272	ambig_opp_strand	unspliced	-1	12	.	.	.	mrna
A00839:75:H7MFFDSXY:3:2652:1651:34287	chr1	152353968	152354117	True	-210	150M	255	0	25	0.8230730891227722	ambig_opp_strand	unspliced	1437	12	RIGEL_NRNA_chr1_1_152335378_152364080		RIGEL_NRNA_chr1_1_152335378_152364080	nrna
A00839:75:H7MFFDSXY:3:1433:3188:16282	chr1	152355771	152355920	True	-264	150M	255	0	25	0.7902271151542664	ambig_opp_strand	unspliced	1437	12	RIGEL_NRNA_chr1_1_152335378_152364080		RIGEL_NRNA_chr1_1_152335378_152364080	nrna
A00839:75:H7MFFDSXY:3:1424:19515:21418	chr1	152357303	152357452	True	-340	150M	255	0	5	0.5226516127586365	ambig_opp_strand	unspliced	-1	12	.	.	.	mrna
A00839:75:H7MFFDSXY:3:2128:13910:26240	chr1	152356976	152357124	True	-286	149M	255	5	25	0.741568922996521	ambig_opp_strand	unspliced	1437	12	RIGEL_NRNA_chr1_1_152335378_152364080		RIGEL_NRNA_chr1_1_152335378_152364080	nrna
A00839:75:H7MFFDSXY:3:2533:25509:19085	chr1	152355970	152356078	False	373	109M	255	0	3	0.38690632581710815	ambig_opp_strand	unspliced	1437	12	ENST00000388718.5	FLG2	ENSG00000143520.6	mrna
A00839:75:H7MFFDSXY:3:2255:20826:31516	chr1	152351831	152351980	True	-348	150M	255	0	25	0.365469753742218	ambig_opp_strand	unspliced	1437	12	RIGEL_NRNA_chr1_1_152335378_152364080		RIGEL_NRNA_chr1_1_152335378_152364080	nrna
A00839:75:H7MFFDSXY:3:2559:17508:11459	chr1	152352905	152353054	False	297	150M	255	0	3	0.8415139317512512	ambig_opp_strand	unspliced	1437	12	ENST00000388718.5	FLG2	ENSG00000143520.6	mrna
A00839:75:H7MFFDSXY:3:2527:5122:5259	chr1	152354272	152354421	True	-285	150M	255	0	25	0.7452908754348755	ambig_opp_strand	unspliced	1437	12	RIGEL_NRNA_chr1_1_152335378_152364080		RIGEL_NRNA_chr1_1_152335378_152364080	nrna
A00839:75:H7MFFDSXY:3:1526:18014:2378	chr1	152350694	152350822	False	129	129M	255	0	3	0.7897931337356567	ambig_opp_strand	unspliced	1437	12	ENST00000388718.5	FLG2	ENSG00000143520.6	mrna
A00839:75:H7MFFDSXY:3:1613:18692:28604	chr1	152353914	152354063	True	-321	150M	255	0	25	0.5853351950645447	ambig_opp_strand	unspliced	1437	12	RIGEL_NRNA_chr1_1_152335378_152364080		RIGEL_NRNA_chr1_1_152335378_152364080	nrna
A00839:75:H7MFFDSXY:3:1265:24279:27759	chr1	152350767	152350916	False	376	150M	255	0	3	0.3523558974266052	ambig_opp_strand	unspliced	1437	12	ENST00000388718.5	FLG2	ENSG00000143520.6	mrna
A00839:75:H7MFFDSXY:3:2250:11180:29121	chr1	152353526	152353675	False	382	150M	255	0	5	0.7015134692192078	ambig_opp_strand	unspliced	-1	12	.	.	.	mrna
A00839:75:H7MFFDSXY:3:2465:7817:14121	chr1	152355749	152355802	True	-285	54M	255	0	25	0.7452908754348755	ambig_opp_strand	unspliced	1437	12	RIGEL_NRNA_chr1_1_152335378_152364080		RIGEL_NRNA_chr1_1_152335378_152364080	nrna
A00839:75:H7MFFDSXY:3:1650:30725:13432	chr1	152356146	152356253	True	-333	108M	255	0	5	0.455704003572464	ambig_opp_strand	unspliced	-1	12	.	.	.	mrna
A00839:75:H7MFFDSXY:3:1212:19352:4758	chr1	152356144	152356227	True	-309	84M	255	0	25	0.649450421333313	ambig_opp_strand	unspliced	1437	12	RIGEL_NRNA_chr1_1_152335378_152364080		RIGEL_NRNA_chr1_1_152335378_152364080	nrna
A00839:75:H7MFFDSXY:3:2439:16957:32236	chr1	152352479	152352628	True	-262	150M	255	0	25	0.7931538224220276	ambig_opp_strand	unspliced	1437	12	RIGEL_NRNA_chr1_1_152335378_152364080		RIGEL_NRNA_chr1_1_152335378_152364080	nrna
A00839:75:H7MFFDSXY:3:1517:4860:25191	chr1	152350808	152350957	True	-240	150M	255	0	5	0.10890864580869675	ambig_opp_strand	unspliced	-1	12	.	.	.	mrna
A00839:75:H7MFFDSXY:3:1455:16089:15452	chr1	152352794	152352943	True	-626	150M	255	1	25	0.2953921854496002	ambig_opp_strand	unspliced	1437	12	RIGEL_NRNA_chr1_1_152335378_152364080		RIGEL_NRNA_chr1_1_152335378_152364080	nrna
A00839:75:H7MFFDSXY:3:1365:5565:36119	chr1	152353252	152353401	False	381	150M	255	0	5	0.6684404015541077	ambig_opp_strand	unspliced	-1	12	.	.	.	mrna
A00839:75:H7MFFDSXY:3:1461:21314:20462	chr1	152355315	152355464	False	228	150M	255	0	3	0.8765408396720886	ambig_opp_strand	unspliced	1437	12	ENST00000388718.5	FLG2	ENSG00000143520.6	mrna
A00839:75:H7MFFDSXY:3:1332:19895:22701	chr1	152356245	152356394	False	271	150M	255	0	3	0.8635894060134888	ambig_opp_strand	unspliced	1437	12	ENST00000388718.5	FLG2	ENSG00000143520.6	mrna
A00839:75:H7MFFDSXY:3:1368:19470:27164	chr1	152352180	152352329	False	474	150M	255	0	3	0.20778194069862366	ambig_opp_strand	unspliced	1437	12	ENST00000388718.5	FLG2	ENSG00000143520.6	mrna
A00839:75:H7MFFDSXY:3:2114:8693:21214	chr1	152356399	152356548	True	-259	150M	255	0	25	0.7979644536972046	ambig_opp_strand	unspliced	1437	12	RIGEL_NRNA_chr1_1_152335378_152364080		RIGEL_NRNA_chr1_1_152335378_152364080	nrna
A00839:75:H7MFFDSXY:3:2548:14841:12007	chr1	152351293	152351441	True	-372	149M	255	5	5	0.8373579382896423	ambig_opp_strand	unspliced	-1	12	.	.	.	mrna
A00839:75:H7MFFDSXY:3:2420:2356:5008	chr1	152352093	152352242	True	-181	150M	255	0	25	0.8016167879104614	ambig_opp_strand	unspliced	1437	12	RIGEL_NRNA_chr1_1_152335378_152364080		RIGEL_NRNA_chr1_1_152335378_152364080	nrna
A00839:75:H7MFFDSXY:3:1464:17463:14074	chr1	152353604	152353753	False	360	150M	255	0	3	0.5536470413208008	ambig_opp_strand	unspliced	1437	12	ENST00000388718.5	FLG2	ENSG00000143520.6	mrna
A00839:75:H7MFFDSXY:3:1675:4381:21574	chr1	152352241	152352390	True	-432	150M	255	0	5	0.9306532144546509	ambig_opp_strand	unspliced	-1	12	.	.	.	mrna
A00839:75:H7MFFDSXY:3:2174:25599:37027	chr1	152351033	152351182	True	-194	150M	255	0	25	0.816551685333252	ambig_opp_strand	unspliced	1437	12	RIGEL_NRNA_chr1_1_152335378_152364080		RIGEL_NRNA_chr1_1_152335378_152364080	nrna
A00839:75:H7MFFDSXY:3:1552:14823:33458	chr1	152351576	152351725	True	-209	150M	3	7	128	0.0	.	unknown	-1	0	.	.	.	mrna
A00839:75:H7MFFDSXY:3:2613:3206:2472	chr1	152350753	152350902	True	-372	150M	255	0	5	0.8373578786849976	ambig_opp_strand	unspliced	-1	12	.	.	.	mrna
A00839:75:H7MFFDSXY:3:2546:11388:16016	chr1	152350774	152350923	True	-231	150M	255	0	25	0.8211895227432251	ambig_opp_strand	unspliced	1437	12	RIGEL_NRNA_chr1_1_152335378_152364080		RIGEL_NRNA_chr1_1_152335378_152364080	nrna
A00839:75:H7MFFDSXY:3:1478:26937:4586	chr1	152354266	152354415	True	-325	150M	255	0	25	0.5597922205924988	ambig_opp_strand	unspliced	1437	12	RIGEL_NRNA_chr1_1_152335378_152364080		RIGEL_NRNA_chr1_1_152335378_152364080	nrna
A00839:75:H7MFFDSXY:3:1148:14461:27571	chr1	152351346	152351495	False	288	150M	255	0	3	0.8517400026321411	ambig_opp_strand	unspliced	1437	12	ENST00000388718.5	FLG2	ENSG00000143520.6	mrna
A00839:75:H7MFFDSXY:3:2678:23511:17159	chr1	152351297	152351445	True	-149	149M	255	0	25	0.7239764332771301	ambig_opp_strand	unspliced	1437	12	RIGEL_NRNA_chr1_1_152335378_152364080		RIGEL_NRNA_chr1_1_152335378_152364080	nrna
A00839:75:H7MFFDSXY:3:2112:4381:2096	chr1	152354762	152354864	False	103	103M	255	0	3	0.7344928979873657	ambig_opp_strand	unspliced	1437	12	ENST00000388718.5	FLG2	ENSG00000143520.6	mrna
A00839:75:H7MFFDSXY:3:1234:17933:6057	chr1	152356390	152356539	True	-434	150M	255	0	5	0.9356538653373718	ambig_opp_strand	unspliced	-1	12	.	.	.	mrna
A00839:75:H7MFFDSXY:3:2371:17906:21762	chr1	152353557	152353706	False	201	150M	255	0	3	0.875561535358429	ambig_opp_strand	unspliced	1437	12	ENST00000388718.5	FLG2	ENSG00000143520.6	mrna
A00839:75:H7MFFDSXY:3:1239:29848:22341	chr1	152357235	152357384	False	295	150M	255	1	3	0.8436314463615417	ambig_opp_strand	unspliced	1437	12	ENST00000388718.5	FLG2	ENSG00000143520.6	mrna
A00839:75:H7MFFDSXY:3:2243:24442:5932	chr1	152357302	152357451	False	402	150M	255	0	5	0.9709476232528687	ambig_opp_strand	unspliced	-1	12	.	.	.	mrna
A00839:75:H7MFFDSXY:3:2470:3025:5572	chr1	152352749	152352898	True	-275	150M	255	0	25	0.767300546169281	ambig_opp_strand	unspliced	1437	12	RIGEL_NRNA_chr1_1_152335378_152364080		RIGEL_NRNA_chr1_1_152335378_152364080	nrna
A00839:75:H7MFFDSXY:3:2576:7337:2331	chr1	152356368	152356517	False	344	150M	255	0	5	0.23622365295886993	ambig_opp_strand	unspliced	-1	12	.	.	.	mrna
A00839:75:H7MFFDSXY:3:1308:4670:12367	chr1	152353587	152353736	False	331	150M	255	1	3	0.7622836828231812	ambig_opp_strand	unspliced	1437	12	ENST00000388718.5	FLG2	ENSG00000143520.6	mrna
A00839:75:H7MFFDSXY:3:2138:22236:30953	chr1	152350641	152350790	False	445	150M	255	1	5	0.7217012047767639	ambig_opp_strand	unspliced	-1	12	.	.	.	mrna
A00839:75:H7MFFDSXY:3:2376:29695:15562	chr1	152356948	152357097	False	369	150M	255	0	5	0.508842945098877	ambig_opp_strand	unspliced	-1	12	.	.	.	mrna
A00839:75:H7MFFDSXY:3:1573:28067:15123	chr1	152354288	152354437	True	-261	150M	255	0	25	0.7956955432891846	ambig_opp_strand	unspliced	1437	12	RIGEL_NRNA_chr1_1_152335378_152364080		RIGEL_NRNA_chr1_1_152335378_152364080	nrna
A00839:75:H7MFFDSXY:3:2574:29731:5040	chr1	152357283	152357432	True	-192	150M	255	1	5	0.11570796370506287	ambig_opp_strand	unspliced	-1	12	.	.	.	mrna
A00839:75:H7MFFDSXY:3:1273:21377:27806	chr1	152353795	152353944	True	-323	150M	255	0	5	0.3779737949371338	ambig_opp_strand	unspliced	-1	12	.	.	.	mrna
A00839:75:H7MFFDSXY:3:2458:10682:5243	chr1	152354234	152354383	False	164	150M	255	0	3	0.8628630638122559	ambig_opp_strand	unspliced	1437	12	ENST00000388718.5	FLG2	ENSG00000143520.6	mrna
A00839:75:H7MFFDSXY:3:2149:28167:2300	chr1	152353884	152354033	False	416	150M	255	0	5	0.7662903666496277	ambig_opp_strand	unspliced	-1	12	.	.	.	mrna
A00839:75:H7MFFDSXY:3:1157:18864:26678	chr1	152351766	152351846	True	-306	81M	255	0	25	0.6666442155838013	ambig_opp_strand	unspliced	1437	12	RIGEL_NRNA_chr1_1_152335378_152364080		RIGEL_NRNA_chr1_1_152335378_152364080	nrna
A00839:75:H7MFFDSXY:3:1409:20265:15765	chr1	152352683	152352832	False	268	150M	255	1	3	0.865267813205719	ambig_opp_strand	unspliced	1437	12	ENST00000388718.5	FLG2	ENSG00000143520.6	mrna
A00839:75:H7MFFDSXY:3:2322:23330:31751	chr1	152358795	152358943	True	-383	1S149M	255	0	5	0.9106218814849854	ambig_opp_strand	unspliced	-1	12	.	.	.	mrna
A00839:75:H7MFFDSXY:3:1119:21323:13933	chr1	152351654	152351803	True	-386	150M	255	1	5	0.9183357357978821	ambig_opp_strand	unspliced	-1	12	.	.	.	mrna
A00839:75:H7MFFDSXY:3:1429:28953:25833	chr1	152354134	152354283	True	-413	150M	255	0	5	0.9398261904716492	ambig_opp_strand	unspliced	-1	12	.	.	.	mrna
A00839:75:H7MFFDSXY:3:1678:3857:20165	chr1	152354208	152354357	False	457	150M	255	0	5	0.7694740891456604	ambig_opp_strand	unspliced	-1	12	.	.	.	mrna
A00839:75:H7MFFDSXY:3:1113:1561:9893	chr1	152353893	152354042	True	-294	150M	255	0	25	0.7177792191505432	ambig_opp_strand	unspliced	1437	12	RIGEL_NRNA_chr1_1_152335378_152364080		RIGEL_NRNA_chr1_1_152335378_152364080	nrna
A00839:75:H7MFFDSXY:3:1462:11496:20212	chr1	152351991	152352140	False	352	150M	255	0	5	0.30420875549316406	ambig_opp_strand	unspliced	-1	12	.	.	.	mrna
A00839:75:H7MFFDSXY:3:1176:29387:23202	chr1	152350457	152350606	False	411	150M	255	0	3	0.18831537663936615	ambig_opp_strand	unspliced	1437	12	ENST00000388718.5	FLG2	ENSG00000143520.6	mrna
A00839:75:H7MFFDSXY:3:1430:23231:19774	chr1	152353886	152354035	True	-418	150M	255	0	5	0.9383251667022705	ambig_opp_strand	unspliced	-1	12	.	.	.	mrna
A00839:75:H7MFFDSXY:3:2201:5701:17879	chr1	152355698	152355834	False	362	137M	255	0	5	0.417035847902298	ambig_opp_strand	unspliced	-1	12	.	.	.	mrna
A00839:75:H7MFFDSXY:3:1613:4101:27320	chr1	152357149	152357298	True	-317	150M	255	0	25	0.6091583371162415	ambig_opp_strand	unspliced	1437	12	RIGEL_NRNA_chr1_1_152335378_152364080		RIGEL_NRNA_chr1_1_152335378_152364080	nrna
A00839:75:H7MFFDSXY:3:1629:18430:2503	chr1	152352251	152352387	True	-368	137M	255	0	25	0.17984236776828766	ambig_opp_strand	unspliced	1437	12	RIGEL_NRNA_chr1_1_152335378_152364080		RIGEL_NRNA_chr1_1_152335378_152364080	nrna
A00839:75:H7MFFDSXY:3:2254:2383:35806	chr1	152355307	152355456	False	469	150M	255	0	3	0.21786506474018097	ambig_opp_strand	unspliced	1437	12	ENST00000388718.5	FLG2	ENSG00000143520.6	mrna
A00839:75:H7MFFDSXY:3:1666:11053:23797	chr1	152354994	152355138	False	376	145M	255	0	5	0.60885089635849	ambig_opp_strand	unspliced	-1	12	.	.	.	mrna
A00839:75:H7MFFDSXY:3:2609:31150:15984	chr1	152358941	152359090	True	-408	150M	255	1	5	0.936963677406311	ambig_opp_strand	unspliced	-1	12	.	.	.	mrna
A00839:75:H7MFFDSXY:3:1337:25455:27164	chr1	152357283	152357432	False	339	150M	255	0	3	0.7253322005271912	ambig_opp_strand	unspliced	1437	12	ENST00000388718.5	FLG2	ENSG00000143520.6	mrna
A00839:75:H7MFFDSXY:3:1601:23357:10034	chr1	152354026	152354175	False	185	150M	255	0	3	0.8726198673248291	ambig_opp_strand	unspliced	1437	12	ENST00000388718.5	FLG2	ENSG00000143520.6	mrna
A00839:75:H7MFFDSXY:3:1313:5222:5212	chr1	152350946	152351095	False	503	150M	255	0	3	0.2323712408542633	ambig_opp_strand	unspliced	1437	12	ENST00000388718.5	FLG2	ENSG00000143520.6	mrna
A00839:75:H7MFFDSXY:3:1338:17020:26741	chr1	152352319	152352468	False	305	150M	255	0	3	0.8292871117591858	ambig_opp_strand	unspliced	1437	12	ENST00000388718.5	FLG2	ENSG00000143520.6	mrna
A00839:75:H7MFFDSXY:3:2240:29613:5556	chr1	152353496	152353645	False	196	150M	255	0	25	0.0961776152253151	ambig_opp_strand	unspliced	1437	12	RIGEL_NRNA_chr1_2_152348734_152360006		RIGEL_NRNA_chr1_2_152348734_152360006	nrna
A00839:75:H7MFFDSXY:3:2419:6813:32675	chr1	152357278	152357427	True	-279	150M	255	1	25	0.7596318125724792	ambig_opp_strand	unspliced	1437	12	RIGEL_NRNA_chr1_1_152335378_152364080		RIGEL_NRNA_chr1_1_152335378_152364080	nrna
A00839:75:H7MFFDSXY:3:2254:21178:11303	chr1	152351786	152351931	False	146	146M	255	1	3	0.8409923911094666	ambig_opp_strand	unspliced	1437	12	ENST00000388718.5	FLG2	ENSG00000143520.6	mrna
A00839:75:H7MFFDSXY:3:2571:26277:31720	chr1	152355144	152355293	True	-269	150M	255	0	25	0.7800508737564087	ambig_opp_strand	unspliced	1437	12	RIGEL_NRNA_chr1_1_152335378_152364080		RIGEL_NRNA_chr1_1_152335378_152364080	nrna
A00839:75:H7MFFDSXY:3:1632:10945:24862	chr1	152352748	152352897	True	-370	150M	255	0	25	0.1597539782524109	ambig_opp_strand	unspliced	1437	12	RIGEL_NRNA_chr1_1_152335378_152364080		RIGEL_NRNA_chr1_1_152335378_152364080	nrna
A00839:75:H7MFFDSXY:3:2246:2311:29794	chr1	152354400	152354549	True	-297	150M	255	0	25	0.7074415683746338	ambig_opp_strand	unspliced	1437	12	RIGEL_NRNA_chr1_1_152335378_152364080		RIGEL_NRNA_chr1_1_152335378_152364080	nrna
A00839:75:H7MFFDSXY:3:1140:12048:30217	chr1	152356702	152356851	False	313	150M	255	0	3	0.8134738802909851	ambig_opp_strand	unspliced	1437	12	ENST00000388718.5	FLG2	ENSG00000143520.6	mrna
A00839:75:H7MFFDSXY:3:2637:28122:22420	chr1	152356535	152356684	True	-344	150M	255	1	5	0.5674732327461243	ambig_opp_strand	unspliced	-1	12	.	.	.	mrna
A00839:75:H7MFFDSXY:3:1523:20735:7279	chr1	152356116	152356265	False	243	150M	255	0	3	0.8748449087142944	ambig_opp_strand	unspliced	1437	12	ENST00000388718.5	FLG2	ENSG00000143520.6	mrna
A00839:75:H7MFFDSXY:3:1108:30409:6464	chr1	152355294	152355443	False	270	150M	255	0	3	0.8641307950019836	ambig_opp_strand	unspliced	1437	12	ENST00000388718.5	FLG2	ENSG00000143520.6	mrna
A00839:75:H7MFFDSXY:3:1375:9534:27492	chr1	152352425	152352574	True	-356	150M	255	0	5	0.690138578414917	ambig_opp_strand	unspliced	-1	12	.	.	.	mrna
A00839:75:H7MFFDSXY:3:1261:8540:30405	chr1	152355495	152355644	True	-373	150M	255	0	5	0.8492748737335205	ambig_opp_strand	unspliced	-1	12	.	.	.	mrna
A00839:75:H7MFFDSXY:3:2445:19009:22169	chr1	152354349	152354498	False	370	150M	255	0	3	0.42486053705215454	ambig_opp_strand	unspliced	1437	12	ENST00000388718.5	FLG2	ENSG00000143520.6	mrna
A00839:75:H7MFFDSXY:3:2658:29767:20040	chr1	152353516	152353665	False	313	150M	255	0	3	0.8134738802909851	ambig_opp_strand	unspliced	1437	12	ENST00000388718.5	FLG2	ENSG00000143520.6	mrna
A00839:75:H7MFFDSXY:3:1626:18023:6089	chr1	152353642	152353698	True	-288	57M	255	0	25	0.7384347915649414	ambig_opp_strand	unspliced	1437	12	RIGEL_NRNA_chr1_1_152335378_152364080		RIGEL_NRNA_chr1_1_152335378_152364080	nrna
A00839:75:H7MFFDSXY:3:2532:24379:20854	chr1	152352297	152352446	False	301	150M	255	0	3	0.8352404832839966	ambig_opp_strand	unspliced	1437	12	ENST00000388718.5	FLG2	ENSG00000143520.6	mrna
A00839:75:H7MFFDSXY:3:2410:30563:32409	chr1	152351952	152352101	False	326	150M	255	0	3	0.7785993218421936	ambig_opp_strand	unspliced	1437	12	ENST00000388718.5	FLG2	ENSG00000143520.6	mrna
A00839:75:H7MFFDSXY:3:1365:16893:19539	chr1	152355980	152356124	False	145	145M	255	0	3	0.8383175134658813	ambig_opp_strand	unspliced	1437	12	ENST00000388718.5	FLG2	ENSG00000143520.6	mrna
A00839:75:H7MFFDSXY:3:2161:31195:17691	chr1	152353117	152353266	True	-335	150M	255	0	25	0.482364684343338	ambig_opp_strand	unspliced	1437	12	RIGEL_NRNA_chr1_1_152335378_152364080		RIGEL_NRNA_chr1_1_152335378_152364080	nrna
A00839:75:H7MFFDSXY:3:1669:14543:25050	chr1	152355790	152355934	True	-370	145M	255	0	5	0.8261558413505554	ambig_opp_strand	unspliced	-1	12	.	.	.	mrna
A00839:75:H7MFFDSXY:3:1302:12816:12978	chr1	152356354	152356503	True	-300	150M	255	0	25	0.6928613781929016	ambig_opp_strand	unspliced	1437	12	RIGEL_NRNA_chr1_1_152335378_152364080		RIGEL_NRNA_chr1_1_152335378_152364080	nrna
A00839:75:H7MFFDSXY:3:1507:26332:15875	chr1	152353565	152353714	True	-319	150M	255	0	25	0.5950044393539429	ambig_opp_strand	unspliced	1437	12	RIGEL_NRNA_chr1_1_152335378_152364080		RIGEL_NRNA_chr1_1_152335378_152364080	nrna
A00839:75:H7MFFDSXY:3:2657:26078:9831	chr1	152357043	152357192	False	232	150M	255	0	3	0.8764368295669556	ambig_opp_strand	unspliced	1437	12	ENST00000388718.5	FLG2	ENSG00000143520.6	mrna
A00839:75:H7MFFDSXY:3:1214:14922:16407	chr1	152354634	152354783	True	-422	150M	255	0	5	0.9380946159362793	ambig_opp_strand	unspliced	-1	12	.	.	.	mrna
A00839:75:H7MFFDSXY:3:1356:15546:21778	chr1	152356058	152356108	True	-276	51M	3	0	128	0.0	.	unknown	-1	0	.	.	.	mrna
A00839:75:H7MFFDSXY:3:2404:18710:25942	chr1	152356118	152356248	True	-356	131M	255	0	5	0.690138578414917	ambig_opp_strand	unspliced	-1	12	.	.	.	mrna
A00839:75:H7MFFDSXY:3:2105:16803:32628	chr1	152356757	152356906	False	409	150M	255	0	5	0.768450915813446	ambig_opp_strand	unspliced	-1	12	.	.	.	mrna
A00839:75:H7MFFDSXY:3:1377:2058:34491	chr1	152353074	152353223	True	-307	150M	255	0	5	0.2801666259765625	ambig_opp_strand	unspliced	-1	12	.	.	.	mrna
A00839:75:H7MFFDSXY:3:1611:3757:24001	chr1	152353488	152353637	True	-410	150M	255	1	5	0.9314265251159668	ambig_opp_strand	unspliced	-1	12	.	.	.	mrna
A00839:75:H7MFFDSXY:3:2131:20491:20040	chr1	152353844	152353988	False	145	145M	255	0	25	0.0921311005949974	ambig_opp_strand	unspliced	1437	12	RIGEL_NRNA_chr1_2_152348734_152360006		RIGEL_NRNA_chr1_2_152348734_152360006	nrna
A00839:75:H7MFFDSXY:3:1337:16776:26036	chr1	152354225	152354374	True	-463	150M	255	0	5	0.93498694896698	ambig_opp_strand	unspliced	-1	12	.	.	.	mrna
A00839:75:H7MFFDSXY:3:2477:8467:14309	chr1	152354321	152354470	True	-266	150M	255	0	25	0.786992073059082	ambig_opp_strand	unspliced	1437	12	RIGEL_NRNA_chr1_1_152335378_152364080		RIGEL_NRNA_chr1_1_152335378_152364080	nrna
A00839:75:H7MFFDSXY:3:1159:7690:17253	chr1	152355771	152355920	False	422	150M	255	0	5	0.7812896370887756	ambig_opp_strand	unspliced	-1	12	.	.	.	mrna
A00839:75:H7MFFDSXY:3:2459:3025:9737	chr1	152352324	152352473	True	-274	150M	255	0	25	0.7696875333786011	ambig_opp_strand	unspliced	1437	12	RIGEL_NRNA_chr1_1_152335378_152364080		RIGEL_NRNA_chr1_1_152335378_152364080	nrna
A00839:75:H7MFFDSXY:3:1236:11279:6778	chr1	152353296	152353445	True	-290	150M	255	1	25	0.7295697331428528	ambig_opp_strand	unspliced	1437	12	RIGEL_NRNA_chr1_1_152335378_152364080		RIGEL_NRNA_chr1_1_152335378_152364080	nrna
A00839:75:H7MFFDSXY:3:1150:15908:14794	chr1	152353556	152353705	False	340	150M	255	0	3	0.7160141468048096	ambig_opp_strand	unspliced	1437	12	ENST00000388718.5	FLG2	ENSG00000143520.6	mrna
A00839:75:H7MFFDSXY:3:2238:30237:18129	chr1	152350954	152351103	True	-436	150M	255	0	5	0.928374707698822	ambig_opp_strand	unspliced	-1	12	.	.	.	mrna
A00839:75:H7MFFDSXY:3:1642:4182:32189	chr1	152357294	152357443	True	-478	150M	255	1	5	0.9268845915794373	ambig_opp_strand	unspliced	-1	12	.	.	.	mrna
A00839:75:H7MFFDSXY:3:2345:4128:36542	chr1	152356808	152356957	False	342	150M	255	0	3	0.7070009708404541	ambig_opp_strand	unspliced	1437	12	ENST00000388718.5	FLG2	ENSG00000143520.6	mrna
A00839:75:H7MFFDSXY:3:2235:4372:27164	chr1	152354206	152354355	True	-317	150M	255	0	25	0.6091580986976624	ambig_opp_strand	unspliced	1437	12	RIGEL_NRNA_chr1_1_152335378_152364080		RIGEL_NRNA_chr1_1_152335378_152364080	nrna
A00839:75:H7MFFDSXY:3:2336:22833:31986	chr1	152352373	152352425	False	278	53M	255	0	3	0.8588874340057373	ambig_opp_strand	unspliced	1437	12	ENST00000388718.5	FLG2	ENSG00000143520.6	mrna
A00839:75:H7MFFDSXY:3:2352:18701:25770	chr1	152357323	152357472	True	-330	150M	255	1	25	0.528235673904419	ambig_opp_strand	unspliced	1437	12	RIGEL_NRNA_chr1_1_152335378_152364080		RIGEL_NRNA_chr1_1_152335378_152364080	nrna
A00839:75:H7MFFDSXY:3:2651:28528:12289	chr1	152353161	152353310	False	283	150M	255	0	3	0.8552069067955017	ambig_opp_strand	unspliced	1437	12	ENST00000388718.5	FLG2	ENSG00000143520.6	mrna
A00839:75:H7MFFDSXY:3:1246:9164:13448	chr1	152352180	152352329	False	160	150M	255	1	3	0.8600343465805054	ambig_opp_strand	unspliced	1437	12	ENST00000388718.5	FLG2	ENSG00000143520.6	mrna
A00839:75:H7MFFDSXY:3:2270:12915:1219	chr1	152351979	152352128	False	245	150M	255	0	3	0.8746313452720642	ambig_opp_strand	unspliced	1437	12	ENST00000388718.5	FLG2	ENSG00000143520.6	mrna
A00839:75:H7MFFDSXY:3:1465:22733:16157	chr1	152357081	152357230	False	260	150M	255	0	3	0.8692231774330139	ambig_opp_strand	unspliced	1437	12	ENST00000388718.5	FLG2	ENSG00000143520.6	mrna
A00839:75:H7MFFDSXY:3:1516:17752:24345	chr1	152356866	152357015	False	206	150M	255	0	5	0.027343403548002243	ambig_opp_strand	unspliced	-1	12	.	.	.	mrna
A00839:75:H7MFFDSXY:3:1278:32723:29857	chr1	152353725	152353874	False	255	150M	255	0	3	0.871295154094696	ambig_opp_strand	unspliced	1437	12	ENST00000388718.5	FLG2	ENSG00000143520.6	mrna
A00839:75:H7MFFDSXY:3:2636:23773:16110	chr1	152355597	152355746	True	-397	150M	255	0	5	0.932251513004303	ambig_opp_strand	unspliced	-1	12	.	.	.	mrna
A00839:75:H7MFFDSXY:3:2458:32786:28244	chr1	152358771	152358920	False	245	150M	255	0	25	0.7667145133018494	ambig_opp_strand	unspliced	1437	12	RIGEL_NRNA_chr1_2_152348734_152360006		RIGEL_NRNA_chr1_2_152348734_152360006	nrna
A00839:75:H7MFFDSXY:3:1338:12346:34898	chr1	152357412	152357561	False	378	150M	255	0	5	0.9470326900482178	ambig_opp_strand	unspliced	-1	12	.	.	.	mrna
A00839:75:H7MFFDSXY:3:2604:29568:10551	chr1	152350933	152351082	False	296	150M	255	0	25	0.09260261058807373	ambig_opp_strand	unspliced	1437	12	RIGEL_NRNA_chr1_2_152348734_152360006		RIGEL_NRNA_chr1_2_152348734_152360006	nrna
A00839:75:H7MFFDSXY:3:1372:19289:11381	chr1	152353748	152353897	True	-346	150M	255	0	25	0.38176587224006653	ambig_opp_strand	unspliced	1437	12	RIGEL_NRNA_chr1_1_152335378_152364080		RIGEL_NRNA_chr1_1_152335378_152364080	nrna
A00839:75:H7MFFDSXY:3:2439:2537:11804	chr1	152352726	152352875	False	471	150M	255	0	5	0.7672348022460938	ambig_opp_strand	unspliced	-1	12	.	.	.	mrna
A00839:75:H7MFFDSXY:3:1460:18964:4742	chr1	152352009	152352158	False	387	150M	255	0	5	0.73553866147995	ambig_opp_strand	unspliced	-1	12	.	.	.	mrna
A00839:75:H7MFFDSXY:3:1522:15492:21746	chr1	152356376	152356503	True	-128	128M	255	0	25	0.5704358816146851	ambig_opp_strand	unspliced	1437	12	RIGEL_NRNA_chr1_1_152335378_152364080		RIGEL_NRNA_chr1_1_152335378_152364080	nrna
A00839:75:H7MFFDSXY:3:2337:7328:24361	chr1	152357161	152357310	True	-290	150M	255	0	25	0.7295698523521423	ambig_opp_strand	unspliced	1437	12	RIGEL_NRNA_chr1_1_152335378_152364080		RIGEL_NRNA_chr1_1_152335378_152364080	nrna
A00839:75:H7MFFDSXY:3:1129:5339:7326	chr1	152352247	152352306	False	291	60M	255	0	3	0.8485801219940186	ambig_opp_strand	unspliced	1437	12	ENST00000388718.5	FLG2	ENSG00000143520.6	mrna
A00839:75:H7MFFDSXY:3:2522:4417:18349	chr1	152354094	152354243	True	-258	150M	255	0	25	0.799487829208374	ambig_opp_strand	unspliced	1437	12	RIGEL_NRNA_chr1_1_152335378_152364080		RIGEL_NRNA_chr1_1_152335378_152364080	nrna
A00839:75:H7MFFDSXY:3:1412:13395:27978	chr1	152355450	152355830	False	901	118M231N32M	3	1	128	0.0	.	unknown	-1	0	.	.	.	mrna
A00839:75:H7MFFDSXY:3:1446:25310:10786	chr1	152352260	152352409	False	243	150M	255	0	5	0.028838206082582474	ambig_opp_strand	unspliced	-1	12	.	.	.	mrna
A00839:75:H7MFFDSXY:3:1459:18738:23234	chr1	152357496	152357645	False	291	150M	255	0	5	0.3830055296421051	ambig_opp_strand	unspliced	-1	12	.	.	.	mrna
A00839:75:H7MFFDSXY:3:2216:29035:32769	chr1	152351308	152351457	False	280	150M	255	0	3	0.8578622341156006	ambig_opp_strand	unspliced	1437	12	ENST00000388718.5	FLG2	ENSG00000143520.6	mrna
A00839:75:H7MFFDSXY:3:1264:20853:24612	chr1	152351852	152352001	False	432	150M	255	0	3	0.21635493636131287	ambig_opp_strand	unspliced	1437	12	ENST00000388718.5	FLG2	ENSG00000143520.6	mrna
A00839:75:H7MFFDSXY:3:1361:19524:36933	chr1	152356879	152357028	False	317	150M	255	0	3	0.804389238357544	ambig_opp_strand	unspliced	1437	12	ENST00000388718.5	FLG2	ENSG00000143520.6	mrna
A00839:75:H7MFFDSXY:3:1466:13051:10817	chr1	152352760	152352909	True	-403	150M	255	0	5	0.9339235424995422	ambig_opp_strand	unspliced	-1	12	.	.	.	mrna
A00839:75:H7MFFDSXY:3:1203:21847:29309	chr1	152354208	152354357	False	255	150M	255	0	3	0.871295154094696	ambig_opp_strand	unspliced	1437	12	ENST00000388718.5	FLG2	ENSG00000143520.6	mrna
A00839:75:H7MFFDSXY:3:1641:9769:33599	chr1	152352291	152352440	False	441	150M	255	1	5	0.7737548351287842	ambig_opp_strand	unspliced	-1	12	.	.	.	mrna
A00839:75:H7MFFDSXY:3:2258:2112:2550	chr1	152355622	152355771	True	-238	150M	3	0	128	0.0	.	unknown	-1	0	.	.	.	mrna
A00839:75:H7MFFDSXY:3:2114:24388:31422	chr1	152353221	152353370	False	263	150M	255	0	3	0.8681514859199524	ambig_opp_strand	unspliced	1437	12	ENST00000388718.5	FLG2	ENSG00000143520.6	mrna
A00839:75:H7MFFDSXY:3:2323:7527:29590	chr1	152355470	152355594	False	15	125M25S	255	8	3	0.8692232370376587	ambig_opp_strand	unspliced	1437	12	ENST00000388718.5	FLG2	ENSG00000143520.6	mrna
A00839:75:H7MFFDSXY:3:1377:5330:9909	chr1	152350763	152350912	False	407	150M	255	0	5	0.7572895884513855	ambig_opp_strand	unspliced	-1	12	.	.	.	mrna
A00839:75:H7MFFDSXY:3:2656:20699:9471	chr1	152355511	152355660	True	-363	150M	255	0	5	0.756510317325592	ambig_opp_strand	unspliced	-1	12	.	.	.	mrna
A00839:75:H7MFFDSXY:3:2626:5565:19554	chr1	152356360	152356509	False	267	150M	255	0	3	0.8655915260314941	ambig_opp_strand	unspliced	1437	12	ENST00000388718.5	FLG2	ENSG00000143520.6	mrna
A00839:75:H7MFFDSXY:3:1137:18719:24549	chr1	152355967	152356018	False	277	52M	3	0	128	0.0	.	unknown	-1	0	.	.	.	mrna
A00839:75:H7MFFDSXY:3:2519:2374:21793	chr1	152355558	152355707	False	259	150M	255	1	3	0.8697373867034912	ambig_opp_strand	unspliced	1437	12	ENST00000388718.5	FLG2	ENSG00000143520.6	mrna
A00839:75:H7MFFDSXY:3:1555:22670:16266	chr1	152353530	152353573	False	275	44M	1	0	128	0.0	.	unknown	-1	0	.	.	.	mrna
A00839:75:H7MFFDSXY:3:2323:10221:32002	chr1	152357294	152357443	False	357	150M	255	1	5	0.8440704345703125	ambig_opp_strand	unspliced	-1	12	.	.	.	mrna
A00839:75:H7MFFDSXY:3:1409:4490:32158	chr1	152356946	152357095	True	-255	150M	255	0	5	0.12569187581539154	ambig_opp_strand	unspliced	-1	12	.	.	.	mrna
A00839:75:H7MFFDSXY:3:2450:11279:31078	chr1	152353614	152353763	False	475	150M	255	0	5	0.7633552551269531	ambig_opp_strand	unspliced	-1	12	.	.	.	mrna
A00839:75:H7MFFDSXY:3:1543:6361:25410	chr1	152357272	152357421	True	-399	150M	255	0	25	0.055522967129945755	ambig_opp_strand	unspliced	1437	12	RIGEL_NRNA_chr1_1_152335378_152364080		RIGEL_NRNA_chr1_1_152335378_152364080	nrna
A00839:75:H7MFFDSXY:3:2368:2193:31125	chr1	152351784	152351933	False	271	150M	255	0	25	0.09490847587585449	ambig_opp_strand	unspliced	1437	12	RIGEL_NRNA_chr1_2_152348734_152360006		RIGEL_NRNA_chr1_2_152348734_152360006	nrna
A00839:75:H7MFFDSXY:3:1412:23411:15295	chr1	152355404	152355541	False	138	138M	255	0	25	0.09079903364181519	ambig_opp_strand	unspliced	1437	12	RIGEL_NRNA_chr1_2_152348734_152360006		RIGEL_NRNA_chr1_2_152348734_152360006	nrna
A00839:75:H7MFFDSXY:3:2669:18078:25441	chr1	152356412	152356561	True	-375	150M	255	0	5	0.8621544241905212	ambig_opp_strand	unspliced	-1	12	.	.	.	mrna
A00839:75:H7MFFDSXY:3:1121:12599:22654	chr1	152355924	152356046	False	348	123M	255	0	3	0.6638315320014954	ambig_opp_strand	unspliced	1437	12	ENST00000388718.5	FLG2	ENSG00000143520.6	mrna
A00839:75:H7MFFDSXY:3:1205:30092:20290	chr1	152352666	152352815	True	-392	150M	255	0	5	0.9308454990386963	ambig_opp_strand	unspliced	-1	12	.	.	.	mrna
A00839:75:H7MFFDSXY:3:1356:19271:33426	chr1	152351106	152351251	False	331	146M	255	0	3	0.7622836828231812	ambig_opp_strand	unspliced	1437	12	ENST00000388718.5	FLG2	ENSG00000143520.6	mrna
A00839:75:H7MFFDSXY:3:1566:23213:3740	chr1	152355578	152355703	True	-582	126M	255	0	5	0.7600756883621216	ambig_opp_strand	unspliced	-1	12	.	.	.	mrna
A00839:75:H7MFFDSXY:3:2372:6605:34444	chr1	152351827	152351976	False	351	150M	255	0	3	0.6351718306541443	ambig_opp_strand	unspliced	1437	12	ENST00000388718.5	FLG2	ENSG00000143520.6	mrna
A00839:75:H7MFFDSXY:3:1610:4833:19601	chr1	152357663	152357812	True	-344	150M	255	0	5	0.5681787133216858	ambig_opp_strand	unspliced	-1	12	.	.	.	mrna
A00839:75:H7MFFDSXY:3:2605:4824:12540	chr1	152355787	152355936	False	549	150M	255	0	5	0.6249542236328125	ambig_opp_strand	unspliced	-1	12	.	.	.	mrna
A00839:75:H7MFFDSXY:3:1629:18484:29089	chr1	152350709	152350858	True	-391	150M	255	0	5	0.9352996945381165	ambig_opp_strand	unspliced	-1	12	.	.	.	mrna
A00839:75:H7MFFDSXY:3:2455:30798:1470	chr1	152358702	152358851	True	-266	150M	255	0	25	0.06299301236867905	ambig_opp_strand	unspliced	1437	12	RIGEL_NRNA_chr1_1_152189332_152365557		RIGEL_NRNA_chr1_1_152189332_152365557	nrna
A00839:75:H7MFFDSXY:3:1665:6714:2315	chr1	152355521	152355670	True	-390	150M	255	1	5	0.9242246150970459	ambig_opp_strand	unspliced	-1	12	.	.	.	mrna
A00839:75:H7MFFDSXY:3:1120:12798:19241	chr1	152356871	152357020	True	-471	150M	255	0	5	0.9332556128501892	ambig_opp_strand	unspliced	-1	12	.	.	.	mrna
A00839:75:H7MFFDSXY:3:2140:14570:6433	chr1	152352280	152352429	False	202	150M	255	0	3	0.8757489323616028	ambig_opp_strand	unspliced	1437	12	ENST00000388718.5	FLG2	ENSG00000143520.6	mrna
A00839:75:H7MFFDSXY:3:2565:15781:20400	chr1	152357174	152357323	True	-307	150M	255	0	25	0.6614903211593628	ambig_opp_strand	unspliced	1437	12	RIGEL_NRNA_chr1_1_152335378_152364080		RIGEL_NRNA_chr1_1_152335378_152364080	nrna
A00839:75:H7MFFDSXY:3:1546:15817:16423	chr1	152350590	152350739	False	534	150M	255	0	5	0.7097740769386292	ambig_opp_strand	unspliced	-1	12	.	.	.	mrna
A00839:75:H7MFFDSXY:3:1252:9860:4163	chr1	152356353	152356502	True	-362	150M	255	0	5	0.7521462440490723	ambig_opp_strand	unspliced	-1	12	.	.	.	mrna
A00839:75:H7MFFDSXY:3:1569:23439:29590	chr1	152351630	152351779	True	-411	150M	255	0	5	0.9413495063781738	ambig_opp_strand	unspliced	-1	12	.	.	.	mrna
A00839:75:H7MFFDSXY:3:2551:28845:3724	chr1	152353992	152354141	True	-431	150M	255	0	5	0.9284845590591431	ambig_opp_strand	unspliced	-1	12	.	.	.	mrna
A00839:75:H7MFFDSXY:3:1623:6370:16000	chr1	152353790	152353939	True	-361	150M	255	0	5	0.7354804873466492	ambig_opp_strand	unspliced	-1	12	.	.	.	mrna
A00839:75:H7MFFDSXY:3:2670:27190:5995	chr1	152357061	152357210	False	269	150M	255	0	3	0.8645336031913757	ambig_opp_strand	unspliced	1437	12	ENST00000388718.5	FLG2	ENSG00000143520.6	mrna
A00839:75:H7MFFDSXY:3:2150:24731:14982	chr1	152352054	152352201	True	-148	148M	255	0	25	0.7225179076194763	ambig_opp_strand	unspliced	1437	12	RIGEL_NRNA_chr1_1_152335378_152364080		RIGEL_NRNA_chr1_1_152335378_152364080	nrna
A00839:75:H7MFFDSXY:3:1654:30219:3787	chr1	152356702	152356851	True	-421	150M	255	0	5	0.9397541880607605	ambig_opp_strand	unspliced	-1	12	.	.	.	mrna
A00839:75:H7MFFDSXY:3:2135:25690:4742	chr1	152352878	152353027	True	-289	150M	255	0	25	0.7344013452529907	ambig_opp_strand	unspliced	1437	12	RIGEL_NRNA_chr1_1_152335378_152364080		RIGEL_NRNA_chr1_1_152335378_152364080	nrna
A00839:75:H7MFFDSXY:3:2266:15194:20729	chr1	152356920	152357069	True	-321	150M	255	0	5	0.3630385994911194	ambig_opp_strand	unspliced	-1	12	.	.	.	mrna
A00839:75:H7MFFDSXY:3:1314:31557:12680	chr1	152356010	152356327	True	-357	14M264N40M	3	0	128	0.0	.	unknown	-1	0	.	.	.	mrna
A00839:75:H7MFFDSXY:3:1142:4734:16705	chr1	152353832	152353981	False	262	150M	255	0	3	0.8683569431304932	ambig_opp_strand	unspliced	1437	12	ENST00000388718.5	FLG2	ENSG00000143520.6	mrna
A00839:75:H7MFFDSXY:3:2269:17960:5384	chr1	152356948	152357097	False	438	150M	255	0	5	0.7536304593086243	ambig_opp_strand	unspliced	-1	12	.	.	.	mrna
A00839:75:H7MFFDSXY:3:1608:10854:35008	chr1	152356460	152356609	False	413	150M	255	1	5	0.7864087224006653	ambig_opp_strand	unspliced	-1	12	.	.	.	mrna
A00839:75:H7MFFDSXY:3:1478:1615:14716	chr1	152356638	152356787	False	448	150M	255	1	5	0.7579852342605591	ambig_opp_strand	unspliced	-1	12	.	.	.	mrna
A00839:75:H7MFFDSXY:3:1555:32334:34162	chr1	152353288	152353437	False	446	150M	255	0	5	0.7602798938751221	ambig_opp_strand	unspliced	-1	12	.	.	.	mrna
A00839:75:H7MFFDSXY:3:1643:24587:22060	chr1	152351997	152352142	False	146	146M	255	0	3	0.8409923911094666	ambig_opp_strand	unspliced	1437	12	ENST00000388718.5	FLG2	ENSG00000143520.6	mrna
A00839:75:H7MFFDSXY:3:2413:20229:16924	chr1	152354264	152354413	True	-251	150M	255	0	25	0.8085024356842041	ambig_opp_strand	unspliced	1437	12	RIGEL_NRNA_chr1_1_152335378_152364080		RIGEL_NRNA_chr1_1_152335378_152364080	nrna
A00839:75:H7MFFDSXY:3:2305:2013:16595	chr1	152356216	152356365	False	338	150M	255	0	5	0.18972191214561462	ambig_opp_strand	unspliced	-1	12	.	.	.	mrna
A00839:75:H7MFFDSXY:3:1474:23809:12383	chr1	152357426	152357575	True	-340	150M	255	0	25	0.43865883350372314	ambig_opp_strand	unspliced	1437	12	RIGEL_NRNA_chr1_1_152335378_152364080		RIGEL_NRNA_chr1_1_152335378_152364080	nrna
A00839:75:H7MFFDSXY:3:1119:20907:2754	chr1	152352665	152352814	True	-205	150M	255	0	25	0.8211627006530762	ambig_opp_strand	unspliced	1437	12	RIGEL_NRNA_chr1_1_152335378_152364080		RIGEL_NRNA_chr1_1_152335378_152364080	nrna
A00839:75:H7MFFDSXY:3:1154:21676:2112	chr1	152352172	152352321	False	471	150M	255	0	3	0.20968033373355865	ambig_opp_strand	unspliced	1437	12	ENST00000388718.5	FLG2	ENSG00000143520.6	mrna
A00839:75:H7MFFDSXY:3:2576:25843:15092	chr1	152356624	152356773	True	-360	150M	255	0	5	0.7267807722091675	ambig_opp_strand	unspliced	-1	12	.	.	.	mrna
A00839:75:H7MFFDSXY:3:1574:3965:20071	chr1	152354245	152354394	True	-279	150M	255	0	25	0.06065357103943825	ambig_opp_strand	unspliced	1437	12	RIGEL_NRNA_chr1_1_152189332_152365557		RIGEL_NRNA_chr1_1_152189332_152365557	nrna
A00839:75:H7MFFDSXY:3:1369:11397:36292	chr1	152357281	152357429	False	207	149M	255	3	3	0.8761937618255615	ambig_opp_strand	unspliced	1437	12	ENST00000388718.5	FLG2	ENSG00000143520.6	mrna
A00839:75:H7MFFDSXY:3:1443:25418:32362	chr1	152356449	152356598	False	223	150M	255	0	3	0.8770963549613953	ambig_opp_strand	unspliced	1437	12	ENST00000388718.5	FLG2	ENSG00000143520.6	mrna
A00839:75:H7MFFDSXY:3:1409:19976:14418	chr1	152356874	152357023	True	-276	150M	255	0	25	0.7656789422035217	ambig_opp_strand	unspliced	1437	12	RIGEL_NRNA_chr1_1_152335378_152364080		RIGEL_NRNA_chr1_1_152335378_152364080	nrna
A00839:75:H7MFFDSXY:3:1269:3739:16110	chr1	152351742	152351891	False	322	150M	255	0	3	0.7910903096199036	ambig_opp_strand	unspliced	1437	12	ENST00000388718.5	FLG2	ENSG00000143520.6	mrna
A00839:75:H7MFFDSXY:3:1213:17092:19445	chr1	152351860	152351980	False	346	121M	255	0	5	0.2490820735692978	ambig_opp_strand	unspliced	-1	12	.	.	.	mrna
A00839:75:H7MFFDSXY:3:2168:4562:35477	chr1	152352070	152352219	True	-430	150M	255	0	5	0.9365171790122986	ambig_opp_strand	unspliced	-1	12	.	.	.	mrna
A00839:75:H7MFFDSXY:3:1368:26277:7263	chr1	152358645	152358794	False	267	150M	255	0	5	0.29098132252693176	ambig_opp_strand	unspliced	-1	12	.	.	.	mrna
A00839:75:H7MFFDSXY:3:2415:28330:4648	chr1	152357336	152357485	True	-324	150M	255	0	5	0.3811255693435669	ambig_opp_strand	unspliced	-1	12	.	.	.	mrna
A00839:75:H7MFFDSXY:3:1641:29270:35806	chr1	152356342	152356491	True	-322	150M	255	0	5	0.3704427182674408	ambig_opp_strand	unspliced	-1	12	.	.	.	mrna
A00839:75:H7MFFDSXY:3:1374:21685:28776	chr1	152351465	152351567	False	328	103M	255	0	5	0.14154939353466034	ambig_opp_strand	unspliced	-1	12	.	.	.	mrna
A00839:75:H7MFFDSXY:3:1137:12888:18270	chr1	152356882	152357021	True	-140	140M	255	0	5	0.26430201530456543	ambig_opp_strand	unspliced	-1	12	.	.	.	mrna
A00839:75:H7MFFDSXY:3:1641:27850:27117	chr1	152356234	152356383	False	333	150M	255	0	5	0.1648334413766861	ambig_opp_strand	unspliced	-1	12	.	.	.	mrna
A00839:75:H7MFFDSXY:3:2123:22896:9987	chr1	152353130	152353279	False	344	150M	255	4	25	0.07561419904232025	ambig_opp_strand	unspliced	1437	12	RIGEL_NRNA_chr1_2_152348734_152360006		RIGEL_NRNA_chr1_2_152348734_152360006	nrna
A00839:75:H7MFFDSXY:3:1159:24135:4147	chr1	152355671	152355820	True	-170	150M	255	0	5	0.14277426898479462	ambig_opp_strand	unspliced	-1	12	.	.	.	mrna
A00839:75:H7MFFDSXY:3:2438:28917:11960	chr1	152352377	152352526	False	276	150M	255	0	25	0.09453929215669632	ambig_opp_strand	unspliced	1437	12	RIGEL_NRNA_chr1_2_152348734_152360006		RIGEL_NRNA_chr1_2_152348734_152360006	nrna
A00839:75:H7MFFDSXY:3:1405:18647:22983	chr1	152351485	152351634	True	-290	150M	255	0	25	0.7295698523521423	ambig_opp_strand	unspliced	1437	12	RIGEL_NRNA_chr1_1_152335378_152364080		RIGEL_NRNA_chr1_1_152335378_152364080	nrna
A00839:75:H7MFFDSXY:3:2677:19506:16642	chr1	152353974	152354123	True	-269	150M	255	0	25	0.7800508737564087	ambig_opp_strand	unspliced	1437	12	RIGEL_NRNA_chr1_1_152335378_152364080		RIGEL_NRNA_chr1_1_152335378_152364080	nrna
A00839:75:H7MFFDSXY:3:1367:17888:9518	chr1	152354103	152354252	True	-370	150M	255	0	5	0.8261558413505554	ambig_opp_strand	unspliced	-1	12	.	.	.	mrna
A00839:75:H7MFFDSXY:3:2138:25328:17613	chr1	152354164	152354313	True	-283	150M	255	0	25	0.7493870258331299	ambig_opp_strand	unspliced	1437	12	RIGEL_NRNA_chr1_1_152335378_152364080		RIGEL_NRNA_chr1_1_152335378_152364080	nrna
A00839:75:H7MFFDSXY:3:2674:24144:23891	chr1	152350843	152350936	False	319	94M	255	0	3	0.7983585596084595	ambig_opp_strand	unspliced	1437	12	ENST00000388718.5	FLG2	ENSG00000143520.6	mrna
A00839:75:H7MFFDSXY:3:1355:9263:36949	chr1	152351017	152351166	False	260	150M	255	0	3	0.8692231774330139	ambig_opp_strand	unspliced	1437	12	ENST00000388718.5	FLG2	ENSG00000143520.6	mrna
A00839:75:H7MFFDSXY:3:1322:2465:30499	chr1	152351278	152351337	False	285	60M	255	0	3	0.8539189100265503	ambig_opp_strand	unspliced	1437	12	ENST00000388718.5	FLG2	ENSG00000143520.6	mrna
A00839:75:H7MFFDSXY:3:1625:11487:11553	chr1	152356709	152356858	True	-536	150M	255	0	5	0.915810763835907	ambig_opp_strand	unspliced	-1	12	.	.	.	mrna
A00839:75:H7MFFDSXY:3:1436:18213:1908	chr1	152357443	152357592	True	-193	150M	255	0	25	0.8135378360748291	ambig_opp_strand	unspliced	1437	12	RIGEL_NRNA_chr1_1_152335378_152364080		RIGEL_NRNA_chr1_1_152335378_152364080	nrna
A00839:75:H7MFFDSXY:3:2359:14199:32158	chr1	152354064	152354213	True	-389	150M	255	0	5	0.9335959553718567	ambig_opp_strand	unspliced	-1	12	.	.	.	mrna
A00839:75:H7MFFDSXY:3:1245:28357:15248	chr1	152356860	152357009	False	325	150M	255	0	3	0.7824770212173462	ambig_opp_strand	unspliced	1437	12	ENST00000388718.5	FLG2	ENSG00000143520.6	mrna
A00839:75:H7MFFDSXY:3:2539:21187:34554	chr1	152353811	152353960	True	-364	150M	255	0	5	0.7669575810432434	ambig_opp_strand	unspliced	-1	12	.	.	.	mrna
A00839:75:H7MFFDSXY:3:1650:10375:10817	chr1	152355669	152355818	True	-217	150M	255	0	5	0.10300761461257935	ambig_opp_strand	unspliced	-1	12	.	.	.	mrna
A00839:75:H7MFFDSXY:3:1217:28953:26146	chr1	152356360	152356509	False	479	150M	255	0	3	0.22873106598854065	ambig_opp_strand	unspliced	1437	12	ENST00000388718.5	FLG2	ENSG00000143520.6	mrna
A00839:75:H7MFFDSXY:3:1208:5240:10504	chr1	152352443	152352533	True	-322	91M	255	0	5	0.37044259905815125	ambig_opp_strand	unspliced	-1	12	.	.	.	mrna
A00839:75:H7MFFDSXY:3:2107:11623:30890	chr1	152353254	152353403	False	569	150M	255	1	5	0.572965681552887	ambig_opp_strand	unspliced	-1	12	.	.	.	mrna
A00839:75:H7MFFDSXY:3:1307:20528:3067	chr1	152352229	152352378	True	-197	150M	255	0	25	0.8172682523727417	ambig_opp_strand	unspliced	1437	12	RIGEL_NRNA_chr1_1_152335378_152364080		RIGEL_NRNA_chr1_1_152335378_152364080	nrna
A00839:75:H7MFFDSXY:3:1133:1235:34914	chr1	152354791	152354940	True	-327	150M	255	0	25	0.5466032028198242	ambig_opp_strand	unspliced	1437	12	RIGEL_NRNA_chr1_1_152335378_152364080		RIGEL_NRNA_chr1_1_152335378_152364080	nrna
A00839:75:H7MFFDSXY:3:1673:21847:25113	chr1	152355408	152355557	False	906	150M	255	0	25	0.08997087180614471	ambig_opp_strand	unspliced	1437	12	RIGEL_NRNA_chr1_2_152348734_152360006		RIGEL_NRNA_chr1_2_152348734_152360006	nrna
A00839:75:H7MFFDSXY:3:2218:29487:34867	chr1	152354801	152354950	True	-170	150M	255	0	25	0.06289844959974289	ambig_opp_strand	unspliced	1437	12	RIGEL_NRNA_chr1_1_152189332_152365557		RIGEL_NRNA_chr1_1_152189332_152365557	nrna
A00839:75:H7MFFDSXY:3:2571:12418:33238	chr1	152354325	152354474	True	-313	150M	255	0	25	0.6313621401786804	ambig_opp_strand	unspliced	1437	12	RIGEL_NRNA_chr1_1_152335378_152364080		RIGEL_NRNA_chr1_1_152335378_152364080	nrna
A00839:75:H7MFFDSXY:3:2435:10610:32299	chr1	152353613	152353762	False	294	150M	255	0	3	0.8449952006340027	ambig_opp_strand	unspliced	1437	12	ENST00000388718.5	FLG2	ENSG00000143520.6	mrna
A00839:75:H7MFFDSXY:3:2566:15157:8891	chr1	152355853	152356002	True	-418	150M	255	0	5	0.9383252263069153	ambig_opp_strand	unspliced	-1	12	.	.	.	mrna
A00839:75:H7MFFDSXY:3:1136:13277:14403	chr1	152354274	152354345	False	303	72M	255	0	3	0.8325434923171997	ambig_opp_strand	unspliced	1437	12	ENST00000388718.5	FLG2	ENSG00000143520.6	mrna
A00839:75:H7MFFDSXY:3:2655:25084:7513	chr1	152355757	152355846	False	315	90M	255	0	3	0.809950590133667	ambig_opp_strand	unspliced	1437	12	ENST00000388718.5	FLG2	ENSG00000143520.6	mrna
A00839:75:H7MFFDSXY:3:1626:28004:32049	chr1	152351363	152351512	False	238	150M	255	0	3	0.8759592771530151	ambig_opp_strand	unspliced	1437	12	ENST00000388718.5	FLG2	ENSG00000143520.6	mrna
A00839:75:H7MFFDSXY:3:1160:3884:17362	chr1	152353188	152353337	True	-402	150M	255	0	5	0.9336010217666626	ambig_opp_strand	unspliced	-1	12	.	.	.	mrna
A00839:75:H7MFFDSXY:3:1441:19578:20462	chr1	152357185	152357334	True	-411	150M	255	0	5	0.9413495063781738	ambig_opp_strand	unspliced	-1	12	.	.	.	mrna
A00839:75:H7MFFDSXY:3:1146:14507:1157	chr1	152352338	152352487	True	-339	150M	255	0	5	0.5065005421638489	ambig_opp_strand	unspliced	-1	12	.	.	.	mrna
A00839:75:H7MFFDSXY:3:1613:9941:30138	chr1	152352907	152353056	True	-200	150M	255	0	25	0.8190835118293762	ambig_opp_strand	unspliced	1437	12	RIGEL_NRNA_chr1_1_152335378_152364080		RIGEL_NRNA_chr1_1_152335378_152364080	nrna
A00839:75:H7MFFDSXY:3:2560:13078:26177	chr1	152356412	152356561	False	153	150M	255	0	3	0.851900041103363	ambig_opp_strand	unspliced	1437	12	ENST00000388718.5	FLG2	ENSG00000143520.6	mrna
A00839:75:H7MFFDSXY:3:1225:19587:5196	chr1	152352957	152353106	True	-250	150M	255	1	25	0.06480449438095093	ambig_opp_strand	unspliced	1437	12	RIGEL_NRNA_chr1_1_152189332_152365557		RIGEL_NRNA_chr1_1_152189332_152365557	nrna
A00839:75:H7MFFDSXY:3:1536:2248:26804	chr1	152351656	152351769	False	339	114M	255	0	3	0.7253321409225464	ambig_opp_strand	unspliced	1437	12	ENST00000388718.5	FLG2	ENSG00000143520.6	mrna
A00839:75:H7MFFDSXY:3:2125:29197:16078	chr1	152356452	152356601	True	-380	150M	255	0	5	0.8923473954200745	ambig_opp_strand	unspliced	-1	12	.	.	.	mrna
A00839:75:H7MFFDSXY:3:1505:16143:7341	chr1	152351409	152351558	True	-443	150M	255	0	5	0.9468746185302734	ambig_opp_strand	unspliced	-1	12	.	.	.	mrna
A00839:75:H7MFFDSXY:3:1303:28899:3349	chr1	152353168	152353317	True	-386	150M	255	1	5	0.9183356761932373	ambig_opp_strand	unspliced	-1	12	.	.	.	mrna
A00839:75:H7MFFDSXY:3:1243:13304:16767	chr1	152351822	152351971	False	231	150M	255	0	3	0.876232922077179	ambig_opp_strand	unspliced	1437	12	ENST00000388718.5	FLG2	ENSG00000143520.6	mrna
A00839:75:H7MFFDSXY:3:1208:11695:25848	chr1	152353302	152353451	True	-330	150M	255	0	5	0.4251745045185089	ambig_opp_strand	unspliced	-1	12	.	.	.	mrna
A00839:75:H7MFFDSXY:3:2610:9344:2018	chr1	152354341	152354490	False	378	150M	255	0	5	0.639411211013794	ambig_opp_strand	unspliced	-1	12	.	.	.	mrna
A00839:75:H7MFFDSXY:3:1442:4119:6684	chr1	152352278	152352427	False	312	150M	255	0	3	0.8142598867416382	ambig_opp_strand	unspliced	1437	12	ENST00000388718.5	FLG2	ENSG00000143520.6	mrna
A00839:75:H7MFFDSXY:3:1602:20636:30060	chr1	152353905	152354054	False	274	150M	255	0	3	0.8614422678947449	ambig_opp_strand	unspliced	1437	12	ENST00000388718.5	FLG2	ENSG00000143520.6	mrna
A00839:75:H7MFFDSXY:3:2550:16902:30420	chr1	152355262	152355374	False	338	113M	255	0	3	0.7299171686172485	ambig_opp_strand	unspliced	1437	12	ENST00000388718.5	FLG2	ENSG00000143520.6	mrna
A00839:75:H7MFFDSXY:3:1634:3088:32737	chr1	152351073	152351222	False	342	150M	255	0	5	0.21516110002994537	ambig_opp_strand	unspliced	-1	12	.	.	.	mrna
A00839:75:H7MFFDSXY:3:2521:28890:19836	chr1	152350743	152350892	False	357	150M	255	0	3	0.5842913389205933	ambig_opp_strand	unspliced	1437	12	ENST00000388718.5	FLG2	ENSG00000143520.6	mrna
A00839:75:H7MFFDSXY:3:2350:19280:25676	chr1	152354084	152354233	True	-364	150M	255	0	5	0.7669575810432434	ambig_opp_strand	unspliced	-1	12	.	.	.	mrna
A00839:75:H7MFFDSXY:3:1103:3179:21308	chr1	152352338	152352487	True	-406	150M	255	0	5	0.9361509084701538	ambig_opp_strand	unspliced	-1	12	.	.	.	mrna
A00839:75:H7MFFDSXY:3:1152:26042:21543	chr1	152351832	152351942	True	-336	111M	255	0	5	0.47684067487716675	ambig_opp_strand	unspliced	-1	12	.	.	.	mrna
A00839:75:H7MFFDSXY:3:2277:18267:2253	chr1	152353219	152353367	True	-251	149M1S	255	0	25	0.8085024356842041	ambig_opp_strand	unspliced	1437	12	RIGEL_NRNA_chr1_1_152335378_152364080		RIGEL_NRNA_chr1_1_152335378_152364080	nrna
A00839:75:H7MFFDSXY:3:2527:28682:1157	chr1	152355987	152356121	True	-360	135M	255	0	25	0.25107452273368835	ambig_opp_strand	unspliced	1437	12	RIGEL_NRNA_chr1_1_152335378_152364080		RIGEL_NRNA_chr1_1_152335378_152364080	nrna
A00839:75:H7MFFDSXY:3:2253:23746:20854	chr1	152351198	152351347	True	-246	150M	255	0	25	0.8146498203277588	ambig_opp_strand	unspliced	1437	12	RIGEL_NRNA_chr1_1_152335378_152364080		RIGEL_NRNA_chr1_1_152335378_152364080	nrna
A00839:75:H7MFFDSXY:3:2534:8883:20415	chr1	152357035	152357184	True	-231	150M	255	0	25	0.8211895227432251	ambig_opp_strand	unspliced	1437	12	RIGEL_NRNA_chr1_1_152335378_152364080		RIGEL_NRNA_chr1_1_152335378_152364080	nrna
A00839:75:H7MFFDSXY:3:2154:23411:36526	chr1	152354372	152354521	True	-229	150M	255	0	25	0.8217366337776184	ambig_opp_strand	unspliced	1437	12	RIGEL_NRNA_chr1_1_152335378_152364080		RIGEL_NRNA_chr1_1_152335378_152364080	nrna
A00839:75:H7MFFDSXY:3:2458:10926:4413	chr1	152354332	152354481	False	311	150M	255	0	3	0.8171302080154419	ambig_opp_strand	unspliced	1437	12	ENST00000388718.5	FLG2	ENSG00000143520.6	mrna
A00839:75:H7MFFDSXY:3:1501:9353:34319	chr1	152357310	152357459	False	233	150M	255	1	3	0.8760844469070435	ambig_opp_strand	unspliced	1437	12	ENST00000388718.5	FLG2	ENSG00000143520.6	mrna
A00839:75:H7MFFDSXY:3:2135:17155:9533	chr1	152351962	152352111	False	172	150M	255	0	3	0.8674907088279724	ambig_opp_strand	unspliced	1437	12	ENST00000388718.5	FLG2	ENSG00000143520.6	mrna
A00839:75:H7MFFDSXY:3:2420:32398:28260	chr1	152356010	152356159	False	326	150M	255	0	3	0.7785992622375488	ambig_opp_strand	unspliced	1437	12	ENST00000388718.5	FLG2	ENSG00000143520.6	mrna
A00839:75:H7MFFDSXY:3:2558:31367:34961	chr1	152351701	152351850	False	386	150M	255	0	5	0.7260950803756714	ambig_opp_strand	unspliced	-1	12	.	.	.	mrna
A00839:75:H7MFFDSXY:3:1566:9887:35931	chr1	152351556	152351705	True	-209	150M	255	0	25	0.8222047090530396	ambig_opp_strand	unspliced	1437	12	RIGEL_NRNA_chr1_1_152335378_152364080		RIGEL_NRNA_chr1_1_152335378_152364080	nrna
A00839:75:H7MFFDSXY:3:1410:11098:34741	chr1	152357455	152357604	False	308	150M	255	0	5	0.48503533005714417	ambig_opp_strand	unspliced	-1	12	.	.	.	mrna
A00839:75:H7MFFDSXY:3:2147:30599:13933	chr1	152354358	152354507	True	-214	150M	255	1	25	0.8229923248291016	ambig_opp_strand	unspliced	1437	12	RIGEL_NRNA_chr1_1_152335378_152364080		RIGEL_NRNA_chr1_1_152335378_152364080	nrna
A00839:75:H7MFFDSXY:3:2348:22453:11788	chr1	152353712	152353861	True	-236	150M	255	0	25	0.820188045501709	ambig_opp_strand	unspliced	1437	12	RIGEL_NRNA_chr1_1_152335378_152364080		RIGEL_NRNA_chr1_1_152335378_152364080	nrna
A00839:75:H7MFFDSXY:3:2462:27227:1454	chr1	152354015	152354164	False	259	150M	255	0	3	0.8697373867034912	ambig_opp_strand	unspliced	1437	12	ENST00000388718.5	FLG2	ENSG00000143520.6	mrna
A00839:75:H7MFFDSXY:3:1446:28113:9220	chr1	152354665	152354814	False	413	150M	255	0	5	0.7864087224006653	ambig_opp_strand	unspliced	-1	12	.	.	.	mrna
A00839:75:H7MFFDSXY:3:2177:2184:31297	chr1	152353828	152353977	True	-437	150M	255	1	5	0.9359560608863831	ambig_opp_strand	unspliced	-1	12	.	.	.	mrna
A00839:75:H7MFFDSXY:3:2210:11026:27226	chr1	152356346	152356495	True	-439	150M	255	0	5	0.9356361627578735	ambig_opp_strand	unspliced	-1	12	.	.	.	mrna
A00839:75:H7MFFDSXY:3:1277:12924:23249	chr1	152353521	152353670	False	429	150M	255	0	5	0.7595533132553101	ambig_opp_strand	unspliced	-1	12	.	.	.	mrna
A00839:75:H7MFFDSXY:3:1446:25536:5760	chr1	152353595	152353704	True	-341	110M	255	0	5	0.5339718461036682	ambig_opp_strand	unspliced	-1	12	.	.	.	mrna
A00839:75:H7MFFDSXY:3:1414:27968:1767	chr1	152354065	152354214	False	481	150M	255	0	5	0.7640952467918396	ambig_opp_strand	unspliced	-1	12	.	.	.	mrna
A00839:75:H7MFFDSXY:3:1275:32904:19085	chr1	152350637	152350759	False	123	123M	255	0	3	0.7589845061302185	ambig_opp_strand	unspliced	1437	12	ENST00000388718.5	FLG2	ENSG00000143520.6	mrna
A00839:75:H7MFFDSXY:3:1410:16251:9878	chr1	152353863	152354012	False	327	150M	255	0	3	0.7761815786361694	ambig_opp_strand	unspliced	1437	12	ENST00000388718.5	FLG2	ENSG00000143520.6	mrna
A00839:75:H7MFFDSXY:3:2527:29179:13886	chr1	152356190	152356339	True	-250	150M	255	0	25	0.811618447303772	ambig_opp_strand	unspliced	1437	12	RIGEL_NRNA_chr1_1_152335378_152364080		RIGEL_NRNA_chr1_1_152335378_152364080	nrna
A00839:75:H7MFFDSXY:3:1230:8088:8578	chr1	152356163	152356217	True	-280	55M	3	0	128	0.0	.	unknown	-1	0	.	.	.	mrna
A00839:75:H7MFFDSXY:3:1269:20961:33912	chr1	152353841	152353990	True	-232	150M	255	0	25	0.8219346404075623	ambig_opp_strand	unspliced	1437	12	RIGEL_NRNA_chr1_1_152335378_152364080		RIGEL_NRNA_chr1_1_152335378_152364080	nrna
A00839:75:H7MFFDSXY:3:1213:23430:23500	chr1	152354427	152354576	False	191	150M	255	0	3	0.8736082911491394	ambig_opp_strand	unspliced	1437	12	ENST00000388718.5	FLG2	ENSG00000143520.6	mrna
A00839:75:H7MFFDSXY:3:2466:29188:12994	chr1	152353027	152353176	True	-203	150M	255	0	25	0.8197950124740601	ambig_opp_strand	unspliced	1437	12	RIGEL_NRNA_chr1_1_152335378_152364080		RIGEL_NRNA_chr1_1_152335378_152364080	nrna
A00839:75:H7MFFDSXY:3:1567:32000:12602	chr1	152353877	152354026	True	-343	150M	255	0	25	0.40933963656425476	ambig_opp_strand	unspliced	1437	12	RIGEL_NRNA_chr1_1_152335378_152364080		RIGEL_NRNA_chr1_1_152335378_152364080	nrna
A00839:75:H7MFFDSXY:3:2663:9326:15546	chr1	152352484	152352633	False	270	150M	255	1	3	0.8641307353973389	ambig_opp_strand	unspliced	1437	12	ENST00000388718.5	FLG2	ENSG00000143520.6	mrna
A00839:75:H7MFFDSXY:3:2277:1298:32142	chr1	152357021	152357170	False	238	150M	255	0	3	0.8759592771530151	ambig_opp_strand	unspliced	1437	12	ENST00000388718.5	FLG2	ENSG00000143520.6	mrna
A00839:75:H7MFFDSXY:3:1503:17996:2347	chr1	152355774	152355899	False	351	126M	255	0	3	0.6351718306541443	ambig_opp_strand	unspliced	1437	12	ENST00000388718.5	FLG2	ENSG00000143520.6	mrna
A00839:75:H7MFFDSXY:3:1633:29044:5885	chr1	152357184	152357333	True	-297	150M	255	0	5	0.23016248643398285	ambig_opp_strand	unspliced	-1	12	.	.	.	mrna
A00839:75:H7MFFDSXY:3:2137:4851:29559	chr1	152354492	152354641	True	-332	150M	255	0	25	0.5097866654396057	ambig_opp_strand	unspliced	1437	12	RIGEL_NRNA_chr1_1_152335378_152364080		RIGEL_NRNA_chr1_1_152335378_152364080	nrna
A00839:75:H7MFFDSXY:3:1622:19370:8108	chr1	152351560	152351709	False	379	150M	255	0	5	0.6569666266441345	ambig_opp_strand	unspliced	-1	12	.	.	.	mrna
A00839:75:H7MFFDSXY:3:1470:10773:37059	chr1	152357436	152357585	True	-178	150M	255	0	25	0.7998815774917603	ambig_opp_strand	unspliced	1437	12	RIGEL_NRNA_chr1_1_152335378_152364080		RIGEL_NRNA_chr1_1_152335378_152364080	nrna
A00839:75:H7MFFDSXY:3:1624:25120:21073	chr1	152351434	152351583	True	-318	150M	255	0	5	0.3432452380657196	ambig_opp_strand	unspliced	-1	12	.	.	.	mrna
A00839:75:H7MFFDSXY:3:1615:6162:27759	chr1	152355437	152355586	False	30	150M	1	0	128	0.0	.	unknown	-1	0	.	.	.	mrna
A00839:75:H7MFFDSXY:3:1116:17490:36166	chr1	152353684	152353833	False	461	150M	255	0	5	0.7664093971252441	ambig_opp_strand	unspliced	-1	12	.	.	.	mrna
A00839:75:H7MFFDSXY:3:1374:3387:28620	chr1	152352156	152352305	False	218	150M	255	0	3	0.8768659234046936	ambig_opp_strand	unspliced	1437	12	ENST00000388718.5	FLG2	ENSG00000143520.6	mrna
A00839:75:H7MFFDSXY:3:2163:2546:8782	chr1	152354228	152354377	True	-404	150M	255	0	25	0.06023602932691574	ambig_opp_strand	unspliced	1437	12	RIGEL_NRNA_chr1_1_152335378_152364080		RIGEL_NRNA_chr1_1_152335378_152364080	nrna
A00839:75:H7MFFDSXY:3:2148:7735:19366	chr1	152353096	152353245	True	-273	150M	255	0	25	0.7733746767044067	ambig_opp_strand	unspliced	1437	12	RIGEL_NRNA_chr1_1_152335378_152364080		RIGEL_NRNA_chr1_1_152335378_152364080	nrna
A00839:75:H7MFFDSXY:3:2102:3097:34632	chr1	152352052	152352201	True	-216	150M	255	0	25	0.06577912718057632	ambig_opp_strand	unspliced	1437	12	RIGEL_NRNA_chr1_1_152189332_152365557		RIGEL_NRNA_chr1_1_152189332_152365557	nrna
A00839:75:H7MFFDSXY:3:1151:7274:11240	chr1	152353669	152353818	False	199	150M	255	0	3	0.8754372596740723	ambig_opp_strand	unspliced	1437	12	ENST00000388718.5	FLG2	ENSG00000143520.6	mrna
A00839:75:H7MFFDSXY:3:1305:9805:32816	chr1	152352277	152352426	True	-328	150M	255	0	25	0.540727436542511	ambig_opp_strand	unspliced	1437	12	RIGEL_NRNA_chr1_1_152335378_152364080		RIGEL_NRNA_chr1_1_152335378_152364080	nrna
A00839:75:H7MFFDSXY:3:2611:31693:30796	chr1	152351826	152351949	True	-349	124M	255	0	25	0.34636756777763367	ambig_opp_strand	unspliced	1437	12	RIGEL_NRNA_chr1_1_152335378_152364080		RIGEL_NRNA_chr1_1_152335378_152364080	nrna
A00839:75:H7MFFDSXY:3:1460:11831:9737	chr1	152357037	152357186	False	278	150M	255	0	3	0.8588874340057373	ambig_opp_strand	unspliced	1437	12	ENST00000388718.5	FLG2	ENSG00000143520.6	mrna
A00839:75:H7MFFDSXY:3:1160:10004:25050	chr1	152354219	152354368	True	-185	150M	255	0	5	0.12057266384363174	ambig_opp_strand	unspliced	-1	12	.	.	.	mrna
A00839:75:H7MFFDSXY:3:1542:4526:26835	chr1	152351828	152351977	False	203	150M	255	0	3	0.8758506178855896	ambig_opp_strand	unspliced	1437	12	ENST00000388718.5	FLG2	ENSG00000143520.6	mrna
A00839:75:H7MFFDSXY:3:1509:9010:33974	chr1	152355607	152355717	True	-342	111M	255	1	5	0.5376670956611633	ambig_opp_strand	unspliced	-1	12	.	.	.	mrna
A00839:75:H7MFFDSXY:3:2154:18692:20619	chr1	152355203	152355244	True	-273	42M	3	0	128	0.0	.	unknown	-1	0	.	.	.	mrna
A00839:75:H7MFFDSXY:3:1150:6117:15906	chr1	152355750	152355899	False	238	150M	255	0	3	0.8759592175483704	ambig_opp_strand	unspliced	1437	12	ENST00000388718.5	FLG2	ENSG00000143520.6	mrna
A00839:75:H7MFFDSXY:3:2570:26892:24987	chr1	152354182	152354331	True	-202	150M	255	0	25	0.8194245100021362	ambig_opp_strand	unspliced	1437	12	RIGEL_NRNA_chr1_1_152335378_152364080		RIGEL_NRNA_chr1_1_152335378_152364080	nrna
A00839:75:H7MFFDSXY:3:2349:12102:7952	chr1	152351352	152351501	False	332	150M	255	0	3	0.757500410079956	ambig_opp_strand	unspliced	1437	12	ENST00000388718.5	FLG2	ENSG00000143520.6	mrna
A00839:75:H7MFFDSXY:3:2222:21142:33786	chr1	152354490	152354561	True	-303	72M	255	0	5	0.2581072747707367	ambig_opp_strand	unspliced	-1	12	.	.	.	mrna
A00839:75:H7MFFDSXY:3:1230:25988:29966	chr1	152351335	152351484	False	508	150M	255	0	5	0.7474384307861328	ambig_opp_strand	unspliced	-1	12	.	.	.	mrna
A00839:75:H7MFFDSXY:3:2461:4173:25598	chr1	152356497	152356646	True	-294	150M	255	0	25	0.717779278755188	ambig_opp_strand	unspliced	1437	12	RIGEL_NRNA_chr1_1_152335378_152364080		RIGEL_NRNA_chr1_1_152335378_152364080	nrna
A00839:75:H7MFFDSXY:3:2667:32615:6277	chr1	152350583	152350732	True	-305	150M	255	0	25	0.672765851020813	ambig_opp_strand	unspliced	1437	12	RIGEL_NRNA_chr1_1_152335378_152364080		RIGEL_NRNA_chr1_1_152335378_152364080	nrna
A00839:75:H7MFFDSXY:3:2629:8115:11005	chr1	152353839	152353988	True	-182	150M	255	0	5	0.12514573335647583	ambig_opp_strand	unspliced	-1	12	.	.	.	mrna
A00839:75:H7MFFDSXY:3:1462:17951:9408	chr1	152351004	152351153	False	313	150M	255	0	3	0.8134738802909851	ambig_opp_strand	unspliced	1437	12	ENST00000388718.5	FLG2	ENSG00000143520.6	mrna
A00839:75:H7MFFDSXY:3:2174:10502:14325	chr1	152355449	152356054	True	-653	41M456N109M	255	0	25	0.9189492464065552	ambig_opp_strand	spliced_unannot	1437	11	RIGEL_NRNA_chr1_1_152335378_152364080		RIGEL_NRNA_chr1_1_152335378_152364080	nrna
A00839:75:H7MFFDSXY:3:1351:6388:33724	chr1	152355108	152355257	False	312	150M	255	0	3	0.8142598867416382	ambig_opp_strand	unspliced	1437	12	ENST00000388718.5	FLG2	ENSG00000143520.6	mrna
A00839:75:H7MFFDSXY:3:1223:2067:8422	chr1	152352134	152352283	False	379	150M	255	0	5	0.6569666266441345	ambig_opp_strand	unspliced	-1	12	.	.	.	mrna
A00839:75:H7MFFDSXY:3:2408:19804:21104	chr1	152356686	152356835	True	-480	150M	255	0	5	0.9456834197044373	ambig_opp_strand	unspliced	-1	12	.	.	.	mrna
A00839:75:H7MFFDSXY:3:1272:17282:11569	chr1	152355431	152355763	True	-333	59M231N43M	3	0	128	0.0	.	unknown	-1	0	.	.	.	mrna
A00839:75:H7MFFDSXY:3:1177:22869:15389	chr1	152351834	152351983	True	-335	150M	255	0	25	0.4823647737503052	ambig_opp_strand	unspliced	1437	12	RIGEL_NRNA_chr1_1_152335378_152364080		RIGEL_NRNA_chr1_1_152335378_152364080	nrna
A00839:75:H7MFFDSXY:3:2417:19768:24361	chr1	152356905	152357054	True	-209	150M	255	0	25	0.8222047090530396	ambig_opp_strand	unspliced	1437	12	RIGEL_NRNA_chr1_1_152335378_152364080		RIGEL_NRNA_chr1_1_152335378_152364080	nrna
A00839:75:H7MFFDSXY:3:1622:12617:34554	chr1	152352033	152352182	False	342	150M	255	0	3	0.7070009708404541	ambig_opp_strand	unspliced	1437	12	ENST00000388718.5	FLG2	ENSG00000143520.6	mrna
A00839:75:H7MFFDSXY:3:1263:25346:13698	chr1	152351612	152351706	True	-320	95M	255	0	5	0.35672327876091003	ambig_opp_strand	unspliced	-1	12	.	.	.	mrna
A00839:75:H7MFFDSXY:3:1368:20844:26256	chr1	152353813	152353962	False	302	150M	255	0	3	0.8335878252983093	ambig_opp_strand	unspliced	1437	12	ENST00000388718.5	FLG2	ENSG00000143520.6	mrna
A00839:75:H7MFFDSXY:3:2341:32099:23202	chr1	152352970	152353119	False	315	150M	255	0	3	0.809950590133667	ambig_opp_strand	unspliced	1437	12	ENST00000388718.5	FLG2	ENSG00000143520.6	mrna
A00839:75:H7MFFDSXY:3:1469:22733:20541	chr1	152356630	152356779	False	261	150M	255	0	3	0.8690878748893738	ambig_opp_strand	unspliced	1437	12	ENST00000388718.5	FLG2	ENSG00000143520.6	mrna
A00839:75:H7MFFDSXY:3:2645:27489:7952	chr1	152350489	152350638	True	-199	150M	255	0	25	0.06533727049827576	ambig_opp_strand	unspliced	1437	12	RIGEL_NRNA_chr1_1_152189332_152365557		RIGEL_NRNA_chr1_1_152189332_152365557	nrna
A00839:75:H7MFFDSXY:3:2137:31629:30091	chr1	152351729	152351878	False	254	150M	255	0	3	0.8718764185905457	ambig_opp_strand	unspliced	1437	12	ENST00000388718.5	FLG2	ENSG00000143520.6	mrna
A00839:75:H7MFFDSXY:3:1210:28185:1047	chr1	152352160	152352309	True	-352	150M	255	1	5	0.6496974229812622	ambig_opp_strand	unspliced	-1	12	.	.	.	mrna
A00839:75:H7MFFDSXY:3:2232:31602:5682	chr1	152354465	152354614	True	-289	150M	255	0	25	0.7344013452529907	ambig_opp_strand	unspliced	1437	12	RIGEL_NRNA_chr1_1_152335378_152364080		RIGEL_NRNA_chr1_1_152335378_152364080	nrna
A00839:75:H7MFFDSXY:3:1665:14244:20306	chr1	152352002	152352151	False	259	150M	255	0	25	0.09558413922786713	ambig_opp_strand	unspliced	1437	12	RIGEL_NRNA_chr1_2_152348734_152360006		RIGEL_NRNA_chr1_2_152348734_152360006	nrna
A00839:75:H7MFFDSXY:3:1451:6894:22326	chr1	152354362	152354511	False	382	150M	255	0	5	0.7015134692192078	ambig_opp_strand	unspliced	-1	12	.	.	.	mrna
A00839:75:H7MFFDSXY:3:2335:7365:27993	chr1	152357352	152357501	False	256	150M	255	2	3	0.8710975646972656	ambig_opp_strand	unspliced	1437	12	ENST00000388718.5	FLG2	ENSG00000143520.6	mrna
A00839:75:H7MFFDSXY:3:1332:18484:31970	chr1	152353255	152353404	False	240	150M	255	0	3	0.8755958676338196	ambig_opp_strand	unspliced	1437	12	ENST00000388718.5	FLG2	ENSG00000143520.6	mrna
A00839:75:H7MFFDSXY:3:1329:25292:29011	chr1	152354442	152354591	False	344	150M	255	0	3	0.6880273222923279	ambig_opp_strand	unspliced	1437	12	ENST00000388718.5	FLG2	ENSG00000143520.6	mrna
A00839:75:H7MFFDSXY:3:1313:2365:23688	chr1	152353694	152353843	True	-257	150M	255	0	25	0.8012586236000061	ambig_opp_strand	unspliced	1437	12	RIGEL_NRNA_chr1_1_152335378_152364080		RIGEL_NRNA_chr1_1_152335378_152364080	nrna
A00839:75:H7MFFDSXY:3:1611:12997:24377	chr1	152355204	152355353	True	-248	150M	255	0	25	0.06490032374858856	ambig_opp_strand	unspliced	1437	12	RIGEL_NRNA_chr1_1_152189332_152365557		RIGEL_NRNA_chr1_1_152189332_152365557	nrna
A00839:75:H7MFFDSXY:3:2139:9751:33755	chr1	152353319	152353468	True	-362	150M	255	0	5	0.7521461248397827	ambig_opp_strand	unspliced	-1	12	.	.	.	mrna
A00839:75:H7MFFDSXY:3:1569:5547:25598	chr1	152353536	152353685	False	164	150M	255	0	3	0.8628630638122559	ambig_opp_strand	unspliced	1437	12	ENST00000388718.5	FLG2	ENSG00000143520.6	mrna
A00839:75:H7MFFDSXY:3:2216:11966:20619	chr1	152355391	152355528	True	-363	138M	255	0	25	0.2237546741962433	ambig_opp_strand	unspliced	1437	12	RIGEL_NRNA_chr1_1_152335378_152364080		RIGEL_NRNA_chr1_1_152335378_152364080	nrna
A00839:75:H7MFFDSXY:3:2622:11749:7404	chr1	152350778	152350927	False	439	150M	255	0	5	0.774103581905365	ambig_opp_strand	unspliced	-1	12	.	.	.	mrna
A00839:75:H7MFFDSXY:3:2633:7636:36417	chr1	152350653	152350802	False	250	150M	255	0	3	0.8735895156860352	ambig_opp_strand	unspliced	1437	12	ENST00000388718.5	FLG2	ENSG00000143520.6	mrna
A00839:75:H7MFFDSXY:3:2552:8892:17957	chr1	152353376	152353495	False	351	120M	255	0	3	0.6351718306541443	ambig_opp_strand	unspliced	1437	12	ENST00000388718.5	FLG2	ENSG00000143520.6	mrna
A00839:75:H7MFFDSXY:3:1664:12500:24330	chr1	152351046	152351195	True	-303	150M	255	0	25	0.6817617416381836	ambig_opp_strand	unspliced	1437	12	RIGEL_NRNA_chr1_1_152335378_152364080		RIGEL_NRNA_chr1_1_152335378_152364080	nrna
A00839:75:H7MFFDSXY:3:1547:22462:1251	chr1	152354292	152354441	True	-342	150M	255	0	25	0.4248604476451874	ambig_opp_strand	unspliced	1437	12	RIGEL_NRNA_chr1_1_152335378_152364080		RIGEL_NRNA_chr1_1_152335378_152364080	nrna
A00839:75:H7MFFDSXY:3:1625:29107:25003	chr1	152352170	152352319	False	202	150M	255	0	3	0.8757489323616028	ambig_opp_strand	unspliced	1437	12	ENST00000388718.5	FLG2	ENSG00000143520.6	mrna
A00839:75:H7MFFDSXY:3:1255:31901:29559	chr1	152351654	152351736	True	-308	83M	255	0	5	0.2838018834590912	ambig_opp_strand	unspliced	-1	12	.	.	.	mrna
A00839:75:H7MFFDSXY:3:1516:20726:28432	chr1	152353691	152353817	False	127	127M	255	0	3	0.778443455696106	ambig_opp_strand	unspliced	1437	12	ENST00000388718.5	FLG2	ENSG00000143520.6	mrna
A00839:75:H7MFFDSXY:3:1424:25726:18208	chr1	152353924	152354073	True	-470	150M	255	0	5	0.9320492148399353	ambig_opp_strand	unspliced	-1	12	.	.	.	mrna
A00839:75:H7MFFDSXY:3:1355:9950:9298	chr1	152355458	152355607	True	-277	150M	255	0	25	0.7628653645515442	ambig_opp_strand	unspliced	1437	12	RIGEL_NRNA_chr1_1_152335378_152364080		RIGEL_NRNA_chr1_1_152335378_152364080	nrna
A00839:75:H7MFFDSXY:3:1157:3730:8390	chr1	152353600	152353749	False	186	150M	255	0	3	0.8724671602249146	ambig_opp_strand	unspliced	1437	12	ENST00000388718.5	FLG2	ENSG00000143520.6	mrna
A00839:75:H7MFFDSXY:3:1125:3685:6715	chr1	152351982	152352131	False	367	150M	255	0	3	0.4677174985408783	ambig_opp_strand	unspliced	1437	12	ENST00000388718.5	FLG2	ENSG00000143520.6	mrna
A00839:75:H7MFFDSXY:3:1273:7699:32581	chr1	152353626	152353775	True	-213	150M	255	0	25	0.8227584362030029	ambig_opp_strand	unspliced	1437	12	RIGEL_NRNA_chr1_1_152335378_152364080		RIGEL_NRNA_chr1_1_152335378_152364080	nrna
A00839:75:H7MFFDSXY:3:1545:14651:28651	chr1	152356909	152357058	True	-376	150M	255	0	5	0.8684737086296082	ambig_opp_strand	unspliced	-1	12	.	.	.	mrna
A00839:75:H7MFFDSXY:3:2556:28890:35994	chr1	152356438	152356587	False	350	150M	255	0	5	0.285723477602005	ambig_opp_strand	unspliced	-1	12	.	.	.	mrna
A00839:75:H7MFFDSXY:3:1333:11406:32518	chr1	152355415	152355472	True	-283	58M	3	0	128	0.0	.	unknown	-1	0	.	.	.	mrna
A00839:75:H7MFFDSXY:3:1250:7735:10692	chr1	152356747	152356896	False	203	150M	255	0	3	0.8758506178855896	ambig_opp_strand	unspliced	1437	12	ENST00000388718.5	FLG2	ENSG00000143520.6	mrna
A00839:75:H7MFFDSXY:3:2450:22209:30718	chr1	152353514	152353663	True	-161	150M	255	0	25	0.766918420791626	ambig_opp_strand	unspliced	1437	12	RIGEL_NRNA_chr1_1_152335378_152364080		RIGEL_NRNA_chr1_1_152335378_152364080	nrna
A00839:75:H7MFFDSXY:3:1146:23719:6433	chr1	152356804	152356953	False	351	150M	255	0	5	0.29489830136299133	ambig_opp_strand	unspliced	-1	12	.	.	.	mrna
A00839:75:H7MFFDSXY:3:1474:24108:9330	chr1	152351400	152351459	True	-285	60M	255	0	25	0.7452908754348755	ambig_opp_strand	unspliced	1437	12	RIGEL_NRNA_chr1_1_152335378_152364080		RIGEL_NRNA_chr1_1_152335378_152364080	nrna
A00839:75:H7MFFDSXY:3:1620:9100:1658	chr1	152351104	152351253	False	204	150M	255	0	3	0.8762832880020142	ambig_opp_strand	unspliced	1437	12	ENST00000388718.5	FLG2	ENSG00000143520.6	mrna
A00839:75:H7MFFDSXY:3:1525:25780:17613	chr1	152353689	152353838	False	358	150M	255	0	3	0.5685729384422302	ambig_opp_strand	unspliced	1437	12	ENST00000388718.5	FLG2	ENSG00000143520.6	mrna
A00839:75:H7MFFDSXY:3:2168:29966:9580	chr1	152351244	152351363	True	-345	120M	255	0	5	0.5750561952590942	ambig_opp_strand	unspliced	-1	12	.	.	.	mrna
A00839:75:H7MFFDSXY:3:1514:27380:31344	chr1	152353622	152353771	True	-332	150M	255	0	5	0.44525042176246643	ambig_opp_strand	unspliced	-1	12	.	.	.	mrna
A00839:75:H7MFFDSXY:3:1138:24605:17832	chr1	152352001	152352150	False	361	150M	255	0	3	0.5441567897796631	ambig_opp_strand	unspliced	1437	12	ENST00000388718.5	FLG2	ENSG00000143520.6	mrna
A00839:75:H7MFFDSXY:3:1234:10267:35023	chr1	152352793	152352942	True	-270	150M	255	0	25	0.7786889672279358	ambig_opp_strand	unspliced	1437	12	RIGEL_NRNA_chr1_1_152335378_152364080		RIGEL_NRNA_chr1_1_152335378_152364080	nrna
A00839:75:H7MFFDSXY:3:2438:16667:36401	chr1	152355952	152356032	False	423	81M	255	0	5	0.7746952176094055	ambig_opp_strand	unspliced	-1	12	.	.	.	mrna
A00839:75:H7MFFDSXY:3:1470:3441:16094	chr1	152356314	152356463	False	318	150M	255	0	3	0.8020117878913879	ambig_opp_strand	unspliced	1437	12	ENST00000388718.5	FLG2	ENSG00000143520.6	mrna
A00839:75:H7MFFDSXY:3:1543:25798:1642	chr1	152351050	152351199	False	292	150M	255	0	3	0.8475086688995361	ambig_opp_strand	unspliced	1437	12	ENST00000388718.5	FLG2	ENSG00000143520.6	mrna
A00839:75:H7MFFDSXY:3:2152:28628:32941	chr1	152355551	152355700	False	381	150M	255	1	3	0.29867640137672424	ambig_opp_strand	unspliced	1437	12	ENST00000388718.5	FLG2	ENSG00000143520.6	mrna
A00839:75:H7MFFDSXY:3:1428:3821:20415	chr1	152354157	152354306	True	-341	150M	255	0	25	0.42825618386268616	ambig_opp_strand	unspliced	1437	12	RIGEL_NRNA_chr1_1_152335378_152364080		RIGEL_NRNA_chr1_1_152335378_152364080	nrna
A00839:75:H7MFFDSXY:3:1529:28185:30483	chr1	152353653	152353802	False	446	150M	255	0	5	0.7602798938751221	ambig_opp_strand	unspliced	-1	12	.	.	.	mrna
A00839:75:H7MFFDSXY:3:1333:24325:27649	chr1	152352661	152352810	True	-357	150M	255	0	5	0.6967923641204834	ambig_opp_strand	unspliced	-1	12	.	.	.	mrna
A00839:75:H7MFFDSXY:3:1620:14778:18818	chr1	152351112	152351261	False	184	150M	255	0	3	0.8725244998931885	ambig_opp_strand	unspliced	1437	12	ENST00000388718.5	FLG2	ENSG00000143520.6	mrna
A00839:75:H7MFFDSXY:3:1473:8892:17895	chr1	152353906	152354055	True	-504	150M	255	0	5	0.9061470031738281	ambig_opp_strand	unspliced	-1	12	.	.	.	mrna
A00839:75:H7MFFDSXY:3:2152:13340:1423	chr1	152356338	152356487	True	-223	150M	255	0	5	0.10294049233198166	ambig_opp_strand	unspliced	-1	12	.	.	.	mrna
A00839:75:H7MFFDSXY:3:2654:30445:22654	chr1	152356308	152356457	True	-185	150M	255	0	25	0.8081490397453308	ambig_opp_strand	unspliced	1437	12	RIGEL_NRNA_chr1_1_152335378_152364080		RIGEL_NRNA_chr1_1_152335378_152364080	nrna
A00839:75:H7MFFDSXY:3:2532:14615:15311	chr1	152356210	152356359	False	324	150M	255	0	3	0.7866252064704895	ambig_opp_strand	unspliced	1437	12	ENST00000388718.5	FLG2	ENSG00000143520.6	mrna
A00839:75:H7MFFDSXY:3:1327:12138:33066	chr1	152352205	152352354	False	172	150M	255	5	3	0.8674907088279724	ambig_opp_strand	unspliced	1437	12	ENST00000388718.5	FLG2	ENSG00000143520.6	mrna
A00839:75:H7MFFDSXY:3:1438:14615:33505	chr1	152356767	152356916	False	178	150M	255	0	3	0.8702841401100159	ambig_opp_strand	unspliced	1437	12	ENST00000388718.5	FLG2	ENSG00000143520.6	mrna
A00839:75:H7MFFDSXY:3:2620:11550:15671	chr1	152352682	152352781	True	-325	100M	255	0	5	0.3908344507217407	ambig_opp_strand	unspliced	-1	12	.	.	.	mrna
A00839:75:H7MFFDSXY:3:2223:17381:22388	chr1	152354812	152354961	True	-311	150M	255	1	25	0.6406136155128479	ambig_opp_strand	unspliced	1437	12	RIGEL_NRNA_chr1_1_152335378_152364080		RIGEL_NRNA_chr1_1_152335378_152364080	nrna
A00839:75:H7MFFDSXY:3:1447:14859:30326	chr1	152356210	152356359	True	-231	150M	255	0	25	0.8211895227432251	ambig_opp_strand	unspliced	1437	12	RIGEL_NRNA_chr1_1_152335378_152364080		RIGEL_NRNA_chr1_1_152335378_152364080	nrna
A00839:75:H7MFFDSXY:3:1429:20066:22999	chr1	152351632	152351781	True	-245	150M	255	0	25	0.8153706789016724	ambig_opp_strand	unspliced	1437	12	RIGEL_NRNA_chr1_1_152335378_152364080		RIGEL_NRNA_chr1_1_152335378_152364080	nrna
A00839:75:H7MFFDSXY:3:1418:21251:11052	chr1	152356546	152356695	True	-320	150M	255	0	5	0.35672327876091003	ambig_opp_strand	unspliced	-1	12	.	.	.	mrna
A00839:75:H7MFFDSXY:3:2163:25310:33896	chr1	152353637	152353786	True	-169	150M	255	0	5	0.1457337588071823	ambig_opp_strand	unspliced	-1	12	.	.	.	mrna
A00839:75:H7MFFDSXY:3:1367:23574:24439	chr1	152351868	152352017	False	447	150M	255	0	5	0.7686300277709961	ambig_opp_strand	unspliced	-1	12	.	.	.	mrna
A00839:75:H7MFFDSXY:3:2313:1922:24048	chr1	152354227	152354376	True	-196	150M	255	0	25	0.8172032237052917	ambig_opp_strand	unspliced	1437	12	RIGEL_NRNA_chr1_1_152335378_152364080		RIGEL_NRNA_chr1_1_152335378_152364080	nrna
A00839:75:H7MFFDSXY:3:1156:4020:3223	chr1	152356200	152356349	False	221	150M	255	0	3	0.8767815828323364	ambig_opp_strand	unspliced	1437	12	ENST00000388718.5	FLG2	ENSG00000143520.6	mrna
A00839:75:H7MFFDSXY:3:2425:1551:6527	chr1	152356252	152356401	True	-180	150M	255	0	25	0.8034072518348694	ambig_opp_strand	unspliced	1437	12	RIGEL_NRNA_chr1_1_152335378_152364080		RIGEL_NRNA_chr1_1_152335378_152364080	nrna
A00839:75:H7MFFDSXY:3:1559:29957:2143	chr1	152357065	152357214	True	-386	150M	255	0	5	0.9183356761932373	ambig_opp_strand	unspliced	-1	12	.	.	.	mrna
A00839:75:H7MFFDSXY:3:2501:22535:11710	chr1	152352195	152352344	False	266	150M	255	0	3	0.8665706515312195	ambig_opp_strand	unspliced	1437	12	ENST00000388718.5	FLG2	ENSG00000143520.6	mrna
A00839:75:H7MFFDSXY:3:2636:1099:3082	chr1	152351993	152352142	False	293	150M	255	0	3	0.84641432762146	ambig_opp_strand	unspliced	1437	12	ENST00000388718.5	FLG2	ENSG00000143520.6	mrna
A00839:75:H7MFFDSXY:3:2312:25572:10895	chr1	152350875	152351024	False	396	150M	255	0	5	0.7712962627410889	ambig_opp_strand	unspliced	-1	12	.	.	.	mrna
A00839:75:H7MFFDSXY:3:2455:22372:9142	chr1	152354271	152354420	True	-412	150M	255	0	25	0.062042221426963806	ambig_opp_strand	unspliced	1437	12	RIGEL_NRNA_chr1_1_152335378_152364080		RIGEL_NRNA_chr1_1_152335378_152364080	nrna
A00839:75:H7MFFDSXY:3:1105:2609:15374	chr1	152351122	152351271	True	-334	150M	255	0	25	0.496102899312973	ambig_opp_strand	unspliced	1437	12	RIGEL_NRNA_chr1_1_152335378_152364080		RIGEL_NRNA_chr1_1_152335378_152364080	nrna
A00839:75:H7MFFDSXY:3:2645:3070:33238	chr1	152352294	152352443	True	-376	150M	255	0	5	0.8684737086296082	ambig_opp_strand	unspliced	-1	12	.	.	.	mrna
A00839:75:H7MFFDSXY:3:1322:8305:15405	chr1	152355991	152356127	True	-362	137M	255	0	5	0.7521462440490723	ambig_opp_strand	unspliced	-1	12	.	.	.	mrna
A00839:75:H7MFFDSXY:3:1547:11460:8938	chr1	152355359	152355508	False	191	150M	255	0	3	0.8736082911491394	ambig_opp_strand	unspliced	1437	12	ENST00000388718.5	FLG2	ENSG00000143520.6	mrna
A00839:75:H7MFFDSXY:3:2173:1868:5165	chr1	152353816	152353965	True	-330	150M	255	0	5	0.4251745045185089	ambig_opp_strand	unspliced	-1	12	.	.	.	mrna
A00839:75:H7MFFDSXY:3:1250:26286:26506	chr1	152352017	152352166	False	381	150M	255	0	3	0.2986765205860138	ambig_opp_strand	unspliced	1437	12	ENST00000388718.5	FLG2	ENSG00000143520.6	mrna
A00839:75:H7MFFDSXY:3:1578:13883:9220	chr1	152353494	152353643	False	367	150M	255	0	5	0.4807887077331543	ambig_opp_strand	unspliced	-1	12	.	.	.	mrna
A00839:75:H7MFFDSXY:3:2360:22236:26569	chr1	152356319	152356468	False	202	150M	255	0	25	0.09624480456113815	ambig_opp_strand	unspliced	1437	12	RIGEL_NRNA_chr1_2_152348734_152360006		RIGEL_NRNA_chr1_2_152348734_152360006	nrna
A00839:75:H7MFFDSXY:3:1277:24768:15640	chr1	152354142	152354214	False	343	73M	255	0	5	0.22689174115657806	ambig_opp_strand	unspliced	-1	12	.	.	.	mrna
A00839:75:H7MFFDSXY:3:2157:16929:18693	chr1	152354332	152354481	False	174	150M	255	0	3	0.869076669216156	ambig_opp_strand	unspliced	1437	12	ENST00000388718.5	FLG2	ENSG00000143520.6	mrna
A00839:75:H7MFFDSXY:3:1570:6605:9706	chr1	152356696	152356845	True	-231	150M	255	0	25	0.8211895227432251	ambig_opp_strand	unspliced	1437	12	RIGEL_NRNA_chr1_1_152335378_152364080		RIGEL_NRNA_chr1_1_152335378_152364080	nrna
A00839:75:H7MFFDSXY:3:2107:3143:28134	chr1	152355240	152355389	True	-290	150M	255	0	25	0.7295698523521423	ambig_opp_strand	unspliced	1437	12	RIGEL_NRNA_chr1_1_152335378_152364080		RIGEL_NRNA_chr1_1_152335378_152364080	nrna
A00839:75:H7MFFDSXY:3:1227:32597:16517	chr1	152356129	152356278	False	469	150M	255	0	3	0.21786513924598694	ambig_opp_strand	unspliced	1437	12	ENST00000388718.5	FLG2	ENSG00000143520.6	mrna
A00839:75:H7MFFDSXY:3:1348:9679:2628	chr1	152354952	152355021	True	-301	70M	255	0	25	0.6893414258956909	ambig_opp_strand	unspliced	1437	12	RIGEL_NRNA_chr1_1_152335378_152364080		RIGEL_NRNA_chr1_1_152335378_152364080	nrna
A00839:75:H7MFFDSXY:3:2335:4878:30890	chr1	152353698	152353847	False	253	150M	255	0	3	0.8722679615020752	ambig_opp_strand	unspliced	1437	12	ENST00000388718.5	FLG2	ENSG00000143520.6	mrna
A00839:75:H7MFFDSXY:3:1649:18973:34695	chr1	152351895	152352044	True	-314	150M	255	0	5	0.3208288252353668	ambig_opp_strand	unspliced	-1	12	.	.	.	mrna
A00839:75:H7MFFDSXY:3:1477:31033:8328	chr1	152356774	152356923	True	-512	150M	255	0	5	0.9492325186729431	ambig_opp_strand	unspliced	-1	12	.	.	.	mrna
A00839:75:H7MFFDSXY:3:2575:13123:33833	chr1	152354572	152354721	False	267	150M	255	0	3	0.8655915260314941	ambig_opp_strand	unspliced	1437	12	ENST00000388718.5	FLG2	ENSG00000143520.6	mrna
A00839:75:H7MFFDSXY:3:2404:1877:12978	chr1	152353106	152353255	True	-338	150M	255	0	5	0.49830693006515503	ambig_opp_strand	unspliced	-1	12	.	.	.	mrna
A00839:75:H7MFFDSXY:3:2304:19135:31156	chr1	152351286	152351435	True	-342	150M	255	3	64	0.0	.	unspliced	-1	0	.	.	.	mrna
A00839:75:H7MFFDSXY:3:1525:7563:15875	chr1	152356237	152356386	True	-167	150M	255	1	5	0.14986267685890198	ambig_opp_strand	unspliced	-1	12	.	.	.	mrna
A00839:75:H7MFFDSXY:3:2510:3622:5509	chr1	152356703	152356852	True	-292	150M	255	0	25	0.7253784537315369	ambig_opp_strand	unspliced	1437	12	RIGEL_NRNA_chr1_1_152335378_152364080		RIGEL_NRNA_chr1_1_152335378_152364080	nrna
A00839:75:H7MFFDSXY:3:2102:31412:10144	chr1	152351242	152351391	True	-388	150M	255	0	5	0.9266822934150696	ambig_opp_strand	unspliced	-1	12	.	.	.	mrna
A00839:75:H7MFFDSXY:3:1121:11442:31203	chr1	152353811	152353960	False	413	150M	255	0	5	0.7864087224006653	ambig_opp_strand	unspliced	-1	12	.	.	.	mrna
A00839:75:H7MFFDSXY:3:1403:25644:9267	chr1	152355764	152356138	True	-474	35M225N115M	3	1	128	0.0	.	unknown	-1	0	.	.	.	mrna
A00839:75:H7MFFDSXY:3:1452:9860:35352	chr1	152352341	152352385	True	-276	45M	255	0	25	0.7656789422035217	ambig_opp_strand	unspliced	1437	12	RIGEL_NRNA_chr1_1_152335378_152364080		RIGEL_NRNA_chr1_1_152335378_152364080	nrna
A00839:75:H7MFFDSXY:3:1428:24704:2096	chr1	152354252	152354401	False	424	150M	255	0	3	0.20719756186008453	ambig_opp_strand	unspliced	1437	12	ENST00000388718.5	FLG2	ENSG00000143520.6	mrna
A00839:75:H7MFFDSXY:3:2434:10348:26741	chr1	152352391	152352540	False	272	150M	255	4	3	0.8629109263420105	ambig_opp_strand	unspliced	1437	12	ENST00000388718.5	FLG2	ENSG00000143520.6	mrna
A00839:75:H7MFFDSXY:3:1630:26910:18975	chr1	152355256	152355405	False	423	150M	255	3	5	0.7746953964233398	ambig_opp_strand	unspliced	-1	12	.	.	.	mrna
A00839:75:H7MFFDSXY:3:1163:18204:21527	chr1	152356263	152356412	True	-207	150M	255	0	25	0.8210464715957642	ambig_opp_strand	unspliced	1437	12	RIGEL_NRNA_chr1_1_152335378_152364080		RIGEL_NRNA_chr1_1_152335378_152364080	nrna
A00839:75:H7MFFDSXY:3:2310:4472:26021	chr1	152351974	152352084	False	111	111M	255	0	3	0.7203458547592163	ambig_opp_strand	unspliced	1437	12	ENST00000388718.5	FLG2	ENSG00000143520.6	mrna
A00839:75:H7MFFDSXY:3:1647:7410:27884	chr1	152351722	152351871	False	339	150M	255	0	25	0.07971400022506714	ambig_opp_strand	unspliced	1437	12	RIGEL_NRNA_chr1_2_152348734_152360006		RIGEL_NRNA_chr1_2_152348734_152360006	nrna
A00839:75:H7MFFDSXY:3:1243:17996:26584	chr1	152356459	152356608	True	-406	150M	255	0	5	0.9361509084701538	ambig_opp_strand	unspliced	-1	12	.	.	.	mrna
A00839:75:H7MFFDSXY:3:1124:16080:27837	chr1	152350737	152350886	False	255	150M	255	0	3	0.871295154094696	ambig_opp_strand	unspliced	1437	12	ENST00000388718.5	FLG2	ENSG00000143520.6	mrna
A00839:75:H7MFFDSXY:3:1261:6470:29731	chr1	152357212	152357361	True	-343	150M	255	0	5	0.5545568466186523	ambig_opp_strand	unspliced	-1	12	.	.	.	mrna
A00839:75:H7MFFDSXY:3:1574:4191:15170	chr1	152353287	152353436	True	-343	150M	255	0	25	0.409339964389801	ambig_opp_strand	unspliced	1437	12	RIGEL_NRNA_chr1_1_152335378_152364080		RIGEL_NRNA_chr1_1_152335378_152364080	nrna
A00839:75:H7MFFDSXY:3:1101:4851:8296	chr1	152352730	152352879	True	-246	150M	255	0	25	0.8146498203277588	ambig_opp_strand	unspliced	1437	12	RIGEL_NRNA_chr1_1_152335378_152364080		RIGEL_NRNA_chr1_1_152335378_152364080	nrna
A00839:75:H7MFFDSXY:3:1152:17779:2127	chr1	152356639	152356788	True	-397	150M	255	0	5	0.932251513004303	ambig_opp_strand	unspliced	-1	12	.	.	.	mrna
A00839:75:H7MFFDSXY:3:2504:24822:30389	chr1	152352642	152352791	True	-207	150M	255	0	25	0.8210464715957642	ambig_opp_strand	unspliced	1437	12	RIGEL_NRNA_chr1_1_152335378_152364080		RIGEL_NRNA_chr1_1_152335378_152364080	nrna
A00839:75:H7MFFDSXY:3:1671:12445:28244	chr1	152353111	152353260	True	-420	150M	255	0	5	0.9265929460525513	ambig_opp_strand	unspliced	-1	12	.	.	.	mrna
A00839:75:H7MFFDSXY:3:1258:27670:10927	chr1	152352085	152352159	False	531	75M	255	0	3	0.23946216702461243	ambig_opp_strand	unspliced	1437	12	ENST00000388718.5	FLG2	ENSG00000143520.6	mrna
A00839:75:H7MFFDSXY:3:2316:16486:29763	chr1	152351179	152351328	False	307	150M	255	3	3	0.8251179456710815	ambig_opp_strand	unspliced	1437	12	ENST00000388718.5	FLG2	ENSG00000143520.6	mrna
A00839:75:H7MFFDSXY:3:1110:32579:1329	chr1	152354810	152354955	True	-318	146M	255	0	25	0.603524386882782	ambig_opp_strand	unspliced	1437	12	RIGEL_NRNA_chr1_1_152335378_152364080		RIGEL_NRNA_chr1_1_152335378_152364080	nrna
A00839:75:H7MFFDSXY:3:2407:21576:10175	chr1	152352741	152352890	False	338	150M	255	0	3	0.7299172282218933	ambig_opp_strand	unspliced	1437	12	ENST00000388718.5	FLG2	ENSG00000143520.6	mrna
A00839:75:H7MFFDSXY:3:1501:3884:32988	chr1	152357325	152357474	True	-342	150M	255	0	25	0.4248604476451874	ambig_opp_strand	unspliced	1437	12	RIGEL_NRNA_chr1_1_152335378_152364080		RIGEL_NRNA_chr1_1_152335378_152364080	nrna
A00839:75:H7MFFDSXY:3:2248:19768:5572	chr1	152353539	152353688	False	255	150M	255	0	3	0.871295154094696	ambig_opp_strand	unspliced	1437	12	ENST00000388718.5	FLG2	ENSG00000143520.6	mrna
A00839:75:H7MFFDSXY:3:1222:20139:11725	chr1	152354370	152354519	False	334	150M	255	0	3	0.7501073479652405	ambig_opp_strand	unspliced	1437	12	ENST00000388718.5	FLG2	ENSG00000143520.6	mrna
A00839:75:H7MFFDSXY:3:1309:31575:6950	chr1	152353498	152353647	False	343	150M	255	0	3	0.6964336633682251	ambig_opp_strand	unspliced	1437	12	ENST00000388718.5	FLG2	ENSG00000143520.6	mrna
A00839:75:H7MFFDSXY:3:1309:26160:5807	chr1	152353372	152353497	False	126	126M	255	0	5	0.145010307431221	ambig_opp_strand	unspliced	-1	12	.	.	.	mrna
A00839:75:H7MFFDSXY:3:1468:28917:14309	chr1	152354067	152354216	False	381	150M	255	0	5	0.6684405207633972	ambig_opp_strand	unspliced	-1	12	.	.	.	mrna
A00839:75:H7MFFDSXY:3:2548:22155:21073	chr1	152357081	152357230	True	-319	150M	255	0	25	0.5950044393539429	ambig_opp_strand	unspliced	1437	12	RIGEL_NRNA_chr1_1_152335378_152364080		RIGEL_NRNA_chr1_1_152335378_152364080	nrna
A00839:75:H7MFFDSXY:3:2620:25681:8234	chr1	152356360	152356509	True	-265	150M	255	0	5	0.14354266226291656	ambig_opp_strand	unspliced	-1	12	.	.	.	mrna
A00839:75:H7MFFDSXY:3:1503:25644:2973	chr1	152356505	152356654	False	373	150M	255	0	3	0.3869064450263977	ambig_opp_strand	unspliced	1437	12	ENST00000388718.5	FLG2	ENSG00000143520.6	mrna
A00839:75:H7MFFDSXY:3:2440:30879:29324	chr1	152355950	152356099	False	303	150M	255	2	3	0.8325434923171997	ambig_opp_strand	unspliced	1437	12	ENST00000388718.5	FLG2	ENSG00000143520.6	mrna
A00839:75:H7MFFDSXY:3:1219:10348:29935	chr1	152355658	152355807	True	-240	150M	255	0	25	0.8188676834106445	ambig_opp_strand	unspliced	1437	12	RIGEL_NRNA_chr1_1_152335378_152364080		RIGEL_NRNA_chr1_1_152335378_152364080	nrna
A00839:75:H7MFFDSXY:3:1166:26223:33849	chr1	152356627	152356776	False	223	150M	255	0	3	0.8770963549613953	ambig_opp_strand	unspliced	1437	12	ENST00000388718.5	FLG2	ENSG00000143520.6	mrna
A00839:75:H7MFFDSXY:3:2255:4146:1532	chr1	152357607	152357756	False	374	150M	255	0	5	0.934661328792572	ambig_opp_strand	unspliced	-1	12	.	.	.	mrna
A00839:75:H7MFFDSXY:3:1522:1380:29810	chr1	152352503	152352652	True	-635	150M	255	0	25	0.03319646418094635	ambig_opp_strand	unspliced	1437	12	RIGEL_NRNA_chr1_1_152189332_152365557		RIGEL_NRNA_chr1_1_152189332_152365557	nrna
A00839:75:H7MFFDSXY:3:1210:11171:30890	chr1	152353273	152353422	True	-327	150M	255	1	5	0.4051867425441742	ambig_opp_strand	unspliced	-1	12	.	.	.	mrna
A00839:75:H7MFFDSXY:3:1266:12174:11804	chr1	152355516	152355665	True	-246	150M	255	1	5	0.11349859833717346	ambig_opp_strand	unspliced	-1	12	.	.	.	mrna
A00839:75:H7MFFDSXY:3:1165:27606:8563	chr1	152357154	152357303	True	-334	150M	255	0	25	0.4961030185222626	ambig_opp_strand	unspliced	1437	12	RIGEL_NRNA_chr1_1_152335378_152364080		RIGEL_NRNA_chr1_1_152335378_152364080	nrna
A00839:75:H7MFFDSXY:3:1375:24939:7983	chr1	152355522	152355671	True	-306	150M	255	1	25	0.6666443347930908	ambig_opp_strand	unspliced	1437	12	RIGEL_NRNA_chr1_1_152335378_152364080		RIGEL_NRNA_chr1_1_152335378_152364080	nrna
A00839:75:H7MFFDSXY:3:2659:13819:29935	chr1	152356419	152356568	True	-346	150M	255	0	25	0.03048248216509819	ambig_opp_strand	unspliced	1437	12	RIGEL_NRNA_chr1_1_152189332_152365557		RIGEL_NRNA_chr1_1_152189332_152365557	nrna
A00839:75:H7MFFDSXY:3:1378:14760:15843	chr1	152357424	152357573	True	-434	150M	255	0	5	0.9356538653373718	ambig_opp_strand	unspliced	-1	12	.	.	.	mrna
A00839:75:H7MFFDSXY:3:1206:3351:4946	chr1	152355876	152355983	True	-333	108M	255	1	5	0.45570412278175354	ambig_opp_strand	unspliced	-1	12	.	.	.	mrna
A00839:75:H7MFFDSXY:3:1146:30644:28792	chr1	152352108	152352257	False	416	150M	255	0	5	0.7662903666496277	ambig_opp_strand	unspliced	-1	12	.	.	.	mrna
A00839:75:H7MFFDSXY:3:1266:25943:23375	chr1	152351040	152351141	True	-327	102M	255	0	25	0.5466032028198242	ambig_opp_strand	unspliced	1437	12	RIGEL_NRNA_chr1_1_152335378_152364080		RIGEL_NRNA_chr1_1_152335378_152364080	nrna
A00839:75:H7MFFDSXY:3:2630:15917:34287	chr1	152354479	152354628	True	-317	150M	255	0	25	0.6091583371162415	ambig_opp_strand	unspliced	1437	12	RIGEL_NRNA_chr1_1_152335378_152364080		RIGEL_NRNA_chr1_1_152335378_152364080	nrna
A00839:75:H7MFFDSXY:3:2308:18014:1532	chr1	152354620	152354769	False	270	150M	255	0	3	0.8641307950019836	ambig_opp_strand	unspliced	1437	12	ENST00000388718.5	FLG2	ENSG00000143520.6	mrna
A00839:75:H7MFFDSXY:3:2274:23384:23140	chr1	152354293	152354391	False	330	99M	255	0	3	0.767073392868042	ambig_opp_strand	unspliced	1437	12	ENST00000388718.5	FLG2	ENSG00000143520.6	mrna
A00839:75:H7MFFDSXY:3:1228:32814:4366	chr1	152355317	152355466	False	442	150M	255	0	5	0.7650308012962341	ambig_opp_strand	unspliced	-1	12	.	.	.	mrna
A00839:75:H7MFFDSXY:3:2661:3821:16845	chr1	152351618	152351767	True	-255	150M	255	0	25	0.8034447431564331	ambig_opp_strand	unspliced	1437	12	RIGEL_NRNA_chr1_1_152335378_152364080		RIGEL_NRNA_chr1_1_152335378_152364080	nrna
A00839:75:H7MFFDSXY:3:1350:10565:13182	chr1	152353231	152353380	True	-351	150M	255	0	5	0.639532208442688	ambig_opp_strand	unspliced	-1	12	.	.	.	mrna
A00839:75:H7MFFDSXY:3:2666:21386:23281	chr1	152353744	152353893	True	-401	150M	255	0	5	0.931551992893219	ambig_opp_strand	unspliced	-1	12	.	.	.	mrna
A00839:75:H7MFFDSXY:3:1550:7780:25582	chr1	152355456	152355605	True	-324	150M	255	2	5	0.3811255693435669	ambig_opp_strand	unspliced	-1	12	.	.	.	mrna
A00839:75:H7MFFDSXY:3:1602:4481:13792	chr1	152357330	152357479	True	-218	150M	255	1	25	0.823506236076355	ambig_opp_strand	unspliced	1437	12	RIGEL_NRNA_chr1_1_152335378_152364080		RIGEL_NRNA_chr1_1_152335378_152364080	nrna
A00839:75:H7MFFDSXY:3:1308:21233:18850	chr1	152356763	152356912	False	409	150M	255	0	3	0.2085847556591034	ambig_opp_strand	unspliced	1437	12	ENST00000388718.5	FLG2	ENSG00000143520.6	mrna
A00839:75:H7MFFDSXY:3:1176:14434:7921	chr1	152351017	152351166	True	-376	150M	255	0	5	0.8684737086296082	ambig_opp_strand	unspliced	-1	12	.	.	.	mrna
A00839:75:H7MFFDSXY:3:1460:15230:31469	chr1	152356150	152356299	False	372	150M	255	0	5	0.5482625961303711	ambig_opp_strand	unspliced	-1	12	.	.	.	mrna
A00839:75:H7MFFDSXY:3:1129:31882:14810	chr1	152351917	152352046	False	355	130M	255	0	5	0.33613699674606323	ambig_opp_strand	unspliced	-1	12	.	.	.	mrna
A00839:75:H7MFFDSXY:3:1211:30734:36401	chr1	152357587	152357736	True	-345	150M	255	0	5	0.5757584571838379	ambig_opp_strand	unspliced	-1	12	.	.	.	mrna
A00839:75:H7MFFDSXY:3:2464:5918:29872	chr1	152356742	152356891	True	-196	150M	255	0	25	0.8172032237052917	ambig_opp_strand	unspliced	1437	12	RIGEL_NRNA_chr1_1_152335378_152364080		RIGEL_NRNA_chr1_1_152335378_152364080	nrna
A00839:75:H7MFFDSXY:3:1658:29532:29841	chr1	152355767	152355916	False	217	150M	255	0	3	0.8770795464515686	ambig_opp_strand	unspliced	1437	12	ENST00000388718.5	FLG2	ENSG00000143520.6	mrna
A00839:75:H7MFFDSXY:3:1374:25753:21981	chr1	152355700	152355747	False	273	48M	255	0	3	0.8625490665435791	ambig_opp_strand	unspliced	1437	12	ENST00000388718.5	FLG2	ENSG00000143520.6	mrna
A00839:75:H7MFFDSXY:3:1542:9860:29183	chr1	152353609	152353758	True	-379	150M	255	0	25	0.10071523487567902	ambig_opp_strand	unspliced	1437	12	RIGEL_NRNA_chr1_1_152335378_152364080		RIGEL_NRNA_chr1_1_152335378_152364080	nrna
A00839:75:H7MFFDSXY:3:1544:5511:9157	chr1	152353564	152353657	True	-325	94M	255	0	25	0.5597922205924988	ambig_opp_strand	unspliced	1437	12	RIGEL_NRNA_chr1_1_152335378_152364080		RIGEL_NRNA_chr1_1_152335378_152364080	nrna
A00839:75:H7MFFDSXY:3:2506:11722:33724	chr1	152354718	152354828	False	342	111M	255	0	3	0.7070009708404541	ambig_opp_strand	unspliced	1437	12	ENST00000388718.5	FLG2	ENSG00000143520.6	mrna
A00839:75:H7MFFDSXY:3:1409:17056:23015	chr1	152354343	152354492	True	-351	150M	255	0	5	0.639532208442688	ambig_opp_strand	unspliced	-1	12	.	.	.	mrna
A00839:75:H7MFFDSXY:3:2562:2582:31986	chr1	152352116	152352203	False	319	88M	255	0	3	0.7983585596084595	ambig_opp_strand	unspliced	1437	12	ENST00000388718.5	FLG2	ENSG00000143520.6	mrna
A00839:75:H7MFFDSXY:3:1417:16152:26459	chr1	152353510	152353659	False	196	150M	255	0	3	0.8751375675201416	ambig_opp_strand	unspliced	1437	12	ENST00000388718.5	FLG2	ENSG00000143520.6	mrna
A00839:75:H7MFFDSXY:3:1119:9552:30185	chr1	152356450	152356599	True	-228	150M	255	0	25	0.8223152756690979	ambig_opp_strand	unspliced	1437	12	RIGEL_NRNA_chr1_1_152335378_152364080		RIGEL_NRNA_chr1_1_152335378_152364080	nrna
A00839:75:H7MFFDSXY:3:1304:31467:6762	chr1	152352304	152352453	False	247	150M	255	0	5	0.029654502868652344	ambig_opp_strand	unspliced	-1	12	.	.	.	mrna
A00839:75:H7MFFDSXY:3:1441:4716:6778	chr1	152351397	152351480	True	-309	84M	255	0	25	0.05185602605342865	ambig_opp_strand	unspliced	1437	12	RIGEL_NRNA_chr1_1_152189332_152365557		RIGEL_NRNA_chr1_1_152189332_152365557	nrna
A00839:75:H7MFFDSXY:3:2478:29668:10097	chr1	152354191	152354340	False	361	150M	255	0	3	0.5441567897796631	ambig_opp_strand	unspliced	1437	12	ENST00000388718.5	FLG2	ENSG00000143520.6	mrna
A00839:75:H7MFFDSXY:3:2513:31286:26052	chr1	152354796	152354945	True	-322	150M	255	0	25	0.5785312056541443	ambig_opp_strand	unspliced	1437	12	RIGEL_NRNA_chr1_1_152335378_152364080		RIGEL_NRNA_chr1_1_152335378_152364080	nrna
A00839:75:H7MFFDSXY:3:2273:20880:22529	chr1	152356792	152356941	True	-266	150M	255	2	5	0.14359572529792786	ambig_opp_strand	unspliced	-1	12	.	.	.	mrna
A00839:75:H7MFFDSXY:3:2614:28474:1642	chr1	152357084	152357233	True	-165	150M	255	0	5	0.15375705063343048	ambig_opp_strand	unspliced	-1	12	.	.	.	mrna
A00839:75:H7MFFDSXY:3:2406:12671:6590	chr1	152354937	152355086	True	-281	150M	255	0	5	0.17957498133182526	ambig_opp_strand	unspliced	-1	12	.	.	.	mrna
A00839:75:H7MFFDSXY:3:2468:1163:36166	chr1	152350525	152350674	True	-238	150M	255	0	25	0.8201908469200134	ambig_opp_strand	unspliced	1437	12	RIGEL_NRNA_chr1_1_152335378_152364080		RIGEL_NRNA_chr1_1_152335378_152364080	nrna
A00839:75:H7MFFDSXY:3:1268:20555:13730	chr1	152357208	152357357	True	-342	150M	255	2	5	0.5376670956611633	ambig_opp_strand	unspliced	-1	12	.	.	.	mrna
A00839:75:H7MFFDSXY:3:1114:13548:19132	chr1	152353209	152353358	False	300	150M	255	0	3	0.8364787101745605	ambig_opp_strand	unspliced	1437	12	ENST00000388718.5	FLG2	ENSG00000143520.6	mrna
A00839:75:H7MFFDSXY:3:1347:9968:18317	chr1	152353574	152353723	False	227	150M	255	0	25	0.09634728729724884	ambig_opp_strand	unspliced	1437	12	RIGEL_NRNA_chr1_2_152348734_152360006		RIGEL_NRNA_chr1_2_152348734_152360006	nrna
A00839:75:H7MFFDSXY:3:2667:9372:28401	chr1	152356914	152357063	False	355	150M	255	0	3	0.5980230569839478	ambig_opp_strand	unspliced	1437	12	ENST00000388718.5	FLG2	ENSG00000143520.6	mrna
A00839:75:H7MFFDSXY:3:1510:20934:3709	chr1	152356944	152357093	True	-458	150M	255	0	5	0.932711660861969	ambig_opp_strand	unspliced	-1	12	.	.	.	mrna
A00839:75:H7MFFDSXY:3:1223:20627:23688	chr1	152352881	152353030	True	-360	150M	255	0	5	0.7267807722091675	ambig_opp_strand	unspliced	-1	12	.	.	.	mrna
A00839:75:H7MFFDSXY:3:1525:29378:25285	chr1	152357145	152357294	False	359	150M	255	0	3	0.561823308467865	ambig_opp_strand	unspliced	1437	12	ENST00000388718.5	FLG2	ENSG00000143520.6	mrna
A00839:75:H7MFFDSXY:3:2325:26304:36714	chr1	152357468	152357593	False	126	126M	255	0	3	0.770194411277771	ambig_opp_strand	unspliced	1437	12	ENST00000388718.5	FLG2	ENSG00000143520.6	mrna
A00839:75:H7MFFDSXY:3:2301:25437:9533	chr1	152353987	152354136	True	-265	150M	255	0	25	0.7870407700538635	ambig_opp_strand	unspliced	1437	12	RIGEL_NRNA_chr1_1_152335378_152364080		RIGEL_NRNA_chr1_1_152335378_152364080	nrna
A00839:75:H7MFFDSXY:3:1126:14362:20603	chr1	152351053	152351202	True	-478	150M	255	0	5	0.9268845915794373	ambig_opp_strand	unspliced	-1	12	.	.	.	mrna
A00839:75:H7MFFDSXY:3:2319:4806:9314	chr1	152354321	152354470	True	-368	150M	255	0	5	0.8042956590652466	ambig_opp_strand	unspliced	-1	12	.	.	.	mrna
A00839:75:H7MFFDSXY:3:2358:18059:5619	chr1	152354362	152354483	False	122	122M	255	0	3	0.7536824345588684	ambig_opp_strand	unspliced	1437	12	ENST00000388718.5	FLG2	ENSG00000143520.6	mrna
A00839:75:H7MFFDSXY:3:2331:5936:3380	chr1	152357114	152357263	False	309	150M	255	0	3	0.8205549716949463	ambig_opp_strand	unspliced	1437	12	ENST00000388718.5	FLG2	ENSG00000143520.6	mrna
A00839:75:H7MFFDSXY:3:2173:3396:15483	chr1	152352883	152353032	True	-294	150M	255	3	25	0.7177792191505432	ambig_opp_strand	unspliced	1437	12	RIGEL_NRNA_chr1_1_152335378_152364080		RIGEL_NRNA_chr1_1_152335378_152364080	nrna
A00839:75:H7MFFDSXY:3:1444:24135:29199	chr1	152352683	152352744	True	-287	62M	255	0	25	0.7398525476455688	ambig_opp_strand	unspliced	1437	12	RIGEL_NRNA_chr1_1_152335378_152364080		RIGEL_NRNA_chr1_1_152335378_152364080	nrna
A00839:75:H7MFFDSXY:3:2176:29107:20588	chr1	152353949	152354098	False	280	150M	255	1	3	0.8578622341156006	ambig_opp_strand	unspliced	1437	12	ENST00000388718.5	FLG2	ENSG00000143520.6	mrna
A00839:75:H7MFFDSXY:3:1642:20130:34068	chr1	152351914	152352063	True	-441	150M	255	0	5	0.9355159997940063	ambig_opp_strand	unspliced	-1	12	.	.	.	mrna
A00839:75:H7MFFDSXY:3:1145:25717:20102	chr1	152352624	152352773	False	237	150M	255	0	3	0.8757742643356323	ambig_opp_strand	unspliced	1437	12	ENST00000388718.5	FLG2	ENSG00000143520.6	mrna
A00839:75:H7MFFDSXY:3:1573:18150:18458	chr1	152352614	152352763	False	383	150M	255	0	5	0.7054384350776672	ambig_opp_strand	unspliced	-1	12	.	.	.	mrna
A00839:75:H7MFFDSXY:3:2267:7102:19774	chr1	152355053	152355200	False	379	148M	255	0	5	0.6569666266441345	ambig_opp_strand	unspliced	-1	12	.	.	.	mrna
A00839:75:H7MFFDSXY:3:1616:9109:16548	chr1	152352597	152352746	False	433	150M	255	0	5	0.7555392384529114	ambig_opp_strand	unspliced	-1	12	.	.	.	mrna
A00839:75:H7MFFDSXY:3:2262:1985:21089	chr1	152355405	152355554	False	328	150M	255	0	3	0.7733121514320374	ambig_opp_strand	unspliced	1437	12	ENST00000388718.5	FLG2	ENSG00000143520.6	mrna
A00839:75:H7MFFDSXY:3:2544:3441:8578	chr1	152355045	152355174	False	361	130M	255	0	5	0.39593377709388733	ambig_opp_strand	unspliced	-1	12	.	.	.	mrna
A00839:75:H7MFFDSXY:3:2528:14371:36746	chr1	152357634	152357783	True	-274	150M	255	0	25	0.7715421915054321	ambig_opp_strand	unspliced	1437	12	RIGEL_NRNA_chr1_1_152335378_152364080		RIGEL_NRNA_chr1_1_152335378_152364080	nrna
A00839:75:H7MFFDSXY:3:1676:20311:35289	chr1	152353839	152353988	False	391	150M	255	0	5	0.7731274366378784	ambig_opp_strand	unspliced	-1	12	.	.	.	mrna
A00839:75:H7MFFDSXY:3:1642:8522:34695	chr1	152354513	152354662	True	-351	150M	255	0	5	0.639532208442688	ambig_opp_strand	unspliced	-1	12	.	.	.	mrna
A00839:75:H7MFFDSXY:3:2674:24713:26819	chr1	152354619	152354768	True	-210	150M	255	0	25	0.8230730891227722	ambig_opp_strand	unspliced	1437	12	RIGEL_NRNA_chr1_1_152335378_152364080		RIGEL_NRNA_chr1_1_152335378_152364080	nrna
A00839:75:H7MFFDSXY:3:2320:1090:9267	chr1	152353047	152353196	False	288	150M	255	0	3	0.8517400026321411	ambig_opp_strand	unspliced	1437	12	ENST00000388718.5	FLG2	ENSG00000143520.6	mrna
A00839:75:H7MFFDSXY:3:1365:15736:13369	chr1	152356842	152356991	False	275	150M	255	0	3	0.8607215881347656	ambig_opp_strand	unspliced	1437	12	ENST00000388718.5	FLG2	ENSG00000143520.6	mrna
A00839:75:H7MFFDSXY:3:1626:13169:26490	chr1	152358663	152358797	True	-135	135M	255	0	5	0.3112179934978485	ambig_opp_strand	unspliced	-1	12	.	.	.	mrna
A00839:75:H7MFFDSXY:3:1440:14380:32158	chr1	152354060	152354209	True	-184	150M	255	0	25	0.8078091740608215	ambig_opp_strand	unspliced	1437	12	RIGEL_NRNA_chr1_1_152335378_152364080		RIGEL_NRNA_chr1_1_152335378_152364080	nrna
A00839:75:H7MFFDSXY:3:2449:6442:13088	chr1	152352821	152352914	False	325	94M	255	0	3	0.7824770212173462	ambig_opp_strand	unspliced	1437	12	ENST00000388718.5	FLG2	ENSG00000143520.6	mrna
A00839:75:H7MFFDSXY:3:1528:1063:21997	chr1	152351236	152351385	True	-363	150M	255	0	25	0.2237546741962433	ambig_opp_strand	unspliced	1437	12	RIGEL_NRNA_chr1_1_152335378_152364080		RIGEL_NRNA_chr1_1_152335378_152364080	nrna
A00839:75:H7MFFDSXY:3:2507:14163:14528	chr1	152353052	152353201	False	482	150M	255	0	3	0.21145370602607727	ambig_opp_strand	unspliced	1437	12	ENST00000388718.5	FLG2	ENSG00000143520.6	mrna
A00839:75:H7MFFDSXY:3:1652:9815:28040	chr1	152355139	152355288	False	451	150M	255	0	5	0.7742236256599426	ambig_opp_strand	unspliced	-1	12	.	.	.	mrna
A00839:75:H7MFFDSXY:3:2372:13295:21386	chr1	152353699	152353848	True	-448	150M	255	0	5	0.930001437664032	ambig_opp_strand	unspliced	-1	12	.	.	.	mrna
A00839:75:H7MFFDSXY:3:2670:17173:24815	chr1	152351169	152351318	False	426	150M	255	0	5	0.7697789669036865	ambig_opp_strand	unspliced	-1	12	.	.	.	mrna
A00839:75:H7MFFDSXY:3:1301:13223:13495	chr1	152352075	152352224	True	-287	150M	255	0	25	0.7398525476455688	ambig_opp_strand	unspliced	1437	12	RIGEL_NRNA_chr1_1_152335378_152364080		RIGEL_NRNA_chr1_1_152335378_152364080	nrna
A00839:75:H7MFFDSXY:3:2206:17219:13369	chr1	152355991	152356140	True	-268	150M	255	0	25	0.7825422286987305	ambig_opp_strand	unspliced	1437	12	RIGEL_NRNA_chr1_1_152335378_152364080		RIGEL_NRNA_chr1_1_152335378_152364080	nrna
A00839:75:H7MFFDSXY:3:1130:14109:7952	chr1	152357021	152357170	False	366	150M	255	0	5	0.46873974800109863	ambig_opp_strand	unspliced	-1	12	.	.	.	mrna
A00839:75:H7MFFDSXY:3:2566:32398:2268	chr1	152352416	152352565	False	281	150M	255	0	3	0.8566231727600098	ambig_opp_strand	unspliced	1437	12	ENST00000388718.5	FLG2	ENSG00000143520.6	mrna
A00839:75:H7MFFDSXY:3:1472:6325:22968	chr1	152354419	152354568	False	426	150M	255	0	5	0.7697789669036865	ambig_opp_strand	unspliced	-1	12	.	.	.	mrna
A00839:75:H7MFFDSXY:3:1134:21576:12399	chr1	152356282	152356431	False	594	150M	255	0	3	0.5950401425361633	ambig_opp_strand	unspliced	1437	12	ENST00000388718.5	FLG2	ENSG00000143520.6	mrna
A00839:75:H7MFFDSXY:3:1404:9860:15405	chr1	152353538	152353687	True	-236	150M	255	0	25	0.8201881051063538	ambig_opp_strand	unspliced	1437	12	RIGEL_NRNA_chr1_1_152335378_152364080		RIGEL_NRNA_chr1_1_152335378_152364080	nrna
A00839:75:H7MFFDSXY:3:1531:17924:25081	chr1	152356990	152357139	True	-354	150M	255	0	25	0.2973085939884186	ambig_opp_strand	unspliced	1437	12	RIGEL_NRNA_chr1_1_152335378_152364080		RIGEL_NRNA_chr1_1_152335378_152364080	nrna
A00839:75:H7MFFDSXY:3:1117:21432:32816	chr1	152353232	152353359	False	359	128M	255	1	5	0.3763224184513092	ambig_opp_strand	unspliced	-1	12	.	.	.	mrna
A00839:75:H7MFFDSXY:3:1505:13286:28604	chr1	152357267	152357416	True	-291	150M	255	0	25	0.7286527156829834	ambig_opp_strand	unspliced	1437	12	RIGEL_NRNA_chr1_1_152335378_152364080		RIGEL_NRNA_chr1_1_152335378_152364080	nrna
A00839:75:H7MFFDSXY:3:2564:16803:36260	chr1	152356405	152356554	False	226	150M	255	0	3	0.8767408728599548	ambig_opp_strand	unspliced	1437	12	ENST00000388718.5	FLG2	ENSG00000143520.6	mrna
A00839:75:H7MFFDSXY:3:1559:25165:30264	chr1	152355104	152355148	False	276	45M	3	0	128	0.0	.	unknown	-1	0	.	.	.	mrna
A00839:75:H7MFFDSXY:3:2347:22435:33019	chr1	152355557	152355706	False	414	150M	255	0	5	0.7759493589401245	ambig_opp_strand	unspliced	-1	12	.	.	.	mrna
A00839:75:H7MFFDSXY:3:2110:1967:22905	chr1	152353282	152353431	True	-328	150M	255	1	5	0.4115806221961975	ambig_opp_strand	unspliced	-1	12	.	.	.	mrna
A00839:75:H7MFFDSXY:3:1170:6741:18145	chr1	152351173	152351322	True	-320	150M	255	0	25	0.5911386609077454	ambig_opp_strand	unspliced	1437	12	RIGEL_NRNA_chr1_1_152335378_152364080		RIGEL_NRNA_chr1_1_152335378_152364080	nrna
A00839:75:H7MFFDSXY:3:2635:28167:29919	chr1	152356485	152356634	False	438	150M	255	0	5	0.7536304593086243	ambig_opp_strand	unspliced	-1	12	.	.	.	mrna
A00839:75:H7MFFDSXY:3:1271:32027:27712	chr1	152353178	152353327	False	174	150M	255	0	3	0.869076669216156	ambig_opp_strand	unspliced	1437	12	ENST00000388718.5	FLG2	ENSG00000143520.6	mrna
A00839:75:H7MFFDSXY:3:2577:21585:9909	chr1	152351639	152351714	False	301	76M	255	0	3	0.8352404832839966	ambig_opp_strand	unspliced	1437	12	ENST00000388718.5	FLG2	ENSG00000143520.6	mrna
A00839:75:H7MFFDSXY:3:2157:28899:19319	chr1	152352843	152352992	True	-324	150M	255	2	5	0.3811255693435669	ambig_opp_strand	unspliced	-1	12	.	.	.	mrna
A00839:75:H7MFFDSXY:3:1253:8639:12727	chr1	152351054	152351203	True	-236	150M	255	0	25	0.06548874080181122	ambig_opp_strand	unspliced	1437	12	RIGEL_NRNA_chr1_1_152189332_152365557		RIGEL_NRNA_chr1_1_152189332_152365557	nrna
A00839:75:H7MFFDSXY:3:2353:23122:29105	chr1	152354055	152354204	False	282	150M	255	0	3	0.8560124039649963	ambig_opp_strand	unspliced	1437	12	ENST00000388718.5	FLG2	ENSG00000143520.6	mrna
A00839:75:H7MFFDSXY:3:1254:11180:2190	chr1	152353176	152353325	True	-372	150M	255	5	5	0.8373579382896423	ambig_opp_strand	unspliced	-1	12	.	.	.	mrna
A00839:75:H7MFFDSXY:3:2350:4038:25645	chr1	152354194	152354343	False	354	150M	255	0	3	0.603405773639679	ambig_opp_strand	unspliced	1437	12	ENST00000388718.5	FLG2	ENSG00000143520.6	mrna
A00839:75:H7MFFDSXY:3:2309:27615:15969	chr1	152351787	152351936	False	320	150M	255	0	5	0.11561155319213867	ambig_opp_strand	unspliced	-1	12	.	.	.	mrna
A00839:75:H7MFFDSXY:3:2121:32452:19993	chr1	152357567	152357716	True	-363	150M	255	0	5	0.7570393085479736	ambig_opp_strand	unspliced	-1	12	.	.	.	mrna
A00839:75:H7MFFDSXY:3:2607:16812:2049	chr1	152351281	152351361	True	-306	81M	255	0	25	0.6666442155838013	ambig_opp_strand	unspliced	1437	12	RIGEL_NRNA_chr1_1_152335378_152364080		RIGEL_NRNA_chr1_1_152335378_152364080	nrna
A00839:75:H7MFFDSXY:3:2277:19479:14403	chr1	152355913	152356062	False	252	150M	255	0	3	0.8729961514472961	ambig_opp_strand	unspliced	1437	12	ENST00000388718.5	FLG2	ENSG00000143520.6	mrna
A00839:75:H7MFFDSXY:3:2471:6949:21512	chr1	152350914	152351063	False	207	150M	255	0	3	0.8761937618255615	ambig_opp_strand	unspliced	1437	12	ENST00000388718.5	FLG2	ENSG00000143520.6	mrna
A00839:75:H7MFFDSXY:3:1172:5294:15671	chr1	152357189	152357338	False	222	150M	255	0	3	0.8766753077507019	ambig_opp_strand	unspliced	1437	12	ENST00000388718.5	FLG2	ENSG00000143520.6	mrna
A00839:75:H7MFFDSXY:3:1620:17824:9345	chr1	152351465	152351614	True	-389	150M	255	0	5	0.9335959553718567	ambig_opp_strand	unspliced	-1	12	.	.	.	mrna
A00839:75:H7MFFDSXY:3:2575:18602:2895	chr1	152354459	152354608	True	-412	150M	255	0	5	0.9324856996536255	ambig_opp_strand	unspliced	-1	12	.	.	.	mrna
A00839:75:H7MFFDSXY:3:2640:14244:27508	chr1	152354206	152354355	False	359	150M	255	0	25	0.061744384467601776	ambig_opp_strand	unspliced	1437	12	RIGEL_NRNA_chr1_2_152348734_152360006		RIGEL_NRNA_chr1_2_152348734_152360006	nrna
A00839:75:H7MFFDSXY:3:2153:7057:35352	chr1	152354288	152354437	True	-400	150M	255	0	5	0.9300727248191833	ambig_opp_strand	unspliced	-1	12	.	.	.	mrna
A00839:75:H7MFFDSXY:3:1339:12771:4319	chr1	152356960	152357109	False	424	150M	255	0	3	0.20719771087169647	ambig_opp_strand	unspliced	1437	12	ENST00000388718.5	FLG2	ENSG00000143520.6	mrna
A00839:75:H7MFFDSXY:3:2115:22507:7592	chr1	152353403	152353533	False	362	131M	255	0	3	0.5251477360725403	ambig_opp_strand	unspliced	1437	12	ENST00000388718.5	FLG2	ENSG00000143520.6	mrna
A00839:75:H7MFFDSXY:3:2339:18701:2660	chr1	152352628	152352777	False	237	150M	255	0	3	0.8757742643356323	ambig_opp_strand	unspliced	1437	12	ENST00000388718.5	FLG2	ENSG00000143520.6	mrna
A00839:75:H7MFFDSXY:3:2639:11044:22122	chr1	152351351	152351500	False	221	150M	255	0	3	0.8767815828323364	ambig_opp_strand	unspliced	1437	12	ENST00000388718.5	FLG2	ENSG00000143520.6	mrna
A00839:75:H7MFFDSXY:3:1539:28565:10848	chr1	152351917	152352054	False	363	138M	255	0	5	0.42277199029922485	ambig_opp_strand	unspliced	-1	12	.	.	.	mrna
A00839:75:H7MFFDSXY:3:2427:22643:24893	chr1	152352131	152352280	True	-329	150M	255	0	5	0.42018356919288635	ambig_opp_strand	unspliced	-1	12	.	.	.	mrna
A00839:75:H7MFFDSXY:3:1549:31494:7936	chr1	152350493	152350642	False	363	150M	255	0	5	0.42277199029922485	ambig_opp_strand	unspliced	-1	12	.	.	.	mrna
A00839:75:H7MFFDSXY:3:1154:13132:34726	chr1	152354699	152354809	False	342	111M	255	0	25	0.07769940793514252	ambig_opp_strand	unspliced	1437	12	RIGEL_NRNA_chr1_2_152348734_152360006		RIGEL_NRNA_chr1_2_152348734_152360006	nrna
A00839:75:H7MFFDSXY:3:1223:18466:33285	chr1	152357191	152357340	True	0	150M	3	0	128	0.0	.	unknown	-1	0	.	.	.	mrna
A00839:75:H7MFFDSXY:3:1203:12545:31579	chr1	152355473	152355622	True	-292	150M	255	1	5	0.21064357459545135	ambig_opp_strand	unspliced	-1	12	.	.	.	mrna
A00839:75:H7MFFDSXY:3:1474:14778:20729	chr1	152357209	152357358	True	-347	150M	255	0	25	0.36890310049057007	ambig_opp_strand	unspliced	1437	12	RIGEL_NRNA_chr1_1_152335378_152364080		RIGEL_NRNA_chr1_1_152335378_152364080	nrna
A00839:75:H7MFFDSXY:3:1357:1163:22670	chr1	152356757	152356906	False	153	150M	255	0	3	0.851900041103363	ambig_opp_strand	unspliced	1437	12	ENST00000388718.5	FLG2	ENSG00000143520.6	mrna
A00839:75:H7MFFDSXY:3:2558:20898:12790	chr1	152351959	152352108	True	-310	150M	255	0	25	0.647543728351593	ambig_opp_strand	unspliced	1437	12	RIGEL_NRNA_chr1_1_152335378_152364080		RIGEL_NRNA_chr1_1_152335378_152364080	nrna
A00839:75:H7MFFDSXY:3:1332:32823:29716	chr1	152355311	152355460	True	-358	150M	255	0	5	0.712550699710846	ambig_opp_strand	unspliced	-1	12	.	.	.	mrna
A00839:75:H7MFFDSXY:3:1478:16387:35102	chr1	152351267	152351416	False	417	150M	255	0	3	0.19413632154464722	ambig_opp_strand	unspliced	1437	12	ENST00000388718.5	FLG2	ENSG00000143520.6	mrna
A00839:75:H7MFFDSXY:3:2337:32470:21277	chr1	152352236	152352385	True	-229	150M	255	0	25	0.8217366337776184	ambig_opp_strand	unspliced	1437	12	RIGEL_NRNA_chr1_1_152335378_152364080		RIGEL_NRNA_chr1_1_152335378_152364080	nrna
A00839:75:H7MFFDSXY:3:2345:3125:17613	chr1	152351826	152351975	False	243	150M	255	0	3	0.8748449087142944	ambig_opp_strand	unspliced	1437	12	ENST00000388718.5	FLG2	ENSG00000143520.6	mrna
A00839:75:H7MFFDSXY:3:1140:23285:7373	chr1	152356437	152356586	False	313	150M	255	0	3	0.8134737610816956	ambig_opp_strand	unspliced	1437	12	ENST00000388718.5	FLG2	ENSG00000143520.6	mrna
A00839:75:H7MFFDSXY:3:1670:25527:29982	chr1	152353956	152354105	False	274	150M	255	0	3	0.8614422082901001	ambig_opp_strand	unspliced	1437	12	ENST00000388718.5	FLG2	ENSG00000143520.6	mrna
A00839:75:H7MFFDSXY:3:1429:27218:11365	chr1	152351719	152351868	True	-319	150M	255	0	25	0.04750873148441315	ambig_opp_strand	unspliced	1437	12	RIGEL_NRNA_chr1_1_152189332_152365557		RIGEL_NRNA_chr1_1_152189332_152365557	nrna
A00839:75:H7MFFDSXY:3:1215:17824:2895	chr1	152356722	152356871	False	287	150M	255	0	3	0.8521929979324341	ambig_opp_strand	unspliced	1437	12	ENST00000388718.5	FLG2	ENSG00000143520.6	mrna
A00839:75:H7MFFDSXY:3:2655:9408:4977	chr1	152357022	152357171	True	-362	150M	255	0	5	0.752146303653717	ambig_opp_strand	unspliced	-1	12	.	.	.	mrna
A00839:75:H7MFFDSXY:3:2604:32533:28275	chr1	152356291	152356440	True	-267	150M	255	0	25	0.7836445569992065	ambig_opp_strand	unspliced	1437	12	RIGEL_NRNA_chr1_1_152335378_152364080		RIGEL_NRNA_chr1_1_152335378_152364080	nrna
A00839:75:H7MFFDSXY:3:1368:16658:18693	chr1	152350469	152350618	False	327	150M	255	0	3	0.7761815786361694	ambig_opp_strand	unspliced	1437	12	ENST00000388718.5	FLG2	ENSG00000143520.6	mrna
A00839:75:H7MFFDSXY:3:1355:16351:23171	chr1	152356172	152356321	False	218	150M	255	0	3	0.8768659234046936	ambig_opp_strand	unspliced	1437	12	ENST00000388718.5	FLG2	ENSG00000143520.6	mrna
A00839:75:H7MFFDSXY:3:2169:25672:26757	chr1	152353349	152353498	True	-309	150M	255	0	5	0.2932684123516083	ambig_opp_strand	unspliced	-1	12	.	.	.	mrna
A00839:75:H7MFFDSXY:3:2462:20943:19382	chr1	152355470	152355594	True	-350	125M	255	0	25	0.34074339270591736	ambig_opp_strand	unspliced	1437	12	RIGEL_NRNA_chr1_1_152335378_152364080		RIGEL_NRNA_chr1_1_152335378_152364080	nrna
A00839:75:H7MFFDSXY:3:1112:30355:25316	chr1	152352746	152352895	False	334	150M	255	0	3	0.7501073479652405	ambig_opp_strand	unspliced	1437	12	ENST00000388718.5	FLG2	ENSG00000143520.6	mrna
A00839:75:H7MFFDSXY:3:2235:14760:33661	chr1	152353058	152353207	True	-392	150M	255	0	5	0.9308454990386963	ambig_opp_strand	unspliced	-1	12	.	.	.	mrna
A00839:75:H7MFFDSXY:3:2607:7292:22106	chr1	152353378	152353527	False	390	150M	255	0	5	0.7419512271881104	ambig_opp_strand	unspliced	-1	12	.	.	.	mrna
A00839:75:H7MFFDSXY:3:1558:22489:28260	chr1	152356529	152356678	True	-363	150M	255	0	5	0.756510317325592	ambig_opp_strand	unspliced	-1	12	.	.	.	mrna
A00839:75:H7MFFDSXY:3:2125:21856:11412	chr1	152353436	152353585	False	361	150M	255	0	3	0.5441567897796631	ambig_opp_strand	unspliced	1437	12	ENST00000388718.5	FLG2	ENSG00000143520.6	mrna
A00839:75:H7MFFDSXY:3:1152:3911:5948	chr1	152351149	152351298	True	-241	150M	255	0	25	0.8178310394287109	ambig_opp_strand	unspliced	1437	12	RIGEL_NRNA_chr1_1_152335378_152364080		RIGEL_NRNA_chr1_1_152335378_152364080	nrna
A00839:75:H7MFFDSXY:3:1415:11659:17581	chr1	152352789	152352907	False	350	119M	255	0	3	0.6434367299079895	ambig_opp_strand	unspliced	1437	12	ENST00000388718.5	FLG2	ENSG00000143520.6	mrna
A00839:75:H7MFFDSXY:3:2124:10520:28354	chr1	152352052	152352201	True	-278	150M	255	0	5	0.17158207297325134	ambig_opp_strand	unspliced	-1	12	.	.	.	mrna
A00839:75:H7MFFDSXY:3:1229:12337:19883	chr1	152355388	152355993	False	651	102M456N48M	255	0	3	0.9008230566978455	ambig_opp_strand	spliced_unannot	1437	11	ENST00000388718.5	FLG2	ENSG00000143520.6	mrna
A00839:75:H7MFFDSXY:3:2261:20998:23641	chr1	152353038	152353187	False	216	150M	255	8	3	0.8769527673721313	ambig_opp_strand	unspliced	1437	12	ENST00000388718.5	FLG2	ENSG00000143520.6	mrna
A00839:75:H7MFFDSXY:3:2406:30490:17065	chr1	152356770	152356919	False	226	150M	255	0	3	0.8767408728599548	ambig_opp_strand	unspliced	1437	12	ENST00000388718.5	FLG2	ENSG00000143520.6	mrna
A00839:75:H7MFFDSXY:3:2178:15402:17300	chr1	152352833	152352919	False	318	87M	255	0	3	0.8020117878913879	ambig_opp_strand	unspliced	1437	12	ENST00000388718.5	FLG2	ENSG00000143520.6	mrna
A00839:75:H7MFFDSXY:3:1646:25898:32283	chr1	152356560	152356709	False	469	150M	255	0	5	0.7581487894058228	ambig_opp_strand	unspliced	-1	12	.	.	.	mrna
A00839:75:H7MFFDSXY:3:2267:23050:25880	chr1	152351028	152351177	False	369	150M	255	0	3	0.4424456059932709	ambig_opp_strand	unspliced	1437	12	ENST00000388718.5	FLG2	ENSG00000143520.6	mrna
A00839:75:H7MFFDSXY:3:1619:32199:7560	chr1	152351939	152352088	True	-330	150M	255	0	5	0.4251742660999298	ambig_opp_strand	unspliced	-1	12	.	.	.	mrna
A00839:75:H7MFFDSXY:3:2107:12011:14403	chr1	152356269	152356418	True	-294	150M	255	0	5	0.2189130187034607	ambig_opp_strand	unspliced	-1	12	.	.	.	mrna
A00839:75:H7MFFDSXY:3:1429:24948:6370	chr1	152353874	152354023	False	302	150M	255	0	3	0.8335878252983093	ambig_opp_strand	unspliced	1437	12	ENST00000388718.5	FLG2	ENSG00000143520.6	mrna
A00839:75:H7MFFDSXY:3:2221:7211:31078	chr1	152357240	152357389	False	393	150M	255	0	5	0.7657670974731445	ambig_opp_strand	unspliced	-1	12	.	.	.	mrna
A00839:75:H7MFFDSXY:3:1411:12147:15922	chr1	152351064	152351213	False	174	150M	255	0	3	0.869076669216156	ambig_opp_strand	unspliced	1437	12	ENST00000388718.5	FLG2	ENSG00000143520.6	mrna
A00839:75:H7MFFDSXY:3:1415:28266:21198	chr1	152357192	152357341	True	-318	150M	255	0	5	0.34324511885643005	ambig_opp_strand	unspliced	-1	12	.	.	.	mrna
A00839:75:H7MFFDSXY:3:1266:15383:10692	chr1	152354644	152354793	True	-230	150M	255	0	25	0.8231573700904846	ambig_opp_strand	unspliced	1437	12	RIGEL_NRNA_chr1_1_152335378_152364080		RIGEL_NRNA_chr1_1_152335378_152364080	nrna
A00839:75:H7MFFDSXY:3:1220:13630:33019	chr1	152354008	152354157	False	316	150M	255	0	25	0.08867223560810089	ambig_opp_strand	unspliced	1437	12	RIGEL_NRNA_chr1_2_152348734_152360006		RIGEL_NRNA_chr1_2_152348734_152360006	nrna
A00839:75:H7MFFDSXY:3:2112:24849:12336	chr1	152352369	152352518	True	-211	150M	255	0	25	0.8225796818733215	ambig_opp_strand	unspliced	1437	12	RIGEL_NRNA_chr1_1_152335378_152364080		RIGEL_NRNA_chr1_1_152335378_152364080	nrna
A00839:75:H7MFFDSXY:3:1253:32570:13025	chr1	152352829	152352928	False	331	100M	255	0	3	0.7622836828231812	ambig_opp_strand	unspliced	1437	12	ENST00000388718.5	FLG2	ENSG00000143520.6	mrna
A00839:75:H7MFFDSXY:3:1320:23059:5572	chr1	152354163	152354312	True	-288	150M	255	0	25	0.7384347915649414	ambig_opp_strand	unspliced	1437	12	RIGEL_NRNA_chr1_1_152335378_152364080		RIGEL_NRNA_chr1_1_152335378_152364080	nrna
A00839:75:H7MFFDSXY:3:1571:12138:6918	chr1	152356297	152356446	True	-158	150M	255	1	25	0.7563347220420837	ambig_opp_strand	unspliced	1437	12	RIGEL_NRNA_chr1_1_152335378_152364080		RIGEL_NRNA_chr1_1_152335378_152364080	nrna
A00839:75:H7MFFDSXY:3:2673:26793:23594	chr1	152355109	152355258	False	419	150M	255	0	5	0.7783350944519043	ambig_opp_strand	unspliced	-1	12	.	.	.	mrna
A00839:75:H7MFFDSXY:3:1450:9091:33646	chr1	152352920	152353069	False	352	150M	255	0	5	0.30420875549316406	ambig_opp_strand	unspliced	-1	12	.	.	.	mrna
A00839:75:H7MFFDSXY:3:1362:19660:30279	chr1	152352470	152352619	False	227	150M	255	0	3	0.8766814470291138	ambig_opp_strand	unspliced	1437	12	ENST00000388718.5	FLG2	ENSG00000143520.6	mrna
A00839:75:H7MFFDSXY:3:1653:10854:33661	chr1	152353962	152354111	False	413	150M	255	0	5	0.7864087224006653	ambig_opp_strand	unspliced	-1	12	.	.	.	mrna
A00839:75:H7MFFDSXY:3:2652:28989:14685	chr1	152354451	152354600	False	332	150M	255	0	3	0.757500410079956	ambig_opp_strand	unspliced	1437	12	ENST00000388718.5	FLG2	ENSG00000143520.6	mrna
A00839:75:H7MFFDSXY:3:1617:11686:30749	chr1	152356179	152356328	True	-235	150M	255	0	25	0.8203124403953552	ambig_opp_strand	unspliced	1437	12	RIGEL_NRNA_chr1_1_152335378_152364080		RIGEL_NRNA_chr1_1_152335378_152364080	nrna
A00839:75:H7MFFDSXY:3:2471:9100:3349	chr1	152355094	152355243	True	-413	150M	255	0	5	0.9398261904716492	ambig_opp_strand	unspliced	-1	12	.	.	.	mrna
A00839:75:H7MFFDSXY:3:2414:30951:14168	chr1	152351910	152352059	False	237	150M	255	0	5	0.027806585654616356	ambig_opp_strand	unspliced	-1	12	.	.	.	mrna
A00839:75:H7MFFDSXY:3:1619:7003:3067	chr1	152352266	152352309	False	275	44M	255	0	3	0.8607215881347656	ambig_opp_strand	unspliced	1437	12	ENST00000388718.5	FLG2	ENSG00000143520.6	mrna
A00839:75:H7MFFDSXY:3:2426:6903:3364	chr1	152352554	152352703	False	507	150M	255	0	5	0.7581638097763062	ambig_opp_strand	unspliced	-1	12	.	.	.	mrna
A00839:75:H7MFFDSXY:3:1119:11279:15045	chr1	152351077	152351226	False	289	150M	255	0	25	0.09346384555101395	ambig_opp_strand	unspliced	1437	12	RIGEL_NRNA_chr1_2_152348734_152360006		RIGEL_NRNA_chr1_2_152348734_152360006	nrna
A00839:75:H7MFFDSXY:3:2625:16387:32565	chr1	152353150	152353299	True	-414	150M	255	1	5	0.9362706542015076	ambig_opp_strand	unspliced	-1	12	.	.	.	mrna
A00839:75:H7MFFDSXY:3:1576:18285:17096	chr1	152350813	152350962	True	-431	150M	255	0	5	0.9284845590591431	ambig_opp_strand	unspliced	-1	12	.	.	.	mrna
A00839:75:H7MFFDSXY:3:2309:27742:3317	chr1	152356791	152356940	True	-262	150M	255	0	25	0.7931538224220276	ambig_opp_strand	unspliced	1437	12	RIGEL_NRNA_chr1_1_152335378_152364080		RIGEL_NRNA_chr1_1_152335378_152364080	nrna
A00839:75:H7MFFDSXY:3:1239:12518:24799	chr1	152356331	152356480	True	-319	150M	255	0	25	0.5950044393539429	ambig_opp_strand	unspliced	1437	12	RIGEL_NRNA_chr1_1_152335378_152364080		RIGEL_NRNA_chr1_1_152335378_152364080	nrna
A00839:75:H7MFFDSXY:3:1415:7636:26616	chr1	152356969	152357118	False	329	150M	255	0	3	0.7693861126899719	ambig_opp_strand	unspliced	1437	12	ENST00000388718.5	FLG2	ENSG00000143520.6	mrna
A00839:75:H7MFFDSXY:3:1161:5159:4539	chr1	152354062	152354211	True	-290	150M	255	0	25	0.7295698523521423	ambig_opp_strand	unspliced	1437	12	RIGEL_NRNA_chr1_1_152335378_152364080		RIGEL_NRNA_chr1_1_152335378_152364080	nrna
A00839:75:H7MFFDSXY:3:2372:2691:36464	chr1	152352113	152352262	True	-279	150M	255	0	25	0.759631872177124	ambig_opp_strand	unspliced	1437	12	RIGEL_NRNA_chr1_1_152335378_152364080		RIGEL_NRNA_chr1_1_152335378_152364080	nrna
A00839:75:H7MFFDSXY:3:2675:5737:32753	chr1	152351992	152352141	False	333	150M	255	0	3	0.7523372769355774	ambig_opp_strand	unspliced	1437	12	ENST00000388718.5	FLG2	ENSG00000143520.6	mrna
A00839:75:H7MFFDSXY:3:2165:5141:26271	chr1	152350943	152351092	False	338	150M	255	0	3	0.7299171686172485	ambig_opp_strand	unspliced	1437	12	ENST00000388718.5	FLG2	ENSG00000143520.6	mrna
A00839:75:H7MFFDSXY:3:1645:23421:31156	chr1	152357492	152357641	False	280	150M	255	0	5	0.3355240821838379	ambig_opp_strand	unspliced	-1	12	.	.	.	mrna
A00839:75:H7MFFDSXY:3:1265:23267:11193	chr1	152354179	152354328	True	-372	150M	255	0	25	0.011933773756027222	ambig_opp_strand	unspliced	1437	12	RIGEL_NRNA_chr1_1_152189332_152365557		RIGEL_NRNA_chr1_1_152189332_152365557	nrna
A00839:75:H7MFFDSXY:3:2626:15374:18912	chr1	152352867	152353016	True	-393	150M	255	1	5	0.9327429533004761	ambig_opp_strand	unspliced	-1	12	.	.	.	mrna
A00839:75:H7MFFDSXY:3:1351:3432:1611	chr1	152354192	152354341	True	-289	150M	255	0	25	0.05863901600241661	ambig_opp_strand	unspliced	1437	12	RIGEL_NRNA_chr1_1_152189332_152365557		RIGEL_NRNA_chr1_1_152189332_152365557	nrna
A00839:75:H7MFFDSXY:3:2469:21766:24189	chr1	152353481	152353630	True	-209	150M	255	0	25	0.8222047090530396	ambig_opp_strand	unspliced	1437	12	RIGEL_NRNA_chr1_1_152335378_152364080		RIGEL_NRNA_chr1_1_152335378_152364080	nrna
A00839:75:H7MFFDSXY:3:2343:17345:28839	chr1	152351160	152351309	True	-372	150M	255	0	5	0.8373576998710632	ambig_opp_strand	unspliced	-1	12	.	.	.	mrna
A00839:75:H7MFFDSXY:3:1131:14995:27649	chr1	152357343	152357492	False	241	150M	255	0	3	0.8753105998039246	ambig_opp_strand	unspliced	1437	12	ENST00000388718.5	FLG2	ENSG00000143520.6	mrna
A00839:75:H7MFFDSXY:3:1536:22607:11992	chr1	152351754	152351903	False	265	150M	255	0	3	0.866584837436676	ambig_opp_strand	unspliced	1437	12	ENST00000388718.5	FLG2	ENSG00000143520.6	mrna
A00839:75:H7MFFDSXY:3:2458:21649:25050	chr1	152353770	152353919	False	398	150M	255	1	5	0.7604587078094482	ambig_opp_strand	unspliced	-1	12	.	.	.	mrna
A00839:75:H7MFFDSXY:3:1604:17635:36980	chr1	152350527	152350676	False	485	150M	255	0	5	0.7584025859832764	ambig_opp_strand	unspliced	-1	12	.	.	.	mrna
A00839:75:H7MFFDSXY:3:1664:15284:23359	chr1	152351800	152351903	True	-329	104M	255	0	5	0.42018356919288635	ambig_opp_strand	unspliced	-1	12	.	.	.	mrna
A00839:75:H7MFFDSXY:3:1469:4526:27211	chr1	152351435	152351584	False	431	150M	255	0	3	0.22184748947620392	ambig_opp_strand	unspliced	1437	12	ENST00000388718.5	FLG2	ENSG00000143520.6	mrna
A00839:75:H7MFFDSXY:3:1367:1805:22028	chr1	152357101	152357250	True	-314	150M	255	0	25	0.6241238117218018	ambig_opp_strand	unspliced	1437	12	RIGEL_NRNA_chr1_1_152335378_152364080		RIGEL_NRNA_chr1_1_152335378_152364080	nrna
A00839:75:H7MFFDSXY:3:2427:10773:25848	chr1	152353182	152353331	False	225	150M	255	0	3	0.8769586086273193	ambig_opp_strand	unspliced	1437	12	ENST00000388718.5	FLG2	ENSG00000143520.6	mrna
A00839:75:H7MFFDSXY:3:2153:1904:5196	chr1	152351409	152351558	False	441	150M	255	0	5	0.7737547159194946	ambig_opp_strand	unspliced	-1	12	.	.	.	mrna
A00839:75:H7MFFDSXY:3:1122:2320:14278	chr1	152351800	152351949	False	242	150M	255	2	3	0.8752695918083191	ambig_opp_strand	unspliced	1437	12	ENST00000388718.5	FLG2	ENSG00000143520.6	mrna
A00839:75:H7MFFDSXY:3:2434:7581:20729	chr1	152352883	152353032	True	-228	150M	255	0	25	0.06565859168767929	ambig_opp_strand	unspliced	1437	12	RIGEL_NRNA_chr1_1_152189332_152365557		RIGEL_NRNA_chr1_1_152189332_152365557	nrna
A00839:75:H7MFFDSXY:3:1336:10710:21981	chr1	152355725	152355874	True	-221	150M	255	4	25	0.8231969475746155	ambig_opp_strand	unspliced	1437	12	RIGEL_NRNA_chr1_1_152335378_152364080		RIGEL_NRNA_chr1_1_152335378_152364080	nrna
A00839:75:H7MFFDSXY:3:1201:29225:15405	chr1	152355186	152355247	True	-293	62M	255	0	25	0.7220555543899536	ambig_opp_strand	unspliced	1437	12	RIGEL_NRNA_chr1_1_152335378_152364080		RIGEL_NRNA_chr1_1_152335378_152364080	nrna
A00839:75:H7MFFDSXY:3:1644:23981:17660	chr1	152356342	152356491	True	-187	150M	255	0	25	0.8097931146621704	ambig_opp_strand	unspliced	1437	12	RIGEL_NRNA_chr1_1_152335378_152364080		RIGEL_NRNA_chr1_1_152335378_152364080	nrna
A00839:75:H7MFFDSXY:3:1168:30129:18035	chr1	152352330	152352468	True	-139	139M	255	0	25	0.6693040132522583	ambig_opp_strand	unspliced	1437	12	RIGEL_NRNA_chr1_1_152335378_152364080		RIGEL_NRNA_chr1_1_152335378_152364080	nrna
A00839:75:H7MFFDSXY:3:2456:17734:27884	chr1	152356664	152356813	False	264	150M	255	0	3	0.8675110936164856	ambig_opp_strand	unspliced	1437	12	ENST00000388718.5	FLG2	ENSG00000143520.6	mrna
A00839:75:H7MFFDSXY:3:2505:26259:12179	chr1	152351074	152351223	False	335	150M	255	0	3	0.7424190044403076	ambig_opp_strand	unspliced	1437	12	ENST00000388718.5	FLG2	ENSG00000143520.6	mrna
A00839:75:H7MFFDSXY:3:1317:28248:8547	chr1	152356314	152356463	True	-457	150M	255	0	5	0.9340350031852722	ambig_opp_strand	unspliced	-1	12	.	.	.	mrna
A00839:75:H7MFFDSXY:3:1323:15546:9690	chr1	152355324	152355473	False	258	150M	255	0	3	0.8701720237731934	ambig_opp_strand	unspliced	1437	12	ENST00000388718.5	FLG2	ENSG00000143520.6	mrna
A00839:75:H7MFFDSXY:3:1302:32570:10645	chr1	152356401	152356550	True	-334	150M	255	2	5	0.460141122341156	ambig_opp_strand	unspliced	-1	12	.	.	.	mrna
A00839:75:H7MFFDSXY:3:2446:9200:4867	chr1	152356854	152357003	True	-371	150M	255	0	5	0.838139533996582	ambig_opp_strand	unspliced	-1	12	.	.	.	mrna
A00839:75:H7MFFDSXY:3:2314:29396:32988	chr1	152356789	152356938	True	-254	150M	255	0	25	0.8055039048194885	ambig_opp_strand	unspliced	1437	12	RIGEL_NRNA_chr1_1_152335378_152364080		RIGEL_NRNA_chr1_1_152335378_152364080	nrna
A00839:75:H7MFFDSXY:3:1415:26024:15499	chr1	152355262	152355411	False	185	150M	255	0	3	0.8726198673248291	ambig_opp_strand	unspliced	1437	12	ENST00000388718.5	FLG2	ENSG00000143520.6	mrna
A00839:75:H7MFFDSXY:3:1425:13729:6449	chr1	152357067	152357216	True	-362	150M	255	0	5	0.7521462440490723	ambig_opp_strand	unspliced	-1	12	.	.	.	mrna
A00839:75:H7MFFDSXY:3:1402:19180:7560	chr1	152354794	152354943	True	-429	150M	255	0	5	0.9305570721626282	ambig_opp_strand	unspliced	-1	12	.	.	.	mrna
A00839:75:H7MFFDSXY:3:2444:31566:31234	chr1	152353444	152353551	True	-339	108M	255	0	25	0.4535009562969208	ambig_opp_strand	unspliced	1437	12	RIGEL_NRNA_chr1_1_152335378_152364080		RIGEL_NRNA_chr1_1_152335378_152364080	nrna
A00839:75:H7MFFDSXY:3:1127:15609:12023	chr1	152351508	152351568	False	286	61M	255	0	3	0.852739691734314	ambig_opp_strand	unspliced	1437	12	ENST00000388718.5	FLG2	ENSG00000143520.6	mrna
A00839:75:H7MFFDSXY:3:2443:18231:3787	chr1	152356444	152356593	True	-173	150M	255	0	25	0.7939308881759644	ambig_opp_strand	unspliced	1437	12	RIGEL_NRNA_chr1_1_152335378_152364080		RIGEL_NRNA_chr1_1_152335378_152364080	nrna
A00839:75:H7MFFDSXY:3:1648:14281:23249	chr1	152353616	152353765	False	327	150M	255	0	3	0.7761815786361694	ambig_opp_strand	unspliced	1437	12	ENST00000388718.5	FLG2	ENSG00000143520.6	mrna
A00839:75:H7MFFDSXY:3:1138:28230:32440	chr1	152356643	152356792	False	194	150M	255	0	3	0.8749577403068542	ambig_opp_strand	unspliced	1437	12	ENST00000388718.5	FLG2	ENSG00000143520.6	mrna
A00839:75:H7MFFDSXY:3:2215:25183:31046	chr1	152351083	152351232	False	199	150M	255	0	3	0.8754372596740723	ambig_opp_strand	unspliced	1437	12	ENST00000388718.5	FLG2	ENSG00000143520.6	mrna
A00839:75:H7MFFDSXY:3:1434:24939:30655	chr1	152353605	152353754	False	282	150M	255	1	3	0.8560124039649963	ambig_opp_strand	unspliced	1437	12	ENST00000388718.5	FLG2	ENSG00000143520.6	mrna
A00839:75:H7MFFDSXY:3:1475:31213:19006	chr1	152357473	152357622	False	320	150M	255	0	25	0.43062061071395874	ambig_opp_strand	unspliced	1437	12	RIGEL_NRNA_chr1_2_152348734_152360006		RIGEL_NRNA_chr1_2_152348734_152360006	nrna
A00839:75:H7MFFDSXY:3:2120:8260:36558	chr1	152352588	152352737	False	586	150M	255	0	5	0.5075677633285522	ambig_opp_strand	unspliced	-1	12	.	.	.	mrna
A00839:75:H7MFFDSXY:3:2177:29206:11271	chr1	152353190	152353339	True	-444	150M	255	0	5	0.9350661039352417	ambig_opp_strand	unspliced	-1	12	.	.	.	mrna
A00839:75:H7MFFDSXY:3:1503:5773:14559	chr1	152356323	152356472	False	408	150M	255	0	5	0.7774752974510193	ambig_opp_strand	unspliced	-1	12	.	.	.	mrna
A00839:75:H7MFFDSXY:3:2627:32470:24220	chr1	152351052	152351201	False	318	150M	255	0	3	0.8020117878913879	ambig_opp_strand	unspliced	1437	12	ENST00000388718.5	FLG2	ENSG00000143520.6	mrna
A00839:75:H7MFFDSXY:3:1119:20356:1485	chr1	152355382	152355502	True	-346	121M	255	0	5	0.5845625996589661	ambig_opp_strand	unspliced	-1	12	.	.	.	mrna
A00839:75:H7MFFDSXY:3:1352:28339:5948	chr1	152354115	152354264	False	397	150M	255	0	5	0.7643638253211975	ambig_opp_strand	unspliced	-1	12	.	.	.	mrna
A00839:75:H7MFFDSXY:3:2459:9905:1642	chr1	152357525	152357674	True	-295	150M	255	0	25	0.7152984142303467	ambig_opp_strand	unspliced	1437	12	RIGEL_NRNA_chr1_1_152335378_152364080		RIGEL_NRNA_chr1_1_152335378_152364080	nrna
A00839:75:H7MFFDSXY:3:2569:29062:17628	chr1	152356264	152356413	True	-226	150M	255	0	25	0.8230476379394531	ambig_opp_strand	unspliced	1437	12	RIGEL_NRNA_chr1_1_152335378_152364080		RIGEL_NRNA_chr1_1_152335378_152364080	nrna
A00839:75:H7MFFDSXY:3:1140:29658:26960	chr1	152350657	152350806	False	471	150M	255	0	5	0.7672348022460938	ambig_opp_strand	unspliced	-1	12	.	.	.	mrna
A00839:75:H7MFFDSXY:3:1642:16360:11945	chr1	152352145	152352294	True	-415	150M	255	0	5	0.9330500960350037	ambig_opp_strand	unspliced	-1	12	.	.	.	mrna
A00839:75:H7MFFDSXY:3:2663:21739:28463	chr1	152352674	152352823	True	-234	150M	255	0	25	0.8202083706855774	ambig_opp_strand	unspliced	1437	12	RIGEL_NRNA_chr1_1_152335378_152364080		RIGEL_NRNA_chr1_1_152335378_152364080	nrna
A00839:75:H7MFFDSXY:3:1632:1642:34272	chr1	152352899	152353048	True	-158	150M	255	0	25	0.7563347816467285	ambig_opp_strand	unspliced	1437	12	RIGEL_NRNA_chr1_1_152335378_152364080		RIGEL_NRNA_chr1_1_152335378_152364080	nrna
A00839:75:H7MFFDSXY:3:1139:9706:10191	chr1	152355195	152355344	False	445	150M	255	0	5	0.7217011451721191	ambig_opp_strand	unspliced	-1	12	.	.	.	mrna
A00839:75:H7MFFDSXY:3:2126:10113:31970	chr1	152356400	152356549	True	-217	150M	255	0	25	0.8242904543876648	ambig_opp_strand	unspliced	1437	12	RIGEL_NRNA_chr1_1_152335378_152364080		RIGEL_NRNA_chr1_1_152335378_152364080	nrna
A00839:75:H7MFFDSXY:3:2565:4056:12931	chr1	152352274	152352423	False	367	150M	255	0	3	0.4677174985408783	ambig_opp_strand	unspliced	1437	12	ENST00000388718.5	FLG2	ENSG00000143520.6	mrna
A00839:75:H7MFFDSXY:3:2578:12861:5478	chr1	152356400	152356549	True	-457	150M	255	1	5	0.9340350031852722	ambig_opp_strand	unspliced	-1	12	.	.	.	mrna
A00839:75:H7MFFDSXY:3:1464:16758:7216	chr1	152355000	152355101	False	333	102M	255	0	5	0.1648334413766861	ambig_opp_strand	unspliced	-1	12	.	.	.	mrna
A00839:75:H7MFFDSXY:3:1576:4996:27774	chr1	152350842	152350991	True	-449	150M	255	0	5	0.9288437366485596	ambig_opp_strand	unspliced	-1	12	.	.	.	mrna
A00839:75:H7MFFDSXY:3:1577:14950:9909	chr1	152353371	152353435	False	296	65M	255	0	3	0.8426079154014587	ambig_opp_strand	unspliced	1437	12	ENST00000388718.5	FLG2	ENSG00000143520.6	mrna
A00839:75:H7MFFDSXY:3:2638:21070:19758	chr1	152351080	152351229	False	215	150M	255	0	25	0.09638785570859909	ambig_opp_strand	unspliced	1437	12	RIGEL_NRNA_chr1_2_152348734_152360006		RIGEL_NRNA_chr1_2_152348734_152360006	nrna
A00839:75:H7MFFDSXY:3:1378:2121:23735	chr1	152353132	152353280	False	448	149M	3	3	128	0.0	.	unknown	-1	0	.	.	.	mrna
A00839:75:H7MFFDSXY:3:2601:17228:22467	chr1	152357031	152357180	True	-244	150M	255	0	25	0.06511933356523514	ambig_opp_strand	unspliced	1437	12	RIGEL_NRNA_chr1_1_152189332_152365557		RIGEL_NRNA_chr1_1_152189332_152365557	nrna
A00839:75:H7MFFDSXY:3:1128:22923:2143	chr1	152350615	152350764	False	207	150M	255	0	3	0.8761937618255615	ambig_opp_strand	unspliced	1437	12	ENST00000388718.5	FLG2	ENSG00000143520.6	mrna
A00839:75:H7MFFDSXY:3:2212:17779:20165	chr1	152356798	152356947	True	-362	150M	255	1	25	0.22776493430137634	ambig_opp_strand	unspliced	1437	12	RIGEL_NRNA_chr1_1_152335378_152364080		RIGEL_NRNA_chr1_1_152335378_152364080	nrna
A00839:75:H7MFFDSXY:3:1649:21911:28698	chr1	152356620	152356769	False	302	150M	255	0	3	0.8335878252983093	ambig_opp_strand	unspliced	1437	12	ENST00000388718.5	FLG2	ENSG00000143520.6	mrna
A00839:75:H7MFFDSXY:3:2347:17933:22561	chr1	152351010	152351159	True	-571	150M	255	0	25	0.1649158000946045	ambig_opp_strand	unspliced	1437	12	RIGEL_NRNA_chr1_1_152335378_152364080		RIGEL_NRNA_chr1_1_152335378_152364080	nrna
A00839:75:H7MFFDSXY:3:1641:1181:9925	chr1	152352686	152352835	False	389	150M	255	0	5	0.7682117223739624	ambig_opp_strand	unspliced	-1	12	.	.	.	mrna
A00839:75:H7MFFDSXY:3:2306:17318:2988	chr1	152356115	152356264	False	253	150M	255	0	3	0.8722679615020752	ambig_opp_strand	unspliced	1437	12	ENST00000388718.5	FLG2	ENSG00000143520.6	mrna
A00839:75:H7MFFDSXY:3:1110:32407:12931	chr1	152357191	152357340	True	-252	150M	255	0	25	0.8094927668571472	ambig_opp_strand	unspliced	1437	12	RIGEL_NRNA_chr1_1_152335378_152364080		RIGEL_NRNA_chr1_1_152335378_152364080	nrna
A00839:75:H7MFFDSXY:3:1441:6858:29684	chr1	152355415	152355564	False	416	150M	255	0	5	0.7662903666496277	ambig_opp_strand	unspliced	-1	12	.	.	.	mrna
A00839:75:H7MFFDSXY:3:2419:29125:7529	chr1	152353255	152353404	False	223	150M	255	0	3	0.8770963549613953	ambig_opp_strand	unspliced	1437	12	ENST00000388718.5	FLG2	ENSG00000143520.6	mrna
A00839:75:H7MFFDSXY:3:1244:16125:3552	chr1	152352308	152352457	True	-244	150M	255	0	25	0.8155615329742432	ambig_opp_strand	unspliced	1437	12	RIGEL_NRNA_chr1_1_152335378_152364080		RIGEL_NRNA_chr1_1_152335378_152364080	nrna
A00839:75:H7MFFDSXY:3:1346:13584:20791	chr1	152350766	152350915	True	-351	150M	255	0	5	0.6395323276519775	ambig_opp_strand	unspliced	-1	12	.	.	.	mrna
A00839:75:H7MFFDSXY:3:2571:30834:10864	chr1	152357458	152357607	False	169	150M	255	0	3	0.8659967184066772	ambig_opp_strand	unspliced	1437	12	ENST00000388718.5	FLG2	ENSG00000143520.6	mrna
A00839:75:H7MFFDSXY:3:1178:26702:21809	chr1	152353997	152354146	True	-157	150M	255	0	25	0.7535413503646851	ambig_opp_strand	unspliced	1437	12	RIGEL_NRNA_chr1_1_152335378_152364080		RIGEL_NRNA_chr1_1_152335378_152364080	nrna
A00839:75:H7MFFDSXY:3:1156:29704:30326	chr1	152353655	152353804	False	238	150M	255	0	3	0.8759592771530151	ambig_opp_strand	unspliced	1437	12	ENST00000388718.5	FLG2	ENSG00000143520.6	mrna
A00839:75:H7MFFDSXY:3:2360:15609:3129	chr1	152352785	152352934	True	-376	150M	255	0	5	0.8684738278388977	ambig_opp_strand	unspliced	-1	12	.	.	.	mrna
A00839:75:H7MFFDSXY:3:2136:8576:5196	chr1	152352028	152352177	False	305	150M	255	0	3	0.8292871117591858	ambig_opp_strand	unspliced	1437	12	ENST00000388718.5	FLG2	ENSG00000143520.6	mrna
A00839:75:H7MFFDSXY:3:2326:31566:10441	chr1	152355424	152355573	True	-410	150M	255	0	5	0.9314265847206116	ambig_opp_strand	unspliced	-1	12	.	.	.	mrna
A00839:75:H7MFFDSXY:3:1149:25952:1658	chr1	152356587	152356736	False	276	150M	255	0	3	0.8602300882339478	ambig_opp_strand	unspliced	1437	12	ENST00000388718.5	FLG2	ENSG00000143520.6	mrna
A00839:75:H7MFFDSXY:3:1210:23701:18333	chr1	152350983	152351111	True	-354	129M	255	0	5	0.6764690279960632	ambig_opp_strand	unspliced	-1	12	.	.	.	mrna
A00839:75:H7MFFDSXY:3:2202:14742:9392	chr1	152357569	152357718	True	-291	150M	255	0	25	0.7303147912025452	ambig_opp_strand	unspliced	1437	12	RIGEL_NRNA_chr1_1_152335378_152364080		RIGEL_NRNA_chr1_1_152335378_152364080	nrna
A00839:75:H7MFFDSXY:3:2178:30219:5259	chr1	152354384	152354533	True	-402	150M	255	0	5	0.9336009621620178	ambig_opp_strand	unspliced	-1	12	.	.	.	mrna
A00839:75:H7MFFDSXY:3:2631:15682:32409	chr1	152354229	152354378	False	252	150M	255	0	3	0.8729961514472961	ambig_opp_strand	unspliced	1437	12	ENST00000388718.5	FLG2	ENSG00000143520.6	mrna
A00839:75:H7MFFDSXY:3:1467:5602:27289	chr1	152350790	152350939	True	-321	150M	255	0	25	0.5853351950645447	ambig_opp_strand	unspliced	1437	12	RIGEL_NRNA_chr1_1_152335378_152364080		RIGEL_NRNA_chr1_1_152335378_152364080	nrna
A00839:75:H7MFFDSXY:3:2572:23827:20901	chr1	152354954	152355101	False	379	148M	255	0	5	0.6569666266441345	ambig_opp_strand	unspliced	-1	12	.	.	.	mrna
A00839:75:H7MFFDSXY:3:1564:17924:17722	chr1	152353244	152353327	False	315	84M	255	0	3	0.809950590133667	ambig_opp_strand	unspliced	1437	12	ENST00000388718.5	FLG2	ENSG00000143520.6	mrna
A00839:75:H7MFFDSXY:3:2632:26115:28213	chr1	152352765	152352914	False	460	150M	255	0	3	0.20872893929481506	ambig_opp_strand	unspliced	1437	12	ENST00000388718.5	FLG2	ENSG00000143520.6	mrna
A00839:75:H7MFFDSXY:3:1623:23665:28040	chr1	152351651	152351799	True	-241	149M1S	255	0	25	0.8178310394287109	ambig_opp_strand	unspliced	1437	12	RIGEL_NRNA_chr1_1_152335378_152364080		RIGEL_NRNA_chr1_1_152335378_152364080	nrna
A00839:75:H7MFFDSXY:3:1168:23909:4194	chr1	152352479	152352628	False	454	150M	255	0	5	0.7689502835273743	ambig_opp_strand	unspliced	-1	12	.	.	.	mrna
A00839:75:H7MFFDSXY:3:2322:27290:10457	chr1	152356136	152356285	False	363	150M	255	0	3	0.5199803113937378	ambig_opp_strand	unspliced	1437	12	ENST00000388718.5	FLG2	ENSG00000143520.6	mrna
A00839:75:H7MFFDSXY:3:2176:21649:18975	chr1	152354146	152354295	False	225	150M	255	0	3	0.8769586086273193	ambig_opp_strand	unspliced	1437	12	ENST00000388718.5	FLG2	ENSG00000143520.6	mrna
A00839:75:H7MFFDSXY:3:1501:17635:1251	chr1	152350641	152350790	False	248	150M	255	0	3	0.8739234805107117	ambig_opp_strand	unspliced	1437	12	ENST00000388718.5	FLG2	ENSG00000143520.6	mrna
A00839:75:H7MFFDSXY:3:2554:10285:2863	chr1	152356256	152356405	False	305	150M	255	0	3	0.8292871117591858	ambig_opp_strand	unspliced	1437	12	ENST00000388718.5	FLG2	ENSG00000143520.6	mrna
A00839:75:H7MFFDSXY:3:2176:22336:15405	chr1	152355356	152355505	False	357	150M	255	0	3	0.5842913389205933	ambig_opp_strand	unspliced	1437	12	ENST00000388718.5	FLG2	ENSG00000143520.6	mrna
A00839:75:H7MFFDSXY:3:1639:4779:15374	chr1	152354588	152354737	False	215	150M	255	0	3	0.8770505785942078	ambig_opp_strand	unspliced	1437	12	ENST00000388718.5	FLG2	ENSG00000143520.6	mrna
A00839:75:H7MFFDSXY:3:2140:18683:23484	chr1	152358738	152358887	False	227	150M	255	1	25	0.7812876105308533	ambig_opp_strand	unspliced	1437	12	RIGEL_NRNA_chr1_2_152348734_152360006		RIGEL_NRNA_chr1_2_152348734_152360006	nrna
A00839:75:H7MFFDSXY:3:1307:26775:23719	chr1	152357025	152357174	False	416	150M	255	0	3	0.21053102612495422	ambig_opp_strand	unspliced	1437	12	ENST00000388718.5	FLG2	ENSG00000143520.6	mrna
A00839:75:H7MFFDSXY:3:1218:27769:20932	chr1	152350814	152350963	False	360	150M	255	0	5	0.3853986859321594	ambig_opp_strand	unspliced	-1	12	.	.	.	mrna
A00839:75:H7MFFDSXY:3:2311:5837:4711	chr1	152351801	152351950	False	336	150M	255	0	3	0.7415010929107666	ambig_opp_strand	unspliced	1437	12	ENST00000388718.5	FLG2	ENSG00000143520.6	mrna
A00839:75:H7MFFDSXY:3:2516:23692:34632	chr1	152351358	152351507	False	359	150M	255	0	3	0.561823308467865	ambig_opp_strand	unspliced	1437	12	ENST00000388718.5	FLG2	ENSG00000143520.6	mrna
A00839:75:H7MFFDSXY:3:1166:21007:1517	chr1	152352963	152353070	True	-339	108M	255	0	5	0.5065005421638489	ambig_opp_strand	unspliced	-1	12	.	.	.	mrna
A00839:75:H7MFFDSXY:3:1334:21974:13557	chr1	152354030	152354179	False	275	150M	255	0	3	0.8607215881347656	ambig_opp_strand	unspliced	1437	12	ENST00000388718.5	FLG2	ENSG00000143520.6	mrna
A00839:75:H7MFFDSXY:3:1437:30879:32925	chr1	152351961	152352110	False	215	150M	255	0	3	0.8770505785942078	ambig_opp_strand	unspliced	1437	12	ENST00000388718.5	FLG2	ENSG00000143520.6	mrna
A00839:75:H7MFFDSXY:3:2111:1208:11851	chr1	152357097	152357246	True	-373	150M	255	0	5	0.8492746353149414	ambig_opp_strand	unspliced	-1	12	.	.	.	mrna
A00839:75:H7MFFDSXY:3:1152:22001:20212	chr1	152352433	152352537	True	-336	105M	255	0	25	0.48075684905052185	ambig_opp_strand	unspliced	1437	12	RIGEL_NRNA_chr1_1_152335378_152364080		RIGEL_NRNA_chr1_1_152335378_152364080	nrna
A00839:75:H7MFFDSXY:3:1526:24216:10958	chr1	152354551	152354700	True	-335	150M	255	4	25	0.4823647737503052	ambig_opp_strand	unspliced	1437	12	RIGEL_NRNA_chr1_1_152335378_152364080		RIGEL_NRNA_chr1_1_152335378_152364080	nrna
A00839:75:H7MFFDSXY:3:2441:2998:33332	chr1	152351708	152351857	True	-467	150M	255	0	5	0.9381064772605896	ambig_opp_strand	unspliced	-1	12	.	.	.	mrna
A00839:75:H7MFFDSXY:3:2105:9588:1313	chr1	152354758	152354907	False	189	150M	255	0	3	0.8737170696258545	ambig_opp_strand	unspliced	1437	12	ENST00000388718.5	FLG2	ENSG00000143520.6	mrna
A00839:75:H7MFFDSXY:3:1433:14742:22013	chr1	152354592	152354673	True	-313	82M	255	0	25	0.6313621997833252	ambig_opp_strand	unspliced	1437	12	RIGEL_NRNA_chr1_1_152335378_152364080		RIGEL_NRNA_chr1_1_152335378_152364080	nrna
A00839:75:H7MFFDSXY:3:2208:32524:20682	chr1	152352616	152352765	True	-421	150M	255	0	5	0.9397541880607605	ambig_opp_strand	unspliced	-1	12	.	.	.	mrna
A00839:75:H7MFFDSXY:3:2635:18457:2644	chr1	152352831	152352980	True	-424	150M	255	0	5	0.9342143535614014	ambig_opp_strand	unspliced	-1	12	.	.	.	mrna
A00839:75:H7MFFDSXY:3:2433:17092:27023	chr1	152358738	152358887	True	-373	150M	255	0	5	0.8496423363685608	ambig_opp_strand	unspliced	-1	12	.	.	.	mrna
A00839:75:H7MFFDSXY:3:2477:16658:23891	chr1	152353239	152353284	False	277	46M	255	0	3	0.8593738079071045	ambig_opp_strand	unspliced	1437	12	ENST00000388718.5	FLG2	ENSG00000143520.6	mrna
A00839:75:H7MFFDSXY:3:1215:17119:34648	chr1	152353574	152353717	False	144	144M	255	0	25	0.09215060621500015	ambig_opp_strand	unspliced	1437	12	RIGEL_NRNA_chr1_2_152348734_152360006		RIGEL_NRNA_chr1_2_152348734_152360006	nrna
A00839:75:H7MFFDSXY:3:1426:14687:32534	chr1	152351305	152351368	True	-289	64M	255	0	5	0.20082490146160126	ambig_opp_strand	unspliced	-1	12	.	.	.	mrna
A00839:75:H7MFFDSXY:3:1540:2347:8688	chr1	152356091	152356240	False	265	150M	255	0	3	0.866584837436676	ambig_opp_strand	unspliced	1437	12	ENST00000388718.5	FLG2	ENSG00000143520.6	mrna
A00839:75:H7MFFDSXY:3:1355:10194:13698	chr1	152355364	152355513	True	-301	150M	255	0	25	0.6893414258956909	ambig_opp_strand	unspliced	1437	12	RIGEL_NRNA_chr1_1_152335378_152364080		RIGEL_NRNA_chr1_1_152335378_152364080	nrna
A00839:75:H7MFFDSXY:3:2250:3739:5462	chr1	152352613	152352714	True	-327	102M	255	0	5	0.4051867425441742	ambig_opp_strand	unspliced	-1	12	.	.	.	mrna
A00839:75:H7MFFDSXY:3:2107:7039:25269	chr1	152350808	152350957	False	605	150M	255	0	3	0.5963396430015564	ambig_opp_strand	unspliced	1437	12	ENST00000388718.5	FLG2	ENSG00000143520.6	mrna
A00839:75:H7MFFDSXY:3:2257:18267:13119	chr1	152352504	152352653	False	549	150M	255	0	5	0.6249542236328125	ambig_opp_strand	unspliced	-1	12	.	.	.	mrna
A00839:75:H7MFFDSXY:3:1517:10158:13260	chr1	152352902	152353051	False	470	150M	255	0	5	0.7637872099876404	ambig_opp_strand	unspliced	-1	12	.	.	.	mrna
A00839:75:H7MFFDSXY:3:2446:21549:3521	chr1	152354194	152354343	True	-272	150M	255	0	5	0.1570960283279419	ambig_opp_strand	unspliced	-1	12	.	.	.	mrna
A00839:75:H7MFFDSXY:3:2675:15953:3004	chr1	152352786	152352848	False	294	63M	255	0	3	0.8449952006340027	ambig_opp_strand	unspliced	1437	12	ENST00000388718.5	FLG2	ENSG00000143520.6	mrna
A00839:75:H7MFFDSXY:3:2516:13367:31657	chr1	152352367	152352516	False	423	150M	255	0	5	0.7746953964233398	ambig_opp_strand	unspliced	-1	12	.	.	.	mrna
A00839:75:H7MFFDSXY:3:1266:16514:28995	chr1	152350780	152350929	False	229	150M	255	0	25	0.0963144600391388	ambig_opp_strand	unspliced	1437	12	RIGEL_NRNA_chr1_2_152348734_152360006		RIGEL_NRNA_chr1_2_152348734_152360006	nrna
A00839:75:H7MFFDSXY:3:1551:26621:23923	chr1	152351645	152351794	False	159	150M	255	0	25	0.09438671171665192	ambig_opp_strand	unspliced	1437	12	RIGEL_NRNA_chr1_2_152348734_152360006		RIGEL_NRNA_chr1_2_152348734_152360006	nrna
A00839:75:H7MFFDSXY:3:1515:13214:13823	chr1	152354356	152354505	False	295	150M	255	0	3	0.8436314463615417	ambig_opp_strand	unspliced	1437	12	ENST00000388718.5	FLG2	ENSG00000143520.6	mrna
A00839:75:H7MFFDSXY:3:2260:17544:12712	chr1	152352321	152352470	True	-269	150M	255	0	25	0.7800508737564087	ambig_opp_strand	unspliced	1437	12	RIGEL_NRNA_chr1_1_152335378_152364080		RIGEL_NRNA_chr1_1_152335378_152364080	nrna
A00839:75:H7MFFDSXY:3:1357:21594:21950	chr1	152350757	152350906	False	322	150M	255	0	3	0.7910903096199036	ambig_opp_strand	unspliced	1437	12	ENST00000388718.5	FLG2	ENSG00000143520.6	mrna
A00839:75:H7MFFDSXY:3:1203:13413:18270	chr1	152352150	152352299	False	255	150M	255	0	3	0.871295154094696	ambig_opp_strand	unspliced	1437	12	ENST00000388718.5	FLG2	ENSG00000143520.6	mrna
A00839:75:H7MFFDSXY:3:2262:18096:5556	chr1	152356028	152356177	True	-436	150M	255	0	5	0.928374707698822	ambig_opp_strand	unspliced	-1	12	.	.	.	mrna
A00839:75:H7MFFDSXY:3:1525:29704:11350	chr1	152352231	152352380	True	-154	150M	255	0	25	0.745502233505249	ambig_opp_strand	unspliced	1437	12	RIGEL_NRNA_chr1_1_152335378_152364080		RIGEL_NRNA_chr1_1_152335378_152364080	nrna
A00839:75:H7MFFDSXY:3:2672:25057:8155	chr1	152354110	152354259	True	-346	150M	255	0	25	0.38176587224006653	ambig_opp_strand	unspliced	1437	12	RIGEL_NRNA_chr1_1_152335378_152364080		RIGEL_NRNA_chr1_1_152335378_152364080	nrna
A00839:75:H7MFFDSXY:3:2128:16432:29418	chr1	152352399	152352548	False	431	150M	255	0	5	0.7537279725074768	ambig_opp_strand	unspliced	-1	12	.	.	.	mrna
A00839:75:H7MFFDSXY:3:1176:25681:29309	chr1	152355479	152355585	False	338	107M	255	0	5	0.18972191214561462	ambig_opp_strand	unspliced	-1	12	.	.	.	mrna
A00839:75:H7MFFDSXY:3:2430:7536:11757	chr1	152353022	152353156	True	-366	135M	255	0	25	0.19375552237033844	ambig_opp_strand	unspliced	1437	12	RIGEL_NRNA_chr1_1_152335378_152364080		RIGEL_NRNA_chr1_1_152335378_152364080	nrna
A00839:75:H7MFFDSXY:3:1106:15790:16000	chr1	152351801	152351950	False	240	150M	255	0	3	0.8755958676338196	ambig_opp_strand	unspliced	1437	12	ENST00000388718.5	FLG2	ENSG00000143520.6	mrna
A00839:75:H7MFFDSXY:3:2303:12481:4883	chr1	152353820	152353969	True	-334	150M	255	0	25	0.496102899312973	ambig_opp_strand	unspliced	1437	12	RIGEL_NRNA_chr1_1_152335378_152364080		RIGEL_NRNA_chr1_1_152335378_152364080	nrna
A00839:75:H7MFFDSXY:3:2608:13657:16877	chr1	152351702	152351851	False	284	150M	255	0	5	0.051347799599170685	ambig_opp_strand	unspliced	-1	12	.	.	.	mrna
A00839:75:H7MFFDSXY:3:1102:8504:36793	chr1	152353620	152353769	False	300	150M	255	0	3	0.8364787697792053	ambig_opp_strand	unspliced	1437	12	ENST00000388718.5	FLG2	ENSG00000143520.6	mrna
A00839:75:H7MFFDSXY:3:2316:23782:4445	chr1	152357179	152357328	False	276	150M	255	0	5	0.04506205767393112	ambig_opp_strand	unspliced	-1	12	.	.	.	mrna
A00839:75:H7MFFDSXY:3:1352:24768:28667	chr1	152353496	152353645	False	473	150M	255	0	5	0.7637590169906616	ambig_opp_strand	unspliced	-1	12	.	.	.	mrna
A00839:75:H7MFFDSXY:3:2123:11433:19601	chr1	152351540	152351654	False	340	115M	255	0	25	0.07868995517492294	ambig_opp_strand	unspliced	1437	12	RIGEL_NRNA_chr1_2_152348734_152360006		RIGEL_NRNA_chr1_2_152348734_152360006	nrna
A00839:75:H7MFFDSXY:3:1156:12599:27665	chr1	152357488	152357637	True	-330	150M	255	0	25	0.528235673904419	ambig_opp_strand	unspliced	1437	12	RIGEL_NRNA_chr1_1_152335378_152364080		RIGEL_NRNA_chr1_1_152335378_152364080	nrna
A00839:75:H7MFFDSXY:3:2213:13422:13714	chr1	152350483	152350632	False	523	150M	255	0	5	0.6915748119354248	ambig_opp_strand	unspliced	-1	12	.	.	.	mrna
A00839:75:H7MFFDSXY:3:1525:25129:9909	chr1	152356228	152356377	True	-359	150M	255	0	5	0.7190709114074707	ambig_opp_strand	unspliced	-1	12	.	.	.	mrna
A00839:75:H7MFFDSXY:3:2260:9453:21339	chr1	152357358	152357507	True	-307	150M	255	0	25	0.6614903211593628	ambig_opp_strand	unspliced	1437	12	RIGEL_NRNA_chr1_1_152335378_152364080		RIGEL_NRNA_chr1_1_152335378_152364080	nrna
A00839:75:H7MFFDSXY:3:2413:16658:21167	chr1	152356772	152356921	True	-403	150M	255	0	5	0.9339234828948975	ambig_opp_strand	unspliced	-1	12	.	.	.	mrna
A00839:75:H7MFFDSXY:3:1332:1253:21355	chr1	152353775	152353924	True	-666	150M	255	0	25	0.6149269938468933	ambig_opp_strand	unspliced	1437	12	RIGEL_NRNA_chr1_1_152335378_152364080		RIGEL_NRNA_chr1_1_152335378_152364080	nrna
A00839:75:H7MFFDSXY:3:1336:5231:4883	chr1	152351390	152351461	False	297	72M	255	0	3	0.8415139317512512	ambig_opp_strand	unspliced	1437	12	ENST00000388718.5	FLG2	ENSG00000143520.6	mrna
A00839:75:H7MFFDSXY:3:2637:21332:1611	chr1	152350504	152350653	False	339	150M	255	0	3	0.7253321409225464	ambig_opp_strand	unspliced	1437	12	ENST00000388718.5	FLG2	ENSG00000143520.6	mrna
A00839:75:H7MFFDSXY:3:2307:21838:6715	chr1	152352420	152352569	False	350	150M	255	0	3	0.6434367299079895	ambig_opp_strand	unspliced	1437	12	ENST00000388718.5	FLG2	ENSG00000143520.6	mrna
A00839:75:H7MFFDSXY:3:1175:27407:27853	chr1	152351958	152352107	False	398	150M	255	0	5	0.7604586482048035	ambig_opp_strand	unspliced	-1	12	.	.	.	mrna
A00839:75:H7MFFDSXY:3:1541:12481:2253	chr1	152353629	152353778	False	309	150M	255	0	3	0.8205549716949463	ambig_opp_strand	unspliced	1437	12	ENST00000388718.5	FLG2	ENSG00000143520.6	mrna
A00839:75:H7MFFDSXY:3:2133:9209:36980	chr1	152355337	152355486	False	920	150M	255	0	3	0.861208438873291	ambig_opp_strand	unspliced	1437	12	ENST00000388718.5	FLG2	ENSG00000143520.6	mrna
A00839:75:H7MFFDSXY:3:1355:15980:18834	chr1	152356329	152356478	True	-365	150M	255	0	25	0.20821602642536163	ambig_opp_strand	unspliced	1437	12	RIGEL_NRNA_chr1_1_152335378_152364080		RIGEL_NRNA_chr1_1_152335378_152364080	nrna
A00839:75:H7MFFDSXY:3:1516:21025:19304	chr1	152353060	152353204	False	312	145M	255	0	3	0.8142598867416382	ambig_opp_strand	unspliced	1437	12	ENST00000388718.5	FLG2	ENSG00000143520.6	mrna
A00839:75:H7MFFDSXY:3:2440:11379:27743	chr1	152357046	152357195	True	-205	150M	255	0	25	0.8211627006530762	ambig_opp_strand	unspliced	1437	12	RIGEL_NRNA_chr1_1_152335378_152364080		RIGEL_NRNA_chr1_1_152335378_152364080	nrna
A00839:75:H7MFFDSXY:3:2373:12834:25003	chr1	152356664	152356813	True	-292	150M	255	0	5	0.2106437385082245	ambig_opp_strand	unspliced	-1	12	.	.	.	mrna
A00839:75:H7MFFDSXY:3:1122:30337:33865	chr1	152352959	152353108	False	464	150M	255	0	5	0.7716695070266724	ambig_opp_strand	unspliced	-1	12	.	.	.	mrna
A00839:75:H7MFFDSXY:3:1559:18222:30264	chr1	152355485	152355634	False	269	150M	255	1	3	0.8645336031913757	ambig_opp_strand	unspliced	1437	12	ENST00000388718.5	FLG2	ENSG00000143520.6	mrna
A00839:75:H7MFFDSXY:3:1278:13476:35227	chr1	152353347	152353496	True	-317	150M	255	0	5	0.33711448311805725	ambig_opp_strand	unspliced	-1	12	.	.	.	mrna
A00839:75:H7MFFDSXY:3:2404:8901:24549	chr1	152354188	152354337	True	-194	150M	255	0	25	0.816551685333252	ambig_opp_strand	unspliced	1437	12	RIGEL_NRNA_chr1_1_152335378_152364080		RIGEL_NRNA_chr1_1_152335378_152364080	nrna
A00839:75:H7MFFDSXY:3:2177:31720:11647	chr1	152356725	152356874	True	-388	150M	255	0	5	0.9266822934150696	ambig_opp_strand	unspliced	-1	12	.	.	.	mrna
A00839:75:H7MFFDSXY:3:2267:26775:15796	chr1	152356665	152356814	False	319	150M	255	0	3	0.7983585596084595	ambig_opp_strand	unspliced	1437	12	ENST00000388718.5	FLG2	ENSG00000143520.6	mrna
A00839:75:H7MFFDSXY:3:2154:14696:5682	chr1	152350909	152351058	False	444	150M	255	0	5	0.7724506855010986	ambig_opp_strand	unspliced	-1	12	.	.	.	mrna
A00839:75:H7MFFDSXY:3:2172:11487:7795	chr1	152355180	152355248	True	-300	69M	255	0	25	0.6928614974021912	ambig_opp_strand	unspliced	1437	12	RIGEL_NRNA_chr1_1_152335378_152364080		RIGEL_NRNA_chr1_1_152335378_152364080	nrna
A00839:75:H7MFFDSXY:3:2550:22128:17331	chr1	152354431	152354580	True	-460	150M	255	0	5	0.9336235523223877	ambig_opp_strand	unspliced	-1	12	.	.	.	mrna
A00839:75:H7MFFDSXY:3:2309:20717:9878	chr1	152354239	152354388	True	-224	150M	255	0	5	0.10418424010276794	ambig_opp_strand	unspliced	-1	12	.	.	.	mrna
A00839:75:H7MFFDSXY:3:1152:20482:26694	chr1	152355796	152355945	False	242	150M	255	0	3	0.8752695918083191	ambig_opp_strand	unspliced	1437	12	ENST00000388718.5	FLG2	ENSG00000143520.6	mrna
A00839:75:H7MFFDSXY:3:1240:11568:1329	chr1	152352776	152352925	True	-323	150M	255	0	25	0.5716105103492737	ambig_opp_strand	unspliced	1437	12	RIGEL_NRNA_chr1_1_152335378_152364080		RIGEL_NRNA_chr1_1_152335378_152364080	nrna
A00839:75:H7MFFDSXY:3:1314:17689:9549	chr1	152355808	152355957	True	-231	150M	255	0	25	0.8211895227432251	ambig_opp_strand	unspliced	1437	12	RIGEL_NRNA_chr1_1_152335378_152364080		RIGEL_NRNA_chr1_1_152335378_152364080	nrna
A00839:75:H7MFFDSXY:3:1411:27923:28338	chr1	152355212	152355361	False	424	150M	255	0	5	0.7699906826019287	ambig_opp_strand	unspliced	-1	12	.	.	.	mrna
A00839:75:H7MFFDSXY:3:2464:25400:6214	chr1	152352893	152353042	True	-357	150M	255	0	5	0.6967923641204834	ambig_opp_strand	unspliced	-1	12	.	.	.	mrna
A00839:75:H7MFFDSXY:3:2464:26232:21214	chr1	152353924	152354072	True	-324	149M	255	1	5	0.3811255693435669	ambig_opp_strand	unspliced	-1	12	.	.	.	mrna
A00839:75:H7MFFDSXY:3:2463:2817:29387	chr1	152356489	152356638	True	-317	150M	255	0	25	0.6091583371162415	ambig_opp_strand	unspliced	1437	12	RIGEL_NRNA_chr1_1_152335378_152364080		RIGEL_NRNA_chr1_1_152335378_152364080	nrna
A00839:75:H7MFFDSXY:3:1136:22218:16579	chr1	152350433	152350582	False	301	150M	255	0	3	0.8352404832839966	ambig_opp_strand	unspliced	1437	12	ENST00000388718.5	FLG2	ENSG00000143520.6	mrna
A00839:75:H7MFFDSXY:3:1312:32117:13150	chr1	152351709	152351858	False	183	150M	255	0	3	0.8716685771942139	ambig_opp_strand	unspliced	1437	12	ENST00000388718.5	FLG2	ENSG00000143520.6	mrna
A00839:75:H7MFFDSXY:3:1419:17870:26303	chr1	152351521	152351670	True	-633	150M	255	0	25	0.44146260619163513	ambig_opp_strand	unspliced	1437	12	RIGEL_NRNA_chr1_1_152335378_152364080		RIGEL_NRNA_chr1_1_152335378_152364080	nrna
A00839:75:H7MFFDSXY:3:1657:25545:16830	chr1	152351644	152351793	False	217	150M	255	0	3	0.8770796060562134	ambig_opp_strand	unspliced	1437	12	ENST00000388718.5	FLG2	ENSG00000143520.6	mrna
A00839:75:H7MFFDSXY:3:1468:1814:10019	chr1	152353247	152353396	False	177	150M	255	0	3	0.8699658513069153	ambig_opp_strand	unspliced	1437	12	ENST00000388718.5	FLG2	ENSG00000143520.6	mrna
A00839:75:H7MFFDSXY:3:1351:17038:15311	chr1	152357487	152357636	False	314	150M	255	0	5	0.5289272665977478	ambig_opp_strand	unspliced	-1	12	.	.	.	mrna
A00839:75:H7MFFDSXY:3:1662:1353:1235	chr1	152356499	152356648	True	-441	150M	255	0	5	0.9355160593986511	ambig_opp_strand	unspliced	-1	12	.	.	.	mrna
A00839:75:H7MFFDSXY:3:2612:9914:36448	chr1	152353021	152353094	False	299	74M	255	0	3	0.8387962579727173	ambig_opp_strand	unspliced	1437	12	ENST00000388718.5	FLG2	ENSG00000143520.6	mrna
A00839:75:H7MFFDSXY:3:1557:8883:16000	chr1	152352515	152352664	True	-403	150M	255	0	5	0.9339235424995422	ambig_opp_strand	unspliced	-1	12	.	.	.	mrna
A00839:75:H7MFFDSXY:3:2206:2211:30436	chr1	152355945	152356030	False	311	86M	3	0	128	0.0	.	unknown	-1	0	.	.	.	mrna
A00839:75:H7MFFDSXY:3:1426:16884:21151	chr1	152357125	152357274	True	-418	150M	255	0	5	0.9383252263069153	ambig_opp_strand	unspliced	-1	12	.	.	.	mrna
A00839:75:H7MFFDSXY:3:2573:21423:16736	chr1	152355952	152356101	False	256	150M	255	0	3	0.8710975646972656	ambig_opp_strand	unspliced	1437	12	ENST00000388718.5	FLG2	ENSG00000143520.6	mrna
A00839:75:H7MFFDSXY:3:1262:5565:19774	chr1	152357471	152357620	True	-321	150M	255	0	25	0.5853350758552551	ambig_opp_strand	unspliced	1437	12	RIGEL_NRNA_chr1_1_152335378_152364080		RIGEL_NRNA_chr1_1_152335378_152364080	nrna
A00839:75:H7MFFDSXY:3:2174:20139:12383	chr1	152352326	152352475	True	-367	150M	255	1	25	0.18647019565105438	ambig_opp_strand	unspliced	1437	12	RIGEL_NRNA_chr1_1_152335378_152364080		RIGEL_NRNA_chr1_1_152335378_152364080	nrna
A00839:75:H7MFFDSXY:3:2620:9860:9361	chr1	152355109	152355258	True	-259	150M	255	0	25	0.7979643940925598	ambig_opp_strand	unspliced	1437	12	RIGEL_NRNA_chr1_1_152335378_152364080		RIGEL_NRNA_chr1_1_152335378_152364080	nrna
A00839:75:H7MFFDSXY:3:1233:29017:8187	chr1	152355013	152355162	True	-197	150M	255	0	25	0.8172682523727417	ambig_opp_strand	unspliced	1437	12	RIGEL_NRNA_chr1_1_152335378_152364080		RIGEL_NRNA_chr1_1_152335378_152364080	nrna
A00839:75:H7MFFDSXY:3:2659:18168:14951	chr1	152357477	152357626	True	-234	150M	255	0	25	0.8202083706855774	ambig_opp_strand	unspliced	1437	12	RIGEL_NRNA_chr1_1_152335378_152364080		RIGEL_NRNA_chr1_1_152335378_152364080	nrna
A00839:75:H7MFFDSXY:3:1118:19162:29763	chr1	152357367	152357516	True	-263	150M	255	0	25	0.7924413681030273	ambig_opp_strand	unspliced	1437	12	RIGEL_NRNA_chr1_1_152335378_152364080		RIGEL_NRNA_chr1_1_152335378_152364080	nrna
A00839:75:H7MFFDSXY:3:2237:15185:20744	chr1	152356789	152356938	True	-436	150M	255	0	5	0.928374707698822	ambig_opp_strand	unspliced	-1	12	.	.	.	mrna
A00839:75:H7MFFDSXY:3:2470:23267:33395	chr1	152356603	152356752	True	-403	150M	255	0	5	0.9339235424995422	ambig_opp_strand	unspliced	-1	12	.	.	.	mrna
A00839:75:H7MFFDSXY:3:1444:4499:18333	chr1	152351305	152351454	True	-306	150M	255	0	5	0.27455803751945496	ambig_opp_strand	unspliced	-1	12	.	.	.	mrna
A00839:75:H7MFFDSXY:3:1404:27218:6324	chr1	152354215	152354364	True	-378	150M	255	0	5	0.8826590180397034	ambig_opp_strand	unspliced	-1	12	.	.	.	mrna
A00839:75:H7MFFDSXY:3:2529:30662:23124	chr1	152355907	152355976	False	295	70M	255	0	3	0.8436314463615417	ambig_opp_strand	unspliced	1437	12	ENST00000388718.5	FLG2	ENSG00000143520.6	mrna
A00839:75:H7MFFDSXY:3:2239:26241:19225	chr1	152356427	152356576	True	-337	150M	255	0	25	0.037152327597141266	ambig_opp_strand	unspliced	1437	12	RIGEL_NRNA_chr1_1_152189332_152365557		RIGEL_NRNA_chr1_1_152189332_152365557	nrna
A00839:75:H7MFFDSXY:3:2438:20573:1642	chr1	152355110	152355259	False	548	150M	255	0	3	0.30191126465797424	ambig_opp_strand	unspliced	1437	12	ENST00000388718.5	FLG2	ENSG00000143520.6	mrna
A00839:75:H7MFFDSXY:3:2643:26431:4805	chr1	152350757	152350906	True	-382	150M	255	0	5	0.9088407158851624	ambig_opp_strand	unspliced	-1	12	.	.	.	mrna
A00839:75:H7MFFDSXY:3:1361:12762:2049	chr1	152351388	152351532	False	145	145M	255	1	3	0.8383175134658813	ambig_opp_strand	unspliced	1437	12	ENST00000388718.5	FLG2	ENSG00000143520.6	mrna
A00839:75:H7MFFDSXY:3:2417:30427:10128	chr1	152355992	152356141	True	-172	150M	255	0	25	0.7901570200920105	ambig_opp_strand	unspliced	1437	12	RIGEL_NRNA_chr1_1_152335378_152364080		RIGEL_NRNA_chr1_1_152335378_152364080	nrna
A00839:75:H7MFFDSXY:3:2569:20564:2566	chr1	152351164	152351313	True	-171	150M	255	0	25	0.788333535194397	ambig_opp_strand	unspliced	1437	12	RIGEL_NRNA_chr1_1_152335378_152364080		RIGEL_NRNA_chr1_1_152335378_152364080	nrna
A00839:75:H7MFFDSXY:3:2270:2917:23672	chr1	152352481	152352609	True	-354	129M	255	0	5	0.6764690279960632	ambig_opp_strand	unspliced	-1	12	.	.	.	mrna
A00839:75:H7MFFDSXY:3:1331:24560:9799	chr1	152353455	152353555	False	326	48S101M	255	6	5	0.13568001985549927	ambig_opp_strand	unspliced	-1	12	.	.	.	mrna
A00839:75:H7MFFDSXY:3:1276:25644:26929	chr1	152353380	152353529	False	197	150M	255	1	3	0.8751554489135742	ambig_opp_strand	unspliced	1437	12	ENST00000388718.5	FLG2	ENSG00000143520.6	mrna
A00839:75:H7MFFDSXY:3:2139:29297:13182	chr1	152356053	152356199	True	-170	1S147M2S	255	1	5	0.14277426898479462	ambig_opp_strand	unspliced	-1	12	.	.	.	mrna
A00839:75:H7MFFDSXY:3:1508:32362:6464	chr1	152356489	152356638	True	-340	150M	255	0	5	0.5226516127586365	ambig_opp_strand	unspliced	-1	12	.	.	.	mrna
A00839:75:H7MFFDSXY:3:2351:22833:7122	chr1	152357565	152357714	True	-274	150M	255	0	25	0.7715421915054321	ambig_opp_strand	unspliced	1437	12	RIGEL_NRNA_chr1_1_152335378_152364080		RIGEL_NRNA_chr1_1_152335378_152364080	nrna
A00839:75:H7MFFDSXY:3:2653:32289:35994	chr1	152352623	152352734	True	-337	112M	255	0	5	0.4936608374118805	ambig_opp_strand	unspliced	-1	12	.	.	.	mrna
A00839:75:H7MFFDSXY:3:1225:20591:1986	chr1	152352544	152352693	False	397	150M	255	0	3	0.21226651966571808	ambig_opp_strand	unspliced	1437	12	ENST00000388718.5	FLG2	ENSG00000143520.6	mrna
A00839:75:H7MFFDSXY:3:1415:15040:1736	chr1	152350638	152350787	False	224	150M	255	0	3	0.8767849206924438	ambig_opp_strand	unspliced	1437	12	ENST00000388718.5	FLG2	ENSG00000143520.6	mrna
A00839:75:H7MFFDSXY:3:1453:20971:15953	chr1	152352158	152352303	True	-326	146M	255	0	25	0.5516192317008972	ambig_opp_strand	unspliced	1437	12	RIGEL_NRNA_chr1_1_152335378_152364080		RIGEL_NRNA_chr1_1_152335378_152364080	nrna
A00839:75:H7MFFDSXY:3:1355:22290:7185	chr1	152356876	152357025	False	351	150M	255	0	3	0.6351718306541443	ambig_opp_strand	unspliced	1437	12	ENST00000388718.5	FLG2	ENSG00000143520.6	mrna
A00839:75:H7MFFDSXY:3:2349:5547:23312	chr1	152355205	152355354	True	-391	150M	255	0	5	0.9352996945381165	ambig_opp_strand	unspliced	-1	12	.	.	.	mrna
A00839:75:H7MFFDSXY:3:2572:28447:10113	chr1	152353174	152353323	False	370	150M	255	1	5	0.5283641815185547	ambig_opp_strand	unspliced	-1	12	.	.	.	mrna
A00839:75:H7MFFDSXY:3:2219:22869:27132	chr1	152354804	152354953	True	-470	150M	255	0	5	0.9320492148399353	ambig_opp_strand	unspliced	-1	12	.	.	.	mrna
A00839:75:H7MFFDSXY:3:2273:25030:30655	chr1	152353922	152354071	False	269	150M	255	0	3	0.8645336031913757	ambig_opp_strand	unspliced	1437	12	ENST00000388718.5	FLG2	ENSG00000143520.6	mrna
A00839:75:H7MFFDSXY:3:1157:4707:36886	chr1	152353421	152353534	True	-345	114M	255	0	25	0.3905017375946045	ambig_opp_strand	unspliced	1437	12	RIGEL_NRNA_chr1_1_152335378_152364080		RIGEL_NRNA_chr1_1_152335378_152364080	nrna
A00839:75:H7MFFDSXY:3:2122:2899:22639	chr1	152353614	152353763	False	372	150M	255	0	5	0.5482627153396606	ambig_opp_strand	unspliced	-1	12	.	.	.	mrna
A00839:75:H7MFFDSXY:3:1505:22019:20243	chr1	152353776	152353913	False	138	138M	255	1	3	0.8261968493461609	ambig_opp_strand	unspliced	1437	12	ENST00000388718.5	FLG2	ENSG00000143520.6	mrna
A00839:75:H7MFFDSXY:3:1360:32262:32941	chr1	152357086	152357235	False	380	150M	255	0	5	0.661480724811554	ambig_opp_strand	unspliced	-1	12	.	.	.	mrna
A00839:75:H7MFFDSXY:3:1364:6840:6449	chr1	152356320	152356469	False	330	150M	255	0	3	0.767073392868042	ambig_opp_strand	unspliced	1437	12	ENST00000388718.5	FLG2	ENSG00000143520.6	mrna
A00839:75:H7MFFDSXY:3:2259:4869:19507	chr1	152354204	152354353	True	-313	150M	255	0	25	0.6313621997833252	ambig_opp_strand	unspliced	1437	12	RIGEL_NRNA_chr1_1_152335378_152364080		RIGEL_NRNA_chr1_1_152335378_152364080	nrna
A00839:75:H7MFFDSXY:3:1537:31629:20165	chr1	152350994	152351143	True	-198	150M	255	0	25	0.8186776041984558	ambig_opp_strand	unspliced	1437	12	RIGEL_NRNA_chr1_1_152335378_152364080		RIGEL_NRNA_chr1_1_152335378_152364080	nrna
A00839:75:H7MFFDSXY:3:2269:9851:21903	chr1	152355340	152355489	True	-228	150M	255	0	25	0.06565859168767929	ambig_opp_strand	unspliced	1437	12	RIGEL_NRNA_chr1_1_152189332_152365557		RIGEL_NRNA_chr1_1_152189332_152365557	nrna
A00839:75:H7MFFDSXY:3:1110:8558:34350	chr1	152351247	152351396	True	-214	150M	255	0	25	0.8229922652244568	ambig_opp_strand	unspliced	1437	12	RIGEL_NRNA_chr1_1_152335378_152364080		RIGEL_NRNA_chr1_1_152335378_152364080	nrna
A00839:75:H7MFFDSXY:3:1171:17797:21637	chr1	152352146	152352295	True	-316	150M	255	3	25	0.6150527000427246	ambig_opp_strand	unspliced	1437	12	RIGEL_NRNA_chr1_1_152335378_152364080		RIGEL_NRNA_chr1_1_152335378_152364080	nrna
A00839:75:H7MFFDSXY:3:1561:8440:9471	chr1	152350599	152350748	False	413	150M	255	0	5	0.7864087224006653	ambig_opp_strand	unspliced	-1	12	.	.	.	mrna
A00839:75:H7MFFDSXY:3:2168:27715:11600	chr1	152353167	152353316	False	357	150M	255	1	3	0.5842913389205933	ambig_opp_strand	unspliced	1437	12	ENST00000388718.5	FLG2	ENSG00000143520.6	mrna
A00839:75:H7MFFDSXY:3:1476:20826:23813	chr1	152354530	152354679	True	-195	150M	255	0	25	0.0650910958647728	ambig_opp_strand	unspliced	1437	12	RIGEL_NRNA_chr1_1_152189332_152365557		RIGEL_NRNA_chr1_1_152189332_152365557	nrna
A00839:75:H7MFFDSXY:3:1101:8296:22592	chr1	152354170	152354319	False	298	150M	255	0	3	0.8400419354438782	ambig_opp_strand	unspliced	1437	12	ENST00000388718.5	FLG2	ENSG00000143520.6	mrna
A00839:75:H7MFFDSXY:3:1659:16414:29951	chr1	152354818	152354967	False	365	150M	255	0	5	0.445881724357605	ambig_opp_strand	unspliced	-1	12	.	.	.	mrna
A00839:75:H7MFFDSXY:3:2359:14244:22216	chr1	152354129	152354278	True	-244	150M	255	0	25	0.06511933356523514	ambig_opp_strand	unspliced	1437	12	RIGEL_NRNA_chr1_1_152189332_152365557		RIGEL_NRNA_chr1_1_152189332_152365557	nrna
A00839:75:H7MFFDSXY:3:1676:11641:14043	chr1	152353119	152353268	False	386	150M	255	0	3	0.24673983454704285	ambig_opp_strand	unspliced	1437	12	ENST00000388718.5	FLG2	ENSG00000143520.6	mrna
A00839:75:H7MFFDSXY:3:2624:31087:23265	chr1	152357027	152357176	True	-162	150M	255	1	25	0.7705617547035217	ambig_opp_strand	unspliced	1437	12	RIGEL_NRNA_chr1_1_152335378_152364080		RIGEL_NRNA_chr1_1_152335378_152364080	nrna
A00839:75:H7MFFDSXY:3:2672:7157:23469	chr1	152352406	152352555	True	-300	150M	255	0	25	0.055322226136922836	ambig_opp_strand	unspliced	1437	12	RIGEL_NRNA_chr1_1_152189332_152365557		RIGEL_NRNA_chr1_1_152189332_152365557	nrna
A00839:75:H7MFFDSXY:3:1114:9417:18584	chr1	152354511	152354660	True	-323	150M	255	0	25	0.5716105103492737	ambig_opp_strand	unspliced	1437	12	RIGEL_NRNA_chr1_1_152335378_152364080		RIGEL_NRNA_chr1_1_152335378_152364080	nrna
A00839:75:H7MFFDSXY:3:1404:29161:32957	chr1	152354819	152354968	False	177	150M	255	0	3	0.8699658513069153	ambig_opp_strand	unspliced	1437	12	ENST00000388718.5	FLG2	ENSG00000143520.6	mrna
A00839:75:H7MFFDSXY:3:2477:17011:27289	chr1	152355369	152355518	False	190	150M	255	0	3	0.8736576437950134	ambig_opp_strand	unspliced	1437	12	ENST00000388718.5	FLG2	ENSG00000143520.6	mrna
A00839:75:H7MFFDSXY:3:1339:26169:4820	chr1	152353510	152353659	True	-254	150M	255	0	25	0.8055039048194885	ambig_opp_strand	unspliced	1437	12	RIGEL_NRNA_chr1_1_152335378_152364080		RIGEL_NRNA_chr1_1_152335378_152364080	nrna
A00839:75:H7MFFDSXY:3:1321:15067:35884	chr1	152352135	152352284	False	356	150M	255	0	3	0.5906876921653748	ambig_opp_strand	unspliced	1437	12	ENST00000388718.5	FLG2	ENSG00000143520.6	mrna
A00839:75:H7MFFDSXY:3:1577:25446:8390	chr1	152352562	152352711	False	381	150M	255	0	5	0.6684405207633972	ambig_opp_strand	unspliced	-1	12	.	.	.	mrna
A00839:75:H7MFFDSXY:3:1175:17915:31704	chr1	152356748	152356897	True	-284	150M	255	0	25	0.7473503351211548	ambig_opp_strand	unspliced	1437	12	RIGEL_NRNA_chr1_1_152335378_152364080		RIGEL_NRNA_chr1_1_152335378_152364080	nrna
A00839:75:H7MFFDSXY:3:2336:21585:20055	chr1	152351904	152351945	False	498	42M	255	0	5	0.7792378067970276	ambig_opp_strand	unspliced	-1	12	.	.	.	mrna
A00839:75:H7MFFDSXY:3:2266:23511:20635	chr1	152352403	152352552	True	-405	150M	255	0	5	0.9368136525154114	ambig_opp_strand	unspliced	-1	12	.	.	.	mrna
A00839:75:H7MFFDSXY:3:2125:9489:25567	chr1	152354104	152354253	False	343	150M	255	0	5	0.22689174115657806	ambig_opp_strand	unspliced	-1	12	.	.	.	mrna
A00839:75:H7MFFDSXY:3:2678:8196:35697	chr1	152352101	152352250	False	305	150M	255	0	3	0.8292871117591858	ambig_opp_strand	unspliced	1437	12	ENST00000388718.5	FLG2	ENSG00000143520.6	mrna
A00839:75:H7MFFDSXY:3:1620:4300:26224	chr1	152350815	152350964	True	-355	150M	255	0	5	0.6823275089263916	ambig_opp_strand	unspliced	-1	12	.	.	.	mrna
A00839:75:H7MFFDSXY:3:1136:13621:10113	chr1	152353373	152353522	True	-172	150M	255	0	25	0.7901570200920105	ambig_opp_strand	unspliced	1437	12	RIGEL_NRNA_chr1_1_152335378_152364080		RIGEL_NRNA_chr1_1_152335378_152364080	nrna
A00839:75:H7MFFDSXY:3:1475:17390:26694	chr1	152355211	152355339	True	-360	129M	255	0	5	0.7267807722091675	ambig_opp_strand	unspliced	-1	12	.	.	.	mrna
A00839:75:H7MFFDSXY:3:2256:25328:23813	chr1	152354122	152354271	True	-320	150M	255	0	25	0.5911386609077454	ambig_opp_strand	unspliced	1437	12	RIGEL_NRNA_chr1_1_152335378_152364080		RIGEL_NRNA_chr1_1_152335378_152364080	nrna
A00839:75:H7MFFDSXY:3:1120:24786:3145	chr1	152353400	152353481	False	313	82M	255	0	3	0.8134738802909851	ambig_opp_strand	unspliced	1437	12	ENST00000388718.5	FLG2	ENSG00000143520.6	mrna
A00839:75:H7MFFDSXY:3:2432:24903:23860	chr1	152351904	152351985	False	307	82M	255	0	5	0.08403990417718887	ambig_opp_strand	unspliced	-1	12	.	.	.	mrna
A00839:75:H7MFFDSXY:3:2307:1271:17315	chr1	152354932	152355081	True	-208	150M	255	0	25	0.8229703307151794	ambig_opp_strand	unspliced	1437	12	RIGEL_NRNA_chr1_1_152335378_152364080		RIGEL_NRNA_chr1_1_152335378_152364080	nrna
A00839:75:H7MFFDSXY:3:1459:11433:29872	chr1	152354377	152354526	True	-288	150M	255	0	25	0.7384347915649414	ambig_opp_strand	unspliced	1437	12	RIGEL_NRNA_chr1_1_152335378_152364080		RIGEL_NRNA_chr1_1_152335378_152364080	nrna
A00839:75:H7MFFDSXY:3:2237:3712:34757	chr1	152351036	152351185	True	-372	150M	255	0	5	0.8373579382896423	ambig_opp_strand	unspliced	-1	12	.	.	.	mrna
A00839:75:H7MFFDSXY:3:1668:30590:19930	chr1	152353878	152354027	False	437	150M	255	0	3	0.20265519618988037	ambig_opp_strand	unspliced	1437	12	ENST00000388718.5	FLG2	ENSG00000143520.6	mrna
A00839:75:H7MFFDSXY:3:1616:28375:25144	chr1	152352791	152352863	False	304	73M	255	0	3	0.8305461406707764	ambig_opp_strand	unspliced	1437	12	ENST00000388718.5	FLG2	ENSG00000143520.6	mrna
A00839:75:H7MFFDSXY:3:1665:28375:15624	chr1	152355408	152355557	False	326	150M	255	0	3	0.7785992622375488	ambig_opp_strand	unspliced	1437	12	ENST00000388718.5	FLG2	ENSG00000143520.6	mrna
A00839:75:H7MFFDSXY:3:1455:31250:34569	chr1	152355886	152356035	True	-402	150M	255	1	5	0.9336010813713074	ambig_opp_strand	unspliced	-1	12	.	.	.	mrna
A00839:75:H7MFFDSXY:3:2516:6867:33238	chr1	152357185	152357334	False	374	150M	255	0	3	0.3724387288093567	ambig_opp_strand	unspliced	1437	12	ENST00000388718.5	FLG2	ENSG00000143520.6	mrna
A00839:75:H7MFFDSXY:3:2437:12481:32283	chr1	152354009	152354158	False	346	150M	255	0	3	0.6764441728591919	ambig_opp_strand	unspliced	1437	12	ENST00000388718.5	FLG2	ENSG00000143520.6	mrna
A00839:75:H7MFFDSXY:3:2561:12337:34162	chr1	152352941	152353090	False	506	150M	255	1	5	0.7721343636512756	ambig_opp_strand	unspliced	-1	12	.	.	.	mrna
A00839:75:H7MFFDSXY:3:1628:6958:22153	chr1	152353609	152353758	False	236	150M	255	0	3	0.8759585022926331	ambig_opp_strand	unspliced	1437	12	ENST00000388718.5	FLG2	ENSG00000143520.6	mrna
A00839:75:H7MFFDSXY:3:1357:31828:34381	chr1	152352111	152352156	False	277	46M	255	0	3	0.8593738079071045	ambig_opp_strand	unspliced	1437	12	ENST00000388718.5	FLG2	ENSG00000143520.6	mrna
A00839:75:H7MFFDSXY:3:1222:27227:6402	chr1	152356241	152356390	False	430	150M	255	0	3	0.2011827677488327	ambig_opp_strand	unspliced	1437	12	ENST00000388718.5	FLG2	ENSG00000143520.6	mrna
A00839:75:H7MFFDSXY:3:2640:21079:13823	chr1	152351505	152351653	True	-414	149M	255	0	5	0.9362706542015076	ambig_opp_strand	unspliced	-1	12	.	.	.	mrna
A00839:75:H7MFFDSXY:3:1427:12572:22733	chr1	152356625	152356774	True	-367	150M	255	0	5	0.7970831990242004	ambig_opp_strand	unspliced	-1	12	.	.	.	mrna
A00839:75:H7MFFDSXY:3:2349:14082:32456	chr1	152352230	152352379	True	-297	150M	255	0	5	0.23016248643398285	ambig_opp_strand	unspliced	-1	12	.	.	.	mrna
A00839:75:H7MFFDSXY:3:1359:13847:22279	chr1	152356920	152357069	False	436	150M	255	0	5	0.753420889377594	ambig_opp_strand	unspliced	-1	12	.	.	.	mrna
A00839:75:H7MFFDSXY:3:1267:25771:23171	chr1	152356599	152356748	True	-280	150M	255	0	5	0.1752149611711502	ambig_opp_strand	unspliced	-1	12	.	.	.	mrna
A00839:75:H7MFFDSXY:3:2265:23755:6621	chr1	152353979	152354128	True	-377	150M	255	0	5	0.8736746311187744	ambig_opp_strand	unspliced	-1	12	.	.	.	mrna
A00839:75:H7MFFDSXY:3:2566:31123:6762	chr1	152355076	152355129	True	-285	54M	255	0	25	0.7452908754348755	ambig_opp_strand	unspliced	1437	12	RIGEL_NRNA_chr1_1_152335378_152364080		RIGEL_NRNA_chr1_1_152335378_152364080	nrna
A00839:75:H7MFFDSXY:3:2105:11062:10254	chr1	152356206	152356321	True	-380	116M	255	0	5	0.8923473954200745	ambig_opp_strand	unspliced	-1	12	.	.	.	mrna
A00839:75:H7MFFDSXY:3:2267:25328:8688	chr1	152356087	152356236	False	253	150M	255	0	3	0.8722679615020752	ambig_opp_strand	unspliced	1437	12	ENST00000388718.5	FLG2	ENSG00000143520.6	mrna
A00839:75:H7MFFDSXY:3:1372:4218:34162	chr1	152357187	152357336	True	-156	150M	255	0	25	0.751522421836853	ambig_opp_strand	unspliced	1437	12	RIGEL_NRNA_chr1_1_152335378_152364080		RIGEL_NRNA_chr1_1_152335378_152364080	nrna
A00839:75:H7MFFDSXY:3:1378:20112:33035	chr1	152355025	152355174	False	164	150M	255	0	3	0.8628630638122559	ambig_opp_strand	unspliced	1437	12	ENST00000388718.5	FLG2	ENSG00000143520.6	mrna
A00839:75:H7MFFDSXY:3:1351:12436:19554	chr1	152355718	152355815	True	-329	98M	255	0	25	0.5328218340873718	ambig_opp_strand	unspliced	1437	12	RIGEL_NRNA_chr1_1_152335378_152364080		RIGEL_NRNA_chr1_1_152335378_152364080	nrna
A00839:75:H7MFFDSXY:3:1277:7247:23750	chr1	152357144	152357293	True	-275	150M	255	2	5	0.1650240123271942	ambig_opp_strand	unspliced	-1	12	.	.	.	mrna
A00839:75:H7MFFDSXY:3:1259:30237:11678	chr1	152357278	152357427	False	297	150M	255	1	3	0.8415139317512512	ambig_opp_strand	unspliced	1437	12	ENST00000388718.5	FLG2	ENSG00000143520.6	mrna
A00839:75:H7MFFDSXY:3:1461:11360:21605	chr1	152350843	152350992	True	-258	150M	255	0	25	0.799487829208374	ambig_opp_strand	unspliced	1437	12	RIGEL_NRNA_chr1_1_152335378_152364080		RIGEL_NRNA_chr1_1_152335378_152364080	nrna
A00839:75:H7MFFDSXY:3:1571:14733:36307	chr1	152356734	152356883	True	-296	150M	255	0	25	0.7106670141220093	ambig_opp_strand	unspliced	1437	12	RIGEL_NRNA_chr1_1_152335378_152364080		RIGEL_NRNA_chr1_1_152335378_152364080	nrna
A00839:75:H7MFFDSXY:3:2115:4327:36824	chr1	152350507	152350656	False	255	150M	255	0	25	0.09575533866882324	ambig_opp_strand	unspliced	1437	12	RIGEL_NRNA_chr1_2_152348734_152360006		RIGEL_NRNA_chr1_2_152348734_152360006	nrna
A00839:75:H7MFFDSXY:3:2215:3351:12524	chr1	152357532	152357681	True	-289	150M	255	0	25	0.7360897064208984	ambig_opp_strand	unspliced	1437	12	RIGEL_NRNA_chr1_1_152335378_152364080		RIGEL_NRNA_chr1_1_152335378_152364080	nrna
A00839:75:H7MFFDSXY:3:2548:10013:27946	chr1	152356620	152356769	True	-212	150M	255	0	25	0.822891354560852	ambig_opp_strand	unspliced	1437	12	RIGEL_NRNA_chr1_1_152335378_152364080		RIGEL_NRNA_chr1_1_152335378_152364080	nrna
A00839:75:H7MFFDSXY:3:2351:7048:30733	chr1	152353710	152353859	True	-309	150M	255	0	25	0.649450421333313	ambig_opp_strand	unspliced	1437	12	RIGEL_NRNA_chr1_1_152335378_152364080		RIGEL_NRNA_chr1_1_152335378_152364080	nrna
A00839:75:H7MFFDSXY:3:1204:16324:10160	chr1	152352081	152352230	True	-407	150M	255	2	5	0.9297543168067932	ambig_opp_strand	unspliced	-1	12	.	.	.	mrna
A00839:75:H7MFFDSXY:3:2537:25174:34444	chr1	152351307	152351456	True	-274	150M	255	0	25	0.7696874737739563	ambig_opp_strand	unspliced	1437	12	RIGEL_NRNA_chr1_1_152335378_152364080		RIGEL_NRNA_chr1_1_152335378_152364080	nrna
A00839:75:H7MFFDSXY:3:1551:3974:20932	chr1	152353773	152353922	False	283	150M	255	0	3	0.8552069067955017	ambig_opp_strand	unspliced	1437	12	ENST00000388718.5	FLG2	ENSG00000143520.6	mrna
A00839:75:H7MFFDSXY:3:2628:32325:31015	chr1	152353822	152353971	True	-174	150M	255	0	25	0.7956565022468567	ambig_opp_strand	unspliced	1437	12	RIGEL_NRNA_chr1_1_152335378_152364080		RIGEL_NRNA_chr1_1_152335378_152364080	nrna
A00839:75:H7MFFDSXY:3:2506:30174:26005	chr1	152354617	152354675	False	290	59M	255	0	3	0.8488789796829224	ambig_opp_strand	unspliced	1437	12	ENST00000388718.5	FLG2	ENSG00000143520.6	mrna
A00839:75:H7MFFDSXY:3:2463:11595:14998	chr1	152355715	152355864	False	245	150M	255	0	3	0.8746313452720642	ambig_opp_strand	unspliced	1437	12	ENST00000388718.5	FLG2	ENSG00000143520.6	mrna
A00839:75:H7MFFDSXY:3:2165:29270:12132	chr1	152355769	152355918	False	198	150M	255	0	3	0.8755435943603516	ambig_opp_strand	unspliced	1437	12	ENST00000388718.5	FLG2	ENSG00000143520.6	mrna
A00839:75:H7MFFDSXY:3:2657:17454:31250	chr1	152353847	152353996	False	322	150M	255	0	3	0.7910903096199036	ambig_opp_strand	unspliced	1437	12	ENST00000388718.5	FLG2	ENSG00000143520.6	mrna
A00839:75:H7MFFDSXY:3:1314:31819:32675	chr1	152355979	152356128	False	259	150M	255	0	3	0.8697373867034912	ambig_opp_strand	unspliced	1437	12	ENST00000388718.5	FLG2	ENSG00000143520.6	mrna
A00839:75:H7MFFDSXY:3:2422:1660:12508	chr1	152356967	152357116	True	-443	150M	255	1	5	0.9468745589256287	ambig_opp_strand	unspliced	-1	12	.	.	.	mrna
A00839:75:H7MFFDSXY:3:1141:32081:29997	chr1	152351023	152351172	False	253	150M	255	0	3	0.8722679615020752	ambig_opp_strand	unspliced	1437	12	ENST00000388718.5	FLG2	ENSG00000143520.6	mrna
A00839:75:H7MFFDSXY:3:2134:16830:4836	chr1	152353650	152353799	True	-232	150M	255	0	25	0.8219346404075623	ambig_opp_strand	unspliced	1437	12	RIGEL_NRNA_chr1_1_152335378_152364080		RIGEL_NRNA_chr1_1_152335378_152364080	nrna
A00839:75:H7MFFDSXY:3:1250:6560:13573	chr1	152356013	152356162	False	212	150M	255	0	3	0.8766981959342957	ambig_opp_strand	unspliced	1437	12	ENST00000388718.5	FLG2	ENSG00000143520.6	mrna
A00839:75:H7MFFDSXY:3:1333:30047:10661	chr1	152352657	152352806	False	548	150M	255	0	3	0.30191144347190857	ambig_opp_strand	unspliced	1437	12	ENST00000388718.5	FLG2	ENSG00000143520.6	mrna
A00839:75:H7MFFDSXY:3:2639:23285:4022	chr1	152356222	152356371	False	312	150M	255	0	5	0.09609346091747284	ambig_opp_strand	unspliced	-1	12	.	.	.	mrna
A00839:75:H7MFFDSXY:3:1574:8892:8750	chr1	152351410	152351559	True	-241	150M	255	0	25	0.8178310394287109	ambig_opp_strand	unspliced	1437	12	RIGEL_NRNA_chr1_1_152335378_152364080		RIGEL_NRNA_chr1_1_152335378_152364080	nrna
A00839:75:H7MFFDSXY:3:1578:4128:19789	chr1	152351087	152351236	True	-182	150M	255	0	25	0.8039466738700867	ambig_opp_strand	unspliced	1437	12	RIGEL_NRNA_chr1_1_152335378_152364080		RIGEL_NRNA_chr1_1_152335378_152364080	nrna
A00839:75:H7MFFDSXY:3:2254:6569:34319	chr1	152356512	152356661	False	208	150M	255	0	3	0.8767197132110596	ambig_opp_strand	unspliced	1437	12	ENST00000388718.5	FLG2	ENSG00000143520.6	mrna
A00839:75:H7MFFDSXY:3:1532:25346:29168	chr1	152355720	152355785	True	-297	66M	255	0	5	0.23016248643398285	ambig_opp_strand	unspliced	-1	12	.	.	.	mrna
A00839:75:H7MFFDSXY:3:1670:18602:28667	chr1	152355945	152356094	True	-421	150M	255	0	25	0.05536285787820816	ambig_opp_strand	unspliced	1437	12	RIGEL_NRNA_chr1_1_152335378_152364080		RIGEL_NRNA_chr1_1_152335378_152364080	nrna
A00839:75:H7MFFDSXY:3:2472:21793:17848	chr1	152355322	152355471	True	-209	150M	255	0	25	0.8222047090530396	ambig_opp_strand	unspliced	1437	12	RIGEL_NRNA_chr1_1_152335378_152364080		RIGEL_NRNA_chr1_1_152335378_152364080	nrna
A00839:75:H7MFFDSXY:3:2307:25943:24158	chr1	152354001	152354150	False	273	150M	255	0	3	0.8625490665435791	ambig_opp_strand	unspliced	1437	12	ENST00000388718.5	FLG2	ENSG00000143520.6	mrna
A00839:75:H7MFFDSXY:3:1452:18304:11021	chr1	152350842	152350991	False	243	150M	255	0	25	0.09614545851945877	ambig_opp_strand	unspliced	1437	12	RIGEL_NRNA_chr1_2_152348734_152360006		RIGEL_NRNA_chr1_2_152348734_152360006	nrna
A00839:75:H7MFFDSXY:3:1243:26910:4351	chr1	152355444	152355593	True	-210	150M	255	0	5	0.1043323501944542	ambig_opp_strand	unspliced	-1	12	.	.	.	mrna
A00839:75:H7MFFDSXY:3:1150:17110:35415	chr1	152352028	152352177	True	-230	150M	255	0	25	0.8231573700904846	ambig_opp_strand	unspliced	1437	12	RIGEL_NRNA_chr1_1_152335378_152364080		RIGEL_NRNA_chr1_1_152335378_152364080	nrna
A00839:75:H7MFFDSXY:3:2216:31485:10175	chr1	152352887	152353036	False	225	150M	255	0	3	0.8769586086273193	ambig_opp_strand	unspliced	1437	12	ENST00000388718.5	FLG2	ENSG00000143520.6	mrna
A00839:75:H7MFFDSXY:3:1621:14552:13949	chr1	152353699	152353848	False	269	150M	255	0	3	0.864533543586731	ambig_opp_strand	unspliced	1437	12	ENST00000388718.5	FLG2	ENSG00000143520.6	mrna
A00839:75:H7MFFDSXY:3:1172:15926:8656	chr1	152351029	152351178	True	-464	150M	255	0	5	0.9347960352897644	ambig_opp_strand	unspliced	-1	12	.	.	.	mrna
A00839:75:H7MFFDSXY:3:1437:18340:22795	chr1	152357393	152357542	False	323	150M	255	0	25	0.40838178992271423	ambig_opp_strand	unspliced	1437	12	RIGEL_NRNA_chr1_2_152348734_152360006		RIGEL_NRNA_chr1_2_152348734_152360006	nrna
A00839:75:H7MFFDSXY:3:2313:28872:29763	chr1	152351283	152351350	False	293	68M	255	0	3	0.84641432762146	ambig_opp_strand	unspliced	1437	12	ENST00000388718.5	FLG2	ENSG00000143520.6	mrna
A00839:75:H7MFFDSXY:3:2546:23439:32659	chr1	152352312	152352461	False	322	150M	255	0	3	0.7910902500152588	ambig_opp_strand	unspliced	1437	12	ENST00000388718.5	FLG2	ENSG00000143520.6	mrna
A00839:75:H7MFFDSXY:3:1518:5032:27555	chr1	152353721	152353870	True	-472	150M	255	0	5	0.922770619392395	ambig_opp_strand	unspliced	-1	12	.	.	.	mrna
A00839:75:H7MFFDSXY:3:2117:9127:25441	chr1	152351121	152351270	True	-455	150M	255	1	5	0.9410067200660706	ambig_opp_strand	unspliced	-1	12	.	.	.	mrna
A00839:75:H7MFFDSXY:3:2578:15944:30044	chr1	152350910	152351059	False	325	150M	255	0	3	0.7824770212173462	ambig_opp_strand	unspliced	1437	12	ENST00000388718.5	FLG2	ENSG00000143520.6	mrna
A00839:75:H7MFFDSXY:3:2666:13657:2315	chr1	152355956	152356055	True	-325	100M	255	0	25	0.5597922205924988	ambig_opp_strand	unspliced	1437	12	RIGEL_NRNA_chr1_1_152335378_152364080		RIGEL_NRNA_chr1_1_152335378_152364080	nrna
A00839:75:H7MFFDSXY:3:2372:3604:13025	chr1	152355532	152355681	False	241	150M	255	1	3	0.8753105998039246	ambig_opp_strand	unspliced	1437	12	ENST00000388718.5	FLG2	ENSG00000143520.6	mrna
A00839:75:H7MFFDSXY:3:2340:18276:18552	chr1	152357133	152357282	True	-256	150M	255	0	25	0.8027465343475342	ambig_opp_strand	unspliced	1437	12	RIGEL_NRNA_chr1_1_152335378_152364080		RIGEL_NRNA_chr1_1_152335378_152364080	nrna
A00839:75:H7MFFDSXY:3:1660:26729:23046	chr1	152358602	152358751	False	329	150M	255	1	25	0.36665380001068115	ambig_opp_strand	unspliced	1437	12	RIGEL_NRNA_chr1_2_152348734_152360006		RIGEL_NRNA_chr1_2_152348734_152360006	nrna
A00839:75:H7MFFDSXY:3:2324:32181:1955	chr1	152352139	152352288	True	-351	150M	255	0	25	0.3312515914440155	ambig_opp_strand	unspliced	1437	12	RIGEL_NRNA_chr1_1_152335378_152364080		RIGEL_NRNA_chr1_1_152335378_152364080	nrna
A00839:75:H7MFFDSXY:3:1665:22516:18630	chr1	152353434	152353583	True	-208	150M	255	0	25	0.8229703307151794	ambig_opp_strand	unspliced	1437	12	RIGEL_NRNA_chr1_1_152335378_152364080		RIGEL_NRNA_chr1_1_152335378_152364080	nrna
A00839:75:H7MFFDSXY:3:1136:26485:8625	chr1	152351677	152351722	False	271	46M	1	1	128	0.0	.	unknown	-1	0	.	.	.	mrna
A00839:75:H7MFFDSXY:3:2624:16667:30859	chr1	152354504	152354653	True	-391	150M	255	0	25	0.05945625528693199	ambig_opp_strand	unspliced	1437	12	RIGEL_NRNA_chr1_1_152335378_152364080		RIGEL_NRNA_chr1_1_152335378_152364080	nrna
A00839:75:H7MFFDSXY:3:2675:5710:18709	chr1	152351103	152351210	False	558	108M	255	0	3	0.3479868471622467	ambig_opp_strand	unspliced	1437	12	ENST00000388718.5	FLG2	ENSG00000143520.6	mrna
A00839:75:H7MFFDSXY:3:1149:15393:14559	chr1	152356658	152356807	False	274	150M	255	0	3	0.8614422678947449	ambig_opp_strand	unspliced	1437	12	ENST00000388718.5	FLG2	ENSG00000143520.6	mrna
A00839:75:H7MFFDSXY:3:1129:14353:1235	chr1	152352425	152352574	True	-398	150M	255	0	5	0.9308770895004272	ambig_opp_strand	unspliced	-1	12	.	.	.	mrna
A00839:75:H7MFFDSXY:3:2451:2437:3302	chr1	152357162	152357311	False	418	150M	255	0	5	0.7819686532020569	ambig_opp_strand	unspliced	-1	12	.	.	.	mrna
A00839:75:H7MFFDSXY:3:1239:30553:2456	chr1	152353490	152353639	True	-255	150M	255	0	25	0.8034447431564331	ambig_opp_strand	unspliced	1437	12	RIGEL_NRNA_chr1_1_152335378_152364080		RIGEL_NRNA_chr1_1_152335378_152364080	nrna
A00839:75:H7MFFDSXY:3:2410:32823:16376	chr1	152350761	152350910	True	-243	150M	255	0	25	0.8161431550979614	ambig_opp_strand	unspliced	1437	12	RIGEL_NRNA_chr1_1_152335378_152364080		RIGEL_NRNA_chr1_1_152335378_152364080	nrna
A00839:75:H7MFFDSXY:3:1201:19461:18505	chr1	152357584	152357733	True	-461	150M	255	0	5	0.9331470131874084	ambig_opp_strand	unspliced	-1	12	.	.	.	mrna
A00839:75:H7MFFDSXY:3:2103:20148:34851	chr1	152352217	152352363	False	147	147M	255	0	3	0.844746470451355	ambig_opp_strand	unspliced	1437	12	ENST00000388718.5	FLG2	ENSG00000143520.6	mrna
A00839:75:H7MFFDSXY:3:1323:1000:16188	chr1	152351322	152351471	True	-390	150M	255	1	5	0.9242246150970459	ambig_opp_strand	unspliced	-1	12	.	.	.	mrna
A00839:75:H7MFFDSXY:3:1366:25201:35149	chr1	152355496	152355645	True	-224	150M	255	1	25	0.8232091665267944	ambig_opp_strand	unspliced	1437	12	RIGEL_NRNA_chr1_1_152335378_152364080		RIGEL_NRNA_chr1_1_152335378_152364080	nrna
A00839:75:H7MFFDSXY:3:2213:28004:33614	chr1	152357244	152357393	True	-394	150M	255	0	5	0.927976667881012	ambig_opp_strand	unspliced	-1	12	.	.	.	mrna
A00839:75:H7MFFDSXY:3:2641:2456:14168	chr1	152356808	152356957	False	283	150M	255	0	3	0.8552069067955017	ambig_opp_strand	unspliced	1437	12	ENST00000388718.5	FLG2	ENSG00000143520.6	mrna
A00839:75:H7MFFDSXY:3:2277:18855:20713	chr1	152355085	152355134	True	-11	50M	255	0	25	0.9189491868019104	ambig_opp_strand	spliced_unannot	1437	11	RIGEL_NRNA_chr1_1_152335378_152364080		RIGEL_NRNA_chr1_1_152335378_152364080	nrna
A00839:75:H7MFFDSXY:3:1468:6225:9893	chr1	152354028	152354177	True	-337	150M	255	0	5	0.4936608374118805	ambig_opp_strand	unspliced	-1	12	.	.	.	mrna
A00839:75:H7MFFDSXY:3:2312:16667:16485	chr1	152350438	152350587	False	383	150M	255	0	3	0.2653478682041168	ambig_opp_strand	unspliced	1437	12	ENST00000388718.5	FLG2	ENSG00000143520.6	mrna
A00839:75:H7MFFDSXY:3:1450:10655:3912	chr1	152350765	152350914	True	-230	150M	255	0	5	0.10424063354730606	ambig_opp_strand	unspliced	-1	12	.	.	.	mrna
A00839:75:H7MFFDSXY:3:1541:4399:31532	chr1	152353690	152353839	True	-320	150M	255	0	5	0.35672327876091003	ambig_opp_strand	unspliced	-1	12	.	.	.	mrna
A00839:75:H7MFFDSXY:3:2418:16468:29230	chr1	152356104	152356241	True	-819	138M	255	0	25	0.7178786993026733	ambig_opp_strand	unspliced	1437	12	RIGEL_NRNA_chr1_1_152335378_152364080		RIGEL_NRNA_chr1_1_152335378_152364080	nrna
A00839:75:H7MFFDSXY:3:2401:17906:18474	chr1	152354476	152354548	False	304	73M	255	0	3	0.8305461406707764	ambig_opp_strand	unspliced	1437	12	ENST00000388718.5	FLG2	ENSG00000143520.6	mrna
A00839:75:H7MFFDSXY:3:2327:26865:35023	chr1	152353437	152353586	True	-441	150M	255	0	5	0.9355159997940063	ambig_opp_strand	unspliced	-1	12	.	.	.	mrna
A00839:75:H7MFFDSXY:3:2444:28782:22404	chr1	152353236	152353308	False	304	73M	255	0	3	0.8305461406707764	ambig_opp_strand	unspliced	1437	12	ENST00000388718.5	FLG2	ENSG00000143520.6	mrna
A00839:75:H7MFFDSXY:3:2166:15257:34867	chr1	152357132	152357281	True	-329	150M	255	0	5	0.42018356919288635	ambig_opp_strand	unspliced	-1	12	.	.	.	mrna
A00839:75:H7MFFDSXY:3:2234:31286:18192	chr1	152355633	152355782	True	-257	150M	255	1	25	0.8012586236000061	ambig_opp_strand	unspliced	1437	12	RIGEL_NRNA_chr1_1_152335378_152364080		RIGEL_NRNA_chr1_1_152335378_152364080	nrna
A00839:75:H7MFFDSXY:3:2317:21621:26068	chr1	152357190	152357335	False	288	146M	255	0	5	0.054486893117427826	ambig_opp_strand	unspliced	-1	12	.	.	.	mrna
A00839:75:H7MFFDSXY:3:1474:2076:20556	chr1	152356457	152356606	True	-238	150M	255	0	25	0.06548896431922913	ambig_opp_strand	unspliced	1437	12	RIGEL_NRNA_chr1_1_152189332_152365557		RIGEL_NRNA_chr1_1_152189332_152365557	nrna
A00839:75:H7MFFDSXY:3:1368:24370:25316	chr1	152353918	152354067	False	421	150M	255	0	5	0.786194920539856	ambig_opp_strand	unspliced	-1	12	.	.	.	mrna
A00839:75:H7MFFDSXY:3:2623:22806:31187	chr1	152356626	152356734	True	-109	109M	255	0	25	0.4420545995235443	ambig_opp_strand	unspliced	1437	12	RIGEL_NRNA_chr1_1_152335378_152364080		RIGEL_NRNA_chr1_1_152335378_152364080	nrna
A00839:75:H7MFFDSXY:3:1520:4282:35650	chr1	152351355	152351504	True	-306	150M	255	0	5	0.2745581269264221	ambig_opp_strand	unspliced	-1	12	.	.	.	mrna
A00839:75:H7MFFDSXY:3:1524:14868:2628	chr1	152356402	152356551	False	323	150M	255	0	3	0.7879531979560852	ambig_opp_strand	unspliced	1437	12	ENST00000388718.5	FLG2	ENSG00000143520.6	mrna
A00839:75:H7MFFDSXY:3:1529:21251:8860	chr1	152356411	152356560	False	384	150M	255	2	3	0.26543667912483215	ambig_opp_strand	unspliced	1437	12	ENST00000388718.5	FLG2	ENSG00000143520.6	mrna
A00839:75:H7MFFDSXY:3:1653:27932:6965	chr1	152355458	152356063	False	630	32M456N118M	255	0	25	0.09900045394897461	ambig_opp_strand	spliced_unannot	1437	11	RIGEL_NRNA_chr1_2_152348734_152360006		RIGEL_NRNA_chr1_2_152348734_152360006	nrna
A00839:75:H7MFFDSXY:3:2162:26802:24925	chr1	152353803	152353952	True	-183	150M	255	0	25	0.8047667145729065	ambig_opp_strand	unspliced	1437	12	RIGEL_NRNA_chr1_1_152335378_152364080		RIGEL_NRNA_chr1_1_152335378_152364080	nrna
A00839:75:H7MFFDSXY:3:1550:23131:5384	chr1	152356479	152356628	True	-254	150M	255	0	25	0.8055039048194885	ambig_opp_strand	unspliced	1437	12	RIGEL_NRNA_chr1_1_152335378_152364080		RIGEL_NRNA_chr1_1_152335378_152364080	nrna
A00839:75:H7MFFDSXY:3:1515:21495:20713	chr1	152356924	152357073	False	248	150M	255	0	3	0.8739234805107117	ambig_opp_strand	unspliced	1437	12	ENST00000388718.5	FLG2	ENSG00000143520.6	mrna
A00839:75:H7MFFDSXY:3:2630:14950:18239	chr1	152352687	152352836	True	-245	150M	255	0	25	0.8153706789016724	ambig_opp_strand	unspliced	1437	12	RIGEL_NRNA_chr1_1_152335378_152364080		RIGEL_NRNA_chr1_1_152335378_152364080	nrna
A00839:75:H7MFFDSXY:3:2245:9995:30483	chr1	152355372	152355521	False	196	150M	255	0	3	0.8751375675201416	ambig_opp_strand	unspliced	1437	12	ENST00000388718.5	FLG2	ENSG00000143520.6	mrna
A00839:75:H7MFFDSXY:3:1631:23592:32330	chr1	152354406	152354555	True	-414	150M	255	0	5	0.9362707138061523	ambig_opp_strand	unspliced	-1	12	.	.	.	mrna
A00839:75:H7MFFDSXY:3:1605:23511:27461	chr1	152353375	152353524	False	420	150M	255	0	5	0.7484659552574158	ambig_opp_strand	unspliced	-1	12	.	.	.	mrna
A00839:75:H7MFFDSXY:3:1172:28239:20181	chr1	152352998	152353147	True	-402	150M	255	0	5	0.9336010217666626	ambig_opp_strand	unspliced	-1	12	.	.	.	mrna
A00839:75:H7MFFDSXY:3:1309:10899:36401	chr1	152357280	152357429	True	-279	150M	255	0	25	0.759631872177124	ambig_opp_strand	unspliced	1437	12	RIGEL_NRNA_chr1_1_152335378_152364080		RIGEL_NRNA_chr1_1_152335378_152364080	nrna
A00839:75:H7MFFDSXY:3:1417:28320:17942	chr1	152354187	152354336	True	-459	150M	255	0	5	0.9351303577423096	ambig_opp_strand	unspliced	-1	12	.	.	.	mrna
A00839:75:H7MFFDSXY:3:1318:1054:36385	chr1	152354531	152354680	True	-322	150M	255	0	25	0.5785312652587891	ambig_opp_strand	unspliced	1437	12	RIGEL_NRNA_chr1_1_152335378_152364080		RIGEL_NRNA_chr1_1_152335378_152364080	nrna
A00839:75:H7MFFDSXY:3:2630:13575:18959	chr1	152359649	152359798	False	193	150M	255	0	25	0.7631767988204956	ambig_opp_strand	unspliced	1437	11	RIGEL_NRNA_chr1_2_152348734_152360006		RIGEL_NRNA_chr1_2_152348734_152360006	nrna
A00839:75:H7MFFDSXY:3:1425:27742:29684	chr1	152351894	152352043	True	-400	150M	255	0	5	0.9300727248191833	ambig_opp_strand	unspliced	-1	12	.	.	.	mrna
A00839:75:H7MFFDSXY:3:2552:25635:3270	chr1	152356383	152356532	True	-171	150M	255	0	25	0.788333535194397	ambig_opp_strand	unspliced	1437	12	RIGEL_NRNA_chr1_1_152335378_152364080		RIGEL_NRNA_chr1_1_152335378_152364080	nrna
A00839:75:H7MFFDSXY:3:1359:1723:6918	chr1	152354682	152354831	False	281	150M	255	0	3	0.856623113155365	ambig_opp_strand	unspliced	1437	12	ENST00000388718.5	FLG2	ENSG00000143520.6	mrna
A00839:75:H7MFFDSXY:3:1448:16396:15671	chr1	152354249	152354398	True	-171	150M	255	0	25	0.788333535194397	ambig_opp_strand	unspliced	1437	12	RIGEL_NRNA_chr1_1_152335378_152364080		RIGEL_NRNA_chr1_1_152335378_152364080	nrna
A00839:75:H7MFFDSXY:3:2450:1705:29058	chr1	152356170	152356319	True	-251	150M	255	0	25	0.8085024356842041	ambig_opp_strand	unspliced	1437	12	RIGEL_NRNA_chr1_1_152335378_152364080		RIGEL_NRNA_chr1_1_152335378_152364080	nrna
A00839:75:H7MFFDSXY:3:2469:6054:11005	chr1	152355120	152355269	True	0	150M	255	0	64	0.0	.	unspliced	-1	0	.	.	.	mrna
A00839:75:H7MFFDSXY:3:1375:28158:24111	chr1	152353390	152353539	True	-439	150M	255	0	5	0.9356361627578735	ambig_opp_strand	unspliced	-1	12	.	.	.	mrna
A00839:75:H7MFFDSXY:3:1166:19135:24361	chr1	152352106	152352178	True	-523	73M	255	0	5	0.9048691987991333	ambig_opp_strand	unspliced	-1	12	.	.	.	mrna
A00839:75:H7MFFDSXY:3:2654:13494:15499	chr1	152352123	152352272	True	-220	150M	255	0	25	0.8234251737594604	ambig_opp_strand	unspliced	1437	12	RIGEL_NRNA_chr1_1_152335378_152364080		RIGEL_NRNA_chr1_1_152335378_152364080	nrna
A00839:75:H7MFFDSXY:3:2141:17210:18584	chr1	152352160	152352309	False	438	150M	255	0	5	0.7536304593086243	ambig_opp_strand	unspliced	-1	12	.	.	.	mrna
A00839:75:H7MFFDSXY:3:1423:10221:11929	chr1	152356408	152356557	True	-373	150M	255	2	5	0.849274754524231	ambig_opp_strand	unspliced	-1	12	.	.	.	mrna
A00839:75:H7MFFDSXY:3:2644:26051:33489	chr1	152356868	152357017	True	-322	150M	255	1	5	0.3704427182674408	ambig_opp_strand	unspliced	-1	12	.	.	.	mrna
A00839:75:H7MFFDSXY:3:2643:27326:17315	chr1	152356414	152356563	True	-161	150M	255	0	25	0.766918420791626	ambig_opp_strand	unspliced	1437	12	RIGEL_NRNA_chr1_1_152335378_152364080		RIGEL_NRNA_chr1_1_152335378_152364080	nrna
A00839:75:H7MFFDSXY:3:1148:18050:20102	chr1	152355475	152356080	True	-622	15M456N135M	255	0	25	0.9189491868019104	ambig_opp_strand	spliced_unannot	1437	11	RIGEL_NRNA_chr1_1_152335378_152364080		RIGEL_NRNA_chr1_1_152335378_152364080	nrna
A00839:75:H7MFFDSXY:3:2359:21305:18505	chr1	152356216	152356365	False	343	150M	255	0	5	0.22689174115657806	ambig_opp_strand	unspliced	-1	12	.	.	.	mrna
A00839:75:H7MFFDSXY:3:1158:32316:10457	chr1	152350519	152350668	False	217	150M	255	0	3	0.8770796060562134	ambig_opp_strand	unspliced	1437	12	ENST00000388718.5	FLG2	ENSG00000143520.6	mrna
A00839:75:H7MFFDSXY:3:2233:1298:4210	chr1	152355467	152355616	False	206	150M	255	3	3	0.8761914968490601	ambig_opp_strand	unspliced	1437	12	ENST00000388718.5	FLG2	ENSG00000143520.6	mrna
A00839:75:H7MFFDSXY:3:2136:22914:19132	chr1	152354199	152354348	True	-377	150M	255	0	5	0.8736746311187744	ambig_opp_strand	unspliced	-1	12	.	.	.	mrna
A00839:75:H7MFFDSXY:3:1467:26124:32769	chr1	152351039	152351188	True	-418	150M	255	0	5	0.9383252263069153	ambig_opp_strand	unspliced	-1	12	.	.	.	mrna
A00839:75:H7MFFDSXY:3:2410:18050:1908	chr1	152353948	152354097	True	-188	150M	255	0	25	0.8103479743003845	ambig_opp_strand	unspliced	1437	12	RIGEL_NRNA_chr1_1_152335378_152364080		RIGEL_NRNA_chr1_1_152335378_152364080	nrna
A00839:75:H7MFFDSXY:3:2312:18087:1344	chr1	152352844	152352993	True	-249	150M	255	0	25	0.8119003176689148	ambig_opp_strand	unspliced	1437	12	RIGEL_NRNA_chr1_1_152335378_152364080		RIGEL_NRNA_chr1_1_152335378_152364080	nrna
A00839:75:H7MFFDSXY:3:2117:1253:2879	chr1	152354580	152354729	False	209	150M	255	0	3	0.8765106201171875	ambig_opp_strand	unspliced	1437	12	ENST00000388718.5	FLG2	ENSG00000143520.6	mrna
A00839:75:H7MFFDSXY:3:2474:22652:27258	chr1	152354123	152354272	False	367	150M	255	0	3	0.4677174985408783	ambig_opp_strand	unspliced	1437	12	ENST00000388718.5	FLG2	ENSG00000143520.6	mrna
A00839:75:H7MFFDSXY:3:2176:16495:19601	chr1	152353891	152354040	False	475	150M	255	0	5	0.7633552551269531	ambig_opp_strand	unspliced	-1	12	.	.	.	mrna
A00839:75:H7MFFDSXY:3:2146:19840:23109	chr1	152353068	152353217	False	469	150M	255	0	5	0.7581487894058228	ambig_opp_strand	unspliced	-1	12	.	.	.	mrna
A00839:75:H7MFFDSXY:3:1171:27877:15045	chr1	152351709	152351858	True	-367	150M	255	0	5	0.7970830798149109	ambig_opp_strand	unspliced	-1	12	.	.	.	mrna
A00839:75:H7MFFDSXY:3:2478:1904:34632	chr1	152355739	152355888	True	-153	150M	255	0	25	0.738935112953186	ambig_opp_strand	unspliced	1437	12	RIGEL_NRNA_chr1_1_152335378_152364080		RIGEL_NRNA_chr1_1_152335378_152364080	nrna
A00839:75:H7MFFDSXY:3:1261:28013:11365	chr1	152351710	152351859	True	-298	150M	255	0	25	0.7031342387199402	ambig_opp_strand	unspliced	1437	12	RIGEL_NRNA_chr1_1_152335378_152364080		RIGEL_NRNA_chr1_1_152335378_152364080	nrna
A00839:75:H7MFFDSXY:3:1362:30174:24064	chr1	152353906	152354055	False	306	150M	255	0	3	0.8270359039306641	ambig_opp_strand	unspliced	1437	12	ENST00000388718.5	FLG2	ENSG00000143520.6	mrna
A00839:75:H7MFFDSXY:3:1118:8838:12821	chr1	152353467	152353616	False	299	150M	255	0	3	0.8387962579727173	ambig_opp_strand	unspliced	1437	12	ENST00000388718.5	FLG2	ENSG00000143520.6	mrna
A00839:75:H7MFFDSXY:3:2638:21820:15264	chr1	152353596	152353740	True	-376	145M	255	0	5	0.8684738278388977	ambig_opp_strand	unspliced	-1	12	.	.	.	mrna
A00839:75:H7MFFDSXY:3:1437:8919:25081	chr1	152355932	152356081	False	165	150M	255	0	3	0.8638240694999695	ambig_opp_strand	unspliced	1437	12	ENST00000388718.5	FLG2	ENSG00000143520.6	mrna
A00839:75:H7MFFDSXY:3:1346:12445:27117	chr1	152351046	152351195	True	-269	150M	255	0	5	0.15114910900592804	ambig_opp_strand	unspliced	-1	12	.	.	.	mrna
A00839:75:H7MFFDSXY:3:2631:3866:12007	chr1	152352247	152352396	False	463	150M	255	0	3	0.20518800616264343	ambig_opp_strand	unspliced	1437	12	ENST00000388718.5	FLG2	ENSG00000143520.6	mrna
A00839:75:H7MFFDSXY:3:2242:12165:12320	chr1	152353667	152353816	False	420	150M	255	0	5	0.7484661340713501	ambig_opp_strand	unspliced	-1	12	.	.	.	mrna
A00839:75:H7MFFDSXY:3:1201:8133:5400	chr1	152350672	152350821	True	-306	150M	255	0	25	0.05322888866066933	ambig_opp_strand	unspliced	1437	12	RIGEL_NRNA_chr1_1_152189332_152365557		RIGEL_NRNA_chr1_1_152189332_152365557	nrna
A00839:75:H7MFFDSXY:3:1510:11921:24048	chr1	152356457	152356606	True	-430	150M	255	0	5	0.9365171194076538	ambig_opp_strand	unspliced	-1	12	.	.	.	mrna
A00839:75:H7MFFDSXY:3:2608:30391:5776	chr1	152356284	152356433	True	-264	150M	255	0	25	0.7902271151542664	ambig_opp_strand	unspliced	1437	12	RIGEL_NRNA_chr1_1_152335378_152364080		RIGEL_NRNA_chr1_1_152335378_152364080	nrna
A00839:75:H7MFFDSXY:3:2465:20889:25739	chr1	152351664	152351813	True	-263	150M	255	1	25	0.7924414277076721	ambig_opp_strand	unspliced	1437	12	RIGEL_NRNA_chr1_1_152335378_152364080		RIGEL_NRNA_chr1_1_152335378_152364080	nrna
A00839:75:H7MFFDSXY:3:2257:25599:12258	chr1	152351306	152351455	True	-228	150M	255	0	25	0.8223152756690979	ambig_opp_strand	unspliced	1437	12	RIGEL_NRNA_chr1_1_152335378_152364080		RIGEL_NRNA_chr1_1_152335378_152364080	nrna
A00839:75:H7MFFDSXY:3:2259:7301:25942	chr1	152353368	152353432	False	296	65M	255	0	3	0.8426079154014587	ambig_opp_strand	unspliced	1437	12	ENST00000388718.5	FLG2	ENSG00000143520.6	mrna
A00839:75:H7MFFDSXY:3:2570:26268:20055	chr1	152352814	152352920	False	338	107M	255	0	25	0.08021789789199829	ambig_opp_strand	unspliced	1437	12	RIGEL_NRNA_chr1_2_152348734_152360006		RIGEL_NRNA_chr1_2_152348734_152360006	nrna
A00839:75:H7MFFDSXY:3:1277:24316:2206	chr1	152353452	152353601	True	-474	150M	255	2	5	0.9339891672134399	ambig_opp_strand	unspliced	-1	12	.	.	.	mrna
A00839:75:H7MFFDSXY:3:2276:31982:33583	chr1	152354199	152354348	False	261	150M	255	0	25	0.095512755215168	ambig_opp_strand	unspliced	1437	12	RIGEL_NRNA_chr1_2_152348734_152360006		RIGEL_NRNA_chr1_2_152348734_152360006	nrna
A00839:75:H7MFFDSXY:3:1349:19859:3474	chr1	152353805	152353954	True	-355	150M	255	0	5	0.6823275089263916	ambig_opp_strand	unspliced	-1	12	.	.	.	mrna
A00839:75:H7MFFDSXY:3:1666:22516:36949	chr1	152357105	152357254	True	-356	150M	255	0	25	0.284746915102005	ambig_opp_strand	unspliced	1437	12	RIGEL_NRNA_chr1_1_152335378_152364080		RIGEL_NRNA_chr1_1_152335378_152364080	nrna
A00839:75:H7MFFDSXY:3:1277:11071:16282	chr1	152352569	152352718	False	612	150M	255	2	3	0.5379887819290161	ambig_opp_strand	unspliced	1437	12	ENST00000388718.5	FLG2	ENSG00000143520.6	mrna
A00839:75:H7MFFDSXY:3:2156:28709:10629	chr1	152356023	152356172	True	-231	150M	255	0	25	0.8211895227432251	ambig_opp_strand	unspliced	1437	12	RIGEL_NRNA_chr1_1_152335378_152364080		RIGEL_NRNA_chr1_1_152335378_152364080	nrna
A00839:75:H7MFFDSXY:3:1318:21043:21371	chr1	152355974	152356073	False	325	100M	255	0	3	0.7824770212173462	ambig_opp_strand	unspliced	1437	12	ENST00000388718.5	FLG2	ENSG00000143520.6	mrna
A00839:75:H7MFFDSXY:3:1666:20112:24236	chr1	152350577	152350726	False	195	150M	255	0	3	0.874586284160614	ambig_opp_strand	unspliced	1437	12	ENST00000388718.5	FLG2	ENSG00000143520.6	mrna
A00839:75:H7MFFDSXY:3:1414:22706:18490	chr1	152356204	152356353	False	302	150M	255	0	3	0.8335878252983093	ambig_opp_strand	unspliced	1437	12	ENST00000388718.5	FLG2	ENSG00000143520.6	mrna
A00839:75:H7MFFDSXY:3:1164:31096:35368	chr1	152354238	152354387	True	-203	150M	255	0	25	0.8197950124740601	ambig_opp_strand	unspliced	1437	12	RIGEL_NRNA_chr1_1_152335378_152364080		RIGEL_NRNA_chr1_1_152335378_152364080	nrna
A00839:75:H7MFFDSXY:3:2463:10863:21120	chr1	152356596	152356745	True	-351	150M	255	0	5	0.639532208442688	ambig_opp_strand	unspliced	-1	12	.	.	.	mrna
A00839:75:H7MFFDSXY:3:1527:4906:7889	chr1	152353958	152354107	False	461	150M	255	0	5	0.7664093971252441	ambig_opp_strand	unspliced	-1	12	.	.	.	mrna
A00839:75:H7MFFDSXY:3:1545:13449:17644	chr1	152353364	152353503	False	140	140M	255	0	5	0.07807650417089462	ambig_opp_strand	unspliced	-1	12	.	.	.	mrna
A00839:75:H7MFFDSXY:3:2324:10104:32581	chr1	152351096	152351245	False	289	150M	255	0	3	0.8504444360733032	ambig_opp_strand	unspliced	1437	12	ENST00000388718.5	FLG2	ENSG00000143520.6	mrna
A00839:75:H7MFFDSXY:3:1664:24894:1830	chr1	152356583	152356732	True	-560	150M	255	0	5	0.8656802773475647	ambig_opp_strand	unspliced	-1	12	.	.	.	mrna
A00839:75:H7MFFDSXY:3:1676:13630:14575	chr1	152354324	152354445	True	-122	122M	255	3	5	0.45300501585006714	ambig_opp_strand	unspliced	-1	12	.	.	.	mrna
A00839:75:H7MFFDSXY:3:1251:11632:21449	chr1	152356865	152357014	False	219	150M	255	0	3	0.8770769834518433	ambig_opp_strand	unspliced	1437	12	ENST00000388718.5	FLG2	ENSG00000143520.6	mrna
A00839:75:H7MFFDSXY:3:2671:31521:29121	chr1	152352522	152352671	True	-186	150M	255	0	25	0.8076047897338867	ambig_opp_strand	unspliced	1437	12	RIGEL_NRNA_chr1_1_152335378_152364080		RIGEL_NRNA_chr1_1_152335378_152364080	nrna
A00839:75:H7MFFDSXY:3:1541:25780:23030	chr1	152354153	152354302	True	-318	150M	255	0	25	0.603524386882782	ambig_opp_strand	unspliced	1437	12	RIGEL_NRNA_chr1_1_152335378_152364080		RIGEL_NRNA_chr1_1_152335378_152364080	nrna
A00839:75:H7MFFDSXY:3:1209:2835:13041	chr1	152355051	152355200	True	-392	150M	255	0	5	0.9308454990386963	ambig_opp_strand	unspliced	-1	12	.	.	.	mrna
A00839:75:H7MFFDSXY:3:2537:18195:22639	chr1	152350753	152350902	True	-343	150M	255	1	5	0.5545569658279419	ambig_opp_strand	unspliced	-1	12	.	.	.	mrna
A00839:75:H7MFFDSXY:3:2453:16911:1564	chr1	152353630	152353779	False	337	150M	255	0	3	0.732475996017456	ambig_opp_strand	unspliced	1437	12	ENST00000388718.5	FLG2	ENSG00000143520.6	mrna
A00839:75:H7MFFDSXY:3:2410:20166:12555	chr1	152350713	152350862	False	153	150M	255	0	3	0.851900041103363	ambig_opp_strand	unspliced	1437	12	ENST00000388718.5	FLG2	ENSG00000143520.6	mrna
A00839:75:H7MFFDSXY:3:2250:19922:28447	chr1	152356934	152357083	False	205	150M	255	0	3	0.8762255907058716	ambig_opp_strand	unspliced	1437	12	ENST00000388718.5	FLG2	ENSG00000143520.6	mrna
A00839:75:H7MFFDSXY:3:1609:32796:1642	chr1	152353182	152353331	True	-533	150M	255	1	5	0.9172871112823486	ambig_opp_strand	unspliced	-1	12	.	.	.	mrna
A00839:75:H7MFFDSXY:3:2204:1452:31219	chr1	152354997	152355108	True	-315	20S112M18S	255	1	25	0.6226210594177246	ambig_opp_strand	unspliced	1437	12	RIGEL_NRNA_chr1_1_152335378_152364080		RIGEL_NRNA_chr1_1_152335378_152364080	nrna
A00839:75:H7MFFDSXY:3:1302:29532:33661	chr1	152354221	152354370	False	360	150M	255	0	3	0.5536470413208008	ambig_opp_strand	unspliced	1437	12	ENST00000388718.5	FLG2	ENSG00000143520.6	mrna
A00839:75:H7MFFDSXY:3:1655:15609:19038	chr1	152354712	152354861	True	-478	150M	255	0	5	0.9268845915794373	ambig_opp_strand	unspliced	-1	12	.	.	.	mrna
A00839:75:H7MFFDSXY:3:2376:27651:12054	chr1	152353325	152353474	False	262	150M	255	0	3	0.8683569431304932	ambig_opp_strand	unspliced	1437	12	ENST00000388718.5	FLG2	ENSG00000143520.6	mrna
A00839:75:H7MFFDSXY:3:1322:16740:15076	chr1	152354181	152354330	False	322	150M	255	0	3	0.7910903096199036	ambig_opp_strand	unspliced	1437	12	ENST00000388718.5	FLG2	ENSG00000143520.6	mrna
A00839:75:H7MFFDSXY:3:1237:11812:31344	chr1	152355265	152355414	False	413	150M	255	0	3	0.19240796566009521	ambig_opp_strand	unspliced	1437	12	ENST00000388718.5	FLG2	ENSG00000143520.6	mrna
A00839:75:H7MFFDSXY:3:1626:2483:34663	chr1	152350708	152350857	False	317	150M	255	0	3	0.804389238357544	ambig_opp_strand	unspliced	1437	12	ENST00000388718.5	FLG2	ENSG00000143520.6	mrna
A00839:75:H7MFFDSXY:3:2321:21721:29434	chr1	152352298	152352447	False	376	150M	255	0	3	0.35235610604286194	ambig_opp_strand	unspliced	1437	12	ENST00000388718.5	FLG2	ENSG00000143520.6	mrna
A00839:75:H7MFFDSXY:3:1424:17535:12477	chr1	152353314	152353463	False	341	150M	255	0	3	0.7092514634132385	ambig_opp_strand	unspliced	1437	12	ENST00000388718.5	FLG2	ENSG00000143520.6	mrna
A00839:75:H7MFFDSXY:3:2675:3685:8469	chr1	152350508	152350657	False	315	150M	255	0	3	0.809950590133667	ambig_opp_strand	unspliced	1437	12	ENST00000388718.5	FLG2	ENSG00000143520.6	mrna
A00839:75:H7MFFDSXY:3:2536:19343:28886	chr1	152356693	152356842	False	174	150M	255	0	3	0.869076669216156	ambig_opp_strand	unspliced	1437	12	ENST00000388718.5	FLG2	ENSG00000143520.6	mrna
A00839:75:H7MFFDSXY:3:2318:4119:28823	chr1	152356381	152356530	True	-160	150M	255	0	25	0.7650343179702759	ambig_opp_strand	unspliced	1437	12	RIGEL_NRNA_chr1_1_152335378_152364080		RIGEL_NRNA_chr1_1_152335378_152364080	nrna
A00839:75:H7MFFDSXY:3:1511:20157:13448	chr1	152355671	152355820	False	248	150M	255	0	25	0.09604419767856598	ambig_opp_strand	unspliced	1437	12	RIGEL_NRNA_chr1_2_152348734_152360006		RIGEL_NRNA_chr1_2_152348734_152360006	nrna
A00839:75:H7MFFDSXY:3:1318:10936:16579	chr1	152355405	152355554	False	869	150M	255	0	5	0.04397600144147873	ambig_opp_strand	unspliced	-1	12	.	.	.	mrna
A00839:75:H7MFFDSXY:3:2562:19443:2409	chr1	152355833	152355982	False	406	150M	255	0	5	0.7756004333496094	ambig_opp_strand	unspliced	-1	12	.	.	.	mrna
A00839:75:H7MFFDSXY:3:2528:28330:5024	chr1	152350091	152350240	False	564	150M	255	1	5	0.580120861530304	ambig_opp_strand	unspliced	-1	12	.	.	.	mrna
A00839:75:H7MFFDSXY:3:1420:27688:35916	chr1	152355319	152355468	False	410	150M	255	0	5	0.7620162963867188	ambig_opp_strand	unspliced	-1	12	.	.	.	mrna
A00839:75:H7MFFDSXY:3:1101:27236:29403	chr1	152355224	152355373	True	-449	150M	255	0	5	0.9288437366485596	ambig_opp_strand	unspliced	-1	12	.	.	.	mrna
A00839:75:H7MFFDSXY:3:1667:32750:20509	chr1	152355674	152355798	True	-356	125M	255	0	5	0.690138578414917	ambig_opp_strand	unspliced	-1	12	.	.	.	mrna
A00839:75:H7MFFDSXY:3:1402:4300:19085	chr1	152350969	152351098	True	-355	130M	255	0	5	0.6823275089263916	ambig_opp_strand	unspliced	-1	12	.	.	.	mrna
A00839:75:H7MFFDSXY:3:2409:7735:7780	chr1	152357259	152357408	True	-209	150M	255	0	5	0.10527732223272324	ambig_opp_strand	unspliced	-1	12	.	.	.	mrna
A00839:75:H7MFFDSXY:3:1450:23529:36385	chr1	152354832	152354936	True	-336	105M	255	0	5	0.47684067487716675	ambig_opp_strand	unspliced	-1	12	.	.	.	mrna
A00839:75:H7MFFDSXY:3:2407:25310:2644	chr1	152351247	152351392	False	474	146M	255	0	5	0.7693421840667725	ambig_opp_strand	unspliced	-1	12	.	.	.	mrna
A00839:75:H7MFFDSXY:3:2213:29695:12618	chr1	152352167	152352316	False	164	150M	255	0	3	0.8628630638122559	ambig_opp_strand	unspliced	1437	12	ENST00000388718.5	FLG2	ENSG00000143520.6	mrna
A00839:75:H7MFFDSXY:3:2213:12689:25880	chr1	152353718	152353867	False	347	150M	255	0	3	0.6665412187576294	ambig_opp_strand	unspliced	1437	12	ENST00000388718.5	FLG2	ENSG00000143520.6	mrna
A00839:75:H7MFFDSXY:3:2467:15772:10739	chr1	152354153	152354302	False	229	150M	255	0	3	0.8763826489448547	ambig_opp_strand	unspliced	1437	12	ENST00000388718.5	FLG2	ENSG00000143520.6	mrna
A00839:75:H7MFFDSXY:3:1461:10456:25801	chr1	152353175	152353324	False	449	150M	255	0	3	0.2209421694278717	ambig_opp_strand	unspliced	1437	12	ENST00000388718.5	FLG2	ENSG00000143520.6	mrna
A00839:75:H7MFFDSXY:3:2224:8178:25113	chr1	152350817	152350966	False	173	150M	255	0	3	0.8685807585716248	ambig_opp_strand	unspliced	1437	12	ENST00000388718.5	FLG2	ENSG00000143520.6	mrna
A00839:75:H7MFFDSXY:3:1367:14136:1141	chr1	152352112	152352204	False	324	93M	255	0	3	0.7866252064704895	ambig_opp_strand	unspliced	1437	12	ENST00000388718.5	FLG2	ENSG00000143520.6	mrna
A00839:75:H7MFFDSXY:3:2448:13431:9377	chr1	152351098	152351247	True	-256	150M	255	0	25	0.8027465343475342	ambig_opp_strand	unspliced	1437	12	RIGEL_NRNA_chr1_1_152335378_152364080		RIGEL_NRNA_chr1_1_152335378_152364080	nrna
A00839:75:H7MFFDSXY:3:2154:10140:6339	chr1	152351962	152352111	False	520	150M	255	0	5	0.7426769137382507	ambig_opp_strand	unspliced	-1	12	.	.	.	mrna
A00839:75:H7MFFDSXY:3:2525:28736:36166	chr1	152354163	152354312	True	-324	150M	255	0	25	0.5687141418457031	ambig_opp_strand	unspliced	1437	12	RIGEL_NRNA_chr1_1_152335378_152364080		RIGEL_NRNA_chr1_1_152335378_152364080	nrna
A00839:75:H7MFFDSXY:3:1203:2908:3020	chr1	152351851	152352000	False	271	150M	255	0	3	0.8635894060134888	ambig_opp_strand	unspliced	1437	12	ENST00000388718.5	FLG2	ENSG00000143520.6	mrna
A00839:75:H7MFFDSXY:3:1303:1027:20431	chr1	152350554	152350703	False	314	150M	255	0	3	0.8105611801147461	ambig_opp_strand	unspliced	1437	12	ENST00000388718.5	FLG2	ENSG00000143520.6	mrna
A00839:75:H7MFFDSXY:3:1151:8260:13667	chr1	152351534	152351637	False	329	104M	255	1	3	0.7693861722946167	ambig_opp_strand	unspliced	1437	12	ENST00000388718.5	FLG2	ENSG00000143520.6	mrna
A00839:75:H7MFFDSXY:3:1610:23222:33379	chr1	152352042	152352191	True	-235	150M	255	0	25	0.8203124403953552	ambig_opp_strand	unspliced	1437	12	RIGEL_NRNA_chr1_1_152335378_152364080		RIGEL_NRNA_chr1_1_152335378_152364080	nrna
A00839:75:H7MFFDSXY:3:1117:20437:20948	chr1	152351900	152352012	False	338	113M	255	0	5	0.18972191214561462	ambig_opp_strand	unspliced	-1	12	.	.	.	mrna
A00839:75:H7MFFDSXY:3:1652:23665:30232	chr1	152357206	152357355	False	590	150M	255	0	5	0.8937305212020874	ambig_opp_strand	unspliced	-1	12	.	.	.	mrna
A00839:75:H7MFFDSXY:3:1572:16929:36354	chr1	152355959	152356073	False	379	115M	255	0	3	0.30901238322257996	ambig_opp_strand	unspliced	1437	12	ENST00000388718.5	FLG2	ENSG00000143520.6	mrna
A00839:75:H7MFFDSXY:3:2637:14904:17534	chr1	152354253	152354402	False	328	150M	255	1	3	0.7733120322227478	ambig_opp_strand	unspliced	1437	12	ENST00000388718.5	FLG2	ENSG00000143520.6	mrna
A00839:75:H7MFFDSXY:3:2273:29568:33004	chr1	152352659	152352734	True	-301	76M	255	0	25	0.6893413662910461	ambig_opp_strand	unspliced	1437	12	RIGEL_NRNA_chr1_1_152335378_152364080		RIGEL_NRNA_chr1_1_152335378_152364080	nrna
A00839:75:H7MFFDSXY:3:2625:3143:6214	chr1	152351041	152351190	True	-315	150M	255	0	5	0.32246434688568115	ambig_opp_strand	unspliced	-1	12	.	.	.	mrna
A00839:75:H7MFFDSXY:3:1668:32127:30671	chr1	152355893	152355986	False	319	94M	255	0	3	0.7983585596084595	ambig_opp_strand	unspliced	1437	12	ENST00000388718.5	FLG2	ENSG00000143520.6	mrna
A00839:75:H7MFFDSXY:3:1530:26476:33035	chr1	152357306	152357455	False	250	150M	255	2	3	0.8735895156860352	ambig_opp_strand	unspliced	1437	12	ENST00000388718.5	FLG2	ENSG00000143520.6	mrna
A00839:75:H7MFFDSXY:3:1415:2980:34522	chr1	152352322	152352435	True	-572	2S114M	255	5	25	0.9189492464065552	ambig_opp_strand	spliced_unannot	1437	11	RIGEL_NRNA_chr1_1_152335378_152364080		RIGEL_NRNA_chr1_1_152335378_152364080	nrna
A00839:75:H7MFFDSXY:3:1571:14687:27899	chr1	152352660	152352809	False	472	150M	255	0	5	0.7379915714263916	ambig_opp_strand	unspliced	-1	12	.	.	.	mrna
A00839:75:H7MFFDSXY:3:1406:4453:10833	chr1	152350743	152350884	False	142	142M	255	1	3	0.8343480825424194	ambig_opp_strand	unspliced	1437	12	ENST00000388718.5	FLG2	ENSG00000143520.6	mrna
A00839:75:H7MFFDSXY:3:2208:8594:16250	chr1	152353543	152353692	True	-159	150M	255	0	25	0.7611247897148132	ambig_opp_strand	unspliced	1437	12	RIGEL_NRNA_chr1_1_152335378_152364080		RIGEL_NRNA_chr1_1_152335378_152364080	nrna
A00839:75:H7MFFDSXY:3:1342:7491:25488	chr1	152351427	152351566	False	365	140M	255	0	3	0.49916261434555054	ambig_opp_strand	unspliced	1437	12	ENST00000388718.5	FLG2	ENSG00000143520.6	mrna
A00839:75:H7MFFDSXY:3:1430:32922:33865	chr1	152351771	152351854	True	-309	84M	255	0	25	0.6494503617286682	ambig_opp_strand	unspliced	1437	12	RIGEL_NRNA_chr1_1_152335378_152364080		RIGEL_NRNA_chr1_1_152335378_152364080	nrna
A00839:75:H7MFFDSXY:3:2429:10637:3129	chr1	152354217	152354366	True	-362	150M	255	0	5	0.7521462440490723	ambig_opp_strand	unspliced	-1	12	.	.	.	mrna
A00839:75:H7MFFDSXY:3:2338:28745:9283	chr1	152351285	152351434	True	-352	150M	255	0	5	0.6496974229812622	ambig_opp_strand	unspliced	-1	12	.	.	.	mrna
A00839:75:H7MFFDSXY:3:1612:17273:23328	chr1	152352350	152352499	True	-371	150M	255	0	5	0.838139533996582	ambig_opp_strand	unspliced	-1	12	.	.	.	mrna
A00839:75:H7MFFDSXY:3:1478:16098:33536	chr1	152356190	152356339	False	495	150M	255	0	5	0.7528457045555115	ambig_opp_strand	unspliced	-1	12	.	.	.	mrna
A00839:75:H7MFFDSXY:3:2540:18439:14450	chr1	152350946	152351095	True	-253	150M	255	0	25	0.8068954348564148	ambig_opp_strand	unspliced	1437	12	RIGEL_NRNA_chr1_1_152335378_152364080		RIGEL_NRNA_chr1_1_152335378_152364080	nrna
A00839:75:H7MFFDSXY:3:1304:23854:13088	chr1	152356448	152356597	True	-207	150M	255	0	25	0.06555728614330292	ambig_opp_strand	unspliced	1437	12	RIGEL_NRNA_chr1_1_152189332_152365557		RIGEL_NRNA_chr1_1_152189332_152365557	nrna
A00839:75:H7MFFDSXY:3:2456:30228:19460	chr1	152355034	152355108	False	306	75M	255	0	25	0.09089124947786331	ambig_opp_strand	unspliced	1437	12	RIGEL_NRNA_chr1_2_152348734_152360006		RIGEL_NRNA_chr1_2_152348734_152360006	nrna
A00839:75:H7MFFDSXY:3:2201:11225:29982	chr1	152352735	152352884	False	278	150M	255	0	3	0.8588874340057373	ambig_opp_strand	unspliced	1437	12	ENST00000388718.5	FLG2	ENSG00000143520.6	mrna
A00839:75:H7MFFDSXY:3:2251:30779:12524	chr1	152354354	152354503	True	-242	150M	255	0	25	0.06528866291046143	ambig_opp_strand	unspliced	1437	12	RIGEL_NRNA_chr1_1_152189332_152365557		RIGEL_NRNA_chr1_1_152189332_152365557	nrna
A00839:75:H7MFFDSXY:3:1523:11369:21903	chr1	152352512	152352661	True	-321	150M	255	0	25	0.5853351950645447	ambig_opp_strand	unspliced	1437	12	RIGEL_NRNA_chr1_1_152335378_152364080		RIGEL_NRNA_chr1_1_152335378_152364080	nrna
A00839:75:H7MFFDSXY:3:1138:8965:27571	chr1	152351267	152351416	True	-307	150M	255	0	25	0.6614903211593628	ambig_opp_strand	unspliced	1437	12	RIGEL_NRNA_chr1_1_152335378_152364080		RIGEL_NRNA_chr1_1_152335378_152364080	nrna
A00839:75:H7MFFDSXY:3:1171:29975:17613	chr1	152353631	152353780	False	444	150M	255	0	5	0.7724507451057434	ambig_opp_strand	unspliced	-1	12	.	.	.	mrna
A00839:75:H7MFFDSXY:3:2356:14669:26741	chr1	152357109	152357243	False	135	135M	255	0	5	0.09601128101348877	ambig_opp_strand	unspliced	-1	12	.	.	.	mrna
A00839:75:H7MFFDSXY:3:1523:13304:29387	chr1	152356162	152356247	True	-311	86M	3	0	128	0.0	.	unknown	-1	0	.	.	.	mrna
A00839:75:H7MFFDSXY:3:2451:14055:17597	chr1	152357346	152357495	True	-340	150M	255	0	5	0.5226516127586365	ambig_opp_strand	unspliced	-1	12	.	.	.	mrna
A00839:75:H7MFFDSXY:3:1575:29378:27571	chr1	152357017	152357149	True	-133	133M	255	0	5	0.33565089106559753	ambig_opp_strand	unspliced	-1	12	.	.	.	mrna
A00839:75:H7MFFDSXY:3:1108:2474:12790	chr1	152355580	152355729	True	-207	150M	255	1	5	0.10653773695230484	ambig_opp_strand	unspliced	-1	12	.	.	.	mrna
A00839:75:H7MFFDSXY:3:2610:31919:3411	chr1	152351083	152351201	False	344	119M	255	0	3	0.6880274415016174	ambig_opp_strand	unspliced	1437	12	ENST00000388718.5	FLG2	ENSG00000143520.6	mrna
A00839:75:H7MFFDSXY:3:1468:3188:20102	chr1	152356466	152356615	False	377	150M	255	0	3	0.34247130155563354	ambig_opp_strand	unspliced	1437	12	ENST00000388718.5	FLG2	ENSG00000143520.6	mrna
A00839:75:H7MFFDSXY:3:1104:4345:2848	chr1	152351518	152351660	True	-368	143M	255	0	25	0.17984236776828766	ambig_opp_strand	unspliced	1437	12	RIGEL_NRNA_chr1_1_152335378_152364080		RIGEL_NRNA_chr1_1_152335378_152364080	nrna
A00839:75:H7MFFDSXY:3:1612:4327:2253	chr1	152356745	152356894	False	182	150M	255	0	3	0.8714370131492615	ambig_opp_strand	unspliced	1437	12	ENST00000388718.5	FLG2	ENSG00000143520.6	mrna
A00839:75:H7MFFDSXY:3:1111:25174:1125	chr1	152353536	152353685	False	367	150M	255	0	5	0.4807887077331543	ambig_opp_strand	unspliced	-1	12	.	.	.	mrna
A00839:75:H7MFFDSXY:3:1451:24804:11318	chr1	152356269	152356337	True	-372	69M	255	0	5	0.8373578786849976	ambig_opp_strand	unspliced	-1	12	.	.	.	mrna
A00839:75:H7MFFDSXY:3:2331:26612:14826	chr1	152358828	152358977	True	-236	150M	255	0	25	0.8222944736480713	ambig_opp_strand	unspliced	1437	12	RIGEL_NRNA_chr1_1_152335378_152364080		RIGEL_NRNA_chr1_1_152335378_152364080	nrna
A00839:75:H7MFFDSXY:3:1664:18864:35227	chr1	152354369	152354517	True	-149	149M	255	0	25	0.7239765524864197	ambig_opp_strand	unspliced	1437	12	RIGEL_NRNA_chr1_1_152335378_152364080		RIGEL_NRNA_chr1_1_152335378_152364080	nrna
A00839:75:H7MFFDSXY:3:2672:4616:34976	chr1	152351547	152351696	False	384	150M	255	3	5	0.7053400278091431	ambig_opp_strand	unspliced	-1	12	.	.	.	mrna
A00839:75:H7MFFDSXY:3:1374:19768:13620	chr1	152354240	152354389	False	321	150M	255	0	3	0.7941257357597351	ambig_opp_strand	unspliced	1437	12	ENST00000388718.5	FLG2	ENSG00000143520.6	mrna
A00839:75:H7MFFDSXY:3:1271:16550:13182	chr1	152352468	152352581	False	339	114M	255	0	3	0.7253321409225464	ambig_opp_strand	unspliced	1437	12	ENST00000388718.5	FLG2	ENSG00000143520.6	mrna
A00839:75:H7MFFDSXY:3:1277:19316:4664	chr1	152355324	152355473	False	249	150M	255	0	5	0.03014470264315605	ambig_opp_strand	unspliced	-1	12	.	.	.	mrna
A00839:75:H7MFFDSXY:3:1561:10773:2832	chr1	152354179	152354328	True	-254	150M	255	0	25	0.8055039048194885	ambig_opp_strand	unspliced	1437	12	RIGEL_NRNA_chr1_1_152335378_152364080		RIGEL_NRNA_chr1_1_152335378_152364080	nrna
A00839:75:H7MFFDSXY:3:2233:22037:3771	chr1	152354083	152354232	True	-277	150M	255	0	25	0.7628653645515442	ambig_opp_strand	unspliced	1437	12	RIGEL_NRNA_chr1_1_152335378_152364080		RIGEL_NRNA_chr1_1_152335378_152364080	nrna
A00839:75:H7MFFDSXY:3:2174:7744:26678	chr1	152354277	152354426	True	-184	150M	255	0	25	0.8078091740608215	ambig_opp_strand	unspliced	1437	12	RIGEL_NRNA_chr1_1_152335378_152364080		RIGEL_NRNA_chr1_1_152335378_152364080	nrna
A00839:75:H7MFFDSXY:3:2507:17526:22013	chr1	152351581	152351730	True	-210	150M	255	0	25	0.8230730891227722	ambig_opp_strand	unspliced	1437	12	RIGEL_NRNA_chr1_1_152335378_152364080		RIGEL_NRNA_chr1_1_152335378_152364080	nrna
A00839:75:H7MFFDSXY:3:2232:4996:16470	chr1	152351477	152351626	True	-277	150M	255	0	25	0.7628653645515442	ambig_opp_strand	unspliced	1437	12	RIGEL_NRNA_chr1_1_152335378_152364080		RIGEL_NRNA_chr1_1_152335378_152364080	nrna
A00839:75:H7MFFDSXY:3:1372:1669:8609	chr1	152352778	152352927	False	436	150M	255	0	3	0.2221241295337677	ambig_opp_strand	unspliced	1437	12	ENST00000388718.5	FLG2	ENSG00000143520.6	mrna
A00839:75:H7MFFDSXY:3:1502:24939:2566	chr1	152356515	152356664	False	309	150M	255	0	3	0.8205549716949463	ambig_opp_strand	unspliced	1437	12	ENST00000388718.5	FLG2	ENSG00000143520.6	mrna
A00839:75:H7MFFDSXY:3:2405:8847:33473	chr1	152355871	152356020	True	-367	150M	255	1	5	0.7970832586288452	ambig_opp_strand	unspliced	-1	12	.	.	.	mrna
A00839:75:H7MFFDSXY:3:1605:17255:30592	chr1	152352686	152352743	True	-283	58M	255	0	25	0.7493870258331299	ambig_opp_strand	unspliced	1437	12	RIGEL_NRNA_chr1_1_152335378_152364080		RIGEL_NRNA_chr1_1_152335378_152364080	nrna
A00839:75:H7MFFDSXY:3:2428:17888:12524	chr1	152352053	152352202	False	414	150M	255	0	5	0.7759493589401245	ambig_opp_strand	unspliced	-1	12	.	.	.	mrna
A00839:75:H7MFFDSXY:3:1277:4255:18129	chr1	152356881	152357030	True	-271	150M	255	0	25	0.7768640518188477	ambig_opp_strand	unspliced	1437	12	RIGEL_NRNA_chr1_1_152335378_152364080		RIGEL_NRNA_chr1_1_152335378_152364080	nrna
A00839:75:H7MFFDSXY:3:2322:30409:31172	chr1	152351392	152351541	True	-554	150M	255	0	5	0.8568567633628845	ambig_opp_strand	unspliced	-1	12	.	.	.	mrna
A00839:75:H7MFFDSXY:3:1422:12210:10394	chr1	152352204	152352353	False	363	150M	255	0	3	0.5199803113937378	ambig_opp_strand	unspliced	1437	12	ENST00000388718.5	FLG2	ENSG00000143520.6	mrna
A00839:75:H7MFFDSXY:3:2244:10257:35822	chr1	152352308	152352457	True	-337	150M	255	0	25	0.4652997553348541	ambig_opp_strand	unspliced	1437	12	RIGEL_NRNA_chr1_1_152335378_152364080		RIGEL_NRNA_chr1_1_152335378_152364080	nrna
A00839:75:H7MFFDSXY:3:2211:23800:23797	chr1	152353600	152353749	False	235	150M	255	0	3	0.8759925961494446	ambig_opp_strand	unspliced	1437	12	ENST00000388718.5	FLG2	ENSG00000143520.6	mrna
A00839:75:H7MFFDSXY:3:2311:2817:21746	chr1	152351368	152351461	True	-319	94M	255	0	25	0.5950044393539429	ambig_opp_strand	unspliced	1437	12	RIGEL_NRNA_chr1_1_152335378_152364080		RIGEL_NRNA_chr1_1_152335378_152364080	nrna
A00839:75:H7MFFDSXY:3:1468:23176:35211	chr1	152351618	152351767	False	170	150M	255	0	3	0.8667905926704407	ambig_opp_strand	unspliced	1437	12	ENST00000388718.5	FLG2	ENSG00000143520.6	mrna
A00839:75:H7MFFDSXY:3:1256:32940:31297	chr1	152354305	152354454	True	-235	150M	255	0	25	0.8203124403953552	ambig_opp_strand	unspliced	1437	12	RIGEL_NRNA_chr1_1_152335378_152364080		RIGEL_NRNA_chr1_1_152335378_152364080	nrna
A00839:75:H7MFFDSXY:3:2512:9833:22561	chr1	152352282	152352397	True	-116	116M	255	0	5	0.5149568319320679	ambig_opp_strand	unspliced	-1	12	.	.	.	mrna
A00839:75:H7MFFDSXY:3:1321:26332:29528	chr1	152356266	152356360	True	-359	95M	255	0	25	0.2581595778465271	ambig_opp_strand	unspliced	1437	12	RIGEL_NRNA_chr1_1_152335378_152364080		RIGEL_NRNA_chr1_1_152335378_152364080	nrna
A00839:75:H7MFFDSXY:3:1557:20844:10347	chr1	152353193	152353342	False	271	150M	255	0	3	0.8635894060134888	ambig_opp_strand	unspliced	1437	12	ENST00000388718.5	FLG2	ENSG00000143520.6	mrna
A00839:75:H7MFFDSXY:3:1317:15275:26913	chr1	152353591	152353740	True	-248	150M	255	0	25	0.8128185868263245	ambig_opp_strand	unspliced	1437	12	RIGEL_NRNA_chr1_1_152335378_152364080		RIGEL_NRNA_chr1_1_152335378_152364080	nrna
A00839:75:H7MFFDSXY:3:1173:9751:13589	chr1	152356446	152356595	False	235	150M	255	0	3	0.8759925961494446	ambig_opp_strand	unspliced	1437	12	ENST00000388718.5	FLG2	ENSG00000143520.6	mrna
A00839:75:H7MFFDSXY:3:1437:29351:1438	chr1	152355446	152355537	False	323	92M	255	0	3	0.7879531979560852	ambig_opp_strand	unspliced	1437	12	ENST00000388718.5	FLG2	ENSG00000143520.6	mrna
A00839:75:H7MFFDSXY:3:1103:7672:34413	chr1	152355517	152355624	False	339	108M	255	0	5	0.19481176137924194	ambig_opp_strand	unspliced	-1	12	.	.	.	mrna
A00839:75:H7MFFDSXY:3:2420:27100:2613	chr1	152353035	152353184	False	337	150M	255	0	5	0.18688137829303741	ambig_opp_strand	unspliced	-1	12	.	.	.	mrna
A00839:75:H7MFFDSXY:3:1328:13422:36949	chr1	152353542	152353658	True	-348	117M	255	0	5	0.6022961735725403	ambig_opp_strand	unspliced	-1	12	.	.	.	mrna
A00839:75:H7MFFDSXY:3:2544:29432:26318	chr1	152356029	152356178	False	390	150M	255	0	5	0.7419512271881104	ambig_opp_strand	unspliced	-1	12	.	.	.	mrna
A00839:75:H7MFFDSXY:3:1509:31946:24189	chr1	152354495	152354644	True	-383	150M	255	0	5	0.9103876352310181	ambig_opp_strand	unspliced	-1	12	.	.	.	mrna
A00839:75:H7MFFDSXY:3:2145:26232:7310	chr1	152351307	152351456	False	496	150M	255	0	5	0.7882221341133118	ambig_opp_strand	unspliced	-1	12	.	.	.	mrna
A00839:75:H7MFFDSXY:3:2448:22245:27211	chr1	152351716	152351766	True	-276	51M	3	0	128	0.0	.	unknown	-1	0	.	.	.	mrna
A00839:75:H7MFFDSXY:3:1267:22336:9392	chr1	152356692	152356841	True	-389	150M	255	0	5	0.9335959553718567	ambig_opp_strand	unspliced	-1	12	.	.	.	mrna
A00839:75:H7MFFDSXY:3:1238:9100:23860	chr1	152352941	152353090	False	401	150M	255	0	5	0.7623725533485413	ambig_opp_strand	unspliced	-1	12	.	.	.	mrna
A00839:75:H7MFFDSXY:3:2166:5855:20556	chr1	152354413	152354562	False	255	150M	255	0	3	0.871295154094696	ambig_opp_strand	unspliced	1437	12	ENST00000388718.5	FLG2	ENSG00000143520.6	mrna
A00839:75:H7MFFDSXY:3:1504:18484:5478	chr1	152353253	152353402	True	-414	150M	255	0	5	0.9362707138061523	ambig_opp_strand	unspliced	-1	12	.	.	.	mrna
A00839:75:H7MFFDSXY:3:1301:15917:12555	chr1	152353178	152353327	True	-384	150M	255	0	5	0.9103489518165588	ambig_opp_strand	unspliced	-1	12	.	.	.	mrna
A00839:75:H7MFFDSXY:3:2615:6822:33411	chr1	152350596	152350745	False	295	150M	255	0	3	0.8436314463615417	ambig_opp_strand	unspliced	1437	12	ENST00000388718.5	FLG2	ENSG00000143520.6	mrna
A00839:75:H7MFFDSXY:3:1639:29369:14810	chr1	152352852	152353001	False	352	150M	255	0	3	0.6267848014831543	ambig_opp_strand	unspliced	1437	12	ENST00000388718.5	FLG2	ENSG00000143520.6	mrna
A00839:75:H7MFFDSXY:3:1107:26006:28307	chr1	152356122	152356271	False	165	150M	255	0	3	0.8638240694999695	ambig_opp_strand	unspliced	1437	12	ENST00000388718.5	FLG2	ENSG00000143520.6	mrna
A00839:75:H7MFFDSXY:3:1654:22932:11866	chr1	152352320	152352469	True	-341	150M	255	0	5	0.5339718461036682	ambig_opp_strand	unspliced	-1	12	.	.	.	mrna
A00839:75:H7MFFDSXY:3:1377:27715:15922	chr1	152353888	152354037	True	-238	150M	255	0	25	0.8201908469200134	ambig_opp_strand	unspliced	1437	12	RIGEL_NRNA_chr1_1_152335378_152364080		RIGEL_NRNA_chr1_1_152335378_152364080	nrna
A00839:75:H7MFFDSXY:3:2468:8594:24580	chr1	152352000	152352149	False	300	150M	255	0	3	0.8364787697792053	ambig_opp_strand	unspliced	1437	12	ENST00000388718.5	FLG2	ENSG00000143520.6	mrna
A00839:75:H7MFFDSXY:3:2607:25834:7811	chr1	152357551	152357700	True	-285	150M	255	0	25	0.7470297813415527	ambig_opp_strand	unspliced	1437	12	RIGEL_NRNA_chr1_1_152335378_152364080		RIGEL_NRNA_chr1_1_152335378_152364080	nrna
A00839:75:H7MFFDSXY:3:2668:25861:2754	chr1	152352804	152352953	False	170	150M	255	0	3	0.8667905926704407	ambig_opp_strand	unspliced	1437	12	ENST00000388718.5	FLG2	ENSG00000143520.6	mrna
A00839:75:H7MFFDSXY:3:1660:22670:34929	chr1	152351040	152351099	True	-285	60M	255	0	25	0.7452908754348755	ambig_opp_strand	unspliced	1437	12	RIGEL_NRNA_chr1_1_152335378_152364080		RIGEL_NRNA_chr1_1_152335378_152364080	nrna
A00839:75:H7MFFDSXY:3:2565:3902:7467	chr1	152358692	152358841	True	-273	150M	255	1	25	0.7752472162246704	ambig_opp_strand	unspliced	1437	12	RIGEL_NRNA_chr1_1_152335378_152364080		RIGEL_NRNA_chr1_1_152335378_152364080	nrna
A00839:75:H7MFFDSXY:3:1319:10248:18020	chr1	152352414	152352563	False	360	150M	255	0	3	0.5536469221115112	ambig_opp_strand	unspliced	1437	12	ENST00000388718.5	FLG2	ENSG00000143520.6	mrna
A00839:75:H7MFFDSXY:3:1166:5556:34538	chr1	152354109	152354258	True	-272	150M	255	0	25	0.7745859622955322	ambig_opp_strand	unspliced	1437	12	RIGEL_NRNA_chr1_1_152335378_152364080		RIGEL_NRNA_chr1_1_152335378_152364080	nrna
A00839:75:H7MFFDSXY:3:1453:3721:25911	chr1	152354804	152354953	True	-212	150M	255	0	25	0.822891354560852	ambig_opp_strand	unspliced	1437	12	RIGEL_NRNA_chr1_1_152335378_152364080		RIGEL_NRNA_chr1_1_152335378_152364080	nrna
A00839:75:H7MFFDSXY:3:2443:23493:29904	chr1	152355987	152356133	True	-372	147M	255	0	5	0.8373578786849976	ambig_opp_strand	unspliced	-1	12	.	.	.	mrna
A00839:75:H7MFFDSXY:3:1503:7563:3850	chr1	152357374	152357523	True	-220	150M	255	1	25	0.8234251737594604	ambig_opp_strand	unspliced	1437	12	RIGEL_NRNA_chr1_1_152335378_152364080		RIGEL_NRNA_chr1_1_152335378_152364080	nrna
A00839:75:H7MFFDSXY:3:2310:26639:21136	chr1	152354464	152354613	False	380	150M	255	0	5	0.6614808440208435	ambig_opp_strand	unspliced	-1	12	.	.	.	mrna
A00839:75:H7MFFDSXY:3:1330:27046:9784	chr1	152351195	152351311	False	195	33S117M	255	6	3	0.874586284160614	ambig_opp_strand	unspliced	1437	12	ENST00000388718.5	FLG2	ENSG00000143520.6	mrna
A00839:75:H7MFFDSXY:3:1559:32344:10880	chr1	152353529	152353570	True	-273	42M	255	0	25	0.061750881373882294	ambig_opp_strand	unspliced	1437	12	RIGEL_NRNA_chr1_1_152189332_152365557		RIGEL_NRNA_chr1_1_152189332_152365557	nrna
A00839:75:H7MFFDSXY:3:2352:5611:3724	chr1	152351912	152352061	False	444	150M	255	0	5	0.7724507451057434	ambig_opp_strand	unspliced	-1	12	.	.	.	mrna
A00839:75:H7MFFDSXY:3:2554:18611:18912	chr1	152352272	152352421	True	-426	150M	255	0	5	0.9341408610343933	ambig_opp_strand	unspliced	-1	12	.	.	.	mrna
A00839:75:H7MFFDSXY:3:1666:6289:15922	chr1	152352148	152352297	False	322	150M	255	0	3	0.7910903096199036	ambig_opp_strand	unspliced	1437	12	ENST00000388718.5	FLG2	ENSG00000143520.6	mrna
A00839:75:H7MFFDSXY:3:2116:15998:28510	chr1	152351098	152351247	True	-208	150M	255	0	25	0.8229703307151794	ambig_opp_strand	unspliced	1437	12	RIGEL_NRNA_chr1_1_152335378_152364080		RIGEL_NRNA_chr1_1_152335378_152364080	nrna
A00839:75:H7MFFDSXY:3:1604:22453:10473	chr1	152353278	152353427	True	-353	150M	255	0	25	0.3082796633243561	ambig_opp_strand	unspliced	1437	12	RIGEL_NRNA_chr1_1_152335378_152364080		RIGEL_NRNA_chr1_1_152335378_152364080	nrna
A00839:75:H7MFFDSXY:3:1245:5222:20870	chr1	152353653	152353802	False	327	150M	255	0	3	0.7761815786361694	ambig_opp_strand	unspliced	1437	12	ENST00000388718.5	FLG2	ENSG00000143520.6	mrna
A00839:75:H7MFFDSXY:3:1161:23204:33442	chr1	152352340	152352489	True	-238	150M	255	0	25	0.8201908469200134	ambig_opp_strand	unspliced	1437	12	RIGEL_NRNA_chr1_1_152335378_152364080		RIGEL_NRNA_chr1_1_152335378_152364080	nrna
A00839:75:H7MFFDSXY:3:2537:13205:15186	chr1	152356538	152356687	False	281	150M	255	0	3	0.8566231727600098	ambig_opp_strand	unspliced	1437	12	ENST00000388718.5	FLG2	ENSG00000143520.6	mrna
A00839:75:H7MFFDSXY:3:2542:21965:27696	chr1	152351075	152351224	False	301	150M	255	0	3	0.8352404832839966	ambig_opp_strand	unspliced	1437	12	ENST00000388718.5	FLG2	ENSG00000143520.6	mrna
A00839:75:H7MFFDSXY:3:2231:16414:13041	chr1	152353176	152353325	False	389	150M	255	1	5	0.7682115435600281	ambig_opp_strand	unspliced	-1	12	.	.	.	mrna
A00839:75:H7MFFDSXY:3:1204:27642:14920	chr1	152352379	152352528	False	246	150M	255	0	3	0.8744317293167114	ambig_opp_strand	unspliced	1437	12	ENST00000388718.5	FLG2	ENSG00000143520.6	mrna
A00839:75:H7MFFDSXY:3:1661:4191:32550	chr1	152355300	152355402	False	328	103M	255	0	3	0.7733121514320374	ambig_opp_strand	unspliced	1437	12	ENST00000388718.5	FLG2	ENSG00000143520.6	mrna
A00839:75:H7MFFDSXY:3:1257:1090:7451	chr1	152353142	152353291	False	210	150M	255	0	3	0.8767477869987488	ambig_opp_strand	unspliced	1437	12	ENST00000388718.5	FLG2	ENSG00000143520.6	mrna
A00839:75:H7MFFDSXY:3:2102:17589:6214	chr1	152357257	152357406	False	403	150M	255	0	5	0.9710943102836609	ambig_opp_strand	unspliced	-1	12	.	.	.	mrna
A00839:75:H7MFFDSXY:3:2167:13386:11741	chr1	152356290	152356335	True	-349	46M	255	0	25	0.34636756777763367	ambig_opp_strand	unspliced	1437	12	RIGEL_NRNA_chr1_1_152335378_152364080		RIGEL_NRNA_chr1_1_152335378_152364080	nrna
A00839:75:H7MFFDSXY:3:1248:17861:30389	chr1	152353590	152353739	True	-266	150M	255	0	25	0.786992073059082	ambig_opp_strand	unspliced	1437	12	RIGEL_NRNA_chr1_1_152335378_152364080		RIGEL_NRNA_chr1_1_152335378_152364080	nrna
A00839:75:H7MFFDSXY:3:1235:14452:21543	chr1	152356456	152356605	True	-380	150M	255	0	5	0.8923473954200745	ambig_opp_strand	unspliced	-1	12	.	.	.	mrna
A00839:75:H7MFFDSXY:3:2144:16242:10520	chr1	152353574	152353723	False	491	150M	255	0	5	0.7565980553627014	ambig_opp_strand	unspliced	-1	12	.	.	.	mrna
A00839:75:H7MFFDSXY:3:2474:18457:35243	chr1	152356967	152357116	False	296	150M	255	0	3	0.8426079154014587	ambig_opp_strand	unspliced	1437	12	ENST00000388718.5	FLG2	ENSG00000143520.6	mrna
A00839:75:H7MFFDSXY:3:2534:17065:8594	chr1	152352113	152352262	True	-318	150M	255	0	5	0.3432452380657196	ambig_opp_strand	unspliced	-1	12	.	.	.	mrna
A00839:75:H7MFFDSXY:3:1440:4508:4883	chr1	152357086	152357235	False	208	150M	255	0	3	0.8767197132110596	ambig_opp_strand	unspliced	1437	12	ENST00000388718.5	FLG2	ENSG00000143520.6	mrna
A00839:75:H7MFFDSXY:3:2360:10655:10332	chr1	152353149	152353298	False	344	150M	255	0	3	0.6880273222923279	ambig_opp_strand	unspliced	1437	12	ENST00000388718.5	FLG2	ENSG00000143520.6	mrna
A00839:75:H7MFFDSXY:3:1118:4869:18630	chr1	152351380	152351529	True	-295	150M	255	0	25	0.713703989982605	ambig_opp_strand	unspliced	1437	12	RIGEL_NRNA_chr1_1_152335378_152364080		RIGEL_NRNA_chr1_1_152335378_152364080	nrna
A00839:75:H7MFFDSXY:3:2347:2040:36808	chr1	152353356	152353505	True	-196	150M	255	0	25	0.8172032237052917	ambig_opp_strand	unspliced	1437	12	RIGEL_NRNA_chr1_1_152335378_152364080		RIGEL_NRNA_chr1_1_152335378_152364080	nrna
A00839:75:H7MFFDSXY:3:1136:11297:17613	chr1	152353552	152353701	False	459	150M	255	0	5	0.772636890411377	ambig_opp_strand	unspliced	-1	12	.	.	.	mrna
A00839:75:H7MFFDSXY:3:1506:27145:19820	chr1	152351749	152351898	False	347	150M	255	0	5	0.2600752115249634	ambig_opp_strand	unspliced	-1	12	.	.	.	mrna
A00839:75:H7MFFDSXY:3:2516:21640:32205	chr1	152354181	152354330	False	287	150M	255	0	3	0.8521929979324341	ambig_opp_strand	unspliced	1437	12	ENST00000388718.5	FLG2	ENSG00000143520.6	mrna
A00839:75:H7MFFDSXY:3:2651:20464:33739	chr1	152356147	152356296	False	359	150M	255	0	3	0.5618235468864441	ambig_opp_strand	unspliced	1437	12	ENST00000388718.5	FLG2	ENSG00000143520.6	mrna
A00839:75:H7MFFDSXY:3:1507:24731:15796	chr1	152356743	152356892	True	-151	150M	255	0	5	0.20403935015201569	ambig_opp_strand	unspliced	-1	12	.	.	.	mrna
A00839:75:H7MFFDSXY:3:2132:8214:4351	chr1	152352527	152352676	True	-370	150M	255	0	5	0.8261559009552002	ambig_opp_strand	unspliced	-1	12	.	.	.	mrna
A00839:75:H7MFFDSXY:3:1655:5981:26224	chr1	152357086	152357235	False	480	150M	255	0	5	0.8040863871574402	ambig_opp_strand	unspliced	-1	12	.	.	.	mrna
A00839:75:H7MFFDSXY:3:1626:23764:6918	chr1	152356171	152356320	False	176	150M	255	0	3	0.8688625693321228	ambig_opp_strand	unspliced	1437	12	ENST00000388718.5	FLG2	ENSG00000143520.6	mrna
A00839:75:H7MFFDSXY:3:2374:17192:23563	chr1	152357231	152357380	True	-375	150M	255	2	5	0.862154483795166	ambig_opp_strand	unspliced	-1	12	.	.	.	mrna
A00839:75:H7MFFDSXY:3:2669:12852:36965	chr1	152356744	152356893	False	472	150M	255	0	3	0.23602332174777985	ambig_opp_strand	unspliced	1437	12	ENST00000388718.5	FLG2	ENSG00000143520.6	mrna
A00839:75:H7MFFDSXY:3:1616:10945:8265	chr1	152356177	152356326	False	419	150M	255	0	3	0.19968079030513763	ambig_opp_strand	unspliced	1437	12	ENST00000388718.5	FLG2	ENSG00000143520.6	mrna
A00839:75:H7MFFDSXY:3:1627:3061:17754	chr1	152351166	152351315	True	-154	150M	255	0	25	0.745502233505249	ambig_opp_strand	unspliced	1437	12	RIGEL_NRNA_chr1_1_152335378_152364080		RIGEL_NRNA_chr1_1_152335378_152364080	nrna
A00839:75:H7MFFDSXY:3:2504:13693:28463	chr1	152357339	152357488	False	449	150M	255	0	5	0.9687765836715698	ambig_opp_strand	unspliced	-1	12	.	.	.	mrna
A00839:75:H7MFFDSXY:3:2654:30219:9048	chr1	152356376	152356525	False	277	150M	255	0	5	0.04601264372467995	ambig_opp_strand	unspliced	-1	12	.	.	.	mrna
A00839:75:H7MFFDSXY:3:1229:19470:10880	chr1	152356335	152356484	False	189	150M	255	0	3	0.8737170696258545	ambig_opp_strand	unspliced	1437	12	ENST00000388718.5	FLG2	ENSG00000143520.6	mrna
A00839:75:H7MFFDSXY:3:2533:11207:1579	chr1	152351348	152351497	True	-218	150M	255	0	25	0.8235062956809998	ambig_opp_strand	unspliced	1437	12	RIGEL_NRNA_chr1_1_152335378_152364080		RIGEL_NRNA_chr1_1_152335378_152364080	nrna
A00839:75:H7MFFDSXY:3:1557:3586:6073	chr1	152354567	152354716	True	-378	150M	255	0	5	0.8826590776443481	ambig_opp_strand	unspliced	-1	12	.	.	.	mrna
A00839:75:H7MFFDSXY:3:2516:26982:17879	chr1	152352248	152352397	False	250	150M	255	0	3	0.8735895156860352	ambig_opp_strand	unspliced	1437	12	ENST00000388718.5	FLG2	ENSG00000143520.6	mrna
A00839:75:H7MFFDSXY:3:2438:21640:19272	chr1	152357009	152357158	True	-223	150M	255	0	25	0.8243521451950073	ambig_opp_strand	unspliced	1437	12	RIGEL_NRNA_chr1_1_152335378_152364080		RIGEL_NRNA_chr1_1_152335378_152364080	nrna
A00839:75:H7MFFDSXY:3:1114:29993:1673	chr1	152354007	152354156	True	-348	150M	255	0	5	0.6022961735725403	ambig_opp_strand	unspliced	-1	12	.	.	.	mrna
A00839:75:H7MFFDSXY:3:1425:21884:8046	chr1	152350752	152350901	True	-368	150M	255	0	5	0.8042956590652466	ambig_opp_strand	unspliced	-1	12	.	.	.	mrna
A00839:75:H7MFFDSXY:3:1601:18403:18584	chr1	152350934	152351083	True	-188	150M	255	0	25	0.06470305472612381	ambig_opp_strand	unspliced	1437	12	RIGEL_NRNA_chr1_1_152189332_152365557		RIGEL_NRNA_chr1_1_152189332_152365557	nrna
A00839:75:H7MFFDSXY:3:2542:28212:29590	chr1	152354589	152354738	True	-297	150M	255	0	25	0.7074415683746338	ambig_opp_strand	unspliced	1437	12	RIGEL_NRNA_chr1_1_152335378_152364080		RIGEL_NRNA_chr1_1_152335378_152364080	nrna
A00839:75:H7MFFDSXY:3:2270:4987:34522	chr1	152354511	152354660	True	-307	150M	255	0	25	0.6614903211593628	ambig_opp_strand	unspliced	1437	12	RIGEL_NRNA_chr1_1_152335378_152364080		RIGEL_NRNA_chr1_1_152335378_152364080	nrna
A00839:75:H7MFFDSXY:3:1407:30355:4773	chr1	152351300	152351449	False	158	150M	255	2	3	0.8573682904243469	ambig_opp_strand	unspliced	1437	12	ENST00000388718.5	FLG2	ENSG00000143520.6	mrna
A00839:75:H7MFFDSXY:3:2161:3911:1376	chr1	152356575	152356709	False	135	135M	255	0	3	0.8143339157104492	ambig_opp_strand	unspliced	1437	12	ENST00000388718.5	FLG2	ENSG00000143520.6	mrna
A00839:75:H7MFFDSXY:3:2461:18258:29825	chr1	152352084	152352233	False	423	150M	255	0	5	0.7746952176094055	ambig_opp_strand	unspliced	-1	12	.	.	.	mrna
A00839:75:H7MFFDSXY:3:1345:14669:27461	chr1	152352814	152352963	True	-340	150M	255	0	25	0.43865883350372314	ambig_opp_strand	unspliced	1437	12	RIGEL_NRNA_chr1_1_152335378_152364080		RIGEL_NRNA_chr1_1_152335378_152364080	nrna
A00839:75:H7MFFDSXY:3:2107:14100:11068	chr1	152356647	152356796	False	302	150M	255	0	3	0.8335878252983093	ambig_opp_strand	unspliced	1437	12	ENST00000388718.5	FLG2	ENSG00000143520.6	mrna
A00839:75:H7MFFDSXY:3:2323:7129:33943	chr1	152356547	152356696	False	338	150M	255	0	5	0.18972191214561462	ambig_opp_strand	unspliced	-1	12	.	.	.	mrna
A00839:75:H7MFFDSXY:3:2665:32669:12258	chr1	152355080	152355223	False	375	144M	255	0	3	0.36405643820762634	ambig_opp_strand	unspliced	1437	12	ENST00000388718.5	FLG2	ENSG00000143520.6	mrna
A00839:75:H7MFFDSXY:3:1546:13521:21433	chr1	152356788	152356937	True	-377	150M	255	0	5	0.8736746311187744	ambig_opp_strand	unspliced	-1	12	.	.	.	mrna
A00839:75:H7MFFDSXY:3:2463:7518:27352	chr1	152353803	152353952	False	429	150M	255	0	5	0.7595533132553101	ambig_opp_strand	unspliced	-1	12	.	.	.	mrna
A00839:75:H7MFFDSXY:3:2357:24650:35728	chr1	152356682	152356831	True	-276	150M	255	0	25	0.7656789422035217	ambig_opp_strand	unspliced	1437	12	RIGEL_NRNA_chr1_1_152335378_152364080		RIGEL_NRNA_chr1_1_152335378_152364080	nrna
A00839:75:H7MFFDSXY:3:2215:13756:12258	chr1	152356683	152356832	False	277	150M	255	0	3	0.8593738079071045	ambig_opp_strand	unspliced	1437	12	ENST00000388718.5	FLG2	ENSG00000143520.6	mrna
A00839:75:H7MFFDSXY:3:1268:32940:24126	chr1	152356585	152356734	False	337	150M	255	0	3	0.732475996017456	ambig_opp_strand	unspliced	1437	12	ENST00000388718.5	FLG2	ENSG00000143520.6	mrna
A00839:75:H7MFFDSXY:3:1329:24758:7764	chr1	152351715	152351853	True	-364	139M	255	0	5	0.7669575810432434	ambig_opp_strand	unspliced	-1	12	.	.	.	mrna
A00839:75:H7MFFDSXY:3:1474:23348:10833	chr1	152357168	152357317	True	-396	150M	255	0	5	0.9346668720245361	ambig_opp_strand	unspliced	-1	12	.	.	.	mrna
A00839:75:H7MFFDSXY:3:2559:5195:6324	chr1	152357041	152357190	True	-486	150M	255	0	5	0.9355077147483826	ambig_opp_strand	unspliced	-1	12	.	.	.	mrna
A00839:75:H7MFFDSXY:3:1330:13042:9142	chr1	152356078	152356227	False	328	150M	255	0	3	0.9008230566978455	ambig_opp_strand	spliced_unannot	1437	11	ENST00000388718.5	FLG2	ENSG00000143520.6	mrna
A00839:75:H7MFFDSXY:3:2253:14217:34256	chr1	152356730	152356879	True	-174	150M	255	1	5	0.13416701555252075	ambig_opp_strand	unspliced	-1	12	.	.	.	mrna
A00839:75:H7MFFDSXY:3:1453:14262:15452	chr1	152353132	152353281	True	-168	150M	255	0	25	0.7832974791526794	ambig_opp_strand	unspliced	1437	12	RIGEL_NRNA_chr1_1_152335378_152364080		RIGEL_NRNA_chr1_1_152335378_152364080	nrna
A00839:75:H7MFFDSXY:3:2147:27823:29481	chr1	152351111	152351260	True	-301	150M	255	0	25	0.6893413662910461	ambig_opp_strand	unspliced	1437	12	RIGEL_NRNA_chr1_1_152335378_152364080		RIGEL_NRNA_chr1_1_152335378_152364080	nrna
A00839:75:H7MFFDSXY:3:2154:4056:4131	chr1	152352848	152352997	True	-367	150M	255	0	5	0.7970832586288452	ambig_opp_strand	unspliced	-1	12	.	.	.	mrna
A00839:75:H7MFFDSXY:3:1124:2112:9408	chr1	152355462	152356067	True	-627	28M456N122M	255	0	25	0.9189492464065552	ambig_opp_strand	spliced_unannot	1437	11	RIGEL_NRNA_chr1_1_152335378_152364080		RIGEL_NRNA_chr1_1_152335378_152364080	nrna
A00839:75:H7MFFDSXY:3:1404:19361:10535	chr1	152357531	152357680	False	201	150M	255	0	25	0.7732673287391663	ambig_opp_strand	unspliced	1437	12	RIGEL_NRNA_chr1_2_152348734_152360006		RIGEL_NRNA_chr1_2_152348734_152360006	nrna
A00839:75:H7MFFDSXY:3:2431:20600:3474	chr1	152357180	152357329	False	270	150M	255	0	3	0.8641307353973389	ambig_opp_strand	unspliced	1437	12	ENST00000388718.5	FLG2	ENSG00000143520.6	mrna
A00839:75:H7MFFDSXY:3:1460:13982:36886	chr1	152350605	152350754	False	438	150M	255	0	5	0.7536304593086243	ambig_opp_strand	unspliced	-1	12	.	.	.	mrna
A00839:75:H7MFFDSXY:3:2426:21224:21214	chr1	152352456	152352508	False	278	53M	255	0	3	0.8588874340057373	ambig_opp_strand	unspliced	1437	12	ENST00000388718.5	FLG2	ENSG00000143520.6	mrna
A00839:75:H7MFFDSXY:3:2677:22914:2691	chr1	152355781	152355930	True	-413	150M	255	0	25	0.055296655744314194	ambig_opp_strand	unspliced	1437	12	RIGEL_NRNA_chr1_1_152335378_152364080		RIGEL_NRNA_chr1_1_152335378_152364080	nrna
A00839:75:H7MFFDSXY:3:1606:13928:24079	chr1	152351010	152351159	False	283	150M	255	0	3	0.8552069067955017	ambig_opp_strand	unspliced	1437	12	ENST00000388718.5	FLG2	ENSG00000143520.6	mrna
A00839:75:H7MFFDSXY:3:1564:6451:18740	chr1	152350530	152350679	False	425	150M	255	1	5	0.7418418526649475	ambig_opp_strand	unspliced	-1	12	.	.	.	mrna
A00839:75:H7MFFDSXY:3:2443:3070:15515	chr1	152354731	152354821	True	-322	91M	255	0	25	0.5785312652587891	ambig_opp_strand	unspliced	1437	12	RIGEL_NRNA_chr1_1_152335378_152364080		RIGEL_NRNA_chr1_1_152335378_152364080	nrna
A00839:75:H7MFFDSXY:3:1128:21459:36996	chr1	152352696	152352845	False	271	150M	255	0	3	0.8635894060134888	ambig_opp_strand	unspliced	1437	12	ENST00000388718.5	FLG2	ENSG00000143520.6	mrna
A00839:75:H7MFFDSXY:3:2116:21820:9314	chr1	152353284	152353429	False	195	146M	255	0	3	0.874586284160614	ambig_opp_strand	unspliced	1437	12	ENST00000388718.5	FLG2	ENSG00000143520.6	mrna
A00839:75:H7MFFDSXY:3:1645:6180:18145	chr1	152352216	152352365	True	-359	150M	255	0	25	0.2581595778465271	ambig_opp_strand	unspliced	1437	12	RIGEL_NRNA_chr1_1_152335378_152364080		RIGEL_NRNA_chr1_1_152335378_152364080	nrna
A00839:75:H7MFFDSXY:3:1259:9064:22075	chr1	152353287	152353436	True	-283	150M	255	0	25	0.7493870258331299	ambig_opp_strand	unspliced	1437	12	RIGEL_NRNA_chr1_1_152335378_152364080		RIGEL_NRNA_chr1_1_152335378_152364080	nrna
A00839:75:H7MFFDSXY:3:2419:22905:3552	chr1	152351174	152351323	False	288	150M	255	0	3	0.8517400026321411	ambig_opp_strand	unspliced	1437	12	ENST00000388718.5	FLG2	ENSG00000143520.6	mrna
A00839:75:H7MFFDSXY:3:1478:14886:28119	chr1	152351039	152351188	True	-392	150M	255	0	5	0.9308454990386963	ambig_opp_strand	unspliced	-1	12	.	.	.	mrna
A00839:75:H7MFFDSXY:3:2218:9435:33426	chr1	152355244	152355371	True	-359	128M	255	0	5	0.7190709114074707	ambig_opp_strand	unspliced	-1	12	.	.	.	mrna
A00839:75:H7MFFDSXY:3:2609:3369:24173	chr1	152356027	152356176	True	-176	150M	255	1	25	0.7949108481407166	ambig_opp_strand	unspliced	1437	12	RIGEL_NRNA_chr1_1_152335378_152364080		RIGEL_NRNA_chr1_1_152335378_152364080	nrna
A00839:75:H7MFFDSXY:3:1628:3540:33082	chr1	152354459	152354608	False	230	150M	255	0	3	0.8767707943916321	ambig_opp_strand	unspliced	1437	12	ENST00000388718.5	FLG2	ENSG00000143520.6	mrna
A00839:75:H7MFFDSXY:3:1256:23366:11459	chr1	152351894	152352020	False	352	127M	255	0	3	0.6267848014831543	ambig_opp_strand	unspliced	1437	12	ENST00000388718.5	FLG2	ENSG00000143520.6	mrna
A00839:75:H7MFFDSXY:3:1545:21793:34100	chr1	152352706	152352855	False	252	150M	255	0	25	0.09594227373600006	ambig_opp_strand	unspliced	1437	12	RIGEL_NRNA_chr1_2_152348734_152360006		RIGEL_NRNA_chr1_2_152348734_152360006	nrna
A00839:75:H7MFFDSXY:3:2226:1895:33739	chr1	152350830	152350905	False	301	76M	255	0	3	0.8352404832839966	ambig_opp_strand	unspliced	1437	12	ENST00000388718.5	FLG2	ENSG00000143520.6	mrna
A00839:75:H7MFFDSXY:3:1305:10800:11898	chr1	152352019	152352168	False	290	150M	255	0	3	0.8488789796829224	ambig_opp_strand	unspliced	1437	12	ENST00000388718.5	FLG2	ENSG00000143520.6	mrna
A00839:75:H7MFFDSXY:3:1356:15854:36057	chr1	152353711	152353860	True	-443	150M	255	0	5	0.9468745589256287	ambig_opp_strand	unspliced	-1	12	.	.	.	mrna
A00839:75:H7MFFDSXY:3:1303:3595:18082	chr1	152353950	152354090	True	-141	141M	255	0	25	0.6781976819038391	ambig_opp_strand	unspliced	1437	12	RIGEL_NRNA_chr1_1_152335378_152364080		RIGEL_NRNA_chr1_1_152335378_152364080	nrna
A00839:75:H7MFFDSXY:3:2101:3649:23970	chr1	152354970	152355119	True	-329	150M	255	1	5	0.4201834499835968	ambig_opp_strand	unspliced	-1	12	.	.	.	mrna
A00839:75:H7MFFDSXY:3:1108:13485:11162	chr1	152355125	152355274	True	-427	150M	255	0	5	0.9323217868804932	ambig_opp_strand	unspliced	-1	12	.	.	.	mrna
A00839:75:H7MFFDSXY:3:2578:31159:4820	chr1	152353943	152354092	True	-382	150M	255	0	5	0.9088407158851624	ambig_opp_strand	unspliced	-1	12	.	.	.	mrna
A00839:75:H7MFFDSXY:3:2265:17246:13228	chr1	152357467	152357616	True	-352	150M	255	0	5	0.6496974229812622	ambig_opp_strand	unspliced	-1	12	.	.	.	mrna
A00839:75:H7MFFDSXY:3:2376:6515:30906	chr1	152350761	152350910	False	210	150M	255	0	3	0.8767477869987488	ambig_opp_strand	unspliced	1437	12	ENST00000388718.5	FLG2	ENSG00000143520.6	mrna
A00839:75:H7MFFDSXY:3:2656:4372:7842	chr1	152351821	152351970	False	323	150M	255	0	3	0.78795325756073	ambig_opp_strand	unspliced	1437	12	ENST00000388718.5	FLG2	ENSG00000143520.6	mrna
A00839:75:H7MFFDSXY:3:1476:27670:8641	chr1	152355873	152355979	False	332	107M	255	0	25	0.0832493007183075	ambig_opp_strand	unspliced	1437	12	RIGEL_NRNA_chr1_2_152348734_152360006		RIGEL_NRNA_chr1_2_152348734_152360006	nrna
A00839:75:H7MFFDSXY:3:2643:6442:36667	chr1	152352890	152352984	False	326	95M	255	0	3	0.7785993218421936	ambig_opp_strand	unspliced	1437	12	ENST00000388718.5	FLG2	ENSG00000143520.6	mrna
A00839:75:H7MFFDSXY:3:2564:14118:29857	chr1	152354311	152354460	True	-290	150M	255	0	5	0.2060825377702713	ambig_opp_strand	unspliced	-1	12	.	.	.	mrna
A00839:75:H7MFFDSXY:3:1419:2248:4946	chr1	152352471	152352620	True	-409	150M	255	0	5	0.9336792826652527	ambig_opp_strand	unspliced	-1	12	.	.	.	mrna
A00839:75:H7MFFDSXY:3:2678:14045:16391	chr1	152354593	152354742	False	179	150M	255	0	3	0.8704301714897156	ambig_opp_strand	unspliced	1437	12	ENST00000388718.5	FLG2	ENSG00000143520.6	mrna
A00839:75:H7MFFDSXY:3:1220:10809:12383	chr1	152353847	152353996	False	341	150M	255	0	3	0.7092514634132385	ambig_opp_strand	unspliced	1437	12	ENST00000388718.5	FLG2	ENSG00000143520.6	mrna
A00839:75:H7MFFDSXY:3:1329:22670:34961	chr1	152352690	152352839	False	230	150M	255	0	3	0.8767707943916321	ambig_opp_strand	unspliced	1437	12	ENST00000388718.5	FLG2	ENSG00000143520.6	mrna
A00839:75:H7MFFDSXY:3:1367:9860:32095	chr1	152357570	152357719	True	-403	150M	255	0	5	0.9341006875038147	ambig_opp_strand	unspliced	-1	12	.	.	.	mrna
A00839:75:H7MFFDSXY:3:1543:8684:5760	chr1	152356048	152356197	True	-160	150M	255	0	25	0.7650343179702759	ambig_opp_strand	unspliced	1437	12	RIGEL_NRNA_chr1_1_152335378_152364080		RIGEL_NRNA_chr1_1_152335378_152364080	nrna
A00839:75:H7MFFDSXY:3:1505:14045:24314	chr1	152352297	152352446	True	-267	150M	255	0	5	0.14723844826221466	ambig_opp_strand	unspliced	-1	12	.	.	.	mrna
A00839:75:H7MFFDSXY:3:1648:29722:17362	chr1	152352810	152352864	False	286	55M	255	0	25	0.093716099858284	ambig_opp_strand	unspliced	1437	12	RIGEL_NRNA_chr1_2_152348734_152360006		RIGEL_NRNA_chr1_2_152348734_152360006	nrna
A00839:75:H7MFFDSXY:3:1602:16875:19006	chr1	152355494	152355643	True	-205	150M	255	1	25	0.8211627006530762	ambig_opp_strand	unspliced	1437	12	RIGEL_NRNA_chr1_1_152335378_152364080		RIGEL_NRNA_chr1_1_152335378_152364080	nrna
A00839:75:H7MFFDSXY:3:2670:16134:24424	chr1	152354027	152354176	False	208	150M	255	0	3	0.8767197132110596	ambig_opp_strand	unspliced	1437	12	ENST00000388718.5	FLG2	ENSG00000143520.6	mrna
A00839:75:H7MFFDSXY:3:1111:24668:26177	chr1	152356301	152356450	True	-373	150M	255	0	5	0.8492748141288757	ambig_opp_strand	unspliced	-1	12	.	.	.	mrna
A00839:75:H7MFFDSXY:3:1336:9326:31955	chr1	152357392	152357541	True	-293	150M	255	0	5	0.21425949037075043	ambig_opp_strand	unspliced	-1	12	.	.	.	mrna
A00839:75:H7MFFDSXY:3:1209:18719:16501	chr1	152355251	152355366	True	-347	116M	255	1	5	0.5985597372055054	ambig_opp_strand	unspliced	-1	12	.	.	.	mrna
A00839:75:H7MFFDSXY:3:1569:31711:36839	chr1	152355976	152356095	False	345	120M	255	0	3	0.6829542517662048	ambig_opp_strand	unspliced	1437	12	ENST00000388718.5	FLG2	ENSG00000143520.6	mrna
A00839:75:H7MFFDSXY:3:2256:9082:3568	chr1	152353216	152353365	False	218	150M	255	0	3	0.8768659234046936	ambig_opp_strand	unspliced	1437	12	ENST00000388718.5	FLG2	ENSG00000143520.6	mrna
A00839:75:H7MFFDSXY:3:2660:20139:16986	chr1	152353786	152353935	True	-336	150M	255	0	25	0.48075684905052185	ambig_opp_strand	unspliced	1437	12	RIGEL_NRNA_chr1_1_152335378_152364080		RIGEL_NRNA_chr1_1_152335378_152364080	nrna
A00839:75:H7MFFDSXY:3:1254:24487:14278	chr1	152353710	152353859	True	-315	150M	255	0	25	0.6226209402084351	ambig_opp_strand	unspliced	1437	12	RIGEL_NRNA_chr1_1_152335378_152364080		RIGEL_NRNA_chr1_1_152335378_152364080	nrna
A00839:75:H7MFFDSXY:3:1135:12038:11600	chr1	152350492	152350641	False	414	150M	255	0	5	0.7759493589401245	ambig_opp_strand	unspliced	-1	12	.	.	.	mrna
A00839:75:H7MFFDSXY:3:2165:16098:11303	chr1	152356160	152356309	True	-163	150M	255	0	25	0.772279679775238	ambig_opp_strand	unspliced	1437	12	RIGEL_NRNA_chr1_1_152335378_152364080		RIGEL_NRNA_chr1_1_152335378_152364080	nrna
A00839:75:H7MFFDSXY:3:2374:9715:2597	chr1	152356690	152356839	True	-346	150M	255	0	5	0.5845625996589661	ambig_opp_strand	unspliced	-1	12	.	.	.	mrna
A00839:75:H7MFFDSXY:3:1603:1633:34256	chr1	152350948	152351097	False	343	150M	255	0	3	0.6964337229728699	ambig_opp_strand	unspliced	1437	12	ENST00000388718.5	FLG2	ENSG00000143520.6	mrna
A00839:75:H7MFFDSXY:3:1671:7283:24345	chr1	152356960	152357109	True	-344	150M	255	0	5	0.5674733519554138	ambig_opp_strand	unspliced	-1	12	.	.	.	mrna
A00839:75:H7MFFDSXY:3:2112:14082:7654	chr1	152352738	152352887	False	402	150M	255	0	5	0.768226146697998	ambig_opp_strand	unspliced	-1	12	.	.	.	mrna
A00839:75:H7MFFDSXY:3:1132:17300:35211	chr1	152353339	152353393	False	286	55M	255	0	3	0.852739691734314	ambig_opp_strand	unspliced	1437	12	ENST00000388718.5	FLG2	ENSG00000143520.6	mrna
A00839:75:H7MFFDSXY:3:1505:13774:10066	chr1	152352250	152352398	True	-149	149M	255	1	25	0.7239764332771301	ambig_opp_strand	unspliced	1437	12	RIGEL_NRNA_chr1_1_152335378_152364080		RIGEL_NRNA_chr1_1_152335378_152364080	nrna
A00839:75:H7MFFDSXY:3:2533:28149:9815	chr1	152354230	152354379	False	308	150M	255	0	3	0.8238636255264282	ambig_opp_strand	unspliced	1437	12	ENST00000388718.5	FLG2	ENSG00000143520.6	mrna
A00839:75:H7MFFDSXY:3:2521:5954:31031	chr1	152356092	152356239	True	-373	148M	255	0	5	0.8492748141288757	ambig_opp_strand	unspliced	-1	12	.	.	.	mrna
A00839:75:H7MFFDSXY:3:1566:15573:28808	chr1	152355345	152355483	True	-364	139M	255	0	5	0.7669575810432434	ambig_opp_strand	unspliced	-1	12	.	.	.	mrna
A00839:75:H7MFFDSXY:3:1249:25608:20322	chr1	152355310	152355459	True	-196	150M	255	0	25	0.8172032237052917	ambig_opp_strand	unspliced	1437	12	RIGEL_NRNA_chr1_1_152335378_152364080		RIGEL_NRNA_chr1_1_152335378_152364080	nrna
A00839:75:H7MFFDSXY:3:1340:5819:5431	chr1	152352392	152352541	True	-301	150M	255	0	25	0.6893414258956909	ambig_opp_strand	unspliced	1437	12	RIGEL_NRNA_chr1_1_152335378_152364080		RIGEL_NRNA_chr1_1_152335378_152364080	nrna
A00839:75:H7MFFDSXY:3:2613:29432:17675	chr1	152350835	152350969	False	135	135M	255	0	3	0.8143338561058044	ambig_opp_strand	unspliced	1437	12	ENST00000388718.5	FLG2	ENSG00000143520.6	mrna
A00839:75:H7MFFDSXY:3:2452:18150:25942	chr1	152355721	152355870	False	245	150M	255	0	3	0.8746312856674194	ambig_opp_strand	unspliced	1437	12	ENST00000388718.5	FLG2	ENSG00000143520.6	mrna
A00839:75:H7MFFDSXY:3:2646:31584:29543	chr1	152354251	152354400	False	369	150M	255	1	3	0.4424458146095276	ambig_opp_strand	unspliced	1437	12	ENST00000388718.5	FLG2	ENSG00000143520.6	mrna
A00839:75:H7MFFDSXY:3:1369:6334:7294	chr1	152354493	152354616	False	124	124M	255	0	5	0.14632198214530945	ambig_opp_strand	unspliced	-1	12	.	.	.	mrna
A00839:75:H7MFFDSXY:3:2652:1407:29669	chr1	152356252	152356401	True	-165	150M	255	0	25	0.7776544094085693	ambig_opp_strand	unspliced	1437	12	RIGEL_NRNA_chr1_1_152335378_152364080		RIGEL_NRNA_chr1_1_152335378_152364080	nrna
A00839:75:H7MFFDSXY:3:1609:2627:7827	chr1	152351026	152351175	False	238	150M	255	0	3	0.8759592771530151	ambig_opp_strand	unspliced	1437	12	ENST00000388718.5	FLG2	ENSG00000143520.6	mrna
A00839:75:H7MFFDSXY:3:2323:9200:29105	chr1	152356693	152356842	True	-248	150M	255	0	25	0.06490032374858856	ambig_opp_strand	unspliced	1437	12	RIGEL_NRNA_chr1_1_152189332_152365557		RIGEL_NRNA_chr1_1_152189332_152365557	nrna
A00839:75:H7MFFDSXY:3:1529:31828:24768	chr1	152356534	152356683	False	356	150M	255	0	3	0.5906876921653748	ambig_opp_strand	unspliced	1437	12	ENST00000388718.5	FLG2	ENSG00000143520.6	mrna
A00839:75:H7MFFDSXY:3:1119:24388:26694	chr1	152353980	152354129	False	429	150M	255	0	5	0.7595533132553101	ambig_opp_strand	unspliced	-1	12	.	.	.	mrna
A00839:75:H7MFFDSXY:3:1257:13449:21559	chr1	152354963	152355112	True	-444	150M	255	0	5	0.9350661635398865	ambig_opp_strand	unspliced	-1	12	.	.	.	mrna
A00839:75:H7MFFDSXY:3:1410:2284:18505	chr1	152357175	152357324	True	-278	150M	255	0	25	0.761273980140686	ambig_opp_strand	unspliced	1437	12	RIGEL_NRNA_chr1_1_152335378_152364080		RIGEL_NRNA_chr1_1_152335378_152364080	nrna
A00839:75:H7MFFDSXY:3:1537:25644:7138	chr1	152356522	152356671	False	280	150M	255	0	3	0.8578622341156006	ambig_opp_strand	unspliced	1437	12	ENST00000388718.5	FLG2	ENSG00000143520.6	mrna
A00839:75:H7MFFDSXY:3:1467:24587:33332	chr1	152351534	152351651	False	118	118M	255	0	3	0.7305868864059448	ambig_opp_strand	unspliced	1437	12	ENST00000388718.5	FLG2	ENSG00000143520.6	mrna
A00839:75:H7MFFDSXY:3:1144:28113:31078	chr1	152353795	152353944	False	303	150M	255	0	3	0.8325434923171997	ambig_opp_strand	unspliced	1437	12	ENST00000388718.5	FLG2	ENSG00000143520.6	mrna
A00839:75:H7MFFDSXY:3:2609:3830:21339	chr1	152357337	152357486	False	187	150M	255	1	3	0.8730801343917847	ambig_opp_strand	unspliced	1437	12	ENST00000388718.5	FLG2	ENSG00000143520.6	mrna
A00839:75:H7MFFDSXY:3:1370:31729:17394	chr1	152350499	152350648	False	370	150M	255	0	5	0.5283640623092651	ambig_opp_strand	unspliced	-1	12	.	.	.	mrna
A00839:75:H7MFFDSXY:3:2125:23231:35180	chr1	152358678	152358827	False	336	150M	255	0	25	0.3152468502521515	ambig_opp_strand	unspliced	1437	12	RIGEL_NRNA_chr1_2_152348734_152360006		RIGEL_NRNA_chr1_2_152348734_152360006	nrna
A00839:75:H7MFFDSXY:3:2142:26874:21167	chr1	152356269	152356418	False	320	150M	255	0	3	0.7966775298118591	ambig_opp_strand	unspliced	1437	12	ENST00000388718.5	FLG2	ENSG00000143520.6	mrna
A00839:75:H7MFFDSXY:3:2218:5231:4977	chr1	152355788	152355937	True	-437	150M	255	1	25	0.05885306000709534	ambig_opp_strand	unspliced	1437	12	RIGEL_NRNA_chr1_1_152335378_152364080		RIGEL_NRNA_chr1_1_152335378_152364080	nrna
A00839:75:H7MFFDSXY:3:1472:19045:26647	chr1	152351892	152351991	False	325	100M	255	0	3	0.7824770212173462	ambig_opp_strand	unspliced	1437	12	ENST00000388718.5	FLG2	ENSG00000143520.6	mrna
A00839:75:H7MFFDSXY:3:1668:6424:30467	chr1	152351884	152352033	True	-346	150M	255	0	25	0.38176587224006653	ambig_opp_strand	unspliced	1437	12	RIGEL_NRNA_chr1_1_152335378_152364080		RIGEL_NRNA_chr1_1_152335378_152364080	nrna
A00839:75:H7MFFDSXY:3:1131:16731:3850	chr1	152353334	152353483	True	-194	150M	255	0	25	0.816551685333252	ambig_opp_strand	unspliced	1437	12	RIGEL_NRNA_chr1_1_152335378_152364080		RIGEL_NRNA_chr1_1_152335378_152364080	nrna
A00839:75:H7MFFDSXY:3:1321:32651:34898	chr1	152350734	152350883	False	279	150M	255	0	3	0.8583839535713196	ambig_opp_strand	unspliced	1437	12	ENST00000388718.5	FLG2	ENSG00000143520.6	mrna
A00839:75:H7MFFDSXY:3:2627:26594:35963	chr1	152356339	152356488	False	438	150M	255	1	3	0.22193504869937897	ambig_opp_strand	unspliced	1437	12	ENST00000388718.5	FLG2	ENSG00000143520.6	mrna
A00839:75:H7MFFDSXY:3:1430:1732:2613	chr1	152354112	152354261	False	382	150M	255	1	3	0.2688837945461273	ambig_opp_strand	unspliced	1437	12	ENST00000388718.5	FLG2	ENSG00000143520.6	mrna
A00839:75:H7MFFDSXY:3:1473:28393:8077	chr1	152355094	152355243	False	459	150M	255	0	5	0.7726367115974426	ambig_opp_strand	unspliced	-1	12	.	.	.	mrna
A00839:75:H7MFFDSXY:3:1205:24442:8218	chr1	152351578	152351636	False	284	59M	255	0	3	0.8545677661895752	ambig_opp_strand	unspliced	1437	12	ENST00000388718.5	FLG2	ENSG00000143520.6	mrna
A00839:75:H7MFFDSXY:3:1127:13521:35650	chr1	152357345	152357494	True	-456	150M	255	0	5	0.9369123578071594	ambig_opp_strand	unspliced	-1	12	.	.	.	mrna
A00839:75:H7MFFDSXY:3:2221:15176:21637	chr1	152355944	152356093	False	381	150M	255	0	5	0.6684404015541077	ambig_opp_strand	unspliced	-1	12	.	.	.	mrna
A00839:75:H7MFFDSXY:3:1506:32904:36151	chr1	152352475	152352549	True	-306	75M	255	0	5	0.2745581269264221	ambig_opp_strand	unspliced	-1	12	.	.	.	mrna
A00839:75:H7MFFDSXY:3:1101:13006:6167	chr1	152357488	152357637	True	-245	150M	255	0	25	0.8153706789016724	ambig_opp_strand	unspliced	1437	12	RIGEL_NRNA_chr1_1_152335378_152364080		RIGEL_NRNA_chr1_1_152335378_152364080	nrna
A00839:75:H7MFFDSXY:3:2613:8594:9893	chr1	152351419	152351568	False	201	150M	255	0	3	0.875561535358429	ambig_opp_strand	unspliced	1437	12	ENST00000388718.5	FLG2	ENSG00000143520.6	mrna
A00839:75:H7MFFDSXY:3:1220:11586:1579	chr1	152352488	152352534	True	-278	47M	255	0	25	0.761273980140686	ambig_opp_strand	unspliced	1437	12	RIGEL_NRNA_chr1_1_152335378_152364080		RIGEL_NRNA_chr1_1_152335378_152364080	nrna
A00839:75:H7MFFDSXY:3:2503:31720:25207	chr1	152357073	152357222	False	274	150M	255	0	3	0.8614422678947449	ambig_opp_strand	unspliced	1437	12	ENST00000388718.5	FLG2	ENSG00000143520.6	mrna
A00839:75:H7MFFDSXY:3:2160:15510:30796	chr1	152356674	152356802	True	-129	129M	255	0	5	0.37357139587402344	ambig_opp_strand	unspliced	-1	12	.	.	.	mrna
A00839:75:H7MFFDSXY:3:1169:3992:23249	chr1	152356874	152357023	False	398	150M	255	0	5	0.7604586482048035	ambig_opp_strand	unspliced	-1	12	.	.	.	mrna
A00839:75:H7MFFDSXY:3:1548:21260:36839	chr1	152356864	152357013	False	270	150M	255	0	3	0.8641307950019836	ambig_opp_strand	unspliced	1437	12	ENST00000388718.5	FLG2	ENSG00000143520.6	mrna
A00839:75:H7MFFDSXY:3:1611:5430:26428	chr1	152352858	152352957	True	-325	100M	255	0	25	0.044697172939777374	ambig_opp_strand	unspliced	1437	12	RIGEL_NRNA_chr1_1_152189332_152365557		RIGEL_NRNA_chr1_1_152189332_152365557	nrna
A00839:75:H7MFFDSXY:3:1252:29008:22608	chr1	152356844	152356993	False	441	150M	255	0	5	0.7737547159194946	ambig_opp_strand	unspliced	-1	12	.	.	.	mrna
A00839:75:H7MFFDSXY:3:2674:5638:5713	chr1	152352641	152352790	False	354	150M	255	0	3	0.6034058928489685	ambig_opp_strand	unspliced	1437	12	ENST00000388718.5	FLG2	ENSG00000143520.6	mrna
A00839:75:H7MFFDSXY:3:1108:17110:31062	chr1	152351837	152351986	True	-268	150M	255	0	25	0.7825422286987305	ambig_opp_strand	unspliced	1437	12	RIGEL_NRNA_chr1_1_152335378_152364080		RIGEL_NRNA_chr1_1_152335378_152364080	nrna
A00839:75:H7MFFDSXY:3:2244:30400:7576	chr1	152357218	152357367	True	-245	150M	255	0	25	0.8153706789016724	ambig_opp_strand	unspliced	1437	12	RIGEL_NRNA_chr1_1_152335378_152364080		RIGEL_NRNA_chr1_1_152335378_152364080	nrna
A00839:75:H7MFFDSXY:3:2269:19741:18208	chr1	152356530	152356679	True	-322	150M	255	1	25	0.5785312056541443	ambig_opp_strand	unspliced	1437	12	RIGEL_NRNA_chr1_1_152335378_152364080		RIGEL_NRNA_chr1_1_152335378_152364080	nrna
A00839:75:H7MFFDSXY:3:1658:6325:13730	chr1	152350881	152351030	True	-193	150M	255	0	25	0.8135378956794739	ambig_opp_strand	unspliced	1437	12	RIGEL_NRNA_chr1_1_152335378_152364080		RIGEL_NRNA_chr1_1_152335378_152364080	nrna
A00839:75:H7MFFDSXY:3:1520:26530:15468	chr1	152353895	152354044	True	-415	150M	255	0	5	0.9330500960350037	ambig_opp_strand	unspliced	-1	12	.	.	.	mrna
A00839:75:H7MFFDSXY:3:1552:25021:2487	chr1	152357428	152357577	True	-413	150M	255	0	5	0.9398261904716492	ambig_opp_strand	unspliced	-1	12	.	.	.	mrna
A00839:75:H7MFFDSXY:3:2615:10104:10379	chr1	152353629	152353778	True	-288	150M	255	3	5	0.1964356005191803	ambig_opp_strand	unspliced	-1	12	.	.	.	mrna
A00839:75:H7MFFDSXY:3:1367:12111:24377	chr1	152352125	152352274	False	411	150M	255	0	5	0.7909518480300903	ambig_opp_strand	unspliced	-1	12	.	.	.	mrna
A00839:75:H7MFFDSXY:3:2464:29261:23766	chr1	152354692	152354841	False	424	150M	255	0	5	0.7699909806251526	ambig_opp_strand	unspliced	-1	12	.	.	.	mrna
A00839:75:H7MFFDSXY:3:1506:20365:17848	chr1	152351774	152351923	True	-215	150M	255	0	5	0.10312363505363464	ambig_opp_strand	unspliced	-1	12	.	.	.	mrna
A00839:75:H7MFFDSXY:3:2454:18521:29997	chr1	152350680	152350829	False	316	150M	255	0	3	0.8068447113037109	ambig_opp_strand	unspliced	1437	12	ENST00000388718.5	FLG2	ENSG00000143520.6	mrna
A00839:75:H7MFFDSXY:3:1131:13277:29496	chr1	152350544	152350693	False	393	150M	255	0	5	0.7657670974731445	ambig_opp_strand	unspliced	-1	12	.	.	.	mrna
A00839:75:H7MFFDSXY:3:2554:30029:22780	chr1	152355187	152355336	False	417	150M	255	0	5	0.7844899892807007	ambig_opp_strand	unspliced	-1	12	.	.	.	mrna
A00839:75:H7MFFDSXY:3:2158:3821:29215	chr1	152354168	152354317	True	-363	150M	255	0	5	0.756510317325592	ambig_opp_strand	unspliced	-1	12	.	.	.	mrna
A00839:75:H7MFFDSXY:3:1359:27254:24799	chr1	152352676	152352738	False	288	63M	255	0	3	0.8517400026321411	ambig_opp_strand	unspliced	1437	12	ENST00000388718.5	FLG2	ENSG00000143520.6	mrna
A00839:75:H7MFFDSXY:3:2463:15664:1376	chr1	152354163	152354312	True	-351	150M	255	0	5	0.639532208442688	ambig_opp_strand	unspliced	-1	12	.	.	.	mrna
A00839:75:H7MFFDSXY:3:2103:20790:10911	chr1	152351241	152351390	False	192	150M	255	0	3	0.8738681077957153	ambig_opp_strand	unspliced	1437	12	ENST00000388718.5	FLG2	ENSG00000143520.6	mrna
A00839:75:H7MFFDSXY:3:2631:9724:22373	chr1	152354214	152354363	False	320	150M	255	0	3	0.7966775298118591	ambig_opp_strand	unspliced	1437	12	ENST00000388718.5	FLG2	ENSG00000143520.6	mrna
A00839:75:H7MFFDSXY:3:1413:9824:3067	chr1	152351995	152352144	False	453	150M	255	0	5	0.7499771118164062	ambig_opp_strand	unspliced	-1	12	.	.	.	mrna
A00839:75:H7MFFDSXY:3:2337:11279:4554	chr1	152353124	152353273	False	216	150M	255	0	3	0.8769527673721313	ambig_opp_strand	unspliced	1437	12	ENST00000388718.5	FLG2	ENSG00000143520.6	mrna
A00839:75:H7MFFDSXY:3:2348:13150:14528	chr1	152355932	152356081	True	-375	150M	255	0	5	0.8621544241905212	ambig_opp_strand	unspliced	-1	12	.	.	.	mrna
A00839:75:H7MFFDSXY:3:2468:22652:6872	chr1	152355851	152355923	False	298	73M	3	0	128	0.0	.	unknown	-1	0	.	.	.	mrna
A00839:75:H7MFFDSXY:3:1338:7500:26224	chr1	152350641	152350790	False	411	150M	255	1	5	0.7909517884254456	ambig_opp_strand	unspliced	-1	12	.	.	.	mrna
A00839:75:H7MFFDSXY:3:1639:10194:16705	chr1	152351097	152351246	False	255	150M	255	0	3	0.871295154094696	ambig_opp_strand	unspliced	1437	12	ENST00000388718.5	FLG2	ENSG00000143520.6	mrna
A00839:75:H7MFFDSXY:3:2364:3260:17409	chr1	152357056	152357205	False	258	150M	255	0	3	0.8701720237731934	ambig_opp_strand	unspliced	1437	12	ENST00000388718.5	FLG2	ENSG00000143520.6	mrna
A00839:75:H7MFFDSXY:3:2618:29297:18443	chr1	152355177	152355326	False	472	150M	255	0	5	0.7379915714263916	ambig_opp_strand	unspliced	-1	12	.	.	.	mrna
A00839:75:H7MFFDSXY:3:1347:3278:22169	chr1	152352290	152352439	True	-485	150M	255	0	5	0.9301494359970093	ambig_opp_strand	unspliced	-1	12	.	.	.	mrna
A00839:75:H7MFFDSXY:3:2371:26404:29716	chr1	152354671	152354820	False	287	150M	255	0	3	0.8521929979324341	ambig_opp_strand	unspliced	1437	12	ENST00000388718.5	FLG2	ENSG00000143520.6	mrna
A00839:75:H7MFFDSXY:3:2173:27082:21308	chr1	152353653	152353802	True	-262	150M	255	0	25	0.7931538224220276	ambig_opp_strand	unspliced	1437	12	RIGEL_NRNA_chr1_1_152335378_152364080		RIGEL_NRNA_chr1_1_152335378_152364080	nrna
A00839:75:H7MFFDSXY:3:2275:9173:36667	chr1	152356588	152356737	True	-301	150M	255	0	25	0.6893414258956909	ambig_opp_strand	unspliced	1437	12	RIGEL_NRNA_chr1_1_152335378_152364080		RIGEL_NRNA_chr1_1_152335378_152364080	nrna
A00839:75:H7MFFDSXY:3:2249:5773:7513	chr1	152357007	152357156	True	-173	150M	255	0	25	0.7939308881759644	ambig_opp_strand	unspliced	1437	12	RIGEL_NRNA_chr1_1_152335378_152364080		RIGEL_NRNA_chr1_1_152335378_152364080	nrna
A00839:75:H7MFFDSXY:3:1148:9281:22451	chr1	152356639	152356788	False	525	150M	255	0	5	0.7236883044242859	ambig_opp_strand	unspliced	-1	12	.	.	.	mrna
A00839:75:H7MFFDSXY:3:1671:10809:21809	chr1	152351053	152351151	True	-324	99M	255	0	5	0.3811255693435669	ambig_opp_strand	unspliced	-1	12	.	.	.	mrna
A00839:75:H7MFFDSXY:3:1107:20292:36824	chr1	152355767	152355916	False	236	150M	255	0	3	0.8759585022926331	ambig_opp_strand	unspliced	1437	12	ENST00000388718.5	FLG2	ENSG00000143520.6	mrna
A00839:75:H7MFFDSXY:3:2168:12084:26584	chr1	152356032	152356181	False	276	150M	255	0	3	0.8602301478385925	ambig_opp_strand	unspliced	1437	12	ENST00000388718.5	FLG2	ENSG00000143520.6	mrna
A00839:75:H7MFFDSXY:3:1275:29134:17534	chr1	152350838	152350987	False	173	150M	255	0	3	0.8685807585716248	ambig_opp_strand	unspliced	1437	12	ENST00000388718.5	FLG2	ENSG00000143520.6	mrna
A00839:75:H7MFFDSXY:3:1135:8142:24987	chr1	152357281	152357430	True	-193	150M	255	2	25	0.8135378360748291	ambig_opp_strand	unspliced	1437	12	RIGEL_NRNA_chr1_1_152335378_152364080		RIGEL_NRNA_chr1_1_152335378_152364080	nrna
A00839:75:H7MFFDSXY:3:2256:21142:12242	chr1	152355636	152355722	True	-318	87M	255	0	25	0.603524386882782	ambig_opp_strand	unspliced	1437	12	RIGEL_NRNA_chr1_1_152335378_152364080		RIGEL_NRNA_chr1_1_152335378_152364080	nrna
A00839:75:H7MFFDSXY:3:1602:6587:24831	chr1	152355112	152355261	True	-219	150M	255	0	25	0.06581553816795349	ambig_opp_strand	unspliced	1437	12	RIGEL_NRNA_chr1_1_152189332_152365557		RIGEL_NRNA_chr1_1_152189332_152365557	nrna
A00839:75:H7MFFDSXY:3:1434:29704:13730	chr1	152354179	152354328	False	239	150M	255	0	3	0.87569260597229	ambig_opp_strand	unspliced	1437	12	ENST00000388718.5	FLG2	ENSG00000143520.6	mrna
A00839:75:H7MFFDSXY:3:2401:15971:36385	chr1	152354173	152354322	False	349	150M	255	0	3	0.6482164263725281	ambig_opp_strand	unspliced	1437	12	ENST00000388718.5	FLG2	ENSG00000143520.6	mrna
A00839:75:H7MFFDSXY:3:1662:31132:1642	chr1	152357299	152357448	True	-306	150M	255	0	25	0.05322888121008873	ambig_opp_strand	unspliced	1437	12	RIGEL_NRNA_chr1_1_152189332_152365557		RIGEL_NRNA_chr1_1_152189332_152365557	nrna
A00839:75:H7MFFDSXY:3:1262:26820:12179	chr1	152354177	152354326	True	-365	150M	255	0	5	0.7734194397926331	ambig_opp_strand	unspliced	-1	12	.	.	.	mrna
A00839:75:H7MFFDSXY:3:1353:3938:4805	chr1	152354751	152354900	False	176	150M	255	0	3	0.8688625693321228	ambig_opp_strand	unspliced	1437	12	ENST00000388718.5	FLG2	ENSG00000143520.6	mrna
A00839:75:H7MFFDSXY:3:2244:11143:8641	chr1	152352438	152352587	False	259	150M	255	0	3	0.8697373867034912	ambig_opp_strand	unspliced	1437	12	ENST00000388718.5	FLG2	ENSG00000143520.6	mrna
A00839:75:H7MFFDSXY:3:2561:31186:28698	chr1	152355914	152356063	False	175	150M	255	1	3	0.8690046072006226	ambig_opp_strand	unspliced	1437	12	ENST00000388718.5	FLG2	ENSG00000143520.6	mrna
A00839:75:H7MFFDSXY:3:2339:31494:6120	chr1	152353775	152353924	False	300	150M	255	0	3	0.8364787101745605	ambig_opp_strand	unspliced	1437	12	ENST00000388718.5	FLG2	ENSG00000143520.6	mrna
A00839:75:H7MFFDSXY:3:1376:32832:12446	chr1	152350513	152350662	False	376	150M	255	1	5	0.6088511347770691	ambig_opp_strand	unspliced	-1	12	.	.	.	mrna
A00839:75:H7MFFDSXY:3:1226:6840:14904	chr1	152354297	152354446	True	-524	150M	255	0	5	0.924288272857666	ambig_opp_strand	unspliced	-1	12	.	.	.	mrna
A00839:75:H7MFFDSXY:3:2458:28700:13933	chr1	152357170	152357319	False	346	150M	255	5	3	0.6764439940452576	ambig_opp_strand	unspliced	1437	12	ENST00000388718.5	FLG2	ENSG00000143520.6	mrna
A00839:75:H7MFFDSXY:3:1472:27154:18991	chr1	152350589	152350738	False	453	150M	255	0	5	0.7499771118164062	ambig_opp_strand	unspliced	-1	12	.	.	.	mrna
A00839:75:H7MFFDSXY:3:2578:13458:27336	chr1	152350788	152350937	False	183	150M	255	0	3	0.8716685771942139	ambig_opp_strand	unspliced	1437	12	ENST00000388718.5	FLG2	ENSG00000143520.6	mrna
A00839:75:H7MFFDSXY:3:1528:30246:16767	chr1	152351211	152351360	True	-172	150M	255	0	25	0.7901570200920105	ambig_opp_strand	unspliced	1437	12	RIGEL_NRNA_chr1_1_152335378_152364080		RIGEL_NRNA_chr1_1_152335378_152364080	nrna
A00839:75:H7MFFDSXY:3:1609:32036:8469	chr1	152354515	152354664	False	241	150M	255	0	3	0.8753105998039246	ambig_opp_strand	unspliced	1437	12	ENST00000388718.5	FLG2	ENSG00000143520.6	mrna
A00839:75:H7MFFDSXY:3:1603:25437:14168	chr1	152356761	152356910	False	271	150M	255	0	3	0.8635894060134888	ambig_opp_strand	unspliced	1437	12	ENST00000388718.5	FLG2	ENSG00000143520.6	mrna
A00839:75:H7MFFDSXY:3:1223:16731:25708	chr1	152356242	152356391	False	156	150M	255	0	3	0.8558743000030518	ambig_opp_strand	unspliced	1437	12	ENST00000388718.5	FLG2	ENSG00000143520.6	mrna
A00839:75:H7MFFDSXY:3:2411:10872:7326	chr1	152354324	152354473	False	219	150M	255	0	3	0.8770769834518433	ambig_opp_strand	unspliced	1437	12	ENST00000388718.5	FLG2	ENSG00000143520.6	mrna
A00839:75:H7MFFDSXY:3:2627:21712:10285	chr1	152356241	152356390	True	-237	150M	255	0	25	0.8195167183876038	ambig_opp_strand	unspliced	1437	12	RIGEL_NRNA_chr1_1_152335378_152364080		RIGEL_NRNA_chr1_1_152335378_152364080	nrna
A00839:75:H7MFFDSXY:3:2264:19786:37012	chr1	152354089	152354238	False	338	150M	255	0	25	0.08021789789199829	ambig_opp_strand	unspliced	1437	12	RIGEL_NRNA_chr1_2_152348734_152360006		RIGEL_NRNA_chr1_2_152348734_152360006	nrna
A00839:75:H7MFFDSXY:3:2326:27796:12461	chr1	152353648	152353797	False	154	150M	255	0	3	0.853985607624054	ambig_opp_strand	unspliced	1437	12	ENST00000388718.5	FLG2	ENSG00000143520.6	mrna
A00839:75:H7MFFDSXY:3:1454:32506:36432	chr1	152356640	152356789	False	362	150M	255	0	3	0.5251476168632507	ambig_opp_strand	unspliced	1437	12	ENST00000388718.5	FLG2	ENSG00000143520.6	mrna
A00839:75:H7MFFDSXY:3:1567:21884:31594	chr1	152356052	152356107	True	-281	56M	3	0	128	0.0	.	unknown	-1	0	.	.	.	mrna
A00839:75:H7MFFDSXY:3:1335:18738:16720	chr1	152350753	152350902	True	-302	150M	255	0	25	0.6846826076507568	ambig_opp_strand	unspliced	1437	12	RIGEL_NRNA_chr1_1_152335378_152364080		RIGEL_NRNA_chr1_1_152335378_152364080	nrna
A00839:75:H7MFFDSXY:3:1519:11840:26788	chr1	152353795	152353944	True	-270	150M	255	0	25	0.7786889672279358	ambig_opp_strand	unspliced	1437	12	RIGEL_NRNA_chr1_1_152335378_152364080		RIGEL_NRNA_chr1_1_152335378_152364080	nrna
A00839:75:H7MFFDSXY:3:1540:12400:5337	chr1	152353654	152353798	True	-145	145M	255	0	25	0.6981359124183655	ambig_opp_strand	unspliced	1437	12	RIGEL_NRNA_chr1_1_152335378_152364080		RIGEL_NRNA_chr1_1_152335378_152364080	nrna
A00839:75:H7MFFDSXY:3:1420:27751:8406	chr1	152351247	152351396	True	-263	150M	255	0	25	0.7924413681030273	ambig_opp_strand	unspliced	1437	12	RIGEL_NRNA_chr1_1_152335378_152364080		RIGEL_NRNA_chr1_1_152335378_152364080	nrna
A00839:75:H7MFFDSXY:3:2630:15962:19241	chr1	152356720	152356869	True	-295	150M	255	0	25	0.713703989982605	ambig_opp_strand	unspliced	1437	12	RIGEL_NRNA_chr1_1_152335378_152364080		RIGEL_NRNA_chr1_1_152335378_152364080	nrna
A00839:75:H7MFFDSXY:3:2354:16170:19132	chr1	152355237	152355279	True	-505	43M	255	0	5	0.9240110516548157	ambig_opp_strand	unspliced	-1	12	.	.	.	mrna
A00839:75:H7MFFDSXY:3:1139:7084:3865	chr1	152355266	152355415	False	386	150M	255	0	5	0.7260953187942505	ambig_opp_strand	unspliced	-1	12	.	.	.	mrna
A00839:75:H7MFFDSXY:3:2258:29414:2581	chr1	152356762	152356911	True	-337	150M	255	0	25	0.4652997553348541	ambig_opp_strand	unspliced	1437	12	RIGEL_NRNA_chr1_1_152335378_152364080		RIGEL_NRNA_chr1_1_152335378_152364080	nrna
A00839:75:H7MFFDSXY:3:2368:9254:2018	chr1	152352199	152352348	True	-202	150M	255	0	25	0.8194245100021362	ambig_opp_strand	unspliced	1437	12	RIGEL_NRNA_chr1_1_152335378_152364080		RIGEL_NRNA_chr1_1_152335378_152364080	nrna
A00839:75:H7MFFDSXY:3:1360:24948:10285	chr1	152356439	152356588	True	-326	150M	255	1	5	0.399728387594223	ambig_opp_strand	unspliced	-1	12	.	.	.	mrna
A00839:75:H7MFFDSXY:3:1218:21676:27289	chr1	152354527	152354605	False	310	79M	255	0	5	0.08991949260234833	ambig_opp_strand	unspliced	-1	12	.	.	.	mrna
A00839:75:H7MFFDSXY:3:2162:5095:12665	chr1	152351778	152351927	False	330	150M	255	0	3	0.767073392868042	ambig_opp_strand	unspliced	1437	12	ENST00000388718.5	FLG2	ENSG00000143520.6	mrna
A00839:75:H7MFFDSXY:3:2373:3667:17989	chr1	152353362	152353511	True	-311	150M	255	0	5	0.30288463830947876	ambig_opp_strand	unspliced	-1	12	.	.	.	mrna
A00839:75:H7MFFDSXY:3:2228:17155:15483	chr1	152353324	152353473	False	326	150M	255	0	5	0.13568012416362762	ambig_opp_strand	unspliced	-1	12	.	.	.	mrna
A00839:75:H7MFFDSXY:3:2358:8413:9392	chr1	152353638	152353787	True	-316	150M	255	0	25	0.6150527000427246	ambig_opp_strand	unspliced	1437	12	RIGEL_NRNA_chr1_1_152335378_152364080		RIGEL_NRNA_chr1_1_152335378_152364080	nrna
A00839:75:H7MFFDSXY:3:2627:22932:24643	chr1	152355143	152355292	False	337	150M	255	0	3	0.732475996017456	ambig_opp_strand	unspliced	1437	12	ENST00000388718.5	FLG2	ENSG00000143520.6	mrna
A00839:75:H7MFFDSXY:3:1321:18376:6417	chr1	152351785	152351934	True	-446	150M	255	0	5	0.9308139681816101	ambig_opp_strand	unspliced	-1	12	.	.	.	mrna
A00839:75:H7MFFDSXY:3:2451:23204:19946	chr1	152350752	152350901	False	316	150M	255	0	3	0.8068447113037109	ambig_opp_strand	unspliced	1437	12	ENST00000388718.5	FLG2	ENSG00000143520.6	mrna
A00839:75:H7MFFDSXY:3:1268:28022:16172	chr1	152355251	152355369	False	345	119M1S	255	0	3	0.6829543709754944	ambig_opp_strand	unspliced	1437	12	ENST00000388718.5	FLG2	ENSG00000143520.6	mrna
A00839:75:H7MFFDSXY:3:2658:2130:15139	chr1	152354923	152355072	True	-309	150M	255	0	25	0.649450421333313	ambig_opp_strand	unspliced	1437	12	RIGEL_NRNA_chr1_1_152335378_152364080		RIGEL_NRNA_chr1_1_152335378_152364080	nrna
A00839:75:H7MFFDSXY:3:1666:30391:13416	chr1	152355238	152355387	False	316	150M	255	0	3	0.8068445920944214	ambig_opp_strand	unspliced	1437	12	ENST00000388718.5	FLG2	ENSG00000143520.6	mrna
A00839:75:H7MFFDSXY:3:1544:9688:32456	chr1	152355978	152356058	False	306	81M	255	0	3	0.8270359039306641	ambig_opp_strand	unspliced	1437	12	ENST00000388718.5	FLG2	ENSG00000143520.6	mrna
A00839:75:H7MFFDSXY:3:1344:27923:32033	chr1	152356992	152357141	False	353	150M	255	0	5	0.3183212876319885	ambig_opp_strand	unspliced	-1	12	.	.	.	mrna
A00839:75:H7MFFDSXY:3:1358:2139:24580	chr1	152353078	152353227	True	-261	150M	255	0	5	0.13412459194660187	ambig_opp_strand	unspliced	-1	12	.	.	.	mrna
A00839:75:H7MFFDSXY:3:1465:15646:33661	chr1	152357345	152357494	False	277	150M	255	1	3	0.8593738079071045	ambig_opp_strand	unspliced	1437	12	ENST00000388718.5	FLG2	ENSG00000143520.6	mrna
A00839:75:H7MFFDSXY:3:2621:8666:35321	chr1	152353002	152353151	False	311	150M	255	0	5	0.09290718287229538	ambig_opp_strand	unspliced	-1	12	.	.	.	mrna
A00839:75:H7MFFDSXY:3:2473:29613:4147	chr1	152357438	152357587	True	-172	150M	255	0	25	0.7901570200920105	ambig_opp_strand	unspliced	1437	12	RIGEL_NRNA_chr1_1_152335378_152364080		RIGEL_NRNA_chr1_1_152335378_152364080	nrna
A00839:75:H7MFFDSXY:3:1553:14922:11960	chr1	152350665	152350814	False	386	150M	255	0	5	0.7260950803756714	ambig_opp_strand	unspliced	-1	12	.	.	.	mrna
A00839:75:H7MFFDSXY:3:1405:29098:17253	chr1	152356195	152356303	True	-373	109M	255	0	5	0.8492748141288757	ambig_opp_strand	unspliced	-1	12	.	.	.	mrna
A00839:75:H7MFFDSXY:3:2306:16848:29230	chr1	152353177	152353326	False	156	150M	255	0	3	0.8558743000030518	ambig_opp_strand	unspliced	1437	12	ENST00000388718.5	FLG2	ENSG00000143520.6	mrna
A00839:75:H7MFFDSXY:3:1472:1994:33661	chr1	152356063	152356212	True	-231	150M	255	0	25	0.8211895227432251	ambig_opp_strand	unspliced	1437	12	RIGEL_NRNA_chr1_1_152335378_152364080		RIGEL_NRNA_chr1_1_152335378_152364080	nrna
A00839:75:H7MFFDSXY:3:1225:14498:34209	chr1	152357296	152357445	False	370	150M	255	0	5	0.918671190738678	ambig_opp_strand	unspliced	-1	12	.	.	.	mrna
A00839:75:H7MFFDSXY:3:2611:2338:22889	chr1	152355242	152355344	True	-103	103M	255	0	25	0.4686996042728424	ambig_opp_strand	unspliced	1437	12	RIGEL_NRNA_chr1_1_152335378_152364080		RIGEL_NRNA_chr1_1_152335378_152364080	nrna
A00839:75:H7MFFDSXY:3:2346:10303:8187	chr1	152352496	152352645	False	239	150M	255	0	3	0.87569260597229	ambig_opp_strand	unspliced	1437	12	ENST00000388718.5	FLG2	ENSG00000143520.6	mrna
A00839:75:H7MFFDSXY:3:2247:15411:2190	chr1	152353279	152353428	True	-269	150M	255	0	5	0.15114910900592804	ambig_opp_strand	unspliced	-1	12	.	.	.	mrna
A00839:75:H7MFFDSXY:3:2420:8721:3474	chr1	152353739	152353888	True	-400	150M	255	0	5	0.9300727248191833	ambig_opp_strand	unspliced	-1	12	.	.	.	mrna
A00839:75:H7MFFDSXY:3:1435:9733:32910	chr1	152351488	152351637	False	443	150M	255	0	5	0.8077513575553894	ambig_opp_strand	unspliced	-1	12	.	.	.	mrna
A00839:75:H7MFFDSXY:3:1218:11107:4883	chr1	152350683	152350832	True	-290	150M	255	0	25	0.05825323984026909	ambig_opp_strand	unspliced	1437	12	RIGEL_NRNA_chr1_1_152189332_152365557		RIGEL_NRNA_chr1_1_152189332_152365557	nrna
A00839:75:H7MFFDSXY:3:2557:32497:22983	chr1	152355690	152355839	True	-235	150M	255	0	25	0.8203124403953552	ambig_opp_strand	unspliced	1437	12	RIGEL_NRNA_chr1_1_152335378_152364080		RIGEL_NRNA_chr1_1_152335378_152364080	nrna
A00839:75:H7MFFDSXY:3:2117:18466:14058	chr1	152356657	152356806	True	-325	150M	255	0	25	0.5597922801971436	ambig_opp_strand	unspliced	1437	12	RIGEL_NRNA_chr1_1_152335378_152364080		RIGEL_NRNA_chr1_1_152335378_152364080	nrna
A00839:75:H7MFFDSXY:3:1417:22083:11365	chr1	152353291	152353384	False	325	94M	255	2	3	0.782477080821991	ambig_opp_strand	unspliced	1437	12	ENST00000388718.5	FLG2	ENSG00000143520.6	mrna
A00839:75:H7MFFDSXY:3:1578:17427:29637	chr1	152353570	152353719	False	202	150M	255	0	3	0.8757489323616028	ambig_opp_strand	unspliced	1437	12	ENST00000388718.5	FLG2	ENSG00000143520.6	mrna
A00839:75:H7MFFDSXY:3:1567:27272:9549	chr1	152355334	152355413	True	-350	80M	3	0	128	0.0	.	unknown	-1	0	.	.	.	mrna
A00839:75:H7MFFDSXY:3:1153:4453:3599	chr1	152351137	152351286	True	-301	150M	255	0	5	0.2498590648174286	ambig_opp_strand	unspliced	-1	12	.	.	.	mrna
A00839:75:H7MFFDSXY:3:2132:29622:19351	chr1	152356922	152357071	False	343	150M	255	0	3	0.6964337229728699	ambig_opp_strand	unspliced	1437	12	ENST00000388718.5	FLG2	ENSG00000143520.6	mrna
A00839:75:H7MFFDSXY:3:1112:25617:5118	chr1	152350871	152351020	True	-228	150M	255	0	25	0.8223152756690979	ambig_opp_strand	unspliced	1437	12	RIGEL_NRNA_chr1_1_152335378_152364080		RIGEL_NRNA_chr1_1_152335378_152364080	nrna
A00839:75:H7MFFDSXY:3:2665:13973:7905	chr1	152353822	152353971	True	-350	150M	255	0	25	0.34074339270591736	ambig_opp_strand	unspliced	1437	12	RIGEL_NRNA_chr1_1_152335378_152364080		RIGEL_NRNA_chr1_1_152335378_152364080	nrna
A00839:75:H7MFFDSXY:3:1346:29758:35994	chr1	152351184	152351333	True	-415	150M	255	0	5	0.9330500960350037	ambig_opp_strand	unspliced	-1	12	.	.	.	mrna
A00839:75:H7MFFDSXY:3:1570:20600:8296	chr1	152356124	152356273	False	257	150M	255	0	3	0.8706756234169006	ambig_opp_strand	unspliced	1437	12	ENST00000388718.5	FLG2	ENSG00000143520.6	mrna
A00839:75:H7MFFDSXY:3:1223:21504:16939	chr1	152350857	152350984	False	353	128M	255	0	5	0.3183212876319885	ambig_opp_strand	unspliced	-1	12	.	.	.	mrna
A00839:75:H7MFFDSXY:3:1507:21549:18552	chr1	152356145	152356290	True	-866	146M	255	0	25	0.7377460598945618	ambig_opp_strand	unspliced	1437	12	RIGEL_NRNA_chr1_1_152335378_152364080		RIGEL_NRNA_chr1_1_152335378_152364080	nrna
A00839:75:H7MFFDSXY:3:1434:9344:18959	chr1	152356371	152356520	False	254	150M	255	0	3	0.8718764185905457	ambig_opp_strand	unspliced	1437	12	ENST00000388718.5	FLG2	ENSG00000143520.6	mrna
A00839:75:H7MFFDSXY:3:2369:12436:9596	chr1	152351584	152351733	True	-181	150M	255	0	5	0.12768106162548065	ambig_opp_strand	unspliced	-1	12	.	.	.	mrna
A00839:75:H7MFFDSXY:3:2361:19840:22169	chr1	152357314	152357463	False	382	150M	255	1	5	0.9595099091529846	ambig_opp_strand	unspliced	-1	12	.	.	.	mrna
A00839:75:H7MFFDSXY:3:1446:14281:17519	chr1	152356657	152356806	True	-317	150M	255	0	25	0.6091583371162415	ambig_opp_strand	unspliced	1437	12	RIGEL_NRNA_chr1_1_152335378_152364080		RIGEL_NRNA_chr1_1_152335378_152364080	nrna
A00839:75:H7MFFDSXY:3:1140:16821:36793	chr1	152352300	152352449	True	-417	150M	255	0	5	0.9391791224479675	ambig_opp_strand	unspliced	-1	12	.	.	.	mrna
A00839:75:H7MFFDSXY:3:2652:29306:36182	chr1	152353947	152354096	True	-158	150M	255	0	25	0.06039030849933624	ambig_opp_strand	unspliced	1437	12	RIGEL_NRNA_chr1_1_152189332_152365557		RIGEL_NRNA_chr1_1_152189332_152365557	nrna
A00839:75:H7MFFDSXY:3:1270:18982:26412	chr1	152356506	152356655	True	-283	150M	255	0	25	0.7493870258331299	ambig_opp_strand	unspliced	1437	12	RIGEL_NRNA_chr1_1_152335378_152364080		RIGEL_NRNA_chr1_1_152335378_152364080	nrna
A00839:75:H7MFFDSXY:3:1220:11966:7373	chr1	152356531	152356680	True	-214	150M	255	0	25	0.8229922652244568	ambig_opp_strand	unspliced	1437	12	RIGEL_NRNA_chr1_1_152335378_152364080		RIGEL_NRNA_chr1_1_152335378_152364080	nrna
A00839:75:H7MFFDSXY:3:2324:24080:33207	chr1	152352139	152352288	True	-379	150M	255	0	5	0.8904017210006714	ambig_opp_strand	unspliced	-1	12	.	.	.	mrna
A00839:75:H7MFFDSXY:3:2445:9281:35321	chr1	152350786	152350935	False	323	150M	255	0	3	0.7879531979560852	ambig_opp_strand	unspliced	1437	12	ENST00000388718.5	FLG2	ENSG00000143520.6	mrna
A00839:75:H7MFFDSXY:3:1431:4734:20525	chr1	152350797	152350942	False	249	146M	255	0	3	0.8736680150032043	ambig_opp_strand	unspliced	1437	12	ENST00000388718.5	FLG2	ENSG00000143520.6	mrna
A00839:75:H7MFFDSXY:3:2472:1597:29027	chr1	152354378	152354527	False	319	150M	255	0	5	0.11374539881944656	ambig_opp_strand	unspliced	-1	12	.	.	.	mrna
A00839:75:H7MFFDSXY:3:2262:1479:26412	chr1	152352204	152352353	False	377	150M	255	0	5	0.6198241114616394	ambig_opp_strand	unspliced	-1	12	.	.	.	mrna
A00839:75:H7MFFDSXY:3:1259:19117:19100	chr1	152353834	152353983	False	231	150M	255	0	3	0.876232922077179	ambig_opp_strand	unspliced	1437	12	ENST00000388718.5	FLG2	ENSG00000143520.6	mrna
A00839:75:H7MFFDSXY:3:2128:11388:6120	chr1	152351421	152351522	False	327	102M	255	0	3	0.7761815786361694	ambig_opp_strand	unspliced	1437	12	ENST00000388718.5	FLG2	ENSG00000143520.6	mrna
A00839:75:H7MFFDSXY:3:1341:28601:29606	chr1	152353897	152354046	True	-201	150M	255	0	25	0.06537333875894547	ambig_opp_strand	unspliced	1437	12	RIGEL_NRNA_chr1_1_152189332_152365557		RIGEL_NRNA_chr1_1_152189332_152365557	nrna
A00839:75:H7MFFDSXY:3:1608:19271:36025	chr1	152356362	152356511	True	-482	150M	255	1	5	0.9325676560401917	ambig_opp_strand	unspliced	-1	12	.	.	.	mrna
A00839:75:H7MFFDSXY:3:1114:12744:4773	chr1	152353786	152353935	False	284	150M	255	0	3	0.8545677661895752	ambig_opp_strand	unspliced	1437	12	ENST00000388718.5	FLG2	ENSG00000143520.6	mrna
A00839:75:H7MFFDSXY:3:1233:12463:11647	chr1	152351560	152351658	True	-324	99M	255	0	5	0.3811255693435669	ambig_opp_strand	unspliced	-1	12	.	.	.	mrna
A00839:75:H7MFFDSXY:3:2506:5394:22357	chr1	152354360	152354509	True	-454	150M	255	0	5	0.9338529706001282	ambig_opp_strand	unspliced	-1	12	.	.	.	mrna
A00839:75:H7MFFDSXY:3:1610:15917:17127	chr1	152351115	152351264	False	238	150M	255	0	3	0.8759592771530151	ambig_opp_strand	unspliced	1437	12	ENST00000388718.5	FLG2	ENSG00000143520.6	mrna
A00839:75:H7MFFDSXY:3:2160:8043:9189	chr1	152352201	152352350	False	200	150M	255	0	3	0.8756552338600159	ambig_opp_strand	unspliced	1437	12	ENST00000388718.5	FLG2	ENSG00000143520.6	mrna
A00839:75:H7MFFDSXY:3:1659:28782:7874	chr1	152352896	152353045	True	-303	150M	255	0	5	0.2581072747707367	ambig_opp_strand	unspliced	-1	12	.	.	.	mrna
A00839:75:H7MFFDSXY:3:2546:4137:37059	chr1	152355473	152355570	True	-322	98M	255	0	5	0.37044259905815125	ambig_opp_strand	unspliced	-1	12	.	.	.	mrna
A00839:75:H7MFFDSXY:3:1621:20591:5337	chr1	152352690	152352839	False	274	150M	255	0	3	0.8614422678947449	ambig_opp_strand	unspliced	1437	12	ENST00000388718.5	FLG2	ENSG00000143520.6	mrna
A00839:75:H7MFFDSXY:3:1648:12283:11553	chr1	152356161	152356310	True	-237	150M	255	0	25	0.8195167183876038	ambig_opp_strand	unspliced	1437	12	RIGEL_NRNA_chr1_1_152335378_152364080		RIGEL_NRNA_chr1_1_152335378_152364080	nrna
A00839:75:H7MFFDSXY:3:1554:18050:21668	chr1	152355666	152355781	False	341	116M	255	0	25	0.0779467523097992	ambig_opp_strand	unspliced	1437	12	RIGEL_NRNA_chr1_2_152348734_152360006		RIGEL_NRNA_chr1_2_152348734_152360006	nrna
A00839:75:H7MFFDSXY:3:2575:23936:23594	chr1	152354571	152354720	False	385	150M	255	0	5	0.7263604402542114	ambig_opp_strand	unspliced	-1	12	.	.	.	mrna
A00839:75:H7MFFDSXY:3:1534:19967:24612	chr1	152353983	152354132	False	346	150M	255	0	5	0.2490820735692978	ambig_opp_strand	unspliced	-1	12	.	.	.	mrna
A00839:75:H7MFFDSXY:3:1643:7455:27273	chr1	152353050	152353199	True	-259	150M	255	0	5	0.1316555291414261	ambig_opp_strand	unspliced	-1	12	.	.	.	mrna
A00839:75:H7MFFDSXY:3:2570:31159:15468	chr1	152355076	152355154	True	-310	79M	255	0	5	0.295343279838562	ambig_opp_strand	unspliced	-1	12	.	.	.	mrna
A00839:75:H7MFFDSXY:3:2437:22742:31078	chr1	152356586	152356735	False	561	150M	255	0	5	0.6412573456764221	ambig_opp_strand	unspliced	-1	12	.	.	.	mrna
A00839:75:H7MFFDSXY:3:1445:17788:22467	chr1	152353276	152353425	False	382	150M	255	0	5	0.7015134692192078	ambig_opp_strand	unspliced	-1	12	.	.	.	mrna
A00839:75:H7MFFDSXY:3:1674:25880:7294	chr1	152355738	152355887	True	-241	150M	255	0	5	0.11003676056861877	ambig_opp_strand	unspliced	-1	12	.	.	.	mrna
A00839:75:H7MFFDSXY:3:1568:22480:12336	chr1	152354199	152354348	True	-191	150M	255	0	25	0.8116858601570129	ambig_opp_strand	unspliced	1437	12	RIGEL_NRNA_chr1_1_152335378_152364080		RIGEL_NRNA_chr1_1_152335378_152364080	nrna
A00839:75:H7MFFDSXY:3:2445:8386:13604	chr1	152355240	152355389	True	-378	150M	255	0	25	0.10783040523529053	ambig_opp_strand	unspliced	1437	12	RIGEL_NRNA_chr1_1_152335378_152364080		RIGEL_NRNA_chr1_1_152335378_152364080	nrna
A00839:75:H7MFFDSXY:3:1105:21178:7451	chr1	152352880	152353029	True	-195	150M	255	0	25	0.8152078986167908	ambig_opp_strand	unspliced	1437	12	RIGEL_NRNA_chr1_1_152335378_152364080		RIGEL_NRNA_chr1_1_152335378_152364080	nrna
A00839:75:H7MFFDSXY:3:2227:14452:7482	chr1	152356136	152356285	False	193	150M	255	0	3	0.8741233348846436	ambig_opp_strand	unspliced	1437	12	ENST00000388718.5	FLG2	ENSG00000143520.6	mrna
A00839:75:H7MFFDSXY:3:2606:20844:36245	chr1	152351015	152351164	False	152	150M	255	0	3	0.851713240146637	ambig_opp_strand	unspliced	1437	12	ENST00000388718.5	FLG2	ENSG00000143520.6	mrna
A00839:75:H7MFFDSXY:3:1647:16477:23422	chr1	152352533	152352611	True	-304	79M	255	0	25	0.053993791341781616	ambig_opp_strand	unspliced	1437	12	RIGEL_NRNA_chr1_1_152189332_152365557		RIGEL_NRNA_chr1_1_152189332_152365557	nrna
A00839:75:H7MFFDSXY:3:1646:29451:2644	chr1	152356915	152357064	False	410	150M	255	0	5	0.7620163559913635	ambig_opp_strand	unspliced	-1	12	.	.	.	mrna
A00839:75:H7MFFDSXY:3:1355:2022:9752	chr1	152351843	152351992	False	280	150M	255	0	3	0.8578622341156006	ambig_opp_strand	unspliced	1437	12	ENST00000388718.5	FLG2	ENSG00000143520.6	mrna
A00839:75:H7MFFDSXY:3:1534:29324:25347	chr1	152352444	152352572	True	-129	129M	255	0	25	0.5756560564041138	ambig_opp_strand	unspliced	1437	12	RIGEL_NRNA_chr1_1_152335378_152364080		RIGEL_NRNA_chr1_1_152335378_152364080	nrna
A00839:75:H7MFFDSXY:3:2127:24542:8547	chr1	152355418	152355567	False	290	150M	255	0	3	0.8488789200782776	ambig_opp_strand	unspliced	1437	12	ENST00000388718.5	FLG2	ENSG00000143520.6	mrna
A00839:75:H7MFFDSXY:3:1651:26910:17942	chr1	152356362	152356511	False	454	150M	255	0	5	0.7689502835273743	ambig_opp_strand	unspliced	-1	12	.	.	.	mrna
A00839:75:H7MFFDSXY:3:2244:12129:17018	chr1	152352519	152352668	True	-407	150M	255	0	5	0.929754376411438	ambig_opp_strand	unspliced	-1	12	.	.	.	mrna
A00839:75:H7MFFDSXY:3:1655:18186:10191	chr1	152351530	152351679	True	-413	150M	255	4	5	0.9398261904716492	ambig_opp_strand	unspliced	-1	12	.	.	.	mrna
A00839:75:H7MFFDSXY:3:1505:16071:8656	chr1	152350593	152350742	False	304	150M	255	4	3	0.8305461406707764	ambig_opp_strand	unspliced	1437	12	ENST00000388718.5	FLG2	ENSG00000143520.6	mrna
A00839:75:H7MFFDSXY:3:1612:17969:4429	chr1	152350714	152350863	False	272	150M	255	0	3	0.8629109859466553	ambig_opp_strand	unspliced	1437	12	ENST00000388718.5	FLG2	ENSG00000143520.6	mrna
A00839:75:H7MFFDSXY:3:1545:20446:36620	chr1	152351217	152351366	True	-394	150M	255	0	5	0.9279766082763672	ambig_opp_strand	unspliced	-1	12	.	.	.	mrna
A00839:75:H7MFFDSXY:3:2345:15221:12790	chr1	152352346	152352495	False	227	150M	255	0	3	0.8766814470291138	ambig_opp_strand	unspliced	1437	12	ENST00000388718.5	FLG2	ENSG00000143520.6	mrna
A00839:75:H7MFFDSXY:3:1321:15284:30091	chr1	152351274	152351423	False	404	150M	255	1	5	0.7706736326217651	ambig_opp_strand	unspliced	-1	12	.	.	.	mrna
A00839:75:H7MFFDSXY:3:2561:6696:6417	chr1	152350683	152350832	True	-291	150M	255	0	25	0.728652834892273	ambig_opp_strand	unspliced	1437	12	RIGEL_NRNA_chr1_1_152335378_152364080		RIGEL_NRNA_chr1_1_152335378_152364080	nrna
A00839:75:H7MFFDSXY:3:2270:16902:23156	chr1	152356528	152356677	True	-294	150M	255	0	25	0.717779278755188	ambig_opp_strand	unspliced	1437	12	RIGEL_NRNA_chr1_1_152335378_152364080		RIGEL_NRNA_chr1_1_152335378_152364080	nrna
A00839:75:H7MFFDSXY:3:2315:32244:20666	chr1	152355270	152355382	True	-113	113M	255	0	25	0.43296095728874207	ambig_opp_strand	unspliced	1437	12	RIGEL_NRNA_chr1_1_152335378_152364080		RIGEL_NRNA_chr1_1_152335378_152364080	nrna
A00839:75:H7MFFDSXY:3:1570:25093:8406	chr1	152350601	152350750	False	205	150M	255	0	3	0.8762255907058716	ambig_opp_strand	unspliced	1437	12	ENST00000388718.5	FLG2	ENSG00000143520.6	mrna
A00839:75:H7MFFDSXY:3:1221:22905:1110	chr1	152357326	152357475	False	223	150M	255	0	3	0.8770963549613953	ambig_opp_strand	unspliced	1437	12	ENST00000388718.5	FLG2	ENSG00000143520.6	mrna
A00839:75:H7MFFDSXY:3:1238:23637:11334	chr1	152356005	152356091	False	351	87M	255	0	3	0.6351718306541443	ambig_opp_strand	unspliced	1437	12	ENST00000388718.5	FLG2	ENSG00000143520.6	mrna
A00839:75:H7MFFDSXY:3:1576:31946:35274	chr1	152354877	152354984	True	-339	108M	255	0	5	0.5065005421638489	ambig_opp_strand	unspliced	-1	12	.	.	.	mrna
A00839:75:H7MFFDSXY:3:1571:1344:33849	chr1	152356299	152356448	False	235	150M	255	0	3	0.8759925961494446	ambig_opp_strand	unspliced	1437	12	ENST00000388718.5	FLG2	ENSG00000143520.6	mrna
A00839:75:H7MFFDSXY:3:1563:23411:16736	chr1	152354230	152354379	False	258	150M	255	0	3	0.8701720237731934	ambig_opp_strand	unspliced	1437	12	ENST00000388718.5	FLG2	ENSG00000143520.6	mrna
A00839:75:H7MFFDSXY:3:1673:20473:20854	chr1	152358738	152358887	True	-272	150M	255	0	25	0.7764644026756287	ambig_opp_strand	unspliced	1437	12	RIGEL_NRNA_chr1_1_152335378_152364080		RIGEL_NRNA_chr1_1_152335378_152364080	nrna
A00839:75:H7MFFDSXY:3:1535:2211:9549	chr1	152352731	152352880	False	324	150M	255	0	3	0.7866250872612	ambig_opp_strand	unspliced	1437	12	ENST00000388718.5	FLG2	ENSG00000143520.6	mrna
A00839:75:H7MFFDSXY:3:2651:30553:13416	chr1	152354170	152354319	True	-204	150M	255	0	25	0.8213735222816467	ambig_opp_strand	unspliced	1437	12	RIGEL_NRNA_chr1_1_152335378_152364080		RIGEL_NRNA_chr1_1_152335378_152364080	nrna
A00839:75:H7MFFDSXY:3:1247:24704:16219	chr1	152352584	152352733	False	259	150M	255	0	25	0.09558414667844772	ambig_opp_strand	unspliced	1437	12	RIGEL_NRNA_chr1_2_152348734_152360006		RIGEL_NRNA_chr1_2_152348734_152360006	nrna
A00839:75:H7MFFDSXY:3:2276:6225:35070	chr1	152354226	152354375	True	-302	150M	255	0	25	0.6846826076507568	ambig_opp_strand	unspliced	1437	12	RIGEL_NRNA_chr1_1_152335378_152364080		RIGEL_NRNA_chr1_1_152335378_152364080	nrna
A00839:75:H7MFFDSXY:3:1450:2718:25363	chr1	152355603	152355713	True	-342	111M	255	1	5	0.5376670956611633	ambig_opp_strand	unspliced	-1	12	.	.	.	mrna
A00839:75:H7MFFDSXY:3:2561:21630:11021	chr1	152354245	152354394	True	-286	150M	255	0	25	0.7415689826011658	ambig_opp_strand	unspliced	1437	12	RIGEL_NRNA_chr1_1_152335378_152364080		RIGEL_NRNA_chr1_1_152335378_152364080	nrna
A00839:75:H7MFFDSXY:3:2327:30861:25661	chr1	152353076	152353225	True	-441	150M	255	0	5	0.9355159997940063	ambig_opp_strand	unspliced	-1	12	.	.	.	mrna
A00839:75:H7MFFDSXY:3:1525:23393:23312	chr1	152355696	152355758	False	288	63M	255	0	3	0.8517400026321411	ambig_opp_strand	unspliced	1437	12	ENST00000388718.5	FLG2	ENSG00000143520.6	mrna
A00839:75:H7MFFDSXY:3:2112:30156:19272	chr1	152357152	152357301	True	-186	150M	255	0	25	0.8076047897338867	ambig_opp_strand	unspliced	1437	12	RIGEL_NRNA_chr1_1_152335378_152364080		RIGEL_NRNA_chr1_1_152335378_152364080	nrna
A00839:75:H7MFFDSXY:3:2144:30906:18881	chr1	152357366	152357515	False	359	150M	255	0	25	0.14091208577156067	ambig_opp_strand	unspliced	1437	12	RIGEL_NRNA_chr1_2_152348734_152360006		RIGEL_NRNA_chr1_2_152348734_152360006	nrna
A00839:75:H7MFFDSXY:3:1536:19443:7044	chr1	152356300	152356449	False	169	150M	255	0	3	0.8659967184066772	ambig_opp_strand	unspliced	1437	12	ENST00000388718.5	FLG2	ENSG00000143520.6	mrna
A00839:75:H7MFFDSXY:3:1163:17164:24643	chr1	152354368	152354517	True	-381	150M	255	0	5	0.8953117728233337	ambig_opp_strand	unspliced	-1	12	.	.	.	mrna
A00839:75:H7MFFDSXY:3:1451:29677:28964	chr1	152357170	152357319	True	-381	150M	255	0	5	0.8953117728233337	ambig_opp_strand	unspliced	-1	12	.	.	.	mrna
A00839:75:H7MFFDSXY:3:2677:4273:36041	chr1	152352656	152352805	False	336	150M	255	0	3	0.7415010929107666	ambig_opp_strand	unspliced	1437	12	ENST00000388718.5	FLG2	ENSG00000143520.6	mrna
A00839:75:H7MFFDSXY:3:2275:1732:6214	chr1	152356110	152356259	False	355	150M	255	0	3	0.5980230569839478	ambig_opp_strand	unspliced	1437	12	ENST00000388718.5	FLG2	ENSG00000143520.6	mrna
A00839:75:H7MFFDSXY:3:2340:7997:10520	chr1	152353952	152354079	False	128	128M	255	1	5	0.12589304149150848	ambig_opp_strand	unspliced	-1	12	.	.	.	mrna
A00839:75:H7MFFDSXY:3:2460:26232:32831	chr1	152356749	152356898	False	406	150M	255	0	5	0.7756003737449646	ambig_opp_strand	unspliced	-1	12	.	.	.	mrna
A00839:75:H7MFFDSXY:3:1333:31421:18740	chr1	152356633	152356782	True	-174	150M	255	0	25	0.06352999806404114	ambig_opp_strand	unspliced	1437	12	RIGEL_NRNA_chr1_1_152189332_152365557		RIGEL_NRNA_chr1_1_152189332_152365557	nrna
A00839:75:H7MFFDSXY:3:2665:7184:19006	chr1	152355970	152356119	False	214	150M	255	0	3	0.8767257332801819	ambig_opp_strand	unspliced	1437	12	ENST00000388718.5	FLG2	ENSG00000143520.6	mrna
A00839:75:H7MFFDSXY:3:2277:7789:12540	chr1	152351363	152351512	False	339	150M	255	0	3	0.7253321409225464	ambig_opp_strand	unspliced	1437	12	ENST00000388718.5	FLG2	ENSG00000143520.6	mrna
A00839:75:H7MFFDSXY:3:2666:26702:31923	chr1	152353526	152353675	True	-428	150M	255	0	5	0.9326798319816589	ambig_opp_strand	unspliced	-1	12	.	.	.	mrna
A00839:75:H7MFFDSXY:3:2547:26666:36808	chr1	152356575	152356724	True	-186	150M	255	0	25	0.8076047897338867	ambig_opp_strand	unspliced	1437	12	RIGEL_NRNA_chr1_1_152335378_152364080		RIGEL_NRNA_chr1_1_152335378_152364080	nrna
A00839:75:H7MFFDSXY:3:2667:26368:33411	chr1	152357529	152357678	True	-258	150M	255	0	25	0.8014891147613525	ambig_opp_strand	unspliced	1437	12	RIGEL_NRNA_chr1_1_152335378_152364080		RIGEL_NRNA_chr1_1_152335378_152364080	nrna
A00839:75:H7MFFDSXY:3:1314:31132:32080	chr1	152352366	152352515	True	-203	150M	255	0	25	0.8197950124740601	ambig_opp_strand	unspliced	1437	12	RIGEL_NRNA_chr1_1_152335378_152364080		RIGEL_NRNA_chr1_1_152335378_152364080	nrna
A00839:75:H7MFFDSXY:3:1226:2022:19272	chr1	152356253	152356402	False	289	150M	255	0	3	0.8504444360733032	ambig_opp_strand	unspliced	1437	12	ENST00000388718.5	FLG2	ENSG00000143520.6	mrna
A00839:75:H7MFFDSXY:3:1275:15393:5729	chr1	152358848	152358971	False	124	124M	255	3	5	0.6334635019302368	ambig_opp_strand	unspliced	-1	12	.	.	.	mrna
A00839:75:H7MFFDSXY:3:2452:1334:17738	chr1	152355531	152355680	False	229	150M	255	0	3	0.8763826489448547	ambig_opp_strand	unspliced	1437	12	ENST00000388718.5	FLG2	ENSG00000143520.6	mrna
A00839:75:H7MFFDSXY:3:1361:13150:28463	chr1	152353835	152353984	False	408	150M	255	0	5	0.7774754166603088	ambig_opp_strand	unspliced	-1	12	.	.	.	mrna
A00839:75:H7MFFDSXY:3:1163:13521:28291	chr1	152357227	152357376	False	218	150M	255	0	3	0.8768659234046936	ambig_opp_strand	unspliced	1437	12	ENST00000388718.5	FLG2	ENSG00000143520.6	mrna
A00839:75:H7MFFDSXY:3:1127:29604:27305	chr1	152353297	152353446	False	408	150M	255	0	5	0.7774754166603088	ambig_opp_strand	unspliced	-1	12	.	.	.	mrna
A00839:75:H7MFFDSXY:3:2628:30526:18035	chr1	152355628	152355777	False	347	150M	255	0	3	0.666541337966919	ambig_opp_strand	unspliced	1437	12	ENST00000388718.5	FLG2	ENSG00000143520.6	mrna
A00839:75:H7MFFDSXY:3:1515:25346:14920	chr1	152354826	152354975	True	-393	150M	255	0	5	0.9327429533004761	ambig_opp_strand	unspliced	-1	12	.	.	.	mrna
A00839:75:H7MFFDSXY:3:2549:18909:6621	chr1	152353899	152354048	False	298	150M	255	0	3	0.8400419354438782	ambig_opp_strand	unspliced	1437	12	ENST00000388718.5	FLG2	ENSG00000143520.6	mrna
A00839:75:H7MFFDSXY:3:1462:32136:11678	chr1	152354026	152354175	True	-168	150M	255	0	5	0.1476161628961563	ambig_opp_strand	unspliced	-1	12	.	.	.	mrna
A00839:75:H7MFFDSXY:3:1614:6054:1047	chr1	152352059	152352208	False	296	150M	255	0	25	0.09260261058807373	ambig_opp_strand	unspliced	1437	12	RIGEL_NRNA_chr1_2_152348734_152360006		RIGEL_NRNA_chr1_2_152348734_152360006	nrna
A00839:75:H7MFFDSXY:3:2214:21866:13025	chr1	152353780	152353929	False	258	150M	255	0	3	0.8701720237731934	ambig_opp_strand	unspliced	1437	12	ENST00000388718.5	FLG2	ENSG00000143520.6	mrna
A00839:75:H7MFFDSXY:3:2323:15727:16579	chr1	152351029	152351178	False	268	150M	255	0	3	0.865267813205719	ambig_opp_strand	unspliced	1437	12	ENST00000388718.5	FLG2	ENSG00000143520.6	mrna
A00839:75:H7MFFDSXY:3:1130:29550:30311	chr1	152357068	152357217	True	-302	150M	255	0	5	0.2549287676811218	ambig_opp_strand	unspliced	-1	12	.	.	.	mrna
A00839:75:H7MFFDSXY:3:1443:2094:3615	chr1	152356490	152356639	False	207	150M	255	0	3	0.8761937618255615	ambig_opp_strand	unspliced	1437	12	ENST00000388718.5	FLG2	ENSG00000143520.6	mrna
A00839:75:H7MFFDSXY:3:2254:26639:19225	chr1	152355529	152355678	True	-464	150M	255	0	5	0.9347960352897644	ambig_opp_strand	unspliced	-1	12	.	.	.	mrna
A00839:75:H7MFFDSXY:3:2113:12852:14951	chr1	152356091	152356240	False	360	150M	255	0	3	0.5536470413208008	ambig_opp_strand	unspliced	1437	12	ENST00000388718.5	FLG2	ENSG00000143520.6	mrna
A00839:75:H7MFFDSXY:3:2457:1090:6793	chr1	152355028	152355170	False	143	143M	255	0	5	0.07070021331310272	ambig_opp_strand	unspliced	-1	12	.	.	.	mrna
A00839:75:H7MFFDSXY:3:1173:25690:32550	chr1	152351079	152351178	False	325	100M	255	0	3	0.7824770212173462	ambig_opp_strand	unspliced	1437	12	ENST00000388718.5	FLG2	ENSG00000143520.6	mrna
A00839:75:H7MFFDSXY:3:1502:16369:14998	chr1	152351014	152351163	False	276	150M	255	0	3	0.8602301478385925	ambig_opp_strand	unspliced	1437	12	ENST00000388718.5	FLG2	ENSG00000143520.6	mrna
A00839:75:H7MFFDSXY:3:1222:32217:34929	chr1	152353455	152353604	True	-382	150M	255	0	5	0.9088407158851624	ambig_opp_strand	unspliced	-1	12	.	.	.	mrna
A00839:75:H7MFFDSXY:3:1576:1723:6292	chr1	152356231	152356380	True	-289	150M	255	0	5	0.20082490146160126	ambig_opp_strand	unspliced	-1	12	.	.	.	mrna
A00839:75:H7MFFDSXY:3:2175:7853:27336	chr1	152351418	152351567	False	430	150M	255	0	5	0.7766678333282471	ambig_opp_strand	unspliced	-1	12	.	.	.	mrna
A00839:75:H7MFFDSXY:3:2223:3531:17190	chr1	152351705	152351854	False	235	150M	255	0	3	0.8759925961494446	ambig_opp_strand	unspliced	1437	12	ENST00000388718.5	FLG2	ENSG00000143520.6	mrna
A00839:75:H7MFFDSXY:3:1372:5303:25144	chr1	152356404	152356553	True	-319	150M	255	0	5	0.3525165319442749	ambig_opp_strand	unspliced	-1	12	.	.	.	mrna
A00839:75:H7MFFDSXY:3:2204:7166:36448	chr1	152356985	152357134	False	417	150M	255	0	5	0.7844900488853455	ambig_opp_strand	unspliced	-1	12	.	.	.	mrna
A00839:75:H7MFFDSXY:3:1235:7319:19680	chr1	152351101	152351250	False	327	150M	255	0	25	0.08530236035585403	ambig_opp_strand	unspliced	1437	12	RIGEL_NRNA_chr1_2_152348734_152360006		RIGEL_NRNA_chr1_2_152348734_152360006	nrna
A00839:75:H7MFFDSXY:3:1407:16170:12179	chr1	152354260	152354409	True	-221	150M	255	0	25	0.8231970071792603	ambig_opp_strand	unspliced	1437	12	RIGEL_NRNA_chr1_1_152335378_152364080		RIGEL_NRNA_chr1_1_152335378_152364080	nrna
A00839:75:H7MFFDSXY:3:1640:20175:31829	chr1	152351607	152351756	True	-16	150M	255	0	5	0.9321726560592651	ambig_opp_strand	unspliced	-1	12	.	.	.	mrna
A00839:75:H7MFFDSXY:3:2656:3341:1579	chr1	152356423	152356572	False	301	150M	255	0	3	0.8352404832839966	ambig_opp_strand	unspliced	1437	12	ENST00000388718.5	FLG2	ENSG00000143520.6	mrna
A00839:75:H7MFFDSXY:3:2223:25048:18881	chr1	152356555	152356704	False	460	150M	255	0	5	0.7682908773422241	ambig_opp_strand	unspliced	-1	12	.	.	.	mrna
A00839:75:H7MFFDSXY:3:1301:1000:9392	chr1	152354768	152354811	True	-275	44M	255	0	25	0.767300546169281	ambig_opp_strand	unspliced	1437	12	RIGEL_NRNA_chr1_1_152335378_152364080		RIGEL_NRNA_chr1_1_152335378_152364080	nrna
A00839:75:H7MFFDSXY:3:2541:8639:19836	chr1	152351030	152351179	False	282	150M	255	0	3	0.8560124039649963	ambig_opp_strand	unspliced	1437	12	ENST00000388718.5	FLG2	ENSG00000143520.6	mrna
A00839:75:H7MFFDSXY:3:1378:15808:1720	chr1	152353636	152353785	True	-264	150M	255	0	25	0.7902271151542664	ambig_opp_strand	unspliced	1437	12	RIGEL_NRNA_chr1_1_152335378_152364080		RIGEL_NRNA_chr1_1_152335378_152364080	nrna
A00839:75:H7MFFDSXY:3:2444:17047:5462	chr1	152351691	152351840	True	-313	150M	255	7	25	0.6313623189926147	ambig_opp_strand	unspliced	1437	12	RIGEL_NRNA_chr1_1_152335378_152364080		RIGEL_NRNA_chr1_1_152335378_152364080	nrna
A00839:75:H7MFFDSXY:3:2332:21260:33927	chr1	152356804	152356953	True	-170	150M	255	0	25	0.7877469062805176	ambig_opp_strand	unspliced	1437	12	RIGEL_NRNA_chr1_1_152335378_152364080		RIGEL_NRNA_chr1_1_152335378_152364080	nrna
A00839:75:H7MFFDSXY:3:1651:10746:7075	chr1	152351555	152351636	False	307	82M	255	0	5	0.08403990417718887	ambig_opp_strand	unspliced	-1	12	.	.	.	mrna
A00839:75:H7MFFDSXY:3:2239:27941:32409	chr1	152353717	152353866	False	202	150M	255	0	3	0.8757489323616028	ambig_opp_strand	unspliced	1437	12	ENST00000388718.5	FLG2	ENSG00000143520.6	mrna
A00839:75:H7MFFDSXY:3:2216:27055:8077	chr1	152354210	152354359	False	215	150M	255	1	3	0.8770505785942078	ambig_opp_strand	unspliced	1437	12	ENST00000388718.5	FLG2	ENSG00000143520.6	mrna
A00839:75:H7MFFDSXY:3:2278:11568:2863	chr1	152355775	152355861	False	312	87M	255	0	3	0.8142598867416382	ambig_opp_strand	unspliced	1437	12	ENST00000388718.5	FLG2	ENSG00000143520.6	mrna
A00839:75:H7MFFDSXY:3:1458:22932:16376	chr1	152357560	152357709	True	-275	150M	255	0	25	0.7691437602043152	ambig_opp_strand	unspliced	1437	12	RIGEL_NRNA_chr1_1_152335378_152364080		RIGEL_NRNA_chr1_1_152335378_152364080	nrna
A00839:75:H7MFFDSXY:3:2634:15628:30937	chr1	152354212	152354361	True	-177	150M	255	0	25	0.7987646460533142	ambig_opp_strand	unspliced	1437	12	RIGEL_NRNA_chr1_1_152335378_152364080		RIGEL_NRNA_chr1_1_152335378_152364080	nrna
A00839:75:H7MFFDSXY:3:1174:10420:17472	chr1	152356228	152356377	False	307	150M	255	0	3	0.8251179456710815	ambig_opp_strand	unspliced	1437	12	ENST00000388718.5	FLG2	ENSG00000143520.6	mrna
A00839:75:H7MFFDSXY:3:2428:30047:24126	chr1	152352166	152352315	False	433	150M	255	0	5	0.7555392384529114	ambig_opp_strand	unspliced	-1	12	.	.	.	mrna
A00839:75:H7MFFDSXY:3:2255:1542:18537	chr1	152356320	152356469	True	-295	150M	255	0	25	0.713703989982605	ambig_opp_strand	unspliced	1437	12	RIGEL_NRNA_chr1_1_152335378_152364080		RIGEL_NRNA_chr1_1_152335378_152364080	nrna
A00839:75:H7MFFDSXY:3:1445:9598:5995	chr1	152352689	152352838	False	300	150M	255	0	5	0.0714283287525177	ambig_opp_strand	unspliced	-1	12	.	.	.	mrna
A00839:75:H7MFFDSXY:3:2354:18530:27445	chr1	152352180	152352329	False	270	150M	255	0	5	0.04073196277022362	ambig_opp_strand	unspliced	-1	12	.	.	.	mrna
A00839:75:H7MFFDSXY:3:1448:15393:15280	chr1	152351956	152352105	True	-329	150M	255	0	25	0.5328218340873718	ambig_opp_strand	unspliced	1437	12	RIGEL_NRNA_chr1_1_152335378_152364080		RIGEL_NRNA_chr1_1_152335378_152364080	nrna
A00839:75:H7MFFDSXY:3:1371:1362:22514	chr1	152352378	152352523	False	209	146M	255	0	3	0.8765106201171875	ambig_opp_strand	unspliced	1437	12	ENST00000388718.5	FLG2	ENSG00000143520.6	mrna
A00839:75:H7MFFDSXY:3:2525:23990:24283	chr1	152353829	152353978	False	151	150M	255	0	5	0.05698561295866966	ambig_opp_strand	unspliced	-1	12	.	.	.	mrna
A00839:75:H7MFFDSXY:3:1322:21450:9111	chr1	152354373	152354522	False	355	150M	255	0	5	0.33613699674606323	ambig_opp_strand	unspliced	-1	12	.	.	.	mrna
A00839:75:H7MFFDSXY:3:1407:29975:26005	chr1	152352412	152352561	True	-384	150M	255	0	5	0.9103489518165588	ambig_opp_strand	unspliced	-1	12	.	.	.	mrna
A00839:75:H7MFFDSXY:3:1443:27181:6731	chr1	152358566	152358715	False	270	150M	255	0	25	0.6989660859107971	ambig_opp_strand	unspliced	1437	12	RIGEL_NRNA_chr1_2_152348734_152360006		RIGEL_NRNA_chr1_2_152348734_152360006	nrna
A00839:75:H7MFFDSXY:3:1406:3360:27946	chr1	152351116	152351265	True	-267	150M	255	0	25	0.7836445569992065	ambig_opp_strand	unspliced	1437	12	RIGEL_NRNA_chr1_1_152335378_152364080		RIGEL_NRNA_chr1_1_152335378_152364080	nrna
A00839:75:H7MFFDSXY:3:1408:23647:26412	chr1	152354150	152354299	False	183	150M	255	0	3	0.8716685771942139	ambig_opp_strand	unspliced	1437	12	ENST00000388718.5	FLG2	ENSG00000143520.6	mrna
A00839:75:H7MFFDSXY:3:2468:14823:14732	chr1	152356646	152356795	True	-413	150M	255	0	5	0.9398261904716492	ambig_opp_strand	unspliced	-1	12	.	.	.	mrna
A00839:75:H7MFFDSXY:3:2474:7916:17863	chr1	152357141	152357290	False	264	150M	255	0	3	0.8675110340118408	ambig_opp_strand	unspliced	1437	12	ENST00000388718.5	FLG2	ENSG00000143520.6	mrna
A00839:75:H7MFFDSXY:3:2333:4924:32002	chr1	152353742	152353891	False	288	150M	255	0	25	0.09360623359680176	ambig_opp_strand	unspliced	1437	12	RIGEL_NRNA_chr1_2_152348734_152360006		RIGEL_NRNA_chr1_2_152348734_152360006	nrna
A00839:75:H7MFFDSXY:3:2257:25599:35524	chr1	152353993	152354142	True	-298	150M	255	0	25	0.703134298324585	ambig_opp_strand	unspliced	1437	12	RIGEL_NRNA_chr1_1_152335378_152364080		RIGEL_NRNA_chr1_1_152335378_152364080	nrna
A00839:75:H7MFFDSXY:3:2659:22670:19147	chr1	152354694	152354820	True	-358	127M	255	0	25	0.26415136456489563	ambig_opp_strand	unspliced	1437	12	RIGEL_NRNA_chr1_1_152335378_152364080		RIGEL_NRNA_chr1_1_152335378_152364080	nrna
A00839:75:H7MFFDSXY:3:2206:17607:17519	chr1	152354744	152354893	False	177	150M	255	4	3	0.8699658513069153	ambig_opp_strand	unspliced	1437	12	ENST00000388718.5	FLG2	ENSG00000143520.6	mrna
A00839:75:H7MFFDSXY:3:1369:31150:11694	chr1	152355837	152355986	True	-377	150M	255	1	5	0.8736746907234192	ambig_opp_strand	unspliced	-1	12	.	.	.	mrna
A00839:75:H7MFFDSXY:3:2236:29622:7294	chr1	152355323	152355472	True	-193	150M	255	0	25	0.8135378956794739	ambig_opp_strand	unspliced	1437	12	RIGEL_NRNA_chr1_1_152335378_152364080		RIGEL_NRNA_chr1_1_152335378_152364080	nrna
A00839:75:H7MFFDSXY:3:1556:10357:23187	chr1	152354731	152354821	False	322	91M	255	1	25	0.08694082498550415	ambig_opp_strand	unspliced	1437	12	RIGEL_NRNA_chr1_2_152348734_152360006		RIGEL_NRNA_chr1_2_152348734_152360006	nrna
A00839:75:H7MFFDSXY:3:2134:31204:5682	chr1	152353884	152354033	False	283	150M	255	1	3	0.8552069067955017	ambig_opp_strand	unspliced	1437	12	ENST00000388718.5	FLG2	ENSG00000143520.6	mrna
A00839:75:H7MFFDSXY:3:2635:28330:9878	chr1	152355951	152356100	False	269	150M	255	0	3	0.864533543586731	ambig_opp_strand	unspliced	1437	12	ENST00000388718.5	FLG2	ENSG00000143520.6	mrna
A00839:75:H7MFFDSXY:3:1614:19678:20447	chr1	152357272	152357421	False	247	150M	255	1	3	0.8741095662117004	ambig_opp_strand	unspliced	1437	12	ENST00000388718.5	FLG2	ENSG00000143520.6	mrna
A00839:75:H7MFFDSXY:3:2472:25192:1219	chr1	152356497	152356646	True	-360	150M	255	0	25	0.2510746121406555	ambig_opp_strand	unspliced	1437	12	RIGEL_NRNA_chr1_1_152335378_152364080		RIGEL_NRNA_chr1_1_152335378_152364080	nrna
A00839:75:H7MFFDSXY:3:1122:18014:24549	chr1	152355759	152355908	False	222	150M	255	0	3	0.8766753077507019	ambig_opp_strand	unspliced	1437	12	ENST00000388718.5	FLG2	ENSG00000143520.6	mrna
A00839:75:H7MFFDSXY:3:1201:8269:4351	chr1	152352297	152352446	True	-269	150M	255	0	25	0.7800508737564087	ambig_opp_strand	unspliced	1437	12	RIGEL_NRNA_chr1_1_152335378_152364080		RIGEL_NRNA_chr1_1_152335378_152364080	nrna
A00839:75:H7MFFDSXY:3:2347:9136:33317	chr1	152351261	152351410	True	-264	150M	255	0	25	0.7902271151542664	ambig_opp_strand	unspliced	1437	12	RIGEL_NRNA_chr1_1_152335378_152364080		RIGEL_NRNA_chr1_1_152335378_152364080	nrna
A00839:75:H7MFFDSXY:3:1675:31665:4476	chr1	152357047	152357196	True	-199	150M	255	0	25	0.8182909488677979	ambig_opp_strand	unspliced	1437	12	RIGEL_NRNA_chr1_1_152335378_152364080		RIGEL_NRNA_chr1_1_152335378_152364080	nrna
A00839:75:H7MFFDSXY:3:1216:9516:22514	chr1	152351368	152351517	False	247	150M	255	0	25	0.09606464952230453	ambig_opp_strand	unspliced	1437	12	RIGEL_NRNA_chr1_2_152348734_152360006		RIGEL_NRNA_chr1_2_152348734_152360006	nrna
A00839:75:H7MFFDSXY:3:1303:14760:32221	chr1	152355256	152355405	False	270	150M	255	0	3	0.8641307950019836	ambig_opp_strand	unspliced	1437	12	ENST00000388718.5	FLG2	ENSG00000143520.6	mrna
A00839:75:H7MFFDSXY:3:2532:28103:35571	chr1	152352290	152352439	False	395	150M	255	0	3	0.20751428604125977	ambig_opp_strand	unspliced	1437	12	ENST00000388718.5	FLG2	ENSG00000143520.6	mrna
A00839:75:H7MFFDSXY:3:1225:20202:28995	chr1	152355957	152356035	False	304	79M	255	0	3	0.8305461406707764	ambig_opp_strand	unspliced	1437	12	ENST00000388718.5	FLG2	ENSG00000143520.6	mrna
A00839:75:H7MFFDSXY:3:2222:26892:2378	chr1	152354127	152354276	False	348	150M	255	0	3	0.6638315320014954	ambig_opp_strand	unspliced	1437	12	ENST00000388718.5	FLG2	ENSG00000143520.6	mrna
A00839:75:H7MFFDSXY:3:2603:2817:15828	chr1	152351447	152351492	False	46	46M	1	0	128	0.0	.	unknown	-1	0	.	.	.	mrna
A00839:75:H7MFFDSXY:3:1152:30373:4147	chr1	152353011	152353160	False	453	150M	255	1	5	0.749977171421051	ambig_opp_strand	unspliced	-1	12	.	.	.	mrna
A00839:75:H7MFFDSXY:3:1204:2474:28823	chr1	152357020	152357169	True	-275	150M	255	0	5	0.1650240123271942	ambig_opp_strand	unspliced	-1	12	.	.	.	mrna
A00839:75:H7MFFDSXY:3:2374:27932:27258	chr1	152356552	152356701	False	188	150M	255	0	3	0.8732351660728455	ambig_opp_strand	unspliced	1437	12	ENST00000388718.5	FLG2	ENSG00000143520.6	mrna
A00839:75:H7MFFDSXY:3:1663:4643:29105	chr1	152353931	152354080	True	-224	150M	255	0	25	0.8232091665267944	ambig_opp_strand	unspliced	1437	12	RIGEL_NRNA_chr1_1_152335378_152364080		RIGEL_NRNA_chr1_1_152335378_152364080	nrna
A00839:75:H7MFFDSXY:3:2314:29098:10895	chr1	152352329	152352478	True	-385	150M	255	0	25	0.07495342195034027	ambig_opp_strand	unspliced	1437	12	RIGEL_NRNA_chr1_1_152335378_152364080		RIGEL_NRNA_chr1_1_152335378_152364080	nrna
A00839:75:H7MFFDSXY:3:1619:5448:15186	chr1	152353920	152354069	False	393	150M	255	0	5	0.7657670974731445	ambig_opp_strand	unspliced	-1	12	.	.	.	mrna
A00839:75:H7MFFDSXY:3:2365:32868:1047	chr1	152354209	152354358	True	-200	150M	255	0	5	0.1086738333106041	ambig_opp_strand	unspliced	-1	12	.	.	.	mrna
A00839:75:H7MFFDSXY:3:2204:19388:28995	chr1	152357081	152357230	True	-353	150M	255	0	25	0.3082796633243561	ambig_opp_strand	unspliced	1437	12	RIGEL_NRNA_chr1_1_152335378_152364080		RIGEL_NRNA_chr1_1_152335378_152364080	nrna
A00839:75:H7MFFDSXY:3:1471:7365:2534	chr1	152350740	152350889	True	-298	150M	255	0	25	0.05614246428012848	ambig_opp_strand	unspliced	1437	12	RIGEL_NRNA_chr1_1_152189332_152365557		RIGEL_NRNA_chr1_1_152189332_152365557	nrna
A00839:75:H7MFFDSXY:3:2110:8178:10989	chr1	152353279	152353402	False	355	124M	255	1	3	0.598022997379303	ambig_opp_strand	unspliced	1437	12	ENST00000388718.5	FLG2	ENSG00000143520.6	mrna
A00839:75:H7MFFDSXY:3:2321:13376:18740	chr1	152354585	152354734	False	279	150M	255	0	3	0.8583839535713196	ambig_opp_strand	unspliced	1437	12	ENST00000388718.5	FLG2	ENSG00000143520.6	mrna
A00839:75:H7MFFDSXY:3:2330:7247:3803	chr1	152354504	152354653	False	266	150M	255	0	3	0.8665706515312195	ambig_opp_strand	unspliced	1437	12	ENST00000388718.5	FLG2	ENSG00000143520.6	mrna
A00839:75:H7MFFDSXY:3:1246:7211:29512	chr1	152353345	152353491	True	-147	147M	255	0	25	0.7170335650444031	ambig_opp_strand	unspliced	1437	12	RIGEL_NRNA_chr1_1_152335378_152364080		RIGEL_NRNA_chr1_1_152335378_152364080	nrna
A00839:75:H7MFFDSXY:3:1427:31105:28745	chr1	152355179	152355299	True	-352	121M	255	0	5	0.6496976017951965	ambig_opp_strand	unspliced	-1	12	.	.	.	mrna
A00839:75:H7MFFDSXY:3:1273:4010:2863	chr1	152356763	152356912	False	302	150M	255	0	3	0.8335878252983093	ambig_opp_strand	unspliced	1437	12	ENST00000388718.5	FLG2	ENSG00000143520.6	mrna
A00839:75:H7MFFDSXY:3:1560:28131:14575	chr1	152352266	152352415	True	-334	150M	255	0	5	0.46014100313186646	ambig_opp_strand	unspliced	-1	12	.	.	.	mrna
A00839:75:H7MFFDSXY:3:1623:26051:4492	chr1	152351228	152351368	True	-366	141M	255	0	5	0.7891553640365601	ambig_opp_strand	unspliced	-1	12	.	.	.	mrna
A00839:75:H7MFFDSXY:3:2346:30409:4085	chr1	152356025	152356074	True	-275	50M	3	1	128	0.0	.	unknown	-1	0	.	.	.	mrna
A00839:75:H7MFFDSXY:3:1330:29008:18067	chr1	152353452	152353601	True	-273	150M	255	0	25	0.7733746767044067	ambig_opp_strand	unspliced	1437	12	RIGEL_NRNA_chr1_1_152335378_152364080		RIGEL_NRNA_chr1_1_152335378_152364080	nrna
A00839:75:H7MFFDSXY:3:2163:26964:26678	chr1	152356435	152356584	True	-315	150M	255	0	25	0.6226209402084351	ambig_opp_strand	unspliced	1437	12	RIGEL_NRNA_chr1_1_152335378_152364080		RIGEL_NRNA_chr1_1_152335378_152364080	nrna
A00839:75:H7MFFDSXY:3:1638:11433:22795	chr1	152350912	152351061	True	-301	150M	255	0	25	0.05504116043448448	ambig_opp_strand	unspliced	1437	12	RIGEL_NRNA_chr1_1_152189332_152365557		RIGEL_NRNA_chr1_1_152189332_152365557	nrna
A00839:75:H7MFFDSXY:3:2525:17454:12743	chr1	152353143	152353288	False	406	146M	255	0	5	0.7756003141403198	ambig_opp_strand	unspliced	-1	12	.	.	.	mrna
A00839:75:H7MFFDSXY:3:1502:5086:11052	chr1	152355434	152355583	False	36	150M	255	0	3	0.8675110340118408	ambig_opp_strand	unspliced	1437	12	ENST00000388718.5	FLG2	ENSG00000143520.6	mrna
A00839:75:H7MFFDSXY:3:2653:5828:6417	chr1	152353505	152353654	False	339	150M	255	1	3	0.7253320813179016	ambig_opp_strand	unspliced	1437	12	ENST00000388718.5	FLG2	ENSG00000143520.6	mrna
A00839:75:H7MFFDSXY:3:2237:2311:33207	chr1	152352394	152352543	False	454	150M	255	0	5	0.7689502835273743	ambig_opp_strand	unspliced	-1	12	.	.	.	mrna
A00839:75:H7MFFDSXY:3:2627:23502:29637	chr1	152351972	152352121	True	-169	150M	255	0	25	0.785027265548706	ambig_opp_strand	unspliced	1437	12	RIGEL_NRNA_chr1_1_152335378_152364080		RIGEL_NRNA_chr1_1_152335378_152364080	nrna
A00839:75:H7MFFDSXY:3:1256:26440:13933	chr1	152356335	152356484	True	-303	150M	255	0	5	0.2581072747707367	ambig_opp_strand	unspliced	-1	12	.	.	.	mrna
A00839:75:H7MFFDSXY:3:1167:15112:36558	chr1	152353761	152353910	False	251	150M	255	0	3	0.872718870639801	ambig_opp_strand	unspliced	1437	12	ENST00000388718.5	FLG2	ENSG00000143520.6	mrna
A00839:75:H7MFFDSXY:3:2529:2682:32690	chr1	152354501	152354650	True	-252	150M	255	0	25	0.8094927668571472	ambig_opp_strand	unspliced	1437	12	RIGEL_NRNA_chr1_1_152335378_152364080		RIGEL_NRNA_chr1_1_152335378_152364080	nrna
A00839:75:H7MFFDSXY:3:2644:28691:19867	chr1	152352582	152352731	False	457	150M	255	0	5	0.7694740891456604	ambig_opp_strand	unspliced	-1	12	.	.	.	mrna
A00839:75:H7MFFDSXY:3:1536:11659:12633	chr1	152351080	152351229	False	232	150M	255	0	3	0.8764368295669556	ambig_opp_strand	unspliced	1437	12	ENST00000388718.5	FLG2	ENSG00000143520.6	mrna
A00839:75:H7MFFDSXY:3:2643:19551:5822	chr1	152353342	152353465	True	-124	124M	255	0	25	0.5320780873298645	ambig_opp_strand	unspliced	1437	12	RIGEL_NRNA_chr1_1_152335378_152364080		RIGEL_NRNA_chr1_1_152335378_152364080	nrna
A00839:75:H7MFFDSXY:3:1118:10728:18129	chr1	152358705	152358854	True	-166	150M	255	0	25	0.7807878255844116	ambig_opp_strand	unspliced	1437	12	RIGEL_NRNA_chr1_1_152335378_152364080		RIGEL_NRNA_chr1_1_152335378_152364080	nrna
A00839:75:H7MFFDSXY:3:2118:15085:27179	chr1	152352804	152352953	False	401	150M	255	0	5	0.7623725533485413	ambig_opp_strand	unspliced	-1	12	.	.	.	mrna
A00839:75:H7MFFDSXY:3:1374:17056:17409	chr1	152351548	152351697	True	-257	150M	255	0	25	0.8012586236000061	ambig_opp_strand	unspliced	1437	12	RIGEL_NRNA_chr1_1_152335378_152364080		RIGEL_NRNA_chr1_1_152335378_152364080	nrna
A00839:75:H7MFFDSXY:3:2653:12536:32628	chr1	152354987	152355064	False	309	78M	255	0	3	0.8205549716949463	ambig_opp_strand	unspliced	1437	12	ENST00000388718.5	FLG2	ENSG00000143520.6	mrna
A00839:75:H7MFFDSXY:3:2538:32624:34006	chr1	152350387	152350536	False	406	150M	255	0	5	0.7756004333496094	ambig_opp_strand	unspliced	-1	12	.	.	.	mrna
A00839:75:H7MFFDSXY:3:1111:27995:18944	chr1	152356013	152356162	False	389	150M	255	0	5	0.7682115435600281	ambig_opp_strand	unspliced	-1	12	.	.	.	mrna
A00839:75:H7MFFDSXY:3:1377:5791:20885	chr1	152357381	152357530	False	243	150M	255	0	3	0.8748449087142944	ambig_opp_strand	unspliced	1437	12	ENST00000388718.5	FLG2	ENSG00000143520.6	mrna
A00839:75:H7MFFDSXY:3:1223:32235:22623	chr1	152352657	152352806	False	316	150M	255	0	3	0.8068447113037109	ambig_opp_strand	unspliced	1437	12	ENST00000388718.5	FLG2	ENSG00000143520.6	mrna
A00839:75:H7MFFDSXY:3:2329:19434:29230	chr1	152352907	152353056	False	319	150M	255	0	3	0.7983585596084595	ambig_opp_strand	unspliced	1437	12	ENST00000388718.5	FLG2	ENSG00000143520.6	mrna
A00839:75:H7MFFDSXY:3:1469:13829:9596	chr1	152351353	152351502	True	0	150M	255	0	64	0.0	.	unspliced	-1	0	.	.	.	mrna
A00839:75:H7MFFDSXY:3:2531:7301:29042	chr1	152357472	152357621	False	236	150M	255	0	25	0.7760937213897705	ambig_opp_strand	unspliced	1437	12	RIGEL_NRNA_chr1_2_152348734_152360006		RIGEL_NRNA_chr1_2_152348734_152360006	nrna
A00839:75:H7MFFDSXY:3:2277:7563:10238	chr1	152352279	152352428	False	352	150M	255	0	5	0.30420875549316406	ambig_opp_strand	unspliced	-1	12	.	.	.	mrna
A00839:75:H7MFFDSXY:3:2151:4128:34225	chr1	152352680	152352829	True	-432	150M	255	0	5	0.9306532144546509	ambig_opp_strand	unspliced	-1	12	.	.	.	mrna
A00839:75:H7MFFDSXY:3:1561:7952:8030	chr1	152350606	152350755	False	372	150M	255	1	5	0.5482627153396606	ambig_opp_strand	unspliced	-1	12	.	.	.	mrna
A00839:75:H7MFFDSXY:3:2658:29161:29512	chr1	152353534	152353683	False	318	150M	255	0	3	0.8020117878913879	ambig_opp_strand	unspliced	1437	12	ENST00000388718.5	FLG2	ENSG00000143520.6	mrna
A00839:75:H7MFFDSXY:3:1550:27163:4069	chr1	152352669	152352747	False	304	79M	255	0	3	0.8305461406707764	ambig_opp_strand	unspliced	1437	12	ENST00000388718.5	FLG2	ENSG00000143520.6	mrna
A00839:75:H7MFFDSXY:3:2109:16260:5196	chr1	152353351	152353500	True	-321	150M	255	1	25	0.5853350758552551	ambig_opp_strand	unspliced	1437	12	RIGEL_NRNA_chr1_1_152335378_152364080		RIGEL_NRNA_chr1_1_152335378_152364080	nrna
A00839:75:H7MFFDSXY:3:2355:30671:28401	chr1	152355427	152355465	False	270	1S39M	255	0	25	0.09496797621250153	ambig_opp_strand	unspliced	1437	12	RIGEL_NRNA_chr1_2_152348734_152360006		RIGEL_NRNA_chr1_2_152348734_152360006	nrna
A00839:75:H7MFFDSXY:3:1537:23303:12759	chr1	152351105	152351254	False	439	150M	255	0	5	0.7741037011146545	ambig_opp_strand	unspliced	-1	12	.	.	.	mrna
A00839:75:H7MFFDSXY:3:1473:9634:19335	chr1	152356970	152357119	False	339	150M	255	0	3	0.7253321409225464	ambig_opp_strand	unspliced	1437	12	ENST00000388718.5	FLG2	ENSG00000143520.6	mrna
A00839:75:H7MFFDSXY:3:1174:5828:5541	chr1	152355832	152355953	False	347	122M	255	0	3	0.6665413975715637	ambig_opp_strand	unspliced	1437	12	ENST00000388718.5	FLG2	ENSG00000143520.6	mrna
A00839:75:H7MFFDSXY:3:1464:7455:1752	chr1	152352485	152352533	False	274	49M	255	0	3	0.8614422678947449	ambig_opp_strand	unspliced	1437	12	ENST00000388718.5	FLG2	ENSG00000143520.6	mrna
A00839:75:H7MFFDSXY:3:1647:2546:29857	chr1	152352246	152352395	False	220	150M	255	0	3	0.8768438100814819	ambig_opp_strand	unspliced	1437	12	ENST00000388718.5	FLG2	ENSG00000143520.6	mrna
A00839:75:H7MFFDSXY:3:2357:30933:9126	chr1	152352162	152352311	True	-233	150M	255	0	25	0.8206474184989929	ambig_opp_strand	unspliced	1437	12	RIGEL_NRNA_chr1_1_152335378_152364080		RIGEL_NRNA_chr1_1_152335378_152364080	nrna
A00839:75:H7MFFDSXY:3:2112:3558:12947	chr1	152356761	152356910	False	259	150M	255	0	3	0.8697373867034912	ambig_opp_strand	unspliced	1437	12	ENST00000388718.5	FLG2	ENSG00000143520.6	mrna
A00839:75:H7MFFDSXY:3:1471:13602:10144	chr1	152355898	152356006	True	-109	109M	255	0	25	0.4420545995235443	ambig_opp_strand	unspliced	1437	12	RIGEL_NRNA_chr1_1_152335378_152364080		RIGEL_NRNA_chr1_1_152335378_152364080	nrna
A00839:75:H7MFFDSXY:3:2426:2808:8390	chr1	152350985	152351134	True	-202	150M	255	2	25	0.819424569606781	ambig_opp_strand	unspliced	1437	12	RIGEL_NRNA_chr1_1_152335378_152364080		RIGEL_NRNA_chr1_1_152335378_152364080	nrna
A00839:75:H7MFFDSXY:3:1206:20455:33536	chr1	152357040	152357189	True	-237	150M	255	0	25	0.8195167183876038	ambig_opp_strand	unspliced	1437	12	RIGEL_NRNA_chr1_1_152335378_152364080		RIGEL_NRNA_chr1_1_152335378_152364080	nrna
A00839:75:H7MFFDSXY:3:2505:23213:22435	chr1	152355872	152355952	False	306	81M	255	0	3	0.8270359039306641	ambig_opp_strand	unspliced	1437	12	ENST00000388718.5	FLG2	ENSG00000143520.6	mrna
A00839:75:H7MFFDSXY:3:1244:9236:34741	chr1	152352051	152352200	False	356	150M	255	0	25	0.06491658091545105	ambig_opp_strand	unspliced	1437	12	RIGEL_NRNA_chr1_2_152348734_152360006		RIGEL_NRNA_chr1_2_152348734_152360006	nrna
A00839:75:H7MFFDSXY:3:2221:18936:7827	chr1	152357178	152357327	True	-384	150M	255	0	5	0.9103490114212036	ambig_opp_strand	unspliced	-1	12	.	.	.	mrna
A00839:75:H7MFFDSXY:3:1452:13937:15264	chr1	152353488	152353637	True	-460	150M	255	0	5	0.9336236119270325	ambig_opp_strand	unspliced	-1	12	.	.	.	mrna
A00839:75:H7MFFDSXY:3:2643:15510:33082	chr1	152354824	152354973	True	-180	150M	255	0	25	0.8034072518348694	ambig_opp_strand	unspliced	1437	12	RIGEL_NRNA_chr1_1_152335378_152364080		RIGEL_NRNA_chr1_1_152335378_152364080	nrna
A00839:75:H7MFFDSXY:3:1130:27444:32612	chr1	152356309	152356458	False	243	150M	255	0	3	0.8748449087142944	ambig_opp_strand	unspliced	1437	12	ENST00000388718.5	FLG2	ENSG00000143520.6	mrna
A00839:75:H7MFFDSXY:3:1531:30183:33223	chr1	152350530	152350679	True	-222	150M	255	0	25	0.8228075504302979	ambig_opp_strand	unspliced	1437	12	RIGEL_NRNA_chr1_1_152335378_152364080		RIGEL_NRNA_chr1_1_152335378_152364080	nrna
A00839:75:H7MFFDSXY:3:2621:15429:30530	chr1	152357081	152357230	True	-235	150M	255	2	25	0.8203124403953552	ambig_opp_strand	unspliced	1437	12	RIGEL_NRNA_chr1_1_152335378_152364080		RIGEL_NRNA_chr1_1_152335378_152364080	nrna
A00839:75:H7MFFDSXY:3:1146:15863:29528	chr1	152357413	152357562	True	-443	150M	255	0	5	0.9468745589256287	ambig_opp_strand	unspliced	-1	12	.	.	.	mrna
A00839:75:H7MFFDSXY:3:2519:27434:3255	chr1	152352595	152352744	True	-241	150M	255	1	25	0.06530055403709412	ambig_opp_strand	unspliced	1437	12	RIGEL_NRNA_chr1_1_152189332_152365557		RIGEL_NRNA_chr1_1_152189332_152365557	nrna
A00839:75:H7MFFDSXY:3:2523:31837:35149	chr1	152350844	152350993	True	-337	150M	255	0	25	0.4652997553348541	ambig_opp_strand	unspliced	1437	12	RIGEL_NRNA_chr1_1_152335378_152364080		RIGEL_NRNA_chr1_1_152335378_152364080	nrna
A00839:75:H7MFFDSXY:3:2553:27859:31579	chr1	152355621	152355770	False	483	150M	255	0	5	0.7476126551628113	ambig_opp_strand	unspliced	-1	12	.	.	.	mrna
A00839:75:H7MFFDSXY:3:2205:14118:6026	chr1	152355975	152356119	False	370	145M	255	0	5	0.5283640623092651	ambig_opp_strand	unspliced	-1	12	.	.	.	mrna
A00839:75:H7MFFDSXY:3:2346:14805:3709	chr1	152353697	152353846	False	332	150M	255	0	3	0.757500410079956	ambig_opp_strand	unspliced	1437	12	ENST00000388718.5	FLG2	ENSG00000143520.6	mrna
A00839:75:H7MFFDSXY:3:2504:22770:10019	chr1	152352131	152352280	False	348	150M	255	0	5	0.263083279132843	ambig_opp_strand	unspliced	-1	12	.	.	.	mrna
A00839:75:H7MFFDSXY:3:2643:8612:5290	chr1	152351508	152351657	False	415	150M	255	0	5	0.7666460275650024	ambig_opp_strand	unspliced	-1	12	.	.	.	mrna
A00839:75:H7MFFDSXY:3:2433:3803:15436	chr1	152353916	152354065	False	287	150M	255	0	3	0.8521929979324341	ambig_opp_strand	unspliced	1437	12	ENST00000388718.5	FLG2	ENSG00000143520.6	mrna
A00839:75:H7MFFDSXY:3:2130:18340:34319	chr1	152351754	152351903	True	-451	150M	255	0	5	0.9356775283813477	ambig_opp_strand	unspliced	-1	12	.	.	.	mrna
A00839:75:H7MFFDSXY:3:1617:12129:5995	chr1	152351298	152351439	False	367	142M	255	0	3	0.4677174985408783	ambig_opp_strand	unspliced	1437	12	ENST00000388718.5	FLG2	ENSG00000143520.6	mrna
A00839:75:H7MFFDSXY:3:1466:4182:27993	chr1	152352628	152352777	False	351	150M	255	0	5	0.29489830136299133	ambig_opp_strand	unspliced	-1	12	.	.	.	mrna
A00839:75:H7MFFDSXY:3:1360:9579:31798	chr1	152357014	152357163	False	317	150M	255	0	3	0.8043891787528992	ambig_opp_strand	unspliced	1437	12	ENST00000388718.5	FLG2	ENSG00000143520.6	mrna
A00839:75:H7MFFDSXY:3:1642:14552:16266	chr1	152354740	152354889	True	-410	150M	255	0	5	0.9314265847206116	ambig_opp_strand	unspliced	-1	12	.	.	.	mrna
A00839:75:H7MFFDSXY:3:2510:14760:19069	chr1	152355388	152355503	True	-341	116M	255	0	25	0.42825618386268616	ambig_opp_strand	unspliced	1437	12	RIGEL_NRNA_chr1_1_152335378_152364080		RIGEL_NRNA_chr1_1_152335378_152364080	nrna
A00839:75:H7MFFDSXY:3:1622:8160:6167	chr1	152352296	152352445	False	470	150M	255	0	5	0.7637872099876404	ambig_opp_strand	unspliced	-1	12	.	.	.	mrna
A00839:75:H7MFFDSXY:3:1122:23529:14967	chr1	152356252	152356401	False	282	150M	255	0	3	0.8560124039649963	ambig_opp_strand	unspliced	1437	12	ENST00000388718.5	FLG2	ENSG00000143520.6	mrna
A00839:75:H7MFFDSXY:3:2228:22896:29590	chr1	152354386	152354535	False	234	150M	255	0	3	0.8759640455245972	ambig_opp_strand	unspliced	1437	12	ENST00000388718.5	FLG2	ENSG00000143520.6	mrna
A00839:75:H7MFFDSXY:3:2649:18719:35258	chr1	152350892	152351041	True	-185	150M	255	0	25	0.8081490397453308	ambig_opp_strand	unspliced	1437	12	RIGEL_NRNA_chr1_1_152335378_152364080		RIGEL_NRNA_chr1_1_152335378_152364080	nrna
A00839:75:H7MFFDSXY:3:2177:22309:8656	chr1	152354595	152354744	False	400	150M	255	0	3	0.21783143281936646	ambig_opp_strand	unspliced	1437	12	ENST00000388718.5	FLG2	ENSG00000143520.6	mrna
A00839:75:H7MFFDSXY:3:1502:2880:10113	chr1	152357495	152357644	True	-303	150M	255	0	25	0.6817618012428284	ambig_opp_strand	unspliced	1437	12	RIGEL_NRNA_chr1_1_152335378_152364080		RIGEL_NRNA_chr1_1_152335378_152364080	nrna
A00839:75:H7MFFDSXY:3:1121:18059:32205	chr1	152351115	152351237	True	-123	123M	255	0	5	0.4421982765197754	ambig_opp_strand	unspliced	-1	12	.	.	.	mrna
A00839:75:H7MFFDSXY:3:2376:32334:25520	chr1	152353456	152353605	False	208	150M	255	0	3	0.8767197132110596	ambig_opp_strand	unspliced	1437	12	ENST00000388718.5	FLG2	ENSG00000143520.6	mrna
A00839:75:H7MFFDSXY:3:1634:2211:17221	chr1	152356161	152356310	False	339	150M	255	0	5	0.19481176137924194	ambig_opp_strand	unspliced	-1	12	.	.	.	mrna
A00839:75:H7MFFDSXY:3:2657:1253:31688	chr1	152351893	152352042	False	245	150M	255	0	3	0.8746312856674194	ambig_opp_strand	unspliced	1437	12	ENST00000388718.5	FLG2	ENSG00000143520.6	mrna
A00839:75:H7MFFDSXY:3:1349:32768:30937	chr1	152357249	152357398	False	508	150M	255	1	5	0.9675744771957397	ambig_opp_strand	unspliced	-1	12	.	.	.	mrna
A00839:75:H7MFFDSXY:3:2570:30996:13683	chr1	152353434	152353583	False	264	150M	255	0	25	0.09533946961164474	ambig_opp_strand	unspliced	1437	12	RIGEL_NRNA_chr1_2_152348734_152360006		RIGEL_NRNA_chr1_2_152348734_152360006	nrna
A00839:75:H7MFFDSXY:3:1464:31033:14246	chr1	152356325	152356474	False	299	150M	255	0	3	0.8387961983680725	ambig_opp_strand	unspliced	1437	12	ENST00000388718.5	FLG2	ENSG00000143520.6	mrna
A00839:75:H7MFFDSXY:3:1322:29369:12085	chr1	152353827	152353976	True	-294	150M	255	0	25	0.7177795171737671	ambig_opp_strand	unspliced	1437	12	RIGEL_NRNA_chr1_1_152335378_152364080		RIGEL_NRNA_chr1_1_152335378_152364080	nrna
A00839:75:H7MFFDSXY:3:1146:24840:34209	chr1	152353288	152353437	True	-276	150M	255	0	25	0.7656789422035217	ambig_opp_strand	unspliced	1437	12	RIGEL_NRNA_chr1_1_152335378_152364080		RIGEL_NRNA_chr1_1_152335378_152364080	nrna
A00839:75:H7MFFDSXY:3:2237:16631:28886	chr1	152354101	152354239	False	427	11S139M	255	5	3	0.21208615601062775	ambig_opp_strand	unspliced	1437	12	ENST00000388718.5	FLG2	ENSG00000143520.6	mrna
A00839:75:H7MFFDSXY:3:2366:19994:27414	chr1	152352737	152352886	True	-292	150M	255	1	5	0.2106437385082245	ambig_opp_strand	unspliced	-1	12	.	.	.	mrna
A00839:75:H7MFFDSXY:3:2503:13756:36620	chr1	152351177	152351326	True	-263	150M	255	0	5	0.13766568899154663	ambig_opp_strand	unspliced	-1	12	.	.	.	mrna
A00839:75:H7MFFDSXY:3:2259:19524:29324	chr1	152351398	152351547	True	-330	150M	255	0	5	0.4251745045185089	ambig_opp_strand	unspliced	-1	12	.	.	.	mrna
A00839:75:H7MFFDSXY:3:1217:8232:22858	chr1	152353647	152353796	False	306	150M	255	0	3	0.8270359039306641	ambig_opp_strand	unspliced	1437	12	ENST00000388718.5	FLG2	ENSG00000143520.6	mrna
A00839:75:H7MFFDSXY:3:2174:2627:9580	chr1	152351126	152351275	True	-214	150M	255	0	25	0.8229922652244568	ambig_opp_strand	unspliced	1437	12	RIGEL_NRNA_chr1_1_152335378_152364080		RIGEL_NRNA_chr1_1_152335378_152364080	nrna
A00839:75:H7MFFDSXY:3:2439:18168:10097	chr1	152357470	152357619	False	401	150M	255	0	5	0.9700140357017517	ambig_opp_strand	unspliced	-1	12	.	.	.	mrna
A00839:75:H7MFFDSXY:3:1275:19072:24345	chr1	152353094	152353243	True	-298	150M	255	0	25	0.703134298324585	ambig_opp_strand	unspliced	1437	12	RIGEL_NRNA_chr1_1_152335378_152364080		RIGEL_NRNA_chr1_1_152335378_152364080	nrna
A00839:75:H7MFFDSXY:3:2357:2112:33927	chr1	152351184	152351333	True	-409	150M	255	0	5	0.9336792230606079	ambig_opp_strand	unspliced	-1	12	.	.	.	mrna
A00839:75:H7MFFDSXY:3:1338:7464:14544	chr1	152350869	152350985	False	342	117M	255	0	5	0.21516110002994537	ambig_opp_strand	unspliced	-1	12	.	.	.	mrna
A00839:75:H7MFFDSXY:3:2363:12879:9298	chr1	152353310	152353459	True	-387	150M	255	0	5	0.9218645095825195	ambig_opp_strand	unspliced	-1	12	.	.	.	mrna
A00839:75:H7MFFDSXY:3:1240:18141:20071	chr1	152350859	152351008	True	-341	150M	255	0	5	0.5339718461036682	ambig_opp_strand	unspliced	-1	12	.	.	.	mrna
A00839:75:H7MFFDSXY:3:1516:23466:11099	chr1	152357548	152357697	True	-272	150M	255	0	5	0.1574769914150238	ambig_opp_strand	unspliced	-1	12	.	.	.	mrna
A00839:75:H7MFFDSXY:3:1101:30978:23234	chr1	152355747	152355873	False	127	127M	255	0	3	0.778443455696106	ambig_opp_strand	unspliced	1437	12	ENST00000388718.5	FLG2	ENSG00000143520.6	mrna
A00839:75:H7MFFDSXY:3:2271:30373:22905	chr1	152356299	152356448	True	-364	150M	255	0	5	0.7669575810432434	ambig_opp_strand	unspliced	-1	12	.	.	.	mrna
A00839:75:H7MFFDSXY:3:1517:5692:19554	chr1	152353397	152353498	False	333	102M	255	0	3	0.7523372769355774	ambig_opp_strand	unspliced	1437	12	ENST00000388718.5	FLG2	ENSG00000143520.6	mrna
A00839:75:H7MFFDSXY:3:2319:27543:29528	chr1	152353436	152353585	False	236	150M	255	0	3	0.8759585022926331	ambig_opp_strand	unspliced	1437	12	ENST00000388718.5	FLG2	ENSG00000143520.6	mrna
A00839:75:H7MFFDSXY:3:2460:6623:25708	chr1	152354231	152354380	False	291	150M	255	0	3	0.8485801219940186	ambig_opp_strand	unspliced	1437	12	ENST00000388718.5	FLG2	ENSG00000143520.6	mrna
A00839:75:H7MFFDSXY:3:1449:17219:10113	chr1	152353396	152353457	False	293	62M	255	0	3	0.84641432762146	ambig_opp_strand	unspliced	1437	12	ENST00000388718.5	FLG2	ENSG00000143520.6	mrna
A00839:75:H7MFFDSXY:3:2171:5719:18004	chr1	152351600	152351657	True	-283	58M	255	0	25	0.7493870258331299	ambig_opp_strand	unspliced	1437	12	RIGEL_NRNA_chr1_1_152335378_152364080		RIGEL_NRNA_chr1_1_152335378_152364080	nrna
A00839:75:H7MFFDSXY:3:2547:18692:25097	chr1	152356025	152356174	False	260	150M	255	0	3	0.8692231774330139	ambig_opp_strand	unspliced	1437	12	ENST00000388718.5	FLG2	ENSG00000143520.6	mrna
A00839:75:H7MFFDSXY:3:2329:23954:1391	chr1	152353925	152354074	True	-298	150M	255	0	5	0.2348497211933136	ambig_opp_strand	unspliced	-1	12	.	.	.	mrna
A00839:75:H7MFFDSXY:3:2222:12825:7232	chr1	152353484	152353633	True	-400	150M	255	0	5	0.9300727248191833	ambig_opp_strand	unspliced	-1	12	.	.	.	mrna
A00839:75:H7MFFDSXY:3:1214:27724:31438	chr1	152354683	152354832	True	-336	150M	255	0	5	0.47684067487716675	ambig_opp_strand	unspliced	-1	12	.	.	.	mrna
A00839:75:H7MFFDSXY:3:2328:22733:6230	chr1	152356024	152356173	True	-162	150M	255	0	25	0.7705616354942322	ambig_opp_strand	unspliced	1437	12	RIGEL_NRNA_chr1_1_152335378_152364080		RIGEL_NRNA_chr1_1_152335378_152364080	nrna
A00839:75:H7MFFDSXY:3:2667:29405:6417	chr1	152351972	152352121	False	227	150M	255	0	3	0.8766814470291138	ambig_opp_strand	unspliced	1437	12	ENST00000388718.5	FLG2	ENSG00000143520.6	mrna
A00839:75:H7MFFDSXY:3:1629:4345:18599	chr1	152350481	152350630	False	378	150M	255	0	3	0.3248266875743866	ambig_opp_strand	unspliced	1437	12	ENST00000388718.5	FLG2	ENSG00000143520.6	mrna
A00839:75:H7MFFDSXY:3:2421:6858:14967	chr1	152353993	152354142	True	-195	150M	255	0	25	0.8152078986167908	ambig_opp_strand	unspliced	1437	12	RIGEL_NRNA_chr1_1_152335378_152364080		RIGEL_NRNA_chr1_1_152335378_152364080	nrna
A00839:75:H7MFFDSXY:3:1545:12961:23469	chr1	152357530	152357679	False	273	150M	255	0	5	0.3091125786304474	ambig_opp_strand	unspliced	-1	12	.	.	.	mrna
A00839:75:H7MFFDSXY:3:1675:9959:34679	chr1	152355036	152355185	True	-423	150M	255	0	5	0.935839831829071	ambig_opp_strand	unspliced	-1	12	.	.	.	mrna
A00839:75:H7MFFDSXY:3:1507:5674:23750	chr1	152358716	152358865	False	218	150M	255	0	25	0.7826231718063354	ambig_opp_strand	unspliced	1437	12	RIGEL_NRNA_chr1_2_152348734_152360006		RIGEL_NRNA_chr1_2_152348734_152360006	nrna
A00839:75:H7MFFDSXY:3:1572:16568:16595	chr1	152354096	152354245	False	416	150M	255	0	5	0.7662903666496277	ambig_opp_strand	unspliced	-1	12	.	.	.	mrna
A00839:75:H7MFFDSXY:3:1278:15872:3396	chr1	152355031	152355132	False	333	102M	255	0	3	0.7523372769355774	ambig_opp_strand	unspliced	1437	12	ENST00000388718.5	FLG2	ENSG00000143520.6	mrna
A00839:75:H7MFFDSXY:3:1209:32145:34209	chr1	152354270	152354419	False	223	150M	255	0	3	0.8770963549613953	ambig_opp_strand	unspliced	1437	12	ENST00000388718.5	FLG2	ENSG00000143520.6	mrna
A00839:75:H7MFFDSXY:3:1568:16080:5729	chr1	152355627	152355776	False	497	150M	255	0	5	0.7231135964393616	ambig_opp_strand	unspliced	-1	12	.	.	.	mrna
A00839:75:H7MFFDSXY:3:2533:18783:25066	chr1	152352036	152352185	True	-399	150M	255	0	5	0.939579963684082	ambig_opp_strand	unspliced	-1	12	.	.	.	mrna
A00839:75:H7MFFDSXY:3:1608:10728:19257	chr1	152356178	152356327	True	-301	150M	255	0	5	0.2498590648174286	ambig_opp_strand	unspliced	-1	12	.	.	.	mrna
A00839:75:H7MFFDSXY:3:2573:30671:5854	chr1	152350970	152351119	False	251	150M	255	0	3	0.872718870639801	ambig_opp_strand	unspliced	1437	12	ENST00000388718.5	FLG2	ENSG00000143520.6	mrna
A00839:75:H7MFFDSXY:3:2555:3830:30483	chr1	152352932	152353081	False	269	150M	255	0	3	0.8645336031913757	ambig_opp_strand	unspliced	1437	12	ENST00000388718.5	FLG2	ENSG00000143520.6	mrna
A00839:75:H7MFFDSXY:3:2275:27199:30436	chr1	152355991	152356051	True	-286	61M	255	0	25	0.7415689826011658	ambig_opp_strand	unspliced	1437	12	RIGEL_NRNA_chr1_1_152335378_152364080		RIGEL_NRNA_chr1_1_152335378_152364080	nrna
A00839:75:H7MFFDSXY:3:2177:1099:10848	chr1	152357143	152357292	False	160	150M	255	0	3	0.8600343465805054	ambig_opp_strand	unspliced	1437	12	ENST00000388718.5	FLG2	ENSG00000143520.6	mrna
A00839:75:H7MFFDSXY:3:1219:13178:34115	chr1	152351448	152351587	True	-365	140M	255	0	5	0.7734194397926331	ambig_opp_strand	unspliced	-1	12	.	.	.	mrna
A00839:75:H7MFFDSXY:3:1224:2166:22717	chr1	152356334	152356483	True	-314	150M	255	0	25	0.6241238117218018	ambig_opp_strand	unspliced	1437	12	RIGEL_NRNA_chr1_1_152335378_152364080		RIGEL_NRNA_chr1_1_152335378_152364080	nrna
A00839:75:H7MFFDSXY:3:2634:5565:15796	chr1	152352717	152352866	True	-364	150M	255	0	25	0.21415415406227112	ambig_opp_strand	unspliced	1437	12	RIGEL_NRNA_chr1_1_152335378_152364080		RIGEL_NRNA_chr1_1_152335378_152364080	nrna
A00839:75:H7MFFDSXY:3:2428:6343:2926	chr1	152354331	152354480	False	219	150M	255	0	3	0.8770769834518433	ambig_opp_strand	unspliced	1437	12	ENST00000388718.5	FLG2	ENSG00000143520.6	mrna
A00839:75:H7MFFDSXY:3:1503:12210:4006	chr1	152352843	152352992	True	-612	150M	255	0	5	0.7409963011741638	ambig_opp_strand	unspliced	-1	12	.	.	.	mrna
A00839:75:H7MFFDSXY:3:1337:3088:27445	chr1	152351242	152351391	True	-473	150M	255	0	5	0.9320393204689026	ambig_opp_strand	unspliced	-1	12	.	.	.	mrna
A00839:75:H7MFFDSXY:3:2502:7618:20917	chr1	152354774	152354906	True	-364	133M	255	0	5	0.7669575810432434	ambig_opp_strand	unspliced	-1	12	.	.	.	mrna
A00839:75:H7MFFDSXY:3:2530:8874:32362	chr1	152352839	152352984	True	-295	146M	255	0	25	0.713703989982605	ambig_opp_strand	unspliced	1437	12	RIGEL_NRNA_chr1_1_152335378_152364080		RIGEL_NRNA_chr1_1_152335378_152364080	nrna
A00839:75:H7MFFDSXY:3:1464:8269:31626	chr1	152351982	152352131	False	383	150M	255	0	5	0.7054384350776672	ambig_opp_strand	unspliced	-1	12	.	.	.	mrna
A00839:75:H7MFFDSXY:3:2133:19162:17801	chr1	152356578	152356727	False	245	150M	255	0	3	0.8746312856674194	ambig_opp_strand	unspliced	1437	12	ENST00000388718.5	FLG2	ENSG00000143520.6	mrna
A00839:75:H7MFFDSXY:3:2471:3170:30530	chr1	152352455	152352518	True	-295	64M	255	0	25	0.713703989982605	ambig_opp_strand	unspliced	1437	12	RIGEL_NRNA_chr1_1_152335378_152364080		RIGEL_NRNA_chr1_1_152335378_152364080	nrna
A00839:75:H7MFFDSXY:3:2252:6804:27305	chr1	152351363	152351512	False	276	150M	255	0	3	0.8602300882339478	ambig_opp_strand	unspliced	1437	12	ENST00000388718.5	FLG2	ENSG00000143520.6	mrna
A00839:75:H7MFFDSXY:3:1530:25925:3114	chr1	152352307	152352456	True	-294	150M	255	0	25	0.717779278755188	ambig_opp_strand	unspliced	1437	12	RIGEL_NRNA_chr1_1_152335378_152364080		RIGEL_NRNA_chr1_1_152335378_152364080	nrna
A00839:75:H7MFFDSXY:3:2255:4354:31015	chr1	152356762	152356911	False	159	150M	255	0	3	0.8588417172431946	ambig_opp_strand	unspliced	1437	12	ENST00000388718.5	FLG2	ENSG00000143520.6	mrna
A00839:75:H7MFFDSXY:3:2250:14931:15765	chr1	152355043	152355192	True	-331	150M	255	0	5	0.43533462285995483	ambig_opp_strand	unspliced	-1	12	.	.	.	mrna
A00839:75:H7MFFDSXY:3:1623:9959:4178	chr1	152354838	152354987	False	297	150M	255	0	3	0.8415139317512512	ambig_opp_strand	unspliced	1437	12	ENST00000388718.5	FLG2	ENSG00000143520.6	mrna
A00839:75:H7MFFDSXY:3:1538:25229:26960	chr1	152350593	152350742	False	458	150M	255	0	3	0.21108293533325195	ambig_opp_strand	unspliced	1437	12	ENST00000388718.5	FLG2	ENSG00000143520.6	mrna
A00839:75:H7MFFDSXY:3:1543:21640:14168	chr1	152358882	152359031	True	-318	150M	255	0	25	0.604664146900177	ambig_opp_strand	unspliced	1437	12	RIGEL_NRNA_chr1_1_152335378_152364080		RIGEL_NRNA_chr1_1_152335378_152364080	nrna
A00839:75:H7MFFDSXY:3:2102:28330:16861	chr1	152354229	152354378	True	-245	150M	255	0	5	0.11271408945322037	ambig_opp_strand	unspliced	-1	12	.	.	.	mrna
A00839:75:H7MFFDSXY:3:1450:29107:35994	chr1	152354218	152354367	True	-295	150M	255	0	25	0.713703989982605	ambig_opp_strand	unspliced	1437	12	RIGEL_NRNA_chr1_1_152335378_152364080		RIGEL_NRNA_chr1_1_152335378_152364080	nrna
A00839:75:H7MFFDSXY:3:1552:22932:3881	chr1	152355298	152355447	True	-419	150M	255	0	5	0.9370877742767334	ambig_opp_strand	unspliced	-1	12	.	.	.	mrna
A00839:75:H7MFFDSXY:3:2171:18295:36683	chr1	152352335	152352449	False	340	115M	255	0	3	0.7160141468048096	ambig_opp_strand	unspliced	1437	12	ENST00000388718.5	FLG2	ENSG00000143520.6	mrna
A00839:75:H7MFFDSXY:3:1207:30255:28714	chr1	152355425	152355560	False	817	136M	255	0	3	0.8655337691307068	ambig_opp_strand	unspliced	1437	12	ENST00000388718.5	FLG2	ENSG00000143520.6	mrna
A00839:75:H7MFFDSXY:3:1640:17409:5713	chr1	152354206	152354355	False	375	150M	255	0	3	0.36405643820762634	ambig_opp_strand	unspliced	1437	12	ENST00000388718.5	FLG2	ENSG00000143520.6	mrna
A00839:75:H7MFFDSXY:3:1650:8757:24079	chr1	152356900	152357049	True	-256	150M	255	0	25	0.8027465343475342	ambig_opp_strand	unspliced	1437	12	RIGEL_NRNA_chr1_1_152335378_152364080		RIGEL_NRNA_chr1_1_152335378_152364080	nrna
A00839:75:H7MFFDSXY:3:2636:11785:22373	chr1	152354579	152354728	True	-314	150M	255	0	25	0.6241238117218018	ambig_opp_strand	unspliced	1437	12	RIGEL_NRNA_chr1_1_152335378_152364080		RIGEL_NRNA_chr1_1_152335378_152364080	nrna
A00839:75:H7MFFDSXY:3:1166:4472:27962	chr1	152354837	152354986	True	-244	150M	255	0	25	0.8155615329742432	ambig_opp_strand	unspliced	1437	12	RIGEL_NRNA_chr1_1_152335378_152364080		RIGEL_NRNA_chr1_1_152335378_152364080	nrna
A00839:75:H7MFFDSXY:3:1638:20148:21010	chr1	152356491	152356640	True	-263	150M	255	0	25	0.7924413681030273	ambig_opp_strand	unspliced	1437	12	RIGEL_NRNA_chr1_1_152335378_152364080		RIGEL_NRNA_chr1_1_152335378_152364080	nrna
A00839:75:H7MFFDSXY:3:2667:10664:25567	chr1	152353640	152353789	False	314	150M	255	0	3	0.8105611801147461	ambig_opp_strand	unspliced	1437	12	ENST00000388718.5	FLG2	ENSG00000143520.6	mrna
A00839:75:H7MFFDSXY:3:2332:14064:3239	chr1	152353682	152353831	True	-225	150M	255	0	25	0.8238463997840881	ambig_opp_strand	unspliced	1437	12	RIGEL_NRNA_chr1_1_152335378_152364080		RIGEL_NRNA_chr1_1_152335378_152364080	nrna
A00839:75:H7MFFDSXY:3:2125:19940:10911	chr1	152356704	152356853	True	-365	150M	255	0	5	0.7734194397926331	ambig_opp_strand	unspliced	-1	12	.	.	.	mrna
A00839:75:H7MFFDSXY:3:1257:10077:5384	chr1	152351350	152351499	True	-286	150M	255	0	25	0.7415689826011658	ambig_opp_strand	unspliced	1437	12	RIGEL_NRNA_chr1_1_152335378_152364080		RIGEL_NRNA_chr1_1_152335378_152364080	nrna
A00839:75:H7MFFDSXY:3:1410:1768:26068	chr1	152354918	152355067	True	-208	150M	255	0	25	0.8229703307151794	ambig_opp_strand	unspliced	1437	12	RIGEL_NRNA_chr1_1_152335378_152364080		RIGEL_NRNA_chr1_1_152335378_152364080	nrna
A00839:75:H7MFFDSXY:3:1666:10999:35697	chr1	152352726	152352875	False	296	150M	255	0	3	0.8426079154014587	ambig_opp_strand	unspliced	1437	12	ENST00000388718.5	FLG2	ENSG00000143520.6	mrna
A00839:75:H7MFFDSXY:3:1404:30879:24439	chr1	152354234	152354383	True	-338	150M	255	0	5	0.49830693006515503	ambig_opp_strand	unspliced	-1	12	.	.	.	mrna
A00839:75:H7MFFDSXY:3:1246:30608:33301	chr1	152356905	152357054	True	-333	150M	255	0	25	0.5001803636550903	ambig_opp_strand	unspliced	1437	12	RIGEL_NRNA_chr1_1_152335378_152364080		RIGEL_NRNA_chr1_1_152335378_152364080	nrna
A00839:75:H7MFFDSXY:3:2215:23601:1752	chr1	152354382	152354531	True	-325	150M	255	0	5	0.39083433151245117	ambig_opp_strand	unspliced	-1	12	.	.	.	mrna
A00839:75:H7MFFDSXY:3:2645:16957:10911	chr1	152350350	152350499	False	346	150M	255	0	3	0.6764441728591919	ambig_opp_strand	unspliced	1437	12	ENST00000388718.5	FLG2	ENSG00000143520.6	mrna
A00839:75:H7MFFDSXY:3:2216:32045:36949	chr1	152351363	152351512	False	210	150M	255	0	25	0.09635458141565323	ambig_opp_strand	unspliced	1437	12	RIGEL_NRNA_chr1_2_152348734_152360006		RIGEL_NRNA_chr1_2_152348734_152360006	nrna
A00839:75:H7MFFDSXY:3:1128:18539:13933	chr1	152352256	152352405	False	469	150M	255	0	5	0.7581489086151123	ambig_opp_strand	unspliced	-1	12	.	.	.	mrna
A00839:75:H7MFFDSXY:3:2238:24189:1204	chr1	152351008	152351126	True	-344	119M	255	1	5	0.5674732327461243	ambig_opp_strand	unspliced	-1	12	.	.	.	mrna
A00839:75:H7MFFDSXY:3:2317:13376:13573	chr1	152356774	152356923	False	235	150M	255	0	3	0.8759925961494446	ambig_opp_strand	unspliced	1437	12	ENST00000388718.5	FLG2	ENSG00000143520.6	mrna
A00839:75:H7MFFDSXY:3:1237:15908:13761	chr1	152351064	152351128	False	290	65M	255	0	3	0.8488789796829224	ambig_opp_strand	unspliced	1437	12	ENST00000388718.5	FLG2	ENSG00000143520.6	mrna
A00839:75:H7MFFDSXY:3:1375:11125:29747	chr1	152353447	152353501	False	286	55M	255	0	3	0.852739691734314	ambig_opp_strand	unspliced	1437	12	ENST00000388718.5	FLG2	ENSG00000143520.6	mrna
A00839:75:H7MFFDSXY:3:1461:22887:11475	chr1	152356465	152356614	False	425	150M	255	0	5	0.7418414950370789	ambig_opp_strand	unspliced	-1	12	.	.	.	mrna
A00839:75:H7MFFDSXY:3:1543:28537:29904	chr1	152352951	152353100	True	-234	150M	255	0	25	0.8202083706855774	ambig_opp_strand	unspliced	1437	12	RIGEL_NRNA_chr1_1_152335378_152364080		RIGEL_NRNA_chr1_1_152335378_152364080	nrna
A00839:75:H7MFFDSXY:3:1616:26693:32503	chr1	152356892	152357041	False	200	150M	255	0	3	0.8756552338600159	ambig_opp_strand	unspliced	1437	12	ENST00000388718.5	FLG2	ENSG00000143520.6	mrna
A00839:75:H7MFFDSXY:3:1229:31946:13072	chr1	152356480	152356629	False	328	150M	255	0	5	0.14154939353466034	ambig_opp_strand	unspliced	-1	12	.	.	.	mrna
A00839:75:H7MFFDSXY:3:1364:20690:11647	chr1	152352975	152353124	False	402	150M	255	0	5	0.768226146697998	ambig_opp_strand	unspliced	-1	12	.	.	.	mrna
A00839:75:H7MFFDSXY:3:2173:24325:2566	chr1	152351946	152352095	True	-319	150M	255	0	5	0.3525165319442749	ambig_opp_strand	unspliced	-1	12	.	.	.	mrna
A00839:75:H7MFFDSXY:3:1526:7789:34115	chr1	152352904	152353053	True	-270	150M	255	0	25	0.7786889672279358	ambig_opp_strand	unspliced	1437	12	RIGEL_NRNA_chr1_1_152335378_152364080		RIGEL_NRNA_chr1_1_152335378_152364080	nrna
A00839:75:H7MFFDSXY:3:2446:16468:14074	chr1	152352405	152352554	False	328	150M	255	0	5	0.14154939353466034	ambig_opp_strand	unspliced	-1	12	.	.	.	mrna
A00839:75:H7MFFDSXY:3:1269:18258:7185	chr1	152357512	152357661	False	309	150M	255	0	25	0.5025437474250793	ambig_opp_strand	unspliced	1437	12	RIGEL_NRNA_chr1_2_152348734_152360006		RIGEL_NRNA_chr1_2_152348734_152360006	nrna
A00839:75:H7MFFDSXY:3:2666:5330:9001	chr1	152352892	152353041	False	294	150M	255	0	3	0.8449952006340027	ambig_opp_strand	unspliced	1437	12	ENST00000388718.5	FLG2	ENSG00000143520.6	mrna
A00839:75:H7MFFDSXY:3:1607:20961:20134	chr1	152354477	152354626	False	401	150M	255	0	5	0.7623725533485413	ambig_opp_strand	unspliced	-1	12	.	.	.	mrna
A00839:75:H7MFFDSXY:3:2333:2302:16125	chr1	152353731	152353880	True	-268	150M	255	0	25	0.7825422286987305	ambig_opp_strand	unspliced	1437	12	RIGEL_NRNA_chr1_1_152335378_152364080		RIGEL_NRNA_chr1_1_152335378_152364080	nrna
A00839:75:H7MFFDSXY:3:1605:31982:6715	chr1	152353704	152353853	True	-490	150M	255	0	5	0.9301965236663818	ambig_opp_strand	unspliced	-1	12	.	.	.	mrna
A00839:75:H7MFFDSXY:3:1219:2184:28447	chr1	152351229	152351378	False	431	150M	255	0	5	0.7537279725074768	ambig_opp_strand	unspliced	-1	12	.	.	.	mrna
A00839:75:H7MFFDSXY:3:1509:20808:8218	chr1	152355304	152355382	False	304	79M	255	0	5	0.07801409810781479	ambig_opp_strand	unspliced	-1	12	.	.	.	mrna
A00839:75:H7MFFDSXY:3:1310:19786:14904	chr1	152352134	152352283	False	255	150M	255	0	3	0.871295154094696	ambig_opp_strand	unspliced	1437	12	ENST00000388718.5	FLG2	ENSG00000143520.6	mrna
A00839:75:H7MFFDSXY:3:2427:9381:2174	chr1	152354405	152354554	False	270	150M	255	0	3	0.8641307950019836	ambig_opp_strand	unspliced	1437	12	ENST00000388718.5	FLG2	ENSG00000143520.6	mrna
A00839:75:H7MFFDSXY:3:2524:21133:21652	chr1	152356224	152356373	False	278	150M	255	0	3	0.8588874340057373	ambig_opp_strand	unspliced	1437	12	ENST00000388718.5	FLG2	ENSG00000143520.6	mrna
A00839:75:H7MFFDSXY:3:1673:2799:28604	chr1	152357444	152357593	True	-443	150M	255	0	5	0.9468745589256287	ambig_opp_strand	unspliced	-1	12	.	.	.	mrna
A00839:75:H7MFFDSXY:3:2428:28528:14262	chr1	152353718	152353867	True	-444	150M	255	2	5	0.9350661635398865	ambig_opp_strand	unspliced	-1	12	.	.	.	mrna
A00839:75:H7MFFDSXY:3:1431:25870:3208	chr1	152356451	152356600	True	-320	150M	255	0	25	0.5911386609077454	ambig_opp_strand	unspliced	1437	12	RIGEL_NRNA_chr1_1_152335378_152364080		RIGEL_NRNA_chr1_1_152335378_152364080	nrna
A00839:75:H7MFFDSXY:3:2339:32805:17253	chr1	152354078	152354227	False	360	150M	255	1	3	0.5536473393440247	ambig_opp_strand	unspliced	1437	12	ENST00000388718.5	FLG2	ENSG00000143520.6	mrna
A00839:75:H7MFFDSXY:3:1253:3369:20478	chr1	152351704	152351801	True	-323	98M	255	0	25	0.5716105103492737	ambig_opp_strand	unspliced	1437	12	RIGEL_NRNA_chr1_1_152335378_152364080		RIGEL_NRNA_chr1_1_152335378_152364080	nrna
A00839:75:H7MFFDSXY:3:1304:18783:17926	chr1	152354486	152354635	True	-368	150M	255	0	25	0.17984236776828766	ambig_opp_strand	unspliced	1437	12	RIGEL_NRNA_chr1_1_152335378_152364080		RIGEL_NRNA_chr1_1_152335378_152364080	nrna
A00839:75:H7MFFDSXY:3:1261:1651:17347	chr1	152356180	152356329	True	-282	150M	255	0	25	0.7519654035568237	ambig_opp_strand	unspliced	1437	12	RIGEL_NRNA_chr1_1_152335378_152364080		RIGEL_NRNA_chr1_1_152335378_152364080	nrna
A00839:75:H7MFFDSXY:3:1109:11641:20306	chr1	152354278	152354427	True	-268	150M	255	0	25	0.7825422286987305	ambig_opp_strand	unspliced	1437	12	RIGEL_NRNA_chr1_1_152335378_152364080		RIGEL_NRNA_chr1_1_152335378_152364080	nrna
A00839:75:H7MFFDSXY:3:1567:22553:25144	chr1	152352044	152352193	False	265	150M	255	0	3	0.866584837436676	ambig_opp_strand	unspliced	1437	12	ENST00000388718.5	FLG2	ENSG00000143520.6	mrna
A00839:75:H7MFFDSXY:3:2337:22878:1501	chr1	152354450	152354599	False	370	150M	255	1	5	0.5283641815185547	ambig_opp_strand	unspliced	-1	12	.	.	.	mrna
A00839:75:H7MFFDSXY:3:2641:20220:1344	chr1	152350603	152350752	False	431	150M	255	0	5	0.7537279725074768	ambig_opp_strand	unspliced	-1	12	.	.	.	mrna
A00839:75:H7MFFDSXY:3:1202:9896:31751	chr1	152353780	152353929	True	-350	150M	255	0	25	0.34074339270591736	ambig_opp_strand	unspliced	1437	12	RIGEL_NRNA_chr1_1_152335378_152364080		RIGEL_NRNA_chr1_1_152335378_152364080	nrna
A00839:75:H7MFFDSXY:3:2238:28022:5995	chr1	152352125	152352187	False	294	63M	255	0	3	0.8449952006340027	ambig_opp_strand	unspliced	1437	12	ENST00000388718.5	FLG2	ENSG00000143520.6	mrna
A00839:75:H7MFFDSXY:3:1318:12274:12352	chr1	152352554	152352703	True	-437	150M	255	0	5	0.9359560608863831	ambig_opp_strand	unspliced	-1	12	.	.	.	mrna
A00839:75:H7MFFDSXY:3:1640:14018:25050	chr1	152353059	152353208	True	-322	150M	255	1	5	0.3704427182674408	ambig_opp_strand	unspliced	-1	12	.	.	.	mrna
A00839:75:H7MFFDSXY:3:1117:13096:27743	chr1	152355099	152355248	False	322	150M	255	0	3	0.7910902500152588	ambig_opp_strand	unspliced	1437	12	ENST00000388718.5	FLG2	ENSG00000143520.6	mrna
A00839:75:H7MFFDSXY:3:1156:11975:16908	chr1	152356448	152356597	True	-452	150M	255	0	5	0.9376567006111145	ambig_opp_strand	unspliced	-1	12	.	.	.	mrna
A00839:75:H7MFFDSXY:3:2146:17282:11193	chr1	152352919	152353061	True	-391	143M	255	0	5	0.9352996945381165	ambig_opp_strand	unspliced	-1	12	.	.	.	mrna
A00839:75:H7MFFDSXY:3:2661:2781:15421	chr1	152350795	152350944	False	378	150M	255	0	5	0.639411211013794	ambig_opp_strand	unspliced	-1	12	.	.	.	mrna
A00839:75:H7MFFDSXY:3:1608:27109:30592	chr1	152353776	152353925	False	150	150M	255	0	3	0.8415861129760742	ambig_opp_strand	unspliced	1437	12	ENST00000388718.5	FLG2	ENSG00000143520.6	mrna
A00839:75:H7MFFDSXY:3:1361:12979:32925	chr1	152352761	152352910	False	225	150M	255	0	3	0.8769586086273193	ambig_opp_strand	unspliced	1437	12	ENST00000388718.5	FLG2	ENSG00000143520.6	mrna
A00839:75:H7MFFDSXY:3:2468:20455:35947	chr1	152353031	152353180	False	266	150M	255	0	3	0.8665706515312195	ambig_opp_strand	unspliced	1437	12	ENST00000388718.5	FLG2	ENSG00000143520.6	mrna
A00839:75:H7MFFDSXY:3:1329:32145:35211	chr1	152351985	152352134	False	260	150M	255	0	25	0.09552763402462006	ambig_opp_strand	unspliced	1437	12	RIGEL_NRNA_chr1_2_152348734_152360006		RIGEL_NRNA_chr1_2_152348734_152360006	nrna
A00839:75:H7MFFDSXY:3:1409:9525:28322	chr1	152356682	152356831	False	272	150M	255	0	3	0.8629109859466553	ambig_opp_strand	unspliced	1437	12	ENST00000388718.5	FLG2	ENSG00000143520.6	mrna
A00839:75:H7MFFDSXY:3:1426:20383:16971	chr1	152350571	152350720	False	304	150M	255	0	3	0.8305461406707764	ambig_opp_strand	unspliced	1437	12	ENST00000388718.5	FLG2	ENSG00000143520.6	mrna
A00839:75:H7MFFDSXY:3:2240:8504:24956	chr1	152352258	152352407	False	515	150M	255	0	3	0.23374681174755096	ambig_opp_strand	unspliced	1437	12	ENST00000388718.5	FLG2	ENSG00000143520.6	mrna
A00839:75:H7MFFDSXY:3:2478:26422:13589	chr1	152351281	152351426	False	371	146M	255	0	5	0.5496864914894104	ambig_opp_strand	unspliced	-1	12	.	.	.	mrna
A00839:75:H7MFFDSXY:3:1636:32841:13244	chr1	152352224	152352373	True	-306	150M	255	0	25	0.6666443347930908	ambig_opp_strand	unspliced	1437	12	RIGEL_NRNA_chr1_1_152335378_152364080		RIGEL_NRNA_chr1_1_152335378_152364080	nrna
A00839:75:H7MFFDSXY:3:1273:14181:7106	chr1	152353780	152353929	True	-223	150M	255	0	25	0.8243521451950073	ambig_opp_strand	unspliced	1437	12	RIGEL_NRNA_chr1_1_152335378_152364080		RIGEL_NRNA_chr1_1_152335378_152364080	nrna
A00839:75:H7MFFDSXY:3:2636:15772:24392	chr1	152352192	152352340	True	-175	149M1S	255	1	25	0.795405387878418	ambig_opp_strand	unspliced	1437	12	RIGEL_NRNA_chr1_1_152335378_152364080		RIGEL_NRNA_chr1_1_152335378_152364080	nrna
A00839:75:H7MFFDSXY:3:2277:21169:2801	chr1	152357463	152357612	True	-402	150M	255	0	5	0.9336010813713074	ambig_opp_strand	unspliced	-1	12	.	.	.	mrna
A00839:75:H7MFFDSXY:3:2656:15664:26240	chr1	152350731	152350880	True	-258	150M	255	0	25	0.799487829208374	ambig_opp_strand	unspliced	1437	12	RIGEL_NRNA_chr1_1_152335378_152364080		RIGEL_NRNA_chr1_1_152335378_152364080	nrna
A00839:75:H7MFFDSXY:3:1363:8919:27774	chr1	152351116	152351265	False	313	150M	255	1	3	0.8134738206863403	ambig_opp_strand	unspliced	1437	12	ENST00000388718.5	FLG2	ENSG00000143520.6	mrna
A00839:75:H7MFFDSXY:3:2657:18810:4194	chr1	152352318	152352442	True	-356	125M	255	0	5	0.690138578414917	ambig_opp_strand	unspliced	-1	12	.	.	.	mrna
A00839:75:H7MFFDSXY:3:1245:23267:27132	chr1	152351038	152351187	False	167	150M	255	0	3	0.8648824095726013	ambig_opp_strand	unspliced	1437	12	ENST00000388718.5	FLG2	ENSG00000143520.6	mrna
A00839:75:H7MFFDSXY:3:2254:4101:33614	chr1	152352951	152353100	True	-452	150M	255	0	5	0.9376566410064697	ambig_opp_strand	unspliced	-1	12	.	.	.	mrna
A00839:75:H7MFFDSXY:3:2261:21829:17597	chr1	152351479	152351628	True	-294	150M	255	0	25	0.717779278755188	ambig_opp_strand	unspliced	1437	12	RIGEL_NRNA_chr1_1_152335378_152364080		RIGEL_NRNA_chr1_1_152335378_152364080	nrna
A00839:75:H7MFFDSXY:3:1460:3513:36542	chr1	152353345	152353494	False	386	150M	255	3	3	0.24673983454704285	ambig_opp_strand	unspliced	1437	12	ENST00000388718.5	FLG2	ENSG00000143520.6	mrna
A00839:75:H7MFFDSXY:3:2550:10646:26475	chr1	152352682	152352831	False	404	150M	255	0	5	0.7706736326217651	ambig_opp_strand	unspliced	-1	12	.	.	.	mrna
A00839:75:H7MFFDSXY:3:2306:18945:33771	chr1	152356157	152356208	True	-502	52M	255	0	5	0.9247635006904602	ambig_opp_strand	unspliced	-1	12	.	.	.	mrna
A00839:75:H7MFFDSXY:3:1635:27932:12508	chr1	152354035	152354184	True	-322	150M	255	0	5	0.3704427182674408	ambig_opp_strand	unspliced	-1	12	.	.	.	mrna
A00839:75:H7MFFDSXY:3:2515:25256:18427	chr1	152354065	152354214	False	285	150M	255	0	3	0.8539189100265503	ambig_opp_strand	unspliced	1437	12	ENST00000388718.5	FLG2	ENSG00000143520.6	mrna
A00839:75:H7MFFDSXY:3:1570:25699:3881	chr1	152352530	152352679	False	443	150M	255	0	5	0.8077514171600342	ambig_opp_strand	unspliced	-1	12	.	.	.	mrna
A00839:75:H7MFFDSXY:3:1512:32226:32878	chr1	152354808	152354957	True	-364	150M	255	0	25	0.21415415406227112	ambig_opp_strand	unspliced	1437	12	RIGEL_NRNA_chr1_1_152335378_152364080		RIGEL_NRNA_chr1_1_152335378_152364080	nrna
A00839:75:H7MFFDSXY:3:1359:13512:19006	chr1	152350606	152350755	False	276	150M	255	0	3	0.8602300882339478	ambig_opp_strand	unspliced	1437	12	ENST00000388718.5	FLG2	ENSG00000143520.6	mrna
A00839:75:H7MFFDSXY:3:2143:8241:30107	chr1	152354846	152354895	True	-281	50M	255	0	25	0.7539288997650146	ambig_opp_strand	unspliced	1437	12	RIGEL_NRNA_chr1_1_152335378_152364080		RIGEL_NRNA_chr1_1_152335378_152364080	nrna
A00839:75:H7MFFDSXY:3:1253:19434:1329	chr1	152351925	152352074	True	-378	150M	255	0	5	0.8826591372489929	ambig_opp_strand	unspliced	-1	12	.	.	.	mrna
A00839:75:H7MFFDSXY:3:1377:26775:22404	chr1	152351406	152351555	False	464	150M	255	0	5	0.7716695070266724	ambig_opp_strand	unspliced	-1	12	.	.	.	mrna
A00839:75:H7MFFDSXY:3:1139:13838:27555	chr1	152352537	152352686	True	-352	150M	255	0	25	0.3219102919101715	ambig_opp_strand	unspliced	1437	12	RIGEL_NRNA_chr1_1_152335378_152364080		RIGEL_NRNA_chr1_1_152335378_152364080	nrna
A00839:75:H7MFFDSXY:3:2437:25211:15812	chr1	152352434	152352583	False	269	150M	255	0	3	0.864533543586731	ambig_opp_strand	unspliced	1437	12	ENST00000388718.5	FLG2	ENSG00000143520.6	mrna
A00839:75:H7MFFDSXY:3:1462:2718:16094	chr1	152357572	152357721	True	-446	150M	255	0	5	0.9309988617897034	ambig_opp_strand	unspliced	-1	12	.	.	.	mrna
A00839:75:H7MFFDSXY:3:2250:12147:21840	chr1	152350982	152351100	True	-344	119M	255	0	5	0.5674733519554138	ambig_opp_strand	unspliced	-1	12	.	.	.	mrna
A00839:75:H7MFFDSXY:3:1609:29532:34350	chr1	152354209	152354358	True	-217	150M	255	0	5	0.10300761461257935	ambig_opp_strand	unspliced	-1	12	.	.	.	mrna
A00839:75:H7MFFDSXY:3:2339:27959:7388	chr1	152356826	152356975	True	-297	150M	255	0	25	0.7074415683746338	ambig_opp_strand	unspliced	1437	12	RIGEL_NRNA_chr1_1_152335378_152364080		RIGEL_NRNA_chr1_1_152335378_152364080	nrna
A00839:75:H7MFFDSXY:3:1663:4670:28150	chr1	152353573	152353722	False	193	150M	255	0	3	0.8741233348846436	ambig_opp_strand	unspliced	1437	12	ENST00000388718.5	FLG2	ENSG00000143520.6	mrna
A00839:75:H7MFFDSXY:3:2164:22137:27649	chr1	152352171	152352313	True	-143	143M	255	0	5	0.2439882457256317	ambig_opp_strand	unspliced	-1	12	.	.	.	mrna
A00839:75:H7MFFDSXY:3:1276:24334:11569	chr1	152350642	152350791	True	-278	150M	255	0	25	0.761273980140686	ambig_opp_strand	unspliced	1437	12	RIGEL_NRNA_chr1_1_152335378_152364080		RIGEL_NRNA_chr1_1_152335378_152364080	nrna
A00839:75:H7MFFDSXY:3:1664:12228:28995	chr1	152356379	152356528	False	257	150M	255	0	25	0.09568725526332855	ambig_opp_strand	unspliced	1437	12	RIGEL_NRNA_chr1_2_152348734_152360006		RIGEL_NRNA_chr1_2_152348734_152360006	nrna
A00839:75:H7MFFDSXY:3:1439:24605:27571	chr1	152354092	152354241	False	326	150M	255	0	3	0.7785993218421936	ambig_opp_strand	unspliced	1437	12	ENST00000388718.5	FLG2	ENSG00000143520.6	mrna
A00839:75:H7MFFDSXY:3:2368:22535:18599	chr1	152354103	152354252	False	278	150M	255	0	25	0.09439172595739365	ambig_opp_strand	unspliced	1437	12	RIGEL_NRNA_chr1_2_152348734_152360006		RIGEL_NRNA_chr1_2_152348734_152360006	nrna
A00839:75:H7MFFDSXY:3:2430:25437:21402	chr1	152353719	152353868	True	-386	150M	255	0	5	0.9183356761932373	ambig_opp_strand	unspliced	-1	12	.	.	.	mrna
A00839:75:H7MFFDSXY:3:2237:1461:10473	chr1	152351835	152351984	False	358	150M	255	0	3	0.5685729384422302	ambig_opp_strand	unspliced	1437	12	ENST00000388718.5	FLG2	ENSG00000143520.6	mrna
A00839:75:H7MFFDSXY:3:2466:10917:24690	chr1	152354040	152354189	True	-300	150M	255	0	25	0.6928614974021912	ambig_opp_strand	unspliced	1437	12	RIGEL_NRNA_chr1_1_152335378_152364080		RIGEL_NRNA_chr1_1_152335378_152364080	nrna
A00839:75:H7MFFDSXY:3:2360:10556:5181	chr1	152356295	152356444	True	-340	150M	255	0	5	0.5226516127586365	ambig_opp_strand	unspliced	-1	12	.	.	.	mrna
A00839:75:H7MFFDSXY:3:2516:26078:3787	chr1	152354348	152354497	False	535	150M	255	0	5	0.6977306008338928	ambig_opp_strand	unspliced	-1	12	.	.	.	mrna
A00839:75:H7MFFDSXY:3:2139:24867:15468	chr1	152357669	152357818	True	-260	150M	255	0	25	0.7981522083282471	ambig_opp_strand	unspliced	1437	12	RIGEL_NRNA_chr1_1_152335378_152364080		RIGEL_NRNA_chr1_1_152335378_152364080	nrna
A00839:75:H7MFFDSXY:3:2132:21278:15890	chr1	152352123	152352197	False	306	75M	255	0	3	0.8270359039306641	ambig_opp_strand	unspliced	1437	12	ENST00000388718.5	FLG2	ENSG00000143520.6	mrna
A00839:75:H7MFFDSXY:3:2350:2130:27477	chr1	152356491	152356640	True	-396	150M	255	0	5	0.9346669316291809	ambig_opp_strand	unspliced	-1	12	.	.	.	mrna
A00839:75:H7MFFDSXY:3:2218:28565:30107	chr1	152356555	152356704	False	465	150M	255	0	5	0.7565800547599792	ambig_opp_strand	unspliced	-1	12	.	.	.	mrna
A00839:75:H7MFFDSXY:3:1136:23411:11725	chr1	152352581	152352730	False	250	150M	255	0	3	0.8735895156860352	ambig_opp_strand	unspliced	1437	12	ENST00000388718.5	FLG2	ENSG00000143520.6	mrna
A00839:75:H7MFFDSXY:3:2522:4842:10222	chr1	152355700	152355849	False	228	150M	255	0	3	0.8765408396720886	ambig_opp_strand	unspliced	1437	12	ENST00000388718.5	FLG2	ENSG00000143520.6	mrna
A00839:75:H7MFFDSXY:3:1672:3351:1407	chr1	152351474	152351623	True	-204	150M	255	0	25	0.8213735222816467	ambig_opp_strand	unspliced	1437	12	RIGEL_NRNA_chr1_1_152335378_152364080		RIGEL_NRNA_chr1_1_152335378_152364080	nrna
A00839:75:H7MFFDSXY:3:1111:13376:9596	chr1	152350748	152350897	False	271	150M	255	0	3	0.8635894060134888	ambig_opp_strand	unspliced	1437	12	ENST00000388718.5	FLG2	ENSG00000143520.6	mrna
A00839:75:H7MFFDSXY:3:1675:11930:27414	chr1	152351045	152351194	True	-355	150M	255	0	5	0.6823276281356812	ambig_opp_strand	unspliced	-1	12	.	.	.	mrna
A00839:75:H7MFFDSXY:3:2657:2121:9392	chr1	152357156	152357305	True	-412	150M	255	0	5	0.9324856996536255	ambig_opp_strand	unspliced	-1	12	.	.	.	mrna
A00839:75:H7MFFDSXY:3:2155:13774:10441	chr1	152351249	152351398	False	209	150M	255	1	3	0.8765106201171875	ambig_opp_strand	unspliced	1437	12	ENST00000388718.5	FLG2	ENSG00000143520.6	mrna
A00839:75:H7MFFDSXY:3:1524:27118:13009	chr1	152353177	152353326	False	276	150M	255	0	3	0.8602300882339478	ambig_opp_strand	unspliced	1437	12	ENST00000388718.5	FLG2	ENSG00000143520.6	mrna
A00839:75:H7MFFDSXY:3:2668:12680:28870	chr1	152355450	152355560	True	-336	111M	255	0	25	0.48075684905052185	ambig_opp_strand	unspliced	1437	12	RIGEL_NRNA_chr1_1_152335378_152364080		RIGEL_NRNA_chr1_1_152335378_152364080	nrna
A00839:75:H7MFFDSXY:3:1152:18927:4053	chr1	152352766	152352915	True	-408	150M	255	0	5	0.9367938041687012	ambig_opp_strand	unspliced	-1	12	.	.	.	mrna
A00839:75:H7MFFDSXY:3:1659:25039:4492	chr1	152350785	152350934	False	459	150M	255	0	5	0.772636890411377	ambig_opp_strand	unspliced	-1	12	.	.	.	mrna
A00839:75:H7MFFDSXY:3:1301:14714:2895	chr1	152354350	152354499	True	-324	150M	255	0	5	0.3811255693435669	ambig_opp_strand	unspliced	-1	12	.	.	.	mrna
A00839:75:H7MFFDSXY:3:2405:5837:17331	chr1	152353561	152353708	False	178	2S148M	255	0	3	0.8702841401100159	ambig_opp_strand	unspliced	1437	12	ENST00000388718.5	FLG2	ENSG00000143520.6	mrna
A00839:75:H7MFFDSXY:3:1359:11776:3380	chr1	152357148	152357297	True	-203	150M	255	0	25	0.8197950124740601	ambig_opp_strand	unspliced	1437	12	RIGEL_NRNA_chr1_1_152335378_152364080		RIGEL_NRNA_chr1_1_152335378_152364080	nrna
A00839:75:H7MFFDSXY:3:2135:29116:23453	chr1	152355123	152355272	False	395	150M	255	1	5	0.7696388363838196	ambig_opp_strand	unspliced	-1	12	.	.	.	mrna
A00839:75:H7MFFDSXY:3:1536:2944:9784	chr1	152353066	152353120	True	-286	55M	255	0	25	0.7415689826011658	ambig_opp_strand	unspliced	1437	12	RIGEL_NRNA_chr1_1_152335378_152364080		RIGEL_NRNA_chr1_1_152335378_152364080	nrna
A00839:75:H7MFFDSXY:3:1607:29297:1908	chr1	152357429	152357578	True	-320	150M	255	0	25	0.5911386609077454	ambig_opp_strand	unspliced	1437	12	RIGEL_NRNA_chr1_1_152335378_152364080		RIGEL_NRNA_chr1_1_152335378_152364080	nrna
A00839:75:H7MFFDSXY:3:1467:31358:7012	chr1	152357018	152357167	True	-318	150M	255	0	25	0.603524386882782	ambig_opp_strand	unspliced	1437	12	RIGEL_NRNA_chr1_1_152335378_152364080		RIGEL_NRNA_chr1_1_152335378_152364080	nrna
A00839:75:H7MFFDSXY:3:2351:9543:13041	chr1	152355659	152355706	True	-279	48M	255	0	25	0.759631872177124	ambig_opp_strand	unspliced	1437	12	RIGEL_NRNA_chr1_1_152335378_152364080		RIGEL_NRNA_chr1_1_152335378_152364080	nrna
A00839:75:H7MFFDSXY:3:1440:7292:26240	chr1	152351355	152351504	False	293	150M	255	2	3	0.84641432762146	ambig_opp_strand	unspliced	1437	12	ENST00000388718.5	FLG2	ENSG00000143520.6	mrna
A00839:75:H7MFFDSXY:3:2131:6479:32847	chr1	152356872	152357021	True	-334	150M	255	0	25	0.4961030185222626	ambig_opp_strand	unspliced	1437	12	RIGEL_NRNA_chr1_1_152335378_152364080		RIGEL_NRNA_chr1_1_152335378_152364080	nrna
