qname	chrom	pos	end	is_reverse	tlen	cigar	mapq	nm	zf	zw	zc	zs	zl	zn	zt	zr	zg	pred
A00839:75:H7MFFDSXY:3:1624:11686:30154	chr11	65501040	65501189	True	-346	150M	255	0	3	0.7107172608375549	ambig_opp_strand	unspliced	3419	13	ENST00000710933.1	MALAT1	ENSG00000251562.11	mrna
A00839:75:H7MFFDSXY:3:2273:2989:12305	chr11	65504112	65504261	True	-228	150M	255	0	3	0.7396686673164368	ambig_opp_strand	unspliced	3419	12	ENST00000710862.1	MALAT1	ENSG00000251562.11	mrna
A00839:75:H7MFFDSXY:3:2476:29026:25394	chr11	65501865	65502014	True	-361	150M	255	0	3	0.539547860622406	ambig_opp_strand	unspliced	3419	18	ENST00000618132.2	MALAT1	ENSG00000251562.11	mrna
A00839:75:H7MFFDSXY:3:1458:29559:10191	chr11	65502457	65502606	True	-327	150M	255	0	3	0.9481635093688965	ambig_opp_strand	unspliced	3419	12	ENST00000618132.2	MALAT1	ENSG00000251562.11	mrna
A00839:75:H7MFFDSXY:3:1629:27028:31735	chr11	65504927	65505076	True	-267	150M	255	0	3	0.3661997616291046	ambig_opp_strand	unspliced	3419	19	ENST00000618132.2	MALAT1	ENSG00000251562.11	mrna
A00839:75:H7MFFDSXY:3:1450:10176:33019	chr11	65506517	65506666	True	-361	150M	255	0	9	0.7284287810325623	ambig_opp_strand	unspliced	3419	3	ENST00000534336.3	MALAT1	ENSG00000251562.11	mrna
A00839:75:H7MFFDSXY:3:1402:26232:19366	chr11	65505941	65506090	True	-294	150M	255	0	3	0.517391562461853	ambig_opp_strand	unspliced	3419	6	ENST00000618132.2	MALAT1	ENSG00000251562.11	mrna
A00839:75:H7MFFDSXY:3:1418:4237:10332	chr11	65500590	65500739	False	382	150M	255	0	3	0.016194472089409828	ambig_opp_strand	unspliced	3419	13	ENST00000710933.1	MALAT1	ENSG00000251562.11	mrna
A00839:75:H7MFFDSXY:3:1133:1687:33379	chr11	65504773	65504922	True	-312	150M	255	0	3	0.08271989226341248	ambig_opp_strand	unspliced	3419	19	ENST00000710949.1	MALAT1	ENSG00000251562.11	mrna
A00839:75:H7MFFDSXY:3:1316:15474:31955	chr11	65501535	65501684	False	183	150M	255	0	9	0.9540403485298157	ambig_opp_strand	unspliced	3419	17	ENST00000698129.1	TALAM1	ENSG00000289740.1	mrna
A00839:75:H7MFFDSXY:3:2163:27317:22028	chr11	65504284	65504433	True	-269	150M	255	0	3	0.7393182516098022	ambig_opp_strand	unspliced	3419	12	ENST00000710862.1	MALAT1	ENSG00000251562.11	mrna
A00839:75:H7MFFDSXY:3:2539:30535:9189	chr11	65505246	65505369	False	125	124M1S	255	4	9	0.8921422958374023	ambig_opp_strand	unspliced	3419	16	ENST00000698129.1	TALAM1	ENSG00000289740.1	mrna
A00839:75:H7MFFDSXY:3:1370:15953:4601	chr11	65500237	65500386	True	-423	150M	255	0	3	0.58756422996521	ambig_opp_strand	unspliced	3419	25	ENST00000710935.1	MALAT1	ENSG00000251562.11	mrna
A00839:75:H7MFFDSXY:3:2115:11623:16799	chr11	65502224	65502373	True	-264	150M	255	0	3	0.5403043031692505	ambig_opp_strand	unspliced	3419	22	ENST00000618132.2	MALAT1	ENSG00000251562.11	mrna
A00839:75:H7MFFDSXY:3:1670:14931:19335	chr11	65505360	65505509	True	-225	150M	255	0	3	0.5149350166320801	ambig_opp_strand	unspliced	3419	8	ENST00000618132.2	MALAT1	ENSG00000251562.11	mrna
A00839:75:H7MFFDSXY:3:1144:25473:13761	chr11	65503402	65503551	False	398	150M	255	0	5	0.6030558347702026	ambig_opp_strand	unspliced	-1	23	.	.	.	mrna
A00839:75:H7MFFDSXY:3:2503:19831:18928	chr11	65501826	65501975	False	258	150M	255	0	9	0.9530819058418274	ambig_opp_strand	unspliced	3419	20	ENST00000698129.1	TALAM1	ENSG00000289740.1	mrna
A00839:75:H7MFFDSXY:3:2204:31385:17487	chr11	65502992	65503141	False	410	150M	255	0	9	0.38499459624290466	ambig_opp_strand	unspliced	3419	18	ENST00000698129.1	TALAM1	ENSG00000289740.1	mrna
A00839:75:H7MFFDSXY:3:1540:29776:15358	chr11	65500833	65500982	False	267	150M	255	0	9	0.9343855381011963	ambig_opp_strand	unspliced	3419	13	ENST00000698129.1	TALAM1	ENSG00000289740.1	mrna
A00839:75:H7MFFDSXY:3:2131:29749:28150	chr11	65500930	65501079	False	292	150M	255	0	9	0.956516444683075	ambig_opp_strand	unspliced	3419	13	ENST00000698129.1	TALAM1	ENSG00000289740.1	mrna
A00839:75:H7MFFDSXY:3:1275:19786:24079	chr11	65505867	65506016	True	-357	150M	255	0	3	0.24576397240161896	ambig_opp_strand	unspliced	3419	6	ENST00000710862.1	MALAT1	ENSG00000251562.11	mrna
A00839:75:H7MFFDSXY:3:1119:28465:11929	chr11	65500894	65501043	False	291	150M	255	2	9	0.9255009889602661	ambig_opp_strand	unspliced	3419	13	ENST00000698129.1	TALAM1	ENSG00000289740.1	mrna
A00839:75:H7MFFDSXY:3:2247:21495:8782	chr11	65500910	65501058	False	189	149M	255	0	9	0.9385653734207153	ambig_opp_strand	unspliced	3419	13	ENST00000698129.1	TALAM1	ENSG00000289740.1	mrna
A00839:75:H7MFFDSXY:3:1443:3965:27555	chr11	65503279	65503428	True	-286	150M	255	0	3	0.016386276111006737	ambig_opp_strand	unspliced	3419	27	ENST00000710947.1	MALAT1	ENSG00000251562.11	mrna
A00839:75:H7MFFDSXY:3:2249:16523:35837	chr11	65504665	65504814	False	226	150M	255	0	9	0.9424185156822205	ambig_opp_strand	unspliced	3419	21	ENST00000698129.1	TALAM1	ENSG00000289740.1	mrna
A00839:75:H7MFFDSXY:3:2608:25554:16376	chr11	65500689	65500838	False	307	150M	255	0	9	0.9129411578178406	ambig_opp_strand	unspliced	3419	13	ENST00000698129.1	TALAM1	ENSG00000289740.1	mrna
A00839:75:H7MFFDSXY:3:1635:3206:13933	chr11	65504687	65504836	False	352	150M	255	0	9	0.7921796441078186	ambig_opp_strand	unspliced	3419	18	ENST00000698129.1	TALAM1	ENSG00000289740.1	mrna
A00839:75:H7MFFDSXY:3:2569:20356:34961	chr11	65504097	65504246	True	-264	150M	255	0	3	0.7394059896469116	ambig_opp_strand	unspliced	3419	12	ENST00000710862.1	MALAT1	ENSG00000251562.11	mrna
A00839:75:H7MFFDSXY:3:1508:12807:26678	chr11	65500600	65500749	False	421	150M	255	0	9	0.34952864050865173	ambig_opp_strand	unspliced	3419	13	ENST00000698129.1	TALAM1	ENSG00000289740.1	mrna
A00839:75:H7MFFDSXY:3:1107:21884:4789	chr11	65502022	65502171	True	-189	150M	255	0	3	0.540851354598999	ambig_opp_strand	unspliced	3419	22	ENST00000618132.2	MALAT1	ENSG00000251562.11	mrna
A00839:75:H7MFFDSXY:3:2613:14660:18834	chr11	65503960	65504109	False	286	150M	255	0	9	0.9625600576400757	ambig_opp_strand	unspliced	3419	12	ENST00000698129.1	TALAM1	ENSG00000289740.1	mrna
A00839:75:H7MFFDSXY:3:1678:31105:29778	chr11	65504772	65504921	True	-310	150M	255	0	3	0.42710593342781067	ambig_opp_strand	unspliced	3419	19	ENST00000618132.2	MALAT1	ENSG00000251562.11	mrna
A00839:75:H7MFFDSXY:3:1562:5647:36511	chr11	65504168	65504317	True	-398	150M	255	4	3	0.6696926355361938	ambig_opp_strand	unspliced	3419	12	ENST00000710862.1	MALAT1	ENSG00000251562.11	mrna
A00839:75:H7MFFDSXY:3:1230:16776:13322	chr11	65504787	65504936	False	302	150M	255	0	9	0.9201130867004395	ambig_opp_strand	unspliced	3419	19	ENST00000698129.1	TALAM1	ENSG00000289740.1	mrna
A00839:75:H7MFFDSXY:3:1555:4164:31093	chr11	65500233	65500382	False	249	150M	255	0	9	0.9457634091377258	ambig_opp_strand	unspliced	3419	26	ENST00000698129.1	TALAM1	ENSG00000289740.1	mrna
A00839:75:H7MFFDSXY:3:1475:4291:25676	chr11	65504921	65505070	False	246	150M	255	0	9	0.9416499733924866	ambig_opp_strand	unspliced	3419	19	ENST00000698129.1	TALAM1	ENSG00000289740.1	mrna
A00839:75:H7MFFDSXY:3:2118:26919:24972	chr11	65503409	65503558	False	265	150M	255	0	9	0.9537527561187744	ambig_opp_strand	unspliced	3419	23	ENST00000698129.1	TALAM1	ENSG00000289740.1	mrna
A00839:75:H7MFFDSXY:3:2614:11595:16532	chr11	65500009	65500158	False	263	150M	255	0	9	0.9428861737251282	ambig_opp_strand	unspliced	3419	26	ENST00000698129.1	TALAM1	ENSG00000289740.1	mrna
A00839:75:H7MFFDSXY:3:2618:29776:31641	chr11	65502253	65502402	True	-497	150M	255	0	3	0.9045997262001038	ambig_opp_strand	unspliced	3419	11	ENST00000618132.2	MALAT1	ENSG00000251562.11	mrna
A00839:75:H7MFFDSXY:3:2107:24740:15342	chr11	65501566	65501715	True	-261	150M	255	0	3	0.12368784099817276	ambig_opp_strand	unspliced	3419	17	ENST00000710943.1	MALAT1	ENSG00000251562.11	mrna
A00839:75:H7MFFDSXY:3:2674:17707:34507	chr11	65502179	65502328	False	323	150M	255	0	9	0.9185453653335571	ambig_opp_strand	unspliced	3419	11	ENST00000698129.1	TALAM1	ENSG00000289740.1	mrna
A00839:75:H7MFFDSXY:3:1501:31675:9596	chr11	65504914	65505063	True	-333	150M	255	0	3	0.36574995517730713	ambig_opp_strand	unspliced	3419	19	ENST00000618132.2	MALAT1	ENSG00000251562.11	mrna
A00839:75:H7MFFDSXY:3:1228:20292:25175	chr11	65504198	65504347	False	345	150M	255	0	9	0.8559997081756592	ambig_opp_strand	unspliced	3419	12	ENST00000698129.1	TALAM1	ENSG00000289740.1	mrna
A00839:75:H7MFFDSXY:3:1641:6135:25801	chr11	65506367	65506516	True	-330	150M	255	2	9	0.9092454314231873	ambig_opp_strand	unspliced	3419	3	ENST00000534336.3	MALAT1	ENSG00000251562.11	mrna
A00839:75:H7MFFDSXY:3:1159:19786:25551	chr11	65500638	65500787	True	-252	150M	255	0	3	0.1127033606171608	ambig_opp_strand	unspliced	3419	25	ENST00000710862.1	MALAT1	ENSG00000251562.11	mrna
A00839:75:H7MFFDSXY:3:2311:7536:17487	chr11	65501241	65501390	False	402	150M	255	0	5	0.6127245426177979	ambig_opp_strand	unspliced	-1	15	.	.	.	mrna
A00839:75:H7MFFDSXY:3:2145:17734:22498	chr11	65505414	65505563	False	458	150M	255	0	5	0.6089547872543335	ambig_opp_strand	unspliced	-1	6	.	.	.	mrna
A00839:75:H7MFFDSXY:3:2344:2808:7326	chr11	65500797	65500945	True	-291	149M	255	0	3	0.7121317386627197	ambig_opp_strand	unspliced	3419	13	ENST00000710933.1	MALAT1	ENSG00000251562.11	mrna
A00839:75:H7MFFDSXY:3:1506:23475:1752	chr11	65505416	65505565	False	339	150M	255	0	9	0.8677008748054504	ambig_opp_strand	unspliced	3419	6	ENST00000698129.1	TALAM1	ENSG00000289740.1	mrna
A00839:75:H7MFFDSXY:3:2649:31810:14685	chr11	65500651	65500800	False	194	150M	255	0	9	0.9392000436782837	ambig_opp_strand	unspliced	3419	13	ENST00000698129.1	TALAM1	ENSG00000289740.1	mrna
A00839:75:H7MFFDSXY:3:1328:19533:27743	chr11	65502349	65502498	False	380	150M	255	0	9	0.5049458146095276	ambig_opp_strand	unspliced	3419	13	ENST00000698129.1	TALAM1	ENSG00000289740.1	mrna
A00839:75:H7MFFDSXY:3:1515:15320:36198	chr11	65500992	65501141	True	-372	150M	255	0	3	0.1627446413040161	ambig_opp_strand	unspliced	3419	13	ENST00000710862.1	MALAT1	ENSG00000251562.11	mrna
A00839:75:H7MFFDSXY:3:1157:20419:35603	chr11	65505619	65505768	False	291	150M	255	1	9	0.9401655793190002	ambig_opp_strand	unspliced	3419	6	ENST00000698129.1	TALAM1	ENSG00000289740.1	mrna
A00839:75:H7MFFDSXY:3:2661:9959:33270	chr11	65500820	65500969	False	150	150M	255	0	5	0.03195146098732948	ambig_opp_strand	unspliced	-1	13	.	.	.	mrna
A00839:75:H7MFFDSXY:3:1341:3586:25708	chr11	65504041	65504190	False	272	150M	255	0	9	0.9682751297950745	ambig_opp_strand	unspliced	3419	12	ENST00000698129.1	TALAM1	ENSG00000289740.1	mrna
A00839:75:H7MFFDSXY:3:1524:24849:23328	chr11	65504650	65504799	True	-392	150M	255	0	3	0.19829082489013672	ambig_opp_strand	unspliced	3419	20	ENST00000710862.1	MALAT1	ENSG00000251562.11	mrna
A00839:75:H7MFFDSXY:3:1616:20708:15812	chr11	65504926	65505075	True	-289	150M	255	0	3	0.17483919858932495	ambig_opp_strand	unspliced	3419	19	ENST00000710862.1	MALAT1	ENSG00000251562.11	mrna
A00839:75:H7MFFDSXY:3:2678:18304:15937	chr11	65500572	65500721	False	191	150M	255	0	9	0.9147955775260925	ambig_opp_strand	unspliced	3419	27	ENST00000698129.1	TALAM1	ENSG00000289740.1	mrna
A00839:75:H7MFFDSXY:3:1574:16622:12430	chr11	65500495	65500644	False	303	150M	255	0	9	0.8980911374092102	ambig_opp_strand	unspliced	3419	24	ENST00000698129.1	TALAM1	ENSG00000289740.1	mrna
A00839:75:H7MFFDSXY:3:2469:31241:8030	chr11	65505959	65506068	True	-291	40S110M	255	4	3	0.5174174308776855	ambig_opp_strand	unspliced	3419	6	ENST00000618132.2	MALAT1	ENSG00000251562.11	mrna
A00839:75:H7MFFDSXY:3:2275:27073:10363	chr11	65503153	65503302	False	220	150M	255	0	9	0.9591296911239624	ambig_opp_strand	unspliced	3419	27	ENST00000698129.1	TALAM1	ENSG00000289740.1	mrna
A00839:75:H7MFFDSXY:3:2673:2022:33019	chr11	65502582	65502731	True	-412	150M	255	0	3	0.8918877243995667	ambig_opp_strand	unspliced	3419	13	ENST00000618132.2	MALAT1	ENSG00000251562.11	mrna
A00839:75:H7MFFDSXY:3:1677:3830:14669	chr11	65500555	65500704	False	458	150M	255	0	5	0.6050952672958374	ambig_opp_strand	unspliced	-1	13	.	.	.	mrna
A00839:75:H7MFFDSXY:3:2428:5981:1078	chr11	65500981	65501130	True	-354	150M	255	4	3	0.7098758816719055	ambig_opp_strand	unspliced	3419	13	ENST00000710933.1	MALAT1	ENSG00000251562.11	mrna
A00839:75:H7MFFDSXY:3:2524:14733:36683	chr11	65502067	65502216	False	490	150M	255	0	5	0.6030912399291992	ambig_opp_strand	unspliced	-1	10	.	.	.	mrna
A00839:75:H7MFFDSXY:3:2208:32027:30499	chr11	65500315	65500464	True	-378	150M	255	0	3	0.19297270476818085	ambig_opp_strand	unspliced	3419	26	ENST00000710862.1	MALAT1	ENSG00000251562.11	mrna
A00839:75:H7MFFDSXY:3:2350:17445:10942	chr11	65500782	65500931	True	-331	150M	255	0	3	0.7115017771720886	ambig_opp_strand	unspliced	3419	13	ENST00000710933.1	MALAT1	ENSG00000251562.11	mrna
A00839:75:H7MFFDSXY:3:1354:31412:17785	chr11	65501695	65501844	False	365	150M	255	0	9	0.7002817988395691	ambig_opp_strand	unspliced	3419	18	ENST00000698129.1	TALAM1	ENSG00000289740.1	mrna
A00839:75:H7MFFDSXY:3:1603:18728:4022	chr11	65502547	65502696	False	342	150M	255	0	9	0.8671410083770752	ambig_opp_strand	unspliced	3419	15	ENST00000698129.1	TALAM1	ENSG00000289740.1	mrna
A00839:75:H7MFFDSXY:3:2347:29279:23046	chr11	65506381	65506530	True	-337	150M	255	1	9	0.8839462399482727	ambig_opp_strand	unspliced	3419	3	ENST00000534336.3	MALAT1	ENSG00000251562.11	mrna
A00839:75:H7MFFDSXY:3:2243:4065:31735	chr11	65500272	65500421	False	227	150M	255	0	9	0.9473271369934082	ambig_opp_strand	unspliced	3419	26	ENST00000698129.1	TALAM1	ENSG00000289740.1	mrna
A00839:75:H7MFFDSXY:3:2354:5376:29027	chr11	65502015	65502164	True	-189	150M	255	0	3	0.2582627832889557	ambig_opp_strand	unspliced	3419	22	ENST00000710862.1	MALAT1	ENSG00000251562.11	mrna
A00839:75:H7MFFDSXY:3:1617:24921:3255	chr11	65504301	65504451	False	409	8M1D142M	255	1	5	0.6178004741668701	ambig_opp_strand	unspliced	-1	11	.	.	.	mrna
A00839:75:H7MFFDSXY:3:2413:28438:36965	chr11	65505094	65505243	False	248	150M	255	0	9	0.9414706826210022	ambig_opp_strand	unspliced	3419	15	ENST00000698129.1	TALAM1	ENSG00000289740.1	mrna
A00839:75:H7MFFDSXY:3:1572:6940:25473	chr11	65502186	65502335	False	277	150M	255	0	9	0.9597923159599304	ambig_opp_strand	unspliced	3419	12	ENST00000698129.1	TALAM1	ENSG00000289740.1	mrna
A00839:75:H7MFFDSXY:3:1506:22372:1344	chr11	65504275	65504424	False	288	150M	255	0	9	0.9619946479797363	ambig_opp_strand	unspliced	3419	12	ENST00000698129.1	TALAM1	ENSG00000289740.1	mrna
A00839:75:H7MFFDSXY:3:1132:9815:35055	chr11	65505615	65505764	True	-394	150M	255	0	3	0.5008861422538757	ambig_opp_strand	unspliced	3419	6	ENST00000618132.2	MALAT1	ENSG00000251562.11	mrna
A00839:75:H7MFFDSXY:3:1239:26250:32487	chr11	65505618	65505767	True	-244	150M	255	0	3	0.5175992846488953	ambig_opp_strand	unspliced	3419	6	ENST00000618132.2	MALAT1	ENSG00000251562.11	mrna
A00839:75:H7MFFDSXY:3:2441:8043:2425	chr11	65501503	65501652	False	490	150M	255	1	9	0.38779503107070923	ambig_opp_strand	unspliced	3419	17	ENST00000698129.1	TALAM1	ENSG00000289740.1	mrna
A00839:75:H7MFFDSXY:3:1651:10782:19633	chr11	65500994	65501093	True	-241	50S100M	255	5	3	0.7123019099235535	ambig_opp_strand	unspliced	3419	13	ENST00000710933.1	MALAT1	ENSG00000251562.11	mrna
A00839:75:H7MFFDSXY:3:1335:32579:11537	chr11	65500940	65501062	True	-123	69M1D53M	255	1	3	0.7106896638870239	ambig_opp_strand	unspliced	3419	15	ENST00000710933.1	MALAT1	ENSG00000251562.11	mrna
A00839:75:H7MFFDSXY:3:2237:30888:4977	chr11	65502744	65502893	True	-223	150M	255	0	3	0.8542736172676086	ambig_opp_strand	unspliced	3419	20	ENST00000618132.2	MALAT1	ENSG00000251562.11	mrna
A00839:75:H7MFFDSXY:3:1472:2528:4492	chr11	65505216	65505365	False	246	150M	255	0	9	0.9538700580596924	ambig_opp_strand	unspliced	3419	8	ENST00000698129.1	TALAM1	ENSG00000289740.1	mrna
A00839:75:H7MFFDSXY:3:1459:13214:25535	chr11	65506192	65506341	False	332	150M	255	0	9	0.9142224192619324	ambig_opp_strand	unspliced	3419	3	ENST00000698129.1	TALAM1	ENSG00000289740.1	mrna
A00839:75:H7MFFDSXY:3:2603:18683:4820	chr11	65503531	65503680	False	310	150M	255	0	9	0.9279899001121521	ambig_opp_strand	unspliced	3419	19	ENST00000698129.1	TALAM1	ENSG00000289740.1	mrna
A00839:75:H7MFFDSXY:3:2378:5177:7545	chr11	65505135	65505284	True	-283	150M	255	1	3	0.17519217729568481	ambig_opp_strand	unspliced	3419	15	ENST00000710862.1	MALAT1	ENSG00000251562.11	mrna
A00839:75:H7MFFDSXY:3:1570:18846:9580	chr11	65503954	65504103	True	-277	150M	255	0	3	0.6060019135475159	ambig_opp_strand	unspliced	3419	17	ENST00000618132.2	MALAT1	ENSG00000251562.11	mrna
A00839:75:H7MFFDSXY:3:2540:19967:13839	chr11	65501484	65501633	True	-280	150M	255	0	3	0.5441075563430786	ambig_opp_strand	unspliced	3419	16	ENST00000618132.2	MALAT1	ENSG00000251562.11	mrna
A00839:75:H7MFFDSXY:3:2601:17842:26349	chr11	65503844	65503993	True	-160	150M	255	0	3	0.016005219891667366	ambig_opp_strand	unspliced	3419	17	ENST00000710948.1	MALAT1	ENSG00000251562.11	mrna
A00839:75:H7MFFDSXY:3:2156:20564:15311	chr11	65504701	65504850	True	-225	150M	255	0	3	0.42722174525260925	ambig_opp_strand	unspliced	3419	20	ENST00000618132.2	MALAT1	ENSG00000251562.11	mrna
A00839:75:H7MFFDSXY:3:1345:11921:22733	chr11	65502186	65502335	False	156	150M	255	0	9	0.9453733563423157	ambig_opp_strand	unspliced	3419	22	ENST00000698129.1	TALAM1	ENSG00000289740.1	mrna
A00839:75:H7MFFDSXY:3:2256:3251:16611	chr11	65500793	65500942	True	-278	150M	255	0	3	0.07815218716859818	ambig_opp_strand	unspliced	3419	13	ENST00000710943.1	MALAT1	ENSG00000251562.11	mrna
A00839:75:H7MFFDSXY:3:2125:13856:29340	chr11	65501562	65501679	True	-118	118M	255	0	3	0.5421968102455139	ambig_opp_strand	unspliced	3419	18	ENST00000618132.2	MALAT1	ENSG00000251562.11	mrna
A00839:75:H7MFFDSXY:3:2664:11306:35571	chr11	65504507	65504656	True	-391	150M	255	0	3	0.6687073111534119	ambig_opp_strand	unspliced	3419	11	ENST00000710862.1	MALAT1	ENSG00000251562.11	mrna
A00839:75:H7MFFDSXY:3:1139:12988:24173	chr11	65501618	65501767	True	-251	150M	255	0	3	0.5440540909767151	ambig_opp_strand	unspliced	3419	17	ENST00000618132.2	MALAT1	ENSG00000251562.11	mrna
A00839:75:H7MFFDSXY:3:1439:32045:8923	chr11	65500301	65500450	False	281	150M	255	0	9	0.9368119239807129	ambig_opp_strand	unspliced	3419	26	ENST00000698129.1	TALAM1	ENSG00000289740.1	mrna
A00839:75:H7MFFDSXY:3:1339:26765:22670	chr11	65503423	65503572	False	269	150M	255	0	9	0.9526491761207581	ambig_opp_strand	unspliced	3419	23	ENST00000698129.1	TALAM1	ENSG00000289740.1	mrna
A00839:75:H7MFFDSXY:3:2454:2582:14293	chr11	65502745	65502894	False	446	150M	255	1	9	0.38729774951934814	ambig_opp_strand	unspliced	3419	16	ENST00000698129.1	TALAM1	ENSG00000289740.1	mrna
A00839:75:H7MFFDSXY:3:2305:8703:29371	chr11	65501408	65501557	True	-219	150M	255	1	3	0.2598873972892761	ambig_opp_strand	unspliced	3419	16	ENST00000710862.1	MALAT1	ENSG00000251562.11	mrna
A00839:75:H7MFFDSXY:3:1212:11297:3552	chr11	65502090	65502239	True	-355	150M	255	0	3	0.5380455255508423	ambig_opp_strand	unspliced	3419	20	ENST00000618132.2	MALAT1	ENSG00000251562.11	mrna
A00839:75:H7MFFDSXY:3:1559:20455:16031	chr11	65503785	65503934	True	-196	150M	255	0	3	0.6061505675315857	ambig_opp_strand	unspliced	3419	17	ENST00000618132.2	MALAT1	ENSG00000251562.11	mrna
A00839:75:H7MFFDSXY:3:1168:32886:32863	chr11	65504520	65504669	True	-250	150M	255	1	3	0.42720624804496765	ambig_opp_strand	unspliced	3419	20	ENST00000618132.2	MALAT1	ENSG00000251562.11	mrna
A00839:75:H7MFFDSXY:3:2674:25807:16470	chr11	65505762	65505911	True	-288	150M	255	0	3	0.5174400210380554	ambig_opp_strand	unspliced	3419	6	ENST00000618132.2	MALAT1	ENSG00000251562.11	mrna
A00839:75:H7MFFDSXY:3:1336:29622:35509	chr11	65500918	65501067	False	318	150M	255	0	9	0.9300996661186218	ambig_opp_strand	unspliced	3419	13	ENST00000698129.1	TALAM1	ENSG00000289740.1	mrna
A00839:75:H7MFFDSXY:3:2209:1615:27273	chr11	65503098	65503247	True	-194	150M	255	0	3	0.8359941244125366	ambig_opp_strand	unspliced	3419	18	ENST00000618132.2	MALAT1	ENSG00000251562.11	mrna
A00839:75:H7MFFDSXY:3:2435:13639:32847	chr11	65504604	65504753	True	-150	150M	255	0	3	0.42705291509628296	ambig_opp_strand	unspliced	3419	20	ENST00000618132.2	MALAT1	ENSG00000251562.11	mrna
A00839:75:H7MFFDSXY:3:2602:31340:20478	chr11	65504546	65504695	True	-272	150M	255	0	3	0.20397211611270905	ambig_opp_strand	unspliced	3419	20	ENST00000710862.1	MALAT1	ENSG00000251562.11	mrna
A00839:75:H7MFFDSXY:3:2637:25292:35336	chr11	65501392	65501541	False	334	150M	255	1	9	0.8844555616378784	ambig_opp_strand	unspliced	3419	16	ENST00000698129.1	TALAM1	ENSG00000289740.1	mrna
A00839:75:H7MFFDSXY:3:2528:17400:20572	chr11	65505171	65505320	False	334	150M	255	1	9	0.8830458521842957	ambig_opp_strand	unspliced	3419	8	ENST00000698129.1	TALAM1	ENSG00000289740.1	mrna
A00839:75:H7MFFDSXY:3:1442:24325:28307	chr11	65500548	65500697	False	249	150M	255	0	9	0.9187793135643005	ambig_opp_strand	unspliced	3419	25	ENST00000698129.1	TALAM1	ENSG00000289740.1	mrna
A00839:75:H7MFFDSXY:3:2630:32895:19100	chr11	65500377	65500526	True	-248	150M	255	0	3	0.5394818186759949	ambig_opp_strand	unspliced	3419	26	ENST00000710935.1	MALAT1	ENSG00000251562.11	mrna
A00839:75:H7MFFDSXY:3:1547:29225:31344	chr11	65501156	65501305	False	413	150M	255	0	9	0.35151901841163635	ambig_opp_strand	unspliced	3419	15	ENST00000698129.1	TALAM1	ENSG00000289740.1	mrna
A00839:75:H7MFFDSXY:3:1160:15917:36072	chr11	65504284	65504351	True	-317	82S68M	255	3	3	0.7374115586280823	ambig_opp_strand	unspliced	3419	12	ENST00000710862.1	MALAT1	ENSG00000251562.11	mrna
A00839:75:H7MFFDSXY:3:1512:12445:12367	chr11	65505465	65505614	False	238	150M	255	0	9	0.9548338055610657	ambig_opp_strand	unspliced	3419	6	ENST00000698129.1	TALAM1	ENSG00000289740.1	mrna
A00839:75:H7MFFDSXY:3:1373:26946:13495	chr11	65503495	65503644	False	309	150M	255	0	9	0.9284065961837769	ambig_opp_strand	unspliced	3419	19	ENST00000698129.1	TALAM1	ENSG00000289740.1	mrna
A00839:75:H7MFFDSXY:3:1543:2365:3803	chr11	65505260	65505409	True	-285	150M	255	0	3	0.08341269195079803	ambig_opp_strand	unspliced	3419	15	ENST00000710943.1	MALAT1	ENSG00000251562.11	mrna
A00839:75:H7MFFDSXY:3:1475:5493:20682	chr11	65501887	65502036	False	328	150M	255	0	9	0.8984068036079407	ambig_opp_strand	unspliced	3419	20	ENST00000698129.1	TALAM1	ENSG00000289740.1	mrna
A00839:75:H7MFFDSXY:3:2601:2582:35900	chr11	65504139	65504288	False	322	150M	255	0	9	0.9264091849327087	ambig_opp_strand	unspliced	3419	12	ENST00000698129.1	TALAM1	ENSG00000289740.1	mrna
A00839:75:H7MFFDSXY:3:2557:6352:21981	chr11	65501074	65501223	True	-274	150M	255	0	3	0.2705678343772888	ambig_opp_strand	unspliced	3419	13	ENST00000710943.1	MALAT1	ENSG00000251562.11	mrna
A00839:75:H7MFFDSXY:3:1623:7166:3912	chr11	65504321	65504470	False	340	150M	255	0	9	0.8760343194007874	ambig_opp_strand	unspliced	3419	12	ENST00000698129.1	TALAM1	ENSG00000289740.1	mrna
A00839:75:H7MFFDSXY:3:1222:10936:34272	chr11	65504667	65504816	True	-299	150M	255	2	3	0.4270389974117279	ambig_opp_strand	unspliced	3419	20	ENST00000618132.2	MALAT1	ENSG00000251562.11	mrna
A00839:75:H7MFFDSXY:3:2218:17788:8625	chr11	65505516	65505665	False	319	150M	255	0	9	0.9119696617126465	ambig_opp_strand	unspliced	3419	6	ENST00000698129.1	TALAM1	ENSG00000289740.1	mrna
A00839:75:H7MFFDSXY:3:2546:11270:12054	chr11	65504383	65504532	False	154	150M	255	0	9	0.9363886713981628	ambig_opp_strand	unspliced	3419	22	ENST00000698129.1	TALAM1	ENSG00000289740.1	mrna
A00839:75:H7MFFDSXY:3:2265:29215:26631	chr11	65500806	65500955	False	344	150M	255	0	9	0.831611156463623	ambig_opp_strand	unspliced	3419	13	ENST00000698129.1	TALAM1	ENSG00000289740.1	mrna
A00839:75:H7MFFDSXY:3:2345:31060:13886	chr11	65501946	65502095	True	-348	150M	255	0	9	0.020448949187994003	ambig_opp_strand	unspliced	3419	19	ENST00000534336.3	MALAT1	ENSG00000251562.11	mrna
A00839:75:H7MFFDSXY:3:2178:10990:14011	chr11	65500059	65500208	False	343	150M	255	0	9	0.8427688479423523	ambig_opp_strand	unspliced	3419	26	ENST00000698129.1	TALAM1	ENSG00000289740.1	mrna
A00839:75:H7MFFDSXY:3:2654:14009:23563	chr11	65504835	65504984	False	192	150M	255	0	9	0.9413599371910095	ambig_opp_strand	unspliced	3419	19	ENST00000698129.1	TALAM1	ENSG00000289740.1	mrna
A00839:75:H7MFFDSXY:3:1426:11514:10441	chr11	65503874	65504023	True	-399	150M	255	1	3	0.2763848602771759	ambig_opp_strand	unspliced	3419	17	ENST00000710862.1	MALAT1	ENSG00000251562.11	mrna
A00839:75:H7MFFDSXY:3:1477:16486:37027	chr11	65500742	65500891	True	-307	150M	255	0	3	0.7119734287261963	ambig_opp_strand	unspliced	3419	13	ENST00000710933.1	MALAT1	ENSG00000251562.11	mrna
A00839:75:H7MFFDSXY:3:1442:5755:9236	chr11	65505295	65505444	True	-354	150M	255	0	3	0.15211276710033417	ambig_opp_strand	unspliced	3419	15	ENST00000710951.1	MALAT1	ENSG00000251562.11	mrna
A00839:75:H7MFFDSXY:3:1633:8287:2472	chr11	65502574	65502723	True	-431	150M	255	0	9	0.033815618604421616	ambig_opp_strand	unspliced	3419	13	ENST00000534336.3	MALAT1	ENSG00000251562.11	mrna
A00839:75:H7MFFDSXY:3:2402:1118:7748	chr11	65502264	65502413	False	500	150M	255	0	9	0.3493729531764984	ambig_opp_strand	unspliced	3419	12	ENST00000698129.1	TALAM1	ENSG00000289740.1	mrna
A00839:75:H7MFFDSXY:3:2624:6605:17472	chr11	65500744	65500893	True	-217	150M	255	1	3	0.7123127579689026	ambig_opp_strand	unspliced	3419	13	ENST00000710933.1	MALAT1	ENSG00000251562.11	mrna
A00839:75:H7MFFDSXY:3:1476:12454:5337	chr11	65500305	65500454	True	-280	150M	255	0	3	0.09327178448438644	ambig_opp_strand	unspliced	3419	26	ENST00000710943.1	MALAT1	ENSG00000251562.11	mrna
A00839:75:H7MFFDSXY:3:1177:31177:21355	chr11	65503217	65503366	False	333	150M	255	0	9	0.8878332376480103	ambig_opp_strand	unspliced	3419	27	ENST00000698129.1	TALAM1	ENSG00000289740.1	mrna
A00839:75:H7MFFDSXY:3:2423:15935:25770	chr11	65505212	65505361	True	-231	150M	255	0	3	0.3669586479663849	ambig_opp_strand	unspliced	3419	15	ENST00000618132.2	MALAT1	ENSG00000251562.11	mrna
A00839:75:H7MFFDSXY:3:1369:25889:10974	chr11	65503838	65503987	False	373	150M	255	0	9	0.6005153059959412	ambig_opp_strand	unspliced	3419	12	ENST00000698129.1	TALAM1	ENSG00000289740.1	mrna
A00839:75:H7MFFDSXY:3:1318:5448:28275	chr11	65503599	65503748	True	-403	150M	255	0	3	0.27235639095306396	ambig_opp_strand	unspliced	3419	23	ENST00000710862.1	MALAT1	ENSG00000251562.11	mrna
A00839:75:H7MFFDSXY:3:1415:21630:35665	chr11	65500947	65501095	False	255	149M	255	8	9	0.9372749924659729	ambig_opp_strand	unspliced	3419	15	ENST00000698129.1	TALAM1	ENSG00000289740.1	mrna
A00839:75:H7MFFDSXY:3:1448:15049:23265	chr11	65504438	65504587	False	207	150M	255	0	9	0.9485682845115662	ambig_opp_strand	unspliced	3419	20	ENST00000698129.1	TALAM1	ENSG00000289740.1	mrna
A00839:75:H7MFFDSXY:3:1629:28836:16861	chr11	65500811	65500960	True	-350	150M	255	0	3	0.1637178212404251	ambig_opp_strand	unspliced	3419	13	ENST00000710862.1	MALAT1	ENSG00000251562.11	mrna
A00839:75:H7MFFDSXY:3:1377:22046:13808	chr11	65500645	65500794	True	-300	150M	255	1	3	0.3102901577949524	ambig_opp_strand	unspliced	3419	24	ENST00000710935.1	MALAT1	ENSG00000251562.11	mrna
A00839:75:H7MFFDSXY:3:1571:26594:19179	chr11	65503991	65504140	False	418	150M	255	0	9	0.3600619435310364	ambig_opp_strand	unspliced	3419	12	ENST00000698129.1	TALAM1	ENSG00000289740.1	mrna
A00839:75:H7MFFDSXY:3:2402:22299:16595	chr11	65504887	65505036	True	-301	150M	255	0	3	0.17481273412704468	ambig_opp_strand	unspliced	3419	19	ENST00000710862.1	MALAT1	ENSG00000251562.11	mrna
A00839:75:H7MFFDSXY:3:2405:17924:25457	chr11	65506142	65506291	True	-402	150M	255	0	3	0.4763661324977875	ambig_opp_strand	unspliced	3419	5	ENST00000710862.1	MALAT1	ENSG00000251562.11	mrna
A00839:75:H7MFFDSXY:3:1505:5077:34554	chr11	65503267	65503416	True	-338	150M	255	0	3	0.8329405188560486	ambig_opp_strand	unspliced	3419	18	ENST00000618132.2	MALAT1	ENSG00000251562.11	mrna
A00839:75:H7MFFDSXY:3:1614:26485:12759	chr11	65506390	65506539	True	-263	150M	255	0	9	0.9782613515853882	ambig_opp_strand	unspliced	3419	3	ENST00000534336.3	MALAT1	ENSG00000251562.11	mrna
A00839:75:H7MFFDSXY:3:2552:23764:30091	chr11	65505770	65505917	True	-148	148M	255	0	3	0.5174029469490051	ambig_opp_strand	unspliced	3419	6	ENST00000618132.2	MALAT1	ENSG00000251562.11	mrna
A00839:75:H7MFFDSXY:3:1142:21206:2143	chr11	65504322	65504471	True	-229	150M	255	0	3	0.7396640777587891	ambig_opp_strand	unspliced	3419	12	ENST00000710862.1	MALAT1	ENSG00000251562.11	mrna
A00839:75:H7MFFDSXY:3:1625:30355:18396	chr11	65501247	65501382	True	-334	8S136M	255	0	3	0.12300115823745728	ambig_opp_strand	unspliced	3419	16	ENST00000710943.1	MALAT1	ENSG00000251562.11	mrna
A00839:75:H7MFFDSXY:3:2111:7753:12320	chr11	65505524	65505673	False	216	150M	255	0	9	0.9553571939468384	ambig_opp_strand	unspliced	3419	6	ENST00000698129.1	TALAM1	ENSG00000289740.1	mrna
A00839:75:H7MFFDSXY:3:1422:14597:21825	chr11	65500444	65500593	True	-377	150M	255	0	3	0.09199338406324387	ambig_opp_strand	unspliced	3419	26	ENST00000710943.1	MALAT1	ENSG00000251562.11	mrna
A00839:75:H7MFFDSXY:3:1310:26332:28463	chr11	65501376	65501525	True	-245	150M	255	0	3	0.2598786950111389	ambig_opp_strand	unspliced	3419	16	ENST00000710862.1	MALAT1	ENSG00000251562.11	mrna
A00839:75:H7MFFDSXY:3:1314:11695:26631	chr11	65500860	65501009	True	-320	150M	255	0	3	0.7117691040039062	ambig_opp_strand	unspliced	3419	13	ENST00000710933.1	MALAT1	ENSG00000251562.11	mrna
A00839:75:H7MFFDSXY:3:2414:4029:4210	chr11	65502691	65502840	True	-228	150M	255	0	3	0.9444414973258972	ambig_opp_strand	unspliced	3419	16	ENST00000618132.2	MALAT1	ENSG00000251562.11	mrna
A00839:75:H7MFFDSXY:3:2321:3351:11083	chr11	65505332	65505481	True	-209	150M	255	1	3	0.5149320363998413	ambig_opp_strand	unspliced	3419	8	ENST00000618132.2	MALAT1	ENSG00000251562.11	mrna
A00839:75:H7MFFDSXY:3:1460:2049:21198	chr11	65503219	65503368	False	184	150M	255	0	9	0.9568312764167786	ambig_opp_strand	unspliced	3419	27	ENST00000698129.1	TALAM1	ENSG00000289740.1	mrna
A00839:75:H7MFFDSXY:3:1558:12952:5948	chr11	65502629	65502778	False	298	150M	255	0	9	0.9484782814979553	ambig_opp_strand	unspliced	3419	16	ENST00000698129.1	TALAM1	ENSG00000289740.1	mrna
A00839:75:H7MFFDSXY:3:2459:7075:32847	chr11	65504776	65504925	True	-379	150M	255	0	3	0.4201197028160095	ambig_opp_strand	unspliced	3419	19	ENST00000618132.2	MALAT1	ENSG00000251562.11	mrna
A00839:75:H7MFFDSXY:3:2609:5376:32972	chr11	65504592	65504741	False	307	150M	255	0	9	0.9211962819099426	ambig_opp_strand	unspliced	3419	19	ENST00000698129.1	TALAM1	ENSG00000289740.1	mrna
A00839:75:H7MFFDSXY:3:2640:9426:2096	chr11	65501670	65501819	False	157	150M	255	0	5	0.024102995172142982	ambig_opp_strand	unspliced	-1	18	.	.	.	mrna
A00839:75:H7MFFDSXY:3:2410:11858:19429	chr11	65504930	65505079	False	358	150M	255	0	5	0.21559195220470428	ambig_opp_strand	unspliced	-1	15	.	.	.	mrna
A00839:75:H7MFFDSXY:3:2405:11116:5995	chr11	65503563	65503712	False	367	150M	255	0	9	0.6736442446708679	ambig_opp_strand	unspliced	3419	17	ENST00000698129.1	TALAM1	ENSG00000289740.1	mrna
A00839:75:H7MFFDSXY:3:1106:17671:31876	chr11	65504072	65504221	True	-230	150M	255	0	9	0.058511245995759964	ambig_opp_strand	unspliced	3419	12	ENST00000534336.3	MALAT1	ENSG00000251562.11	mrna
A00839:75:H7MFFDSXY:3:1406:23981:28150	chr11	65502561	65502710	False	283	150M	255	1	9	0.9574158191680908	ambig_opp_strand	unspliced	3419	15	ENST00000698129.1	TALAM1	ENSG00000289740.1	mrna
A00839:75:H7MFFDSXY:3:1252:2908:1955	chr11	65505427	65505576	False	254	150M	255	0	9	0.95267653465271	ambig_opp_strand	unspliced	3419	6	ENST00000698129.1	TALAM1	ENSG00000289740.1	mrna
A00839:75:H7MFFDSXY:3:2637:19985:37012	chr11	65505286	65505435	False	369	150M	255	0	9	0.6478022336959839	ambig_opp_strand	unspliced	3419	8	ENST00000698129.1	TALAM1	ENSG00000289740.1	mrna
A00839:75:H7MFFDSXY:3:1564:29622:7607	chr11	65504713	65504862	True	-289	150M	255	0	3	0.20394353568553925	ambig_opp_strand	unspliced	3419	20	ENST00000710862.1	MALAT1	ENSG00000251562.11	mrna
A00839:75:H7MFFDSXY:3:1146:32759:16955	chr11	65505640	65505789	False	287	150M	255	0	9	0.9421286582946777	ambig_opp_strand	unspliced	3419	6	ENST00000698129.1	TALAM1	ENSG00000289740.1	mrna
A00839:75:H7MFFDSXY:3:1317:28700:22795	chr11	65500165	65500314	False	350	150M	255	0	9	0.8070831298828125	ambig_opp_strand	unspliced	3419	26	ENST00000698129.1	TALAM1	ENSG00000289740.1	mrna
A00839:75:H7MFFDSXY:3:2503:27444:25661	chr11	65505827	65505976	True	-281	150M	255	0	3	0.5174745917320251	ambig_opp_strand	unspliced	3419	6	ENST00000618132.2	MALAT1	ENSG00000251562.11	mrna
A00839:75:H7MFFDSXY:3:1255:13467:32925	chr11	65505053	65505202	False	428	150M	255	0	5	0.6087942123413086	ambig_opp_strand	unspliced	-1	8	.	.	.	mrna
A00839:75:H7MFFDSXY:3:2276:8992:33348	chr11	65504309	65504451	False	200	7S143M	255	0	9	0.9721721410751343	ambig_opp_strand	unspliced	3419	13	ENST00000698129.1	TALAM1	ENSG00000289740.1	mrna
A00839:75:H7MFFDSXY:3:1516:12491:3928	chr11	65500070	65500219	False	334	150M	255	0	9	0.8764345049858093	ambig_opp_strand	unspliced	3419	26	ENST00000698129.1	TALAM1	ENSG00000289740.1	mrna
A00839:75:H7MFFDSXY:3:2428:2239:14794	chr11	65506228	65506377	False	468	150M	255	0	5	0.635376513004303	ambig_opp_strand	unspliced	-1	3	.	.	.	mrna
A00839:75:H7MFFDSXY:3:1232:12563:16955	chr11	65501392	65501541	True	-318	150M	255	0	3	0.25975725054740906	ambig_opp_strand	unspliced	3419	15	ENST00000710862.1	MALAT1	ENSG00000251562.11	mrna
A00839:75:H7MFFDSXY:3:2543:3568:13275	chr11	65505545	65505694	True	-195	150M	255	0	3	0.2153409868478775	ambig_opp_strand	unspliced	3419	6	ENST00000710951.1	MALAT1	ENSG00000251562.11	mrna
A00839:75:H7MFFDSXY:3:1253:22272:20462	chr11	65500979	65501128	True	-264	150M	255	0	3	0.7122533321380615	ambig_opp_strand	unspliced	3419	13	ENST00000710933.1	MALAT1	ENSG00000251562.11	mrna
A00839:75:H7MFFDSXY:3:1644:26359:18865	chr11	65500649	65500798	False	330	150M	255	0	9	0.8802478909492493	ambig_opp_strand	unspliced	3419	13	ENST00000698129.1	TALAM1	ENSG00000289740.1	mrna
A00839:75:H7MFFDSXY:3:1169:11116:26600	chr11	65501009	65501157	True	-258	12M1I137M	255	1	3	0.7122699618339539	ambig_opp_strand	unspliced	3419	13	ENST00000710933.1	MALAT1	ENSG00000251562.11	mrna
A00839:75:H7MFFDSXY:3:2352:22996:17581	chr11	65501867	65502016	True	-225	150M	255	0	3	0.04418333247303963	ambig_opp_strand	unspliced	3419	20	ENST00000508832.3	MALAT1	ENSG00000251562.11	mrna
A00839:75:H7MFFDSXY:3:1327:13096:22576	chr11	65501382	65501531	True	-293	150M	255	0	3	0.544355034828186	ambig_opp_strand	unspliced	3419	15	ENST00000618132.2	MALAT1	ENSG00000251562.11	mrna
A00839:75:H7MFFDSXY:3:1629:11116:34147	chr11	65500283	65500432	False	256	150M	255	0	9	0.944425106048584	ambig_opp_strand	unspliced	3419	26	ENST00000698129.1	TALAM1	ENSG00000289740.1	mrna
A00839:75:H7MFFDSXY:3:2563:16595:26287	chr11	65505813	65505962	True	-151	150M	255	4	3	0.24707593023777008	ambig_opp_strand	unspliced	3419	6	ENST00000710862.1	MALAT1	ENSG00000251562.11	mrna
A00839:75:H7MFFDSXY:3:1162:16731:17409	chr11	65504424	65504517	False	94	94M	255	0	9	0.9077765345573425	ambig_opp_strand	unspliced	3419	22	ENST00000698129.1	TALAM1	ENSG00000289740.1	mrna
A00839:75:H7MFFDSXY:3:2453:18593:19069	chr11	65503448	65503597	True	-346	150M	255	0	3	0.2820393443107605	ambig_opp_strand	unspliced	3419	26	ENST00000710862.1	MALAT1	ENSG00000251562.11	mrna
A00839:75:H7MFFDSXY:3:1608:30535:24314	chr11	65505449	65505598	False	285	150M	255	0	9	0.9430634379386902	ambig_opp_strand	unspliced	3419	6	ENST00000698129.1	TALAM1	ENSG00000289740.1	mrna
A00839:75:H7MFFDSXY:3:1304:3115:12273	chr11	65504317	65504466	False	302	150M	255	0	9	0.9486564993858337	ambig_opp_strand	unspliced	3419	12	ENST00000698129.1	TALAM1	ENSG00000289740.1	mrna
A00839:75:H7MFFDSXY:3:2276:26530:25175	chr11	65503072	65503214	False	174	143M7S	255	9	9	0.9628187417984009	ambig_opp_strand	unspliced	3419	18	ENST00000698129.1	TALAM1	ENSG00000289740.1	mrna
A00839:75:H7MFFDSXY:3:1217:24668:22921	chr11	65505248	65505397	False	393	150M	255	0	5	0.6090333461761475	ambig_opp_strand	unspliced	-1	8	.	.	.	mrna
A00839:75:H7MFFDSXY:3:2336:6343:6308	chr11	65501485	65501634	True	-234	150M	255	0	3	0.5440783500671387	ambig_opp_strand	unspliced	3419	17	ENST00000618132.2	MALAT1	ENSG00000251562.11	mrna
A00839:75:H7MFFDSXY:3:1451:17562:23860	chr11	65505806	65505955	True	-329	150M	255	0	3	0.24677374958992004	ambig_opp_strand	unspliced	3419	6	ENST00000710862.1	MALAT1	ENSG00000251562.11	mrna
A00839:75:H7MFFDSXY:3:2660:26955:20087	chr11	65505544	65505693	False	287	150M	255	0	9	0.9421286582946777	ambig_opp_strand	unspliced	3419	6	ENST00000698129.1	TALAM1	ENSG00000289740.1	mrna
A00839:75:H7MFFDSXY:3:2443:5665:3505	chr11	65500244	65500393	True	-171	150M	255	0	3	0.10025640577077866	ambig_opp_strand	unspliced	3419	27	ENST00000710944.1	MALAT1	ENSG00000251562.11	mrna
A00839:75:H7MFFDSXY:3:2643:9390:11177	chr11	65501066	65501215	False	273	150M	255	0	9	0.9490631818771362	ambig_opp_strand	unspliced	3419	16	ENST00000698129.1	TALAM1	ENSG00000289740.1	mrna
A00839:75:H7MFFDSXY:3:1468:22851:31955	chr11	65502174	65502323	True	-366	150M	255	0	3	0.5357213616371155	ambig_opp_strand	unspliced	3419	21	ENST00000618132.2	MALAT1	ENSG00000251562.11	mrna
A00839:75:H7MFFDSXY:3:1547:17463:1204	chr11	65504378	65504527	True	-626	150M	255	0	3	1.0	unambig	spliced_annot	3419	1	ENST00000710947.1	MALAT1	ENSG00000251562.11	mrna
A00839:75:H7MFFDSXY:3:1206:17806:33520	chr11	65500020	65500169	False	388	150M	255	0	5	0.584729790687561	ambig_opp_strand	unspliced	-1	26	.	.	.	mrna
A00839:75:H7MFFDSXY:3:1363:15682:16626	chr11	65504034	65504183	True	-391	150M	255	0	3	0.5806618332862854	ambig_opp_strand	unspliced	3419	17	ENST00000618132.2	MALAT1	ENSG00000251562.11	mrna
A00839:75:H7MFFDSXY:3:2535:8169:2394	chr11	65500063	65500212	False	305	150M	255	0	9	0.9220665097236633	ambig_opp_strand	unspliced	3419	26	ENST00000698129.1	TALAM1	ENSG00000289740.1	mrna
A00839:75:H7MFFDSXY:3:1136:21016:20228	chr11	65505932	65506081	True	-294	150M	255	0	3	0.21525484323501587	ambig_opp_strand	unspliced	3419	6	ENST00000710951.1	MALAT1	ENSG00000251562.11	mrna
A00839:75:H7MFFDSXY:3:2571:11369:9878	chr11	65503918	65504067	False	358	150M	255	0	9	0.7698847055435181	ambig_opp_strand	unspliced	3419	12	ENST00000698129.1	TALAM1	ENSG00000289740.1	mrna
A00839:75:H7MFFDSXY:3:2632:11740:23390	chr11	65504713	65504862	False	275	150M	255	0	9	0.9340684413909912	ambig_opp_strand	unspliced	3419	22	ENST00000698129.1	TALAM1	ENSG00000289740.1	mrna
A00839:75:H7MFFDSXY:3:1649:30544:12994	chr11	65503038	65503187	False	252	150M	255	0	9	0.9649479389190674	ambig_opp_strand	unspliced	3419	18	ENST00000698129.1	TALAM1	ENSG00000289740.1	mrna
A00839:75:H7MFFDSXY:3:2218:11125:6480	chr11	65500070	65500219	False	394	150M	255	0	9	0.39404815435409546	ambig_opp_strand	unspliced	3419	26	ENST00000698129.1	TALAM1	ENSG00000289740.1	mrna
A00839:75:H7MFFDSXY:3:2626:25654:31673	chr11	65501590	65501739	True	-383	150M	255	0	3	0.5296235680580139	ambig_opp_strand	unspliced	3419	16	ENST00000618132.2	MALAT1	ENSG00000251562.11	mrna
A00839:75:H7MFFDSXY:3:1109:10465:26506	chr11	65501947	65502096	True	-375	150M	255	1	3	0.5344854593276978	ambig_opp_strand	unspliced	3419	18	ENST00000618132.2	MALAT1	ENSG00000251562.11	mrna
A00839:75:H7MFFDSXY:3:2157:2248:7451	chr11	65504725	65504874	False	351	150M	255	1	5	0.16436521708965302	ambig_opp_strand	unspliced	-1	19	.	.	.	mrna
A00839:75:H7MFFDSXY:3:2214:19660:35603	chr11	65505527	65505676	True	-401	150M	255	0	3	0.49996840953826904	ambig_opp_strand	unspliced	3419	6	ENST00000618132.2	MALAT1	ENSG00000251562.11	mrna
A00839:75:H7MFFDSXY:3:1402:12518:33254	chr11	65500701	65500850	True	-316	150M	255	0	3	0.7118437886238098	ambig_opp_strand	unspliced	3419	13	ENST00000710933.1	MALAT1	ENSG00000251562.11	mrna
A00839:75:H7MFFDSXY:3:2370:13304:36652	chr11	65502176	65502325	True	-340	150M	255	0	3	0.5394748449325562	ambig_opp_strand	unspliced	3419	21	ENST00000618132.2	MALAT1	ENSG00000251562.11	mrna
A00839:75:H7MFFDSXY:3:1509:8576:28902	chr11	65503606	65503755	False	392	150M	255	0	5	0.6030727624893188	ambig_opp_strand	unspliced	-1	17	.	.	.	mrna
A00839:75:H7MFFDSXY:3:2627:3025:10457	chr11	65500721	65500870	False	232	150M	255	0	9	0.9399553537368774	ambig_opp_strand	unspliced	3419	13	ENST00000698129.1	TALAM1	ENSG00000289740.1	mrna
A00839:75:H7MFFDSXY:3:2467:7473:7701	chr11	65500441	65500590	True	-230	150M	255	0	3	0.09329035878181458	ambig_opp_strand	unspliced	3419	26	ENST00000710943.1	MALAT1	ENSG00000251562.11	mrna
A00839:75:H7MFFDSXY:3:1537:25021:20306	chr11	65506283	65506432	True	-174	150M	255	0	3	0.44631874561309814	ambig_opp_strand	unspliced	3419	7	ENST00000710951.1	MALAT1	ENSG00000251562.11	mrna
A00839:75:H7MFFDSXY:3:1438:29668:21966	chr11	65500555	65500704	True	-295	150M	255	0	3	0.45941582322120667	ambig_opp_strand	unspliced	3419	27	ENST00000710933.1	MALAT1	ENSG00000251562.11	mrna
A00839:75:H7MFFDSXY:3:2533:27877:19523	chr11	65501442	65501591	True	-243	150M	255	0	3	0.544236958026886	ambig_opp_strand	unspliced	3419	16	ENST00000618132.2	MALAT1	ENSG00000251562.11	mrna
A00839:75:H7MFFDSXY:3:1503:20600:36980	chr11	65500370	65500519	True	-220	150M	255	0	3	0.5394980907440186	ambig_opp_strand	unspliced	3419	26	ENST00000710935.1	MALAT1	ENSG00000251562.11	mrna
A00839:75:H7MFFDSXY:3:1122:4969:31078	chr11	65504712	65504861	False	297	150M	255	0	9	0.9239161610603333	ambig_opp_strand	unspliced	3419	22	ENST00000698129.1	TALAM1	ENSG00000289740.1	mrna
A00839:75:H7MFFDSXY:3:2315:9552:19977	chr11	65502404	65502553	True	-243	150M	255	0	3	0.9498112797737122	ambig_opp_strand	unspliced	3419	14	ENST00000618132.2	MALAT1	ENSG00000251562.11	mrna
A00839:75:H7MFFDSXY:3:1344:23538:34741	chr11	65503230	65503370	False	141	141M	255	0	9	0.9342699646949768	ambig_opp_strand	unspliced	3419	27	ENST00000698129.1	TALAM1	ENSG00000289740.1	mrna
A00839:75:H7MFFDSXY:3:1266:6831:19492	chr11	65505180	65505329	False	281	150M	255	0	9	0.9443695545196533	ambig_opp_strand	unspliced	3419	8	ENST00000698129.1	TALAM1	ENSG00000289740.1	mrna
A00839:75:H7MFFDSXY:3:2359:16052:13761	chr11	65505904	65506053	False	230	150M	255	1	9	0.9712706804275513	ambig_opp_strand	unspliced	3419	5	ENST00000698129.1	TALAM1	ENSG00000289740.1	mrna
A00839:75:H7MFFDSXY:3:1120:9028:11240	chr11	65503203	65503352	False	301	150M	255	0	9	0.9364948272705078	ambig_opp_strand	unspliced	3419	27	ENST00000698129.1	TALAM1	ENSG00000289740.1	mrna
A00839:75:H7MFFDSXY:3:2569:19804:25207	chr11	65500843	65500992	True	-368	150M	255	0	3	0.707403302192688	ambig_opp_strand	unspliced	3419	13	ENST00000710933.1	MALAT1	ENSG00000251562.11	mrna
A00839:75:H7MFFDSXY:3:1608:26431:9377	chr11	65503222	65503346	False	125	125M	255	1	9	0.9069667458534241	ambig_opp_strand	unspliced	3419	27	ENST00000698129.1	TALAM1	ENSG00000289740.1	mrna
A00839:75:H7MFFDSXY:3:1503:23122:13416	chr11	65500244	65500393	False	452	150M	255	0	9	0.5974269509315491	ambig_opp_strand	spliced_implicit	3419	26	ENST00000698129.1	TALAM1	ENSG00000289740.1	mrna
A00839:75:H7MFFDSXY:3:2254:27362:22263	chr11	65503454	65503603	False	273	150M	255	0	9	0.9515789151191711	ambig_opp_strand	unspliced	3419	23	ENST00000698129.1	TALAM1	ENSG00000289740.1	mrna
A00839:75:H7MFFDSXY:3:2523:15781:6339	chr11	65501169	65501318	False	179	150M	255	0	9	0.9532761573791504	ambig_opp_strand	unspliced	3419	16	ENST00000698129.1	TALAM1	ENSG00000289740.1	mrna
A00839:75:H7MFFDSXY:3:2177:30219:36323	chr11	65503386	65503535	True	-306	150M	255	0	3	0.5913591980934143	ambig_opp_strand	unspliced	3419	27	ENST00000618132.2	MALAT1	ENSG00000251562.11	mrna
A00839:75:H7MFFDSXY:3:2656:30861:36839	chr11	65500950	65501080	True	-131	71M1I60M	255	1	3	0.7109681963920593	ambig_opp_strand	unspliced	3419	15	ENST00000710933.1	MALAT1	ENSG00000251562.11	mrna
A00839:75:H7MFFDSXY:3:1410:7762:1501	chr11	65504761	65504910	True	-201	150M	255	0	3	0.36209285259246826	ambig_opp_strand	unspliced	3419	22	ENST00000618132.2	MALAT1	ENSG00000251562.11	mrna
A00839:75:H7MFFDSXY:3:1318:27462:13886	chr11	65501582	65501731	True	-446	150M	255	0	3	0.2506910264492035	ambig_opp_strand	unspliced	3419	16	ENST00000710862.1	MALAT1	ENSG00000251562.11	mrna
A00839:75:H7MFFDSXY:3:2261:24153:7936	chr11	65501274	65501423	False	216	150M	255	0	5	0.012824088335037231	ambig_opp_strand	unspliced	-1	17	.	.	.	mrna
A00839:75:H7MFFDSXY:3:1243:5773:7670	chr11	65500970	65501119	True	-261	150M	255	0	3	0.7122632265090942	ambig_opp_strand	unspliced	3419	13	ENST00000710933.1	MALAT1	ENSG00000251562.11	mrna
A00839:75:H7MFFDSXY:3:2574:32045:26115	chr11	65503956	65504105	False	271	150M	255	0	9	0.9686539173126221	ambig_opp_strand	unspliced	3419	12	ENST00000698129.1	TALAM1	ENSG00000289740.1	mrna
A00839:75:H7MFFDSXY:3:2368:4689:21825	chr11	65505015	65505164	False	169	150M	255	0	9	0.937288761138916	ambig_opp_strand	unspliced	3419	19	ENST00000698129.1	TALAM1	ENSG00000289740.1	mrna
A00839:75:H7MFFDSXY:3:2169:32624:22639	chr11	65504381	65504530	False	342	150M	255	0	9	0.8507875800132751	ambig_opp_strand	unspliced	3419	20	ENST00000698129.1	TALAM1	ENSG00000289740.1	mrna
A00839:75:H7MFFDSXY:3:1425:19425:1626	chr11	65501586	65501735	True	-345	150M	255	0	3	0.5424062609672546	ambig_opp_strand	unspliced	3419	16	ENST00000618132.2	MALAT1	ENSG00000251562.11	mrna
A00839:75:H7MFFDSXY:3:1143:8088:23265	chr11	65500595	65500744	True	-347	150M	255	0	3	0.4587971568107605	ambig_opp_strand	unspliced	3419	27	ENST00000710933.1	MALAT1	ENSG00000251562.11	mrna
A00839:75:H7MFFDSXY:3:2513:13051:35180	chr11	65500582	65500731	False	257	150M	255	0	9	0.9370056390762329	ambig_opp_strand	unspliced	3419	13	ENST00000698129.1	TALAM1	ENSG00000289740.1	mrna
A00839:75:H7MFFDSXY:3:1403:23131:35289	chr11	65500953	65501102	True	-219	150M	255	0	3	0.7123127579689026	ambig_opp_strand	unspliced	3419	13	ENST00000710933.1	MALAT1	ENSG00000251562.11	mrna
A00839:75:H7MFFDSXY:3:2444:7934:29606	chr11	65501060	65501209	False	619	150M	255	0	9	0.7880822420120239	ambig_opp_strand	unspliced	3419	15	ENST00000698129.1	TALAM1	ENSG00000289740.1	mrna
A00839:75:H7MFFDSXY:3:1522:30327:19914	chr11	65504132	65504281	True	-214	150M	255	0	3	0.7396739721298218	ambig_opp_strand	unspliced	3419	12	ENST00000710862.1	MALAT1	ENSG00000251562.11	mrna
A00839:75:H7MFFDSXY:3:2152:32949:8390	chr11	65505965	65506109	False	336	145M5S	255	0	9	0.8913611173629761	ambig_opp_strand	unspliced	3419	5	ENST00000698129.1	TALAM1	ENSG00000289740.1	mrna
A00839:75:H7MFFDSXY:3:2602:27254:25520	chr11	65506548	65506697	True	-145	150M	255	4	9	0.960791289806366	ambig_opp_strand	unspliced	3419	3	ENST00000534336.3	MALAT1	ENSG00000251562.11	mrna
A00839:75:H7MFFDSXY:3:2574:20582:19319	chr11	65503466	65503615	True	-330	150M	255	0	3	0.5924806594848633	ambig_opp_strand	unspliced	3419	26	ENST00000618132.2	MALAT1	ENSG00000251562.11	mrna
A00839:75:H7MFFDSXY:3:1631:6225:24799	chr11	65500953	65501103	True	-406	56M1D94M	255	1	3	0.16012123227119446	ambig_opp_strand	unspliced	3419	13	ENST00000710862.1	MALAT1	ENSG00000251562.11	mrna
A00839:75:H7MFFDSXY:3:1425:16866:32643	chr11	65503399	65503548	False	218	150M	255	0	9	0.9592115879058838	ambig_opp_strand	unspliced	3419	25	ENST00000698129.1	TALAM1	ENSG00000289740.1	mrna
A00839:75:H7MFFDSXY:3:2630:25165:30827	chr11	65505489	65505638	True	-282	150M	255	0	3	0.21417340636253357	ambig_opp_strand	unspliced	3419	8	ENST00000710951.1	MALAT1	ENSG00000251562.11	mrna
A00839:75:H7MFFDSXY:3:2562:7880:8061	chr11	65506557	65506706	True	-494	150M	255	0	5	0.6336008906364441	ambig_opp_strand	unspliced	-1	3	.	.	.	mrna
A00839:75:H7MFFDSXY:3:1301:8187:35462	chr11	65504191	65504340	True	-235	150M	255	1	3	0.7396528720855713	ambig_opp_strand	unspliced	3419	12	ENST00000710862.1	MALAT1	ENSG00000251562.11	mrna
A00839:75:H7MFFDSXY:3:1565:17400:32409	chr11	65504801	65504950	True	-151	150M	255	0	3	0.3620041310787201	ambig_opp_strand	unspliced	3419	22	ENST00000618132.2	MALAT1	ENSG00000251562.11	mrna
A00839:75:H7MFFDSXY:3:2272:26684:33896	chr11	65501546	65501695	False	215	150M	255	0	9	0.9568598866462708	ambig_opp_strand	unspliced	3419	18	ENST00000698129.1	TALAM1	ENSG00000289740.1	mrna
A00839:75:H7MFFDSXY:3:1427:15646:36479	chr11	65501972	65502121	False	441	150M	255	0	5	0.6232410073280334	ambig_opp_strand	unspliced	-1	11	.	.	.	mrna
A00839:75:H7MFFDSXY:3:1424:11315:32581	chr11	65505760	65505909	True	-377	150M	255	0	3	0.508568525314331	ambig_opp_strand	unspliced	3419	6	ENST00000618132.2	MALAT1	ENSG00000251562.11	mrna
A00839:75:H7MFFDSXY:3:1140:28754:11553	chr11	65502156	65502305	False	244	150M	255	0	9	0.9681887030601501	ambig_opp_strand	unspliced	3419	12	ENST00000698129.1	TALAM1	ENSG00000289740.1	mrna
A00839:75:H7MFFDSXY:3:2120:9634:6621	chr11	65502352	65502501	False	208	150M	255	0	9	0.9692798852920532	ambig_opp_strand	unspliced	3419	14	ENST00000698129.1	TALAM1	ENSG00000289740.1	mrna
A00839:75:H7MFFDSXY:3:1624:1009:9314	chr11	65500110	65500259	True	-240	150M	255	3	3	0.5394911170005798	ambig_opp_strand	unspliced	3419	26	ENST00000710935.1	MALAT1	ENSG00000251562.11	mrna
A00839:75:H7MFFDSXY:3:2159:1524:14027	chr11	65503400	65503549	True	-305	150M	255	0	3	0.5913813710212708	ambig_opp_strand	unspliced	3419	27	ENST00000618132.2	MALAT1	ENSG00000251562.11	mrna
A00839:75:H7MFFDSXY:3:2256:8006:36777	chr11	65504586	65504735	False	303	150M	255	0	9	0.9252835512161255	ambig_opp_strand	unspliced	3419	19	ENST00000698129.1	TALAM1	ENSG00000289740.1	mrna
A00839:75:H7MFFDSXY:3:1145:2600:25880	chr11	65505018	65505167	False	343	150M	255	0	9	0.8392539024353027	ambig_opp_strand	unspliced	3419	15	ENST00000698129.1	TALAM1	ENSG00000289740.1	mrna
A00839:75:H7MFFDSXY:3:1542:25599:10786	chr11	65500267	65500416	False	373	150M	255	0	9	0.5895710587501526	ambig_opp_strand	unspliced	3419	26	ENST00000698129.1	TALAM1	ENSG00000289740.1	mrna
A00839:75:H7MFFDSXY:3:2650:2058:28072	chr11	65500564	65500713	False	472	150M	255	0	9	0.9518339037895203	ambig_opp_strand	spliced_implicit	3419	13	ENST00000698129.1	TALAM1	ENSG00000289740.1	mrna
A00839:75:H7MFFDSXY:3:1163:6479:14434	chr11	65500325	65500474	True	-483	150M	255	0	3	0.19100554287433624	ambig_opp_strand	unspliced	3419	26	ENST00000710862.1	MALAT1	ENSG00000251562.11	mrna
A00839:75:H7MFFDSXY:3:1538:32786:30060	chr11	65501290	65501439	False	279	150M	255	0	9	0.9469336867332458	ambig_opp_strand	unspliced	3419	16	ENST00000698129.1	TALAM1	ENSG00000289740.1	mrna
A00839:75:H7MFFDSXY:3:1333:8531:12633	chr11	65502004	65502153	True	-345	150M	255	0	3	0.04403431713581085	ambig_opp_strand	unspliced	3419	20	ENST00000508832.3	MALAT1	ENSG00000251562.11	mrna
A00839:75:H7MFFDSXY:3:2670:18141:21981	chr11	65504840	65504989	True	-269	150M	255	0	3	0.172885924577713	ambig_opp_strand	unspliced	3419	22	ENST00000710862.1	MALAT1	ENSG00000251562.11	mrna
A00839:75:H7MFFDSXY:3:2640:15275:2268	chr11	65502011	65502160	False	377	150M	255	0	5	0.43758949637413025	ambig_opp_strand	unspliced	-1	21	.	.	.	mrna
A00839:75:H7MFFDSXY:3:1663:15492:21527	chr11	65504506	65504655	True	-352	150M	255	0	9	0.05805474892258644	ambig_opp_strand	unspliced	3419	12	ENST00000534336.3	MALAT1	ENSG00000251562.11	mrna
A00839:75:H7MFFDSXY:3:1450:5005:15984	chr11	65504746	65504895	False	353	150M	255	0	5	0.18006812036037445	ambig_opp_strand	unspliced	-1	19	.	.	.	mrna
A00839:75:H7MFFDSXY:3:1206:31702:29309	chr11	65501271	65501420	True	-215	150M	255	0	3	0.25885865092277527	ambig_opp_strand	unspliced	3419	16	ENST00000710862.1	MALAT1	ENSG00000251562.11	mrna
A00839:75:H7MFFDSXY:3:1641:23619:35665	chr11	65500684	65500833	False	284	150M	255	0	9	0.9286490082740784	ambig_opp_strand	unspliced	3419	13	ENST00000698129.1	TALAM1	ENSG00000289740.1	mrna
A00839:75:H7MFFDSXY:3:1613:13440:10770	chr11	65500703	65500852	True	-420	150M	255	0	3	0.6972886919975281	ambig_opp_strand	unspliced	3419	12	ENST00000710933.1	MALAT1	ENSG00000251562.11	mrna
A00839:75:H7MFFDSXY:3:2347:13467:35931	chr11	65505092	65505241	False	338	150M	255	0	9	0.8603522181510925	ambig_opp_strand	unspliced	3419	15	ENST00000698129.1	TALAM1	ENSG00000289740.1	mrna
A00839:75:H7MFFDSXY:3:2276:3143:23750	chr11	65505656	65505805	True	-313	150M	255	1	3	0.5171546339988708	ambig_opp_strand	unspliced	3419	6	ENST00000618132.2	MALAT1	ENSG00000251562.11	mrna
A00839:75:H7MFFDSXY:3:2631:16125:28573	chr11	65500395	65500682	False	482	4M138N146M	255	0	3	1.0	unambig	spliced_annot	3419	1	ENST00000610481.1	MALAT1	ENSG00000251562.11	mrna
A00839:75:H7MFFDSXY:3:1654:12409:6292	chr11	65500423	65500572	False	279	150M	255	0	9	0.9073274731636047	ambig_opp_strand	unspliced	3419	27	ENST00000698129.1	TALAM1	ENSG00000289740.1	mrna
A00839:75:H7MFFDSXY:3:2276:16080:18912	chr11	65504568	65504717	True	-370	150M	255	0	3	0.4229876697063446	ambig_opp_strand	unspliced	3419	20	ENST00000618132.2	MALAT1	ENSG00000251562.11	mrna
A00839:75:H7MFFDSXY:3:1645:9751:30467	chr11	65502694	65502843	True	-379	150M	255	0	3	0.9119797348976135	ambig_opp_strand	unspliced	3419	15	ENST00000618132.2	MALAT1	ENSG00000251562.11	mrna
A00839:75:H7MFFDSXY:3:2572:6858:28181	chr11	65506149	65506298	True	-308	150M	255	0	3	0.44574370980262756	ambig_opp_strand	unspliced	3419	5	ENST00000710951.1	MALAT1	ENSG00000251562.11	mrna
A00839:75:H7MFFDSXY:3:1154:22525:10128	chr11	65502424	65502573	True	-558	150M	255	0	3	0.9230603575706482	ambig_opp_strand	unspliced	3419	10	ENST00000618132.2	MALAT1	ENSG00000251562.11	mrna
A00839:75:H7MFFDSXY:3:1338:19633:28385	chr11	65500997	65501146	True	-202	150M	255	0	3	0.1639845073223114	ambig_opp_strand	unspliced	3419	15	ENST00000710862.1	MALAT1	ENSG00000251562.11	mrna
A00839:75:H7MFFDSXY:3:1149:26892:19820	chr11	65500311	65500460	True	-260	150M	255	0	3	0.19592049717903137	ambig_opp_strand	unspliced	3419	26	ENST00000710862.1	MALAT1	ENSG00000251562.11	mrna
A00839:75:H7MFFDSXY:3:2542:10502:33301	chr11	65502801	65502950	True	-221	150M	255	0	3	0.023620950058102608	ambig_opp_strand	unspliced	3419	22	ENST00000710947.1	MALAT1	ENSG00000251562.11	mrna
A00839:75:H7MFFDSXY:3:1458:15293:23719	chr11	65505351	65505498	True	-339	148M	255	1	3	0.24530602991580963	ambig_opp_strand	unspliced	3419	8	ENST00000710862.1	MALAT1	ENSG00000251562.11	mrna
A00839:75:H7MFFDSXY:3:2249:14045:17143	chr11	65501247	65501311	True	-337	49S65M	255	0	3	0.5656116604804993	ambig_opp_strand	unspliced	3419	13	ENST00000710862.1	MALAT1	ENSG00000251562.11	mrna
A00839:75:H7MFFDSXY:3:1429:7401:21104	chr11	65504178	65504327	False	297	150M	255	0	9	0.9561729431152344	ambig_opp_strand	unspliced	3419	12	ENST00000698129.1	TALAM1	ENSG00000289740.1	mrna
A00839:75:H7MFFDSXY:3:1249:32479:31594	chr11	65503479	65503628	True	-437	150M	255	0	3	0.5695372223854065	ambig_opp_strand	unspliced	3419	24	ENST00000618132.2	MALAT1	ENSG00000251562.11	mrna
A00839:75:H7MFFDSXY:3:1372:7265:1391	chr11	65505153	65505302	True	-352	150M	255	0	3	0.36578142642974854	ambig_opp_strand	unspliced	3419	15	ENST00000618132.2	MALAT1	ENSG00000251562.11	mrna
A00839:75:H7MFFDSXY:3:2215:16071:32550	chr11	65505290	65505439	True	-423	150M	255	0	3	1.0	unambig	spliced_annot	3419	1	ENST00000710948.1	MALAT1	ENSG00000251562.11	mrna
A00839:75:H7MFFDSXY:3:2641:14543:33755	chr11	65503863	65504012	True	-396	150M	255	0	3	0.2773946225643158	ambig_opp_strand	unspliced	3419	17	ENST00000710862.1	MALAT1	ENSG00000251562.11	mrna
A00839:75:H7MFFDSXY:3:1206:14859:19617	chr11	65505297	65505446	False	524	150M	255	0	9	0.40807560086250305	ambig_opp_strand	unspliced	3419	6	ENST00000698129.1	TALAM1	ENSG00000289740.1	mrna
A00839:75:H7MFFDSXY:3:1228:19822:4789	chr11	65501705	65501854	False	461	150M	255	1	5	0.6102924942970276	ambig_opp_strand	unspliced	-1	18	.	.	.	mrna
A00839:75:H7MFFDSXY:3:1376:5204:26224	chr11	65501083	65501232	False	435	150M	255	0	9	0.40890899300575256	ambig_opp_strand	unspliced	3419	15	ENST00000698129.1	TALAM1	ENSG00000289740.1	mrna
A00839:75:H7MFFDSXY:3:2241:26612:18928	chr11	65502491	65502640	True	-239	150M	255	0	3	0.9505332708358765	ambig_opp_strand	unspliced	3419	13	ENST00000618132.2	MALAT1	ENSG00000251562.11	mrna
A00839:75:H7MFFDSXY:3:1412:22254:18458	chr11	65505245	65505394	True	-248	150M	255	1	3	0.15266568958759308	ambig_opp_strand	unspliced	3419	15	ENST00000710951.1	MALAT1	ENSG00000251562.11	mrna
A00839:75:H7MFFDSXY:3:1619:18674:1736	chr11	65500594	65500743	False	177	150M	255	0	9	0.9130197763442993	ambig_opp_strand	unspliced	3419	27	ENST00000698129.1	TALAM1	ENSG00000289740.1	mrna
A00839:75:H7MFFDSXY:3:1522:21142:4038	chr11	65500619	65500768	False	314	150M	255	0	9	0.9049641489982605	ambig_opp_strand	unspliced	3419	13	ENST00000698129.1	TALAM1	ENSG00000289740.1	mrna
A00839:75:H7MFFDSXY:3:1530:16676:5760	chr11	65501537	65501686	False	418	150M	255	0	5	0.6312545537948608	ambig_opp_strand	unspliced	-1	17	.	.	.	mrna
A00839:75:H7MFFDSXY:3:2165:14940:4163	chr11	65506165	65506314	True	-353	150M	255	0	9	0.04012581706047058	ambig_opp_strand	unspliced	3419	5	ENST00000534336.3	MALAT1	ENSG00000251562.11	mrna
A00839:75:H7MFFDSXY:3:2626:10212:30232	chr11	65505729	65505878	True	-247	150M	255	0	3	0.21489693224430084	ambig_opp_strand	unspliced	3419	7	ENST00000710951.1	MALAT1	ENSG00000251562.11	mrna
A00839:75:H7MFFDSXY:3:2518:18539:15875	chr11	65503205	65503354	True	-240	150M	255	0	3	0.8326411247253418	ambig_opp_strand	unspliced	3419	23	ENST00000618132.2	MALAT1	ENSG00000251562.11	mrna
A00839:75:H7MFFDSXY:3:1309:32786:31187	chr11	65502193	65502342	False	217	150M	255	0	9	0.9694877862930298	ambig_opp_strand	unspliced	3419	13	ENST00000698129.1	TALAM1	ENSG00000289740.1	mrna
A00839:75:H7MFFDSXY:3:1325:11469:17253	chr11	65502388	65502537	True	-333	150M	255	0	3	0.9474552273750305	ambig_opp_strand	unspliced	3419	12	ENST00000618132.2	MALAT1	ENSG00000251562.11	mrna
A00839:75:H7MFFDSXY:3:1248:12726:26882	chr11	65504951	65505100	False	241	150M	255	0	9	0.9421018362045288	ambig_opp_strand	unspliced	3419	19	ENST00000698129.1	TALAM1	ENSG00000289740.1	mrna
A00839:75:H7MFFDSXY:3:1418:7383:5384	chr11	65502699	65502848	True	-268	150M	255	0	3	0.9466612935066223	ambig_opp_strand	unspliced	3419	15	ENST00000618132.2	MALAT1	ENSG00000251562.11	mrna
A00839:75:H7MFFDSXY:3:2304:23249:22968	chr11	65504295	65504444	False	385	150M	255	0	5	0.5638675689697266	ambig_opp_strand	unspliced	-1	11	.	.	.	mrna
A00839:75:H7MFFDSXY:3:1412:22968:34538	chr11	65504050	65504199	True	-464	150M	255	0	5	0.0420798622071743	ambig_opp_strand	unspliced	-1	17	.	.	.	mrna
A00839:75:H7MFFDSXY:3:2177:3387:17065	chr11	65504425	65504574	False	355	150M	255	2	9	0.7753605842590332	ambig_opp_strand	unspliced	3419	20	ENST00000698129.1	TALAM1	ENSG00000289740.1	mrna
A00839:75:H7MFFDSXY:3:1651:6397:29794	chr11	65501961	65502110	True	-318	150M	255	0	3	0.5404335260391235	ambig_opp_strand	unspliced	3419	20	ENST00000618132.2	MALAT1	ENSG00000251562.11	mrna
A00839:75:H7MFFDSXY:3:1218:29749:19539	chr11	65500966	65501116	True	-419	43M1D107M	255	1	3	0.6944805979728699	ambig_opp_strand	unspliced	3419	13	ENST00000710933.1	MALAT1	ENSG00000251562.11	mrna
A00839:75:H7MFFDSXY:3:1669:16477:22044	chr11	65506672	65506821	True	-434	150M	255	0	9	0.33943459391593933	ambig_opp_strand	unspliced	3419	3	ENST00000534336.3	MALAT1	ENSG00000251562.11	mrna
A00839:75:H7MFFDSXY:3:2404:23683:21214	chr11	65504842	65504991	True	-281	150M	255	0	3	0.09864744544029236	ambig_opp_strand	unspliced	3419	22	ENST00000710944.1	MALAT1	ENSG00000251562.11	mrna
A00839:75:H7MFFDSXY:3:2617:20302:29512	chr11	65500737	65500886	False	331	150M	255	0	9	0.8774413466453552	ambig_opp_strand	unspliced	3419	13	ENST00000698129.1	TALAM1	ENSG00000289740.1	mrna
A00839:75:H7MFFDSXY:3:1525:13530:6104	chr11	65504568	65504717	True	-307	150M	255	0	3	0.09707413613796234	ambig_opp_strand	unspliced	3419	20	ENST00000710943.1	MALAT1	ENSG00000251562.11	mrna
A00839:75:H7MFFDSXY:3:2251:24867:29089	chr11	65500767	65500916	False	262	150M	255	0	3	0.03345542401075363	ambig_opp_strand	unspliced	3419	13	ENST00000710933.1	MALAT1	ENSG00000251562.11	mrna
A00839:75:H7MFFDSXY:3:2555:3441:33536	chr11	65503551	65503700	True	-370	150M	255	0	3	0.5862170457839966	ambig_opp_strand	unspliced	3419	22	ENST00000618132.2	MALAT1	ENSG00000251562.11	mrna
A00839:75:H7MFFDSXY:3:2206:12599:11350	chr11	65504929	65505078	True	-301	150M	255	0	3	0.3660910725593567	ambig_opp_strand	unspliced	3419	19	ENST00000618132.2	MALAT1	ENSG00000251562.11	mrna
A00839:75:H7MFFDSXY:3:1258:28275:22842	chr11	65502479	65502628	True	-272	150M	255	0	3	0.9502382874488831	ambig_opp_strand	unspliced	3419	13	ENST00000618132.2	MALAT1	ENSG00000251562.11	mrna
A00839:75:H7MFFDSXY:3:1557:3830:3458	chr11	65505188	65505337	True	-368	150M	255	0	3	0.15154752135276794	ambig_opp_strand	unspliced	3419	15	ENST00000710951.1	MALAT1	ENSG00000251562.11	mrna
A00839:75:H7MFFDSXY:3:2565:19126:35994	chr11	65501873	65502002	True	-312	20S130M	255	5	3	0.5429964661598206	ambig_opp_strand	unspliced	3419	18	ENST00000618132.2	MALAT1	ENSG00000251562.11	mrna
A00839:75:H7MFFDSXY:3:2353:7374:29606	chr11	65502345	65502494	True	-315	150M	255	1	3	0.9491557478904724	ambig_opp_strand	unspliced	3419	11	ENST00000618132.2	MALAT1	ENSG00000251562.11	mrna
A00839:75:H7MFFDSXY:3:1226:26069:15327	chr11	65506417	65506566	True	-339	150M	255	0	9	0.8786076903343201	ambig_opp_strand	unspliced	3419	3	ENST00000534336.3	MALAT1	ENSG00000251562.11	mrna
A00839:75:H7MFFDSXY:3:1501:20202:1125	chr11	65500915	65501063	True	-366	106M1I43M	255	1	3	0.16313956677913666	ambig_opp_strand	unspliced	3419	13	ENST00000710862.1	MALAT1	ENSG00000251562.11	mrna
A00839:75:H7MFFDSXY:3:1615:1325:19633	chr11	65505691	65505840	False	252	150M	255	0	9	0.9532691836357117	ambig_opp_strand	unspliced	3419	6	ENST00000698129.1	TALAM1	ENSG00000289740.1	mrna
A00839:75:H7MFFDSXY:3:2416:28429:13964	chr11	65503694	65503843	True	-371	150M	255	0	3	0.5870195031166077	ambig_opp_strand	unspliced	3419	19	ENST00000618132.2	MALAT1	ENSG00000251562.11	mrna
A00839:75:H7MFFDSXY:3:2146:1054:10927	chr11	65501027	65501133	True	-107	107M	255	0	3	0.5282882452011108	ambig_opp_strand	unspliced	3419	18	ENST00000710933.1	MALAT1	ENSG00000251562.11	mrna
A00839:75:H7MFFDSXY:3:1446:29080:19727	chr11	65500175	65500324	False	314	150M	255	0	9	0.9116778373718262	ambig_opp_strand	unspliced	3419	26	ENST00000698129.1	TALAM1	ENSG00000289740.1	mrna
A00839:75:H7MFFDSXY:3:1576:7247:19586	chr11	65501013	65501162	True	-251	150M	255	0	3	0.7114988565444946	ambig_opp_strand	unspliced	3419	15	ENST00000710933.1	MALAT1	ENSG00000251562.11	mrna
A00839:75:H7MFFDSXY:3:1506:17861:13542	chr11	65505851	65506000	True	-360	150M	255	0	3	0.5141923427581787	ambig_opp_strand	unspliced	3419	6	ENST00000618132.2	MALAT1	ENSG00000251562.11	mrna
A00839:75:H7MFFDSXY:3:1249:10746:11428	chr11	65505285	65505434	True	-475	150M	255	0	3	0.06933184713125229	ambig_opp_strand	unspliced	3419	15	ENST00000710949.1	MALAT1	ENSG00000251562.11	mrna
A00839:75:H7MFFDSXY:3:1546:14624:22435	chr11	65503931	65504080	False	257	150M	255	0	9	0.9564746022224426	ambig_opp_strand	unspliced	3419	17	ENST00000698129.1	TALAM1	ENSG00000289740.1	mrna
A00839:75:H7MFFDSXY:3:2228:2862:13839	chr11	65504001	65504150	False	420	150M	255	0	9	0.40380120277404785	ambig_opp_strand	unspliced	3419	12	ENST00000698129.1	TALAM1	ENSG00000289740.1	mrna
A00839:75:H7MFFDSXY:3:2202:23005:10833	chr11	65505875	65506024	False	231	150M	255	3	9	0.9549781084060669	ambig_opp_strand	unspliced	3419	6	ENST00000698129.1	TALAM1	ENSG00000289740.1	mrna
A00839:75:H7MFFDSXY:3:1556:8079:18458	chr11	65504613	65504762	False	293	150M	255	0	9	0.9328203797340393	ambig_opp_strand	unspliced	3419	19	ENST00000698129.1	TALAM1	ENSG00000289740.1	mrna
A00839:75:H7MFFDSXY:3:2161:21866:11052	chr11	65500338	65500487	True	-218	150M	255	0	3	0.19593605399131775	ambig_opp_strand	unspliced	3419	26	ENST00000710862.1	MALAT1	ENSG00000251562.11	mrna
A00839:75:H7MFFDSXY:3:1309:4137:11913	chr11	65500320	65500469	True	-439	150M	255	1	3	0.5238353610038757	ambig_opp_strand	unspliced	3419	26	ENST00000710935.1	MALAT1	ENSG00000251562.11	mrna
A00839:75:H7MFFDSXY:3:1313:25608:18787	chr11	65504750	65504899	False	283	150M	255	0	9	0.9316452145576477	ambig_opp_strand	unspliced	3419	19	ENST00000698129.1	TALAM1	ENSG00000289740.1	mrna
A00839:75:H7MFFDSXY:3:1125:1570:31861	chr11	65505546	65505695	False	279	150M	255	1	9	0.9454728960990906	ambig_opp_strand	unspliced	3419	6	ENST00000698129.1	TALAM1	ENSG00000289740.1	mrna
A00839:75:H7MFFDSXY:3:1674:16875:28244	chr11	65500262	65500411	False	392	150M	255	0	9	0.38393211364746094	ambig_opp_strand	unspliced	3419	26	ENST00000698129.1	TALAM1	ENSG00000289740.1	mrna
A00839:75:H7MFFDSXY:3:2516:3685:24752	chr11	65502988	65503137	True	-153	150M	255	0	9	0.03156229853630066	ambig_opp_strand	unspliced	3419	18	ENST00000534336.3	MALAT1	ENSG00000251562.11	mrna
A00839:75:H7MFFDSXY:3:1307:31783:2425	chr11	65501556	65501705	True	-309	150M	255	0	3	0.044395893812179565	ambig_opp_strand	unspliced	3419	17	ENST00000508832.3	MALAT1	ENSG00000251562.11	mrna
A00839:75:H7MFFDSXY:3:1541:18267:27054	chr11	65501846	65501995	True	-412	150M	255	2	3	0.11908794194459915	ambig_opp_strand	unspliced	3419	18	ENST00000710943.1	MALAT1	ENSG00000251562.11	mrna
A00839:75:H7MFFDSXY:3:2307:2718:16250	chr11	65500515	65500664	True	-284	150M	255	0	3	0.19588987529277802	ambig_opp_strand	unspliced	3419	26	ENST00000710862.1	MALAT1	ENSG00000251562.11	mrna
A00839:75:H7MFFDSXY:3:1304:13150:34444	chr11	65504483	65504632	True	-159	150M	255	1	3	0.11638841778039932	ambig_opp_strand	unspliced	3419	20	ENST00000710944.1	MALAT1	ENSG00000251562.11	mrna
A00839:75:H7MFFDSXY:3:1233:28022:28072	chr11	65501371	65501520	True	-167	150M	255	0	3	0.2598433792591095	ambig_opp_strand	unspliced	3419	17	ENST00000710862.1	MALAT1	ENSG00000251562.11	mrna
A00839:75:H7MFFDSXY:3:1157:18204:20682	chr11	65504516	65504665	True	-468	150M	255	0	3	0.6660465002059937	ambig_opp_strand	unspliced	3419	11	ENST00000710862.1	MALAT1	ENSG00000251562.11	mrna
A00839:75:H7MFFDSXY:3:1666:1922:1501	chr11	65505012	65505161	False	419	150M	255	0	5	0.6228564381599426	ambig_opp_strand	unspliced	-1	15	.	.	.	mrna
A00839:75:H7MFFDSXY:3:1112:13783:19539	chr11	65501011	65501160	True	-457	150M	255	0	3	0.6953469514846802	ambig_opp_strand	unspliced	3419	13	ENST00000710933.1	MALAT1	ENSG00000251562.11	mrna
A00839:75:H7MFFDSXY:3:1326:15863:28181	chr11	65500551	65500700	True	-321	150M	255	0	3	0.5389907956123352	ambig_opp_strand	unspliced	3419	26	ENST00000710935.1	MALAT1	ENSG00000251562.11	mrna
A00839:75:H7MFFDSXY:3:2152:10610:15452	chr11	65506222	65506371	False	237	150M	255	0	9	0.9707278609275818	ambig_opp_strand	unspliced	3419	5	ENST00000698129.1	TALAM1	ENSG00000289740.1	mrna
A00839:75:H7MFFDSXY:3:1434:4101:24972	chr11	65501630	65501779	True	-461	150M	255	0	3	0.5243486762046814	ambig_opp_strand	unspliced	3419	16	ENST00000618132.2	MALAT1	ENSG00000251562.11	mrna
A00839:75:H7MFFDSXY:3:1471:2917:9768	chr11	65503725	65503874	False	192	150M	255	0	9	0.9581804871559143	ambig_opp_strand	unspliced	3419	17	ENST00000698129.1	TALAM1	ENSG00000289740.1	mrna
A00839:75:H7MFFDSXY:3:1271:28131:14920	chr11	65500371	65500520	True	-408	150M	255	0	3	0.5235354900360107	ambig_opp_strand	unspliced	3419	26	ENST00000710935.1	MALAT1	ENSG00000251562.11	mrna
A00839:75:H7MFFDSXY:3:1650:24397:4946	chr11	65500641	65500790	False	209	150M	255	2	3	0.03360486030578613	ambig_opp_strand	unspliced	3419	13	ENST00000710933.1	MALAT1	ENSG00000251562.11	mrna
A00839:75:H7MFFDSXY:3:1357:7238:28369	chr11	65500239	65500388	True	-337	150M	255	0	3	0.5385389924049377	ambig_opp_strand	unspliced	3419	26	ENST00000710935.1	MALAT1	ENSG00000251562.11	mrna
A00839:75:H7MFFDSXY:3:2248:32090:26882	chr11	65502660	65502809	True	-333	150M	255	0	3	0.943668782711029	ambig_opp_strand	unspliced	3419	15	ENST00000618132.2	MALAT1	ENSG00000251562.11	mrna
A00839:75:H7MFFDSXY:3:2177:21332:8594	chr11	65505165	65505314	True	-321	150M	255	0	3	0.36665207147598267	ambig_opp_strand	unspliced	3419	15	ENST00000618132.2	MALAT1	ENSG00000251562.11	mrna
A00839:75:H7MFFDSXY:3:1465:21703:21793	chr11	65505912	65506061	True	-345	150M	255	0	3	0.515944242477417	ambig_opp_strand	unspliced	3419	6	ENST00000618132.2	MALAT1	ENSG00000251562.11	mrna
A00839:75:H7MFFDSXY:3:2461:17662:2174	chr11	65501248	65501381	True	-268	14S134M	255	0	3	0.12322957068681717	ambig_opp_strand	unspliced	3419	16	ENST00000710943.1	MALAT1	ENSG00000251562.11	mrna
A00839:75:H7MFFDSXY:3:1237:31340:35790	chr11	65504410	65504559	True	-233	150M	255	0	3	0.20128032565116882	ambig_opp_strand	unspliced	3419	22	ENST00000710862.1	MALAT1	ENSG00000251562.11	mrna
A00839:75:H7MFFDSXY:3:2663:20781:35196	chr11	65500587	65500736	False	510	150M	255	0	3	0.03403438627719879	ambig_opp_strand	spliced_implicit	3419	13	ENST00000710933.1	MALAT1	ENSG00000251562.11	mrna
A00839:75:H7MFFDSXY:3:1333:31675:9565	chr11	65506002	65506152	False	318	96M1D54M	255	1	9	0.9287277460098267	ambig_opp_strand	unspliced	3419	5	ENST00000698129.1	TALAM1	ENSG00000289740.1	mrna
A00839:75:H7MFFDSXY:3:1574:19425:26929	chr11	65504267	65504413	True	-275	2S147M	255	2	3	0.7392050623893738	ambig_opp_strand	unspliced	3419	12	ENST00000710862.1	MALAT1	ENSG00000251562.11	mrna
A00839:75:H7MFFDSXY:3:1109:30409:20650	chr11	65501445	65501594	True	-283	150M	255	0	3	0.5440868735313416	ambig_opp_strand	unspliced	3419	16	ENST00000618132.2	MALAT1	ENSG00000251562.11	mrna
A00839:75:H7MFFDSXY:3:1377:28709:12070	chr11	65503091	65503240	True	-470	150M	255	0	5	0.05597107112407684	ambig_opp_strand	unspliced	-1	16	.	.	.	mrna
A00839:75:H7MFFDSXY:3:1267:27642:30608	chr11	65505000	65505149	False	329	150M	255	0	9	0.8840659856796265	ambig_opp_strand	unspliced	3419	15	ENST00000698129.1	TALAM1	ENSG00000289740.1	mrna
A00839:75:H7MFFDSXY:3:2134:17101:31172	chr11	65505017	65505333	False	416	3M167N147M	255	0	3	1.0	unambig	spliced_annot	3419	1	ENST00000710948.1	MALAT1	ENSG00000251562.11	mrna
A00839:75:H7MFFDSXY:3:1556:4264:2300	chr11	65504516	65504665	True	-511	150M	255	0	3	0.6676264405250549	ambig_opp_strand	unspliced	3419	11	ENST00000710862.1	MALAT1	ENSG00000251562.11	mrna
A00839:75:H7MFFDSXY:3:1601:17264:4586	chr11	65502395	65502499	True	-263	45S105M	255	0	3	0.9505387544631958	ambig_opp_strand	unspliced	3419	12	ENST00000618132.2	MALAT1	ENSG00000251562.11	mrna
A00839:75:H7MFFDSXY:3:1233:5999:1047	chr11	65501377	65501526	True	-210	150M	255	0	3	0.259886234998703	ambig_opp_strand	unspliced	3419	16	ENST00000710862.1	MALAT1	ENSG00000251562.11	mrna
A00839:75:H7MFFDSXY:3:1666:24921:34976	chr11	65503797	65503946	True	-341	150M	255	0	3	0.04934657737612724	ambig_opp_strand	unspliced	3419	17	ENST00000508832.3	MALAT1	ENSG00000251562.11	mrna
A00839:75:H7MFFDSXY:3:1310:26856:20635	chr11	65501741	65501870	True	-130	130M	255	0	3	0.5427665710449219	ambig_opp_strand	unspliced	3419	19	ENST00000618132.2	MALAT1	ENSG00000251562.11	mrna
A00839:75:H7MFFDSXY:3:1303:17562:33160	chr11	65504296	65504445	False	284	150M	255	1	9	0.9635921716690063	ambig_opp_strand	unspliced	3419	12	ENST00000698129.1	TALAM1	ENSG00000289740.1	mrna
A00839:75:H7MFFDSXY:3:1571:26919:16517	chr11	65505020	65505169	False	314	150M	255	0	9	0.9075660109519958	ambig_opp_strand	unspliced	3419	15	ENST00000698129.1	TALAM1	ENSG00000289740.1	mrna
A00839:75:H7MFFDSXY:3:1236:30798:22451	chr11	65506276	65506425	False	383	150M	255	0	5	0.5409873723983765	ambig_opp_strand	unspliced	-1	3	.	.	.	mrna
A00839:75:H7MFFDSXY:3:1525:3387:35164	chr11	65503742	65503891	False	261	150M	255	0	9	0.9556237459182739	ambig_opp_strand	unspliced	3419	17	ENST00000698129.1	TALAM1	ENSG00000289740.1	mrna
A00839:75:H7MFFDSXY:3:1645:27769:34084	chr11	65505134	65505283	True	-421	150M	255	0	3	0.14840909838676453	ambig_opp_strand	unspliced	3419	15	ENST00000710951.1	MALAT1	ENSG00000251562.11	mrna
A00839:75:H7MFFDSXY:3:1523:25120:6136	chr11	65504430	65504579	True	-165	150M	255	0	3	0.20125378668308258	ambig_opp_strand	unspliced	3419	22	ENST00000710862.1	MALAT1	ENSG00000251562.11	mrna
A00839:75:H7MFFDSXY:3:1642:14606:6339	chr11	65501367	65501516	False	385	150M	255	0	5	0.5588933825492859	ambig_opp_strand	unspliced	-1	16	.	.	.	mrna
A00839:75:H7MFFDSXY:3:2560:13413:24784	chr11	65504070	65504219	False	320	150M	255	0	9	0.9297966957092285	ambig_opp_strand	unspliced	3419	12	ENST00000698129.1	TALAM1	ENSG00000289740.1	mrna
A00839:75:H7MFFDSXY:3:1148:32741:24471	chr11	65502032	65502181	False	166	150M	255	0	9	0.9498785734176636	ambig_opp_strand	unspliced	3419	22	ENST00000698129.1	TALAM1	ENSG00000289740.1	mrna
A00839:75:H7MFFDSXY:3:1174:15691:22216	chr11	65503617	65503766	False	398	150M	255	0	5	0.6031904220581055	ambig_opp_strand	unspliced	-1	17	.	.	.	mrna
A00839:75:H7MFFDSXY:3:2375:13078:12837	chr11	65505566	65505715	False	275	150M	255	0	9	0.9467292428016663	ambig_opp_strand	unspliced	3419	6	ENST00000698129.1	TALAM1	ENSG00000289740.1	mrna
A00839:75:H7MFFDSXY:3:2363:16920:15264	chr11	65505889	65506038	False	205	150M	255	0	9	0.9549741744995117	ambig_opp_strand	unspliced	3419	6	ENST00000698129.1	TALAM1	ENSG00000289740.1	mrna
A00839:75:H7MFFDSXY:3:1433:3775:3396	chr11	65502009	65502158	True	-424	150M	255	0	3	0.24983681738376617	ambig_opp_strand	unspliced	3419	19	ENST00000710862.1	MALAT1	ENSG00000251562.11	mrna
A00839:75:H7MFFDSXY:3:2530:2564:11475	chr11	65503718	65503867	False	351	150M	255	0	9	0.8101003766059875	ambig_opp_strand	unspliced	3419	17	ENST00000698129.1	TALAM1	ENSG00000289740.1	mrna
A00839:75:H7MFFDSXY:3:1677:31439:25034	chr11	65504650	65504797	False	338	148M2S	255	0	9	0.8653013706207275	ambig_opp_strand	unspliced	3419	19	ENST00000698129.1	TALAM1	ENSG00000289740.1	mrna
A00839:75:H7MFFDSXY:3:2437:11125:1313	chr11	65505671	65505820	True	-257	150M	255	0	3	0.5175720453262329	ambig_opp_strand	unspliced	3419	6	ENST00000618132.2	MALAT1	ENSG00000251562.11	mrna
A00839:75:H7MFFDSXY:3:1629:6614:26256	chr11	65500281	65500430	False	299	150M	255	0	9	0.927251398563385	ambig_opp_strand	unspliced	3419	26	ENST00000698129.1	TALAM1	ENSG00000289740.1	mrna
A00839:75:H7MFFDSXY:3:1377:22426:23234	chr11	65500889	65501038	True	-284	150M	255	0	3	0.7121707797050476	ambig_opp_strand	unspliced	3419	13	ENST00000710933.1	MALAT1	ENSG00000251562.11	mrna
A00839:75:H7MFFDSXY:3:2513:12192:21198	chr11	65502062	65502211	True	-221	150M	255	0	3	0.5408739447593689	ambig_opp_strand	unspliced	3419	22	ENST00000618132.2	MALAT1	ENSG00000251562.11	mrna
A00839:75:H7MFFDSXY:3:1169:4444:9345	chr11	65500058	65500207	False	224	150M	255	0	9	0.9473807215690613	ambig_opp_strand	unspliced	3419	26	ENST00000698129.1	TALAM1	ENSG00000289740.1	mrna
A00839:75:H7MFFDSXY:3:1340:15501:20447	chr11	65500203	65500352	False	206	150M	255	0	9	0.947073221206665	ambig_opp_strand	unspliced	3419	26	ENST00000698129.1	TALAM1	ENSG00000289740.1	mrna
A00839:75:H7MFFDSXY:3:2263:23637:22952	chr11	65501007	65501157	True	-194	2M1D148M	255	1	3	0.7115126848220825	ambig_opp_strand	unspliced	3419	15	ENST00000710933.1	MALAT1	ENSG00000251562.11	mrna
A00839:75:H7MFFDSXY:3:2431:16893:11021	chr11	65501110	65501259	False	393	150M	255	0	9	0.3785349130630493	ambig_opp_strand	unspliced	3419	16	ENST00000698129.1	TALAM1	ENSG00000289740.1	mrna
A00839:75:H7MFFDSXY:3:2674:18620:22122	chr11	65503919	65504068	True	-396	150M	255	0	3	0.5809170603752136	ambig_opp_strand	unspliced	3419	17	ENST00000618132.2	MALAT1	ENSG00000251562.11	mrna
A00839:75:H7MFFDSXY:3:1111:3803:27430	chr11	65501384	65501533	False	384	150M	255	0	5	0.5332742929458618	ambig_opp_strand	unspliced	-1	16	.	.	.	mrna
A00839:75:H7MFFDSXY:3:2250:3007:7482	chr11	65500982	65501129	False	186	39M1I109M1S	255	2	9	0.9378761649131775	ambig_opp_strand	unspliced	3419	15	ENST00000698129.1	TALAM1	ENSG00000289740.1	mrna
A00839:75:H7MFFDSXY:3:2536:9688:11318	chr11	65505415	65505564	False	262	150M	255	0	9	0.950808584690094	ambig_opp_strand	unspliced	3419	6	ENST00000698129.1	TALAM1	ENSG00000289740.1	mrna
A00839:75:H7MFFDSXY:3:2247:9760:31015	chr11	65501062	65501211	False	151	150M	255	0	9	0.9419943690299988	ambig_opp_strand	unspliced	3419	16	ENST00000698129.1	TALAM1	ENSG00000289740.1	mrna
A00839:75:H7MFFDSXY:3:1312:17942:2848	chr11	65503430	65503579	True	-231	150M	255	0	3	0.04830711707472801	ambig_opp_strand	unspliced	3419	28	ENST00000508832.3	MALAT1	ENSG00000251562.11	mrna
A00839:75:H7MFFDSXY:3:2578:2184:23500	chr11	65502654	65502803	False	242	150M	255	0	9	0.9665900468826294	ambig_opp_strand	unspliced	3419	20	ENST00000698129.1	TALAM1	ENSG00000289740.1	mrna
A00839:75:H7MFFDSXY:3:1562:5837:28761	chr11	65504433	65504582	False	267	150M	255	0	3	0.016271669417619705	ambig_opp_strand	unspliced	3419	20	ENST00000618132.2	MALAT1	ENSG00000251562.11	mrna
A00839:75:H7MFFDSXY:3:1114:30210:5525	chr11	65502599	65502747	False	220	32M1I117M	255	1	9	0.9692943096160889	ambig_opp_strand	unspliced	3419	15	ENST00000698129.1	TALAM1	ENSG00000289740.1	mrna
A00839:75:H7MFFDSXY:3:2177:22905:24126	chr11	65502577	65502726	True	-457	150M	255	1	3	0.890648365020752	ambig_opp_strand	unspliced	3419	12	ENST00000618132.2	MALAT1	ENSG00000251562.11	mrna
A00839:75:H7MFFDSXY:3:1253:18367:35274	chr11	65501451	65501600	True	-281	150M	255	0	3	0.544097900390625	ambig_opp_strand	unspliced	3419	16	ENST00000618132.2	MALAT1	ENSG00000251562.11	mrna
A00839:75:H7MFFDSXY:3:2636:20717:27633	chr11	65503735	65503884	True	-207	150M	255	0	3	0.5959625244140625	ambig_opp_strand	unspliced	3419	19	ENST00000618132.2	MALAT1	ENSG00000251562.11	mrna
A00839:75:H7MFFDSXY:3:1654:27227:19366	chr11	65500646	65500795	False	276	150M	255	0	9	0.9316051006317139	ambig_opp_strand	unspliced	3419	13	ENST00000698129.1	TALAM1	ENSG00000289740.1	mrna
A00839:75:H7MFFDSXY:3:1162:17092:1939	chr11	65504343	65504492	True	-172	150M	255	0	3	0.5688091516494751	ambig_opp_strand	unspliced	3419	13	ENST00000710862.1	MALAT1	ENSG00000251562.11	mrna
A00839:75:H7MFFDSXY:3:1352:6723:18176	chr11	65503036	65503185	True	-190	150M	255	1	3	0.8359711766242981	ambig_opp_strand	unspliced	3419	18	ENST00000618132.2	MALAT1	ENSG00000251562.11	mrna
A00839:75:H7MFFDSXY:3:2310:13187:28307	chr11	65501171	65501319	False	291	63M1I86M	255	1	9	0.9414982795715332	ambig_opp_strand	unspliced	3419	16	ENST00000698129.1	TALAM1	ENSG00000289740.1	mrna
A00839:75:H7MFFDSXY:3:2639:20076:35477	chr11	65504267	65504415	False	329	55M1I94M	255	1	9	0.9130289554595947	ambig_opp_strand	unspliced	3419	12	ENST00000698129.1	TALAM1	ENSG00000289740.1	mrna
A00839:75:H7MFFDSXY:3:1259:9019:11224	chr11	65504859	65505008	True	-200	150M	255	0	3	0.36209315061569214	ambig_opp_strand	unspliced	3419	22	ENST00000618132.2	MALAT1	ENSG00000251562.11	mrna
A00839:75:H7MFFDSXY:3:1214:11894:16579	chr11	65503753	65503902	True	-467	150M	255	0	5	0.04366638511419296	ambig_opp_strand	unspliced	-1	19	.	.	.	mrna
A00839:75:H7MFFDSXY:3:1149:27552:24846	chr11	65501912	65502061	True	-236	150M	255	0	3	0.2583470642566681	ambig_opp_strand	unspliced	3419	20	ENST00000710862.1	MALAT1	ENSG00000251562.11	mrna
A00839:75:H7MFFDSXY:3:2305:4589:18364	chr11	65505614	65505763	False	427	150M	255	0	5	0.6074783205986023	ambig_opp_strand	unspliced	-1	6	.	.	.	mrna
A00839:75:H7MFFDSXY:3:1641:25726:3928	chr11	65500484	65500633	False	221	150M	255	0	9	0.9163433909416199	ambig_opp_strand	unspliced	3419	27	ENST00000698129.1	TALAM1	ENSG00000289740.1	mrna
A00839:75:H7MFFDSXY:3:1336:26332:31970	chr11	65504505	65504654	False	321	150M	255	0	9	0.9037157893180847	ambig_opp_strand	unspliced	3419	20	ENST00000698129.1	TALAM1	ENSG00000289740.1	mrna
A00839:75:H7MFFDSXY:3:2441:23628:26005	chr11	65504010	65504159	False	234	150M	255	0	9	0.9755110144615173	ambig_opp_strand	unspliced	3419	12	ENST00000698129.1	TALAM1	ENSG00000289740.1	mrna
A00839:75:H7MFFDSXY:3:1222:26738:33865	chr11	65500248	65500397	False	418	150M	255	0	5	0.628930926322937	ambig_opp_strand	unspliced	-1	26	.	.	.	mrna
A00839:75:H7MFFDSXY:3:1476:11406:1172	chr11	65502112	65502261	False	177	150M	255	0	9	0.9529367685317993	ambig_opp_strand	unspliced	3419	22	ENST00000698129.1	TALAM1	ENSG00000289740.1	mrna
A00839:75:H7MFFDSXY:3:2568:2103:36824	chr11	65504864	65505013	False	314	150M	255	0	9	0.9074895977973938	ambig_opp_strand	unspliced	3419	19	ENST00000698129.1	TALAM1	ENSG00000289740.1	mrna
A00839:75:H7MFFDSXY:3:1529:27037:16094	chr11	65501313	65501462	False	194	150M	255	0	9	0.9556607604026794	ambig_opp_strand	unspliced	3419	17	ENST00000698129.1	TALAM1	ENSG00000289740.1	mrna
A00839:75:H7MFFDSXY:3:1643:16206:32377	chr11	65500211	65500360	False	337	150M	255	5	9	0.8656346201896667	ambig_opp_strand	unspliced	3419	26	ENST00000698129.1	TALAM1	ENSG00000289740.1	mrna
A00839:75:H7MFFDSXY:3:2332:13386:33129	chr11	65503289	65503438	True	-208	150M	255	0	3	0.5918222665786743	ambig_opp_strand	unspliced	3419	27	ENST00000618132.2	MALAT1	ENSG00000251562.11	mrna
A00839:75:H7MFFDSXY:3:1114:29143:23563	chr11	65503896	65504045	True	-395	150M	255	0	3	0.5811446309089661	ambig_opp_strand	unspliced	3419	17	ENST00000618132.2	MALAT1	ENSG00000251562.11	mrna
A00839:75:H7MFFDSXY:3:1365:18756:30436	chr11	65500803	65500952	True	-406	150M	255	0	3	0.16012123227119446	ambig_opp_strand	unspliced	3419	13	ENST00000710862.1	MALAT1	ENSG00000251562.11	mrna
A00839:75:H7MFFDSXY:3:1148:29559:10191	chr11	65503434	65503583	True	-287	150M	255	0	9	0.022346556186676025	ambig_opp_strand	unspliced	3419	27	ENST00000534336.3	MALAT1	ENSG00000251562.11	mrna
A00839:75:H7MFFDSXY:3:1265:13503:15546	chr11	65503978	65504099	False	122	122M	255	0	9	0.8892067670822144	ambig_opp_strand	unspliced	3419	18	ENST00000698129.1	TALAM1	ENSG00000289740.1	mrna
A00839:75:H7MFFDSXY:3:2575:17725:16939	chr11	65505745	65505894	False	195	150M	255	0	9	0.9541094899177551	ambig_opp_strand	unspliced	3419	6	ENST00000698129.1	TALAM1	ENSG00000289740.1	mrna
A00839:75:H7MFFDSXY:3:1103:31268:6511	chr11	65506478	65506627	False	224	150M	255	0	9	0.9860445857048035	ambig_opp_strand	unspliced	3419	3	ENST00000698129.1	TALAM1	ENSG00000289740.1	mrna
A00839:75:H7MFFDSXY:3:1555:21531:22435	chr11	65503770	65503919	True	-358	150M	255	1	3	0.28737160563468933	ambig_opp_strand	unspliced	3419	17	ENST00000710862.1	MALAT1	ENSG00000251562.11	mrna
A00839:75:H7MFFDSXY:3:1168:20419:13495	chr11	65500841	65500990	False	302	150M	255	0	9	0.9175169467926025	ambig_opp_strand	unspliced	3419	13	ENST00000698129.1	TALAM1	ENSG00000289740.1	mrna
A00839:75:H7MFFDSXY:3:2478:21495:32612	chr11	65505612	65505761	True	-215	150M	255	0	3	0.5176152586936951	ambig_opp_strand	unspliced	3419	6	ENST00000618132.2	MALAT1	ENSG00000251562.11	mrna
A00839:75:H7MFFDSXY:3:2575:32714:12493	chr11	65504707	65504856	True	-188	150M	255	2	3	0.15057633817195892	ambig_opp_strand	unspliced	3419	25	ENST00000710951.1	MALAT1	ENSG00000251562.11	mrna
A00839:75:H7MFFDSXY:3:2461:12292:14043	chr11	65503557	65503706	False	363	150M	255	0	5	0.2596432864665985	ambig_opp_strand	unspliced	-1	17	.	.	.	mrna
A00839:75:H7MFFDSXY:3:1437:24352:5995	chr11	65500957	65501106	True	-279	150M	255	0	3	0.7121953964233398	ambig_opp_strand	unspliced	3419	13	ENST00000710933.1	MALAT1	ENSG00000251562.11	mrna
A00839:75:H7MFFDSXY:3:1310:24569:26882	chr11	65504173	65504322	True	-220	150M	255	3	3	0.739677369594574	ambig_opp_strand	unspliced	3419	12	ENST00000710862.1	MALAT1	ENSG00000251562.11	mrna
A00839:75:H7MFFDSXY:3:2305:2989:1470	chr11	65503335	65503484	True	-323	150M	255	0	3	0.5909545421600342	ambig_opp_strand	unspliced	3419	27	ENST00000618132.2	MALAT1	ENSG00000251562.11	mrna
A00839:75:H7MFFDSXY:3:1255:17797:35070	chr11	65505424	65505573	False	271	150M	255	0	9	0.948265790939331	ambig_opp_strand	unspliced	3419	6	ENST00000698129.1	TALAM1	ENSG00000289740.1	mrna
A00839:75:H7MFFDSXY:3:1113:30951:34115	chr11	65503573	65503722	False	358	150M	255	0	9	0.7597501873970032	ambig_opp_strand	unspliced	3419	17	ENST00000698129.1	TALAM1	ENSG00000289740.1	mrna
A00839:75:H7MFFDSXY:3:1556:12066:33536	chr11	65505594	65505743	False	239	150M	255	0	9	0.9546306133270264	ambig_opp_strand	unspliced	3419	7	ENST00000698129.1	TALAM1	ENSG00000289740.1	mrna
A00839:75:H7MFFDSXY:3:2126:5457:9909	chr11	65503204	65503353	False	273	150M	255	0	9	0.9514781832695007	ambig_opp_strand	unspliced	3419	27	ENST00000698129.1	TALAM1	ENSG00000289740.1	mrna
A00839:75:H7MFFDSXY:3:1615:22607:20791	chr11	65501335	65501484	True	-265	150M	255	0	3	0.5420210361480713	ambig_opp_strand	unspliced	3419	16	ENST00000618132.2	MALAT1	ENSG00000251562.11	mrna
A00839:75:H7MFFDSXY:3:1302:27706:29340	chr11	65500381	65500530	False	213	150M	255	0	9	0.9473170042037964	ambig_opp_strand	unspliced	3419	26	ENST00000698129.1	TALAM1	ENSG00000289740.1	mrna
A00839:75:H7MFFDSXY:3:1403:28465:9768	chr11	65505872	65506021	True	-259	150M	255	0	3	0.5175656676292419	ambig_opp_strand	unspliced	3419	6	ENST00000618132.2	MALAT1	ENSG00000251562.11	mrna
A00839:75:H7MFFDSXY:3:1657:12861:33661	chr11	65505158	65505307	True	-303	150M	255	0	3	0.15260419249534607	ambig_opp_strand	unspliced	3419	15	ENST00000710951.1	MALAT1	ENSG00000251562.11	mrna
A00839:75:H7MFFDSXY:3:1215:25455:27101	chr11	65501964	65502113	False	293	150M	255	1	9	0.9402526617050171	ambig_opp_strand	unspliced	3419	21	ENST00000698129.1	TALAM1	ENSG00000289740.1	mrna
A00839:75:H7MFFDSXY:3:1135:11984:28447	chr11	65503818	65503967	True	-434	150M	255	0	3	0.5805169343948364	ambig_opp_strand	unspliced	3419	17	ENST00000618132.2	MALAT1	ENSG00000251562.11	mrna
A00839:75:H7MFFDSXY:3:1611:23647:35963	chr11	65500094	65500243	True	-252	150M	255	0	3	0.5394766330718994	ambig_opp_strand	unspliced	3419	26	ENST00000710935.1	MALAT1	ENSG00000251562.11	mrna
A00839:75:H7MFFDSXY:3:2238:22327:31078	chr11	65500859	65500996	False	138	138M	255	0	9	0.9135266542434692	ambig_opp_strand	unspliced	3419	13	ENST00000698129.1	TALAM1	ENSG00000289740.1	mrna
A00839:75:H7MFFDSXY:3:2149:27091:23797	chr11	65505335	65505484	False	369	150M	255	0	9	0.6478750705718994	ambig_opp_strand	unspliced	3419	6	ENST00000698129.1	TALAM1	ENSG00000289740.1	mrna
A00839:75:H7MFFDSXY:3:2258:31783:4648	chr11	65503344	65503493	False	350	150M	255	0	9	0.8156551122665405	ambig_opp_strand	unspliced	3419	22	ENST00000698129.1	TALAM1	ENSG00000289740.1	mrna
A00839:75:H7MFFDSXY:3:1534:19822:36511	chr11	65500660	65500809	True	-349	150M	255	0	3	0.48818960785865784	ambig_opp_strand	unspliced	3419	24	ENST00000710933.1	MALAT1	ENSG00000251562.11	mrna
A00839:75:H7MFFDSXY:3:1318:25988:6825	chr11	65506218	65506367	False	384	150M	255	0	5	0.5408695936203003	ambig_opp_strand	unspliced	-1	3	.	.	.	mrna
A00839:75:H7MFFDSXY:3:2103:15528:22686	chr11	65500364	65500513	True	-336	150M	255	0	3	0.5386097431182861	ambig_opp_strand	unspliced	3419	26	ENST00000710935.1	MALAT1	ENSG00000251562.11	mrna
A00839:75:H7MFFDSXY:3:2544:1895:10723	chr11	65504180	65504328	False	277	142M1I7M	255	1	9	0.9662953019142151	ambig_opp_strand	unspliced	3419	12	ENST00000698129.1	TALAM1	ENSG00000289740.1	mrna
A00839:75:H7MFFDSXY:3:2227:15112:32550	chr11	65500301	65500450	False	340	150M	255	0	3	0.019404467195272446	ambig_opp_strand	unspliced	3419	26	ENST00000710935.1	MALAT1	ENSG00000251562.11	mrna
A00839:75:H7MFFDSXY:3:1168:25482:18004	chr11	65503620	65503769	True	-354	150M	255	0	3	0.04823019728064537	ambig_opp_strand	unspliced	3419	23	ENST00000508832.3	MALAT1	ENSG00000251562.11	mrna
A00839:75:H7MFFDSXY:3:1458:11406:18176	chr11	65501370	65501519	False	173	150M	255	3	9	0.9524052739143372	ambig_opp_strand	unspliced	3419	16	ENST00000698129.1	TALAM1	ENSG00000289740.1	mrna
A00839:75:H7MFFDSXY:3:2121:25292:3803	chr11	65502574	65502723	False	271	150M	255	6	9	0.9620534777641296	ambig_opp_strand	unspliced	3419	15	ENST00000698129.1	TALAM1	ENSG00000289740.1	mrna
A00839:75:H7MFFDSXY:3:2169:11505:15624	chr11	65503713	65503862	True	-265	150M	255	0	3	0.5958757400512695	ambig_opp_strand	unspliced	3419	19	ENST00000618132.2	MALAT1	ENSG00000251562.11	mrna
A00839:75:H7MFFDSXY:3:1202:29035:29575	chr11	65503439	65503588	True	-167	150M	255	0	3	0.5925344228744507	ambig_opp_strand	unspliced	3419	28	ENST00000618132.2	MALAT1	ENSG00000251562.11	mrna
A00839:75:H7MFFDSXY:3:2107:3748:32409	chr11	65505588	65505737	False	292	150M	255	0	9	0.9395817518234253	ambig_opp_strand	unspliced	3419	6	ENST00000698129.1	TALAM1	ENSG00000289740.1	mrna
A00839:75:H7MFFDSXY:3:2602:29586:13182	chr11	65500063	65500212	True	-306	150M	255	0	3	0.6070396304130554	ambig_opp_strand	unspliced	3419	25	ENST00000710935.1	MALAT1	ENSG00000251562.11	mrna
A00839:75:H7MFFDSXY:3:1131:13178:33802	chr11	65505932	65506081	False	363	150M	255	1	9	0.726348876953125	ambig_opp_strand	unspliced	3419	5	ENST00000698129.1	TALAM1	ENSG00000289740.1	mrna
A00839:75:H7MFFDSXY:3:1477:18258:31328	chr11	65502531	65502680	False	342	150M	255	0	9	0.8671410083770752	ambig_opp_strand	unspliced	3419	15	ENST00000698129.1	TALAM1	ENSG00000289740.1	mrna
A00839:75:H7MFFDSXY:3:2564:10917:16110	chr11	65501388	65501537	True	-207	150M	255	0	9	0.02055787667632103	ambig_opp_strand	unspliced	3419	16	ENST00000534336.3	MALAT1	ENSG00000251562.11	mrna
A00839:75:H7MFFDSXY:3:2528:9100:15687	chr11	65501691	65501840	True	-328	150M	255	0	3	0.1235029548406601	ambig_opp_strand	unspliced	3419	17	ENST00000710943.1	MALAT1	ENSG00000251562.11	mrna
A00839:75:H7MFFDSXY:3:2407:4426:13009	chr11	65505558	65505707	True	-248	150M	255	1	3	0.5175941586494446	ambig_opp_strand	unspliced	3419	6	ENST00000618132.2	MALAT1	ENSG00000251562.11	mrna
A00839:75:H7MFFDSXY:3:1674:28239:33395	chr11	65500705	65500854	True	-301	150M	255	0	3	0.7120428085327148	ambig_opp_strand	unspliced	3419	13	ENST00000710933.1	MALAT1	ENSG00000251562.11	mrna
A00839:75:H7MFFDSXY:3:1538:13729:21261	chr11	65501247	65501348	True	-267	45S102M	255	0	3	0.25881776213645935	ambig_opp_strand	unspliced	3419	16	ENST00000710862.1	MALAT1	ENSG00000251562.11	mrna
A00839:75:H7MFFDSXY:3:1656:19298:24925	chr11	65500919	65501068	False	244	150M	255	0	9	0.9390111565589905	ambig_opp_strand	unspliced	3419	15	ENST00000698129.1	TALAM1	ENSG00000289740.1	mrna
A00839:75:H7MFFDSXY:3:2152:12952:22044	chr11	65504523	65504672	False	368	150M	255	0	9	0.6589983701705933	ambig_opp_strand	unspliced	3419	19	ENST00000698129.1	TALAM1	ENSG00000289740.1	mrna
A00839:75:H7MFFDSXY:3:2261:29939:21903	chr11	65501412	65501561	True	-413	150M	255	0	3	0.11874989420175552	ambig_opp_strand	unspliced	3419	15	ENST00000710943.1	MALAT1	ENSG00000251562.11	mrna
A00839:75:H7MFFDSXY:3:1163:1787:2519	chr11	65505678	65505827	True	-300	150M	255	0	3	0.24703073501586914	ambig_opp_strand	unspliced	3419	6	ENST00000710862.1	MALAT1	ENSG00000251562.11	mrna
A00839:75:H7MFFDSXY:3:1225:30409:29262	chr11	65501553	65501689	False	137	137M	255	1	9	0.926437497138977	ambig_opp_strand	unspliced	3419	18	ENST00000698129.1	TALAM1	ENSG00000289740.1	mrna
A00839:75:H7MFFDSXY:3:1302:20555:8782	chr11	65505279	65505428	True	-188	150M	255	0	3	0.09902821481227875	ambig_opp_strand	unspliced	3419	16	ENST00000710944.1	MALAT1	ENSG00000251562.11	mrna
A00839:75:H7MFFDSXY:3:1631:12002:6402	chr11	65505658	65505807	True	-445	150M	255	0	3	0.2093862146139145	ambig_opp_strand	unspliced	3419	6	ENST00000710951.1	MALAT1	ENSG00000251562.11	mrna
A00839:75:H7MFFDSXY:3:1139:27498:30295	chr11	65503731	65503880	True	-260	150M	255	1	9	0.022508958354592323	ambig_opp_strand	unspliced	3419	19	ENST00000534336.3	MALAT1	ENSG00000251562.11	mrna
A00839:75:H7MFFDSXY:3:2215:8250:29183	chr11	65505733	65505882	True	-303	150M	255	0	3	0.5173000693321228	ambig_opp_strand	unspliced	3419	6	ENST00000618132.2	MALAT1	ENSG00000251562.11	mrna
A00839:75:H7MFFDSXY:3:1424:9959:11412	chr11	65504750	65504899	True	-288	150M	255	0	3	0.08275678008794785	ambig_opp_strand	unspliced	3419	19	ENST00000710949.1	MALAT1	ENSG00000251562.11	mrna
A00839:75:H7MFFDSXY:3:2248:28944:24283	chr11	65500061	65500210	True	-356	150M	255	2	3	0.21951906383037567	ambig_opp_strand	unspliced	3419	25	ENST00000710862.1	MALAT1	ENSG00000251562.11	mrna
A00839:75:H7MFFDSXY:3:2160:18448:12962	chr11	65504906	65505051	True	-146	146M	255	0	3	0.36611226201057434	ambig_opp_strand	unspliced	3419	19	ENST00000618132.2	MALAT1	ENSG00000251562.11	mrna
A00839:75:H7MFFDSXY:3:2474:19886:17394	chr11	65503599	65503748	True	-368	150M	255	0	3	0.587053120136261	ambig_opp_strand	unspliced	3419	23	ENST00000618132.2	MALAT1	ENSG00000251562.11	mrna
A00839:75:H7MFFDSXY:3:2430:14235:33786	chr11	65504060	65504209	False	409	150M	255	0	9	0.9889940023422241	ambig_opp_strand	spliced_implicit	3419	11	ENST00000698129.1	TALAM1	ENSG00000289740.1	mrna
A00839:75:H7MFFDSXY:3:1418:10908:17566	chr11	65505974	65506124	True	-218	124M1D26M	255	1	3	0.4464212954044342	ambig_opp_strand	unspliced	3419	5	ENST00000710951.1	MALAT1	ENSG00000251562.11	mrna
A00839:75:H7MFFDSXY:3:2605:1470:19664	chr11	65502592	65502698	True	-291	42S107M	255	3	3	0.9498971700668335	ambig_opp_strand	unspliced	3419	13	ENST00000618132.2	MALAT1	ENSG00000251562.11	mrna
A00839:75:H7MFFDSXY:3:1318:7319:22404	chr11	65500016	65500165	True	-357	150M	255	0	3	0.6043331623077393	ambig_opp_strand	unspliced	3419	25	ENST00000710935.1	MALAT1	ENSG00000251562.11	mrna
A00839:75:H7MFFDSXY:3:2374:11993:6167	chr11	65506489	65506574	False	247	64S86M	255	6	9	0.9845412969589233	ambig_opp_strand	unspliced	3419	3	ENST00000698129.1	TALAM1	ENSG00000289740.1	mrna
A00839:75:H7MFFDSXY:3:2650:5222:28228	chr11	65501557	65501706	True	-258	150M	255	0	3	0.044428303837776184	ambig_opp_strand	unspliced	3419	17	ENST00000508832.3	MALAT1	ENSG00000251562.11	mrna
A00839:75:H7MFFDSXY:3:1636:13060:34601	chr11	65504357	65504506	False	289	150M	255	0	9	0.9349730014801025	ambig_opp_strand	unspliced	3419	20	ENST00000698129.1	TALAM1	ENSG00000289740.1	mrna
A00839:75:H7MFFDSXY:3:1631:16251:6308	chr11	65505483	65505632	False	407	150M	255	0	9	0.3891296982765198	ambig_opp_strand	unspliced	3419	6	ENST00000698129.1	TALAM1	ENSG00000289740.1	mrna
A00839:75:H7MFFDSXY:3:1653:27661:17581	chr11	65501777	65501926	False	326	150M	255	0	9	0.9016768932342529	ambig_opp_strand	unspliced	3419	19	ENST00000698129.1	TALAM1	ENSG00000289740.1	mrna
A00839:75:H7MFFDSXY:3:1171:18900:30968	chr11	65503222	65503371	False	332	150M	255	0	9	0.8910125494003296	ambig_opp_strand	unspliced	3419	27	ENST00000698129.1	TALAM1	ENSG00000289740.1	mrna
A00839:75:H7MFFDSXY:3:2102:15817:1830	chr11	65505790	65505939	False	508	150M	255	1	5	0.5892080664634705	ambig_opp_strand	unspliced	-1	5	.	.	.	mrna
A00839:75:H7MFFDSXY:3:1101:32841:34162	chr11	65504619	65504768	True	-382	150M	255	0	3	0.19975389540195465	ambig_opp_strand	unspliced	3419	20	ENST00000710862.1	MALAT1	ENSG00000251562.11	mrna
A00839:75:H7MFFDSXY:3:1218:7374:30953	chr11	65500774	65500923	True	-319	150M	255	0	3	0.7117815613746643	ambig_opp_strand	unspliced	3419	13	ENST00000710933.1	MALAT1	ENSG00000251562.11	mrna
A00839:75:H7MFFDSXY:3:2340:12735:34381	chr11	65502424	65502573	False	259	150M	255	0	9	0.9654274582862854	ambig_opp_strand	unspliced	3419	14	ENST00000698129.1	TALAM1	ENSG00000289740.1	mrna
A00839:75:H7MFFDSXY:3:2564:24198:36417	chr11	65502546	65502695	True	-359	150M	255	2	3	0.9395319223403931	ambig_opp_strand	unspliced	3419	13	ENST00000618132.2	MALAT1	ENSG00000251562.11	mrna
A00839:75:H7MFFDSXY:3:2416:25500:23547	chr11	65505836	65505985	True	-280	150M	255	0	3	0.24710430204868317	ambig_opp_strand	unspliced	3419	6	ENST00000710862.1	MALAT1	ENSG00000251562.11	mrna
A00839:75:H7MFFDSXY:3:1424:10990:10034	chr11	65504510	65504659	False	232	150M	255	0	9	0.94869464635849	ambig_opp_strand	unspliced	3419	20	ENST00000698129.1	TALAM1	ENSG00000289740.1	mrna
A00839:75:H7MFFDSXY:3:2315:16857:27899	chr11	65503851	65504000	True	-265	150M	255	1	3	0.6060705780982971	ambig_opp_strand	unspliced	3419	17	ENST00000618132.2	MALAT1	ENSG00000251562.11	mrna
A00839:75:H7MFFDSXY:3:2413:32054:20275	chr11	65505135	65505284	False	360	150M	255	4	9	0.7449901103973389	ambig_opp_strand	unspliced	3419	8	ENST00000698129.1	TALAM1	ENSG00000289740.1	mrna
A00839:75:H7MFFDSXY:3:1341:21685:26929	chr11	65505507	65505656	False	438	150M	255	0	9	0.39374667406082153	ambig_opp_strand	unspliced	3419	6	ENST00000698129.1	TALAM1	ENSG00000289740.1	mrna
A00839:75:H7MFFDSXY:3:1216:11288:24580	chr11	65504190	65504339	True	-175	150M	255	0	3	0.7394497990608215	ambig_opp_strand	unspliced	3419	12	ENST00000710862.1	MALAT1	ENSG00000251562.11	mrna
A00839:75:H7MFFDSXY:3:2358:19515:34726	chr11	65503666	65503815	True	-279	150M	255	0	3	0.5958001613616943	ambig_opp_strand	unspliced	3419	19	ENST00000618132.2	MALAT1	ENSG00000251562.11	mrna
A00839:75:H7MFFDSXY:3:2173:29649:32863	chr11	65500436	65500585	True	-304	150M	255	0	3	0.1958373636007309	ambig_opp_strand	unspliced	3419	26	ENST00000710862.1	MALAT1	ENSG00000251562.11	mrna
A00839:75:H7MFFDSXY:3:1221:17662:22874	chr11	65500922	65501071	True	-334	150M	255	0	3	0.7114013433456421	ambig_opp_strand	unspliced	3419	13	ENST00000710933.1	MALAT1	ENSG00000251562.11	mrna
A00839:75:H7MFFDSXY:3:2444:32244:26459	chr11	65503459	65503590	False	132	132M	255	1	9	0.9191065430641174	ambig_opp_strand	unspliced	3419	27	ENST00000698129.1	TALAM1	ENSG00000289740.1	mrna
A00839:75:H7MFFDSXY:3:2476:10095:29277	chr11	65506277	65506426	True	-156	150M	255	0	3	0.4455859363079071	ambig_opp_strand	unspliced	3419	8	ENST00000710951.1	MALAT1	ENSG00000251562.11	mrna
A00839:75:H7MFFDSXY:3:2122:28239:23970	chr11	65502174	65502323	True	-203	150M	255	0	3	0.5403661727905273	ambig_opp_strand	unspliced	3419	22	ENST00000618132.2	MALAT1	ENSG00000251562.11	mrna
A00839:75:H7MFFDSXY:3:2610:18484:28150	chr11	65503438	65503587	False	356	150M	255	0	5	0.2008068561553955	ambig_opp_strand	unspliced	-1	23	.	.	.	mrna
A00839:75:H7MFFDSXY:3:2649:16414:25066	chr11	65503272	65503421	True	-236	150M	255	0	3	0.5918155908584595	ambig_opp_strand	unspliced	3419	27	ENST00000618132.2	MALAT1	ENSG00000251562.11	mrna
A00839:75:H7MFFDSXY:3:2467:6316:21104	chr11	65503105	65503254	False	434	150M	255	0	5	0.623197615146637	ambig_opp_strand	unspliced	-1	18	.	.	.	mrna
A00839:75:H7MFFDSXY:3:1565:11595:15749	chr11	65501306	65501455	False	351	150M	255	0	9	0.8079808354377747	ambig_opp_strand	unspliced	3419	16	ENST00000698129.1	TALAM1	ENSG00000289740.1	mrna
A00839:75:H7MFFDSXY:3:2406:2338:36761	chr11	65505033	65505182	True	-295	150M	255	0	3	0.36612188816070557	ambig_opp_strand	unspliced	3419	19	ENST00000618132.2	MALAT1	ENSG00000251562.11	mrna
A00839:75:H7MFFDSXY:3:1676:27344:10207	chr11	65502029	65502178	True	-312	150M	255	0	3	0.5405393242835999	ambig_opp_strand	unspliced	3419	20	ENST00000618132.2	MALAT1	ENSG00000251562.11	mrna
A00839:75:H7MFFDSXY:3:2544:10863:35368	chr11	65504050	65504199	True	-263	150M	255	0	3	0.6060853004455566	ambig_opp_strand	unspliced	3419	17	ENST00000618132.2	MALAT1	ENSG00000251562.11	mrna
A00839:75:H7MFFDSXY:3:2215:1777:17973	chr11	65504599	65504748	True	-163	150M	255	1	3	0.11639279872179031	ambig_opp_strand	unspliced	3419	20	ENST00000710944.1	MALAT1	ENSG00000251562.11	mrna
A00839:75:H7MFFDSXY:3:2456:15790:22106	chr11	65502460	65502609	True	-277	150M	255	1	3	0.9501550793647766	ambig_opp_strand	unspliced	3419	13	ENST00000618132.2	MALAT1	ENSG00000251562.11	mrna
A00839:75:H7MFFDSXY:3:2464:24641:1235	chr11	65504959	65505108	False	199	150M	255	0	9	0.9421669244766235	ambig_opp_strand	unspliced	3419	19	ENST00000698129.1	TALAM1	ENSG00000289740.1	mrna
A00839:75:H7MFFDSXY:3:1629:2085:22482	chr11	65505350	65505499	False	309	150M	255	1	9	0.9244959354400635	ambig_opp_strand	unspliced	3419	8	ENST00000698129.1	TALAM1	ENSG00000289740.1	mrna
A00839:75:H7MFFDSXY:3:2151:32588:19633	chr11	65501961	65502110	False	414	150M	255	2	9	0.365312784910202	ambig_opp_strand	unspliced	3419	21	ENST00000698129.1	TALAM1	ENSG00000289740.1	mrna
A00839:75:H7MFFDSXY:3:1502:17562:9768	chr11	65505463	65505612	False	308	150M	255	0	9	0.9265042543411255	ambig_opp_strand	unspliced	3419	6	ENST00000698129.1	TALAM1	ENSG00000289740.1	mrna
A00839:75:H7MFFDSXY:3:1118:28763:12038	chr11	65500955	65501104	True	-365	150M	255	0	3	0.7082541584968567	ambig_opp_strand	unspliced	3419	13	ENST00000710933.1	MALAT1	ENSG00000251562.11	mrna
A00839:75:H7MFFDSXY:3:1153:20573:10160	chr11	65504242	65504391	False	357	150M	255	1	5	0.20877298712730408	ambig_opp_strand	unspliced	-1	11	.	.	.	mrna
A00839:75:H7MFFDSXY:3:2205:6506:32393	chr11	65505376	65505525	False	196	150M	255	1	9	0.954242467880249	ambig_opp_strand	unspliced	3419	8	ENST00000698129.1	TALAM1	ENSG00000289740.1	mrna
A00839:75:H7MFFDSXY:3:1254:32280:26522	chr11	65504830	65504979	False	312	150M	255	1	9	0.909541666507721	ambig_opp_strand	unspliced	3419	19	ENST00000698129.1	TALAM1	ENSG00000289740.1	mrna
A00839:75:H7MFFDSXY:3:1152:10547:1939	chr11	65501067	65501216	False	307	150M	255	0	9	0.9285036325454712	ambig_opp_strand	unspliced	3419	16	ENST00000698129.1	TALAM1	ENSG00000289740.1	mrna
A00839:75:H7MFFDSXY:3:2514:23113:18098	chr11	65505690	65505839	True	-262	150M	255	0	3	0.2471390962600708	ambig_opp_strand	unspliced	3419	6	ENST00000710862.1	MALAT1	ENSG00000251562.11	mrna
A00839:75:H7MFFDSXY:3:1552:27471:25927	chr11	65504700	65504849	False	261	150M	255	0	9	0.9384778738021851	ambig_opp_strand	unspliced	3419	21	ENST00000698129.1	TALAM1	ENSG00000289740.1	mrna
A00839:75:H7MFFDSXY:3:1562:5068:18380	chr11	65503965	65504114	True	-394	150M	255	0	3	0.5833516716957092	ambig_opp_strand	unspliced	3419	17	ENST00000618132.2	MALAT1	ENSG00000251562.11	mrna
A00839:75:H7MFFDSXY:3:1434:22806:33943	chr11	65500054	65500203	True	-236	150M	255	3	3	0.6074053049087524	ambig_opp_strand	unspliced	3419	25	ENST00000710935.1	MALAT1	ENSG00000251562.11	mrna
A00839:75:H7MFFDSXY:3:1424:14931:28009	chr11	65505013	65505162	True	-265	150M	255	0	3	0.3662031888961792	ambig_opp_strand	unspliced	3419	19	ENST00000618132.2	MALAT1	ENSG00000251562.11	mrna
A00839:75:H7MFFDSXY:3:1166:19931:8985	chr11	65504649	65504798	True	-195	150M	255	0	3	0.42721086740493774	ambig_opp_strand	unspliced	3419	20	ENST00000618132.2	MALAT1	ENSG00000251562.11	mrna
A00839:75:H7MFFDSXY:3:1606:12789:8641	chr11	65504808	65504957	False	292	150M	255	0	9	0.927573561668396	ambig_opp_strand	unspliced	3419	19	ENST00000698129.1	TALAM1	ENSG00000289740.1	mrna
A00839:75:H7MFFDSXY:3:1545:26558:25817	chr11	65505625	65505774	False	332	150M	255	0	9	0.8877063989639282	ambig_opp_strand	unspliced	3419	6	ENST00000698129.1	TALAM1	ENSG00000289740.1	mrna
A00839:75:H7MFFDSXY:3:2146:25111:26694	chr11	65502076	65502225	True	-368	150M	255	0	3	0.5351908802986145	ambig_opp_strand	unspliced	3419	20	ENST00000618132.2	MALAT1	ENSG00000251562.11	mrna
A00839:75:H7MFFDSXY:3:2347:12744:4304	chr11	65501014	65501163	True	-224	150M	255	0	3	0.7115238904953003	ambig_opp_strand	unspliced	3419	15	ENST00000710933.1	MALAT1	ENSG00000251562.11	mrna
A00839:75:H7MFFDSXY:3:1534:24035:28119	chr11	65506219	65506368	False	254	150M	255	0	9	0.9832828640937805	ambig_opp_strand	unspliced	3419	3	ENST00000698129.1	TALAM1	ENSG00000289740.1	mrna
A00839:75:H7MFFDSXY:3:2624:15302:36323	chr11	65504258	65504407	False	363	150M	255	0	5	0.26293569803237915	ambig_opp_strand	unspliced	-1	11	.	.	.	mrna
A00839:75:H7MFFDSXY:3:1678:30309:31219	chr11	65504399	65504548	False	475	150M	255	0	9	0.380387544631958	ambig_opp_strand	unspliced	3419	20	ENST00000698129.1	TALAM1	ENSG00000289740.1	mrna
A00839:75:H7MFFDSXY:3:1159:5710:25066	chr11	65501719	65501868	True	-439	150M	255	0	3	0.5233362913131714	ambig_opp_strand	unspliced	3419	17	ENST00000618132.2	MALAT1	ENSG00000251562.11	mrna
A00839:75:H7MFFDSXY:3:1377:11270:29246	chr11	65500843	65500992	False	282	150M	255	0	9	0.9294050931930542	ambig_opp_strand	unspliced	3419	13	ENST00000698129.1	TALAM1	ENSG00000289740.1	mrna
A00839:75:H7MFFDSXY:3:1255:11605:23469	chr11	65504828	65504977	False	321	150M	255	0	9	0.8982564210891724	ambig_opp_strand	unspliced	3419	19	ENST00000698129.1	TALAM1	ENSG00000289740.1	mrna
A00839:75:H7MFFDSXY:3:1138:15157:34663	chr11	65505251	65505400	False	311	150M	255	0	9	0.922563374042511	ambig_opp_strand	unspliced	3419	8	ENST00000698129.1	TALAM1	ENSG00000289740.1	mrna
A00839:75:H7MFFDSXY:3:1162:29441:7232	chr11	65501428	65501577	False	282	150M	255	0	9	0.94564288854599	ambig_opp_strand	unspliced	3419	17	ENST00000698129.1	TALAM1	ENSG00000289740.1	mrna
A00839:75:H7MFFDSXY:3:2669:1551:15890	chr11	65503398	65503547	True	-299	150M	255	0	3	0.2824355661869049	ambig_opp_strand	unspliced	3419	27	ENST00000710862.1	MALAT1	ENSG00000251562.11	mrna
A00839:75:H7MFFDSXY:3:1101:26377:16767	chr11	65504507	65504656	True	-426	150M	255	0	3	0.6699967384338379	ambig_opp_strand	unspliced	3419	11	ENST00000710862.1	MALAT1	ENSG00000251562.11	mrna
A00839:75:H7MFFDSXY:3:2258:1931:7467	chr11	65506269	65506418	True	-398	150M	255	1	3	0.4162859618663788	ambig_opp_strand	unspliced	3419	5	ENST00000710951.1	MALAT1	ENSG00000251562.11	mrna
A00839:75:H7MFFDSXY:3:1342:26729:36292	chr11	65502195	65502344	False	341	150M	255	0	9	0.8686957955360413	ambig_opp_strand	unspliced	3419	12	ENST00000698129.1	TALAM1	ENSG00000289740.1	mrna
A00839:75:H7MFFDSXY:3:2374:8829:36041	chr11	65505978	65506128	True	-279	120M1D30M	255	2	3	0.44619429111480713	ambig_opp_strand	unspliced	3419	5	ENST00000710951.1	MALAT1	ENSG00000251562.11	mrna
A00839:75:H7MFFDSXY:3:1324:12246:10238	chr11	65500779	65500928	True	-306	150M	255	0	3	0.7119867205619812	ambig_opp_strand	unspliced	3419	13	ENST00000710933.1	MALAT1	ENSG00000251562.11	mrna
A00839:75:H7MFFDSXY:3:2450:20347:11647	chr11	65503700	65503849	True	-295	150M	255	0	3	0.5956605672836304	ambig_opp_strand	unspliced	3419	19	ENST00000618132.2	MALAT1	ENSG00000251562.11	mrna
A00839:75:H7MFFDSXY:3:1406:19958:26631	chr11	65505708	65505857	False	332	150M	255	0	9	0.8877063989639282	ambig_opp_strand	unspliced	3419	6	ENST00000698129.1	TALAM1	ENSG00000289740.1	mrna
A00839:75:H7MFFDSXY:3:1629:15130:11475	chr11	65500621	65500770	False	405	150M	255	0	5	0.6210549473762512	ambig_opp_strand	unspliced	-1	13	.	.	.	mrna
A00839:75:H7MFFDSXY:3:2167:2067:23202	chr11	65504251	65504399	True	-376	71M1I78M	255	2	3	0.7039342522621155	ambig_opp_strand	unspliced	3419	12	ENST00000710862.1	MALAT1	ENSG00000251562.11	mrna
A00839:75:H7MFFDSXY:3:1107:28782:25661	chr11	65504428	65504577	True	-675	150M	255	0	3	1.0	unambig	spliced_annot	3419	1	ENST00000710947.1	MALAT1	ENSG00000251562.11	mrna
A00839:75:H7MFFDSXY:3:1362:19271:25723	chr11	65500360	65500509	True	-287	150M	255	1	3	0.11177878826856613	ambig_opp_strand	unspliced	3419	26	ENST00000710944.1	MALAT1	ENSG00000251562.11	mrna
A00839:75:H7MFFDSXY:3:1314:6180:20713	chr11	65505053	65505202	False	203	150M	255	1	9	0.9423792362213135	ambig_opp_strand	unspliced	3419	19	ENST00000698129.1	TALAM1	ENSG00000289740.1	mrna
A00839:75:H7MFFDSXY:3:2541:15130:28573	chr11	65504843	65504992	True	-322	150M	255	0	3	0.0823725238442421	ambig_opp_strand	unspliced	3419	21	ENST00000710943.1	MALAT1	ENSG00000251562.11	mrna
A00839:75:H7MFFDSXY:3:1106:8034:16845	chr11	65500990	65501139	True	-267	150M	255	0	3	0.7122412323951721	ambig_opp_strand	unspliced	3419	13	ENST00000710933.1	MALAT1	ENSG00000251562.11	mrna
A00839:75:H7MFFDSXY:3:2528:12554:17879	chr11	65503586	65503735	True	-346	150M	255	0	3	0.5917976498603821	ambig_opp_strand	unspliced	3419	23	ENST00000618132.2	MALAT1	ENSG00000251562.11	mrna
A00839:75:H7MFFDSXY:3:2643:29713:9111	chr11	65505700	65505849	True	-332	150M	255	0	3	0.24672354757785797	ambig_opp_strand	unspliced	3419	6	ENST00000710862.1	MALAT1	ENSG00000251562.11	mrna
A00839:75:H7MFFDSXY:3:2467:13358:26600	chr11	65500821	65500970	False	178	150M	255	0	9	0.9368044137954712	ambig_opp_strand	unspliced	3419	13	ENST00000698129.1	TALAM1	ENSG00000289740.1	mrna
A00839:75:H7MFFDSXY:3:1425:9824:34976	chr11	65502662	65502811	False	254	150M	255	0	9	0.9647506475448608	ambig_opp_strand	unspliced	3419	20	ENST00000698129.1	TALAM1	ENSG00000289740.1	mrna
A00839:75:H7MFFDSXY:3:2619:8350:28635	chr11	65504738	65504887	True	-316	150M	255	1	3	0.427036851644516	ambig_opp_strand	unspliced	3419	19	ENST00000618132.2	MALAT1	ENSG00000251562.11	mrna
A00839:75:H7MFFDSXY:3:2637:1868:10081	chr11	65501201	65501350	False	367	150M	255	2	5	0.30652278661727905	ambig_opp_strand	unspliced	-1	15	.	.	.	mrna
A00839:75:H7MFFDSXY:3:1662:23647:1078	chr11	65505978	65506128	True	-305	120M1D30M	255	1	3	0.44581690430641174	ambig_opp_strand	unspliced	3419	5	ENST00000710951.1	MALAT1	ENSG00000251562.11	mrna
A00839:75:H7MFFDSXY:3:2216:31078:17112	chr11	65504676	65504825	False	403	150M	255	0	9	0.37204891443252563	ambig_opp_strand	unspliced	3419	18	ENST00000698129.1	TALAM1	ENSG00000289740.1	mrna
A00839:75:H7MFFDSXY:3:2168:3947:20353	chr11	65503658	65503807	False	306	150M	255	0	9	0.9324960112571716	ambig_opp_strand	unspliced	3419	17	ENST00000698129.1	TALAM1	ENSG00000289740.1	mrna
A00839:75:H7MFFDSXY:3:1402:25039:21277	chr11	65505717	65505866	True	-353	150M	255	0	3	0.5151013135910034	ambig_opp_strand	unspliced	3419	6	ENST00000618132.2	MALAT1	ENSG00000251562.11	mrna
A00839:75:H7MFFDSXY:3:2156:15609:30091	chr11	65500327	65500476	True	-292	150M	255	0	3	0.5393294095993042	ambig_opp_strand	unspliced	3419	26	ENST00000710935.1	MALAT1	ENSG00000251562.11	mrna
A00839:75:H7MFFDSXY:3:2557:9588:13651	chr11	65504751	65504900	True	-427	150M	255	0	5	0.028897905722260475	ambig_opp_strand	unspliced	-1	19	.	.	.	mrna
A00839:75:H7MFFDSXY:3:1602:14579:12931	chr11	65505877	65506026	True	-168	150M	255	0	3	0.21531513333320618	ambig_opp_strand	unspliced	3419	6	ENST00000710951.1	MALAT1	ENSG00000251562.11	mrna
A00839:75:H7MFFDSXY:3:1421:6976:4492	chr11	65502705	65502854	True	-195	150M	255	0	3	0.8542274832725525	ambig_opp_strand	unspliced	3419	20	ENST00000618132.2	MALAT1	ENSG00000251562.11	mrna
A00839:75:H7MFFDSXY:3:1255:18168:32080	chr11	65506173	65506306	True	-134	134M	255	0	3	0.44556885957717896	ambig_opp_strand	unspliced	3419	5	ENST00000710951.1	MALAT1	ENSG00000251562.11	mrna
A00839:75:H7MFFDSXY:3:2667:11822:31735	chr11	65502998	65503147	False	410	150M	255	1	9	0.38499459624290466	ambig_opp_strand	unspliced	3419	18	ENST00000698129.1	TALAM1	ENSG00000289740.1	mrna
A00839:75:H7MFFDSXY:3:1644:27661:31829	chr11	65500256	65500405	True	-232	150M	255	0	3	0.11180753260850906	ambig_opp_strand	unspliced	3419	26	ENST00000710944.1	MALAT1	ENSG00000251562.11	mrna
A00839:75:H7MFFDSXY:3:2448:27290:7670	chr11	65502148	65502297	True	-266	150M	255	0	3	0.5408418774604797	ambig_opp_strand	unspliced	3419	21	ENST00000618132.2	MALAT1	ENSG00000251562.11	mrna
A00839:75:H7MFFDSXY:3:2137:11315:20181	chr11	65504838	65504987	True	-377	150M	255	0	3	0.20112788677215576	ambig_opp_strand	unspliced	3419	19	ENST00000710862.1	MALAT1	ENSG00000251562.11	mrna
A00839:75:H7MFFDSXY:3:2310:5312:22999	chr11	65504046	65504195	False	339	150M	255	0	9	0.8847406506538391	ambig_opp_strand	unspliced	3419	12	ENST00000698129.1	TALAM1	ENSG00000289740.1	mrna
A00839:75:H7MFFDSXY:3:2609:9037:6496	chr11	65500517	65500666	False	311	150M	255	1	9	0.9085817337036133	ambig_opp_strand	unspliced	3419	13	ENST00000698129.1	TALAM1	ENSG00000289740.1	mrna
A00839:75:H7MFFDSXY:3:2525:19506:11631	chr11	65505435	65505584	False	268	150M	255	0	9	0.9491626024246216	ambig_opp_strand	unspliced	3419	6	ENST00000698129.1	TALAM1	ENSG00000289740.1	mrna
A00839:75:H7MFFDSXY:3:2371:26377:14512	chr11	65505130	65505279	True	-181	150M	255	0	3	0.09996592998504639	ambig_opp_strand	unspliced	3419	19	ENST00000710944.1	MALAT1	ENSG00000251562.11	mrna
A00839:75:H7MFFDSXY:3:2549:15176:12117	chr11	65500305	65500454	False	345	150M	255	0	9	0.8339330554008484	ambig_opp_strand	unspliced	3419	26	ENST00000698129.1	TALAM1	ENSG00000289740.1	mrna
A00839:75:H7MFFDSXY:3:2417:8061:36088	chr11	65500285	65500434	True	-266	150M	255	0	3	0.5394402742385864	ambig_opp_strand	unspliced	3419	26	ENST00000710935.1	MALAT1	ENSG00000251562.11	mrna
A00839:75:H7MFFDSXY:3:1307:8784:13479	chr11	65506169	65506318	True	-469	150M	255	0	3	0.4166422486305237	ambig_opp_strand	unspliced	3419	5	ENST00000710951.1	MALAT1	ENSG00000251562.11	mrna
A00839:75:H7MFFDSXY:3:1149:14479:33614	chr11	65501493	65501642	False	330	150M	255	0	9	0.8947999477386475	ambig_opp_strand	unspliced	3419	17	ENST00000698129.1	TALAM1	ENSG00000289740.1	mrna
A00839:75:H7MFFDSXY:3:1418:5520:21825	chr11	65500955	65501068	False	114	114M	255	0	9	0.8513051271438599	ambig_opp_strand	unspliced	3419	15	ENST00000698129.1	TALAM1	ENSG00000289740.1	mrna
A00839:75:H7MFFDSXY:3:1265:8919:35540	chr11	65500515	65500664	False	170	150M	255	0	9	0.9114649295806885	ambig_opp_strand	unspliced	3419	28	ENST00000698129.1	TALAM1	ENSG00000289740.1	mrna
A00839:75:H7MFFDSXY:3:2562:18123:14278	chr11	65501703	65501852	False	197	150M	255	5	9	0.9558581113815308	ambig_opp_strand	unspliced	3419	18	ENST00000698129.1	TALAM1	ENSG00000289740.1	mrna
A00839:75:H7MFFDSXY:3:1404:28474:14105	chr11	65500347	65500496	False	278	150M	255	0	9	0.9380115866661072	ambig_opp_strand	unspliced	3419	26	ENST00000698129.1	TALAM1	ENSG00000289740.1	mrna
A00839:75:H7MFFDSXY:3:1327:26323:29074	chr11	65505974	65506124	True	-350	124M1D26M	255	1	3	0.442626953125	ambig_opp_strand	unspliced	3419	5	ENST00000710951.1	MALAT1	ENSG00000251562.11	mrna
A00839:75:H7MFFDSXY:3:1531:24279:3897	chr11	65500159	65500308	True	-355	150M	255	0	3	0.6045440435409546	ambig_opp_strand	unspliced	3419	25	ENST00000710935.1	MALAT1	ENSG00000251562.11	mrna
A00839:75:H7MFFDSXY:3:1315:6506:29825	chr11	65502124	65502273	True	-318	150M	255	0	3	0.5404335260391235	ambig_opp_strand	unspliced	3419	21	ENST00000618132.2	MALAT1	ENSG00000251562.11	mrna
A00839:75:H7MFFDSXY:3:1242:8712:22905	chr11	65500602	65500751	False	220	150M	255	0	9	0.9401630163192749	ambig_opp_strand	unspliced	3419	13	ENST00000698129.1	TALAM1	ENSG00000289740.1	mrna
A00839:75:H7MFFDSXY:3:1448:25147:30264	chr11	65503177	65503296	False	120	120M	255	0	9	0.8828775882720947	ambig_opp_strand	unspliced	3419	27	ENST00000698129.1	TALAM1	ENSG00000289740.1	mrna
A00839:75:H7MFFDSXY:3:2628:26124:33301	chr11	65501153	65501302	False	290	150M	255	0	5	0.028375787660479546	ambig_opp_strand	unspliced	-1	16	.	.	.	mrna
A00839:75:H7MFFDSXY:3:1437:10474:31532	chr11	65504100	65504249	False	299	150M	255	0	9	0.9546139240264893	ambig_opp_strand	unspliced	3419	12	ENST00000698129.1	TALAM1	ENSG00000289740.1	mrna
A00839:75:H7MFFDSXY:3:2462:22842:35947	chr11	65505859	65506008	True	-382	150M	255	0	3	0.5046085715293884	ambig_opp_strand	unspliced	3419	6	ENST00000618132.2	MALAT1	ENSG00000251562.11	mrna
A00839:75:H7MFFDSXY:3:2501:11514:22153	chr11	65502648	65502797	False	278	150M	255	1	9	0.9576417207717896	ambig_opp_strand	unspliced	3419	20	ENST00000698129.1	TALAM1	ENSG00000289740.1	mrna
A00839:75:H7MFFDSXY:3:2631:17987:34710	chr11	65505854	65506003	False	263	150M	255	0	9	0.9665548205375671	ambig_opp_strand	unspliced	3419	5	ENST00000698129.1	TALAM1	ENSG00000289740.1	mrna
A00839:75:H7MFFDSXY:3:1605:29432:4053	chr11	65501538	65501687	False	188	150M	255	0	9	0.9548720717430115	ambig_opp_strand	unspliced	3419	17	ENST00000698129.1	TALAM1	ENSG00000289740.1	mrna
A00839:75:H7MFFDSXY:3:1115:10872:33692	chr11	65501980	65502129	True	-428	150M	255	0	3	0.5237353444099426	ambig_opp_strand	unspliced	3419	18	ENST00000618132.2	MALAT1	ENSG00000251562.11	mrna
A00839:75:H7MFFDSXY:3:1664:15691:26099	chr11	65500995	65501145	False	194	14M1D136M	255	1	9	0.9391510486602783	ambig_opp_strand	unspliced	3419	15	ENST00000698129.1	TALAM1	ENSG00000289740.1	mrna
A00839:75:H7MFFDSXY:3:1439:16134:30812	chr11	65505292	65505441	False	422	150M	255	0	9	0.3581041395664215	ambig_opp_strand	unspliced	3419	6	ENST00000698129.1	TALAM1	ENSG00000289740.1	mrna
A00839:75:H7MFFDSXY:3:2619:25563:4210	chr11	65506276	65506425	True	-333	150M	255	0	3	0.5103874206542969	ambig_opp_strand	unspliced	3419	5	ENST00000710862.1	MALAT1	ENSG00000251562.11	mrna
A00839:75:H7MFFDSXY:3:1633:11035:30655	chr11	65501489	65501638	False	297	150M	255	0	9	0.9377254247665405	ambig_opp_strand	unspliced	3419	17	ENST00000698129.1	TALAM1	ENSG00000289740.1	mrna
A00839:75:H7MFFDSXY:3:2447:4887:35540	chr11	65505761	65505910	False	377	150M	255	1	9	0.5497701168060303	ambig_opp_strand	unspliced	3419	5	ENST00000698129.1	TALAM1	ENSG00000289740.1	mrna
A00839:75:H7MFFDSXY:3:2243:5321:30655	chr11	65504737	65504886	True	-276	150M	255	0	9	0.01614072546362877	ambig_opp_strand	unspliced	3419	19	ENST00000534336.3	MALAT1	ENSG00000251562.11	mrna
A00839:75:H7MFFDSXY:3:2419:22462:20729	chr11	65504387	65504536	True	-263	150M	255	0	3	0.7394248247146606	ambig_opp_strand	unspliced	3419	12	ENST00000710862.1	MALAT1	ENSG00000251562.11	mrna
A00839:75:H7MFFDSXY:3:1336:31711:14325	chr11	65501256	65501405	False	297	150M	255	0	9	0.937751293182373	ambig_opp_strand	unspliced	3419	15	ENST00000698129.1	TALAM1	ENSG00000289740.1	mrna
A00839:75:H7MFFDSXY:3:1278:3097:36166	chr11	65505712	65505861	False	310	150M	255	0	9	0.9242309331893921	ambig_opp_strand	unspliced	3419	6	ENST00000698129.1	TALAM1	ENSG00000289740.1	mrna
A00839:75:H7MFFDSXY:3:1206:32316:22200	chr11	65502490	65502639	False	310	150M	255	0	9	0.9373236894607544	ambig_opp_strand	unspliced	3419	15	ENST00000698129.1	TALAM1	ENSG00000289740.1	mrna
A00839:75:H7MFFDSXY:3:1526:32054:13917	chr11	65500111	65500260	False	201	150M	255	0	9	0.9467466473579407	ambig_opp_strand	unspliced	3419	26	ENST00000698129.1	TALAM1	ENSG00000289740.1	mrna
A00839:75:H7MFFDSXY:3:2568:15573:28150	chr11	65504483	65504632	True	-194	150M	255	0	3	0.42721256613731384	ambig_opp_strand	unspliced	3419	20	ENST00000618132.2	MALAT1	ENSG00000251562.11	mrna
A00839:75:H7MFFDSXY:3:2127:13078:33442	chr11	65506247	65506396	False	316	150M	255	0	9	0.9451701045036316	ambig_opp_strand	unspliced	3419	3	ENST00000698129.1	TALAM1	ENSG00000289740.1	mrna
A00839:75:H7MFFDSXY:3:1246:13404:36010	chr11	65504429	65504578	True	-157	150M	255	0	3	0.42142972350120544	ambig_opp_strand	unspliced	3419	22	ENST00000618132.2	MALAT1	ENSG00000251562.11	mrna
A00839:75:H7MFFDSXY:3:2404:25988:6230	chr11	65503757	65503906	True	-359	150M	255	0	3	0.049051158130168915	ambig_opp_strand	unspliced	3419	19	ENST00000508832.3	MALAT1	ENSG00000251562.11	mrna
A00839:75:H7MFFDSXY:3:1335:11984:21308	chr11	65503804	65503953	False	202	150M	255	0	9	0.9591825008392334	ambig_opp_strand	unspliced	3419	17	ENST00000698129.1	TALAM1	ENSG00000289740.1	mrna
A00839:75:H7MFFDSXY:3:1347:27290:23484	chr11	65504371	65504520	True	-226	150M	255	0	9	0.05851117521524429	ambig_opp_strand	unspliced	3419	12	ENST00000534336.3	MALAT1	ENSG00000251562.11	mrna
A00839:75:H7MFFDSXY:3:2211:14082:36933	chr11	65500341	65500490	True	-280	150M	255	0	3	0.19589684903621674	ambig_opp_strand	unspliced	3419	26	ENST00000710862.1	MALAT1	ENSG00000251562.11	mrna
A00839:75:H7MFFDSXY:3:1506:2672:25661	chr11	65503193	65503342	False	213	150M	255	0	9	0.9590331315994263	ambig_opp_strand	unspliced	3419	27	ENST00000698129.1	TALAM1	ENSG00000289740.1	mrna
A00839:75:H7MFFDSXY:3:2571:25509:3020	chr11	65500721	65500870	False	279	150M	255	1	9	0.9306434988975525	ambig_opp_strand	unspliced	3419	13	ENST00000698129.1	TALAM1	ENSG00000289740.1	mrna
A00839:75:H7MFFDSXY:3:2634:11306:12336	chr11	65502221	65502370	True	-402	150M	255	0	3	0.5210584402084351	ambig_opp_strand	unspliced	3419	21	ENST00000618132.2	MALAT1	ENSG00000251562.11	mrna
A00839:75:H7MFFDSXY:3:2372:13349:11616	chr11	65503203	65503352	False	402	150M	255	0	9	0.37575024366378784	ambig_opp_strand	unspliced	3419	26	ENST00000698129.1	TALAM1	ENSG00000289740.1	mrna
A00839:75:H7MFFDSXY:3:1152:6777:6339	chr11	65505676	65505825	False	298	150M	255	3	5	0.033332709223032	ambig_opp_strand	unspliced	-1	6	.	.	.	mrna
A00839:75:H7MFFDSXY:3:1512:1244:13636	chr11	65501543	65501692	False	153	150M	255	0	9	0.9433804750442505	ambig_opp_strand	unspliced	3419	18	ENST00000698129.1	TALAM1	ENSG00000289740.1	mrna
A00839:75:H7MFFDSXY:3:2447:30807:9502	chr11	65504649	65504798	False	177	150M	255	0	9	0.9453182816505432	ambig_opp_strand	unspliced	3419	20	ENST00000698129.1	TALAM1	ENSG00000289740.1	mrna
A00839:75:H7MFFDSXY:3:2140:2347:3583	chr11	65504398	65504547	False	273	150M	255	0	9	0.9414162039756775	ambig_opp_strand	unspliced	3419	20	ENST00000698129.1	TALAM1	ENSG00000289740.1	mrna
A00839:75:H7MFFDSXY:3:2244:25889:32456	chr11	65504411	65504560	False	525	150M	255	0	9	0.4291587769985199	ambig_opp_strand	unspliced	3419	19	ENST00000698129.1	TALAM1	ENSG00000289740.1	mrna
A00839:75:H7MFFDSXY:3:1253:13693:32659	chr11	65501789	65501938	True	-194	150M	255	0	3	0.5434281826019287	ambig_opp_strand	unspliced	3419	19	ENST00000618132.2	MALAT1	ENSG00000251562.11	mrna
A00839:75:H7MFFDSXY:3:2125:19895:8390	chr11	65504520	65504669	False	176	150M	255	0	9	0.9447399973869324	ambig_opp_strand	unspliced	3419	20	ENST00000698129.1	TALAM1	ENSG00000289740.1	mrna
A00839:75:H7MFFDSXY:3:2313:17327:5102	chr11	65504824	65504973	True	-354	150M	255	1	3	0.4255704879760742	ambig_opp_strand	unspliced	3419	19	ENST00000618132.2	MALAT1	ENSG00000251562.11	mrna
A00839:75:H7MFFDSXY:3:1456:10565:12336	chr11	65505191	65505340	False	339	150M	255	0	9	0.8675702810287476	ambig_opp_strand	unspliced	3419	8	ENST00000698129.1	TALAM1	ENSG00000289740.1	mrna
A00839:75:H7MFFDSXY:3:1234:23800:7639	chr11	65505525	65505674	False	332	150M	255	0	5	0.0827111005783081	ambig_opp_strand	unspliced	-1	6	.	.	.	mrna
A00839:75:H7MFFDSXY:3:2319:9815:7560	chr11	65502071	65502220	True	-305	150M	255	0	3	0.12291354686021805	ambig_opp_strand	unspliced	3419	21	ENST00000710943.1	MALAT1	ENSG00000251562.11	mrna
A00839:75:H7MFFDSXY:3:2327:9164:23218	chr11	65502177	65502314	True	-138	138M	255	0	3	0.25784650444984436	ambig_opp_strand	unspliced	3419	22	ENST00000710862.1	MALAT1	ENSG00000251562.11	mrna
A00839:75:H7MFFDSXY:3:2642:17553:36683	chr11	65504379	65504528	True	-375	150M	255	0	3	0.7057666778564453	ambig_opp_strand	unspliced	3419	12	ENST00000710862.1	MALAT1	ENSG00000251562.11	mrna
A00839:75:H7MFFDSXY:3:1242:7491:16658	chr11	65502288	65502437	True	-264	150M	255	0	3	0.9504186511039734	ambig_opp_strand	unspliced	3419	12	ENST00000618132.2	MALAT1	ENSG00000251562.11	mrna
A00839:75:H7MFFDSXY:3:1474:10601:34100	chr11	65501556	65501705	True	-297	150M	255	1	3	0.5438113808631897	ambig_opp_strand	unspliced	3419	17	ENST00000618132.2	MALAT1	ENSG00000251562.11	mrna
A00839:75:H7MFFDSXY:3:2466:14805:12414	chr11	65504233	65504383	False	169	76M1D74M	255	1	9	0.9699956178665161	ambig_opp_strand	unspliced	3419	12	ENST00000698129.1	TALAM1	ENSG00000289740.1	mrna
A00839:75:H7MFFDSXY:3:1561:20121:23594	chr11	65504385	65504534	True	-195	150M	255	0	3	0.42151251435279846	ambig_opp_strand	unspliced	3419	22	ENST00000618132.2	MALAT1	ENSG00000251562.11	mrna
A00839:75:H7MFFDSXY:3:1254:3323:7686	chr11	65504118	65504266	False	263	149M1S	3	0	128	0.0	.	unknown	-1	0	.	.	.	mrna
A00839:75:H7MFFDSXY:3:2522:4797:11240	chr11	65500923	65501072	True	-244	150M	255	1	3	0.16416437923908234	ambig_opp_strand	unspliced	3419	13	ENST00000710862.1	MALAT1	ENSG00000251562.11	mrna
A00839:75:H7MFFDSXY:3:2459:16631:29543	chr11	65501247	65501314	True	-385	47S68M	255	0	3	0.5328111052513123	ambig_opp_strand	unspliced	3419	13	ENST00000710862.1	MALAT1	ENSG00000251562.11	mrna
A00839:75:H7MFFDSXY:3:1171:23809:12665	chr11	65505239	65505388	True	-328	150M	255	0	3	0.3665641248226166	ambig_opp_strand	unspliced	3419	15	ENST00000618132.2	MALAT1	ENSG00000251562.11	mrna
A00839:75:H7MFFDSXY:3:2414:5484:34381	chr11	65501850	65501998	True	-434	1S149M	255	3	3	0.522785484790802	ambig_opp_strand	unspliced	3419	18	ENST00000618132.2	MALAT1	ENSG00000251562.11	mrna
A00839:75:H7MFFDSXY:3:1112:23863:12414	chr11	65505754	65505903	False	301	150M	255	0	5	0.03607014939188957	ambig_opp_strand	unspliced	-1	6	.	.	.	mrna
A00839:75:H7MFFDSXY:3:2664:23249:36432	chr11	65502064	65502213	False	345	150M	255	0	9	0.8509158492088318	ambig_opp_strand	unspliced	3419	11	ENST00000698129.1	TALAM1	ENSG00000289740.1	mrna
A00839:75:H7MFFDSXY:3:1221:29270:22185	chr11	65505928	65506077	True	-406	150M	255	0	3	0.2074546068906784	ambig_opp_strand	unspliced	3419	6	ENST00000710951.1	MALAT1	ENSG00000251562.11	mrna
A00839:75:H7MFFDSXY:3:1115:13801:22044	chr11	65500456	65500605	True	-161	150M	255	0	3	0.4594618082046509	ambig_opp_strand	unspliced	3419	27	ENST00000710933.1	MALAT1	ENSG00000251562.11	mrna
A00839:75:H7MFFDSXY:3:2323:8449:23390	chr11	65500984	65501133	False	445	150M	255	1	5	0.5572914481163025	ambig_opp_strand	unspliced	-1	13	.	.	.	mrna
A00839:75:H7MFFDSXY:3:1371:25165:25066	chr11	65500567	65500716	False	284	150M	255	0	9	0.9286490082740784	ambig_opp_strand	unspliced	3419	13	ENST00000698129.1	TALAM1	ENSG00000289740.1	mrna
A00839:75:H7MFFDSXY:3:1346:3568:11710	chr11	65504682	65504831	False	340	150M	255	0	9	0.8516873717308044	ambig_opp_strand	unspliced	3419	18	ENST00000698129.1	TALAM1	ENSG00000289740.1	mrna
A00839:75:H7MFFDSXY:3:1626:28474:31923	chr11	65504501	65504650	False	344	150M	255	0	9	0.8384444713592529	ambig_opp_strand	unspliced	3419	20	ENST00000698129.1	TALAM1	ENSG00000289740.1	mrna
A00839:75:H7MFFDSXY:3:2355:26341:35430	chr11	65504035	65504184	True	-294	150M	255	0	3	0.605861485004425	ambig_opp_strand	unspliced	3419	17	ENST00000618132.2	MALAT1	ENSG00000251562.11	mrna
A00839:75:H7MFFDSXY:3:1601:28076:22028	chr11	65505496	65505645	True	-305	150M	255	0	3	0.514599621295929	ambig_opp_strand	unspliced	3419	8	ENST00000618132.2	MALAT1	ENSG00000251562.11	mrna
A00839:75:H7MFFDSXY:3:1343:16640:28275	chr11	65502379	65502528	True	-237	150M	255	0	3	0.9498324394226074	ambig_opp_strand	unspliced	3419	14	ENST00000618132.2	MALAT1	ENSG00000251562.11	mrna
A00839:75:H7MFFDSXY:3:1209:18602:20400	chr11	65501308	65501457	True	-185	150M	255	1	3	0.25868311524391174	ambig_opp_strand	unspliced	3419	17	ENST00000710862.1	MALAT1	ENSG00000251562.11	mrna
A00839:75:H7MFFDSXY:3:1121:13955:16141	chr11	65505668	65505817	False	308	150M	255	0	9	0.9265042543411255	ambig_opp_strand	unspliced	3419	6	ENST00000698129.1	TALAM1	ENSG00000289740.1	mrna
A00839:75:H7MFFDSXY:3:1611:6361:14418	chr11	65504903	65505052	True	-159	150M	255	1	3	0.3661762475967407	ambig_opp_strand	unspliced	3419	19	ENST00000618132.2	MALAT1	ENSG00000251562.11	mrna
A00839:75:H7MFFDSXY:3:1651:10728:35352	chr11	65505677	65505826	True	-421	150M	255	0	3	0.49746859073638916	ambig_opp_strand	unspliced	3419	6	ENST00000618132.2	MALAT1	ENSG00000251562.11	mrna
A00839:75:H7MFFDSXY:3:1629:29134:1063	chr11	65505590	65505739	False	429	150M	255	0	9	0.386258602142334	ambig_opp_strand	unspliced	3419	6	ENST00000698129.1	TALAM1	ENSG00000289740.1	mrna
A00839:75:H7MFFDSXY:3:1133:26648:18239	chr11	65502552	65502701	False	332	150M	255	0	9	0.8997780084609985	ambig_opp_strand	unspliced	3419	15	ENST00000698129.1	TALAM1	ENSG00000289740.1	mrna
A00839:75:H7MFFDSXY:3:1569:5665:8108	chr11	65504433	65504582	True	-250	150M	255	0	3	0.20127497613430023	ambig_opp_strand	unspliced	3419	22	ENST00000710862.1	MALAT1	ENSG00000251562.11	mrna
A00839:75:H7MFFDSXY:3:2254:15393:11146	chr11	65500185	65500334	False	336	150M	255	0	3	0.01976446621119976	ambig_opp_strand	unspliced	3419	26	ENST00000710935.1	MALAT1	ENSG00000251562.11	mrna
A00839:75:H7MFFDSXY:3:2354:3568:4633	chr11	65500619	65500768	False	224	150M	255	0	9	0.9401329159736633	ambig_opp_strand	unspliced	3419	13	ENST00000698129.1	TALAM1	ENSG00000289740.1	mrna
A00839:75:H7MFFDSXY:3:2634:17327:7607	chr11	65504112	65504261	False	198	150M	255	1	9	0.9752796292304993	ambig_opp_strand	unspliced	3419	12	ENST00000698129.1	TALAM1	ENSG00000289740.1	mrna
A00839:75:H7MFFDSXY:3:1314:22824:29121	chr11	65505600	65505749	True	-318	150M	255	0	3	0.5170639157295227	ambig_opp_strand	unspliced	3419	6	ENST00000618132.2	MALAT1	ENSG00000251562.11	mrna
A00839:75:H7MFFDSXY:3:1578:22770:4852	chr11	65505879	65506028	False	166	150M	255	0	9	0.9485868215560913	ambig_opp_strand	unspliced	3419	6	ENST00000698129.1	TALAM1	ENSG00000289740.1	mrna
A00839:75:H7MFFDSXY:3:2233:25039:23688	chr11	65504297	65504446	False	290	150M	255	0	9	0.9603728652000427	ambig_opp_strand	unspliced	3419	12	ENST00000698129.1	TALAM1	ENSG00000289740.1	mrna
A00839:75:H7MFFDSXY:3:2443:7310:2785	chr11	65500461	65500610	False	290	150M	255	0	9	0.9025884866714478	ambig_opp_strand	unspliced	3419	27	ENST00000698129.1	TALAM1	ENSG00000289740.1	mrna
A00839:75:H7MFFDSXY:3:2213:5990:11490	chr11	65501012	65501161	False	334	150M	255	0	9	0.884357213973999	ambig_opp_strand	unspliced	3419	16	ENST00000698129.1	TALAM1	ENSG00000289740.1	mrna
A00839:75:H7MFFDSXY:3:2570:31647:9893	chr11	65503774	65503921	True	-156	2S148M	255	2	3	0.2893568277359009	ambig_opp_strand	unspliced	3419	17	ENST00000710862.1	MALAT1	ENSG00000251562.11	mrna
A00839:75:H7MFFDSXY:3:1551:31204:30389	chr11	65503411	65503560	False	336	150M	255	0	5	0.09323747456073761	ambig_opp_strand	unspliced	-1	23	.	.	.	mrna
A00839:75:H7MFFDSXY:3:2135:21929:33614	chr11	65502085	65502234	True	-439	150M	255	1	3	0.2485511749982834	ambig_opp_strand	unspliced	3419	20	ENST00000710862.1	MALAT1	ENSG00000251562.11	mrna
A00839:75:H7MFFDSXY:3:1627:11198:20071	chr11	65505219	65505368	False	317	150M	255	0	9	0.9153022170066833	ambig_opp_strand	unspliced	3419	8	ENST00000698129.1	TALAM1	ENSG00000289740.1	mrna
A00839:75:H7MFFDSXY:3:1553:32497:14121	chr11	65504984	65505133	False	344	150M	255	0	9	0.8338077664375305	ambig_opp_strand	unspliced	3419	15	ENST00000698129.1	TALAM1	ENSG00000289740.1	mrna
A00839:75:H7MFFDSXY:3:2464:24135:15358	chr11	65505971	65506120	True	-467	150M	255	1	3	0.4127594828605652	ambig_opp_strand	unspliced	3419	5	ENST00000710951.1	MALAT1	ENSG00000251562.11	mrna
A00839:75:H7MFFDSXY:3:2634:12301:36542	chr11	65500522	65500671	True	-252	150M	255	0	3	0.10590032488107681	ambig_opp_strand	unspliced	3419	27	ENST00000710862.1	MALAT1	ENSG00000251562.11	mrna
A00839:75:H7MFFDSXY:3:1414:3839:22200	chr11	65505234	65505383	True	-287	150M	255	0	3	0.17518705129623413	ambig_opp_strand	unspliced	3419	15	ENST00000710862.1	MALAT1	ENSG00000251562.11	mrna
A00839:75:H7MFFDSXY:3:1575:2745:21402	chr11	65503973	65504122	True	-292	150M	255	0	3	0.6058863997459412	ambig_opp_strand	unspliced	3419	17	ENST00000618132.2	MALAT1	ENSG00000251562.11	mrna
A00839:75:H7MFFDSXY:3:2621:9733:32659	chr11	65505252	65505401	True	-285	150M	255	0	3	0.3668811023235321	ambig_opp_strand	unspliced	3419	15	ENST00000618132.2	MALAT1	ENSG00000251562.11	mrna
A00839:75:H7MFFDSXY:3:2678:15203:9596	chr11	65504086	65504235	False	224	150M	255	1	9	0.9759624004364014	ambig_opp_strand	unspliced	3419	12	ENST00000698129.1	TALAM1	ENSG00000289740.1	mrna
A00839:75:H7MFFDSXY:3:1576:7835:22420	chr11	65503326	65503475	False	240	150M	255	0	9	0.9584668278694153	ambig_opp_strand	unspliced	3419	27	ENST00000698129.1	TALAM1	ENSG00000289740.1	mrna
A00839:75:H7MFFDSXY:3:1445:15474:20118	chr11	65500368	65500517	False	330	150M	255	0	9	0.8865986466407776	ambig_opp_strand	unspliced	3419	26	ENST00000698129.1	TALAM1	ENSG00000289740.1	mrna
A00839:75:H7MFFDSXY:3:2110:31656:18865	chr11	65504540	65504689	True	-267	150M	255	1	3	0.42716899514198303	ambig_opp_strand	unspliced	3419	20	ENST00000618132.2	MALAT1	ENSG00000251562.11	mrna
A00839:75:H7MFFDSXY:3:1268:29586:26522	chr11	65506429	65506578	True	-384	150M	255	1	5	0.5757718086242676	ambig_opp_strand	unspliced	-1	3	.	.	.	mrna
A00839:75:H7MFFDSXY:3:2309:31973:9486	chr11	65504325	65504474	False	329	150M	255	0	9	0.9030587077140808	ambig_opp_strand	unspliced	3419	20	ENST00000698129.1	TALAM1	ENSG00000289740.1	mrna
A00839:75:H7MFFDSXY:3:2424:2094:22060	chr11	65501480	65501629	False	318	150M	255	1	9	0.9154366850852966	ambig_opp_strand	unspliced	3419	17	ENST00000698129.1	TALAM1	ENSG00000289740.1	mrna
A00839:75:H7MFFDSXY:3:1626:12518:24236	chr11	65501870	65502019	False	268	150M	255	0	9	0.9504644274711609	ambig_opp_strand	unspliced	3419	20	ENST00000698129.1	TALAM1	ENSG00000289740.1	mrna
A00839:75:H7MFFDSXY:3:1327:27010:11068	chr11	65504255	65504404	True	-389	150M	255	0	3	0.6668932437896729	ambig_opp_strand	unspliced	3419	12	ENST00000710862.1	MALAT1	ENSG00000251562.11	mrna
A00839:75:H7MFFDSXY:3:1372:6876:34538	chr11	65505900	65506049	False	202	150M	255	0	9	0.9547228813171387	ambig_opp_strand	unspliced	3419	6	ENST00000698129.1	TALAM1	ENSG00000289740.1	mrna
A00839:75:H7MFFDSXY:3:1416:10465:11945	chr11	65504631	65504780	False	404	150M	255	0	5	0.6141299605369568	ambig_opp_strand	unspliced	-1	16	.	.	.	mrna
A00839:75:H7MFFDSXY:3:1538:14199:12680	chr11	65504643	65504792	True	-380	150M	255	0	3	0.41981402039527893	ambig_opp_strand	unspliced	3419	20	ENST00000618132.2	MALAT1	ENSG00000251562.11	mrna
A00839:75:H7MFFDSXY:3:1440:3531:11992	chr11	65505563	65505704	True	-142	142M1S	255	1	3	0.5173341035842896	ambig_opp_strand	unspliced	3419	6	ENST00000618132.2	MALAT1	ENSG00000251562.11	mrna
A00839:75:H7MFFDSXY:3:2378:1958:6699	chr11	65500949	65501098	False	459	150M	255	1	5	0.6225818395614624	ambig_opp_strand	unspliced	-1	13	.	.	.	mrna
A00839:75:H7MFFDSXY:3:2327:15718:3349	chr11	65505305	65505454	False	181	150M	255	0	9	0.9519368410110474	ambig_opp_strand	unspliced	3419	8	ENST00000698129.1	TALAM1	ENSG00000289740.1	mrna
A00839:75:H7MFFDSXY:3:1335:5348:22404	chr11	65500806	65500955	False	312	150M	255	0	9	0.9070046544075012	ambig_opp_strand	unspliced	3419	13	ENST00000698129.1	TALAM1	ENSG00000289740.1	mrna
A00839:75:H7MFFDSXY:3:2256:18747:8312	chr11	65504318	65504467	False	346	150M	255	1	9	0.8490766286849976	ambig_opp_strand	unspliced	3419	12	ENST00000698129.1	TALAM1	ENSG00000289740.1	mrna
A00839:75:H7MFFDSXY:3:1366:3712:14246	chr11	65501362	65501511	True	-250	150M	255	0	3	0.541738748550415	ambig_opp_strand	unspliced	3419	17	ENST00000618132.2	MALAT1	ENSG00000251562.11	mrna
A00839:75:H7MFFDSXY:3:2460:28556:13213	chr11	65500199	65500348	True	-300	150M	255	0	3	0.5392629504203796	ambig_opp_strand	unspliced	3419	26	ENST00000710935.1	MALAT1	ENSG00000251562.11	mrna
A00839:75:H7MFFDSXY:3:2511:30897:28792	chr11	65503836	65503985	False	418	150M	255	0	5	0.6359308958053589	ambig_opp_strand	unspliced	-1	12	.	.	.	mrna
A00839:75:H7MFFDSXY:3:1478:3332:6668	chr11	65502347	65502496	True	-329	150M	255	0	3	0.9480247497558594	ambig_opp_strand	unspliced	3419	11	ENST00000618132.2	MALAT1	ENSG00000251562.11	mrna
A00839:75:H7MFFDSXY:3:1149:19199:16705	chr11	65503822	65503971	False	280	150M	255	0	9	0.9495628476142883	ambig_opp_strand	unspliced	3419	17	ENST00000698129.1	TALAM1	ENSG00000289740.1	mrna
A00839:75:H7MFFDSXY:3:2412:22164:35806	chr11	65504369	65504518	False	420	150M	255	0	9	0.39908748865127563	ambig_opp_strand	unspliced	3419	20	ENST00000698129.1	TALAM1	ENSG00000289740.1	mrna
A00839:75:H7MFFDSXY:3:1264:24849:28964	chr11	65504301	65504450	False	319	150M	255	0	9	0.9308704137802124	ambig_opp_strand	unspliced	3419	11	ENST00000698129.1	TALAM1	ENSG00000289740.1	mrna
A00839:75:H7MFFDSXY:3:2236:1886:19727	chr11	65500642	65500791	True	-393	150M	255	0	3	0.30535888671875	ambig_opp_strand	unspliced	3419	24	ENST00000710935.1	MALAT1	ENSG00000251562.11	mrna
A00839:75:H7MFFDSXY:3:2275:9923:19179	chr11	65502290	65502439	False	199	150M	255	0	9	0.9685839414596558	ambig_opp_strand	unspliced	3419	14	ENST00000698129.1	TALAM1	ENSG00000289740.1	mrna
A00839:75:H7MFFDSXY:3:1161:13783:23328	chr11	65504056	65504205	True	-412	150M	255	0	3	0.2777978777885437	ambig_opp_strand	unspliced	3419	17	ENST00000710862.1	MALAT1	ENSG00000251562.11	mrna
A00839:75:H7MFFDSXY:3:1510:7283:1611	chr11	65505825	65505974	True	-239	150M	255	0	3	0.5176060795783997	ambig_opp_strand	unspliced	3419	6	ENST00000618132.2	MALAT1	ENSG00000251562.11	mrna
A00839:75:H7MFFDSXY:3:1232:15673:12853	chr11	65503370	65503519	False	369	150M	255	0	9	0.6496812701225281	ambig_opp_strand	unspliced	3419	23	ENST00000698129.1	TALAM1	ENSG00000289740.1	mrna
A00839:75:H7MFFDSXY:3:2211:26946:25175	chr11	65501948	65502097	True	-415	150M	255	0	3	0.2500353455543518	ambig_opp_strand	unspliced	3419	18	ENST00000710862.1	MALAT1	ENSG00000251562.11	mrna
A00839:75:H7MFFDSXY:3:1614:13666:9283	chr11	65500199	65500348	True	-254	150M	255	0	3	0.5394703149795532	ambig_opp_strand	unspliced	3419	26	ENST00000710935.1	MALAT1	ENSG00000251562.11	mrna
A00839:75:H7MFFDSXY:3:1124:31910:15107	chr11	65504935	65505084	True	-203	150M	255	0	3	0.15236780047416687	ambig_opp_strand	unspliced	3419	19	ENST00000710951.1	MALAT1	ENSG00000251562.11	mrna
A00839:75:H7MFFDSXY:3:1245:23565:2065	chr11	65502279	65502428	True	-310	150M	255	0	3	0.9492505192756653	ambig_opp_strand	unspliced	3419	12	ENST00000618132.2	MALAT1	ENSG00000251562.11	mrna
A00839:75:H7MFFDSXY:3:2424:11125:13432	chr11	65505421	65505570	True	-362	150M	255	0	3	0.5110531449317932	ambig_opp_strand	unspliced	3419	8	ENST00000618132.2	MALAT1	ENSG00000251562.11	mrna
A00839:75:H7MFFDSXY:3:1143:26042:31688	chr11	65504918	65505067	True	-330	150M	255	1	3	0.17468136548995972	ambig_opp_strand	unspliced	3419	19	ENST00000710862.1	MALAT1	ENSG00000251562.11	mrna
A00839:75:H7MFFDSXY:3:2423:30698:9878	chr11	65500658	65500807	True	-206	150M	255	0	3	0.3103134036064148	ambig_opp_strand	unspliced	3419	26	ENST00000710935.1	MALAT1	ENSG00000251562.11	mrna
A00839:75:H7MFFDSXY:3:1171:16450:32863	chr11	65502539	65502688	False	256	150M	255	0	9	0.9661688804626465	ambig_opp_strand	unspliced	3419	15	ENST00000698129.1	TALAM1	ENSG00000289740.1	mrna
A00839:75:H7MFFDSXY:3:1327:1181:35102	chr11	65500441	65500590	True	-291	150M	255	0	3	0.1958770602941513	ambig_opp_strand	unspliced	3419	26	ENST00000710862.1	MALAT1	ENSG00000251562.11	mrna
A00839:75:H7MFFDSXY:3:2575:5719:12524	chr11	65503438	65503587	True	-314	150M	255	0	3	0.5922951698303223	ambig_opp_strand	unspliced	3419	27	ENST00000618132.2	MALAT1	ENSG00000251562.11	mrna
A00839:75:H7MFFDSXY:3:2520:14425:8782	chr11	65505286	65505435	False	286	150M	255	0	9	0.9422709345817566	ambig_opp_strand	unspliced	3419	8	ENST00000698129.1	TALAM1	ENSG00000289740.1	mrna
A00839:75:H7MFFDSXY:3:1404:29640:30248	chr11	65500872	65501021	True	-357	150M	255	1	3	0.7096213102340698	ambig_opp_strand	unspliced	3419	13	ENST00000710933.1	MALAT1	ENSG00000251562.11	mrna
A00839:75:H7MFFDSXY:3:1601:28094:23281	chr11	65501106	65501254	False	258	128M1I21M	255	1	9	0.9531387686729431	ambig_opp_strand	unspliced	3419	16	ENST00000698129.1	TALAM1	ENSG00000289740.1	mrna
A00839:75:H7MFFDSXY:3:1322:8106:26334	chr11	65505245	65505394	False	165	150M	255	0	9	0.9358402490615845	ambig_opp_strand	unspliced	3419	16	ENST00000698129.1	TALAM1	ENSG00000289740.1	mrna
A00839:75:H7MFFDSXY:3:1315:27661:25097	chr11	65500832	65500981	False	303	150M	255	0	9	0.9169553518295288	ambig_opp_strand	unspliced	3419	13	ENST00000698129.1	TALAM1	ENSG00000289740.1	mrna
A00839:75:H7MFFDSXY:3:2335:19171:22420	chr11	65500221	65500370	False	300	150M	255	0	9	0.9259933233261108	ambig_opp_strand	unspliced	3419	26	ENST00000698129.1	TALAM1	ENSG00000289740.1	mrna
A00839:75:H7MFFDSXY:3:2630:31955:10802	chr11	65503359	65503508	True	-204	150M	255	0	3	0.5918184518814087	ambig_opp_strand	unspliced	3419	27	ENST00000618132.2	MALAT1	ENSG00000251562.11	mrna
A00839:75:H7MFFDSXY:3:2241:7726:14372	chr11	65501563	65501712	True	-271	150M	255	0	3	0.2597590982913971	ambig_opp_strand	unspliced	3419	17	ENST00000710862.1	MALAT1	ENSG00000251562.11	mrna
A00839:75:H7MFFDSXY:3:2410:17029:4867	chr11	65505252	65505401	True	-365	150M	255	0	3	0.3647305965423584	ambig_opp_strand	unspliced	3419	15	ENST00000618132.2	MALAT1	ENSG00000251562.11	mrna
A00839:75:H7MFFDSXY:3:1353:7952:16986	chr11	65502768	65502917	True	-313	150M	255	0	3	0.9453896880149841	ambig_opp_strand	unspliced	3419	15	ENST00000618132.2	MALAT1	ENSG00000251562.11	mrna
A00839:75:H7MFFDSXY:3:2153:6225:35008	chr11	65500402	65500551	True	-436	150M	255	0	3	0.03263980522751808	ambig_opp_strand	unspliced	3419	26	ENST00000508832.3	MALAT1	ENSG00000251562.11	mrna
A00839:75:H7MFFDSXY:3:2107:7961:33849	chr11	65503782	65503931	False	313	150M	255	0	9	0.9247843623161316	ambig_opp_strand	unspliced	3419	17	ENST00000698129.1	TALAM1	ENSG00000289740.1	mrna
A00839:75:H7MFFDSXY:3:2664:11243:29825	chr11	65504466	65504615	True	-286	150M	255	0	3	0.42710763216018677	ambig_opp_strand	unspliced	3419	20	ENST00000618132.2	MALAT1	ENSG00000251562.11	mrna
A00839:75:H7MFFDSXY:3:1340:31051:15812	chr11	65502776	65502925	True	-480	150M	255	0	3	0.8745537400245667	ambig_opp_strand	unspliced	3419	15	ENST00000618132.2	MALAT1	ENSG00000251562.11	mrna
A00839:75:H7MFFDSXY:3:2334:2917:30123	chr11	65506513	65506662	True	-351	150M	255	0	9	0.8076208233833313	ambig_opp_strand	unspliced	3419	3	ENST00000534336.3	MALAT1	ENSG00000251562.11	mrna
A00839:75:H7MFFDSXY:3:1470:2085:35603	chr11	65506268	65506417	True	-277	150M	255	0	3	0.4462066888809204	ambig_opp_strand	unspliced	3419	5	ENST00000710951.1	MALAT1	ENSG00000251562.11	mrna
A00839:75:H7MFFDSXY:3:1608:12373:15374	chr11	65504384	65504508	True	-125	125M	255	0	3	0.42105934023857117	ambig_opp_strand	unspliced	3419	23	ENST00000618132.2	MALAT1	ENSG00000251562.11	mrna
A00839:75:H7MFFDSXY:3:1423:31575:2378	chr11	65504962	65505111	False	331	150M	255	0	9	0.8798871636390686	ambig_opp_strand	unspliced	3419	15	ENST00000698129.1	TALAM1	ENSG00000289740.1	mrna
A00839:75:H7MFFDSXY:3:2250:32515:13119	chr11	65505113	65505262	True	-338	150M	255	1	3	0.15212222933769226	ambig_opp_strand	unspliced	3419	19	ENST00000710951.1	MALAT1	ENSG00000251562.11	mrna
A00839:75:H7MFFDSXY:3:2425:22616:9596	chr11	65505848	65505997	False	210	150M	255	0	9	0.9552491903305054	ambig_opp_strand	unspliced	3419	6	ENST00000698129.1	TALAM1	ENSG00000289740.1	mrna
A00839:75:H7MFFDSXY:3:1160:29975:27790	chr11	65504908	65505057	False	208	150M	255	1	9	0.942825436592102	ambig_opp_strand	unspliced	3419	19	ENST00000698129.1	TALAM1	ENSG00000289740.1	mrna
A00839:75:H7MFFDSXY:3:2116:11107:3255	chr11	65501755	65501904	False	264	150M	255	1	9	0.9517916440963745	ambig_opp_strand	unspliced	3419	19	ENST00000698129.1	TALAM1	ENSG00000289740.1	mrna
A00839:75:H7MFFDSXY:3:1246:15962:10911	chr11	65505361	65505510	False	280	150M	255	0	9	0.9450371265411377	ambig_opp_strand	unspliced	3419	8	ENST00000698129.1	TALAM1	ENSG00000289740.1	mrna
A00839:75:H7MFFDSXY:3:1563:31638:17738	chr11	65505896	65506045	True	-177	150M	255	0	3	0.24714435636997223	ambig_opp_strand	unspliced	3419	6	ENST00000710862.1	MALAT1	ENSG00000251562.11	mrna
A00839:75:H7MFFDSXY:3:1233:10230:34272	chr11	65505472	65505621	False	260	150M	255	0	9	0.9512690901756287	ambig_opp_strand	unspliced	3419	6	ENST00000698129.1	TALAM1	ENSG00000289740.1	mrna
A00839:75:H7MFFDSXY:3:2445:17390:32612	chr11	65500115	65500264	True	-201	150M	255	0	3	0.5394909381866455	ambig_opp_strand	unspliced	3419	26	ENST00000710935.1	MALAT1	ENSG00000251562.11	mrna
A00839:75:H7MFFDSXY:3:1328:11333:17863	chr11	65505630	65505779	True	-460	150M	255	0	3	0.2077668011188507	ambig_opp_strand	unspliced	3419	6	ENST00000710951.1	MALAT1	ENSG00000251562.11	mrna
A00839:75:H7MFFDSXY:3:2334:3125:11036	chr11	65505291	65505440	True	-237	150M	255	0	3	0.02967969700694084	ambig_opp_strand	unspliced	3419	16	ENST00000508832.3	MALAT1	ENSG00000251562.11	mrna
A00839:75:H7MFFDSXY:3:2211:1443:21151	chr11	65505616	65505765	False	377	150M	255	0	9	0.5446040034294128	ambig_opp_strand	unspliced	3419	6	ENST00000698129.1	TALAM1	ENSG00000289740.1	mrna
A00839:75:H7MFFDSXY:3:1532:32127:10066	chr11	65503458	65503607	True	-227	150M	255	2	3	0.5926401019096375	ambig_opp_strand	unspliced	3419	27	ENST00000618132.2	MALAT1	ENSG00000251562.11	mrna
A00839:75:H7MFFDSXY:3:1505:32714:21104	chr11	65504464	65504613	True	-293	150M	255	0	3	0.09767287224531174	ambig_opp_strand	unspliced	3419	12	ENST00000508832.3	MALAT1	ENSG00000251562.11	mrna
A00839:75:H7MFFDSXY:3:1616:24722:33254	chr11	65505226	65505375	False	232	150M	255	0	9	0.9549272060394287	ambig_opp_strand	unspliced	3419	8	ENST00000698129.1	TALAM1	ENSG00000289740.1	mrna
A00839:75:H7MFFDSXY:3:1634:29170:29935	chr11	65504770	65504919	True	-372	150M	255	0	3	0.4227905869483948	ambig_opp_strand	unspliced	3419	19	ENST00000618132.2	MALAT1	ENSG00000251562.11	mrna
A00839:75:H7MFFDSXY:3:1355:3974:29387	chr11	65500286	65500435	False	370	150M	255	0	5	0.3461593687534332	ambig_opp_strand	unspliced	-1	26	.	.	.	mrna
A00839:75:H7MFFDSXY:3:1643:19271:7936	chr11	65503743	65503892	True	-462	150M	255	0	3	0.5728002786636353	ambig_opp_strand	unspliced	3419	19	ENST00000618132.2	MALAT1	ENSG00000251562.11	mrna
A00839:75:H7MFFDSXY:3:1120:24433:30123	chr11	65500746	65500895	True	-244	150M	255	7	3	0.7122980356216431	ambig_opp_strand	unspliced	3419	13	ENST00000710933.1	MALAT1	ENSG00000251562.11	mrna
A00839:75:H7MFFDSXY:3:1506:29423:25801	chr11	65505361	65505510	False	276	150M	255	1	9	0.9463100433349609	ambig_opp_strand	unspliced	3419	8	ENST00000698129.1	TALAM1	ENSG00000289740.1	mrna
A00839:75:H7MFFDSXY:3:2144:8829:3537	chr11	65500785	65500934	True	-268	150M	255	0	3	0.7122392058372498	ambig_opp_strand	unspliced	3419	13	ENST00000710933.1	MALAT1	ENSG00000251562.11	mrna
A00839:75:H7MFFDSXY:3:1177:32036:9032	chr11	65504664	65504813	True	-188	150M	255	0	3	0.42720460891723633	ambig_opp_strand	unspliced	3419	20	ENST00000618132.2	MALAT1	ENSG00000251562.11	mrna
A00839:75:H7MFFDSXY:3:2317:31864:35509	chr11	65504588	65504737	False	353	150M	255	0	9	0.7872030735015869	ambig_opp_strand	unspliced	3419	19	ENST00000698129.1	TALAM1	ENSG00000289740.1	mrna
A00839:75:H7MFFDSXY:3:1339:5764:22060	chr11	65504222	65504369	False	253	148M2S	255	2	9	0.9734731912612915	ambig_opp_strand	unspliced	3419	12	ENST00000698129.1	TALAM1	ENSG00000289740.1	mrna
A00839:75:H7MFFDSXY:3:1518:31584:36839	chr11	65505863	65506012	True	-328	150M	255	3	3	0.21501919627189636	ambig_opp_strand	unspliced	3419	6	ENST00000710951.1	MALAT1	ENSG00000251562.11	mrna
A00839:75:H7MFFDSXY:3:1404:10908:4570	chr11	65503855	65504000	True	-259	4S146M	255	4	3	0.6061002016067505	ambig_opp_strand	unspliced	3419	17	ENST00000618132.2	MALAT1	ENSG00000251562.11	mrna
A00839:75:H7MFFDSXY:3:1626:4797:30342	chr11	65501616	65501765	False	284	150M	255	0	9	0.9448294043540955	ambig_opp_strand	unspliced	3419	18	ENST00000698129.1	TALAM1	ENSG00000289740.1	mrna
A00839:75:H7MFFDSXY:3:2169:27507:31250	chr11	65500583	65500732	True	-261	150M	255	0	3	0.291583776473999	ambig_opp_strand	unspliced	3419	27	ENST00000710935.1	MALAT1	ENSG00000251562.11	mrna
A00839:75:H7MFFDSXY:3:2677:6488:7842	chr11	65503440	65503589	True	-339	150M	255	0	3	0.5913159251213074	ambig_opp_strand	unspliced	3419	26	ENST00000618132.2	MALAT1	ENSG00000251562.11	mrna
A00839:75:H7MFFDSXY:3:1244:6714:21762	chr11	65500737	65500886	False	276	150M	255	0	9	0.9316051006317139	ambig_opp_strand	unspliced	3419	13	ENST00000698129.1	TALAM1	ENSG00000289740.1	mrna
A00839:75:H7MFFDSXY:3:1149:20808:18427	chr11	65505844	65505993	False	243	150M	255	0	9	0.9542460441589355	ambig_opp_strand	unspliced	3419	6	ENST00000698129.1	TALAM1	ENSG00000289740.1	mrna
A00839:75:H7MFFDSXY:3:1170:11767:20369	chr11	65500969	65501118	False	167	150M	255	0	9	0.9339703321456909	ambig_opp_strand	unspliced	3419	15	ENST00000698129.1	TALAM1	ENSG00000289740.1	mrna
A00839:75:H7MFFDSXY:3:2629:24921:33035	chr11	65504778	65504927	True	-305	150M	255	0	3	0.4271549880504608	ambig_opp_strand	unspliced	3419	19	ENST00000618132.2	MALAT1	ENSG00000251562.11	mrna
A00839:75:H7MFFDSXY:3:2204:9408:28995	chr11	65505990	65506140	False	332	108M1D42M	255	1	9	0.9015151262283325	ambig_opp_strand	unspliced	3419	5	ENST00000698129.1	TALAM1	ENSG00000289740.1	mrna
A00839:75:H7MFFDSXY:3:1253:14018:3724	chr11	65503102	65503251	False	273	150M	255	0	9	0.9592510461807251	ambig_opp_strand	unspliced	3419	18	ENST00000698129.1	TALAM1	ENSG00000289740.1	mrna
A00839:75:H7MFFDSXY:3:1607:13955:10441	chr11	65504282	65504431	False	368	150M	255	0	5	0.32059359550476074	ambig_opp_strand	unspliced	-1	11	.	.	.	mrna
A00839:75:H7MFFDSXY:3:1630:23086:4210	chr11	65505821	65505970	True	-462	150M	255	0	3	0.2080390602350235	ambig_opp_strand	unspliced	3419	6	ENST00000710951.1	MALAT1	ENSG00000251562.11	mrna
A00839:75:H7MFFDSXY:3:2412:17318:16892	chr11	65505968	65506117	True	-161	150M	255	3	3	0.5121549963951111	ambig_opp_strand	unspliced	3419	5	ENST00000710862.1	MALAT1	ENSG00000251562.11	mrna
A00839:75:H7MFFDSXY:3:2212:16794:28479	chr11	65500926	65501075	False	242	150M	255	0	9	0.9393103718757629	ambig_opp_strand	unspliced	3419	15	ENST00000698129.1	TALAM1	ENSG00000289740.1	mrna
A00839:75:H7MFFDSXY:3:1341:17291:26741	chr11	65502090	65502239	False	266	150M	255	0	9	0.9511550664901733	ambig_opp_strand	unspliced	3419	21	ENST00000698129.1	TALAM1	ENSG00000289740.1	mrna
A00839:75:H7MFFDSXY:3:1275:21820:6245	chr11	65502005	65502154	True	-222	150M	255	0	3	0.5409892201423645	ambig_opp_strand	unspliced	3419	21	ENST00000618132.2	MALAT1	ENSG00000251562.11	mrna
A00839:75:H7MFFDSXY:3:2201:28845:12712	chr11	65503800	65503949	False	407	150M	255	0	5	0.5990378856658936	ambig_opp_strand	unspliced	-1	17	.	.	.	mrna
A00839:75:H7MFFDSXY:3:1536:23475:33285	chr11	65501087	65501236	True	-174	150M	255	0	3	0.5420398116111755	ambig_opp_strand	unspliced	3419	16	ENST00000618132.2	MALAT1	ENSG00000251562.11	mrna
A00839:75:H7MFFDSXY:3:2168:29839:14998	chr11	65500958	65501107	True	-198	150M	255	0	3	0.712295413017273	ambig_opp_strand	unspliced	3419	15	ENST00000710933.1	MALAT1	ENSG00000251562.11	mrna
A00839:75:H7MFFDSXY:3:2346:2944:12602	chr11	65505252	65505401	True	-327	150M	255	0	3	0.17504455149173737	ambig_opp_strand	unspliced	3419	15	ENST00000710862.1	MALAT1	ENSG00000251562.11	mrna
A00839:75:H7MFFDSXY:3:1173:14940:29246	chr11	65503382	65503531	False	221	150M	255	0	9	0.9591336846351624	ambig_opp_strand	unspliced	3419	27	ENST00000698129.1	TALAM1	ENSG00000289740.1	mrna
A00839:75:H7MFFDSXY:3:2405:8169:33238	chr11	65505719	65505868	True	-331	150M	255	0	3	0.5167286396026611	ambig_opp_strand	unspliced	3419	6	ENST00000618132.2	MALAT1	ENSG00000251562.11	mrna
A00839:75:H7MFFDSXY:3:1362:10267:10661	chr11	65500870	65501019	False	319	150M	255	0	9	0.8981649279594421	ambig_opp_strand	unspliced	3419	13	ENST00000698129.1	TALAM1	ENSG00000289740.1	mrna
A00839:75:H7MFFDSXY:3:1413:12445:7420	chr11	65500617	65500756	False	140	140M	255	0	9	0.8932492136955261	ambig_opp_strand	unspliced	3419	29	ENST00000698129.1	TALAM1	ENSG00000289740.1	mrna
A00839:75:H7MFFDSXY:3:1367:13015:29794	chr11	65504670	65504819	False	437	150M	255	0	9	0.9550784826278687	ambig_opp_strand	spliced_implicit	3419	17	ENST00000698129.1	TALAM1	ENSG00000289740.1	mrna
A00839:75:H7MFFDSXY:3:1574:13584:29340	chr11	65505450	65505599	False	318	150M	255	0	9	0.9140796065330505	ambig_opp_strand	unspliced	3419	6	ENST00000698129.1	TALAM1	ENSG00000289740.1	mrna
A00839:75:H7MFFDSXY:3:1160:20980:19789	chr11	65505176	65505325	False	319	150M	255	0	9	0.91182541847229	ambig_opp_strand	unspliced	3419	8	ENST00000698129.1	TALAM1	ENSG00000289740.1	mrna
A00839:75:H7MFFDSXY:3:2417:7419:17816	chr11	65503225	65503374	True	-279	150M	255	0	3	0.8356964588165283	ambig_opp_strand	unspliced	3419	18	ENST00000618132.2	MALAT1	ENSG00000251562.11	mrna
A00839:75:H7MFFDSXY:3:1228:10420:4539	chr11	65505331	65505480	False	275	150M	255	0	9	0.946573793888092	ambig_opp_strand	unspliced	3419	8	ENST00000698129.1	TALAM1	ENSG00000289740.1	mrna
A00839:75:H7MFFDSXY:3:1411:32362:16141	chr11	65505910	65506059	True	-351	150M	255	0	3	0.2460992932319641	ambig_opp_strand	unspliced	3419	6	ENST00000710862.1	MALAT1	ENSG00000251562.11	mrna
A00839:75:H7MFFDSXY:3:2677:2049:15217	chr11	65500764	65500913	True	-403	150M	255	0	3	0.6954887509346008	ambig_opp_strand	unspliced	3419	13	ENST00000710933.1	MALAT1	ENSG00000251562.11	mrna
A00839:75:H7MFFDSXY:3:1304:11568:30107	chr11	65504717	65504866	False	258	150M	255	0	9	0.9389777183532715	ambig_opp_strand	unspliced	3419	22	ENST00000698129.1	TALAM1	ENSG00000289740.1	mrna
A00839:75:H7MFFDSXY:3:1478:17734:18208	chr11	65500783	65500932	False	301	150M	255	1	9	0.918404221534729	ambig_opp_strand	unspliced	3419	13	ENST00000698129.1	TALAM1	ENSG00000289740.1	mrna
A00839:75:H7MFFDSXY:3:2520:21169:9846	chr11	65504490	65504639	False	278	150M	255	0	9	0.9394770264625549	ambig_opp_strand	unspliced	3419	20	ENST00000698129.1	TALAM1	ENSG00000289740.1	mrna
A00839:75:H7MFFDSXY:3:1125:19940:25410	chr11	65504614	65504763	True	-158	150M	255	0	3	0.42712995409965515	ambig_opp_strand	unspliced	3419	20	ENST00000618132.2	MALAT1	ENSG00000251562.11	mrna
A00839:75:H7MFFDSXY:3:2471:23113:2002	chr11	65500757	65500906	False	201	150M	255	0	9	0.9395084977149963	ambig_opp_strand	unspliced	3419	13	ENST00000698129.1	TALAM1	ENSG00000289740.1	mrna
A00839:75:H7MFFDSXY:3:2555:26675:1783	chr11	65504876	65505025	True	-302	150M	255	0	3	0.08323167264461517	ambig_opp_strand	unspliced	3419	19	ENST00000710943.1	MALAT1	ENSG00000251562.11	mrna
A00839:75:H7MFFDSXY:3:1623:10131:28557	chr11	65505932	65506081	True	-520	150M	255	0	3	0.23956769704818726	ambig_opp_strand	unspliced	3419	6	ENST00000710862.1	MALAT1	ENSG00000251562.11	mrna
A00839:75:H7MFFDSXY:3:1575:17327:31000	chr11	65501981	65502130	False	334	150M	255	0	9	0.8843027949333191	ambig_opp_strand	unspliced	3419	21	ENST00000698129.1	TALAM1	ENSG00000289740.1	mrna
A00839:75:H7MFFDSXY:3:2569:22336:13244	chr11	65502553	65502702	False	309	150M	255	0	9	0.9377488493919373	ambig_opp_strand	unspliced	3419	15	ENST00000698129.1	TALAM1	ENSG00000289740.1	mrna
A00839:75:H7MFFDSXY:3:1424:24695:1204	chr11	65501908	65502057	False	366	150M	255	0	9	0.6819519996643066	ambig_opp_strand	unspliced	3419	20	ENST00000698129.1	TALAM1	ENSG00000289740.1	mrna
A00839:75:H7MFFDSXY:3:1674:3992:33520	chr11	65504663	65504812	False	326	150M	255	0	9	0.8889856934547424	ambig_opp_strand	unspliced	3419	21	ENST00000698129.1	TALAM1	ENSG00000289740.1	mrna
A00839:75:H7MFFDSXY:3:1127:29306:33552	chr11	65500653	65500802	True	-276	150M	255	0	3	0.48897427320480347	ambig_opp_strand	unspliced	3419	25	ENST00000710933.1	MALAT1	ENSG00000251562.11	mrna
A00839:75:H7MFFDSXY:3:2338:6451:23782	chr11	65500319	65500468	False	260	150M	255	3	9	0.943446695804596	ambig_opp_strand	unspliced	3419	26	ENST00000698129.1	TALAM1	ENSG00000289740.1	mrna
A00839:75:H7MFFDSXY:3:2242:6244:19413	chr11	65502655	65502804	True	-194	150M	255	0	3	0.9468579888343811	ambig_opp_strand	unspliced	3419	16	ENST00000618132.2	MALAT1	ENSG00000251562.11	mrna
A00839:75:H7MFFDSXY:3:1559:30608:23187	chr11	65502662	65502811	False	230	150M	255	0	9	0.9674015045166016	ambig_opp_strand	unspliced	3419	20	ENST00000698129.1	TALAM1	ENSG00000289740.1	mrna
A00839:75:H7MFFDSXY:3:1376:26621:9893	chr11	65503131	65503280	False	204	150M	255	1	5	0.013223019428551197	ambig_opp_strand	unspliced	-1	27	.	.	.	mrna
A00839:75:H7MFFDSXY:3:2367:14416:26271	chr11	65500442	65500591	False	338	150M	255	0	3	0.03008284978568554	ambig_opp_strand	unspliced	3419	24	ENST00000710933.1	MALAT1	ENSG00000251562.11	mrna
A00839:75:H7MFFDSXY:3:1454:22001:24533	chr11	65500775	65500924	False	462	150M	255	0	5	0.6078856587409973	ambig_opp_strand	unspliced	-1	11	.	.	.	mrna
A00839:75:H7MFFDSXY:3:1206:22164:23156	chr11	65504348	65504497	True	-196	150M	255	0	3	0.7396281957626343	ambig_opp_strand	unspliced	3419	12	ENST00000710862.1	MALAT1	ENSG00000251562.11	mrna
A00839:75:H7MFFDSXY:3:1339:13268:7811	chr11	65502207	65502356	True	-234	150M	255	0	3	0.2580315172672272	ambig_opp_strand	unspliced	3419	22	ENST00000710862.1	MALAT1	ENSG00000251562.11	mrna
A00839:75:H7MFFDSXY:3:2239:27407:22341	chr11	65502225	65502374	True	-214	150M	255	0	3	0.5403726100921631	ambig_opp_strand	unspliced	3419	22	ENST00000618132.2	MALAT1	ENSG00000251562.11	mrna
A00839:75:H7MFFDSXY:3:1632:11351:7560	chr11	65505568	65505717	True	-391	150M	255	0	3	0.2382313758134842	ambig_opp_strand	unspliced	3419	6	ENST00000710862.1	MALAT1	ENSG00000251562.11	mrna
A00839:75:H7MFFDSXY:3:2655:19578:1579	chr11	65506264	65506396	True	-189	17S133M	255	5	3	0.5123400092124939	ambig_opp_strand	unspliced	3419	5	ENST00000710862.1	MALAT1	ENSG00000251562.11	mrna
A00839:75:H7MFFDSXY:3:1574:10194:22780	chr11	65501664	65501813	False	245	150M	255	0	9	0.9555806517601013	ambig_opp_strand	unspliced	3419	18	ENST00000698129.1	TALAM1	ENSG00000289740.1	mrna
A00839:75:H7MFFDSXY:3:1664:12698:11584	chr11	65505411	65505560	False	320	150M	255	0	9	0.910995602607727	ambig_opp_strand	unspliced	3419	6	ENST00000698129.1	TALAM1	ENSG00000289740.1	mrna
A00839:75:H7MFFDSXY:3:1455:4661:2863	chr11	65500114	65500263	True	-191	150M	255	0	3	0.5394800305366516	ambig_opp_strand	unspliced	3419	26	ENST00000710935.1	MALAT1	ENSG00000251562.11	mrna
A00839:75:H7MFFDSXY:3:1471:15492:26099	chr11	65501549	65501698	False	218	150M	255	0	9	0.956762433052063	ambig_opp_strand	unspliced	3419	18	ENST00000698129.1	TALAM1	ENSG00000289740.1	mrna
A00839:75:H7MFFDSXY:3:2364:14507:19351	chr11	65503547	65503696	True	-238	150M	255	0	3	0.5940835475921631	ambig_opp_strand	unspliced	3419	23	ENST00000618132.2	MALAT1	ENSG00000251562.11	mrna
A00839:75:H7MFFDSXY:3:1432:17273:16532	chr11	65504428	65504577	False	431	150M	255	0	9	0.39253440499305725	ambig_opp_strand	unspliced	3419	20	ENST00000698129.1	TALAM1	ENSG00000289740.1	mrna
A00839:75:H7MFFDSXY:3:1465:25201:11882	chr11	65500067	65500216	False	326	150M	255	1	9	0.8933795094490051	ambig_opp_strand	unspliced	3419	26	ENST00000698129.1	TALAM1	ENSG00000289740.1	mrna
A00839:75:H7MFFDSXY:3:2436:29803:26271	chr11	65506171	65506287	False	117	117M	255	0	9	0.8766095042228699	ambig_opp_strand	unspliced	3419	5	ENST00000698129.1	TALAM1	ENSG00000289740.1	mrna
A00839:75:H7MFFDSXY:3:1439:11008:35493	chr11	65503227	65503376	False	235	150M	255	0	9	0.9586776494979858	ambig_opp_strand	unspliced	3419	27	ENST00000698129.1	TALAM1	ENSG00000289740.1	mrna
A00839:75:H7MFFDSXY:3:1214:30635:27054	chr11	65503405	65503554	False	357	150M	255	0	5	0.20587728917598724	ambig_opp_strand	unspliced	-1	23	.	.	.	mrna
A00839:75:H7MFFDSXY:3:2118:11279:14857	chr11	65501558	65501707	True	-167	150M	255	0	3	0.5439358353614807	ambig_opp_strand	unspliced	3419	18	ENST00000618132.2	MALAT1	ENSG00000251562.11	mrna
A00839:75:H7MFFDSXY:3:1232:27742:29309	chr11	65502649	65502798	False	289	150M	255	0	9	0.9529622793197632	ambig_opp_strand	unspliced	3419	20	ENST00000698129.1	TALAM1	ENSG00000289740.1	mrna
A00839:75:H7MFFDSXY:3:2622:16523:29857	chr11	65505613	65505762	True	-381	150M	255	0	3	0.506439208984375	ambig_opp_strand	unspliced	3419	6	ENST00000618132.2	MALAT1	ENSG00000251562.11	mrna
A00839:75:H7MFFDSXY:3:1639:6741:11631	chr11	65504092	65504241	True	-202	150M	255	1	3	0.7396458387374878	ambig_opp_strand	unspliced	3419	12	ENST00000710862.1	MALAT1	ENSG00000251562.11	mrna
A00839:75:H7MFFDSXY:3:1540:23285:9345	chr11	65502797	65502946	True	-224	150M	255	0	3	0.8541738986968994	ambig_opp_strand	unspliced	3419	21	ENST00000618132.2	MALAT1	ENSG00000251562.11	mrna
A00839:75:H7MFFDSXY:3:2645:22996:6590	chr11	65500156	65500305	True	-201	150M	255	0	3	0.5394909381866455	ambig_opp_strand	unspliced	3419	26	ENST00000710935.1	MALAT1	ENSG00000251562.11	mrna
A00839:75:H7MFFDSXY:3:1112:11532:4178	chr11	65501735	65501884	True	-264	150M	255	0	3	0.543425977230072	ambig_opp_strand	unspliced	3419	18	ENST00000618132.2	MALAT1	ENSG00000251562.11	mrna
A00839:75:H7MFFDSXY:3:1377:32976:22467	chr11	65500592	65500741	False	383	150M	255	0	5	0.5289701223373413	ambig_opp_strand	unspliced	-1	13	.	.	.	mrna
A00839:75:H7MFFDSXY:3:1428:27136:26224	chr11	65501783	65501932	False	381	150M	255	0	5	0.4903841018676758	ambig_opp_strand	unspliced	-1	19	.	.	.	mrna
A00839:75:H7MFFDSXY:3:1613:16052:20713	chr11	65500311	65500460	True	-240	150M	255	0	64	0.0	.	unspliced	-1	0	.	.	.	mrna
A00839:75:H7MFFDSXY:3:2576:26530:25614	chr11	65504923	65505072	True	-333	150M	255	0	3	0.36574995517730713	ambig_opp_strand	unspliced	3419	19	ENST00000618132.2	MALAT1	ENSG00000251562.11	mrna
A00839:75:H7MFFDSXY:3:1437:27706:25708	chr11	65504898	65505047	False	0	150M	3	1	128	0.0	.	unknown	-1	0	.	.	.	mrna
A00839:75:H7MFFDSXY:3:2674:15284:4163	chr11	65505807	65505956	False	255	150M	255	0	9	0.9523685574531555	ambig_opp_strand	unspliced	3419	6	ENST00000698129.1	TALAM1	ENSG00000289740.1	mrna
A00839:75:H7MFFDSXY:3:2258:19560:13166	chr11	65500706	65500855	False	234	150M	255	1	9	0.9397140741348267	ambig_opp_strand	unspliced	3419	13	ENST00000698129.1	TALAM1	ENSG00000289740.1	mrna
A00839:75:H7MFFDSXY:3:2231:20564:6198	chr11	65504488	65504637	True	-201	150M	255	0	3	0.20400027930736542	ambig_opp_strand	unspliced	3419	20	ENST00000710862.1	MALAT1	ENSG00000251562.11	mrna
A00839:75:H7MFFDSXY:3:1526:8413:18161	chr11	65504163	65504312	True	-168	150M	255	0	3	0.7393465042114258	ambig_opp_strand	unspliced	3419	12	ENST00000710862.1	MALAT1	ENSG00000251562.11	mrna
A00839:75:H7MFFDSXY:3:1175:15682:32690	chr11	65500759	65500908	False	427	150M	255	0	9	0.3774464428424835	ambig_opp_strand	unspliced	3419	13	ENST00000698129.1	TALAM1	ENSG00000289740.1	mrna
A00839:75:H7MFFDSXY:3:1602:27245:6934	chr11	65506489	65506638	True	-216	150M	255	0	9	0.9839498400688171	ambig_opp_strand	unspliced	3419	3	ENST00000534336.3	MALAT1	ENSG00000251562.11	mrna
A00839:75:H7MFFDSXY:3:2527:9236:9909	chr11	65505493	65505642	False	380	150M	255	0	9	0.5011039972305298	ambig_opp_strand	unspliced	3419	6	ENST00000698129.1	TALAM1	ENSG00000289740.1	mrna
A00839:75:H7MFFDSXY:3:1367:2166:21527	chr11	65503099	65503248	False	168	150M	255	1	9	0.9608616828918457	ambig_opp_strand	unspliced	3419	18	ENST00000698129.1	TALAM1	ENSG00000289740.1	mrna
A00839:75:H7MFFDSXY:3:1248:3531:15781	chr11	65505713	65505862	False	223	150M	255	0	9	0.9554327726364136	ambig_opp_strand	unspliced	3419	6	ENST00000698129.1	TALAM1	ENSG00000289740.1	mrna
A00839:75:H7MFFDSXY:3:2218:21215:23797	chr11	65502539	65502688	False	323	150M	255	0	9	0.918482780456543	ambig_opp_strand	unspliced	3419	15	ENST00000698129.1	TALAM1	ENSG00000289740.1	mrna
A00839:75:H7MFFDSXY:3:2215:18801:7968	chr11	65505461	65505610	False	344	150M	255	0	9	0.8434323072433472	ambig_opp_strand	unspliced	3419	6	ENST00000698129.1	TALAM1	ENSG00000289740.1	mrna
A00839:75:H7MFFDSXY:3:1340:4309:3693	chr11	65503415	65503564	False	309	150M	255	0	9	0.928327739238739	ambig_opp_strand	unspliced	3419	23	ENST00000698129.1	TALAM1	ENSG00000289740.1	mrna
A00839:75:H7MFFDSXY:3:1274:3314:20666	chr11	65504158	65504300	True	-143	143M	255	4	3	0.7384824156761169	ambig_opp_strand	unspliced	3419	12	ENST00000710862.1	MALAT1	ENSG00000251562.11	mrna
A00839:75:H7MFFDSXY:3:1201:8820:25974	chr11	65500635	65500784	False	400	150M	255	0	5	0.5951843857765198	ambig_opp_strand	unspliced	-1	13	.	.	.	mrna
A00839:75:H7MFFDSXY:3:1666:26666:4429	chr11	65500349	65500498	True	-319	150M	255	0	3	0.11170876771211624	ambig_opp_strand	unspliced	3419	26	ENST00000710944.1	MALAT1	ENSG00000251562.11	mrna
A00839:75:H7MFFDSXY:3:1550:27127:16063	chr11	65500717	65500866	True	-455	150M	255	0	3	0.0760854035615921	ambig_opp_strand	unspliced	3419	12	ENST00000710943.1	MALAT1	ENSG00000251562.11	mrna
A00839:75:H7MFFDSXY:3:1649:21305:17628	chr11	65500680	65500829	True	-233	150M	255	0	3	0.07816404849290848	ambig_opp_strand	unspliced	3419	13	ENST00000710943.1	MALAT1	ENSG00000251562.11	mrna
A00839:75:H7MFFDSXY:3:2506:31051:4100	chr11	65505068	65505217	True	-399	150M	255	0	3	0.06896621733903885	ambig_opp_strand	unspliced	3419	19	ENST00000710949.1	MALAT1	ENSG00000251562.11	mrna
A00839:75:H7MFFDSXY:3:1414:31069:18662	chr11	65506428	65506577	True	-273	150M	255	0	9	0.9746149182319641	ambig_opp_strand	unspliced	3419	3	ENST00000534336.3	MALAT1	ENSG00000251562.11	mrna
A00839:75:H7MFFDSXY:3:2317:23430:23594	chr11	65501486	65501635	True	-437	150M	255	0	5	0.03867341950535774	ambig_opp_strand	unspliced	-1	15	.	.	.	mrna
A00839:75:H7MFFDSXY:3:1528:22336:19664	chr11	65505541	65505690	True	-280	150M	255	0	3	0.5174833536148071	ambig_opp_strand	unspliced	3419	6	ENST00000618132.2	MALAT1	ENSG00000251562.11	mrna
A00839:75:H7MFFDSXY:3:1144:18213:17440	chr11	65505037	65505186	False	324	150M	255	0	9	0.8940533399581909	ambig_opp_strand	unspliced	3419	15	ENST00000698129.1	TALAM1	ENSG00000289740.1	mrna
A00839:75:H7MFFDSXY:3:1678:23194:6183	chr11	65504548	65504697	True	-378	150M	255	0	3	0.5471447110176086	ambig_opp_strand	unspliced	3419	12	ENST00000710862.1	MALAT1	ENSG00000251562.11	mrna
A00839:75:H7MFFDSXY:3:2465:29776:30138	chr11	65504571	65504719	False	257	23M1I126M	255	2	5	0.016125185415148735	ambig_opp_strand	unspliced	-1	20	.	.	.	mrna
A00839:75:H7MFFDSXY:3:1164:16188:30749	chr11	65503949	65504098	False	363	150M	255	1	9	0.7289650440216064	ambig_opp_strand	unspliced	3419	12	ENST00000698129.1	TALAM1	ENSG00000289740.1	mrna
A00839:75:H7MFFDSXY:3:1578:28700:15029	chr11	65502107	65502256	False	324	150M	255	0	9	0.9177415370941162	ambig_opp_strand	unspliced	3419	12	ENST00000698129.1	TALAM1	ENSG00000289740.1	mrna
A00839:75:H7MFFDSXY:3:2341:32922:11725	chr11	65502084	65502233	False	381	150M	255	0	5	0.4937084913253784	ambig_opp_strand	unspliced	-1	11	.	.	.	mrna
A00839:75:H7MFFDSXY:3:1275:1172:23093	chr11	65506500	65506649	True	-337	150M	255	0	9	0.8839461207389832	ambig_opp_strand	unspliced	3419	3	ENST00000534336.3	MALAT1	ENSG00000251562.11	mrna
A00839:75:H7MFFDSXY:3:2364:24939:10050	chr11	65505792	65505941	False	295	150M	255	0	9	0.9374628663063049	ambig_opp_strand	unspliced	3419	6	ENST00000698129.1	TALAM1	ENSG00000289740.1	mrna
A00839:75:H7MFFDSXY:3:2473:28836:16172	chr11	65505073	65505222	False	368	150M	255	0	5	0.31303155422210693	ambig_opp_strand	unspliced	-1	15	.	.	.	mrna
A00839:75:H7MFFDSXY:3:2141:19488:16642	chr11	65501904	65502053	False	474	150M	255	0	5	0.6141656637191772	ambig_opp_strand	unspliced	-1	20	.	.	.	mrna
A00839:75:H7MFFDSXY:3:1240:16794:4554	chr11	65503468	65503617	True	-304	150M	255	3	3	0.2832739055156708	ambig_opp_strand	unspliced	3419	26	ENST00000710862.1	MALAT1	ENSG00000251562.11	mrna
A00839:75:H7MFFDSXY:3:1151:29369:24298	chr11	65501343	65501492	True	-371	150M	255	0	3	0.5346834063529968	ambig_opp_strand	unspliced	3419	16	ENST00000618132.2	MALAT1	ENSG00000251562.11	mrna
A00839:75:H7MFFDSXY:3:1419:13648:8343	chr11	65500977	65501114	False	138	138M	255	0	9	0.9134803414344788	ambig_opp_strand	unspliced	3419	15	ENST00000698129.1	TALAM1	ENSG00000289740.1	mrna
A00839:75:H7MFFDSXY:3:1246:29234:9972	chr11	65504581	65504730	False	379	150M	255	0	5	0.4754883646965027	ambig_opp_strand	unspliced	-1	19	.	.	.	mrna
A00839:75:H7MFFDSXY:3:2603:21404:13009	chr11	65503052	65503201	False	406	150M	255	0	5	0.6251415014266968	ambig_opp_strand	unspliced	-1	18	.	.	.	mrna
A00839:75:H7MFFDSXY:3:2548:32850:16360	chr11	65505523	65505672	True	-365	150M	255	3	3	0.513187825679779	ambig_opp_strand	unspliced	3419	6	ENST00000618132.2	MALAT1	ENSG00000251562.11	mrna
A00839:75:H7MFFDSXY:3:1445:8205:35775	chr11	65504411	65504560	False	312	150M	255	0	9	0.9151393175125122	ambig_opp_strand	unspliced	3419	20	ENST00000698129.1	TALAM1	ENSG00000289740.1	mrna
A00839:75:H7MFFDSXY:3:1423:27633:27148	chr11	65500810	65500950	True	-141	141M	255	0	3	0.7120157480239868	ambig_opp_strand	unspliced	3419	13	ENST00000710933.1	MALAT1	ENSG00000251562.11	mrna
A00839:75:H7MFFDSXY:3:2531:7627:30452	chr11	65503454	65503603	True	-176	150M	255	0	3	0.048391930758953094	ambig_opp_strand	unspliced	3419	27	ENST00000508832.3	MALAT1	ENSG00000251562.11	mrna
A00839:75:H7MFFDSXY:3:2677:6867:29575	chr11	65500368	65500517	False	302	150M	255	0	9	0.9244189262390137	ambig_opp_strand	unspliced	3419	26	ENST00000698129.1	TALAM1	ENSG00000289740.1	mrna
A00839:75:H7MFFDSXY:3:2176:27489:7420	chr11	65504780	65504929	True	-268	150M	255	0	3	0.36258095502853394	ambig_opp_strand	unspliced	3419	21	ENST00000618132.2	MALAT1	ENSG00000251562.11	mrna
A00839:75:H7MFFDSXY:3:2218:23800:23077	chr11	65503471	65503620	False	319	150M	255	0	9	0.9155526757240295	ambig_opp_strand	unspliced	3419	23	ENST00000698129.1	TALAM1	ENSG00000289740.1	mrna
A00839:75:H7MFFDSXY:3:1517:1208:18302	chr11	65505451	65505599	True	-289	149M	255	0	3	0.24580055475234985	ambig_opp_strand	unspliced	3419	8	ENST00000710862.1	MALAT1	ENSG00000251562.11	mrna
A00839:75:H7MFFDSXY:3:2224:25147:22561	chr11	65505985	65506133	True	-306	1S149M	255	0	3	0.5116552114486694	ambig_opp_strand	unspliced	3419	5	ENST00000710862.1	MALAT1	ENSG00000251562.11	mrna
A00839:75:H7MFFDSXY:3:1370:20844:35211	chr11	65505539	65505688	False	284	150M	255	0	9	0.9434143900871277	ambig_opp_strand	unspliced	3419	6	ENST00000698129.1	TALAM1	ENSG00000289740.1	mrna
A00839:75:H7MFFDSXY:3:1154:16125:4210	chr11	65505550	65505699	True	-158	150M	255	1	3	0.5174798369407654	ambig_opp_strand	unspliced	3419	6	ENST00000618132.2	MALAT1	ENSG00000251562.11	mrna
A00839:75:H7MFFDSXY:3:2505:30581:23547	chr11	65504022	65504171	False	358	150M	3	0	128	0.0	.	unknown	-1	0	.	.	.	mrna
A00839:75:H7MFFDSXY:3:2112:6768:31281	chr11	65505835	65505984	True	-212	150M	255	0	3	0.21534691751003265	ambig_opp_strand	unspliced	3419	6	ENST00000710951.1	MALAT1	ENSG00000251562.11	mrna
A00839:75:H7MFFDSXY:3:2577:28700:25927	chr11	65505910	65506059	True	-289	150M	255	0	3	0.5174307823181152	ambig_opp_strand	unspliced	3419	6	ENST00000618132.2	MALAT1	ENSG00000251562.11	mrna
A00839:75:H7MFFDSXY:3:2137:31837:8594	chr11	65501398	65501547	False	163	150M	255	2	9	0.9489917159080505	ambig_opp_strand	unspliced	3419	17	ENST00000698129.1	TALAM1	ENSG00000289740.1	mrna
A00839:75:H7MFFDSXY:3:1576:11740:35947	chr11	65505771	65505920	True	-301	150M	255	0	3	0.5173201560974121	ambig_opp_strand	unspliced	3419	6	ENST00000618132.2	MALAT1	ENSG00000251562.11	mrna
A00839:75:H7MFFDSXY:3:2431:5837:14074	chr11	65500170	65500319	False	340	150M	255	0	9	0.8553250432014465	ambig_opp_strand	unspliced	3419	26	ENST00000698129.1	TALAM1	ENSG00000289740.1	mrna
A00839:75:H7MFFDSXY:3:1625:25572:23797	chr11	65500353	65500502	True	-310	150M	255	0	3	0.5391592383384705	ambig_opp_strand	unspliced	3419	26	ENST00000710935.1	MALAT1	ENSG00000251562.11	mrna
A00839:75:H7MFFDSXY:3:1405:8404:31109	chr11	65501829	65501978	False	446	150M	255	0	9	0.3855489194393158	ambig_opp_strand	unspliced	3419	20	ENST00000698129.1	TALAM1	ENSG00000289740.1	mrna
A00839:75:H7MFFDSXY:3:2144:5837:9314	chr11	65506458	65506607	True	-264	150M	255	0	9	0.9778455495834351	ambig_opp_strand	unspliced	3419	3	ENST00000534336.3	MALAT1	ENSG00000251562.11	mrna
A00839:75:H7MFFDSXY:3:2448:2266:19476	chr11	65505251	65505400	False	299	150M	255	0	9	0.934654951095581	ambig_opp_strand	unspliced	3419	8	ENST00000698129.1	TALAM1	ENSG00000289740.1	mrna
A00839:75:H7MFFDSXY:3:2615:14950:31078	chr11	65504985	65505134	False	395	150M	255	0	9	0.3714301288127899	ambig_opp_strand	unspliced	3419	15	ENST00000698129.1	TALAM1	ENSG00000289740.1	mrna
A00839:75:H7MFFDSXY:3:1461:25554:7545	chr11	65504730	65504879	True	-473	150M	255	0	3	0.11309146136045456	ambig_opp_strand	unspliced	3419	20	ENST00000710944.1	MALAT1	ENSG00000251562.11	mrna
A00839:75:H7MFFDSXY:3:2120:20148:18443	chr11	65502084	65502233	False	279	150M	255	0	9	0.946758508682251	ambig_opp_strand	unspliced	3419	21	ENST00000698129.1	TALAM1	ENSG00000289740.1	mrna
A00839:75:H7MFFDSXY:3:1558:26657:13964	chr11	65500625	65500774	False	180	150M	255	0	9	0.9176054000854492	ambig_opp_strand	unspliced	3419	26	ENST00000698129.1	TALAM1	ENSG00000289740.1	mrna
A00839:75:H7MFFDSXY:3:1223:8639:4335	chr11	65500775	65500924	False	378	150M	255	0	5	0.45400235056877136	ambig_opp_strand	unspliced	-1	13	.	.	.	mrna
A00839:75:H7MFFDSXY:3:1409:18313:35493	chr11	65504553	65504702	False	219	150M	255	0	9	0.9490272402763367	ambig_opp_strand	unspliced	3419	20	ENST00000698129.1	TALAM1	ENSG00000289740.1	mrna
A00839:75:H7MFFDSXY:3:2643:7048:28948	chr11	65504997	65505146	True	-167	150M	255	0	3	0.36619728803634644	ambig_opp_strand	unspliced	3419	19	ENST00000618132.2	MALAT1	ENSG00000251562.11	mrna
A00839:75:H7MFFDSXY:3:1344:32651:14669	chr11	65504601	65504750	True	-250	150M	255	0	3	0.11640729010105133	ambig_opp_strand	unspliced	3419	20	ENST00000710944.1	MALAT1	ENSG00000251562.11	mrna
A00839:75:H7MFFDSXY:3:1218:23963:12837	chr11	65505592	65505736	True	-145	145M	255	0	3	0.21479229629039764	ambig_opp_strand	unspliced	3419	7	ENST00000710951.1	MALAT1	ENSG00000251562.11	mrna
A00839:75:H7MFFDSXY:3:1135:14841:11537	chr11	65505563	65505712	False	322	150M	255	0	9	0.9077434539794922	ambig_opp_strand	unspliced	3419	6	ENST00000698129.1	TALAM1	ENSG00000289740.1	mrna
A00839:75:H7MFFDSXY:3:1253:17806:5682	chr11	65504060	65504209	True	-354	150M	255	0	3	0.7273033261299133	ambig_opp_strand	unspliced	3419	17	ENST00000710862.1	MALAT1	ENSG00000251562.11	mrna
A00839:75:H7MFFDSXY:3:2537:25581:27853	chr11	65501787	65501936	False	275	150M	255	0	9	0.9480243921279907	ambig_opp_strand	unspliced	3419	20	ENST00000698129.1	TALAM1	ENSG00000289740.1	mrna
A00839:75:H7MFFDSXY:3:1502:31051:18004	chr11	65500660	65500809	False	510	150M	255	0	3	0.034034356474876404	ambig_opp_strand	spliced_implicit	3419	13	ENST00000710933.1	MALAT1	ENSG00000251562.11	mrna
A00839:75:H7MFFDSXY:3:1578:16984:4695	chr11	65504178	65504321	False	416	144M6S	255	0	9	0.38083896040916443	ambig_opp_strand	unspliced	3419	12	ENST00000698129.1	TALAM1	ENSG00000289740.1	mrna
A00839:75:H7MFFDSXY:3:1108:24650:9674	chr11	65504609	65504757	True	-319	1S149M	255	0	3	0.11630380153656006	ambig_opp_strand	unspliced	3419	20	ENST00000710944.1	MALAT1	ENSG00000251562.11	mrna
A00839:75:H7MFFDSXY:3:1212:12029:6167	chr11	65505966	65506115	True	-277	150M	255	0	3	0.4462066888809204	ambig_opp_strand	unspliced	3419	5	ENST00000710951.1	MALAT1	ENSG00000251562.11	mrna
A00839:75:H7MFFDSXY:3:1643:11713:9377	chr11	65504312	65504461	True	-320	150M	255	0	3	0.7371470928192139	ambig_opp_strand	unspliced	3419	12	ENST00000710862.1	MALAT1	ENSG00000251562.11	mrna
A00839:75:H7MFFDSXY:3:2247:21395:6230	chr11	65505371	65505520	True	-285	150M	255	0	3	0.24581225216388702	ambig_opp_strand	unspliced	3419	8	ENST00000710862.1	MALAT1	ENSG00000251562.11	mrna
A00839:75:H7MFFDSXY:3:1437:13783:6887	chr11	65500307	65500456	False	343	150M	255	0	5	0.12180057168006897	ambig_opp_strand	unspliced	-1	26	.	.	.	mrna
A00839:75:H7MFFDSXY:3:2263:13919:7842	chr11	65501518	65501667	True	-389	150M	255	0	3	0.2502889633178711	ambig_opp_strand	unspliced	3419	16	ENST00000710862.1	MALAT1	ENSG00000251562.11	mrna
A00839:75:H7MFFDSXY:3:1313:11062:3082	chr11	65503233	65503382	True	-246	150M	255	0	3	0.5918021202087402	ambig_opp_strand	unspliced	3419	27	ENST00000618132.2	MALAT1	ENSG00000251562.11	mrna
A00839:75:H7MFFDSXY:3:1243:5050:28150	chr11	65503049	65503198	False	384	150M	255	0	5	0.5359570384025574	ambig_opp_strand	unspliced	-1	18	.	.	.	mrna
A00839:75:H7MFFDSXY:3:1651:17987:18897	chr11	65504725	65504874	False	298	150M	255	0	9	0.9235876798629761	ambig_opp_strand	unspliced	3419	19	ENST00000698129.1	TALAM1	ENSG00000289740.1	mrna
A00839:75:H7MFFDSXY:3:1128:25373:35321	chr11	65504413	65504545	True	-133	133M	255	0	3	0.42117345333099365	ambig_opp_strand	unspliced	3419	22	ENST00000618132.2	MALAT1	ENSG00000251562.11	mrna
A00839:75:H7MFFDSXY:3:2171:4580:6668	chr11	65500595	65500744	False	237	150M	255	0	3	0.03359142318367958	ambig_opp_strand	unspliced	3419	13	ENST00000710933.1	MALAT1	ENSG00000251562.11	mrna
A00839:75:H7MFFDSXY:3:2517:10529:31156	chr11	65505489	65505638	True	-249	150M	255	0	3	0.2142236828804016	ambig_opp_strand	unspliced	3419	8	ENST00000710951.1	MALAT1	ENSG00000251562.11	mrna
A00839:75:H7MFFDSXY:3:1601:32967:16094	chr11	65505564	65505713	False	185	150M	255	5	9	0.9530701637268066	ambig_opp_strand	unspliced	3419	6	ENST00000698129.1	TALAM1	ENSG00000289740.1	mrna
A00839:75:H7MFFDSXY:3:1466:30120:18396	chr11	65506373	65506522	False	445	150M	255	0	5	0.5606751441955566	ambig_opp_strand	unspliced	-1	3	.	.	.	mrna
A00839:75:H7MFFDSXY:3:1563:22842:12868	chr11	65501388	65501537	False	309	150M	255	0	9	0.926041305065155	ambig_opp_strand	unspliced	3419	16	ENST00000698129.1	TALAM1	ENSG00000289740.1	mrna
A00839:75:H7MFFDSXY:3:1559:20528:2315	chr11	65503254	65503403	False	402	150M	255	0	5	0.6133356690406799	ambig_opp_strand	unspliced	-1	22	.	.	.	mrna
A00839:75:H7MFFDSXY:3:2202:16297:35008	chr11	65500161	65500310	True	-353	150M	255	0	3	0.6047787070274353	ambig_opp_strand	unspliced	3419	25	ENST00000710935.1	MALAT1	ENSG00000251562.11	mrna
A00839:75:H7MFFDSXY:3:1116:30725:14434	chr11	65502310	65502459	False	279	150M	255	0	9	0.9592429995536804	ambig_opp_strand	unspliced	3419	13	ENST00000698129.1	TALAM1	ENSG00000289740.1	mrna
A00839:75:H7MFFDSXY:3:2472:5403:22467	chr11	65505748	65505897	True	-303	150M	255	0	3	0.5173000693321228	ambig_opp_strand	unspliced	3419	6	ENST00000618132.2	MALAT1	ENSG00000251562.11	mrna
A00839:75:H7MFFDSXY:3:2233:9453:31203	chr11	65503036	65503185	True	-485	150M	255	0	3	0.808859646320343	ambig_opp_strand	unspliced	3419	16	ENST00000618132.2	MALAT1	ENSG00000251562.11	mrna
A00839:75:H7MFFDSXY:3:2423:17870:6292	chr11	65506395	65506544	True	-275	150M	255	0	9	0.9734210968017578	ambig_opp_strand	unspliced	3419	3	ENST00000534336.3	MALAT1	ENSG00000251562.11	mrna
A00839:75:H7MFFDSXY:3:2364:3161:32268	chr11	65506197	65506346	False	361	150M	255	0	5	0.24389362335205078	ambig_opp_strand	unspliced	-1	3	.	.	.	mrna
A00839:75:H7MFFDSXY:3:2622:15817:8876	chr11	65503095	65503244	False	158	150M	255	2	9	0.9563999772071838	ambig_opp_strand	unspliced	3419	18	ENST00000698129.1	TALAM1	ENSG00000289740.1	mrna
A00839:75:H7MFFDSXY:3:1328:11243:6120	chr11	65504228	65504377	False	376	150M	255	1	9	0.5625581741333008	ambig_opp_strand	unspliced	3419	11	ENST00000698129.1	TALAM1	ENSG00000289740.1	mrna
A00839:75:H7MFFDSXY:3:2361:30156:9377	chr11	65501375	65501524	False	326	150M	255	0	9	0.9017153382301331	ambig_opp_strand	unspliced	3419	16	ENST00000698129.1	TALAM1	ENSG00000289740.1	mrna
A00839:75:H7MFFDSXY:3:1542:28565:19617	chr11	65500878	65501027	False	252	150M	255	0	9	0.9381961822509766	ambig_opp_strand	unspliced	3419	13	ENST00000698129.1	TALAM1	ENSG00000289740.1	mrna
A00839:75:H7MFFDSXY:3:1437:5746:36652	chr11	65502141	65502290	False	236	150M	255	0	9	0.956115186214447	ambig_opp_strand	unspliced	3419	22	ENST00000698129.1	TALAM1	ENSG00000289740.1	mrna
A00839:75:H7MFFDSXY:3:2547:9381:10410	chr11	65500607	65500756	True	-241	150M	255	0	3	0.06042412668466568	ambig_opp_strand	unspliced	3419	28	ENST00000710944.1	MALAT1	ENSG00000251562.11	mrna
A00839:75:H7MFFDSXY:3:1351:31150:34240	chr11	65504805	65504954	False	214	150M	255	0	9	0.942409336566925	ambig_opp_strand	unspliced	3419	21	ENST00000698129.1	TALAM1	ENSG00000289740.1	mrna
A00839:75:H7MFFDSXY:3:2275:32768:13745	chr11	65505782	65505922	True	-141	141M	255	0	3	0.24701222777366638	ambig_opp_strand	unspliced	3419	6	ENST00000710862.1	MALAT1	ENSG00000251562.11	mrna
A00839:75:H7MFFDSXY:3:1110:18457:14951	chr11	65501258	65501407	False	251	150M	255	0	9	0.9544922709465027	ambig_opp_strand	unspliced	3419	16	ENST00000698129.1	TALAM1	ENSG00000289740.1	mrna
A00839:75:H7MFFDSXY:3:1604:3296:3912	chr11	65500546	65500695	False	318	150M	255	0	9	0.9002113938331604	ambig_opp_strand	unspliced	3419	13	ENST00000698129.1	TALAM1	ENSG00000289740.1	mrna
A00839:75:H7MFFDSXY:3:2244:18150:20087	chr11	65505369	65505518	True	-221	150M	255	0	3	0.2458868771791458	ambig_opp_strand	unspliced	3419	8	ENST00000710862.1	MALAT1	ENSG00000251562.11	mrna
A00839:75:H7MFFDSXY:3:1145:29143:28260	chr11	65503333	65503482	True	-402	150M	255	0	3	0.7895179390907288	ambig_opp_strand	unspliced	3419	18	ENST00000618132.2	MALAT1	ENSG00000251562.11	mrna
A00839:75:H7MFFDSXY:3:1402:22788:1814	chr11	65504645	65504794	False	341	150M	255	0	9	0.8522424101829529	ambig_opp_strand	unspliced	3419	19	ENST00000698129.1	TALAM1	ENSG00000289740.1	mrna
A00839:75:H7MFFDSXY:3:1336:13720:33364	chr11	65504595	65504744	False	320	150M	255	0	9	0.9051921367645264	ambig_opp_strand	unspliced	3419	19	ENST00000698129.1	TALAM1	ENSG00000289740.1	mrna
A00839:75:H7MFFDSXY:3:2638:31837:35336	chr11	65500665	65500814	True	-242	150M	255	0	3	0.11269962787628174	ambig_opp_strand	unspliced	3419	26	ENST00000710862.1	MALAT1	ENSG00000251562.11	mrna
A00839:75:H7MFFDSXY:3:1467:31340:29371	chr11	65504496	65504645	False	393	150M	255	0	9	0.37731462717056274	ambig_opp_strand	unspliced	3419	19	ENST00000698129.1	TALAM1	ENSG00000289740.1	mrna
A00839:75:H7MFFDSXY:3:1534:20473:19601	chr11	65501870	65502019	False	253	150M	255	0	9	0.9541959166526794	ambig_opp_strand	unspliced	3419	20	ENST00000698129.1	TALAM1	ENSG00000289740.1	mrna
A00839:75:H7MFFDSXY:3:2660:13648:25379	chr11	65503443	65503592	True	-372	150M	255	0	3	0.047701943665742874	ambig_opp_strand	unspliced	3419	26	ENST00000508832.3	MALAT1	ENSG00000251562.11	mrna
A00839:75:H7MFFDSXY:3:2156:27010:32831	chr11	65500767	65500916	True	-205	150M	255	0	3	0.07816413789987564	ambig_opp_strand	unspliced	3419	13	ENST00000710943.1	MALAT1	ENSG00000251562.11	mrna
A00839:75:H7MFFDSXY:3:1617:8504:14967	chr11	65505412	65505561	False	359	150M	255	0	9	0.7516167163848877	ambig_opp_strand	unspliced	3419	6	ENST00000698129.1	TALAM1	ENSG00000289740.1	mrna
A00839:75:H7MFFDSXY:3:1252:9082:5415	chr11	65503959	65504108	True	-425	150M	255	0	3	0.2791286110877991	ambig_opp_strand	unspliced	3419	17	ENST00000710862.1	MALAT1	ENSG00000251562.11	mrna
A00839:75:H7MFFDSXY:3:1307:10077:11584	chr11	65504605	65504754	True	-216	150M	255	0	3	0.42722171545028687	ambig_opp_strand	unspliced	3419	20	ENST00000618132.2	MALAT1	ENSG00000251562.11	mrna
A00839:75:H7MFFDSXY:3:2658:4426:27226	chr11	65505456	65505605	False	375	150M	255	0	9	0.568376898765564	ambig_opp_strand	unspliced	3419	6	ENST00000698129.1	TALAM1	ENSG00000289740.1	mrna
A00839:75:H7MFFDSXY:3:1464:32009:4257	chr11	65503315	65503464	False	300	150M	255	0	9	0.9372325539588928	ambig_opp_strand	unspliced	3419	26	ENST00000698129.1	TALAM1	ENSG00000289740.1	mrna
A00839:75:H7MFFDSXY:3:2605:17056:16031	chr11	65500349	65500498	False	290	150M	255	0	9	0.9326840043067932	ambig_opp_strand	unspliced	3419	26	ENST00000698129.1	TALAM1	ENSG00000289740.1	mrna
A00839:75:H7MFFDSXY:3:2425:11062:36119	chr11	65500429	65500578	True	-233	150M	255	0	3	0.5394938588142395	ambig_opp_strand	unspliced	3419	26	ENST00000710935.1	MALAT1	ENSG00000251562.11	mrna
A00839:75:H7MFFDSXY:3:1317:24008:23625	chr11	65505442	65505591	False	252	150M	255	0	9	0.9532691836357117	ambig_opp_strand	unspliced	3419	6	ENST00000698129.1	TALAM1	ENSG00000289740.1	mrna
A00839:75:H7MFFDSXY:3:1332:10104:11851	chr11	65502747	65502896	True	-373	150M	255	0	3	0.9225643277168274	ambig_opp_strand	unspliced	3419	15	ENST00000618132.2	MALAT1	ENSG00000251562.11	mrna
A00839:75:H7MFFDSXY:3:1538:10221:28839	chr11	65504866	65505015	True	-232	150M	255	0	3	0.09866564720869064	ambig_opp_strand	unspliced	3419	22	ENST00000710944.1	MALAT1	ENSG00000251562.11	mrna
A00839:75:H7MFFDSXY:3:1657:13024:16157	chr11	65500656	65500805	True	-311	150M	255	0	3	0.48889899253845215	ambig_opp_strand	unspliced	3419	24	ENST00000710933.1	MALAT1	ENSG00000251562.11	mrna
A00839:75:H7MFFDSXY:3:1613:32741:13917	chr11	65504649	65504798	True	-266	150M	255	0	3	0.20398034155368805	ambig_opp_strand	unspliced	3419	20	ENST00000710862.1	MALAT1	ENSG00000251562.11	mrna
A00839:75:H7MFFDSXY:3:2461:24994:34068	chr11	65500842	65500991	True	-344	150M	255	0	9	0.012959370389580727	ambig_opp_strand	unspliced	3419	13	ENST00000534336.3	MALAT1	ENSG00000251562.11	mrna
A00839:75:H7MFFDSXY:3:2239:1262:34178	chr11	65500507	65500656	False	328	150M	255	0	9	0.8838849663734436	ambig_opp_strand	unspliced	3419	12	ENST00000698129.1	TALAM1	ENSG00000289740.1	mrna
A00839:75:H7MFFDSXY:3:1220:17119:31673	chr11	65504965	65505114	True	-248	150M	255	0	9	0.013833562843501568	ambig_opp_strand	unspliced	3419	19	ENST00000534336.3	MALAT1	ENSG00000251562.11	mrna
A00839:75:H7MFFDSXY:3:1331:29143:14356	chr11	65500020	65500169	False	187	150M	255	0	9	0.9454576969146729	ambig_opp_strand	unspliced	3419	26	ENST00000698129.1	TALAM1	ENSG00000289740.1	mrna
A00839:75:H7MFFDSXY:3:1505:20998:31751	chr11	65504309	65504448	True	-269	10S140M	255	0	3	0.0126796318218112	ambig_opp_strand	unspliced	3419	12	ENST00000616691.2	MALAT1	ENSG00000251562.11	mrna
A00839:75:H7MFFDSXY:3:1306:7889:23359	chr11	65505518	65505667	False	223	150M	255	0	9	0.9554327726364136	ambig_opp_strand	unspliced	3419	6	ENST00000698129.1	TALAM1	ENSG00000289740.1	mrna
A00839:75:H7MFFDSXY:3:2163:21685:29027	chr11	65502572	65502721	False	363	150M	255	0	9	0.7252206802368164	ambig_opp_strand	unspliced	3419	15	ENST00000698129.1	TALAM1	ENSG00000289740.1	mrna
A00839:75:H7MFFDSXY:3:1334:9824:12054	chr11	65506459	65506608	True	-320	150M	255	0	9	0.9301901459693909	ambig_opp_strand	unspliced	3419	3	ENST00000534336.3	MALAT1	ENSG00000251562.11	mrna
A00839:75:H7MFFDSXY:3:2322:8431:27179	chr11	65506208	65506357	True	-167	150M	255	0	3	0.5122159123420715	ambig_opp_strand	unspliced	3419	5	ENST00000710862.1	MALAT1	ENSG00000251562.11	mrna
A00839:75:H7MFFDSXY:3:2514:14253:14121	chr11	65505533	65505682	True	-197	150M	255	0	3	0.24716117978096008	ambig_opp_strand	unspliced	3419	6	ENST00000710862.1	MALAT1	ENSG00000251562.11	mrna
A00839:75:H7MFFDSXY:3:2177:16993:31923	chr11	65504838	65504987	True	-309	150M	255	0	3	0.08239869028329849	ambig_opp_strand	unspliced	3419	21	ENST00000710943.1	MALAT1	ENSG00000251562.11	mrna
A00839:75:H7MFFDSXY:3:1376:17282:36558	chr11	65500866	65501015	True	-391	150M	255	0	3	0.6949977278709412	ambig_opp_strand	unspliced	3419	13	ENST00000710933.1	MALAT1	ENSG00000251562.11	mrna
A00839:75:H7MFFDSXY:3:2140:8612:35039	chr11	65501831	65501980	False	373	150M	255	1	9	0.5931235551834106	ambig_opp_strand	unspliced	3419	20	ENST00000698129.1	TALAM1	ENSG00000289740.1	mrna
A00839:75:H7MFFDSXY:3:2227:29071:8281	chr11	65504721	65504870	True	-197	150M	255	0	3	0.09862188994884491	ambig_opp_strand	unspliced	3419	25	ENST00000710944.1	MALAT1	ENSG00000251562.11	mrna
A00839:75:H7MFFDSXY:3:1123:1859:3991	chr11	65500218	65500367	False	328	150M	255	0	9	0.8902812004089355	ambig_opp_strand	unspliced	3419	26	ENST00000698129.1	TALAM1	ENSG00000289740.1	mrna
A00839:75:H7MFFDSXY:3:1623:7084:3677	chr11	65505209	65505358	False	332	150M	255	0	9	0.8875697255134583	ambig_opp_strand	unspliced	3419	8	ENST00000698129.1	TALAM1	ENSG00000289740.1	mrna
A00839:75:H7MFFDSXY:3:2152:12843:20134	chr11	65500284	65500433	False	341	150M	255	0	9	0.8510251045227051	ambig_opp_strand	unspliced	3419	26	ENST00000698129.1	TALAM1	ENSG00000289740.1	mrna
A00839:75:H7MFFDSXY:3:2650:1027:17080	chr11	65504433	65504582	False	235	150M	255	0	9	0.9484636783599854	ambig_opp_strand	unspliced	3419	20	ENST00000698129.1	TALAM1	ENSG00000289740.1	mrna
A00839:75:H7MFFDSXY:3:1575:8404:7592	chr11	65504856	65505005	False	322	150M	255	0	9	0.8965303301811218	ambig_opp_strand	unspliced	3419	19	ENST00000698129.1	TALAM1	ENSG00000289740.1	mrna
A00839:75:H7MFFDSXY:3:2576:20672:14528	chr11	65505687	65505836	True	-248	150M	255	0	3	0.5175834894180298	ambig_opp_strand	unspliced	3419	7	ENST00000618132.2	MALAT1	ENSG00000251562.11	mrna
A00839:75:H7MFFDSXY:3:1578:13105:2519	chr11	65505766	65505915	False	222	150M	255	0	9	0.9552110433578491	ambig_opp_strand	unspliced	3419	6	ENST00000698129.1	TALAM1	ENSG00000289740.1	mrna
A00839:75:H7MFFDSXY:3:1224:19461:9424	chr11	65501538	65501687	False	358	150M	255	0	9	0.7578799724578857	ambig_opp_strand	unspliced	3419	17	ENST00000698129.1	TALAM1	ENSG00000289740.1	mrna
A00839:75:H7MFFDSXY:3:1266:14859:29919	chr11	65505364	65505513	False	410	150M	255	0	9	0.3831217885017395	ambig_opp_strand	unspliced	3419	6	ENST00000698129.1	TALAM1	ENSG00000289740.1	mrna
A00839:75:H7MFFDSXY:3:1504:29017:33082	chr11	65505342	65505491	True	-398	150M	255	0	3	0.49764636158943176	ambig_opp_strand	unspliced	3419	8	ENST00000618132.2	MALAT1	ENSG00000251562.11	mrna
A00839:75:H7MFFDSXY:3:2327:9932:8046	chr11	65503354	65503503	True	-392	150M	255	0	3	0.7913272976875305	ambig_opp_strand	unspliced	3419	20	ENST00000618132.2	MALAT1	ENSG00000251562.11	mrna
A00839:75:H7MFFDSXY:3:1310:21043:3427	chr11	65500330	65500479	False	281	150M	255	0	9	0.9368119239807129	ambig_opp_strand	unspliced	3419	26	ENST00000698129.1	TALAM1	ENSG00000289740.1	mrna
A00839:75:H7MFFDSXY:3:2450:21178:9737	chr11	65500780	65500929	True	-295	150M	255	0	3	0.7120990753173828	ambig_opp_strand	unspliced	3419	13	ENST00000710933.1	MALAT1	ENSG00000251562.11	mrna
A00839:75:H7MFFDSXY:3:2447:18557:33379	chr11	65502359	65502508	True	-253	150M	255	0	3	0.9506336450576782	ambig_opp_strand	unspliced	3419	12	ENST00000618132.2	MALAT1	ENSG00000251562.11	mrna
A00839:75:H7MFFDSXY:3:2365:13431:8187	chr11	65505674	65505823	True	-245	150M	255	0	3	0.24715949594974518	ambig_opp_strand	unspliced	3419	6	ENST00000710862.1	MALAT1	ENSG00000251562.11	mrna
A00839:75:H7MFFDSXY:3:2118:28230:34319	chr11	65504411	65504560	False	175	150M	255	0	9	0.9443272948265076	ambig_opp_strand	unspliced	3419	22	ENST00000698129.1	TALAM1	ENSG00000289740.1	mrna
A00839:75:H7MFFDSXY:3:1554:16559:3897	chr11	65504724	65504873	True	-379	150M	255	0	3	0.11443305015563965	ambig_opp_strand	unspliced	3419	20	ENST00000710944.1	MALAT1	ENSG00000251562.11	mrna
A00839:75:H7MFFDSXY:3:1403:6705:5901	chr11	65504719	65504868	True	-282	150M	255	0	3	0.08272896707057953	ambig_opp_strand	unspliced	3419	20	ENST00000710949.1	MALAT1	ENSG00000251562.11	mrna
A00839:75:H7MFFDSXY:3:1261:13657:29684	chr11	65503218	65503367	False	401	150M	255	0	5	0.6055702567100525	ambig_opp_strand	unspliced	-1	24	.	.	.	mrna
A00839:75:H7MFFDSXY:3:1625:22661:2472	chr11	65505648	65505797	False	349	150M	255	0	9	0.816173255443573	ambig_opp_strand	unspliced	3419	6	ENST00000698129.1	TALAM1	ENSG00000289740.1	mrna
A00839:75:H7MFFDSXY:3:1265:11541:20572	chr11	65504454	65504603	True	-382	150M	255	0	3	0.11811235547065735	ambig_opp_strand	unspliced	3419	11	ENST00000508832.3	MALAT1	ENSG00000251562.11	mrna
A00839:75:H7MFFDSXY:3:2356:10728:29872	chr11	65503271	65503420	True	-221	150M	255	0	3	0.5918228030204773	ambig_opp_strand	unspliced	3419	27	ENST00000618132.2	MALAT1	ENSG00000251562.11	mrna
A00839:75:H7MFFDSXY:3:1650:23493:27555	chr11	65505425	65505574	True	-355	150M	255	0	3	0.5122261047363281	ambig_opp_strand	unspliced	3419	8	ENST00000618132.2	MALAT1	ENSG00000251562.11	mrna
A00839:75:H7MFFDSXY:3:1235:5032:24455	chr11	65500060	65500209	True	-182	150M	255	0	3	0.5394678711891174	ambig_opp_strand	unspliced	3419	26	ENST00000710935.1	MALAT1	ENSG00000251562.11	mrna
A00839:75:H7MFFDSXY:3:2537:28556:1282	chr11	65500937	65501086	False	274	150M	255	0	9	0.9643257260322571	ambig_opp_strand	unspliced	3419	13	ENST00000698129.1	TALAM1	ENSG00000289740.1	mrna
A00839:75:H7MFFDSXY:3:1237:20383:10676	chr11	65504434	65504583	False	308	150M	255	0	9	0.9204890131950378	ambig_opp_strand	unspliced	3419	20	ENST00000698129.1	TALAM1	ENSG00000289740.1	mrna
A00839:75:H7MFFDSXY:3:1263:11505:24580	chr11	65500588	65500737	False	295	150M	255	0	9	0.9228817224502563	ambig_opp_strand	unspliced	3419	13	ENST00000698129.1	TALAM1	ENSG00000289740.1	mrna
A00839:75:H7MFFDSXY:3:1650:32633:24972	chr11	65500666	65500815	True	-241	150M	255	0	3	0.6811667680740356	ambig_opp_strand	unspliced	3419	26	ENST00000710933.1	MALAT1	ENSG00000251562.11	mrna
A00839:75:H7MFFDSXY:3:1318:6451:8249	chr11	65502517	65502666	False	208	150M	255	0	9	0.9692270159721375	ambig_opp_strand	unspliced	3419	15	ENST00000698129.1	TALAM1	ENSG00000289740.1	mrna
A00839:75:H7MFFDSXY:3:2508:26205:36918	chr11	65504629	65504778	True	-400	150M	255	0	3	0.41539791226387024	ambig_opp_strand	unspliced	3419	20	ENST00000618132.2	MALAT1	ENSG00000251562.11	mrna
A00839:75:H7MFFDSXY:3:1635:15004:12915	chr11	65500827	65500976	True	-332	150M	255	1	3	0.711462676525116	ambig_opp_strand	unspliced	3419	13	ENST00000710933.1	MALAT1	ENSG00000251562.11	mrna
A00839:75:H7MFFDSXY:3:2335:13322:8437	chr11	65500345	65500494	True	-331	150M	255	0	3	0.09316391497850418	ambig_opp_strand	unspliced	3419	26	ENST00000710943.1	MALAT1	ENSG00000251562.11	mrna
A00839:75:H7MFFDSXY:3:1677:15899:6511	chr11	65505098	65505247	True	-193	150M	255	0	3	0.07093439996242523	ambig_opp_strand	unspliced	3419	19	ENST00000710949.1	MALAT1	ENSG00000251562.11	mrna
A00839:75:H7MFFDSXY:3:1470:20039:3599	chr11	65505558	65505707	False	264	150M	255	0	9	0.9503584504127502	ambig_opp_strand	unspliced	3419	6	ENST00000698129.1	TALAM1	ENSG00000289740.1	mrna
A00839:75:H7MFFDSXY:3:1211:20699:8406	chr11	65506197	65506323	False	127	127M	255	0	9	0.9145045280456543	ambig_opp_strand	unspliced	3419	5	ENST00000698129.1	TALAM1	ENSG00000289740.1	mrna
A00839:75:H7MFFDSXY:3:2322:30933:12947	chr11	65500601	65500750	True	-164	150M	255	0	3	0.1058771088719368	ambig_opp_strand	unspliced	3419	29	ENST00000710862.1	MALAT1	ENSG00000251562.11	mrna
A00839:75:H7MFFDSXY:3:2672:13937:26600	chr11	65501702	65501851	False	305	150M	255	0	9	0.9309106469154358	ambig_opp_strand	unspliced	3419	18	ENST00000698129.1	TALAM1	ENSG00000289740.1	mrna
A00839:75:H7MFFDSXY:3:1622:17562:14873	chr11	65501262	65501411	True	-168	150M	255	0	3	0.5420127511024475	ambig_opp_strand	unspliced	3419	16	ENST00000618132.2	MALAT1	ENSG00000251562.11	mrna
A00839:75:H7MFFDSXY:3:2133:12861:31187	chr11	65505326	65505475	True	-393	150M	255	0	3	0.2373923361301422	ambig_opp_strand	unspliced	3419	8	ENST00000710862.1	MALAT1	ENSG00000251562.11	mrna
A00839:75:H7MFFDSXY:3:1572:27019:24643	chr11	65504656	65504801	True	-146	146M	255	0	3	0.11615528166294098	ambig_opp_strand	unspliced	3419	25	ENST00000710944.1	MALAT1	ENSG00000251562.11	mrna
A00839:75:H7MFFDSXY:3:2514:9010:28776	chr11	65501629	65501778	True	-186	150M	255	0	3	0.2595100402832031	ambig_opp_strand	unspliced	3419	18	ENST00000710862.1	MALAT1	ENSG00000251562.11	mrna
A00839:75:H7MFFDSXY:3:1649:16233:10848	chr11	65506177	65506326	False	446	150M	255	0	5	0.6094979047775269	ambig_opp_strand	unspliced	-1	3	.	.	.	mrna
A00839:75:H7MFFDSXY:3:1315:25536:7921	chr11	65503667	65503788	False	122	122M	255	0	5	0.08544507622718811	ambig_opp_strand	unspliced	-1	23	.	.	.	mrna
A00839:75:H7MFFDSXY:3:2257:24135:17581	chr11	65501338	65501487	False	329	150M	255	0	9	0.8962017893791199	ambig_opp_strand	unspliced	3419	16	ENST00000698129.1	TALAM1	ENSG00000289740.1	mrna
A00839:75:H7MFFDSXY:3:2144:20320:25441	chr11	65500942	65501091	True	-314	150M	255	0	3	0.7118706107139587	ambig_opp_strand	unspliced	3419	13	ENST00000710933.1	MALAT1	ENSG00000251562.11	mrna
A00839:75:H7MFFDSXY:3:1611:11993:2754	chr11	65504250	65504400	False	328	59M1D91M	255	1	9	0.915475606918335	ambig_opp_strand	unspliced	3419	12	ENST00000698129.1	TALAM1	ENSG00000289740.1	mrna
A00839:75:H7MFFDSXY:3:1222:3179:24095	chr11	65505097	65505246	True	-365	150M	255	0	3	0.15144503116607666	ambig_opp_strand	unspliced	3419	19	ENST00000710951.1	MALAT1	ENSG00000251562.11	mrna
A00839:75:H7MFFDSXY:3:1369:15917:9643	chr11	65503874	65504023	False	335	150M	255	0	9	0.8958977460861206	ambig_opp_strand	unspliced	3419	12	ENST00000698129.1	TALAM1	ENSG00000289740.1	mrna
A00839:75:H7MFFDSXY:3:2404:4996:20165	chr11	65501246	65501366	True	-178	26S121M	255	0	3	0.12323816120624542	ambig_opp_strand	unspliced	3419	16	ENST00000710943.1	MALAT1	ENSG00000251562.11	mrna
A00839:75:H7MFFDSXY:3:1573:32597:23343	chr11	65503572	65503721	True	-396	150M	255	0	3	0.5700833797454834	ambig_opp_strand	unspliced	3419	22	ENST00000618132.2	MALAT1	ENSG00000251562.11	mrna
A00839:75:H7MFFDSXY:3:2572:14091:26146	chr11	65503124	65503273	True	-205	150M	255	1	3	0.023155968636274338	ambig_opp_strand	unspliced	3419	18	ENST00000710947.1	MALAT1	ENSG00000251562.11	mrna
A00839:75:H7MFFDSXY:3:1575:21766:21026	chr11	65502541	65502690	False	388	150M	255	0	5	0.5903358459472656	ambig_opp_strand	unspliced	-1	15	.	.	.	mrna
A00839:75:H7MFFDSXY:3:2649:2248:24674	chr11	65501967	65502116	False	267	150M	255	0	9	0.9506291747093201	ambig_opp_strand	unspliced	3419	22	ENST00000698129.1	TALAM1	ENSG00000289740.1	mrna
A00839:75:H7MFFDSXY:3:1173:27055:14246	chr11	65505884	65506033	True	-445	150M	255	0	3	0.2093862146139145	ambig_opp_strand	unspliced	3419	6	ENST00000710951.1	MALAT1	ENSG00000251562.11	mrna
A00839:75:H7MFFDSXY:3:1640:24813:30968	chr11	65500183	65500332	False	342	150M	255	0	9	0.8495855927467346	ambig_opp_strand	unspliced	3419	26	ENST00000698129.1	TALAM1	ENSG00000289740.1	mrna
A00839:75:H7MFFDSXY:3:1517:15049:22639	chr11	65501412	65501561	True	-375	150M	255	0	9	0.02022910676896572	ambig_opp_strand	unspliced	3419	15	ENST00000534336.3	MALAT1	ENSG00000251562.11	mrna
A00839:75:H7MFFDSXY:3:2639:27633:7263	chr11	65501154	65501303	False	324	150M	255	0	9	0.9063633680343628	ambig_opp_strand	unspliced	3419	16	ENST00000698129.1	TALAM1	ENSG00000289740.1	mrna
A00839:75:H7MFFDSXY:3:2218:15881:27806	chr11	65505396	65505543	False	150	148M2S	255	7	9	0.9361889362335205	ambig_opp_strand	unspliced	3419	8	ENST00000698129.1	TALAM1	ENSG00000289740.1	mrna
A00839:75:H7MFFDSXY:3:1129:17906:15906	chr11	65504295	65504444	False	353	150M	255	1	5	0.1852978765964508	ambig_opp_strand	unspliced	-1	11	.	.	.	mrna
A00839:75:H7MFFDSXY:3:1254:19262:35634	chr11	65504692	65504841	False	289	150M	255	0	9	0.9287250638008118	ambig_opp_strand	unspliced	3419	21	ENST00000698129.1	TALAM1	ENSG00000289740.1	mrna
A00839:75:H7MFFDSXY:3:1647:10737:25661	chr11	65505194	65505343	True	-388	150M	255	0	3	0.17125126719474792	ambig_opp_strand	unspliced	3419	15	ENST00000710862.1	MALAT1	ENSG00000251562.11	mrna
A00839:75:H7MFFDSXY:3:2276:16360:7279	chr11	65500005	65500154	True	-345	150M	255	0	3	0.6056622266769409	ambig_opp_strand	unspliced	3419	25	ENST00000710935.1	MALAT1	ENSG00000251562.11	mrna
A00839:75:H7MFFDSXY:3:1516:26657:29496	chr11	65500500	65500649	False	391	150M	255	0	5	0.6150861382484436	ambig_opp_strand	unspliced	-1	12	.	.	.	mrna
A00839:75:H7MFFDSXY:3:1420:6379:7498	chr11	65500499	65500648	True	-413	150M	255	1	3	0.5226969718933105	ambig_opp_strand	unspliced	3419	26	ENST00000710935.1	MALAT1	ENSG00000251562.11	mrna
A00839:75:H7MFFDSXY:3:2278:22290:22310	chr11	65503318	65503467	False	323	150M	255	0	9	0.9094546437263489	ambig_opp_strand	unspliced	3419	22	ENST00000698129.1	TALAM1	ENSG00000289740.1	mrna
A00839:75:H7MFFDSXY:3:2152:13792:7404	chr11	65500113	65500262	False	342	150M	255	0	9	0.8495855927467346	ambig_opp_strand	unspliced	3419	26	ENST00000698129.1	TALAM1	ENSG00000289740.1	mrna
A00839:75:H7MFFDSXY:3:1118:4029:32330	chr11	65500980	65501129	False	238	150M	255	0	9	0.9723278880119324	ambig_opp_strand	unspliced	3419	13	ENST00000698129.1	TALAM1	ENSG00000289740.1	mrna
A00839:75:H7MFFDSXY:3:2443:26955:34648	chr11	65502671	65502820	False	259	150M	255	0	9	0.9635874032974243	ambig_opp_strand	unspliced	3419	20	ENST00000698129.1	TALAM1	ENSG00000289740.1	mrna
A00839:75:H7MFFDSXY:3:1164:2889:21652	chr11	65503598	65503747	False	404	150M	255	0	5	0.6167319416999817	ambig_opp_strand	unspliced	-1	17	.	.	.	mrna
A00839:75:H7MFFDSXY:3:1578:32136:8954	chr11	65504351	65504500	False	292	150M	255	0	9	0.9333961009979248	ambig_opp_strand	unspliced	3419	20	ENST00000698129.1	TALAM1	ENSG00000289740.1	mrna
A00839:75:H7MFFDSXY:3:1464:15347:27007	chr11	65500955	65501104	False	280	150M	255	0	9	0.9623314142227173	ambig_opp_strand	unspliced	3419	13	ENST00000698129.1	TALAM1	ENSG00000289740.1	mrna
A00839:75:H7MFFDSXY:3:1247:11017:25614	chr11	65505782	65505931	True	-393	150M	255	0	3	0.2078702747821808	ambig_opp_strand	unspliced	3419	6	ENST00000710951.1	MALAT1	ENSG00000251562.11	mrna
A00839:75:H7MFFDSXY:3:1240:30346:34162	chr11	65503785	65503934	False	269	150M	255	0	9	0.9531745314598083	ambig_opp_strand	unspliced	3419	17	ENST00000698129.1	TALAM1	ENSG00000289740.1	mrna
A00839:75:H7MFFDSXY:3:2646:6524:16861	chr11	65501821	65501970	True	-469	150M	255	0	3	0.5250564217567444	ambig_opp_strand	unspliced	3419	17	ENST00000618132.2	MALAT1	ENSG00000251562.11	mrna
A00839:75:H7MFFDSXY:3:2332:9625:17002	chr11	65501639	65501788	True	-383	150M	255	0	3	0.5294654369354248	ambig_opp_strand	unspliced	3419	17	ENST00000618132.2	MALAT1	ENSG00000251562.11	mrna
A00839:75:H7MFFDSXY:3:2229:4508:35008	chr11	65500416	65500565	True	-360	150M	255	0	3	0.5366672277450562	ambig_opp_strand	unspliced	3419	26	ENST00000710935.1	MALAT1	ENSG00000251562.11	mrna
A00839:75:H7MFFDSXY:3:2669:4146:35164	chr11	65501273	65501422	False	235	150M	255	0	9	0.9562080502510071	ambig_opp_strand	unspliced	3419	17	ENST00000698129.1	TALAM1	ENSG00000289740.1	mrna
A00839:75:H7MFFDSXY:3:1602:25852:24627	chr11	65503827	65503976	False	199	150M	255	0	9	0.9590165615081787	ambig_opp_strand	unspliced	3419	17	ENST00000698129.1	TALAM1	ENSG00000289740.1	mrna
A00839:75:H7MFFDSXY:3:2254:7690:18787	chr11	65505851	65506000	True	-166	150M	255	0	3	0.5175274610519409	ambig_opp_strand	unspliced	3419	6	ENST00000618132.2	MALAT1	ENSG00000251562.11	mrna
A00839:75:H7MFFDSXY:3:1248:4128:7701	chr11	65501411	65501519	True	-109	109M	255	0	3	0.5426459908485413	ambig_opp_strand	unspliced	3419	18	ENST00000618132.2	MALAT1	ENSG00000251562.11	mrna
A00839:75:H7MFFDSXY:3:1607:19054:33207	chr11	65503768	65503917	True	-298	150M	255	0	3	0.6058120727539062	ambig_opp_strand	unspliced	3419	17	ENST00000618132.2	MALAT1	ENSG00000251562.11	mrna
A00839:75:H7MFFDSXY:3:2201:26955:31391	chr11	65504453	65504601	False	256	149M	255	1	9	0.945910632610321	ambig_opp_strand	unspliced	3419	20	ENST00000698129.1	TALAM1	ENSG00000289740.1	mrna
A00839:75:H7MFFDSXY:3:2606:4110:32409	chr11	65501684	65501833	True	-523	150M	255	0	3	0.5305426716804504	ambig_opp_strand	unspliced	3419	16	ENST00000618132.2	MALAT1	ENSG00000251562.11	mrna
A00839:75:H7MFFDSXY:3:2263:17002:33035	chr11	65504910	65505059	True	-311	150M	255	0	3	0.08321745693683624	ambig_opp_strand	unspliced	3419	19	ENST00000710943.1	MALAT1	ENSG00000251562.11	mrna
A00839:75:H7MFFDSXY:3:2134:3784:14591	chr11	65503367	65503516	False	388	150M	255	0	5	0.5877766013145447	ambig_opp_strand	unspliced	-1	23	.	.	.	mrna
A00839:75:H7MFFDSXY:3:1635:17662:36401	chr11	65501687	65501836	False	254	150M	255	0	9	0.9541195034980774	ambig_opp_strand	unspliced	3419	18	ENST00000698129.1	TALAM1	ENSG00000289740.1	mrna
A00839:75:H7MFFDSXY:3:2637:7220:24267	chr11	65501058	65501207	True	-1750	150M	3	0	128	0.0	.	unknown	-1	0	.	.	.	mrna
A00839:75:H7MFFDSXY:3:1510:3423:5102	chr11	65502284	65502433	False	351	150M	255	0	9	0.8169277906417847	ambig_opp_strand	unspliced	3419	12	ENST00000698129.1	TALAM1	ENSG00000289740.1	mrna
A00839:75:H7MFFDSXY:3:1325:32163:5682	chr11	65502099	65502248	False	212	150M	255	0	9	0.9565353393554688	ambig_opp_strand	unspliced	3419	21	ENST00000698129.1	TALAM1	ENSG00000289740.1	mrna
A00839:75:H7MFFDSXY:3:2515:32163:24878	chr11	65504854	65505003	True	-304	150M	255	0	3	0.1730755716562271	ambig_opp_strand	unspliced	3419	22	ENST00000710862.1	MALAT1	ENSG00000251562.11	mrna
A00839:75:H7MFFDSXY:3:2418:10890:31438	chr11	65504658	65504807	False	385	150M	255	1	5	0.55525141954422	ambig_opp_strand	unspliced	-1	18	.	.	.	mrna
A00839:75:H7MFFDSXY:3:1542:7455:33536	chr11	65500231	65500380	False	346	150M	255	0	3	0.018821045756340027	ambig_opp_strand	unspliced	3419	26	ENST00000710935.1	MALAT1	ENSG00000251562.11	mrna
A00839:75:H7MFFDSXY:3:1110:3784:12085	chr11	65504719	65504868	True	-256	150M	255	0	3	0.03488661348819733	ambig_opp_strand	unspliced	3419	20	ENST00000508832.3	MALAT1	ENSG00000251562.11	mrna
A00839:75:H7MFFDSXY:3:1246:7319:25379	chr11	65504662	65504811	False	233	150M	255	0	9	0.9420819282531738	ambig_opp_strand	unspliced	3419	21	ENST00000698129.1	TALAM1	ENSG00000289740.1	mrna
A00839:75:H7MFFDSXY:3:2370:30156:3145	chr11	65504447	65504596	False	469	150M	255	0	5	0.5973960161209106	ambig_opp_strand	unspliced	-1	19	.	.	.	mrna
A00839:75:H7MFFDSXY:3:2324:10140:4335	chr11	65502436	65502585	False	356	150M	255	0	9	0.7832286357879639	ambig_opp_strand	unspliced	3419	14	ENST00000698129.1	TALAM1	ENSG00000289740.1	mrna
A00839:75:H7MFFDSXY:3:2118:12346:21151	chr11	65504537	65504686	True	-301	150M	255	0	3	0.4270211160182953	ambig_opp_strand	unspliced	3419	20	ENST00000618132.2	MALAT1	ENSG00000251562.11	mrna
A00839:75:H7MFFDSXY:3:2664:9697:31939	chr11	65502089	65502238	False	299	150M	255	0	9	0.9360632300376892	ambig_opp_strand	unspliced	3419	21	ENST00000698129.1	TALAM1	ENSG00000289740.1	mrna
A00839:75:H7MFFDSXY:3:1432:12726:1611	chr11	65506200	65506349	False	223	150M	255	0	9	0.9714478850364685	ambig_opp_strand	unspliced	3419	5	ENST00000698129.1	TALAM1	ENSG00000289740.1	mrna
A00839:75:H7MFFDSXY:3:2328:2230:22764	chr11	65502102	65502251	False	183	150M	255	0	9	0.9538714289665222	ambig_opp_strand	unspliced	3419	21	ENST00000698129.1	TALAM1	ENSG00000289740.1	mrna
A00839:75:H7MFFDSXY:3:2176:15944:1548	chr11	65502745	65502894	False	182	150M	255	0	9	0.9644797444343567	ambig_opp_strand	unspliced	3419	22	ENST00000698129.1	TALAM1	ENSG00000289740.1	mrna
A00839:75:H7MFFDSXY:3:1619:18900:29215	chr11	65500112	65500261	True	-331	150M	255	0	3	0.6064842939376831	ambig_opp_strand	unspliced	3419	25	ENST00000710935.1	MALAT1	ENSG00000251562.11	mrna
A00839:75:H7MFFDSXY:3:2547:5674:35618	chr11	65501301	65501450	True	-227	150M	255	0	3	0.5420964360237122	ambig_opp_strand	unspliced	3419	16	ENST00000618132.2	MALAT1	ENSG00000251562.11	mrna
A00839:75:H7MFFDSXY:3:2609:16703:7842	chr11	65501012	65501161	False	399	150M	255	0	9	0.3524751365184784	ambig_opp_strand	unspliced	3419	16	ENST00000698129.1	TALAM1	ENSG00000289740.1	mrna
A00839:75:H7MFFDSXY:3:1259:28357:19946	chr11	65504809	65504958	False	287	150M	255	0	9	0.930055558681488	ambig_opp_strand	unspliced	3419	19	ENST00000698129.1	TALAM1	ENSG00000289740.1	mrna
A00839:75:H7MFFDSXY:3:2173:6451:6652	chr11	65501003	65501152	False	188	150M	255	0	9	0.9382697343826294	ambig_opp_strand	unspliced	3419	15	ENST00000698129.1	TALAM1	ENSG00000289740.1	mrna
A00839:75:H7MFFDSXY:3:1514:30752:36996	chr11	65503282	65503431	True	-264	150M	255	0	3	0.5917404294013977	ambig_opp_strand	unspliced	3419	27	ENST00000618132.2	MALAT1	ENSG00000251562.11	mrna
A00839:75:H7MFFDSXY:3:1259:3341:24314	chr11	65501937	65502086	True	-373	150M	255	0	3	0.5353817939758301	ambig_opp_strand	unspliced	3419	18	ENST00000618132.2	MALAT1	ENSG00000251562.11	mrna
A00839:75:H7MFFDSXY:3:2536:29677:31939	chr11	65505730	65505879	True	-440	150M	255	1	3	0.500390350818634	ambig_opp_strand	unspliced	3419	6	ENST00000618132.2	MALAT1	ENSG00000251562.11	mrna
A00839:75:H7MFFDSXY:3:1566:27823:7968	chr11	65501585	65501734	True	-265	150M	255	0	3	0.0444260835647583	ambig_opp_strand	unspliced	3419	17	ENST00000508832.3	MALAT1	ENSG00000251562.11	mrna
A00839:75:H7MFFDSXY:3:2139:8015:35916	chr11	65500259	65500408	False	322	150M	255	0	9	0.9006178379058838	ambig_opp_strand	unspliced	3419	26	ENST00000698129.1	TALAM1	ENSG00000289740.1	mrna
A00839:75:H7MFFDSXY:3:1277:32967:2065	chr11	65500494	65500643	True	-161	150M	255	0	3	0.29156962037086487	ambig_opp_strand	unspliced	3419	27	ENST00000710935.1	MALAT1	ENSG00000251562.11	mrna
A00839:75:H7MFFDSXY:3:2311:1506:18599	chr11	65505549	65505698	False	386	150M	255	0	9	0.42757654190063477	ambig_opp_strand	unspliced	3419	6	ENST00000698129.1	TALAM1	ENSG00000289740.1	mrna
A00839:75:H7MFFDSXY:3:1144:9787:35196	chr11	65506202	65506351	False	254	150M	255	0	9	0.9685986042022705	ambig_opp_strand	unspliced	3419	5	ENST00000698129.1	TALAM1	ENSG00000289740.1	mrna
A00839:75:H7MFFDSXY:3:2570:6958:15201	chr11	65501336	65501485	True	-173	150M	255	0	3	0.5417013764381409	ambig_opp_strand	unspliced	3419	17	ENST00000618132.2	MALAT1	ENSG00000251562.11	mrna
A00839:75:H7MFFDSXY:3:1376:22498:25708	chr11	65504650	65504799	False	283	150M	255	0	9	0.9375328421592712	ambig_opp_strand	unspliced	3419	19	ENST00000698129.1	TALAM1	ENSG00000289740.1	mrna
A00839:75:H7MFFDSXY:3:1675:23592:1172	chr11	65500426	65500575	False	300	150M	255	0	9	0.896321177482605	ambig_opp_strand	unspliced	3419	27	ENST00000698129.1	TALAM1	ENSG00000289740.1	mrna
A00839:75:H7MFFDSXY:3:2227:25066:17284	chr11	65504393	65504542	False	476	150M	255	0	9	0.3474970757961273	ambig_opp_strand	unspliced	3419	20	ENST00000698129.1	TALAM1	ENSG00000289740.1	mrna
A00839:75:H7MFFDSXY:3:1101:17607:9032	chr11	65501294	65501443	False	278	150M	255	0	9	0.9472053647041321	ambig_opp_strand	unspliced	3419	16	ENST00000698129.1	TALAM1	ENSG00000289740.1	mrna
A00839:75:H7MFFDSXY:3:1345:19316:22983	chr11	65500844	65500993	False	394	150M	255	0	9	0.39838314056396484	ambig_opp_strand	unspliced	3419	11	ENST00000698129.1	TALAM1	ENSG00000289740.1	mrna
A00839:75:H7MFFDSXY:3:2655:15628:16344	chr11	65505889	65506038	True	-271	150M	255	0	3	0.5175232887268066	ambig_opp_strand	unspliced	3419	6	ENST00000618132.2	MALAT1	ENSG00000251562.11	mrna
A00839:75:H7MFFDSXY:3:1367:15130:30326	chr11	65506261	65506410	True	-361	150M	255	3	3	0.4400635361671448	ambig_opp_strand	unspliced	3419	5	ENST00000710951.1	MALAT1	ENSG00000251562.11	mrna
A00839:75:H7MFFDSXY:3:1333:25183:11851	chr11	65503867	65504016	False	311	150M	255	0	9	0.9268759489059448	ambig_opp_strand	unspliced	3419	17	ENST00000698129.1	TALAM1	ENSG00000289740.1	mrna
A00839:75:H7MFFDSXY:3:2672:29288:6089	chr11	65505359	65505508	True	-178	150M	255	0	3	0.245866060256958	ambig_opp_strand	unspliced	3419	8	ENST00000710862.1	MALAT1	ENSG00000251562.11	mrna
A00839:75:H7MFFDSXY:3:2427:18222:20087	chr11	65505150	65505299	False	159	150M	255	0	9	0.933635413646698	ambig_opp_strand	unspliced	3419	15	ENST00000698129.1	TALAM1	ENSG00000289740.1	mrna
A00839:75:H7MFFDSXY:3:1167:7581:20885	chr11	65505580	65505729	False	241	150M	255	0	9	0.9544917345046997	ambig_opp_strand	unspliced	3419	6	ENST00000698129.1	TALAM1	ENSG00000289740.1	mrna
A00839:75:H7MFFDSXY:3:2438:7988:10003	chr11	65500483	65500632	True	-448	150M	255	0	3	0.5251576900482178	ambig_opp_strand	unspliced	3419	26	ENST00000710935.1	MALAT1	ENSG00000251562.11	mrna
A00839:75:H7MFFDSXY:3:2534:28094:24752	chr11	65503500	65503649	False	309	150M	255	1	9	0.9284065365791321	ambig_opp_strand	unspliced	3419	19	ENST00000698129.1	TALAM1	ENSG00000289740.1	mrna
A00839:75:H7MFFDSXY:3:1509:15600:35086	chr11	65503882	65504031	False	309	150M	255	0	9	0.928826630115509	ambig_opp_strand	unspliced	3419	17	ENST00000698129.1	TALAM1	ENSG00000289740.1	mrna
A00839:75:H7MFFDSXY:3:1424:16658:17628	chr11	65505529	65505678	False	419	150M	255	1	5	0.6259422302246094	ambig_opp_strand	unspliced	-1	6	.	.	.	mrna
A00839:75:H7MFFDSXY:3:2247:17264:36808	chr11	65504556	65504705	False	297	150M	255	0	9	0.930158793926239	ambig_opp_strand	unspliced	3419	20	ENST00000698129.1	TALAM1	ENSG00000289740.1	mrna
A00839:75:H7MFFDSXY:3:2357:9625:15718	chr11	65504665	65504814	False	357	150M	255	0	9	0.7611436247825623	ambig_opp_strand	unspliced	3419	18	ENST00000698129.1	TALAM1	ENSG00000289740.1	mrna
A00839:75:H7MFFDSXY:3:2310:9525:29888	chr11	65503230	65503379	False	285	150M	255	0	9	0.9467957019805908	ambig_opp_strand	unspliced	3419	27	ENST00000698129.1	TALAM1	ENSG00000289740.1	mrna
A00839:75:H7MFFDSXY:3:2160:14959:1063	chr11	65502323	65502472	False	315	150M	255	0	9	0.9316259622573853	ambig_opp_strand	unspliced	3419	13	ENST00000698129.1	TALAM1	ENSG00000289740.1	mrna
A00839:75:H7MFFDSXY:3:1158:30526:16407	chr11	65505623	65505772	True	-218	150M	255	0	3	0.5176140069961548	ambig_opp_strand	unspliced	3419	6	ENST00000618132.2	MALAT1	ENSG00000251562.11	mrna
A00839:75:H7MFFDSXY:3:2349:5358:10614	chr11	65500408	65500557	False	375	150M	255	0	9	0.5558159947395325	ambig_opp_strand	unspliced	3419	24	ENST00000698129.1	TALAM1	ENSG00000289740.1	mrna
A00839:75:H7MFFDSXY:3:1413:27236:18912	chr11	65504772	65504921	False	295	150M	255	0	9	0.9255083203315735	ambig_opp_strand	unspliced	3419	19	ENST00000698129.1	TALAM1	ENSG00000289740.1	mrna
A00839:75:H7MFFDSXY:3:1533:3893:25520	chr11	65504795	65504944	False	271	150M	255	0	9	0.9360359907150269	ambig_opp_strand	unspliced	3419	19	ENST00000698129.1	TALAM1	ENSG00000289740.1	mrna
A00839:75:H7MFFDSXY:3:1330:8440:17143	chr11	65503430	65503579	False	391	150M	255	0	5	0.6199092268943787	ambig_opp_strand	unspliced	-1	19	.	.	.	mrna
A00839:75:H7MFFDSXY:3:1505:20347:10645	chr11	65500593	65500742	True	-304	150M	255	0	3	0.45937907695770264	ambig_opp_strand	unspliced	3419	27	ENST00000710933.1	MALAT1	ENSG00000251562.11	mrna
A00839:75:H7MFFDSXY:3:1668:25663:34882	chr11	65500250	65500399	False	218	150M	255	0	9	0.9474226832389832	ambig_opp_strand	unspliced	3419	26	ENST00000698129.1	TALAM1	ENSG00000289740.1	mrna
A00839:75:H7MFFDSXY:3:2603:14959:30436	chr11	65504776	65504925	True	-284	150M	255	0	3	0.11642757058143616	ambig_opp_strand	unspliced	3419	19	ENST00000710944.1	MALAT1	ENSG00000251562.11	mrna
A00839:75:H7MFFDSXY:3:1462:23972:31485	chr11	65500362	65500511	False	175	150M	255	0	9	0.9433324337005615	ambig_opp_strand	unspliced	3419	26	ENST00000698129.1	TALAM1	ENSG00000289740.1	mrna
A00839:75:H7MFFDSXY:3:2360:19859:18192	chr11	65500495	65500644	False	260	150M	255	0	9	0.9126640558242798	ambig_opp_strand	unspliced	3419	27	ENST00000698129.1	TALAM1	ENSG00000289740.1	mrna
A00839:75:H7MFFDSXY:3:1628:3775:19930	chr11	65505397	65505546	False	498	150M	255	0	9	0.36080801486968994	ambig_opp_strand	unspliced	3419	6	ENST00000698129.1	TALAM1	ENSG00000289740.1	mrna
A00839:75:H7MFFDSXY:3:2654:6867:19993	chr11	65500961	65501108	True	-280	148M2S	255	0	3	0.7121919989585876	ambig_opp_strand	unspliced	3419	13	ENST00000710933.1	MALAT1	ENSG00000251562.11	mrna
A00839:75:H7MFFDSXY:3:1653:26087:18771	chr11	65500326	65500475	True	-337	150M	255	0	3	0.03344956785440445	ambig_opp_strand	unspliced	3419	26	ENST00000508832.3	MALAT1	ENSG00000251562.11	mrna
A00839:75:H7MFFDSXY:3:1577:30517:36777	chr11	65503542	65503691	True	-263	150M	255	0	3	0.28364837169647217	ambig_opp_strand	unspliced	3419	23	ENST00000710862.1	MALAT1	ENSG00000251562.11	mrna
A00839:75:H7MFFDSXY:3:2309:3821:18098	chr11	65502374	65502523	False	298	150M	255	0	9	0.948971152305603	ambig_opp_strand	unspliced	3419	13	ENST00000698129.1	TALAM1	ENSG00000289740.1	mrna
A00839:75:H7MFFDSXY:3:1502:11921:15843	chr11	65504615	65504764	False	280	150M	255	0	9	0.9389462471008301	ambig_opp_strand	unspliced	3419	19	ENST00000698129.1	TALAM1	ENSG00000289740.1	mrna
A00839:75:H7MFFDSXY:3:2154:17092:19069	chr11	65503346	65503495	True	-465	150M	255	1	3	0.7922857403755188	ambig_opp_strand	unspliced	3419	18	ENST00000618132.2	MALAT1	ENSG00000251562.11	mrna
A00839:75:H7MFFDSXY:3:1347:16568:12774	chr11	65504927	65505076	False	264	150M	255	0	9	0.9380749464035034	ambig_opp_strand	unspliced	3419	19	ENST00000698129.1	TALAM1	ENSG00000289740.1	mrna
A00839:75:H7MFFDSXY:3:2641:13829:17675	chr11	65504107	65504256	True	-410	150M	255	0	3	0.6691429615020752	ambig_opp_strand	unspliced	3419	12	ENST00000710862.1	MALAT1	ENSG00000251562.11	mrna
A00839:75:H7MFFDSXY:3:1367:10384:33912	chr11	65502737	65502886	True	-410	150M	255	0	3	0.8896015882492065	ambig_opp_strand	unspliced	3419	15	ENST00000618132.2	MALAT1	ENSG00000251562.11	mrna
A00839:75:H7MFFDSXY:3:1324:25789:10989	chr11	65503013	65503162	True	-373	150M	255	0	3	0.06819620728492737	ambig_opp_strand	unspliced	3419	16	ENST00000508832.3	MALAT1	ENSG00000251562.11	mrna
A00839:75:H7MFFDSXY:3:1316:13485:6151	chr11	65506298	65506430	True	-133	133M	255	0	3	0.510644257068634	ambig_opp_strand	unspliced	3419	8	ENST00000710862.1	MALAT1	ENSG00000251562.11	mrna
A00839:75:H7MFFDSXY:3:2375:15275:5494	chr11	65503318	65503467	False	421	150M	255	0	9	0.3521330952644348	ambig_opp_strand	unspliced	3419	22	ENST00000698129.1	TALAM1	ENSG00000289740.1	mrna
A00839:75:H7MFFDSXY:3:2366:17454:5290	chr11	65504553	65504702	True	-298	150M	255	0	3	0.42704522609710693	ambig_opp_strand	unspliced	3419	20	ENST00000618132.2	MALAT1	ENSG00000251562.11	mrna
A00839:75:H7MFFDSXY:3:2267:5755:14528	chr11	65503658	65503807	True	-341	150M	255	0	3	0.5941258668899536	ambig_opp_strand	unspliced	3419	19	ENST00000618132.2	MALAT1	ENSG00000251562.11	mrna
A00839:75:H7MFFDSXY:3:1158:26033:14951	chr11	65501689	65501838	False	225	150M	255	0	9	0.9568113684654236	ambig_opp_strand	unspliced	3419	18	ENST00000698129.1	TALAM1	ENSG00000289740.1	mrna
A00839:75:H7MFFDSXY:3:2628:26323:16611	chr11	65503394	65503543	False	428	150M	255	0	5	0.609845757484436	ambig_opp_strand	unspliced	-1	19	.	.	.	mrna
A00839:75:H7MFFDSXY:3:1110:5213:31970	chr11	65505610	65505759	False	330	150M	255	0	9	0.8935033082962036	ambig_opp_strand	unspliced	3419	6	ENST00000698129.1	TALAM1	ENSG00000289740.1	mrna
A00839:75:H7MFFDSXY:3:2361:23267:4398	chr11	65502341	65502490	True	-247	150M	255	1	3	0.9506757855415344	ambig_opp_strand	unspliced	3419	12	ENST00000618132.2	MALAT1	ENSG00000251562.11	mrna
A00839:75:H7MFFDSXY:3:2476:10917:17362	chr11	65504115	65504264	False	442	150M	255	0	5	0.6132592558860779	ambig_opp_strand	unspliced	-1	12	.	.	.	mrna
A00839:75:H7MFFDSXY:3:1145:26395:7686	chr11	65504909	65505054	False	212	146M	255	0	9	0.9428143501281738	ambig_opp_strand	unspliced	3419	19	ENST00000698129.1	TALAM1	ENSG00000289740.1	mrna
A00839:75:H7MFFDSXY:3:2157:4110:6887	chr11	65505540	65505689	True	-260	150M	255	0	3	0.5175621509552002	ambig_opp_strand	unspliced	3419	6	ENST00000618132.2	MALAT1	ENSG00000251562.11	mrna
A00839:75:H7MFFDSXY:3:2424:23014:21245	chr11	65504644	65504793	True	-184	150M	255	0	3	0.4272013306617737	ambig_opp_strand	unspliced	3419	20	ENST00000618132.2	MALAT1	ENSG00000251562.11	mrna
A00839:75:H7MFFDSXY:3:2572:3766:10332	chr11	65500513	65500662	True	-349	150M	255	0	3	0.5377841591835022	ambig_opp_strand	unspliced	3419	26	ENST00000710935.1	MALAT1	ENSG00000251562.11	mrna
A00839:75:H7MFFDSXY:3:2144:28999:6590	chr11	65505530	65505679	False	363	150M	255	0	9	0.7173580527305603	ambig_opp_strand	unspliced	3419	6	ENST00000698129.1	TALAM1	ENSG00000289740.1	mrna
A00839:75:H7MFFDSXY:3:2415:24171:26694	chr11	65502643	65502792	True	-251	150M	255	0	3	0.9468320608139038	ambig_opp_strand	unspliced	3419	15	ENST00000618132.2	MALAT1	ENSG00000251562.11	mrna
A00839:75:H7MFFDSXY:3:2625:29622:5102	chr11	65501841	65501988	True	-408	2S148M	255	0	3	0.5223986506462097	ambig_opp_strand	unspliced	3419	18	ENST00000618132.2	MALAT1	ENSG00000251562.11	mrna
A00839:75:H7MFFDSXY:3:2317:14895:1141	chr11	65506227	65506376	True	-231	150M	255	0	3	0.5123748779296875	ambig_opp_strand	unspliced	3419	5	ENST00000710862.1	MALAT1	ENSG00000251562.11	mrna
A00839:75:H7MFFDSXY:3:2122:29423:11177	chr11	65504328	65504477	True	-310	150M	255	0	3	0.7379265427589417	ambig_opp_strand	unspliced	3419	12	ENST00000710862.1	MALAT1	ENSG00000251562.11	mrna
A00839:75:H7MFFDSXY:3:2561:26928:28213	chr11	65503617	65503766	True	-335	150M	255	0	3	0.5926874279975891	ambig_opp_strand	unspliced	3419	23	ENST00000618132.2	MALAT1	ENSG00000251562.11	mrna
A00839:75:H7MFFDSXY:3:1539:26214:10974	chr11	65504359	65504508	True	-267	150M	255	0	3	0.7393494844436646	ambig_opp_strand	unspliced	3419	12	ENST00000710862.1	MALAT1	ENSG00000251562.11	mrna
A00839:75:H7MFFDSXY:3:1303:15917:30592	chr11	65505687	65505836	False	338	150M	255	0	9	0.870603084564209	ambig_opp_strand	unspliced	3419	6	ENST00000698129.1	TALAM1	ENSG00000289740.1	mrna
A00839:75:H7MFFDSXY:3:1414:24966:17957	chr11	65505558	65505707	False	485	150M	255	0	5	0.599359929561615	ambig_opp_strand	unspliced	-1	6	.	.	.	mrna
A00839:75:H7MFFDSXY:3:2374:8974:1846	chr11	65501485	65501634	False	344	150M	255	0	9	0.8445876240730286	ambig_opp_strand	unspliced	3419	17	ENST00000698129.1	TALAM1	ENSG00000289740.1	mrna
A00839:75:H7MFFDSXY:3:2253:19190:2660	chr11	65505735	65505884	True	-281	150M	255	1	3	0.5164110064506531	ambig_opp_strand	unspliced	3419	7	ENST00000618132.2	MALAT1	ENSG00000251562.11	mrna
A00839:75:H7MFFDSXY:3:2364:9760:4586	chr11	65504708	65504857	False	318	150M	255	0	9	0.9027103781700134	ambig_opp_strand	unspliced	3419	19	ENST00000698129.1	TALAM1	ENSG00000289740.1	mrna
A00839:75:H7MFFDSXY:3:1516:22046:12868	chr11	65504309	65504456	False	211	2S148M	255	0	9	0.9726955890655518	ambig_opp_strand	unspliced	3419	13	ENST00000698129.1	TALAM1	ENSG00000289740.1	mrna
A00839:75:H7MFFDSXY:3:1126:18548:25347	chr11	65500807	65500956	True	-357	150M	255	1	3	0.7096213102340698	ambig_opp_strand	unspliced	3419	13	ENST00000710933.1	MALAT1	ENSG00000251562.11	mrna
A00839:75:H7MFFDSXY:3:2539:2564:21245	chr11	65500589	65500738	True	-256	150M	255	0	3	0.29158708453178406	ambig_opp_strand	unspliced	3419	27	ENST00000710935.1	MALAT1	ENSG00000251562.11	mrna
A00839:75:H7MFFDSXY:3:2635:13141:33113	chr11	65505495	65505619	True	-125	125M	255	0	3	0.5142430663108826	ambig_opp_strand	unspliced	3419	8	ENST00000618132.2	MALAT1	ENSG00000251562.11	mrna
A00839:75:H7MFFDSXY:3:2560:14100:26193	chr11	65504278	65504426	False	232	44M1I105M	255	3	9	0.9757710695266724	ambig_opp_strand	unspliced	3419	12	ENST00000698129.1	TALAM1	ENSG00000289740.1	mrna
A00839:75:H7MFFDSXY:3:2207:12816:22498	chr11	65506274	65506423	False	316	150M	255	0	9	0.9451701641082764	ambig_opp_strand	unspliced	3419	3	ENST00000698129.1	TALAM1	ENSG00000289740.1	mrna
A00839:75:H7MFFDSXY:3:1452:22336:2848	chr11	65500517	65500666	False	436	150M	255	0	5	0.5889484286308289	ambig_opp_strand	unspliced	-1	13	.	.	.	mrna
A00839:75:H7MFFDSXY:3:2438:5466:24017	chr11	65506377	65506526	True	-295	150M	255	0	9	0.9621526598930359	ambig_opp_strand	unspliced	3419	3	ENST00000534336.3	MALAT1	ENSG00000251562.11	mrna
A00839:75:H7MFFDSXY:3:1474:13539:8594	chr11	65505642	65505791	True	-222	150M	255	0	3	0.5176126956939697	ambig_opp_strand	unspliced	3419	6	ENST00000618132.2	MALAT1	ENSG00000251562.11	mrna
A00839:75:H7MFFDSXY:3:1652:8883:29403	chr11	65504565	65504714	False	352	150M	255	0	9	0.7963889241218567	ambig_opp_strand	unspliced	3419	19	ENST00000698129.1	TALAM1	ENSG00000289740.1	mrna
A00839:75:H7MFFDSXY:3:2647:32805:36072	chr11	65504606	65504755	True	-437	150M	255	0	3	0.21317952871322632	ambig_opp_strand	unspliced	3419	12	ENST00000710949.1	MALAT1	ENSG00000251562.11	mrna
A00839:75:H7MFFDSXY:3:1601:11523:23547	chr11	65502262	65502411	True	-315	150M	255	0	3	0.950673520565033	ambig_opp_strand	unspliced	3419	11	ENST00000618132.2	MALAT1	ENSG00000251562.11	mrna
A00839:75:H7MFFDSXY:3:1464:19804:33129	chr11	65503600	65503749	False	249	150M	255	0	9	0.9576268196105957	ambig_opp_strand	unspliced	3419	19	ENST00000698129.1	TALAM1	ENSG00000289740.1	mrna
A00839:75:H7MFFDSXY:3:1321:19280:13213	chr11	65501678	65501827	False	364	150M	255	1	9	0.7073186039924622	ambig_opp_strand	unspliced	3419	18	ENST00000698129.1	TALAM1	ENSG00000289740.1	mrna
A00839:75:H7MFFDSXY:3:2647:3676:19194	chr11	65502982	65503131	False	281	150M	255	0	9	0.9559884071350098	ambig_opp_strand	unspliced	3419	18	ENST00000698129.1	TALAM1	ENSG00000289740.1	mrna
A00839:75:H7MFFDSXY:3:2136:11333:12477	chr11	65501035	65501184	True	-245	150M	255	0	3	0.7115106582641602	ambig_opp_strand	unspliced	3419	15	ENST00000710933.1	MALAT1	ENSG00000251562.11	mrna
A00839:75:H7MFFDSXY:3:2209:26060:16125	chr11	65504140	65504289	True	-159	150M	255	0	3	0.7391488552093506	ambig_opp_strand	unspliced	3419	12	ENST00000710862.1	MALAT1	ENSG00000251562.11	mrna
A00839:75:H7MFFDSXY:3:2653:32362:6402	chr11	65500069	65500218	False	329	150M	255	0	9	0.8879672288894653	ambig_opp_strand	unspliced	3419	26	ENST00000698129.1	TALAM1	ENSG00000289740.1	mrna
A00839:75:H7MFFDSXY:3:1567:9498:29528	chr11	65501121	65501270	False	328	150M	255	0	9	0.8984572887420654	ambig_opp_strand	unspliced	3419	16	ENST00000698129.1	TALAM1	ENSG00000289740.1	mrna
A00839:75:H7MFFDSXY:3:2325:7319:23625	chr11	65500876	65501026	True	-190	133M1D17M	255	1	3	0.16416291892528534	ambig_opp_strand	unspliced	3419	13	ENST00000710862.1	MALAT1	ENSG00000251562.11	mrna
A00839:75:H7MFFDSXY:3:1369:12943:29418	chr11	65500785	65500934	True	-250	150M	255	0	3	0.16416281461715698	ambig_opp_strand	unspliced	3419	13	ENST00000710862.1	MALAT1	ENSG00000251562.11	mrna
A00839:75:H7MFFDSXY:3:1239:19551:19914	chr11	65503156	65503305	False	379	150M	255	0	9	0.5070299506187439	ambig_opp_strand	unspliced	3419	27	ENST00000698129.1	TALAM1	ENSG00000289740.1	mrna
A00839:75:H7MFFDSXY:3:1568:1850:29246	chr11	65502328	65502477	False	295	150M	255	0	9	0.9509989619255066	ambig_opp_strand	unspliced	3419	13	ENST00000698129.1	TALAM1	ENSG00000289740.1	mrna
A00839:75:H7MFFDSXY:3:2407:15772:4194	chr11	65504356	65504804	False	709	3M299N147M	255	0	3	0.9955399632453918	ambig_same_strand	spliced_annot	3419	2	ENST00000710951.1	MALAT1	ENSG00000251562.11	mrna
A00839:75:H7MFFDSXY:3:2141:4318:7780	chr11	65506346	65506481	True	-136	136M	255	0	9	0.9464146494865417	ambig_opp_strand	unspliced	3419	3	ENST00000534336.3	MALAT1	ENSG00000251562.11	mrna
A00839:75:H7MFFDSXY:3:1206:31891:3427	chr11	65501771	65501920	True	-170	150M	255	0	3	0.5433667898178101	ambig_opp_strand	unspliced	3419	19	ENST00000618132.2	MALAT1	ENSG00000251562.11	mrna
A00839:75:H7MFFDSXY:3:1332:11876:16548	chr11	65505164	65505313	False	229	150M	255	0	9	0.9427348971366882	ambig_opp_strand	unspliced	3419	15	ENST00000698129.1	TALAM1	ENSG00000289740.1	mrna
A00839:75:H7MFFDSXY:3:2378:24505:32753	chr11	65503876	65504025	False	207	150M	255	0	9	0.9594191312789917	ambig_opp_strand	unspliced	3419	17	ENST00000698129.1	TALAM1	ENSG00000289740.1	mrna
A00839:75:H7MFFDSXY:3:2504:8305:34131	chr11	65502050	65502199	False	208	150M	255	0	9	0.9565467238426208	ambig_opp_strand	unspliced	3419	21	ENST00000698129.1	TALAM1	ENSG00000289740.1	mrna
A00839:75:H7MFFDSXY:3:2347:25075:6402	chr11	65500642	65500791	False	299	150M	255	0	9	0.9203072190284729	ambig_opp_strand	unspliced	3419	13	ENST00000698129.1	TALAM1	ENSG00000289740.1	mrna
A00839:75:H7MFFDSXY:3:2519:10628:25755	chr11	65501788	65501937	True	-409	150M	255	0	3	0.04278983548283577	ambig_opp_strand	unspliced	3419	17	ENST00000508832.3	MALAT1	ENSG00000251562.11	mrna
A00839:75:H7MFFDSXY:3:1208:16306:26412	chr11	65502715	65502858	True	-144	144M	255	0	3	0.8534407615661621	ambig_opp_strand	unspliced	3419	21	ENST00000618132.2	MALAT1	ENSG00000251562.11	mrna
A00839:75:H7MFFDSXY:3:1531:31033:13025	chr11	65503415	65503564	False	387	150M	255	0	5	0.5710203647613525	ambig_opp_strand	unspliced	-1	19	.	.	.	mrna
A00839:75:H7MFFDSXY:3:2566:2510:34773	chr11	65500008	65500157	False	321	150M	255	0	5	0.05970444530248642	ambig_opp_strand	unspliced	-1	26	.	.	.	mrna
A00839:75:H7MFFDSXY:3:1462:24080:6778	chr11	65505830	65505979	True	-283	150M	255	0	3	0.5174646377563477	ambig_opp_strand	unspliced	3419	6	ENST00000618132.2	MALAT1	ENSG00000251562.11	mrna
A00839:75:H7MFFDSXY:3:1120:19660:7388	chr11	65504554	65504703	False	171	150M	255	0	9	0.9437417387962341	ambig_opp_strand	unspliced	3419	20	ENST00000698129.1	TALAM1	ENSG00000289740.1	mrna
A00839:75:H7MFFDSXY:3:1321:10700:25379	chr11	65504171	65504320	False	295	150M	255	0	9	0.9573841691017151	ambig_opp_strand	unspliced	3419	12	ENST00000698129.1	TALAM1	ENSG00000289740.1	mrna
A00839:75:H7MFFDSXY:3:1241:10936:20682	chr11	65503926	65504075	True	-251	150M	255	0	3	0.6061280965805054	ambig_opp_strand	unspliced	3419	17	ENST00000618132.2	MALAT1	ENSG00000251562.11	mrna
A00839:75:H7MFFDSXY:3:2465:10366:34162	chr11	65506552	65506701	True	-199	150M	255	0	9	0.9829737544059753	ambig_opp_strand	unspliced	3419	3	ENST00000534336.3	MALAT1	ENSG00000251562.11	mrna
A00839:75:H7MFFDSXY:3:1429:26187:25238	chr11	65504917	65505066	True	-271	150M	255	4	3	0.09978204220533371	ambig_opp_strand	unspliced	3419	19	ENST00000710944.1	MALAT1	ENSG00000251562.11	mrna
A00839:75:H7MFFDSXY:3:2310:26793:25911	chr11	65505944	65506093	True	-325	150M	255	0	3	0.516903281211853	ambig_opp_strand	unspliced	3419	6	ENST00000618132.2	MALAT1	ENSG00000251562.11	mrna
A00839:75:H7MFFDSXY:3:2274:25075:32863	chr11	65501899	65502040	False	142	142M	255	1	9	0.9336051940917969	ambig_opp_strand	unspliced	3419	20	ENST00000698129.1	TALAM1	ENSG00000289740.1	mrna
A00839:75:H7MFFDSXY:3:2671:6460:20729	chr11	65501933	65502082	True	-195	150M	255	0	3	0.5410177111625671	ambig_opp_strand	unspliced	3419	20	ENST00000618132.2	MALAT1	ENSG00000251562.11	mrna
A00839:75:H7MFFDSXY:3:2365:17499:19179	chr11	65500793	65500942	True	-296	150M	255	0	3	0.07814051955938339	ambig_opp_strand	unspliced	3419	13	ENST00000710943.1	MALAT1	ENSG00000251562.11	mrna
A00839:75:H7MFFDSXY:3:2670:2917:22294	chr11	65501645	65501794	True	-155	150M	255	0	3	0.25944462418556213	ambig_opp_strand	unspliced	3419	18	ENST00000710862.1	MALAT1	ENSG00000251562.11	mrna
A00839:75:H7MFFDSXY:3:2532:29496:8140	chr11	65504575	65504724	False	320	150M	255	3	9	0.9051920771598816	ambig_opp_strand	unspliced	3419	19	ENST00000698129.1	TALAM1	ENSG00000289740.1	mrna
A00839:75:H7MFFDSXY:3:2530:6207:32440	chr11	65501416	65501565	True	-301	150M	255	0	3	0.5439271330833435	ambig_opp_strand	unspliced	3419	16	ENST00000618132.2	MALAT1	ENSG00000251562.11	mrna
A00839:75:H7MFFDSXY:3:1202:2166:8719	chr11	65501491	65501640	True	-212	150M	255	0	3	0.2598063349723816	ambig_opp_strand	unspliced	3419	17	ENST00000710862.1	MALAT1	ENSG00000251562.11	mrna
A00839:75:H7MFFDSXY:3:1101:16884:14262	chr11	65501403	65501552	True	-272	150M	255	0	3	0.5441465377807617	ambig_opp_strand	unspliced	3419	16	ENST00000618132.2	MALAT1	ENSG00000251562.11	mrna
A00839:75:H7MFFDSXY:3:1365:29252:31015	chr11	65503494	65503643	False	283	150M	255	0	9	0.9475975036621094	ambig_opp_strand	unspliced	3419	23	ENST00000698129.1	TALAM1	ENSG00000289740.1	mrna
A00839:75:H7MFFDSXY:3:1115:25256:14606	chr11	65506420	65506569	True	-185	150M	255	0	9	0.9811554551124573	ambig_opp_strand	unspliced	3419	3	ENST00000534336.3	MALAT1	ENSG00000251562.11	mrna
A00839:75:H7MFFDSXY:3:1213:16604:23829	chr11	65503277	65503426	True	-249	150M	255	0	3	0.5917953252792358	ambig_opp_strand	unspliced	3419	27	ENST00000618132.2	MALAT1	ENSG00000251562.11	mrna
A00839:75:H7MFFDSXY:3:1606:18322:7952	chr11	65505499	65505648	False	303	150M	255	0	9	0.9313483238220215	ambig_opp_strand	unspliced	3419	6	ENST00000698129.1	TALAM1	ENSG00000289740.1	mrna
A00839:75:H7MFFDSXY:3:1572:23276:23359	chr11	65500395	65500544	True	-168	150M	255	0	3	0.5394341349601746	ambig_opp_strand	unspliced	3419	26	ENST00000710935.1	MALAT1	ENSG00000251562.11	mrna
A00839:75:H7MFFDSXY:3:1363:18258:29669	chr11	65500560	65500709	False	334	150M	255	0	9	0.8702279925346375	ambig_opp_strand	unspliced	3419	13	ENST00000698129.1	TALAM1	ENSG00000289740.1	mrna
A00839:75:H7MFFDSXY:3:2371:9579:19586	chr11	65503738	65503887	True	-267	150M	255	0	3	0.5958666801452637	ambig_opp_strand	unspliced	3419	19	ENST00000618132.2	MALAT1	ENSG00000251562.11	mrna
A00839:75:H7MFFDSXY:3:1542:1036:7106	chr11	65504753	65504902	False	425	150M	255	0	5	0.5747297406196594	ambig_opp_strand	unspliced	-1	19	.	.	.	mrna
A00839:75:H7MFFDSXY:3:1155:3152:31751	chr11	65500596	65500745	False	314	150M	255	0	9	0.9049641489982605	ambig_opp_strand	unspliced	3419	13	ENST00000698129.1	TALAM1	ENSG00000289740.1	mrna
A00839:75:H7MFFDSXY:3:2423:24795:13870	chr11	65504916	65505065	True	-352	150M	255	0	3	0.36506351828575134	ambig_opp_strand	unspliced	3419	19	ENST00000618132.2	MALAT1	ENSG00000251562.11	mrna
A00839:75:H7MFFDSXY:3:1143:13386:5541	chr11	65503805	65503954	True	-387	150M	255	1	3	0.5852252840995789	ambig_opp_strand	unspliced	3419	17	ENST00000618132.2	MALAT1	ENSG00000251562.11	mrna
A00839:75:H7MFFDSXY:3:1419:2492:32205	chr11	65505644	65505793	True	-351	150M	255	0	3	0.21441739797592163	ambig_opp_strand	unspliced	3419	6	ENST00000710951.1	MALAT1	ENSG00000251562.11	mrna
A00839:75:H7MFFDSXY:3:1545:25635:26757	chr11	65505028	65505177	True	-291	150M	255	0	3	0.36613979935646057	ambig_opp_strand	unspliced	3419	19	ENST00000618132.2	MALAT1	ENSG00000251562.11	mrna
A00839:75:H7MFFDSXY:3:2426:21766:19586	chr11	65501584	65501733	True	-268	150M	255	0	3	0.25976523756980896	ambig_opp_strand	unspliced	3419	17	ENST00000710862.1	MALAT1	ENSG00000251562.11	mrna
A00839:75:H7MFFDSXY:3:1225:6976:28541	chr11	65500668	65503123	True	-2671	147M2306N3M	1	0	128	0.0	.	unknown	-1	0	.	.	.	mrna
A00839:75:H7MFFDSXY:3:2477:13829:9909	chr11	65501288	65501437	True	-341	150M	255	0	3	0.5405727624893188	ambig_opp_strand	unspliced	3419	16	ENST00000618132.2	MALAT1	ENSG00000251562.11	mrna
A00839:75:H7MFFDSXY:3:2323:5810:32910	chr11	65505765	65505914	True	-227	150M	255	0	3	0.5176127552986145	ambig_opp_strand	unspliced	3419	6	ENST00000618132.2	MALAT1	ENSG00000251562.11	mrna
A00839:75:H7MFFDSXY:3:1461:18159:3474	chr11	65500926	65501061	False	136	136M14S	255	2	3	0.03254104033112526	ambig_opp_strand	unspliced	3419	15	ENST00000710933.1	MALAT1	ENSG00000251562.11	mrna
A00839:75:H7MFFDSXY:3:1459:16405:15749	chr11	65500298	65500447	False	295	150M	255	0	9	0.9298649430274963	ambig_opp_strand	unspliced	3419	26	ENST00000698129.1	TALAM1	ENSG00000289740.1	mrna
A00839:75:H7MFFDSXY:3:1427:12129:8281	chr11	65505814	65505963	True	-260	150M	255	0	3	0.5175621509552002	ambig_opp_strand	unspliced	3419	6	ENST00000618132.2	MALAT1	ENSG00000251562.11	mrna
A00839:75:H7MFFDSXY:3:2618:15040:7905	chr11	65506158	65506307	False	333	150M	255	0	9	0.9108756184577942	ambig_opp_strand	unspliced	3419	3	ENST00000698129.1	TALAM1	ENSG00000289740.1	mrna
A00839:75:H7MFFDSXY:3:1309:24532:6433	chr11	65505840	65505989	True	-249	150M	255	0	3	0.24715638160705566	ambig_opp_strand	unspliced	3419	6	ENST00000710862.1	MALAT1	ENSG00000251562.11	mrna
A00839:75:H7MFFDSXY:3:2671:10276:9455	chr11	65502181	65502330	True	-450	150M	255	0	3	0.5216017961502075	ambig_opp_strand	unspliced	3419	20	ENST00000618132.2	MALAT1	ENSG00000251562.11	mrna
A00839:75:H7MFFDSXY:3:2270:26784:34475	chr11	65502773	65502922	False	418	150M	255	0	5	0.6338673830032349	ambig_opp_strand	unspliced	-1	16	.	.	.	mrna
A00839:75:H7MFFDSXY:3:2467:18792:3098	chr11	65503477	65503626	True	-374	150M	255	0	3	0.04769021272659302	ambig_opp_strand	unspliced	3419	24	ENST00000508832.3	MALAT1	ENSG00000251562.11	mrna
A00839:75:H7MFFDSXY:3:1347:28031:35352	chr11	65502753	65502902	True	-112	150M	255	3	3	0.8521347641944885	ambig_opp_strand	unspliced	3419	22	ENST00000618132.2	MALAT1	ENSG00000251562.11	mrna
A00839:75:H7MFFDSXY:3:1534:27064:15201	chr11	65505453	65505602	False	264	150M	255	0	9	0.9503584504127502	ambig_opp_strand	unspliced	3419	6	ENST00000698129.1	TALAM1	ENSG00000289740.1	mrna
A00839:75:H7MFFDSXY:3:1645:18349:3928	chr11	65500599	65500748	True	-291	150M	255	1	3	0.29154905676841736	ambig_opp_strand	unspliced	3419	27	ENST00000710935.1	MALAT1	ENSG00000251562.11	mrna
A00839:75:H7MFFDSXY:3:2328:13069:18584	chr11	65502259	65502408	True	-198	150M	255	0	3	0.9505441188812256	ambig_opp_strand	unspliced	3419	13	ENST00000618132.2	MALAT1	ENSG00000251562.11	mrna
A00839:75:H7MFFDSXY:3:1456:16721:11631	chr11	65500286	65500435	False	248	150M	255	0	9	0.9458962082862854	ambig_opp_strand	unspliced	3419	26	ENST00000698129.1	TALAM1	ENSG00000289740.1	mrna
A00839:75:H7MFFDSXY:3:1515:30346:1251	chr11	65504667	65504816	True	-343	150M	255	0	3	0.1161283478140831	ambig_opp_strand	unspliced	3419	20	ENST00000710944.1	MALAT1	ENSG00000251562.11	mrna
A00839:75:H7MFFDSXY:3:2333:14588:12352	chr11	65503292	65503441	True	-409	150M	255	0	3	0.020850399509072304	ambig_opp_strand	unspliced	3419	18	ENST00000710948.1	MALAT1	ENSG00000251562.11	mrna
A00839:75:H7MFFDSXY:3:2201:29767:28494	chr11	65505261	65505410	False	433	150M	255	0	5	0.5956166386604309	ambig_opp_strand	unspliced	-1	6	.	.	.	mrna
A00839:75:H7MFFDSXY:3:1559:16749:35978	chr11	65503616	65503765	False	223	150M	255	0	9	0.959450364112854	ambig_opp_strand	unspliced	3419	19	ENST00000698129.1	TALAM1	ENSG00000289740.1	mrna
A00839:75:H7MFFDSXY:3:1447:2293:10848	chr11	65502369	65502518	True	-370	150M	255	0	3	0.9300798177719116	ambig_opp_strand	unspliced	3419	11	ENST00000618132.2	MALAT1	ENSG00000251562.11	mrna
A00839:75:H7MFFDSXY:3:2351:2871:1986	chr11	65502505	65502653	False	196	149M	255	3	9	0.968368411064148	ambig_opp_strand	unspliced	3419	15	ENST00000698129.1	TALAM1	ENSG00000289740.1	mrna
A00839:75:H7MFFDSXY:3:2231:13747:27242	chr11	65503995	65504144	True	-387	150M	255	0	5	0.03488974645733833	ambig_opp_strand	unspliced	-1	17	.	.	.	mrna
A00839:75:H7MFFDSXY:3:1206:22462:11647	chr11	65500565	65500714	True	-254	150M	255	0	3	0.050421688705682755	ambig_opp_strand	unspliced	3419	27	ENST00000710943.1	MALAT1	ENSG00000251562.11	mrna
A00839:75:H7MFFDSXY:3:1405:27688:12399	chr11	65505715	65505864	False	359	150M	255	0	9	0.7516167163848877	ambig_opp_strand	unspliced	3419	6	ENST00000698129.1	TALAM1	ENSG00000289740.1	mrna
A00839:75:H7MFFDSXY:3:1217:29622:24831	chr11	65506181	65506330	False	413	150M	255	0	9	0.35539448261260986	ambig_opp_strand	unspliced	3419	3	ENST00000698129.1	TALAM1	ENSG00000289740.1	mrna
A00839:75:H7MFFDSXY:3:1312:10176:13510	chr11	65501879	65502028	False	355	150M	255	0	5	0.19461417198181152	ambig_opp_strand	unspliced	-1	20	.	.	.	mrna
A00839:75:H7MFFDSXY:3:1463:25961:36652	chr11	65501596	65501745	True	-267	150M	255	0	3	0.12368180602788925	ambig_opp_strand	unspliced	3419	17	ENST00000710943.1	MALAT1	ENSG00000251562.11	mrna
A00839:75:H7MFFDSXY:3:1564:9769:2942	chr11	65500997	65501147	False	201	12M1D138M	255	1	9	0.939459502696991	ambig_opp_strand	unspliced	3419	15	ENST00000698129.1	TALAM1	ENSG00000289740.1	mrna
A00839:75:H7MFFDSXY:3:2164:1081:27946	chr11	65500511	65500660	True	-414	150M	255	0	3	0.5236722826957703	ambig_opp_strand	unspliced	3419	26	ENST00000710935.1	MALAT1	ENSG00000251562.11	mrna
A00839:75:H7MFFDSXY:3:1175:2483:9079	chr11	65505814	65505963	True	-224	150M	255	0	3	0.5176134705543518	ambig_opp_strand	unspliced	3419	6	ENST00000618132.2	MALAT1	ENSG00000251562.11	mrna
A00839:75:H7MFFDSXY:3:1542:6931:24580	chr11	65500649	65500798	False	191	150M	255	0	9	0.9385097026824951	ambig_opp_strand	unspliced	3419	13	ENST00000698129.1	TALAM1	ENSG00000289740.1	mrna
A00839:75:H7MFFDSXY:3:2404:9182:14105	chr11	65506450	65506599	True	-351	150M	255	0	9	0.8076208233833313	ambig_opp_strand	unspliced	3419	3	ENST00000534336.3	MALAT1	ENSG00000251562.11	mrna
A00839:75:H7MFFDSXY:3:1302:19786:27085	chr11	65501542	65501691	False	277	150M	255	0	9	0.9474281668663025	ambig_opp_strand	unspliced	3419	18	ENST00000698129.1	TALAM1	ENSG00000289740.1	mrna
A00839:75:H7MFFDSXY:3:1248:7328:8140	chr11	65502582	65502731	False	572	150M	255	0	9	0.6081922650337219	ambig_opp_strand	unspliced	3419	11	ENST00000698129.1	TALAM1	ENSG00000289740.1	mrna
A00839:75:H7MFFDSXY:3:1603:9905:36808	chr11	65505834	65505975	True	-142	142M	255	0	3	0.517313539981842	ambig_opp_strand	unspliced	3419	6	ENST00000618132.2	MALAT1	ENSG00000251562.11	mrna
A00839:75:H7MFFDSXY:3:1334:22064:28526	chr11	65501278	65501427	False	172	150M	255	0	9	0.9516915678977966	ambig_opp_strand	unspliced	3419	17	ENST00000698129.1	TALAM1	ENSG00000289740.1	mrna
A00839:75:H7MFFDSXY:3:2158:7699:13103	chr11	65505192	65505341	False	429	150M	255	0	5	0.6008291840553284	ambig_opp_strand	unspliced	-1	8	.	.	.	mrna
A00839:75:H7MFFDSXY:3:2424:19587:1783	chr11	65505595	65505744	True	-314	150M	255	1	3	0.5171318054199219	ambig_opp_strand	unspliced	3419	6	ENST00000618132.2	MALAT1	ENSG00000251562.11	mrna
A00839:75:H7MFFDSXY:3:2602:15438:28228	chr11	65504462	65504611	False	457	150M	255	1	9	0.37256214022636414	ambig_opp_strand	unspliced	3419	19	ENST00000698129.1	TALAM1	ENSG00000289740.1	mrna
A00839:75:H7MFFDSXY:3:1540:21269:15029	chr11	65500599	65500748	True	-296	150M	255	0	3	0.10588159412145615	ambig_opp_strand	unspliced	3419	27	ENST00000710862.1	MALAT1	ENSG00000251562.11	mrna
A00839:75:H7MFFDSXY:3:1365:10719:27258	chr11	65502509	65502658	False	211	150M	255	0	9	0.9691691994667053	ambig_opp_strand	unspliced	3419	15	ENST00000698129.1	TALAM1	ENSG00000289740.1	mrna
A00839:75:H7MFFDSXY:3:1157:16016:14074	chr11	65505733	65505882	True	-215	150M	255	0	3	0.24665912985801697	ambig_opp_strand	unspliced	3419	7	ENST00000710862.1	MALAT1	ENSG00000251562.11	mrna
A00839:75:H7MFFDSXY:3:1629:10963:15311	chr11	65504420	65504569	True	-269	150M	255	0	3	0.7393182516098022	ambig_opp_strand	unspliced	3419	12	ENST00000710862.1	MALAT1	ENSG00000251562.11	mrna
A00839:75:H7MFFDSXY:3:1524:14552:29669	chr11	65505032	65505181	False	430	150M	255	0	5	0.6236433982849121	ambig_opp_strand	unspliced	-1	8	.	.	.	mrna
A00839:75:H7MFFDSXY:3:2549:25455:6684	chr11	65505638	65505787	False	302	150M	255	0	9	0.9319278001785278	ambig_opp_strand	unspliced	3419	6	ENST00000698129.1	TALAM1	ENSG00000289740.1	mrna
A00839:75:H7MFFDSXY:3:1129:22209:9956	chr11	65500248	65500397	True	-296	150M	255	0	3	0.5393000841140747	ambig_opp_strand	unspliced	3419	26	ENST00000710935.1	MALAT1	ENSG00000251562.11	mrna
A00839:75:H7MFFDSXY:3:1108:16161:30264	chr11	65500633	65500782	False	355	150M	255	0	9	0.7695131897926331	ambig_opp_strand	unspliced	3419	13	ENST00000698129.1	TALAM1	ENSG00000289740.1	mrna
A00839:75:H7MFFDSXY:3:2360:23249:30295	chr11	65503701	65503850	False	286	150M	255	0	9	0.9467701315879822	ambig_opp_strand	unspliced	3419	17	ENST00000698129.1	TALAM1	ENSG00000289740.1	mrna
A00839:75:H7MFFDSXY:3:2405:7518:28416	chr11	65506280	65506429	True	-283	150M	255	0	3	0.5120772123336792	ambig_opp_strand	unspliced	3419	5	ENST00000710862.1	MALAT1	ENSG00000251562.11	mrna
A00839:75:H7MFFDSXY:3:2264:17390:13228	chr11	65501987	65502136	True	-302	150M	255	0	3	0.5407000184059143	ambig_opp_strand	unspliced	3419	20	ENST00000618132.2	MALAT1	ENSG00000251562.11	mrna
A00839:75:H7MFFDSXY:3:1259:21712:25848	chr11	65504326	65504475	True	-212	150M	255	3	3	0.7396731972694397	ambig_opp_strand	unspliced	3419	12	ENST00000710862.1	MALAT1	ENSG00000251562.11	mrna
A00839:75:H7MFFDSXY:3:2162:26422:7075	chr11	65501938	65502087	True	-409	150M	255	0	3	0.11900397390127182	ambig_opp_strand	unspliced	3419	18	ENST00000710943.1	MALAT1	ENSG00000251562.11	mrna
A00839:75:H7MFFDSXY:3:1521:19877:13745	chr11	65504347	65504496	True	-260	150M	255	0	3	0.7394562363624573	ambig_opp_strand	unspliced	3419	12	ENST00000710862.1	MALAT1	ENSG00000251562.11	mrna
A00839:75:H7MFFDSXY:3:2203:12834:9251	chr11	65504082	65504231	False	342	150M	255	0	9	0.8724997043609619	ambig_opp_strand	unspliced	3419	12	ENST00000698129.1	TALAM1	ENSG00000289740.1	mrna
A00839:75:H7MFFDSXY:3:1177:6135:26334	chr11	65502185	65502334	False	294	150M	255	0	9	0.9517683386802673	ambig_opp_strand	unspliced	3419	12	ENST00000698129.1	TALAM1	ENSG00000289740.1	mrna
A00839:75:H7MFFDSXY:3:2153:5810:29904	chr11	65500110	65500259	False	308	150M	255	0	5	0.04227888584136963	ambig_opp_strand	unspliced	-1	26	.	.	.	mrna
A00839:75:H7MFFDSXY:3:1578:3522:9189	chr11	65502639	65502788	True	-252	150M	255	0	3	0.94683837890625	ambig_opp_strand	unspliced	3419	15	ENST00000618132.2	MALAT1	ENSG00000251562.11	mrna
A00839:75:H7MFFDSXY:3:1217:25816:33771	chr11	65501132	65501281	False	317	150M	255	0	9	0.9167110323905945	ambig_opp_strand	unspliced	3419	16	ENST00000698129.1	TALAM1	ENSG00000289740.1	mrna
A00839:75:H7MFFDSXY:3:2107:15935:13119	chr11	65500439	65500588	False	385	150M	255	0	5	0.5545129776000977	ambig_opp_strand	unspliced	-1	12	.	.	.	mrna
A00839:75:H7MFFDSXY:3:2304:31828:36980	chr11	65502657	65502806	True	-331	150M	255	0	3	0.9439671039581299	ambig_opp_strand	unspliced	3419	15	ENST00000618132.2	MALAT1	ENSG00000251562.11	mrna
A00839:75:H7MFFDSXY:3:2149:32045:25300	chr11	65506202	65506351	False	392	150M	255	0	9	0.39013150334358215	ambig_opp_strand	unspliced	3419	3	ENST00000698129.1	TALAM1	ENSG00000289740.1	mrna
A00839:75:H7MFFDSXY:3:1160:12915:1752	chr11	65504627	65504776	False	359	150M	255	0	9	0.7476618885993958	ambig_opp_strand	unspliced	3419	19	ENST00000698129.1	TALAM1	ENSG00000289740.1	mrna
A00839:75:H7MFFDSXY:3:1263:9598:11506	chr11	65503465	65503614	False	395	150M	255	0	5	0.6152376532554626	ambig_opp_strand	unspliced	-1	19	.	.	.	mrna
A00839:75:H7MFFDSXY:3:1501:30490:19382	chr11	65504507	65504656	False	263	150M	255	0	9	0.9443668723106384	ambig_opp_strand	unspliced	3419	20	ENST00000698129.1	TALAM1	ENSG00000289740.1	mrna
A00839:75:H7MFFDSXY:3:1655:11333:12383	chr11	65505080	65505229	True	-487	150M	255	0	3	0.14917607605457306	ambig_opp_strand	unspliced	3419	19	ENST00000710951.1	MALAT1	ENSG00000251562.11	mrna
A00839:75:H7MFFDSXY:3:1663:29170:7701	chr11	65500902	65501051	False	340	150M	255	1	9	0.8760160803794861	ambig_opp_strand	unspliced	3419	11	ENST00000698129.1	TALAM1	ENSG00000289740.1	mrna
A00839:75:H7MFFDSXY:3:2310:15519:26647	chr11	65503953	65504102	True	-459	150M	255	0	3	0.27730560302734375	ambig_opp_strand	unspliced	3419	17	ENST00000710862.1	MALAT1	ENSG00000251562.11	mrna
A00839:75:H7MFFDSXY:3:2508:21884:33786	chr11	65503337	65503486	True	-355	150M	255	1	9	0.022219963371753693	ambig_opp_strand	unspliced	3419	27	ENST00000534336.3	MALAT1	ENSG00000251562.11	mrna
A00839:75:H7MFFDSXY:3:2663:26603:25614	chr11	65504845	65504994	False	190	150M	255	0	9	0.9412515759468079	ambig_opp_strand	unspliced	3419	19	ENST00000698129.1	TALAM1	ENSG00000289740.1	mrna
A00839:75:H7MFFDSXY:3:1476:9435:35681	chr11	65505979	65506130	False	152	119M4D29M	255	4	9	0.9574283361434937	ambig_opp_strand	unspliced	3419	5	ENST00000698129.1	TALAM1	ENSG00000289740.1	mrna
A00839:75:H7MFFDSXY:3:1251:21441:22811	chr11	65503785	65503934	False	280	150M	255	0	9	0.9495628476142883	ambig_opp_strand	unspliced	3419	17	ENST00000698129.1	TALAM1	ENSG00000289740.1	mrna
A00839:75:H7MFFDSXY:3:1323:17363:35540	chr11	65500980	65501129	True	-295	150M	255	0	3	0.7120990753173828	ambig_opp_strand	unspliced	3419	13	ENST00000710933.1	MALAT1	ENSG00000251562.11	mrna
A00839:75:H7MFFDSXY:3:2227:12201:3834	chr11	65504932	65505081	True	-297	150M	255	0	3	0.36611416935920715	ambig_opp_strand	unspliced	3419	19	ENST00000618132.2	MALAT1	ENSG00000251562.11	mrna
A00839:75:H7MFFDSXY:3:2356:31593:7169	chr11	65505447	65505596	False	158	150M	255	0	9	0.9447711110115051	ambig_opp_strand	unspliced	3419	8	ENST00000698129.1	TALAM1	ENSG00000289740.1	mrna
A00839:75:H7MFFDSXY:3:1341:15962:33552	chr11	65506327	65506476	True	-271	150M	255	0	9	0.9752935767173767	ambig_opp_strand	unspliced	3419	3	ENST00000534336.3	MALAT1	ENSG00000251562.11	mrna
A00839:75:H7MFFDSXY:3:1651:23312:6637	chr11	65500514	65500663	False	369	150M	255	0	9	0.6408773064613342	ambig_opp_strand	unspliced	3419	13	ENST00000698129.1	TALAM1	ENSG00000289740.1	mrna
A00839:75:H7MFFDSXY:3:1220:30987:21590	chr11	65505403	65505552	True	-427	150M	255	0	3	0.23744753003120422	ambig_opp_strand	unspliced	3419	8	ENST00000710862.1	MALAT1	ENSG00000251562.11	mrna
A00839:75:H7MFFDSXY:3:1428:16731:25050	chr11	65505531	65505680	False	220	150M	255	0	9	0.9552997946739197	ambig_opp_strand	unspliced	3419	6	ENST00000698129.1	TALAM1	ENSG00000289740.1	mrna
A00839:75:H7MFFDSXY:3:2401:19072:8030	chr11	65501513	65501662	True	-493	150M	255	1	3	0.5256633758544922	ambig_opp_strand	unspliced	3419	15	ENST00000618132.2	MALAT1	ENSG00000251562.11	mrna
A00839:75:H7MFFDSXY:3:2473:6967:24518	chr11	65504609	65504758	False	336	150M	255	0	9	0.8724691867828369	ambig_opp_strand	unspliced	3419	19	ENST00000698129.1	TALAM1	ENSG00000289740.1	mrna
A00839:75:H7MFFDSXY:3:1239:32470:4836	chr11	65505328	65505477	True	-292	150M	255	0	3	0.21414844691753387	ambig_opp_strand	unspliced	3419	8	ENST00000710951.1	MALAT1	ENSG00000251562.11	mrna
A00839:75:H7MFFDSXY:3:1126:22318:1282	chr11	65505632	65505781	False	434	150M	255	0	9	0.36746421456336975	ambig_opp_strand	unspliced	3419	6	ENST00000698129.1	TALAM1	ENSG00000289740.1	mrna
A00839:75:H7MFFDSXY:3:1158:4869:27430	chr11	65504472	65504621	True	-245	150M	255	0	3	0.42721107602119446	ambig_opp_strand	unspliced	3419	20	ENST00000618132.2	MALAT1	ENSG00000251562.11	mrna
A00839:75:H7MFFDSXY:3:2109:5620:1391	chr11	65503153	65503302	False	313	150M	255	1	9	0.9241946935653687	ambig_opp_strand	unspliced	3419	27	ENST00000698129.1	TALAM1	ENSG00000289740.1	mrna
A00839:75:H7MFFDSXY:3:2602:7120:32424	chr11	65506157	65506306	False	267	150M	255	0	9	0.9651451110839844	ambig_opp_strand	unspliced	3419	5	ENST00000698129.1	TALAM1	ENSG00000289740.1	mrna
A00839:75:H7MFFDSXY:3:2336:18403:28447	chr11	65500586	65500735	False	193	150M	255	0	9	0.915045976638794	ambig_opp_strand	unspliced	3419	27	ENST00000698129.1	TALAM1	ENSG00000289740.1	mrna
A00839:75:H7MFFDSXY:3:2525:30490:35164	chr11	65505460	65505609	True	-283	150M	255	0	3	0.5147865414619446	ambig_opp_strand	unspliced	3419	8	ENST00000618132.2	MALAT1	ENSG00000251562.11	mrna
A00839:75:H7MFFDSXY:3:2627:11523:11960	chr11	65500804	65500953	False	342	150M	255	0	9	0.8437523245811462	ambig_opp_strand	unspliced	3419	13	ENST00000698129.1	TALAM1	ENSG00000289740.1	mrna
A00839:75:H7MFFDSXY:3:1574:22471:8312	chr11	65504150	65504298	True	-298	149M	255	1	3	0.7385736107826233	ambig_opp_strand	unspliced	3419	12	ENST00000710862.1	MALAT1	ENSG00000251562.11	mrna
A00839:75:H7MFFDSXY:3:2263:18765:24940	chr11	65505148	65505297	False	328	150M	255	0	9	0.897104024887085	ambig_opp_strand	unspliced	3419	8	ENST00000698129.1	TALAM1	ENSG00000289740.1	mrna
A00839:75:H7MFFDSXY:3:2358:2908:18959	chr11	65503119	65503268	False	256	150M	255	0	9	0.9562311768531799	ambig_opp_strand	unspliced	3419	23	ENST00000698129.1	TALAM1	ENSG00000289740.1	mrna
A00839:75:H7MFFDSXY:3:2512:22887:9752	chr11	65502786	65502935	True	-420	150M	255	1	3	0.8934582471847534	ambig_opp_strand	unspliced	3419	15	ENST00000618132.2	MALAT1	ENSG00000251562.11	mrna
A00839:75:H7MFFDSXY:3:1129:5864:18067	chr11	65503751	65503900	True	-165	150M	255	0	3	0.5341988205909729	ambig_opp_strand	unspliced	3419	20	ENST00000618132.2	MALAT1	ENSG00000251562.11	mrna
A00839:75:H7MFFDSXY:3:2477:15881:34788	chr11	65502214	65502363	True	-398	150M	255	0	3	0.5218738913536072	ambig_opp_strand	unspliced	3419	21	ENST00000618132.2	MALAT1	ENSG00000251562.11	mrna
A00839:75:H7MFFDSXY:3:1507:30906:21073	chr11	65504326	65504475	True	-304	150M	255	0	3	0.7382735013961792	ambig_opp_strand	unspliced	3419	12	ENST00000710862.1	MALAT1	ENSG00000251562.11	mrna
A00839:75:H7MFFDSXY:3:2655:3224:34319	chr11	65503340	65503489	True	-291	150M	255	0	3	0.2824799120426178	ambig_opp_strand	unspliced	3419	27	ENST00000710862.1	MALAT1	ENSG00000251562.11	mrna
A00839:75:H7MFFDSXY:3:1258:21314:15608	chr11	65505539	65505688	True	-177	150M	255	0	3	0.5175672173500061	ambig_opp_strand	unspliced	3419	6	ENST00000618132.2	MALAT1	ENSG00000251562.11	mrna
A00839:75:H7MFFDSXY:3:2243:1199:36260	chr11	65504025	65504174	True	-414	150M	255	0	3	0.5802609324455261	ambig_opp_strand	unspliced	3419	17	ENST00000618132.2	MALAT1	ENSG00000251562.11	mrna
A00839:75:H7MFFDSXY:3:1471:5529:13542	chr11	65503708	65503857	False	322	150M	255	0	9	0.9117739796638489	ambig_opp_strand	unspliced	3419	17	ENST00000698129.1	TALAM1	ENSG00000289740.1	mrna
A00839:75:H7MFFDSXY:3:1175:10493:3818	chr11	65504303	65504452	False	288	150M	255	0	9	0.9619946479797363	ambig_opp_strand	unspliced	3419	12	ENST00000698129.1	TALAM1	ENSG00000289740.1	mrna
A00839:75:H7MFFDSXY:3:1347:11406:32362	chr11	65500655	65500804	True	-157	150M	255	0	3	0.48894020915031433	ambig_opp_strand	unspliced	3419	26	ENST00000710933.1	MALAT1	ENSG00000251562.11	mrna
A00839:75:H7MFFDSXY:3:2329:10981:30248	chr11	65502287	65502436	False	211	150M	255	0	9	0.9692378044128418	ambig_opp_strand	unspliced	3419	12	ENST00000698129.1	TALAM1	ENSG00000289740.1	mrna
A00839:75:H7MFFDSXY:3:1519:22950:18912	chr11	65505953	65506102	False	183	150M	255	0	9	0.9684848189353943	ambig_opp_strand	unspliced	3419	5	ENST00000698129.1	TALAM1	ENSG00000289740.1	mrna
A00839:75:H7MFFDSXY:3:1371:27236:24298	chr11	65505785	65505934	True	-347	150M	255	0	3	0.5157589316368103	ambig_opp_strand	unspliced	3419	6	ENST00000618132.2	MALAT1	ENSG00000251562.11	mrna
A00839:75:H7MFFDSXY:3:2201:18493:31767	chr11	65505654	65505803	False	284	150M	255	0	9	0.9434143900871277	ambig_opp_strand	unspliced	3419	6	ENST00000698129.1	TALAM1	ENSG00000289740.1	mrna
A00839:75:H7MFFDSXY:3:1164:23222:22921	chr11	65504142	65504291	True	-334	150M	255	1	3	0.7354386448860168	ambig_opp_strand	unspliced	3419	12	ENST00000710862.1	MALAT1	ENSG00000251562.11	mrna
A00839:75:H7MFFDSXY:3:1161:29604:2284	chr11	65500055	65500204	False	255	150M	255	0	9	0.9445281028747559	ambig_opp_strand	unspliced	3419	26	ENST00000698129.1	TALAM1	ENSG00000289740.1	mrna
A00839:75:H7MFFDSXY:3:2108:21884:23766	chr11	65504789	65504938	False	413	150M	255	1	5	0.6339089870452881	ambig_opp_strand	unspliced	-1	19	.	.	.	mrna
A00839:75:H7MFFDSXY:3:2666:9733:26052	chr11	65500986	65501135	True	-512	150M	255	0	3	0.7064197659492493	ambig_opp_strand	spliced_implicit	3419	12	ENST00000710933.1	MALAT1	ENSG00000251562.11	mrna
A00839:75:H7MFFDSXY:3:2362:28348:23500	chr11	65505722	65505871	False	195	150M	255	0	5	0.014095115475356579	ambig_opp_strand	unspliced	-1	6	.	.	.	mrna
A00839:75:H7MFFDSXY:3:1435:3360:30013	chr11	65504160	65504309	False	441	150M	255	0	9	0.37102562189102173	ambig_opp_strand	unspliced	3419	11	ENST00000698129.1	TALAM1	ENSG00000289740.1	mrna
A00839:75:H7MFFDSXY:3:1339:4942:12273	chr11	65502783	65502932	False	160	150M	255	0	9	0.9582419991493225	ambig_opp_strand	unspliced	3419	22	ENST00000698129.1	TALAM1	ENSG00000289740.1	mrna
A00839:75:H7MFFDSXY:3:1614:15275:23688	chr11	65502753	65502902	True	-361	150M	255	0	3	0.9350050091743469	ambig_opp_strand	unspliced	3419	15	ENST00000618132.2	MALAT1	ENSG00000251562.11	mrna
A00839:75:H7MFFDSXY:3:1432:8196:21919	chr11	65504475	65504624	True	-366	150M	255	0	3	0.12374379485845566	ambig_opp_strand	unspliced	3419	11	ENST00000508832.3	MALAT1	ENSG00000251562.11	mrna
A00839:75:H7MFFDSXY:3:2648:7283:9878	chr11	65503822	65503971	True	-187	150M	255	0	3	0.6061314344406128	ambig_opp_strand	unspliced	3419	17	ENST00000618132.2	MALAT1	ENSG00000251562.11	mrna
A00839:75:H7MFFDSXY:3:1132:7111:23453	chr11	65503097	65503246	False	224	150M	255	0	5	0.013055558316409588	ambig_opp_strand	unspliced	-1	18	.	.	.	mrna
A00839:75:H7MFFDSXY:3:2555:4689:2879	chr11	65500029	65500178	False	275	150M	255	1	9	0.9389809966087341	ambig_opp_strand	unspliced	3419	26	ENST00000698129.1	TALAM1	ENSG00000289740.1	mrna
A00839:75:H7MFFDSXY:3:2166:15600:13197	chr11	65501845	65501994	True	-180	150M	255	1	3	0.5409932136535645	ambig_opp_strand	unspliced	3419	20	ENST00000618132.2	MALAT1	ENSG00000251562.11	mrna
A00839:75:H7MFFDSXY:3:1633:13530:19194	chr11	65500543	65500692	True	-266	150M	255	0	3	0.1058964729309082	ambig_opp_strand	unspliced	3419	27	ENST00000710862.1	MALAT1	ENSG00000251562.11	mrna
A00839:75:H7MFFDSXY:3:2373:24316:34115	chr11	65501202	65501350	False	361	32M1I117M	255	2	9	0.738307535648346	ambig_opp_strand	unspliced	3419	15	ENST00000698129.1	TALAM1	ENSG00000289740.1	mrna
A00839:75:H7MFFDSXY:3:1656:19072:25222	chr11	65500727	65500876	False	271	150M	255	0	9	0.9333493113517761	ambig_opp_strand	unspliced	3419	13	ENST00000698129.1	TALAM1	ENSG00000289740.1	mrna
A00839:75:H7MFFDSXY:3:1609:25970:14685	chr11	65504721	65504870	False	344	150M	255	0	5	0.12698489427566528	ambig_opp_strand	unspliced	-1	19	.	.	.	mrna
A00839:75:H7MFFDSXY:3:1233:8730:33739	chr11	65502551	65502700	True	-313	150M	255	0	3	0.9490119218826294	ambig_opp_strand	unspliced	3419	13	ENST00000618132.2	MALAT1	ENSG00000251562.11	mrna
A00839:75:H7MFFDSXY:3:1611:28212:12117	chr11	65502993	65503142	False	357	150M	255	0	9	0.7767553925514221	ambig_opp_strand	unspliced	3419	18	ENST00000698129.1	TALAM1	ENSG00000289740.1	mrna
A00839:75:H7MFFDSXY:3:2656:8603:9846	chr11	65500474	65500623	True	-307	150M	255	1	3	0.1117447018623352	ambig_opp_strand	unspliced	3419	26	ENST00000710944.1	MALAT1	ENSG00000251562.11	mrna
A00839:75:H7MFFDSXY:3:1157:18557:11741	chr11	65504333	65504482	True	-222	150M	255	0	3	0.12649941444396973	ambig_opp_strand	unspliced	3419	12	ENST00000508832.3	MALAT1	ENSG00000251562.11	mrna
A00839:75:H7MFFDSXY:3:2408:29315:29590	chr11	65504382	65504531	False	340	150M	255	0	5	0.10887125134468079	ambig_opp_strand	unspliced	-1	20	.	.	.	mrna
A00839:75:H7MFFDSXY:3:1538:6207:5102	chr11	65505633	65505780	False	293	148M2S	255	0	9	0.9389846920967102	ambig_opp_strand	unspliced	3419	6	ENST00000698129.1	TALAM1	ENSG00000289740.1	mrna
A00839:75:H7MFFDSXY:3:1515:30382:12994	chr11	65504037	65504186	True	-269	150M	255	0	3	0.2893964648246765	ambig_opp_strand	unspliced	3419	17	ENST00000710862.1	MALAT1	ENSG00000251562.11	mrna
A00839:75:H7MFFDSXY:3:1152:30454:31281	chr11	65505824	65505973	False	306	150M	255	0	9	0.9433912038803101	ambig_opp_strand	unspliced	3419	5	ENST00000698129.1	TALAM1	ENSG00000289740.1	mrna
A00839:75:H7MFFDSXY:3:1351:26919:32894	chr11	65503925	65504074	False	389	150M	255	0	5	0.6174671053886414	ambig_opp_strand	unspliced	-1	12	.	.	.	mrna
A00839:75:H7MFFDSXY:3:2149:17481:3333	chr11	65504514	65504663	True	-206	150M	255	0	3	0.4272182285785675	ambig_opp_strand	unspliced	3419	20	ENST00000618132.2	MALAT1	ENSG00000251562.11	mrna
A00839:75:H7MFFDSXY:3:1430:12011:17033	chr11	65505545	65505694	False	291	150M	255	0	9	0.9401655793190002	ambig_opp_strand	unspliced	3419	6	ENST00000698129.1	TALAM1	ENSG00000289740.1	mrna
A00839:75:H7MFFDSXY:3:1576:15022:20337	chr11	65502093	65502242	False	344	150M	255	0	9	0.8543977737426758	ambig_opp_strand	unspliced	3419	11	ENST00000698129.1	TALAM1	ENSG00000289740.1	mrna
A00839:75:H7MFFDSXY:3:2643:28836:25535	chr11	65505722	65505871	False	248	150M	255	0	9	0.953759491443634	ambig_opp_strand	unspliced	3419	6	ENST00000698129.1	TALAM1	ENSG00000289740.1	mrna
A00839:75:H7MFFDSXY:3:2311:10737:28886	chr11	65500419	65500568	True	-257	150M	255	0	3	0.09328445792198181	ambig_opp_strand	unspliced	3419	26	ENST00000710943.1	MALAT1	ENSG00000251562.11	mrna
A00839:75:H7MFFDSXY:3:2615:25211:37043	chr11	65505504	65505653	False	250	150M	255	1	9	0.9535829424858093	ambig_opp_strand	unspliced	3419	6	ENST00000698129.1	TALAM1	ENSG00000289740.1	mrna
A00839:75:H7MFFDSXY:3:1530:11930:10567	chr11	65506167	65506316	False	305	150M	255	0	9	0.9586519002914429	ambig_opp_strand	unspliced	3419	3	ENST00000698129.1	TALAM1	ENSG00000289740.1	mrna
A00839:75:H7MFFDSXY:3:2512:32027:4288	chr11	65500871	65501022	False	218	138M2D12M	255	2	9	0.9401742219924927	ambig_opp_strand	unspliced	3419	13	ENST00000698129.1	TALAM1	ENSG00000289740.1	mrna
A00839:75:H7MFFDSXY:3:1470:24786:29637	chr11	65505442	65505591	False	270	150M	255	0	9	0.9485552906990051	ambig_opp_strand	unspliced	3419	6	ENST00000698129.1	TALAM1	ENSG00000289740.1	mrna
A00839:75:H7MFFDSXY:3:2457:8811:23578	chr11	65504605	65504754	True	-310	150M	255	0	3	0.426941841840744	ambig_opp_strand	unspliced	3419	20	ENST00000618132.2	MALAT1	ENSG00000251562.11	mrna
A00839:75:H7MFFDSXY:3:1375:21576:14278	chr11	65502573	65502722	True	-229	150M	255	2	3	0.9469150304794312	ambig_opp_strand	unspliced	3419	15	ENST00000618132.2	MALAT1	ENSG00000251562.11	mrna
A00839:75:H7MFFDSXY:3:2262:12292:27508	chr11	65500282	65500431	False	253	150M	255	0	9	0.9450349807739258	ambig_opp_strand	unspliced	3419	26	ENST00000698129.1	TALAM1	ENSG00000289740.1	mrna
A00839:75:H7MFFDSXY:3:2356:12138:3693	chr11	65505463	65505612	False	284	150M	255	0	9	0.9434143900871277	ambig_opp_strand	unspliced	3419	6	ENST00000698129.1	TALAM1	ENSG00000289740.1	mrna
A00839:75:H7MFFDSXY:3:2577:24433:30154	chr11	65502293	65502441	False	227	143M1I6M	255	1	3	0.016724400222301483	ambig_opp_strand	unspliced	3419	14	ENST00000618132.2	MALAT1	ENSG00000251562.11	mrna
A00839:75:H7MFFDSXY:3:2138:12906:20901	chr11	65500851	65501000	False	473	150M	255	0	5	0.6108092665672302	ambig_opp_strand	unspliced	-1	11	.	.	.	mrna
A00839:75:H7MFFDSXY:3:1263:30508:10081	chr11	65502657	65502806	True	-439	150M	255	0	3	0.8889830112457275	ambig_opp_strand	unspliced	3419	13	ENST00000618132.2	MALAT1	ENSG00000251562.11	mrna
A00839:75:H7MFFDSXY:3:1118:4553:18521	chr11	65500846	65500995	False	289	150M	255	0	9	0.9264835119247437	ambig_opp_strand	unspliced	3419	13	ENST00000698129.1	TALAM1	ENSG00000289740.1	mrna
A00839:75:H7MFFDSXY:3:1314:1470:20196	chr11	65503245	65503394	True	-305	150M	255	0	3	0.8351455926895142	ambig_opp_strand	unspliced	3419	18	ENST00000618132.2	MALAT1	ENSG00000251562.11	mrna
A00839:75:H7MFFDSXY:3:1616:6967:20572	chr11	65501683	65501832	True	-445	150M	255	0	3	0.5284334421157837	ambig_opp_strand	unspliced	3419	16	ENST00000618132.2	MALAT1	ENSG00000251562.11	mrna
A00839:75:H7MFFDSXY:3:2321:28113:12414	chr11	65502759	65502908	True	-365	150M	255	0	9	0.035212691873311996	ambig_opp_strand	unspliced	3419	15	ENST00000534336.3	MALAT1	ENSG00000251562.11	mrna
A00839:75:H7MFFDSXY:3:1433:4209:27258	chr11	65504968	65505117	False	236	150M	255	0	9	0.9424346685409546	ambig_opp_strand	unspliced	3419	19	ENST00000698129.1	TALAM1	ENSG00000289740.1	mrna
A00839:75:H7MFFDSXY:3:2150:7663:24095	chr11	65506569	65506718	True	-477	150M	255	0	5	0.6145472526550293	ambig_opp_strand	unspliced	-1	3	.	.	.	mrna
A00839:75:H7MFFDSXY:3:1672:23782:11490	chr11	65501581	65501730	True	-428	150M	255	1	3	0.5244372487068176	ambig_opp_strand	unspliced	3419	16	ENST00000618132.2	MALAT1	ENSG00000251562.11	mrna
A00839:75:H7MFFDSXY:3:2431:10845:20118	chr11	65500512	65500661	False	311	150M	255	0	9	0.9085817337036133	ambig_opp_strand	unspliced	3419	13	ENST00000698129.1	TALAM1	ENSG00000289740.1	mrna
A00839:75:H7MFFDSXY:3:2437:14253:4726	chr11	65500511	65500660	False	196	150M	255	0	9	0.9155460596084595	ambig_opp_strand	unspliced	3419	27	ENST00000698129.1	TALAM1	ENSG00000289740.1	mrna
A00839:75:H7MFFDSXY:3:1326:31421:30733	chr11	65504795	65504944	False	236	150M	255	0	9	0.9424346685409546	ambig_opp_strand	unspliced	3419	19	ENST00000698129.1	TALAM1	ENSG00000289740.1	mrna
A00839:75:H7MFFDSXY:3:1171:16893:35790	chr11	65501583	65501732	True	-178	150M	255	0	3	0.25950220227241516	ambig_opp_strand	unspliced	3419	18	ENST00000710862.1	MALAT1	ENSG00000251562.11	mrna
A00839:75:H7MFFDSXY:3:2577:26286:22592	chr11	65504859	65505008	True	-170	150M	255	0	3	0.07012761384248734	ambig_opp_strand	unspliced	3419	22	ENST00000710949.1	MALAT1	ENSG00000251562.11	mrna
A00839:75:H7MFFDSXY:3:1323:8368:6151	chr11	65502100	65502249	False	180	150M	255	0	9	0.9536673426628113	ambig_opp_strand	unspliced	3419	21	ENST00000698129.1	TALAM1	ENSG00000289740.1	mrna
A00839:75:H7MFFDSXY:3:2162:6632:36558	chr11	65503674	65503823	False	270	150M	255	1	9	0.952957272529602	ambig_opp_strand	unspliced	3419	17	ENST00000698129.1	TALAM1	ENSG00000289740.1	mrna
A00839:75:H7MFFDSXY:3:2543:3360:33270	chr11	65506573	65506722	True	-349	150M	255	0	9	0.818324625492096	ambig_opp_strand	unspliced	3419	3	ENST00000534336.3	MALAT1	ENSG00000251562.11	mrna
A00839:75:H7MFFDSXY:3:2309:28772:17722	chr11	65505134	65505283	True	-458	150M	255	0	3	0.06930957734584808	ambig_opp_strand	unspliced	3419	15	ENST00000710949.1	MALAT1	ENSG00000251562.11	mrna
A00839:75:H7MFFDSXY:3:2142:9326:11193	chr11	65503771	65503920	False	381	150M	255	2	5	0.49118146300315857	ambig_opp_strand	unspliced	-1	17	.	.	.	mrna
A00839:75:H7MFFDSXY:3:1266:20166:36511	chr11	65505502	65505651	True	-567	150M	255	0	3	0.5144100189208984	ambig_opp_strand	spliced_implicit	3419	8	ENST00000618132.2	MALAT1	ENSG00000251562.11	mrna
A00839:75:H7MFFDSXY:3:2342:9986:19413	chr11	65502771	65502920	False	452	150M	255	0	9	0.36151227355003357	ambig_opp_strand	unspliced	3419	16	ENST00000698129.1	TALAM1	ENSG00000289740.1	mrna
A00839:75:H7MFFDSXY:3:1556:27425:33677	chr11	65505480	65505629	False	270	150M	255	1	9	0.9485552906990051	ambig_opp_strand	unspliced	3419	6	ENST00000698129.1	TALAM1	ENSG00000289740.1	mrna
A00839:75:H7MFFDSXY:3:1448:28212:33098	chr11	65500480	65500629	True	-392	150M	255	0	3	0.5249729156494141	ambig_opp_strand	unspliced	3419	26	ENST00000710935.1	MALAT1	ENSG00000251562.11	mrna
A00839:75:H7MFFDSXY:3:1618:13340:16767	chr11	65501559	65501708	False	307	150M	255	0	9	0.92857426404953	ambig_opp_strand	unspliced	3419	18	ENST00000698129.1	TALAM1	ENSG00000289740.1	mrna
A00839:75:H7MFFDSXY:3:1250:17300:35744	chr11	65506468	65506617	True	-289	150M	255	0	9	0.9666675925254822	ambig_opp_strand	unspliced	3419	3	ENST00000534336.3	MALAT1	ENSG00000251562.11	mrna
A00839:75:H7MFFDSXY:3:2574:25382:17581	chr11	65504830	65504979	False	279	150M	255	0	9	0.9333145618438721	ambig_opp_strand	unspliced	3419	19	ENST00000698129.1	TALAM1	ENSG00000289740.1	mrna
A00839:75:H7MFFDSXY:3:2210:28339:5948	chr11	65504348	65504497	False	473	150M	255	0	9	0.3798738420009613	ambig_opp_strand	unspliced	3419	20	ENST00000698129.1	TALAM1	ENSG00000289740.1	mrna
A00839:75:H7MFFDSXY:3:1331:15727:19179	chr11	65500165	65500314	False	255	150M	255	0	9	0.9445281624794006	ambig_opp_strand	unspliced	3419	26	ENST00000698129.1	TALAM1	ENSG00000289740.1	mrna
A00839:75:H7MFFDSXY:3:2520:17743:35415	chr11	65502748	65502897	True	-289	150M	255	0	3	0.9463128447532654	ambig_opp_strand	unspliced	3419	15	ENST00000618132.2	MALAT1	ENSG00000251562.11	mrna
A00839:75:H7MFFDSXY:3:2424:12246:21543	chr11	65501052	65501201	True	-260	150M	255	0	3	0.028043171390891075	ambig_opp_strand	unspliced	3419	15	ENST00000508832.3	MALAT1	ENSG00000251562.11	mrna
A00839:75:H7MFFDSXY:3:1136:21929:10911	chr11	65503785	65503934	True	-421	150M	255	0	3	0.5787213444709778	ambig_opp_strand	unspliced	3419	17	ENST00000618132.2	MALAT1	ENSG00000251562.11	mrna
A00839:75:H7MFFDSXY:3:1252:1407:17425	chr11	65504101	65504250	True	-159	150M	255	0	3	0.1264098584651947	ambig_opp_strand	unspliced	3419	12	ENST00000508832.3	MALAT1	ENSG00000251562.11	mrna
A00839:75:H7MFFDSXY:3:1316:29875:16658	chr11	65500686	65500835	False	483	150M	255	0	5	0.5814181566238403	ambig_opp_strand	unspliced	-1	13	.	.	.	mrna
A00839:75:H7MFFDSXY:3:2102:25437:20494	chr11	65500031	65500180	False	312	150M	255	0	9	0.9137489199638367	ambig_opp_strand	unspliced	3419	26	ENST00000698129.1	TALAM1	ENSG00000289740.1	mrna
A00839:75:H7MFFDSXY:3:1105:25771:18223	chr11	65504745	65504894	True	-448	150M	255	0	3	0.41556596755981445	ambig_opp_strand	unspliced	3419	19	ENST00000618132.2	MALAT1	ENSG00000251562.11	mrna
A00839:75:H7MFFDSXY:3:1165:23999:32064	chr11	65501732	65501881	False	182	150M	255	0	9	0.953883171081543	ambig_opp_strand	unspliced	3419	19	ENST00000698129.1	TALAM1	ENSG00000289740.1	mrna
A00839:75:H7MFFDSXY:3:2164:9661:22889	chr11	65503166	65503315	False	279	150M	255	0	9	0.9492242932319641	ambig_opp_strand	unspliced	3419	27	ENST00000698129.1	TALAM1	ENSG00000289740.1	mrna
A00839:75:H7MFFDSXY:3:1658:31548:24909	chr11	65504836	65504985	False	314	150M	255	0	9	0.9074895977973938	ambig_opp_strand	unspliced	3419	19	ENST00000698129.1	TALAM1	ENSG00000289740.1	mrna
A00839:75:H7MFFDSXY:3:2111:26955:3114	chr11	65503782	65503931	False	433	150M	255	0	9	0.39477112889289856	ambig_opp_strand	unspliced	3419	12	ENST00000698129.1	TALAM1	ENSG00000289740.1	mrna
A00839:75:H7MFFDSXY:3:1610:6650:4930	chr11	65501623	65501772	True	-347	150M	255	6	3	0.25882840156555176	ambig_opp_strand	unspliced	3419	17	ENST00000710862.1	MALAT1	ENSG00000251562.11	mrna
A00839:75:H7MFFDSXY:3:2573:3821:33880	chr11	65501370	65501519	True	-275	150M	255	0	3	0.5444649457931519	ambig_opp_strand	unspliced	3419	16	ENST00000618132.2	MALAT1	ENSG00000251562.11	mrna
A00839:75:H7MFFDSXY:3:1157:7762:13275	chr11	65503316	65503465	True	-276	150M	255	0	3	0.28253141045570374	ambig_opp_strand	unspliced	3419	27	ENST00000710862.1	MALAT1	ENSG00000251562.11	mrna
A00839:75:H7MFFDSXY:3:2560:10764:22200	chr11	65504063	65504212	True	-305	150M	255	0	3	0.738233208656311	ambig_opp_strand	unspliced	3419	12	ENST00000710862.1	MALAT1	ENSG00000251562.11	mrna
A00839:75:H7MFFDSXY:3:2249:17879:20431	chr11	65502024	65502173	False	495	150M	255	0	5	0.5956910848617554	ambig_opp_strand	unspliced	-1	10	.	.	.	mrna
A00839:75:H7MFFDSXY:3:1265:14452:26741	chr11	65505584	65505733	False	340	150M	255	0	9	0.861749529838562	ambig_opp_strand	unspliced	3419	6	ENST00000698129.1	TALAM1	ENSG00000289740.1	mrna
A00839:75:H7MFFDSXY:3:1265:14859:29168	chr11	65505405	65505554	False	178	150M	255	0	9	0.951675295829773	ambig_opp_strand	unspliced	3419	8	ENST00000698129.1	TALAM1	ENSG00000289740.1	mrna
A00839:75:H7MFFDSXY:3:1375:22155:4038	chr11	65503615	65503764	True	-304	150M	255	0	3	0.2834787964820862	ambig_opp_strand	unspliced	3419	23	ENST00000710862.1	MALAT1	ENSG00000251562.11	mrna
A00839:75:H7MFFDSXY:3:2610:26747:25332	chr11	65501081	65501230	True	-391	150M	255	1	3	0.2500777244567871	ambig_opp_strand	unspliced	3419	11	ENST00000710943.1	MALAT1	ENSG00000251562.11	mrna
A00839:75:H7MFFDSXY:3:1106:16052:9596	chr11	65501856	65502005	False	417	150M	255	0	5	0.6346647143363953	ambig_opp_strand	unspliced	-1	20	.	.	.	mrna
A00839:75:H7MFFDSXY:3:2328:31919:21386	chr11	65505712	65505861	True	-323	150M	255	0	3	0.5169491171836853	ambig_opp_strand	unspliced	3419	6	ENST00000618132.2	MALAT1	ENSG00000251562.11	mrna
A00839:75:H7MFFDSXY:3:1514:17309:17159	chr11	65505476	65505625	True	-159	150M	255	0	3	0.24582864344120026	ambig_opp_strand	unspliced	3419	8	ENST00000710862.1	MALAT1	ENSG00000251562.11	mrna
A00839:75:H7MFFDSXY:3:2420:22616:27352	chr11	65502422	65502571	False	375	150M	255	0	5	0.41625821590423584	ambig_opp_strand	unspliced	-1	14	.	.	.	mrna
A00839:75:H7MFFDSXY:3:1253:6551:31125	chr11	65505400	65505549	False	454	150M	255	0	5	0.6133107542991638	ambig_opp_strand	unspliced	-1	6	.	.	.	mrna
A00839:75:H7MFFDSXY:3:1602:16667:10285	chr11	65504927	65505076	True	-251	150M	255	0	3	0.0832633301615715	ambig_opp_strand	unspliced	3419	19	ENST00000710943.1	MALAT1	ENSG00000251562.11	mrna
A00839:75:H7MFFDSXY:3:2634:26621:12555	chr11	65503477	65503625	True	-245	1S149M	255	0	3	0.2836229205131531	ambig_opp_strand	unspliced	3419	25	ENST00000710862.1	MALAT1	ENSG00000251562.11	mrna
A00839:75:H7MFFDSXY:3:2322:13991:33896	chr11	65501687	65501836	True	-191	150M	255	0	3	0.25951412320137024	ambig_opp_strand	unspliced	3419	18	ENST00000710862.1	MALAT1	ENSG00000251562.11	mrna
A00839:75:H7MFFDSXY:3:2216:17607:12571	chr11	65500786	65500935	False	187	150M	255	0	9	0.9382392168045044	ambig_opp_strand	unspliced	3419	13	ENST00000698129.1	TALAM1	ENSG00000289740.1	mrna
A00839:75:H7MFFDSXY:3:1220:11433:18912	chr11	65505911	65506060	True	-336	150M	255	0	3	0.2466534525156021	ambig_opp_strand	unspliced	3419	6	ENST00000710862.1	MALAT1	ENSG00000251562.11	mrna
A00839:75:H7MFFDSXY:3:2144:23565:20134	chr11	65503436	65503585	False	286	150M	255	0	9	0.9462518095970154	ambig_opp_strand	unspliced	3419	23	ENST00000698129.1	TALAM1	ENSG00000289740.1	mrna
A00839:75:H7MFFDSXY:3:2219:1588:2895	chr11	65503711	65503860	False	252	150M	255	10	64	0.0	.	unspliced	-1	0	.	.	.	mrna
A00839:75:H7MFFDSXY:3:2220:23619:32628	chr11	65501426	65501563	False	266	138M12S	255	4	9	0.9513230323791504	ambig_opp_strand	unspliced	3419	17	ENST00000698129.1	TALAM1	ENSG00000289740.1	mrna
A00839:75:H7MFFDSXY:3:1254:2230:27336	chr11	65504962	65505111	True	-339	150M	255	3	64	0.0	.	unspliced	-1	0	.	.	.	mrna
A00839:75:H7MFFDSXY:3:2468:25455:1767	chr11	65505770	65505919	False	311	150M	255	0	9	0.9227110743522644	ambig_opp_strand	unspliced	3419	6	ENST00000698129.1	TALAM1	ENSG00000289740.1	mrna
A00839:75:H7MFFDSXY:3:1416:29713:4225	chr11	65505074	65505223	False	274	150M	255	0	9	0.9349966049194336	ambig_opp_strand	unspliced	3419	15	ENST00000698129.1	TALAM1	ENSG00000289740.1	mrna
A00839:75:H7MFFDSXY:3:1630:20754:27226	chr11	65503573	65503722	False	542	150M	255	0	9	0.5329523086547852	ambig_opp_strand	unspliced	3419	17	ENST00000698129.1	TALAM1	ENSG00000289740.1	mrna
A00839:75:H7MFFDSXY:3:2543:17318:6558	chr11	65505429	65505578	False	432	150M	255	0	5	0.6012265682220459	ambig_opp_strand	unspliced	-1	6	.	.	.	mrna
A00839:75:H7MFFDSXY:3:1451:7129:33912	chr11	65500572	65500721	False	444	150M	255	0	5	0.6141712665557861	ambig_opp_strand	unspliced	-1	13	.	.	.	mrna
A00839:75:H7MFFDSXY:3:2646:26811:33865	chr11	65505533	65505682	False	188	150M	255	0	9	0.9533956050872803	ambig_opp_strand	unspliced	3419	6	ENST00000698129.1	TALAM1	ENSG00000289740.1	mrna
A00839:75:H7MFFDSXY:3:2657:9399:36307	chr11	65504709	65504858	True	-239	150M	255	0	3	0.2040005773305893	ambig_opp_strand	unspliced	3419	20	ENST00000710862.1	MALAT1	ENSG00000251562.11	mrna
A00839:75:H7MFFDSXY:3:2313:16432:30483	chr11	65505661	65505810	True	-420	150M	255	0	3	0.5012181401252747	ambig_opp_strand	unspliced	3419	6	ENST00000618132.2	MALAT1	ENSG00000251562.11	mrna
A00839:75:H7MFFDSXY:3:1526:24804:7185	chr11	65500582	65500731	False	239	150M	255	0	9	0.9395754933357239	ambig_opp_strand	unspliced	3419	13	ENST00000698129.1	TALAM1	ENSG00000289740.1	mrna
A00839:75:H7MFFDSXY:3:2447:30526:3223	chr11	65505053	65505202	True	-477	150M	255	0	3	0.14910957217216492	ambig_opp_strand	unspliced	3419	19	ENST00000710951.1	MALAT1	ENSG00000251562.11	mrna
A00839:75:H7MFFDSXY:3:2678:28122:21136	chr11	65505668	65505817	False	195	150M	255	1	5	0.014094185084104538	ambig_opp_strand	unspliced	-1	7	.	.	.	mrna
A00839:75:H7MFFDSXY:3:1215:10936:8844	chr11	65504323	65504472	True	-252	150M	255	0	9	0.05850261449813843	ambig_opp_strand	unspliced	3419	12	ENST00000534336.3	MALAT1	ENSG00000251562.11	mrna
A00839:75:H7MFFDSXY:3:1431:4381:5729	chr11	65504922	65505071	False	199	150M	255	0	9	0.9421669244766235	ambig_opp_strand	unspliced	3419	19	ENST00000698129.1	TALAM1	ENSG00000289740.1	mrna
A00839:75:H7MFFDSXY:3:2423:4137:6621	chr11	65504776	65504925	True	-397	150M	255	0	3	0.19824005663394928	ambig_opp_strand	unspliced	3419	19	ENST00000710862.1	MALAT1	ENSG00000251562.11	mrna
A00839:75:H7MFFDSXY:3:2111:2311:18176	chr11	65504999	65505148	True	-376	150M	255	0	3	0.36189356446266174	ambig_opp_strand	unspliced	3419	19	ENST00000618132.2	MALAT1	ENSG00000251562.11	mrna
A00839:75:H7MFFDSXY:3:2665:20455:4633	chr11	65505532	65505681	True	-283	150M	255	1	3	0.5174646377563477	ambig_opp_strand	unspliced	3419	6	ENST00000618132.2	MALAT1	ENSG00000251562.11	mrna
A00839:75:H7MFFDSXY:3:1633:4110:29747	chr11	65503243	65503392	True	-262	150M	255	0	3	0.5917479991912842	ambig_opp_strand	unspliced	3419	27	ENST00000618132.2	MALAT1	ENSG00000251562.11	mrna
A00839:75:H7MFFDSXY:3:1155:32931:2942	chr11	65506161	65506310	False	377	150M	255	0	9	0.5544700622558594	ambig_opp_strand	unspliced	3419	3	ENST00000698129.1	TALAM1	ENSG00000289740.1	mrna
A00839:75:H7MFFDSXY:3:2462:13819:25363	chr11	65505631	65505780	False	235	150M	255	0	9	0.9547887444496155	ambig_opp_strand	unspliced	3419	7	ENST00000698129.1	TALAM1	ENSG00000289740.1	mrna
A00839:75:H7MFFDSXY:3:2176:26196:10629	chr11	65503943	65504092	False	282	150M	255	0	9	0.9644063115119934	ambig_opp_strand	unspliced	3419	12	ENST00000698129.1	TALAM1	ENSG00000289740.1	mrna
A00839:75:H7MFFDSXY:3:2153:5520:35978	chr11	65506345	65506494	False	235	150M	255	0	9	0.9855998754501343	ambig_opp_strand	unspliced	3419	3	ENST00000698129.1	TALAM1	ENSG00000289740.1	mrna
A00839:75:H7MFFDSXY:3:1465:8477:19210	chr11	65504554	65504703	False	321	150M	255	0	9	0.9037157297134399	ambig_opp_strand	unspliced	3419	20	ENST00000698129.1	TALAM1	ENSG00000289740.1	mrna
A00839:75:H7MFFDSXY:3:1118:7374:19617	chr11	65505436	65505585	False	220	150M	255	0	9	0.955141544342041	ambig_opp_strand	unspliced	3419	8	ENST00000698129.1	TALAM1	ENSG00000289740.1	mrna
A00839:75:H7MFFDSXY:3:2529:9661:14935	chr11	65501026	65501175	False	310	150M	255	0	9	0.925518810749054	ambig_opp_strand	unspliced	3419	16	ENST00000698129.1	TALAM1	ENSG00000289740.1	mrna
A00839:75:H7MFFDSXY:3:2249:21712:26788	chr11	65505476	65505625	True	-465	150M	255	0	3	0.23780065774917603	ambig_opp_strand	unspliced	3419	8	ENST00000710862.1	MALAT1	ENSG00000251562.11	mrna
A00839:75:H7MFFDSXY:3:2269:23610:16203	chr11	65505500	65505649	True	-369	150M	255	0	3	0.24317966401576996	ambig_opp_strand	unspliced	3419	8	ENST00000710862.1	MALAT1	ENSG00000251562.11	mrna
A00839:75:H7MFFDSXY:3:1505:2139:14935	chr11	65503153	65503302	False	300	150M	255	1	9	0.937184751033783	ambig_opp_strand	unspliced	3419	27	ENST00000698129.1	TALAM1	ENSG00000289740.1	mrna
A00839:75:H7MFFDSXY:3:1226:13648:30859	chr11	65501247	65501335	True	-220	54S89M	255	0	3	0.5420976281166077	ambig_opp_strand	unspliced	3419	16	ENST00000618132.2	MALAT1	ENSG00000251562.11	mrna
A00839:75:H7MFFDSXY:3:2568:15754:8923	chr11	65506662	65506811	True	-426	150M	255	0	5	0.6546733379364014	ambig_opp_strand	unspliced	-1	3	.	.	.	mrna
A00839:75:H7MFFDSXY:3:2503:12572:15311	chr11	65503716	65503865	True	-237	150M	255	0	3	0.5959587693214417	ambig_opp_strand	unspliced	3419	19	ENST00000618132.2	MALAT1	ENSG00000251562.11	mrna
A00839:75:H7MFFDSXY:3:1401:4264:28228	chr11	65506451	65506600	True	-381	150M	255	0	9	0.4662157893180847	ambig_opp_strand	unspliced	3419	3	ENST00000534336.3	MALAT1	ENSG00000251562.11	mrna
A00839:75:H7MFFDSXY:3:1371:5168:11537	chr11	65501508	65501657	False	279	150M	255	0	9	0.9469249248504639	ambig_opp_strand	unspliced	3419	17	ENST00000698129.1	TALAM1	ENSG00000289740.1	mrna
A00839:75:H7MFFDSXY:3:2618:20338:1297	chr11	65501063	65501212	True	-267	150M	255	0	3	0.5683408379554749	ambig_opp_strand	unspliced	3419	13	ENST00000710862.1	MALAT1	ENSG00000251562.11	mrna
A00839:75:H7MFFDSXY:3:2127:13783:8296	chr11	65503174	65503323	True	-303	150M	255	0	3	0.8352091312408447	ambig_opp_strand	unspliced	3419	18	ENST00000618132.2	MALAT1	ENSG00000251562.11	mrna
A00839:75:H7MFFDSXY:3:1447:20148:8672	chr11	65500773	65500922	False	279	150M	255	0	9	0.9306434988975525	ambig_opp_strand	unspliced	3419	13	ENST00000698129.1	TALAM1	ENSG00000289740.1	mrna
A00839:75:H7MFFDSXY:3:1352:25907:30827	chr11	65504981	65505130	True	-354	150M	255	0	3	0.3649044930934906	ambig_opp_strand	unspliced	3419	19	ENST00000618132.2	MALAT1	ENSG00000251562.11	mrna
A00839:75:H7MFFDSXY:3:1232:30210:11537	chr11	65505651	65505800	False	389	150M	255	0	9	0.37517231702804565	ambig_opp_strand	unspliced	3419	6	ENST00000698129.1	TALAM1	ENSG00000289740.1	mrna
A00839:75:H7MFFDSXY:3:2665:28176:1251	chr11	65504710	65504859	True	-283	150M	255	0	3	0.2039545476436615	ambig_opp_strand	unspliced	3419	20	ENST00000710862.1	MALAT1	ENSG00000251562.11	mrna
A00839:75:H7MFFDSXY:3:2427:30382:4288	chr11	65503681	65503830	True	-406	150M	255	0	3	0.5709577202796936	ambig_opp_strand	unspliced	3419	19	ENST00000618132.2	MALAT1	ENSG00000251562.11	mrna
A00839:75:H7MFFDSXY:3:2253:32036:25128	chr11	65500428	65500577	False	225	150M	255	0	9	0.9164292216300964	ambig_opp_strand	unspliced	3419	27	ENST00000698129.1	TALAM1	ENSG00000289740.1	mrna
A00839:75:H7MFFDSXY:3:2249:29432:10160	chr11	65500899	65501048	True	-280	150M	255	0	3	0.7121919989585876	ambig_opp_strand	unspliced	3419	13	ENST00000710933.1	MALAT1	ENSG00000251562.11	mrna
A00839:75:H7MFFDSXY:3:1160:23276:24643	chr11	65504033	65504182	False	424	150M	255	0	9	0.9889940023422241	ambig_opp_strand	spliced_implicit	3419	11	ENST00000698129.1	TALAM1	ENSG00000289740.1	mrna
A00839:75:H7MFFDSXY:3:1128:12156:15092	chr11	65505843	65505992	False	502	150M	255	0	9	0.4093402028083801	ambig_opp_strand	unspliced	3419	5	ENST00000698129.1	TALAM1	ENSG00000289740.1	mrna
A00839:75:H7MFFDSXY:3:1156:29848:31798	chr11	65504166	65504315	False	302	150M	255	0	9	0.9516120553016663	ambig_opp_strand	unspliced	3419	12	ENST00000698129.1	TALAM1	ENSG00000289740.1	mrna
A00839:75:H7MFFDSXY:3:2455:8431:3317	chr11	65501639	65501788	True	-358	150M	255	0	3	0.2581299841403961	ambig_opp_strand	unspliced	3419	17	ENST00000710862.1	MALAT1	ENSG00000251562.11	mrna
A00839:75:H7MFFDSXY:3:1261:8585:33552	chr11	65504090	65504239	False	244	150M	255	0	9	0.9748063087463379	ambig_opp_strand	unspliced	3419	12	ENST00000698129.1	TALAM1	ENSG00000289740.1	mrna
A00839:75:H7MFFDSXY:3:2115:31268:9893	chr11	65504767	65504916	True	-299	150M	255	2	3	0.20399446785449982	ambig_opp_strand	unspliced	3419	19	ENST00000710862.1	MALAT1	ENSG00000251562.11	mrna
A00839:75:H7MFFDSXY:3:1339:12427:20979	chr11	65501451	65501600	False	341	150M	255	0	9	0.8585787415504456	ambig_opp_strand	unspliced	3419	17	ENST00000698129.1	TALAM1	ENSG00000289740.1	mrna
A00839:75:H7MFFDSXY:3:1128:4842:23343	chr11	65504724	65504873	True	-324	150M	255	0	3	0.03485117480158806	ambig_opp_strand	unspliced	3419	20	ENST00000508832.3	MALAT1	ENSG00000251562.11	mrna
A00839:75:H7MFFDSXY:3:2538:16288:36652	chr11	65501866	65502015	True	-429	150M	255	0	3	0.11921773850917816	ambig_opp_strand	unspliced	3419	18	ENST00000710943.1	MALAT1	ENSG00000251562.11	mrna
A00839:75:H7MFFDSXY:3:1341:30689:18787	chr11	65501894	65502043	True	-396	150M	255	0	3	0.5231099128723145	ambig_opp_strand	unspliced	3419	18	ENST00000618132.2	MALAT1	ENSG00000251562.11	mrna
A00839:75:H7MFFDSXY:3:1435:19388:22294	chr11	65502017	65502166	False	208	150M	255	0	9	0.9565443396568298	ambig_opp_strand	unspliced	3419	22	ENST00000698129.1	TALAM1	ENSG00000289740.1	mrna
A00839:75:H7MFFDSXY:3:1133:17409:25661	chr11	65502635	65502784	False	151	150M	255	0	9	0.9537911415100098	ambig_opp_strand	unspliced	3419	16	ENST00000698129.1	TALAM1	ENSG00000289740.1	mrna
A00839:75:H7MFFDSXY:3:2275:28637:21559	chr11	65502048	65502197	True	-383	150M	255	0	5	0.027031851932406425	ambig_opp_strand	unspliced	-1	20	.	.	.	mrna
A00839:75:H7MFFDSXY:3:1429:29089:27853	chr11	65501100	65501249	False	289	150M	255	0	9	0.9425151944160461	ambig_opp_strand	unspliced	3419	16	ENST00000698129.1	TALAM1	ENSG00000289740.1	mrna
A00839:75:H7MFFDSXY:3:1646:12436:1892	chr11	65502519	65502668	False	371	150M	255	2	9	0.6175382137298584	ambig_opp_strand	unspliced	3419	15	ENST00000698129.1	TALAM1	ENSG00000289740.1	mrna
A00839:75:H7MFFDSXY:3:2572:7943:2691	chr11	65500657	65500806	False	312	150M	255	0	9	0.9070046544075012	ambig_opp_strand	unspliced	3419	13	ENST00000698129.1	TALAM1	ENSG00000289740.1	mrna
A00839:75:H7MFFDSXY:3:2325:6885:15640	chr11	65501693	65501842	False	395	150M	255	0	9	0.37354934215545654	ambig_opp_strand	unspliced	3419	18	ENST00000698129.1	TALAM1	ENSG00000289740.1	mrna
A00839:75:H7MFFDSXY:3:1475:17372:31610	chr11	65501954	65502103	False	365	150M	255	0	9	0.7002109885215759	ambig_opp_strand	unspliced	3419	20	ENST00000698129.1	TALAM1	ENSG00000289740.1	mrna
A00839:75:H7MFFDSXY:3:1423:3640:30185	chr11	65504671	65504820	True	-231	150M	255	0	3	0.4272184371948242	ambig_opp_strand	unspliced	3419	20	ENST00000618132.2	MALAT1	ENSG00000251562.11	mrna
A00839:75:H7MFFDSXY:3:1520:32741:33865	chr11	65502974	65503123	False	298	150M	255	0	9	0.9467369914054871	ambig_opp_strand	unspliced	3419	18	ENST00000698129.1	TALAM1	ENSG00000289740.1	mrna
A00839:75:H7MFFDSXY:3:1526:22299:18568	chr11	65504852	65505001	True	-315	150M	255	1	3	0.08238948881626129	ambig_opp_strand	unspliced	3419	21	ENST00000710943.1	MALAT1	ENSG00000251562.11	mrna
A00839:75:H7MFFDSXY:3:2459:11577:14403	chr11	65501342	65501484	False	143	143M	255	3	9	0.9351878762245178	ambig_opp_strand	unspliced	3419	17	ENST00000698129.1	TALAM1	ENSG00000289740.1	mrna
A00839:75:H7MFFDSXY:3:2112:28275:20588	chr11	65504962	65505111	True	-182	150M	255	0	3	0.09978939592838287	ambig_opp_strand	unspliced	3419	19	ENST00000710944.1	MALAT1	ENSG00000251562.11	mrna
A00839:75:H7MFFDSXY:3:2605:5737:8609	chr11	65501233	65501382	False	409	150M	255	0	9	0.37509551644325256	ambig_opp_strand	unspliced	3419	15	ENST00000698129.1	TALAM1	ENSG00000289740.1	mrna
A00839:75:H7MFFDSXY:3:2326:14344:27962	chr11	65502498	65502647	False	301	150M	255	0	9	0.9461828470230103	ambig_opp_strand	unspliced	3419	15	ENST00000698129.1	TALAM1	ENSG00000289740.1	mrna
A00839:75:H7MFFDSXY:3:2628:30264:17143	chr11	65505915	65506064	True	-220	150M	255	1	3	0.5176138281822205	ambig_opp_strand	unspliced	3419	6	ENST00000618132.2	MALAT1	ENSG00000251562.11	mrna
A00839:75:H7MFFDSXY:3:1215:14253:21104	chr11	65504921	65505070	True	-271	150M	255	0	3	0.02990492805838585	ambig_opp_strand	unspliced	3419	19	ENST00000508832.3	MALAT1	ENSG00000251562.11	mrna
A00839:75:H7MFFDSXY:3:2266:7310:13275	chr11	65505753	65505902	False	312	150M	255	0	9	0.9210845828056335	ambig_opp_strand	unspliced	3419	6	ENST00000698129.1	TALAM1	ENSG00000289740.1	mrna
A00839:75:H7MFFDSXY:3:2510:18014:24048	chr11	65500201	65500350	True	-398	150M	255	0	3	0.589052677154541	ambig_opp_strand	unspliced	3419	25	ENST00000710935.1	MALAT1	ENSG00000251562.11	mrna
A00839:75:H7MFFDSXY:3:2378:14253:10989	chr11	65500557	65500706	True	-402	150M	255	0	3	0.1904301643371582	ambig_opp_strand	unspliced	3419	26	ENST00000710862.1	MALAT1	ENSG00000251562.11	mrna
A00839:75:H7MFFDSXY:3:1652:8160:13996	chr11	65505498	65505647	True	-249	150M	255	0	3	0.2142236828804016	ambig_opp_strand	unspliced	3419	8	ENST00000710951.1	MALAT1	ENSG00000251562.11	mrna
A00839:75:H7MFFDSXY:3:1540:21594:1063	chr11	65506660	65506809	True	-454	150M	255	0	5	0.653616726398468	ambig_opp_strand	unspliced	-1	3	.	.	.	mrna
A00839:75:H7MFFDSXY:3:2242:17870:10708	chr11	65501642	65501791	True	-273	150M	255	0	3	0.543976902961731	ambig_opp_strand	unspliced	3419	17	ENST00000618132.2	MALAT1	ENSG00000251562.11	mrna
A00839:75:H7MFFDSXY:3:2265:3441:10645	chr11	65502590	65502739	False	185	150M	255	0	9	0.9669988751411438	ambig_opp_strand	unspliced	3419	15	ENST00000698129.1	TALAM1	ENSG00000289740.1	mrna
A00839:75:H7MFFDSXY:3:1653:29568:13683	chr11	65502270	65502419	True	-288	150M	255	0	3	0.9500465393066406	ambig_opp_strand	unspliced	3419	12	ENST00000618132.2	MALAT1	ENSG00000251562.11	mrna
A00839:75:H7MFFDSXY:3:1450:14443:26381	chr11	65503412	65503561	False	188	150M	255	0	9	0.9572471380233765	ambig_opp_strand	unspliced	3419	27	ENST00000698129.1	TALAM1	ENSG00000289740.1	mrna
A00839:75:H7MFFDSXY:3:1253:26711:27806	chr11	65500820	65500942	True	-123	123M	255	0	3	0.7114748954772949	ambig_opp_strand	unspliced	3419	13	ENST00000710933.1	MALAT1	ENSG00000251562.11	mrna
A00839:75:H7MFFDSXY:3:1433:8648:30906	chr11	65500211	65500360	False	562	150M	255	0	9	0.9596589803695679	ambig_opp_strand	spliced_implicit	3419	23	ENST00000698129.1	TALAM1	ENSG00000289740.1	mrna
A00839:75:H7MFFDSXY:3:1134:30192:2581	chr11	65500878	65501020	True	-215	143M7S	255	0	3	0.7123125791549683	ambig_opp_strand	unspliced	3419	13	ENST00000710933.1	MALAT1	ENSG00000251562.11	mrna
A00839:75:H7MFFDSXY:3:2266:3685:5588	chr11	65503710	65503859	True	-268	150M	255	0	3	0.5958636999130249	ambig_opp_strand	unspliced	3419	19	ENST00000618132.2	MALAT1	ENSG00000251562.11	mrna
A00839:75:H7MFFDSXY:3:1203:1768:21151	chr11	65504803	65504952	False	222	150M	255	0	9	0.9428026080131531	ambig_opp_strand	unspliced	3419	19	ENST00000698129.1	TALAM1	ENSG00000289740.1	mrna
A00839:75:H7MFFDSXY:3:1353:32841:31344	chr11	65502540	65502689	False	338	150M	255	0	9	0.8822109699249268	ambig_opp_strand	unspliced	3419	15	ENST00000698129.1	TALAM1	ENSG00000289740.1	mrna
A00839:75:H7MFFDSXY:3:1460:29731:2816	chr11	65500374	65500523	False	273	150M	255	2	9	0.9399448037147522	ambig_opp_strand	unspliced	3419	26	ENST00000698129.1	TALAM1	ENSG00000289740.1	mrna
A00839:75:H7MFFDSXY:3:1518:16170:1595	chr11	65503007	65503156	False	535	150M	255	0	9	0.463530570268631	ambig_opp_strand	unspliced	3419	18	ENST00000698129.1	TALAM1	ENSG00000289740.1	mrna
A00839:75:H7MFFDSXY:3:2218:30924:8547	chr11	65500945	65501093	True	-190	149M	255	1	3	0.07816240191459656	ambig_opp_strand	unspliced	3419	13	ENST00000710943.1	MALAT1	ENSG00000251562.11	mrna
A00839:75:H7MFFDSXY:3:2368:31277:1266	chr11	65505550	65505699	False	365	150M	255	0	9	0.6995040774345398	ambig_opp_strand	unspliced	3419	6	ENST00000698129.1	TALAM1	ENSG00000289740.1	mrna
A00839:75:H7MFFDSXY:3:1306:18647:19789	chr11	65502132	65502281	False	278	150M	255	0	9	0.9595231413841248	ambig_opp_strand	unspliced	3419	12	ENST00000698129.1	TALAM1	ENSG00000289740.1	mrna
A00839:75:H7MFFDSXY:3:2428:13042:18850	chr11	65504732	65504881	True	-214	150M	255	0	3	0.36261633038520813	ambig_opp_strand	unspliced	3419	24	ENST00000618132.2	MALAT1	ENSG00000251562.11	mrna
A00839:75:H7MFFDSXY:3:1134:23556:34147	chr11	65505421	65505570	False	968	150M	255	0	3	0.18539643287658691	ambig_same_strand	spliced_annot	3419	2	ENST00000710871.1	MALAT1	ENSG00000251562.11	mrna
A00839:75:H7MFFDSXY:3:2473:8015:29027	chr11	65501395	65501544	False	326	150M	255	0	3	0.015558945015072823	ambig_opp_strand	unspliced	3419	16	ENST00000618132.2	MALAT1	ENSG00000251562.11	mrna
A00839:75:H7MFFDSXY:3:1425:18276:25410	chr11	65502208	65502357	False	248	150M	255	0	9	0.9677740335464478	ambig_opp_strand	unspliced	3419	13	ENST00000698129.1	TALAM1	ENSG00000289740.1	mrna
A00839:75:H7MFFDSXY:3:1454:28537:8390	chr11	65505359	65505508	False	409	150M	255	0	5	0.6126444935798645	ambig_opp_strand	unspliced	-1	6	.	.	.	mrna
A00839:75:H7MFFDSXY:3:1260:19660:28714	chr11	65504447	65504596	True	-271	150M	255	0	3	0.11623743921518326	ambig_opp_strand	unspliced	3419	22	ENST00000710944.1	MALAT1	ENSG00000251562.11	mrna
A00839:75:H7MFFDSXY:3:1202:31882:5635	chr11	65503383	65503514	True	-300	18S132M	255	0	3	0.5914514064788818	ambig_opp_strand	unspliced	3419	27	ENST00000618132.2	MALAT1	ENSG00000251562.11	mrna
A00839:75:H7MFFDSXY:3:2575:8766:23813	chr11	65504272	65504422	False	200	37M1D113M	255	7	9	0.9753410816192627	ambig_opp_strand	unspliced	3419	12	ENST00000698129.1	TALAM1	ENSG00000289740.1	mrna
A00839:75:H7MFFDSXY:3:2535:1081:20682	chr11	65506404	65506553	True	-165	150M	255	0	9	0.9754465818405151	ambig_opp_strand	unspliced	3419	3	ENST00000534336.3	MALAT1	ENSG00000251562.11	mrna
A00839:75:H7MFFDSXY:3:1668:25500:19194	chr11	65505802	65505951	False	246	150M	255	0	9	0.9540278911590576	ambig_opp_strand	unspliced	3419	6	ENST00000698129.1	TALAM1	ENSG00000289740.1	mrna
A00839:75:H7MFFDSXY:3:1115:31557:31876	chr11	65504772	65504921	True	-278	150M	255	0	3	0.42730146646499634	ambig_opp_strand	unspliced	3419	19	ENST00000618132.2	MALAT1	ENSG00000251562.11	mrna
A00839:75:H7MFFDSXY:3:2668:9471:9502	chr11	65504729	65504873	True	-145	145M	255	0	3	0.361631840467453	ambig_opp_strand	unspliced	3419	26	ENST00000618132.2	MALAT1	ENSG00000251562.11	mrna
A00839:75:H7MFFDSXY:3:2672:17526:27430	chr11	65503316	65503465	True	-219	150M	255	0	3	0.28260350227355957	ambig_opp_strand	unspliced	3419	27	ENST00000710862.1	MALAT1	ENSG00000251562.11	mrna
A00839:75:H7MFFDSXY:3:2365:31819:18552	chr11	65500234	65500383	False	282	150M	255	0	9	0.9364877343177795	ambig_opp_strand	unspliced	3419	26	ENST00000698129.1	TALAM1	ENSG00000289740.1	mrna
A00839:75:H7MFFDSXY:3:1356:15176:17378	chr11	65500747	65500896	False	355	150M	255	1	9	0.7695130109786987	ambig_opp_strand	unspliced	3419	13	ENST00000698129.1	TALAM1	ENSG00000289740.1	mrna
A00839:75:H7MFFDSXY:3:1174:5999:13636	chr11	65504436	65504585	True	-199	150M	255	0	3	0.11485686898231506	ambig_opp_strand	unspliced	3419	22	ENST00000710944.1	MALAT1	ENSG00000251562.11	mrna
A00839:75:H7MFFDSXY:3:1161:27416:7576	chr11	65502082	65502231	False	167	150M	255	0	9	0.9502519369125366	ambig_opp_strand	unspliced	3419	21	ENST00000698129.1	TALAM1	ENSG00000289740.1	mrna
A00839:75:H7MFFDSXY:3:1345:14986:2425	chr11	65504033	65504182	False	413	150M	255	0	5	0.6419835686683655	ambig_opp_strand	unspliced	-1	12	.	.	.	mrna
A00839:75:H7MFFDSXY:3:2136:26594:9846	chr11	65504672	65504821	False	165	150M	255	0	9	0.9356682300567627	ambig_opp_strand	unspliced	3419	25	ENST00000698129.1	TALAM1	ENSG00000289740.1	mrna
A00839:75:H7MFFDSXY:3:2330:30065:24095	chr11	65500693	65500841	False	149	149M	255	0	9	0.9246916174888611	ambig_opp_strand	unspliced	3419	13	ENST00000698129.1	TALAM1	ENSG00000289740.1	mrna
A00839:75:H7MFFDSXY:3:2337:21106:12367	chr11	65504789	65504938	False	161	150M	255	0	9	0.934008002281189	ambig_opp_strand	unspliced	3419	22	ENST00000698129.1	TALAM1	ENSG00000289740.1	mrna
A00839:75:H7MFFDSXY:3:1623:20003:7044	chr11	65500702	65500851	True	-296	150M	255	0	3	0.07814051955938339	ambig_opp_strand	unspliced	3419	13	ENST00000710943.1	MALAT1	ENSG00000251562.11	mrna
A00839:75:H7MFFDSXY:3:2225:4616:34037	chr11	65505868	65506017	True	-231	150M	255	0	3	0.517609715461731	ambig_opp_strand	unspliced	3419	6	ENST00000618132.2	MALAT1	ENSG00000251562.11	mrna
A00839:75:H7MFFDSXY:3:1675:13232:34178	chr11	65504823	65504972	True	-474	150M	255	0	3	0.4274926483631134	ambig_opp_strand	spliced_implicit	3419	18	ENST00000618132.2	MALAT1	ENSG00000251562.11	mrna
A00839:75:H7MFFDSXY:3:1517:24758:25895	chr11	65505557	65505706	False	264	150M	255	0	9	0.9503584504127502	ambig_opp_strand	unspliced	3419	6	ENST00000698129.1	TALAM1	ENSG00000289740.1	mrna
A00839:75:H7MFFDSXY:3:2509:17616:5008	chr11	65500339	65500488	False	353	150M	255	0	9	0.7861643433570862	ambig_opp_strand	unspliced	3419	26	ENST00000698129.1	TALAM1	ENSG00000289740.1	mrna
A00839:75:H7MFFDSXY:3:2273:12038:1799	chr11	65504142	65504291	True	-237	150M	255	0	3	0.7396465539932251	ambig_opp_strand	unspliced	3419	12	ENST00000710862.1	MALAT1	ENSG00000251562.11	mrna
A00839:75:H7MFFDSXY:3:2134:15673:16297	chr11	65505504	65505653	False	399	150M	255	0	5	0.6359719038009644	ambig_opp_strand	unspliced	-1	6	.	.	.	mrna
A00839:75:H7MFFDSXY:3:1278:17761:17754	chr11	65506650	65506799	True	-423	150M	255	0	9	0.3387417793273926	ambig_opp_strand	unspliced	3419	3	ENST00000534336.3	MALAT1	ENSG00000251562.11	mrna
A00839:75:H7MFFDSXY:3:1567:18258:2832	chr11	65505608	65505757	True	-197	150M	255	0	3	0.5176024436950684	ambig_opp_strand	unspliced	3419	6	ENST00000618132.2	MALAT1	ENSG00000251562.11	mrna
A00839:75:H7MFFDSXY:3:1633:24144:28651	chr11	65501208	65501357	False	350	150M	255	0	9	0.81389319896698	ambig_opp_strand	unspliced	3419	15	ENST00000698129.1	TALAM1	ENSG00000289740.1	mrna
A00839:75:H7MFFDSXY:3:1314:27055:10332	chr11	65505099	65505248	False	295	150M	255	0	9	0.9255878329277039	ambig_opp_strand	unspliced	3419	15	ENST00000698129.1	TALAM1	ENSG00000289740.1	mrna
A00839:75:H7MFFDSXY:3:2227:31593:33066	chr11	65501516	65501665	False	274	150M	255	0	9	0.9485729336738586	ambig_opp_strand	unspliced	3419	17	ENST00000698129.1	TALAM1	ENSG00000289740.1	mrna
A00839:75:H7MFFDSXY:3:1424:14281:14293	chr11	65504496	65504645	True	-230	150M	255	0	3	0.42722088098526	ambig_opp_strand	unspliced	3419	20	ENST00000618132.2	MALAT1	ENSG00000251562.11	mrna
A00839:75:H7MFFDSXY:3:2216:21748:9565	chr11	65500522	65500671	True	-297	150M	255	0	3	0.19586171209812164	ambig_opp_strand	unspliced	3419	26	ENST00000710862.1	MALAT1	ENSG00000251562.11	mrna
A00839:75:H7MFFDSXY:3:1308:5656:24752	chr11	65505264	65505413	False	233	150M	255	0	9	0.9547415971755981	ambig_opp_strand	unspliced	3419	8	ENST00000698129.1	TALAM1	ENSG00000289740.1	mrna
A00839:75:H7MFFDSXY:3:2653:32615:32487	chr11	65504666	65504815	True	-316	150M	255	0	3	0.4268728196620941	ambig_opp_strand	unspliced	3419	20	ENST00000618132.2	MALAT1	ENSG00000251562.11	mrna
A00839:75:H7MFFDSXY:3:1621:32271:4366	chr11	65500534	65500683	True	-276	150M	255	0	3	0.06042606383562088	ambig_opp_strand	unspliced	3419	27	ENST00000710944.1	MALAT1	ENSG00000251562.11	mrna
A00839:75:H7MFFDSXY:3:2229:3685:6151	chr11	65505003	65505150	False	148	148M	255	0	9	0.9270728230476379	ambig_opp_strand	unspliced	3419	19	ENST00000698129.1	TALAM1	ENSG00000289740.1	mrna
A00839:75:H7MFFDSXY:3:2348:30879:8312	chr11	65502593	65502742	True	-307	150M	255	0	3	0.9457705616950989	ambig_opp_strand	unspliced	3419	14	ENST00000618132.2	MALAT1	ENSG00000251562.11	mrna
A00839:75:H7MFFDSXY:3:2668:9344:7122	chr11	65505199	65505348	False	170	150M	255	4	9	0.9373819828033447	ambig_opp_strand	unspliced	3419	16	ENST00000698129.1	TALAM1	ENSG00000289740.1	mrna
A00839:75:H7MFFDSXY:3:1551:21884:18944	chr11	65500698	65500847	True	-212	150M	255	0	3	0.7123104333877563	ambig_opp_strand	unspliced	3419	13	ENST00000710933.1	MALAT1	ENSG00000251562.11	mrna
A00839:75:H7MFFDSXY:3:1534:11496:28228	chr11	65500259	65500408	False	371	150M	255	0	9	0.6085824370384216	ambig_opp_strand	unspliced	3419	26	ENST00000698129.1	TALAM1	ENSG00000289740.1	mrna
A00839:75:H7MFFDSXY:3:1357:31313:24283	chr11	65500772	65500921	True	-525	150M	255	0	3	0.699086606502533	ambig_opp_strand	unspliced	3419	12	ENST00000710933.1	MALAT1	ENSG00000251562.11	mrna
A00839:75:H7MFFDSXY:3:1101:4634:10113	chr11	65504217	65504366	True	-277	150M	255	1	3	0.7391647696495056	ambig_opp_strand	unspliced	3419	12	ENST00000710862.1	MALAT1	ENSG00000251562.11	mrna
A00839:75:H7MFFDSXY:3:2236:23366:4100	chr11	65504855	65505004	True	-164	150M	255	0	3	0.0823143720626831	ambig_opp_strand	unspliced	3419	22	ENST00000710943.1	MALAT1	ENSG00000251562.11	mrna
A00839:75:H7MFFDSXY:3:2656:8712:21433	chr11	65505878	65506018	True	-180	5S141M4S	255	3	3	0.21533165872097015	ambig_opp_strand	unspliced	3419	6	ENST00000710951.1	MALAT1	ENSG00000251562.11	mrna
A00839:75:H7MFFDSXY:3:2348:30807:24126	chr11	65505580	65505708	True	-129	129M	255	0	3	0.21507711708545685	ambig_opp_strand	unspliced	3419	6	ENST00000710951.1	MALAT1	ENSG00000251562.11	mrna
A00839:75:H7MFFDSXY:3:1234:24695:11224	chr11	65500374	65500523	True	-319	150M	255	0	3	0.19576211273670197	ambig_opp_strand	unspliced	3419	26	ENST00000710862.1	MALAT1	ENSG00000251562.11	mrna
A00839:75:H7MFFDSXY:3:1636:16405:23578	chr11	65506151	65506300	False	384	150M	255	0	9	0.4588313698768616	ambig_opp_strand	unspliced	3419	3	ENST00000698129.1	TALAM1	ENSG00000289740.1	mrna
A00839:75:H7MFFDSXY:3:2206:16984:22263	chr11	65505255	65505404	True	-492	150M	255	0	3	0.17117944359779358	ambig_opp_strand	unspliced	3419	15	ENST00000710862.1	MALAT1	ENSG00000251562.11	mrna
A00839:75:H7MFFDSXY:3:2264:14543:34413	chr11	65503396	65503545	False	190	150M	255	0	9	0.9574722647666931	ambig_opp_strand	unspliced	3419	27	ENST00000698129.1	TALAM1	ENSG00000289740.1	mrna
A00839:75:H7MFFDSXY:3:1514:9426:25050	chr11	65506179	65506328	True	-314	150M	255	0	3	0.4455600678920746	ambig_opp_strand	unspliced	3419	5	ENST00000710951.1	MALAT1	ENSG00000251562.11	mrna
A00839:75:H7MFFDSXY:3:1673:6063:11490	chr11	65503802	65503951	False	580	150M	255	0	9	0.708781361579895	ambig_opp_strand	unspliced	3419	12	ENST00000698129.1	TALAM1	ENSG00000289740.1	mrna
A00839:75:H7MFFDSXY:3:1576:3070:7279	chr11	65503919	65504065	True	-147	147M	255	0	3	0.6058590412139893	ambig_opp_strand	unspliced	3419	17	ENST00000618132.2	MALAT1	ENSG00000251562.11	mrna
A00839:75:H7MFFDSXY:3:2269:17038:8015	chr11	65506407	65506556	True	-211	150M	255	0	9	0.9837311506271362	ambig_opp_strand	unspliced	3419	3	ENST00000534336.3	MALAT1	ENSG00000251562.11	mrna
A00839:75:H7MFFDSXY:3:1346:6253:28980	chr11	65504769	65504918	True	-212	150M	255	0	3	0.3620966076850891	ambig_opp_strand	unspliced	3419	22	ENST00000618132.2	MALAT1	ENSG00000251562.11	mrna
A00839:75:H7MFFDSXY:3:1436:6506:33552	chr11	65505775	65505924	True	-183	150M	255	0	3	0.2153327465057373	ambig_opp_strand	unspliced	3419	6	ENST00000710951.1	MALAT1	ENSG00000251562.11	mrna
A00839:75:H7MFFDSXY:3:1468:15826:14121	chr11	65505057	65505206	False	214	150M	255	0	9	0.9428284764289856	ambig_opp_strand	unspliced	3419	19	ENST00000698129.1	TALAM1	ENSG00000289740.1	mrna
A00839:75:H7MFFDSXY:3:1444:11686:28526	chr11	65505293	65505442	False	477	150M	255	0	5	0.5726673603057861	ambig_opp_strand	unspliced	-1	6	.	.	.	mrna
A00839:75:H7MFFDSXY:3:1572:16288:16391	chr11	65503533	65503682	False	357	150M	255	0	9	0.7717716097831726	ambig_opp_strand	unspliced	3419	19	ENST00000698129.1	TALAM1	ENSG00000289740.1	mrna
A00839:75:H7MFFDSXY:3:1319:22462:21512	chr11	65501424	65501573	True	-293	150M	255	1	3	0.5440174341201782	ambig_opp_strand	unspliced	3419	16	ENST00000618132.2	MALAT1	ENSG00000251562.11	mrna
A00839:75:H7MFFDSXY:3:2606:1054:10488	chr11	65500439	65500588	True	-227	150M	255	0	3	0.09329027682542801	ambig_opp_strand	unspliced	3419	26	ENST00000710943.1	MALAT1	ENSG00000251562.11	mrna
A00839:75:H7MFFDSXY:3:2532:22950:24768	chr11	65500698	65500847	False	365	150M	255	1	9	0.6913536787033081	ambig_opp_strand	unspliced	3419	13	ENST00000698129.1	TALAM1	ENSG00000289740.1	mrna
A00839:75:H7MFFDSXY:3:1532:18810:4758	chr11	65501722	65501871	False	401	150M	255	0	5	0.6049481630325317	ambig_opp_strand	unspliced	-1	18	.	.	.	mrna
A00839:75:H7MFFDSXY:3:2335:6280:26553	chr11	65505507	65505656	False	265	150M	255	0	9	0.9498651027679443	ambig_opp_strand	unspliced	3419	6	ENST00000698129.1	TALAM1	ENSG00000289740.1	mrna
A00839:75:H7MFFDSXY:3:1224:21314:19774	chr11	65506327	65506476	False	343	150M	255	0	9	0.8732281923294067	ambig_opp_strand	unspliced	3419	3	ENST00000698129.1	TALAM1	ENSG00000289740.1	mrna
A00839:75:H7MFFDSXY:3:2276:2781:19492	chr11	65502060	65502209	True	-308	150M	255	0	3	0.5406201481819153	ambig_opp_strand	unspliced	3419	20	ENST00000618132.2	MALAT1	ENSG00000251562.11	mrna
A00839:75:H7MFFDSXY:3:1254:1072:19883	chr11	65505174	65505323	False	250	150M	255	0	9	0.9412986636161804	ambig_opp_strand	unspliced	3419	15	ENST00000698129.1	TALAM1	ENSG00000289740.1	mrna
A00839:75:H7MFFDSXY:3:2352:5565:22905	chr11	65505089	65505238	True	-273	150M	255	0	3	0.07092669606208801	ambig_opp_strand	unspliced	3419	19	ENST00000710949.1	MALAT1	ENSG00000251562.11	mrna
A00839:75:H7MFFDSXY:3:2276:17436:17347	chr11	65504158	65504307	False	411	150M	255	2	9	0.34790393710136414	ambig_opp_strand	unspliced	3419	12	ENST00000698129.1	TALAM1	ENSG00000289740.1	mrna
A00839:75:H7MFFDSXY:3:2408:24921:7326	chr11	65504954	65505093	False	140	140M	255	0	9	0.9184355735778809	ambig_opp_strand	unspliced	3419	19	ENST00000698129.1	TALAM1	ENSG00000289740.1	mrna
A00839:75:H7MFFDSXY:3:2305:11921:2722	chr11	65504536	65504685	True	-276	150M	255	0	3	0.20396603643894196	ambig_opp_strand	unspliced	3419	20	ENST00000710862.1	MALAT1	ENSG00000251562.11	mrna
A00839:75:H7MFFDSXY:3:1419:16712:10426	chr11	65504471	65504620	False	529	150M	255	0	9	0.9612035751342773	ambig_opp_strand	spliced_implicit	3419	18	ENST00000698129.1	TALAM1	ENSG00000289740.1	mrna
A00839:75:H7MFFDSXY:3:2541:9290:5274	chr11	65500998	65501147	True	-381	150M	255	0	3	0.7020227313041687	ambig_opp_strand	unspliced	3419	13	ENST00000710933.1	MALAT1	ENSG00000251562.11	mrna
A00839:75:H7MFFDSXY:3:1142:5981:2801	chr11	65505117	65505266	True	-164	150M	255	0	3	0.15234927833080292	ambig_opp_strand	unspliced	3419	19	ENST00000710951.1	MALAT1	ENSG00000251562.11	mrna
A00839:75:H7MFFDSXY:3:2346:8115:25316	chr11	65500338	65500487	False	345	150M	255	0	3	1.0	unambig	spliced_annot	3419	1	ENST00000610481.1	MALAT1	ENSG00000251562.11	mrna
A00839:75:H7MFFDSXY:3:2242:22507:33865	chr11	65504430	65504579	True	-678	150M	255	0	3	1.0	unambig	spliced_annot	3419	1	ENST00000710947.1	MALAT1	ENSG00000251562.11	mrna
A00839:75:H7MFFDSXY:3:1549:22525:9220	chr11	65500156	65500305	True	-349	150M	255	0	3	0.03759247064590454	ambig_opp_strand	unspliced	3419	25	ENST00000508832.3	MALAT1	ENSG00000251562.11	mrna
A00839:75:H7MFFDSXY:3:1627:16387:10363	chr11	65504802	65504951	True	-445	150M	255	0	3	0.11378150433301926	ambig_opp_strand	unspliced	3419	19	ENST00000710944.1	MALAT1	ENSG00000251562.11	mrna
A00839:75:H7MFFDSXY:3:1355:16278:26083	chr11	65505855	65506004	True	-289	150M	255	0	3	0.21527116000652313	ambig_opp_strand	unspliced	3419	6	ENST00000710951.1	MALAT1	ENSG00000251562.11	mrna
A00839:75:H7MFFDSXY:3:2275:6415:28980	chr11	65503644	65503793	True	-340	150M	255	0	3	0.2828543186187744	ambig_opp_strand	unspliced	3419	23	ENST00000710862.1	MALAT1	ENSG00000251562.11	mrna
A00839:75:H7MFFDSXY:3:2416:23782:25050	chr11	65506447	65506596	True	-240	150M	255	5	9	0.9830760359764099	ambig_opp_strand	unspliced	3419	3	ENST00000534336.3	MALAT1	ENSG00000251562.11	mrna
A00839:75:H7MFFDSXY:3:2115:3224:6856	chr11	65500916	65501065	True	-383	150M	255	0	3	0.7000964879989624	ambig_opp_strand	unspliced	3419	13	ENST00000710933.1	MALAT1	ENSG00000251562.11	mrna
A00839:75:H7MFFDSXY:3:2656:22408:10645	chr11	65504206	65504355	False	203	150M	255	0	9	0.9754486083984375	ambig_opp_strand	unspliced	3419	12	ENST00000698129.1	TALAM1	ENSG00000289740.1	mrna
A00839:75:H7MFFDSXY:3:2433:1271:22764	chr11	65504971	65505120	True	-243	150M	255	0	3	0.1748797446489334	ambig_opp_strand	unspliced	3419	19	ENST00000710862.1	MALAT1	ENSG00000251562.11	mrna
A00839:75:H7MFFDSXY:3:2574:6922:24158	chr11	65503065	65503214	False	354	150M	255	0	9	0.7915425896644592	ambig_opp_strand	unspliced	3419	18	ENST00000698129.1	TALAM1	ENSG00000289740.1	mrna
A00839:75:H7MFFDSXY:3:2643:7148:16344	chr11	65505557	65505706	True	-179	150M	255	0	3	0.21532924473285675	ambig_opp_strand	unspliced	3419	6	ENST00000710951.1	MALAT1	ENSG00000251562.11	mrna
A00839:75:H7MFFDSXY:3:2672:26087:4867	chr11	65505399	65505548	False	357	150M	255	0	9	0.7691699266433716	ambig_opp_strand	unspliced	3419	6	ENST00000698129.1	TALAM1	ENSG00000289740.1	mrna
A00839:75:H7MFFDSXY:3:1276:21242:5243	chr11	65502261	65502410	True	-217	150M	255	0	3	0.9505789875984192	ambig_opp_strand	unspliced	3419	13	ENST00000618132.2	MALAT1	ENSG00000251562.11	mrna
A00839:75:H7MFFDSXY:3:1615:24460:31579	chr11	65503329	65503478	True	-342	150M	255	0	3	0.5899762511253357	ambig_opp_strand	unspliced	3419	27	ENST00000618132.2	MALAT1	ENSG00000251562.11	mrna
A00839:75:H7MFFDSXY:3:2559:17635:2785	chr11	65502987	65503136	False	218	150M	255	0	9	0.9670405983924866	ambig_opp_strand	unspliced	3419	18	ENST00000698129.1	TALAM1	ENSG00000289740.1	mrna
A00839:75:H7MFFDSXY:3:2250:1145:27461	chr11	65505898	65506047	True	-341	150M	255	0	3	0.21476885676383972	ambig_opp_strand	unspliced	3419	6	ENST00000710951.1	MALAT1	ENSG00000251562.11	mrna
A00839:75:H7MFFDSXY:3:2551:24297:25254	chr11	65504806	65504955	False	287	150M	255	0	9	0.930055558681488	ambig_opp_strand	unspliced	3419	19	ENST00000698129.1	TALAM1	ENSG00000289740.1	mrna
A00839:75:H7MFFDSXY:3:2411:26820:14779	chr11	65505428	65505577	False	380	150M	255	0	9	0.5011039972305298	ambig_opp_strand	unspliced	3419	6	ENST00000698129.1	TALAM1	ENSG00000289740.1	mrna
A00839:75:H7MFFDSXY:3:1277:3206:18192	chr11	65500347	65500496	False	414	150M	255	0	5	0.6207366585731506	ambig_opp_strand	unspliced	-1	24	.	.	.	mrna
A00839:75:H7MFFDSXY:3:2253:30517:12696	chr11	65502290	65502439	False	277	150M	255	0	9	0.9597786664962769	ambig_opp_strand	unspliced	3419	14	ENST00000698129.1	TALAM1	ENSG00000289740.1	mrna
A00839:75:H7MFFDSXY:3:1666:2799:21151	chr11	65506281	65506430	False	287	150M	255	0	9	0.9720503687858582	ambig_opp_strand	unspliced	3419	3	ENST00000698129.1	TALAM1	ENSG00000289740.1	mrna
A00839:75:H7MFFDSXY:3:2349:20880:6245	chr11	65505639	65505788	True	-248	150M	255	0	3	0.24715720117092133	ambig_opp_strand	unspliced	3419	6	ENST00000710862.1	MALAT1	ENSG00000251562.11	mrna
A00839:75:H7MFFDSXY:3:2447:16504:8970	chr11	65503277	65503426	False	281	150M	255	0	9	0.9482681155204773	ambig_opp_strand	unspliced	3419	27	ENST00000698129.1	TALAM1	ENSG00000289740.1	mrna
A00839:75:H7MFFDSXY:3:1105:5665:29152	chr11	65505350	65505499	False	367	150M	255	0	5	0.306182861328125	ambig_opp_strand	unspliced	-1	6	.	.	.	mrna
A00839:75:H7MFFDSXY:3:1616:7166:14622	chr11	65503715	65503864	False	166	150M	255	0	9	0.9495241641998291	ambig_opp_strand	unspliced	3419	20	ENST00000698129.1	TALAM1	ENSG00000289740.1	mrna
A00839:75:H7MFFDSXY:3:1555:17047:24846	chr11	65505969	65506118	False	416	150M	255	0	9	0.38012364506721497	ambig_opp_strand	unspliced	3419	5	ENST00000698129.1	TALAM1	ENSG00000289740.1	mrna
A00839:75:H7MFFDSXY:3:1412:23891:21136	chr11	65505171	65505320	False	313	150M	255	1	9	0.9204911589622498	ambig_opp_strand	unspliced	3419	8	ENST00000698129.1	TALAM1	ENSG00000289740.1	mrna
A00839:75:H7MFFDSXY:3:2457:16821:19539	chr11	65504032	65504181	True	-397	150M	255	0	3	0.5818490386009216	ambig_opp_strand	unspliced	3419	17	ENST00000618132.2	MALAT1	ENSG00000251562.11	mrna
A00839:75:H7MFFDSXY:3:2512:24388:32831	chr11	65503092	65503241	True	-292	150M	255	0	3	0.835494875907898	ambig_opp_strand	unspliced	3419	18	ENST00000618132.2	MALAT1	ENSG00000251562.11	mrna
A00839:75:H7MFFDSXY:3:2525:7446:6026	chr11	65505771	65505920	True	-224	150M	255	0	3	0.5176134705543518	ambig_opp_strand	unspliced	3419	6	ENST00000618132.2	MALAT1	ENSG00000251562.11	mrna
A00839:75:H7MFFDSXY:3:2644:23945:33285	chr11	65500630	65500779	False	371	150M	255	0	9	0.6055834293365479	ambig_opp_strand	unspliced	3419	13	ENST00000698129.1	TALAM1	ENSG00000289740.1	mrna
A00839:75:H7MFFDSXY:3:2524:10357:4147	chr11	65502989	65503138	True	-393	150M	255	0	3	0.8070386648178101	ambig_opp_strand	unspliced	3419	16	ENST00000618132.2	MALAT1	ENSG00000251562.11	mrna
A00839:75:H7MFFDSXY:3:2242:3396:8343	chr11	65503599	65503748	True	-274	150M	255	0	3	0.2836191952228546	ambig_opp_strand	unspliced	3419	23	ENST00000710862.1	MALAT1	ENSG00000251562.11	mrna
A00839:75:H7MFFDSXY:3:1448:7798:33661	chr11	65500300	65500449	True	-203	150M	255	0	3	0.5394925475120544	ambig_opp_strand	unspliced	3419	26	ENST00000710935.1	MALAT1	ENSG00000251562.11	mrna
A00839:75:H7MFFDSXY:3:2326:6840:7639	chr11	65505634	65505783	False	198	150M	255	0	9	0.9545520544052124	ambig_opp_strand	unspliced	3419	7	ENST00000698129.1	TALAM1	ENSG00000289740.1	mrna
A00839:75:H7MFFDSXY:3:2603:27507:17472	chr11	65505775	65505924	False	211	150M	255	0	9	0.9551782608032227	ambig_opp_strand	unspliced	3419	6	ENST00000698129.1	TALAM1	ENSG00000289740.1	mrna
A00839:75:H7MFFDSXY:3:2473:25771:10050	chr11	65502314	65502463	True	-294	150M	255	0	3	0.949883222579956	ambig_opp_strand	unspliced	3419	12	ENST00000618132.2	MALAT1	ENSG00000251562.11	mrna
A00839:75:H7MFFDSXY:3:1375:21423:15421	chr11	65503968	65504117	False	383	150M	255	0	9	0.45651909708976746	ambig_opp_strand	unspliced	3419	12	ENST00000698129.1	TALAM1	ENSG00000289740.1	mrna
A00839:75:H7MFFDSXY:3:2607:27389:33677	chr11	65500760	65500909	False	317	150M	255	0	9	0.9015381932258606	ambig_opp_strand	unspliced	3419	13	ENST00000698129.1	TALAM1	ENSG00000289740.1	mrna
A00839:75:H7MFFDSXY:3:1523:21739:33755	chr11	65505717	65505866	False	318	150M	255	0	9	0.9140796065330505	ambig_opp_strand	unspliced	3419	6	ENST00000698129.1	TALAM1	ENSG00000289740.1	mrna
A00839:75:H7MFFDSXY:3:2442:16975:4930	chr11	65503879	65504028	False	329	150M	255	0	9	0.9130289554595947	ambig_opp_strand	unspliced	3419	12	ENST00000698129.1	TALAM1	ENSG00000289740.1	mrna
A00839:75:H7MFFDSXY:3:1249:19678:6981	chr11	65503664	65503813	False	236	150M	255	0	9	0.9588459730148315	ambig_opp_strand	unspliced	3419	19	ENST00000698129.1	TALAM1	ENSG00000289740.1	mrna
A00839:75:H7MFFDSXY:3:1540:12924:15107	chr11	65505541	65505690	False	430	150M	255	0	5	0.6236827969551086	ambig_opp_strand	unspliced	-1	6	.	.	.	mrna
A00839:75:H7MFFDSXY:3:1441:22119:25520	chr11	65505266	65505415	True	-271	150M	255	0	3	0.36691519618034363	ambig_opp_strand	unspliced	3419	15	ENST00000618132.2	MALAT1	ENSG00000251562.11	mrna
A00839:75:H7MFFDSXY:3:1139:30653:30906	chr11	65501435	65501584	False	407	150M	255	0	5	0.5982802510261536	ambig_opp_strand	unspliced	-1	17	.	.	.	mrna
A00839:75:H7MFFDSXY:3:2116:29143:26318	chr11	65504821	65504970	True	-294	150M	255	0	3	0.1508183777332306	ambig_opp_strand	unspliced	3419	21	ENST00000710951.1	MALAT1	ENSG00000251562.11	mrna
A00839:75:H7MFFDSXY:3:2230:1416:10833	chr11	65502456	65502605	False	246	150M	255	1	9	0.9679848551750183	ambig_opp_strand	unspliced	3419	15	ENST00000698129.1	TALAM1	ENSG00000289740.1	mrna
A00839:75:H7MFFDSXY:3:2509:22507:28447	chr11	65505266	65505415	True	-432	150M	255	0	3	0.17100922763347626	ambig_opp_strand	unspliced	3419	15	ENST00000710862.1	MALAT1	ENSG00000251562.11	mrna
A00839:75:H7MFFDSXY:3:1365:8467:8484	chr11	65504382	65504531	True	-275	150M	255	0	3	0.7392050623893738	ambig_opp_strand	unspliced	3419	12	ENST00000710862.1	MALAT1	ENSG00000251562.11	mrna
A00839:75:H7MFFDSXY:3:1429:14995:28307	chr11	65503463	65503612	True	-310	150M	255	1	3	0.2828734219074249	ambig_opp_strand	unspliced	3419	26	ENST00000710862.1	MALAT1	ENSG00000251562.11	mrna
A00839:75:H7MFFDSXY:3:2161:28339:20823	chr11	65501429	65501578	False	380	150M	255	0	9	0.5015116333961487	ambig_opp_strand	unspliced	3419	17	ENST00000698129.1	TALAM1	ENSG00000289740.1	mrna
A00839:75:H7MFFDSXY:3:2109:17201:35759	chr11	65504597	65504746	False	284	150M	255	1	9	0.9371919631958008	ambig_opp_strand	unspliced	3419	19	ENST00000698129.1	TALAM1	ENSG00000289740.1	mrna
A00839:75:H7MFFDSXY:3:1239:26087:33395	chr11	65505922	65506071	True	-204	150M	255	0	3	0.21534575521945953	ambig_opp_strand	unspliced	3419	6	ENST00000710951.1	MALAT1	ENSG00000251562.11	mrna
A00839:75:H7MFFDSXY:3:2570:17219:18756	chr11	65505714	65505863	True	-261	150M	255	0	3	0.24663342535495758	ambig_opp_strand	unspliced	3419	7	ENST00000710862.1	MALAT1	ENSG00000251562.11	mrna
A00839:75:H7MFFDSXY:3:1615:17888:27242	chr11	65505180	65505329	False	213	150M	255	0	3	0.01626921072602272	ambig_opp_strand	unspliced	3419	15	ENST00000618132.2	MALAT1	ENSG00000251562.11	mrna
A00839:75:H7MFFDSXY:3:2564:18873:32550	chr11	65500866	65501015	False	232	150M	255	0	9	0.9399553537368774	ambig_opp_strand	unspliced	3419	13	ENST00000698129.1	TALAM1	ENSG00000289740.1	mrna
A00839:75:H7MFFDSXY:3:2307:3043:27273	chr11	65501837	65501986	True	-260	150M	255	1	3	0.25949838757514954	ambig_opp_strand	unspliced	3419	18	ENST00000710862.1	MALAT1	ENSG00000251562.11	mrna
A00839:75:H7MFFDSXY:3:1573:26377:22717	chr11	65504450	65504599	True	-331	150M	255	0	3	0.7404077053070068	ambig_opp_strand	unspliced	3419	11	ENST00000710862.1	MALAT1	ENSG00000251562.11	mrna
A00839:75:H7MFFDSXY:3:1317:12943:17425	chr11	65502122	65502271	False	320	150M	255	0	9	0.9237741231918335	ambig_opp_strand	unspliced	3419	12	ENST00000698129.1	TALAM1	ENSG00000289740.1	mrna
A00839:75:H7MFFDSXY:3:2653:21386:13260	chr11	65504543	65504692	True	-307	150M	255	0	3	0.2038828432559967	ambig_opp_strand	unspliced	3419	20	ENST00000710862.1	MALAT1	ENSG00000251562.11	mrna
A00839:75:H7MFFDSXY:3:1533:10013:36839	chr11	65501717	65501866	False	368	150M	255	0	9	0.6627655029296875	ambig_opp_strand	unspliced	3419	18	ENST00000698129.1	TALAM1	ENSG00000289740.1	mrna
A00839:75:H7MFFDSXY:3:2131:24415:13777	chr11	65506233	65506382	True	65322175	150M	255	0	5	1.0	ambig_opp_strand	unspliced	-1	6	.	.	.	mrna
A00839:75:H7MFFDSXY:3:2678:15944:14606	chr11	65503750	65503899	True	-271	150M	255	0	3	0.5958483219146729	ambig_opp_strand	unspliced	3419	19	ENST00000618132.2	MALAT1	ENSG00000251562.11	mrna
A00839:75:H7MFFDSXY:3:2447:26756:10128	chr11	65505406	65505555	False	225	150M	255	0	9	0.9552019238471985	ambig_opp_strand	unspliced	3419	8	ENST00000698129.1	TALAM1	ENSG00000289740.1	mrna
A00839:75:H7MFFDSXY:3:1136:17571:9752	chr11	65506179	65506328	True	-177	150M	255	0	3	0.5122876167297363	ambig_opp_strand	unspliced	3419	5	ENST00000710862.1	MALAT1	ENSG00000251562.11	mrna
A00839:75:H7MFFDSXY:3:1270:29640:22545	chr11	65500354	65500503	False	483	150M	255	0	5	0.5898251533508301	ambig_opp_strand	unspliced	-1	11	.	.	.	mrna
A00839:75:H7MFFDSXY:3:1317:26494:32283	chr11	65505491	65505640	False	371	150M	255	0	9	0.6118279695510864	ambig_opp_strand	unspliced	3419	6	ENST00000698129.1	TALAM1	ENSG00000289740.1	mrna
A00839:75:H7MFFDSXY:3:1540:20464:27696	chr11	65500742	65500891	False	331	150M	255	0	9	0.8774412274360657	ambig_opp_strand	unspliced	3419	13	ENST00000698129.1	TALAM1	ENSG00000289740.1	mrna
A00839:75:H7MFFDSXY:3:1573:31982:17049	chr11	65500427	65500576	False	234	150M	255	0	9	0.9159471392631531	ambig_opp_strand	unspliced	3419	27	ENST00000698129.1	TALAM1	ENSG00000289740.1	mrna
A00839:75:H7MFFDSXY:3:1270:32371:9925	chr11	65504588	65504737	True	-413	150M	255	0	3	0.6331501603126526	ambig_opp_strand	unspliced	3419	19	ENST00000618132.2	MALAT1	ENSG00000251562.11	mrna
A00839:75:H7MFFDSXY:3:1434:30074:10676	chr11	65500751	65500900	True	-304	150M	255	0	3	0.7120108604431152	ambig_opp_strand	unspliced	3419	13	ENST00000710933.1	MALAT1	ENSG00000251562.11	mrna
A00839:75:H7MFFDSXY:3:2518:9543:34084	chr11	65503221	65503370	True	-195	150M	255	0	9	0.022354228422045708	ambig_opp_strand	unspliced	3419	27	ENST00000534336.3	MALAT1	ENSG00000251562.11	mrna
A00839:75:H7MFFDSXY:3:1231:15338:29966	chr11	65505020	65505169	True	-302	150M	255	0	3	0.07090650498867035	ambig_opp_strand	unspliced	3419	19	ENST00000710949.1	MALAT1	ENSG00000251562.11	mrna
A00839:75:H7MFFDSXY:3:2402:31584:2988	chr11	65500277	65500426	False	303	150M	255	0	9	0.9238488674163818	ambig_opp_strand	unspliced	3419	26	ENST00000698129.1	TALAM1	ENSG00000289740.1	mrna
A00839:75:H7MFFDSXY:3:2474:8856:28040	chr11	65504249	65504398	False	449	150M	255	0	5	0.5998054146766663	ambig_opp_strand	unspliced	-1	11	.	.	.	mrna
A00839:75:H7MFFDSXY:3:1572:14416:3161	chr11	65501071	65501220	True	-432	150M	255	0	3	0.25152549147605896	ambig_opp_strand	unspliced	3419	11	ENST00000710943.1	MALAT1	ENSG00000251562.11	mrna
A00839:75:H7MFFDSXY:3:2339:8187:30827	chr11	65501136	65501285	False	337	150M	255	1	5	0.09884817898273468	ambig_opp_strand	unspliced	-1	16	.	.	.	mrna
A00839:75:H7MFFDSXY:3:2169:17155:13698	chr11	65501941	65502090	False	425	150M	255	0	9	0.4086662530899048	ambig_opp_strand	unspliced	3419	20	ENST00000698129.1	TALAM1	ENSG00000289740.1	mrna
A00839:75:H7MFFDSXY:3:1310:6017:28134	chr11	65502401	65502550	True	-432	150M	255	0	3	0.8936737179756165	ambig_opp_strand	unspliced	3419	11	ENST00000618132.2	MALAT1	ENSG00000251562.11	mrna
A00839:75:H7MFFDSXY:3:1452:19922:27790	chr11	65500707	65500856	False	251	150M	255	0	9	0.938054084777832	ambig_opp_strand	unspliced	3419	13	ENST00000698129.1	TALAM1	ENSG00000289740.1	mrna
A00839:75:H7MFFDSXY:3:2306:14389:9064	chr11	65505598	65505747	True	-530	150M	255	0	3	0.5046353340148926	ambig_opp_strand	unspliced	3419	6	ENST00000618132.2	MALAT1	ENSG00000251562.11	mrna
A00839:75:H7MFFDSXY:3:1138:15374:19507	chr11	65501925	65502074	False	268	150M	255	0	9	0.9504621028900146	ambig_opp_strand	unspliced	3419	21	ENST00000698129.1	TALAM1	ENSG00000289740.1	mrna
A00839:75:H7MFFDSXY:3:2143:13051:26944	chr11	65504705	65504854	False	465	150M	255	0	9	0.9550158977508545	ambig_opp_strand	spliced_implicit	3419	18	ENST00000698129.1	TALAM1	ENSG00000289740.1	mrna
A00839:75:H7MFFDSXY:3:1262:32515:35947	chr11	65503319	65503468	True	-279	150M	255	0	3	0.5916575193405151	ambig_opp_strand	unspliced	3419	27	ENST00000618132.2	MALAT1	ENSG00000251562.11	mrna
A00839:75:H7MFFDSXY:3:1475:9598:13009	chr11	65503272	65503421	False	291	150M	255	0	9	0.9438748955726624	ambig_opp_strand	unspliced	3419	27	ENST00000698129.1	TALAM1	ENSG00000289740.1	mrna
A00839:75:H7MFFDSXY:3:1436:31828:32158	chr11	65503413	65503562	True	-246	150M	255	0	3	0.5918021202087402	ambig_opp_strand	unspliced	3419	27	ENST00000618132.2	MALAT1	ENSG00000251562.11	mrna
A00839:75:H7MFFDSXY:3:1270:13223:33004	chr11	65504492	65504641	False	174	150M	255	0	9	0.9448522925376892	ambig_opp_strand	unspliced	3419	20	ENST00000698129.1	TALAM1	ENSG00000289740.1	mrna
A00839:75:H7MFFDSXY:3:1140:29839:30123	chr11	65505668	65505817	False	306	150M	255	0	9	0.9282805919647217	ambig_opp_strand	unspliced	3419	6	ENST00000698129.1	TALAM1	ENSG00000289740.1	mrna
A00839:75:H7MFFDSXY:3:1120:13575:24502	chr11	65505401	65505550	False	392	150M	255	0	9	0.3852212131023407	ambig_opp_strand	unspliced	3419	6	ENST00000698129.1	TALAM1	ENSG00000289740.1	mrna
A00839:75:H7MFFDSXY:3:1462:14588:21308	chr11	65504000	65504149	True	-272	150M	255	0	3	0.6060357093811035	ambig_opp_strand	unspliced	3419	17	ENST00000618132.2	MALAT1	ENSG00000251562.11	mrna
A00839:75:H7MFFDSXY:3:1310:9173:27085	chr11	65503046	65503195	False	223	150M	255	0	9	0.9671648740768433	ambig_opp_strand	unspliced	3419	18	ENST00000698129.1	TALAM1	ENSG00000289740.1	mrna
A00839:75:H7MFFDSXY:3:1548:32515:20165	chr11	65505098	65505247	True	-447	150M	255	0	3	0.09727827459573746	ambig_opp_strand	unspliced	3419	19	ENST00000710944.1	MALAT1	ENSG00000251562.11	mrna
A00839:75:H7MFFDSXY:3:2225:25283:21324	chr11	65505988	65506139	True	-298	110M2D40M	255	2	3	0.4459593594074249	ambig_opp_strand	unspliced	3419	5	ENST00000710951.1	MALAT1	ENSG00000251562.11	mrna
A00839:75:H7MFFDSXY:3:2456:32560:2487	chr11	65505826	65505975	False	202	150M	255	0	9	0.9547228813171387	ambig_opp_strand	unspliced	3419	6	ENST00000698129.1	TALAM1	ENSG00000289740.1	mrna
A00839:75:H7MFFDSXY:3:1331:6958:20838	chr11	65503902	65504471	False	738	4M420N146M	255	0	3	1.0	unambig	spliced_annot	3419	1	ENST00000710947.1	MALAT1	ENSG00000251562.11	mrna
A00839:75:H7MFFDSXY:3:1235:11840:25347	chr11	65501674	65501823	False	264	150M	255	0	9	0.951794445514679	ambig_opp_strand	unspliced	3419	18	ENST00000698129.1	TALAM1	ENSG00000289740.1	mrna
A00839:75:H7MFFDSXY:3:1209:10556:23876	chr11	65505762	65505911	True	-302	150M	255	0	3	0.24702051281929016	ambig_opp_strand	unspliced	3419	6	ENST00000710862.1	MALAT1	ENSG00000251562.11	mrna
A00839:75:H7MFFDSXY:3:1429:27995:6386	chr11	65504802	65504951	True	-242	150M	255	0	3	0.17290307581424713	ambig_opp_strand	unspliced	3419	22	ENST00000710862.1	MALAT1	ENSG00000251562.11	mrna
A00839:75:H7MFFDSXY:3:2252:6822:18850	chr11	65504499	65504648	True	-197	150M	255	0	3	0.034888144582509995	ambig_opp_strand	unspliced	3419	20	ENST00000508832.3	MALAT1	ENSG00000251562.11	mrna
A00839:75:H7MFFDSXY:3:2255:32642:10989	chr11	65505889	65506038	False	242	150M	255	0	9	0.9704527258872986	ambig_opp_strand	unspliced	3419	5	ENST00000698129.1	TALAM1	ENSG00000289740.1	mrna
A00839:75:H7MFFDSXY:3:1171:11107:35697	chr11	65505510	65505659	False	309	150M	255	0	9	0.9246442317962646	ambig_opp_strand	unspliced	3419	6	ENST00000698129.1	TALAM1	ENSG00000289740.1	mrna
A00839:75:H7MFFDSXY:3:1501:7003:3599	chr11	65505971	65506121	True	-324	127M1D23M	255	1	3	0.4452144503593445	ambig_opp_strand	unspliced	3419	5	ENST00000710951.1	MALAT1	ENSG00000251562.11	mrna
A00839:75:H7MFFDSXY:3:1436:4634:6605	chr11	65504342	65504491	False	318	150M	255	0	9	0.9082241058349609	ambig_opp_strand	unspliced	3419	20	ENST00000698129.1	TALAM1	ENSG00000289740.1	mrna
A00839:75:H7MFFDSXY:3:2504:10131:1877	chr11	65501281	65501430	True	-193	150M	255	0	3	0.5420774817466736	ambig_opp_strand	unspliced	3419	16	ENST00000618132.2	MALAT1	ENSG00000251562.11	mrna
A00839:75:H7MFFDSXY:3:2176:20509:16188	chr11	65500431	65500580	False	235	150M	255	1	9	0.915960967540741	ambig_opp_strand	unspliced	3419	27	ENST00000698129.1	TALAM1	ENSG00000289740.1	mrna
A00839:75:H7MFFDSXY:3:1452:24985:33019	chr11	65504883	65505032	True	-267	150M	255	0	3	0.17486463487148285	ambig_opp_strand	unspliced	3419	19	ENST00000710862.1	MALAT1	ENSG00000251562.11	mrna
A00839:75:H7MFFDSXY:3:2523:20582:32816	chr11	65500656	65500805	True	-327	150M	255	0	3	0.11264413595199585	ambig_opp_strand	unspliced	3419	24	ENST00000710862.1	MALAT1	ENSG00000251562.11	mrna
A00839:75:H7MFFDSXY:3:1543:13684:35837	chr11	65505061	65505210	False	239	150M	255	2	9	0.9423804879188538	ambig_opp_strand	unspliced	3419	15	ENST00000698129.1	TALAM1	ENSG00000289740.1	mrna
A00839:75:H7MFFDSXY:3:2229:1452:12336	chr11	65504361	65504510	False	405	150M	255	0	9	0.3621193766593933	ambig_opp_strand	unspliced	3419	20	ENST00000698129.1	TALAM1	ENSG00000289740.1	mrna
A00839:75:H7MFFDSXY:3:2243:14009:10066	chr11	65505798	65505947	False	285	150M	255	1	9	0.943063497543335	ambig_opp_strand	unspliced	3419	6	ENST00000698129.1	TALAM1	ENSG00000289740.1	mrna
A00839:75:H7MFFDSXY:3:1230:21269:1501	chr11	65503320	65503469	True	-292	150M	255	0	3	0.2824751138687134	ambig_opp_strand	unspliced	3419	27	ENST00000710862.1	MALAT1	ENSG00000251562.11	mrna
A00839:75:H7MFFDSXY:3:2403:30101:32080	chr11	65501096	65501245	True	-201	150M	255	1	3	0.25885340571403503	ambig_opp_strand	unspliced	3419	16	ENST00000710862.1	MALAT1	ENSG00000251562.11	mrna
A00839:75:H7MFFDSXY:3:1343:30029:32205	chr11	65504398	65504547	False	460	150M	255	0	5	0.610815167427063	ambig_opp_strand	unspliced	-1	20	.	.	.	mrna
A00839:75:H7MFFDSXY:3:2331:2419:11913	chr11	65504741	65504890	False	263	150M	255	0	9	0.9379327893257141	ambig_opp_strand	unspliced	3419	22	ENST00000698129.1	TALAM1	ENSG00000289740.1	mrna
A00839:75:H7MFFDSXY:3:1356:23719:7279	chr11	65505346	65505495	False	557	150M	255	1	5	0.4229833781719208	ambig_opp_strand	unspliced	-1	6	.	.	.	mrna
A00839:75:H7MFFDSXY:3:1428:22146:5212	chr11	65505484	65505633	True	-199	150M	255	0	3	0.5149248838424683	ambig_opp_strand	unspliced	3419	8	ENST00000618132.2	MALAT1	ENSG00000251562.11	mrna
A00839:75:H7MFFDSXY:3:2453:3143:2769	chr11	65504487	65504636	True	-151	150M	255	0	3	0.4270918369293213	ambig_opp_strand	unspliced	3419	20	ENST00000618132.2	MALAT1	ENSG00000251562.11	mrna
A00839:75:H7MFFDSXY:3:2344:7889:28119	chr11	65504769	65504918	True	-305	150M	255	0	3	0.4271549880504608	ambig_opp_strand	unspliced	3419	19	ENST00000618132.2	MALAT1	ENSG00000251562.11	mrna
A00839:75:H7MFFDSXY:3:2160:32145:30921	chr11	65504019	65504168	True	-351	150M	255	0	3	0.2879887819290161	ambig_opp_strand	unspliced	3419	17	ENST00000710862.1	MALAT1	ENSG00000251562.11	mrna
A00839:75:H7MFFDSXY:3:2320:21414:36542	chr11	65504198	65504347	True	-402	150M	255	0	3	0.6668878197669983	ambig_opp_strand	unspliced	3419	12	ENST00000710862.1	MALAT1	ENSG00000251562.11	mrna
A00839:75:H7MFFDSXY:3:1610:22345:9471	chr11	65505516	65506388	True	-1159	147M723N3M	3	0	128	0.0	.	unknown	-1	0	.	.	.	mrna
A00839:75:H7MFFDSXY:3:2636:31882:3474	chr11	65503457	65503606	False	406	150M	255	0	5	0.6232385039329529	ambig_opp_strand	unspliced	-1	19	.	.	.	mrna
A00839:75:H7MFFDSXY:3:2308:20699:12633	chr11	65505875	65506024	True	-364	150M	255	0	3	0.24513092637062073	ambig_opp_strand	unspliced	3419	6	ENST00000710862.1	MALAT1	ENSG00000251562.11	mrna
A00839:75:H7MFFDSXY:3:1140:31602:33614	chr11	65501811	65501960	True	-255	150M	255	0	3	0.5434545278549194	ambig_opp_strand	unspliced	3419	18	ENST00000618132.2	MALAT1	ENSG00000251562.11	mrna
A00839:75:H7MFFDSXY:3:1446:28474:4836	chr11	65500890	65501038	False	333	119M1I30M	3	2	128	0.0	.	unknown	-1	0	.	.	.	mrna
A00839:75:H7MFFDSXY:3:1308:9109:30890	chr11	65502259	65502408	True	-445	150M	255	0	3	0.904921293258667	ambig_opp_strand	unspliced	3419	11	ENST00000618132.2	MALAT1	ENSG00000251562.11	mrna
A00839:75:H7MFFDSXY:3:1275:2275:28385	chr11	65502638	65502775	True	-228	12S138M	255	0	3	0.9469185471534729	ambig_opp_strand	unspliced	3419	15	ENST00000618132.2	MALAT1	ENSG00000251562.11	mrna
A00839:75:H7MFFDSXY:3:1511:28375:17190	chr11	65504494	65504643	False	443	150M	255	1	5	0.6654183864593506	ambig_opp_strand	unspliced	-1	19	.	.	.	mrna
A00839:75:H7MFFDSXY:3:1204:13973:18396	chr11	65503042	65503191	False	409	150M	255	0	5	0.6155742406845093	ambig_opp_strand	unspliced	-1	18	.	.	.	mrna
A00839:75:H7MFFDSXY:3:1631:12337:17879	chr11	65501552	65501701	False	305	150M	255	7	9	0.9309106469154358	ambig_opp_strand	unspliced	3419	18	ENST00000698129.1	TALAM1	ENSG00000289740.1	mrna
A00839:75:H7MFFDSXY:3:2418:25997:14794	chr11	65500491	65500639	True	-294	149M	255	0	3	0.1958692967891693	ambig_opp_strand	unspliced	3419	26	ENST00000710862.1	MALAT1	ENSG00000251562.11	mrna
A00839:75:H7MFFDSXY:3:2251:10827:12195	chr11	65504776	65504925	False	320	150M	255	0	3	0.015524214133620262	ambig_opp_strand	unspliced	3419	19	ENST00000618132.2	MALAT1	ENSG00000251562.11	mrna
A00839:75:H7MFFDSXY:3:1572:32497:7858	chr11	65500677	65500826	True	-346	150M	255	0	3	0.7108467817306519	ambig_opp_strand	unspliced	3419	12	ENST00000710933.1	MALAT1	ENSG00000251562.11	mrna
A00839:75:H7MFFDSXY:3:2558:3432:34929	chr11	65503217	65503366	True	-326	150M	255	0	3	0.8340896964073181	ambig_opp_strand	unspliced	3419	18	ENST00000618132.2	MALAT1	ENSG00000251562.11	mrna
A00839:75:H7MFFDSXY:3:1527:4399:30029	chr11	65504177	65504326	False	366	150M	255	0	9	0.6917420029640198	ambig_opp_strand	unspliced	3419	12	ENST00000698129.1	TALAM1	ENSG00000289740.1	mrna
A00839:75:H7MFFDSXY:3:1477:20175:4648	chr11	65501943	65502092	True	-300	150M	255	0	3	0.540723443031311	ambig_opp_strand	unspliced	3419	20	ENST00000618132.2	MALAT1	ENSG00000251562.11	mrna
A00839:75:H7MFFDSXY:3:2101:22354:1063	chr11	65501746	65501895	False	223	150M	255	1	9	0.9568812251091003	ambig_opp_strand	unspliced	3419	19	ENST00000698129.1	TALAM1	ENSG00000289740.1	mrna
A00839:75:H7MFFDSXY:3:1404:3676:21042	chr11	65503658	65503807	False	315	150M	255	0	9	0.922760009765625	ambig_opp_strand	unspliced	3419	17	ENST00000698129.1	TALAM1	ENSG00000289740.1	mrna
A00839:75:H7MFFDSXY:3:1547:7925:10833	chr11	65500684	65500833	True	-423	150M	255	1	5	0.024722373113036156	ambig_opp_strand	unspliced	-1	12	.	.	.	mrna
A00839:75:H7MFFDSXY:3:1313:32036:11350	chr11	65504875	65505024	False	321	150M	255	0	9	0.8982564806938171	ambig_opp_strand	unspliced	3419	19	ENST00000698129.1	TALAM1	ENSG00000289740.1	mrna
A00839:75:H7MFFDSXY:3:2317:8359:26365	chr11	65506540	65506689	True	-252	150M	255	0	9	0.9813985824584961	ambig_opp_strand	unspliced	3419	3	ENST00000534336.3	MALAT1	ENSG00000251562.11	mrna
A00839:75:H7MFFDSXY:3:2547:20844:33552	chr11	65504283	65504432	False	326	150M	255	0	9	0.9188095927238464	ambig_opp_strand	unspliced	3419	11	ENST00000698129.1	TALAM1	ENSG00000289740.1	mrna
A00839:75:H7MFFDSXY:3:2576:17336:18834	chr11	65505805	65505954	True	-285	150M	255	0	3	0.517455518245697	ambig_opp_strand	unspliced	3419	6	ENST00000618132.2	MALAT1	ENSG00000251562.11	mrna
A00839:75:H7MFFDSXY:3:1143:5213:13870	chr11	65501916	65502065	False	304	150M	255	0	9	0.9314863681793213	ambig_opp_strand	unspliced	3419	21	ENST00000698129.1	TALAM1	ENSG00000289740.1	mrna
A00839:75:H7MFFDSXY:3:1239:23014:19398	chr11	65504775	65504924	False	328	150M	255	0	9	0.8862868547439575	ambig_opp_strand	unspliced	3419	19	ENST00000698129.1	TALAM1	ENSG00000289740.1	mrna
A00839:75:H7MFFDSXY:3:2242:16532:9455	chr11	65501986	65502135	False	405	150M	255	0	9	0.36323603987693787	ambig_opp_strand	unspliced	3419	21	ENST00000698129.1	TALAM1	ENSG00000289740.1	mrna
A00839:75:H7MFFDSXY:3:2108:4146:32283	chr11	65501612	65501761	True	-163	150M	255	0	3	0.044375281780958176	ambig_opp_strand	unspliced	3419	18	ENST00000508832.3	MALAT1	ENSG00000251562.11	mrna
A00839:75:H7MFFDSXY:3:2153:10013:11537	chr11	65503852	65504001	True	-253	150M	255	1	3	0.2894311845302582	ambig_opp_strand	unspliced	3419	17	ENST00000710862.1	MALAT1	ENSG00000251562.11	mrna
A00839:75:H7MFFDSXY:3:1574:3784:15624	chr11	65501772	65501921	True	-244	150M	255	0	3	0.543479859828949	ambig_opp_strand	unspliced	3419	18	ENST00000618132.2	MALAT1	ENSG00000251562.11	mrna
A00839:75:H7MFFDSXY:3:2642:32081:4852	chr11	65504890	65505039	True	-221	150M	255	0	3	0.36623793840408325	ambig_opp_strand	unspliced	3419	19	ENST00000618132.2	MALAT1	ENSG00000251562.11	mrna
A00839:75:H7MFFDSXY:3:2539:18683:17879	chr11	65500543	65500692	False	423	150M	255	0	9	0.36450645327568054	ambig_opp_strand	unspliced	3419	13	ENST00000698129.1	TALAM1	ENSG00000289740.1	mrna
A00839:75:H7MFFDSXY:3:2548:18304:15468	chr11	65505150	65505299	True	-380	150M	255	0	3	0.1503905951976776	ambig_opp_strand	unspliced	3419	15	ENST00000710951.1	MALAT1	ENSG00000251562.11	mrna
A00839:75:H7MFFDSXY:3:1307:9869:5713	chr11	65500651	65500800	False	201	150M	255	0	9	0.9395084977149963	ambig_opp_strand	unspliced	3419	13	ENST00000698129.1	TALAM1	ENSG00000289740.1	mrna
A00839:75:H7MFFDSXY:3:2469:6885:12571	chr11	65504214	65504359	False	359	146M4S	255	9	9	0.7643688917160034	ambig_opp_strand	unspliced	3419	12	ENST00000698129.1	TALAM1	ENSG00000289740.1	mrna
A00839:75:H7MFFDSXY:3:2651:1678:28792	chr11	65500814	65500963	False	186	150M	255	3	9	0.9379251003265381	ambig_opp_strand	unspliced	3419	13	ENST00000698129.1	TALAM1	ENSG00000289740.1	mrna
A00839:75:H7MFFDSXY:3:1245:13096:10989	chr11	65505798	65505947	False	194	150M	255	0	9	0.9543055891990662	ambig_opp_strand	unspliced	3419	6	ENST00000698129.1	TALAM1	ENSG00000289740.1	mrna
A00839:75:H7MFFDSXY:3:1413:18150:32456	chr11	65505806	65505955	True	-189	150M	255	0	3	0.51759272813797	ambig_opp_strand	unspliced	3419	6	ENST00000618132.2	MALAT1	ENSG00000251562.11	mrna
A00839:75:H7MFFDSXY:3:1406:31259:15201	chr11	65505454	65505603	False	322	150M	255	1	9	0.9077434539794922	ambig_opp_strand	unspliced	3419	6	ENST00000698129.1	TALAM1	ENSG00000289740.1	mrna
A00839:75:H7MFFDSXY:3:2357:8612:21198	chr11	65500602	65500751	True	-275	150M	255	1	3	0.2915697991847992	ambig_opp_strand	unspliced	3419	27	ENST00000710935.1	MALAT1	ENSG00000251562.11	mrna
A00839:75:H7MFFDSXY:3:1434:12816:19429	chr11	65506414	65506563	True	-311	150M	255	0	9	0.9442974925041199	ambig_opp_strand	unspliced	3419	3	ENST00000534336.3	MALAT1	ENSG00000251562.11	mrna
A00839:75:H7MFFDSXY:3:1278:8576:14747	chr11	65503794	65503943	False	394	150M	255	0	5	0.5925580263137817	ambig_opp_strand	unspliced	-1	17	.	.	.	mrna
A00839:75:H7MFFDSXY:3:1660:1181:1971	chr11	65504808	65504957	False	496	150M	255	0	9	0.34723716974258423	ambig_opp_strand	unspliced	3419	15	ENST00000698129.1	TALAM1	ENSG00000289740.1	mrna
A00839:75:H7MFFDSXY:3:2623:28149:6402	chr11	65505309	65505458	False	425	150M	255	1	5	0.5779639482498169	ambig_opp_strand	unspliced	-1	6	.	.	.	mrna
A00839:75:H7MFFDSXY:3:1639:22101:18286	chr11	65501684	65501833	True	-180	150M	255	0	3	0.5434544682502747	ambig_opp_strand	unspliced	3419	18	ENST00000618132.2	MALAT1	ENSG00000251562.11	mrna
A00839:75:H7MFFDSXY:3:2422:21233:7232	chr11	65506168	65506317	False	352	150M	255	0	9	0.8223972916603088	ambig_opp_strand	unspliced	3419	3	ENST00000698129.1	TALAM1	ENSG00000289740.1	mrna
A00839:75:H7MFFDSXY:3:1339:23873:17378	chr11	65501594	65501743	True	-184	150M	255	0	3	0.5434637665748596	ambig_opp_strand	unspliced	3419	18	ENST00000618132.2	MALAT1	ENSG00000251562.11	mrna
A00839:75:H7MFFDSXY:3:1636:32190:4539	chr11	65501501	65501650	True	-263	150M	255	0	3	0.25985538959503174	ambig_opp_strand	unspliced	3419	16	ENST00000710862.1	MALAT1	ENSG00000251562.11	mrna
A00839:75:H7MFFDSXY:3:1315:3577:10848	chr11	65504417	65504566	True	-375	150M	255	0	3	0.7057666778564453	ambig_opp_strand	unspliced	3419	12	ENST00000710862.1	MALAT1	ENSG00000251562.11	mrna
A00839:75:H7MFFDSXY:3:2339:8504:11397	chr11	65505099	65505248	False	416	150M	255	0	9	0.37762191891670227	ambig_opp_strand	unspliced	3419	8	ENST00000698129.1	TALAM1	ENSG00000289740.1	mrna
A00839:75:H7MFFDSXY:3:2620:17879:26537	chr11	65503902	65504471	False	827	4M420N146M	255	0	3	1.0	unambig	spliced_annot	3419	1	ENST00000710947.1	MALAT1	ENSG00000251562.11	mrna
A00839:75:H7MFFDSXY:3:2122:11369:15577	chr11	65506591	65506740	False	174	150M	255	0	9	0.9817006587982178	ambig_opp_strand	unspliced	3419	3	ENST00000698129.1	TALAM1	ENSG00000289740.1	mrna
A00839:75:H7MFFDSXY:3:1421:28682:36417	chr11	65506139	65506288	False	227	150M	255	0	9	0.9712220430374146	ambig_opp_strand	unspliced	3419	5	ENST00000698129.1	TALAM1	ENSG00000289740.1	mrna
A00839:75:H7MFFDSXY:3:1217:18213:30624	chr11	65500878	65501027	False	296	150M	255	0	9	0.9223379492759705	ambig_opp_strand	unspliced	3419	13	ENST00000698129.1	TALAM1	ENSG00000289740.1	mrna
A00839:75:H7MFFDSXY:3:2174:25988:7858	chr11	65500349	65500498	True	-183	150M	255	0	3	0.09328542649745941	ambig_opp_strand	unspliced	3419	26	ENST00000710943.1	MALAT1	ENSG00000251562.11	mrna
A00839:75:H7MFFDSXY:3:1634:25192:27712	chr11	65504348	65504497	False	241	150M	255	0	9	0.947618305683136	ambig_opp_strand	unspliced	3419	22	ENST00000698129.1	TALAM1	ENSG00000289740.1	mrna
A00839:75:H7MFFDSXY:3:1156:4725:7983	chr11	65503932	65504081	False	321	150M	255	0	5	0.0614175982773304	ambig_opp_strand	unspliced	-1	12	.	.	.	mrna
A00839:75:H7MFFDSXY:3:2419:24424:33238	chr11	65504652	65504801	True	-328	150M	255	0	3	0.11626492440700531	ambig_opp_strand	unspliced	3419	20	ENST00000710944.1	MALAT1	ENSG00000251562.11	mrna
A00839:75:H7MFFDSXY:3:2119:19370:33599	chr11	65504685	65504834	False	382	150M	255	0	9	0.4536362886428833	ambig_opp_strand	unspliced	3419	18	ENST00000698129.1	TALAM1	ENSG00000289740.1	mrna
A00839:75:H7MFFDSXY:3:1516:20130:15749	chr11	65502243	65502392	True	-301	150M	255	0	3	0.5405974984169006	ambig_opp_strand	unspliced	3419	21	ENST00000618132.2	MALAT1	ENSG00000251562.11	mrna
A00839:75:H7MFFDSXY:3:2334:14913:15233	chr11	65506468	65506617	False	409	150M	255	0	9	0.3795115351676941	ambig_opp_strand	unspliced	3419	3	ENST00000698129.1	TALAM1	ENSG00000289740.1	mrna
A00839:75:H7MFFDSXY:3:1364:16821:18505	chr11	65502659	65502808	True	-265	150M	255	0	3	0.9466916918754578	ambig_opp_strand	unspliced	3419	15	ENST00000618132.2	MALAT1	ENSG00000251562.11	mrna
A00839:75:H7MFFDSXY:3:2571:13521:1047	chr11	65502070	65502219	True	-232	150M	255	0	3	0.2582723796367645	ambig_opp_strand	unspliced	3419	22	ENST00000710862.1	MALAT1	ENSG00000251562.11	mrna
A00839:75:H7MFFDSXY:3:1657:10655:3035	chr11	65500148	65500297	False	391	150M	255	0	5	0.6169241070747375	ambig_opp_strand	unspliced	-1	26	.	.	.	mrna
A00839:75:H7MFFDSXY:3:1454:13530:1063	chr11	65501438	65501587	False	259	150M	255	0	5	0.016773857176303864	ambig_opp_strand	unspliced	-1	17	.	.	.	mrna
A00839:75:H7MFFDSXY:3:2332:15121:8296	chr11	65506246	65506395	True	-187	150M	255	0	3	0.4463755786418915	ambig_opp_strand	unspliced	3419	5	ENST00000710951.1	MALAT1	ENSG00000251562.11	mrna
A00839:75:H7MFFDSXY:3:1247:32687:20807	chr11	65505284	65505433	True	-384	150M	255	2	3	0.06977730244398117	ambig_opp_strand	unspliced	3419	15	ENST00000710949.1	MALAT1	ENSG00000251562.11	mrna
A00839:75:H7MFFDSXY:3:2138:4200:16250	chr11	65500574	65500723	False	529	150M	255	0	9	0.9519551396369934	ambig_opp_strand	spliced_implicit	3419	13	ENST00000698129.1	TALAM1	ENSG00000289740.1	mrna
A00839:75:H7MFFDSXY:3:1420:16984:37043	chr11	65505943	65506092	True	-204	150M	255	0	3	0.5176100730895996	ambig_opp_strand	unspliced	3419	6	ENST00000618132.2	MALAT1	ENSG00000251562.11	mrna
A00839:75:H7MFFDSXY:3:1647:13539:6778	chr11	65504737	65504886	False	268	150M	255	0	9	0.9364370703697205	ambig_opp_strand	unspliced	3419	22	ENST00000698129.1	TALAM1	ENSG00000289740.1	mrna
A00839:75:H7MFFDSXY:3:2367:32434:17049	chr11	65500938	65501087	True	-305	150M	255	2	3	0.7120022177696228	ambig_opp_strand	unspliced	3419	13	ENST00000710933.1	MALAT1	ENSG00000251562.11	mrna
A00839:75:H7MFFDSXY:3:1610:22110:22748	chr11	65504801	65504950	True	-264	150M	255	1	3	0.098799929022789	ambig_opp_strand	unspliced	3419	21	ENST00000710944.1	MALAT1	ENSG00000251562.11	mrna
A00839:75:H7MFFDSXY:3:2432:10782:24048	chr11	65503056	65503205	False	287	150M	255	0	9	0.9535343647003174	ambig_opp_strand	unspliced	3419	18	ENST00000698129.1	TALAM1	ENSG00000289740.1	mrna
A00839:75:H7MFFDSXY:3:1407:26250:8938	chr11	65506148	65506267	False	120	120M	255	1	9	0.8931880593299866	ambig_opp_strand	unspliced	3419	5	ENST00000698129.1	TALAM1	ENSG00000289740.1	mrna
A00839:75:H7MFFDSXY:3:2509:13169:16814	chr11	65501318	65501467	True	-211	150M	255	0	3	0.5420926213264465	ambig_opp_strand	unspliced	3419	17	ENST00000618132.2	MALAT1	ENSG00000251562.11	mrna
A00839:75:H7MFFDSXY:3:2539:5502:22075	chr11	65504606	65504755	True	-309	150M	255	0	3	0.42694568634033203	ambig_opp_strand	unspliced	3419	20	ENST00000618132.2	MALAT1	ENSG00000251562.11	mrna
A00839:75:H7MFFDSXY:3:2359:30409:7654	chr11	65500466	65500615	True	-199	150M	255	0	3	0.4595005512237549	ambig_opp_strand	unspliced	3419	27	ENST00000710933.1	MALAT1	ENSG00000251562.11	mrna
A00839:75:H7MFFDSXY:3:2246:30454:10520	chr11	65504905	65505054	False	273	150M	255	1	9	0.9354934692382812	ambig_opp_strand	unspliced	3419	19	ENST00000698129.1	TALAM1	ENSG00000289740.1	mrna
A00839:75:H7MFFDSXY:3:1463:22426:25363	chr11	65503971	65504120	True	-463	150M	255	0	3	0.5807885527610779	ambig_opp_strand	unspliced	3419	17	ENST00000618132.2	MALAT1	ENSG00000251562.11	mrna
A00839:75:H7MFFDSXY:3:1401:23520:7404	chr11	65505753	65505902	True	-327	150M	255	0	3	0.5168498158454895	ambig_opp_strand	unspliced	3419	6	ENST00000618132.2	MALAT1	ENSG00000251562.11	mrna
A00839:75:H7MFFDSXY:3:1212:26323:25034	chr11	65504150	65504299	True	-402	150M	255	0	3	0.6668877005577087	ambig_opp_strand	unspliced	3419	12	ENST00000710862.1	MALAT1	ENSG00000251562.11	mrna
A00839:75:H7MFFDSXY:3:2468:13494:25676	chr11	65504958	65505107	True	-289	150M	255	0	3	0.02990114316344261	ambig_opp_strand	unspliced	3419	19	ENST00000508832.3	MALAT1	ENSG00000251562.11	mrna
A00839:75:H7MFFDSXY:3:2542:18539:9643	chr11	65504237	65504386	True	-245	150M	255	0	3	0.7396135330200195	ambig_opp_strand	unspliced	3419	12	ENST00000710862.1	MALAT1	ENSG00000251562.11	mrna
A00839:75:H7MFFDSXY:3:1419:29351:31720	chr11	65504053	65504202	False	394	150M	255	0	9	0.9889940023422241	ambig_opp_strand	spliced_implicit	3419	11	ENST00000698129.1	TALAM1	ENSG00000289740.1	mrna
A00839:75:H7MFFDSXY:3:1407:19352:36104	chr11	65502170	65502319	True	-418	150M	255	0	3	0.5195875763893127	ambig_opp_strand	unspliced	3419	20	ENST00000618132.2	MALAT1	ENSG00000251562.11	mrna
A00839:75:H7MFFDSXY:3:2453:3622:29559	chr11	65504382	65504531	False	317	150M	255	0	9	0.9095746278762817	ambig_opp_strand	unspliced	3419	20	ENST00000698129.1	TALAM1	ENSG00000289740.1	mrna
A00839:75:H7MFFDSXY:3:2239:27651:9204	chr11	65505512	65505661	False	298	150M	255	0	9	0.9354922771453857	ambig_opp_strand	unspliced	3419	6	ENST00000698129.1	TALAM1	ENSG00000289740.1	mrna
A00839:75:H7MFFDSXY:3:1469:25211:26021	chr11	65506153	65506302	False	299	150M	255	0	9	0.9501320719718933	ambig_opp_strand	unspliced	3419	5	ENST00000698129.1	TALAM1	ENSG00000289740.1	mrna
A00839:75:H7MFFDSXY:3:1377:22670:3051	chr11	65502319	65502468	False	358	150M	255	0	9	0.7657502889633179	ambig_opp_strand	unspliced	3419	13	ENST00000698129.1	TALAM1	ENSG00000289740.1	mrna
A00839:75:H7MFFDSXY:3:1556:8585:11412	chr11	65504616	65504765	True	-231	150M	255	0	3	0.11641060560941696	ambig_opp_strand	unspliced	3419	20	ENST00000710944.1	MALAT1	ENSG00000251562.11	mrna
A00839:75:H7MFFDSXY:3:2255:25120:15405	chr11	65503236	65503385	True	-371	150M	255	0	3	0.818523108959198	ambig_opp_strand	unspliced	3419	18	ENST00000618132.2	MALAT1	ENSG00000251562.11	mrna
A00839:75:H7MFFDSXY:3:1613:22978:30076	chr11	65502065	65502214	True	-222	150M	255	0	3	0.5408731698989868	ambig_opp_strand	unspliced	3419	22	ENST00000618132.2	MALAT1	ENSG00000251562.11	mrna
A00839:75:H7MFFDSXY:3:1106:8874:27445	chr11	65505639	65505788	False	476	150M	255	0	9	0.3504576086997986	ambig_opp_strand	unspliced	3419	5	ENST00000698129.1	TALAM1	ENSG00000289740.1	mrna
A00839:75:H7MFFDSXY:3:2568:24957:31031	chr11	65505601	65505750	False	387	150M	255	0	9	0.4161529541015625	ambig_opp_strand	unspliced	3419	6	ENST00000698129.1	TALAM1	ENSG00000289740.1	mrna
A00839:75:H7MFFDSXY:3:1346:3052:33771	chr11	65505378	65505527	False	379	150M	255	0	5	0.47718146443367004	ambig_opp_strand	unspliced	-1	6	.	.	.	mrna
A00839:75:H7MFFDSXY:3:1510:25093:34272	chr11	65504028	65504177	False	280	150M	255	0	9	0.9654467701911926	ambig_opp_strand	unspliced	3419	12	ENST00000698129.1	TALAM1	ENSG00000289740.1	mrna
A00839:75:H7MFFDSXY:3:2432:4616:21919	chr11	65501003	65501152	True	-332	150M	255	0	3	0.711462676525116	ambig_opp_strand	unspliced	3419	13	ENST00000710933.1	MALAT1	ENSG00000251562.11	mrna
A00839:75:H7MFFDSXY:3:2443:27371:2581	chr11	65501472	65501621	False	319	150M	255	1	9	0.9133205413818359	ambig_opp_strand	unspliced	3419	17	ENST00000698129.1	TALAM1	ENSG00000289740.1	mrna
A00839:75:H7MFFDSXY:3:2636:21169:12477	chr11	65504388	65504537	False	267	150M	255	0	9	0.9430211186408997	ambig_opp_strand	unspliced	3419	20	ENST00000698129.1	TALAM1	ENSG00000289740.1	mrna
A00839:75:H7MFFDSXY:3:1418:19108:27070	chr11	65505475	65505624	False	281	150M	255	0	9	0.9445242881774902	ambig_opp_strand	unspliced	3419	6	ENST00000698129.1	TALAM1	ENSG00000289740.1	mrna
A00839:75:H7MFFDSXY:3:2524:4860:18020	chr11	65500622	65500771	True	-247	150M	255	0	3	0.4594658315181732	ambig_opp_strand	unspliced	3419	26	ENST00000710933.1	MALAT1	ENSG00000251562.11	mrna
A00839:75:H7MFFDSXY:3:1566:13883:26850	chr11	65501044	65501191	True	-465	148M2S	255	0	3	0.6964982748031616	ambig_opp_strand	unspliced	3419	13	ENST00000710933.1	MALAT1	ENSG00000251562.11	mrna
A00839:75:H7MFFDSXY:3:1607:1289:13432	chr11	65503203	65503352	False	366	150M	255	0	5	0.29686030745506287	ambig_opp_strand	unspliced	-1	27	.	.	.	mrna
A00839:75:H7MFFDSXY:3:2167:13060:15468	chr11	65501954	65502103	True	-351	150M	255	0	3	0.2583237290382385	ambig_opp_strand	unspliced	3419	19	ENST00000710862.1	MALAT1	ENSG00000251562.11	mrna
A00839:75:H7MFFDSXY:3:2509:13621:19100	chr11	65502095	65502244	False	285	150M	255	0	9	0.9443424940109253	ambig_opp_strand	unspliced	3419	21	ENST00000698129.1	TALAM1	ENSG00000289740.1	mrna
A00839:75:H7MFFDSXY:3:2253:2293:14763	chr11	65503886	65504035	True	-186	150M	255	0	3	0.6061257719993591	ambig_opp_strand	unspliced	3419	17	ENST00000618132.2	MALAT1	ENSG00000251562.11	mrna
A00839:75:H7MFFDSXY:3:1157:24912:17425	chr11	65503134	65503283	False	356	150M	255	0	9	0.7765775322914124	ambig_opp_strand	unspliced	3419	27	ENST00000698129.1	TALAM1	ENSG00000289740.1	mrna
A00839:75:H7MFFDSXY:3:2465:5918:17065	chr11	65501059	65501208	False	278	150M	255	0	9	0.9470923542976379	ambig_opp_strand	unspliced	3419	16	ENST00000698129.1	TALAM1	ENSG00000289740.1	mrna
A00839:75:H7MFFDSXY:3:2617:23185:26897	chr11	65504760	65504909	True	-390	150M	255	0	9	0.015733180567622185	ambig_opp_strand	unspliced	3419	19	ENST00000534336.3	MALAT1	ENSG00000251562.11	mrna
A00839:75:H7MFFDSXY:3:1671:30870:25113	chr11	65503840	65503989	False	267	150M	255	0	9	0.953744649887085	ambig_opp_strand	unspliced	3419	17	ENST00000698129.1	TALAM1	ENSG00000289740.1	mrna
A00839:75:H7MFFDSXY:3:1551:7943:14184	chr11	65500821	65500970	False	269	150M	255	0	9	0.9338383078575134	ambig_opp_strand	unspliced	3419	13	ENST00000698129.1	TALAM1	ENSG00000289740.1	mrna
A00839:75:H7MFFDSXY:3:2333:14380:22827	chr11	65501553	65501702	False	228	150M	255	3	9	0.9565906524658203	ambig_opp_strand	unspliced	3419	18	ENST00000698129.1	TALAM1	ENSG00000289740.1	mrna
A00839:75:H7MFFDSXY:3:2671:21197:27618	chr11	65505745	65505894	True	-281	150M	255	0	3	0.5174745917320251	ambig_opp_strand	unspliced	3419	6	ENST00000618132.2	MALAT1	ENSG00000251562.11	mrna
A00839:75:H7MFFDSXY:3:2647:11794:7576	chr11	65500180	65500329	True	-188	150M	255	0	3	0.5394779443740845	ambig_opp_strand	unspliced	3419	26	ENST00000710935.1	MALAT1	ENSG00000251562.11	mrna
A00839:75:H7MFFDSXY:3:1110:28980:4366	chr11	65505736	65505885	False	355	150M	255	0	9	0.7796240448951721	ambig_opp_strand	unspliced	3419	6	ENST00000698129.1	TALAM1	ENSG00000289740.1	mrna
A00839:75:H7MFFDSXY:3:2515:17381:16939	chr11	65501841	65501990	False	317	150M	255	0	9	0.9166585206985474	ambig_opp_strand	unspliced	3419	20	ENST00000698129.1	TALAM1	ENSG00000289740.1	mrna
A00839:75:H7MFFDSXY:3:2544:18891:9064	chr11	65502656	65502805	False	270	150M	255	0	9	0.9605244994163513	ambig_opp_strand	unspliced	3419	20	ENST00000698129.1	TALAM1	ENSG00000289740.1	mrna
A00839:75:H7MFFDSXY:3:2119:2926:6151	chr11	65504710	65504859	True	-421	150M	255	0	3	0.09398989379405975	ambig_opp_strand	unspliced	3419	20	ENST00000710943.1	MALAT1	ENSG00000251562.11	mrna
A00839:75:H7MFFDSXY:3:1236:18304:14716	chr11	65504363	65504512	False	371	150M	255	0	9	0.6091989874839783	ambig_opp_strand	unspliced	3419	20	ENST00000698129.1	TALAM1	ENSG00000289740.1	mrna
A00839:75:H7MFFDSXY:3:2142:22987:21856	chr11	65504626	65504775	False	345	150M	255	0	9	0.8351019620895386	ambig_opp_strand	unspliced	3419	19	ENST00000698129.1	TALAM1	ENSG00000289740.1	mrna
A00839:75:H7MFFDSXY:3:2410:32524:19022	chr11	65501701	65501850	False	170	150M	255	0	9	0.9514095187187195	ambig_opp_strand	unspliced	3419	18	ENST00000698129.1	TALAM1	ENSG00000289740.1	mrna
A00839:75:H7MFFDSXY:3:2558:17517:33739	chr11	65504407	65504556	True	-329	150M	255	0	9	0.05823396518826485	ambig_opp_strand	unspliced	3419	12	ENST00000534336.3	MALAT1	ENSG00000251562.11	mrna
A00839:75:H7MFFDSXY:3:2511:28031:20823	chr11	65503940	65504089	True	-216	150M	255	0	3	0.6061673164367676	ambig_opp_strand	unspliced	3419	17	ENST00000618132.2	MALAT1	ENSG00000251562.11	mrna
A00839:75:H7MFFDSXY:3:2502:9769:18380	chr11	65501484	65501633	False	318	150M	255	0	9	0.9154367446899414	ambig_opp_strand	unspliced	3419	17	ENST00000698129.1	TALAM1	ENSG00000289740.1	mrna
A00839:75:H7MFFDSXY:3:2337:17237:12806	chr11	65501236	65501362	True	-448	127M	255	5	5	0.07406404614448547	ambig_opp_strand	unspliced	-1	13	.	.	.	mrna
A00839:75:H7MFFDSXY:3:2235:13196:14920	chr11	65502265	65502414	True	-361	150M	255	0	3	0.9402643442153931	ambig_opp_strand	unspliced	3419	11	ENST00000618132.2	MALAT1	ENSG00000251562.11	mrna
A00839:75:H7MFFDSXY:3:1274:22055:26725	chr11	65500655	65500804	False	262	150M	255	0	9	0.9358126521110535	ambig_opp_strand	unspliced	3419	13	ENST00000698129.1	TALAM1	ENSG00000289740.1	mrna
A00839:75:H7MFFDSXY:3:1150:4824:35994	chr11	65501345	65501494	False	366	150M	255	2	9	0.6820394992828369	ambig_opp_strand	unspliced	3419	16	ENST00000698129.1	TALAM1	ENSG00000289740.1	mrna
A00839:75:H7MFFDSXY:3:2215:9390:21793	chr11	65504740	65504889	False	332	150M	255	0	9	0.8769799470901489	ambig_opp_strand	unspliced	3419	19	ENST00000698129.1	TALAM1	ENSG00000289740.1	mrna
A00839:75:H7MFFDSXY:3:1665:27254:5885	chr11	65504564	65504713	False	286	150M	255	0	9	0.9362019300460815	ambig_opp_strand	unspliced	3419	20	ENST00000698129.1	TALAM1	ENSG00000289740.1	mrna
A00839:75:H7MFFDSXY:3:1674:10059:25144	chr11	65500303	65500452	True	-338	150M	255	0	3	0.5385186076164246	ambig_opp_strand	unspliced	3419	26	ENST00000710935.1	MALAT1	ENSG00000251562.11	mrna
A00839:75:H7MFFDSXY:3:2107:27145:26396	chr11	65501248	65501397	False	260	150M	255	0	9	0.9526335000991821	ambig_opp_strand	unspliced	3419	16	ENST00000698129.1	TALAM1	ENSG00000289740.1	mrna
A00839:75:H7MFFDSXY:3:1650:31096:29262	chr11	65501005	65501154	False	151	150M	255	0	9	0.9259327054023743	ambig_opp_strand	unspliced	3419	15	ENST00000698129.1	TALAM1	ENSG00000289740.1	mrna
A00839:75:H7MFFDSXY:3:1569:10990:26663	chr11	65505998	65506146	True	-317	113M1I36M	255	1	3	0.5112950801849365	ambig_opp_strand	unspliced	3419	5	ENST00000710862.1	MALAT1	ENSG00000251562.11	mrna
A00839:75:H7MFFDSXY:3:1313:6180:30608	chr11	65501762	65501911	True	-296	150M	255	0	3	0.5432317852973938	ambig_opp_strand	unspliced	3419	18	ENST00000618132.2	MALAT1	ENSG00000251562.11	mrna
A00839:75:H7MFFDSXY:3:2402:24885:24674	chr11	65504694	65504843	True	-227	150M	255	0	3	0.42722049355506897	ambig_opp_strand	unspliced	3419	20	ENST00000618132.2	MALAT1	ENSG00000251562.11	mrna
A00839:75:H7MFFDSXY:3:2319:14570:33489	chr11	65501594	65501743	False	184	150M	255	0	9	0.9544636607170105	ambig_opp_strand	unspliced	3419	18	ENST00000698129.1	TALAM1	ENSG00000289740.1	mrna
A00839:75:H7MFFDSXY:3:2125:29360:9189	chr11	65501591	65501740	True	-283	150M	255	0	3	0.12366358190774918	ambig_opp_strand	unspliced	3419	17	ENST00000710943.1	MALAT1	ENSG00000251562.11	mrna
A00839:75:H7MFFDSXY:3:1309:27651:4664	chr11	65504599	65504748	False	203	150M	255	0	9	0.9483898878097534	ambig_opp_strand	unspliced	3419	20	ENST00000698129.1	TALAM1	ENSG00000289740.1	mrna
A00839:75:H7MFFDSXY:3:2621:6470:19335	chr11	65500894	65501043	True	-282	150M	255	2	3	0.7121801376342773	ambig_opp_strand	unspliced	3419	13	ENST00000710933.1	MALAT1	ENSG00000251562.11	mrna
A00839:75:H7MFFDSXY:3:1367:22987:1626	chr11	65506385	65506530	False	146	146M	255	0	9	0.9655435085296631	ambig_opp_strand	unspliced	3419	3	ENST00000698129.1	TALAM1	ENSG00000289740.1	mrna
A00839:75:H7MFFDSXY:3:1649:22815:5838	chr11	65502153	65502270	True	-118	118M	255	0	3	0.2574213743209839	ambig_opp_strand	unspliced	3419	22	ENST00000710862.1	MALAT1	ENSG00000251562.11	mrna
A00839:75:H7MFFDSXY:3:1270:28908:25755	chr11	65503291	65503440	True	-384	150M	255	0	3	0.8020161390304565	ambig_opp_strand	unspliced	3419	18	ENST00000618132.2	MALAT1	ENSG00000251562.11	mrna
A00839:75:H7MFFDSXY:3:1306:6813:17268	chr11	65500937	65501087	False	205	72M1D78M	255	2	9	0.9397985339164734	ambig_opp_strand	unspliced	3419	15	ENST00000698129.1	TALAM1	ENSG00000289740.1	mrna
A00839:75:H7MFFDSXY:3:2240:19678:33755	chr11	65505300	65505449	False	270	150M	255	0	9	0.9483991861343384	ambig_opp_strand	unspliced	3419	8	ENST00000698129.1	TALAM1	ENSG00000289740.1	mrna
A00839:75:H7MFFDSXY:3:1268:10881:37027	chr11	65503216	65503365	False	251	150M	255	0	9	0.9569349884986877	ambig_opp_strand	unspliced	3419	27	ENST00000698129.1	TALAM1	ENSG00000289740.1	mrna
A00839:75:H7MFFDSXY:3:1329:7988:9815	chr11	65504689	65504838	True	-220	150M	255	0	3	0.20400309562683105	ambig_opp_strand	unspliced	3419	20	ENST00000710862.1	MALAT1	ENSG00000251562.11	mrna
A00839:75:H7MFFDSXY:3:1226:3712:32910	chr11	65505824	65505973	True	-284	150M	255	0	3	0.5174601078033447	ambig_opp_strand	unspliced	3419	6	ENST00000618132.2	MALAT1	ENSG00000251562.11	mrna
A00839:75:H7MFFDSXY:3:1616:11026:11256	chr11	65503633	65503782	True	-360	150M	255	0	3	0.015571562573313713	ambig_opp_strand	unspliced	3419	23	ENST00000710948.1	MALAT1	ENSG00000251562.11	mrna
A00839:75:H7MFFDSXY:3:2302:20392:6558	chr11	65501067	65501216	False	344	150M	255	0	9	0.844504714012146	ambig_opp_strand	unspliced	3419	16	ENST00000698129.1	TALAM1	ENSG00000289740.1	mrna
A00839:75:H7MFFDSXY:3:1538:21477:34961	chr11	65505485	65505634	False	310	150M	255	0	9	0.9242309331893921	ambig_opp_strand	unspliced	3419	6	ENST00000698129.1	TALAM1	ENSG00000289740.1	mrna
A00839:75:H7MFFDSXY:3:1415:6117:14810	chr11	65505074	65505223	True	-186	150M	255	0	3	0.09979035705327988	ambig_opp_strand	unspliced	3419	19	ENST00000710944.1	MALAT1	ENSG00000251562.11	mrna
A00839:75:H7MFFDSXY:3:1219:6352:5134	chr11	65504224	65504374	True	-328	85M1D65M	255	2	3	0.7363146543502808	ambig_opp_strand	unspliced	3419	12	ENST00000710862.1	MALAT1	ENSG00000251562.11	mrna
A00839:75:H7MFFDSXY:3:1676:17833:9204	chr11	65505475	65505624	False	232	150M	255	0	9	0.9550853967666626	ambig_opp_strand	unspliced	3419	6	ENST00000698129.1	TALAM1	ENSG00000289740.1	mrna
A00839:75:H7MFFDSXY:3:2466:23357:14105	chr11	65500365	65500514	False	301	150M	255	0	9	0.9253196120262146	ambig_opp_strand	unspliced	3419	26	ENST00000698129.1	TALAM1	ENSG00000289740.1	mrna
A00839:75:H7MFFDSXY:3:2204:11849:14622	chr11	65505869	65506018	False	272	150M	255	0	9	0.9636643528938293	ambig_opp_strand	unspliced	3419	5	ENST00000698129.1	TALAM1	ENSG00000289740.1	mrna
A00839:75:H7MFFDSXY:3:1140:21649:26209	chr11	65505567	65505716	False	362	150M	255	0	9	0.7217041254043579	ambig_opp_strand	unspliced	3419	6	ENST00000698129.1	TALAM1	ENSG00000289740.1	mrna
A00839:75:H7MFFDSXY:3:1259:8856:25911	chr11	65504567	65504716	True	-257	150M	255	0	3	0.20398950576782227	ambig_opp_strand	unspliced	3419	20	ENST00000710862.1	MALAT1	ENSG00000251562.11	mrna
A00839:75:H7MFFDSXY:3:2511:8712:36746	chr11	65504010	65504159	False	386	150M	255	1	5	0.5635227560997009	ambig_opp_strand	unspliced	-1	12	.	.	.	mrna
A00839:75:H7MFFDSXY:3:2323:16993:25128	chr11	65503435	65503584	True	-278	150M	255	0	3	0.28252553939819336	ambig_opp_strand	unspliced	3419	27	ENST00000710862.1	MALAT1	ENSG00000251562.11	mrna
A00839:75:H7MFFDSXY:3:1241:12219:19366	chr11	65501402	65501551	True	-273	150M	255	0	3	0.544143795967102	ambig_opp_strand	unspliced	3419	16	ENST00000618132.2	MALAT1	ENSG00000251562.11	mrna
A00839:75:H7MFFDSXY:3:2301:12274:32017	chr11	65500389	65500538	True	-353	150M	255	0	3	0.19518131017684937	ambig_opp_strand	unspliced	3419	26	ENST00000710862.1	MALAT1	ENSG00000251562.11	mrna
A00839:75:H7MFFDSXY:3:1309:16812:24972	chr11	65505624	65505773	True	-256	150M	255	0	3	0.5175749063491821	ambig_opp_strand	unspliced	3419	6	ENST00000618132.2	MALAT1	ENSG00000251562.11	mrna
A00839:75:H7MFFDSXY:3:1254:17644:10128	chr11	65504743	65504892	False	275	150M	255	0	9	0.9341269731521606	ambig_opp_strand	unspliced	3419	21	ENST00000698129.1	TALAM1	ENSG00000289740.1	mrna
A00839:75:H7MFFDSXY:3:2430:3450:8406	chr11	65505161	65505310	False	339	150M	255	0	9	0.8675702810287476	ambig_opp_strand	unspliced	3419	8	ENST00000698129.1	TALAM1	ENSG00000289740.1	mrna
A00839:75:H7MFFDSXY:3:2347:25355:2347	chr11	65503664	65503805	True	-142	142M	255	0	3	0.28439170122146606	ambig_opp_strand	unspliced	3419	19	ENST00000710862.1	MALAT1	ENSG00000251562.11	mrna
A00839:75:H7MFFDSXY:3:1416:31213:5196	chr11	65501683	65501832	False	229	150M	255	0	9	0.9565070867538452	ambig_opp_strand	unspliced	3419	18	ENST00000698129.1	TALAM1	ENSG00000289740.1	mrna
A00839:75:H7MFFDSXY:3:2215:24144:19570	chr11	65504572	65504721	False	334	150M	255	0	9	0.8777256011962891	ambig_opp_strand	unspliced	3419	19	ENST00000698129.1	TALAM1	ENSG00000289740.1	mrna
A00839:75:H7MFFDSXY:3:1260:30147:10238	chr11	65502592	65502741	True	-339	150M	255	0	3	0.9464211463928223	ambig_opp_strand	unspliced	3419	13	ENST00000618132.2	MALAT1	ENSG00000251562.11	mrna
A00839:75:H7MFFDSXY:3:2323:23547:25833	chr11	65503891	65504040	False	234	150M	255	0	9	0.9592969417572021	ambig_opp_strand	unspliced	3419	17	ENST00000698129.1	TALAM1	ENSG00000289740.1	mrna
A00839:75:H7MFFDSXY:3:1167:8847:24486	chr11	65506292	65506441	False	297	150M	255	0	9	0.9658483862876892	ambig_opp_strand	unspliced	3419	3	ENST00000698129.1	TALAM1	ENSG00000289740.1	mrna
A00839:75:H7MFFDSXY:3:2507:5348:14888	chr11	65504539	65504688	True	-458	150M	255	0	3	0.6715322732925415	ambig_opp_strand	unspliced	3419	11	ENST00000710862.1	MALAT1	ENSG00000251562.11	mrna
A00839:75:H7MFFDSXY:3:1470:28646:33442	chr11	65501188	65501337	False	230	150M	255	0	9	0.9566372036933899	ambig_opp_strand	unspliced	3419	16	ENST00000698129.1	TALAM1	ENSG00000289740.1	mrna
A00839:75:H7MFFDSXY:3:1511:2609:14967	chr11	65503871	65504020	True	-459	150M	255	0	3	0.5807306170463562	ambig_opp_strand	unspliced	3419	17	ENST00000618132.2	MALAT1	ENSG00000251562.11	mrna
A00839:75:H7MFFDSXY:3:2374:11270:27524	chr11	65503821	65503970	True	-174	150M	255	0	3	0.6060940027236938	ambig_opp_strand	unspliced	3419	17	ENST00000618132.2	MALAT1	ENSG00000251562.11	mrna
A00839:75:H7MFFDSXY:3:1631:32723:5525	chr11	65504048	65504197	True	-353	150M	255	0	3	0.015918467193841934	ambig_opp_strand	unspliced	3419	17	ENST00000710948.1	MALAT1	ENSG00000251562.11	mrna
A00839:75:H7MFFDSXY:3:1159:7337:26944	chr11	65500429	65500578	False	441	150M	255	0	5	0.6159332990646362	ambig_opp_strand	unspliced	-1	12	.	.	.	mrna
A00839:75:H7MFFDSXY:3:2578:2663:27242	chr11	65500415	65500564	False	306	150M	255	0	9	0.8914828300476074	ambig_opp_strand	unspliced	3419	27	ENST00000698129.1	TALAM1	ENSG00000289740.1	mrna
A00839:75:H7MFFDSXY:3:2448:13196:12947	chr11	65505690	65505839	True	-209	150M	255	0	3	0.516547441482544	ambig_opp_strand	unspliced	3419	7	ENST00000618132.2	MALAT1	ENSG00000251562.11	mrna
A00839:75:H7MFFDSXY:3:2303:24867:2816	chr11	65504871	65505020	True	-210	150M	255	0	3	0.08318313211202621	ambig_opp_strand	unspliced	3419	22	ENST00000710943.1	MALAT1	ENSG00000251562.11	mrna
A00839:75:H7MFFDSXY:3:1230:8223:5838	chr11	65502583	65502732	False	280	150M	255	0	5	0.023647552356123924	ambig_opp_strand	unspliced	-1	15	.	.	.	mrna
A00839:75:H7MFFDSXY:3:1302:9950:9392	chr11	65501835	65501984	True	-291	150M	255	0	3	0.12351792305707932	ambig_opp_strand	unspliced	3419	18	ENST00000710943.1	MALAT1	ENSG00000251562.11	mrna
A00839:75:H7MFFDSXY:3:2528:17183:10113	chr11	65504645	65504794	True	-362	150M	255	0	3	0.4245463013648987	ambig_opp_strand	unspliced	3419	20	ENST00000618132.2	MALAT1	ENSG00000251562.11	mrna
A00839:75:H7MFFDSXY:3:2530:7789:4586	chr11	65501911	65502060	False	395	150M	255	1	5	0.6145619750022888	ambig_opp_strand	unspliced	-1	20	.	.	.	mrna
A00839:75:H7MFFDSXY:3:2357:20329:11553	chr11	65504127	65504276	True	-393	150M	255	0	3	0.667793333530426	ambig_opp_strand	unspliced	3419	12	ENST00000710862.1	MALAT1	ENSG00000251562.11	mrna
A00839:75:H7MFFDSXY:3:2404:9670:36025	chr11	65501542	65501691	True	-408	150M	255	0	3	0.523097038269043	ambig_opp_strand	unspliced	3419	16	ENST00000618132.2	MALAT1	ENSG00000251562.11	mrna
A00839:75:H7MFFDSXY:3:1244:9598:9940	chr11	65503466	65503615	False	285	150M	255	0	9	0.9468954801559448	ambig_opp_strand	unspliced	3419	23	ENST00000698129.1	TALAM1	ENSG00000289740.1	mrna
A00839:75:H7MFFDSXY:3:1105:12635:13291	chr11	65505467	65505616	True	-367	150M	255	0	3	0.24347203969955444	ambig_opp_strand	unspliced	3419	8	ENST00000710862.1	MALAT1	ENSG00000251562.11	mrna
A00839:75:H7MFFDSXY:3:2169:14434:2910	chr11	65500756	65500905	True	-346	150M	255	0	3	0.7107172608375549	ambig_opp_strand	unspliced	3419	13	ENST00000710933.1	MALAT1	ENSG00000251562.11	mrna
A00839:75:H7MFFDSXY:3:1360:21513:19241	chr11	65505558	65505707	True	-387	150M	255	0	3	0.20896238088607788	ambig_opp_strand	unspliced	3419	6	ENST00000710951.1	MALAT1	ENSG00000251562.11	mrna
A00839:75:H7MFFDSXY:3:2327:15863:28244	chr11	65506001	65506150	True	-478	150M	255	0	3	0.4179553687572479	ambig_opp_strand	unspliced	3419	5	ENST00000710951.1	MALAT1	ENSG00000251562.11	mrna
A00839:75:H7MFFDSXY:3:1264:8052:36542	chr11	65503044	65503193	False	390	150M	255	0	9	0.4104180634021759	ambig_opp_strand	unspliced	3419	18	ENST00000698129.1	TALAM1	ENSG00000289740.1	mrna
A00839:75:H7MFFDSXY:3:2518:21314:30452	chr11	65500690	65500839	False	165	150M	255	0	9	0.9334709048271179	ambig_opp_strand	unspliced	3419	13	ENST00000698129.1	TALAM1	ENSG00000289740.1	mrna
A00839:75:H7MFFDSXY:3:2245:11107:16877	chr11	65503953	65504102	False	231	150M	255	0	9	0.9594399929046631	ambig_opp_strand	unspliced	3419	17	ENST00000698129.1	TALAM1	ENSG00000289740.1	mrna
A00839:75:H7MFFDSXY:3:2142:5963:27101	chr11	65502138	65502287	True	-320	150M	255	0	3	0.5402706861495972	ambig_opp_strand	unspliced	3419	21	ENST00000618132.2	MALAT1	ENSG00000251562.11	mrna
A00839:75:H7MFFDSXY:3:2613:32515:15781	chr11	65506365	65506514	False	173	150M	255	1	9	0.9814199209213257	ambig_opp_strand	unspliced	3419	3	ENST00000698129.1	TALAM1	ENSG00000289740.1	mrna
A00839:75:H7MFFDSXY:3:2228:30083:19554	chr11	65501062	65501211	False	410	150M	255	0	9	0.3833429217338562	ambig_opp_strand	unspliced	3419	16	ENST00000698129.1	TALAM1	ENSG00000289740.1	mrna
A00839:75:H7MFFDSXY:3:1321:20211:13698	chr11	65502315	65502464	True	-356	150M	255	0	3	0.9410885572433472	ambig_opp_strand	unspliced	3419	12	ENST00000618132.2	MALAT1	ENSG00000251562.11	mrna
A00839:75:H7MFFDSXY:3:1673:3305:6934	chr11	65506506	65506655	True	-343	150M	255	0	9	0.8565978407859802	ambig_opp_strand	unspliced	3419	3	ENST00000534336.3	MALAT1	ENSG00000251562.11	mrna
A00839:75:H7MFFDSXY:3:2477:28221:16391	chr11	65504333	65504482	False	410	150M	255	0	5	0.6024827361106873	ambig_opp_strand	unspliced	-1	20	.	.	.	mrna
A00839:75:H7MFFDSXY:3:1414:1895:26224	chr11	65505074	65505223	True	-322	150M	255	0	3	0.0997072234749794	ambig_opp_strand	unspliced	3419	19	ENST00000710944.1	MALAT1	ENSG00000251562.11	mrna
A00839:75:H7MFFDSXY:3:1271:8820:14794	chr11	65500977	65501126	True	-280	150M	255	0	3	0.16413995623588562	ambig_opp_strand	unspliced	3419	13	ENST00000710862.1	MALAT1	ENSG00000251562.11	mrna
A00839:75:H7MFFDSXY:3:1418:16342:9345	chr11	65503184	65503333	False	372	150M	255	0	9	0.6146962642669678	ambig_opp_strand	unspliced	3419	27	ENST00000698129.1	TALAM1	ENSG00000289740.1	mrna
A00839:75:H7MFFDSXY:3:1356:16486:1485	chr11	65504191	65504321	False	206	131M17S	255	2	9	0.9756361246109009	ambig_opp_strand	unspliced	3419	12	ENST00000698129.1	TALAM1	ENSG00000289740.1	mrna
A00839:75:H7MFFDSXY:3:1610:20817:8015	chr11	65500567	65500716	True	-228	150M	255	0	3	0.4595033824443817	ambig_opp_strand	unspliced	3419	27	ENST00000710933.1	MALAT1	ENSG00000251562.11	mrna
A00839:75:H7MFFDSXY:3:2260:6605:25488	chr11	65502212	65502361	False	389	150M	255	0	9	0.37732210755348206	ambig_opp_strand	unspliced	3419	12	ENST00000698129.1	TALAM1	ENSG00000289740.1	mrna
A00839:75:H7MFFDSXY:3:1346:13431:11412	chr11	65503686	65503835	False	317	150M	255	0	9	0.9195470213890076	ambig_opp_strand	unspliced	3419	17	ENST00000698129.1	TALAM1	ENSG00000289740.1	mrna
A00839:75:H7MFFDSXY:3:1460:5764:14857	chr11	65502405	65502546	True	-328	8S142M	255	4	3	0.9480805397033691	ambig_opp_strand	unspliced	3419	12	ENST00000618132.2	MALAT1	ENSG00000251562.11	mrna
A00839:75:H7MFFDSXY:3:2349:13476:14058	chr11	65504522	65504671	False	384	150M	255	0	5	0.5311910510063171	ambig_opp_strand	unspliced	-1	19	.	.	.	mrna
A00839:75:H7MFFDSXY:3:2249:30409:20149	chr11	65503238	65503387	False	200	150M	255	0	9	0.9584984183311462	ambig_opp_strand	unspliced	3419	27	ENST00000698129.1	TALAM1	ENSG00000289740.1	mrna
A00839:75:H7MFFDSXY:3:1373:15465:21198	chr11	65501513	65501662	False	314	150M	255	0	9	0.920352041721344	ambig_opp_strand	unspliced	3419	17	ENST00000698129.1	TALAM1	ENSG00000289740.1	mrna
A00839:75:H7MFFDSXY:3:1350:8214:19194	chr11	65504740	65504889	True	-320	150M	255	0	3	0.4269811511039734	ambig_opp_strand	unspliced	3419	19	ENST00000618132.2	MALAT1	ENSG00000251562.11	mrna
A00839:75:H7MFFDSXY:3:2215:9362:12978	chr11	65504830	65504979	False	474	150M	255	0	5	0.6107106804847717	ambig_opp_strand	unspliced	-1	15	.	.	.	mrna
A00839:75:H7MFFDSXY:3:1320:28393:19789	chr11	65500128	65500277	False	654	150M	255	0	9	0.9640085697174072	ambig_opp_strand	spliced_implicit	3419	22	ENST00000698129.1	TALAM1	ENSG00000289740.1	mrna
A00839:75:H7MFFDSXY:3:2346:29577:3145	chr11	65505834	65505983	True	-326	150M	255	0	3	0.21503803133964539	ambig_opp_strand	unspliced	3419	6	ENST00000710951.1	MALAT1	ENSG00000251562.11	mrna
A00839:75:H7MFFDSXY:3:2320:31783:29011	chr11	65500178	65500327	True	-359	150M	255	0	3	0.6039662957191467	ambig_opp_strand	unspliced	3419	25	ENST00000710935.1	MALAT1	ENSG00000251562.11	mrna
A00839:75:H7MFFDSXY:3:1520:18141:31062	chr11	65503970	65504118	False	371	149M1S	255	2	5	0.3728466331958771	ambig_opp_strand	unspliced	-1	12	.	.	.	mrna
A00839:75:H7MFFDSXY:3:1519:18285:9173	chr11	65506447	65506596	True	-271	150M	255	0	9	0.9752935767173767	ambig_opp_strand	unspliced	3419	3	ENST00000534336.3	MALAT1	ENSG00000251562.11	mrna
A00839:75:H7MFFDSXY:3:1622:29378:21120	chr11	65503133	65503282	False	286	150M	255	0	9	0.9461521506309509	ambig_opp_strand	unspliced	3419	27	ENST00000698129.1	TALAM1	ENSG00000289740.1	mrna
A00839:75:H7MFFDSXY:3:1150:18285:13808	chr11	65505245	65505394	False	244	150M	255	0	9	0.9540032744407654	ambig_opp_strand	unspliced	3419	8	ENST00000698129.1	TALAM1	ENSG00000289740.1	mrna
A00839:75:H7MFFDSXY:3:1523:22227:19914	chr11	65505148	65505297	False	308	150M	255	0	9	0.9263553619384766	ambig_opp_strand	unspliced	3419	8	ENST00000698129.1	TALAM1	ENSG00000289740.1	mrna
A00839:75:H7MFFDSXY:3:2102:25283:28588	chr11	65504342	65504491	False	370	150M	255	0	9	0.6281169652938843	ambig_opp_strand	unspliced	3419	20	ENST00000698129.1	TALAM1	ENSG00000289740.1	mrna
A00839:75:H7MFFDSXY:3:1509:2474:22373	chr11	65504362	65504511	False	256	150M	255	0	9	0.945910632610321	ambig_opp_strand	unspliced	3419	20	ENST00000698129.1	TALAM1	ENSG00000289740.1	mrna
A00839:75:H7MFFDSXY:3:1265:21468:1313	chr11	65501003	65501152	False	383	150M	255	0	9	0.45582181215286255	ambig_opp_strand	unspliced	3419	13	ENST00000698129.1	TALAM1	ENSG00000289740.1	mrna
A00839:75:H7MFFDSXY:3:1173:11722:13589	chr11	65500512	65500661	True	-282	150M	255	0	3	0.19589293003082275	ambig_opp_strand	unspliced	3419	26	ENST00000710862.1	MALAT1	ENSG00000251562.11	mrna
A00839:75:H7MFFDSXY:3:1354:19786:34006	chr11	65500031	65500180	False	373	150M	255	0	5	0.38564303517341614	ambig_opp_strand	unspliced	-1	26	.	.	.	mrna
A00839:75:H7MFFDSXY:3:1536:12825:14873	chr11	65505804	65505953	False	259	150M	255	0	9	0.9515421986579895	ambig_opp_strand	unspliced	3419	6	ENST00000698129.1	TALAM1	ENSG00000289740.1	mrna
A00839:75:H7MFFDSXY:3:2508:9390:6136	chr11	65500770	65500919	True	-295	150M	255	0	3	0.7120990753173828	ambig_opp_strand	unspliced	3419	13	ENST00000710933.1	MALAT1	ENSG00000251562.11	mrna
A00839:75:H7MFFDSXY:3:1378:18240:12759	chr11	65504174	65504319	False	389	146M4S	255	0	5	0.6174672245979309	ambig_opp_strand	unspliced	-1	12	.	.	.	mrna
A00839:75:H7MFFDSXY:3:2556:7880:30326	chr11	65503431	65503580	True	-439	150M	255	0	3	0.5673558712005615	ambig_opp_strand	unspliced	3419	27	ENST00000618132.2	MALAT1	ENSG00000251562.11	mrna
A00839:75:H7MFFDSXY:3:1420:1108:32409	chr11	65502551	65502700	False	182	150M	255	5	9	0.9663541316986084	ambig_opp_strand	unspliced	3419	15	ENST00000698129.1	TALAM1	ENSG00000289740.1	mrna
A00839:75:H7MFFDSXY:3:1248:16586:13088	chr11	65504190	65504339	False	300	150M	255	0	9	0.9532805681228638	ambig_opp_strand	unspliced	3419	12	ENST00000698129.1	TALAM1	ENSG00000289740.1	mrna
A00839:75:H7MFFDSXY:3:2337:5141:16689	chr11	65505387	65505536	False	276	150M	255	1	9	0.9463100433349609	ambig_opp_strand	unspliced	3419	8	ENST00000698129.1	TALAM1	ENSG00000289740.1	mrna
A00839:75:H7MFFDSXY:3:2238:22932:12273	chr11	65500760	65500909	True	-343	150M	255	0	3	0.710917055606842	ambig_opp_strand	unspliced	3419	13	ENST00000710933.1	MALAT1	ENSG00000251562.11	mrna
A00839:75:H7MFFDSXY:3:1170:31973:3411	chr11	65503196	65503345	False	365	150M	255	0	9	0.7015554904937744	ambig_opp_strand	unspliced	3419	27	ENST00000698129.1	TALAM1	ENSG00000289740.1	mrna
A00839:75:H7MFFDSXY:3:2416:5141:15749	chr11	65505867	65506016	True	-369	150M	255	3	3	0.21296396851539612	ambig_opp_strand	unspliced	3419	6	ENST00000710951.1	MALAT1	ENSG00000251562.11	mrna
A00839:75:H7MFFDSXY:3:2528:11867:23328	chr11	65504711	65504860	False	367	150M	255	0	9	0.6652867794036865	ambig_opp_strand	unspliced	3419	19	ENST00000698129.1	TALAM1	ENSG00000289740.1	mrna
A00839:75:H7MFFDSXY:3:2409:27570:12602	chr11	65502310	65502459	False	378	150M	255	0	9	0.5287159085273743	ambig_opp_strand	unspliced	3419	13	ENST00000698129.1	TALAM1	ENSG00000289740.1	mrna
A00839:75:H7MFFDSXY:3:2263:17002:35164	chr11	65505456	65505605	False	324	150M	255	0	9	0.9051281213760376	ambig_opp_strand	unspliced	3419	6	ENST00000698129.1	TALAM1	ENSG00000289740.1	mrna
A00839:75:H7MFFDSXY:3:1447:16929:6480	chr11	65501636	65501785	False	152	150M	255	0	9	0.9432788491249084	ambig_opp_strand	unspliced	3419	18	ENST00000698129.1	TALAM1	ENSG00000289740.1	mrna
A00839:75:H7MFFDSXY:3:2657:31575:33473	chr11	65501441	65501590	False	256	150M	255	2	9	0.9537368416786194	ambig_opp_strand	unspliced	3419	17	ENST00000698129.1	TALAM1	ENSG00000289740.1	mrna
A00839:75:H7MFFDSXY:3:1378:24071:4946	chr11	65502235	65502384	True	-180	150M	255	0	3	0.5403133630752563	ambig_opp_strand	unspliced	3419	23	ENST00000618132.2	MALAT1	ENSG00000251562.11	mrna
A00839:75:H7MFFDSXY:3:1365:13132:22733	chr11	65501311	65501460	True	-176	150M	255	1	3	0.12315963208675385	ambig_opp_strand	unspliced	3419	17	ENST00000710943.1	MALAT1	ENSG00000251562.11	mrna
A00839:75:H7MFFDSXY:3:1206:1579:34695	chr11	65500599	65500748	True	-477	150M	255	0	3	0.5266004800796509	ambig_opp_strand	unspliced	3419	26	ENST00000710935.1	MALAT1	ENSG00000251562.11	mrna
A00839:75:H7MFFDSXY:3:1230:3983:20290	chr11	65504290	65504441	False	228	19M2D131M	255	2	9	0.975828230381012	ambig_opp_strand	unspliced	3419	12	ENST00000698129.1	TALAM1	ENSG00000289740.1	mrna
A00839:75:H7MFFDSXY:3:2301:21350:23062	chr11	65505224	65505373	True	-247	150M	255	0	3	0.36695143580436707	ambig_opp_strand	unspliced	3419	15	ENST00000618132.2	MALAT1	ENSG00000251562.11	mrna
A00839:75:H7MFFDSXY:3:1559:9769:16063	chr11	65505570	65505719	False	178	150M	255	0	9	0.9518324136734009	ambig_opp_strand	unspliced	3419	6	ENST00000698129.1	TALAM1	ENSG00000289740.1	mrna
A00839:75:H7MFFDSXY:3:1349:11180:24142	chr11	65500908	65501057	True	-364	150M	255	0	3	0.0777357816696167	ambig_opp_strand	unspliced	3419	13	ENST00000710943.1	MALAT1	ENSG00000251562.11	mrna
A00839:75:H7MFFDSXY:3:2371:17924:8046	chr11	65505130	65505279	True	-435	150M	255	0	3	0.1493007093667984	ambig_opp_strand	unspliced	3419	19	ENST00000710951.1	MALAT1	ENSG00000251562.11	mrna
A00839:75:H7MFFDSXY:3:1375:23231:26099	chr11	65504524	65504673	True	-188	150M	255	0	3	0.11640684306621552	ambig_opp_strand	unspliced	3419	20	ENST00000710944.1	MALAT1	ENSG00000251562.11	mrna
A00839:75:H7MFFDSXY:3:2526:12717:26804	chr11	65504458	65504607	True	-315	150M	255	0	3	0.7421231269836426	ambig_opp_strand	unspliced	3419	11	ENST00000710862.1	MALAT1	ENSG00000251562.11	mrna
A00839:75:H7MFFDSXY:3:1504:31051:36292	chr11	65501327	65501476	False	234	150M	255	0	9	0.9563261866569519	ambig_opp_strand	unspliced	3419	16	ENST00000698129.1	TALAM1	ENSG00000289740.1	mrna
A00839:75:H7MFFDSXY:3:1520:20880:6433	chr11	65505286	65505435	True	-171	150M	255	0	3	0.1735302060842514	ambig_opp_strand	unspliced	3419	16	ENST00000710862.1	MALAT1	ENSG00000251562.11	mrna
A00839:75:H7MFFDSXY:3:2634:31955:18850	chr11	65505366	65505515	False	317	150M	255	0	9	0.9154475927352905	ambig_opp_strand	unspliced	3419	6	ENST00000698129.1	TALAM1	ENSG00000289740.1	mrna
A00839:75:H7MFFDSXY:3:1248:8061:13228	chr11	65503975	65504124	False	284	150M	255	0	9	0.9635921716690063	ambig_opp_strand	unspliced	3419	12	ENST00000698129.1	TALAM1	ENSG00000289740.1	mrna
A00839:75:H7MFFDSXY:3:1401:21630:16845	chr11	65505562	65505711	True	-429	150M	255	0	3	0.5002328753471375	ambig_opp_strand	unspliced	3419	6	ENST00000618132.2	MALAT1	ENSG00000251562.11	mrna
A00839:75:H7MFFDSXY:3:1268:20021:27806	chr11	65503627	65503776	False	391	150M	255	0	5	0.6200208067893982	ambig_opp_strand	unspliced	-1	17	.	.	.	mrna
A00839:75:H7MFFDSXY:3:1219:5493:30577	chr11	65503408	65503557	False	314	150M	255	0	9	0.9226187467575073	ambig_opp_strand	unspliced	3419	23	ENST00000698129.1	TALAM1	ENSG00000289740.1	mrna
A00839:75:H7MFFDSXY:3:2478:11297:3709	chr11	65500647	65500796	False	298	150M	255	0	9	0.9209719300270081	ambig_opp_strand	unspliced	3419	13	ENST00000698129.1	TALAM1	ENSG00000289740.1	mrna
A00839:75:H7MFFDSXY:3:2111:32036:4022	chr11	65503601	65503750	False	275	150M	255	0	9	0.9506738781929016	ambig_opp_strand	unspliced	3419	19	ENST00000698129.1	TALAM1	ENSG00000289740.1	mrna
A00839:75:H7MFFDSXY:3:2260:22209:36354	chr11	65506253	65506402	False	313	150M	255	0	9	0.9491897821426392	ambig_opp_strand	unspliced	3419	3	ENST00000698129.1	TALAM1	ENSG00000289740.1	mrna
A00839:75:H7MFFDSXY:3:2466:18656:9471	chr11	65500617	65500766	False	205	150M	255	0	9	0.9398475885391235	ambig_opp_strand	unspliced	3419	13	ENST00000698129.1	TALAM1	ENSG00000289740.1	mrna
A00839:75:H7MFFDSXY:3:1623:18765:22717	chr11	65500889	65501020	False	273	132M18S	255	0	9	0.9328098893165588	ambig_opp_strand	unspliced	3419	13	ENST00000698129.1	TALAM1	ENSG00000289740.1	mrna
A00839:75:H7MFFDSXY:3:2411:29884:20462	chr11	65503652	65503801	False	217	150M	255	0	9	0.9594414234161377	ambig_opp_strand	unspliced	3419	19	ENST00000698129.1	TALAM1	ENSG00000289740.1	mrna
A00839:75:H7MFFDSXY:3:2164:25138:16063	chr11	65505044	65505193	False	151	150M	255	6	9	0.9286246299743652	ambig_opp_strand	unspliced	3419	19	ENST00000698129.1	TALAM1	ENSG00000289740.1	mrna
A00839:75:H7MFFDSXY:3:1330:4716:32675	chr11	65500856	65501005	True	-235	150M	255	0	3	0.7123060822486877	ambig_opp_strand	unspliced	3419	13	ENST00000710933.1	MALAT1	ENSG00000251562.11	mrna
A00839:75:H7MFFDSXY:3:1402:5683:34757	chr11	65504156	65504305	True	-317	150M	255	1	3	0.7374115586280823	ambig_opp_strand	unspliced	3419	12	ENST00000710862.1	MALAT1	ENSG00000251562.11	mrna
A00839:75:H7MFFDSXY:3:1322:4689:32252	chr11	65504346	65504495	True	-235	150M	255	0	3	0.7396528720855713	ambig_opp_strand	unspliced	3419	12	ENST00000710862.1	MALAT1	ENSG00000251562.11	mrna
A00839:75:H7MFFDSXY:3:1302:17517:19366	chr11	65506393	65506542	True	-226	150M	255	0	9	0.9838134050369263	ambig_opp_strand	unspliced	3419	3	ENST00000534336.3	MALAT1	ENSG00000251562.11	mrna
A00839:75:H7MFFDSXY:3:2675:14281:32675	chr11	65500465	65500614	False	196	150M	255	0	9	0.9155460596084595	ambig_opp_strand	unspliced	3419	27	ENST00000698129.1	TALAM1	ENSG00000289740.1	mrna
A00839:75:H7MFFDSXY:3:2575:8938:7294	chr11	65504595	65504744	True	-354	150M	255	0	3	0.4254075586795807	ambig_opp_strand	unspliced	3419	20	ENST00000618132.2	MALAT1	ENSG00000251562.11	mrna
A00839:75:H7MFFDSXY:3:1104:15501:28181	chr11	65506430	65506579	True	-308	150M	255	0	9	0.9488788843154907	ambig_opp_strand	unspliced	3419	3	ENST00000534336.3	MALAT1	ENSG00000251562.11	mrna
A00839:75:H7MFFDSXY:3:1116:27407:11130	chr11	65503673	65503822	False	163	150M	255	0	9	0.9514846801757812	ambig_opp_strand	unspliced	3419	19	ENST00000698129.1	TALAM1	ENSG00000289740.1	mrna
A00839:75:H7MFFDSXY:3:1471:8323:12774	chr11	65505240	65505389	True	-361	150M	255	0	3	0.3651566207408905	ambig_opp_strand	unspliced	3419	15	ENST00000618132.2	MALAT1	ENSG00000251562.11	mrna
A00839:75:H7MFFDSXY:3:1548:24768:8625	chr11	65502350	65502499	True	-272	150M	255	0	3	0.9504167437553406	ambig_opp_strand	unspliced	3419	12	ENST00000618132.2	MALAT1	ENSG00000251562.11	mrna
A00839:75:H7MFFDSXY:3:2540:29695:28494	chr11	65502331	65502480	True	-181	150M	255	0	3	0.9495542645454407	ambig_opp_strand	unspliced	3419	15	ENST00000618132.2	MALAT1	ENSG00000251562.11	mrna
A00839:75:H7MFFDSXY:3:2467:21007:35994	chr11	65500345	65500494	True	-261	150M	255	0	3	0.1959202140569687	ambig_opp_strand	unspliced	3419	26	ENST00000710862.1	MALAT1	ENSG00000251562.11	mrna
A00839:75:H7MFFDSXY:3:2462:7889:25238	chr11	65504661	65504810	True	-296	150M	255	0	3	0.09709427505731583	ambig_opp_strand	unspliced	3419	20	ENST00000710943.1	MALAT1	ENSG00000251562.11	mrna
A00839:75:H7MFFDSXY:3:1232:30517:3991	chr11	65503350	65503499	False	329	150M	255	0	9	0.8983430862426758	ambig_opp_strand	unspliced	3419	23	ENST00000698129.1	TALAM1	ENSG00000289740.1	mrna
A00839:75:H7MFFDSXY:3:1343:14317:27571	chr11	65501015	65501164	True	-309	150M	255	0	3	0.028061479330062866	ambig_opp_strand	unspliced	3419	13	ENST00000508832.3	MALAT1	ENSG00000251562.11	mrna
A00839:75:H7MFFDSXY:3:1410:9001:14575	chr11	65503690	65503839	True	-238	150M	255	0	3	0.5959604382514954	ambig_opp_strand	unspliced	3419	19	ENST00000618132.2	MALAT1	ENSG00000251562.11	mrna
A00839:75:H7MFFDSXY:3:2356:26341:6621	chr11	65504263	65504412	True	-368	150M	255	1	5	0.031193263828754425	ambig_opp_strand	unspliced	-1	12	.	.	.	mrna
A00839:75:H7MFFDSXY:3:1523:2953:34726	chr11	65505514	65505663	False	383	150M	255	0	5	0.5329990983009338	ambig_opp_strand	unspliced	-1	6	.	.	.	mrna
A00839:75:H7MFFDSXY:3:2601:27344:8328	chr11	65504280	65504429	False	292	150M	255	2	9	0.9595942497253418	ambig_opp_strand	unspliced	3419	12	ENST00000698129.1	TALAM1	ENSG00000289740.1	mrna
A00839:75:H7MFFDSXY:3:2663:5059:13855	chr11	65505680	65505825	True	-146	146M	255	0	3	0.516299307346344	ambig_opp_strand	unspliced	3419	7	ENST00000618132.2	MALAT1	ENSG00000251562.11	mrna
A00839:75:H7MFFDSXY:3:2419:26512:7733	chr11	65500127	65500276	False	358	150M	255	1	9	0.7519881725311279	ambig_opp_strand	unspliced	3419	26	ENST00000698129.1	TALAM1	ENSG00000289740.1	mrna
A00839:75:H7MFFDSXY:3:1573:32678:26115	chr11	65501454	65501603	False	476	150M	255	0	9	0.3485477864742279	ambig_opp_strand	unspliced	3419	17	ENST00000698129.1	TALAM1	ENSG00000289740.1	mrna
A00839:75:H7MFFDSXY:3:2327:1750:5619	chr11	65504791	65504940	True	-554	150M	255	0	3	0.08174347877502441	ambig_opp_strand	unspliced	3419	19	ENST00000710949.1	MALAT1	ENSG00000251562.11	mrna
A00839:75:H7MFFDSXY:3:1232:7328:4539	chr11	65506158	65506307	False	176	150M	255	0	9	0.9669456481933594	ambig_opp_strand	unspliced	3419	5	ENST00000698129.1	TALAM1	ENSG00000289740.1	mrna
A00839:75:H7MFFDSXY:3:2646:2790:27117	chr11	65504922	65505071	False	322	150M	255	0	9	0.8965303301811218	ambig_opp_strand	unspliced	3419	19	ENST00000698129.1	TALAM1	ENSG00000289740.1	mrna
A00839:75:H7MFFDSXY:3:1368:25735:30311	chr11	65504487	65504636	True	-248	150M	255	0	3	0.2039966881275177	ambig_opp_strand	unspliced	3419	20	ENST00000710862.1	MALAT1	ENSG00000251562.11	mrna
A00839:75:H7MFFDSXY:3:2678:9435:22373	chr11	65504600	65504749	False	290	150M	255	0	9	0.9341463446617126	ambig_opp_strand	unspliced	3419	19	ENST00000698129.1	TALAM1	ENSG00000289740.1	mrna
A00839:75:H7MFFDSXY:3:1533:21007:19680	chr11	65505683	65505832	True	-314	150M	255	0	3	0.5171318054199219	ambig_opp_strand	unspliced	3419	6	ENST00000618132.2	MALAT1	ENSG00000251562.11	mrna
A00839:75:H7MFFDSXY:3:2234:22155:4789	chr11	65505821	65505970	True	-268	150M	255	0	3	0.21531449258327484	ambig_opp_strand	unspliced	3419	6	ENST00000710951.1	MALAT1	ENSG00000251562.11	mrna
A00839:75:H7MFFDSXY:3:1637:32940:31422	chr11	65504645	65504794	True	-426	150M	255	0	3	0.41462913155555725	ambig_opp_strand	unspliced	3419	20	ENST00000618132.2	MALAT1	ENSG00000251562.11	mrna
A00839:75:H7MFFDSXY:3:1601:8901:24361	chr11	65504885	65505034	True	-350	150M	255	0	3	0.3657013177871704	ambig_opp_strand	unspliced	3419	18	ENST00000618132.2	MALAT1	ENSG00000251562.11	mrna
A00839:75:H7MFFDSXY:3:2170:20265:11851	chr11	65504570	65504719	True	-292	150M	255	0	3	0.4270821511745453	ambig_opp_strand	unspliced	3419	20	ENST00000618132.2	MALAT1	ENSG00000251562.11	mrna
A00839:75:H7MFFDSXY:3:1161:15393:29810	chr11	65500656	65500805	False	281	150M	255	0	9	0.929724395275116	ambig_opp_strand	unspliced	3419	13	ENST00000698129.1	TALAM1	ENSG00000289740.1	mrna
A00839:75:H7MFFDSXY:3:2605:8052:35227	chr11	65501549	65501698	True	-536	150M	255	0	3	0.528925359249115	ambig_opp_strand	unspliced	3419	15	ENST00000618132.2	MALAT1	ENSG00000251562.11	mrna
A00839:75:H7MFFDSXY:3:2531:17815:7889	chr11	65504763	65504912	False	323	150M	255	2	9	0.8947394490242004	ambig_opp_strand	unspliced	3419	19	ENST00000698129.1	TALAM1	ENSG00000289740.1	mrna
A00839:75:H7MFFDSXY:3:2565:6686:1611	chr11	65504609	65504758	False	439	150M	255	0	5	0.6187431812286377	ambig_opp_strand	unspliced	-1	16	.	.	.	mrna
A00839:75:H7MFFDSXY:3:1175:1949:3020	chr11	65504143	65504292	True	-183	150M	255	0	3	0.7395275831222534	ambig_opp_strand	unspliced	3419	12	ENST00000710862.1	MALAT1	ENSG00000251562.11	mrna
A00839:75:H7MFFDSXY:3:1667:10257:26772	chr11	65505412	65505561	True	-302	150M	255	0	3	0.2141065150499344	ambig_opp_strand	unspliced	3419	8	ENST00000710951.1	MALAT1	ENSG00000251562.11	mrna
A00839:75:H7MFFDSXY:3:1116:18629:32002	chr11	65504001	65504150	False	231	150M	255	1	9	0.9756589531898499	ambig_opp_strand	unspliced	3419	12	ENST00000698129.1	TALAM1	ENSG00000289740.1	mrna
A00839:75:H7MFFDSXY:3:2220:16875:19069	chr11	65501608	65501757	True	-270	150M	255	0	3	0.5439890027046204	ambig_opp_strand	unspliced	3419	17	ENST00000618132.2	MALAT1	ENSG00000251562.11	mrna
A00839:75:H7MFFDSXY:3:1206:9824:20760	chr11	65500220	65500369	True	-271	150M	255	0	3	0.5394232869148254	ambig_opp_strand	unspliced	3419	26	ENST00000710935.1	MALAT1	ENSG00000251562.11	mrna
A00839:75:H7MFFDSXY:3:1323:1063:19366	chr11	65500693	65500842	False	189	150M	255	0	9	0.9385653734207153	ambig_opp_strand	unspliced	3419	13	ENST00000698129.1	TALAM1	ENSG00000289740.1	mrna
A00839:75:H7MFFDSXY:3:1160:15989:14653	chr11	65501972	65502114	False	143	143M	255	0	9	0.9351420998573303	ambig_opp_strand	unspliced	3419	22	ENST00000698129.1	TALAM1	ENSG00000289740.1	mrna
A00839:75:H7MFFDSXY:3:2506:21884:29716	chr11	65503823	65503972	True	-296	150M	255	0	3	0.289294570684433	ambig_opp_strand	unspliced	3419	17	ENST00000710862.1	MALAT1	ENSG00000251562.11	mrna
A00839:75:H7MFFDSXY:3:1139:8151:14888	chr11	65504623	65504772	True	-181	150M	255	0	3	0.1164037361741066	ambig_opp_strand	unspliced	3419	20	ENST00000710944.1	MALAT1	ENSG00000251562.11	mrna
A00839:75:H7MFFDSXY:3:1238:21224:10473	chr11	65501648	65501797	True	-251	150M	255	0	3	0.5434651970863342	ambig_opp_strand	unspliced	3419	18	ENST00000618132.2	MALAT1	ENSG00000251562.11	mrna
A00839:75:H7MFFDSXY:3:2564:7925:9017	chr11	65504929	65505078	True	-385	150M	255	0	3	0.06960216909646988	ambig_opp_strand	unspliced	3419	18	ENST00000710949.1	MALAT1	ENSG00000251562.11	mrna
A00839:75:H7MFFDSXY:3:1516:27109:33442	chr11	65500499	65500648	False	234	150M	255	0	9	0.9159471392631531	ambig_opp_strand	unspliced	3419	27	ENST00000698129.1	TALAM1	ENSG00000289740.1	mrna
A00839:75:H7MFFDSXY:3:2137:14651:9956	chr11	65505551	65505700	False	224	150M	255	0	9	0.9552688002586365	ambig_opp_strand	unspliced	3419	6	ENST00000698129.1	TALAM1	ENSG00000289740.1	mrna
A00839:75:H7MFFDSXY:3:1202:8006:35931	chr11	65501102	65501251	False	334	150M	255	0	9	0.8843570947647095	ambig_opp_strand	unspliced	3419	16	ENST00000698129.1	TALAM1	ENSG00000289740.1	mrna
A00839:75:H7MFFDSXY:3:1360:4182:33411	chr11	65505948	65506097	True	-219	150M	255	0	3	0.5176154375076294	ambig_opp_strand	unspliced	3419	6	ENST00000618132.2	MALAT1	ENSG00000251562.11	mrna
A00839:75:H7MFFDSXY:3:1406:3134:24799	chr11	65504941	65505090	False	364	150M	255	0	9	0.6997591257095337	ambig_opp_strand	unspliced	3419	15	ENST00000698129.1	TALAM1	ENSG00000289740.1	mrna
A00839:75:H7MFFDSXY:3:1408:14850:23923	chr11	65501046	65501195	False	325	150M	255	0	9	0.9039139747619629	ambig_opp_strand	unspliced	3419	16	ENST00000698129.1	TALAM1	ENSG00000289740.1	mrna
A00839:75:H7MFFDSXY:3:2424:27019:36448	chr11	65500397	65500546	True	-169	150M	255	1	3	0.0932798758149147	ambig_opp_strand	unspliced	3419	26	ENST00000710943.1	MALAT1	ENSG00000251562.11	mrna
A00839:75:H7MFFDSXY:3:2548:13250:18176	chr11	65500517	65500666	False	308	150M	255	0	9	0.9122593998908997	ambig_opp_strand	unspliced	3419	13	ENST00000698129.1	TALAM1	ENSG00000289740.1	mrna
A00839:75:H7MFFDSXY:3:1660:6840:18850	chr11	65505570	65505693	False	124	124M	255	0	9	0.8946691751480103	ambig_opp_strand	unspliced	3419	6	ENST00000698129.1	TALAM1	ENSG00000289740.1	mrna
A00839:75:H7MFFDSXY:3:1474:5873:11945	chr11	65505107	65505256	True	-381	150M	255	0	3	0.17219462990760803	ambig_opp_strand	unspliced	3419	19	ENST00000710862.1	MALAT1	ENSG00000251562.11	mrna
A00839:75:H7MFFDSXY:3:1523:7021:9236	chr11	65505756	65505905	True	-313	150M	255	0	3	0.24694734811782837	ambig_opp_strand	unspliced	3419	6	ENST00000710862.1	MALAT1	ENSG00000251562.11	mrna
A00839:75:H7MFFDSXY:3:1625:21386:20556	chr11	65504450	65504599	True	-359	150M	255	0	3	0.7301744222640991	ambig_opp_strand	unspliced	3419	12	ENST00000710862.1	MALAT1	ENSG00000251562.11	mrna
A00839:75:H7MFFDSXY:3:2252:24641:17206	chr11	65500617	65500766	False	321	150M	255	0	9	0.8957820534706116	ambig_opp_strand	unspliced	3419	13	ENST00000698129.1	TALAM1	ENSG00000289740.1	mrna
A00839:75:H7MFFDSXY:3:2524:27859:6872	chr11	65501180	65501329	False	198	150M	255	0	9	0.9559886455535889	ambig_opp_strand	unspliced	3419	16	ENST00000698129.1	TALAM1	ENSG00000289740.1	mrna
A00839:75:H7MFFDSXY:3:2677:10303:31172	chr11	65504287	65504434	False	308	35M2I113M	255	2	9	0.9459577202796936	ambig_opp_strand	unspliced	3419	12	ENST00000698129.1	TALAM1	ENSG00000289740.1	mrna
A00839:75:H7MFFDSXY:3:1334:25527:26287	chr11	65501647	65501796	True	-326	150M	255	0	3	0.1235143318772316	ambig_opp_strand	unspliced	3419	17	ENST00000710943.1	MALAT1	ENSG00000251562.11	mrna
A00839:75:H7MFFDSXY:3:2328:2401:15389	chr11	65506484	65506633	True	-440	150M	255	0	5	0.6395665407180786	ambig_opp_strand	unspliced	-1	3	.	.	.	mrna
A00839:75:H7MFFDSXY:3:2548:27814:27555	chr11	65504239	65504387	False	350	149M1S	255	10	9	0.8277340531349182	ambig_opp_strand	unspliced	3419	12	ENST00000698129.1	TALAM1	ENSG00000289740.1	mrna
A00839:75:H7MFFDSXY:3:1359:22706:13354	chr11	65504768	65504917	True	-238	150M	255	0	3	0.15086255967617035	ambig_opp_strand	unspliced	3419	21	ENST00000710951.1	MALAT1	ENSG00000251562.11	mrna
A00839:75:H7MFFDSXY:3:1265:17770:20024	chr11	65502789	65502938	True	-331	150M	255	0	3	0.9439671039581299	ambig_opp_strand	unspliced	3419	15	ENST00000618132.2	MALAT1	ENSG00000251562.11	mrna
A00839:75:H7MFFDSXY:3:1602:30083:35243	chr11	65503279	65503428	True	-258	150M	255	0	3	0.5917642712593079	ambig_opp_strand	unspliced	3419	27	ENST00000618132.2	MALAT1	ENSG00000251562.11	mrna
A00839:75:H7MFFDSXY:3:2658:1127:29810	chr11	65505118	65505267	True	-355	150M	255	0	3	0.17422781884670258	ambig_opp_strand	unspliced	3419	19	ENST00000710862.1	MALAT1	ENSG00000251562.11	mrna
A00839:75:H7MFFDSXY:3:1578:18484:5290	chr11	65500177	65500326	False	276	150M	255	0	9	0.9387214779853821	ambig_opp_strand	unspliced	3419	26	ENST00000698129.1	TALAM1	ENSG00000289740.1	mrna
A00839:75:H7MFFDSXY:3:1622:4173:19398	chr11	65503552	65503701	True	-377	150M	255	0	3	0.5824835300445557	ambig_opp_strand	unspliced	3419	22	ENST00000618132.2	MALAT1	ENSG00000251562.11	mrna
A00839:75:H7MFFDSXY:3:2247:24424:21872	chr11	65505439	65505588	True	-375	150M	255	0	3	0.506838858127594	ambig_opp_strand	unspliced	3419	8	ENST00000618132.2	MALAT1	ENSG00000251562.11	mrna
A00839:75:H7MFFDSXY:3:1346:15600:31986	chr11	65503335	65503484	False	176	150M	255	0	9	0.9548735022544861	ambig_opp_strand	unspliced	3419	27	ENST00000698129.1	TALAM1	ENSG00000289740.1	mrna
A00839:75:H7MFFDSXY:3:1650:14751:18176	chr11	65501648	65501768	True	-121	121M	255	0	3	0.258986234664917	ambig_opp_strand	unspliced	3419	18	ENST00000710862.1	MALAT1	ENSG00000251562.11	mrna
A00839:75:H7MFFDSXY:3:1110:9724:15984	chr11	65501015	65501164	True	-298	150M	255	0	3	0.7120751738548279	ambig_opp_strand	unspliced	3419	13	ENST00000710933.1	MALAT1	ENSG00000251562.11	mrna
A00839:75:H7MFFDSXY:3:2455:31675:5494	chr11	65505371	65505520	False	376	150M	255	1	9	0.5555990934371948	ambig_opp_strand	unspliced	3419	6	ENST00000698129.1	TALAM1	ENSG00000289740.1	mrna
A00839:75:H7MFFDSXY:3:1173:3748:4664	chr11	65505741	65505890	False	355	150M	255	0	9	0.7796240448951721	ambig_opp_strand	unspliced	3419	6	ENST00000698129.1	TALAM1	ENSG00000289740.1	mrna
A00839:75:H7MFFDSXY:3:2440:18828:10802	chr11	65504389	65504538	True	-393	150M	255	0	3	0.667793333530426	ambig_opp_strand	unspliced	3419	12	ENST00000710862.1	MALAT1	ENSG00000251562.11	mrna
A00839:75:H7MFFDSXY:3:1113:8196:28056	chr11	65505904	65506053	True	-358	150M	255	0	3	0.5144345760345459	ambig_opp_strand	unspliced	3419	6	ENST00000618132.2	MALAT1	ENSG00000251562.11	mrna
A00839:75:H7MFFDSXY:3:2462:3911:36166	chr11	65503418	65503567	False	347	150M	255	0	9	0.8318608403205872	ambig_opp_strand	unspliced	3419	23	ENST00000698129.1	TALAM1	ENSG00000289740.1	mrna
A00839:75:H7MFFDSXY:3:2456:25066:5541	chr11	65501614	65501763	False	356	150M	255	0	9	0.7750172019004822	ambig_opp_strand	unspliced	3419	18	ENST00000698129.1	TALAM1	ENSG00000289740.1	mrna
A00839:75:H7MFFDSXY:3:1321:29333:22795	chr11	65505601	65505750	True	-350	150M	255	0	3	0.5154823660850525	ambig_opp_strand	unspliced	3419	6	ENST00000618132.2	MALAT1	ENSG00000251562.11	mrna
A00839:75:H7MFFDSXY:3:2347:3396:17895	chr11	65503848	65503997	True	-347	150M	255	0	3	0.6036240458488464	ambig_opp_strand	unspliced	3419	17	ENST00000618132.2	MALAT1	ENSG00000251562.11	mrna
A00839:75:H7MFFDSXY:3:1538:1759:19194	chr11	65503306	65503455	False	345	150M	255	0	9	0.8430881500244141	ambig_opp_strand	unspliced	3419	22	ENST00000698129.1	TALAM1	ENSG00000289740.1	mrna
A00839:75:H7MFFDSXY:3:2357:6605:17722	chr11	65501430	65501579	False	216	150M	255	1	9	0.9568397402763367	ambig_opp_strand	unspliced	3419	17	ENST00000698129.1	TALAM1	ENSG00000289740.1	mrna
A00839:75:H7MFFDSXY:3:2627:21034:16438	chr11	65505343	65505492	False	309	150M	255	0	9	0.9244959950447083	ambig_opp_strand	unspliced	3419	8	ENST00000698129.1	TALAM1	ENSG00000289740.1	mrna
A00839:75:H7MFFDSXY:3:1233:11659:20275	chr11	65503409	65503558	False	298	150M	255	0	9	0.9392629265785217	ambig_opp_strand	unspliced	3419	23	ENST00000698129.1	TALAM1	ENSG00000289740.1	mrna
A00839:75:H7MFFDSXY:3:2506:20799:34788	chr11	65504662	65504811	False	532	150M	255	0	9	0.9550785422325134	ambig_opp_strand	spliced_implicit	3419	17	ENST00000698129.1	TALAM1	ENSG00000289740.1	mrna
A00839:75:H7MFFDSXY:3:1671:24921:18192	chr11	65503244	65503393	False	316	150M	255	0	9	0.9203835725784302	ambig_opp_strand	unspliced	3419	27	ENST00000698129.1	TALAM1	ENSG00000289740.1	mrna
A00839:75:H7MFFDSXY:3:1244:29351:8171	chr11	65506361	65506510	False	287	150M	255	0	9	0.9720503687858582	ambig_opp_strand	unspliced	3419	3	ENST00000698129.1	TALAM1	ENSG00000289740.1	mrna
A00839:75:H7MFFDSXY:3:2335:29921:8625	chr11	65501812	65501961	False	391	150M	255	0	5	0.6192368865013123	ambig_opp_strand	unspliced	-1	20	.	.	.	mrna
A00839:75:H7MFFDSXY:3:2375:16360:4335	chr11	65504388	65504537	False	201	150M	255	0	9	0.9477487802505493	ambig_opp_strand	unspliced	3419	22	ENST00000698129.1	TALAM1	ENSG00000289740.1	mrna
A00839:75:H7MFFDSXY:3:2613:23719:6590	chr11	65501008	65501157	True	-424	150M	255	1	3	0.07629764825105667	ambig_opp_strand	unspliced	3419	13	ENST00000710943.1	MALAT1	ENSG00000251562.11	mrna
A00839:75:H7MFFDSXY:3:2663:14308:15123	chr11	65503649	65503798	False	157	150M	255	0	9	0.9483850002288818	ambig_opp_strand	unspliced	3419	19	ENST00000698129.1	TALAM1	ENSG00000289740.1	mrna
A00839:75:H7MFFDSXY:3:2433:7636:33661	chr11	65505620	65505769	False	451	150M	255	0	9	0.3673746585845947	ambig_opp_strand	unspliced	3419	6	ENST00000698129.1	TALAM1	ENSG00000289740.1	mrna
A00839:75:H7MFFDSXY:3:2107:21404:22247	chr11	65501192	65501341	False	400	150M	255	0	5	0.5994601845741272	ambig_opp_strand	unspliced	-1	15	.	.	.	mrna
A00839:75:H7MFFDSXY:3:1162:7627:22498	chr11	65500175	65500324	False	236	150M	255	0	9	0.9469524621963501	ambig_opp_strand	unspliced	3419	26	ENST00000698129.1	TALAM1	ENSG00000289740.1	mrna
A00839:75:H7MFFDSXY:3:2539:2049:28181	chr11	65506355	65506504	True	-295	150M	255	0	9	0.9621526598930359	ambig_opp_strand	unspliced	3419	3	ENST00000534336.3	MALAT1	ENSG00000251562.11	mrna
A00839:75:H7MFFDSXY:3:1435:5276:24972	chr11	65505412	65505561	True	-271	150M	255	0	3	0.5148446559906006	ambig_opp_strand	unspliced	3419	8	ENST00000618132.2	MALAT1	ENSG00000251562.11	mrna
A00839:75:H7MFFDSXY:3:1520:15194:7044	chr11	65501591	65501740	False	284	150M	255	0	9	0.9448294043540955	ambig_opp_strand	unspliced	3419	18	ENST00000698129.1	TALAM1	ENSG00000289740.1	mrna
A00839:75:H7MFFDSXY:3:2137:1877:22811	chr11	65503902	65504471	False	658	4M420N146M	255	0	3	1.0	unambig	spliced_annot	3419	1	ENST00000710947.1	MALAT1	ENSG00000251562.11	mrna
A00839:75:H7MFFDSXY:3:1543:13639:20917	chr11	65505418	65505567	False	284	150M	255	0	9	0.9434143900871277	ambig_opp_strand	unspliced	3419	6	ENST00000698129.1	TALAM1	ENSG00000289740.1	mrna
A00839:75:H7MFFDSXY:3:1331:11568:33802	chr11	65505165	65505314	False	329	150M	255	0	9	0.8947543501853943	ambig_opp_strand	unspliced	3419	8	ENST00000698129.1	TALAM1	ENSG00000289740.1	mrna
A00839:75:H7MFFDSXY:3:2409:13702:25848	chr11	65500435	65500584	True	-456	150M	255	0	3	0.5235041379928589	ambig_opp_strand	unspliced	3419	26	ENST00000710935.1	MALAT1	ENSG00000251562.11	mrna
A00839:75:H7MFFDSXY:3:2573:26476:15843	chr11	65501500	65501649	False	357	150M	255	0	9	0.7701306343078613	ambig_opp_strand	unspliced	3419	17	ENST00000698129.1	TALAM1	ENSG00000289740.1	mrna
A00839:75:H7MFFDSXY:3:2561:19913:7044	chr11	65503836	65503985	True	-334	150M	255	0	3	0.04939083382487297	ambig_opp_strand	unspliced	3419	17	ENST00000508832.3	MALAT1	ENSG00000251562.11	mrna
A00839:75:H7MFFDSXY:3:1650:26802:8202	chr11	65504235	65504385	False	374	74M1D76M	255	1	9	0.5848957896232605	ambig_opp_strand	unspliced	3419	11	ENST00000698129.1	TALAM1	ENSG00000289740.1	mrna
A00839:75:H7MFFDSXY:3:1512:32705:3646	chr11	65500473	65500622	True	-152	150M	255	0	3	0.29155445098876953	ambig_opp_strand	unspliced	3419	27	ENST00000710935.1	MALAT1	ENSG00000251562.11	mrna
A00839:75:H7MFFDSXY:3:1328:27905:10457	chr11	65506526	65506675	True	-402	150M	255	0	5	0.6526944637298584	ambig_opp_strand	unspliced	-1	3	.	.	.	mrna
A00839:75:H7MFFDSXY:3:2533:14407:13416	chr11	65505719	65505868	False	330	150M	255	0	9	0.8935033082962036	ambig_opp_strand	unspliced	3419	6	ENST00000698129.1	TALAM1	ENSG00000289740.1	mrna
A00839:75:H7MFFDSXY:3:2341:28140:20885	chr11	65504401	65504550	True	-218	150M	255	0	3	0.42152270674705505	ambig_opp_strand	unspliced	3419	22	ENST00000618132.2	MALAT1	ENSG00000251562.11	mrna
A00839:75:H7MFFDSXY:3:2360:22010:8015	chr11	65503777	65503926	False	219	150M	255	0	9	0.9598886966705322	ambig_opp_strand	unspliced	3419	17	ENST00000698129.1	TALAM1	ENSG00000289740.1	mrna
A00839:75:H7MFFDSXY:3:1201:22408:2033	chr11	65503305	65503454	True	-290	150M	255	0	3	0.5915693640708923	ambig_opp_strand	unspliced	3419	27	ENST00000618132.2	MALAT1	ENSG00000251562.11	mrna
A00839:75:H7MFFDSXY:3:2466:4499:31923	chr11	65500554	65500703	False	397	150M	255	0	3	0.013502832502126694	ambig_opp_strand	unspliced	3419	13	ENST00000710933.1	MALAT1	ENSG00000251562.11	mrna
A00839:75:H7MFFDSXY:3:1447:19397:25003	chr11	65502238	65502387	False	354	150M	255	0	9	0.7931059002876282	ambig_opp_strand	unspliced	3419	12	ENST00000698129.1	TALAM1	ENSG00000289740.1	mrna
A00839:75:H7MFFDSXY:3:1367:12264:23672	chr11	65506502	65506651	True	-316	150M	255	0	9	0.9372393488883972	ambig_opp_strand	unspliced	3419	3	ENST00000534336.3	MALAT1	ENSG00000251562.11	mrna
A00839:75:H7MFFDSXY:3:1444:25310:29794	chr11	65501737	65501886	True	-270	150M	255	0	3	0.25947993993759155	ambig_opp_strand	unspliced	3419	18	ENST00000710862.1	MALAT1	ENSG00000251562.11	mrna
A00839:75:H7MFFDSXY:3:2309:6786:12837	chr11	65501684	65501833	True	-362	150M	255	0	3	0.12271636724472046	ambig_opp_strand	unspliced	3419	17	ENST00000710943.1	MALAT1	ENSG00000251562.11	mrna
A00839:75:H7MFFDSXY:3:1110:5855:6715	chr11	65501325	65501474	False	278	150M	255	0	9	0.9472053647041321	ambig_opp_strand	unspliced	3419	16	ENST00000698129.1	TALAM1	ENSG00000289740.1	mrna
A00839:75:H7MFFDSXY:3:2320:14398:15937	chr11	65501515	65501664	False	150	150M	255	0	9	0.9377651810646057	ambig_opp_strand	unspliced	3419	17	ENST00000698129.1	TALAM1	ENSG00000289740.1	mrna
A00839:75:H7MFFDSXY:3:1259:6108:8970	chr11	65500396	65500683	False	434	3M138N147M	255	0	3	1.0	unambig	spliced_annot	3419	1	ENST00000610481.1	MALAT1	ENSG00000251562.11	mrna
A00839:75:H7MFFDSXY:3:1363:14751:18959	chr11	65505250	65505399	False	242	150M	255	0	9	0.9543120861053467	ambig_opp_strand	unspliced	3419	8	ENST00000698129.1	TALAM1	ENSG00000289740.1	mrna
A00839:75:H7MFFDSXY:3:1512:24957:4131	chr11	65502022	65502171	True	-206	150M	255	0	3	0.2582715153694153	ambig_opp_strand	unspliced	3419	22	ENST00000710862.1	MALAT1	ENSG00000251562.11	mrna
A00839:75:H7MFFDSXY:3:1457:20094:21355	chr11	65500554	65500703	True	-197	150M	255	0	3	0.4594998061656952	ambig_opp_strand	unspliced	3419	27	ENST00000710933.1	MALAT1	ENSG00000251562.11	mrna
A00839:75:H7MFFDSXY:3:1337:3775:11757	chr11	65500141	65500290	True	-170	150M	255	0	3	0.19591547548770905	ambig_opp_strand	unspliced	3419	26	ENST00000710862.1	MALAT1	ENSG00000251562.11	mrna
A00839:75:H7MFFDSXY:3:1477:19144:9251	chr11	65501828	65501977	True	-337	150M	255	0	3	0.25891485810279846	ambig_opp_strand	unspliced	3419	18	ENST00000710862.1	MALAT1	ENSG00000251562.11	mrna
A00839:75:H7MFFDSXY:3:1553:26232:7592	chr11	65500420	65500569	False	414	150M	255	0	5	0.6189048290252686	ambig_opp_strand	unspliced	-1	12	.	.	.	mrna
A00839:75:H7MFFDSXY:3:2301:11822:2394	chr11	65505309	65505458	False	214	150M	255	1	9	0.9550793170928955	ambig_opp_strand	unspliced	3419	8	ENST00000698129.1	TALAM1	ENSG00000289740.1	mrna
A00839:75:H7MFFDSXY:3:1142:22037:22748	chr11	65503846	65503995	True	-183	150M	255	0	3	0.6061183214187622	ambig_opp_strand	unspliced	3419	17	ENST00000618132.2	MALAT1	ENSG00000251562.11	mrna
A00839:75:H7MFFDSXY:3:2427:8630:27273	chr11	65503744	65503893	False	375	150M	255	0	5	0.41382768750190735	ambig_opp_strand	unspliced	-1	17	.	.	.	mrna
A00839:75:H7MFFDSXY:3:1349:6298:23797	chr11	65506355	65506504	False	362	150M	255	0	9	0.7391328811645508	ambig_opp_strand	unspliced	3419	3	ENST00000698129.1	TALAM1	ENSG00000289740.1	mrna
A00839:75:H7MFFDSXY:3:2411:27841:14638	chr11	65502355	65502504	False	357	150M	255	0	5	0.2076224386692047	ambig_opp_strand	unspliced	-1	13	.	.	.	mrna
A00839:75:H7MFFDSXY:3:1159:31349:32080	chr11	65502150	65502299	False	347	150M	255	0	9	0.8394699692726135	ambig_opp_strand	unspliced	3419	11	ENST00000698129.1	TALAM1	ENSG00000289740.1	mrna
A00839:75:H7MFFDSXY:3:1606:25473:21778	chr11	65505578	65505727	True	-318	150M	255	0	3	0.5170639157295227	ambig_opp_strand	unspliced	3419	6	ENST00000618132.2	MALAT1	ENSG00000251562.11	mrna
A00839:75:H7MFFDSXY:3:2578:22860:9925	chr11	65504246	65504395	False	325	150M	255	0	9	0.9211416840553284	ambig_opp_strand	unspliced	3419	12	ENST00000698129.1	TALAM1	ENSG00000289740.1	mrna
A00839:75:H7MFFDSXY:3:1349:9191:26897	chr11	65504700	65504849	False	285	150M	255	0	9	0.9305593371391296	ambig_opp_strand	unspliced	3419	21	ENST00000698129.1	TALAM1	ENSG00000289740.1	mrna
A00839:75:H7MFFDSXY:3:2406:2419:22529	chr11	65505439	65505588	False	564	150M	255	0	5	0.3970257639884949	ambig_opp_strand	unspliced	-1	6	.	.	.	mrna
A00839:75:H7MFFDSXY:3:1266:28782:18771	chr11	65504544	65504693	True	-348	150M	255	0	3	0.42593538761138916	ambig_opp_strand	unspliced	3419	20	ENST00000618132.2	MALAT1	ENSG00000251562.11	mrna
A00839:75:H7MFFDSXY:3:1465:11261:36652	chr11	65502416	65502565	False	462	150M	255	0	5	0.6069979071617126	ambig_opp_strand	unspliced	-1	14	.	.	.	mrna
A00839:75:H7MFFDSXY:3:1669:18132:35618	chr11	65504575	65504724	True	-284	150M	255	0	3	0.2039530724287033	ambig_opp_strand	unspliced	3419	20	ENST00000710862.1	MALAT1	ENSG00000251562.11	mrna
A00839:75:H7MFFDSXY:3:1144:20889:7326	chr11	65500424	65500573	False	331	150M	255	0	9	0.8566851019859314	ambig_opp_strand	unspliced	3419	27	ENST00000698129.1	TALAM1	ENSG00000289740.1	mrna
A00839:75:H7MFFDSXY:3:2515:27091:5259	chr11	65505161	65505310	False	282	150M	255	0	9	0.9321496486663818	ambig_opp_strand	unspliced	3419	15	ENST00000698129.1	TALAM1	ENSG00000289740.1	mrna
A00839:75:H7MFFDSXY:3:1362:27082:35931	chr11	65501036	65501185	True	-319	150M	255	0	3	0.7117815613746643	ambig_opp_strand	unspliced	3419	13	ENST00000710933.1	MALAT1	ENSG00000251562.11	mrna
A00839:75:H7MFFDSXY:3:1275:13711:27336	chr11	65500188	65500337	True	-327	150M	255	0	3	0.5388665795326233	ambig_opp_strand	unspliced	3419	26	ENST00000710935.1	MALAT1	ENSG00000251562.11	mrna
A00839:75:H7MFFDSXY:3:1556:16107:25254	chr11	65504305	65504454	False	451	150M	255	0	5	0.6254988312721252	ambig_opp_strand	unspliced	-1	11	.	.	.	mrna
A00839:75:H7MFFDSXY:3:1505:18701:31375	chr11	65502092	65502241	False	303	150M	255	0	9	0.9447371363639832	ambig_opp_strand	unspliced	3419	11	ENST00000698129.1	TALAM1	ENSG00000289740.1	mrna
A00839:75:H7MFFDSXY:3:2327:9751:37043	chr11	65504899	65505048	False	351	150M	255	0	9	0.7980444431304932	ambig_opp_strand	unspliced	3419	19	ENST00000698129.1	TALAM1	ENSG00000289740.1	mrna
A00839:75:H7MFFDSXY:3:1166:22272:15984	chr11	65504829	65504978	True	-315	150M	255	0	3	0.1507643461227417	ambig_opp_strand	unspliced	3419	21	ENST00000710951.1	MALAT1	ENSG00000251562.11	mrna
A00839:75:H7MFFDSXY:3:1460:21242:12352	chr11	65501489	65501638	True	-246	150M	255	2	3	0.12373493611812592	ambig_opp_strand	unspliced	3419	16	ENST00000710943.1	MALAT1	ENSG00000251562.11	mrna
A00839:75:H7MFFDSXY:3:1124:10619:2190	chr11	65505416	65505565	True	-361	150M	255	0	3	0.5113888382911682	ambig_opp_strand	unspliced	3419	8	ENST00000618132.2	MALAT1	ENSG00000251562.11	mrna
A00839:75:H7MFFDSXY:3:2102:12093:11788	chr11	65501180	65501329	False	354	150M	255	0	5	0.19046400487422943	ambig_opp_strand	unspliced	-1	15	.	.	.	mrna
A00839:75:H7MFFDSXY:3:1235:29170:5916	chr11	65504515	65504664	False	213	150M	255	0	9	0.9488116502761841	ambig_opp_strand	unspliced	3419	20	ENST00000698129.1	TALAM1	ENSG00000289740.1	mrna
A00839:75:H7MFFDSXY:3:1354:8332:17174	chr11	65501391	65501540	False	260	150M	255	0	5	0.017056666314601898	ambig_opp_strand	unspliced	-1	16	.	.	.	mrna
A00839:75:H7MFFDSXY:3:2216:25129:30264	chr11	65502219	65502368	True	-269	150M	255	0	3	0.5408264994621277	ambig_opp_strand	unspliced	3419	22	ENST00000618132.2	MALAT1	ENSG00000251562.11	mrna
A00839:75:H7MFFDSXY:3:2251:16658:2002	chr11	65505006	65505155	False	434	150M	255	0	5	0.6171863675117493	ambig_opp_strand	unspliced	-1	15	.	.	.	mrna
A00839:75:H7MFFDSXY:3:2355:23466:27946	chr11	65501827	65501976	True	-353	150M	255	0	3	0.12293753027915955	ambig_opp_strand	unspliced	3419	18	ENST00000710943.1	MALAT1	ENSG00000251562.11	mrna
A00839:75:H7MFFDSXY:3:1559:30888:32409	chr11	65501007	65501087	True	-381	69S81M	255	0	3	0.7020227313041687	ambig_opp_strand	unspliced	3419	13	ENST00000710933.1	MALAT1	ENSG00000251562.11	mrna
A00839:75:H7MFFDSXY:3:2217:15953:7420	chr11	65505902	65506051	True	-347	150M	255	0	3	0.24628089368343353	ambig_opp_strand	unspliced	3419	6	ENST00000710862.1	MALAT1	ENSG00000251562.11	mrna
A00839:75:H7MFFDSXY:3:1577:30463:21026	chr11	65501070	65501219	True	-333	150M	255	0	3	0.5682457089424133	ambig_opp_strand	unspliced	3419	11	ENST00000710862.1	MALAT1	ENSG00000251562.11	mrna
A00839:75:H7MFFDSXY:3:1308:14525:17159	chr11	65500583	65500732	False	289	150M	255	0	9	0.9264835119247437	ambig_opp_strand	unspliced	3419	13	ENST00000698129.1	TALAM1	ENSG00000289740.1	mrna
A00839:75:H7MFFDSXY:3:2415:20374:11412	chr11	65504429	65504578	False	258	150M	255	0	9	0.9454262256622314	ambig_opp_strand	unspliced	3419	20	ENST00000698129.1	TALAM1	ENSG00000289740.1	mrna
A00839:75:H7MFFDSXY:3:1517:4490:10426	chr11	65500213	65500362	True	-326	150M	255	1	3	0.5388836860656738	ambig_opp_strand	unspliced	3419	26	ENST00000710935.1	MALAT1	ENSG00000251562.11	mrna
A00839:75:H7MFFDSXY:3:2453:11921:17722	chr11	65505750	65505899	True	-332	150M	255	0	3	0.516685962677002	ambig_opp_strand	unspliced	3419	6	ENST00000618132.2	MALAT1	ENSG00000251562.11	mrna
A00839:75:H7MFFDSXY:3:2320:7084:15358	chr11	65505232	65505381	False	287	150M	255	0	9	0.9419746994972229	ambig_opp_strand	unspliced	3419	8	ENST00000698129.1	TALAM1	ENSG00000289740.1	mrna
A00839:75:H7MFFDSXY:3:1240:16197:10974	chr11	65505821	65505970	True	-272	150M	255	0	3	0.24712114036083221	ambig_opp_strand	unspliced	3419	6	ENST00000710862.1	MALAT1	ENSG00000251562.11	mrna
A00839:75:H7MFFDSXY:3:1265:9616:36088	chr11	65501594	65501743	True	-372	150M	255	0	3	0.12204985320568085	ambig_opp_strand	unspliced	3419	16	ENST00000710943.1	MALAT1	ENSG00000251562.11	mrna
A00839:75:H7MFFDSXY:3:1631:12373:4852	chr11	65504406	65504555	True	-359	150M	255	0	3	0.7257950901985168	ambig_opp_strand	unspliced	3419	12	ENST00000710862.1	MALAT1	ENSG00000251562.11	mrna
A00839:75:H7MFFDSXY:3:1178:30120:15264	chr11	65503948	65504097	True	-168	150M	255	0	3	0.049493562430143356	ambig_opp_strand	unspliced	3419	17	ENST00000508832.3	MALAT1	ENSG00000251562.11	mrna
A00839:75:H7MFFDSXY:3:1378:2266:23077	chr11	65505237	65505386	True	-286	150M	255	0	3	0.36687690019607544	ambig_opp_strand	unspliced	3419	15	ENST00000618132.2	MALAT1	ENSG00000251562.11	mrna
A00839:75:H7MFFDSXY:3:1636:10230:2769	chr11	65502992	65503141	True	-151	150M	255	0	3	0.8355319499969482	ambig_opp_strand	unspliced	3419	18	ENST00000618132.2	MALAT1	ENSG00000251562.11	mrna
A00839:75:H7MFFDSXY:3:2605:28122:28745	chr11	65504888	65505037	False	265	150M	255	0	9	0.9375942349433899	ambig_opp_strand	unspliced	3419	19	ENST00000698129.1	TALAM1	ENSG00000289740.1	mrna
A00839:75:H7MFFDSXY:3:2342:32334:21512	chr11	65504620	65504769	True	-223	150M	255	0	3	0.4272224009037018	ambig_opp_strand	unspliced	3419	20	ENST00000618132.2	MALAT1	ENSG00000251562.11	mrna
A00839:75:H7MFFDSXY:3:1212:23719:33833	chr11	65504152	65504282	True	-281	2S131M17S	255	9	64	0.0	.	unspliced	-1	0	.	.	.	mrna
A00839:75:H7MFFDSXY:3:1429:21685:12931	chr11	65502117	65502266	True	-450	150M	255	0	3	0.5216017961502075	ambig_opp_strand	unspliced	3419	20	ENST00000618132.2	MALAT1	ENSG00000251562.11	mrna
A00839:75:H7MFFDSXY:3:2569:1714:4429	chr11	65504526	65504675	True	-344	150M	255	0	3	0.4261210262775421	ambig_opp_strand	unspliced	3419	20	ENST00000618132.2	MALAT1	ENSG00000251562.11	mrna
A00839:75:H7MFFDSXY:3:1628:31078:15389	chr11	65500226	65500375	False	285	150M	255	1	9	0.9353748559951782	ambig_opp_strand	unspliced	3419	26	ENST00000698129.1	TALAM1	ENSG00000289740.1	mrna
A00839:75:H7MFFDSXY:3:1544:8549:13260	chr11	65501429	65501551	True	-123	123M	255	0	3	0.5430744886398315	ambig_opp_strand	unspliced	3419	17	ENST00000618132.2	MALAT1	ENSG00000251562.11	mrna
A00839:75:H7MFFDSXY:3:2576:9263:8234	chr11	65500507	65500656	False	373	150M	255	0	9	0.586759090423584	ambig_opp_strand	unspliced	3419	12	ENST00000698129.1	TALAM1	ENSG00000289740.1	mrna
A00839:75:H7MFFDSXY:3:1575:15863:28933	chr11	65501511	65501660	True	-211	150M	255	0	9	0.020551687106490135	ambig_opp_strand	unspliced	3419	17	ENST00000534336.3	MALAT1	ENSG00000251562.11	mrna
A00839:75:H7MFFDSXY:3:1105:26196:30733	chr11	65503661	65503810	False	2604	150M	3	0	128	0.0	.	unknown	-1	0	.	.	.	mrna
A00839:75:H7MFFDSXY:3:1259:10484:9251	chr11	65505669	65505818	True	-235	150M	255	0	3	0.24716387689113617	ambig_opp_strand	unspliced	3419	6	ENST00000710862.1	MALAT1	ENSG00000251562.11	mrna
A00839:75:H7MFFDSXY:3:1572:4679:18709	chr11	65503676	65503825	False	275	150M	255	0	9	0.951114296913147	ambig_opp_strand	unspliced	3419	17	ENST00000698129.1	TALAM1	ENSG00000289740.1	mrna
A00839:75:H7MFFDSXY:3:1266:2591:18724	chr11	65504398	65504547	False	229	150M	255	0	9	0.948666512966156	ambig_opp_strand	unspliced	3419	20	ENST00000698129.1	TALAM1	ENSG00000289740.1	mrna
A00839:75:H7MFFDSXY:3:1270:22173:2221	chr11	65505442	65505591	True	-306	150M	255	0	3	0.5145828127861023	ambig_opp_strand	unspliced	3419	8	ENST00000618132.2	MALAT1	ENSG00000251562.11	mrna
A00839:75:H7MFFDSXY:3:2635:13838:16877	chr11	65501299	65501448	True	-201	150M	255	0	3	0.5420881509780884	ambig_opp_strand	unspliced	3419	16	ENST00000618132.2	MALAT1	ENSG00000251562.11	mrna
A00839:75:H7MFFDSXY:3:2348:6207:21950	chr11	65503950	65504099	True	-364	150M	255	0	3	0.6003280282020569	ambig_opp_strand	unspliced	3419	17	ENST00000618132.2	MALAT1	ENSG00000251562.11	mrna
A00839:75:H7MFFDSXY:3:2372:11189:15170	chr11	65504943	65505092	True	-319	150M	255	0	3	0.36594799160957336	ambig_opp_strand	unspliced	3419	19	ENST00000618132.2	MALAT1	ENSG00000251562.11	mrna
A00839:75:H7MFFDSXY:3:1654:5855:1611	chr11	65500830	65500979	False	168	150M	255	0	9	0.9343328475952148	ambig_opp_strand	unspliced	3419	13	ENST00000698129.1	TALAM1	ENSG00000289740.1	mrna
A00839:75:H7MFFDSXY:3:2547:28085:30968	chr11	65501825	65501974	True	-316	150M	255	1	3	0.5429322123527527	ambig_opp_strand	unspliced	3419	18	ENST00000618132.2	MALAT1	ENSG00000251562.11	mrna
A00839:75:H7MFFDSXY:3:2626:24768:23876	chr11	65504444	65504593	True	-362	150M	255	1	3	0.039997391402721405	ambig_opp_strand	unspliced	3419	12	ENST00000710948.1	MALAT1	ENSG00000251562.11	mrna
A00839:75:H7MFFDSXY:3:2412:26937:1297	chr11	65500006	65500155	False	263	150M	255	0	9	0.942886233329773	ambig_opp_strand	unspliced	3419	26	ENST00000698129.1	TALAM1	ENSG00000289740.1	mrna
A00839:75:H7MFFDSXY:3:1602:17020:34538	chr11	65501278	65501427	False	417	150M	255	4	5	0.6347067952156067	ambig_opp_strand	unspliced	-1	16	.	.	.	mrna
A00839:75:H7MFFDSXY:3:1350:26946:21198	chr11	65503329	65503478	False	262	150M	255	0	9	0.9546520709991455	ambig_opp_strand	unspliced	3419	26	ENST00000698129.1	TALAM1	ENSG00000289740.1	mrna
A00839:75:H7MFFDSXY:3:1336:2998:6684	chr11	65502177	65502326	True	-294	150M	255	0	3	0.25817883014678955	ambig_opp_strand	unspliced	3419	21	ENST00000710862.1	MALAT1	ENSG00000251562.11	mrna
A00839:75:H7MFFDSXY:3:2374:11532:21245	chr11	65501830	65501979	False	328	150M	255	0	9	0.8984068036079407	ambig_opp_strand	unspliced	3419	20	ENST00000698129.1	TALAM1	ENSG00000289740.1	mrna
A00839:75:H7MFFDSXY:3:1275:31901:26146	chr11	65504497	65504646	True	-395	150M	255	0	3	0.6700498461723328	ambig_opp_strand	unspliced	3419	11	ENST00000710862.1	MALAT1	ENSG00000251562.11	mrna
A00839:75:H7MFFDSXY:3:2333:1181:14278	chr11	65502410	65502559	False	330	150M	255	0	5	0.07777614146471024	ambig_opp_strand	unspliced	-1	13	.	.	.	mrna
A00839:75:H7MFFDSXY:3:1211:2293:31485	chr11	65504476	65504625	True	-326	150M	255	0	3	0.7410176396369934	ambig_opp_strand	unspliced	3419	11	ENST00000710862.1	MALAT1	ENSG00000251562.11	mrna
A00839:75:H7MFFDSXY:3:1476:31512:31328	chr11	65502391	65502540	False	370	150M	255	1	5	0.35142943263053894	ambig_opp_strand	unspliced	-1	13	.	.	.	mrna
A00839:75:H7MFFDSXY:3:1245:6958:15640	chr11	65505921	65506070	True	-234	150M	255	0	3	0.247163787484169	ambig_opp_strand	unspliced	3419	6	ENST00000710862.1	MALAT1	ENSG00000251562.11	mrna
A00839:75:H7MFFDSXY:3:2421:13838:12148	chr11	65504409	65504557	True	-220	149M1S	255	0	3	0.4215226173400879	ambig_opp_strand	unspliced	3419	22	ENST00000618132.2	MALAT1	ENSG00000251562.11	mrna
A00839:75:H7MFFDSXY:3:1336:12219:17738	chr11	65503112	65503261	False	313	150M	255	0	9	0.9315264821052551	ambig_opp_strand	unspliced	3419	18	ENST00000698129.1	TALAM1	ENSG00000289740.1	mrna
A00839:75:H7MFFDSXY:3:2661:1759:35227	chr11	65500645	65500753	False	343	41S109M	255	9	9	0.8370286822319031	ambig_opp_strand	unspliced	3419	13	ENST00000698129.1	TALAM1	ENSG00000289740.1	mrna
A00839:75:H7MFFDSXY:3:1364:17219:2722	chr11	65504370	65504519	False	319	150M	255	0	9	0.9061411023139954	ambig_opp_strand	unspliced	3419	20	ENST00000698129.1	TALAM1	ENSG00000289740.1	mrna
A00839:75:H7MFFDSXY:3:2172:10176:18521	chr11	65502362	65502511	True	-317	150M	255	0	3	0.9489484429359436	ambig_opp_strand	unspliced	3419	12	ENST00000618132.2	MALAT1	ENSG00000251562.11	mrna
A00839:75:H7MFFDSXY:3:2251:19099:16407	chr11	65501247	65501389	True	-302	7S143M	255	0	3	0.5417620539665222	ambig_opp_strand	unspliced	3419	16	ENST00000618132.2	MALAT1	ENSG00000251562.11	mrna
A00839:75:H7MFFDSXY:3:1133:23647:2613	chr11	65505540	65505689	True	-323	150M	255	0	3	0.21507076919078827	ambig_opp_strand	unspliced	3419	6	ENST00000710951.1	MALAT1	ENSG00000251562.11	mrna
A00839:75:H7MFFDSXY:3:2340:13575:18552	chr11	65502316	65502465	False	311	150M	255	0	9	0.935821533203125	ambig_opp_strand	unspliced	3419	13	ENST00000698129.1	TALAM1	ENSG00000289740.1	mrna
A00839:75:H7MFFDSXY:3:2157:23014:17456	chr11	65501909	65502058	False	398	150M	255	0	9	0.38532134890556335	ambig_opp_strand	unspliced	3419	20	ENST00000698129.1	TALAM1	ENSG00000289740.1	mrna
A00839:75:H7MFFDSXY:3:1226:26820:12305	chr11	65500002	65500151	False	219	150M	255	1	9	0.9475319385528564	ambig_opp_strand	unspliced	3419	26	ENST00000698129.1	TALAM1	ENSG00000289740.1	mrna
A00839:75:H7MFFDSXY:3:1177:30029:37059	chr11	65503267	65503416	False	350	150M	255	0	9	0.8156318068504333	ambig_opp_strand	unspliced	3419	24	ENST00000698129.1	TALAM1	ENSG00000289740.1	mrna
A00839:75:H7MFFDSXY:3:2555:25310:35023	chr11	65504554	65504703	True	-371	150M	255	0	3	0.42260298132896423	ambig_opp_strand	unspliced	3419	20	ENST00000618132.2	MALAT1	ENSG00000251562.11	mrna
A00839:75:H7MFFDSXY:3:1375:19868:13103	chr11	65505037	65505186	True	-361	150M	255	0	3	0.3644411265850067	ambig_opp_strand	unspliced	3419	19	ENST00000618132.2	MALAT1	ENSG00000251562.11	mrna
A00839:75:H7MFFDSXY:3:2120:6614:22529	chr11	65503681	65503810	False	130	130M	255	0	9	0.9132144451141357	ambig_opp_strand	unspliced	3419	19	ENST00000698129.1	TALAM1	ENSG00000289740.1	mrna
A00839:75:H7MFFDSXY:3:2655:8784:25410	chr11	65502151	65502300	True	-256	150M	255	0	3	0.25827446579933167	ambig_opp_strand	unspliced	3419	21	ENST00000710862.1	MALAT1	ENSG00000251562.11	mrna
A00839:75:H7MFFDSXY:3:1318:17833:22545	chr11	65503439	65503588	True	-452	150M	255	0	3	0.5675508975982666	ambig_opp_strand	unspliced	3419	26	ENST00000618132.2	MALAT1	ENSG00000251562.11	mrna
A00839:75:H7MFFDSXY:3:1154:32416:7748	chr11	65506401	65506550	True	-251	150M	255	0	9	0.981219470500946	ambig_opp_strand	unspliced	3419	3	ENST00000534336.3	MALAT1	ENSG00000251562.11	mrna
A00839:75:H7MFFDSXY:3:1129:27208:16579	chr11	65501385	65501534	False	317	150M	255	0	9	0.9168169498443604	ambig_opp_strand	unspliced	3419	16	ENST00000698129.1	TALAM1	ENSG00000289740.1	mrna
A00839:75:H7MFFDSXY:3:1475:31982:9909	chr11	65504575	65504724	False	322	150M	255	1	9	0.9019812345504761	ambig_opp_strand	unspliced	3419	19	ENST00000698129.1	TALAM1	ENSG00000289740.1	mrna
A00839:75:H7MFFDSXY:3:1171:24451:17378	chr11	65504488	65504637	False	303	150M	255	0	9	0.9252702593803406	ambig_opp_strand	unspliced	3419	20	ENST00000698129.1	TALAM1	ENSG00000289740.1	mrna
A00839:75:H7MFFDSXY:3:1522:1515:6402	chr11	65505786	65505935	True	-207	150M	255	0	3	0.2471645325422287	ambig_opp_strand	unspliced	3419	6	ENST00000710862.1	MALAT1	ENSG00000251562.11	mrna
A00839:75:H7MFFDSXY:3:1204:24053:18537	chr11	65504325	65504474	True	-443	150M	255	0	3	0.937880277633667	ambig_opp_strand	spliced_implicit	3419	14	ENST00000618132.2	MALAT1	ENSG00000251562.11	mrna
A00839:75:H7MFFDSXY:3:2307:13205:20666	chr11	65505963	65506109	True	-513	1S147M2S	255	2	5	0.0332733616232872	ambig_opp_strand	unspliced	-1	6	.	.	.	mrna
A00839:75:H7MFFDSXY:3:2472:27814:3787	chr11	65503442	65503591	True	-379	150M	255	0	3	0.27649620175361633	ambig_opp_strand	unspliced	3419	26	ENST00000710862.1	MALAT1	ENSG00000251562.11	mrna
A00839:75:H7MFFDSXY:3:1642:22553:21261	chr11	65502307	65502456	False	316	150M	255	0	9	0.9297996759414673	ambig_opp_strand	unspliced	3419	13	ENST00000698129.1	TALAM1	ENSG00000289740.1	mrna
A00839:75:H7MFFDSXY:3:1453:7274:24862	chr11	65500540	65500689	False	271	150M	255	1	9	0.9138040542602539	ambig_opp_strand	unspliced	3419	25	ENST00000698129.1	TALAM1	ENSG00000289740.1	mrna
A00839:75:H7MFFDSXY:3:1346:23954:21621	chr11	65503304	65503453	True	-234	150M	255	0	3	0.5918156504631042	ambig_opp_strand	unspliced	3419	27	ENST00000618132.2	MALAT1	ENSG00000251562.11	mrna
A00839:75:H7MFFDSXY:3:1342:32145:36933	chr11	65505099	65505248	False	263	150M	255	0	9	0.9384887218475342	ambig_opp_strand	unspliced	3419	15	ENST00000698129.1	TALAM1	ENSG00000289740.1	mrna
A00839:75:H7MFFDSXY:3:1530:3983:4131	chr11	65501247	65501365	True	-276	8S119M	255	1	9	0.0204719677567482	ambig_opp_strand	unspliced	3419	16	ENST00000534336.3	MALAT1	ENSG00000251562.11	mrna
A00839:75:H7MFFDSXY:3:1416:9453:3396	chr11	65505310	65505459	True	-303	150M	255	0	3	0.5146237015724182	ambig_opp_strand	unspliced	3419	8	ENST00000618132.2	MALAT1	ENSG00000251562.11	mrna
A00839:75:H7MFFDSXY:3:2350:19416:13385	chr11	65501976	65502125	False	343	150M	255	0	9	0.8500418066978455	ambig_opp_strand	unspliced	3419	21	ENST00000698129.1	TALAM1	ENSG00000289740.1	mrna
A00839:75:H7MFFDSXY:3:2306:31937:33692	chr11	65505575	65505724	True	-232	150M	255	0	3	0.24716530740261078	ambig_opp_strand	unspliced	3419	6	ENST00000710862.1	MALAT1	ENSG00000251562.11	mrna
A00839:75:H7MFFDSXY:3:1543:21133:16297	chr11	65504335	65504484	False	283	150M	255	0	9	0.9375191926956177	ambig_opp_strand	unspliced	3419	20	ENST00000698129.1	TALAM1	ENSG00000289740.1	mrna
A00839:75:H7MFFDSXY:3:2572:7798:36448	chr11	65502753	65502902	True	-337	150M	255	0	3	0.9430494904518127	ambig_opp_strand	unspliced	3419	15	ENST00000618132.2	MALAT1	ENSG00000251562.11	mrna
A00839:75:H7MFFDSXY:3:1352:32931:33630	chr11	65501433	65501543	True	-111	111M	255	0	3	0.04431702569127083	ambig_opp_strand	unspliced	3419	17	ENST00000508832.3	MALAT1	ENSG00000251562.11	mrna
A00839:75:H7MFFDSXY:3:1636:6867:14606	chr11	65505869	65506018	True	-360	150M	255	0	3	0.5141923427581787	ambig_opp_strand	unspliced	3419	6	ENST00000618132.2	MALAT1	ENSG00000251562.11	mrna
A00839:75:H7MFFDSXY:3:2521:30047:8782	chr11	65504651	65504800	True	-368	150M	255	0	3	0.11541629582643509	ambig_opp_strand	unspliced	3419	20	ENST00000710944.1	MALAT1	ENSG00000251562.11	mrna
A00839:75:H7MFFDSXY:3:1630:32045:17127	chr11	65500623	65500772	False	429	150M	255	0	5	0.5969834327697754	ambig_opp_strand	unspliced	-1	13	.	.	.	mrna
A00839:75:H7MFFDSXY:3:1204:18656:9095	chr11	65505650	65505799	False	286	150M	255	0	9	0.9424249529838562	ambig_opp_strand	unspliced	3419	6	ENST00000698129.1	TALAM1	ENSG00000289740.1	mrna
A00839:75:H7MFFDSXY:3:1325:18936:27085	chr11	65505792	65505941	True	-359	150M	255	0	3	0.5143265724182129	ambig_opp_strand	unspliced	3419	6	ENST00000618132.2	MALAT1	ENSG00000251562.11	mrna
A00839:75:H7MFFDSXY:3:2553:17553:3490	chr11	65505504	65505653	False	346	150M	255	0	5	0.1365014612674713	ambig_opp_strand	unspliced	-1	6	.	.	.	mrna
A00839:75:H7MFFDSXY:3:1575:31204:33082	chr11	65504935	65505084	True	-290	150M	255	0	3	0.1523287147283554	ambig_opp_strand	unspliced	3419	19	ENST00000710951.1	MALAT1	ENSG00000251562.11	mrna
A00839:75:H7MFFDSXY:3:1644:22037:30013	chr11	65500795	65500944	True	-335	150M	255	0	3	0.7113361954689026	ambig_opp_strand	unspliced	3419	13	ENST00000710933.1	MALAT1	ENSG00000251562.11	mrna
A00839:75:H7MFFDSXY:3:2602:24261:3646	chr11	65500066	65500215	True	-314	150M	255	0	3	0.6069066524505615	ambig_opp_strand	unspliced	3419	25	ENST00000710935.1	MALAT1	ENSG00000251562.11	mrna
A00839:75:H7MFFDSXY:3:1127:27986:26130	chr11	65503835	65503984	True	-470	150M	255	0	3	0.047522515058517456	ambig_opp_strand	unspliced	3419	17	ENST00000508832.3	MALAT1	ENSG00000251562.11	mrna
A00839:75:H7MFFDSXY:3:2537:25654:14105	chr11	65505564	65505713	True	-227	150M	255	0	3	0.21534687280654907	ambig_opp_strand	unspliced	3419	6	ENST00000710951.1	MALAT1	ENSG00000251562.11	mrna
A00839:75:H7MFFDSXY:3:1613:15998:18865	chr11	65500647	65500796	True	-401	150M	255	0	3	1.0	unambig	spliced_annot	3419	1	ENST00000610481.1	MALAT1	ENSG00000251562.11	mrna
A00839:75:H7MFFDSXY:3:2246:15772:18505	chr11	65506202	65506351	False	302	150M	255	0	9	0.9611949324607849	ambig_opp_strand	unspliced	3419	3	ENST00000698129.1	TALAM1	ENSG00000289740.1	mrna
A00839:75:H7MFFDSXY:3:1637:14886:18129	chr11	65501019	65501168	False	215	150M	255	0	9	0.9567849040031433	ambig_opp_strand	unspliced	3419	16	ENST00000698129.1	TALAM1	ENSG00000289740.1	mrna
A00839:75:H7MFFDSXY:3:2342:14895:26193	chr11	65505828	65505977	True	-285	150M	255	0	3	0.517455518245697	ambig_opp_strand	unspliced	3419	6	ENST00000618132.2	MALAT1	ENSG00000251562.11	mrna
A00839:75:H7MFFDSXY:3:1544:2591:5666	chr11	65505787	65505936	True	-196	150M	255	0	3	0.5176023244857788	ambig_opp_strand	unspliced	3419	6	ENST00000618132.2	MALAT1	ENSG00000251562.11	mrna
A00839:75:H7MFFDSXY:3:2173:19551:19100	chr11	65504131	65504280	False	382	150M	255	0	5	0.5337204337120056	ambig_opp_strand	unspliced	-1	12	.	.	.	mrna
A00839:75:H7MFFDSXY:3:1408:30626:24721	chr11	65505490	65505639	False	361	150M	255	0	9	0.7374086976051331	ambig_opp_strand	unspliced	3419	6	ENST00000698129.1	TALAM1	ENSG00000289740.1	mrna
A00839:75:H7MFFDSXY:3:2119:7346:11710	chr11	65504365	65504514	True	-326	150M	3	0	128	0.0	.	unknown	-1	0	.	.	.	mrna
A00839:75:H7MFFDSXY:3:1227:6659:35540	chr11	65504255	65504404	True	-212	150M	255	0	3	0.12649951875209808	ambig_opp_strand	unspliced	3419	12	ENST00000508832.3	MALAT1	ENSG00000251562.11	mrna
A00839:75:H7MFFDSXY:3:2423:19443:27085	chr11	65503676	65503825	True	-375	150M	255	0	3	0.2794165313243866	ambig_opp_strand	unspliced	3419	19	ENST00000710862.1	MALAT1	ENSG00000251562.11	mrna
A00839:75:H7MFFDSXY:3:2156:31485:16501	chr11	65506602	65506751	True	-250	150M	255	0	9	0.9817818403244019	ambig_opp_strand	unspliced	3419	3	ENST00000534336.3	MALAT1	ENSG00000251562.11	mrna
A00839:75:H7MFFDSXY:3:1428:5665:23171	chr11	65504700	65504849	False	238	150M	255	0	9	0.942017674446106	ambig_opp_strand	unspliced	3419	21	ENST00000698129.1	TALAM1	ENSG00000289740.1	mrna
A00839:75:H7MFFDSXY:3:2618:29631:29857	chr11	65500092	65500241	True	-235	150M	255	0	3	0.19593429565429688	ambig_opp_strand	unspliced	3419	26	ENST00000710862.1	MALAT1	ENSG00000251562.11	mrna
A00839:75:H7MFFDSXY:3:2264:1280:15013	chr11	65500328	65500477	False	230	150M	255	0	9	0.9473733901977539	ambig_opp_strand	unspliced	3419	26	ENST00000698129.1	TALAM1	ENSG00000289740.1	mrna
A00839:75:H7MFFDSXY:3:1240:7455:5603	chr11	65501560	65501709	True	-335	150M	255	0	3	0.5430733561515808	ambig_opp_strand	unspliced	3419	16	ENST00000618132.2	MALAT1	ENSG00000251562.11	mrna
A00839:75:H7MFFDSXY:3:2308:8684:24236	chr11	65505810	65505959	False	204	150M	255	0	9	0.9550045728683472	ambig_opp_strand	unspliced	3419	6	ENST00000698129.1	TALAM1	ENSG00000289740.1	mrna
A00839:75:H7MFFDSXY:3:1462:10357:23594	chr11	65505621	65505770	True	-296	150M	255	0	3	0.21524763107299805	ambig_opp_strand	unspliced	3419	6	ENST00000710951.1	MALAT1	ENSG00000251562.11	mrna
A00839:75:H7MFFDSXY:3:2531:18918:3912	chr11	65505375	65505524	False	269	150M	255	0	9	0.9486144185066223	ambig_opp_strand	unspliced	3419	8	ENST00000698129.1	TALAM1	ENSG00000289740.1	mrna
A00839:75:H7MFFDSXY:3:1461:25925:34303	chr11	65500528	65500677	True	-365	150M	255	0	3	0.1946054995059967	ambig_opp_strand	unspliced	3419	26	ENST00000710862.1	MALAT1	ENSG00000251562.11	mrna
A00839:75:H7MFFDSXY:3:2411:1271:26240	chr11	65502975	65503124	False	311	150M	255	0	9	0.9336487650871277	ambig_opp_strand	unspliced	3419	18	ENST00000698129.1	TALAM1	ENSG00000289740.1	mrna
A00839:75:H7MFFDSXY:3:1115:24505:7044	chr11	65505675	65505824	True	-408	150M	255	1	3	0.20737138390541077	ambig_opp_strand	unspliced	3419	6	ENST00000710951.1	MALAT1	ENSG00000251562.11	mrna
A00839:75:H7MFFDSXY:3:1678:7898:7623	chr11	65504581	65504730	False	411	150M	255	0	5	0.6416980028152466	ambig_opp_strand	unspliced	-1	19	.	.	.	mrna
A00839:75:H7MFFDSXY:3:2353:29794:12446	chr11	65505651	65505800	True	-380	150M	255	0	3	0.5067803263664246	ambig_opp_strand	unspliced	3419	6	ENST00000618132.2	MALAT1	ENSG00000251562.11	mrna
A00839:75:H7MFFDSXY:3:2414:29062:1814	chr11	65501321	65501470	True	-360	150M	255	0	3	0.538345992565155	ambig_opp_strand	unspliced	3419	16	ENST00000618132.2	MALAT1	ENSG00000251562.11	mrna
A00839:75:H7MFFDSXY:3:1608:26910:26115	chr11	65501998	65502147	True	-201	150M	255	0	3	0.5409809947013855	ambig_opp_strand	unspliced	3419	21	ENST00000618132.2	MALAT1	ENSG00000251562.11	mrna
A00839:75:H7MFFDSXY:3:2637:17164:29496	chr11	65500884	65501033	False	342	150M	255	0	9	0.8699965476989746	ambig_opp_strand	unspliced	3419	11	ENST00000698129.1	TALAM1	ENSG00000289740.1	mrna
A00839:75:H7MFFDSXY:3:2425:7636:12305	chr11	65504335	65504484	True	-304	150M	255	0	3	0.12626014649868011	ambig_opp_strand	unspliced	3419	12	ENST00000508832.3	MALAT1	ENSG00000251562.11	mrna
A00839:75:H7MFFDSXY:3:1268:3323:2018	chr11	65500595	65500744	False	299	150M	255	0	9	0.9203072190284729	ambig_opp_strand	unspliced	3419	13	ENST00000698129.1	TALAM1	ENSG00000289740.1	mrna
A00839:75:H7MFFDSXY:3:2576:5602:30076	chr11	65505021	65505170	False	225	150M	255	0	9	0.9429479241371155	ambig_opp_strand	unspliced	3419	19	ENST00000698129.1	TALAM1	ENSG00000289740.1	mrna
A00839:75:H7MFFDSXY:3:2133:10285:20212	chr11	65506441	65506590	True	-268	150M	255	0	9	0.9763869643211365	ambig_opp_strand	unspliced	3419	3	ENST00000534336.3	MALAT1	ENSG00000251562.11	mrna
A00839:75:H7MFFDSXY:3:2145:24306:2440	chr11	65506194	65506294	False	101	101M	255	0	9	0.8910042643547058	ambig_opp_strand	unspliced	3419	5	ENST00000698129.1	TALAM1	ENSG00000289740.1	mrna
A00839:75:H7MFFDSXY:3:2558:21576:23766	chr11	65505143	65505292	False	417	150M	255	0	5	0.6343017816543579	ambig_opp_strand	unspliced	-1	8	.	.	.	mrna
A00839:75:H7MFFDSXY:3:2322:11641:13917	chr11	65500140	65500289	False	348	150M	255	0	9	0.8211203813552856	ambig_opp_strand	unspliced	3419	26	ENST00000698129.1	TALAM1	ENSG00000289740.1	mrna
A00839:75:H7MFFDSXY:3:1206:5222:8155	chr11	65500605	65500754	False	425	150M	255	0	5	0.5740125775337219	ambig_opp_strand	unspliced	-1	13	.	.	.	mrna
A00839:75:H7MFFDSXY:3:1227:8124:14215	chr11	65501266	65501415	True	-284	150M	255	1	3	0.12321090698242188	ambig_opp_strand	unspliced	3419	16	ENST00000710943.1	MALAT1	ENSG00000251562.11	mrna
A00839:75:H7MFFDSXY:3:1241:21603:31266	chr11	65506345	65506494	True	-453	150M	255	0	5	0.6297332048416138	ambig_opp_strand	unspliced	-1	3	.	.	.	mrna
A00839:75:H7MFFDSXY:3:1550:14552:20275	chr11	65505012	65505161	False	326	150M	255	0	9	0.8894307613372803	ambig_opp_strand	unspliced	3419	15	ENST00000698129.1	TALAM1	ENSG00000289740.1	mrna
A00839:75:H7MFFDSXY:3:2611:5032:25895	chr11	65505357	65505506	False	381	150M	255	1	9	0.49355190992355347	ambig_opp_strand	unspliced	3419	6	ENST00000698129.1	TALAM1	ENSG00000289740.1	mrna
A00839:75:H7MFFDSXY:3:1219:17535:25128	chr11	65504872	65505021	True	-220	150M	255	0	3	0.1523539423942566	ambig_opp_strand	unspliced	3419	21	ENST00000710951.1	MALAT1	ENSG00000251562.11	mrna
A00839:75:H7MFFDSXY:3:1635:25726:26944	chr11	65500757	65500906	True	-339	150M	255	0	3	0.07804113626480103	ambig_opp_strand	unspliced	3419	13	ENST00000710943.1	MALAT1	ENSG00000251562.11	mrna
A00839:75:H7MFFDSXY:3:1241:6253:21715	chr11	65504809	65504958	True	-317	150M	255	0	3	0.4270235300064087	ambig_opp_strand	unspliced	3419	19	ENST00000618132.2	MALAT1	ENSG00000251562.11	mrna
A00839:75:H7MFFDSXY:3:1538:31548:12383	chr11	65504122	65504271	True	-287	150M	255	0	3	0.7389482259750366	ambig_opp_strand	unspliced	3419	12	ENST00000710862.1	MALAT1	ENSG00000251562.11	mrna
A00839:75:H7MFFDSXY:3:2157:4716:16642	chr11	65501554	65501703	True	-253	150M	255	0	3	0.04442959278821945	ambig_opp_strand	unspliced	3419	17	ENST00000508832.3	MALAT1	ENSG00000251562.11	mrna
A00839:75:H7MFFDSXY:3:1118:6560:14481	chr11	65504909	65505058	True	-484	150M	255	0	3	0.433276504278183	ambig_opp_strand	spliced_implicit	3419	15	ENST00000618132.2	MALAT1	ENSG00000251562.11	mrna
A00839:75:H7MFFDSXY:3:2226:15619:33395	chr11	65500359	65500508	True	-300	150M	255	0	3	0.11175927519798279	ambig_opp_strand	unspliced	3419	26	ENST00000710944.1	MALAT1	ENSG00000251562.11	mrna
A00839:75:H7MFFDSXY:3:2230:23059:28213	chr11	65503836	65503985	True	-269	150M	255	0	3	0.6060511469841003	ambig_opp_strand	unspliced	3419	17	ENST00000618132.2	MALAT1	ENSG00000251562.11	mrna
A00839:75:H7MFFDSXY:3:2368:29279:35258	chr11	65504768	65504917	False	328	150M	255	0	9	0.8862868547439575	ambig_opp_strand	unspliced	3419	19	ENST00000698129.1	TALAM1	ENSG00000289740.1	mrna
A00839:75:H7MFFDSXY:3:1443:19262:31125	chr11	65502315	65502464	True	-465	150M	255	0	3	0.8959732055664062	ambig_opp_strand	unspliced	3419	11	ENST00000618132.2	MALAT1	ENSG00000251562.11	mrna
A00839:75:H7MFFDSXY:3:1225:31313:8876	chr11	65504948	65505097	True	-441	150M	255	0	3	0.06639909744262695	ambig_opp_strand	unspliced	3419	18	ENST00000710943.1	MALAT1	ENSG00000251562.11	mrna
A00839:75:H7MFFDSXY:3:1413:19795:6496	chr11	65503218	65503367	True	-387	150M	255	0	3	0.7967082858085632	ambig_opp_strand	unspliced	3419	18	ENST00000618132.2	MALAT1	ENSG00000251562.11	mrna
A00839:75:H7MFFDSXY:3:1472:8721:1877	chr11	65504350	65504499	True	-262	150M	255	0	3	0.739430844783783	ambig_opp_strand	unspliced	3419	12	ENST00000710862.1	MALAT1	ENSG00000251562.11	mrna
A00839:75:H7MFFDSXY:3:2470:20934:14231	chr11	65502085	65502234	True	-359	150M	255	0	3	0.5374439358711243	ambig_opp_strand	unspliced	3419	20	ENST00000618132.2	MALAT1	ENSG00000251562.11	mrna
A00839:75:H7MFFDSXY:3:1609:24632:19038	chr11	65500884	65501014	False	131	131M	255	0	9	0.8960852026939392	ambig_opp_strand	unspliced	3419	13	ENST00000698129.1	TALAM1	ENSG00000289740.1	mrna
A00839:75:H7MFFDSXY:3:1555:19054:5650	chr11	65505134	65505283	True	-210	150M	255	0	3	0.083430714905262	ambig_opp_strand	unspliced	3419	15	ENST00000710943.1	MALAT1	ENSG00000251562.11	mrna
A00839:75:H7MFFDSXY:3:2638:14904:20071	chr11	65504459	65504608	False	427	150M	255	0	9	0.3788500726222992	ambig_opp_strand	unspliced	3419	19	ENST00000698129.1	TALAM1	ENSG00000289740.1	mrna
A00839:75:H7MFFDSXY:3:2210:7735:14074	chr11	65503439	65503588	True	-319	150M	255	0	3	0.5921684503555298	ambig_opp_strand	unspliced	3419	27	ENST00000618132.2	MALAT1	ENSG00000251562.11	mrna
A00839:75:H7MFFDSXY:3:2308:7102:2895	chr11	65504738	65504887	False	492	150M	255	0	9	0.3935076892375946	ambig_opp_strand	unspliced	3419	19	ENST00000698129.1	TALAM1	ENSG00000289740.1	mrna
A00839:75:H7MFFDSXY:3:2563:16685:16830	chr11	65501931	65502080	False	280	150M	255	0	9	0.9464806914329529	ambig_opp_strand	unspliced	3419	21	ENST00000698129.1	TALAM1	ENSG00000289740.1	mrna
A00839:75:H7MFFDSXY:3:2245:19723:22905	chr11	65502574	65502723	True	-354	150M	255	0	3	0.9416272640228271	ambig_opp_strand	unspliced	3419	13	ENST00000618132.2	MALAT1	ENSG00000251562.11	mrna
A00839:75:H7MFFDSXY:3:2446:31638:25254	chr11	65503961	65504109	False	275	1S149M	255	3	9	0.9670506119728088	ambig_opp_strand	unspliced	3419	12	ENST00000698129.1	TALAM1	ENSG00000289740.1	mrna
A00839:75:H7MFFDSXY:3:1472:25301:11052	chr11	65504783	65504932	False	193	150M	255	0	9	0.9410139322280884	ambig_opp_strand	unspliced	3419	22	ENST00000698129.1	TALAM1	ENSG00000289740.1	mrna
A00839:75:H7MFFDSXY:3:2156:30165:26741	chr11	65505657	65505806	False	266	150M	255	0	5	0.01848876103758812	ambig_opp_strand	unspliced	-1	6	.	.	.	mrna
A00839:75:H7MFFDSXY:3:1259:27082:25160	chr11	65505742	65505891	True	-303	150M	255	0	3	0.5173000693321228	ambig_opp_strand	unspliced	3419	6	ENST00000618132.2	MALAT1	ENSG00000251562.11	mrna
A00839:75:H7MFFDSXY:3:1235:9751:14716	chr11	65502028	65502177	True	-398	150M	255	0	3	0.25032252073287964	ambig_opp_strand	unspliced	3419	19	ENST00000710862.1	MALAT1	ENSG00000251562.11	mrna
A00839:75:H7MFFDSXY:3:2546:13865:25191	chr11	65502244	65502393	True	-364	150M	255	0	3	0.5362643599510193	ambig_opp_strand	unspliced	3419	21	ENST00000618132.2	MALAT1	ENSG00000251562.11	mrna
A00839:75:H7MFFDSXY:3:1548:14669:20979	chr11	65502125	65502274	True	-309	150M	255	0	3	0.5404766201972961	ambig_opp_strand	unspliced	3419	21	ENST00000618132.2	MALAT1	ENSG00000251562.11	mrna
A00839:75:H7MFFDSXY:3:2527:31837:34773	chr11	65503107	65503256	False	309	150M	255	0	5	0.04507140815258026	ambig_opp_strand	unspliced	-1	18	.	.	.	mrna
A00839:75:H7MFFDSXY:3:2331:7762:9549	chr11	65502477	65502626	True	-462	150M	255	0	3	0.893162727355957	ambig_opp_strand	unspliced	3419	11	ENST00000618132.2	MALAT1	ENSG00000251562.11	mrna
A00839:75:H7MFFDSXY:3:1553:15881:10113	chr11	65505144	65505293	True	-228	150M	255	0	3	0.36695969104766846	ambig_opp_strand	unspliced	3419	15	ENST00000618132.2	MALAT1	ENSG00000251562.11	mrna
A00839:75:H7MFFDSXY:3:1232:16947:8108	chr11	65504429	65504578	False	315	150M	255	0	9	0.9127181768417358	ambig_opp_strand	unspliced	3419	20	ENST00000698129.1	TALAM1	ENSG00000289740.1	mrna
A00839:75:H7MFFDSXY:3:1154:14733:9596	chr11	65502514	65502663	True	-470	150M	255	0	3	0.8924276828765869	ambig_opp_strand	unspliced	3419	12	ENST00000618132.2	MALAT1	ENSG00000251562.11	mrna
A00839:75:H7MFFDSXY:3:2254:25057:32581	chr11	65501065	65501214	True	-1759	150M	3	0	128	0.0	.	unknown	-1	0	.	.	.	mrna
A00839:75:H7MFFDSXY:3:2104:27082:13103	chr11	65504744	65504893	True	-207	150M	255	0	3	0.1731540858745575	ambig_opp_strand	unspliced	3419	21	ENST00000710862.1	MALAT1	ENSG00000251562.11	mrna
A00839:75:H7MFFDSXY:3:1431:14778:23077	chr11	65500208	65500357	False	151	150M	255	0	9	0.9330106973648071	ambig_opp_strand	unspliced	3419	26	ENST00000698129.1	TALAM1	ENSG00000289740.1	mrna
A00839:75:H7MFFDSXY:3:1316:14868:4758	chr11	65502258	65502386	False	129	129M	255	0	9	0.9081407189369202	ambig_opp_strand	unspliced	3419	23	ENST00000698129.1	TALAM1	ENSG00000289740.1	mrna
A00839:75:H7MFFDSXY:3:2349:24650:36385	chr11	65501448	65501597	False	300	150M	255	0	9	0.9349433779716492	ambig_opp_strand	unspliced	3419	17	ENST00000698129.1	TALAM1	ENSG00000289740.1	mrna
A00839:75:H7MFFDSXY:3:1117:29695:2347	chr11	65500775	65500924	True	-371	150M	255	0	3	0.7061017751693726	ambig_opp_strand	unspliced	3419	13	ENST00000710933.1	MALAT1	ENSG00000251562.11	mrna
A00839:75:H7MFFDSXY:3:1330:17020:18192	chr11	65502526	65502675	False	273	150M	255	0	9	0.9614803791046143	ambig_opp_strand	unspliced	3419	15	ENST00000698129.1	TALAM1	ENSG00000289740.1	mrna
A00839:75:H7MFFDSXY:3:1310:29532:25551	chr11	65503385	65503534	False	368	150M	255	0	9	0.6639552712440491	ambig_opp_strand	unspliced	3419	23	ENST00000698129.1	TALAM1	ENSG00000289740.1	mrna
A00839:75:H7MFFDSXY:3:1540:27796:28056	chr11	65505673	65505822	True	-454	150M	255	0	3	0.49932730197906494	ambig_opp_strand	unspliced	3419	6	ENST00000618132.2	MALAT1	ENSG00000251562.11	mrna
A00839:75:H7MFFDSXY:3:1110:5385:10723	chr11	65505400	65505549	False	365	150M	255	0	5	0.2771850526332855	ambig_opp_strand	unspliced	-1	6	.	.	.	mrna
A00839:75:H7MFFDSXY:3:1364:28980:35650	chr11	65505484	65505633	False	280	150M	255	0	9	0.9451920390129089	ambig_opp_strand	unspliced	3419	6	ENST00000698129.1	TALAM1	ENSG00000289740.1	mrna
A00839:75:H7MFFDSXY:3:2249:5665:7858	chr11	65506799	65506948	True	-524	150M	255	0	9	0.3796526789665222	ambig_opp_strand	unspliced	3419	3	ENST00000534336.3	MALAT1	ENSG00000251562.11	mrna
A00839:75:H7MFFDSXY:3:1331:28908:6558	chr11	65500047	65500196	True	-217	150M	255	0	3	0.6074132323265076	ambig_opp_strand	unspliced	3419	25	ENST00000710935.1	MALAT1	ENSG00000251562.11	mrna
A00839:75:H7MFFDSXY:3:2422:4996:8891	chr11	65502146	65502295	True	-208	150M	255	0	3	0.25829431414604187	ambig_opp_strand	unspliced	3419	21	ENST00000710862.1	MALAT1	ENSG00000251562.11	mrna
A00839:75:H7MFFDSXY:3:1474:11840:15389	chr11	65501489	65501638	False	177	150M	255	1	9	0.9531345963478088	ambig_opp_strand	unspliced	3419	17	ENST00000698129.1	TALAM1	ENSG00000289740.1	mrna
A00839:75:H7MFFDSXY:3:1432:1805:12258	chr11	65503414	65503563	True	-375	150M	255	0	3	0.5811549425125122	ambig_opp_strand	unspliced	3419	27	ENST00000618132.2	MALAT1	ENSG00000251562.11	mrna
A00839:75:H7MFFDSXY:3:2472:20509:13683	chr11	65504485	65504620	True	-136	136M	255	0	3	0.11633583158254623	ambig_opp_strand	unspliced	3419	20	ENST00000710944.1	MALAT1	ENSG00000251562.11	mrna
A00839:75:H7MFFDSXY:3:2670:1633:18818	chr11	65501110	65501259	False	338	150M	255	0	9	0.8717457056045532	ambig_opp_strand	unspliced	3419	16	ENST00000698129.1	TALAM1	ENSG00000289740.1	mrna
A00839:75:H7MFFDSXY:3:1578:31177:1720	chr11	65500724	65500873	False	243	150M	255	0	9	0.9391423463821411	ambig_opp_strand	unspliced	3419	13	ENST00000698129.1	TALAM1	ENSG00000289740.1	mrna
A00839:75:H7MFFDSXY:3:2307:30490:36229	chr11	65503723	65503872	False	249	150M	255	0	9	0.9580737352371216	ambig_opp_strand	unspliced	3419	17	ENST00000698129.1	TALAM1	ENSG00000289740.1	mrna
A00839:75:H7MFFDSXY:3:1252:25952:1626	chr11	65505876	65506017	True	-142	142M	255	0	3	0.517313539981842	ambig_opp_strand	unspliced	3419	6	ENST00000618132.2	MALAT1	ENSG00000251562.11	mrna
A00839:75:H7MFFDSXY:3:2213:11017:35070	chr11	65506181	65506330	False	315	150M	255	0	9	0.94705730676651	ambig_opp_strand	unspliced	3419	3	ENST00000698129.1	TALAM1	ENSG00000289740.1	mrna
A00839:75:H7MFFDSXY:3:1236:26494:2848	chr11	65505542	65505691	True	-199	150M	255	0	3	0.2471620887517929	ambig_opp_strand	unspliced	3419	6	ENST00000710862.1	MALAT1	ENSG00000251562.11	mrna
A00839:75:H7MFFDSXY:3:2530:6560:5055	chr11	65503048	65503197	False	350	150M	255	0	9	0.8212761282920837	ambig_opp_strand	unspliced	3419	18	ENST00000698129.1	TALAM1	ENSG00000289740.1	mrna
A00839:75:H7MFFDSXY:3:2414:19171:15624	chr11	65501736	65501885	False	353	150M	255	0	5	0.18226073682308197	ambig_opp_strand	unspliced	-1	19	.	.	.	mrna
A00839:75:H7MFFDSXY:3:1160:25183:10003	chr11	65501027	65501175	True	-149	149M	255	1	3	0.25526708364486694	ambig_opp_strand	unspliced	3419	18	ENST00000618132.2	MALAT1	ENSG00000251562.11	mrna
A00839:75:H7MFFDSXY:3:1565:30382:6292	chr11	65500371	65500520	False	595	150M	255	0	9	0.6109864115715027	ambig_opp_strand	unspliced	3419	11	ENST00000698129.1	TALAM1	ENSG00000289740.1	mrna
A00839:75:H7MFFDSXY:3:1339:4761:32628	chr11	65500573	65500722	False	552	150M	255	0	9	0.9520324468612671	ambig_opp_strand	spliced_implicit	3419	13	ENST00000698129.1	TALAM1	ENSG00000289740.1	mrna
A00839:75:H7MFFDSXY:3:2507:24523:34162	chr11	65500388	65500535	True	-148	148M	255	0	3	0.5347788333892822	ambig_opp_strand	unspliced	3419	27	ENST00000710935.1	MALAT1	ENSG00000251562.11	mrna
A00839:75:H7MFFDSXY:3:2251:7645:23249	chr11	65503504	65503653	True	-289	150M	255	0	3	0.28357037901878357	ambig_opp_strand	unspliced	3419	23	ENST00000710862.1	MALAT1	ENSG00000251562.11	mrna
A00839:75:H7MFFDSXY:3:1619:6488:5932	chr11	65504375	65504524	False	184	150M	255	0	9	0.9461673498153687	ambig_opp_strand	unspliced	3419	22	ENST00000698129.1	TALAM1	ENSG00000289740.1	mrna
A00839:75:H7MFFDSXY:3:2263:6036:5118	chr11	65504503	65504652	True	-171	150M	255	0	3	0.116398885846138	ambig_opp_strand	unspliced	3419	20	ENST00000710944.1	MALAT1	ENSG00000251562.11	mrna
A00839:75:H7MFFDSXY:3:1468:24053:34507	chr11	65504310	65504459	True	-317	150M	255	0	3	0.7374115586280823	ambig_opp_strand	unspliced	3419	12	ENST00000710862.1	MALAT1	ENSG00000251562.11	mrna
A00839:75:H7MFFDSXY:3:2349:15573:14998	chr11	65504309	65504449	False	393	9S141M	255	0	9	0.38104698061943054	ambig_opp_strand	unspliced	3419	12	ENST00000698129.1	TALAM1	ENSG00000289740.1	mrna
A00839:75:H7MFFDSXY:3:2509:17544:2722	chr11	65502293	65502442	True	-229	150M	255	0	3	0.9505631923675537	ambig_opp_strand	unspliced	3419	13	ENST00000618132.2	MALAT1	ENSG00000251562.11	mrna
A00839:75:H7MFFDSXY:3:1177:31928:34272	chr11	65504643	65504792	True	-250	150M	255	0	3	0.0827450081706047	ambig_opp_strand	unspliced	3419	20	ENST00000710949.1	MALAT1	ENSG00000251562.11	mrna
A00839:75:H7MFFDSXY:3:2354:22426:20948	chr11	65505584	65505733	True	-305	150M	255	0	3	0.5172756910324097	ambig_opp_strand	unspliced	3419	6	ENST00000618132.2	MALAT1	ENSG00000251562.11	mrna
A00839:75:H7MFFDSXY:3:1649:27010:12195	chr11	65503172	65503321	False	326	150M	255	0	9	0.903792142868042	ambig_opp_strand	unspliced	3419	27	ENST00000698129.1	TALAM1	ENSG00000289740.1	mrna
A00839:75:H7MFFDSXY:3:1120:1488:24048	chr11	65500951	65501098	True	-434	70M2I78M	255	2	3	0.6812432408332825	ambig_opp_strand	spliced_implicit	3419	12	ENST00000710933.1	MALAT1	ENSG00000251562.11	mrna
A00839:75:H7MFFDSXY:3:2253:10737:24565	chr11	65501412	65501561	True	-346	150M	255	0	3	0.25912725925445557	ambig_opp_strand	unspliced	3419	15	ENST00000710862.1	MALAT1	ENSG00000251562.11	mrna
A00839:75:H7MFFDSXY:3:2256:32642:28557	chr11	65505449	65505598	False	280	150M	255	0	9	0.9451920390129089	ambig_opp_strand	unspliced	3419	6	ENST00000698129.1	TALAM1	ENSG00000289740.1	mrna
A00839:75:H7MFFDSXY:3:2474:15130:35775	chr11	65503594	65503743	False	311	150M	255	0	9	0.9264576435089111	ambig_opp_strand	unspliced	3419	19	ENST00000698129.1	TALAM1	ENSG00000289740.1	mrna
A00839:75:H7MFFDSXY:3:1247:24198:11898	chr11	65501025	65501174	False	422	150M	255	1	5	0.6303021311759949	ambig_opp_strand	unspliced	-1	16	.	.	.	mrna
A00839:75:H7MFFDSXY:3:1460:17933:13792	chr11	65500229	65500334	False	106	106M	255	0	9	0.8599433898925781	ambig_opp_strand	unspliced	3419	27	ENST00000698129.1	TALAM1	ENSG00000289740.1	mrna
A00839:75:H7MFFDSXY:3:1322:2528:26788	chr11	65500547	65500668	True	-122	122M	255	0	3	0.4322155714035034	ambig_opp_strand	unspliced	3419	29	ENST00000710933.1	MALAT1	ENSG00000251562.11	mrna
A00839:75:H7MFFDSXY:3:2241:15103:25676	chr11	65503480	65503629	False	253	150M	255	0	9	0.9567962884902954	ambig_opp_strand	unspliced	3419	23	ENST00000698129.1	TALAM1	ENSG00000289740.1	mrna
A00839:75:H7MFFDSXY:3:2142:11216:21167	chr11	65505878	65506027	True	-274	150M	255	0	3	0.5175083875656128	ambig_opp_strand	unspliced	3419	6	ENST00000618132.2	MALAT1	ENSG00000251562.11	mrna
A00839:75:H7MFFDSXY:3:2171:30996:35697	chr11	65504656	65504805	True	-320	150M	255	0	9	0.01612219028174877	ambig_opp_strand	unspliced	3419	20	ENST00000534336.3	MALAT1	ENSG00000251562.11	mrna
A00839:75:H7MFFDSXY:3:1439:12861:27179	chr11	65502211	65502360	True	-227	150M	255	0	3	0.5403722524642944	ambig_opp_strand	unspliced	3419	22	ENST00000618132.2	MALAT1	ENSG00000251562.11	mrna
A00839:75:H7MFFDSXY:3:2366:5023:7122	chr11	65500072	65500221	True	-413	150M	255	0	3	0.21289636194705963	ambig_opp_strand	unspliced	3419	25	ENST00000710862.1	MALAT1	ENSG00000251562.11	mrna
A00839:75:H7MFFDSXY:3:2147:32090:34147	chr11	65503363	65503512	False	296	150M	255	0	5	0.03200492262840271	ambig_opp_strand	unspliced	-1	23	.	.	.	mrna
A00839:75:H7MFFDSXY:3:1523:6551:32565	chr11	65501247	65501368	True	-340	27S122M	255	0	3	0.5406479239463806	ambig_opp_strand	unspliced	3419	16	ENST00000618132.2	MALAT1	ENSG00000251562.11	mrna
A00839:75:H7MFFDSXY:3:2611:14407:24502	chr11	65503635	65503784	False	269	150M	255	0	9	0.9527321457862854	ambig_opp_strand	unspliced	3419	19	ENST00000698129.1	TALAM1	ENSG00000289740.1	mrna
A00839:75:H7MFFDSXY:3:1544:16306:22623	chr11	65503425	65503574	False	527	150M	255	0	9	0.48510876297950745	ambig_opp_strand	unspliced	3419	17	ENST00000698129.1	TALAM1	ENSG00000289740.1	mrna
A00839:75:H7MFFDSXY:3:1250:24397:6605	chr11	65503171	65503320	False	268	150M	255	0	9	0.9529433846473694	ambig_opp_strand	unspliced	3419	27	ENST00000698129.1	TALAM1	ENSG00000289740.1	mrna
A00839:75:H7MFFDSXY:3:1414:22417:30170	chr11	65505017	65505333	True	-371	3M167N147M	255	0	3	1.0	unambig	spliced_annot	3419	1	ENST00000710948.1	MALAT1	ENSG00000251562.11	mrna
A00839:75:H7MFFDSXY:3:2454:20871:16313	chr11	65500752	65500901	True	-478	150M	255	0	3	0.6972242593765259	ambig_opp_strand	unspliced	3419	12	ENST00000710933.1	MALAT1	ENSG00000251562.11	mrna
A00839:75:H7MFFDSXY:3:2166:1759:9236	chr11	65501029	65501178	True	-315	150M	255	0	3	0.07811571657657623	ambig_opp_strand	unspliced	3419	13	ENST00000710943.1	MALAT1	ENSG00000251562.11	mrna
A00839:75:H7MFFDSXY:3:1653:5782:26757	chr11	65501044	65501193	True	-493	150M	255	0	3	0.6964805126190186	ambig_opp_strand	unspliced	3419	13	ENST00000710933.1	MALAT1	ENSG00000251562.11	mrna
A00839:75:H7MFFDSXY:3:2363:14262:34898	chr11	65505065	65505214	False	380	150M	255	0	5	0.4789123833179474	ambig_opp_strand	unspliced	-1	15	.	.	.	mrna
A00839:75:H7MFFDSXY:3:1450:17960:16438	chr11	65503242	65503391	False	302	150M	255	0	9	0.9355722069740295	ambig_opp_strand	unspliced	3419	27	ENST00000698129.1	TALAM1	ENSG00000289740.1	mrna
A00839:75:H7MFFDSXY:3:2271:15411:19852	chr11	65503390	65503539	True	-373	150M	255	0	3	0.27801433205604553	ambig_opp_strand	unspliced	3419	27	ENST00000710862.1	MALAT1	ENSG00000251562.11	mrna
A00839:75:H7MFFDSXY:3:1103:12436:5055	chr11	65503129	65503278	True	-256	150M	255	0	3	0.835925817489624	ambig_opp_strand	unspliced	3419	18	ENST00000618132.2	MALAT1	ENSG00000251562.11	mrna
A00839:75:H7MFFDSXY:3:2628:18267:33129	chr11	65505200	65505349	False	536	150M	255	0	9	0.43551546335220337	ambig_opp_strand	unspliced	3419	6	ENST00000698129.1	TALAM1	ENSG00000289740.1	mrna
A00839:75:H7MFFDSXY:3:2439:26874:17942	chr11	65504872	65505021	False	421	150M	255	0	9	0.3499163091182709	ambig_opp_strand	unspliced	3419	15	ENST00000698129.1	TALAM1	ENSG00000289740.1	mrna
A00839:75:H7MFFDSXY:3:2261:1732:1485	chr11	65500680	65500829	False	229	150M	255	0	9	0.9399277567863464	ambig_opp_strand	unspliced	3419	13	ENST00000698129.1	TALAM1	ENSG00000289740.1	mrna
A00839:75:H7MFFDSXY:3:2503:32416:12038	chr11	65505661	65505810	False	302	150M	255	2	9	0.9319278001785278	ambig_opp_strand	unspliced	3419	6	ENST00000698129.1	TALAM1	ENSG00000289740.1	mrna
A00839:75:H7MFFDSXY:3:1405:18050:36166	chr11	65501884	65502033	True	-422	150M	255	0	3	0.2492327243089676	ambig_opp_strand	unspliced	3419	18	ENST00000710862.1	MALAT1	ENSG00000251562.11	mrna
A00839:75:H7MFFDSXY:3:1607:23393:24439	chr11	65505439	65505566	False	128	128M	255	0	9	0.9054499864578247	ambig_opp_strand	unspliced	3419	8	ENST00000698129.1	TALAM1	ENSG00000289740.1	mrna
A00839:75:H7MFFDSXY:3:2528:20392:10817	chr11	65501526	65501675	True	-332	150M	255	1	3	0.044362250715494156	ambig_opp_strand	unspliced	3419	16	ENST00000508832.3	MALAT1	ENSG00000251562.11	mrna
A00839:75:H7MFFDSXY:3:1633:16414:16235	chr11	65501657	65501806	False	266	150M	255	0	9	0.9512919783592224	ambig_opp_strand	unspliced	3419	18	ENST00000698129.1	TALAM1	ENSG00000289740.1	mrna
A00839:75:H7MFFDSXY:3:2423:3206:33004	chr11	65502737	65502886	True	-350	150M	255	0	3	0.9398162961006165	ambig_opp_strand	unspliced	3419	15	ENST00000618132.2	MALAT1	ENSG00000251562.11	mrna
A00839:75:H7MFFDSXY:3:2566:10285:11412	chr11	65505823	65505972	True	-370	150M	255	0	3	0.21276722848415375	ambig_opp_strand	unspliced	3419	6	ENST00000710951.1	MALAT1	ENSG00000251562.11	mrna
A00839:75:H7MFFDSXY:3:1326:7988:27539	chr11	65501024	65501173	False	465	150M	255	0	9	0.3902563750743866	ambig_opp_strand	unspliced	3419	16	ENST00000698129.1	TALAM1	ENSG00000289740.1	mrna
A00839:75:H7MFFDSXY:3:1169:4526:16125	chr11	65501922	65502071	False	228	150M	255	0	9	0.956456184387207	ambig_opp_strand	unspliced	3419	21	ENST00000698129.1	TALAM1	ENSG00000289740.1	mrna
A00839:75:H7MFFDSXY:3:1316:3323:18646	chr11	65505481	65505630	False	236	150M	255	0	5	0.013347115367650986	ambig_opp_strand	unspliced	-1	6	.	.	.	mrna
A00839:75:H7MFFDSXY:3:2664:15727:12383	chr11	65501804	65501918	True	-115	115M	255	0	9	0.020383181050419807	ambig_opp_strand	unspliced	3419	20	ENST00000534336.3	MALAT1	ENSG00000251562.11	mrna
A00839:75:H7MFFDSXY:3:1472:31376:1407	chr11	65503522	65503671	True	-231	150M	255	0	3	0.5940859913825989	ambig_opp_strand	unspliced	3419	23	ENST00000618132.2	MALAT1	ENSG00000251562.11	mrna
A00839:75:H7MFFDSXY:3:1216:22336:12367	chr11	65505545	65505676	True	-132	132M	255	0	3	0.5170844197273254	ambig_opp_strand	unspliced	3419	6	ENST00000618132.2	MALAT1	ENSG00000251562.11	mrna
A00839:75:H7MFFDSXY:3:2666:17291:3724	chr11	65503579	65503728	True	-309	150M	255	0	3	0.593558669090271	ambig_opp_strand	unspliced	3419	23	ENST00000618132.2	MALAT1	ENSG00000251562.11	mrna
A00839:75:H7MFFDSXY:3:1244:2329:26412	chr11	65501781	65501930	False	251	150M	255	0	9	0.9545639753341675	ambig_opp_strand	unspliced	3419	19	ENST00000698129.1	TALAM1	ENSG00000289740.1	mrna
A00839:75:H7MFFDSXY:3:1476:14118:8750	chr11	65501719	65501868	False	211	150M	255	0	3	0.01650647632777691	ambig_opp_strand	unspliced	3419	18	ENST00000618132.2	MALAT1	ENSG00000251562.11	mrna
A00839:75:H7MFFDSXY:3:2204:4535:1172	chr11	65500230	65500379	True	-279	150M	255	0	3	0.5393932461738586	ambig_opp_strand	unspliced	3419	26	ENST00000710935.1	MALAT1	ENSG00000251562.11	mrna
A00839:75:H7MFFDSXY:3:2554:1570:32518	chr11	65503173	65503322	False	219	150M	255	0	9	0.9592534303665161	ambig_opp_strand	unspliced	3419	27	ENST00000698129.1	TALAM1	ENSG00000289740.1	mrna
A00839:75:H7MFFDSXY:3:1154:24044:5776	chr11	65503157	65503306	False	367	150M	255	0	9	0.6733313798904419	ambig_opp_strand	unspliced	3419	27	ENST00000698129.1	TALAM1	ENSG00000289740.1	mrna
A00839:75:H7MFFDSXY:3:1147:24099:28197	chr11	65504579	65504728	True	-346	150M	255	0	3	0.42603379487991333	ambig_opp_strand	unspliced	3419	20	ENST00000618132.2	MALAT1	ENSG00000251562.11	mrna
A00839:75:H7MFFDSXY:3:2668:20636:6793	chr11	65505805	65505954	True	-284	150M	255	0	3	0.2152833640575409	ambig_opp_strand	unspliced	3419	6	ENST00000710951.1	MALAT1	ENSG00000251562.11	mrna
A00839:75:H7MFFDSXY:3:1458:23393:18364	chr11	65500865	65501014	False	249	150M	255	0	9	0.9385402202606201	ambig_opp_strand	unspliced	3419	13	ENST00000698129.1	TALAM1	ENSG00000289740.1	mrna
A00839:75:H7MFFDSXY:3:2675:2781:8594	chr11	65506341	65506490	True	-279	150M	255	1	9	0.971890926361084	ambig_opp_strand	unspliced	3419	3	ENST00000534336.3	MALAT1	ENSG00000251562.11	mrna
A00839:75:H7MFFDSXY:3:1422:32606:33191	chr11	65501850	65501999	True	-190	150M	255	0	3	0.541010856628418	ambig_opp_strand	unspliced	3419	20	ENST00000618132.2	MALAT1	ENSG00000251562.11	mrna
A00839:75:H7MFFDSXY:3:2123:32416:6214	chr11	65506852	65507001	True	-514	150M	255	0	9	0.3571357727050781	ambig_opp_strand	unspliced	3419	3	ENST00000534336.3	MALAT1	ENSG00000251562.11	mrna
A00839:75:H7MFFDSXY:3:1551:6714:28682	chr11	65504577	65504726	True	-198	150M	255	0	3	0.42721524834632874	ambig_opp_strand	unspliced	3419	20	ENST00000618132.2	MALAT1	ENSG00000251562.11	mrna
A00839:75:H7MFFDSXY:3:2325:15257:25504	chr11	65500718	65500867	False	287	150M	255	0	9	0.9274030923843384	ambig_opp_strand	unspliced	3419	13	ENST00000698129.1	TALAM1	ENSG00000289740.1	mrna
A00839:75:H7MFFDSXY:3:1301:10068:5024	chr11	65500205	65500354	False	174	150M	255	0	9	0.9433700442314148	ambig_opp_strand	unspliced	3419	26	ENST00000698129.1	TALAM1	ENSG00000289740.1	mrna
A00839:75:H7MFFDSXY:3:1423:32018:5118	chr11	65505349	65505498	False	320	150M	3	0	128	0.0	.	unknown	-1	0	.	.	.	mrna
A00839:75:H7MFFDSXY:3:2246:20211:24940	chr11	65502085	65502234	False	298	150M	255	0	9	0.9367508888244629	ambig_opp_strand	unspliced	3419	21	ENST00000698129.1	TALAM1	ENSG00000289740.1	mrna
A00839:75:H7MFFDSXY:3:2675:11984:24909	chr11	65503136	65503285	True	-271	150M	255	0	3	0.8357911705970764	ambig_opp_strand	unspliced	3419	18	ENST00000618132.2	MALAT1	ENSG00000251562.11	mrna
A00839:75:H7MFFDSXY:3:2624:23222:7326	chr11	65500123	65500272	False	258	150M	255	1	9	0.9439422488212585	ambig_opp_strand	unspliced	3419	26	ENST00000698129.1	TALAM1	ENSG00000289740.1	mrna
A00839:75:H7MFFDSXY:3:2445:1235:14685	chr11	65504429	65504578	True	-319	150M	255	0	3	0.7372051477432251	ambig_opp_strand	unspliced	3419	12	ENST00000710862.1	MALAT1	ENSG00000251562.11	mrna
A00839:75:H7MFFDSXY:3:2242:8829:25895	chr11	65506458	65506607	True	-253	150M	255	0	9	0.9809280037879944	ambig_opp_strand	unspliced	3419	3	ENST00000534336.3	MALAT1	ENSG00000251562.11	mrna
A00839:75:H7MFFDSXY:3:1276:12264:14465	chr11	65501505	65501654	False	317	150M	255	0	9	0.9168087840080261	ambig_opp_strand	unspliced	3419	17	ENST00000698129.1	TALAM1	ENSG00000289740.1	mrna
A00839:75:H7MFFDSXY:3:1253:2356:28964	chr11	65503648	65503797	False	343	150M	255	1	5	0.12321136146783829	ambig_opp_strand	unspliced	-1	17	.	.	.	mrna
A00839:75:H7MFFDSXY:3:1412:2998:14920	chr11	65500384	65500533	False	252	150M	255	0	9	0.9454140067100525	ambig_opp_strand	unspliced	3419	26	ENST00000698129.1	TALAM1	ENSG00000289740.1	mrna
A00839:75:H7MFFDSXY:3:2113:14959:31876	chr11	65505679	65505828	False	263	150M	255	0	9	0.9506993293762207	ambig_opp_strand	unspliced	3419	6	ENST00000698129.1	TALAM1	ENSG00000289740.1	mrna
A00839:75:H7MFFDSXY:3:2413:21640:16016	chr11	65505910	65506059	True	-329	150M	255	0	3	0.5167911052703857	ambig_opp_strand	unspliced	3419	6	ENST00000618132.2	MALAT1	ENSG00000251562.11	mrna
A00839:75:H7MFFDSXY:3:2342:22019:13322	chr11	65505151	65505300	False	150	150M	255	0	9	0.9244942665100098	ambig_opp_strand	unspliced	3419	15	ENST00000698129.1	TALAM1	ENSG00000289740.1	mrna
A00839:75:H7MFFDSXY:3:2315:10059:21950	chr11	65504140	65504289	True	-342	150M	255	0	3	0.7336651682853699	ambig_opp_strand	unspliced	3419	12	ENST00000710862.1	MALAT1	ENSG00000251562.11	mrna
A00839:75:H7MFFDSXY:3:1541:1985:13542	chr11	65503211	65503360	True	-232	150M	255	0	3	0.5918198227882385	ambig_opp_strand	unspliced	3419	27	ENST00000618132.2	MALAT1	ENSG00000251562.11	mrna
A00839:75:H7MFFDSXY:3:2328:3134:36793	chr11	65505143	65505292	False	284	150M	255	0	9	0.9313890933990479	ambig_opp_strand	unspliced	3419	15	ENST00000698129.1	TALAM1	ENSG00000289740.1	mrna
A00839:75:H7MFFDSXY:3:1309:9372:34068	chr11	65505889	65506038	True	-355	150M	255	0	3	0.2142089158296585	ambig_opp_strand	unspliced	3419	6	ENST00000710951.1	MALAT1	ENSG00000251562.11	mrna
A00839:75:H7MFFDSXY:3:1406:32588:24987	chr11	65504293	65504442	True	-335	150M	255	0	3	0.735136866569519	ambig_opp_strand	unspliced	3419	12	ENST00000710862.1	MALAT1	ENSG00000251562.11	mrna
A00839:75:H7MFFDSXY:3:1166:6162:10786	chr11	65501842	65501991	False	210	150M	255	0	9	0.9565678238868713	ambig_opp_strand	unspliced	3419	20	ENST00000698129.1	TALAM1	ENSG00000289740.1	mrna
A00839:75:H7MFFDSXY:3:2658:15944:16892	chr11	65506205	65506354	True	-159	150M	255	1	3	0.5121296644210815	ambig_opp_strand	unspliced	3419	5	ENST00000710862.1	MALAT1	ENSG00000251562.11	mrna
A00839:75:H7MFFDSXY:3:2449:29830:21746	chr11	65503621	65503770	False	228	150M	255	1	9	0.9591553807258606	ambig_opp_strand	unspliced	3419	19	ENST00000698129.1	TALAM1	ENSG00000289740.1	mrna
A00839:75:H7MFFDSXY:3:1613:20392:3677	chr11	65501532	65501681	False	356	150M	255	0	9	0.7750378847122192	ambig_opp_strand	unspliced	3419	17	ENST00000698129.1	TALAM1	ENSG00000289740.1	mrna
A00839:75:H7MFFDSXY:3:1670:19289:11976	chr11	65500689	65500838	True	-256	150M	255	0	3	0.7122757434844971	ambig_opp_strand	unspliced	3419	13	ENST00000710933.1	MALAT1	ENSG00000251562.11	mrna
A00839:75:H7MFFDSXY:3:2267:12581:10410	chr11	65503859	65504008	False	285	150M	255	1	9	0.9474146366119385	ambig_opp_strand	unspliced	3419	17	ENST00000698129.1	TALAM1	ENSG00000289740.1	mrna
A00839:75:H7MFFDSXY:3:2317:24062:27289	chr11	65504005	65504154	False	243	150M	255	0	9	0.9748949408531189	ambig_opp_strand	unspliced	3419	12	ENST00000698129.1	TALAM1	ENSG00000289740.1	mrna
A00839:75:H7MFFDSXY:3:1268:28176:23453	chr11	65504432	65504581	False	426	150M	255	0	5	0.6128049492835999	ambig_opp_strand	unspliced	-1	20	.	.	.	mrna
A00839:75:H7MFFDSXY:3:1634:26693:13589	chr11	65500768	65500917	False	282	150M	255	0	9	0.9294050931930542	ambig_opp_strand	unspliced	3419	13	ENST00000698129.1	TALAM1	ENSG00000289740.1	mrna
A00839:75:H7MFFDSXY:3:2236:11623:10410	chr11	65501473	65501622	False	308	150M	255	0	9	0.9278985261917114	ambig_opp_strand	unspliced	3419	17	ENST00000698129.1	TALAM1	ENSG00000289740.1	mrna
A00839:75:H7MFFDSXY:3:1306:16143:23249	chr11	65504027	65504176	False	390	150M	255	0	5	0.5833902955055237	ambig_opp_strand	unspliced	-1	12	.	.	.	mrna
A00839:75:H7MFFDSXY:3:2349:2944:5650	chr11	65504774	65504923	True	-248	150M	255	0	3	0.17315047979354858	ambig_opp_strand	unspliced	3419	21	ENST00000710862.1	MALAT1	ENSG00000251562.11	mrna
A00839:75:H7MFFDSXY:3:2127:31051:22294	chr11	65503289	65503438	True	-349	150M	255	1	3	0.8306336402893066	ambig_opp_strand	unspliced	3419	18	ENST00000618132.2	MALAT1	ENSG00000251562.11	mrna
A00839:75:H7MFFDSXY:3:2608:9986:2754	chr11	65504878	65505027	True	-305	150M	255	0	3	0.17480212450027466	ambig_opp_strand	unspliced	3419	19	ENST00000710862.1	MALAT1	ENSG00000251562.11	mrna
A00839:75:H7MFFDSXY:3:1306:28691:21684	chr11	65505555	65505704	True	-200	150M	255	0	3	0.5176058411598206	ambig_opp_strand	unspliced	3419	6	ENST00000618132.2	MALAT1	ENSG00000251562.11	mrna
A00839:75:H7MFFDSXY:3:2644:12093:2675	chr11	65502631	65502780	False	224	150M	255	1	9	0.9688135385513306	ambig_opp_strand	unspliced	3419	16	ENST00000698129.1	TALAM1	ENSG00000289740.1	mrna
A00839:75:H7MFFDSXY:3:2411:15646:1344	chr11	65501043	65501192	False	318	150M	255	0	9	0.9153392910957336	ambig_opp_strand	unspliced	3419	16	ENST00000698129.1	TALAM1	ENSG00000289740.1	mrna
A00839:75:H7MFFDSXY:3:1505:25925:25160	chr11	65505278	65505427	False	408	150M	255	0	5	0.6247763633728027	ambig_opp_strand	unspliced	-1	6	.	.	.	mrna
A00839:75:H7MFFDSXY:3:2536:23366:7012	chr11	65503835	65503984	False	239	150M	255	0	9	0.9591525197029114	ambig_opp_strand	unspliced	3419	17	ENST00000698129.1	TALAM1	ENSG00000289740.1	mrna
A00839:75:H7MFFDSXY:3:1323:3676:19382	chr11	65503282	65503431	True	-157	150M	255	0	9	0.022348063066601753	ambig_opp_strand	unspliced	3419	27	ENST00000534336.3	MALAT1	ENSG00000251562.11	mrna
A00839:75:H7MFFDSXY:3:1267:15637:31767	chr11	65502095	65502244	False	345	150M	255	0	9	0.8509158492088318	ambig_opp_strand	unspliced	3419	11	ENST00000698129.1	TALAM1	ENSG00000289740.1	mrna
A00839:75:H7MFFDSXY:3:2654:10673:13651	chr11	65505444	65505593	False	363	150M	255	0	9	0.7173580527305603	ambig_opp_strand	unspliced	3419	6	ENST00000698129.1	TALAM1	ENSG00000289740.1	mrna
A00839:75:H7MFFDSXY:3:2608:25699:28682	chr11	65503256	65503405	False	262	150M	255	0	9	0.9546025395393372	ambig_opp_strand	unspliced	3419	27	ENST00000698129.1	TALAM1	ENSG00000289740.1	mrna
A00839:75:H7MFFDSXY:3:1444:15826:17315	chr11	65502784	65502933	True	-275	150M	255	0	3	0.8539680242538452	ambig_opp_strand	unspliced	3419	20	ENST00000618132.2	MALAT1	ENSG00000251562.11	mrna
A00839:75:H7MFFDSXY:3:1221:21486:1470	chr11	65504427	65504566	False	140	140M	255	0	9	0.9236775636672974	ambig_opp_strand	unspliced	3419	22	ENST00000698129.1	TALAM1	ENSG00000289740.1	mrna
A00839:75:H7MFFDSXY:3:1340:14986:21433	chr11	65505877	65506026	True	-309	150M	255	0	3	0.5172094106674194	ambig_opp_strand	unspliced	3419	6	ENST00000618132.2	MALAT1	ENSG00000251562.11	mrna
A00839:75:H7MFFDSXY:3:1338:31069:1251	chr11	65505758	65505907	False	267	150M	255	0	9	0.9493353962898254	ambig_opp_strand	unspliced	3419	6	ENST00000698129.1	TALAM1	ENSG00000289740.1	mrna
A00839:75:H7MFFDSXY:3:1334:22761:16892	chr11	65504676	65504825	False	318	150M	255	0	9	0.9023274779319763	ambig_opp_strand	unspliced	3419	21	ENST00000698129.1	TALAM1	ENSG00000289740.1	mrna
A00839:75:H7MFFDSXY:3:1215:16025:35477	chr11	65504129	65504278	False	380	150M	255	0	9	0.5067402720451355	ambig_opp_strand	unspliced	3419	12	ENST00000698129.1	TALAM1	ENSG00000289740.1	mrna
A00839:75:H7MFFDSXY:3:2241:7193:15702	chr11	65503835	65503984	True	-365	150M	255	0	3	0.28655722737312317	ambig_opp_strand	unspliced	3419	17	ENST00000710862.1	MALAT1	ENSG00000251562.11	mrna
A00839:75:H7MFFDSXY:3:1331:19425:5791	chr11	65504775	65504924	True	-308	150M	255	0	3	0.08272965997457504	ambig_opp_strand	unspliced	3419	19	ENST00000710949.1	MALAT1	ENSG00000251562.11	mrna
A00839:75:H7MFFDSXY:3:1609:15393:22670	chr11	65502457	65502606	False	309	150M	255	0	9	0.9377488493919373	ambig_opp_strand	unspliced	3419	15	ENST00000698129.1	TALAM1	ENSG00000289740.1	mrna
A00839:75:H7MFFDSXY:3:2526:17309:21856	chr11	65500551	65500700	True	-440	150M	255	0	3	0.10883826017379761	ambig_opp_strand	unspliced	3419	26	ENST00000710944.1	MALAT1	ENSG00000251562.11	mrna
A00839:75:H7MFFDSXY:3:1659:12563:17300	chr11	65500511	65500660	True	-346	150M	255	0	3	0.5380577445030212	ambig_opp_strand	unspliced	3419	26	ENST00000710935.1	MALAT1	ENSG00000251562.11	mrna
A00839:75:H7MFFDSXY:3:2269:5638:23281	chr11	65500474	65500623	False	328	150M	255	3	9	0.8663370609283447	ambig_opp_strand	unspliced	3419	24	ENST00000698129.1	TALAM1	ENSG00000289740.1	mrna
A00839:75:H7MFFDSXY:3:1275:19280:32722	chr11	65504186	65504321	False	317	136M14S	255	0	9	0.9344347715377808	ambig_opp_strand	unspliced	3419	12	ENST00000698129.1	TALAM1	ENSG00000289740.1	mrna
A00839:75:H7MFFDSXY:3:2314:23827:11381	chr11	65500625	65500774	False	307	150M	255	0	9	0.9129411578178406	ambig_opp_strand	unspliced	3419	13	ENST00000698129.1	TALAM1	ENSG00000289740.1	mrna
A00839:75:H7MFFDSXY:3:2163:5014:5822	chr11	65501387	65501536	True	-294	150M	255	0	3	0.5443437099456787	ambig_opp_strand	unspliced	3419	15	ENST00000618132.2	MALAT1	ENSG00000251562.11	mrna
A00839:75:H7MFFDSXY:3:2626:14271:36166	chr11	65502000	65502149	False	198	150M	255	0	9	0.9559228420257568	ambig_opp_strand	unspliced	3419	22	ENST00000698129.1	TALAM1	ENSG00000289740.1	mrna
A00839:75:H7MFFDSXY:3:2335:24216:30091	chr11	65504333	65504482	False	341	150M	255	0	64	0.0	.	unspliced	-1	0	.	.	.	mrna
A00839:75:H7MFFDSXY:3:1459:16170:17754	chr11	65504689	65504838	True	-354	150M	255	0	3	0.09671904146671295	ambig_opp_strand	unspliced	3419	20	ENST00000710943.1	MALAT1	ENSG00000251562.11	mrna
A00839:75:H7MFFDSXY:3:2217:13847:2675	chr11	65503798	65503947	True	-166	150M	255	0	3	0.6060478687286377	ambig_opp_strand	unspliced	3419	17	ENST00000618132.2	MALAT1	ENSG00000251562.11	mrna
A00839:75:H7MFFDSXY:3:2165:2121:9048	chr11	65502156	65502305	False	379	150M	255	0	5	0.4808766543865204	ambig_opp_strand	unspliced	-1	11	.	.	.	mrna
A00839:75:H7MFFDSXY:3:2115:13069:16736	chr11	65501548	65501697	True	-416	150M	255	0	3	0.2503887414932251	ambig_opp_strand	unspliced	3419	16	ENST00000710862.1	MALAT1	ENSG00000251562.11	mrna
A00839:75:H7MFFDSXY:3:1344:25807:21825	chr11	65506173	65506322	False	265	150M	255	0	9	0.9656925797462463	ambig_opp_strand	unspliced	3419	5	ENST00000698129.1	TALAM1	ENSG00000289740.1	mrna
A00839:75:H7MFFDSXY:3:2576:20862:14418	chr11	65500611	65500760	False	257	150M	255	0	9	0.9370056390762329	ambig_opp_strand	unspliced	3419	13	ENST00000698129.1	TALAM1	ENSG00000289740.1	mrna
A00839:75:H7MFFDSXY:3:2610:1434:21010	chr11	65502336	65502485	True	-191	150M	255	0	3	0.9496190547943115	ambig_opp_strand	unspliced	3419	15	ENST00000618132.2	MALAT1	ENSG00000251562.11	mrna
A00839:75:H7MFFDSXY:3:1617:23167:10676	chr11	65501526	65501675	True	-209	150M	255	0	3	0.5440824627876282	ambig_opp_strand	unspliced	3419	17	ENST00000618132.2	MALAT1	ENSG00000251562.11	mrna
A00839:75:H7MFFDSXY:3:2413:30779:10269	chr11	65504930	65505079	True	-319	150M	255	0	3	0.1747444123029709	ambig_opp_strand	unspliced	3419	19	ENST00000710862.1	MALAT1	ENSG00000251562.11	mrna
A00839:75:H7MFFDSXY:3:2158:22733:31876	chr11	65500687	65500836	True	-307	150M	255	1	3	0.16408957540988922	ambig_opp_strand	unspliced	3419	13	ENST00000710862.1	MALAT1	ENSG00000251562.11	mrna
A00839:75:H7MFFDSXY:3:1126:5882:22639	chr11	65500516	65500665	True	-412	150M	255	0	3	0.5246011018753052	ambig_opp_strand	unspliced	3419	26	ENST00000710935.1	MALAT1	ENSG00000251562.11	mrna
A00839:75:H7MFFDSXY:3:1258:22064:7921	chr11	65501407	65501556	True	-486	150M	255	0	3	0.5238462686538696	ambig_opp_strand	unspliced	3419	15	ENST00000618132.2	MALAT1	ENSG00000251562.11	mrna
A00839:75:H7MFFDSXY:3:2441:17508:21574	chr11	65505548	65505697	True	-277	150M	255	0	9	0.01954733021557331	ambig_opp_strand	unspliced	3419	6	ENST00000534336.3	MALAT1	ENSG00000251562.11	mrna
A00839:75:H7MFFDSXY:3:1213:31638:8656	chr11	65505614	65505763	False	413	150M	255	0	5	0.6369774341583252	ambig_opp_strand	unspliced	-1	6	.	.	.	mrna
A00839:75:H7MFFDSXY:3:1255:23665:20744	chr11	65503916	65504065	True	-315	150M	255	0	3	0.6054987907409668	ambig_opp_strand	unspliced	3419	17	ENST00000618132.2	MALAT1	ENSG00000251562.11	mrna
A00839:75:H7MFFDSXY:3:1328:12698:26616	chr11	65503911	65504060	True	-322	150M	255	1	9	0.02286367490887642	ambig_opp_strand	unspliced	3419	17	ENST00000534336.3	MALAT1	ENSG00000251562.11	mrna
A00839:75:H7MFFDSXY:3:1535:29686:15233	chr11	65501202	65506406	False	5293	3M5055N147M	3	0	128	0.0	.	unknown	-1	0	.	.	.	mrna
A00839:75:H7MFFDSXY:3:2344:5593:21856	chr11	65502137	65502286	True	-271	150M	255	0	3	0.5408194065093994	ambig_opp_strand	unspliced	3419	21	ENST00000618132.2	MALAT1	ENSG00000251562.11	mrna
A00839:75:H7MFFDSXY:3:2657:22896:32409	chr11	65503375	65503524	False	239	150M	255	1	9	0.9585552215576172	ambig_opp_strand	unspliced	3419	27	ENST00000698129.1	TALAM1	ENSG00000289740.1	mrna
A00839:75:H7MFFDSXY:3:2265:11749:34366	chr11	65505224	65505373	False	346	150M	255	0	9	0.835529625415802	ambig_opp_strand	unspliced	3419	8	ENST00000698129.1	TALAM1	ENSG00000289740.1	mrna
A00839:75:H7MFFDSXY:3:1640:27597:24455	chr11	65505430	65505579	False	248	150M	255	0	9	0.953759491443634	ambig_opp_strand	unspliced	3419	6	ENST00000698129.1	TALAM1	ENSG00000289740.1	mrna
A00839:75:H7MFFDSXY:3:1337:29550:26052	chr11	65505539	65505688	False	293	150M	255	0	9	0.9389846920967102	ambig_opp_strand	unspliced	3419	6	ENST00000698129.1	TALAM1	ENSG00000289740.1	mrna
A00839:75:H7MFFDSXY:3:1123:18249:16344	chr11	65505449	65505598	False	385	150M	255	0	5	0.5585037469863892	ambig_opp_strand	unspliced	-1	6	.	.	.	mrna
A00839:75:H7MFFDSXY:3:2465:12283:12054	chr11	65506424	65506573	True	-259	150M	255	0	9	0.9792900085449219	ambig_opp_strand	unspliced	3419	3	ENST00000534336.3	MALAT1	ENSG00000251562.11	mrna
A00839:75:H7MFFDSXY:3:1476:15103:27430	chr11	65505557	65505706	False	312	150M	255	0	9	0.9210845828056335	ambig_opp_strand	unspliced	3419	6	ENST00000698129.1	TALAM1	ENSG00000289740.1	mrna
A00839:75:H7MFFDSXY:3:2103:5339:29496	chr11	65501430	65501579	False	199	150M	255	0	9	0.9560386538505554	ambig_opp_strand	unspliced	3419	17	ENST00000698129.1	TALAM1	ENSG00000289740.1	mrna
A00839:75:H7MFFDSXY:3:2131:22589:19476	chr11	65505512	65505661	False	199	150M	255	0	9	0.9545585513114929	ambig_opp_strand	unspliced	3419	6	ENST00000698129.1	TALAM1	ENSG00000289740.1	mrna
A00839:75:H7MFFDSXY:3:1357:30761:30311	chr11	65504746	65504895	False	216	150M	255	0	9	0.942466139793396	ambig_opp_strand	unspliced	3419	22	ENST00000698129.1	TALAM1	ENSG00000289740.1	mrna
A00839:75:H7MFFDSXY:3:1322:32344:16141	chr11	65504015	65504164	False	390	150M	255	0	9	0.41202452778816223	ambig_opp_strand	unspliced	3419	12	ENST00000698129.1	TALAM1	ENSG00000289740.1	mrna
A00839:75:H7MFFDSXY:3:2419:11360:4601	chr11	65504726	65504875	True	-312	150M	255	0	3	0.11632724851369858	ambig_opp_strand	unspliced	3419	20	ENST00000710944.1	MALAT1	ENSG00000251562.11	mrna
A00839:75:H7MFFDSXY:3:2573:28275:7373	chr11	65500470	65500612	True	-143	143M	255	1	3	0.1058780699968338	ambig_opp_strand	unspliced	3419	27	ENST00000710862.1	MALAT1	ENSG00000251562.11	mrna
A00839:75:H7MFFDSXY:3:1648:30056:28275	chr11	65501304	65501453	False	257	150M	255	0	9	0.9535212516784668	ambig_opp_strand	unspliced	3419	16	ENST00000698129.1	TALAM1	ENSG00000289740.1	mrna
A00839:75:H7MFFDSXY:3:2565:28745:7059	chr11	65501380	65501529	True	-415	150M	255	0	3	0.1192793995141983	ambig_opp_strand	unspliced	3419	15	ENST00000710943.1	MALAT1	ENSG00000251562.11	mrna
A00839:75:H7MFFDSXY:3:1539:13973:9721	chr11	65500527	65500676	False	232	150M	255	0	9	0.9161686301231384	ambig_opp_strand	unspliced	3419	28	ENST00000698129.1	TALAM1	ENSG00000289740.1	mrna
A00839:75:H7MFFDSXY:3:2634:22381:22247	chr11	65504726	65504875	True	-238	150M	255	0	3	0.42721715569496155	ambig_opp_strand	unspliced	3419	20	ENST00000618132.2	MALAT1	ENSG00000251562.11	mrna
A00839:75:H7MFFDSXY:3:1272:19967:20854	chr11	65502463	65502612	False	259	150M	255	0	5	0.016992347314953804	ambig_opp_strand	unspliced	-1	15	.	.	.	mrna
A00839:75:H7MFFDSXY:3:1444:5556:11992	chr11	65501444	65501593	True	-336	150M	255	0	3	0.12353775650262833	ambig_opp_strand	unspliced	3419	16	ENST00000710943.1	MALAT1	ENSG00000251562.11	mrna
A00839:75:H7MFFDSXY:3:2526:4652:13213	chr11	65501735	65501884	False	272	150M	255	0	9	0.9493284821510315	ambig_opp_strand	unspliced	3419	19	ENST00000698129.1	TALAM1	ENSG00000289740.1	mrna
A00839:75:H7MFFDSXY:3:1616:17309:26835	chr11	65501247	65501346	True	-236	41S100M	255	0	3	0.5420911312103271	ambig_opp_strand	unspliced	3419	16	ENST00000618132.2	MALAT1	ENSG00000251562.11	mrna
A00839:75:H7MFFDSXY:3:1649:32190:9518	chr11	65501247	65501364	True	-340	13S118M	255	0	3	0.12291964888572693	ambig_opp_strand	unspliced	3419	16	ENST00000710943.1	MALAT1	ENSG00000251562.11	mrna
A00839:75:H7MFFDSXY:3:2529:14262:15045	chr11	65500665	65500814	True	-158	150M	255	0	3	0.3102779686450958	ambig_opp_strand	unspliced	3419	26	ENST00000710935.1	MALAT1	ENSG00000251562.11	mrna
A00839:75:H7MFFDSXY:3:2128:9887:33739	chr11	65502145	65502294	False	290	150M	255	0	9	0.9539490938186646	ambig_opp_strand	unspliced	3419	12	ENST00000698129.1	TALAM1	ENSG00000289740.1	mrna
A00839:75:H7MFFDSXY:3:1578:2058:8155	chr11	65500812	65500961	True	-312	150M	255	0	3	0.07811909914016724	ambig_opp_strand	unspliced	3419	13	ENST00000710943.1	MALAT1	ENSG00000251562.11	mrna
A00839:75:H7MFFDSXY:3:2331:30752:34961	chr11	65500610	65500759	False	195	150M	255	0	9	0.9192267060279846	ambig_opp_strand	unspliced	3419	26	ENST00000698129.1	TALAM1	ENSG00000289740.1	mrna
A00839:75:H7MFFDSXY:3:1460:17743:17284	chr11	65500841	65500990	False	288	150M	255	0	9	0.9271650910377502	ambig_opp_strand	unspliced	3419	13	ENST00000698129.1	TALAM1	ENSG00000289740.1	mrna
A00839:75:H7MFFDSXY:3:2512:13413:3490	chr11	65503433	65503582	True	-306	150M	255	0	3	0.5913591980934143	ambig_opp_strand	unspliced	3419	27	ENST00000618132.2	MALAT1	ENSG00000251562.11	mrna
A00839:75:H7MFFDSXY:3:1569:20690:23422	chr11	65500254	65500403	False	403	150M	255	0	9	0.3727416396141052	ambig_opp_strand	unspliced	3419	26	ENST00000698129.1	TALAM1	ENSG00000289740.1	mrna
A00839:75:H7MFFDSXY:3:1516:7211:8218	chr11	65503940	65504089	True	-223	150M	255	0	9	0.022896846756339073	ambig_opp_strand	unspliced	3419	17	ENST00000534336.3	MALAT1	ENSG00000251562.11	mrna
A00839:75:H7MFFDSXY:3:2357:12120:30154	chr11	65504430	65504579	False	471	150M	255	0	5	0.6094098091125488	ambig_opp_strand	unspliced	-1	19	.	.	.	mrna
A00839:75:H7MFFDSXY:3:2249:7708:25708	chr11	65500934	65501082	True	-450	87M1I62M	255	1	3	0.16007067263126373	ambig_opp_strand	spliced_implicit	3419	12	ENST00000710862.1	MALAT1	ENSG00000251562.11	mrna
A00839:75:H7MFFDSXY:3:1354:4083:7717	chr11	65500915	65501063	False	309	106M1I43M	255	1	9	0.9410400986671448	ambig_opp_strand	unspliced	3419	13	ENST00000698129.1	TALAM1	ENSG00000289740.1	mrna
A00839:75:H7MFFDSXY:3:1114:5186:11945	chr11	65500046	65500195	False	325	150M	255	0	9	0.8956387042999268	ambig_opp_strand	unspliced	3419	26	ENST00000698129.1	TALAM1	ENSG00000289740.1	mrna
A00839:75:H7MFFDSXY:3:1353:8630:21543	chr11	65505704	65505853	False	442	150M	255	0	9	0.3817627429962158	ambig_opp_strand	unspliced	3419	5	ENST00000698129.1	TALAM1	ENSG00000289740.1	mrna
A00839:75:H7MFFDSXY:3:1215:30761:28682	chr11	65503425	65503557	False	133	133M	255	0	9	0.9192780256271362	ambig_opp_strand	unspliced	3419	28	ENST00000698129.1	TALAM1	ENSG00000289740.1	mrna
A00839:75:H7MFFDSXY:3:1177:8395:5572	chr11	65500626	65500775	False	295	150M	255	0	9	0.9228817224502563	ambig_opp_strand	unspliced	3419	13	ENST00000698129.1	TALAM1	ENSG00000289740.1	mrna
A00839:75:H7MFFDSXY:3:1572:10312:33943	chr11	65502387	65502536	True	-434	150M	255	0	3	0.8905020952224731	ambig_opp_strand	unspliced	3419	11	ENST00000618132.2	MALAT1	ENSG00000251562.11	mrna
A00839:75:H7MFFDSXY:3:1231:17761:23453	chr11	65502171	65502316	False	146	146M	255	0	9	0.9372466802597046	ambig_opp_strand	unspliced	3419	22	ENST00000698129.1	TALAM1	ENSG00000289740.1	mrna
A00839:75:H7MFFDSXY:3:1560:13241:5760	chr11	65500072	65500221	False	296	150M	255	0	9	0.9293129444122314	ambig_opp_strand	unspliced	3419	26	ENST00000698129.1	TALAM1	ENSG00000289740.1	mrna
A00839:75:H7MFFDSXY:3:2432:10529:8954	chr11	65505740	65505889	True	-386	150M	255	0	3	0.20925608277320862	ambig_opp_strand	unspliced	3419	6	ENST00000710951.1	MALAT1	ENSG00000251562.11	mrna
A00839:75:H7MFFDSXY:3:2348:14859:12571	chr11	65500834	65500981	True	-148	148M	255	0	3	0.7121185064315796	ambig_opp_strand	unspliced	3419	13	ENST00000710933.1	MALAT1	ENSG00000251562.11	mrna
A00839:75:H7MFFDSXY:3:1204:3314:27555	chr11	65500541	65500690	False	304	150M	255	0	5	0.03816361352801323	ambig_opp_strand	unspliced	-1	13	.	.	.	mrna
A00839:75:H7MFFDSXY:3:1619:32814:21245	chr11	65501920	65502069	False	336	150M	255	0	3	0.015166527591645718	ambig_opp_strand	unspliced	3419	20	ENST00000618132.2	MALAT1	ENSG00000251562.11	mrna
A00839:75:H7MFFDSXY:3:1505:11162:23328	chr11	65501089	65501238	True	-221	150M	255	0	3	0.5420972108840942	ambig_opp_strand	unspliced	3419	16	ENST00000618132.2	MALAT1	ENSG00000251562.11	mrna
A00839:75:H7MFFDSXY:3:1661:16333:28776	chr11	65501832	65501981	False	252	150M	255	0	9	0.9545823335647583	ambig_opp_strand	unspliced	3419	20	ENST00000698129.1	TALAM1	ENSG00000289740.1	mrna
A00839:75:H7MFFDSXY:3:2117:9607:32534	chr11	65503571	65503720	True	-269	150M	255	0	3	0.5939807295799255	ambig_opp_strand	unspliced	3419	23	ENST00000618132.2	MALAT1	ENSG00000251562.11	mrna
A00839:75:H7MFFDSXY:3:2522:10312:4977	chr11	65503774	65503923	True	-241	150M	255	0	3	0.2894446849822998	ambig_opp_strand	unspliced	3419	17	ENST00000710862.1	MALAT1	ENSG00000251562.11	mrna
A00839:75:H7MFFDSXY:3:1239:1814:28369	chr11	65503998	65504147	True	-206	150M	255	0	3	0.6061602830886841	ambig_opp_strand	unspliced	3419	17	ENST00000618132.2	MALAT1	ENSG00000251562.11	mrna
A00839:75:H7MFFDSXY:3:2438:27751:23657	chr11	65501740	65501889	True	-257	150M	255	0	3	0.12355668842792511	ambig_opp_strand	unspliced	3419	18	ENST00000710943.1	MALAT1	ENSG00000251562.11	mrna
A00839:75:H7MFFDSXY:3:2539:19180:21183	chr11	65502452	65502601	False	391	150M	255	0	5	0.6223762631416321	ambig_opp_strand	unspliced	-1	15	.	.	.	mrna
A00839:75:H7MFFDSXY:3:1650:17626:12038	chr11	65504875	65505024	True	-374	150M	255	0	3	0.42764177918434143	ambig_opp_strand	unspliced	3419	16	ENST00000618132.2	MALAT1	ENSG00000251562.11	mrna
A00839:75:H7MFFDSXY:3:1407:31322:25207	chr11	65500311	65500460	True	-337	150M	255	0	3	0.5385389924049377	ambig_opp_strand	unspliced	3419	26	ENST00000710935.1	MALAT1	ENSG00000251562.11	mrna
A00839:75:H7MFFDSXY:3:1306:5493:22247	chr11	65503209	65503358	False	247	150M	255	0	9	0.957676112651825	ambig_opp_strand	unspliced	3419	27	ENST00000698129.1	TALAM1	ENSG00000289740.1	mrna
A00839:75:H7MFFDSXY:3:2461:13693:27492	chr11	65500710	65500859	False	162	150M	255	0	9	0.9323719143867493	ambig_opp_strand	unspliced	3419	13	ENST00000698129.1	TALAM1	ENSG00000289740.1	mrna
A00839:75:H7MFFDSXY:3:1167:27579:32221	chr11	65502008	65502157	False	405	150M	255	0	5	0.6283260583877563	ambig_opp_strand	unspliced	-1	11	.	.	.	mrna
A00839:75:H7MFFDSXY:3:1545:20844:9940	chr11	65505405	65505554	False	181	150M	255	0	9	0.9519368410110474	ambig_opp_strand	unspliced	3419	8	ENST00000698129.1	TALAM1	ENSG00000289740.1	mrna
A00839:75:H7MFFDSXY:3:1609:9914:34194	chr11	65501966	65502115	True	-361	150M	255	0	3	0.5394949316978455	ambig_opp_strand	unspliced	3419	19	ENST00000618132.2	MALAT1	ENSG00000251562.11	mrna
A00839:75:H7MFFDSXY:3:1527:32696:15749	chr11	65500998	65501145	True	-148	148M	255	0	3	0.711331844329834	ambig_opp_strand	unspliced	3419	15	ENST00000710933.1	MALAT1	ENSG00000251562.11	mrna
A00839:75:H7MFFDSXY:3:1659:5565:30514	chr11	65500087	65500236	True	-271	150M	255	0	3	0.6073167324066162	ambig_opp_strand	unspliced	3419	25	ENST00000710935.1	MALAT1	ENSG00000251562.11	mrna
A00839:75:H7MFFDSXY:3:1357:1398:26960	chr11	65504910	65505023	False	114	114M	255	1	9	0.853580117225647	ambig_opp_strand	unspliced	3419	19	ENST00000698129.1	TALAM1	ENSG00000289740.1	mrna
A00839:75:H7MFFDSXY:3:1318:12617:29418	chr11	65500668	65503123	True	-2559	147M2306N3M	1	0	128	0.0	.	unknown	-1	0	.	.	.	mrna
A00839:75:H7MFFDSXY:3:1122:15872:11475	chr11	65500382	65500531	False	397	150M	255	0	9	0.3788650333881378	ambig_opp_strand	unspliced	3419	24	ENST00000698129.1	TALAM1	ENSG00000289740.1	mrna
A00839:75:H7MFFDSXY:3:1269:24722:34663	chr11	65502480	65502629	False	332	150M	255	4	9	0.8997780084609985	ambig_opp_strand	unspliced	3419	15	ENST00000698129.1	TALAM1	ENSG00000289740.1	mrna
A00839:75:H7MFFDSXY:3:1402:25418:3333	chr11	65501311	65501460	False	478	150M	255	0	5	0.5878735780715942	ambig_opp_strand	unspliced	-1	16	.	.	.	mrna
A00839:75:H7MFFDSXY:3:2124:23421:17472	chr11	65502238	65502387	True	-368	150M	255	0	3	0.25550562143325806	ambig_opp_strand	unspliced	3419	21	ENST00000710862.1	MALAT1	ENSG00000251562.11	mrna
A00839:75:H7MFFDSXY:3:2172:22055:3897	chr11	65504275	65504423	False	193	47M1I102M	255	1	9	0.9744972586631775	ambig_opp_strand	unspliced	3419	12	ENST00000698129.1	TALAM1	ENSG00000289740.1	mrna
A00839:75:H7MFFDSXY:3:1513:31738:26929	chr11	65505388	65505537	True	-334	150M	255	0	3	0.24541687965393066	ambig_opp_strand	unspliced	3419	8	ENST00000710862.1	MALAT1	ENSG00000251562.11	mrna
A00839:75:H7MFFDSXY:3:1457:26874:34538	chr11	65500566	65500715	True	-196	150M	255	0	3	0.45944562554359436	ambig_opp_strand	unspliced	3419	28	ENST00000710933.1	MALAT1	ENSG00000251562.11	mrna
A00839:75:H7MFFDSXY:3:2512:9561:23343	chr11	65502727	65502876	True	-364	150M	255	0	3	0.9327546954154968	ambig_opp_strand	unspliced	3419	15	ENST00000618132.2	MALAT1	ENSG00000251562.11	mrna
A00839:75:H7MFFDSXY:3:2449:3170:32409	chr11	65501247	65501396	False	320	150M	255	0	9	0.9123680591583252	ambig_opp_strand	unspliced	3419	15	ENST00000698129.1	TALAM1	ENSG00000289740.1	mrna
A00839:75:H7MFFDSXY:3:1336:13431:8155	chr11	65504384	65504533	False	171	150M	255	0	9	0.9432556629180908	ambig_opp_strand	unspliced	3419	22	ENST00000698129.1	TALAM1	ENSG00000289740.1	mrna
A00839:75:H7MFFDSXY:3:2161:12933:8609	chr11	65504729	65504878	True	-297	150M	255	0	3	0.0827152356505394	ambig_opp_strand	unspliced	3419	20	ENST00000710949.1	MALAT1	ENSG00000251562.11	mrna
A00839:75:H7MFFDSXY:3:1175:22426:31375	chr11	65504110	65504259	False	344	150M	255	0	9	0.8595234155654907	ambig_opp_strand	unspliced	3419	12	ENST00000698129.1	TALAM1	ENSG00000289740.1	mrna
A00839:75:H7MFFDSXY:3:1302:30779:36980	chr11	65501958	65502107	True	-305	150M	255	0	3	0.5406649112701416	ambig_opp_strand	unspliced	3419	20	ENST00000618132.2	MALAT1	ENSG00000251562.11	mrna
A00839:75:H7MFFDSXY:3:2366:29288:24878	chr11	65505493	65505642	False	236	150M	255	0	9	0.9548333883285522	ambig_opp_strand	unspliced	3419	6	ENST00000698129.1	TALAM1	ENSG00000289740.1	mrna
A00839:75:H7MFFDSXY:3:1260:10917:19053	chr11	65503465	65503614	True	-432	150M	255	0	3	0.2722770571708679	ambig_opp_strand	unspliced	3419	26	ENST00000710862.1	MALAT1	ENSG00000251562.11	mrna
A00839:75:H7MFFDSXY:3:2411:11460:25379	chr11	65501729	65501878	True	-224	150M	255	0	3	0.2595254182815552	ambig_opp_strand	unspliced	3419	18	ENST00000710862.1	MALAT1	ENSG00000251562.11	mrna
A00839:75:H7MFFDSXY:3:1473:5656:14325	chr11	65505242	65505391	False	219	150M	255	1	9	0.9552642107009888	ambig_opp_strand	unspliced	3419	8	ENST00000698129.1	TALAM1	ENSG00000289740.1	mrna
A00839:75:H7MFFDSXY:3:2535:6081:12430	chr11	65500208	65500340	True	-328	17S133M	255	5	3	0.5388461947441101	ambig_opp_strand	unspliced	3419	26	ENST00000710935.1	MALAT1	ENSG00000251562.11	mrna
A00839:75:H7MFFDSXY:3:1227:3775:23688	chr11	65506392	65506541	False	261	150M	255	0	9	0.9817070364952087	ambig_opp_strand	unspliced	3419	3	ENST00000698129.1	TALAM1	ENSG00000289740.1	mrna
A00839:75:H7MFFDSXY:3:2366:15438:35650	chr11	65503575	65503724	True	-309	150M	255	0	3	0.593558669090271	ambig_opp_strand	unspliced	3419	23	ENST00000618132.2	MALAT1	ENSG00000251562.11	mrna
A00839:75:H7MFFDSXY:3:1164:19642:21167	chr11	65500290	65500439	True	-172	150M	255	1	3	0.5394455194473267	ambig_opp_strand	unspliced	3419	26	ENST00000710935.1	MALAT1	ENSG00000251562.11	mrna
A00839:75:H7MFFDSXY:3:2321:12138:2566	chr11	65504553	65504702	False	350	150M	255	0	9	0.8081778883934021	ambig_opp_strand	unspliced	3419	19	ENST00000698129.1	TALAM1	ENSG00000289740.1	mrna
A00839:75:H7MFFDSXY:3:2556:27263:25441	chr11	65504630	65504779	True	-327	150M	255	0	3	0.4267005920410156	ambig_opp_strand	unspliced	3419	20	ENST00000618132.2	MALAT1	ENSG00000251562.11	mrna
A00839:75:H7MFFDSXY:3:1654:20021:26334	chr11	65501720	65501869	True	-398	150M	255	0	3	0.524820864200592	ambig_opp_strand	unspliced	3419	17	ENST00000618132.2	MALAT1	ENSG00000251562.11	mrna
A00839:75:H7MFFDSXY:3:1225:20699:13730	chr11	65504490	65504639	True	-315	150M	255	0	3	0.43554726243019104	ambig_opp_strand	unspliced	3419	20	ENST00000710862.1	MALAT1	ENSG00000251562.11	mrna
A00839:75:H7MFFDSXY:3:1461:3061:12461	chr11	65500592	65500741	False	275	150M	255	0	9	0.9318607449531555	ambig_opp_strand	unspliced	3419	13	ENST00000698129.1	TALAM1	ENSG00000289740.1	mrna
A00839:75:H7MFFDSXY:3:1556:12057:32550	chr11	65504445	65504594	True	-362	150M	255	0	3	0.723156750202179	ambig_opp_strand	unspliced	3419	12	ENST00000710862.1	MALAT1	ENSG00000251562.11	mrna
A00839:75:H7MFFDSXY:3:2144:30987:8375	chr11	65505613	65505761	False	321	149M	255	0	9	0.9095131754875183	ambig_opp_strand	unspliced	3419	6	ENST00000698129.1	TALAM1	ENSG00000289740.1	mrna
A00839:75:H7MFFDSXY:3:1528:3721:23657	chr11	65505004	65505153	False	318	150M	255	0	9	0.9027860164642334	ambig_opp_strand	unspliced	3419	15	ENST00000698129.1	TALAM1	ENSG00000289740.1	mrna
A00839:75:H7MFFDSXY:3:2218:19687:21809	chr11	65503778	65503927	True	-228	150M	255	0	3	0.6061635613441467	ambig_opp_strand	unspliced	3419	17	ENST00000618132.2	MALAT1	ENSG00000251562.11	mrna
A00839:75:H7MFFDSXY:3:2118:12979:21872	chr11	65501532	65501681	False	325	150M	255	0	9	0.9040090441703796	ambig_opp_strand	unspliced	3419	17	ENST00000698129.1	TALAM1	ENSG00000289740.1	mrna
A00839:75:H7MFFDSXY:3:2316:12933:4382	chr11	65504641	65504790	False	459	150M	255	0	9	0.9617016911506653	ambig_opp_strand	spliced_implicit	3419	15	ENST00000698129.1	TALAM1	ENSG00000289740.1	mrna
A00839:75:H7MFFDSXY:3:1341:28103:11177	chr11	65501351	65501500	True	-270	150M	255	0	3	0.25881245732307434	ambig_opp_strand	unspliced	3419	16	ENST00000710862.1	MALAT1	ENSG00000251562.11	mrna
A00839:75:H7MFFDSXY:3:1643:16694:24580	chr11	65503342	65503491	True	-166	150M	255	1	3	0.015627603977918625	ambig_opp_strand	unspliced	3419	27	ENST00000710948.1	MALAT1	ENSG00000251562.11	mrna
A00839:75:H7MFFDSXY:3:2355:2437:12352	chr11	65504961	65505098	False	138	138M	255	0	9	0.916100263595581	ambig_opp_strand	unspliced	3419	19	ENST00000698129.1	TALAM1	ENSG00000289740.1	mrna
A00839:75:H7MFFDSXY:3:2512:9968:18568	chr11	65500829	65500978	True	-179	150M	255	1	3	0.7122715711593628	ambig_opp_strand	unspliced	3419	13	ENST00000710933.1	MALAT1	ENSG00000251562.11	mrna
A00839:75:H7MFFDSXY:3:1318:27091:4069	chr11	65500486	65500635	False	334	150M	255	0	9	0.8702349662780762	ambig_opp_strand	unspliced	3419	12	ENST00000698129.1	TALAM1	ENSG00000289740.1	mrna
A00839:75:H7MFFDSXY:3:2223:10050:13166	chr11	65501247	65501381	True	-283	10S135M	255	0	3	0.044256728142499924	ambig_opp_strand	unspliced	3419	16	ENST00000508832.3	MALAT1	ENSG00000251562.11	mrna
A00839:75:H7MFFDSXY:3:1474:20989:5462	chr11	65504883	65505032	True	-305	150M	255	0	3	0.15229874849319458	ambig_opp_strand	unspliced	3419	19	ENST00000710951.1	MALAT1	ENSG00000251562.11	mrna
A00839:75:H7MFFDSXY:3:2539:6271:14074	chr11	65504964	65505113	True	-292	150M	255	0	3	0.17483416199684143	ambig_opp_strand	unspliced	3419	19	ENST00000710862.1	MALAT1	ENSG00000251562.11	mrna
A00839:75:H7MFFDSXY:3:1431:14733:16047	chr11	65500188	65500337	True	-339	150M	255	0	3	0.5384817123413086	ambig_opp_strand	unspliced	3419	26	ENST00000710935.1	MALAT1	ENSG00000251562.11	mrna
A00839:75:H7MFFDSXY:3:2128:16423:20509	chr11	65505265	65505414	False	297	150M	255	0	9	0.9361494183540344	ambig_opp_strand	unspliced	3419	8	ENST00000698129.1	TALAM1	ENSG00000289740.1	mrna
A00839:75:H7MFFDSXY:3:1647:13783:1752	chr11	65501015	65501164	True	-1705	150M	3	0	128	0.0	.	unknown	-1	0	.	.	.	mrna
A00839:75:H7MFFDSXY:3:2603:26865:28385	chr11	65505132	65505281	True	-316	150M	255	0	3	0.07102619111537933	ambig_opp_strand	unspliced	3419	19	ENST00000710949.1	MALAT1	ENSG00000251562.11	mrna
A00839:75:H7MFFDSXY:3:2173:29035:25285	chr11	65502268	65502376	True	-152	14S109M27S	255	2	3	0.12280979007482529	ambig_opp_strand	unspliced	3419	23	ENST00000710943.1	MALAT1	ENSG00000251562.11	mrna
A00839:75:H7MFFDSXY:3:2136:23710:21198	chr11	65504763	65504912	False	216	150M	255	0	9	0.942466139793396	ambig_opp_strand	unspliced	3419	22	ENST00000698129.1	TALAM1	ENSG00000289740.1	mrna
A00839:75:H7MFFDSXY:3:2344:7175:2738	chr11	65501221	65501370	False	494	150M	255	0	5	0.5928043127059937	ambig_opp_strand	unspliced	-1	15	.	.	.	mrna
A00839:75:H7MFFDSXY:3:1564:9408:16658	chr11	65500103	65500252	False	185	150M	255	0	9	0.9452181458473206	ambig_opp_strand	unspliced	3419	26	ENST00000698129.1	TALAM1	ENSG00000289740.1	mrna
A00839:75:H7MFFDSXY:3:1610:10610:5368	chr11	65500279	65500423	True	-145	145M	255	0	3	0.5392741560935974	ambig_opp_strand	unspliced	3419	26	ENST00000710935.1	MALAT1	ENSG00000251562.11	mrna
A00839:75:H7MFFDSXY:3:1276:10203:2221	chr11	65501486	65501635	True	-371	150M	255	0	3	0.1220400258898735	ambig_opp_strand	unspliced	3419	16	ENST00000710943.1	MALAT1	ENSG00000251562.11	mrna
A00839:75:H7MFFDSXY:3:2668:26169:19382	chr11	65505261	65505410	True	-503	150M	255	0	3	0.3589164912700653	ambig_opp_strand	unspliced	3419	15	ENST00000618132.2	MALAT1	ENSG00000251562.11	mrna
A00839:75:H7MFFDSXY:3:2252:9155:31093	chr11	65501276	65501425	False	335	150M	255	0	9	0.8796905875205994	ambig_opp_strand	unspliced	3419	16	ENST00000698129.1	TALAM1	ENSG00000289740.1	mrna
A00839:75:H7MFFDSXY:3:2453:18412:21605	chr11	65500644	65500793	False	347	150M	255	0	9	0.8174816370010376	ambig_opp_strand	unspliced	3419	13	ENST00000698129.1	TALAM1	ENSG00000289740.1	mrna
A00839:75:H7MFFDSXY:3:1234:9787:9987	chr11	65504985	65505134	True	-206	150M	255	0	3	0.3662359416484833	ambig_opp_strand	unspliced	3419	19	ENST00000618132.2	MALAT1	ENSG00000251562.11	mrna
A00839:75:H7MFFDSXY:3:1627:25111:10285	chr11	65500279	65500428	False	297	150M	255	0	9	0.9287222623825073	ambig_opp_strand	unspliced	3419	26	ENST00000698129.1	TALAM1	ENSG00000289740.1	mrna
A00839:75:H7MFFDSXY:3:1174:30960:15154	chr11	65500521	65500670	False	380	150M	255	0	5	0.4781586229801178	ambig_opp_strand	unspliced	-1	13	.	.	.	mrna
A00839:75:H7MFFDSXY:3:2651:31448:17472	chr11	65500796	65500945	True	-347	150M	255	0	3	0.07797829061746597	ambig_opp_strand	unspliced	3419	13	ENST00000710943.1	MALAT1	ENSG00000251562.11	mrna
A00839:75:H7MFFDSXY:3:2364:5999:12007	chr11	65500331	65500480	True	-342	150M	255	0	3	0.1955116093158722	ambig_opp_strand	unspliced	3419	26	ENST00000710862.1	MALAT1	ENSG00000251562.11	mrna
A00839:75:H7MFFDSXY:3:2668:8043:4053	chr11	65504622	65504771	True	-258	150M	255	0	3	0.20398838818073273	ambig_opp_strand	unspliced	3419	20	ENST00000710862.1	MALAT1	ENSG00000251562.11	mrna
A00839:75:H7MFFDSXY:3:2665:24551:24940	chr11	65503716	65503865	True	-320	150M	255	0	3	0.5951822996139526	ambig_opp_strand	unspliced	3419	19	ENST00000618132.2	MALAT1	ENSG00000251562.11	mrna
A00839:75:H7MFFDSXY:3:1305:30490:25175	chr11	65502643	65502792	True	-289	150M	255	0	3	0.9463128447532654	ambig_opp_strand	unspliced	3419	15	ENST00000618132.2	MALAT1	ENSG00000251562.11	mrna
A00839:75:H7MFFDSXY:3:1239:1913:18145	chr11	65501928	65502077	False	316	150M	255	2	9	0.9180708527565002	ambig_opp_strand	unspliced	3419	20	ENST00000698129.1	TALAM1	ENSG00000289740.1	mrna
A00839:75:H7MFFDSXY:3:1524:22435:5932	chr11	65503605	65503753	True	-316	97M1I52M	3	3	128	0.0	.	unknown	-1	0	.	.	.	mrna
A00839:75:H7MFFDSXY:3:1266:12671:7905	chr11	65505877	65506026	True	-372	150M	255	0	3	0.24395552277565002	ambig_opp_strand	unspliced	3419	6	ENST00000710862.1	MALAT1	ENSG00000251562.11	mrna
A00839:75:H7MFFDSXY:3:1663:2139:34601	chr11	65501542	65501691	False	226	150M	255	0	9	0.9566963315010071	ambig_opp_strand	unspliced	3419	18	ENST00000698129.1	TALAM1	ENSG00000289740.1	mrna
A00839:75:H7MFFDSXY:3:1508:20256:5478	chr11	65505654	65505803	False	401	150M	255	0	5	0.6045807003974915	ambig_opp_strand	unspliced	-1	6	.	.	.	mrna
A00839:75:H7MFFDSXY:3:2269:27010:22905	chr11	65502732	65502881	False	189	150M	255	0	3	0.016663284972310066	ambig_opp_strand	unspliced	3419	22	ENST00000618132.2	MALAT1	ENSG00000251562.11	mrna
A00839:75:H7MFFDSXY:3:2106:24080:24314	chr11	65502774	65502923	True	-248	150M	255	0	3	0.8542152643203735	ambig_opp_strand	unspliced	3419	20	ENST00000618132.2	MALAT1	ENSG00000251562.11	mrna
A00839:75:H7MFFDSXY:3:1561:17201:22013	chr11	65503501	65503650	True	-168	150M	255	0	3	0.5939894318580627	ambig_opp_strand	unspliced	3419	23	ENST00000618132.2	MALAT1	ENSG00000251562.11	mrna
A00839:75:H7MFFDSXY:3:1117:11008:12665	chr11	65505966	65506115	True	-331	150M	255	0	3	0.44484129548072815	ambig_opp_strand	unspliced	3419	5	ENST00000710951.1	MALAT1	ENSG00000251562.11	mrna
A00839:75:H7MFFDSXY:3:1114:4689:35884	chr11	65502759	65502908	True	-273	150M	255	0	3	0.9150934219360352	ambig_opp_strand	unspliced	3419	19	ENST00000618132.2	MALAT1	ENSG00000251562.11	mrna
A00839:75:H7MFFDSXY:3:1575:4580:1595	chr11	65505628	65505777	True	-320	150M	255	0	3	0.24688345193862915	ambig_opp_strand	unspliced	3419	6	ENST00000710862.1	MALAT1	ENSG00000251562.11	mrna
A00839:75:H7MFFDSXY:3:1110:17300:16360	chr11	65504447	65504596	False	341	150M	255	0	9	0.8522311449050903	ambig_opp_strand	unspliced	3419	20	ENST00000698129.1	TALAM1	ENSG00000289740.1	mrna
A00839:75:H7MFFDSXY:3:1371:26946:3004	chr11	65500812	65500961	False	188	150M	255	0	9	0.9383186101913452	ambig_opp_strand	unspliced	3419	13	ENST00000698129.1	TALAM1	ENSG00000289740.1	mrna
A00839:75:H7MFFDSXY:3:1617:13087:23406	chr11	65505454	65505603	True	-216	150M	255	0	3	0.24588742852210999	ambig_opp_strand	unspliced	3419	8	ENST00000710862.1	MALAT1	ENSG00000251562.11	mrna
A00839:75:H7MFFDSXY:3:2459:31747:35994	chr11	65500809	65500958	False	403	150M	255	0	9	0.37661799788475037	ambig_opp_strand	unspliced	3419	11	ENST00000698129.1	TALAM1	ENSG00000289740.1	mrna
A00839:75:H7MFFDSXY:3:1374:27471:32471	chr11	65500874	65501023	False	241	150M	255	0	9	0.9393802881240845	ambig_opp_strand	unspliced	3419	13	ENST00000698129.1	TALAM1	ENSG00000289740.1	mrna
A00839:75:H7MFFDSXY:3:1335:32389:13275	chr11	65505378	65505527	False	286	150M	255	0	9	0.9424249529838562	ambig_opp_strand	unspliced	3419	6	ENST00000698129.1	TALAM1	ENSG00000289740.1	mrna
A00839:75:H7MFFDSXY:3:2140:14525:3756	chr11	65503717	65503866	True	-249	150M	255	0	3	0.04866709187626839	ambig_opp_strand	unspliced	3419	19	ENST00000508832.3	MALAT1	ENSG00000251562.11	mrna
A00839:75:H7MFFDSXY:3:1414:28718:36166	chr11	65505134	65505283	True	-482	150M	255	0	3	0.06931355595588684	ambig_opp_strand	unspliced	3419	15	ENST00000710949.1	MALAT1	ENSG00000251562.11	mrna
A00839:75:H7MFFDSXY:3:1475:2257:33238	chr11	65505946	65506095	False	499	150M	255	0	9	0.42126768827438354	ambig_opp_strand	unspliced	3419	5	ENST00000698129.1	TALAM1	ENSG00000289740.1	mrna
A00839:75:H7MFFDSXY:3:1609:14742:34882	chr11	65502426	65502575	True	-312	150M	255	0	3	0.9492105841636658	ambig_opp_strand	unspliced	3419	12	ENST00000618132.2	MALAT1	ENSG00000251562.11	mrna
A00839:75:H7MFFDSXY:3:2210:16893:34757	chr11	65505125	65505274	False	438	150M	255	0	5	0.5930913090705872	ambig_opp_strand	unspliced	-1	8	.	.	.	mrna
A00839:75:H7MFFDSXY:3:1113:3233:30483	chr11	65501640	65501789	False	198	150M	255	0	9	0.9560635089874268	ambig_opp_strand	unspliced	3419	18	ENST00000698129.1	TALAM1	ENSG00000289740.1	mrna
A00839:75:H7MFFDSXY:3:1467:7383:20760	chr11	65505266	65505415	False	166	150M	255	0	9	0.9360306859016418	ambig_opp_strand	unspliced	3419	16	ENST00000698129.1	TALAM1	ENSG00000289740.1	mrna
A00839:75:H7MFFDSXY:3:1142:7717:1799	chr11	65504070	65504219	True	-397	150M	255	0	3	0.11429367959499359	ambig_opp_strand	unspliced	3419	12	ENST00000508832.3	MALAT1	ENSG00000251562.11	mrna
A00839:75:H7MFFDSXY:3:1274:15176:21574	chr11	65506380	65506529	True	-358	150M	255	1	9	0.7504824995994568	ambig_opp_strand	unspliced	3419	3	ENST00000534336.3	MALAT1	ENSG00000251562.11	mrna
A00839:75:H7MFFDSXY:3:2321:10366:11741	chr11	65500018	65500167	True	-234	150M	255	0	3	0.2205987125635147	ambig_opp_strand	unspliced	3419	25	ENST00000710862.1	MALAT1	ENSG00000251562.11	mrna
A00839:75:H7MFFDSXY:3:1632:2817:23531	chr11	65505606	65505755	True	-338	150M	255	0	3	0.24660080671310425	ambig_opp_strand	unspliced	3419	6	ENST00000710862.1	MALAT1	ENSG00000251562.11	mrna
A00839:75:H7MFFDSXY:3:1523:14850:16908	chr11	65504481	65504630	False	248	150M	255	0	9	0.9473863840103149	ambig_opp_strand	unspliced	3419	20	ENST00000698129.1	TALAM1	ENSG00000289740.1	mrna
A00839:75:H7MFFDSXY:3:1133:24957:7106	chr11	65502561	65502710	False	354	150M	255	0	9	0.7930598258972168	ambig_opp_strand	unspliced	3419	15	ENST00000698129.1	TALAM1	ENSG00000289740.1	mrna
A00839:75:H7MFFDSXY:3:1559:9064:10582	chr11	65505705	65505854	False	359	150M	255	1	9	0.7516165375709534	ambig_opp_strand	unspliced	3419	6	ENST00000698129.1	TALAM1	ENSG00000289740.1	mrna
A00839:75:H7MFFDSXY:3:1274:23710:34569	chr11	65501532	65501681	False	288	150M	255	0	9	0.9433240294456482	ambig_opp_strand	unspliced	3419	17	ENST00000698129.1	TALAM1	ENSG00000289740.1	mrna
A00839:75:H7MFFDSXY:3:1261:25816:13823	chr11	65500103	65500252	False	412	150M	255	0	5	0.6060947179794312	ambig_opp_strand	unspliced	-1	26	.	.	.	mrna
A00839:75:H7MFFDSXY:3:2108:26919:28917	chr11	65504975	65505114	False	140	140M	255	1	9	0.9184355139732361	ambig_opp_strand	unspliced	3419	19	ENST00000698129.1	TALAM1	ENSG00000289740.1	mrna
A00839:75:H7MFFDSXY:3:2457:20464:16924	chr11	65504769	65504918	False	321	150M	255	0	9	0.8982564806938171	ambig_opp_strand	unspliced	3419	19	ENST00000698129.1	TALAM1	ENSG00000289740.1	mrna
A00839:75:H7MFFDSXY:3:2323:20989:31328	chr11	65503809	65503958	True	-354	150M	255	0	3	0.28771108388900757	ambig_opp_strand	unspliced	3419	17	ENST00000710862.1	MALAT1	ENSG00000251562.11	mrna
A00839:75:H7MFFDSXY:3:2557:22670:19304	chr11	65500128	65500277	True	-372	150M	255	0	3	0.21803946793079376	ambig_opp_strand	unspliced	3419	25	ENST00000710862.1	MALAT1	ENSG00000251562.11	mrna
A00839:75:H7MFFDSXY:3:1645:7310:18724	chr11	65504721	65504870	False	372	150M	255	0	9	0.6079847812652588	ambig_opp_strand	unspliced	3419	19	ENST00000698129.1	TALAM1	ENSG00000289740.1	mrna
A00839:75:H7MFFDSXY:3:2503:15691:16172	chr11	65501577	65501726	True	-179	150M	255	0	3	0.5434480309486389	ambig_opp_strand	unspliced	3419	18	ENST00000618132.2	MALAT1	ENSG00000251562.11	mrna
A00839:75:H7MFFDSXY:3:1658:6370:24893	chr11	65502722	65502871	True	-252	150M	255	0	3	0.9226416349411011	ambig_opp_strand	unspliced	3419	16	ENST00000618132.2	MALAT1	ENSG00000251562.11	mrna
A00839:75:H7MFFDSXY:3:1327:15863:27555	chr11	65506297	65506446	False	418	150M	255	0	5	0.6383388638496399	ambig_opp_strand	unspliced	-1	3	.	.	.	mrna
A00839:75:H7MFFDSXY:3:2238:21341:8328	chr11	65504742	65504891	False	324	150M	255	0	9	0.8939791917800903	ambig_opp_strand	unspliced	3419	19	ENST00000698129.1	TALAM1	ENSG00000289740.1	mrna
A00839:75:H7MFFDSXY:3:1625:13946:5979	chr11	65502105	65502254	False	273	150M	255	0	9	0.948971688747406	ambig_opp_strand	unspliced	3419	22	ENST00000698129.1	TALAM1	ENSG00000289740.1	mrna
A00839:75:H7MFFDSXY:3:2216:7907:19163	chr11	65500664	65500813	False	403	150M	255	0	9	0.9486092329025269	ambig_opp_strand	spliced_implicit	3419	13	ENST00000698129.1	TALAM1	ENSG00000289740.1	mrna
A00839:75:H7MFFDSXY:3:1516:12301:32972	chr11	65500848	65500997	True	-343	150M	255	0	3	0.710917055606842	ambig_opp_strand	unspliced	3419	13	ENST00000710933.1	MALAT1	ENSG00000251562.11	mrna
A00839:75:H7MFFDSXY:3:1218:28456:21465	chr11	65503423	65503572	True	-284	150M	255	0	3	0.5916224122047424	ambig_opp_strand	unspliced	3419	27	ENST00000618132.2	MALAT1	ENSG00000251562.11	mrna
A00839:75:H7MFFDSXY:3:1571:27317:30076	chr11	65504720	65504869	True	-294	150M	255	0	3	0.11637010425329208	ambig_opp_strand	unspliced	3419	20	ENST00000710944.1	MALAT1	ENSG00000251562.11	mrna
A00839:75:H7MFFDSXY:3:2457:20085:23719	chr11	65501933	65502082	True	-358	150M	255	0	3	0.25785237550735474	ambig_opp_strand	unspliced	3419	18	ENST00000710862.1	MALAT1	ENSG00000251562.11	mrna
A00839:75:H7MFFDSXY:3:1369:25174:24298	chr11	65501247	65501321	True	-316	60S75M	255	1	3	0.26975834369659424	ambig_opp_strand	unspliced	3419	16	ENST00000710943.1	MALAT1	ENSG00000251562.11	mrna
A00839:75:H7MFFDSXY:3:2169:22968:19382	chr11	65502768	65502917	True	-211	150M	255	0	3	0.8541707396507263	ambig_opp_strand	unspliced	3419	21	ENST00000618132.2	MALAT1	ENSG00000251562.11	mrna
A00839:75:H7MFFDSXY:3:2573:12771:29183	chr11	65505215	65505364	True	-343	150M	255	0	3	0.07092764973640442	ambig_opp_strand	unspliced	3419	15	ENST00000710949.1	MALAT1	ENSG00000251562.11	mrna
A00839:75:H7MFFDSXY:3:1361:1389:18897	chr11	65500562	65500711	True	-317	150M	255	1	3	0.4593020975589752	ambig_opp_strand	unspliced	3419	27	ENST00000710933.1	MALAT1	ENSG00000251562.11	mrna
A00839:75:H7MFFDSXY:3:2207:31123:4633	chr11	65504714	65504863	True	-321	150M	255	0	3	0.08266689628362656	ambig_opp_strand	unspliced	3419	20	ENST00000710949.1	MALAT1	ENSG00000251562.11	mrna
A00839:75:H7MFFDSXY:3:2341:15637:17581	chr11	65500777	65500926	False	326	150M	255	0	9	0.8869316577911377	ambig_opp_strand	unspliced	3419	13	ENST00000698129.1	TALAM1	ENSG00000289740.1	mrna
A00839:75:H7MFFDSXY:3:1612:26567:9267	chr11	65506335	65506484	True	-317	150M	255	0	9	0.9355435371398926	ambig_opp_strand	unspliced	3419	3	ENST00000534336.3	MALAT1	ENSG00000251562.11	mrna
A00839:75:H7MFFDSXY:3:1216:22535:31563	chr11	65501339	65501446	True	-239	42S108M	255	0	3	0.5420891642570496	ambig_opp_strand	unspliced	3419	16	ENST00000618132.2	MALAT1	ENSG00000251562.11	mrna
A00839:75:H7MFFDSXY:3:2658:19081:25238	chr11	65503464	65503613	True	-170	150M	255	0	3	0.5925518274307251	ambig_opp_strand	unspliced	3419	27	ENST00000618132.2	MALAT1	ENSG00000251562.11	mrna
A00839:75:H7MFFDSXY:3:2226:29613:28948	chr11	65504776	65504925	True	-344	150M	255	0	3	0.4262844920158386	ambig_opp_strand	unspliced	3419	19	ENST00000618132.2	MALAT1	ENSG00000251562.11	mrna
A00839:75:H7MFFDSXY:3:1218:28655:15546	chr11	65500719	65500868	False	420	150M	255	0	9	0.39753276109695435	ambig_opp_strand	unspliced	3419	13	ENST00000698129.1	TALAM1	ENSG00000289740.1	mrna
A00839:75:H7MFFDSXY:3:1211:6922:33959	chr11	65503537	65503686	False	290	150M	255	0	9	0.9442195892333984	ambig_opp_strand	unspliced	3419	19	ENST00000698129.1	TALAM1	ENSG00000289740.1	mrna
A00839:75:H7MFFDSXY:3:2466:30165:11772	chr11	65503492	65503641	True	-237	150M	255	0	3	0.5940818786621094	ambig_opp_strand	unspliced	3419	23	ENST00000618132.2	MALAT1	ENSG00000251562.11	mrna
A00839:75:H7MFFDSXY:3:1611:24270:18349	chr11	65500515	65500664	True	-274	150M	255	0	3	0.2915710210800171	ambig_opp_strand	unspliced	3419	27	ENST00000710935.1	MALAT1	ENSG00000251562.11	mrna
A00839:75:H7MFFDSXY:3:1219:10113:36918	chr11	65500812	65500961	False	310	150M	255	0	9	0.91005539894104	ambig_opp_strand	unspliced	3419	13	ENST00000698129.1	TALAM1	ENSG00000289740.1	mrna
A00839:75:H7MFFDSXY:3:2278:28094:36683	chr11	65505596	65505745	True	-336	150M	255	0	3	0.2466534525156021	ambig_opp_strand	unspliced	3419	6	ENST00000710862.1	MALAT1	ENSG00000251562.11	mrna
A00839:75:H7MFFDSXY:3:1574:21649:36260	chr11	65501028	65501177	False	422	150M	255	0	9	0.35829731822013855	ambig_opp_strand	unspliced	3419	16	ENST00000698129.1	TALAM1	ENSG00000289740.1	mrna
A00839:75:H7MFFDSXY:3:1318:13268:27258	chr11	65504442	65504546	True	-105	105M	255	0	3	0.42079824209213257	ambig_opp_strand	unspliced	3419	22	ENST00000618132.2	MALAT1	ENSG00000251562.11	mrna
A00839:75:H7MFFDSXY:3:1508:31819:34898	chr11	65504535	65504684	True	-357	150M	255	0	3	0.09667598456144333	ambig_opp_strand	unspliced	3419	20	ENST00000710943.1	MALAT1	ENSG00000251562.11	mrna
A00839:75:H7MFFDSXY:3:2609:5095:23124	chr11	65506174	65506323	False	270	150M	255	0	9	0.9643387198448181	ambig_opp_strand	unspliced	3419	5	ENST00000698129.1	TALAM1	ENSG00000289740.1	mrna
A00839:75:H7MFFDSXY:3:2257:28492:4617	chr11	65505171	65505320	False	251	150M	255	0	9	0.940850019454956	ambig_opp_strand	unspliced	3419	15	ENST00000698129.1	TALAM1	ENSG00000289740.1	mrna
A00839:75:H7MFFDSXY:3:1236:17002:29277	chr11	65501347	65501496	True	-341	150M	255	0	3	0.2581297755241394	ambig_opp_strand	unspliced	3419	16	ENST00000710862.1	MALAT1	ENSG00000251562.11	mrna
A00839:75:H7MFFDSXY:3:2637:32398:17707	chr11	65504604	65504753	False	190	150M	255	0	9	0.9472476840019226	ambig_opp_strand	unspliced	3419	20	ENST00000698129.1	TALAM1	ENSG00000289740.1	mrna
A00839:75:H7MFFDSXY:3:2627:6415:30358	chr11	65504647	65504796	True	-187	150M	255	0	3	0.427203893661499	ambig_opp_strand	unspliced	3419	20	ENST00000618132.2	MALAT1	ENSG00000251562.11	mrna
A00839:75:H7MFFDSXY:3:1330:23086:3677	chr11	65504097	65504246	True	-319	150M	255	0	3	0.12607744336128235	ambig_opp_strand	unspliced	3419	12	ENST00000508832.3	MALAT1	ENSG00000251562.11	mrna
A00839:75:H7MFFDSXY:3:1612:27281:18239	chr11	65505395	65505544	False	324	150M	255	0	9	0.9051281809806824	ambig_opp_strand	unspliced	3419	6	ENST00000698129.1	TALAM1	ENSG00000289740.1	mrna
A00839:75:H7MFFDSXY:3:1608:31015:20666	chr11	65501855	65502004	True	-336	150M	255	0	3	0.5423112511634827	ambig_opp_strand	unspliced	3419	18	ENST00000618132.2	MALAT1	ENSG00000251562.11	mrna
A00839:75:H7MFFDSXY:3:1614:20853:15154	chr11	65502444	65502593	False	431	150M	255	0	5	0.5968088507652283	ambig_opp_strand	unspliced	-1	15	.	.	.	mrna
A00839:75:H7MFFDSXY:3:2609:17237:34820	chr11	65506498	65506647	True	-154	150M	255	0	9	0.969002366065979	ambig_opp_strand	unspliced	3419	3	ENST00000534336.3	MALAT1	ENSG00000251562.11	mrna
A00839:75:H7MFFDSXY:3:2375:20690:15217	chr11	65504385	65504534	False	313	150M	255	0	9	0.9146986603736877	ambig_opp_strand	unspliced	3419	20	ENST00000698129.1	TALAM1	ENSG00000289740.1	mrna
A00839:75:H7MFFDSXY:3:1563:20012:19899	chr11	65504663	65504812	True	-400	150M	255	0	3	0.41539791226387024	ambig_opp_strand	unspliced	3419	20	ENST00000618132.2	MALAT1	ENSG00000251562.11	mrna
A00839:75:H7MFFDSXY:3:1233:5023:21277	chr11	65504772	65504921	True	-523	150M	255	0	3	0.08113342523574829	ambig_opp_strand	unspliced	3419	19	ENST00000710949.1	MALAT1	ENSG00000251562.11	mrna
A00839:75:H7MFFDSXY:3:2558:9679:29872	chr11	65505060	65505209	False	362	150M	255	0	9	0.7146455645561218	ambig_opp_strand	unspliced	3419	15	ENST00000698129.1	TALAM1	ENSG00000289740.1	mrna
A00839:75:H7MFFDSXY:3:1436:32940:8030	chr11	65500395	65500544	True	-229	150M	255	0	3	0.19593508541584015	ambig_opp_strand	unspliced	3419	26	ENST00000710862.1	MALAT1	ENSG00000251562.11	mrna
A00839:75:H7MFFDSXY:3:1627:31159:30937	chr11	65506204	65506353	True	-353	150M	255	0	5	0.010633084923028946	ambig_opp_strand	unspliced	-1	5	.	.	.	mrna
A00839:75:H7MFFDSXY:3:2609:6036:24251	chr11	65504558	65504707	True	-242	150M	255	0	3	0.42721399664878845	ambig_opp_strand	unspliced	3419	20	ENST00000618132.2	MALAT1	ENSG00000251562.11	mrna
A00839:75:H7MFFDSXY:3:2177:9715:17284	chr11	65505484	65505633	False	246	150M	255	0	9	0.9540278911590576	ambig_opp_strand	unspliced	3419	6	ENST00000698129.1	TALAM1	ENSG00000289740.1	mrna
A00839:75:H7MFFDSXY:3:1506:28158:1846	chr11	65503033	65503182	False	296	150M	255	0	9	0.9481805562973022	ambig_opp_strand	unspliced	3419	18	ENST00000698129.1	TALAM1	ENSG00000289740.1	mrna
A00839:75:H7MFFDSXY:3:2455:28293:23625	chr11	65505191	65505340	False	259	150M	255	0	9	0.9393101334571838	ambig_opp_strand	unspliced	3419	15	ENST00000698129.1	TALAM1	ENSG00000289740.1	mrna
A00839:75:H7MFFDSXY:3:2628:24768:19648	chr11	65503904	65504053	False	288	150M	255	0	9	0.9462231397628784	ambig_opp_strand	unspliced	3419	17	ENST00000698129.1	TALAM1	ENSG00000289740.1	mrna
A00839:75:H7MFFDSXY:3:2526:19099:16626	chr11	65503667	65503815	True	-149	149M	255	0	3	0.5956932902336121	ambig_opp_strand	unspliced	3419	19	ENST00000618132.2	MALAT1	ENSG00000251562.11	mrna
A00839:75:H7MFFDSXY:3:1245:3640:7670	chr11	65501715	65501864	True	-428	150M	255	0	3	0.5242822170257568	ambig_opp_strand	unspliced	3419	17	ENST00000618132.2	MALAT1	ENSG00000251562.11	mrna
A00839:75:H7MFFDSXY:3:2378:31250:3756	chr11	65505823	65505972	False	517	150M	255	0	9	0.4000164866447449	ambig_opp_strand	unspliced	3419	5	ENST00000698129.1	TALAM1	ENSG00000289740.1	mrna
A00839:75:H7MFFDSXY:3:2366:21052:18724	chr11	65506567	65506716	True	-402	150M	255	0	5	0.6526944637298584	ambig_opp_strand	unspliced	-1	3	.	.	.	mrna
A00839:75:H7MFFDSXY:3:2314:19271:6433	chr11	65505801	65505950	False	294	1S124M1D25M	255	1	9	0.9382092356681824	ambig_opp_strand	unspliced	3419	6	ENST00000698129.1	TALAM1	ENSG00000289740.1	mrna
A00839:75:H7MFFDSXY:3:1111:15139:26741	chr11	65505063	65505212	True	-212	150M	255	2	3	0.3662376403808594	ambig_opp_strand	unspliced	3419	19	ENST00000618132.2	MALAT1	ENSG00000251562.11	mrna
A00839:75:H7MFFDSXY:3:2368:22770:35258	chr11	65505424	65505572	True	-265	1S149M	255	4	3	0.5148651003837585	ambig_opp_strand	unspliced	3419	8	ENST00000618132.2	MALAT1	ENSG00000251562.11	mrna
A00839:75:H7MFFDSXY:3:1346:31304:9392	chr11	65502138	65502287	False	398	150M	255	1	5	0.60560142993927	ambig_opp_strand	unspliced	-1	11	.	.	.	mrna
A00839:75:H7MFFDSXY:3:2308:1913:12477	chr11	65504382	65504531	True	-381	150M	255	0	9	0.0548870675265789	ambig_opp_strand	unspliced	3419	12	ENST00000534336.3	MALAT1	ENSG00000251562.11	mrna
A00839:75:H7MFFDSXY:3:1368:28004:15640	chr11	65502197	65502346	False	288	150M	255	0	9	0.9555482268333435	ambig_opp_strand	unspliced	3419	13	ENST00000698129.1	TALAM1	ENSG00000289740.1	mrna
A00839:75:H7MFFDSXY:3:1245:18439:12759	chr11	65501497	65501646	True	-234	150M	255	0	3	0.12369958311319351	ambig_opp_strand	unspliced	3419	17	ENST00000710943.1	MALAT1	ENSG00000251562.11	mrna
A00839:75:H7MFFDSXY:3:1177:27959:24048	chr11	65500319	65500468	False	295	150M	255	0	9	0.9298649430274963	ambig_opp_strand	unspliced	3419	26	ENST00000698129.1	TALAM1	ENSG00000289740.1	mrna
A00839:75:H7MFFDSXY:3:1138:4679:2080	chr11	65505569	65505718	False	358	150M	255	0	9	0.7569496035575867	ambig_opp_strand	unspliced	3419	6	ENST00000698129.1	TALAM1	ENSG00000289740.1	mrna
A00839:75:H7MFFDSXY:3:2613:8730:17487	chr11	65503604	65503753	False	294	150M	255	0	9	0.9420830011367798	ambig_opp_strand	unspliced	3419	19	ENST00000698129.1	TALAM1	ENSG00000289740.1	mrna
A00839:75:H7MFFDSXY:3:2456:32488:6997	chr11	65501843	65501992	True	-327	150M	255	0	3	0.5426536202430725	ambig_opp_strand	unspliced	3419	18	ENST00000618132.2	MALAT1	ENSG00000251562.11	mrna
A00839:75:H7MFFDSXY:3:2246:24749:26663	chr11	65505236	65505385	True	-380	150M	255	0	3	0.1726120114326477	ambig_opp_strand	unspliced	3419	15	ENST00000710862.1	MALAT1	ENSG00000251562.11	mrna
A00839:75:H7MFFDSXY:3:2359:26937:15890	chr11	65501633	65501782	True	-207	150M	255	0	3	0.25952333211898804	ambig_opp_strand	unspliced	3419	18	ENST00000710862.1	MALAT1	ENSG00000251562.11	mrna
A00839:75:H7MFFDSXY:3:1444:15501:37043	chr11	65500641	65500790	True	-367	150M	255	0	3	0.3089630901813507	ambig_opp_strand	unspliced	3419	24	ENST00000710935.1	MALAT1	ENSG00000251562.11	mrna
A00839:75:H7MFFDSXY:3:2252:22299:6449	chr11	65504614	65504763	False	304	150M	255	0	9	0.9241878390312195	ambig_opp_strand	unspliced	3419	19	ENST00000698129.1	TALAM1	ENSG00000289740.1	mrna
A00839:75:H7MFFDSXY:3:2465:31512:8187	chr11	65505361	65505510	False	295	150M	255	0	9	0.9373103976249695	ambig_opp_strand	unspliced	3419	8	ENST00000698129.1	TALAM1	ENSG00000289740.1	mrna
A00839:75:H7MFFDSXY:3:1218:12626:21292	chr11	65503933	65504082	True	-281	150M	255	0	3	0.6059753894805908	ambig_opp_strand	unspliced	3419	17	ENST00000618132.2	MALAT1	ENSG00000251562.11	mrna
A00839:75:H7MFFDSXY:3:2270:24270:15029	chr11	65500866	65501015	True	-370	150M	255	0	3	0.7066199779510498	ambig_opp_strand	unspliced	3419	13	ENST00000710933.1	MALAT1	ENSG00000251562.11	mrna
A00839:75:H7MFFDSXY:3:2666:29225:16689	chr11	65505535	65505684	True	-350	150M	255	1	3	0.24614882469177246	ambig_opp_strand	unspliced	3419	6	ENST00000710862.1	MALAT1	ENSG00000251562.11	mrna
A00839:75:H7MFFDSXY:3:2468:28727:29700	chr11	65501844	65501993	False	266	150M	255	0	9	0.95116126537323	ambig_opp_strand	unspliced	3419	20	ENST00000698129.1	TALAM1	ENSG00000289740.1	mrna
A00839:75:H7MFFDSXY:3:1257:29089:32424	chr11	65505368	65505517	False	404	150M	255	0	9	0.371988981962204	ambig_opp_strand	unspliced	3419	6	ENST00000698129.1	TALAM1	ENSG00000289740.1	mrna
A00839:75:H7MFFDSXY:3:1354:14507:7451	chr11	65501401	65501550	True	-199	150M	255	0	3	0.2598815858364105	ambig_opp_strand	unspliced	3419	16	ENST00000710862.1	MALAT1	ENSG00000251562.11	mrna
A00839:75:H7MFFDSXY:3:1418:27724:22075	chr11	65500250	65500399	True	-382	150M	255	0	3	0.5286962985992432	ambig_opp_strand	unspliced	3419	26	ENST00000710935.1	MALAT1	ENSG00000251562.11	mrna
A00839:75:H7MFFDSXY:3:1341:15474:22529	chr11	65502640	65502789	False	289	150M	255	0	9	0.952964186668396	ambig_opp_strand	unspliced	3419	19	ENST00000698129.1	TALAM1	ENSG00000289740.1	mrna
A00839:75:H7MFFDSXY:3:2576:23222:10802	chr11	65504545	65504694	True	-461	150M	255	0	3	0.6712616682052612	ambig_opp_strand	unspliced	3419	11	ENST00000710862.1	MALAT1	ENSG00000251562.11	mrna
A00839:75:H7MFFDSXY:3:2160:14235:34538	chr11	65506269	65506418	False	200	150M	255	0	9	0.9706519842147827	ambig_opp_strand	unspliced	3419	7	ENST00000698129.1	TALAM1	ENSG00000289740.1	mrna
A00839:75:H7MFFDSXY:3:1222:9218:25222	chr11	65501819	65501968	True	-268	150M	255	0	3	0.5434089303016663	ambig_opp_strand	unspliced	3419	18	ENST00000618132.2	MALAT1	ENSG00000251562.11	mrna
A00839:75:H7MFFDSXY:3:2656:9643:28808	chr11	65504341	65504490	True	-363	150M	255	0	3	0.7227568030357361	ambig_opp_strand	unspliced	3419	12	ENST00000710862.1	MALAT1	ENSG00000251562.11	mrna
A00839:75:H7MFFDSXY:3:2346:27651:2503	chr11	65501590	65501739	False	450	150M	255	0	5	0.6072818636894226	ambig_opp_strand	unspliced	-1	18	.	.	.	mrna
A00839:75:H7MFFDSXY:3:1636:27914:10848	chr11	65503338	65503487	False	429	150M	255	0	5	0.6018703579902649	ambig_opp_strand	unspliced	-1	22	.	.	.	mrna
A00839:75:H7MFFDSXY:3:2547:13684:19836	chr11	65502302	65502451	True	-280	150M	255	0	3	0.9501925706863403	ambig_opp_strand	unspliced	3419	12	ENST00000618132.2	MALAT1	ENSG00000251562.11	mrna
A00839:75:H7MFFDSXY:3:1165:4598:13463	chr11	65504601	65504750	False	292	150M	255	0	9	0.9334096312522888	ambig_opp_strand	unspliced	3419	19	ENST00000698129.1	TALAM1	ENSG00000289740.1	mrna
A00839:75:H7MFFDSXY:3:1149:24777:33974	chr11	65503864	65504013	False	337	150M	255	0	9	0.8759358525276184	ambig_opp_strand	unspliced	3419	17	ENST00000698129.1	TALAM1	ENSG00000289740.1	mrna
A00839:75:H7MFFDSXY:3:1571:3540:9627	chr11	65504506	65504655	True	-455	150M	255	0	3	0.6617061495780945	ambig_opp_strand	unspliced	3419	11	ENST00000710862.1	MALAT1	ENSG00000251562.11	mrna
A00839:75:H7MFFDSXY:3:1663:18593:21104	chr11	65504085	65504234	False	329	150M	255	0	9	0.9130289554595947	ambig_opp_strand	unspliced	3419	12	ENST00000698129.1	TALAM1	ENSG00000289740.1	mrna
A00839:75:H7MFFDSXY:3:1655:9878:5134	chr11	65503164	65503313	False	396	150M	255	0	5	0.6174067258834839	ambig_opp_strand	unspliced	-1	27	.	.	.	mrna
A00839:75:H7MFFDSXY:3:2468:19551:1125	chr11	65500340	65500489	False	204	150M	255	0	9	0.9471208453178406	ambig_opp_strand	unspliced	3419	26	ENST00000698129.1	TALAM1	ENSG00000289740.1	mrna
A00839:75:H7MFFDSXY:3:1328:31304:32534	chr11	65500624	65500773	False	365	150M	255	0	5	0.273955374956131	ambig_opp_strand	unspliced	-1	13	.	.	.	mrna
A00839:75:H7MFFDSXY:3:1523:13069:24001	chr11	65501782	65501931	True	-438	150M	255	0	3	0.5255048871040344	ambig_opp_strand	unspliced	3419	17	ENST00000618132.2	MALAT1	ENSG00000251562.11	mrna
A00839:75:H7MFFDSXY:3:2670:5339:9017	chr11	65505161	65505310	False	208	150M	255	0	9	0.9429078698158264	ambig_opp_strand	unspliced	3419	15	ENST00000698129.1	TALAM1	ENSG00000289740.1	mrna
A00839:75:H7MFFDSXY:3:2678:9923:2801	chr11	65501659	65501808	True	-308	150M	255	0	3	0.25960683822631836	ambig_opp_strand	unspliced	3419	17	ENST00000710862.1	MALAT1	ENSG00000251562.11	mrna
A00839:75:H7MFFDSXY:3:1367:25717:22889	chr11	65501900	65502049	False	373	150M	255	0	5	0.3879667818546295	ambig_opp_strand	unspliced	-1	20	.	.	.	mrna
A00839:75:H7MFFDSXY:3:2124:7012:17644	chr11	65501797	65501946	False	279	150M	255	0	9	0.9467646479606628	ambig_opp_strand	unspliced	3419	20	ENST00000698129.1	TALAM1	ENSG00000289740.1	mrna
A00839:75:H7MFFDSXY:3:2206:31964:33833	chr11	65504154	65504303	False	320	150M	255	0	9	0.9297966361045837	ambig_opp_strand	unspliced	3419	12	ENST00000698129.1	TALAM1	ENSG00000289740.1	mrna
A00839:75:H7MFFDSXY:3:2159:7600:1125	chr11	65505145	65505294	False	440	150M	255	0	5	0.598589301109314	ambig_opp_strand	unspliced	-1	8	.	.	.	mrna
A00839:75:H7MFFDSXY:3:1465:11921:13964	chr11	65505757	65505906	True	-408	150M	255	0	3	0.498442679643631	ambig_opp_strand	unspliced	3419	6	ENST00000618132.2	MALAT1	ENSG00000251562.11	mrna
A00839:75:H7MFFDSXY:3:2237:14091:28025	chr11	65504724	65504873	False	255	150M	255	1	9	0.9395574927330017	ambig_opp_strand	unspliced	3419	22	ENST00000698129.1	TALAM1	ENSG00000289740.1	mrna
A00839:75:H7MFFDSXY:3:1220:15203:18677	chr11	65501435	65501584	False	284	150M	255	0	9	0.9448601007461548	ambig_opp_strand	unspliced	3419	17	ENST00000698129.1	TALAM1	ENSG00000289740.1	mrna
A00839:75:H7MFFDSXY:3:1133:2790:6887	chr11	65504512	65504661	True	-222	150M	255	0	3	0.09713121503591537	ambig_opp_strand	unspliced	3419	20	ENST00000710943.1	MALAT1	ENSG00000251562.11	mrna
A00839:75:H7MFFDSXY:3:1577:24460:34021	chr11	65500520	65500669	False	369	150M	255	0	9	0.6408773064613342	ambig_opp_strand	unspliced	3419	13	ENST00000698129.1	TALAM1	ENSG00000289740.1	mrna
A00839:75:H7MFFDSXY:3:2343:2899:36542	chr11	65502006	65502155	True	-343	150M	255	0	3	0.2575552463531494	ambig_opp_strand	unspliced	3419	20	ENST00000710862.1	MALAT1	ENSG00000251562.11	mrna
A00839:75:H7MFFDSXY:3:1467:9037:24095	chr11	65505662	65505811	True	-371	150M	255	0	3	0.5108500719070435	ambig_opp_strand	unspliced	3419	6	ENST00000618132.2	MALAT1	ENSG00000251562.11	mrna
A00839:75:H7MFFDSXY:3:1238:20103:19617	chr11	65503902	65504464	False	563	4M420N139M	255	0	3	1.0	unambig	spliced_annot	3419	1	ENST00000710947.1	MALAT1	ENSG00000251562.11	mrna
A00839:75:H7MFFDSXY:3:1222:28610:12305	chr11	65505841	65505990	True	-311	150M	255	0	3	0.2151680886745453	ambig_opp_strand	unspliced	3419	6	ENST00000710951.1	MALAT1	ENSG00000251562.11	mrna
A00839:75:H7MFFDSXY:3:1214:9688:24659	chr11	65502099	65502248	False	268	150M	255	0	9	0.950458288192749	ambig_opp_strand	unspliced	3419	21	ENST00000698129.1	TALAM1	ENSG00000289740.1	mrna
A00839:75:H7MFFDSXY:3:1509:32027:12399	chr11	65504515	65504664	False	510	150M	255	0	9	0.9617016911506653	ambig_opp_strand	spliced_implicit	3419	15	ENST00000698129.1	TALAM1	ENSG00000289740.1	mrna
A00839:75:H7MFFDSXY:3:1165:19750:7232	chr11	65502784	65502933	False	444	150M	255	0	5	0.6210176348686218	ambig_opp_strand	unspliced	-1	16	.	.	.	mrna
A00839:75:H7MFFDSXY:3:2350:4209:2832	chr11	65502001	65502150	False	283	150M	255	0	9	0.945040762424469	ambig_opp_strand	unspliced	3419	21	ENST00000698129.1	TALAM1	ENSG00000289740.1	mrna
A00839:75:H7MFFDSXY:3:1671:1940:24298	chr11	65500138	65500287	False	371	150M	255	0	5	0.36583226919174194	ambig_opp_strand	unspliced	-1	26	.	.	.	mrna
A00839:75:H7MFFDSXY:3:2367:23041:35415	chr11	65506625	65506774	True	-422	150M	255	2	5	0.6694680452346802	ambig_opp_strand	unspliced	-1	3	.	.	.	mrna
A00839:75:H7MFFDSXY:3:1513:17291:15530	chr11	65504357	65504506	True	-452	150M	255	0	3	0.9894087910652161	ambig_opp_strand	spliced_implicit	3419	14	ENST00000618132.2	MALAT1	ENSG00000251562.11	mrna
A00839:75:H7MFFDSXY:3:2167:16523:16266	chr11	65501759	65501908	True	-246	150M	255	1	9	0.020528826862573624	ambig_opp_strand	unspliced	3419	18	ENST00000534336.3	MALAT1	ENSG00000251562.11	mrna
A00839:75:H7MFFDSXY:3:1566:6714:20071	chr11	65503373	65503522	False	412	150M	255	1	9	0.3798811733722687	ambig_opp_strand	unspliced	3419	23	ENST00000698129.1	TALAM1	ENSG00000289740.1	mrna
A00839:75:H7MFFDSXY:3:2370:2311:16454	chr11	65502608	65502757	True	-435	150M	255	0	3	0.8984981775283813	ambig_opp_strand	unspliced	3419	13	ENST00000618132.2	MALAT1	ENSG00000251562.11	mrna
A00839:75:H7MFFDSXY:3:1409:14552:17613	chr11	65504874	65505023	False	286	150M	255	0	9	0.9303444027900696	ambig_opp_strand	unspliced	3419	19	ENST00000698129.1	TALAM1	ENSG00000289740.1	mrna
A00839:75:H7MFFDSXY:3:2368:10746:19288	chr11	65503914	65504063	True	-303	150M	255	0	3	0.6057360768318176	ambig_opp_strand	unspliced	3419	17	ENST00000618132.2	MALAT1	ENSG00000251562.11	mrna
A00839:75:H7MFFDSXY:3:2578:26250:23594	chr11	65503358	65503507	True	-411	150M	255	0	3	0.7833002805709839	ambig_opp_strand	unspliced	3419	18	ENST00000618132.2	MALAT1	ENSG00000251562.11	mrna
A00839:75:H7MFFDSXY:3:1113:27082:11036	chr11	65503986	65504135	False	315	150M	255	0	9	0.9377528429031372	ambig_opp_strand	unspliced	3419	12	ENST00000698129.1	TALAM1	ENSG00000289740.1	mrna
A00839:75:H7MFFDSXY:3:2227:15845:31407	chr11	65505727	65505876	True	-416	150M	255	0	5	0.03511255979537964	ambig_opp_strand	unspliced	-1	6	.	.	.	mrna
A00839:75:H7MFFDSXY:3:2306:8748:22999	chr11	65505472	65505621	False	295	150M	255	0	9	0.9374628663063049	ambig_opp_strand	unspliced	3419	6	ENST00000698129.1	TALAM1	ENSG00000289740.1	mrna
A00839:75:H7MFFDSXY:3:2141:6922:14199	chr11	65504737	65504886	True	-174	150M	255	0	3	0.0986589789390564	ambig_opp_strand	unspliced	3419	22	ENST00000710944.1	MALAT1	ENSG00000251562.11	mrna
A00839:75:H7MFFDSXY:3:1438:12689:19272	chr11	65505532	65505681	False	526	150M	255	0	5	0.5527406334877014	ambig_opp_strand	unspliced	-1	6	.	.	.	mrna
A00839:75:H7MFFDSXY:3:1331:21576:30467	chr11	65500738	65500887	True	-411	150M	255	0	3	0.69324791431427	ambig_opp_strand	unspliced	3419	12	ENST00000710933.1	MALAT1	ENSG00000251562.11	mrna
A00839:75:H7MFFDSXY:3:1254:20998:13025	chr11	65501876	65502024	False	334	149M	255	2	9	0.8843081593513489	ambig_opp_strand	unspliced	3419	20	ENST00000698129.1	TALAM1	ENSG00000289740.1	mrna
A00839:75:H7MFFDSXY:3:1620:21233:13056	chr11	65501007	65501149	True	-309	7S143M	255	1	3	0.7119415998458862	ambig_opp_strand	unspliced	3419	13	ENST00000710933.1	MALAT1	ENSG00000251562.11	mrna
A00839:75:H7MFFDSXY:3:1165:18295:2675	chr11	65500524	65500673	True	-299	150M	255	0	3	0.09325221180915833	ambig_opp_strand	unspliced	3419	26	ENST00000710943.1	MALAT1	ENSG00000251562.11	mrna
A00839:75:H7MFFDSXY:3:1411:28655:16736	chr11	65505304	65505453	False	303	150M	255	0	9	0.9311978816986084	ambig_opp_strand	unspliced	3419	8	ENST00000698129.1	TALAM1	ENSG00000289740.1	mrna
A00839:75:H7MFFDSXY:3:2346:3143:14074	chr11	65506614	65506763	True	-368	150M	255	0	9	0.644892692565918	ambig_opp_strand	unspliced	3419	3	ENST00000534336.3	MALAT1	ENSG00000251562.11	mrna
A00839:75:H7MFFDSXY:3:2534:25409:35164	chr11	65501079	65501228	True	-334	150M	255	0	3	0.09717302769422531	ambig_opp_strand	unspliced	3419	11	ENST00000508832.3	MALAT1	ENSG00000251562.11	mrna
A00839:75:H7MFFDSXY:3:2640:8169:12508	chr11	65504339	65504488	True	-375	150M	255	0	3	0.7057666778564453	ambig_opp_strand	unspliced	3419	12	ENST00000710862.1	MALAT1	ENSG00000251562.11	mrna
A00839:75:H7MFFDSXY:3:1340:15935:30843	chr11	65501076	65501225	True	-202	150M	255	0	3	0.04426943510770798	ambig_opp_strand	unspliced	3419	16	ENST00000508832.3	MALAT1	ENSG00000251562.11	mrna
A00839:75:H7MFFDSXY:3:1245:11433:23516	chr11	65500247	65500396	False	378	150M	255	0	9	0.5221183896064758	ambig_opp_strand	unspliced	3419	26	ENST00000698129.1	TALAM1	ENSG00000289740.1	mrna
A00839:75:H7MFFDSXY:3:2414:24596:35102	chr11	65503977	65504126	True	-248	150M	255	0	3	0.6061393022537231	ambig_opp_strand	unspliced	3419	17	ENST00000618132.2	MALAT1	ENSG00000251562.11	mrna
A00839:75:H7MFFDSXY:3:1452:16080:2127	chr11	65504133	65504282	True	-187	150M	255	0	3	0.7395685911178589	ambig_opp_strand	unspliced	3419	12	ENST00000710862.1	MALAT1	ENSG00000251562.11	mrna
A00839:75:H7MFFDSXY:3:1415:3549:15969	chr11	65503418	65503567	True	-373	150M	255	0	3	0.5822148323059082	ambig_opp_strand	unspliced	3419	27	ENST00000618132.2	MALAT1	ENSG00000251562.11	mrna
A00839:75:H7MFFDSXY:3:2657:7374:31078	chr11	65504270	65504418	False	272	52M1I97M	255	2	9	0.9682751297950745	ambig_opp_strand	unspliced	3419	12	ENST00000698129.1	TALAM1	ENSG00000289740.1	mrna
A00839:75:H7MFFDSXY:3:2338:19244:7326	chr11	65505155	65505304	False	240	150M	255	0	9	0.9423307776451111	ambig_opp_strand	unspliced	3419	15	ENST00000698129.1	TALAM1	ENSG00000289740.1	mrna
A00839:75:H7MFFDSXY:3:1539:19099:27211	chr11	65501362	65501511	True	-440	150M	255	0	3	0.5232359170913696	ambig_opp_strand	unspliced	3419	16	ENST00000618132.2	MALAT1	ENSG00000251562.11	mrna
A00839:75:H7MFFDSXY:3:2620:8341:35759	chr11	65500189	65500338	True	-180	150M	255	0	3	0.5394669771194458	ambig_opp_strand	unspliced	3419	26	ENST00000710935.1	MALAT1	ENSG00000251562.11	mrna
A00839:75:H7MFFDSXY:3:1117:11776:26616	chr11	65502469	65502618	True	-195	150M	255	0	3	0.9469560384750366	ambig_opp_strand	unspliced	3419	14	ENST00000618132.2	MALAT1	ENSG00000251562.11	mrna
A00839:75:H7MFFDSXY:3:1455:20528:24017	chr11	65505586	65505735	True	-167	150M	255	0	3	0.5175322890281677	ambig_opp_strand	unspliced	3419	6	ENST00000618132.2	MALAT1	ENSG00000251562.11	mrna
A00839:75:H7MFFDSXY:3:1367:15863:22357	chr11	65504817	65504966	True	-611	150M	255	0	3	0.9955399632453918	ambig_same_strand	spliced_annot	3419	2	ENST00000710951.1	MALAT1	ENSG00000251562.11	mrna
A00839:75:H7MFFDSXY:3:2353:26259:28119	chr11	65503836	65503985	True	-439	150M	255	1	3	0.580524206161499	ambig_opp_strand	unspliced	3419	17	ENST00000618132.2	MALAT1	ENSG00000251562.11	mrna
A00839:75:H7MFFDSXY:3:2118:12698:12931	chr11	65505710	65505859	False	304	150M	255	0	9	0.9302381873130798	ambig_opp_strand	unspliced	3419	6	ENST00000698129.1	TALAM1	ENSG00000289740.1	mrna
A00839:75:H7MFFDSXY:3:2332:26675:18724	chr11	65502312	65502461	True	-287	150M	255	0	3	0.9500573873519897	ambig_opp_strand	unspliced	3419	12	ENST00000618132.2	MALAT1	ENSG00000251562.11	mrna
A00839:75:H7MFFDSXY:3:1445:16712:13777	chr11	65503881	65504030	True	-457	150M	255	0	3	0.5811671614646912	ambig_opp_strand	unspliced	3419	17	ENST00000618132.2	MALAT1	ENSG00000251562.11	mrna
A00839:75:H7MFFDSXY:3:1562:17951:25786	chr11	65501498	65501647	True	-372	150M	255	0	3	0.25633886456489563	ambig_opp_strand	unspliced	3419	16	ENST00000710862.1	MALAT1	ENSG00000251562.11	mrna
A00839:75:H7MFFDSXY:3:2210:28971:19476	chr11	65501381	65501530	False	181	150M	255	0	9	0.9535753130912781	ambig_opp_strand	unspliced	3419	16	ENST00000698129.1	TALAM1	ENSG00000289740.1	mrna
A00839:75:H7MFFDSXY:3:1132:21350:18082	chr11	65504739	65504888	True	-362	150M	255	0	3	0.20280326902866364	ambig_opp_strand	unspliced	3419	19	ENST00000710862.1	MALAT1	ENSG00000251562.11	mrna
A00839:75:H7MFFDSXY:3:1554:9444:28307	chr11	65504610	65504759	False	306	150M	255	0	9	0.9222555756568909	ambig_opp_strand	unspliced	3419	19	ENST00000698129.1	TALAM1	ENSG00000289740.1	mrna
A00839:75:H7MFFDSXY:3:2667:32389:6731	chr11	65500758	65500907	True	-579	150M	255	1	3	0.5583498477935791	ambig_opp_strand	unspliced	3419	11	ENST00000710862.1	MALAT1	ENSG00000251562.11	mrna
A00839:75:H7MFFDSXY:3:1253:24704:2347	chr11	65505042	65505191	True	-238	150M	255	0	3	0.17488154768943787	ambig_opp_strand	unspliced	3419	19	ENST00000710862.1	MALAT1	ENSG00000251562.11	mrna
A00839:75:H7MFFDSXY:3:1568:28067:33191	chr11	65504605	65504754	True	-424	150M	255	0	3	0.11297619342803955	ambig_opp_strand	unspliced	3419	20	ENST00000710944.1	MALAT1	ENSG00000251562.11	mrna
A00839:75:H7MFFDSXY:3:2613:27317:36025	chr11	65501466	65501615	True	-188	150M	255	0	3	0.12369494140148163	ambig_opp_strand	unspliced	3419	17	ENST00000710943.1	MALAT1	ENSG00000251562.11	mrna
A00839:75:H7MFFDSXY:3:2354:6198:35900	chr11	65501594	65501743	False	397	150M	255	0	9	0.38034921884536743	ambig_opp_strand	unspliced	3419	18	ENST00000698129.1	TALAM1	ENSG00000289740.1	mrna
A00839:75:H7MFFDSXY:3:2324:30038:11177	chr11	65503127	65503276	False	211	150M	255	0	9	0.959007203578949	ambig_opp_strand	unspliced	3419	27	ENST00000698129.1	TALAM1	ENSG00000289740.1	mrna
A00839:75:H7MFFDSXY:3:1236:5909:19335	chr11	65500632	65500781	False	428	150M	3	0	128	0.0	.	unknown	-1	0	.	.	.	mrna
A00839:75:H7MFFDSXY:3:2666:26657:4194	chr11	65502587	65502736	True	-303	150M	255	0	3	0.9459573030471802	ambig_opp_strand	unspliced	3419	14	ENST00000618132.2	MALAT1	ENSG00000251562.11	mrna
A00839:75:H7MFFDSXY:3:2302:32036:26819	chr11	65501332	65501474	True	-143	143M	255	0	3	0.541456401348114	ambig_opp_strand	unspliced	3419	17	ENST00000618132.2	MALAT1	ENSG00000251562.11	mrna
A00839:75:H7MFFDSXY:3:2668:14326:17253	chr11	65505277	65505426	True	-434	150M	255	0	3	0.09738639742136002	ambig_opp_strand	unspliced	3419	15	ENST00000710944.1	MALAT1	ENSG00000251562.11	mrna
A00839:75:H7MFFDSXY:3:2310:15609:34350	chr11	65502981	65503130	False	402	150M	255	0	5	0.6152753829956055	ambig_opp_strand	unspliced	-1	18	.	.	.	mrna
A00839:75:H7MFFDSXY:3:2669:20130:18975	chr11	65505582	65505731	True	-316	150M	255	0	3	0.24692243337631226	ambig_opp_strand	unspliced	3419	6	ENST00000710862.1	MALAT1	ENSG00000251562.11	mrna
A00839:75:H7MFFDSXY:3:1122:29215:33051	chr11	65504279	65504429	False	389	30M1D120M	255	1	9	0.37833237648010254	ambig_opp_strand	unspliced	3419	11	ENST00000698129.1	TALAM1	ENSG00000289740.1	mrna
A00839:75:H7MFFDSXY:3:2460:22254:9627	chr11	65505962	65506110	True	-248	149M1S	255	0	3	0.5175941586494446	ambig_opp_strand	unspliced	3419	6	ENST00000618132.2	MALAT1	ENSG00000251562.11	mrna
A00839:75:H7MFFDSXY:3:2208:1389:2613	chr11	65505694	65505843	True	-276	150M	255	0	3	0.21529993414878845	ambig_opp_strand	unspliced	3419	6	ENST00000710951.1	MALAT1	ENSG00000251562.11	mrna
A00839:75:H7MFFDSXY:3:1532:23457:4225	chr11	65502630	65502779	False	200	150M	255	0	9	0.9682012796401978	ambig_opp_strand	unspliced	3419	16	ENST00000698129.1	TALAM1	ENSG00000289740.1	mrna
A00839:75:H7MFFDSXY:3:2148:18611:23516	chr11	65501247	65501346	True	-281	48S100M	255	0	3	0.5419449210166931	ambig_opp_strand	unspliced	3419	16	ENST00000618132.2	MALAT1	ENSG00000251562.11	mrna
A00839:75:H7MFFDSXY:3:1311:4354:34115	chr11	65505758	65505907	True	-450	150M	255	0	9	0.018878960981965065	ambig_opp_strand	unspliced	3419	6	ENST00000534336.3	MALAT1	ENSG00000251562.11	mrna
A00839:75:H7MFFDSXY:3:2260:3043:36667	chr11	65505348	65505497	True	-442	150M	255	1	3	0.23742617666721344	ambig_opp_strand	unspliced	3419	8	ENST00000710862.1	MALAT1	ENSG00000251562.11	mrna
A00839:75:H7MFFDSXY:3:1166:24795:5447	chr11	65504803	65504952	True	-310	150M	255	0	3	0.11637995392084122	ambig_opp_strand	unspliced	3419	19	ENST00000710944.1	MALAT1	ENSG00000251562.11	mrna
A00839:75:H7MFFDSXY:3:2402:25328:21245	chr11	65504369	65504518	True	-288	150M	255	0	3	0.12637318670749664	ambig_opp_strand	unspliced	3419	12	ENST00000508832.3	MALAT1	ENSG00000251562.11	mrna
A00839:75:H7MFFDSXY:3:2372:5611:26647	chr11	65501038	65501187	False	315	150M	255	0	9	0.9199042320251465	ambig_opp_strand	unspliced	3419	16	ENST00000698129.1	TALAM1	ENSG00000289740.1	mrna
A00839:75:H7MFFDSXY:3:1357:11379:11584	chr11	65504270	65504419	False	341	150M	255	0	9	0.8740699887275696	ambig_opp_strand	unspliced	3419	11	ENST00000698129.1	TALAM1	ENSG00000289740.1	mrna
A00839:75:H7MFFDSXY:3:1615:4661:2832	chr11	65502721	65502870	True	-285	150M	255	0	3	0.9463955760002136	ambig_opp_strand	unspliced	3419	15	ENST00000618132.2	MALAT1	ENSG00000251562.11	mrna
A00839:75:H7MFFDSXY:3:2352:6072:8281	chr11	65503579	65503728	True	-280	150M	255	0	3	0.5939194560050964	ambig_opp_strand	unspliced	3419	23	ENST00000618132.2	MALAT1	ENSG00000251562.11	mrna
A00839:75:H7MFFDSXY:3:1331:8938:27211	chr11	65501422	65501571	True	-305	150M	255	0	3	0.5438780188560486	ambig_opp_strand	unspliced	3419	16	ENST00000618132.2	MALAT1	ENSG00000251562.11	mrna
A00839:75:H7MFFDSXY:3:2147:4535:35837	chr11	65500084	65500233	True	-305	150M	255	0	3	0.2204723358154297	ambig_opp_strand	unspliced	3419	25	ENST00000710862.1	MALAT1	ENSG00000251562.11	mrna
A00839:75:H7MFFDSXY:3:2626:6442:8547	chr11	65501062	65501211	True	-412	150M	255	1	3	0.5271206498146057	ambig_opp_strand	unspliced	3419	11	ENST00000710862.1	MALAT1	ENSG00000251562.11	mrna
A00839:75:H7MFFDSXY:3:2351:7319:8688	chr11	65501242	65501391	False	253	150M	255	0	9	0.9542528986930847	ambig_opp_strand	unspliced	3419	16	ENST00000698129.1	TALAM1	ENSG00000289740.1	mrna
A00839:75:H7MFFDSXY:3:2629:14055:12649	chr11	65504625	65504774	False	244	150M	255	3	9	0.9477826952934265	ambig_opp_strand	unspliced	3419	20	ENST00000698129.1	TALAM1	ENSG00000289740.1	mrna
A00839:75:H7MFFDSXY:3:2564:3902:6809	chr11	65504142	65504291	True	-286	150M	255	0	3	0.738964855670929	ambig_opp_strand	unspliced	3419	12	ENST00000710862.1	MALAT1	ENSG00000251562.11	mrna
A00839:75:H7MFFDSXY:3:1107:30707:3004	chr11	65500804	65500953	False	334	150M	255	0	9	0.8702279925346375	ambig_opp_strand	unspliced	3419	13	ENST00000698129.1	TALAM1	ENSG00000289740.1	mrna
A00839:75:H7MFFDSXY:3:2319:28203:26349	chr11	65501014	65501163	True	-307	150M	255	0	3	0.16408957540988922	ambig_opp_strand	unspliced	3419	13	ENST00000710862.1	MALAT1	ENSG00000251562.11	mrna
A00839:75:H7MFFDSXY:3:1150:28375:16501	chr11	65505837	65505986	True	-528	150M	255	0	3	0.5031698346138	ambig_opp_strand	unspliced	3419	6	ENST00000618132.2	MALAT1	ENSG00000251562.11	mrna
A00839:75:H7MFFDSXY:3:2609:11180:7952	chr11	65500823	65500972	True	-494	150M	255	0	3	0.07647507637739182	ambig_opp_strand	unspliced	3419	12	ENST00000710943.1	MALAT1	ENSG00000251562.11	mrna
A00839:75:H7MFFDSXY:3:1669:16993:22091	chr11	65505890	65506033	False	144	144M	255	0	9	0.9346405267715454	ambig_opp_strand	unspliced	3419	6	ENST00000698129.1	TALAM1	ENSG00000289740.1	mrna
A00839:75:H7MFFDSXY:3:1165:30572:11976	chr11	65503170	65503319	False	244	150M	255	0	9	0.9579819440841675	ambig_opp_strand	unspliced	3419	27	ENST00000698129.1	TALAM1	ENSG00000289740.1	mrna
A00839:75:H7MFFDSXY:3:2524:11686:24580	chr11	65503964	65504113	True	-367	150M	255	0	3	0.5991700887680054	ambig_opp_strand	unspliced	3419	17	ENST00000618132.2	MALAT1	ENSG00000251562.11	mrna
A00839:75:H7MFFDSXY:3:1474:18548:22310	chr11	65503943	65504092	False	354	150M	255	0	9	0.7975397109985352	ambig_opp_strand	unspliced	3419	12	ENST00000698129.1	TALAM1	ENSG00000289740.1	mrna
A00839:75:H7MFFDSXY:3:2301:32099:18975	chr11	65500618	65500767	True	-185	150M	255	0	3	0.4594418406486511	ambig_opp_strand	unspliced	3419	27	ENST00000710933.1	MALAT1	ENSG00000251562.11	mrna
A00839:75:H7MFFDSXY:3:2465:9579:30170	chr11	65500620	65500769	False	468	150M	255	0	9	0.9516608119010925	ambig_opp_strand	spliced_implicit	3419	13	ENST00000698129.1	TALAM1	ENSG00000289740.1	mrna
A00839:75:H7MFFDSXY:3:1577:16034:21527	chr11	65504252	65504398	True	-470	2S57M1I90M	3	3	128	0.0	.	unknown	-1	0	.	.	.	mrna
A00839:75:H7MFFDSXY:3:1405:7129:15123	chr11	65505568	65505717	True	-246	150M	255	0	3	0.5175975561141968	ambig_opp_strand	unspliced	3419	6	ENST00000618132.2	MALAT1	ENSG00000251562.11	mrna
A00839:75:H7MFFDSXY:3:1259:7003:2848	chr11	65503912	65504061	False	326	150M	255	0	9	0.918752133846283	ambig_opp_strand	unspliced	3419	12	ENST00000698129.1	TALAM1	ENSG00000289740.1	mrna
A00839:75:H7MFFDSXY:3:2617:14082:14826	chr11	65500687	65500813	False	127	127M	255	0	9	0.8691749572753906	ambig_opp_strand	unspliced	3419	26	ENST00000698129.1	TALAM1	ENSG00000289740.1	mrna
A00839:75:H7MFFDSXY:3:2309:15628:18255	chr11	65501806	65501955	False	470	150M	255	0	5	0.6067832708358765	ambig_opp_strand	unspliced	-1	20	.	.	.	mrna
A00839:75:H7MFFDSXY:3:2454:6126:28510	chr11	65505842	65505991	True	-414	150M	255	1	3	0.49860575795173645	ambig_opp_strand	unspliced	3419	6	ENST00000618132.2	MALAT1	ENSG00000251562.11	mrna
A00839:75:H7MFFDSXY:3:1402:20952:4210	chr11	65500664	65500813	True	-169	150M	255	1	3	0.48896872997283936	ambig_opp_strand	unspliced	3419	26	ENST00000710933.1	MALAT1	ENSG00000251562.11	mrna
A00839:75:H7MFFDSXY:3:1245:28447:21825	chr11	65501924	65502073	False	380	150M	255	0	5	0.4825459122657776	ambig_opp_strand	unspliced	-1	20	.	.	.	mrna
A00839:75:H7MFFDSXY:3:2140:7536:5212	chr11	65505610	65505759	True	-338	150M	255	0	3	0.5164289474487305	ambig_opp_strand	unspliced	3419	6	ENST00000618132.2	MALAT1	ENSG00000251562.11	mrna
A00839:75:H7MFFDSXY:3:2124:7789:3333	chr11	65506437	65506586	True	-258	150M	255	0	9	0.9795715808868408	ambig_opp_strand	unspliced	3419	3	ENST00000534336.3	MALAT1	ENSG00000251562.11	mrna
A00839:75:H7MFFDSXY:3:2664:5403:2174	chr11	65503471	65503620	False	306	150M	255	0	9	0.9319931864738464	ambig_opp_strand	unspliced	3419	23	ENST00000698129.1	TALAM1	ENSG00000289740.1	mrna
A00839:75:H7MFFDSXY:3:2267:20292:31657	chr11	65503876	65504025	False	330	150M	255	1	9	0.8974081873893738	ambig_opp_strand	unspliced	3419	17	ENST00000698129.1	TALAM1	ENSG00000289740.1	mrna
A00839:75:H7MFFDSXY:3:1129:4707:23923	chr11	65500594	65500743	False	346	150M	255	0	5	0.13460572063922882	ambig_opp_strand	unspliced	-1	13	.	.	.	mrna
A00839:75:H7MFFDSXY:3:2656:1796:32597	chr11	65500529	65500678	False	292	150M	255	0	9	0.9249351620674133	ambig_opp_strand	unspliced	3419	13	ENST00000698129.1	TALAM1	ENSG00000289740.1	mrna
A00839:75:H7MFFDSXY:3:2407:5575:14090	chr11	65504273	65504423	True	-237	36M1D114M	255	2	3	0.7396465539932251	ambig_opp_strand	unspliced	3419	12	ENST00000710862.1	MALAT1	ENSG00000251562.11	mrna
A00839:75:H7MFFDSXY:3:1674:8675:30138	chr11	65504799	65504948	True	-150	150M	255	0	3	0.36197614669799805	ambig_opp_strand	unspliced	3419	22	ENST00000618132.2	MALAT1	ENSG00000251562.11	mrna
A00839:75:H7MFFDSXY:3:2236:13973:18521	chr11	65504950	65505099	True	-373	150M	255	0	3	0.15082880854606628	ambig_opp_strand	unspliced	3419	19	ENST00000710951.1	MALAT1	ENSG00000251562.11	mrna
A00839:75:H7MFFDSXY:3:2671:15212:27837	chr11	65501839	65501988	True	-192	150M	255	0	3	0.12300250679254532	ambig_opp_strand	unspliced	3419	20	ENST00000710943.1	MALAT1	ENSG00000251562.11	mrna
A00839:75:H7MFFDSXY:3:2110:29686:23563	chr11	65506474	65506623	True	-356	150M	255	1	9	0.7699326276779175	ambig_opp_strand	unspliced	3419	3	ENST00000534336.3	MALAT1	ENSG00000251562.11	mrna
A00839:75:H7MFFDSXY:3:2665:6931:24267	chr11	65502149	65502298	True	-437	150M	255	0	3	0.24850045144557953	ambig_opp_strand	unspliced	3419	20	ENST00000710862.1	MALAT1	ENSG00000251562.11	mrna
A00839:75:H7MFFDSXY:3:2430:26928:26271	chr11	65500479	65500628	False	242	150M	255	0	9	0.915610134601593	ambig_opp_strand	unspliced	3419	27	ENST00000698129.1	TALAM1	ENSG00000289740.1	mrna
A00839:75:H7MFFDSXY:3:1275:32506:35336	chr11	65502350	65502499	True	-334	150M	255	0	3	0.9474453926086426	ambig_opp_strand	unspliced	3419	11	ENST00000618132.2	MALAT1	ENSG00000251562.11	mrna
A00839:75:H7MFFDSXY:3:2615:24569:30358	chr11	65501100	65501249	False	302	150M	255	0	9	0.9332371950149536	ambig_opp_strand	unspliced	3419	16	ENST00000698129.1	TALAM1	ENSG00000289740.1	mrna
A00839:75:H7MFFDSXY:3:1529:23719:36871	chr11	65505552	65505701	False	274	150M	255	1	9	0.9471158385276794	ambig_opp_strand	unspliced	3419	6	ENST00000698129.1	TALAM1	ENSG00000289740.1	mrna
A00839:75:H7MFFDSXY:3:1419:15067:33974	chr11	65501241	65501390	False	466	150M	255	0	5	0.630553662776947	ambig_opp_strand	unspliced	-1	15	.	.	.	mrna
A00839:75:H7MFFDSXY:3:1228:24569:12320	chr11	65504496	65504645	True	-355	150M	255	0	3	0.7325051426887512	ambig_opp_strand	unspliced	3419	11	ENST00000710862.1	MALAT1	ENSG00000251562.11	mrna
A00839:75:H7MFFDSXY:3:2143:9462:13870	chr11	65501007	65501124	True	-232	32S118M	255	2	3	0.7123088240623474	ambig_opp_strand	unspliced	3419	13	ENST00000710933.1	MALAT1	ENSG00000251562.11	mrna
A00839:75:H7MFFDSXY:3:1501:4815:25864	chr11	65503678	65503827	False	307	150M	255	0	9	0.9314131140708923	ambig_opp_strand	unspliced	3419	17	ENST00000698129.1	TALAM1	ENSG00000289740.1	mrna
A00839:75:H7MFFDSXY:3:1453:19271:15890	chr11	65505504	65505653	True	-369	150M	255	1	3	0.5092644095420837	ambig_opp_strand	unspliced	3419	8	ENST00000618132.2	MALAT1	ENSG00000251562.11	mrna
A00839:75:H7MFFDSXY:3:1656:30282:13228	chr11	65505400	65505549	False	210	150M	255	0	9	0.9550909399986267	ambig_opp_strand	unspliced	3419	8	ENST00000698129.1	TALAM1	ENSG00000289740.1	mrna
A00839:75:H7MFFDSXY:3:2238:23592:29387	chr11	65501271	65501420	False	319	150M	255	0	9	0.9133285880088806	ambig_opp_strand	unspliced	3419	16	ENST00000698129.1	TALAM1	ENSG00000289740.1	mrna
A00839:75:H7MFFDSXY:3:1471:23167:9079	chr11	65500603	65500752	True	-368	150M	255	1	3	0.19432684779167175	ambig_opp_strand	unspliced	3419	26	ENST00000710862.1	MALAT1	ENSG00000251562.11	mrna
A00839:75:H7MFFDSXY:3:2662:8838:5400	chr11	65500807	65500956	True	-271	150M	255	0	3	0.7122285962104797	ambig_opp_strand	unspliced	3419	13	ENST00000710933.1	MALAT1	ENSG00000251562.11	mrna
A00839:75:H7MFFDSXY:3:1219:23357:26193	chr11	65504109	65504258	False	461	150M	255	0	5	0.6150802373886108	ambig_opp_strand	unspliced	-1	12	.	.	.	mrna
A00839:75:H7MFFDSXY:3:1564:4074:32127	chr11	65501926	65502075	True	-277	150M	255	1	3	0.12297771126031876	ambig_opp_strand	unspliced	3419	20	ENST00000710943.1	MALAT1	ENSG00000251562.11	mrna
A00839:75:H7MFFDSXY:3:2168:1877:20870	chr11	65502141	65502290	True	-274	150M	255	1	3	0.540803074836731	ambig_opp_strand	unspliced	3419	21	ENST00000618132.2	MALAT1	ENSG00000251562.11	mrna
A00839:75:H7MFFDSXY:3:2523:6524:4272	chr11	65505932	65506081	False	276	150M	255	0	5	0.022359061986207962	ambig_opp_strand	unspliced	-1	5	.	.	.	mrna
A00839:75:H7MFFDSXY:3:1473:12084:13808	chr11	65501533	65501682	False	423	150M	255	0	5	0.6213879585266113	ambig_opp_strand	unspliced	-1	17	.	.	.	mrna
A00839:75:H7MFFDSXY:3:2515:8341:18161	chr11	65501424	65501573	False	367	150M	255	1	5	0.30651673674583435	ambig_opp_strand	unspliced	-1	17	.	.	.	mrna
A00839:75:H7MFFDSXY:3:1622:25825:1251	chr11	65505479	65505628	False	164	150M	255	0	9	0.9477213025093079	ambig_opp_strand	unspliced	3419	8	ENST00000698129.1	TALAM1	ENSG00000289740.1	mrna
A00839:75:H7MFFDSXY:3:1210:3712:36041	chr11	65500084	65500233	True	-276	150M	255	0	3	0.6072922348976135	ambig_opp_strand	unspliced	3419	25	ENST00000710935.1	MALAT1	ENSG00000251562.11	mrna
A00839:75:H7MFFDSXY:3:2659:25663:31187	chr11	65505787	65505936	False	236	150M	255	0	9	0.9548333883285522	ambig_opp_strand	unspliced	3419	6	ENST00000698129.1	TALAM1	ENSG00000289740.1	mrna
A00839:75:H7MFFDSXY:3:2625:3748:11209	chr11	65505776	65505925	True	-487	150M	255	0	3	0.5024147033691406	ambig_opp_strand	unspliced	3419	6	ENST00000618132.2	MALAT1	ENSG00000251562.11	mrna
A00839:75:H7MFFDSXY:3:1372:17653:11678	chr11	65501685	65501834	True	-393	150M	255	0	3	0.5242629051208496	ambig_opp_strand	unspliced	3419	17	ENST00000618132.2	MALAT1	ENSG00000251562.11	mrna
A00839:75:H7MFFDSXY:3:1412:16288:9439	chr11	65501065	65501214	False	353	150M	255	0	9	0.7925330400466919	ambig_opp_strand	unspliced	3419	16	ENST00000698129.1	TALAM1	ENSG00000289740.1	mrna
A00839:75:H7MFFDSXY:3:2527:7166:4413	chr11	65503219	65503368	False	317	150M	255	0	9	0.9189640283584595	ambig_opp_strand	unspliced	3419	27	ENST00000698129.1	TALAM1	ENSG00000289740.1	mrna
A00839:75:H7MFFDSXY:3:2137:21395:4977	chr11	65504325	65504474	False	438	150M	255	0	9	0.36714494228363037	ambig_opp_strand	unspliced	3419	20	ENST00000698129.1	TALAM1	ENSG00000289740.1	mrna
A00839:75:H7MFFDSXY:3:1659:24397:8641	chr11	65504797	65504946	True	-332	150M	255	0	3	0.09702487289905548	ambig_opp_strand	unspliced	3419	19	ENST00000710943.1	MALAT1	ENSG00000251562.11	mrna
A00839:75:H7MFFDSXY:3:1274:18059:32612	chr11	65504161	65504302	False	142	142M	255	0	9	0.9520514607429504	ambig_opp_strand	unspliced	3419	12	ENST00000698129.1	TALAM1	ENSG00000289740.1	mrna
A00839:75:H7MFFDSXY:3:2230:23891:11992	chr11	65505019	65505168	True	-358	150M	255	4	3	0.029778415337204933	ambig_opp_strand	unspliced	3419	19	ENST00000508832.3	MALAT1	ENSG00000251562.11	mrna
A00839:75:H7MFFDSXY:3:2349:13340:16548	chr11	65501985	65502134	False	339	150M	255	0	5	0.10351227968931198	ambig_opp_strand	unspliced	-1	21	.	.	.	mrna
A00839:75:H7MFFDSXY:3:1367:15781:16423	chr11	65501505	65501654	True	-452	150M	255	0	3	0.11893142014741898	ambig_opp_strand	unspliced	3419	15	ENST00000710943.1	MALAT1	ENSG00000251562.11	mrna
A00839:75:H7MFFDSXY:3:2526:29360:3740	chr11	65504452	65504601	False	421	150M	255	0	9	0.3507302701473236	ambig_opp_strand	unspliced	3419	20	ENST00000698129.1	TALAM1	ENSG00000289740.1	mrna
A00839:75:H7MFFDSXY:3:2435:21187:20588	chr11	65500626	65500775	True	-179	150M	255	0	3	0.050415631383657455	ambig_opp_strand	unspliced	3419	27	ENST00000710943.1	MALAT1	ENSG00000251562.11	mrna
A00839:75:H7MFFDSXY:3:1412:16396:13072	chr11	65505336	65505485	True	-360	150M	255	0	3	0.21282368898391724	ambig_opp_strand	unspliced	3419	8	ENST00000710951.1	MALAT1	ENSG00000251562.11	mrna
A00839:75:H7MFFDSXY:3:1509:9136:13808	chr11	65505393	65505542	False	390	150M	255	0	5	0.5781033039093018	ambig_opp_strand	unspliced	-1	6	.	.	.	mrna
A00839:75:H7MFFDSXY:3:1432:14416:16564	chr11	65501419	65501568	False	362	150M	255	0	5	0.2545433044433594	ambig_opp_strand	unspliced	-1	17	.	.	.	mrna
A00839:75:H7MFFDSXY:3:1236:13196:21840	chr11	65501005	65501154	True	-395	150M	255	0	3	0.6953313946723938	ambig_opp_strand	unspliced	3419	13	ENST00000710933.1	MALAT1	ENSG00000251562.11	mrna
A00839:75:H7MFFDSXY:3:2574:9851:12007	chr11	65501956	65502105	True	-512	150M	255	0	3	0.2469247430562973	ambig_opp_strand	unspliced	3419	18	ENST00000710862.1	MALAT1	ENSG00000251562.11	mrna
A00839:75:H7MFFDSXY:3:1444:18584:24095	chr11	65505126	65505275	False	436	150M	255	0	5	0.5928187966346741	ambig_opp_strand	unspliced	-1	8	.	.	.	mrna
A00839:75:H7MFFDSXY:3:1609:28772:22357	chr11	65505665	65505814	False	298	150M	255	0	9	0.9354923367500305	ambig_opp_strand	unspliced	3419	6	ENST00000698129.1	TALAM1	ENSG00000289740.1	mrna
A00839:75:H7MFFDSXY:3:1564:21902:36949	chr11	65503648	65503797	False	361	150M	255	0	9	0.7400662899017334	ambig_opp_strand	unspliced	3419	17	ENST00000698129.1	TALAM1	ENSG00000289740.1	mrna
A00839:75:H7MFFDSXY:3:2267:13069:36996	chr11	65504731	65504880	True	-378	150M	255	0	3	0.4206414222717285	ambig_opp_strand	unspliced	3419	20	ENST00000618132.2	MALAT1	ENSG00000251562.11	mrna
A00839:75:H7MFFDSXY:3:2227:10375:13260	chr11	65500525	65500626	False	102	102M	255	0	9	0.854085385799408	ambig_opp_strand	unspliced	3419	28	ENST00000698129.1	TALAM1	ENSG00000289740.1	mrna
A00839:75:H7MFFDSXY:3:1355:15257:35587	chr11	65500374	65500523	False	290	150M	255	0	9	0.9326840043067932	ambig_opp_strand	unspliced	3419	26	ENST00000698129.1	TALAM1	ENSG00000289740.1	mrna
A00839:75:H7MFFDSXY:3:1348:21992:21198	chr11	65500743	65500892	True	-304	150M	255	0	3	0.7120108604431152	ambig_opp_strand	unspliced	3419	13	ENST00000710933.1	MALAT1	ENSG00000251562.11	mrna
A00839:75:H7MFFDSXY:3:1511:15926:24251	chr11	65501117	65501266	False	283	150M	255	0	9	0.9451027512550354	ambig_opp_strand	unspliced	3419	16	ENST00000698129.1	TALAM1	ENSG00000289740.1	mrna
A00839:75:H7MFFDSXY:3:2608:23493:36949	chr11	65501798	65501947	True	-369	150M	255	0	3	0.2565113604068756	ambig_opp_strand	unspliced	3419	18	ENST00000710862.1	MALAT1	ENSG00000251562.11	mrna
A00839:75:H7MFFDSXY:3:2467:32506:23876	chr11	65504248	65504372	True	-383	25S125M	255	7	3	0.685768187046051	ambig_opp_strand	unspliced	3419	12	ENST00000710862.1	MALAT1	ENSG00000251562.11	mrna
A00839:75:H7MFFDSXY:3:1614:25934:34976	chr11	65504573	65504722	True	-310	150M	255	0	3	0.20386968553066254	ambig_opp_strand	unspliced	3419	20	ENST00000710862.1	MALAT1	ENSG00000251562.11	mrna
A00839:75:H7MFFDSXY:3:1331:9227:33191	chr11	65501045	65501194	False	346	150M	255	0	9	0.8367034196853638	ambig_opp_strand	unspliced	3419	16	ENST00000698129.1	TALAM1	ENSG00000289740.1	mrna
A00839:75:H7MFFDSXY:3:1109:11559:4069	chr11	65502973	65503122	False	273	150M	255	0	9	0.9592510461807251	ambig_opp_strand	unspliced	3419	18	ENST00000698129.1	TALAM1	ENSG00000289740.1	mrna
A00839:75:H7MFFDSXY:3:1110:19470:9220	chr11	65500678	65500827	True	-380	150M	255	1	3	0.7024655938148499	ambig_opp_strand	unspliced	3419	12	ENST00000710933.1	MALAT1	ENSG00000251562.11	mrna
A00839:75:H7MFFDSXY:3:1476:4933:21997	chr11	65505767	65505916	True	-329	150M	255	0	3	0.5167911052703857	ambig_opp_strand	unspliced	3419	6	ENST00000618132.2	MALAT1	ENSG00000251562.11	mrna
A00839:75:H7MFFDSXY:3:2419:9670:36276	chr11	65500607	65500756	False	243	150M	255	0	9	0.9391423463821411	ambig_opp_strand	unspliced	3419	13	ENST00000698129.1	TALAM1	ENSG00000289740.1	mrna
A00839:75:H7MFFDSXY:3:1245:15383:16955	chr11	65504225	65504375	False	274	84M1D66M	255	4	9	0.9674540162086487	ambig_opp_strand	unspliced	3419	12	ENST00000698129.1	TALAM1	ENSG00000289740.1	mrna
A00839:75:H7MFFDSXY:3:2466:24099:8312	chr11	65501916	65502065	False	250	150M	255	0	9	0.9548946022987366	ambig_opp_strand	unspliced	3419	21	ENST00000698129.1	TALAM1	ENSG00000289740.1	mrna
A00839:75:H7MFFDSXY:3:2562:20103:34053	chr11	65500642	65500791	False	156	150M	255	0	5	0.02353358455002308	ambig_opp_strand	unspliced	-1	26	.	.	.	mrna
A00839:75:H7MFFDSXY:3:1355:17635:25457	chr11	65505648	65505797	False	384	150M	255	0	5	0.532880961894989	ambig_opp_strand	unspliced	-1	6	.	.	.	mrna
A00839:75:H7MFFDSXY:3:2147:3577:25880	chr11	65505020	65505169	True	-306	150M	255	0	3	0.08322608470916748	ambig_opp_strand	unspliced	3419	19	ENST00000710943.1	MALAT1	ENSG00000251562.11	mrna
A00839:75:H7MFFDSXY:3:1619:24912:28479	chr11	65503136	65503285	False	267	150M	255	0	9	0.9531175494194031	ambig_opp_strand	unspliced	3419	27	ENST00000698129.1	TALAM1	ENSG00000289740.1	mrna
A00839:75:H7MFFDSXY:3:2411:26060:14152	chr11	65504509	65504658	True	-391	150M	255	0	3	0.6687073707580566	ambig_opp_strand	unspliced	3419	11	ENST00000710862.1	MALAT1	ENSG00000251562.11	mrna
A00839:75:H7MFFDSXY:3:1540:7618:31688	chr11	65502634	65502783	True	-349	150M	255	1	3	0.9400922060012817	ambig_opp_strand	unspliced	3419	14	ENST00000618132.2	MALAT1	ENSG00000251562.11	mrna
A00839:75:H7MFFDSXY:3:1126:28809:31501	chr11	65504859	65505008	True	-238	150M	255	0	3	0.07013353705406189	ambig_opp_strand	unspliced	3419	22	ENST00000710949.1	MALAT1	ENSG00000251562.11	mrna
A00839:75:H7MFFDSXY:3:1158:12653:13542	chr11	65502153	65502302	True	-554	150M	255	0	3	0.5348212718963623	ambig_opp_strand	unspliced	3419	19	ENST00000618132.2	MALAT1	ENSG00000251562.11	mrna
A00839:75:H7MFFDSXY:3:1305:7346:35916	chr11	65505519	65505668	True	-203	150M	255	0	3	0.24716342985630035	ambig_opp_strand	unspliced	3419	6	ENST00000710862.1	MALAT1	ENSG00000251562.11	mrna
A00839:75:H7MFFDSXY:3:1237:18376:1689	chr11	65500702	65500851	True	-475	150M	255	0	3	0.527739942073822	ambig_opp_strand	unspliced	3419	11	ENST00000710862.1	MALAT1	ENSG00000251562.11	mrna
A00839:75:H7MFFDSXY:3:2251:8278:12446	chr11	65502720	65502869	True	-177	150M	255	0	3	0.8541418313980103	ambig_opp_strand	unspliced	3419	21	ENST00000618132.2	MALAT1	ENSG00000251562.11	mrna
A00839:75:H7MFFDSXY:3:2520:17743:5916	chr11	65505228	65505375	False	219	2S148M	255	1	9	0.943091094493866	ambig_opp_strand	unspliced	3419	15	ENST00000698129.1	TALAM1	ENSG00000289740.1	mrna
A00839:75:H7MFFDSXY:3:1665:21386:12665	chr11	65501092	65501241	False	240	150M	255	0	9	0.9560163021087646	ambig_opp_strand	unspliced	3419	16	ENST00000698129.1	TALAM1	ENSG00000289740.1	mrna
A00839:75:H7MFFDSXY:3:2145:26621:4257	chr11	65503618	65503767	False	193	150M	255	0	9	0.9578694701194763	ambig_opp_strand	unspliced	3419	19	ENST00000698129.1	TALAM1	ENSG00000289740.1	mrna
A00839:75:H7MFFDSXY:3:1616:14796:16282	chr11	65506141	65506290	False	335	150M	255	0	9	0.9043864011764526	ambig_opp_strand	unspliced	3419	3	ENST00000698129.1	TALAM1	ENSG00000289740.1	mrna
A00839:75:H7MFFDSXY:3:1608:9055:9283	chr11	65504700	65504849	False	302	150M	255	0	9	0.9197152853012085	ambig_opp_strand	unspliced	3419	21	ENST00000698129.1	TALAM1	ENSG00000289740.1	mrna
A00839:75:H7MFFDSXY:3:1450:14100:1454	chr11	65504543	65504692	True	-188	150M	255	0	3	0.20399516820907593	ambig_opp_strand	unspliced	3419	20	ENST00000710862.1	MALAT1	ENSG00000251562.11	mrna
A00839:75:H7MFFDSXY:3:1664:9724:34929	chr11	65503962	65504111	True	-333	150M	255	0	3	0.6048302054405212	ambig_opp_strand	unspliced	3419	17	ENST00000618132.2	MALAT1	ENSG00000251562.11	mrna
A00839:75:H7MFFDSXY:3:1337:29803:13902	chr11	65500050	65500199	True	-274	150M	255	0	3	0.6073011159896851	ambig_opp_strand	unspliced	3419	25	ENST00000710935.1	MALAT1	ENSG00000251562.11	mrna
A00839:75:H7MFFDSXY:3:1241:7699:4178	chr11	65503697	65503846	False	284	150M	255	0	9	0.9477686882019043	ambig_opp_strand	unspliced	3419	17	ENST00000698129.1	TALAM1	ENSG00000289740.1	mrna
A00839:75:H7MFFDSXY:3:1346:1072:5384	chr11	65500410	65500559	True	-289	150M	255	0	3	0.19588106870651245	ambig_opp_strand	unspliced	3419	26	ENST00000710862.1	MALAT1	ENSG00000251562.11	mrna
A00839:75:H7MFFDSXY:3:1366:32045:9768	chr11	65504484	65504633	False	295	150M	255	0	9	0.9313049912452698	ambig_opp_strand	unspliced	3419	20	ENST00000698129.1	TALAM1	ENSG00000289740.1	mrna
A00839:75:H7MFFDSXY:3:2674:13756:20713	chr11	65500725	65500874	False	279	150M	255	0	3	0.03327062726020813	ambig_opp_strand	unspliced	3419	13	ENST00000710933.1	MALAT1	ENSG00000251562.11	mrna
A00839:75:H7MFFDSXY:3:2101:32117:11397	chr11	65502463	65502612	False	317	150M	255	2	9	0.9282909631729126	ambig_opp_strand	unspliced	3419	15	ENST00000698129.1	TALAM1	ENSG00000289740.1	mrna
A00839:75:H7MFFDSXY:3:2477:16685:11099	chr11	65501298	65501447	False	226	150M	255	0	9	0.95673668384552	ambig_opp_strand	unspliced	3419	16	ENST00000698129.1	TALAM1	ENSG00000289740.1	mrna
A00839:75:H7MFFDSXY:3:1459:30716:22905	chr11	65503461	65503610	True	-266	150M	255	0	3	0.28308650851249695	ambig_opp_strand	unspliced	3419	27	ENST00000710862.1	MALAT1	ENSG00000251562.11	mrna
A00839:75:H7MFFDSXY:3:2346:21712:1705	chr11	65501574	65501723	True	-193	150M	255	0	3	0.5440646409988403	ambig_opp_strand	unspliced	3419	17	ENST00000618132.2	MALAT1	ENSG00000251562.11	mrna
A00839:75:H7MFFDSXY:3:2627:16369:32346	chr11	65502318	65502467	True	-270	150M	255	0	3	0.950281023979187	ambig_opp_strand	unspliced	3419	13	ENST00000618132.2	MALAT1	ENSG00000251562.11	mrna
A00839:75:H7MFFDSXY:3:1421:14470:7388	chr11	65502440	65502589	True	-358	150M	255	0	3	0.9400668144226074	ambig_opp_strand	unspliced	3419	12	ENST00000618132.2	MALAT1	ENSG00000251562.11	mrna
A00839:75:H7MFFDSXY:3:1258:9408:28776	chr11	65500487	65500636	False	307	150M	255	0	9	0.8942400813102722	ambig_opp_strand	unspliced	3419	24	ENST00000698129.1	TALAM1	ENSG00000289740.1	mrna
A00839:75:H7MFFDSXY:3:2327:27670:21512	chr11	65502435	65502584	True	-282	150M	255	0	3	0.9500684142112732	ambig_opp_strand	unspliced	3419	14	ENST00000618132.2	MALAT1	ENSG00000251562.11	mrna
A00839:75:H7MFFDSXY:3:2530:11153:17581	chr11	65501383	65501532	False	314	150M	255	0	9	0.920360267162323	ambig_opp_strand	unspliced	3419	16	ENST00000698129.1	TALAM1	ENSG00000289740.1	mrna
A00839:75:H7MFFDSXY:3:1566:9896:1595	chr11	65501361	65501510	False	290	150M	255	0	9	0.9417731761932373	ambig_opp_strand	unspliced	3419	16	ENST00000698129.1	TALAM1	ENSG00000289740.1	mrna
A00839:75:H7MFFDSXY:3:1540:30779:19789	chr11	65501815	65501964	False	296	150M	255	0	9	0.9381701946258545	ambig_opp_strand	unspliced	3419	20	ENST00000698129.1	TALAM1	ENSG00000289740.1	mrna
A00839:75:H7MFFDSXY:3:1229:8133:18584	chr11	65500046	65500195	False	467	150M	255	0	5	0.6280497908592224	ambig_opp_strand	unspliced	-1	26	.	.	.	mrna
A00839:75:H7MFFDSXY:3:2616:15691:26506	chr11	65504554	65504703	True	-152	150M	255	0	3	0.08272494375705719	ambig_opp_strand	unspliced	3419	20	ENST00000710949.1	MALAT1	ENSG00000251562.11	mrna
A00839:75:H7MFFDSXY:3:1501:9941:18114	chr11	65502300	65502449	False	320	150M	255	0	9	0.923772931098938	ambig_opp_strand	unspliced	3419	13	ENST00000698129.1	TALAM1	ENSG00000289740.1	mrna
A00839:75:H7MFFDSXY:3:1103:22616:13103	chr11	65500470	65500619	True	-227	150M	255	0	3	0.2915962040424347	ambig_opp_strand	unspliced	3419	27	ENST00000710935.1	MALAT1	ENSG00000251562.11	mrna
A00839:75:H7MFFDSXY:3:2567:11930:34554	chr11	65500447	65500596	False	342	150M	255	1	9	0.8277535438537598	ambig_opp_strand	unspliced	3419	24	ENST00000698129.1	TALAM1	ENSG00000289740.1	mrna
A00839:75:H7MFFDSXY:3:2363:12255:25535	chr11	65505688	65505837	False	394	150M	255	0	5	0.5914170145988464	ambig_opp_strand	unspliced	-1	6	.	.	.	mrna
A00839:75:H7MFFDSXY:3:1456:28393:30248	chr11	65504904	65505053	False	171	150M	255	0	9	0.9377897381782532	ambig_opp_strand	unspliced	3419	19	ENST00000698129.1	TALAM1	ENSG00000289740.1	mrna
A00839:75:H7MFFDSXY:3:1437:30400:8359	chr11	65504751	65504900	True	-284	150M	255	0	3	0.03489363566040993	ambig_opp_strand	unspliced	3419	19	ENST00000508832.3	MALAT1	ENSG00000251562.11	mrna
A00839:75:H7MFFDSXY:3:2663:7148:25426	chr11	65505504	65505653	True	-334	150M	255	0	3	0.2138228416442871	ambig_opp_strand	unspliced	3419	8	ENST00000710951.1	MALAT1	ENSG00000251562.11	mrna
A00839:75:H7MFFDSXY:3:2661:26937:20024	chr11	65506139	65506288	True	-317	150M	255	0	3	0.5112950801849365	ambig_opp_strand	unspliced	3419	5	ENST00000710862.1	MALAT1	ENSG00000251562.11	mrna
A00839:75:H7MFFDSXY:3:2503:9362:29168	chr11	65504057	65504206	False	191	150M	255	0	9	0.974213182926178	ambig_opp_strand	unspliced	3419	12	ENST00000698129.1	TALAM1	ENSG00000289740.1	mrna
A00839:75:H7MFFDSXY:3:2371:16604:21230	chr11	65505426	65505575	True	-324	150M	255	0	3	0.5142654180526733	ambig_opp_strand	unspliced	3419	8	ENST00000618132.2	MALAT1	ENSG00000251562.11	mrna
A00839:75:H7MFFDSXY:3:1301:1506:16188	chr11	65504971	65505120	True	-360	150M	255	0	3	0.08287631720304489	ambig_opp_strand	unspliced	3419	19	ENST00000710943.1	MALAT1	ENSG00000251562.11	mrna
A00839:75:H7MFFDSXY:3:1108:7265:25003	chr11	65501146	65501295	False	307	150M	255	0	9	0.9285036325454712	ambig_opp_strand	unspliced	3419	16	ENST00000698129.1	TALAM1	ENSG00000289740.1	mrna
A00839:75:H7MFFDSXY:3:2221:20835:28401	chr11	65505592	65505741	True	-248	150M	255	0	3	0.5175941586494446	ambig_opp_strand	unspliced	3419	6	ENST00000618132.2	MALAT1	ENSG00000251562.11	mrna
A00839:75:H7MFFDSXY:3:1210:22318:34726	chr11	65505502	65505651	False	320	150M	255	0	9	0.910995602607727	ambig_opp_strand	unspliced	3419	6	ENST00000698129.1	TALAM1	ENSG00000289740.1	mrna
A00839:75:H7MFFDSXY:3:2552:17616:1501	chr11	65505260	65505409	False	443	150M	255	1	5	0.6669276356697083	ambig_opp_strand	unspliced	-1	6	.	.	.	mrna
A00839:75:H7MFFDSXY:3:1167:12292:19304	chr11	65502695	65502844	True	-356	150M	255	0	3	0.9374551773071289	ambig_opp_strand	unspliced	3419	15	ENST00000618132.2	MALAT1	ENSG00000251562.11	mrna
A00839:75:H7MFFDSXY:3:1505:32325:7748	chr11	65505590	65505739	False	296	150M	255	0	9	0.9369018077850342	ambig_opp_strand	unspliced	3419	6	ENST00000698129.1	TALAM1	ENSG00000289740.1	mrna
A00839:75:H7MFFDSXY:3:1455:31340:4382	chr11	65504708	65504857	False	380	150M	255	0	9	0.49766793847084045	ambig_opp_strand	unspliced	3419	19	ENST00000698129.1	TALAM1	ENSG00000289740.1	mrna
A00839:75:H7MFFDSXY:3:1252:29134:31970	chr11	65500185	65500334	True	-361	150M	255	0	3	0.10438481718301773	ambig_opp_strand	unspliced	3419	25	ENST00000710943.1	MALAT1	ENSG00000251562.11	mrna
A00839:75:H7MFFDSXY:3:1570:31819:6151	chr11	65502453	65502602	True	-382	150M	255	0	3	0.9077652096748352	ambig_opp_strand	unspliced	3419	12	ENST00000618132.2	MALAT1	ENSG00000251562.11	mrna
A00839:75:H7MFFDSXY:3:2304:21811:1063	chr11	65500293	65500442	False	293	150M	255	0	9	0.9313622117042542	ambig_opp_strand	unspliced	3419	26	ENST00000698129.1	TALAM1	ENSG00000289740.1	mrna
A00839:75:H7MFFDSXY:3:1271:4318:5713	chr11	65500463	65500612	True	-296	150M	255	0	64	0.0	.	unspliced	-1	0	.	.	.	mrna
A00839:75:H7MFFDSXY:3:2409:12554:5384	chr11	65504448	65504597	True	-293	150M	255	1	3	0.7430399060249329	ambig_opp_strand	unspliced	3419	13	ENST00000710862.1	MALAT1	ENSG00000251562.11	mrna
A00839:75:H7MFFDSXY:3:2361:12011:17002	chr11	65501052	65501201	True	-333	150M	255	0	3	0.711419939994812	ambig_opp_strand	unspliced	3419	13	ENST00000710933.1	MALAT1	ENSG00000251562.11	mrna
A00839:75:H7MFFDSXY:3:1439:31412:19539	chr11	65505484	65505633	True	-114	150M	255	0	3	0.24577032029628754	ambig_opp_strand	unspliced	3419	8	ENST00000710862.1	MALAT1	ENSG00000251562.11	mrna
A00839:75:H7MFFDSXY:3:1306:18783:26757	chr11	65501789	65501938	True	-375	150M	255	0	3	0.25522300601005554	ambig_opp_strand	unspliced	3419	18	ENST00000710862.1	MALAT1	ENSG00000251562.11	mrna
A00839:75:H7MFFDSXY:3:1537:6479:10363	chr11	65505484	65505633	False	294	150M	255	0	9	0.9382092952728271	ambig_opp_strand	unspliced	3419	6	ENST00000698129.1	TALAM1	ENSG00000289740.1	mrna
A00839:75:H7MFFDSXY:3:2514:21983:6590	chr11	65504743	65504892	False	269	150M	255	0	9	0.9360554218292236	ambig_opp_strand	unspliced	3419	22	ENST00000698129.1	TALAM1	ENSG00000289740.1	mrna
A00839:75:H7MFFDSXY:3:1377:12626:21950	chr11	65504551	65504700	True	-319	150M	255	0	3	0.42682644724845886	ambig_opp_strand	unspliced	3419	20	ENST00000618132.2	MALAT1	ENSG00000251562.11	mrna
A00839:75:H7MFFDSXY:3:1518:4092:13745	chr11	65505744	65505893	True	-347	150M	255	0	3	0.5157589316368103	ambig_opp_strand	unspliced	3419	6	ENST00000618132.2	MALAT1	ENSG00000251562.11	mrna
A00839:75:H7MFFDSXY:3:2115:16378:34209	chr11	65500399	65500548	False	253	150M	255	0	9	0.9141502976417542	ambig_opp_strand	unspliced	3419	27	ENST00000698129.1	TALAM1	ENSG00000289740.1	mrna
A00839:75:H7MFFDSXY:3:1444:32389:16658	chr11	65503458	65503607	True	-298	150M	255	0	3	0.2829684615135193	ambig_opp_strand	unspliced	3419	26	ENST00000710862.1	MALAT1	ENSG00000251562.11	mrna
A00839:75:H7MFFDSXY:3:1145:11107:25332	chr11	65503136	65503285	True	-314	150M	255	0	3	0.8347705602645874	ambig_opp_strand	unspliced	3419	18	ENST00000618132.2	MALAT1	ENSG00000251562.11	mrna
A00839:75:H7MFFDSXY:3:1235:32452:24690	chr11	65505294	65505443	True	-207	150M	255	0	3	0.1735450029373169	ambig_opp_strand	unspliced	3419	16	ENST00000710862.1	MALAT1	ENSG00000251562.11	mrna
A00839:75:H7MFFDSXY:3:1668:24623:20838	chr11	65500412	65500561	True	-208	150M	255	0	3	0.5394973754882812	ambig_opp_strand	unspliced	3419	26	ENST00000710935.1	MALAT1	ENSG00000251562.11	mrna
A00839:75:H7MFFDSXY:3:2363:11153:17519	chr11	65500627	65500776	True	-439	150M	255	0	3	0.5238821506500244	ambig_opp_strand	unspliced	3419	24	ENST00000710935.1	MALAT1	ENSG00000251562.11	mrna
A00839:75:H7MFFDSXY:3:1677:16052:9752	chr11	65500700	65500849	True	-385	150M	255	0	3	0.6989079713821411	ambig_opp_strand	unspliced	3419	12	ENST00000710933.1	MALAT1	ENSG00000251562.11	mrna
A00839:75:H7MFFDSXY:3:1663:25663:5541	chr11	65504944	65505093	True	-498	150M	255	0	3	0.2003273218870163	ambig_opp_strand	unspliced	3419	16	ENST00000710862.1	MALAT1	ENSG00000251562.11	mrna
A00839:75:H7MFFDSXY:3:2558:6189:8328	chr11	65501247	65501351	True	-229	45S105M	255	1	3	0.5420942306518555	ambig_opp_strand	unspliced	3419	16	ENST00000618132.2	MALAT1	ENSG00000251562.11	mrna
A00839:75:H7MFFDSXY:3:1133:3432:22185	chr11	65504127	65504276	False	268	150M	255	0	9	0.9695897102355957	ambig_opp_strand	unspliced	3419	12	ENST00000698129.1	TALAM1	ENSG00000289740.1	mrna
A00839:75:H7MFFDSXY:3:2363:29704:33520	chr11	65505156	65505305	False	280	150M	255	1	9	0.9331216216087341	ambig_opp_strand	unspliced	3419	15	ENST00000698129.1	TALAM1	ENSG00000289740.1	mrna
A00839:75:H7MFFDSXY:3:1527:9652:4147	chr11	65505742	65505891	False	383	150M	255	0	9	0.4554920494556427	ambig_opp_strand	unspliced	3419	5	ENST00000698129.1	TALAM1	ENSG00000289740.1	mrna
A00839:75:H7MFFDSXY:3:2548:29821:4038	chr11	65503197	65503346	True	-164	150M	255	0	3	0.0483207143843174	ambig_opp_strand	unspliced	3419	27	ENST00000508832.3	MALAT1	ENSG00000251562.11	mrna
A00839:75:H7MFFDSXY:3:1422:20528:21825	chr11	65503176	65503325	False	274	150M	255	0	9	0.9508803486824036	ambig_opp_strand	unspliced	3419	27	ENST00000698129.1	TALAM1	ENSG00000289740.1	mrna
A00839:75:H7MFFDSXY:3:2111:8440:28134	chr11	65504869	65505018	True	-165	150M	255	0	3	0.09879180788993835	ambig_opp_strand	unspliced	3419	22	ENST00000710944.1	MALAT1	ENSG00000251562.11	mrna
A00839:75:H7MFFDSXY:3:1435:8413:29434	chr11	65505606	65505755	False	437	150M	255	0	9	0.3663182556629181	ambig_opp_strand	unspliced	3419	6	ENST00000698129.1	TALAM1	ENSG00000289740.1	mrna
A00839:75:H7MFFDSXY:3:1107:21576:22263	chr11	65504256	65504406	True	-168	53M1D97M	255	1	3	0.0408928357064724	ambig_opp_strand	unspliced	3419	12	ENST00000710948.1	MALAT1	ENSG00000251562.11	mrna
A00839:75:H7MFFDSXY:3:1149:1416:11804	chr11	65505246	65505395	True	-233	150M	255	0	3	0.0834302008152008	ambig_opp_strand	unspliced	3419	15	ENST00000710943.1	MALAT1	ENSG00000251562.11	mrna
A00839:75:H7MFFDSXY:3:2275:3097:36761	chr11	65506547	65506696	True	-403	150M	255	0	5	0.6538753509521484	ambig_opp_strand	unspliced	-1	3	.	.	.	mrna
A00839:75:H7MFFDSXY:3:1364:21676:22999	chr11	65500584	65500711	False	128	128M	255	0	9	0.8668745756149292	ambig_opp_strand	unspliced	3419	30	ENST00000698129.1	TALAM1	ENSG00000289740.1	mrna
A00839:75:H7MFFDSXY:3:1634:20636:34350	chr11	65504702	65504851	True	-398	150M	255	1	3	0.11315017193555832	ambig_opp_strand	unspliced	3419	20	ENST00000710944.1	MALAT1	ENSG00000251562.11	mrna
A00839:75:H7MFFDSXY:3:1116:28122:24486	chr11	65505649	65505798	False	452	150M	255	0	9	0.3598012924194336	ambig_opp_strand	unspliced	3419	6	ENST00000698129.1	TALAM1	ENSG00000289740.1	mrna
A00839:75:H7MFFDSXY:3:2244:25861:25175	chr11	65502193	65502342	True	-371	150M	255	0	3	0.5335360765457153	ambig_opp_strand	unspliced	3419	21	ENST00000618132.2	MALAT1	ENSG00000251562.11	mrna
A00839:75:H7MFFDSXY:3:2123:5122:6136	chr11	65500821	65500970	True	-371	150M	255	1	3	0.7061017751693726	ambig_opp_strand	unspliced	3419	13	ENST00000710933.1	MALAT1	ENSG00000251562.11	mrna
A00839:75:H7MFFDSXY:3:1471:15248:27211	chr11	65501912	65502061	False	168	150M	255	0	9	0.9505808353424072	ambig_opp_strand	unspliced	3419	21	ENST00000698129.1	TALAM1	ENSG00000289740.1	mrna
A00839:75:H7MFFDSXY:3:2264:5177:32816	chr11	65504036	65504185	True	-207	150M	255	0	3	0.6061087250709534	ambig_opp_strand	unspliced	3419	18	ENST00000618132.2	MALAT1	ENSG00000251562.11	mrna
A00839:75:H7MFFDSXY:3:2429:4734:6433	chr11	65505787	65505936	True	-408	150M	255	0	3	0.49844270944595337	ambig_opp_strand	unspliced	3419	6	ENST00000618132.2	MALAT1	ENSG00000251562.11	mrna
A00839:75:H7MFFDSXY:3:1211:2094:8030	chr11	65506288	65506437	False	433	150M	255	0	5	0.6033312082290649	ambig_opp_strand	unspliced	-1	3	.	.	.	mrna
A00839:75:H7MFFDSXY:3:1429:28574:27586	chr11	65503482	65503631	True	-327	150M	255	0	3	0.2833402752876282	ambig_opp_strand	unspliced	3419	23	ENST00000710862.1	MALAT1	ENSG00000251562.11	mrna
A00839:75:H7MFFDSXY:3:1567:11577:22232	chr11	65501475	65501624	False	354	150M	255	0	9	0.7846643328666687	ambig_opp_strand	unspliced	3419	17	ENST00000698129.1	TALAM1	ENSG00000289740.1	mrna
A00839:75:H7MFFDSXY:3:2531:11559:26897	chr11	65502286	65502435	True	-252	150M	255	0	3	0.9505450129508972	ambig_opp_strand	unspliced	3419	12	ENST00000618132.2	MALAT1	ENSG00000251562.11	mrna
A00839:75:H7MFFDSXY:3:2507:22679:1376	chr11	65503329	65503478	True	-258	150M	255	0	3	0.28257429599761963	ambig_opp_strand	unspliced	3419	27	ENST00000710862.1	MALAT1	ENSG00000251562.11	mrna
A00839:75:H7MFFDSXY:3:1177:3314:13275	chr11	65505628	65505777	False	387	150M	255	0	9	0.4161529242992401	ambig_opp_strand	unspliced	3419	6	ENST00000698129.1	TALAM1	ENSG00000289740.1	mrna
A00839:75:H7MFFDSXY:3:1542:8359:2691	chr11	65501851	65502000	False	415	150M	255	1	5	0.6105735301971436	ambig_opp_strand	unspliced	-1	20	.	.	.	mrna
A00839:75:H7MFFDSXY:3:1126:16749:28902	chr11	65504968	65505117	True	-237	150M	255	0	3	0.36623454093933105	ambig_opp_strand	unspliced	3419	19	ENST00000618132.2	MALAT1	ENSG00000251562.11	mrna
A00839:75:H7MFFDSXY:3:1362:9959:21872	chr11	65504458	65504607	True	-371	150M	255	0	3	0.7156943082809448	ambig_opp_strand	unspliced	3419	11	ENST00000710862.1	MALAT1	ENSG00000251562.11	mrna
A00839:75:H7MFFDSXY:3:2437:22670:16955	chr11	65500433	65500582	False	339	150M	255	2	9	0.835468590259552	ambig_opp_strand	unspliced	3419	25	ENST00000698129.1	TALAM1	ENSG00000289740.1	mrna
A00839:75:H7MFFDSXY:3:1442:26422:8484	chr11	65501640	65501789	True	-370	150M	255	0	3	0.25653690099716187	ambig_opp_strand	unspliced	3419	17	ENST00000710862.1	MALAT1	ENSG00000251562.11	mrna
A00839:75:H7MFFDSXY:3:2427:29939:12696	chr11	65505020	65505169	True	-262	150M	255	0	3	0.09978652745485306	ambig_opp_strand	unspliced	3419	19	ENST00000710944.1	MALAT1	ENSG00000251562.11	mrna
A00839:75:H7MFFDSXY:3:2166:31476:14074	chr11	65500397	65500546	False	327	150M	255	0	3	0.01961037702858448	ambig_opp_strand	unspliced	3419	27	ENST00000710935.1	MALAT1	ENSG00000251562.11	mrna
A00839:75:H7MFFDSXY:3:1241:21829:25050	chr11	65503732	65503881	False	198	150M	255	0	9	0.9590731859207153	ambig_opp_strand	unspliced	3419	17	ENST00000698129.1	TALAM1	ENSG00000289740.1	mrna
A00839:75:H7MFFDSXY:3:1210:6488:32518	chr11	65505273	65505422	False	453	150M	255	0	9	0.3983277678489685	ambig_opp_strand	unspliced	3419	6	ENST00000698129.1	TALAM1	ENSG00000289740.1	mrna
A00839:75:H7MFFDSXY:3:2236:22616:23375	chr11	65503597	65503746	True	-365	150M	255	1	3	0.5882682204246521	ambig_opp_strand	unspliced	3419	23	ENST00000618132.2	MALAT1	ENSG00000251562.11	mrna
A00839:75:H7MFFDSXY:3:1137:28754:12493	chr11	65505511	65505660	False	241	150M	255	0	9	0.9544917345046997	ambig_opp_strand	unspliced	3419	6	ENST00000698129.1	TALAM1	ENSG00000289740.1	mrna
A00839:75:H7MFFDSXY:3:1136:26142:30827	chr11	65503805	65503954	False	305	150M	255	0	9	0.933763861656189	ambig_opp_strand	unspliced	3419	17	ENST00000698129.1	TALAM1	ENSG00000289740.1	mrna
A00839:75:H7MFFDSXY:3:1548:23529:29340	chr11	65505475	65505624	False	349	150M	255	0	9	0.816173255443573	ambig_opp_strand	unspliced	3419	6	ENST00000698129.1	TALAM1	ENSG00000289740.1	mrna
A00839:75:H7MFFDSXY:3:1647:9995:26819	chr11	65505370	65505519	False	329	150M	255	0	9	0.8948932886123657	ambig_opp_strand	unspliced	3419	6	ENST00000698129.1	TALAM1	ENSG00000289740.1	mrna
A00839:75:H7MFFDSXY:3:1441:16893:28776	chr11	65502736	65502885	True	-151	150M	255	0	3	0.8522897958755493	ambig_opp_strand	unspliced	3419	22	ENST00000618132.2	MALAT1	ENSG00000251562.11	mrna
A00839:75:H7MFFDSXY:3:2450:30807:8312	chr11	65505676	65505825	True	-336	150M	255	0	3	0.5165391564369202	ambig_opp_strand	unspliced	3419	6	ENST00000618132.2	MALAT1	ENSG00000251562.11	mrna
A00839:75:H7MFFDSXY:3:1467:7979:2785	chr11	65502442	65502591	False	242	150M	255	0	9	0.9684401154518127	ambig_opp_strand	unspliced	3419	15	ENST00000698129.1	TALAM1	ENSG00000289740.1	mrna
A00839:75:H7MFFDSXY:3:2223:5927:28416	chr11	65504321	65504470	False	353	150M	255	0	9	0.8036257028579712	ambig_opp_strand	unspliced	3419	12	ENST00000698129.1	TALAM1	ENSG00000289740.1	mrna
A00839:75:H7MFFDSXY:3:2356:2022:26256	chr11	65503849	65503998	False	410	150M	255	0	9	0.386407732963562	ambig_opp_strand	unspliced	3419	12	ENST00000698129.1	TALAM1	ENSG00000289740.1	mrna
A00839:75:H7MFFDSXY:3:1402:4969:24408	chr11	65503303	65503452	False	264	150M	255	0	9	0.9541488289833069	ambig_opp_strand	unspliced	3419	27	ENST00000698129.1	TALAM1	ENSG00000289740.1	mrna
A00839:75:H7MFFDSXY:3:1546:10013:28009	chr11	65506622	65506771	True	-266	150M	255	0	9	0.9772344827651978	ambig_opp_strand	unspliced	3419	3	ENST00000534336.3	MALAT1	ENSG00000251562.11	mrna
A00839:75:H7MFFDSXY:3:1110:30590:26349	chr11	65503408	65503557	False	262	150M	255	0	9	0.9547039866447449	ambig_opp_strand	unspliced	3419	23	ENST00000698129.1	TALAM1	ENSG00000289740.1	mrna
A00839:75:H7MFFDSXY:3:2106:2085:10144	chr11	65502698	65502847	False	228	150M	255	0	9	0.9672752022743225	ambig_opp_strand	unspliced	3419	21	ENST00000698129.1	TALAM1	ENSG00000289740.1	mrna
A00839:75:H7MFFDSXY:3:1467:2365:4867	chr11	65505054	65505203	False	236	150M	255	0	9	0.942517101764679	ambig_opp_strand	unspliced	3419	15	ENST00000698129.1	TALAM1	ENSG00000289740.1	mrna
A00839:75:H7MFFDSXY:3:2577:29767:10113	chr11	65503193	65503342	True	-195	150M	255	0	3	0.2825930118560791	ambig_opp_strand	unspliced	3419	27	ENST00000710862.1	MALAT1	ENSG00000251562.11	mrna
A00839:75:H7MFFDSXY:3:1277:18475:20243	chr11	65504454	65504603	False	251	150M	255	0	9	0.9467579126358032	ambig_opp_strand	unspliced	3419	20	ENST00000698129.1	TALAM1	ENSG00000289740.1	mrna
A00839:75:H7MFFDSXY:3:2668:7084:32894	chr11	65502701	65502850	True	-404	150M	255	0	3	0.886918842792511	ambig_opp_strand	unspliced	3419	15	ENST00000618132.2	MALAT1	ENSG00000251562.11	mrna
A00839:75:H7MFFDSXY:3:2329:14244:17143	chr11	65504427	65504576	True	-344	150M	255	0	3	0.125327005982399	ambig_opp_strand	unspliced	3419	12	ENST00000508832.3	MALAT1	ENSG00000251562.11	mrna
A00839:75:H7MFFDSXY:3:1306:10438:26616	chr11	65505250	65505399	True	-319	150M	255	0	3	0.3666694164276123	ambig_opp_strand	unspliced	3419	15	ENST00000618132.2	MALAT1	ENSG00000251562.11	mrna
A00839:75:H7MFFDSXY:3:1371:9968:36104	chr11	65503388	65503537	False	217	150M	255	0	9	0.9592918753623962	ambig_opp_strand	unspliced	3419	27	ENST00000698129.1	TALAM1	ENSG00000289740.1	mrna
A00839:75:H7MFFDSXY:3:1529:9977:23688	chr11	65501666	65501815	True	-331	150M	255	0	3	0.5431069731712341	ambig_opp_strand	unspliced	3419	17	ENST00000618132.2	MALAT1	ENSG00000251562.11	mrna
A00839:75:H7MFFDSXY:3:2173:26069:24659	chr11	65505301	65505450	True	-181	150M	255	0	3	0.07124313712120056	ambig_opp_strand	unspliced	3419	15	ENST00000710949.1	MALAT1	ENSG00000251562.11	mrna
A00839:75:H7MFFDSXY:3:1342:4969:18490	chr11	65505703	65505852	True	-375	150M	255	0	3	0.21194446086883545	ambig_opp_strand	unspliced	3419	6	ENST00000710951.1	MALAT1	ENSG00000251562.11	mrna
A00839:75:H7MFFDSXY:3:1376:13214:1078	chr11	65501663	65501812	True	-333	150M	255	0	3	0.25929272174835205	ambig_opp_strand	unspliced	3419	17	ENST00000710862.1	MALAT1	ENSG00000251562.11	mrna
A00839:75:H7MFFDSXY:3:2407:26295:17284	chr11	65501566	65501715	False	413	150M	255	0	9	0.3515111207962036	ambig_opp_strand	unspliced	3419	18	ENST00000698129.1	TALAM1	ENSG00000289740.1	mrna
A00839:75:H7MFFDSXY:3:2102:11912:31360	chr11	65505339	65505488	True	-360	150M	255	0	3	0.5115479826927185	ambig_opp_strand	unspliced	3419	8	ENST00000618132.2	MALAT1	ENSG00000251562.11	mrna
A00839:75:H7MFFDSXY:3:2228:2040:23437	chr11	65504077	65504226	True	-433	150M	255	0	3	0.6713882684707642	ambig_opp_strand	unspliced	3419	12	ENST00000710862.1	MALAT1	ENSG00000251562.11	mrna
A00839:75:H7MFFDSXY:3:2476:26630:1110	chr11	65505101	65505250	False	224	150M	255	0	9	0.9429413080215454	ambig_opp_strand	unspliced	3419	15	ENST00000698129.1	TALAM1	ENSG00000289740.1	mrna
A00839:75:H7MFFDSXY:3:2151:13919:31328	chr11	65505800	65505949	False	190	150M	255	0	9	0.9536189436912537	ambig_opp_strand	unspliced	3419	6	ENST00000698129.1	TALAM1	ENSG00000289740.1	mrna
A00839:75:H7MFFDSXY:3:1345:18340:11710	chr11	65503806	65503955	False	392	150M	255	0	5	0.6030727624893188	ambig_opp_strand	unspliced	-1	17	.	.	.	mrna
A00839:75:H7MFFDSXY:3:1538:12301:11553	chr11	65500936	65501085	False	242	150M	255	4	9	0.9393104314804077	ambig_opp_strand	unspliced	3419	15	ENST00000698129.1	TALAM1	ENSG00000289740.1	mrna
A00839:75:H7MFFDSXY:3:2666:12391:4852	chr11	65505322	65505471	False	281	150M	255	0	9	0.9443695545196533	ambig_opp_strand	unspliced	3419	8	ENST00000698129.1	TALAM1	ENSG00000289740.1	mrna
A00839:75:H7MFFDSXY:3:1343:24768:22529	chr11	65505319	65505468	True	-290	150M	255	0	3	0.24579526484012604	ambig_opp_strand	unspliced	3419	8	ENST00000710862.1	MALAT1	ENSG00000251562.11	mrna
A00839:75:H7MFFDSXY:3:2510:31358:19413	chr11	65503472	65503621	True	-251	150M	255	0	3	0.593337893486023	ambig_opp_strand	unspliced	3419	25	ENST00000618132.2	MALAT1	ENSG00000251562.11	mrna
A00839:75:H7MFFDSXY:3:2161:32434:32675	chr11	65505969	65506116	True	-422	2S148M	255	2	3	0.41276589035987854	ambig_opp_strand	unspliced	3419	5	ENST00000710951.1	MALAT1	ENSG00000251562.11	mrna
A00839:75:H7MFFDSXY:3:1430:24994:24799	chr11	65501603	65501752	False	234	150M	255	0	9	0.956285834312439	ambig_opp_strand	unspliced	3419	18	ENST00000698129.1	TALAM1	ENSG00000289740.1	mrna
A00839:75:H7MFFDSXY:3:2664:24180:8015	chr11	65500105	65500254	False	379	150M	255	0	9	0.5037361979484558	ambig_opp_strand	unspliced	3419	26	ENST00000698129.1	TALAM1	ENSG00000289740.1	mrna
A00839:75:H7MFFDSXY:3:1262:4155:4961	chr11	65505606	65505755	False	275	150M	255	0	9	0.9466677308082581	ambig_opp_strand	unspliced	3419	7	ENST00000698129.1	TALAM1	ENSG00000289740.1	mrna
A00839:75:H7MFFDSXY:3:1573:12337:20885	chr11	65506623	65506772	True	-339	150M	255	0	9	0.8786076903343201	ambig_opp_strand	unspliced	3419	3	ENST00000534336.3	MALAT1	ENSG00000251562.11	mrna
A00839:75:H7MFFDSXY:3:2321:23900:34773	chr11	65505228	65505377	True	-445	150M	255	0	3	0.3597007393836975	ambig_opp_strand	unspliced	3419	15	ENST00000618132.2	MALAT1	ENSG00000251562.11	mrna
A00839:75:H7MFFDSXY:3:1176:25527:2018	chr11	65504829	65504978	True	-282	150M	255	3	3	0.09878921508789062	ambig_opp_strand	unspliced	3419	21	ENST00000710944.1	MALAT1	ENSG00000251562.11	mrna
A00839:75:H7MFFDSXY:3:2139:28962:13103	chr11	65500453	65500602	True	-324	150M	255	0	3	0.5389395356178284	ambig_opp_strand	unspliced	3419	26	ENST00000710935.1	MALAT1	ENSG00000251562.11	mrna
A00839:75:H7MFFDSXY:3:1438:11478:8938	chr11	65504101	65504250	True	-266	150M	255	0	3	0.012680662795901299	ambig_opp_strand	unspliced	3419	12	ENST00000616691.2	MALAT1	ENSG00000251562.11	mrna
A00839:75:H7MFFDSXY:3:1149:10872:11209	chr11	65504938	65505087	True	-318	150M	255	0	3	0.1522546261548996	ambig_opp_strand	unspliced	3419	19	ENST00000710951.1	MALAT1	ENSG00000251562.11	mrna
A00839:75:H7MFFDSXY:3:2635:6017:11350	chr11	65504687	65504836	True	-503	150M	255	0	3	0.19881540536880493	ambig_opp_strand	unspliced	3419	20	ENST00000710862.1	MALAT1	ENSG00000251562.11	mrna
A00839:75:H7MFFDSXY:3:2306:2103:23077	chr11	65504444	65504593	True	-296	150M	255	0	3	0.7386536002159119	ambig_opp_strand	unspliced	3419	12	ENST00000710862.1	MALAT1	ENSG00000251562.11	mrna
A00839:75:H7MFFDSXY:3:2623:9417:6245	chr11	65500804	65500953	True	-298	150M	255	0	3	0.7120751738548279	ambig_opp_strand	unspliced	3419	13	ENST00000710933.1	MALAT1	ENSG00000251562.11	mrna
A00839:75:H7MFFDSXY:3:1422:2989:8140	chr11	65501077	65501226	True	-200	150M	255	0	3	0.12324725091457367	ambig_opp_strand	unspliced	3419	16	ENST00000710943.1	MALAT1	ENSG00000251562.11	mrna
A00839:75:H7MFFDSXY:3:1658:20211:1078	chr11	65505435	65505584	False	227	150M	255	0	9	0.9550560116767883	ambig_opp_strand	unspliced	3419	8	ENST00000698129.1	TALAM1	ENSG00000289740.1	mrna
A00839:75:H7MFFDSXY:3:1338:5213:12493	chr11	65504149	65504298	True	-361	150M	255	0	3	0.7245662212371826	ambig_opp_strand	unspliced	3419	12	ENST00000710862.1	MALAT1	ENSG00000251562.11	mrna
A00839:75:H7MFFDSXY:3:1217:2636:11099	chr11	65504325	65504474	False	340	150M	255	0	5	0.10982871800661087	ambig_opp_strand	unspliced	-1	20	.	.	.	mrna
A00839:75:H7MFFDSXY:3:1434:19750:13088	chr11	65501096	65501244	True	-274	149M1S	255	0	3	0.5682681798934937	ambig_opp_strand	unspliced	3419	13	ENST00000710862.1	MALAT1	ENSG00000251562.11	mrna
A00839:75:H7MFFDSXY:3:2267:27651:14027	chr11	65504800	65504949	True	-249	150M	255	1	3	0.3625568151473999	ambig_opp_strand	unspliced	3419	22	ENST00000618132.2	MALAT1	ENSG00000251562.11	mrna
A00839:75:H7MFFDSXY:3:2171:6777:14669	chr11	65505422	65505571	False	328	150M	255	0	9	0.8972436189651489	ambig_opp_strand	unspliced	3419	6	ENST00000698129.1	TALAM1	ENSG00000289740.1	mrna
A00839:75:H7MFFDSXY:3:2261:9706:10128	chr11	65501513	65501662	False	244	150M	255	0	9	0.9556400179862976	ambig_opp_strand	unspliced	3419	17	ENST00000698129.1	TALAM1	ENSG00000289740.1	mrna
A00839:75:H7MFFDSXY:3:2159:6433:1861	chr11	65500738	65500887	False	361	150M	255	0	3	0.02603883482515812	ambig_opp_strand	unspliced	3419	13	ENST00000710933.1	MALAT1	ENSG00000251562.11	mrna
A00839:75:H7MFFDSXY:3:1368:28546:20024	chr11	65505366	65505515	False	400	150M	255	0	9	0.38799387216567993	ambig_opp_strand	unspliced	3419	6	ENST00000698129.1	TALAM1	ENSG00000289740.1	mrna
A00839:75:H7MFFDSXY:3:1154:15682:34601	chr11	65506001	65506150	True	-363	150M	255	0	3	0.5042065382003784	ambig_opp_strand	unspliced	3419	5	ENST00000710862.1	MALAT1	ENSG00000251562.11	mrna
A00839:75:H7MFFDSXY:3:1639:12337:16689	chr11	65504092	65504241	True	-421	150M	255	0	3	0.6597264409065247	ambig_opp_strand	unspliced	3419	12	ENST00000710862.1	MALAT1	ENSG00000251562.11	mrna
A00839:75:H7MFFDSXY:3:1367:13657:9706	chr11	65504634	65504783	True	-219	150M	255	2	3	0.4272223114967346	ambig_opp_strand	unspliced	3419	20	ENST00000618132.2	MALAT1	ENSG00000251562.11	mrna
A00839:75:H7MFFDSXY:3:1150:24523:5635	chr11	65504403	65504552	True	-318	150M	255	1	3	0.7373305559158325	ambig_opp_strand	unspliced	3419	12	ENST00000710862.1	MALAT1	ENSG00000251562.11	mrna
A00839:75:H7MFFDSXY:3:2354:17472:11960	chr11	65505188	65505337	True	-254	150M	255	0	3	0.3669438064098358	ambig_opp_strand	unspliced	3419	15	ENST00000618132.2	MALAT1	ENSG00000251562.11	mrna
A00839:75:H7MFFDSXY:3:1626:32524:11318	chr11	65504492	65504641	False	237	150M	255	0	9	0.9483501315116882	ambig_opp_strand	unspliced	3419	20	ENST00000698129.1	TALAM1	ENSG00000289740.1	mrna
A00839:75:H7MFFDSXY:3:2468:29098:31062	chr11	65500742	65500891	False	209	150M	255	0	9	0.9399930238723755	ambig_opp_strand	unspliced	3419	13	ENST00000698129.1	TALAM1	ENSG00000289740.1	mrna
A00839:75:H7MFFDSXY:3:1135:13883:10911	chr11	65504533	65504641	False	109	109M	255	0	9	0.8579161167144775	ambig_opp_strand	unspliced	3419	20	ENST00000698129.1	TALAM1	ENSG00000289740.1	mrna
A00839:75:H7MFFDSXY:3:2149:8368:32174	chr11	65501270	65501419	False	213	150M	255	0	9	0.9565616846084595	ambig_opp_strand	unspliced	3419	17	ENST00000698129.1	TALAM1	ENSG00000289740.1	mrna
A00839:75:H7MFFDSXY:3:2678:18448:22263	chr11	65503488	65503637	True	-459	150M	255	3	3	0.5699038505554199	ambig_opp_strand	unspliced	3419	22	ENST00000618132.2	MALAT1	ENSG00000251562.11	mrna
A00839:75:H7MFFDSXY:3:1560:26621:17566	chr11	65505758	65505907	True	-359	150M	255	0	3	0.5143265724182129	ambig_opp_strand	unspliced	3419	6	ENST00000618132.2	MALAT1	ENSG00000251562.11	mrna
A00839:75:H7MFFDSXY:3:1628:16758:5588	chr11	65505079	65505228	True	-360	150M	255	0	3	0.36452195048332214	ambig_opp_strand	unspliced	3419	19	ENST00000618132.2	MALAT1	ENSG00000251562.11	mrna
A00839:75:H7MFFDSXY:3:1147:29668:17425	chr11	65504772	65504921	False	273	150M	255	0	9	0.9354934692382812	ambig_opp_strand	unspliced	3419	19	ENST00000698129.1	TALAM1	ENSG00000289740.1	mrna
A00839:75:H7MFFDSXY:3:1353:24144:26710	chr11	65502298	65502447	False	374	150M	255	0	5	0.40694954991340637	ambig_opp_strand	unspliced	-1	13	.	.	.	mrna
A00839:75:H7MFFDSXY:3:1226:16459:32377	chr11	65504504	65504653	True	-306	150M	255	0	3	0.11634544283151627	ambig_opp_strand	unspliced	3419	20	ENST00000710944.1	MALAT1	ENSG00000251562.11	mrna
A00839:75:H7MFFDSXY:3:2272:23610:21527	chr11	65500902	65501051	True	-184	150M	255	0	3	0.7122846245765686	ambig_opp_strand	unspliced	3419	13	ENST00000710933.1	MALAT1	ENSG00000251562.11	mrna
A00839:75:H7MFFDSXY:3:1262:19524:28541	chr11	65500443	65500592	True	-268	150M	255	0	3	0.033505089581012726	ambig_opp_strand	unspliced	3419	26	ENST00000508832.3	MALAT1	ENSG00000251562.11	mrna
A00839:75:H7MFFDSXY:3:2528:13214:11193	chr11	65500650	65500799	False	220	150M	255	0	9	0.9401630163192749	ambig_opp_strand	unspliced	3419	13	ENST00000698129.1	TALAM1	ENSG00000289740.1	mrna
A00839:75:H7MFFDSXY:3:1274:32714:23516	chr11	65505265	65505414	True	-320	150M	255	0	3	0.1750856190919876	ambig_opp_strand	unspliced	3419	15	ENST00000710862.1	MALAT1	ENSG00000251562.11	mrna
A00839:75:H7MFFDSXY:3:2318:8422:14074	chr11	65505537	65505686	True	-203	150M	255	0	3	0.21534454822540283	ambig_opp_strand	unspliced	3419	6	ENST00000710951.1	MALAT1	ENSG00000251562.11	mrna
A00839:75:H7MFFDSXY:3:2420:20175:33082	chr11	65500918	65501067	False	311	150M	255	0	9	0.9390377998352051	ambig_opp_strand	unspliced	3419	13	ENST00000698129.1	TALAM1	ENSG00000289740.1	mrna
A00839:75:H7MFFDSXY:3:2164:22173:4194	chr11	65504420	65504569	True	-172	150M	255	0	3	0.081635981798172	ambig_opp_strand	unspliced	3419	22	ENST00000710949.1	MALAT1	ENSG00000251562.11	mrna
A00839:75:H7MFFDSXY:3:1401:23547:25363	chr11	65505669	65505818	True	-281	150M	255	0	3	0.5174745917320251	ambig_opp_strand	unspliced	3419	6	ENST00000618132.2	MALAT1	ENSG00000251562.11	mrna
A00839:75:H7MFFDSXY:3:2224:24487:14184	chr11	65505634	65505783	False	416	150M	255	0	5	0.6097683906555176	ambig_opp_strand	unspliced	-1	6	.	.	.	mrna
A00839:75:H7MFFDSXY:3:1532:28456:10066	chr11	65500156	65500305	True	-207	150M	255	1	3	0.033508915454149246	ambig_opp_strand	unspliced	3419	26	ENST00000508832.3	MALAT1	ENSG00000251562.11	mrna
A00839:75:H7MFFDSXY:3:1228:20781:1407	chr11	65500715	65500864	False	155	150M	255	0	9	0.92863929271698	ambig_opp_strand	unspliced	3419	13	ENST00000698129.1	TALAM1	ENSG00000289740.1	mrna
A00839:75:H7MFFDSXY:3:1162:8359:23234	chr11	65502574	65502723	False	239	150M	255	0	9	0.9686697721481323	ambig_opp_strand	unspliced	3419	15	ENST00000698129.1	TALAM1	ENSG00000289740.1	mrna
A00839:75:H7MFFDSXY:3:1378:7618:18223	chr11	65501515	65501664	False	263	150M	255	1	9	0.9521674513816833	ambig_opp_strand	unspliced	3419	17	ENST00000698129.1	TALAM1	ENSG00000289740.1	mrna
A00839:75:H7MFFDSXY:3:1303:9552:36166	chr11	65504766	65504915	True	-341	150M	255	0	3	0.0969531238079071	ambig_opp_strand	unspliced	3419	19	ENST00000710943.1	MALAT1	ENSG00000251562.11	mrna
A00839:75:H7MFFDSXY:3:2268:24216:6324	chr11	65501087	65501222	False	136	136M	255	2	9	0.9257532358169556	ambig_opp_strand	unspliced	3419	16	ENST00000698129.1	TALAM1	ENSG00000289740.1	mrna
A00839:75:H7MFFDSXY:3:2657:25572:26678	chr11	65500682	65500831	True	-401	150M	255	0	3	0.6961203217506409	ambig_opp_strand	unspliced	3419	12	ENST00000710933.1	MALAT1	ENSG00000251562.11	mrna
A00839:75:H7MFFDSXY:3:1624:15347:24220	chr11	65505588	65505737	True	-444	150M	255	0	3	0.2075914740562439	ambig_opp_strand	unspliced	3419	6	ENST00000710951.1	MALAT1	ENSG00000251562.11	mrna
A00839:75:H7MFFDSXY:3:2664:30047:10128	chr11	65500812	65500961	False	219	150M	255	8	9	0.9402819275856018	ambig_opp_strand	unspliced	3419	13	ENST00000698129.1	TALAM1	ENSG00000289740.1	mrna
A00839:75:H7MFFDSXY:3:2549:4363:23891	chr11	65505388	65505537	False	391	150M	255	0	9	0.36880266666412354	ambig_opp_strand	unspliced	3419	6	ENST00000698129.1	TALAM1	ENSG00000289740.1	mrna
A00839:75:H7MFFDSXY:3:2205:24162:20697	chr11	65502686	65502835	True	-230	150M	255	0	3	0.9469237327575684	ambig_opp_strand	unspliced	3419	15	ENST00000618132.2	MALAT1	ENSG00000251562.11	mrna
A00839:75:H7MFFDSXY:3:1456:5692:25692	chr11	65503231	65503380	False	279	150M	255	0	9	0.9492242932319641	ambig_opp_strand	unspliced	3419	27	ENST00000698129.1	TALAM1	ENSG00000289740.1	mrna
A00839:75:H7MFFDSXY:3:2648:18656:7404	chr11	65502313	65502462	True	-179	150M	255	0	3	0.9504270553588867	ambig_opp_strand	unspliced	3419	13	ENST00000618132.2	MALAT1	ENSG00000251562.11	mrna
A00839:75:H7MFFDSXY:3:1163:15356:33285	chr11	65502285	65502434	False	248	150M	255	1	9	0.9677769541740417	ambig_opp_strand	unspliced	3419	12	ENST00000698129.1	TALAM1	ENSG00000289740.1	mrna
A00839:75:H7MFFDSXY:3:2234:9724:21590	chr11	65504750	65504899	False	308	150M	255	0	9	0.9148258566856384	ambig_opp_strand	unspliced	3419	19	ENST00000698129.1	TALAM1	ENSG00000289740.1	mrna
A00839:75:H7MFFDSXY:3:2528:8422:15358	chr11	65504911	65505060	True	-417	150M	255	0	3	0.4191074073314667	ambig_opp_strand	unspliced	3419	16	ENST00000618132.2	MALAT1	ENSG00000251562.11	mrna
A00839:75:H7MFFDSXY:3:2330:14724:20071	chr11	65506518	65506667	True	-219	150M	255	0	9	0.9840297102928162	ambig_opp_strand	unspliced	3419	3	ENST00000534336.3	MALAT1	ENSG00000251562.11	mrna
A00839:75:H7MFFDSXY:3:2136:4535:35837	chr11	65502698	65502847	False	224	150M	255	0	9	0.9674070477485657	ambig_opp_strand	unspliced	3419	21	ENST00000698129.1	TALAM1	ENSG00000289740.1	mrna
A00839:75:H7MFFDSXY:3:2478:6578:11005	chr11	65505231	65505380	False	426	150M	255	3	5	0.6143777966499329	ambig_opp_strand	unspliced	-1	8	.	.	.	mrna
A00839:75:H7MFFDSXY:3:1315:22761:31046	chr11	65505915	65506064	True	-359	150M	255	0	3	0.5143265724182129	ambig_opp_strand	unspliced	3419	6	ENST00000618132.2	MALAT1	ENSG00000251562.11	mrna
A00839:75:H7MFFDSXY:3:2664:7283:10598	chr11	65504961	65505110	True	-365	150M	255	0	3	0.3640168011188507	ambig_opp_strand	unspliced	3419	19	ENST00000618132.2	MALAT1	ENSG00000251562.11	mrna
A00839:75:H7MFFDSXY:3:2214:9236:6464	chr11	65504643	65504792	False	203	150M	255	0	5	0.01331618707627058	ambig_opp_strand	unspliced	-1	20	.	.	.	mrna
A00839:75:H7MFFDSXY:3:1115:15546:24533	chr11	65500346	65500495	True	-333	150M	255	0	3	0.19564343988895416	ambig_opp_strand	unspliced	3419	26	ENST00000710862.1	MALAT1	ENSG00000251562.11	mrna
A00839:75:H7MFFDSXY:3:2444:29206:15624	chr11	65505783	65505932	True	-356	150M	255	0	3	0.5147712826728821	ambig_opp_strand	unspliced	3419	6	ENST00000618132.2	MALAT1	ENSG00000251562.11	mrna
A00839:75:H7MFFDSXY:3:2414:28890:15233	chr11	65500615	65500764	True	-255	150M	255	0	3	0.2916015684604645	ambig_opp_strand	unspliced	3419	26	ENST00000710935.1	MALAT1	ENSG00000251562.11	mrna
A00839:75:H7MFFDSXY:3:1209:29270:13823	chr11	65500203	65500352	False	214	150M	255	0	9	0.9473500847816467	ambig_opp_strand	unspliced	3419	26	ENST00000698129.1	TALAM1	ENSG00000289740.1	mrna
A00839:75:H7MFFDSXY:3:2316:8269:3568	chr11	65500370	65500519	True	-200	150M	255	1	3	0.5394914746284485	ambig_opp_strand	unspliced	3419	26	ENST00000710935.1	MALAT1	ENSG00000251562.11	mrna
A00839:75:H7MFFDSXY:3:2459:8386:16986	chr11	65500530	65500679	False	481	150M	255	0	9	0.37803998589515686	ambig_opp_strand	unspliced	3419	13	ENST00000698129.1	TALAM1	ENSG00000289740.1	mrna
A00839:75:H7MFFDSXY:3:2645:17960:2221	chr11	65504445	65504594	False	314	150M	255	0	9	0.9130620360374451	ambig_opp_strand	unspliced	3419	20	ENST00000698129.1	TALAM1	ENSG00000289740.1	mrna
A00839:75:H7MFFDSXY:3:2208:19171:35978	chr11	65501612	65501761	False	243	150M	255	0	9	0.955693781375885	ambig_opp_strand	unspliced	3419	18	ENST00000698129.1	TALAM1	ENSG00000289740.1	mrna
A00839:75:H7MFFDSXY:3:1239:25771:28244	chr11	65504955	65505104	False	318	150M	255	0	9	0.9027103185653687	ambig_opp_strand	unspliced	3419	19	ENST00000698129.1	TALAM1	ENSG00000289740.1	mrna
A00839:75:H7MFFDSXY:3:1405:24180:32127	chr11	65505352	65505501	False	220	150M	255	0	9	0.955141544342041	ambig_opp_strand	unspliced	3419	8	ENST00000698129.1	TALAM1	ENSG00000289740.1	mrna
A00839:75:H7MFFDSXY:3:2562:4182:12085	chr11	65503301	65503450	False	262	150M	255	0	9	0.9546025395393372	ambig_opp_strand	unspliced	3419	27	ENST00000698129.1	TALAM1	ENSG00000289740.1	mrna
A00839:75:H7MFFDSXY:3:1218:28275:25441	chr11	65503394	65503543	True	-154	150M	255	0	3	0.5913310647010803	ambig_opp_strand	unspliced	3419	28	ENST00000618132.2	MALAT1	ENSG00000251562.11	mrna
A00839:75:H7MFFDSXY:3:1630:29161:35618	chr11	65500958	65501107	False	384	150M	255	0	5	0.5374590754508972	ambig_opp_strand	unspliced	-1	13	.	.	.	mrna
A00839:75:H7MFFDSXY:3:1222:3703:30483	chr11	65504762	65504911	True	-369	150M	255	0	3	0.1153898760676384	ambig_opp_strand	unspliced	3419	19	ENST00000710944.1	MALAT1	ENSG00000251562.11	mrna
A00839:75:H7MFFDSXY:3:2406:24921:13432	chr11	65500338	65500487	False	361	150M	255	0	9	0.7326993942260742	ambig_opp_strand	unspliced	3419	26	ENST00000698129.1	TALAM1	ENSG00000289740.1	mrna
A00839:75:H7MFFDSXY:3:1414:8784:21746	chr11	65506459	65506608	False	213	150M	255	0	9	0.9859755635261536	ambig_opp_strand	unspliced	3419	3	ENST00000698129.1	TALAM1	ENSG00000289740.1	mrna
A00839:75:H7MFFDSXY:3:1615:2022:24627	chr11	65502453	65502602	True	-481	150M	255	0	3	0.8923853635787964	ambig_opp_strand	unspliced	3419	11	ENST00000618132.2	MALAT1	ENSG00000251562.11	mrna
A00839:75:H7MFFDSXY:3:2527:9408:19601	chr11	65503387	65503536	True	-364	150M	255	0	3	0.27994441986083984	ambig_opp_strand	unspliced	3419	27	ENST00000710862.1	MALAT1	ENSG00000251562.11	mrna
A00839:75:H7MFFDSXY:3:1307:11532:28447	chr11	65501248	65501391	True	-329	144M	255	0	3	0.541195273399353	ambig_opp_strand	unspliced	3419	16	ENST00000618132.2	MALAT1	ENSG00000251562.11	mrna
A00839:75:H7MFFDSXY:3:1554:7934:22467	chr11	65505693	65505842	False	309	150M	255	0	9	0.9246442317962646	ambig_opp_strand	unspliced	3419	6	ENST00000698129.1	TALAM1	ENSG00000289740.1	mrna
A00839:75:H7MFFDSXY:3:1266:3721:14669	chr11	65501435	65501584	True	-269	150M	255	0	3	0.25984224677085876	ambig_opp_strand	unspliced	3419	16	ENST00000710862.1	MALAT1	ENSG00000251562.11	mrna
A00839:75:H7MFFDSXY:3:1606:1949:2769	chr11	65505068	65505217	False	361	150M	255	0	9	0.7300412058830261	ambig_opp_strand	unspliced	3419	15	ENST00000698129.1	TALAM1	ENSG00000289740.1	mrna
A00839:75:H7MFFDSXY:3:1169:20799:35822	chr11	65504763	65504912	True	-372	150M	255	0	3	0.11520408093929291	ambig_opp_strand	unspliced	3419	19	ENST00000710944.1	MALAT1	ENSG00000251562.11	mrna
A00839:75:H7MFFDSXY:3:2160:9896:21104	chr11	65501509	65501658	True	-281	150M	255	0	3	0.544097900390625	ambig_opp_strand	unspliced	3419	16	ENST00000618132.2	MALAT1	ENSG00000251562.11	mrna
A00839:75:H7MFFDSXY:3:1304:13937:33332	chr11	65500470	65500619	False	250	150M	255	0	9	0.9147937297821045	ambig_opp_strand	unspliced	3419	27	ENST00000698129.1	TALAM1	ENSG00000289740.1	mrna
A00839:75:H7MFFDSXY:3:1214:13801:29966	chr11	65502077	65502226	True	-296	150M	255	0	3	0.5407286882400513	ambig_opp_strand	unspliced	3419	21	ENST00000618132.2	MALAT1	ENSG00000251562.11	mrna
A00839:75:H7MFFDSXY:3:2615:24433:31125	chr11	65501503	65501652	False	335	150M	255	0	9	0.8796830773353577	ambig_opp_strand	unspliced	3419	17	ENST00000698129.1	TALAM1	ENSG00000289740.1	mrna
A00839:75:H7MFFDSXY:3:1214:8205:23093	chr11	65505478	65505627	False	305	150M	255	0	9	0.9295369982719421	ambig_opp_strand	unspliced	3419	6	ENST00000698129.1	TALAM1	ENSG00000289740.1	mrna
A00839:75:H7MFFDSXY:3:2512:14633:1031	chr11	65504010	65504159	False	189	150M	255	1	9	0.9580976963043213	ambig_opp_strand	unspliced	3419	18	ENST00000698129.1	TALAM1	ENSG00000289740.1	mrna
A00839:75:H7MFFDSXY:3:1201:18674:24471	chr11	65503846	65503995	True	-242	150M	255	0	3	0.6061517596244812	ambig_opp_strand	unspliced	3419	17	ENST00000618132.2	MALAT1	ENSG00000251562.11	mrna
A00839:75:H7MFFDSXY:3:2465:20410:11443	chr11	65505444	65505593	False	161	150M	255	0	9	0.9465117454528809	ambig_opp_strand	unspliced	3419	8	ENST00000698129.1	TALAM1	ENSG00000289740.1	mrna
A00839:75:H7MFFDSXY:3:2451:16975:26631	chr11	65500554	65500703	False	451	150M	255	0	5	0.6165651679039001	ambig_opp_strand	unspliced	-1	13	.	.	.	mrna
A00839:75:H7MFFDSXY:3:2310:14561:20729	chr11	65501002	65501151	True	-447	150M	255	0	3	0.6954261064529419	ambig_opp_strand	unspliced	3419	13	ENST00000710933.1	MALAT1	ENSG00000251562.11	mrna
A00839:75:H7MFFDSXY:3:2238:4661:6684	chr11	65501459	65501608	True	-333	150M	255	0	3	0.0443580336868763	ambig_opp_strand	unspliced	3419	16	ENST00000508832.3	MALAT1	ENSG00000251562.11	mrna
A00839:75:H7MFFDSXY:3:2647:13295:1501	chr11	65505093	65505242	False	424	150M	255	1	5	0.6146610379219055	ambig_opp_strand	unspliced	-1	8	.	.	.	mrna
A00839:75:H7MFFDSXY:3:1407:18945:36777	chr11	65502129	65502278	False	336	150M	255	0	9	0.8897191882133484	ambig_opp_strand	unspliced	3419	12	ENST00000698129.1	TALAM1	ENSG00000289740.1	mrna
A00839:75:H7MFFDSXY:3:1659:11261:23093	chr11	65509409	65509558	False	224	150M	255	1	37	1.0	.	unknown	-1	0	.	.	.	mrna
A00839:75:H7MFFDSXY:3:2247:18602:9784	chr11	65501549	65501698	True	-159	150M	255	0	3	0.543942391872406	ambig_opp_strand	unspliced	3419	18	ENST00000618132.2	MALAT1	ENSG00000251562.11	mrna
A00839:75:H7MFFDSXY:3:2171:10908:14904	chr11	65500067	65500216	True	-260	150M	255	0	3	0.2205812931060791	ambig_opp_strand	unspliced	3419	25	ENST00000710862.1	MALAT1	ENSG00000251562.11	mrna
A00839:75:H7MFFDSXY:3:2339:15203:31516	chr11	65503342	65503491	True	-232	150M	255	1	3	0.5918198227882385	ambig_opp_strand	unspliced	3419	27	ENST00000618132.2	MALAT1	ENSG00000251562.11	mrna
A00839:75:H7MFFDSXY:3:2258:31439:4398	chr11	65504456	65504605	True	-269	150M	255	0	3	0.4271640181541443	ambig_opp_strand	unspliced	3419	20	ENST00000618132.2	MALAT1	ENSG00000251562.11	mrna
A00839:75:H7MFFDSXY:3:1103:19542:5087	chr11	65505885	65506034	True	-183	150M	255	0	3	0.24714989960193634	ambig_opp_strand	unspliced	3419	6	ENST00000710862.1	MALAT1	ENSG00000251562.11	mrna
A00839:75:H7MFFDSXY:3:1431:3902:20525	chr11	65505714	65505863	False	352	150M	255	0	9	0.8008777499198914	ambig_opp_strand	unspliced	3419	6	ENST00000698129.1	TALAM1	ENSG00000289740.1	mrna
A00839:75:H7MFFDSXY:3:2176:1190:32080	chr11	65504657	65504806	True	-210	150M	255	0	3	0.09713128954172134	ambig_opp_strand	unspliced	3419	20	ENST00000710943.1	MALAT1	ENSG00000251562.11	mrna
A00839:75:H7MFFDSXY:3:2325:25201:25285	chr11	65504429	65504578	False	294	150M	255	0	9	0.932041585445404	ambig_opp_strand	unspliced	3419	20	ENST00000698129.1	TALAM1	ENSG00000289740.1	mrna
A00839:75:H7MFFDSXY:3:2367:19117:26960	chr11	65501609	65501758	False	349	150M	255	0	9	0.817232072353363	ambig_opp_strand	unspliced	3419	18	ENST00000698129.1	TALAM1	ENSG00000289740.1	mrna
A00839:75:H7MFFDSXY:3:2671:12391:21731	chr11	65505319	65505468	False	382	150M	255	0	5	0.5283128023147583	ambig_opp_strand	unspliced	-1	6	.	.	.	mrna
A00839:75:H7MFFDSXY:3:1234:22851:28917	chr11	65504554	65504703	False	245	150M	255	0	9	0.9477552175521851	ambig_opp_strand	unspliced	3419	20	ENST00000698129.1	TALAM1	ENSG00000289740.1	mrna
A00839:75:H7MFFDSXY:3:2575:2537:31250	chr11	65501065	65501214	True	-159	150M	255	1	3	0.2587931752204895	ambig_opp_strand	unspliced	3419	16	ENST00000710862.1	MALAT1	ENSG00000251562.11	mrna
A00839:75:H7MFFDSXY:3:2536:9010:36260	chr11	65503796	65503945	True	-382	150M	255	0	3	0.5884068608283997	ambig_opp_strand	unspliced	3419	17	ENST00000618132.2	MALAT1	ENSG00000251562.11	mrna
A00839:75:H7MFFDSXY:3:2312:25780:9408	chr11	65501086	65501235	True	-379	150M	255	0	3	0.25919944047927856	ambig_opp_strand	unspliced	3419	11	ENST00000710943.1	MALAT1	ENSG00000251562.11	mrna
A00839:75:H7MFFDSXY:3:2666:20636:10019	chr11	65501944	65502093	True	-251	150M	255	1	3	0.5410038828849792	ambig_opp_strand	unspliced	3419	20	ENST00000618132.2	MALAT1	ENSG00000251562.11	mrna
A00839:75:H7MFFDSXY:3:2523:14561:23703	chr11	65501459	65501608	True	-291	150M	255	0	3	0.5440346598625183	ambig_opp_strand	unspliced	3419	16	ENST00000618132.2	MALAT1	ENSG00000251562.11	mrna
A00839:75:H7MFFDSXY:3:2202:23882:12070	chr11	65505744	65505893	False	298	150M	255	0	9	0.9354923367500305	ambig_opp_strand	unspliced	3419	6	ENST00000698129.1	TALAM1	ENSG00000289740.1	mrna
A00839:75:H7MFFDSXY:3:2430:31132:28729	chr11	65503107	65503256	False	219	150M	255	0	9	0.9671544432640076	ambig_opp_strand	unspliced	3419	18	ENST00000698129.1	TALAM1	ENSG00000289740.1	mrna
A00839:75:H7MFFDSXY:3:2441:6289:28009	chr11	65501577	65501726	False	360	150M	255	0	9	0.7459688186645508	ambig_opp_strand	unspliced	3419	18	ENST00000698129.1	TALAM1	ENSG00000289740.1	mrna
A00839:75:H7MFFDSXY:3:1439:2989:32816	chr11	65501344	65501493	False	181	150M	255	3	9	0.9535753130912781	ambig_opp_strand	unspliced	3419	16	ENST00000698129.1	TALAM1	ENSG00000289740.1	mrna
A00839:75:H7MFFDSXY:3:2514:27796:4006	chr11	65505836	65505985	True	-283	150M	255	0	3	0.5174646377563477	ambig_opp_strand	unspliced	3419	6	ENST00000618132.2	MALAT1	ENSG00000251562.11	mrna
A00839:75:H7MFFDSXY:3:1432:18521:20854	chr11	65500748	65500897	True	-212	150M	255	0	3	0.16416724026203156	ambig_opp_strand	unspliced	3419	13	ENST00000710862.1	MALAT1	ENSG00000251562.11	mrna
A00839:75:H7MFFDSXY:3:1333:16170:14246	chr11	65500636	65500785	False	428	150M	255	0	9	0.949852705001831	ambig_opp_strand	spliced_implicit	3419	13	ENST00000698129.1	TALAM1	ENSG00000289740.1	mrna
A00839:75:H7MFFDSXY:3:2567:16486:34773	chr11	65505637	65505786	True	-352	150M	255	0	3	0.5152706503868103	ambig_opp_strand	unspliced	3419	6	ENST00000618132.2	MALAT1	ENSG00000251562.11	mrna
A00839:75:H7MFFDSXY:3:1347:2338:22044	chr11	65505180	65505329	True	-323	150M	255	0	3	0.36662647128105164	ambig_opp_strand	unspliced	3419	15	ENST00000618132.2	MALAT1	ENSG00000251562.11	mrna
A00839:75:H7MFFDSXY:3:1274:27281:17456	chr11	65504799	65504948	True	-350	150M	255	0	3	0.20338717103004456	ambig_opp_strand	unspliced	3419	19	ENST00000710862.1	MALAT1	ENSG00000251562.11	mrna
A00839:75:H7MFFDSXY:3:2502:26874:27367	chr11	65504914	65505063	True	-181	150M	255	0	3	0.17487314343452454	ambig_opp_strand	unspliced	3419	19	ENST00000710862.1	MALAT1	ENSG00000251562.11	mrna
A00839:75:H7MFFDSXY:3:2647:5764:17456	chr11	65506306	65506455	False	314	150M	255	0	5	0.051954980939626694	ambig_opp_strand	unspliced	-1	3	.	.	.	mrna
A00839:75:H7MFFDSXY:3:1568:14615:12837	chr11	65501133	65501282	False	291	150M	255	0	9	0.9414982795715332	ambig_opp_strand	unspliced	3419	16	ENST00000698129.1	TALAM1	ENSG00000289740.1	mrna
A00839:75:H7MFFDSXY:3:2205:13250:11412	chr11	65500522	65500671	True	-374	150M	255	0	3	0.5329756140708923	ambig_opp_strand	unspliced	3419	26	ENST00000710935.1	MALAT1	ENSG00000251562.11	mrna
A00839:75:H7MFFDSXY:3:1529:21721:28181	chr11	65503346	65503495	True	-231	150M	255	0	3	0.5918179750442505	ambig_opp_strand	unspliced	3419	27	ENST00000618132.2	MALAT1	ENSG00000251562.11	mrna
A00839:75:H7MFFDSXY:3:1316:26494:29559	chr11	65503784	65503933	True	-418	150M	255	0	3	0.5793729424476624	ambig_opp_strand	unspliced	3419	17	ENST00000618132.2	MALAT1	ENSG00000251562.11	mrna
A00839:75:H7MFFDSXY:3:1414:32108:34710	chr11	65504402	65504551	False	406	150M	255	0	9	0.36463722586631775	ambig_opp_strand	unspliced	3419	20	ENST00000698129.1	TALAM1	ENSG00000289740.1	mrna
A00839:75:H7MFFDSXY:3:1267:11026:1172	chr11	65504547	65504696	False	241	150M	255	0	9	0.9481089115142822	ambig_opp_strand	unspliced	3419	20	ENST00000698129.1	TALAM1	ENSG00000289740.1	mrna
A00839:75:H7MFFDSXY:3:2220:3875:35415	chr11	65502354	65502503	False	460	150M	255	0	5	0.6159386038780212	ambig_opp_strand	unspliced	-1	13	.	.	.	mrna
A00839:75:H7MFFDSXY:3:1433:1199:29935	chr11	65502260	65502409	False	212	150M	255	0	9	0.969281017780304	ambig_opp_strand	unspliced	3419	13	ENST00000698129.1	TALAM1	ENSG00000289740.1	mrna
A00839:75:H7MFFDSXY:3:2468:27688:20729	chr11	65500639	65500788	True	-315	150M	255	0	3	0.31023478507995605	ambig_opp_strand	unspliced	3419	24	ENST00000710935.1	MALAT1	ENSG00000251562.11	mrna
A00839:75:H7MFFDSXY:3:2671:2483:23453	chr11	65505029	65505178	True	-319	150M	255	1	3	0.0708799809217453	ambig_opp_strand	unspliced	3419	19	ENST00000710949.1	MALAT1	ENSG00000251562.11	mrna
A00839:75:H7MFFDSXY:3:1137:32479:24893	chr11	65504500	65504649	True	-250	150M	255	0	3	0.42720624804496765	ambig_opp_strand	unspliced	3419	20	ENST00000618132.2	MALAT1	ENSG00000251562.11	mrna
A00839:75:H7MFFDSXY:3:1125:3631:13698	chr11	65502315	65502464	True	-392	150M	255	0	3	0.8948568105697632	ambig_opp_strand	unspliced	3419	11	ENST00000618132.2	MALAT1	ENSG00000251562.11	mrna
A00839:75:H7MFFDSXY:3:1552:26657:36041	chr11	65504635	65504784	False	335	150M	255	0	5	0.0917297825217247	ambig_opp_strand	unspliced	-1	19	.	.	.	mrna
A00839:75:H7MFFDSXY:3:1401:7301:34929	chr11	65502560	65502708	True	-322	71M1I78M	255	1	3	0.9484074115753174	ambig_opp_strand	unspliced	3419	13	ENST00000618132.2	MALAT1	ENSG00000251562.11	mrna
A00839:75:H7MFFDSXY:3:2372:12373:1188	chr11	65500560	65500710	True	-461	48M1D102M	255	1	3	0.5559355616569519	ambig_opp_strand	spliced_implicit	3419	25	ENST00000610481.1	MALAT1	ENSG00000251562.11	mrna
A00839:75:H7MFFDSXY:3:2465:18719:2754	chr11	65506449	65506598	True	-291	150M	255	0	9	0.9654351472854614	ambig_opp_strand	unspliced	3419	3	ENST00000534336.3	MALAT1	ENSG00000251562.11	mrna
A00839:75:H7MFFDSXY:3:2216:17418:17472	chr11	65501089	65501238	False	294	150M	255	0	3	0.01621154136955738	ambig_opp_strand	unspliced	3419	16	ENST00000618132.2	MALAT1	ENSG00000251562.11	mrna
A00839:75:H7MFFDSXY:3:1535:9995:24251	chr11	65502276	65502425	True	-241	150M	255	0	3	0.950597882270813	ambig_opp_strand	unspliced	3419	13	ENST00000618132.2	MALAT1	ENSG00000251562.11	mrna
A00839:75:H7MFFDSXY:3:1515:24632:6073	chr11	65505760	65505909	False	211	150M	255	0	9	0.9551782608032227	ambig_opp_strand	unspliced	3419	6	ENST00000698129.1	TALAM1	ENSG00000289740.1	mrna
A00839:75:H7MFFDSXY:3:2531:21450:17754	chr11	65504269	65504418	False	270	150M	255	0	9	0.968955934047699	ambig_opp_strand	unspliced	3419	12	ENST00000698129.1	TALAM1	ENSG00000289740.1	mrna
A00839:75:H7MFFDSXY:3:1355:15148:5713	chr11	65505599	65505748	True	-266	150M	255	0	3	0.5175439119338989	ambig_opp_strand	unspliced	3419	6	ENST00000618132.2	MALAT1	ENSG00000251562.11	mrna
A00839:75:H7MFFDSXY:3:2245:16812:18740	chr11	65504164	65504313	False	328	150M	255	0	9	0.9154756665229797	ambig_opp_strand	unspliced	3419	12	ENST00000698129.1	TALAM1	ENSG00000289740.1	mrna
A00839:75:H7MFFDSXY:3:2128:4625:6527	chr11	65500337	65500486	False	298	150M	255	0	9	0.9279261827468872	ambig_opp_strand	unspliced	3419	26	ENST00000698129.1	TALAM1	ENSG00000289740.1	mrna
A00839:75:H7MFFDSXY:3:1115:3712:6292	chr11	65505681	65505830	True	-293	150M	255	0	3	0.5174018144607544	ambig_opp_strand	unspliced	3419	6	ENST00000618132.2	MALAT1	ENSG00000251562.11	mrna
A00839:75:H7MFFDSXY:3:2615:9815:27445	chr11	65502190	65502339	False	395	150M	255	0	9	0.37545663118362427	ambig_opp_strand	unspliced	3419	12	ENST00000698129.1	TALAM1	ENSG00000289740.1	mrna
A00839:75:H7MFFDSXY:3:2325:18511:35117	chr11	65505149	65505298	True	-396	150M	255	0	3	0.35755258798599243	ambig_opp_strand	unspliced	3419	15	ENST00000618132.2	MALAT1	ENSG00000251562.11	mrna
A00839:75:H7MFFDSXY:3:1661:22372:19288	chr11	65504743	65504892	False	247	150M	255	0	9	0.9410068392753601	ambig_opp_strand	unspliced	3419	22	ENST00000698129.1	TALAM1	ENSG00000289740.1	mrna
A00839:75:H7MFFDSXY:3:2417:15537:23234	chr11	65505834	65505983	False	169	150M	255	0	9	0.949551522731781	ambig_opp_strand	unspliced	3419	6	ENST00000698129.1	TALAM1	ENSG00000289740.1	mrna
A00839:75:H7MFFDSXY:3:2668:15573:7795	chr11	65500396	65500545	False	472	150M	255	0	5	0.569115161895752	ambig_opp_strand	unspliced	-1	12	.	.	.	mrna
A00839:75:H7MFFDSXY:3:1264:20853:15718	chr11	65505333	65505482	False	419	150M	255	0	9	0.3619944155216217	ambig_opp_strand	unspliced	3419	6	ENST00000698129.1	TALAM1	ENSG00000289740.1	mrna
A00839:75:H7MFFDSXY:3:2329:18457:24439	chr11	65504554	65504703	True	-251	150M	255	0	3	0.09712706506252289	ambig_opp_strand	unspliced	3419	20	ENST00000710943.1	MALAT1	ENSG00000251562.11	mrna
A00839:75:H7MFFDSXY:3:2666:23529:36354	chr11	65503567	65503716	True	-347	150M	255	1	3	0.5916491746902466	ambig_opp_strand	unspliced	3419	23	ENST00000618132.2	MALAT1	ENSG00000251562.11	mrna
A00839:75:H7MFFDSXY:3:2542:1922:22889	chr11	65503306	65503455	True	-399	150M	255	0	3	0.7848515510559082	ambig_opp_strand	unspliced	3419	18	ENST00000618132.2	MALAT1	ENSG00000251562.11	mrna
A00839:75:H7MFFDSXY:3:2524:3920:28541	chr11	65502778	65502927	True	-414	150M	255	0	3	0.8851908445358276	ambig_opp_strand	unspliced	3419	15	ENST00000618132.2	MALAT1	ENSG00000251562.11	mrna
A00839:75:H7MFFDSXY:3:2442:13277:10488	chr11	65504444	65504593	False	433	150M	255	0	9	0.3902648091316223	ambig_opp_strand	unspliced	3419	20	ENST00000698129.1	TALAM1	ENSG00000289740.1	mrna
A00839:75:H7MFFDSXY:3:1176:31919:31000	chr11	65501511	65501660	True	-346	150M	255	1	3	0.5423262119293213	ambig_opp_strand	unspliced	3419	16	ENST00000618132.2	MALAT1	ENSG00000251562.11	mrna
A00839:75:H7MFFDSXY:3:1567:4264:18490	chr11	65504889	65505038	False	164	150M	255	0	9	0.935657262802124	ambig_opp_strand	unspliced	3419	19	ENST00000698129.1	TALAM1	ENSG00000289740.1	mrna
A00839:75:H7MFFDSXY:3:1468:29496:28682	chr11	65505593	65505742	False	437	150M	255	0	9	0.3663182556629181	ambig_opp_strand	unspliced	3419	6	ENST00000698129.1	TALAM1	ENSG00000289740.1	mrna
A00839:75:H7MFFDSXY:3:1177:32814:29168	chr11	65505047	65505196	True	-303	150M	255	0	3	0.36608102917671204	ambig_opp_strand	unspliced	3419	19	ENST00000618132.2	MALAT1	ENSG00000251562.11	mrna
A00839:75:H7MFFDSXY:3:1259:29044:26584	chr11	65504948	65505097	True	-211	150M	255	0	3	0.3662373721599579	ambig_opp_strand	unspliced	3419	19	ENST00000618132.2	MALAT1	ENSG00000251562.11	mrna
A00839:75:H7MFFDSXY:3:1350:16947:20071	chr11	65504644	65504793	False	301	150M	255	0	9	0.9267590045928955	ambig_opp_strand	unspliced	3419	19	ENST00000698129.1	TALAM1	ENSG00000289740.1	mrna
A00839:75:H7MFFDSXY:3:1453:27615:30373	chr11	65503110	65503259	True	-236	150M	255	0	3	0.8360117673873901	ambig_opp_strand	unspliced	3419	18	ENST00000618132.2	MALAT1	ENSG00000251562.11	mrna
A00839:75:H7MFFDSXY:3:1127:30834:37043	chr11	65501694	65501843	True	-388	150M	255	0	3	0.11958377063274384	ambig_opp_strand	unspliced	3419	17	ENST00000710943.1	MALAT1	ENSG00000251562.11	mrna
A00839:75:H7MFFDSXY:3:2263:13069:28416	chr11	65501247	65501350	True	-386	44S104M	255	0	3	0.5328562259674072	ambig_opp_strand	unspliced	3419	13	ENST00000710862.1	MALAT1	ENSG00000251562.11	mrna
A00839:75:H7MFFDSXY:3:1253:10248:29230	chr11	65504542	65504691	False	372	150M	255	0	5	0.36487266421318054	ambig_opp_strand	unspliced	-1	19	.	.	.	mrna
A00839:75:H7MFFDSXY:3:1651:14579:27743	chr11	65506237	65506386	False	284	150M	255	0	9	0.9734191298484802	ambig_opp_strand	unspliced	3419	3	ENST00000698129.1	TALAM1	ENSG00000289740.1	mrna
A00839:75:H7MFFDSXY:3:2161:19334:35697	chr11	65505966	65506115	True	-371	150M	255	0	3	0.4344952404499054	ambig_opp_strand	unspliced	3419	5	ENST00000710951.1	MALAT1	ENSG00000251562.11	mrna
A00839:75:H7MFFDSXY:3:1326:28556:11428	chr11	65503399	65503548	False	282	150M	255	0	9	0.9480360150337219	ambig_opp_strand	unspliced	3419	23	ENST00000698129.1	TALAM1	ENSG00000289740.1	mrna
A00839:75:H7MFFDSXY:3:1150:15835:13135	chr11	65505161	65505310	False	401	150M	255	0	5	0.6045405268669128	ambig_opp_strand	unspliced	-1	8	.	.	.	mrna
A00839:75:H7MFFDSXY:3:2212:11831:31563	chr11	65503445	65503594	True	-385	150M	255	0	3	0.5737707614898682	ambig_opp_strand	unspliced	3419	26	ENST00000618132.2	MALAT1	ENSG00000251562.11	mrna
A00839:75:H7MFFDSXY:3:2629:17788:22999	chr11	65500502	65500651	False	336	150M	255	0	9	0.865067720413208	ambig_opp_strand	unspliced	3419	12	ENST00000698129.1	TALAM1	ENSG00000289740.1	mrna
A00839:75:H7MFFDSXY:3:2424:15854:1830	chr11	65504522	65504671	False	220	150M	255	0	9	0.9489061832427979	ambig_opp_strand	unspliced	3419	20	ENST00000698129.1	TALAM1	ENSG00000289740.1	mrna
A00839:75:H7MFFDSXY:3:2669:13584:15060	chr11	65501042	65501191	True	-368	150M	255	0	3	0.707403302192688	ambig_opp_strand	unspliced	3419	13	ENST00000710933.1	MALAT1	ENSG00000251562.11	mrna
A00839:75:H7MFFDSXY:3:2149:30996:24987	chr11	65501761	65501910	True	-349	150M	255	0	3	0.2584346830844879	ambig_opp_strand	unspliced	3419	18	ENST00000710862.1	MALAT1	ENSG00000251562.11	mrna
A00839:75:H7MFFDSXY:3:2525:2031:34726	chr11	65503882	65504031	True	-441	150M	255	0	3	0.580573558807373	ambig_opp_strand	unspliced	3419	17	ENST00000618132.2	MALAT1	ENSG00000251562.11	mrna
A00839:75:H7MFFDSXY:3:1423:29704:20964	chr11	65500381	65500530	True	-341	150M	255	0	3	0.5383486151695251	ambig_opp_strand	unspliced	3419	26	ENST00000710935.1	MALAT1	ENSG00000251562.11	mrna
A00839:75:H7MFFDSXY:3:1553:32398:12101	chr11	65500424	65500573	False	499	150M	255	0	5	0.5638628005981445	ambig_opp_strand	unspliced	-1	12	.	.	.	mrna
A00839:75:H7MFFDSXY:3:2103:20347:31876	chr11	65500858	65501007	True	-413	150M	255	0	3	0.6936307549476624	ambig_opp_strand	unspliced	3419	13	ENST00000710933.1	MALAT1	ENSG00000251562.11	mrna
A00839:75:H7MFFDSXY:3:1357:1796:10238	chr11	65503459	65503608	True	-423	150M	255	0	3	0.5682911276817322	ambig_opp_strand	unspliced	3419	26	ENST00000618132.2	MALAT1	ENSG00000251562.11	mrna
A00839:75:H7MFFDSXY:3:1208:25635:30483	chr11	65503265	65503414	True	-318	150M	255	0	3	0.834593653678894	ambig_opp_strand	unspliced	3419	18	ENST00000618132.2	MALAT1	ENSG00000251562.11	mrna
A00839:75:H7MFFDSXY:3:1215:10908:19601	chr11	65504423	65504572	False	450	150M	255	0	9	0.37939006090164185	ambig_opp_strand	unspliced	3419	20	ENST00000698129.1	TALAM1	ENSG00000289740.1	mrna
A00839:75:H7MFFDSXY:3:2649:24551:25128	chr11	65506411	65506560	True	-284	150M	255	0	9	0.9693853855133057	ambig_opp_strand	unspliced	3419	3	ENST00000534336.3	MALAT1	ENSG00000251562.11	mrna
A00839:75:H7MFFDSXY:3:1209:32606:30655	chr11	65504815	65504964	True	-334	150M	255	0	3	0.08264830708503723	ambig_opp_strand	unspliced	3419	19	ENST00000710949.1	MALAT1	ENSG00000251562.11	mrna
A00839:75:H7MFFDSXY:3:1639:13340:32800	chr11	65504186	65504335	False	340	150M	255	0	9	0.878554105758667	ambig_opp_strand	unspliced	3419	12	ENST00000698129.1	TALAM1	ENSG00000289740.1	mrna
A00839:75:H7MFFDSXY:3:2208:30508:1720	chr11	65502556	65502705	False	271	150M	255	0	9	0.9620534777641296	ambig_opp_strand	unspliced	3419	15	ENST00000698129.1	TALAM1	ENSG00000289740.1	mrna
A00839:75:H7MFFDSXY:3:2411:27254:31814	chr11	65504462	65504611	True	-191	150M	255	3	3	0.4272063374519348	ambig_opp_strand	unspliced	3419	20	ENST00000618132.2	MALAT1	ENSG00000251562.11	mrna
A00839:75:H7MFFDSXY:3:2403:19705:6277	chr11	65502248	65502397	True	-339	150M	255	0	3	0.9480946660041809	ambig_opp_strand	unspliced	3419	21	ENST00000618132.2	MALAT1	ENSG00000251562.11	mrna
A00839:75:H7MFFDSXY:3:1245:14498:7999	chr11	65505141	65505290	False	284	150M	255	0	9	0.9313890933990479	ambig_opp_strand	unspliced	3419	15	ENST00000698129.1	TALAM1	ENSG00000289740.1	mrna
A00839:75:H7MFFDSXY:3:1655:27489:17440	chr11	65501644	65501793	True	-354	150M	255	1	3	0.044192440807819366	ambig_opp_strand	unspliced	3419	17	ENST00000508832.3	MALAT1	ENSG00000251562.11	mrna
A00839:75:H7MFFDSXY:3:2320:14669:21230	chr11	65501377	65501526	True	-261	150M	255	1	3	0.5441936254501343	ambig_opp_strand	unspliced	3419	16	ENST00000618132.2	MALAT1	ENSG00000251562.11	mrna
A00839:75:H7MFFDSXY:3:1308:27552:36714	chr11	65501658	65501807	True	-511	150M	255	0	5	0.03882930055260658	ambig_opp_strand	unspliced	-1	16	.	.	.	mrna
A00839:75:H7MFFDSXY:3:1466:32551:26929	chr11	65501321	65501468	False	201	148M2S	255	5	9	0.9561132788658142	ambig_opp_strand	unspliced	3419	16	ENST00000698129.1	TALAM1	ENSG00000289740.1	mrna
A00839:75:H7MFFDSXY:3:2312:31150:19617	chr11	65503249	65503398	False	319	150M	255	0	9	0.915459394454956	ambig_opp_strand	unspliced	3419	27	ENST00000698129.1	TALAM1	ENSG00000289740.1	mrna
A00839:75:H7MFFDSXY:3:1576:22923:31297	chr11	65502457	65502606	True	-349	150M	255	0	3	0.9437687993049622	ambig_opp_strand	unspliced	3419	12	ENST00000618132.2	MALAT1	ENSG00000251562.11	mrna
A00839:75:H7MFFDSXY:3:1542:3839:9862	chr11	65503447	65503596	True	-199	150M	255	1	3	0.592629075050354	ambig_opp_strand	unspliced	3419	27	ENST00000618132.2	MALAT1	ENSG00000251562.11	mrna
A00839:75:H7MFFDSXY:3:1217:11677:13698	chr11	65500607	65500756	True	-389	150M	255	0	3	0.5243393182754517	ambig_opp_strand	unspliced	3419	26	ENST00000710935.1	MALAT1	ENSG00000251562.11	mrna
A00839:75:H7MFFDSXY:3:1176:29921:7654	chr11	65500541	65500690	False	533	150M	255	0	9	0.95192950963974	ambig_opp_strand	spliced_implicit	3419	13	ENST00000698129.1	TALAM1	ENSG00000289740.1	mrna
A00839:75:H7MFFDSXY:3:2663:12861:28526	chr11	65504732	65504881	True	-345	150M	255	0	3	0.08255881816148758	ambig_opp_strand	unspliced	3419	20	ENST00000710949.1	MALAT1	ENSG00000251562.11	mrna
A00839:75:H7MFFDSXY:3:2136:7437:36104	chr11	65500299	65500448	True	-203	150M	255	0	3	0.11180685460567474	ambig_opp_strand	unspliced	3419	26	ENST00000710944.1	MALAT1	ENSG00000251562.11	mrna
A00839:75:H7MFFDSXY:3:2516:29143:31234	chr11	65501063	65501212	True	-167	150M	255	0	3	0.5420081615447998	ambig_opp_strand	unspliced	3419	16	ENST00000618132.2	MALAT1	ENSG00000251562.11	mrna
A00839:75:H7MFFDSXY:3:2242:26494:23829	chr11	65500671	65500820	True	-374	150M	255	0	3	0.7052092552185059	ambig_opp_strand	unspliced	3419	12	ENST00000710933.1	MALAT1	ENSG00000251562.11	mrna
A00839:75:H7MFFDSXY:3:2372:7572:15452	chr11	65501307	65501456	True	-356	150M	255	0	3	0.12254057079553604	ambig_opp_strand	unspliced	3419	16	ENST00000710943.1	MALAT1	ENSG00000251562.11	mrna
A00839:75:H7MFFDSXY:3:1440:18349:14262	chr11	65504928	65505077	False	224	150M	255	0	9	0.9428588151931763	ambig_opp_strand	unspliced	3419	19	ENST00000698129.1	TALAM1	ENSG00000289740.1	mrna
A00839:75:H7MFFDSXY:3:1173:21495:1892	chr11	65501049	65501198	False	344	150M	255	0	9	0.8445047736167908	ambig_opp_strand	unspliced	3419	16	ENST00000698129.1	TALAM1	ENSG00000289740.1	mrna
A00839:75:H7MFFDSXY:3:2424:7021:23923	chr11	65501709	65501858	True	-298	150M	255	0	3	0.5432111024856567	ambig_opp_strand	unspliced	3419	18	ENST00000618132.2	MALAT1	ENSG00000251562.11	mrna
A00839:75:H7MFFDSXY:3:2623:25708:10504	chr11	65505820	65505965	True	-146	146M	255	0	3	0.2470465749502182	ambig_opp_strand	unspliced	3419	6	ENST00000710862.1	MALAT1	ENSG00000251562.11	mrna
A00839:75:H7MFFDSXY:3:1406:32154:4507	chr11	65500381	65500530	False	0	150M	255	0	64	0.0	.	unspliced	-1	0	.	.	.	mrna
A00839:75:H7MFFDSXY:3:1677:31738:14779	chr11	65500390	65500539	True	-274	150M	255	0	3	0.19590435922145844	ambig_opp_strand	unspliced	3419	26	ENST00000710862.1	MALAT1	ENSG00000251562.11	mrna
A00839:75:H7MFFDSXY:3:2109:31584:34867	chr11	65503677	65503826	False	258	150M	255	1	9	0.956204891204834	ambig_opp_strand	unspliced	3419	17	ENST00000698129.1	TALAM1	ENSG00000289740.1	mrna
A00839:75:H7MFFDSXY:3:1173:5195:4539	chr11	65503612	65503761	False	329	150M	255	0	9	0.8988102674484253	ambig_opp_strand	unspliced	3419	17	ENST00000698129.1	TALAM1	ENSG00000289740.1	mrna
A00839:75:H7MFFDSXY:3:2273:14362:28745	chr11	65506418	65506567	True	-217	150M	255	0	9	0.9840313792228699	ambig_opp_strand	unspliced	3419	3	ENST00000534336.3	MALAT1	ENSG00000251562.11	mrna
A00839:75:H7MFFDSXY:3:1422:18810:15029	chr11	65504884	65505033	True	-245	150M	255	0	3	0.36623066663742065	ambig_opp_strand	unspliced	3419	19	ENST00000618132.2	MALAT1	ENSG00000251562.11	mrna
A00839:75:H7MFFDSXY:3:1116:21531:1266	chr11	65503805	65503943	False	139	139M	255	0	9	0.9330493211746216	ambig_opp_strand	unspliced	3419	17	ENST00000698129.1	TALAM1	ENSG00000289740.1	mrna
A00839:75:H7MFFDSXY:3:2106:28682:22482	chr11	65504263	65504414	True	-311	46M2D104M	255	2	3	0.040809404104948044	ambig_opp_strand	unspliced	3419	12	ENST00000710948.1	MALAT1	ENSG00000251562.11	mrna
A00839:75:H7MFFDSXY:3:1653:2871:23469	chr11	65502472	65502621	False	325	150M	255	0	9	0.9151708483695984	ambig_opp_strand	unspliced	3419	15	ENST00000698129.1	TALAM1	ENSG00000289740.1	mrna
A00839:75:H7MFFDSXY:3:2406:16514:6449	chr11	65500609	65500758	False	421	150M	255	0	5	0.6329326629638672	ambig_opp_strand	unspliced	-1	13	.	.	.	mrna
A00839:75:H7MFFDSXY:3:1661:11677:11350	chr11	65500794	65500943	False	291	150M	255	0	9	0.9255008697509766	ambig_opp_strand	unspliced	3419	13	ENST00000698129.1	TALAM1	ENSG00000289740.1	mrna
A00839:75:H7MFFDSXY:3:2364:21169:6277	chr11	65503482	65503631	False	330	150M	255	0	9	0.8970159888267517	ambig_opp_strand	unspliced	3419	19	ENST00000698129.1	TALAM1	ENSG00000289740.1	mrna
A00839:75:H7MFFDSXY:3:1265:9299:23954	chr11	65500939	65501088	True	-305	150M	255	0	3	0.7120022177696228	ambig_opp_strand	unspliced	3419	13	ENST00000710933.1	MALAT1	ENSG00000251562.11	mrna
A00839:75:H7MFFDSXY:3:1370:10773:23750	chr11	65501385	65501534	False	362	150M	255	0	9	0.7225549221038818	ambig_opp_strand	unspliced	3419	16	ENST00000698129.1	TALAM1	ENSG00000289740.1	mrna
A00839:75:H7MFFDSXY:3:1351:28890:10034	chr11	65504635	65504784	False	181	150M	255	0	9	0.9457430839538574	ambig_opp_strand	unspliced	3419	20	ENST00000698129.1	TALAM1	ENSG00000289740.1	mrna
A00839:75:H7MFFDSXY:3:1669:27941:17628	chr11	65505510	65505659	False	227	150M	255	0	9	0.955214262008667	ambig_opp_strand	unspliced	3419	6	ENST00000698129.1	TALAM1	ENSG00000289740.1	mrna
A00839:75:H7MFFDSXY:3:2644:13259:35822	chr11	65504278	65504427	False	342	150M	255	0	9	0.8725515604019165	ambig_opp_strand	unspliced	3419	11	ENST00000698129.1	TALAM1	ENSG00000289740.1	mrna
A00839:75:H7MFFDSXY:3:2361:20636:28839	chr11	65506199	65506348	False	288	150M	255	0	9	0.9717888832092285	ambig_opp_strand	unspliced	3419	3	ENST00000698129.1	TALAM1	ENSG00000289740.1	mrna
A00839:75:H7MFFDSXY:3:2216:4092:25582	chr11	65505002	65505152	True	-447	11M1D139M	255	1	3	0.09981582313776016	ambig_opp_strand	spliced_implicit	3419	18	ENST00000710944.1	MALAT1	ENSG00000251562.11	mrna
A00839:75:H7MFFDSXY:3:1242:19931:17190	chr11	65500319	65500468	True	-412	150M	255	0	3	0.5246011018753052	ambig_opp_strand	unspliced	3419	26	ENST00000710935.1	MALAT1	ENSG00000251562.11	mrna
A00839:75:H7MFFDSXY:3:2319:18801:4304	chr11	65500862	65501011	False	352	150M	255	0	9	0.8131856918334961	ambig_opp_strand	unspliced	3419	11	ENST00000698129.1	TALAM1	ENSG00000289740.1	mrna
A00839:75:H7MFFDSXY:3:1607:16550:27931	chr11	65501144	65501292	False	229	90M1I59M	255	1	9	0.9564322233200073	ambig_opp_strand	unspliced	3419	16	ENST00000698129.1	TALAM1	ENSG00000289740.1	mrna
A00839:75:H7MFFDSXY:3:1138:14425:5932	chr11	65502144	65502293	False	419	150M	255	0	9	0.36399561166763306	ambig_opp_strand	unspliced	3419	11	ENST00000698129.1	TALAM1	ENSG00000289740.1	mrna
A00839:75:H7MFFDSXY:3:1501:5249:26428	chr11	65500010	65500159	False	316	150M	255	0	3	0.02063550427556038	ambig_opp_strand	unspliced	3419	26	ENST00000710935.1	MALAT1	ENSG00000251562.11	mrna
A00839:75:H7MFFDSXY:3:1132:30852:24173	chr11	65502180	65502329	False	391	150M	255	0	5	0.6223933696746826	ambig_opp_strand	unspliced	-1	11	.	.	.	mrna
A00839:75:H7MFFDSXY:3:1559:28393:10676	chr11	65503534	65503683	False	337	150M	255	0	9	0.8755622506141663	ambig_opp_strand	unspliced	3419	19	ENST00000698129.1	TALAM1	ENSG00000289740.1	mrna
A00839:75:H7MFFDSXY:3:1526:12852:36933	chr11	65505932	65506081	True	-237	150M	255	0	3	0.5176066160202026	ambig_opp_strand	unspliced	3419	6	ENST00000618132.2	MALAT1	ENSG00000251562.11	mrna
A00839:75:H7MFFDSXY:3:1570:19497:1376	chr11	65500246	65500395	True	-219	150M	255	0	3	0.5394994020462036	ambig_opp_strand	unspliced	3419	26	ENST00000710935.1	MALAT1	ENSG00000251562.11	mrna
A00839:75:H7MFFDSXY:3:1268:24523:8923	chr11	65505408	65505557	False	372	150M	255	0	9	0.6131209135055542	ambig_opp_strand	unspliced	3419	6	ENST00000698129.1	TALAM1	ENSG00000289740.1	mrna
A00839:75:H7MFFDSXY:3:2207:29848:28980	chr11	65505568	65505717	True	-234	150M	255	0	9	0.019551634788513184	ambig_opp_strand	unspliced	3419	6	ENST00000534336.3	MALAT1	ENSG00000251562.11	mrna
A00839:75:H7MFFDSXY:3:2227:9652:10160	chr11	65505961	65506109	False	330	149M1S	255	0	5	0.07792230695486069	ambig_opp_strand	unspliced	-1	5	.	.	.	mrna
A00839:75:H7MFFDSXY:3:1360:26241:12399	chr11	65503781	65503930	True	-294	150M	255	0	3	0.605861485004425	ambig_opp_strand	unspliced	3419	17	ENST00000618132.2	MALAT1	ENSG00000251562.11	mrna
A00839:75:H7MFFDSXY:3:1634:30120:33489	chr11	65500934	65501082	True	-262	87M1I62M	255	1	3	0.028073975816369057	ambig_opp_strand	unspliced	3419	13	ENST00000508832.3	MALAT1	ENSG00000251562.11	mrna
A00839:75:H7MFFDSXY:3:1370:31602:9878	chr11	65504436	65504585	False	154	150M	255	0	9	0.9363886713981628	ambig_opp_strand	unspliced	3419	22	ENST00000698129.1	TALAM1	ENSG00000289740.1	mrna
A00839:75:H7MFFDSXY:3:1318:32470:26850	chr11	65505918	65506067	False	215	150M	255	0	9	0.9714229106903076	ambig_opp_strand	unspliced	3419	5	ENST00000698129.1	TALAM1	ENSG00000289740.1	mrna
A00839:75:H7MFFDSXY:3:2621:27118:6934	chr11	65504381	65504529	False	173	149M	255	0	5	0.01725832186639309	ambig_opp_strand	unspliced	-1	22	.	.	.	mrna
A00839:75:H7MFFDSXY:3:2530:25789:36636	chr11	65501522	65501671	False	425	150M	255	1	9	0.40869611501693726	ambig_opp_strand	unspliced	3419	17	ENST00000698129.1	TALAM1	ENSG00000289740.1	mrna
A00839:75:H7MFFDSXY:3:1313:5132:1141	chr11	65504915	65505064	False	245	150M	255	0	9	0.9417526125907898	ambig_opp_strand	unspliced	3419	19	ENST00000698129.1	TALAM1	ENSG00000289740.1	mrna
A00839:75:H7MFFDSXY:3:2226:9326:9439	chr11	65502132	65502281	False	455	150M	255	0	9	0.3484483063220978	ambig_opp_strand	unspliced	3419	11	ENST00000698129.1	TALAM1	ENSG00000289740.1	mrna
A00839:75:H7MFFDSXY:3:2531:6334:27273	chr11	65504832	65504981	False	167	150M	255	0	9	0.9362367987632751	ambig_opp_strand	unspliced	3419	22	ENST00000698129.1	TALAM1	ENSG00000289740.1	mrna
A00839:75:H7MFFDSXY:3:2562:4137:18646	chr11	65504026	65504175	False	393	150M	255	0	5	0.6142314076423645	ambig_opp_strand	unspliced	-1	12	.	.	.	mrna
A00839:75:H7MFFDSXY:3:1645:5023:33176	chr11	65506329	65506478	False	264	150M	255	0	9	0.9808136820793152	ambig_opp_strand	unspliced	3419	3	ENST00000698129.1	TALAM1	ENSG00000289740.1	mrna
A00839:75:H7MFFDSXY:3:1129:32678:15123	chr11	65505580	65505729	False	293	150M	255	0	9	0.9389846920967102	ambig_opp_strand	unspliced	3419	6	ENST00000698129.1	TALAM1	ENSG00000289740.1	mrna
A00839:75:H7MFFDSXY:3:2362:14172:33708	chr11	65505731	65505880	False	410	150M	255	0	5	0.6081308722496033	ambig_opp_strand	unspliced	-1	5	.	.	.	mrna
A00839:75:H7MFFDSXY:3:2270:24225:26349	chr11	65505677	65505826	False	274	150M	255	0	9	0.9471158981323242	ambig_opp_strand	unspliced	3419	6	ENST00000698129.1	TALAM1	ENSG00000289740.1	mrna
A00839:75:H7MFFDSXY:3:1570:1316:28886	chr11	65504931	65505080	False	384	150M	255	0	5	0.5296047329902649	ambig_opp_strand	unspliced	-1	15	.	.	.	mrna
A00839:75:H7MFFDSXY:3:1347:10004:28557	chr11	65503523	65503672	True	-384	150M	255	0	3	0.5769841074943542	ambig_opp_strand	unspliced	3419	22	ENST00000618132.2	MALAT1	ENSG00000251562.11	mrna
A00839:75:H7MFFDSXY:3:2128:21016:30937	chr11	65501081	65501230	True	-354	150M	255	0	3	0.09645472466945648	ambig_opp_strand	unspliced	3419	11	ENST00000508832.3	MALAT1	ENSG00000251562.11	mrna
A00839:75:H7MFFDSXY:3:1519:7518:15765	chr11	65502169	65502318	False	213	150M	255	0	9	0.9564867615699768	ambig_opp_strand	unspliced	3419	22	ENST00000698129.1	TALAM1	ENSG00000289740.1	mrna
A00839:75:H7MFFDSXY:3:1401:2691:23563	chr11	65501561	65501710	False	159	150M	255	0	9	0.947141170501709	ambig_opp_strand	unspliced	3419	18	ENST00000698129.1	TALAM1	ENSG00000289740.1	mrna
A00839:75:H7MFFDSXY:3:1323:17716:36965	chr11	65505394	65505541	False	304	2S148M	255	0	9	0.9302381873130798	ambig_opp_strand	unspliced	3419	6	ENST00000698129.1	TALAM1	ENSG00000289740.1	mrna
A00839:75:H7MFFDSXY:3:2678:12120:27868	chr11	65504709	65504858	False	341	150M	255	0	9	0.8473744988441467	ambig_opp_strand	unspliced	3419	19	ENST00000698129.1	TALAM1	ENSG00000289740.1	mrna
A00839:75:H7MFFDSXY:3:1457:32533:21104	chr11	65504221	65504370	False	366	150M	255	0	9	0.6917420029640198	ambig_opp_strand	unspliced	3419	12	ENST00000698129.1	TALAM1	ENSG00000289740.1	mrna
A00839:75:H7MFFDSXY:3:1454:12111:32550	chr11	65505057	65505206	True	-366	150M	255	0	3	0.3637963831424713	ambig_opp_strand	unspliced	3419	19	ENST00000618132.2	MALAT1	ENSG00000251562.11	mrna
A00839:75:H7MFFDSXY:3:2314:6515:28056	chr11	65503790	65503939	False	354	150M	255	0	9	0.786669135093689	ambig_opp_strand	unspliced	3419	17	ENST00000698129.1	TALAM1	ENSG00000289740.1	mrna
A00839:75:H7MFFDSXY:3:2372:27136:21308	chr11	65503477	65503626	False	291	150M	255	0	9	0.9439740777015686	ambig_opp_strand	unspliced	3419	23	ENST00000698129.1	TALAM1	ENSG00000289740.1	mrna
A00839:75:H7MFFDSXY:3:2213:5755:3098	chr11	65504430	65504579	True	-357	150M	255	0	3	0.7272560000419617	ambig_opp_strand	unspliced	3419	12	ENST00000710862.1	MALAT1	ENSG00000251562.11	mrna
A00839:75:H7MFFDSXY:3:2357:7328:9424	chr11	65501575	65501724	False	216	150M	255	0	9	0.9568082690238953	ambig_opp_strand	unspliced	3419	18	ENST00000698129.1	TALAM1	ENSG00000289740.1	mrna
A00839:75:H7MFFDSXY:3:2415:19840:33348	chr11	65502665	65502814	False	249	150M	255	0	9	0.9657227993011475	ambig_opp_strand	unspliced	3419	20	ENST00000698129.1	TALAM1	ENSG00000289740.1	mrna
A00839:75:H7MFFDSXY:3:2502:23285:7623	chr11	65505736	65505885	False	281	150M	255	0	9	0.9445242881774902	ambig_opp_strand	unspliced	3419	6	ENST00000698129.1	TALAM1	ENSG00000289740.1	mrna
A00839:75:H7MFFDSXY:3:1306:5891:13980	chr11	65504465	65504614	False	274	150M	255	1	9	0.9408309459686279	ambig_opp_strand	unspliced	3419	20	ENST00000698129.1	TALAM1	ENSG00000289740.1	mrna
A00839:75:H7MFFDSXY:3:1310:6696:16658	chr11	65502748	65502895	False	148	148M	255	0	9	0.9507662653923035	ambig_opp_strand	unspliced	3419	22	ENST00000698129.1	TALAM1	ENSG00000289740.1	mrna
A00839:75:H7MFFDSXY:3:2108:9471:26224	chr11	65501303	65501452	False	343	150M	255	1	9	0.8501829504966736	ambig_opp_strand	unspliced	3419	16	ENST00000698129.1	TALAM1	ENSG00000289740.1	mrna
A00839:75:H7MFFDSXY:3:2340:16640:11083	chr11	65505614	65505763	False	408	150M	255	1	9	0.3631229102611542	ambig_opp_strand	unspliced	3419	6	ENST00000698129.1	TALAM1	ENSG00000289740.1	mrna
A00839:75:H7MFFDSXY:3:2440:21947:25755	chr11	65502613	65502762	True	-324	150M	255	0	3	0.9446660876274109	ambig_opp_strand	unspliced	3419	15	ENST00000618132.2	MALAT1	ENSG00000251562.11	mrna
A00839:75:H7MFFDSXY:3:2168:5195:15562	chr11	65504772	65504921	True	-409	150M	255	0	3	0.4148757755756378	ambig_opp_strand	unspliced	3419	19	ENST00000618132.2	MALAT1	ENSG00000251562.11	mrna
A00839:75:H7MFFDSXY:3:2355:3947:15499	chr11	65505575	65505724	False	339	150M	255	0	9	0.8677008748054504	ambig_opp_strand	unspliced	3419	6	ENST00000698129.1	TALAM1	ENSG00000289740.1	mrna
A00839:75:H7MFFDSXY:3:1167:20202:16470	chr11	65500214	65500363	True	-349	150M	255	2	3	0.19531354308128357	ambig_opp_strand	unspliced	3419	26	ENST00000710862.1	MALAT1	ENSG00000251562.11	mrna
A00839:75:H7MFFDSXY:3:1258:27272:2378	chr11	65501247	65501347	True	-245	49S101M	255	0	3	0.5420812964439392	ambig_opp_strand	unspliced	3419	16	ENST00000618132.2	MALAT1	ENSG00000251562.11	mrna
A00839:75:H7MFFDSXY:3:2436:14371:3082	chr11	65501682	65501831	False	264	150M	255	0	9	0.951794445514679	ambig_opp_strand	unspliced	3419	18	ENST00000698129.1	TALAM1	ENSG00000289740.1	mrna
A00839:75:H7MFFDSXY:3:2135:17580:32127	chr11	65504895	65505044	True	-341	150M	255	2	3	0.3655415177345276	ambig_opp_strand	unspliced	3419	19	ENST00000618132.2	MALAT1	ENSG00000251562.11	mrna
A00839:75:H7MFFDSXY:3:1612:22417:11443	chr11	65504548	65504697	True	-237	150M	255	0	3	0.4272163212299347	ambig_opp_strand	unspliced	3419	20	ENST00000618132.2	MALAT1	ENSG00000251562.11	mrna
A00839:75:H7MFFDSXY:3:2236:5403:9627	chr11	65504967	65505116	True	-306	150M	255	0	3	0.15229521691799164	ambig_opp_strand	unspliced	3419	19	ENST00000710951.1	MALAT1	ENSG00000251562.11	mrna
A00839:75:H7MFFDSXY:3:2569:13684:17581	chr11	65500339	65500488	True	-324	150M	255	0	3	0.11169224977493286	ambig_opp_strand	unspliced	3419	26	ENST00000710944.1	MALAT1	ENSG00000251562.11	mrna
A00839:75:H7MFFDSXY:3:2108:30400:22545	chr11	65500902	65501051	True	-405	150M	255	3	3	0.694561779499054	ambig_opp_strand	unspliced	3419	13	ENST00000710933.1	MALAT1	ENSG00000251562.11	mrna
A00839:75:H7MFFDSXY:3:2202:28275:28948	chr11	65503186	65503335	False	394	150M	255	0	5	0.5923961400985718	ambig_opp_strand	unspliced	-1	27	.	.	.	mrna
A00839:75:H7MFFDSXY:3:1569:23059:32503	chr11	65500942	65501091	True	-564	150M	255	0	3	0.027978677302598953	ambig_opp_strand	spliced_implicit	3419	13	ENST00000508832.3	MALAT1	ENSG00000251562.11	mrna
A00839:75:H7MFFDSXY:3:2311:5294:21872	chr11	65500059	65500208	False	166	150M	255	0	9	0.9408082962036133	ambig_opp_strand	unspliced	3419	26	ENST00000698129.1	TALAM1	ENSG00000289740.1	mrna
A00839:75:H7MFFDSXY:3:1207:7916:27477	chr11	65505486	65505635	False	248	150M	255	0	9	0.9537594318389893	ambig_opp_strand	unspliced	3419	6	ENST00000698129.1	TALAM1	ENSG00000289740.1	mrna
A00839:75:H7MFFDSXY:3:1606:4725:28964	chr11	65502266	65502415	True	-421	150M	255	1	3	0.8862874507904053	ambig_opp_strand	unspliced	3419	11	ENST00000618132.2	MALAT1	ENSG00000251562.11	mrna
A00839:75:H7MFFDSXY:3:1650:2347:7279	chr11	65501712	65501861	False	296	150M	255	0	9	0.9382973909378052	ambig_opp_strand	unspliced	3419	18	ENST00000698129.1	TALAM1	ENSG00000289740.1	mrna
A00839:75:H7MFFDSXY:3:1576:17499:22216	chr11	65500477	65500626	True	-294	150M	255	1	3	0.1958692967891693	ambig_opp_strand	unspliced	3419	26	ENST00000710862.1	MALAT1	ENSG00000251562.11	mrna
A00839:75:H7MFFDSXY:3:1520:2998:32111	chr11	65501836	65501985	False	324	150M	255	0	9	0.9063119292259216	ambig_opp_strand	unspliced	3419	20	ENST00000698129.1	TALAM1	ENSG00000289740.1	mrna
A00839:75:H7MFFDSXY:3:2310:16794:30076	chr11	65505162	65505311	False	286	150M	255	0	9	0.930424690246582	ambig_opp_strand	unspliced	3419	15	ENST00000698129.1	TALAM1	ENSG00000289740.1	mrna
A00839:75:H7MFFDSXY:3:1407:29993:24502	chr11	65504846	65504995	False	404	150M	255	0	5	0.6124754548072815	ambig_opp_strand	unspliced	-1	19	.	.	.	mrna
A00839:75:H7MFFDSXY:3:1441:8766:20744	chr11	65504695	65504844	True	-267	150M	255	0	3	0.42716899514198303	ambig_opp_strand	unspliced	3419	20	ENST00000618132.2	MALAT1	ENSG00000251562.11	mrna
A00839:75:H7MFFDSXY:3:2135:15944:30765	chr11	65502051	65502200	False	367	150M	255	0	9	0.6783725619316101	ambig_opp_strand	unspliced	3419	11	ENST00000698129.1	TALAM1	ENSG00000289740.1	mrna
A00839:75:H7MFFDSXY:3:1165:30029:22748	chr11	65503266	65503415	True	-361	150M	255	0	3	0.06751376390457153	ambig_opp_strand	unspliced	3419	18	ENST00000508832.3	MALAT1	ENSG00000251562.11	mrna
A00839:75:H7MFFDSXY:3:1371:5710:18239	chr11	65504836	65504985	True	-307	150M	255	0	3	0.07020018249750137	ambig_opp_strand	unspliced	3419	21	ENST00000710949.1	MALAT1	ENSG00000251562.11	mrna
A00839:75:H7MFFDSXY:3:1422:17056:10175	chr11	65505272	65505355	True	-178	66S84M	255	0	3	0.36693835258483887	ambig_opp_strand	unspliced	3419	15	ENST00000618132.2	MALAT1	ENSG00000251562.11	mrna
A00839:75:H7MFFDSXY:3:1419:30725:6261	chr11	65506333	65506482	False	386	150M	255	0	5	0.5660831332206726	ambig_opp_strand	unspliced	-1	3	.	.	.	mrna
A00839:75:H7MFFDSXY:3:2367:6036:28573	chr11	65504635	65504784	True	-258	150M	255	0	3	0.20398838818073273	ambig_opp_strand	unspliced	3419	20	ENST00000710862.1	MALAT1	ENSG00000251562.11	mrna
A00839:75:H7MFFDSXY:3:1126:12355:4225	chr11	65505444	65505593	False	387	150M	255	0	9	0.4161529242992401	ambig_opp_strand	unspliced	3419	6	ENST00000698129.1	TALAM1	ENSG00000289740.1	mrna
A00839:75:H7MFFDSXY:3:2319:11595:33692	chr11	65503960	65504109	False	189	150M	255	5	9	0.9580977559089661	ambig_opp_strand	unspliced	3419	18	ENST00000698129.1	TALAM1	ENSG00000289740.1	mrna
A00839:75:H7MFFDSXY:3:1450:7120:15577	chr11	65505551	65505700	True	-255	150M	255	1	3	0.517576277256012	ambig_opp_strand	unspliced	3419	6	ENST00000618132.2	MALAT1	ENSG00000251562.11	mrna
A00839:75:H7MFFDSXY:3:2550:1090:28087	chr11	65501067	65501216	False	362	150M	255	0	9	0.7224891185760498	ambig_opp_strand	unspliced	3419	16	ENST00000698129.1	TALAM1	ENSG00000289740.1	mrna
A00839:75:H7MFFDSXY:3:2569:28103:30436	chr11	65500256	65500405	False	284	150M	255	0	9	0.9357200860977173	ambig_opp_strand	unspliced	3419	26	ENST00000698129.1	TALAM1	ENSG00000289740.1	mrna
A00839:75:H7MFFDSXY:3:2414:22471:18991	chr11	65500214	65500363	False	246	150M	255	0	9	0.9461602568626404	ambig_opp_strand	unspliced	3419	26	ENST00000698129.1	TALAM1	ENSG00000289740.1	mrna
A00839:75:H7MFFDSXY:3:2347:25482:27023	chr11	65503969	65504118	False	223	150M	255	0	9	0.9598967432975769	ambig_opp_strand	unspliced	3419	18	ENST00000698129.1	TALAM1	ENSG00000289740.1	mrna
A00839:75:H7MFFDSXY:3:2368:13313:33066	chr11	65504233	65504382	False	276	150M	255	1	9	0.9667753577232361	ambig_opp_strand	unspliced	3419	12	ENST00000698129.1	TALAM1	ENSG00000289740.1	mrna
A00839:75:H7MFFDSXY:3:2272:14009:22498	chr11	65500629	65500778	False	375	150M	255	0	5	0.408766508102417	ambig_opp_strand	unspliced	-1	13	.	.	.	mrna
A00839:75:H7MFFDSXY:3:1472:29423:30686	chr11	65504337	65504486	True	-195	150M	255	0	3	0.12648910284042358	ambig_opp_strand	unspliced	3419	12	ENST00000508832.3	MALAT1	ENSG00000251562.11	mrna
A00839:75:H7MFFDSXY:3:2137:9815:11945	chr11	65503858	65504007	True	-286	150M	255	0	3	0.6059377193450928	ambig_opp_strand	unspliced	3419	17	ENST00000618132.2	MALAT1	ENSG00000251562.11	mrna
A00839:75:H7MFFDSXY:3:2503:9263:31814	chr11	65505877	65506026	True	-206	150M	255	0	3	0.5176094770431519	ambig_opp_strand	unspliced	3419	6	ENST00000618132.2	MALAT1	ENSG00000251562.11	mrna
A00839:75:H7MFFDSXY:3:1609:11831:21574	chr11	65503395	65503544	False	181	150M	255	0	9	0.9558853507041931	ambig_opp_strand	unspliced	3419	28	ENST00000698129.1	TALAM1	ENSG00000289740.1	mrna
A00839:75:H7MFFDSXY:3:2348:28456:6214	chr11	65505002	65505151	True	-290	150M	255	0	3	0.0299006849527359	ambig_opp_strand	unspliced	3419	19	ENST00000508832.3	MALAT1	ENSG00000251562.11	mrna
A00839:75:H7MFFDSXY:3:1321:32325:16799	chr11	65500849	65500998	True	-304	150M	255	0	9	0.012980817817151546	ambig_opp_strand	unspliced	3419	13	ENST00000534336.3	MALAT1	ENSG00000251562.11	mrna
A00839:75:H7MFFDSXY:3:1350:5764:32706	chr11	65501468	65501617	True	-207	150M	255	5	3	0.5440800786018372	ambig_opp_strand	unspliced	3419	17	ENST00000618132.2	MALAT1	ENSG00000251562.11	mrna
A00839:75:H7MFFDSXY:3:2355:5746:17394	chr11	65501760	65501909	False	392	150M	255	0	9	0.38545647263526917	ambig_opp_strand	unspliced	3419	19	ENST00000698129.1	TALAM1	ENSG00000289740.1	mrna
A00839:75:H7MFFDSXY:3:1178:26503:16454	chr11	65503996	65504145	False	291	150M	255	0	9	0.9602031707763672	ambig_opp_strand	unspliced	3419	12	ENST00000698129.1	TALAM1	ENSG00000289740.1	mrna
A00839:75:H7MFFDSXY:3:1576:11695:19053	chr11	65502132	65502281	False	204	150M	255	0	9	0.9562867879867554	ambig_opp_strand	unspliced	3419	22	ENST00000698129.1	TALAM1	ENSG00000289740.1	mrna
A00839:75:H7MFFDSXY:3:1636:17083:21559	chr11	65501260	65501409	True	-454	150M	255	0	3	0.5243626832962036	ambig_opp_strand	unspliced	3419	13	ENST00000710862.1	MALAT1	ENSG00000251562.11	mrna
A00839:75:H7MFFDSXY:3:1327:13078:33818	chr11	65503477	65503616	True	-140	140M	255	0	3	0.5929347276687622	ambig_opp_strand	unspliced	3419	27	ENST00000618132.2	MALAT1	ENSG00000251562.11	mrna
A00839:75:H7MFFDSXY:3:1273:14335:3239	chr11	65504447	65504596	False	294	150M	255	0	9	0.932041585445404	ambig_opp_strand	unspliced	3419	20	ENST00000698129.1	TALAM1	ENSG00000289740.1	mrna
A00839:75:H7MFFDSXY:3:2146:21359:10989	chr11	65505193	65505342	True	-448	150M	255	0	3	0.14903035759925842	ambig_opp_strand	unspliced	3419	15	ENST00000710951.1	MALAT1	ENSG00000251562.11	mrna
A00839:75:H7MFFDSXY:3:2560:7292:18192	chr11	65500770	65500919	False	249	150M	255	0	9	0.9385402202606201	ambig_opp_strand	unspliced	3419	13	ENST00000698129.1	TALAM1	ENSG00000289740.1	mrna
A00839:75:H7MFFDSXY:3:2117:4300:25128	chr11	65503433	65503554	True	-282	28S122M	255	0	3	0.5916357040405273	ambig_opp_strand	unspliced	3419	27	ENST00000618132.2	MALAT1	ENSG00000251562.11	mrna
A00839:75:H7MFFDSXY:3:1203:26558:16016	chr11	65505862	65506011	True	-328	150M	255	0	3	0.24679000675678253	ambig_opp_strand	unspliced	3419	6	ENST00000710862.1	MALAT1	ENSG00000251562.11	mrna
A00839:75:H7MFFDSXY:3:2436:16957:23782	chr11	65500777	65500926	True	-237	150M	255	0	3	0.7123047709465027	ambig_opp_strand	unspliced	3419	13	ENST00000710933.1	MALAT1	ENSG00000251562.11	mrna
A00839:75:H7MFFDSXY:3:2631:15456:26506	chr11	65505920	65506069	False	401	150M	255	0	9	0.3852105736732483	ambig_opp_strand	unspliced	3419	5	ENST00000698129.1	TALAM1	ENSG00000289740.1	mrna
A00839:75:H7MFFDSXY:3:2417:15221:34648	chr11	65500698	65500847	False	196	150M	255	0	9	0.9392918944358826	ambig_opp_strand	unspliced	3419	13	ENST00000698129.1	TALAM1	ENSG00000289740.1	mrna
A00839:75:H7MFFDSXY:3:2519:25708:34992	chr11	65501572	65501721	True	-267	150M	255	0	3	0.5440002083778381	ambig_opp_strand	unspliced	3419	17	ENST00000618132.2	MALAT1	ENSG00000251562.11	mrna
A00839:75:H7MFFDSXY:3:2270:20907:12680	chr11	65502569	65502718	False	254	150M	255	0	9	0.9665936827659607	ambig_opp_strand	unspliced	3419	15	ENST00000698129.1	TALAM1	ENSG00000289740.1	mrna
A00839:75:H7MFFDSXY:3:2555:23131:22357	chr11	65502294	65502443	False	304	150M	255	0	9	0.9435649514198303	ambig_opp_strand	unspliced	3419	13	ENST00000698129.1	TALAM1	ENSG00000289740.1	mrna
A00839:75:H7MFFDSXY:3:1529:31765:27759	chr11	65505407	65505556	False	475	150M	255	0	9	0.3814108371734619	ambig_opp_strand	unspliced	3419	6	ENST00000698129.1	TALAM1	ENSG00000289740.1	mrna
A00839:75:H7MFFDSXY:3:2322:14696:27164	chr11	65500924	65501074	False	282	85M1D65M	255	1	9	0.9612976908683777	ambig_opp_strand	unspliced	3419	13	ENST00000698129.1	TALAM1	ENSG00000289740.1	mrna
A00839:75:H7MFFDSXY:3:1307:12563:35587	chr11	65504602	65504751	False	384	150M	255	0	9	0.4506208598613739	ambig_opp_strand	unspliced	3419	19	ENST00000698129.1	TALAM1	ENSG00000289740.1	mrna
A00839:75:H7MFFDSXY:3:2532:10050:21872	chr11	65504970	65505119	True	-441	150M	255	0	3	0.17517592012882233	ambig_opp_strand	spliced_implicit	3419	17	ENST00000710862.1	MALAT1	ENSG00000251562.11	mrna
A00839:75:H7MFFDSXY:3:1317:14651:8140	chr11	65505575	65505724	True	-448	150M	255	0	3	0.5003774762153625	ambig_opp_strand	unspliced	3419	6	ENST00000618132.2	MALAT1	ENSG00000251562.11	mrna
A00839:75:H7MFFDSXY:3:1655:4707:9518	chr11	65502426	65502575	True	-315	150M	255	0	3	0.9490969181060791	ambig_opp_strand	unspliced	3419	12	ENST00000618132.2	MALAT1	ENSG00000251562.11	mrna
A00839:75:H7MFFDSXY:3:1321:2573:32315	chr11	65505338	65505487	False	289	150M	255	0	9	0.941025972366333	ambig_opp_strand	unspliced	3419	8	ENST00000698129.1	TALAM1	ENSG00000289740.1	mrna
A00839:75:H7MFFDSXY:3:2575:21603:4398	chr11	65500787	65500936	True	-289	150M	255	0	3	0.7121439576148987	ambig_opp_strand	unspliced	3419	13	ENST00000710933.1	MALAT1	ENSG00000251562.11	mrna
A00839:75:H7MFFDSXY:3:1143:4698:8093	chr11	65503484	65503633	True	-292	150M	255	0	3	0.5941107869148254	ambig_opp_strand	unspliced	3419	23	ENST00000618132.2	MALAT1	ENSG00000251562.11	mrna
A00839:75:H7MFFDSXY:3:2467:4255:32127	chr11	65502141	65502290	False	233	150M	255	0	9	0.9561817049980164	ambig_opp_strand	unspliced	3419	22	ENST00000698129.1	TALAM1	ENSG00000289740.1	mrna
A00839:75:H7MFFDSXY:3:1161:16098:2879	chr11	65505166	65505315	False	179	150M	255	0	9	0.9396684169769287	ambig_opp_strand	unspliced	3419	15	ENST00000698129.1	TALAM1	ENSG00000289740.1	mrna
A00839:75:H7MFFDSXY:3:1334:31882:32628	chr11	65505588	65505737	False	377	150M	255	0	9	0.5446040034294128	ambig_opp_strand	unspliced	3419	6	ENST00000698129.1	TALAM1	ENSG00000289740.1	mrna
A00839:75:H7MFFDSXY:3:2278:10122:3364	chr11	65501247	65501394	True	-310	1S148M	255	0	64	0.0	.	unspliced	-1	0	.	.	.	mrna
A00839:75:H7MFFDSXY:3:2448:4860:30577	chr11	65504004	65504153	True	-307	150M	255	2	3	0.6056594848632812	ambig_opp_strand	unspliced	3419	17	ENST00000618132.2	MALAT1	ENSG00000251562.11	mrna
A00839:75:H7MFFDSXY:3:1623:5231:4319	chr11	65503197	65503346	False	327	150M	255	0	5	0.07135660201311111	ambig_opp_strand	unspliced	-1	27	.	.	.	mrna
A00839:75:H7MFFDSXY:3:2145:10637:15092	chr11	65505265	65505414	True	-378	150M	255	0	3	0.36198946833610535	ambig_opp_strand	unspliced	3419	15	ENST00000618132.2	MALAT1	ENSG00000251562.11	mrna
A00839:75:H7MFFDSXY:3:1604:22073:29512	chr11	65505039	65505188	False	308	150M	255	1	9	0.9149035215377808	ambig_opp_strand	unspliced	3419	15	ENST00000698129.1	TALAM1	ENSG00000289740.1	mrna
A00839:75:H7MFFDSXY:3:1629:5077:19867	chr11	65505699	65505848	False	309	150M	255	0	9	0.9246442317962646	ambig_opp_strand	unspliced	3419	6	ENST00000698129.1	TALAM1	ENSG00000289740.1	mrna
A00839:75:H7MFFDSXY:3:1542:3432:7279	chr11	65505208	65505339	True	-132	132M	255	0	3	0.09896034747362137	ambig_opp_strand	unspliced	3419	16	ENST00000710944.1	MALAT1	ENSG00000251562.11	mrna
A00839:75:H7MFFDSXY:3:1252:31340:25895	chr11	65502200	65502349	True	-296	150M	255	0	3	0.540656566619873	ambig_opp_strand	unspliced	3419	21	ENST00000618132.2	MALAT1	ENSG00000251562.11	mrna
A00839:75:H7MFFDSXY:3:1604:32136:18004	chr11	65505766	65505915	False	287	150M	255	0	9	0.9421286582946777	ambig_opp_strand	unspliced	3419	6	ENST00000698129.1	TALAM1	ENSG00000289740.1	mrna
A00839:75:H7MFFDSXY:3:1268:17327:30185	chr11	65505330	65505479	False	364	150M	255	0	9	0.7065253257751465	ambig_opp_strand	unspliced	3419	6	ENST00000698129.1	TALAM1	ENSG00000289740.1	mrna
A00839:75:H7MFFDSXY:3:2328:27932:18396	chr11	65500564	65500713	False	306	150M	255	0	9	0.9139814972877502	ambig_opp_strand	unspliced	3419	13	ENST00000698129.1	TALAM1	ENSG00000289740.1	mrna
A00839:75:H7MFFDSXY:3:1323:10827:14074	chr11	65504243	65504392	False	282	150M	255	0	9	0.9644063115119934	ambig_opp_strand	unspliced	3419	12	ENST00000698129.1	TALAM1	ENSG00000289740.1	mrna
A00839:75:H7MFFDSXY:3:2171:26024:10081	chr11	65506001	65506146	True	-405	146M	255	0	3	0.47453445196151733	ambig_opp_strand	unspliced	3419	5	ENST00000710862.1	MALAT1	ENSG00000251562.11	mrna
A00839:75:H7MFFDSXY:3:2402:17978:32252	chr11	65503014	65503163	False	291	150M	255	0	9	0.9515235424041748	ambig_opp_strand	unspliced	3419	18	ENST00000698129.1	TALAM1	ENSG00000289740.1	mrna
A00839:75:H7MFFDSXY:3:2436:3992:17581	chr11	65502125	65502274	True	-161	150M	255	0	3	0.540252149105072	ambig_opp_strand	unspliced	3419	22	ENST00000618132.2	MALAT1	ENSG00000251562.11	mrna
A00839:75:H7MFFDSXY:3:1250:15700:27899	chr11	65505942	65506091	False	352	150M	255	0	9	0.8121000528335571	ambig_opp_strand	unspliced	3419	5	ENST00000698129.1	TALAM1	ENSG00000289740.1	mrna
A00839:75:H7MFFDSXY:3:1127:30517:13197	chr11	65506458	65506607	True	-418	150M	255	0	5	0.6703476309776306	ambig_opp_strand	unspliced	-1	3	.	.	.	mrna
A00839:75:H7MFFDSXY:3:2606:22679:21981	chr11	65500117	65500266	False	254	150M	255	0	9	0.9448310136795044	ambig_opp_strand	unspliced	3419	26	ENST00000698129.1	TALAM1	ENSG00000289740.1	mrna
A00839:75:H7MFFDSXY:3:2116:10285:30138	chr11	65500805	65500954	True	-331	150M	255	0	3	0.1639808714389801	ambig_opp_strand	unspliced	3419	13	ENST00000710862.1	MALAT1	ENSG00000251562.11	mrna
A00839:75:H7MFFDSXY:3:1367:11071:10269	chr11	65502164	65502313	True	-348	150M	255	0	3	0.25731122493743896	ambig_opp_strand	unspliced	3419	21	ENST00000710862.1	MALAT1	ENSG00000251562.11	mrna
A00839:75:H7MFFDSXY:3:1604:7292:29058	chr11	65503405	65503554	True	-375	150M	255	0	3	0.2775082290172577	ambig_opp_strand	unspliced	3419	27	ENST00000710862.1	MALAT1	ENSG00000251562.11	mrna
A00839:75:H7MFFDSXY:3:2262:21233:22482	chr11	65500254	65500403	True	-263	150M	255	0	3	0.19591829180717468	ambig_opp_strand	unspliced	3419	26	ENST00000710862.1	MALAT1	ENSG00000251562.11	mrna
A00839:75:H7MFFDSXY:3:2421:15763:5055	chr11	65504539	65504688	False	351	150M	255	2	9	0.8023607134819031	ambig_opp_strand	unspliced	3419	19	ENST00000698129.1	TALAM1	ENSG00000289740.1	mrna
A00839:75:H7MFFDSXY:3:1138:18213:22545	chr11	65501688	65501837	False	340	150M	255	0	9	0.8629299998283386	ambig_opp_strand	unspliced	3419	18	ENST00000698129.1	TALAM1	ENSG00000289740.1	mrna
A00839:75:H7MFFDSXY:3:2302:21468:2472	chr11	65504742	65504891	True	-453	150M	255	0	3	0.41605645418167114	ambig_opp_strand	unspliced	3419	19	ENST00000618132.2	MALAT1	ENSG00000251562.11	mrna
A00839:75:H7MFFDSXY:3:2122:14877:31140	chr11	65505556	65505705	False	220	150M	255	0	9	0.9552997946739197	ambig_opp_strand	unspliced	3419	6	ENST00000698129.1	TALAM1	ENSG00000289740.1	mrna
A00839:75:H7MFFDSXY:3:1543:2510:4116	chr11	65504683	65504832	False	208	150M	255	0	9	0.9424076676368713	ambig_opp_strand	unspliced	3419	21	ENST00000698129.1	TALAM1	ENSG00000289740.1	mrna
A00839:75:H7MFFDSXY:3:1149:10484:14168	chr11	65504835	65504984	False	262	150M	255	0	9	0.9385135173797607	ambig_opp_strand	unspliced	3419	19	ENST00000698129.1	TALAM1	ENSG00000289740.1	mrna
A00839:75:H7MFFDSXY:3:2655:18756:24298	chr11	65503287	65503436	True	-210	150M	255	0	3	0.5918225049972534	ambig_opp_strand	unspliced	3419	27	ENST00000618132.2	MALAT1	ENSG00000251562.11	mrna
A00839:75:H7MFFDSXY:3:2229:26666:10316	chr11	65503393	65503542	False	324	150M	255	0	9	0.9086575508117676	ambig_opp_strand	unspliced	3419	23	ENST00000698129.1	TALAM1	ENSG00000289740.1	mrna
A00839:75:H7MFFDSXY:3:1570:23484:13823	chr11	65503433	65503582	True	-186	150M	255	0	3	0.591498613357544	ambig_opp_strand	unspliced	3419	28	ENST00000618132.2	MALAT1	ENSG00000251562.11	mrna
A00839:75:H7MFFDSXY:3:1146:23656:34413	chr11	65506156	65506305	True	-489	150M	255	0	3	0.47304365038871765	ambig_opp_strand	unspliced	3419	5	ENST00000710862.1	MALAT1	ENSG00000251562.11	mrna
A00839:75:H7MFFDSXY:3:1451:17246:21934	chr11	65505009	65505158	False	155	150M	255	0	9	0.9312988519668579	ambig_opp_strand	unspliced	3419	19	ENST00000698129.1	TALAM1	ENSG00000289740.1	mrna
A00839:75:H7MFFDSXY:3:1334:15926:30483	chr11	65500658	65500807	True	-243	150M	255	0	3	0.31032538414001465	ambig_opp_strand	unspliced	3419	25	ENST00000710935.1	MALAT1	ENSG00000251562.11	mrna
A00839:75:H7MFFDSXY:3:1447:31602:3677	chr11	65500601	65500750	True	-238	150M	255	0	3	0.29156067967414856	ambig_opp_strand	unspliced	3419	28	ENST00000710935.1	MALAT1	ENSG00000251562.11	mrna
A00839:75:H7MFFDSXY:3:1549:11785:10817	chr11	65505344	65505493	True	-182	150M	255	0	9	0.019449274986982346	ambig_opp_strand	unspliced	3419	8	ENST00000534336.3	MALAT1	ENSG00000251562.11	mrna
A00839:75:H7MFFDSXY:3:1358:26765:14309	chr11	65502000	65502149	False	303	150M	255	0	9	0.9325957894325256	ambig_opp_strand	unspliced	3419	21	ENST00000698129.1	TALAM1	ENSG00000289740.1	mrna
A00839:75:H7MFFDSXY:3:2255:30083:14732	chr11	65503347	65503496	False	313	150M	255	0	9	0.9243018627166748	ambig_opp_strand	unspliced	3419	22	ENST00000698129.1	TALAM1	ENSG00000289740.1	mrna
A00839:75:H7MFFDSXY:3:2162:25907:33426	chr11	65501532	65501681	True	-216	150M	255	0	9	0.020551783964037895	ambig_opp_strand	unspliced	3419	17	ENST00000534336.3	MALAT1	ENSG00000251562.11	mrna
A00839:75:H7MFFDSXY:3:2359:28375:10614	chr11	65505174	65505323	False	405	150M	255	0	5	0.6248155236244202	ambig_opp_strand	unspliced	-1	8	.	.	.	mrna
A00839:75:H7MFFDSXY:3:1270:29017:9784	chr11	65500949	65501098	True	-379	150M	255	0	3	0.1619148552417755	ambig_opp_strand	unspliced	3419	13	ENST00000710862.1	MALAT1	ENSG00000251562.11	mrna
A00839:75:H7MFFDSXY:3:1646:32307:10066	chr11	65504097	65504246	False	245	150M	255	0	9	0.9747772216796875	ambig_opp_strand	unspliced	3419	12	ENST00000698129.1	TALAM1	ENSG00000289740.1	mrna
A00839:75:H7MFFDSXY:3:1366:13810:26694	chr11	65500820	65500969	True	-297	150M	255	0	3	0.7120850086212158	ambig_opp_strand	unspliced	3419	13	ENST00000710933.1	MALAT1	ENSG00000251562.11	mrna
A00839:75:H7MFFDSXY:3:1322:19813:35368	chr11	65505161	65505310	False	327	150M	255	0	9	0.8988140225410461	ambig_opp_strand	unspliced	3419	8	ENST00000698129.1	TALAM1	ENSG00000289740.1	mrna
A00839:75:H7MFFDSXY:3:1561:28004:14231	chr11	65501551	65501700	True	-206	150M	255	0	3	0.5440800786018372	ambig_opp_strand	unspliced	3419	17	ENST00000618132.2	MALAT1	ENSG00000251562.11	mrna
A00839:75:H7MFFDSXY:3:1148:20844:28291	chr11	65504132	65504281	False	447	150M	255	2	5	0.6180225610733032	ambig_opp_strand	unspliced	-1	12	.	.	.	mrna
A00839:75:H7MFFDSXY:3:2631:7509:33974	chr11	65500650	65500799	False	418	150M	255	0	9	0.9490832686424255	ambig_opp_strand	spliced_implicit	3419	13	ENST00000698129.1	TALAM1	ENSG00000289740.1	mrna
A00839:75:H7MFFDSXY:3:2355:20817:8891	chr11	65504225	65504374	False	336	150M	255	0	9	0.8953045010566711	ambig_opp_strand	unspliced	3419	12	ENST00000698129.1	TALAM1	ENSG00000289740.1	mrna
A00839:75:H7MFFDSXY:3:1659:17571:28917	chr11	65505271	65505420	True	-391	150M	255	0	3	0.35745590925216675	ambig_opp_strand	unspliced	3419	15	ENST00000618132.2	MALAT1	ENSG00000251562.11	mrna
A00839:75:H7MFFDSXY:3:1277:7862:12947	chr11	65505252	65505401	False	345	150M	255	0	3	0.014492618851363659	ambig_opp_strand	unspliced	3419	8	ENST00000618132.2	MALAT1	ENSG00000251562.11	mrna
A00839:75:H7MFFDSXY:3:1569:1009:4648	chr11	65504728	65504877	False	508	150M	255	0	5	0.581907331943512	ambig_opp_strand	unspliced	-1	19	.	.	.	mrna
A00839:75:H7MFFDSXY:3:1653:30138:26944	chr11	65504850	65504999	True	-353	150M	255	0	3	0.034762196242809296	ambig_opp_strand	unspliced	3419	19	ENST00000508832.3	MALAT1	ENSG00000251562.11	mrna
A00839:75:H7MFFDSXY:3:2247:16016:27383	chr11	65500506	65500655	True	-462	150M	255	1	3	0.10877873748540878	ambig_opp_strand	unspliced	3419	26	ENST00000710944.1	MALAT1	ENSG00000251562.11	mrna
A00839:75:H7MFFDSXY:3:1112:17960:17660	chr11	65503848	65503997	True	-327	150M	255	0	9	0.022857187315821648	ambig_opp_strand	unspliced	3419	17	ENST00000534336.3	MALAT1	ENSG00000251562.11	mrna
A00839:75:H7MFFDSXY:3:1121:29143:35869	chr11	65504572	65504721	False	287	150M	255	0	9	0.9359095096588135	ambig_opp_strand	unspliced	3419	20	ENST00000698129.1	TALAM1	ENSG00000289740.1	mrna
A00839:75:H7MFFDSXY:3:1575:28275:29700	chr11	65504050	65504199	True	-284	150M	255	1	3	0.2893507778644562	ambig_opp_strand	unspliced	3419	17	ENST00000710862.1	MALAT1	ENSG00000251562.11	mrna
A00839:75:H7MFFDSXY:3:1130:4725:18004	chr11	65500900	65501049	True	-221	150M	255	0	3	0.07816451787948608	ambig_opp_strand	unspliced	3419	13	ENST00000710943.1	MALAT1	ENSG00000251562.11	mrna
A00839:75:H7MFFDSXY:3:2559:5891:7153	chr11	65503245	65503394	False	229	150M	255	0	9	0.9588848948478699	ambig_opp_strand	unspliced	3419	27	ENST00000698129.1	TALAM1	ENSG00000289740.1	mrna
A00839:75:H7MFFDSXY:3:2216:3667:37027	chr11	65503669	65503818	False	359	150M	255	0	5	0.22415634989738464	ambig_opp_strand	unspliced	-1	17	.	.	.	mrna
A00839:75:H7MFFDSXY:3:1335:20998:23797	chr11	65501330	65501479	True	-359	150M	255	0	3	0.257136732339859	ambig_opp_strand	unspliced	3419	16	ENST00000710862.1	MALAT1	ENSG00000251562.11	mrna
A00839:75:H7MFFDSXY:3:2452:19750:35603	chr11	65503673	65503822	False	330	150M	255	0	9	0.8974080681800842	ambig_opp_strand	unspliced	3419	17	ENST00000698129.1	TALAM1	ENSG00000289740.1	mrna
A00839:75:H7MFFDSXY:3:2643:20500:33583	chr11	65504634	65504783	True	-437	150M	255	0	3	0.4142555892467499	ambig_opp_strand	unspliced	3419	20	ENST00000618132.2	MALAT1	ENSG00000251562.11	mrna
A00839:75:H7MFFDSXY:3:1436:16993:21465	chr11	65501572	65501721	False	295	150M	255	0	9	0.9388600587844849	ambig_opp_strand	unspliced	3419	18	ENST00000698129.1	TALAM1	ENSG00000289740.1	mrna
A00839:75:H7MFFDSXY:3:1227:19108:20212	chr11	65505047	65505196	True	-277	150M	255	1	3	0.36617809534072876	ambig_opp_strand	unspliced	3419	19	ENST00000618132.2	MALAT1	ENSG00000251562.11	mrna
A00839:75:H7MFFDSXY:3:1454:7274:20134	chr11	65501026	65501175	True	-244	150M	255	0	3	0.711510956287384	ambig_opp_strand	unspliced	3419	15	ENST00000710933.1	MALAT1	ENSG00000251562.11	mrna
A00839:75:H7MFFDSXY:3:2333:9444:30780	chr11	65505922	65506071	True	-239	150M	255	0	3	0.5176060795783997	ambig_opp_strand	unspliced	3419	6	ENST00000618132.2	MALAT1	ENSG00000251562.11	mrna
A00839:75:H7MFFDSXY:3:1115:18521:29810	chr11	65503457	65503606	True	-414	150M	255	0	3	0.2712835371494293	ambig_opp_strand	unspliced	3419	26	ENST00000710862.1	MALAT1	ENSG00000251562.11	mrna
A00839:75:H7MFFDSXY:3:1472:1967:2581	chr11	65504708	65504857	False	277	150M	255	0	9	0.9333637356758118	ambig_opp_strand	unspliced	3419	22	ENST00000698129.1	TALAM1	ENSG00000289740.1	mrna
A00839:75:H7MFFDSXY:3:2547:25455:3145	chr11	65502434	65502583	True	-251	150M	255	0	3	0.9503951072692871	ambig_opp_strand	unspliced	3419	14	ENST00000618132.2	MALAT1	ENSG00000251562.11	mrna
A00839:75:H7MFFDSXY:3:1144:26847:5776	chr11	65505096	65505245	True	-189	150M	255	0	3	0.36622756719589233	ambig_opp_strand	unspliced	3419	19	ENST00000618132.2	MALAT1	ENSG00000251562.11	mrna
A00839:75:H7MFFDSXY:3:1140:3721:21465	chr11	65504990	65505139	False	391	150M	255	1	9	0.3669503629207611	ambig_opp_strand	unspliced	3419	15	ENST00000698129.1	TALAM1	ENSG00000289740.1	mrna
A00839:75:H7MFFDSXY:3:1130:24080:1548	chr11	65502763	65502912	True	-193	150M	255	0	3	0.8541249632835388	ambig_opp_strand	unspliced	3419	21	ENST00000618132.2	MALAT1	ENSG00000251562.11	mrna
A00839:75:H7MFFDSXY:3:1337:32922:29857	chr11	65500229	65500378	True	-260	150M	255	0	3	0.5394553542137146	ambig_opp_strand	unspliced	3419	26	ENST00000710935.1	MALAT1	ENSG00000251562.11	mrna
A00839:75:H7MFFDSXY:3:2112:26992:16799	chr11	65504569	65504718	False	339	150M	255	0	9	0.8624343276023865	ambig_opp_strand	unspliced	3419	19	ENST00000698129.1	TALAM1	ENSG00000289740.1	mrna
A00839:75:H7MFFDSXY:3:2505:13702:27633	chr11	65505908	65506057	True	-425	150M	255	0	3	0.23960009217262268	ambig_opp_strand	unspliced	3419	6	ENST00000710862.1	MALAT1	ENSG00000251562.11	mrna
A00839:75:H7MFFDSXY:3:1115:28230:21386	chr11	65503827	65503976	False	292	150M	255	0	9	0.9439007043838501	ambig_opp_strand	unspliced	3419	17	ENST00000698129.1	TALAM1	ENSG00000289740.1	mrna
A00839:75:H7MFFDSXY:3:1323:14950:13730	chr11	65504525	65504674	True	-263	150M	255	0	3	0.20398388803005219	ambig_opp_strand	unspliced	3419	20	ENST00000710862.1	MALAT1	ENSG00000251562.11	mrna
A00839:75:H7MFFDSXY:3:2635:13630:5713	chr11	65500455	65500561	True	-107	107M	255	0	3	0.45897457003593445	ambig_opp_strand	unspliced	3419	27	ENST00000710933.1	MALAT1	ENSG00000251562.11	mrna
A00839:75:H7MFFDSXY:3:1269:6705:5776	chr11	65504672	65504821	True	-254	150M	255	0	3	0.034886907786130905	ambig_opp_strand	unspliced	3419	20	ENST00000508832.3	MALAT1	ENSG00000251562.11	mrna
A00839:75:H7MFFDSXY:3:1444:6316:29841	chr11	65500653	65500802	False	376	150M	255	0	9	0.550445020198822	ambig_opp_strand	unspliced	3419	13	ENST00000698129.1	TALAM1	ENSG00000289740.1	mrna
A00839:75:H7MFFDSXY:3:2118:24740:31031	chr11	65504437	65504586	False	355	150M	255	0	9	0.7753604054450989	ambig_opp_strand	unspliced	3419	20	ENST00000698129.1	TALAM1	ENSG00000289740.1	mrna
A00839:75:H7MFFDSXY:3:1329:27588:18176	chr11	65500868	65501016	True	-149	149M	255	0	3	0.7121216654777527	ambig_opp_strand	unspliced	3419	13	ENST00000710933.1	MALAT1	ENSG00000251562.11	mrna
A00839:75:H7MFFDSXY:3:1418:16080:25645	chr11	65505564	65505713	False	270	150M	255	0	9	0.9485552906990051	ambig_opp_strand	unspliced	3419	6	ENST00000698129.1	TALAM1	ENSG00000289740.1	mrna
A00839:75:H7MFFDSXY:3:2449:26865:33771	chr11	65500430	65500579	True	-343	150M	255	0	3	0.5382381677627563	ambig_opp_strand	unspliced	3419	26	ENST00000710935.1	MALAT1	ENSG00000251562.11	mrna
A00839:75:H7MFFDSXY:3:1309:16188:9674	chr11	65504379	65504528	True	-302	150M	255	0	3	0.7383703589439392	ambig_opp_strand	unspliced	3419	12	ENST00000710862.1	MALAT1	ENSG00000251562.11	mrna
A00839:75:H7MFFDSXY:3:2675:22824:34851	chr11	65501051	65501200	False	420	150M	255	0	9	0.4004553258419037	ambig_opp_strand	unspliced	3419	16	ENST00000698129.1	TALAM1	ENSG00000289740.1	mrna
A00839:75:H7MFFDSXY:3:2171:20699:35524	chr11	65505747	65505896	False	363	150M	255	0	64	0.0	.	unspliced	-1	0	.	.	.	mrna
A00839:75:H7MFFDSXY:3:1214:31521:10426	chr11	65501009	65501158	False	308	150M	255	0	9	0.9277983903884888	ambig_opp_strand	unspliced	3419	16	ENST00000698129.1	TALAM1	ENSG00000289740.1	mrna
A00839:75:H7MFFDSXY:3:2663:32660:2691	chr11	65505597	65505746	True	-318	150M	255	0	3	0.24690403044223785	ambig_opp_strand	unspliced	3419	6	ENST00000710862.1	MALAT1	ENSG00000251562.11	mrna
A00839:75:H7MFFDSXY:3:2106:8730:8656	chr11	65500521	65500670	False	259	150M	255	3	64	0.0	.	unspliced	-1	0	.	.	.	mrna
A00839:75:H7MFFDSXY:3:2625:26449:29356	chr11	65500762	65500911	False	221	150M	255	0	9	0.9401312470436096	ambig_opp_strand	unspliced	3419	13	ENST00000698129.1	TALAM1	ENSG00000289740.1	mrna
A00839:75:H7MFFDSXY:3:1336:13621:7607	chr11	65500360	65500509	False	444	150M	255	0	9	0.369135320186615	ambig_opp_strand	unspliced	3419	23	ENST00000698129.1	TALAM1	ENSG00000289740.1	mrna
A00839:75:H7MFFDSXY:3:1320:16034:8343	chr11	65502747	65502896	True	-330	150M	255	0	3	0.9441080689430237	ambig_opp_strand	unspliced	3419	15	ENST00000618132.2	MALAT1	ENSG00000251562.11	mrna
A00839:75:H7MFFDSXY:3:1554:13241:33442	chr11	65502664	65502813	True	-336	150M	255	0	3	0.9433349370956421	ambig_opp_strand	unspliced	3419	15	ENST00000618132.2	MALAT1	ENSG00000251562.11	mrna
A00839:75:H7MFFDSXY:3:1576:26883:8093	chr11	65503860	65504009	False	278	150M	255	0	9	0.95011967420578	ambig_opp_strand	unspliced	3419	17	ENST00000698129.1	TALAM1	ENSG00000289740.1	mrna
A00839:75:H7MFFDSXY:3:1435:5575:32659	chr11	65501061	65501210	True	-308	150M	255	0	3	0.27127647399902344	ambig_opp_strand	unspliced	3419	11	ENST00000710943.1	MALAT1	ENSG00000251562.11	mrna
A00839:75:H7MFFDSXY:3:1429:29776:18865	chr11	65503875	65504024	True	-405	150M	255	2	9	0.021909570321440697	ambig_opp_strand	unspliced	3419	17	ENST00000534336.3	MALAT1	ENSG00000251562.11	mrna
A00839:75:H7MFFDSXY:3:1538:13295:35039	chr11	65504248	65504396	True	-382	149M	255	2	3	0.6867119669914246	ambig_opp_strand	unspliced	3419	12	ENST00000710862.1	MALAT1	ENSG00000251562.11	mrna
A00839:75:H7MFFDSXY:3:1615:11623:33051	chr11	65505608	65505757	False	381	150M	255	0	9	0.493552029132843	ambig_opp_strand	unspliced	3419	6	ENST00000698129.1	TALAM1	ENSG00000289740.1	mrna
A00839:75:H7MFFDSXY:3:1253:31051:25144	chr11	65500614	65500763	True	-249	150M	255	0	3	0.4594646692276001	ambig_opp_strand	unspliced	3419	28	ENST00000710933.1	MALAT1	ENSG00000251562.11	mrna
A00839:75:H7MFFDSXY:3:1560:20021:3255	chr11	65500505	65500654	False	207	150M	255	0	9	0.9160584807395935	ambig_opp_strand	unspliced	3419	27	ENST00000698129.1	TALAM1	ENSG00000289740.1	mrna
A00839:75:H7MFFDSXY:3:1460:11071:31219	chr11	65505335	65505482	False	330	148M2S	255	1	9	0.8935033679008484	ambig_opp_strand	unspliced	3419	6	ENST00000698129.1	TALAM1	ENSG00000289740.1	mrna
A00839:75:H7MFFDSXY:3:1250:16993:23750	chr11	65503085	65503234	True	-445	150M	255	0	3	0.8165879845619202	ambig_opp_strand	unspliced	3419	16	ENST00000618132.2	MALAT1	ENSG00000251562.11	mrna
A00839:75:H7MFFDSXY:3:1347:8296:11851	chr11	65504312	65504461	True	-432	150M	255	0	3	0.12661521136760712	ambig_opp_strand	spliced_implicit	3419	11	ENST00000508832.3	MALAT1	ENSG00000251562.11	mrna
A00839:75:H7MFFDSXY:3:2656:14470:8171	chr11	65505168	65505317	True	-343	150M	255	0	3	0.36619412899017334	ambig_opp_strand	unspliced	3419	15	ENST00000618132.2	MALAT1	ENSG00000251562.11	mrna
A00839:75:H7MFFDSXY:3:2218:24831:32471	chr11	65500899	65501048	False	319	150M	255	0	9	0.9279630184173584	ambig_opp_strand	unspliced	3419	11	ENST00000698129.1	TALAM1	ENSG00000289740.1	mrna
A00839:75:H7MFFDSXY:3:2478:28320:34319	chr11	65505059	65505208	True	-500	150M	255	0	3	0.17492051422595978	ambig_opp_strand	spliced_implicit	3419	18	ENST00000710862.1	MALAT1	ENSG00000251562.11	mrna
A00839:75:H7MFFDSXY:3:2674:23023:5729	chr11	65505865	65506014	False	289	150M	255	0	9	0.9567165970802307	ambig_opp_strand	unspliced	3419	5	ENST00000698129.1	TALAM1	ENSG00000289740.1	mrna
A00839:75:H7MFFDSXY:3:1448:26250:1892	chr11	65504437	65504586	True	-356	150M	255	0	3	0.7276526093482971	ambig_opp_strand	unspliced	3419	12	ENST00000710862.1	MALAT1	ENSG00000251562.11	mrna
A00839:75:H7MFFDSXY:3:1475:14850:9549	chr11	65505710	65505859	True	-428	150M	255	0	3	0.2385931760072708	ambig_opp_strand	unspliced	3419	6	ENST00000710862.1	MALAT1	ENSG00000251562.11	mrna
A00839:75:H7MFFDSXY:3:2540:32814:9878	chr11	65504511	65504660	False	328	150M	255	1	9	0.8916012048721313	ambig_opp_strand	unspliced	3419	20	ENST00000698129.1	TALAM1	ENSG00000289740.1	mrna
A00839:75:H7MFFDSXY:3:2413:28203:4022	chr11	65504862	65505006	False	145	145M	255	0	9	0.9222036004066467	ambig_opp_strand	unspliced	3419	22	ENST00000698129.1	TALAM1	ENSG00000289740.1	mrna
A00839:75:H7MFFDSXY:3:1349:13132:4413	chr11	65505588	65505737	True	-281	150M	255	0	3	0.2471001297235489	ambig_opp_strand	unspliced	3419	6	ENST00000710862.1	MALAT1	ENSG00000251562.11	mrna
A00839:75:H7MFFDSXY:3:1240:9950:13119	chr11	65503775	65503924	True	-414	150M	255	0	3	0.27708131074905396	ambig_opp_strand	unspliced	3419	17	ENST00000710862.1	MALAT1	ENSG00000251562.11	mrna
A00839:75:H7MFFDSXY:3:2471:16116:18724	chr11	65506404	65506553	False	323	150M	255	0	9	0.9335390329360962	ambig_opp_strand	unspliced	3419	3	ENST00000698129.1	TALAM1	ENSG00000289740.1	mrna
A00839:75:H7MFFDSXY:3:1206:11876:19899	chr11	65504975	65505124	True	-339	150M	255	0	3	0.07081687450408936	ambig_opp_strand	unspliced	3419	19	ENST00000710949.1	MALAT1	ENSG00000251562.11	mrna
A00839:75:H7MFFDSXY:3:1612:2266:27242	chr11	65506380	65506529	False	224	150M	255	0	9	0.9860445857048035	ambig_opp_strand	unspliced	3419	3	ENST00000698129.1	TALAM1	ENSG00000289740.1	mrna
A00839:75:H7MFFDSXY:3:1452:19226:36166	chr11	65505493	65505624	False	132	132M	255	0	9	0.9154099225997925	ambig_opp_strand	unspliced	3419	8	ENST00000698129.1	TALAM1	ENSG00000289740.1	mrna
A00839:75:H7MFFDSXY:3:2429:29206:3505	chr11	65500599	65500748	False	313	150M	255	0	9	0.9065718650817871	ambig_opp_strand	unspliced	3419	13	ENST00000698129.1	TALAM1	ENSG00000289740.1	mrna
A00839:75:H7MFFDSXY:3:1160:25111:9627	chr11	65501305	65501454	False	259	150M	255	0	9	0.953021764755249	ambig_opp_strand	unspliced	3419	16	ENST00000698129.1	TALAM1	ENSG00000289740.1	mrna
A00839:75:H7MFFDSXY:3:1467:1561:19100	chr11	65503408	65503557	True	-356	150M	255	0	3	0.28082945942878723	ambig_opp_strand	unspliced	3419	27	ENST00000710862.1	MALAT1	ENSG00000251562.11	mrna
A00839:75:H7MFFDSXY:3:1373:8052:10269	chr11	65505673	65505822	True	-293	150M	255	0	3	0.5174018144607544	ambig_opp_strand	unspliced	3419	6	ENST00000618132.2	MALAT1	ENSG00000251562.11	mrna
A00839:75:H7MFFDSXY:3:1205:17951:18615	chr11	65500475	65500624	False	316	150M	255	1	9	0.8846080899238586	ambig_opp_strand	unspliced	3419	24	ENST00000698129.1	TALAM1	ENSG00000289740.1	mrna
A00839:75:H7MFFDSXY:3:2216:24849:17065	chr11	65502013	65502162	True	-328	150M	255	0	3	0.12281160056591034	ambig_opp_strand	unspliced	3419	20	ENST00000710943.1	MALAT1	ENSG00000251562.11	mrna
A00839:75:H7MFFDSXY:3:2435:20826:20901	chr11	65503608	65503757	True	-318	150M	255	0	3	0.5933670401573181	ambig_opp_strand	unspliced	3419	23	ENST00000618132.2	MALAT1	ENSG00000251562.11	mrna
A00839:75:H7MFFDSXY:3:1636:27498:30796	chr11	65502361	65502510	True	-216	150M	255	0	3	0.9498591423034668	ambig_opp_strand	unspliced	3419	14	ENST00000618132.2	MALAT1	ENSG00000251562.11	mrna
A00839:75:H7MFFDSXY:3:2572:20609:22748	chr11	65506311	65506460	False	337	150M	255	0	9	0.8978006839752197	ambig_opp_strand	unspliced	3419	3	ENST00000698129.1	TALAM1	ENSG00000289740.1	mrna
A00839:75:H7MFFDSXY:3:1370:12924:31391	chr11	65503953	65504102	False	276	150M	255	0	9	0.9667753577232361	ambig_opp_strand	unspliced	3419	12	ENST00000698129.1	TALAM1	ENSG00000289740.1	mrna
A00839:75:H7MFFDSXY:3:1251:22471:8938	chr11	65503686	65503835	True	-404	150M	255	0	3	0.5716274976730347	ambig_opp_strand	unspliced	3419	19	ENST00000618132.2	MALAT1	ENSG00000251562.11	mrna
A00839:75:H7MFFDSXY:3:1206:27272:11115	chr11	65500119	65500268	False	408	150M	255	0	5	0.6228051781654358	ambig_opp_strand	unspliced	-1	26	.	.	.	mrna
A00839:75:H7MFFDSXY:3:1512:4056:19257	chr11	65505814	65505963	True	-245	150M	255	1	3	0.21534112095832825	ambig_opp_strand	unspliced	3419	6	ENST00000710951.1	MALAT1	ENSG00000251562.11	mrna
A00839:75:H7MFFDSXY:3:2249:20555:26725	chr11	65501457	65501606	False	153	150M	255	0	9	0.9434110522270203	ambig_opp_strand	unspliced	3419	17	ENST00000698129.1	TALAM1	ENSG00000289740.1	mrna
A00839:75:H7MFFDSXY:3:2168:14660:30326	chr11	65504295	65504444	False	456	150M	255	0	9	0.36562034487724304	ambig_opp_strand	unspliced	3419	11	ENST00000698129.1	TALAM1	ENSG00000289740.1	mrna
A00839:75:H7MFFDSXY:3:2111:25735:17816	chr11	65500870	65501019	False	326	150M	255	0	5	0.06856369227170944	ambig_opp_strand	unspliced	-1	13	.	.	.	mrna
A00839:75:H7MFFDSXY:3:1248:25373:12054	chr11	65505354	65505503	True	-329	150M	255	0	3	0.5141199827194214	ambig_opp_strand	unspliced	3419	8	ENST00000618132.2	MALAT1	ENSG00000251562.11	mrna
A00839:75:H7MFFDSXY:3:2342:12680:23484	chr11	65504142	65504291	False	332	150M	255	0	9	0.9055490493774414	ambig_opp_strand	unspliced	3419	12	ENST00000698129.1	TALAM1	ENSG00000289740.1	mrna
A00839:75:H7MFFDSXY:3:2447:5963:30984	chr11	65505865	65506014	True	-190	150M	255	0	3	0.5175923109054565	ambig_opp_strand	unspliced	3419	6	ENST00000618132.2	MALAT1	ENSG00000251562.11	mrna
A00839:75:H7MFFDSXY:3:1329:12391:4726	chr11	65504703	65504852	True	-395	150M	255	0	3	0.41463881731033325	ambig_opp_strand	unspliced	3419	20	ENST00000618132.2	MALAT1	ENSG00000251562.11	mrna
A00839:75:H7MFFDSXY:3:1552:25599:30452	chr11	65502501	65502650	False	300	150M	255	0	9	0.9468872547149658	ambig_opp_strand	unspliced	3419	15	ENST00000698129.1	TALAM1	ENSG00000289740.1	mrna
A00839:75:H7MFFDSXY:3:2640:13313:14246	chr11	65506543	65506692	True	-358	150M	255	0	9	0.7504826188087463	ambig_opp_strand	unspliced	3419	3	ENST00000534336.3	MALAT1	ENSG00000251562.11	mrna
A00839:75:H7MFFDSXY:3:2427:23140:13949	chr11	65504642	65504791	True	-248	150M	255	0	3	0.11640770733356476	ambig_opp_strand	unspliced	3419	20	ENST00000710944.1	MALAT1	ENSG00000251562.11	mrna
A00839:75:H7MFFDSXY:3:1644:21531:23531	chr11	65500033	65500182	False	281	150M	255	1	9	0.9368119239807129	ambig_opp_strand	unspliced	3419	26	ENST00000698129.1	TALAM1	ENSG00000289740.1	mrna
A00839:75:H7MFFDSXY:3:2553:26684:25441	chr11	65500202	65500351	False	433	150M	255	0	9	0.3900116980075836	ambig_opp_strand	unspliced	3419	26	ENST00000698129.1	TALAM1	ENSG00000289740.1	mrna
A00839:75:H7MFFDSXY:3:2449:4607:19554	chr11	65500333	65500482	False	289	150M	255	0	9	0.933521568775177	ambig_opp_strand	unspliced	3419	26	ENST00000698129.1	TALAM1	ENSG00000289740.1	mrna
A00839:75:H7MFFDSXY:3:1342:12870:35837	chr11	65505784	65505933	True	-257	150M	255	0	3	0.5175720453262329	ambig_opp_strand	unspliced	3419	6	ENST00000618132.2	MALAT1	ENSG00000251562.11	mrna
A00839:75:H7MFFDSXY:3:1439:4770:22686	chr11	65500843	65500992	False	379	150M	255	0	9	0.5108422636985779	ambig_opp_strand	unspliced	3419	11	ENST00000698129.1	TALAM1	ENSG00000289740.1	mrna
A00839:75:H7MFFDSXY:3:2361:26512:10426	chr11	65504876	65505025	True	-341	150M	255	0	3	0.09974969923496246	ambig_opp_strand	unspliced	3419	18	ENST00000710944.1	MALAT1	ENSG00000251562.11	mrna
A00839:75:H7MFFDSXY:3:2668:24352:36401	chr11	65503210	65503359	False	322	150M	255	0	9	0.9112008810043335	ambig_opp_strand	unspliced	3419	27	ENST00000698129.1	TALAM1	ENSG00000289740.1	mrna
A00839:75:H7MFFDSXY:3:1672:16414:29857	chr11	65500585	65500734	True	-285	150M	255	1	3	0.4594438970088959	ambig_opp_strand	unspliced	3419	27	ENST00000710933.1	MALAT1	ENSG00000251562.11	mrna
A00839:75:H7MFFDSXY:3:1123:22001:29418	chr11	65501378	65501527	False	501	150M	255	0	5	0.5522148013114929	ambig_opp_strand	unspliced	-1	16	.	.	.	mrna
A00839:75:H7MFFDSXY:3:2317:10493:2691	chr11	65502097	65502246	True	-278	150M	255	0	3	0.1229504942893982	ambig_opp_strand	unspliced	3419	21	ENST00000710943.1	MALAT1	ENSG00000251562.11	mrna
A00839:75:H7MFFDSXY:3:2264:17987:28322	chr11	65501651	65501800	True	-370	150M	255	0	3	0.5372369885444641	ambig_opp_strand	unspliced	3419	17	ENST00000618132.2	MALAT1	ENSG00000251562.11	mrna
A00839:75:H7MFFDSXY:3:1232:20329:35571	chr11	65505049	65505198	True	-420	150M	255	0	3	0.09753688424825668	ambig_opp_strand	unspliced	3419	19	ENST00000710944.1	MALAT1	ENSG00000251562.11	mrna
A00839:75:H7MFFDSXY:3:2667:12933:21480	chr11	65500440	65500589	False	220	150M	255	0	9	0.916373610496521	ambig_opp_strand	unspliced	3419	27	ENST00000698129.1	TALAM1	ENSG00000289740.1	mrna
A00839:75:H7MFFDSXY:3:1131:30816:24580	chr11	65503755	65503904	True	-229	150M	255	0	3	0.5959641933441162	ambig_opp_strand	unspliced	3419	19	ENST00000618132.2	MALAT1	ENSG00000251562.11	mrna
A00839:75:H7MFFDSXY:3:1431:7925:6104	chr11	65503968	65504117	False	372	150M	255	0	5	0.37150293588638306	ambig_opp_strand	unspliced	-1	12	.	.	.	mrna
A00839:75:H7MFFDSXY:3:2270:11460:26224	chr11	65506208	65506357	False	257	150M	255	0	9	0.9679407477378845	ambig_opp_strand	unspliced	3419	5	ENST00000698129.1	TALAM1	ENSG00000289740.1	mrna
A00839:75:H7MFFDSXY:3:1424:1045:15327	chr11	65501031	65501180	False	196	150M	255	0	9	0.9557738304138184	ambig_opp_strand	unspliced	3419	16	ENST00000698129.1	TALAM1	ENSG00000289740.1	mrna
A00839:75:H7MFFDSXY:3:1354:1434:13620	chr11	65501247	65501356	True	-239	40S110M	255	0	3	0.5420891642570496	ambig_opp_strand	unspliced	3419	16	ENST00000618132.2	MALAT1	ENSG00000251562.11	mrna
A00839:75:H7MFFDSXY:3:1458:7979:35790	chr11	65504918	65505067	True	-452	150M	255	1	3	0.4194640815258026	ambig_opp_strand	unspliced	3419	16	ENST00000618132.2	MALAT1	ENSG00000251562.11	mrna
A00839:75:H7MFFDSXY:3:2154:7419:14622	chr11	65502153	65502302	True	-299	150M	255	0	3	0.5406261682510376	ambig_opp_strand	unspliced	3419	21	ENST00000618132.2	MALAT1	ENSG00000251562.11	mrna
A00839:75:H7MFFDSXY:3:2157:26901:25974	chr11	65500147	65500296	True	-470	150M	255	1	3	0.5887200832366943	ambig_opp_strand	unspliced	3419	25	ENST00000710935.1	MALAT1	ENSG00000251562.11	mrna
A00839:75:H7MFFDSXY:3:2462:2772:29747	chr11	65505563	65505712	False	316	150M	255	0	9	0.9168562293052673	ambig_opp_strand	unspliced	3419	6	ENST00000698129.1	TALAM1	ENSG00000289740.1	mrna
A00839:75:H7MFFDSXY:3:1353:4987:12289	chr11	65502383	65502532	True	-325	150M	255	0	3	0.9483434557914734	ambig_opp_strand	unspliced	3419	12	ENST00000618132.2	MALAT1	ENSG00000251562.11	mrna
A00839:75:H7MFFDSXY:3:1423:30246:13886	chr11	65501353	65501502	False	169	150M	255	0	9	0.9510249495506287	ambig_opp_strand	unspliced	3419	16	ENST00000698129.1	TALAM1	ENSG00000289740.1	mrna
A00839:75:H7MFFDSXY:3:1335:20157:8813	chr11	65504269	65504418	False	281	150M	255	0	9	0.9647501111030579	ambig_opp_strand	unspliced	3419	12	ENST00000698129.1	TALAM1	ENSG00000289740.1	mrna
A00839:75:H7MFFDSXY:3:1616:9399:32831	chr11	65505625	65505774	True	-333	150M	255	0	3	0.516639232635498	ambig_opp_strand	unspliced	3419	6	ENST00000618132.2	MALAT1	ENSG00000251562.11	mrna
A00839:75:H7MFFDSXY:3:1642:10818:23422	chr11	65506232	65506381	True	-308	150M	255	0	9	0.04047005623579025	ambig_opp_strand	unspliced	3419	5	ENST00000534336.3	MALAT1	ENSG00000251562.11	mrna
A00839:75:H7MFFDSXY:3:1428:8187:2143	chr11	65504220	65504369	False	175	150M	255	1	9	0.9716667532920837	ambig_opp_strand	unspliced	3419	12	ENST00000698129.1	TALAM1	ENSG00000289740.1	mrna
A00839:75:H7MFFDSXY:3:1120:21287:27806	chr11	65504280	65504429	False	396	150M	255	0	9	0.37427473068237305	ambig_opp_strand	unspliced	3419	11	ENST00000698129.1	TALAM1	ENSG00000289740.1	mrna
A00839:75:H7MFFDSXY:3:1460:2808:35133	chr11	65504237	65504386	False	531	150M	255	0	9	0.4217381775379181	ambig_opp_strand	unspliced	3419	11	ENST00000698129.1	TALAM1	ENSG00000289740.1	mrna
A00839:75:H7MFFDSXY:3:1502:10321:17738	chr11	65503036	65503185	False	327	150M	255	0	5	0.07190920412540436	ambig_opp_strand	unspliced	-1	18	.	.	.	mrna
A00839:75:H7MFFDSXY:3:1119:10185:22983	chr11	65505238	65505387	True	-390	150M	255	0	3	0.3589203953742981	ambig_opp_strand	unspliced	3419	15	ENST00000618132.2	MALAT1	ENSG00000251562.11	mrna
A00839:75:H7MFFDSXY:3:1150:30445:27226	chr11	65500339	65500488	True	-491	150M	255	0	3	0.5252635478973389	ambig_opp_strand	unspliced	3419	26	ENST00000710935.1	MALAT1	ENSG00000251562.11	mrna
A00839:75:H7MFFDSXY:3:2244:8648:24048	chr11	65500949	65501097	True	-259	60M1I89M	3	2	128	0.0	.	unknown	-1	0	.	.	.	mrna
A00839:75:H7MFFDSXY:3:1178:24026:16172	chr11	65500183	65500332	True	-241	150M	255	0	3	0.03350860998034477	ambig_opp_strand	unspliced	3419	26	ENST00000508832.3	MALAT1	ENSG00000251562.11	mrna
A00839:75:H7MFFDSXY:3:2637:31891:12038	chr11	65501697	65501846	False	159	150M	255	0	9	0.947141170501709	ambig_opp_strand	unspliced	3419	18	ENST00000698129.1	TALAM1	ENSG00000289740.1	mrna
A00839:75:H7MFFDSXY:3:1470:14959:24925	chr11	65500681	65500830	False	292	150M	255	0	9	0.9249351024627686	ambig_opp_strand	unspliced	3419	13	ENST00000698129.1	TALAM1	ENSG00000289740.1	mrna
A00839:75:H7MFFDSXY:3:1171:4698:14700	chr11	65500538	65500687	False	330	150M	255	0	5	0.0755828469991684	ambig_opp_strand	unspliced	-1	13	.	.	.	mrna
A00839:75:H7MFFDSXY:3:1578:14262:17801	chr11	65502024	65502173	False	341	150M	255	0	9	0.8584418892860413	ambig_opp_strand	unspliced	3419	21	ENST00000698129.1	TALAM1	ENSG00000289740.1	mrna
A00839:75:H7MFFDSXY:3:1648:31340:6637	chr11	65500531	65500680	True	-414	150M	255	0	3	0.10852819681167603	ambig_opp_strand	unspliced	3419	26	ENST00000710944.1	MALAT1	ENSG00000251562.11	mrna
A00839:75:H7MFFDSXY:3:1230:20374:1485	chr11	65504999	65505148	False	262	150M	255	0	9	0.9385135173797607	ambig_opp_strand	unspliced	3419	19	ENST00000698129.1	TALAM1	ENSG00000289740.1	mrna
A00839:75:H7MFFDSXY:3:2431:31629:31407	chr11	65504136	65504246	True	-111	111M	255	1	3	0.734235942363739	ambig_opp_strand	unspliced	3419	12	ENST00000710862.1	MALAT1	ENSG00000251562.11	mrna
A00839:75:H7MFFDSXY:3:2430:27697:18771	chr11	65500610	65500759	True	-320	150M	255	0	3	0.0503983236849308	ambig_opp_strand	unspliced	3419	27	ENST00000710943.1	MALAT1	ENSG00000251562.11	mrna
A00839:75:H7MFFDSXY:3:1544:25807:8390	chr11	65501278	65501427	False	189	150M	255	0	9	0.9550036787986755	ambig_opp_strand	unspliced	3419	17	ENST00000698129.1	TALAM1	ENSG00000289740.1	mrna
A00839:75:H7MFFDSXY:3:2242:6379:25723	chr11	65504276	65504423	True	-321	2S148M	255	0	3	0.7370584607124329	ambig_opp_strand	unspliced	3419	12	ENST00000710862.1	MALAT1	ENSG00000251562.11	mrna
A00839:75:H7MFFDSXY:3:2230:19370:5353	chr11	65504479	65504628	True	-195	150M	255	0	3	0.11640854179859161	ambig_opp_strand	unspliced	3419	20	ENST00000710944.1	MALAT1	ENSG00000251562.11	mrna
A00839:75:H7MFFDSXY:3:2632:10357:5431	chr11	65503420	65503569	True	-446	150M	255	0	3	0.5691227316856384	ambig_opp_strand	unspliced	3419	27	ENST00000618132.2	MALAT1	ENSG00000251562.11	mrna
A00839:75:H7MFFDSXY:3:2254:25084:19319	chr11	65504434	65504583	True	-249	150M	255	0	3	0.11485470831394196	ambig_opp_strand	unspliced	3419	22	ENST00000710944.1	MALAT1	ENSG00000251562.11	mrna
A00839:75:H7MFFDSXY:3:2501:30481:28948	chr11	65500660	65500809	True	-207	150M	255	0	3	0.3103134036064148	ambig_opp_strand	unspliced	3419	26	ENST00000710935.1	MALAT1	ENSG00000251562.11	mrna
A00839:75:H7MFFDSXY:3:1409:30120:4899	chr11	65500897	65501046	True	-474	150M	255	0	3	0.6953593492507935	ambig_opp_strand	unspliced	3419	13	ENST00000710933.1	MALAT1	ENSG00000251562.11	mrna
A00839:75:H7MFFDSXY:3:2624:22833:12696	chr11	65505033	65505182	False	300	150M	255	0	9	0.9217516183853149	ambig_opp_strand	unspliced	3419	15	ENST00000698129.1	TALAM1	ENSG00000289740.1	mrna
A00839:75:H7MFFDSXY:3:2552:7862:34303	chr11	65505440	65505589	False	341	150M	255	0	9	0.8573848009109497	ambig_opp_strand	unspliced	3419	6	ENST00000698129.1	TALAM1	ENSG00000289740.1	mrna
A00839:75:H7MFFDSXY:3:2228:28546:16047	chr11	65506260	65506409	True	-158	150M	255	0	3	0.4461815357208252	ambig_opp_strand	unspliced	3419	5	ENST00000710951.1	MALAT1	ENSG00000251562.11	mrna
A00839:75:H7MFFDSXY:3:1430:26973:11506	chr11	65503364	65503513	True	-284	150M	255	0	3	0.2825065553188324	ambig_opp_strand	unspliced	3419	27	ENST00000710862.1	MALAT1	ENSG00000251562.11	mrna
A00839:75:H7MFFDSXY:3:1674:6497:30906	chr11	65503135	65503284	False	271	150M	255	0	9	0.9520394206047058	ambig_opp_strand	unspliced	3419	27	ENST00000698129.1	TALAM1	ENSG00000289740.1	mrna
A00839:75:H7MFFDSXY:3:1175:13295:6355	chr11	65502422	65502571	True	-359	150M	255	0	3	0.9397063851356506	ambig_opp_strand	unspliced	3419	12	ENST00000618132.2	MALAT1	ENSG00000251562.11	mrna
A00839:75:H7MFFDSXY:3:1220:6171:1188	chr11	65504435	65504578	False	144	144M	255	0	9	0.9280490279197693	ambig_opp_strand	unspliced	3419	22	ENST00000698129.1	TALAM1	ENSG00000289740.1	mrna
A00839:75:H7MFFDSXY:3:1642:8585:36401	chr11	65502754	65502903	False	178	150M	255	0	9	0.9638528227806091	ambig_opp_strand	unspliced	3419	22	ENST00000698129.1	TALAM1	ENSG00000289740.1	mrna
A00839:75:H7MFFDSXY:3:1643:16071:6026	chr11	65503579	65503728	False	221	150M	255	0	9	0.959199070930481	ambig_opp_strand	unspliced	3419	23	ENST00000698129.1	TALAM1	ENSG00000289740.1	mrna
A00839:75:H7MFFDSXY:3:2171:18557:36104	chr11	65503365	65503514	True	-383	150M	255	0	3	0.2743622362613678	ambig_opp_strand	unspliced	3419	27	ENST00000710862.1	MALAT1	ENSG00000251562.11	mrna
A00839:75:H7MFFDSXY:3:1677:23402:5885	chr11	65504315	65504464	True	-316	150M	255	0	3	0.1261269748210907	ambig_opp_strand	unspliced	3419	12	ENST00000508832.3	MALAT1	ENSG00000251562.11	mrna
A00839:75:H7MFFDSXY:3:2450:6316:16939	chr11	65505923	65506072	True	-273	150M	255	1	3	0.2471199333667755	ambig_opp_strand	unspliced	3419	6	ENST00000710862.1	MALAT1	ENSG00000251562.11	mrna
A00839:75:H7MFFDSXY:3:1451:1633:28745	chr11	65505388	65505537	False	380	150M	255	0	9	0.5011039972305298	ambig_opp_strand	unspliced	3419	6	ENST00000698129.1	TALAM1	ENSG00000289740.1	mrna
A00839:75:H7MFFDSXY:3:2428:9995:5118	chr11	65500843	65500992	False	241	150M	255	0	9	0.9393803477287292	ambig_opp_strand	unspliced	3419	13	ENST00000698129.1	TALAM1	ENSG00000289740.1	mrna
A00839:75:H7MFFDSXY:3:1626:13241:16532	chr11	65505616	65505765	True	-318	150M	255	0	9	0.019531086087226868	ambig_opp_strand	unspliced	3419	6	ENST00000534336.3	MALAT1	ENSG00000251562.11	mrna
A00839:75:H7MFFDSXY:3:2241:5222:10160	chr11	65505277	65505426	True	-305	150M	255	0	3	0.3667907416820526	ambig_opp_strand	unspliced	3419	15	ENST00000618132.2	MALAT1	ENSG00000251562.11	mrna
A00839:75:H7MFFDSXY:3:2528:12626:9799	chr11	65501023	65501172	True	-289	150M	255	0	3	0.1641288697719574	ambig_opp_strand	unspliced	3419	13	ENST00000710862.1	MALAT1	ENSG00000251562.11	mrna
A00839:75:H7MFFDSXY:3:1263:14615:14184	chr11	65503301	65503450	True	-234	150M	255	0	3	0.5918156504631042	ambig_opp_strand	unspliced	3419	27	ENST00000618132.2	MALAT1	ENSG00000251562.11	mrna
A00839:75:H7MFFDSXY:3:1203:8052:32690	chr11	65504560	65504709	True	-371	150M	255	0	3	0.42260298132896423	ambig_opp_strand	unspliced	3419	20	ENST00000618132.2	MALAT1	ENSG00000251562.11	mrna
A00839:75:H7MFFDSXY:3:1111:4327:29747	chr11	65500522	65500671	False	365	150M	255	0	5	0.273955374956131	ambig_opp_strand	unspliced	-1	13	.	.	.	mrna
A00839:75:H7MFFDSXY:3:2311:23556:33959	chr11	65500858	65501007	True	-167	150M	255	0	3	0.712236762046814	ambig_opp_strand	unspliced	3419	13	ENST00000710933.1	MALAT1	ENSG00000251562.11	mrna
A00839:75:H7MFFDSXY:3:1563:20048:16642	chr11	65501956	65502105	True	-220	150M	255	0	3	0.5410343408584595	ambig_opp_strand	unspliced	3419	20	ENST00000618132.2	MALAT1	ENSG00000251562.11	mrna
A00839:75:H7MFFDSXY:3:2556:13467:31234	chr11	65500838	65500987	False	399	150M	255	0	5	0.6402342319488525	ambig_opp_strand	unspliced	-1	11	.	.	.	mrna
A00839:75:H7MFFDSXY:3:1645:7075:22451	chr11	65503338	65503487	False	262	150M	255	0	9	0.9546520709991455	ambig_opp_strand	unspliced	3419	26	ENST00000698129.1	TALAM1	ENSG00000289740.1	mrna
A00839:75:H7MFFDSXY:3:1678:29803:3192	chr11	65504546	65504695	False	345	150M	255	0	9	0.8351020216941833	ambig_opp_strand	unspliced	3419	19	ENST00000698129.1	TALAM1	ENSG00000289740.1	mrna
A00839:75:H7MFFDSXY:3:2467:25780:28479	chr11	65504971	65505116	False	146	146M	255	0	9	0.9240971207618713	ambig_opp_strand	unspliced	3419	19	ENST00000698129.1	TALAM1	ENSG00000289740.1	mrna
A00839:75:H7MFFDSXY:3:1303:27082:2550	chr11	65503541	65503690	False	265	150M	255	0	9	0.9538359642028809	ambig_opp_strand	unspliced	3419	19	ENST00000698129.1	TALAM1	ENSG00000289740.1	mrna
A00839:75:H7MFFDSXY:3:1471:6470:27915	chr11	65503874	65504023	True	-381	150M	255	0	3	0.5908975005149841	ambig_opp_strand	unspliced	3419	17	ENST00000618132.2	MALAT1	ENSG00000251562.11	mrna
A00839:75:H7MFFDSXY:3:1671:26323:9690	chr11	65506176	65506325	False	337	150M	255	0	9	0.897800624370575	ambig_opp_strand	unspliced	3419	3	ENST00000698129.1	TALAM1	ENSG00000289740.1	mrna
A00839:75:H7MFFDSXY:3:1106:31150:9345	chr11	65500423	65500572	False	247	150M	255	0	9	0.9150465726852417	ambig_opp_strand	unspliced	3419	27	ENST00000698129.1	TALAM1	ENSG00000289740.1	mrna
A00839:75:H7MFFDSXY:3:1403:17291:28557	chr11	65500873	65501022	True	-241	150M	255	0	3	0.0781635195016861	ambig_opp_strand	unspliced	3419	13	ENST00000710943.1	MALAT1	ENSG00000251562.11	mrna
A00839:75:H7MFFDSXY:3:1441:4933:36495	chr11	65501452	65501601	True	-161	150M	255	0	3	0.12367311120033264	ambig_opp_strand	unspliced	3419	17	ENST00000710943.1	MALAT1	ENSG00000251562.11	mrna
A00839:75:H7MFFDSXY:3:2106:7328:8829	chr11	65504980	65505129	True	-405	150M	255	0	3	0.09714967757463455	ambig_opp_strand	unspliced	3419	19	ENST00000710944.1	MALAT1	ENSG00000251562.11	mrna
A00839:75:H7MFFDSXY:3:2637:25907:14011	chr11	65503125	65503274	False	435	150M	255	0	5	0.5787378549575806	ambig_opp_strand	unspliced	-1	27	.	.	.	mrna
A00839:75:H7MFFDSXY:3:1260:14787:30420	chr11	65505011	65505160	False	344	150M	255	0	9	0.8338077664375305	ambig_opp_strand	unspliced	3419	15	ENST00000698129.1	TALAM1	ENSG00000289740.1	mrna
A00839:75:H7MFFDSXY:3:1101:20880:16799	chr11	65504366	65504515	True	-251	150M	255	1	3	0.7395581007003784	ambig_opp_strand	unspliced	3419	12	ENST00000710862.1	MALAT1	ENSG00000251562.11	mrna
A00839:75:H7MFFDSXY:3:2431:22869:1517	chr11	65505622	65505771	False	366	150M	255	0	5	0.2960149347782135	ambig_opp_strand	unspliced	-1	6	.	.	.	mrna
A00839:75:H7MFFDSXY:3:1125:27724:24799	chr11	65504376	65504524	False	360	149M	255	2	3	0.012789130210876465	ambig_opp_strand	unspliced	3419	20	ENST00000618132.2	MALAT1	ENSG00000251562.11	mrna
A00839:75:H7MFFDSXY:3:2246:26205:24205	chr11	65505824	65505973	True	-244	150M	255	0	3	0.2471596598625183	ambig_opp_strand	unspliced	3419	6	ENST00000710862.1	MALAT1	ENSG00000251562.11	mrna
A00839:75:H7MFFDSXY:3:2448:16016:29136	chr11	65503571	65503720	True	-312	150M	255	1	3	0.048467401415109634	ambig_opp_strand	unspliced	3419	23	ENST00000508832.3	MALAT1	ENSG00000251562.11	mrna
A00839:75:H7MFFDSXY:3:1643:23891:16752	chr11	65500651	65500800	True	-388	150M	255	0	3	0.3057999610900879	ambig_opp_strand	unspliced	3419	24	ENST00000710935.1	MALAT1	ENSG00000251562.11	mrna
A00839:75:H7MFFDSXY:3:1357:4110:17597	chr11	65503442	65503591	True	-326	150M	255	0	3	0.5919533967971802	ambig_opp_strand	unspliced	3419	26	ENST00000618132.2	MALAT1	ENSG00000251562.11	mrna
A00839:75:H7MFFDSXY:3:1567:20392:34679	chr11	65504528	65504677	True	-390	150M	255	0	3	0.6795705556869507	ambig_opp_strand	unspliced	3419	11	ENST00000710862.1	MALAT1	ENSG00000251562.11	mrna
A00839:75:H7MFFDSXY:3:1531:14407:27571	chr11	65501805	65501954	True	-382	150M	255	0	3	0.12031132727861404	ambig_opp_strand	unspliced	3419	18	ENST00000710943.1	MALAT1	ENSG00000251562.11	mrna
A00839:75:H7MFFDSXY:3:2306:7139:6277	chr11	65504639	65504788	True	-252	150M	255	0	3	0.11640653759241104	ambig_opp_strand	unspliced	3419	20	ENST00000710944.1	MALAT1	ENSG00000251562.11	mrna
A00839:75:H7MFFDSXY:3:1130:8413:23015	chr11	65502328	65502477	False	273	150M	255	0	9	0.9615447521209717	ambig_opp_strand	unspliced	3419	13	ENST00000698129.1	TALAM1	ENSG00000289740.1	mrna
A00839:75:H7MFFDSXY:3:2160:1814:26303	chr11	65503500	65503648	True	-204	149M	255	0	3	0.5940864086151123	ambig_opp_strand	unspliced	3419	23	ENST00000618132.2	MALAT1	ENSG00000251562.11	mrna
A00839:75:H7MFFDSXY:3:1365:21567:36902	chr11	65501636	65501785	True	-371	150M	255	0	3	0.5366166234016418	ambig_opp_strand	unspliced	3419	17	ENST00000618132.2	MALAT1	ENSG00000251562.11	mrna
A00839:75:H7MFFDSXY:3:2248:18078:5118	chr11	65503648	65503797	False	275	150M	255	0	9	0.951114296913147	ambig_opp_strand	unspliced	3419	17	ENST00000698129.1	TALAM1	ENSG00000289740.1	mrna
A00839:75:H7MFFDSXY:3:1525:13277:20917	chr11	65504103	65504252	True	-325	150M	255	0	3	0.040743518620729446	ambig_opp_strand	unspliced	3419	12	ENST00000710948.1	MALAT1	ENSG00000251562.11	mrna
A00839:75:H7MFFDSXY:3:1113:12970:13933	chr11	65500682	65500831	True	-179	150M	255	0	3	0.7122715711593628	ambig_opp_strand	unspliced	3419	13	ENST00000710933.1	MALAT1	ENSG00000251562.11	mrna
A00839:75:H7MFFDSXY:3:1569:31873:11412	chr11	65501878	65502027	True	-411	150M	255	0	3	0.24864482879638672	ambig_opp_strand	unspliced	3419	18	ENST00000710862.1	MALAT1	ENSG00000251562.11	mrna
A00839:75:H7MFFDSXY:3:2354:27416:7075	chr11	65506190	65506339	True	-420	150M	255	1	3	0.4180707335472107	ambig_opp_strand	unspliced	3419	5	ENST00000710951.1	MALAT1	ENSG00000251562.11	mrna
A00839:75:H7MFFDSXY:3:2163:8079:16955	chr11	65500256	65500405	True	-426	150M	255	0	3	0.03652777150273323	ambig_opp_strand	unspliced	3419	25	ENST00000508832.3	MALAT1	ENSG00000251562.11	mrna
A00839:75:H7MFFDSXY:3:1674:6849:10410	chr11	65505282	65505431	False	294	150M	255	0	9	0.9380565881729126	ambig_opp_strand	unspliced	3419	8	ENST00000698129.1	TALAM1	ENSG00000289740.1	mrna
A00839:75:H7MFFDSXY:3:2539:26594:11350	chr11	65502609	65502757	False	183	22M1I127M	255	1	9	0.9664803743362427	ambig_opp_strand	unspliced	3419	15	ENST00000698129.1	TALAM1	ENSG00000289740.1	mrna
A00839:75:H7MFFDSXY:3:1362:5032:36730	chr11	65501089	65501238	False	341	150M	255	0	9	0.8584930300712585	ambig_opp_strand	unspliced	3419	16	ENST00000698129.1	TALAM1	ENSG00000289740.1	mrna
A00839:75:H7MFFDSXY:3:1654:22950:24768	chr11	65506447	65506596	True	-451	150M	255	0	5	0.6603602170944214	ambig_opp_strand	unspliced	-1	3	.	.	.	mrna
A00839:75:H7MFFDSXY:3:1417:8160:33630	chr11	65500503	65500652	True	-294	150M	255	1	9	0.015494038350880146	ambig_opp_strand	unspliced	3419	26	ENST00000534336.3	MALAT1	ENSG00000251562.11	mrna
A00839:75:H7MFFDSXY:3:1676:19877:35446	chr11	65504362	65504511	False	276	150M	255	0	9	0.9401890635490417	ambig_opp_strand	unspliced	3419	20	ENST00000698129.1	TALAM1	ENSG00000289740.1	mrna
A00839:75:H7MFFDSXY:3:1145:23213:16235	chr11	65505776	65505925	True	-273	150M	255	0	3	0.5175160765647888	ambig_opp_strand	unspliced	3419	6	ENST00000618132.2	MALAT1	ENSG00000251562.11	mrna
A00839:75:H7MFFDSXY:3:2135:18602:25786	chr11	65505579	65505728	False	366	150M	255	0	5	0.2960149347782135	ambig_opp_strand	unspliced	-1	6	.	.	.	mrna
A00839:75:H7MFFDSXY:3:2308:1687:11177	chr11	65505279	65505428	False	293	150M	255	0	9	0.9388317465782166	ambig_opp_strand	unspliced	3419	8	ENST00000698129.1	TALAM1	ENSG00000289740.1	mrna
A00839:75:H7MFFDSXY:3:2449:4137:13604	chr11	65505974	65506124	False	350	124M1D26M	255	1	9	0.8243622779846191	ambig_opp_strand	unspliced	3419	5	ENST00000698129.1	TALAM1	ENSG00000289740.1	mrna
A00839:75:H7MFFDSXY:3:1510:4598:3505	chr11	65505308	65505457	False	305	150M	255	0	9	0.9293871521949768	ambig_opp_strand	unspliced	3419	8	ENST00000698129.1	TALAM1	ENSG00000289740.1	mrna
A00839:75:H7MFFDSXY:3:1469:14552:4993	chr11	65505503	65505652	False	206	150M	255	0	9	0.9549561738967896	ambig_opp_strand	unspliced	3419	6	ENST00000698129.1	TALAM1	ENSG00000289740.1	mrna
A00839:75:H7MFFDSXY:3:1275:3613:11569	chr11	65503707	65503856	True	-290	150M	255	0	3	0.5957107543945312	ambig_opp_strand	unspliced	3419	19	ENST00000618132.2	MALAT1	ENSG00000251562.11	mrna
A00839:75:H7MFFDSXY:3:1243:21106:13401	chr11	65504743	65504892	False	260	150M	255	0	9	0.9384874105453491	ambig_opp_strand	unspliced	3419	22	ENST00000698129.1	TALAM1	ENSG00000289740.1	mrna
A00839:75:H7MFFDSXY:3:2464:4453:1125	chr11	65503618	65503767	True	-301	150M	255	0	3	0.2835007905960083	ambig_opp_strand	unspliced	3419	23	ENST00000710862.1	MALAT1	ENSG00000251562.11	mrna
A00839:75:H7MFFDSXY:3:2353:18927:35336	chr11	65501782	65501931	True	-297	150M	255	0	3	0.543222963809967	ambig_opp_strand	unspliced	3419	18	ENST00000618132.2	MALAT1	ENSG00000251562.11	mrna
A00839:75:H7MFFDSXY:3:2242:11216:30592	chr11	65505287	65505428	True	-142	142M	255	0	3	0.3632902503013611	ambig_opp_strand	unspliced	3419	16	ENST00000618132.2	MALAT1	ENSG00000251562.11	mrna
A00839:75:H7MFFDSXY:3:1653:11758:5729	chr11	65501700	65501849	True	-268	150M	255	0	3	0.25948408246040344	ambig_opp_strand	unspliced	3419	18	ENST00000710862.1	MALAT1	ENSG00000251562.11	mrna
A00839:75:H7MFFDSXY:3:2338:30942:36511	chr11	65501862	65502012	True	-249	111M1D39M	255	1	3	0.5434185862541199	ambig_opp_strand	unspliced	3419	19	ENST00000618132.2	MALAT1	ENSG00000251562.11	mrna
A00839:75:H7MFFDSXY:3:1651:6813:4805	chr11	65504470	65504619	False	199	150M	255	0	9	0.948174774646759	ambig_opp_strand	unspliced	3419	20	ENST00000698129.1	TALAM1	ENSG00000289740.1	mrna
A00839:75:H7MFFDSXY:3:2671:31512:2550	chr11	65500677	65500826	False	358	150M	255	0	5	0.21508146822452545	ambig_opp_strand	unspliced	-1	13	.	.	.	mrna
A00839:75:H7MFFDSXY:3:1603:8214:36511	chr11	65503177	65503326	False	440	150M	255	0	5	0.5996242165565491	ambig_opp_strand	unspliced	-1	24	.	.	.	mrna
A00839:75:H7MFFDSXY:3:1641:2365:2049	chr11	65502713	65502862	True	-328	150M	255	0	3	0.9442891478538513	ambig_opp_strand	unspliced	3419	15	ENST00000618132.2	MALAT1	ENSG00000251562.11	mrna
A00839:75:H7MFFDSXY:3:1510:10728:2127	chr11	65504127	65504276	True	-285	150M	255	0	3	0.7390006184577942	ambig_opp_strand	unspliced	3419	12	ENST00000710862.1	MALAT1	ENSG00000251562.11	mrna
A00839:75:H7MFFDSXY:3:2353:32470:32268	chr11	65506277	65506426	False	225	150M	255	1	9	0.9861420392990112	ambig_opp_strand	unspliced	3419	3	ENST00000698129.1	TALAM1	ENSG00000289740.1	mrna
A00839:75:H7MFFDSXY:3:2569:26476:25676	chr11	65504404	65504553	False	208	150M	255	0	9	0.9488416910171509	ambig_opp_strand	unspliced	3419	20	ENST00000698129.1	TALAM1	ENSG00000289740.1	mrna
A00839:75:H7MFFDSXY:3:2254:9127:2487	chr11	65505595	65505744	False	455	150M	255	0	9	0.3466140031814575	ambig_opp_strand	unspliced	3419	6	ENST00000698129.1	TALAM1	ENSG00000289740.1	mrna
A00839:75:H7MFFDSXY:3:2651:8296:24972	chr11	65502757	65502906	False	373	150M	255	0	9	0.5972721576690674	ambig_opp_strand	unspliced	3419	16	ENST00000698129.1	TALAM1	ENSG00000289740.1	mrna
A00839:75:H7MFFDSXY:3:2209:29857:12837	chr11	65505736	65505885	False	280	150M	255	0	9	0.9451920390129089	ambig_opp_strand	unspliced	3419	6	ENST00000698129.1	TALAM1	ENSG00000289740.1	mrna
A00839:75:H7MFFDSXY:3:1571:23674:21198	chr11	65505119	65505239	False	121	121M	255	0	9	0.8706192374229431	ambig_opp_strand	unspliced	3419	19	ENST00000698129.1	TALAM1	ENSG00000289740.1	mrna
A00839:75:H7MFFDSXY:3:1356:19822:16971	chr11	65500867	65501016	False	238	150M	255	3	3	0.03359479829668999	ambig_opp_strand	unspliced	3419	13	ENST00000710933.1	MALAT1	ENSG00000251562.11	mrna
A00839:75:H7MFFDSXY:3:1201:28122:7420	chr11	65503926	65504044	True	-119	2S119M	255	0	3	0.28872522711753845	ambig_opp_strand	unspliced	3419	17	ENST00000710862.1	MALAT1	ENSG00000251562.11	mrna
A00839:75:H7MFFDSXY:3:1434:25545:27352	chr11	65505414	65505563	False	285	150M	255	0	9	0.9430634379386902	ambig_opp_strand	unspliced	3419	6	ENST00000698129.1	TALAM1	ENSG00000289740.1	mrna
A00839:75:H7MFFDSXY:3:1675:2220:35681	chr11	65502376	65502525	False	247	150M	255	0	9	0.9678750038146973	ambig_opp_strand	unspliced	3419	13	ENST00000698129.1	TALAM1	ENSG00000289740.1	mrna
A00839:75:H7MFFDSXY:3:1553:16776:10473	chr11	65505900	65506049	False	390	150M	255	0	5	0.5822051763534546	ambig_opp_strand	unspliced	-1	5	.	.	.	mrna
A00839:75:H7MFFDSXY:3:2255:12518:16658	chr11	65504502	65504651	True	-271	150M	255	0	3	0.11639455705881119	ambig_opp_strand	unspliced	3419	20	ENST00000710944.1	MALAT1	ENSG00000251562.11	mrna
A00839:75:H7MFFDSXY:3:2436:11523:9643	chr11	65506514	65506663	False	326	150M	255	0	9	0.9276815056800842	ambig_opp_strand	unspliced	3419	3	ENST00000698129.1	TALAM1	ENSG00000289740.1	mrna
A00839:75:H7MFFDSXY:3:1650:11216:17002	chr11	65501737	65501886	False	224	150M	255	0	5	0.012916765175759792	ambig_opp_strand	unspliced	-1	19	.	.	.	mrna
A00839:75:H7MFFDSXY:3:1139:32145:16141	chr11	65504599	65504748	True	-312	150M	255	0	3	0.4269125163555145	ambig_opp_strand	unspliced	3419	20	ENST00000618132.2	MALAT1	ENSG00000251562.11	mrna
A00839:75:H7MFFDSXY:3:1427:26802:1188	chr11	65502397	65502546	True	-277	150M	255	0	3	0.9503335356712341	ambig_opp_strand	unspliced	3419	12	ENST00000618132.2	MALAT1	ENSG00000251562.11	mrna
A00839:75:H7MFFDSXY:3:1421:20112:31970	chr11	65500281	65500430	False	308	150M	255	0	9	0.9190822243690491	ambig_opp_strand	unspliced	3419	26	ENST00000698129.1	TALAM1	ENSG00000289740.1	mrna
A00839:75:H7MFFDSXY:3:2650:28311:2863	chr11	65504925	65505074	False	437	150M	255	1	9	0.3644907474517822	ambig_opp_strand	unspliced	3419	15	ENST00000698129.1	TALAM1	ENSG00000289740.1	mrna
A00839:75:H7MFFDSXY:3:2157:12219:20744	chr11	65501712	65501861	False	432	150M	255	0	5	0.6015951037406921	ambig_opp_strand	unspliced	-1	18	.	.	.	mrna
A00839:75:H7MFFDSXY:3:2329:3622:16376	chr11	65500052	65500201	False	411	150M	255	0	5	0.6413273811340332	ambig_opp_strand	unspliced	-1	26	.	.	.	mrna
A00839:75:H7MFFDSXY:3:2630:25907:18897	chr11	65504963	65505112	True	-422	150M	255	0	3	0.36685165762901306	ambig_opp_strand	spliced_implicit	3419	17	ENST00000618132.2	MALAT1	ENSG00000251562.11	mrna
A00839:75:H7MFFDSXY:3:1557:6361:21183	chr11	65500858	65501007	True	-408	150M	255	0	3	0.6945676207542419	ambig_opp_strand	unspliced	3419	13	ENST00000710933.1	MALAT1	ENSG00000251562.11	mrna
A00839:75:H7MFFDSXY:3:1527:28971:7169	chr11	65504809	65504958	False	310	150M	255	0	9	0.9126093983650208	ambig_opp_strand	unspliced	3419	19	ENST00000698129.1	TALAM1	ENSG00000289740.1	mrna
A00839:75:H7MFFDSXY:3:2141:8956:16125	chr11	65501987	65502136	False	441	150M	255	0	9	0.37005800008773804	ambig_opp_strand	unspliced	3419	11	ENST00000698129.1	TALAM1	ENSG00000289740.1	mrna
A00839:75:H7MFFDSXY:3:2553:19696:35008	chr11	65504439	65504588	False	177	150M	255	0	9	0.9453182816505432	ambig_opp_strand	unspliced	3419	20	ENST00000698129.1	TALAM1	ENSG00000289740.1	mrna
A00839:75:H7MFFDSXY:3:1248:1841:22842	chr11	65506602	65506751	True	-324	150M	255	0	9	0.9231489300727844	ambig_opp_strand	unspliced	3419	3	ENST00000534336.3	MALAT1	ENSG00000251562.11	mrna
A00839:75:H7MFFDSXY:3:2422:21549:36307	chr11	65500690	65500839	True	-337	150M	255	0	3	0.07806233316659927	ambig_opp_strand	unspliced	3419	12	ENST00000710943.1	MALAT1	ENSG00000251562.11	mrna
A00839:75:H7MFFDSXY:3:2257:10737:24064	chr11	65503477	65503626	False	241	150M	255	0	9	0.9584174156188965	ambig_opp_strand	unspliced	3419	23	ENST00000698129.1	TALAM1	ENSG00000289740.1	mrna
A00839:75:H7MFFDSXY:3:1349:29695:18004	chr11	65504697	65504846	False	327	150M	255	0	9	0.8880100250244141	ambig_opp_strand	unspliced	3419	18	ENST00000698129.1	TALAM1	ENSG00000289740.1	mrna
A00839:75:H7MFFDSXY:3:2273:1452:2660	chr11	65500137	65500286	False	449	150M	255	0	5	0.5925394892692566	ambig_opp_strand	unspliced	-1	26	.	.	.	mrna
A00839:75:H7MFFDSXY:3:1571:22544:20431	chr11	65504726	65504875	True	-215	150M	255	0	3	0.07017815858125687	ambig_opp_strand	unspliced	3419	25	ENST00000710949.1	MALAT1	ENSG00000251562.11	mrna
A00839:75:H7MFFDSXY:3:2546:4670:20760	chr11	65500919	65501069	True	-253	90M1D60M	255	1	3	0.7122830152511597	ambig_opp_strand	unspliced	3419	13	ENST00000710933.1	MALAT1	ENSG00000251562.11	mrna
A00839:75:H7MFFDSXY:3:1149:18918:2472	chr11	65505006	65505155	True	-373	150M	255	0	3	0.07021903991699219	ambig_opp_strand	unspliced	3419	19	ENST00000710949.1	MALAT1	ENSG00000251562.11	mrna
A00839:75:H7MFFDSXY:3:2155:18222:18302	chr11	65504763	65504912	False	287	150M	255	0	9	0.930055558681488	ambig_opp_strand	unspliced	3419	19	ENST00000698129.1	TALAM1	ENSG00000289740.1	mrna
A00839:75:H7MFFDSXY:3:2375:27001:15405	chr11	65502224	65502373	True	-322	150M	255	0	3	0.2579616606235504	ambig_opp_strand	unspliced	3419	21	ENST00000710862.1	MALAT1	ENSG00000251562.11	mrna
A00839:75:H7MFFDSXY:3:2261:28881:6668	chr11	65500630	65500779	False	180	150M	255	0	9	0.9176054000854492	ambig_opp_strand	unspliced	3419	26	ENST00000698129.1	TALAM1	ENSG00000289740.1	mrna
A00839:75:H7MFFDSXY:3:1520:6723:9940	chr11	65500596	65500745	True	-197	150M	255	0	3	0.45944568514823914	ambig_opp_strand	unspliced	3419	28	ENST00000710933.1	MALAT1	ENSG00000251562.11	mrna
A00839:75:H7MFFDSXY:3:1544:3604:7044	chr11	65501594	65501743	True	-425	150M	255	0	3	0.5267607569694519	ambig_opp_strand	unspliced	3419	16	ENST00000618132.2	MALAT1	ENSG00000251562.11	mrna
A00839:75:H7MFFDSXY:3:2123:9842:27085	chr11	65501082	65501231	False	297	150M	255	0	9	0.9376232028007507	ambig_opp_strand	unspliced	3419	16	ENST00000698129.1	TALAM1	ENSG00000289740.1	mrna
A00839:75:H7MFFDSXY:3:1568:15899:21699	chr11	65500826	65500975	False	237	150M	255	0	9	0.9396170973777771	ambig_opp_strand	unspliced	3419	13	ENST00000698129.1	TALAM1	ENSG00000289740.1	mrna
A00839:75:H7MFFDSXY:3:1351:1334:14231	chr11	65505446	65505595	True	-329	150M	255	0	3	0.5141199827194214	ambig_opp_strand	unspliced	3419	8	ENST00000618132.2	MALAT1	ENSG00000251562.11	mrna
A00839:75:H7MFFDSXY:3:1664:32108:25911	chr11	65505472	65505621	True	-361	150M	255	0	3	0.2441941201686859	ambig_opp_strand	unspliced	3419	8	ENST00000710862.1	MALAT1	ENSG00000251562.11	mrna
A00839:75:H7MFFDSXY:3:1656:25337:25081	chr11	65500792	65500941	False	307	150M	255	0	9	0.9129411578178406	ambig_opp_strand	unspliced	3419	13	ENST00000698129.1	TALAM1	ENSG00000289740.1	mrna
A00839:75:H7MFFDSXY:3:1115:30590:35650	chr11	65505187	65505336	False	0	150M	255	0	64	0.0	.	unspliced	-1	0	.	.	.	mrna
A00839:75:H7MFFDSXY:3:1120:29875:13025	chr11	65501091	65501239	False	149	149M	255	0	9	0.9406607747077942	ambig_opp_strand	unspliced	3419	16	ENST00000698129.1	TALAM1	ENSG00000289740.1	mrna
A00839:75:H7MFFDSXY:3:2442:27570:36965	chr11	65502200	65502349	False	309	150M	255	0	9	0.9378131031990051	ambig_opp_strand	unspliced	3419	12	ENST00000698129.1	TALAM1	ENSG00000289740.1	mrna
A00839:75:H7MFFDSXY:3:1177:22544:3114	chr11	65501097	65501246	False	254	150M	255	0	9	0.9540449380874634	ambig_opp_strand	unspliced	3419	16	ENST00000698129.1	TALAM1	ENSG00000289740.1	mrna
A00839:75:H7MFFDSXY:3:2677:27425:21026	chr11	65504406	65504555	False	188	150M	255	0	9	0.9465379118919373	ambig_opp_strand	unspliced	3419	22	ENST00000698129.1	TALAM1	ENSG00000289740.1	mrna
A00839:75:H7MFFDSXY:3:1241:5936:26021	chr11	65505789	65505938	True	-381	150M	255	0	3	0.506439208984375	ambig_opp_strand	unspliced	3419	6	ENST00000618132.2	MALAT1	ENSG00000251562.11	mrna
A00839:75:H7MFFDSXY:3:1415:26069:4805	chr11	65503860	65504009	False	291	150M	255	0	9	0.9444898962974548	ambig_opp_strand	unspliced	3419	17	ENST00000698129.1	TALAM1	ENSG00000289740.1	mrna
A00839:75:H7MFFDSXY:3:2506:25003:14105	chr11	65501182	65501331	False	228	150M	255	0	9	0.9565157890319824	ambig_opp_strand	unspliced	3419	16	ENST00000698129.1	TALAM1	ENSG00000289740.1	mrna
A00839:75:H7MFFDSXY:3:1641:10104:31610	chr11	65504600	65504749	True	-423	150M	255	0	3	0.41428014636039734	ambig_opp_strand	unspliced	3419	20	ENST00000618132.2	MALAT1	ENSG00000251562.11	mrna
A00839:75:H7MFFDSXY:3:2217:11957:35853	chr11	65500028	65500177	False	476	150M	255	0	5	0.6381032466888428	ambig_opp_strand	unspliced	-1	26	.	.	.	mrna
A00839:75:H7MFFDSXY:3:2467:11252:7075	chr11	65500282	65500431	False	348	150M	255	3	9	0.8211203217506409	ambig_opp_strand	unspliced	3419	26	ENST00000698129.1	TALAM1	ENSG00000289740.1	mrna
A00839:75:H7MFFDSXY:3:1153:13973:29324	chr11	65501332	65501481	True	-399	150M	255	0	3	0.5201075673103333	ambig_opp_strand	unspliced	3419	16	ENST00000618132.2	MALAT1	ENSG00000251562.11	mrna
A00839:75:H7MFFDSXY:3:2602:31277:34240	chr11	65506433	65506582	True	-205	150M	255	0	9	0.9834816455841064	ambig_opp_strand	unspliced	3419	3	ENST00000534336.3	MALAT1	ENSG00000251562.11	mrna
A00839:75:H7MFFDSXY:3:1678:30897:17268	chr11	65505105	65505254	False	632	150M	255	1	9	0.967750072479248	ambig_opp_strand	spliced_implicit	3419	5	ENST00000698129.1	TALAM1	ENSG00000289740.1	mrna
A00839:75:H7MFFDSXY:3:1170:28149:24972	chr11	65501265	65501414	False	286	150M	255	3	9	0.9438762664794922	ambig_opp_strand	unspliced	3419	16	ENST00000698129.1	TALAM1	ENSG00000289740.1	mrna
A00839:75:H7MFFDSXY:3:1560:31494:18208	chr11	65500776	65500925	True	-317	150M	255	0	3	0.7118259072303772	ambig_opp_strand	unspliced	3419	13	ENST00000710933.1	MALAT1	ENSG00000251562.11	mrna
A00839:75:H7MFFDSXY:3:2205:11478:33144	chr11	65500478	65500627	False	455	150M	255	0	5	0.638109564781189	ambig_opp_strand	unspliced	-1	12	.	.	.	mrna
A00839:75:H7MFFDSXY:3:1669:23692:8359	chr11	65503669	65503818	True	-427	150M	255	0	3	0.572421133518219	ambig_opp_strand	unspliced	3419	19	ENST00000618132.2	MALAT1	ENSG00000251562.11	mrna
A00839:75:H7MFFDSXY:3:2364:17680:15327	chr11	65503114	65503263	False	264	150M	255	0	9	0.9619655609130859	ambig_opp_strand	unspliced	3419	18	ENST00000698129.1	TALAM1	ENSG00000289740.1	mrna
A00839:75:H7MFFDSXY:3:1256:30553:10598	chr11	65504013	65504162	True	-405	150M	255	0	3	0.5800316333770752	ambig_opp_strand	unspliced	3419	17	ENST00000618132.2	MALAT1	ENSG00000251562.11	mrna
A00839:75:H7MFFDSXY:3:1175:15420:31861	chr11	65504759	65504908	True	-260	150M	255	0	3	0.4273502826690674	ambig_opp_strand	unspliced	3419	19	ENST00000618132.2	MALAT1	ENSG00000251562.11	mrna
A00839:75:H7MFFDSXY:3:1621:24451:1470	chr11	65503873	65504022	False	258	150M	255	0	9	0.956204891204834	ambig_opp_strand	unspliced	3419	17	ENST00000698129.1	TALAM1	ENSG00000289740.1	mrna
A00839:75:H7MFFDSXY:3:1455:2121:33473	chr11	65503081	65503230	False	344	150M	255	0	9	0.852561891078949	ambig_opp_strand	unspliced	3419	18	ENST00000698129.1	TALAM1	ENSG00000289740.1	mrna
A00839:75:H7MFFDSXY:3:1620:17553:31015	chr11	65502039	65502188	True	-369	150M	255	1	3	0.12158522754907608	ambig_opp_strand	unspliced	3419	20	ENST00000710943.1	MALAT1	ENSG00000251562.11	mrna
A00839:75:H7MFFDSXY:3:1340:13584:14591	chr11	65501749	65501898	True	-259	150M	255	0	3	0.12355507910251617	ambig_opp_strand	unspliced	3419	18	ENST00000710943.1	MALAT1	ENSG00000251562.11	mrna
A00839:75:H7MFFDSXY:3:2305:32027:3349	chr11	65500475	65500624	True	-315	150M	255	0	3	0.09322085976600647	ambig_opp_strand	unspliced	3419	26	ENST00000710943.1	MALAT1	ENSG00000251562.11	mrna
A00839:75:H7MFFDSXY:3:2506:31412:20134	chr11	65505636	65505785	True	-288	150M	255	0	3	0.5174400210380554	ambig_opp_strand	unspliced	3419	6	ENST00000618132.2	MALAT1	ENSG00000251562.11	mrna
A00839:75:H7MFFDSXY:3:2161:4689:25488	chr11	65505605	65505754	True	-342	150M	255	0	3	0.2147592455148697	ambig_opp_strand	unspliced	3419	6	ENST00000710951.1	MALAT1	ENSG00000251562.11	mrna
A00839:75:H7MFFDSXY:3:1478:5584:8061	chr11	65500261	65500410	False	423	150M	255	0	3	1.0	unambig	spliced_annot	3419	1	ENST00000610481.1	MALAT1	ENSG00000251562.11	mrna
A00839:75:H7MFFDSXY:3:1219:15700:11804	chr11	65504345	65504494	False	361	150M	255	0	9	0.733593225479126	ambig_opp_strand	unspliced	3419	20	ENST00000698129.1	TALAM1	ENSG00000289740.1	mrna
A00839:75:H7MFFDSXY:3:2152:11225:24846	chr11	65501288	65501437	False	252	150M	255	1	9	0.9547541737556458	ambig_opp_strand	unspliced	3419	16	ENST00000698129.1	TALAM1	ENSG00000289740.1	mrna
A00839:75:H7MFFDSXY:3:1135:30228:13072	chr11	65504935	65505084	False	249	150M	255	0	3	0.01624123565852642	ambig_opp_strand	unspliced	3419	19	ENST00000618132.2	MALAT1	ENSG00000251562.11	mrna
A00839:75:H7MFFDSXY:3:1103:29270:25504	chr11	65505994	65506142	True	-296	117M1I32M	255	1	3	0.5118918418884277	ambig_opp_strand	unspliced	3419	5	ENST00000710862.1	MALAT1	ENSG00000251562.11	mrna
A00839:75:H7MFFDSXY:3:1118:9399:4429	chr11	65504386	65504535	False	383	150M	255	0	9	0.4505041539669037	ambig_opp_strand	unspliced	3419	20	ENST00000698129.1	TALAM1	ENSG00000289740.1	mrna
A00839:75:H7MFFDSXY:3:1610:4797:12837	chr11	65503882	65504031	False	211	150M	255	0	9	0.9596421122550964	ambig_opp_strand	unspliced	3419	17	ENST00000698129.1	TALAM1	ENSG00000289740.1	mrna
A00839:75:H7MFFDSXY:3:1539:17589:15358	chr11	65500461	65500610	False	261	150M	255	0	9	0.9125978350639343	ambig_opp_strand	unspliced	3419	27	ENST00000698129.1	TALAM1	ENSG00000289740.1	mrna
A00839:75:H7MFFDSXY:3:1267:17689:22639	chr11	65500496	65500645	False	339	150M	255	0	9	0.8552013635635376	ambig_opp_strand	unspliced	3419	12	ENST00000698129.1	TALAM1	ENSG00000289740.1	mrna
A00839:75:H7MFFDSXY:3:2464:17833:20134	chr11	65504944	65505093	True	-228	150M	255	0	3	0.17488247156143188	ambig_opp_strand	unspliced	3419	19	ENST00000710862.1	MALAT1	ENSG00000251562.11	mrna
A00839:75:H7MFFDSXY:3:1306:14434:26678	chr11	65505271	65505420	False	269	150M	255	0	9	0.9486143589019775	ambig_opp_strand	unspliced	3419	8	ENST00000698129.1	TALAM1	ENSG00000289740.1	mrna
A00839:75:H7MFFDSXY:3:1351:29640:2973	chr11	65505175	65505324	True	-315	150M	255	0	3	0.08337514102458954	ambig_opp_strand	unspliced	3419	15	ENST00000710943.1	MALAT1	ENSG00000251562.11	mrna
A00839:75:H7MFFDSXY:3:2222:19226:23829	chr11	65505289	65505438	True	-518	150M	255	0	3	0.1721266210079193	ambig_opp_strand	unspliced	3419	15	ENST00000710862.1	MALAT1	ENSG00000251562.11	mrna
A00839:75:H7MFFDSXY:3:1211:24108:15468	chr11	65501137	65501286	False	386	150M	255	0	5	0.5585690140724182	ambig_opp_strand	unspliced	-1	15	.	.	.	mrna
A00839:75:H7MFFDSXY:3:2625:12400:10160	chr11	65502345	65502494	True	-405	150M	255	0	3	0.889508068561554	ambig_opp_strand	unspliced	3419	10	ENST00000618132.2	MALAT1	ENSG00000251562.11	mrna
A00839:75:H7MFFDSXY:3:2101:15953:14058	chr11	65501458	65501607	True	-165	150M	255	1	3	0.5439866781234741	ambig_opp_strand	unspliced	3419	17	ENST00000618132.2	MALAT1	ENSG00000251562.11	mrna
A00839:75:H7MFFDSXY:3:2469:6180:35837	chr11	65505002	65505151	True	-229	150M	255	0	3	0.3662365972995758	ambig_opp_strand	unspliced	3419	19	ENST00000618132.2	MALAT1	ENSG00000251562.11	mrna
A00839:75:H7MFFDSXY:3:2377:17571:26005	chr11	65505989	65506138	True	-318	150M	255	3	3	0.445438951253891	ambig_opp_strand	unspliced	3419	5	ENST00000710951.1	MALAT1	ENSG00000251562.11	mrna
A00839:75:H7MFFDSXY:3:1304:5466:11115	chr11	65502781	65502930	False	168	150M	255	1	9	0.9612367153167725	ambig_opp_strand	unspliced	3419	22	ENST00000698129.1	TALAM1	ENSG00000289740.1	mrna
A00839:75:H7MFFDSXY:3:1233:27326:35759	chr11	65500654	65500803	True	-267	150M	255	0	3	0.11269832402467728	ambig_opp_strand	unspliced	3419	25	ENST00000710862.1	MALAT1	ENSG00000251562.11	mrna
A00839:75:H7MFFDSXY:3:1660:10673:6010	chr11	65504338	65504487	True	-447	150M	255	0	3	0.9898070693016052	ambig_opp_strand	spliced_implicit	3419	14	ENST00000618132.2	MALAT1	ENSG00000251562.11	mrna
A00839:75:H7MFFDSXY:3:2519:9905:17644	chr11	65504012	65504161	True	-325	150M	255	1	3	0.6051920652389526	ambig_opp_strand	unspliced	3419	17	ENST00000618132.2	MALAT1	ENSG00000251562.11	mrna
A00839:75:H7MFFDSXY:3:1344:25437:8782	chr11	65503815	65503964	True	-341	150M	255	0	3	0.6042603254318237	ambig_opp_strand	unspliced	3419	17	ENST00000618132.2	MALAT1	ENSG00000251562.11	mrna
A00839:75:H7MFFDSXY:3:1242:14290:15248	chr11	65500524	65500673	True	-381	150M	255	0	3	0.5302236080169678	ambig_opp_strand	unspliced	3419	26	ENST00000710935.1	MALAT1	ENSG00000251562.11	mrna
A00839:75:H7MFFDSXY:3:1635:13123:35399	chr11	65505201	65505350	False	344	150M	255	0	9	0.8433089256286621	ambig_opp_strand	unspliced	3419	8	ENST00000698129.1	TALAM1	ENSG00000289740.1	mrna
A00839:75:H7MFFDSXY:3:2662:12834:32299	chr11	65502573	65502722	True	-271	150M	255	1	3	0.9466224312782288	ambig_opp_strand	unspliced	3419	15	ENST00000618132.2	MALAT1	ENSG00000251562.11	mrna
A00839:75:H7MFFDSXY:3:1251:29830:16485	chr11	65504498	65504647	False	288	150M	255	0	9	0.935667097568512	ambig_opp_strand	unspliced	3419	20	ENST00000698129.1	TALAM1	ENSG00000289740.1	mrna
A00839:75:H7MFFDSXY:3:2316:11008:9533	chr11	65501049	65501198	True	-420	150M	255	0	3	0.6971640586853027	ambig_opp_strand	unspliced	3419	13	ENST00000710933.1	MALAT1	ENSG00000251562.11	mrna
A00839:75:H7MFFDSXY:3:1469:22263:25081	chr11	65500823	65500972	True	-437	150M	255	0	3	0.6948111653327942	ambig_opp_strand	unspliced	3419	13	ENST00000710933.1	MALAT1	ENSG00000251562.11	mrna
A00839:75:H7MFFDSXY:3:1362:9263:32597	chr11	65503429	65503578	False	159	150M	255	0	9	0.9495088458061218	ambig_opp_strand	unspliced	3419	27	ENST00000698129.1	TALAM1	ENSG00000289740.1	mrna
A00839:75:H7MFFDSXY:3:1174:12147:15953	chr11	65500347	65500496	True	-178	150M	255	0	3	0.5394613742828369	ambig_opp_strand	unspliced	3419	26	ENST00000710935.1	MALAT1	ENSG00000251562.11	mrna
A00839:75:H7MFFDSXY:3:1633:20437:5979	chr11	65505222	65505371	False	207	150M	255	0	9	0.942233145236969	ambig_opp_strand	unspliced	3419	16	ENST00000698129.1	TALAM1	ENSG00000289740.1	mrna
A00839:75:H7MFFDSXY:3:1402:9534:17628	chr11	65504447	65504596	True	-179	150M	255	0	3	0.09699353575706482	ambig_opp_strand	unspliced	3419	22	ENST00000710943.1	MALAT1	ENSG00000251562.11	mrna
A00839:75:H7MFFDSXY:3:1574:15474:8750	chr11	65500035	65500184	False	380	150M	255	0	5	0.48009994626045227	ambig_opp_strand	unspliced	-1	26	.	.	.	mrna
A00839:75:H7MFFDSXY:3:2421:24921:34100	chr11	65504619	65504768	True	-229	150M	255	0	3	0.11641079187393188	ambig_opp_strand	unspliced	3419	20	ENST00000710944.1	MALAT1	ENSG00000251562.11	mrna
A00839:75:H7MFFDSXY:3:2651:15953:20478	chr11	65505371	65505520	False	1019	150M	255	0	3	0.8146035671234131	ambig_same_strand	spliced_annot	3419	2	ENST00000616691.2	MALAT1	ENSG00000251562.11	mrna
A00839:75:H7MFFDSXY:3:1363:22083:5822	chr11	65505040	65505189	False	494	150M	255	0	5	0.5923776626586914	ambig_opp_strand	unspliced	-1	8	.	.	.	mrna
A00839:75:H7MFFDSXY:3:2361:27208:9439	chr11	65505570	65505719	False	241	150M	255	0	9	0.9544917345046997	ambig_opp_strand	unspliced	3419	6	ENST00000698129.1	TALAM1	ENSG00000289740.1	mrna
A00839:75:H7MFFDSXY:3:1232:19126:14826	chr11	65500602	65500751	False	172	150M	255	0	9	0.9118086099624634	ambig_opp_strand	unspliced	3419	27	ENST00000698129.1	TALAM1	ENSG00000289740.1	mrna
A00839:75:H7MFFDSXY:3:1517:25473:13166	chr11	65500897	65501046	True	-558	150M	255	0	3	0.7043358683586121	ambig_opp_strand	unspliced	3419	12	ENST00000710933.1	MALAT1	ENSG00000251562.11	mrna
A00839:75:H7MFFDSXY:3:2659:30445:16016	chr11	65506295	65506444	False	303	150M	255	0	9	0.9605786204338074	ambig_opp_strand	unspliced	3419	3	ENST00000698129.1	TALAM1	ENSG00000289740.1	mrna
A00839:75:H7MFFDSXY:3:1276:19922:25911	chr11	65504250	65504399	True	-332	150M	255	2	3	0.7357233762741089	ambig_opp_strand	unspliced	3419	12	ENST00000710862.1	MALAT1	ENSG00000251562.11	mrna
A00839:75:H7MFFDSXY:3:1252:3658:31031	chr11	65503257	65503406	True	-271	150M	255	0	3	0.5917050242424011	ambig_opp_strand	unspliced	3419	27	ENST00000618132.2	MALAT1	ENSG00000251562.11	mrna
A00839:75:H7MFFDSXY:3:1351:30942:11835	chr11	65505005	65505154	False	274	150M	255	0	9	0.9349154829978943	ambig_opp_strand	unspliced	3419	19	ENST00000698129.1	TALAM1	ENSG00000289740.1	mrna
A00839:75:H7MFFDSXY:3:2143:20528:30906	chr11	65503088	65503237	False	395	150M	255	1	5	0.6171563267707825	ambig_opp_strand	unspliced	-1	18	.	.	.	mrna
A00839:75:H7MFFDSXY:3:1334:19090:1329	chr11	65502306	65502455	True	-271	150M	255	0	3	0.9503273963928223	ambig_opp_strand	unspliced	3419	13	ENST00000618132.2	MALAT1	ENSG00000251562.11	mrna
A00839:75:H7MFFDSXY:3:1313:13991:25723	chr11	65500408	65500557	False	379	150M	255	0	5	0.4677712023258209	ambig_opp_strand	unspliced	-1	24	.	.	.	mrna
A00839:75:H7MFFDSXY:3:2556:17400:34569	chr11	65505552	65505701	False	434	150M	255	0	5	0.6202901601791382	ambig_opp_strand	unspliced	-1	6	.	.	.	mrna
A00839:75:H7MFFDSXY:3:1148:24053:20666	chr11	65506253	65506402	False	167	150M	255	0	9	0.9647538065910339	ambig_opp_strand	unspliced	3419	5	ENST00000698129.1	TALAM1	ENSG00000289740.1	mrna
A00839:75:H7MFFDSXY:3:1460:17978:31313	chr11	65501563	65501712	True	-269	150M	255	0	3	0.5439921021461487	ambig_opp_strand	unspliced	3419	17	ENST00000618132.2	MALAT1	ENSG00000251562.11	mrna
A00839:75:H7MFFDSXY:3:1353:9534:3724	chr11	65506293	65506442	True	-150	150M	255	0	3	0.5115060806274414	ambig_opp_strand	unspliced	3419	7	ENST00000710862.1	MALAT1	ENSG00000251562.11	mrna
A00839:75:H7MFFDSXY:3:1219:30635:22921	chr11	65505190	65505339	True	-370	150M	255	1	3	0.1737344115972519	ambig_opp_strand	unspliced	3419	15	ENST00000710862.1	MALAT1	ENSG00000251562.11	mrna
A00839:75:H7MFFDSXY:3:2149:8992:8422	chr11	65503796	65503945	False	289	150M	255	0	9	0.9455133080482483	ambig_opp_strand	unspliced	3419	17	ENST00000698129.1	TALAM1	ENSG00000289740.1	mrna
A00839:75:H7MFFDSXY:3:1178:11252:33223	chr11	65504802	65504951	True	-356	150M	255	1	3	0.2031552791595459	ambig_opp_strand	unspliced	3419	19	ENST00000710862.1	MALAT1	ENSG00000251562.11	mrna
A00839:75:H7MFFDSXY:3:1123:32425:11083	chr11	65500484	65500633	True	-293	150M	255	0	3	0.09326013177633286	ambig_opp_strand	unspliced	3419	26	ENST00000710943.1	MALAT1	ENSG00000251562.11	mrna
A00839:75:H7MFFDSXY:3:1358:16459:10802	chr11	65500256	65500405	True	-281	150M	255	0	3	0.539383053779602	ambig_opp_strand	unspliced	3419	26	ENST00000710935.1	MALAT1	ENSG00000251562.11	mrna
A00839:75:H7MFFDSXY:3:1271:32624:24079	chr11	65504341	65504490	False	222	150M	255	0	9	0.9483272433280945	ambig_opp_strand	unspliced	3419	22	ENST00000698129.1	TALAM1	ENSG00000289740.1	mrna
A00839:75:H7MFFDSXY:3:1175:2555:23766	chr11	65503137	65503286	True	-489	150M	255	0	5	0.06261488050222397	ambig_opp_strand	unspliced	-1	17	.	.	.	mrna
A00839:75:H7MFFDSXY:3:2424:27471:8829	chr11	65504720	65504869	True	-339	150M	255	0	3	0.08258561044931412	ambig_opp_strand	unspliced	3419	20	ENST00000710949.1	MALAT1	ENSG00000251562.11	mrna
A00839:75:H7MFFDSXY:3:1260:12283:24549	chr11	65502996	65503145	False	335	150M	255	0	9	0.8883371949195862	ambig_opp_strand	unspliced	3419	18	ENST00000698129.1	TALAM1	ENSG00000289740.1	mrna
A00839:75:H7MFFDSXY:3:1427:22471:11287	chr11	65504524	65504673	True	-326	150M	255	0	3	0.4267146587371826	ambig_opp_strand	unspliced	3419	20	ENST00000618132.2	MALAT1	ENSG00000251562.11	mrna
A00839:75:H7MFFDSXY:3:2602:16215:1454	chr11	65500224	65500373	False	387	150M	255	1	5	0.5679189562797546	ambig_opp_strand	unspliced	-1	26	.	.	.	mrna
A00839:75:H7MFFDSXY:3:1662:10022:23516	chr11	65506533	65506682	True	-238	150M	255	0	9	0.9833101034164429	ambig_opp_strand	unspliced	3419	3	ENST00000534336.3	MALAT1	ENSG00000251562.11	mrna
A00839:75:H7MFFDSXY:3:1242:18873:9815	chr11	65500320	65500469	False	235	150M	255	0	9	0.9469701647758484	ambig_opp_strand	unspliced	3419	26	ENST00000698129.1	TALAM1	ENSG00000289740.1	mrna
A00839:75:H7MFFDSXY:3:1248:19696:13088	chr11	65504813	65504962	False	239	150M	255	0	9	0.9422981142997742	ambig_opp_strand	unspliced	3419	19	ENST00000698129.1	TALAM1	ENSG00000289740.1	mrna
A00839:75:H7MFFDSXY:3:2610:4255:34006	chr11	65503402	65503551	True	-499	150M	255	0	3	0.022076336666941643	ambig_opp_strand	unspliced	3419	18	ENST00000710947.1	MALAT1	ENSG00000251562.11	mrna
A00839:75:H7MFFDSXY:3:2350:24632:28557	chr11	65501072	65501221	True	-173	150M	255	0	3	0.5420361161231995	ambig_opp_strand	unspliced	3419	16	ENST00000618132.2	MALAT1	ENSG00000251562.11	mrna
A00839:75:H7MFFDSXY:3:1518:4047:6151	chr11	65504126	65504275	False	276	150M	255	0	9	0.9667753577232361	ambig_opp_strand	unspliced	3419	12	ENST00000698129.1	TALAM1	ENSG00000289740.1	mrna
A00839:75:H7MFFDSXY:3:2417:21531:26381	chr11	65504896	65505045	False	296	150M	255	0	9	0.924961507320404	ambig_opp_strand	unspliced	3419	19	ENST00000698129.1	TALAM1	ENSG00000289740.1	mrna
A00839:75:H7MFFDSXY:3:2338:29215:24815	chr11	65500229	65500378	False	205	150M	255	0	9	0.9470909237861633	ambig_opp_strand	unspliced	3419	26	ENST00000698129.1	TALAM1	ENSG00000289740.1	mrna
A00839:75:H7MFFDSXY:3:2177:28519:8891	chr11	65505401	65505550	True	-491	150M	255	0	3	0.49799811840057373	ambig_opp_strand	unspliced	3419	8	ENST00000618132.2	MALAT1	ENSG00000251562.11	mrna
A00839:75:H7MFFDSXY:3:1151:17354:18176	chr11	65504865	65505014	True	-216	150M	255	0	3	0.36209744215011597	ambig_opp_strand	unspliced	3419	22	ENST00000618132.2	MALAT1	ENSG00000251562.11	mrna
A00839:75:H7MFFDSXY:3:1549:26413:28792	chr11	65502138	65502287	False	163	150M	255	0	9	0.9487956166267395	ambig_opp_strand	unspliced	3419	22	ENST00000698129.1	TALAM1	ENSG00000289740.1	mrna
A00839:75:H7MFFDSXY:3:2538:8558:4883	chr11	65501247	65501382	True	-310	7S136M	255	0	3	0.5416479110717773	ambig_opp_strand	unspliced	3419	16	ENST00000618132.2	MALAT1	ENSG00000251562.11	mrna
A00839:75:H7MFFDSXY:3:1325:31376:17409	chr11	65500984	65501132	True	-291	149M	255	9	3	0.7121317386627197	ambig_opp_strand	unspliced	3419	13	ENST00000710933.1	MALAT1	ENSG00000251562.11	mrna
A00839:75:H7MFFDSXY:3:1458:14931:14262	chr11	65502067	65502216	False	357	150M	255	1	9	0.7782790064811707	ambig_opp_strand	unspliced	3419	11	ENST00000698129.1	TALAM1	ENSG00000289740.1	mrna
A00839:75:H7MFFDSXY:3:2659:11812:9111	chr11	65502145	65502294	True	-326	150M	255	0	3	0.04410748556256294	ambig_opp_strand	unspliced	3419	21	ENST00000508832.3	MALAT1	ENSG00000251562.11	mrna
A00839:75:H7MFFDSXY:3:1138:10122:10410	chr11	65501482	65501631	True	-329	150M	255	0	3	0.5433423519134521	ambig_opp_strand	unspliced	3419	16	ENST00000618132.2	MALAT1	ENSG00000251562.11	mrna
A00839:75:H7MFFDSXY:3:2158:19199:30671	chr11	65505640	65505789	False	302	150M	255	1	9	0.9319278001785278	ambig_opp_strand	unspliced	3419	6	ENST00000698129.1	TALAM1	ENSG00000289740.1	mrna
A00839:75:H7MFFDSXY:3:1664:25690:32831	chr11	65505402	65505551	True	-314	150M	255	0	3	0.24565927684307098	ambig_opp_strand	unspliced	3419	8	ENST00000710862.1	MALAT1	ENSG00000251562.11	mrna
A00839:75:H7MFFDSXY:3:1124:7437:10645	chr11	65505386	65505535	False	312	150M	255	0	5	0.048220545053482056	ambig_opp_strand	unspliced	-1	6	.	.	.	mrna
A00839:75:H7MFFDSXY:3:1453:15374:6073	chr11	65504581	65504730	True	-291	150M	255	1	3	0.034877851605415344	ambig_opp_strand	unspliced	3419	20	ENST00000508832.3	MALAT1	ENSG00000251562.11	mrna
A00839:75:H7MFFDSXY:3:1210:32651:30577	chr11	65500538	65500687	False	279	150M	255	0	9	0.9306414723396301	ambig_opp_strand	unspliced	3419	14	ENST00000698129.1	TALAM1	ENSG00000289740.1	mrna
A00839:75:H7MFFDSXY:3:1655:14244:10316	chr11	65500876	65501025	True	-232	150M	255	0	3	0.1641668677330017	ambig_opp_strand	unspliced	3419	13	ENST00000710862.1	MALAT1	ENSG00000251562.11	mrna
A00839:75:H7MFFDSXY:3:1242:12283:16595	chr11	65502473	65502622	True	-306	150M	255	0	3	0.949362576007843	ambig_opp_strand	unspliced	3419	13	ENST00000618132.2	MALAT1	ENSG00000251562.11	mrna
A00839:75:H7MFFDSXY:3:1117:9209:7357	chr11	65502609	65502758	False	315	150M	255	1	9	0.931565523147583	ambig_opp_strand	unspliced	3419	15	ENST00000698129.1	TALAM1	ENSG00000289740.1	mrna
A00839:75:H7MFFDSXY:3:2217:15275:19836	chr11	65504602	65504751	False	297	150M	255	0	9	0.9301722049713135	ambig_opp_strand	unspliced	3419	19	ENST00000698129.1	TALAM1	ENSG00000289740.1	mrna
A00839:75:H7MFFDSXY:3:2508:14281:3583	chr11	65500912	65501062	False	229	97M1D53M	255	1	9	0.9398786425590515	ambig_opp_strand	unspliced	3419	15	ENST00000698129.1	TALAM1	ENSG00000289740.1	mrna
A00839:75:H7MFFDSXY:3:1424:6488:30984	chr11	65505461	65505610	False	324	150M	255	0	9	0.9051281809806824	ambig_opp_strand	unspliced	3419	6	ENST00000698129.1	TALAM1	ENSG00000289740.1	mrna
A00839:75:H7MFFDSXY:3:2369:10646:17425	chr11	65506247	65506396	True	-209	150M	255	0	3	0.5123787522315979	ambig_opp_strand	unspliced	3419	5	ENST00000710862.1	MALAT1	ENSG00000251562.11	mrna
A00839:75:H7MFFDSXY:3:1339:8413:35415	chr11	65505307	65505456	False	272	150M	255	0	9	0.9477469325065613	ambig_opp_strand	unspliced	3419	8	ENST00000698129.1	TALAM1	ENSG00000289740.1	mrna
A00839:75:H7MFFDSXY:3:1661:23041:35571	chr11	65501712	65501861	True	-262	150M	255	4	3	0.25949525833129883	ambig_opp_strand	unspliced	3419	18	ENST00000710862.1	MALAT1	ENSG00000251562.11	mrna
A00839:75:H7MFFDSXY:3:1240:24786:5619	chr11	65501910	65502059	True	-370	150M	255	0	3	0.25626271963119507	ambig_opp_strand	unspliced	3419	18	ENST00000710862.1	MALAT1	ENSG00000251562.11	mrna
A00839:75:H7MFFDSXY:3:2405:26567:3129	chr11	65505123	65505272	False	239	150M	255	0	9	0.9423804879188538	ambig_opp_strand	unspliced	3419	15	ENST00000698129.1	TALAM1	ENSG00000289740.1	mrna
A00839:75:H7MFFDSXY:3:1266:26449:24471	chr11	65502433	65502582	False	237	150M	255	0	9	0.9687156081199646	ambig_opp_strand	unspliced	3419	14	ENST00000698129.1	TALAM1	ENSG00000289740.1	mrna
A00839:75:H7MFFDSXY:3:2126:8549:30170	chr11	65502335	65502484	True	-426	150M	255	0	9	0.03369125351309776	ambig_opp_strand	unspliced	3419	11	ENST00000534336.3	MALAT1	ENSG00000251562.11	mrna
A00839:75:H7MFFDSXY:3:2560:2754:8641	chr11	65504821	65504970	True	-159	150M	255	0	3	0.3620365560054779	ambig_opp_strand	unspliced	3419	22	ENST00000618132.2	MALAT1	ENSG00000251562.11	mrna
A00839:75:H7MFFDSXY:3:2657:9833:4147	chr11	65502590	65502738	False	317	41M1I108M	255	1	9	0.9282909035682678	ambig_opp_strand	unspliced	3419	15	ENST00000698129.1	TALAM1	ENSG00000289740.1	mrna
A00839:75:H7MFFDSXY:3:1319:17562:17221	chr11	65500443	65500592	False	419	150M	255	0	5	0.6221485137939453	ambig_opp_strand	unspliced	-1	12	.	.	.	mrna
A00839:75:H7MFFDSXY:3:1363:30129:27117	chr11	65500861	65501010	True	-239	150M	255	0	3	0.7123042345046997	ambig_opp_strand	unspliced	3419	13	ENST00000710933.1	MALAT1	ENSG00000251562.11	mrna
A00839:75:H7MFFDSXY:3:2337:20573:36902	chr11	65504481	65504630	False	312	150M	255	0	9	0.9151393175125122	ambig_opp_strand	unspliced	3419	20	ENST00000698129.1	TALAM1	ENSG00000289740.1	mrna
A00839:75:H7MFFDSXY:3:1629:14669:2190	chr11	65500363	65500507	True	-145	145M	255	0	3	0.09325170516967773	ambig_opp_strand	unspliced	3419	26	ENST00000710943.1	MALAT1	ENSG00000251562.11	mrna
A00839:75:H7MFFDSXY:3:1120:12174:30123	chr11	65500454	65500603	True	-300	150M	255	0	3	0.5392629504203796	ambig_opp_strand	unspliced	3419	26	ENST00000710935.1	MALAT1	ENSG00000251562.11	mrna
A00839:75:H7MFFDSXY:3:1113:32687:15076	chr11	65505514	65505663	True	-180	150M	255	0	3	0.5173070430755615	ambig_opp_strand	unspliced	3419	8	ENST00000618132.2	MALAT1	ENSG00000251562.11	mrna
A00839:75:H7MFFDSXY:3:1361:18014:7576	chr11	65506184	65506333	False	226	150M	255	0	9	0.9712543487548828	ambig_opp_strand	unspliced	3419	5	ENST00000698129.1	TALAM1	ENSG00000289740.1	mrna
A00839:75:H7MFFDSXY:3:2470:15420:29919	chr11	65500097	65500246	False	422	150M	255	0	9	0.35698986053466797	ambig_opp_strand	unspliced	3419	26	ENST00000698129.1	TALAM1	ENSG00000289740.1	mrna
A00839:75:H7MFFDSXY:3:1334:19126:18333	chr11	65504674	65504823	False	332	150M	255	0	9	0.876618504524231	ambig_opp_strand	unspliced	3419	21	ENST00000698129.1	TALAM1	ENSG00000289740.1	mrna
A00839:75:H7MFFDSXY:3:1675:7491:34788	chr11	65506293	65506442	False	318	150M	255	0	9	0.9422195553779602	ambig_opp_strand	unspliced	3419	3	ENST00000698129.1	TALAM1	ENSG00000289740.1	mrna
A00839:75:H7MFFDSXY:3:2126:20808:5337	chr11	65505606	65505755	False	308	150M	255	0	9	0.9265042543411255	ambig_opp_strand	unspliced	3419	6	ENST00000698129.1	TALAM1	ENSG00000289740.1	mrna
A00839:75:H7MFFDSXY:3:2528:1787:15045	chr11	65503692	65503841	False	406	150M	255	0	9	0.3662293255329132	ambig_opp_strand	unspliced	3419	17	ENST00000698129.1	TALAM1	ENSG00000289740.1	mrna
A00839:75:H7MFFDSXY:3:1132:10520:19711	chr11	65502490	65502639	False	400	150M	255	0	5	0.6026099920272827	ambig_opp_strand	unspliced	-1	15	.	.	.	mrna
A00839:75:H7MFFDSXY:3:1405:31964:26944	chr11	65500074	65500223	False	390	150M	255	0	9	0.40684273838996887	ambig_opp_strand	unspliced	3419	26	ENST00000698129.1	TALAM1	ENSG00000289740.1	mrna
A00839:75:H7MFFDSXY:3:1474:2718:9643	chr11	65502072	65502221	True	-388	150M	255	0	3	0.5231240391731262	ambig_opp_strand	unspliced	3419	20	ENST00000618132.2	MALAT1	ENSG00000251562.11	mrna
A00839:75:H7MFFDSXY:3:2440:27236:36511	chr11	65505252	65505374	False	123	123M	255	0	9	0.8775818943977356	ambig_opp_strand	unspliced	3419	16	ENST00000698129.1	TALAM1	ENSG00000289740.1	mrna
A00839:75:H7MFFDSXY:3:1642:31901:29778	chr11	65504251	65504400	False	341	150M	255	0	5	0.11625554412603378	ambig_opp_strand	unspliced	-1	12	.	.	.	mrna
A00839:75:H7MFFDSXY:3:2445:31385:36025	chr11	65500834	65500983	False	282	150M	255	0	9	0.9294050931930542	ambig_opp_strand	unspliced	3419	13	ENST00000698129.1	TALAM1	ENSG00000289740.1	mrna
A00839:75:H7MFFDSXY:3:1324:11948:25128	chr11	65506149	65506298	False	327	150M	255	0	9	0.926156759262085	ambig_opp_strand	unspliced	3419	3	ENST00000698129.1	TALAM1	ENSG00000289740.1	mrna
A00839:75:H7MFFDSXY:3:2536:27172:9220	chr11	65501837	65501986	False	422	150M	255	0	5	0.6302878856658936	ambig_opp_strand	unspliced	-1	20	.	.	.	mrna
A00839:75:H7MFFDSXY:3:2236:4698:36777	chr11	65503146	65503295	False	263	150M	255	0	9	0.9544923305511475	ambig_opp_strand	unspliced	3419	27	ENST00000698129.1	TALAM1	ENSG00000289740.1	mrna
A00839:75:H7MFFDSXY:3:1631:24071:34914	chr11	65505439	65505588	False	194	150M	255	0	9	0.9541476368904114	ambig_opp_strand	unspliced	3419	8	ENST00000698129.1	TALAM1	ENSG00000289740.1	mrna
A00839:75:H7MFFDSXY:3:2220:31394:2754	chr11	65500494	65500643	True	-416	150M	255	0	3	0.5244982838630676	ambig_opp_strand	unspliced	3419	26	ENST00000710935.1	MALAT1	ENSG00000251562.11	mrna
A00839:75:H7MFFDSXY:3:2202:14950:24846	chr11	65501247	65501370	True	-390	26S124M	255	0	3	0.25235313177108765	ambig_opp_strand	unspliced	3419	13	ENST00000710943.1	MALAT1	ENSG00000251562.11	mrna
A00839:75:H7MFFDSXY:3:1414:24225:16172	chr11	65500133	65500282	True	-295	150M	255	0	3	0.5393062233924866	ambig_opp_strand	unspliced	3419	26	ENST00000710935.1	MALAT1	ENSG00000251562.11	mrna
A00839:75:H7MFFDSXY:3:1621:26458:31438	chr11	65505939	65506088	True	-320	150M	255	0	3	0.5170208215713501	ambig_opp_strand	unspliced	3419	6	ENST00000618132.2	MALAT1	ENSG00000251562.11	mrna
A00839:75:H7MFFDSXY:3:1658:25174:7576	chr11	65504048	65504197	True	-309	150M	255	0	3	0.6056118011474609	ambig_opp_strand	unspliced	3419	17	ENST00000618132.2	MALAT1	ENSG00000251562.11	mrna
A00839:75:H7MFFDSXY:3:1319:15817:18490	chr11	65505593	65505742	False	501	150M	255	0	9	0.4337221086025238	ambig_opp_strand	unspliced	3419	6	ENST00000698129.1	TALAM1	ENSG00000289740.1	mrna
A00839:75:H7MFFDSXY:3:2665:14434:4977	chr11	65500710	65500859	False	382	150M	255	0	5	0.5242793560028076	ambig_opp_strand	unspliced	-1	13	.	.	.	mrna
A00839:75:H7MFFDSXY:3:1245:10926:31782	chr11	65503932	65504081	True	-285	150M	255	0	3	0.6059491634368896	ambig_opp_strand	unspliced	3419	17	ENST00000618132.2	MALAT1	ENSG00000251562.11	mrna
A00839:75:H7MFFDSXY:3:2215:10357:18834	chr11	65501144	65501293	False	305	150M	255	2	9	0.9308397173881531	ambig_opp_strand	unspliced	3419	16	ENST00000698129.1	TALAM1	ENSG00000289740.1	mrna
A00839:75:H7MFFDSXY:3:1244:24587:24815	chr11	65505497	65505646	False	223	150M	255	0	9	0.9554327726364136	ambig_opp_strand	unspliced	3419	6	ENST00000698129.1	TALAM1	ENSG00000289740.1	mrna
A00839:75:H7MFFDSXY:3:2676:5764:16172	chr11	65502192	65502341	False	220	150M	255	0	9	0.9693599939346313	ambig_opp_strand	unspliced	3419	13	ENST00000698129.1	TALAM1	ENSG00000289740.1	mrna
A00839:75:H7MFFDSXY:3:1508:8006:30044	chr11	65503268	65503417	True	-432	150M	255	0	3	0.7915396094322205	ambig_opp_strand	unspliced	3419	18	ENST00000618132.2	MALAT1	ENSG00000251562.11	mrna
A00839:75:H7MFFDSXY:3:2277:15510:4053	chr11	65501124	65501270	False	429	147M3S	255	1	5	0.6012531518936157	ambig_opp_strand	unspliced	-1	15	.	.	.	mrna
A00839:75:H7MFFDSXY:3:2512:31729:29919	chr11	65503972	65504121	True	-317	150M	255	0	3	0.6054383516311646	ambig_opp_strand	unspliced	3419	17	ENST00000618132.2	MALAT1	ENSG00000251562.11	mrna
A00839:75:H7MFFDSXY:3:1534:27471:12085	chr11	65504593	65504742	True	-325	150M	255	0	3	0.4267370402812958	ambig_opp_strand	unspliced	3419	20	ENST00000618132.2	MALAT1	ENSG00000251562.11	mrna
A00839:75:H7MFFDSXY:3:1449:21323:5509	chr11	65502734	65502883	True	-356	150M	255	0	3	0.9374551773071289	ambig_opp_strand	unspliced	3419	15	ENST00000618132.2	MALAT1	ENSG00000251562.11	mrna
A00839:75:H7MFFDSXY:3:1638:1000:27993	chr11	65505762	65505911	False	242	150M	255	1	9	0.9544700980186462	ambig_opp_strand	unspliced	3419	6	ENST00000698129.1	TALAM1	ENSG00000289740.1	mrna
A00839:75:H7MFFDSXY:3:1658:1515:32236	chr11	65504638	65504787	True	-304	150M	255	0	3	0.4269973039627075	ambig_opp_strand	unspliced	3419	20	ENST00000618132.2	MALAT1	ENSG00000251562.11	mrna
A00839:75:H7MFFDSXY:3:1653:2013:36667	chr11	65504438	65504587	True	-264	150M	255	0	3	0.2265830934047699	ambig_opp_strand	unspliced	3419	22	ENST00000710949.1	MALAT1	ENSG00000251562.11	mrna
A00839:75:H7MFFDSXY:3:1651:22733:29121	chr11	65505603	65505752	True	-300	150M	255	0	3	0.21522894501686096	ambig_opp_strand	unspliced	3419	6	ENST00000710951.1	MALAT1	ENSG00000251562.11	mrna
A00839:75:H7MFFDSXY:3:1443:29351:15843	chr11	65504890	65505039	True	-304	150M	255	0	3	0.3660735785961151	ambig_opp_strand	unspliced	3419	19	ENST00000618132.2	MALAT1	ENSG00000251562.11	mrna
A00839:75:H7MFFDSXY:3:1256:29369:22983	chr11	65505863	65506012	False	264	150M	255	0	9	0.9662025570869446	ambig_opp_strand	unspliced	3419	5	ENST00000698129.1	TALAM1	ENSG00000289740.1	mrna
A00839:75:H7MFFDSXY:3:2429:13187:28369	chr11	65505041	65505170	True	-130	130M	255	0	3	0.3659311532974243	ambig_opp_strand	unspliced	3419	19	ENST00000618132.2	MALAT1	ENSG00000251562.11	mrna
A00839:75:H7MFFDSXY:3:2678:32759:18897	chr11	65501149	65501298	False	271	150M	255	0	9	0.9496215581893921	ambig_opp_strand	unspliced	3419	16	ENST00000698129.1	TALAM1	ENSG00000289740.1	mrna
A00839:75:H7MFFDSXY:3:1449:1362:18599	chr11	65504984	65505132	True	-471	149M	255	0	3	0.0834059938788414	ambig_opp_strand	spliced_implicit	3419	17	ENST00000710943.1	MALAT1	ENSG00000251562.11	mrna
A00839:75:H7MFFDSXY:3:1619:1371:34147	chr11	65501248	65501397	False	261	150M	255	0	9	0.9525613188743591	ambig_opp_strand	unspliced	3419	16	ENST00000698129.1	TALAM1	ENSG00000289740.1	mrna
A00839:75:H7MFFDSXY:3:2331:31575:22420	chr11	65500855	65501004	False	354	150M	255	0	9	0.7954477667808533	ambig_opp_strand	unspliced	3419	11	ENST00000698129.1	TALAM1	ENSG00000289740.1	mrna
A00839:75:H7MFFDSXY:3:1450:9625:17534	chr11	65504891	65505040	False	257	150M	255	0	9	0.9397133588790894	ambig_opp_strand	unspliced	3419	19	ENST00000698129.1	TALAM1	ENSG00000289740.1	mrna
A00839:75:H7MFFDSXY:3:2531:11831:15060	chr11	65503018	65503167	True	-373	150M	255	0	3	0.8350784778594971	ambig_opp_strand	unspliced	3419	16	ENST00000618132.2	MALAT1	ENSG00000251562.11	mrna
A00839:75:H7MFFDSXY:3:2429:3640:4100	chr11	65504803	65504952	False	427	150M	255	0	9	0.3778850734233856	ambig_opp_strand	unspliced	3419	19	ENST00000698129.1	TALAM1	ENSG00000289740.1	mrna
A00839:75:H7MFFDSXY:3:1534:31584:16736	chr11	65506405	65506554	True	-385	150M	255	0	5	0.6008041501045227	ambig_opp_strand	unspliced	-1	3	.	.	.	mrna
A00839:75:H7MFFDSXY:3:2149:11586:18991	chr11	65502308	65502457	False	193	150M	255	0	9	0.9678698778152466	ambig_opp_strand	unspliced	3419	14	ENST00000698129.1	TALAM1	ENSG00000289740.1	mrna
A00839:75:H7MFFDSXY:3:1418:25979:20212	chr11	65500469	65500618	True	-369	150M	255	0	3	0.5347539186477661	ambig_opp_strand	unspliced	3419	26	ENST00000710935.1	MALAT1	ENSG00000251562.11	mrna
A00839:75:H7MFFDSXY:3:1329:11903:34507	chr11	65502193	65502342	False	268	150M	255	0	9	0.9630414247512817	ambig_opp_strand	unspliced	3419	13	ENST00000698129.1	TALAM1	ENSG00000289740.1	mrna
A00839:75:H7MFFDSXY:3:2331:9480:4977	chr11	65503977	65504126	False	278	150M	255	0	9	0.9660224318504333	ambig_opp_strand	unspliced	3419	12	ENST00000698129.1	TALAM1	ENSG00000289740.1	mrna
A00839:75:H7MFFDSXY:3:2362:15646:36918	chr11	65501697	65501846	False	432	150M	255	0	9	0.38614970445632935	ambig_opp_strand	unspliced	3419	18	ENST00000698129.1	TALAM1	ENSG00000289740.1	mrna
A00839:75:H7MFFDSXY:3:2269:19262:30185	chr11	65504620	65504769	False	318	150M	255	0	9	0.9082369208335876	ambig_opp_strand	unspliced	3419	19	ENST00000698129.1	TALAM1	ENSG00000289740.1	mrna
A00839:75:H7MFFDSXY:3:1317:29830:6840	chr11	65500804	65500953	False	287	150M	255	0	9	0.9274031519889832	ambig_opp_strand	unspliced	3419	13	ENST00000698129.1	TALAM1	ENSG00000289740.1	mrna
A00839:75:H7MFFDSXY:3:2116:3712:25175	chr11	65504437	65504586	False	257	150M	255	0	9	0.9456899166107178	ambig_opp_strand	unspliced	3419	20	ENST00000698129.1	TALAM1	ENSG00000289740.1	mrna
A00839:75:H7MFFDSXY:3:1345:17390:25504	chr11	65501027	65501176	False	307	150M	255	0	5	0.041952233761548996	ambig_opp_strand	unspliced	-1	16	.	.	.	mrna
A00839:75:H7MFFDSXY:3:2144:1551:19460	chr11	65505865	65506012	True	-314	148M2S	255	0	3	0.5171318054199219	ambig_opp_strand	unspliced	3419	6	ENST00000618132.2	MALAT1	ENSG00000251562.11	mrna
A00839:75:H7MFFDSXY:3:2221:4038:14747	chr11	65505529	65505678	True	-163	150M	255	0	3	0.5175138115882874	ambig_opp_strand	unspliced	3419	6	ENST00000618132.2	MALAT1	ENSG00000251562.11	mrna
A00839:75:H7MFFDSXY:3:1115:23131:22514	chr11	65503506	65503655	True	-445	150M	255	0	3	0.5755638480186462	ambig_opp_strand	unspliced	3419	22	ENST00000618132.2	MALAT1	ENSG00000251562.11	mrna
A00839:75:H7MFFDSXY:3:2341:21621:26944	chr11	65502173	65502294	True	-122	122M	255	0	3	0.5393247008323669	ambig_opp_strand	unspliced	3419	22	ENST00000618132.2	MALAT1	ENSG00000251562.11	mrna
A00839:75:H7MFFDSXY:3:1144:18692:2769	chr11	65503798	65503947	True	-314	150M	255	0	3	0.6055054068565369	ambig_opp_strand	unspliced	3419	17	ENST00000618132.2	MALAT1	ENSG00000251562.11	mrna
A00839:75:H7MFFDSXY:3:2669:1407:22467	chr11	65501072	65501213	True	-354	142M8S	255	0	3	0.09645472466945648	ambig_opp_strand	unspliced	3419	11	ENST00000508832.3	MALAT1	ENSG00000251562.11	mrna
A00839:75:H7MFFDSXY:3:1277:11324:15781	chr11	65503792	65503941	False	367	150M	255	0	9	0.6736441850662231	ambig_opp_strand	unspliced	3419	17	ENST00000698129.1	TALAM1	ENSG00000289740.1	mrna
A00839:75:H7MFFDSXY:3:1376:23095:33786	chr11	65504676	65504825	True	-244	150M	255	1	3	0.42721131443977356	ambig_opp_strand	unspliced	3419	20	ENST00000618132.2	MALAT1	ENSG00000251562.11	mrna
A00839:75:H7MFFDSXY:3:1432:8712:25097	chr11	65504968	65505117	False	379	150M	255	1	9	0.5024784803390503	ambig_opp_strand	unspliced	3419	15	ENST00000698129.1	TALAM1	ENSG00000289740.1	mrna
A00839:75:H7MFFDSXY:3:2541:2040:4366	chr11	65502788	65502937	False	370	150M	255	0	9	0.6361919045448303	ambig_opp_strand	unspliced	3419	16	ENST00000698129.1	TALAM1	ENSG00000289740.1	mrna
A00839:75:H7MFFDSXY:3:1561:28628:20228	chr11	65504742	65504891	True	-221	150M	255	0	3	0.3626194894313812	ambig_opp_strand	unspliced	3419	21	ENST00000618132.2	MALAT1	ENSG00000251562.11	mrna
A00839:75:H7MFFDSXY:3:1576:18105:14653	chr11	65505448	65505589	False	142	142M	255	0	9	0.9321983456611633	ambig_opp_strand	unspliced	3419	8	ENST00000698129.1	TALAM1	ENSG00000289740.1	mrna
A00839:75:H7MFFDSXY:3:2130:28899:18098	chr11	65501962	65502111	False	350	150M	255	0	9	0.8137507438659668	ambig_opp_strand	unspliced	3419	21	ENST00000698129.1	TALAM1	ENSG00000289740.1	mrna
A00839:75:H7MFFDSXY:3:1163:24469:8108	chr11	65503286	65503435	True	-158	150M	255	0	3	0.2825188934803009	ambig_opp_strand	unspliced	3419	27	ENST00000710862.1	MALAT1	ENSG00000251562.11	mrna
A00839:75:H7MFFDSXY:3:2218:18466:23390	chr11	65501461	65501610	True	-297	150M	255	0	3	0.5439781546592712	ambig_opp_strand	unspliced	3419	16	ENST00000618132.2	MALAT1	ENSG00000251562.11	mrna
A00839:75:H7MFFDSXY:3:2241:8639:34021	chr11	65501395	65501544	False	384	150M	255	0	5	0.5332742929458618	ambig_opp_strand	unspliced	-1	16	.	.	.	mrna
A00839:75:H7MFFDSXY:3:2205:26115:36573	chr11	65504952	65505101	True	-249	150M	255	0	3	0.07093409448862076	ambig_opp_strand	unspliced	3419	19	ENST00000710949.1	MALAT1	ENSG00000251562.11	mrna
A00839:75:H7MFFDSXY:3:1440:12020:31548	chr11	65500855	65501004	False	318	150M	255	0	9	0.9002113938331604	ambig_opp_strand	unspliced	3419	13	ENST00000698129.1	TALAM1	ENSG00000289740.1	mrna
A00839:75:H7MFFDSXY:3:2204:29532:23547	chr11	65502609	65502755	False	207	147M2S	255	3	9	0.9689417481422424	ambig_opp_strand	unspliced	3419	15	ENST00000698129.1	TALAM1	ENSG00000289740.1	mrna
A00839:75:H7MFFDSXY:3:1517:1759:4351	chr11	65502322	65502471	True	-374	150M	255	0	3	0.9260188937187195	ambig_opp_strand	unspliced	3419	11	ENST00000618132.2	MALAT1	ENSG00000251562.11	mrna
A00839:75:H7MFFDSXY:3:1345:17210:37059	chr11	65504167	65504316	False	429	150M	255	0	9	0.3895988166332245	ambig_opp_strand	unspliced	3419	12	ENST00000698129.1	TALAM1	ENSG00000289740.1	mrna
A00839:75:H7MFFDSXY:3:1671:25798:2112	chr11	65505889	65506038	False	210	150M	255	0	9	0.9552491903305054	ambig_opp_strand	unspliced	3419	6	ENST00000698129.1	TALAM1	ENSG00000289740.1	mrna
A00839:75:H7MFFDSXY:3:2447:9408:12023	chr11	65500228	65500377	False	392	150M	255	0	9	0.38393211364746094	ambig_opp_strand	unspliced	3419	26	ENST00000698129.1	TALAM1	ENSG00000289740.1	mrna
A00839:75:H7MFFDSXY:3:1425:10077:3599	chr11	65503123	65503272	True	-295	150M	255	0	3	0.8354218006134033	ambig_opp_strand	unspliced	3419	18	ENST00000618132.2	MALAT1	ENSG00000251562.11	mrna
A00839:75:H7MFFDSXY:3:1470:12427:9392	chr11	65500695	65500844	True	-277	150M	255	0	3	0.07815252989530563	ambig_opp_strand	unspliced	3419	13	ENST00000710943.1	MALAT1	ENSG00000251562.11	mrna
A00839:75:H7MFFDSXY:3:1441:29930:6167	chr11	65503455	65503604	False	294	150M	255	0	9	0.9420018792152405	ambig_opp_strand	unspliced	3419	23	ENST00000698129.1	TALAM1	ENSG00000289740.1	mrna
A00839:75:H7MFFDSXY:3:1252:11487:25864	chr11	65503509	65503658	True	-263	150M	255	0	3	0.28364837169647217	ambig_opp_strand	unspliced	3419	23	ENST00000710862.1	MALAT1	ENSG00000251562.11	mrna
A00839:75:H7MFFDSXY:3:1529:15609:12837	chr11	65501461	65501610	False	333	150M	255	0	9	0.8858213424682617	ambig_opp_strand	unspliced	3419	17	ENST00000698129.1	TALAM1	ENSG00000289740.1	mrna
A00839:75:H7MFFDSXY:3:2608:25446:13150	chr11	65500725	65500874	False	162	150M	255	0	9	0.932371973991394	ambig_opp_strand	unspliced	3419	13	ENST00000698129.1	TALAM1	ENSG00000289740.1	mrna
A00839:75:H7MFFDSXY:3:2640:14461:26318	chr11	65501677	65501826	True	-266	150M	255	2	3	0.543418824672699	ambig_opp_strand	unspliced	3419	18	ENST00000618132.2	MALAT1	ENSG00000251562.11	mrna
A00839:75:H7MFFDSXY:3:1623:3097:9799	chr11	65503156	65503305	False	163	150M	255	0	9	0.9513011574745178	ambig_opp_strand	unspliced	3419	27	ENST00000698129.1	TALAM1	ENSG00000289740.1	mrna
A00839:75:H7MFFDSXY:3:1439:18096:6370	chr11	65500732	65500881	True	-405	150M	255	0	3	0.6946854591369629	ambig_opp_strand	unspliced	3419	12	ENST00000710933.1	MALAT1	ENSG00000251562.11	mrna
A00839:75:H7MFFDSXY:3:1260:11442:6684	chr11	65503797	65503946	True	-318	150M	255	0	3	0.28909140825271606	ambig_opp_strand	unspliced	3419	17	ENST00000710862.1	MALAT1	ENSG00000251562.11	mrna
A00839:75:H7MFFDSXY:3:1242:1705:12837	chr11	65503664	65503813	True	-266	150M	255	0	3	0.59587562084198	ambig_opp_strand	unspliced	3419	19	ENST00000618132.2	MALAT1	ENSG00000251562.11	mrna
A00839:75:H7MFFDSXY:3:2260:24496:32299	chr11	65504220	65504368	True	-289	149M	255	0	9	0.05844951793551445	ambig_opp_strand	unspliced	3419	12	ENST00000534336.3	MALAT1	ENSG00000251562.11	mrna
A00839:75:H7MFFDSXY:3:1663:9697:29309	chr11	65500308	65500457	False	237	150M	255	0	9	0.9468569755554199	ambig_opp_strand	unspliced	3419	26	ENST00000698129.1	TALAM1	ENSG00000289740.1	mrna
A00839:75:H7MFFDSXY:3:2635:8639:33739	chr11	65504465	65504614	False	219	150M	255	0	9	0.9490272402763367	ambig_opp_strand	unspliced	3419	20	ENST00000698129.1	TALAM1	ENSG00000289740.1	mrna
A00839:75:H7MFFDSXY:3:1477:18322:9079	chr11	65504755	65504904	False	330	150M	255	0	9	0.8826371431350708	ambig_opp_strand	unspliced	3419	19	ENST00000698129.1	TALAM1	ENSG00000289740.1	mrna
A00839:75:H7MFFDSXY:3:1375:4616:20165	chr11	65505829	65505978	False	200	150M	255	0	9	0.9546735286712646	ambig_opp_strand	unspliced	3419	6	ENST00000698129.1	TALAM1	ENSG00000289740.1	mrna
A00839:75:H7MFFDSXY:3:2364:7455:1344	chr11	65505847	65505996	True	-186	150M	255	0	3	0.5175842642784119	ambig_opp_strand	unspliced	3419	6	ENST00000618132.2	MALAT1	ENSG00000251562.11	mrna
A00839:75:H7MFFDSXY:3:1674:22860:7889	chr11	65500025	65500174	False	433	150M	255	0	9	0.3900116980075836	ambig_opp_strand	unspliced	3419	26	ENST00000698129.1	TALAM1	ENSG00000289740.1	mrna
A00839:75:H7MFFDSXY:3:2457:26422:11115	chr11	65502127	65502276	False	381	150M	255	0	9	0.497279554605484	ambig_opp_strand	unspliced	3419	11	ENST00000698129.1	TALAM1	ENSG00000289740.1	mrna
A00839:75:H7MFFDSXY:3:1527:12798:34209	chr11	65504739	65504888	True	-314	150M	255	0	3	0.11636658012866974	ambig_opp_strand	unspliced	3419	19	ENST00000710944.1	MALAT1	ENSG00000251562.11	mrna
A00839:75:H7MFFDSXY:3:1204:1895:18991	chr11	65502124	65502273	False	388	150M	255	0	5	0.5903534889221191	ambig_opp_strand	unspliced	-1	11	.	.	.	mrna
A00839:75:H7MFFDSXY:3:1308:30101:6151	chr11	65500580	65500729	True	-539	150M	255	0	3	0.5396279096603394	ambig_opp_strand	spliced_implicit	3419	25	ENST00000710935.1	MALAT1	ENSG00000251562.11	mrna
A00839:75:H7MFFDSXY:3:2114:3179:27727	chr11	65505799	65505948	True	-263	150M	255	0	3	0.517554759979248	ambig_opp_strand	unspliced	3419	6	ENST00000618132.2	MALAT1	ENSG00000251562.11	mrna
A00839:75:H7MFFDSXY:3:2556:4255:27618	chr11	65505459	65505608	False	357	150M	255	0	9	0.7691699266433716	ambig_opp_strand	unspliced	3419	6	ENST00000698129.1	TALAM1	ENSG00000289740.1	mrna
A00839:75:H7MFFDSXY:3:1528:5430:14184	chr11	65506279	65506428	False	213	150M	255	0	9	0.9859755635261536	ambig_opp_strand	unspliced	3419	3	ENST00000698129.1	TALAM1	ENSG00000289740.1	mrna
A00839:75:H7MFFDSXY:3:2464:14389:21089	chr11	65506469	65506618	False	399	150M	255	0	5	0.6433772444725037	ambig_opp_strand	unspliced	-1	3	.	.	.	mrna
A00839:75:H7MFFDSXY:3:1262:30897:19241	chr11	65500954	65501103	True	-263	150M	255	0	3	0.07815863192081451	ambig_opp_strand	unspliced	3419	13	ENST00000710943.1	MALAT1	ENSG00000251562.11	mrna
A00839:75:H7MFFDSXY:3:1251:27832:17378	chr11	65505744	65505893	False	288	150M	255	0	9	0.9418829679489136	ambig_opp_strand	unspliced	3419	6	ENST00000698129.1	TALAM1	ENSG00000289740.1	mrna
A00839:75:H7MFFDSXY:3:2645:3531:18818	chr11	65505637	65505786	True	-342	150M	255	0	3	0.5162003040313721	ambig_opp_strand	unspliced	3419	6	ENST00000618132.2	MALAT1	ENSG00000251562.11	mrna
A00839:75:H7MFFDSXY:3:2342:7021:26929	chr11	65501089	65501238	False	168	150M	255	0	9	0.9506396651268005	ambig_opp_strand	unspliced	3419	16	ENST00000698129.1	TALAM1	ENSG00000289740.1	mrna
A00839:75:H7MFFDSXY:3:1533:4047:25191	chr11	65503513	65503662	False	444	150M	255	0	5	0.6191124320030212	ambig_opp_strand	unspliced	-1	17	.	.	.	mrna
A00839:75:H7MFFDSXY:3:2165:25409:3881	chr11	65500851	65501000	False	260	150M	255	0	9	0.9362587332725525	ambig_opp_strand	unspliced	3419	13	ENST00000698129.1	TALAM1	ENSG00000289740.1	mrna
A00839:75:H7MFFDSXY:3:1507:22101:13182	chr11	65501087	65501236	True	-354	150M	255	2	3	0.26853278279304504	ambig_opp_strand	unspliced	3419	11	ENST00000710943.1	MALAT1	ENSG00000251562.11	mrna
A00839:75:H7MFFDSXY:3:1119:10926:30373	chr11	65503488	65503637	True	-398	150M	255	0	3	0.27288109064102173	ambig_opp_strand	unspliced	3419	22	ENST00000710862.1	MALAT1	ENSG00000251562.11	mrna
A00839:75:H7MFFDSXY:3:1460:32678:14685	chr11	65500291	65500440	True	-189	150M	255	0	3	0.5394806265830994	ambig_opp_strand	unspliced	3419	26	ENST00000710935.1	MALAT1	ENSG00000251562.11	mrna
A00839:75:H7MFFDSXY:3:2341:21441:15765	chr11	65500021	65500170	True	-350	150M	255	0	3	0.60517817735672	ambig_opp_strand	unspliced	3419	25	ENST00000710935.1	MALAT1	ENSG00000251562.11	mrna
A00839:75:H7MFFDSXY:3:1207:23610:10191	chr11	65506302	65506451	False	285	150M	255	0	9	0.9730455279350281	ambig_opp_strand	unspliced	3419	3	ENST00000698129.1	TALAM1	ENSG00000289740.1	mrna
A00839:75:H7MFFDSXY:3:1527:4996:25488	chr11	65503206	65503355	False	301	150M	255	0	9	0.9364948272705078	ambig_opp_strand	unspliced	3419	27	ENST00000698129.1	TALAM1	ENSG00000289740.1	mrna
A00839:75:H7MFFDSXY:3:1574:11568:23563	chr11	65505859	65506008	True	-173	150M	255	0	3	0.21532396972179413	ambig_opp_strand	unspliced	3419	6	ENST00000710951.1	MALAT1	ENSG00000251562.11	mrna
A00839:75:H7MFFDSXY:3:2347:8287:13432	chr11	65500580	65500729	True	-158	150M	255	0	3	0.2915170192718506	ambig_opp_strand	unspliced	3419	29	ENST00000710935.1	MALAT1	ENSG00000251562.11	mrna
A00839:75:H7MFFDSXY:3:2378:26865:7748	chr11	65504469	65504618	False	402	150M	255	1	5	0.6107288002967834	ambig_opp_strand	unspliced	-1	20	.	.	.	mrna
A00839:75:H7MFFDSXY:3:1262:7473:16031	chr11	65501101	65501250	False	392	150M	255	0	9	0.3854447603225708	ambig_opp_strand	unspliced	3419	16	ENST00000698129.1	TALAM1	ENSG00000289740.1	mrna
A00839:75:H7MFFDSXY:3:2575:25120:22983	chr11	65505782	65505931	True	-349	150M	255	0	3	0.5155411958694458	ambig_opp_strand	unspliced	3419	6	ENST00000618132.2	MALAT1	ENSG00000251562.11	mrna
A00839:75:H7MFFDSXY:3:1104:32669:12195	chr11	65506176	65506325	True	-174	150M	255	0	3	0.44632676243782043	ambig_opp_strand	unspliced	3419	5	ENST00000710951.1	MALAT1	ENSG00000251562.11	mrna
A00839:75:H7MFFDSXY:3:1254:16052:13197	chr11	65505016	65505165	True	-205	150M	255	0	3	0.08326603472232819	ambig_opp_strand	unspliced	3419	19	ENST00000710943.1	MALAT1	ENSG00000251562.11	mrna
A00839:75:H7MFFDSXY:3:1141:1353:27038	chr11	65500626	65500775	True	-315	150M	255	0	3	0.45934170484542847	ambig_opp_strand	unspliced	3419	25	ENST00000710933.1	MALAT1	ENSG00000251562.11	mrna
A00839:75:H7MFFDSXY:3:1457:29776:28980	chr11	65501055	65501201	True	-147	147M	255	0	3	0.1218910664319992	ambig_opp_strand	unspliced	3419	18	ENST00000710862.1	MALAT1	ENSG00000251562.11	mrna
A00839:75:H7MFFDSXY:3:1159:16893:5603	chr11	65504607	65504756	False	421	150M	255	0	5	0.6352314949035645	ambig_opp_strand	unspliced	-1	16	.	.	.	mrna
A00839:75:H7MFFDSXY:3:1352:27606:24095	chr11	65501986	65502135	False	397	150M	255	0	9	0.38032734394073486	ambig_opp_strand	unspliced	3419	21	ENST00000698129.1	TALAM1	ENSG00000289740.1	mrna
A00839:75:H7MFFDSXY:3:2377:13756:7279	chr11	65502305	65502454	True	-397	150M	255	0	3	0.8936441540718079	ambig_opp_strand	unspliced	3419	11	ENST00000618132.2	MALAT1	ENSG00000251562.11	mrna
A00839:75:H7MFFDSXY:3:1221:17246:10942	chr11	65505292	65505441	False	442	150M	255	0	5	0.608096718788147	ambig_opp_strand	unspliced	-1	6	.	.	.	mrna
A00839:75:H7MFFDSXY:3:1543:19036:29168	chr11	65504728	65504877	False	240	150M	255	0	9	0.9417703151702881	ambig_opp_strand	unspliced	3419	22	ENST00000698129.1	TALAM1	ENSG00000289740.1	mrna
A00839:75:H7MFFDSXY:3:1445:29487:5556	chr11	65503807	65503956	False	279	150M	255	0	9	0.9498462677001953	ambig_opp_strand	unspliced	3419	17	ENST00000698129.1	TALAM1	ENSG00000289740.1	mrna
A00839:75:H7MFFDSXY:3:2245:3477:10300	chr11	65505858	65506007	True	-454	150M	255	0	3	0.2384345829486847	ambig_opp_strand	unspliced	3419	6	ENST00000710862.1	MALAT1	ENSG00000251562.11	mrna
A00839:75:H7MFFDSXY:3:2335:29116:5321	chr11	65501479	65501628	False	328	150M	255	0	9	0.8985511660575867	ambig_opp_strand	unspliced	3419	17	ENST00000698129.1	TALAM1	ENSG00000289740.1	mrna
A00839:75:H7MFFDSXY:3:1301:16025:31532	chr11	65505596	65505745	True	-304	150M	255	0	3	0.517285168170929	ambig_opp_strand	unspliced	3419	6	ENST00000618132.2	MALAT1	ENSG00000251562.11	mrna
A00839:75:H7MFFDSXY:3:2572:30282:16955	chr11	65504764	65504913	False	408	150M	255	0	5	0.6216660141944885	ambig_opp_strand	unspliced	-1	19	.	.	.	mrna
A00839:75:H7MFFDSXY:3:2533:31647:27618	chr11	65504568	65504717	True	-326	150M	255	0	3	0.09701621532440186	ambig_opp_strand	unspliced	3419	20	ENST00000710943.1	MALAT1	ENSG00000251562.11	mrna
A00839:75:H7MFFDSXY:3:1153:8657:35493	chr11	65501188	65501337	False	323	150M	255	0	9	0.9071448445320129	ambig_opp_strand	unspliced	3419	16	ENST00000698129.1	TALAM1	ENSG00000289740.1	mrna
A00839:75:H7MFFDSXY:3:1241:10547:35039	chr11	65501288	65501437	True	-288	150M	255	0	3	0.5419069528579712	ambig_opp_strand	unspliced	3419	16	ENST00000618132.2	MALAT1	ENSG00000251562.11	mrna
A00839:75:H7MFFDSXY:3:1202:30644:12821	chr11	65504521	65504670	True	-325	150M	255	0	3	0.20377188920974731	ambig_opp_strand	unspliced	3419	20	ENST00000710862.1	MALAT1	ENSG00000251562.11	mrna
A00839:75:H7MFFDSXY:3:2557:26386:35822	chr11	65501089	65501238	False	483	150M	255	0	9	0.40154314041137695	ambig_opp_strand	unspliced	3419	15	ENST00000698129.1	TALAM1	ENSG00000289740.1	mrna
A00839:75:H7MFFDSXY:3:1275:25183:23876	chr11	65504041	65504144	False	104	104M	255	0	9	0.872345507144928	ambig_opp_strand	unspliced	3419	18	ENST00000698129.1	TALAM1	ENSG00000289740.1	mrna
A00839:75:H7MFFDSXY:3:1227:7735:5776	chr11	65504334	65504483	True	-340	150M	255	0	3	0.12553833425045013	ambig_opp_strand	unspliced	3419	12	ENST00000508832.3	MALAT1	ENSG00000251562.11	mrna
A00839:75:H7MFFDSXY:3:2630:30816:23453	chr11	65503684	65503833	False	318	150M	255	0	9	0.9181666970252991	ambig_opp_strand	unspliced	3419	17	ENST00000698129.1	TALAM1	ENSG00000289740.1	mrna
A00839:75:H7MFFDSXY:3:2326:21350:12038	chr11	65505961	65506110	False	407	150M	255	0	9	0.39176011085510254	ambig_opp_strand	unspliced	3419	5	ENST00000698129.1	TALAM1	ENSG00000289740.1	mrna
A00839:75:H7MFFDSXY:3:2569:2175:35321	chr11	65504871	65505020	False	268	150M	255	0	9	0.9369097948074341	ambig_opp_strand	unspliced	3419	19	ENST00000698129.1	TALAM1	ENSG00000289740.1	mrna
A00839:75:H7MFFDSXY:3:2474:17309:15655	chr11	65505654	65505803	False	414	150M	255	0	5	0.6227110028266907	ambig_opp_strand	unspliced	-1	6	.	.	.	mrna
A00839:75:H7MFFDSXY:3:1666:24442:25097	chr11	65505910	65506059	True	-265	150M	255	0	3	0.247133269906044	ambig_opp_strand	unspliced	3419	6	ENST00000710862.1	MALAT1	ENSG00000251562.11	mrna
A00839:75:H7MFFDSXY:3:2114:19831:14293	chr11	65501247	65501372	True	-227	5S126M	255	1	3	0.5420964360237122	ambig_opp_strand	unspliced	3419	16	ENST00000618132.2	MALAT1	ENSG00000251562.11	mrna
A00839:75:H7MFFDSXY:3:2677:5801:2926	chr11	65501525	65501674	False	255	150M	255	0	9	0.9538418650627136	ambig_opp_strand	unspliced	3419	17	ENST00000698129.1	TALAM1	ENSG00000289740.1	mrna
A00839:75:H7MFFDSXY:3:1240:9381:28541	chr11	65504230	65504379	False	434	150M	255	0	5	0.625406801700592	ambig_opp_strand	unspliced	-1	11	.	.	.	mrna
A00839:75:H7MFFDSXY:3:2372:8621:11381	chr11	65500759	65500908	False	287	150M	255	1	9	0.9274030923843384	ambig_opp_strand	unspliced	3419	13	ENST00000698129.1	TALAM1	ENSG00000289740.1	mrna
A00839:75:H7MFFDSXY:3:1320:23610:19460	chr11	65503012	65503161	False	385	150M	255	0	5	0.5615499019622803	ambig_opp_strand	unspliced	-1	18	.	.	.	mrna
A00839:75:H7MFFDSXY:3:2133:11849:1814	chr11	65501657	65501806	True	-192	150M	255	0	3	0.5434737801551819	ambig_opp_strand	unspliced	3419	18	ENST00000618132.2	MALAT1	ENSG00000251562.11	mrna
A00839:75:H7MFFDSXY:3:1318:11812:13526	chr11	65505548	65505697	False	153	150M	255	0	9	0.9419697523117065	ambig_opp_strand	unspliced	3419	6	ENST00000698129.1	TALAM1	ENSG00000289740.1	mrna
A00839:75:H7MFFDSXY:3:2146:31765:5682	chr11	65500428	65500560	False	133	133M	255	0	9	0.879939079284668	ambig_opp_strand	unspliced	3419	27	ENST00000698129.1	TALAM1	ENSG00000289740.1	mrna
A00839:75:H7MFFDSXY:3:1301:15835:1642	chr11	65500790	65500939	False	298	150M	255	0	9	0.9209719300270081	ambig_opp_strand	unspliced	3419	13	ENST00000698129.1	TALAM1	ENSG00000289740.1	mrna
A00839:75:H7MFFDSXY:3:1416:30228:22529	chr11	65500537	65500686	False	303	150M	255	1	9	0.9169553518295288	ambig_opp_strand	unspliced	3419	13	ENST00000698129.1	TALAM1	ENSG00000289740.1	mrna
A00839:75:H7MFFDSXY:3:1120:20509:6731	chr11	65505443	65505592	True	-297	150M	255	0	3	0.5146892070770264	ambig_opp_strand	unspliced	3419	8	ENST00000618132.2	MALAT1	ENSG00000251562.11	mrna
A00839:75:H7MFFDSXY:3:1360:2926:30796	chr11	65505207	65505356	False	291	150M	255	0	9	0.9400122761726379	ambig_opp_strand	unspliced	3419	8	ENST00000698129.1	TALAM1	ENSG00000289740.1	mrna
A00839:75:H7MFFDSXY:3:2224:30581:26929	chr11	65500500	65500649	True	-338	150M	255	0	3	0.09312105178833008	ambig_opp_strand	unspliced	3419	26	ENST00000710943.1	MALAT1	ENSG00000251562.11	mrna
A00839:75:H7MFFDSXY:3:1666:31385:9533	chr11	65500764	65500913	True	-390	150M	255	0	3	0.6976690888404846	ambig_opp_strand	unspliced	3419	13	ENST00000710933.1	MALAT1	ENSG00000251562.11	mrna
A00839:75:H7MFFDSXY:3:1644:30065:20462	chr11	65500971	65501120	False	234	150M	255	0	9	0.9723286032676697	ambig_opp_strand	unspliced	3419	14	ENST00000698129.1	TALAM1	ENSG00000289740.1	mrna
A00839:75:H7MFFDSXY:3:1577:5421:14325	chr11	65505195	65505344	False	232	150M	255	1	9	0.9423578381538391	ambig_opp_strand	unspliced	3419	16	ENST00000698129.1	TALAM1	ENSG00000289740.1	mrna
A00839:75:H7MFFDSXY:3:2254:14841:36526	chr11	65504542	65504691	False	204	150M	255	0	9	0.9486148357391357	ambig_opp_strand	unspliced	3419	20	ENST00000698129.1	TALAM1	ENSG00000289740.1	mrna
A00839:75:H7MFFDSXY:3:2653:21187:24345	chr11	65502737	65502886	False	443	150M	255	0	5	0.6697674989700317	ambig_opp_strand	unspliced	-1	16	.	.	.	mrna
A00839:75:H7MFFDSXY:3:1673:31521:12649	chr11	65505750	65505899	True	-229	150M	255	0	3	0.5176107287406921	ambig_opp_strand	unspliced	3419	6	ENST00000618132.2	MALAT1	ENSG00000251562.11	mrna
A00839:75:H7MFFDSXY:3:2360:26060:4633	chr11	65500801	65500950	False	286	150M	255	1	9	0.9276902675628662	ambig_opp_strand	unspliced	3419	13	ENST00000698129.1	TALAM1	ENSG00000289740.1	mrna
A00839:75:H7MFFDSXY:3:1662:17472:31313	chr11	65506166	65506315	True	-312	150M	255	0	3	0.5114544034004211	ambig_opp_strand	unspliced	3419	5	ENST00000710862.1	MALAT1	ENSG00000251562.11	mrna
A00839:75:H7MFFDSXY:3:1139:11731:5744	chr11	65500304	65500453	False	328	150M	255	0	9	0.8902812004089355	ambig_opp_strand	unspliced	3419	26	ENST00000698129.1	TALAM1	ENSG00000289740.1	mrna
A00839:75:H7MFFDSXY:3:2626:25943:5024	chr11	65503943	65504092	False	358	150M	255	1	5	0.22154788672924042	ambig_opp_strand	unspliced	-1	12	.	.	.	mrna
A00839:75:H7MFFDSXY:3:1416:3938:24940	chr11	65502737	65502881	False	145	145M	255	0	9	0.946127712726593	ambig_opp_strand	unspliced	3419	22	ENST00000698129.1	TALAM1	ENSG00000289740.1	mrna
A00839:75:H7MFFDSXY:3:1227:18756:30248	chr11	65504350	65504499	True	-245	150M	255	0	3	0.7396135330200195	ambig_opp_strand	unspliced	3419	12	ENST00000710862.1	MALAT1	ENSG00000251562.11	mrna
A00839:75:H7MFFDSXY:3:1245:32850:2926	chr11	65500330	65500479	True	-413	150M	255	0	3	0.18983414769172668	ambig_opp_strand	unspliced	3419	26	ENST00000710862.1	MALAT1	ENSG00000251562.11	mrna
A00839:75:H7MFFDSXY:3:2422:16884:18239	chr11	65503685	65503834	True	-318	150M	255	1	3	0.5952394008636475	ambig_opp_strand	unspliced	3419	19	ENST00000618132.2	MALAT1	ENSG00000251562.11	mrna
A00839:75:H7MFFDSXY:3:1651:20265:2988	chr11	65500689	65500838	True	-239	150M	255	0	3	0.7123042345046997	ambig_opp_strand	unspliced	3419	13	ENST00000710933.1	MALAT1	ENSG00000251562.11	mrna
A00839:75:H7MFFDSXY:3:1675:15872:11287	chr11	65501682	65501831	True	-298	150M	255	0	3	0.5437994599342346	ambig_opp_strand	unspliced	3419	17	ENST00000618132.2	MALAT1	ENSG00000251562.11	mrna
A00839:75:H7MFFDSXY:3:1151:7383:27806	chr11	65500960	65501060	False	169	101M49S	255	10	9	0.9345463514328003	ambig_opp_strand	unspliced	3419	15	ENST00000698129.1	TALAM1	ENSG00000289740.1	mrna
A00839:75:H7MFFDSXY:3:1453:21007:16454	chr11	65504979	65505128	True	-224	150M	255	0	3	0.17488287389278412	ambig_opp_strand	unspliced	3419	19	ENST00000710862.1	MALAT1	ENSG00000251562.11	mrna
A00839:75:H7MFFDSXY:3:1156:9136:12179	chr11	65503587	65503736	False	242	150M	255	0	9	0.958479642868042	ambig_opp_strand	unspliced	3419	19	ENST00000698129.1	TALAM1	ENSG00000289740.1	mrna
A00839:75:H7MFFDSXY:3:2265:32904:12915	chr11	65500581	65500730	True	-386	150M	255	0	3	0.527329683303833	ambig_opp_strand	unspliced	3419	26	ENST00000710935.1	MALAT1	ENSG00000251562.11	mrna
A00839:75:H7MFFDSXY:3:1505:21395:11490	chr11	65506437	65506586	True	-317	150M	255	0	9	0.9355435371398926	ambig_opp_strand	unspliced	3419	3	ENST00000534336.3	MALAT1	ENSG00000251562.11	mrna
A00839:75:H7MFFDSXY:3:1137:6117:19789	chr11	65501260	65501409	False	414	150M	255	3	5	0.6230822205543518	ambig_opp_strand	unspliced	-1	16	.	.	.	mrna
A00839:75:H7MFFDSXY:3:1464:5819:22748	chr11	65501075	65501224	True	-427	150M	255	0	5	0.07685742527246475	ambig_opp_strand	unspliced	-1	11	.	.	.	mrna
A00839:75:H7MFFDSXY:3:1520:5394:6104	chr11	65501738	65501887	True	-294	150M	255	0	3	0.2594085931777954	ambig_opp_strand	unspliced	3419	18	ENST00000710862.1	MALAT1	ENSG00000251562.11	mrna
A00839:75:H7MFFDSXY:3:1345:27706:25801	chr11	65505198	65505347	False	367	150M	255	0	9	0.6713632941246033	ambig_opp_strand	unspliced	3419	8	ENST00000698129.1	TALAM1	ENSG00000289740.1	mrna
A00839:75:H7MFFDSXY:3:2333:21694:23625	chr11	65504393	65504542	False	225	150M	255	0	9	0.9489657878875732	ambig_opp_strand	unspliced	3419	20	ENST00000698129.1	TALAM1	ENSG00000289740.1	mrna
A00839:75:H7MFFDSXY:3:1507:27317:23249	chr11	65505680	65505829	False	384	150M	255	0	5	0.532880961894989	ambig_opp_strand	unspliced	-1	6	.	.	.	mrna
A00839:75:H7MFFDSXY:3:1506:14488:17628	chr11	65502983	65503132	False	323	150M	255	0	9	0.916448175907135	ambig_opp_strand	unspliced	3419	18	ENST00000698129.1	TALAM1	ENSG00000289740.1	mrna
A00839:75:H7MFFDSXY:3:1137:31304:11240	chr11	65505219	65505368	True	-303	150M	255	0	3	0.36680299043655396	ambig_opp_strand	unspliced	3419	15	ENST00000618132.2	MALAT1	ENSG00000251562.11	mrna
A00839:75:H7MFFDSXY:3:2133:19298:2159	chr11	65503390	65503539	True	-291	150M	255	1	3	0.2824799120426178	ambig_opp_strand	unspliced	3419	27	ENST00000710862.1	MALAT1	ENSG00000251562.11	mrna
A00839:75:H7MFFDSXY:3:2434:8088:26177	chr11	65501296	65501445	False	280	150M	255	0	9	0.9466519355773926	ambig_opp_strand	unspliced	3419	16	ENST00000698129.1	TALAM1	ENSG00000289740.1	mrna
A00839:75:H7MFFDSXY:3:2503:30110:24612	chr11	65500034	65500183	False	226	150M	255	0	9	0.9473578929901123	ambig_opp_strand	unspliced	3419	26	ENST00000698129.1	TALAM1	ENSG00000289740.1	mrna
A00839:75:H7MFFDSXY:3:1133:19416:7467	chr11	65502464	65502613	False	441	150M	255	0	5	0.6232171654701233	ambig_opp_strand	unspliced	-1	15	.	.	.	mrna
A00839:75:H7MFFDSXY:3:2360:27661:8938	chr11	65501516	65501665	False	178	150M	255	0	3	0.0164490994066	ambig_opp_strand	unspliced	3419	17	ENST00000618132.2	MALAT1	ENSG00000251562.11	mrna
A00839:75:H7MFFDSXY:3:1159:22869:4648	chr11	65505539	65505688	True	-298	150M	255	0	3	0.24704325199127197	ambig_opp_strand	unspliced	3419	6	ENST00000710862.1	MALAT1	ENSG00000251562.11	mrna
A00839:75:H7MFFDSXY:3:2134:30996:24236	chr11	65500524	65500673	True	-339	150M	255	0	3	0.11159736663103104	ambig_opp_strand	unspliced	3419	26	ENST00000710944.1	MALAT1	ENSG00000251562.11	mrna
A00839:75:H7MFFDSXY:3:1445:24288:16626	chr11	65500567	65500716	True	-415	150M	255	0	3	0.19047774374485016	ambig_opp_strand	unspliced	3419	26	ENST00000710862.1	MALAT1	ENSG00000251562.11	mrna
A00839:75:H7MFFDSXY:3:1626:28727:12007	chr11	65503777	65503926	False	401	150M	255	0	5	0.605709433555603	ambig_opp_strand	unspliced	-1	17	.	.	.	mrna
A00839:75:H7MFFDSXY:3:1336:13810:8312	chr11	65501358	65501507	True	-258	150M	255	0	3	0.5420480370521545	ambig_opp_strand	unspliced	3419	16	ENST00000618132.2	MALAT1	ENSG00000251562.11	mrna
A00839:75:H7MFFDSXY:3:1561:23131:33661	chr11	65500196	65500345	True	-225	150M	255	0	3	0.5394987463951111	ambig_opp_strand	unspliced	3419	26	ENST00000710935.1	MALAT1	ENSG00000251562.11	mrna
A00839:75:H7MFFDSXY:3:1431:27064:2957	chr11	65505144	65505293	True	-218	150M	255	0	3	0.08343080431222916	ambig_opp_strand	unspliced	3419	15	ENST00000710943.1	MALAT1	ENSG00000251562.11	mrna
A00839:75:H7MFFDSXY:3:2246:11379:30874	chr11	65505655	65505804	True	-329	150M	255	0	3	0.5167911052703857	ambig_opp_strand	unspliced	3419	6	ENST00000618132.2	MALAT1	ENSG00000251562.11	mrna
A00839:75:H7MFFDSXY:3:1635:15365:19742	chr11	65505230	65505379	False	161	150M	255	0	9	0.9341614246368408	ambig_opp_strand	unspliced	3419	16	ENST00000698129.1	TALAM1	ENSG00000289740.1	mrna
A00839:75:H7MFFDSXY:3:2423:26838:24799	chr11	65500250	65500392	True	-296	7S143M	255	2	3	0.5393000841140747	ambig_opp_strand	unspliced	3419	26	ENST00000710935.1	MALAT1	ENSG00000251562.11	mrna
A00839:75:H7MFFDSXY:3:2678:6524:34522	chr11	65503914	65504063	False	310	150M	255	0	9	0.9435880780220032	ambig_opp_strand	unspliced	3419	12	ENST00000698129.1	TALAM1	ENSG00000289740.1	mrna
A00839:75:H7MFFDSXY:3:2608:21820:36370	chr11	65500721	65500870	False	294	150M	255	0	9	0.9236050844192505	ambig_opp_strand	unspliced	3419	13	ENST00000698129.1	TALAM1	ENSG00000289740.1	mrna
A00839:75:H7MFFDSXY:3:2322:2754:3411	chr11	65501426	65501575	True	-306	150M	255	0	3	0.5438593029975891	ambig_opp_strand	unspliced	3419	16	ENST00000618132.2	MALAT1	ENSG00000251562.11	mrna
A00839:75:H7MFFDSXY:3:2436:24225:4022	chr11	65505777	65505926	True	-394	150M	255	1	3	0.5008861422538757	ambig_opp_strand	unspliced	3419	6	ENST00000618132.2	MALAT1	ENSG00000251562.11	mrna
A00839:75:H7MFFDSXY:3:2341:17833:10708	chr11	65502100	65502249	True	-289	150M	255	0	3	0.5407183170318604	ambig_opp_strand	unspliced	3419	21	ENST00000618132.2	MALAT1	ENSG00000251562.11	mrna
A00839:75:H7MFFDSXY:3:1675:30309:27712	chr11	65505140	65505289	True	-388	150M	255	0	3	0.3586326539516449	ambig_opp_strand	unspliced	3419	15	ENST00000618132.2	MALAT1	ENSG00000251562.11	mrna
A00839:75:H7MFFDSXY:3:2605:8684:26960	chr11	65501269	65501418	True	-342	150M	255	0	3	0.12289680540561676	ambig_opp_strand	unspliced	3419	16	ENST00000710943.1	MALAT1	ENSG00000251562.11	mrna
A00839:75:H7MFFDSXY:3:2116:14814:12085	chr11	65503965	65504114	True	-324	150M	255	0	3	0.605239748954773	ambig_opp_strand	unspliced	3419	17	ENST00000618132.2	MALAT1	ENSG00000251562.11	mrna
A00839:75:H7MFFDSXY:3:2157:12879:11992	chr11	65500665	65500798	False	134	134M	255	0	3	0.0317070372402668	ambig_opp_strand	unspliced	3419	26	ENST00000710933.1	MALAT1	ENSG00000251562.11	mrna
A00839:75:H7MFFDSXY:3:2339:9055:21120	chr11	65500330	65500479	True	-302	150M	255	0	3	0.19584418833255768	ambig_opp_strand	unspliced	3419	26	ENST00000710862.1	MALAT1	ENSG00000251562.11	mrna
A00839:75:H7MFFDSXY:3:1629:24542:29371	chr11	65505918	65506067	True	-426	150M	255	0	3	0.20770478248596191	ambig_opp_strand	unspliced	3419	6	ENST00000710951.1	MALAT1	ENSG00000251562.11	mrna
A00839:75:H7MFFDSXY:3:1121:25446:18286	chr11	65504641	65504790	True	-344	150M	255	0	3	0.4261210262775421	ambig_opp_strand	unspliced	3419	20	ENST00000618132.2	MALAT1	ENSG00000251562.11	mrna
A00839:75:H7MFFDSXY:3:2221:3839:18004	chr11	65501955	65502104	False	327	150M	255	0	9	0.900121808052063	ambig_opp_strand	unspliced	3419	20	ENST00000698129.1	TALAM1	ENSG00000289740.1	mrna
A00839:75:H7MFFDSXY:3:2569:32868:8750	chr11	65501715	65501864	False	236	150M	255	0	9	0.9562828540802002	ambig_opp_strand	unspliced	3419	18	ENST00000698129.1	TALAM1	ENSG00000289740.1	mrna
A00839:75:H7MFFDSXY:3:2357:16957:13761	chr11	65502393	65502542	False	473	150M	255	0	5	0.6099398136138916	ambig_opp_strand	unspliced	-1	13	.	.	.	mrna
A00839:75:H7MFFDSXY:3:2641:30834:26710	chr11	65502159	65502308	True	-324	150M	255	0	3	0.5401802659034729	ambig_opp_strand	unspliced	3419	21	ENST00000618132.2	MALAT1	ENSG00000251562.11	mrna
A00839:75:H7MFFDSXY:3:2236:21088:16908	chr11	65503798	65503947	False	415	150M	255	0	5	0.6153934001922607	ambig_opp_strand	unspliced	-1	12	.	.	.	mrna
A00839:75:H7MFFDSXY:3:2105:4625:1705	chr11	65505172	65505321	True	-295	150M	255	0	3	0.17517226934432983	ambig_opp_strand	unspliced	3419	15	ENST00000710862.1	MALAT1	ENSG00000251562.11	mrna
A00839:75:H7MFFDSXY:3:1220:27877:6684	chr11	65505247	65505396	False	233	150M	255	0	9	0.9547415971755981	ambig_opp_strand	unspliced	3419	8	ENST00000698129.1	TALAM1	ENSG00000289740.1	mrna
A00839:75:H7MFFDSXY:3:2355:8151:9064	chr11	65504292	65504440	True	-328	30M1I119M	255	1	3	0.12592513859272003	ambig_opp_strand	unspliced	3419	12	ENST00000508832.3	MALAT1	ENSG00000251562.11	mrna
A00839:75:H7MFFDSXY:3:2627:11695:25692	chr11	65503430	65503579	True	-228	150M	255	0	3	0.5915346145629883	ambig_opp_strand	unspliced	3419	28	ENST00000618132.2	MALAT1	ENSG00000251562.11	mrna
A00839:75:H7MFFDSXY:3:2508:31132:29074	chr11	65503723	65503872	False	309	150M	255	0	9	0.928826630115509	ambig_opp_strand	unspliced	3419	17	ENST00000698129.1	TALAM1	ENSG00000289740.1	mrna
A00839:75:H7MFFDSXY:3:1232:15085:30561	chr11	65502109	65502258	True	-332	150M	255	1	3	0.25786614418029785	ambig_opp_strand	unspliced	3419	20	ENST00000710862.1	MALAT1	ENSG00000251562.11	mrna
A00839:75:H7MFFDSXY:3:2438:3803:33692	chr11	65505223	65505354	False	132	132M	255	1	9	0.9038529396057129	ambig_opp_strand	unspliced	3419	16	ENST00000698129.1	TALAM1	ENSG00000289740.1	mrna
A00839:75:H7MFFDSXY:3:2478:10276:16031	chr11	65500043	65500192	False	211	150M	255	0	9	0.9472917318344116	ambig_opp_strand	unspliced	3419	26	ENST00000698129.1	TALAM1	ENSG00000289740.1	mrna
A00839:75:H7MFFDSXY:3:2361:19298:4288	chr11	65501819	65501968	True	-171	150M	255	0	3	0.2583150863647461	ambig_opp_strand	unspliced	3419	20	ENST00000710862.1	MALAT1	ENSG00000251562.11	mrna
A00839:75:H7MFFDSXY:3:1463:2546:17863	chr11	65500995	65501144	False	231	150M	255	0	9	0.9724774360656738	ambig_opp_strand	unspliced	3419	13	ENST00000698129.1	TALAM1	ENSG00000289740.1	mrna
A00839:75:H7MFFDSXY:3:2416:12093:17801	chr11	65504045	65504194	True	-200	150M	255	0	3	0.6061037182807922	ambig_opp_strand	unspliced	3419	18	ENST00000618132.2	MALAT1	ENSG00000251562.11	mrna
A00839:75:H7MFFDSXY:3:2146:25247:10019	chr11	65500599	65500748	True	-347	150M	255	0	3	0.10573966056108475	ambig_opp_strand	unspliced	3419	27	ENST00000710862.1	MALAT1	ENSG00000251562.11	mrna
A00839:75:H7MFFDSXY:3:1476:9851:18458	chr11	65504610	65504759	False	269	150M	255	0	9	0.9424636960029602	ambig_opp_strand	unspliced	3419	20	ENST00000698129.1	TALAM1	ENSG00000289740.1	mrna
A00839:75:H7MFFDSXY:3:2166:30761:8797	chr11	65504324	65504473	True	-233	150M	255	0	3	0.7396554946899414	ambig_opp_strand	unspliced	3419	12	ENST00000710862.1	MALAT1	ENSG00000251562.11	mrna
A00839:75:H7MFFDSXY:3:1675:30192:33082	chr11	65505396	65505545	False	484	150M	255	0	9	0.37914568185806274	ambig_opp_strand	unspliced	3419	6	ENST00000698129.1	TALAM1	ENSG00000289740.1	mrna
A00839:75:H7MFFDSXY:3:1449:18945:3897	chr11	65503892	65504041	False	333	150M	255	0	9	0.9022653102874756	ambig_opp_strand	unspliced	3419	12	ENST00000698129.1	TALAM1	ENSG00000289740.1	mrna
A00839:75:H7MFFDSXY:3:1253:15447:12931	chr11	65504991	65505140	True	-320	150M	255	0	3	0.3659411668777466	ambig_opp_strand	unspliced	3419	19	ENST00000618132.2	MALAT1	ENSG00000251562.11	mrna
A00839:75:H7MFFDSXY:3:2508:12319:17566	chr11	65506198	65506347	False	316	150M	255	0	9	0.9451701045036316	ambig_opp_strand	unspliced	3419	3	ENST00000698129.1	TALAM1	ENSG00000289740.1	mrna
A00839:75:H7MFFDSXY:3:2212:4426:31892	chr11	65500855	65501004	False	332	150M	255	0	9	0.8746211528778076	ambig_opp_strand	unspliced	3419	13	ENST00000698129.1	TALAM1	ENSG00000289740.1	mrna
A00839:75:H7MFFDSXY:3:1255:32732:11083	chr11	65504871	65505020	True	-325	150M	255	1	3	0.3660491108894348	ambig_opp_strand	unspliced	3419	21	ENST00000618132.2	MALAT1	ENSG00000251562.11	mrna
A00839:75:H7MFFDSXY:3:1162:26304:33364	chr11	65501709	65501858	True	-309	150M	255	0	3	0.5430501103401184	ambig_opp_strand	unspliced	3419	18	ENST00000618132.2	MALAT1	ENSG00000251562.11	mrna
A00839:75:H7MFFDSXY:3:2324:18123:26584	chr11	65502297	65502446	True	-287	150M	255	0	9	0.035886578261852264	ambig_opp_strand	unspliced	3419	12	ENST00000534336.3	MALAT1	ENSG00000251562.11	mrna
A00839:75:H7MFFDSXY:3:1453:19633:25285	chr11	65504073	65504222	False	154	150M	255	0	9	0.963263750076294	ambig_opp_strand	unspliced	3419	12	ENST00000698129.1	TALAM1	ENSG00000289740.1	mrna
A00839:75:H7MFFDSXY:3:1417:12554:26741	chr11	65504901	65505050	True	-218	150M	255	0	3	0.36623820662498474	ambig_opp_strand	unspliced	3419	19	ENST00000618132.2	MALAT1	ENSG00000251562.11	mrna
A00839:75:H7MFFDSXY:3:2464:21224:6214	chr11	65501100	65501249	False	348	150M	255	0	9	0.8280705809593201	ambig_opp_strand	unspliced	3419	16	ENST00000698129.1	TALAM1	ENSG00000289740.1	mrna
A00839:75:H7MFFDSXY:3:2262:16613:26569	chr11	65500430	65500579	False	371	150M	255	0	5	0.3590486943721771	ambig_opp_strand	unspliced	-1	24	.	.	.	mrna
A00839:75:H7MFFDSXY:3:2572:7817:28745	chr11	65502002	65502151	True	-395	150M	255	0	3	0.5232446789741516	ambig_opp_strand	unspliced	3419	19	ENST00000618132.2	MALAT1	ENSG00000251562.11	mrna
A00839:75:H7MFFDSXY:3:2442:10230:36401	chr11	65502545	65502694	False	324	150M	255	0	9	0.9176816940307617	ambig_opp_strand	unspliced	3419	15	ENST00000698129.1	TALAM1	ENSG00000289740.1	mrna
A00839:75:H7MFFDSXY:3:2523:31693:9283	chr11	65504352	65504501	False	266	150M	255	1	9	0.9435363411903381	ambig_opp_strand	unspliced	3419	20	ENST00000698129.1	TALAM1	ENSG00000289740.1	mrna
A00839:75:H7MFFDSXY:3:2540:28646:6574	chr11	65502293	65502442	False	347	150M	255	0	9	0.8394666910171509	ambig_opp_strand	unspliced	3419	13	ENST00000698129.1	TALAM1	ENSG00000289740.1	mrna
A00839:75:H7MFFDSXY:3:2451:8341:21605	chr11	65504721	65504870	True	-264	150M	255	0	3	0.11639958620071411	ambig_opp_strand	unspliced	3419	20	ENST00000710944.1	MALAT1	ENSG00000251562.11	mrna
A00839:75:H7MFFDSXY:3:2469:25201:3427	chr11	65503413	65503562	False	212	150M	255	0	9	0.9591225385665894	ambig_opp_strand	unspliced	3419	25	ENST00000698129.1	TALAM1	ENSG00000289740.1	mrna
A00839:75:H7MFFDSXY:3:1659:16441:30968	chr11	65503571	65503720	False	258	150M	255	0	5	0.01657874323427677	ambig_opp_strand	unspliced	-1	19	.	.	.	mrna
A00839:75:H7MFFDSXY:3:1668:10710:11459	chr11	65503811	65503960	False	254	150M	255	0	9	0.957116961479187	ambig_opp_strand	unspliced	3419	17	ENST00000698129.1	TALAM1	ENSG00000289740.1	mrna
A00839:75:H7MFFDSXY:3:2324:19171:12336	chr11	65505251	65505400	True	-367	150M	255	0	3	0.08284517377614975	ambig_opp_strand	unspliced	3419	15	ENST00000710943.1	MALAT1	ENSG00000251562.11	mrna
A00839:75:H7MFFDSXY:3:2369:19669:28228	chr11	65500766	65500915	False	217	150M	255	0	9	0.9402832388877869	ambig_opp_strand	unspliced	3419	13	ENST00000698129.1	TALAM1	ENSG00000289740.1	mrna
A00839:75:H7MFFDSXY:3:2377:11198:2033	chr11	65504786	65504935	False	270	150M	255	0	9	0.936318039894104	ambig_opp_strand	unspliced	3419	19	ENST00000698129.1	TALAM1	ENSG00000289740.1	mrna
A00839:75:H7MFFDSXY:3:2557:8070:4006	chr11	65505017	65506532	False	1755	3M1366N147M	3	0	128	0.0	.	unknown	-1	0	.	.	.	mrna
A00839:75:H7MFFDSXY:3:1227:31810:4351	chr11	65500485	65500634	True	-188	150M	255	0	3	0.2915906012058258	ambig_opp_strand	unspliced	3419	27	ENST00000710935.1	MALAT1	ENSG00000251562.11	mrna
A00839:75:H7MFFDSXY:3:1277:29821:30592	chr11	65503616	65503765	False	326	150M	255	0	9	0.9043560028076172	ambig_opp_strand	unspliced	3419	17	ENST00000698129.1	TALAM1	ENSG00000289740.1	mrna
A00839:75:H7MFFDSXY:3:2216:26295:2253	chr11	65504712	65504861	False	311	150M	255	0	9	0.911127507686615	ambig_opp_strand	unspliced	3419	19	ENST00000698129.1	TALAM1	ENSG00000289740.1	mrna
A00839:75:H7MFFDSXY:3:1671:27832:32283	chr11	65504728	65504877	False	301	150M	255	0	9	0.9210054278373718	ambig_opp_strand	unspliced	3419	19	ENST00000698129.1	TALAM1	ENSG00000289740.1	mrna
A00839:75:H7MFFDSXY:3:2350:24216:32659	chr11	65500681	65500830	False	341	150M	255	0	9	0.8451722264289856	ambig_opp_strand	unspliced	3419	13	ENST00000698129.1	TALAM1	ENSG00000289740.1	mrna
A00839:75:H7MFFDSXY:3:1346:11297:33395	chr11	65501247	65501359	True	-267	37S113M	255	0	3	0.5420135259628296	ambig_opp_strand	unspliced	3419	16	ENST00000618132.2	MALAT1	ENSG00000251562.11	mrna
A00839:75:H7MFFDSXY:3:2228:11207:35399	chr11	65502292	65502441	True	-240	150M	255	0	3	0.9505453109741211	ambig_opp_strand	unspliced	3419	13	ENST00000618132.2	MALAT1	ENSG00000251562.11	mrna
A00839:75:H7MFFDSXY:3:1148:16803:5353	chr11	65501429	65501578	False	355	150M	255	0	5	0.1946413367986679	ambig_opp_strand	unspliced	-1	17	.	.	.	mrna
A00839:75:H7MFFDSXY:3:2266:29405:35289	chr11	65504481	65504630	True	-268	150M	255	0	3	0.082737497985363	ambig_opp_strand	unspliced	3419	20	ENST00000710949.1	MALAT1	ENSG00000251562.11	mrna
A00839:75:H7MFFDSXY:3:1646:7048:1517	chr11	65504452	65504601	True	-176	150M	255	0	3	0.08274076133966446	ambig_opp_strand	unspliced	3419	20	ENST00000710949.1	MALAT1	ENSG00000251562.11	mrna
A00839:75:H7MFFDSXY:3:1206:9308:30733	chr11	65500710	65500859	True	-364	150M	255	0	3	0.7085326313972473	ambig_opp_strand	unspliced	3419	12	ENST00000710933.1	MALAT1	ENSG00000251562.11	mrna
A00839:75:H7MFFDSXY:3:2466:5575:8202	chr11	65504447	65504544	True	-642	52S98M	255	7	3	1.0	unambig	spliced_annot	3419	1	ENST00000710947.1	MALAT1	ENSG00000251562.11	mrna
A00839:75:H7MFFDSXY:3:1550:18069:24173	chr11	65504808	65504951	False	144	144M	255	0	9	0.9222988486289978	ambig_opp_strand	unspliced	3419	22	ENST00000698129.1	TALAM1	ENSG00000289740.1	mrna
A00839:75:H7MFFDSXY:3:2573:30734:25128	chr11	65505632	65505781	False	204	150M	255	0	9	0.9549419283866882	ambig_opp_strand	unspliced	3419	7	ENST00000698129.1	TALAM1	ENSG00000289740.1	mrna
A00839:75:H7MFFDSXY:3:1225:30291:27305	chr11	65500760	65500909	False	197	150M	255	0	9	0.939301073551178	ambig_opp_strand	unspliced	3419	13	ENST00000698129.1	TALAM1	ENSG00000289740.1	mrna
A00839:75:H7MFFDSXY:3:1229:15763:25535	chr11	65500210	65500359	True	-182	150M	255	1	3	0.11180173605680466	ambig_opp_strand	unspliced	3419	26	ENST00000710944.1	MALAT1	ENSG00000251562.11	mrna
A00839:75:H7MFFDSXY:3:1643:11478:15107	chr11	65503198	65503347	False	358	150M	255	0	9	0.7593522071838379	ambig_opp_strand	unspliced	3419	27	ENST00000698129.1	TALAM1	ENSG00000289740.1	mrna
A00839:75:H7MFFDSXY:3:1250:3721:27289	chr11	65503672	65503821	False	257	150M	255	0	9	0.9564746022224426	ambig_opp_strand	unspliced	3419	17	ENST00000698129.1	TALAM1	ENSG00000289740.1	mrna
A00839:75:H7MFFDSXY:3:1533:3170:5916	chr11	65500182	65500331	True	-196	150M	255	0	3	0.1959325671195984	ambig_opp_strand	unspliced	3419	26	ENST00000710862.1	MALAT1	ENSG00000251562.11	mrna
A00839:75:H7MFFDSXY:3:1555:18918:21167	chr11	65504394	65504543	True	-238	150M	255	0	3	0.1261174976825714	ambig_opp_strand	unspliced	3419	13	ENST00000508832.3	MALAT1	ENSG00000251562.11	mrna
A00839:75:H7MFFDSXY:3:2224:19940:30076	chr11	65504834	65504983	True	-267	150M	255	0	3	0.08231647312641144	ambig_opp_strand	unspliced	3419	22	ENST00000710943.1	MALAT1	ENSG00000251562.11	mrna
A00839:75:H7MFFDSXY:3:1444:4453:3035	chr11	65500370	65500519	False	459	150M	255	0	5	0.6225963830947876	ambig_opp_strand	unspliced	-1	11	.	.	.	mrna
A00839:75:H7MFFDSXY:3:2212:22670:10441	chr11	65500997	65501146	True	-348	150M	255	0	3	0.7105850577354431	ambig_opp_strand	unspliced	3419	13	ENST00000710933.1	MALAT1	ENSG00000251562.11	mrna
A00839:75:H7MFFDSXY:3:1111:19642:28338	chr11	65504513	65504658	True	-146	146M	255	0	3	0.4270499646663666	ambig_opp_strand	unspliced	3419	20	ENST00000618132.2	MALAT1	ENSG00000251562.11	mrna
A00839:75:H7MFFDSXY:3:1448:28302:25332	chr11	65502119	65502261	True	-143	143M	255	0	3	0.12278793752193451	ambig_opp_strand	unspliced	3419	22	ENST00000710943.1	MALAT1	ENSG00000251562.11	mrna
A00839:75:H7MFFDSXY:3:1131:6650:11882	chr11	65501762	65501911	True	-322	150M	255	0	3	0.5427917242050171	ambig_opp_strand	unspliced	3419	18	ENST00000618132.2	MALAT1	ENSG00000251562.11	mrna
A00839:75:H7MFFDSXY:3:2227:14552:6872	chr11	65505849	65505998	False	302	150M	255	0	9	0.9471582770347595	ambig_opp_strand	unspliced	3419	5	ENST00000698129.1	TALAM1	ENSG00000289740.1	mrna
A00839:75:H7MFFDSXY:3:2570:7401:27054	chr11	65504780	65504929	False	359	150M	255	0	9	0.7439127564430237	ambig_opp_strand	unspliced	3419	19	ENST00000698129.1	TALAM1	ENSG00000289740.1	mrna
A00839:75:H7MFFDSXY:3:2369:25328:30765	chr11	65503361	65503510	False	308	150M	255	1	9	0.9302026629447937	ambig_opp_strand	unspliced	3419	23	ENST00000698129.1	TALAM1	ENSG00000289740.1	mrna
A00839:75:H7MFFDSXY:3:1335:17833:12461	chr11	65500198	65500347	False	317	150M	255	0	5	0.05361761897802353	ambig_opp_strand	unspliced	-1	26	.	.	.	mrna
A00839:75:H7MFFDSXY:3:2625:22525:27477	chr11	65503794	65503943	True	-379	150M	255	0	3	0.5916535258293152	ambig_opp_strand	unspliced	3419	17	ENST00000618132.2	MALAT1	ENSG00000251562.11	mrna
A00839:75:H7MFFDSXY:3:2511:31647:6762	chr11	65505484	65505633	True	-205	150M	255	0	9	0.019450487568974495	ambig_opp_strand	unspliced	3419	8	ENST00000534336.3	MALAT1	ENSG00000251562.11	mrna
A00839:75:H7MFFDSXY:3:1320:9010:15593	chr11	65500840	65500989	True	-383	150M	255	1	3	0.7000964879989624	ambig_opp_strand	unspliced	3419	13	ENST00000710933.1	MALAT1	ENSG00000251562.11	mrna
A00839:75:H7MFFDSXY:3:1262:19886:34804	chr11	65505797	65505946	True	-265	150M	255	0	3	0.247133269906044	ambig_opp_strand	unspliced	3419	6	ENST00000710862.1	MALAT1	ENSG00000251562.11	mrna
A00839:75:H7MFFDSXY:3:1224:21305:33379	chr11	65505828	65505977	False	198	150M	255	0	9	0.9546146392822266	ambig_opp_strand	unspliced	3419	6	ENST00000698129.1	TALAM1	ENSG00000289740.1	mrna
A00839:75:H7MFFDSXY:3:2235:17219:23766	chr11	65501029	65501178	True	-300	150M	255	0	3	0.16410748660564423	ambig_opp_strand	unspliced	3419	13	ENST00000710862.1	MALAT1	ENSG00000251562.11	mrna
A00839:75:H7MFFDSXY:3:2314:11740:30812	chr11	65501398	65501547	True	-289	150M	255	0	3	0.5440494418144226	ambig_opp_strand	unspliced	3419	16	ENST00000618132.2	MALAT1	ENSG00000251562.11	mrna
A00839:75:H7MFFDSXY:3:1275:5791:4100	chr11	65501322	65501428	False	107	107M	255	0	9	0.8584945797920227	ambig_opp_strand	unspliced	3419	17	ENST00000698129.1	TALAM1	ENSG00000289740.1	mrna
A00839:75:H7MFFDSXY:3:1349:12436:13448	chr11	65504160	65504309	True	-265	150M	255	1	3	0.7393787503242493	ambig_opp_strand	unspliced	3419	12	ENST00000710862.1	MALAT1	ENSG00000251562.11	mrna
A00839:75:H7MFFDSXY:3:1426:18719:3818	chr11	65504109	65504258	True	-402	150M	255	0	3	0.6668878197669983	ambig_opp_strand	unspliced	3419	12	ENST00000710862.1	MALAT1	ENSG00000251562.11	mrna
A00839:75:H7MFFDSXY:3:1220:8341:33818	chr11	65505509	65505658	False	255	150M	255	0	9	0.9523685574531555	ambig_opp_strand	unspliced	3419	6	ENST00000698129.1	TALAM1	ENSG00000289740.1	mrna
A00839:75:H7MFFDSXY:3:1609:5538:35133	chr11	65503158	65503307	True	-282	150M	255	0	3	0.8356529474258423	ambig_opp_strand	unspliced	3419	18	ENST00000618132.2	MALAT1	ENSG00000251562.11	mrna
A00839:75:H7MFFDSXY:3:2355:32081:29872	chr11	65500644	65500793	True	-303	150M	255	0	3	0.4889494478702545	ambig_opp_strand	unspliced	3419	24	ENST00000710933.1	MALAT1	ENSG00000251562.11	mrna
A00839:75:H7MFFDSXY:3:1175:14398:21230	chr11	65501713	65501862	True	-453	150M	255	0	3	0.5258561968803406	ambig_opp_strand	unspliced	3419	17	ENST00000618132.2	MALAT1	ENSG00000251562.11	mrna
A00839:75:H7MFFDSXY:3:1659:3197:28698	chr11	65502640	65502789	False	251	150M	255	0	9	0.9652100205421448	ambig_opp_strand	unspliced	3419	19	ENST00000698129.1	TALAM1	ENSG00000289740.1	mrna
A00839:75:H7MFFDSXY:3:2123:27073:4507	chr11	65503312	65503461	False	373	150M	255	0	9	0.5941322445869446	ambig_opp_strand	unspliced	3419	22	ENST00000698129.1	TALAM1	ENSG00000289740.1	mrna
A00839:75:H7MFFDSXY:3:1443:29288:35368	chr11	65504019	65504168	True	-190	150M	255	0	3	0.2894127368927002	ambig_opp_strand	unspliced	3419	18	ENST00000710862.1	MALAT1	ENSG00000251562.11	mrna
A00839:75:H7MFFDSXY:3:2632:16260:19570	chr11	65501671	65501820	True	-252	150M	255	0	3	0.25951194763183594	ambig_opp_strand	unspliced	3419	18	ENST00000710862.1	MALAT1	ENSG00000251562.11	mrna
A00839:75:H7MFFDSXY:3:2455:19217:36495	chr11	65500007	65500156	False	230	150M	255	1	9	0.9473733901977539	ambig_opp_strand	unspliced	3419	26	ENST00000698129.1	TALAM1	ENSG00000289740.1	mrna
A00839:75:H7MFFDSXY:3:2434:19361:7059	chr11	65502222	65502371	False	313	150M	255	0	9	0.9336923956871033	ambig_opp_strand	unspliced	3419	12	ENST00000698129.1	TALAM1	ENSG00000289740.1	mrna
A00839:75:H7MFFDSXY:3:2621:3884:24283	chr11	65500590	65500739	False	207	150M	255	0	9	0.9200136661529541	ambig_opp_strand	unspliced	3419	26	ENST00000698129.1	TALAM1	ENSG00000289740.1	mrna
A00839:75:H7MFFDSXY:3:1548:3676:25144	chr11	65501537	65501686	True	-346	150M	255	0	3	0.0442887619137764	ambig_opp_strand	unspliced	3419	16	ENST00000508832.3	MALAT1	ENSG00000251562.11	mrna
A00839:75:H7MFFDSXY:3:1419:1832:36104	chr11	65501990	65502139	False	323	150M	255	0	9	0.9070876836776733	ambig_opp_strand	unspliced	3419	21	ENST00000698129.1	TALAM1	ENSG00000289740.1	mrna
A00839:75:H7MFFDSXY:3:1265:24261:10535	chr11	65504330	65504479	False	389	150M	255	0	9	0.37418216466903687	ambig_opp_strand	unspliced	3419	20	ENST00000698129.1	TALAM1	ENSG00000289740.1	mrna
A00839:75:H7MFFDSXY:3:2435:1235:32941	chr11	65501247	65501358	True	-249	27S112M	255	0	3	0.5420741438865662	ambig_opp_strand	unspliced	3419	16	ENST00000618132.2	MALAT1	ENSG00000251562.11	mrna
A00839:75:H7MFFDSXY:3:2473:20645:35775	chr11	65505753	65505902	False	310	150M	255	0	9	0.9242309331893921	ambig_opp_strand	unspliced	3419	6	ENST00000698129.1	TALAM1	ENSG00000289740.1	mrna
A00839:75:H7MFFDSXY:3:1513:8241:31829	chr11	65503860	65504009	True	-269	150M	255	0	3	0.6060511469841003	ambig_opp_strand	unspliced	3419	17	ENST00000618132.2	MALAT1	ENSG00000251562.11	mrna
A00839:75:H7MFFDSXY:3:1667:27181:33630	chr11	65505523	65505672	False	274	150M	255	0	5	0.021321814507246017	ambig_opp_strand	unspliced	-1	6	.	.	.	mrna
A00839:75:H7MFFDSXY:3:1419:15519:15718	chr11	65500684	65500833	True	-388	150M	255	0	3	0.6972690224647522	ambig_opp_strand	unspliced	3419	12	ENST00000710933.1	MALAT1	ENSG00000251562.11	mrna
A00839:75:H7MFFDSXY:3:2333:2591:23703	chr11	65506607	65506756	True	-340	150M	255	0	9	0.8715841770172119	ambig_opp_strand	unspliced	3419	3	ENST00000534336.3	MALAT1	ENSG00000251562.11	mrna
A00839:75:H7MFFDSXY:3:1319:18132:7623	chr11	65506464	65506613	True	-304	150M	255	0	9	0.9533953666687012	ambig_opp_strand	unspliced	3419	3	ENST00000534336.3	MALAT1	ENSG00000251562.11	mrna
A00839:75:H7MFFDSXY:3:1227:7591:20838	chr11	65506248	65506397	True	-201	150M	255	0	3	0.5123655796051025	ambig_opp_strand	unspliced	3419	5	ENST00000710862.1	MALAT1	ENSG00000251562.11	mrna
A00839:75:H7MFFDSXY:3:1333:31765:28635	chr11	65502344	65502493	False	281	150M	255	0	9	0.95826655626297	ambig_opp_strand	unspliced	3419	13	ENST00000698129.1	TALAM1	ENSG00000289740.1	mrna
A00839:75:H7MFFDSXY:3:2330:12201:29951	chr11	65504615	65504764	True	-375	150M	255	0	3	0.42163386940956116	ambig_opp_strand	unspliced	3419	20	ENST00000618132.2	MALAT1	ENSG00000251562.11	mrna
A00839:75:H7MFFDSXY:3:1673:9471:34616	chr11	65504118	65504267	False	157	150M	255	0	9	0.9646823406219482	ambig_opp_strand	unspliced	3419	12	ENST00000698129.1	TALAM1	ENSG00000289740.1	mrna
A00839:75:H7MFFDSXY:3:2263:24921:20134	chr11	65503624	65503773	False	264	150M	255	0	9	0.9543334245681763	ambig_opp_strand	unspliced	3419	19	ENST00000698129.1	TALAM1	ENSG00000289740.1	mrna
A00839:75:H7MFFDSXY:3:2106:8522:26303	chr11	65500810	65500959	True	-228	150M	255	0	3	0.7123094797134399	ambig_opp_strand	unspliced	3419	13	ENST00000710933.1	MALAT1	ENSG00000251562.11	mrna
A00839:75:H7MFFDSXY:3:1144:3233:28291	chr11	65500767	65500916	False	236	150M	255	0	9	0.9397112131118774	ambig_opp_strand	unspliced	3419	13	ENST00000698129.1	TALAM1	ENSG00000289740.1	mrna
A00839:75:H7MFFDSXY:3:1173:6659:3035	chr11	65505396	65505545	False	190	150M	255	0	9	0.953461229801178	ambig_opp_strand	unspliced	3419	8	ENST00000698129.1	TALAM1	ENSG00000289740.1	mrna
A00839:75:H7MFFDSXY:3:1202:2058:33176	chr11	65500850	65500999	True	-286	150M	255	0	3	0.7121589183807373	ambig_opp_strand	unspliced	3419	13	ENST00000710933.1	MALAT1	ENSG00000251562.11	mrna
A00839:75:H7MFFDSXY:3:2431:17481:12289	chr11	65505010	65505159	True	-250	150M	255	0	3	0.17487771809101105	ambig_opp_strand	unspliced	3419	19	ENST00000710862.1	MALAT1	ENSG00000251562.11	mrna
A00839:75:H7MFFDSXY:3:2610:23800:33567	chr11	65503630	65503779	False	170	150M	255	0	9	0.953863263130188	ambig_opp_strand	unspliced	3419	23	ENST00000698129.1	TALAM1	ENSG00000289740.1	mrna
A00839:75:H7MFFDSXY:3:2125:10583:18349	chr11	65501150	65501299	False	194	150M	255	0	9	0.9556787014007568	ambig_opp_strand	unspliced	3419	16	ENST00000698129.1	TALAM1	ENSG00000289740.1	mrna
A00839:75:H7MFFDSXY:3:2304:15139:33254	chr11	65500687	65500836	True	-310	150M	255	0	3	0.7119364142417908	ambig_opp_strand	unspliced	3419	13	ENST00000710933.1	MALAT1	ENSG00000251562.11	mrna
A00839:75:H7MFFDSXY:3:2325:16468:13667	chr11	65500967	65501116	False	225	150M	255	0	9	0.9401724338531494	ambig_opp_strand	unspliced	3419	15	ENST00000698129.1	TALAM1	ENSG00000289740.1	mrna
A00839:75:H7MFFDSXY:3:2606:7337:6214	chr11	65504972	65505121	True	-415	150M	255	0	3	0.09981582313776016	ambig_opp_strand	spliced_implicit	3419	18	ENST00000710944.1	MALAT1	ENSG00000251562.11	mrna
A00839:75:H7MFFDSXY:3:2334:29333:36323	chr11	65501487	65501636	True	-277	150M	255	0	3	0.2598232626914978	ambig_opp_strand	unspliced	3419	16	ENST00000710862.1	MALAT1	ENSG00000251562.11	mrna
A00839:75:H7MFFDSXY:3:1306:25192:4852	chr11	65504153	65504302	False	214	150M	255	1	9	0.975929856300354	ambig_opp_strand	unspliced	3419	12	ENST00000698129.1	TALAM1	ENSG00000289740.1	mrna
A00839:75:H7MFFDSXY:3:1244:23692:23891	chr11	65501668	65501817	False	232	150M	255	0	9	0.9565356969833374	ambig_opp_strand	unspliced	3419	18	ENST00000698129.1	TALAM1	ENSG00000289740.1	mrna
A00839:75:H7MFFDSXY:3:2375:24433:32816	chr11	65505633	65505781	True	-163	149M	255	1	3	0.516450047492981	ambig_opp_strand	unspliced	3419	7	ENST00000618132.2	MALAT1	ENSG00000251562.11	mrna
A00839:75:H7MFFDSXY:3:2635:28438:23062	chr11	65506523	65506672	True	-284	150M	255	0	5	0.029775599017739296	ambig_opp_strand	unspliced	-1	3	.	.	.	mrna
A00839:75:H7MFFDSXY:3:2269:27498:3646	chr11	65505541	65505690	True	-289	150M	255	0	3	0.24707919359207153	ambig_opp_strand	unspliced	3419	6	ENST00000710862.1	MALAT1	ENSG00000251562.11	mrna
A00839:75:H7MFFDSXY:3:1526:13874:7294	chr11	65504360	65504509	False	453	150M	255	0	5	0.5867497324943542	ambig_opp_strand	unspliced	-1	20	.	.	.	mrna
A00839:75:H7MFFDSXY:3:2673:18114:11005	chr11	65503411	65503560	False	393	150M	255	0	5	0.6100850105285645	ambig_opp_strand	unspliced	-1	19	.	.	.	mrna
A00839:75:H7MFFDSXY:3:1272:20989:34147	chr11	65504329	65504478	False	177	150M	255	0	9	0.944830596446991	ambig_opp_strand	unspliced	3419	22	ENST00000698129.1	TALAM1	ENSG00000289740.1	mrna
A00839:75:H7MFFDSXY:3:1505:27163:35070	chr11	65504476	65504625	False	476	150M	255	0	9	0.34749874472618103	ambig_opp_strand	unspliced	3419	19	ENST00000698129.1	TALAM1	ENSG00000289740.1	mrna
A00839:75:H7MFFDSXY:3:2571:12228:16814	chr11	65500428	65500577	False	220	150M	255	0	9	0.916373610496521	ambig_opp_strand	unspliced	3419	27	ENST00000698129.1	TALAM1	ENSG00000289740.1	mrna
A00839:75:H7MFFDSXY:3:2411:4670:24799	chr11	65504306	65504455	True	-400	150M	255	0	9	0.05856458842754364	ambig_opp_strand	spliced_implicit	3419	11	ENST00000534336.3	MALAT1	ENSG00000251562.11	mrna
A00839:75:H7MFFDSXY:3:1325:8657:15890	chr11	65505055	65505204	False	343	150M	255	0	9	0.839253842830658	ambig_opp_strand	unspliced	3419	15	ENST00000698129.1	TALAM1	ENSG00000289740.1	mrna
A00839:75:H7MFFDSXY:3:2313:16993:22748	chr11	65500343	65500492	False	156	150M	255	1	9	0.9364144802093506	ambig_opp_strand	unspliced	3419	26	ENST00000698129.1	TALAM1	ENSG00000289740.1	mrna
A00839:75:H7MFFDSXY:3:2259:1642:2018	chr11	65503985	65504134	False	189	150M	255	0	9	0.9580976963043213	ambig_opp_strand	unspliced	3419	18	ENST00000698129.1	TALAM1	ENSG00000289740.1	mrna
A00839:75:H7MFFDSXY:3:2615:14868:18035	chr11	65500589	65500738	True	-396	150M	255	0	3	0.5240786075592041	ambig_opp_strand	unspliced	3419	26	ENST00000710935.1	MALAT1	ENSG00000251562.11	mrna
A00839:75:H7MFFDSXY:3:2629:20546:28338	chr11	65503247	65503396	False	295	150M	255	0	9	0.9411507844924927	ambig_opp_strand	unspliced	3419	27	ENST00000698129.1	TALAM1	ENSG00000289740.1	mrna
A00839:75:H7MFFDSXY:3:1313:25880:31438	chr11	65502663	65502812	True	-301	150M	255	0	3	0.9459428787231445	ambig_opp_strand	unspliced	3419	15	ENST00000618132.2	MALAT1	ENSG00000251562.11	mrna
A00839:75:H7MFFDSXY:3:1251:7627:34366	chr11	65503902	65504471	False	665	4M420N146M	255	0	3	1.0	unambig	spliced_annot	3419	1	ENST00000710947.1	MALAT1	ENSG00000251562.11	mrna
A00839:75:H7MFFDSXY:3:2278:26187:30154	chr11	65505565	65505714	True	-352	150M	255	0	3	0.246047705411911	ambig_opp_strand	unspliced	3419	6	ENST00000710862.1	MALAT1	ENSG00000251562.11	mrna
A00839:75:H7MFFDSXY:3:1463:24659:23970	chr11	65504073	65504222	False	261	150M	255	0	5	0.01747342385351658	ambig_opp_strand	unspliced	-1	12	.	.	.	mrna
A00839:75:H7MFFDSXY:3:2414:30264:15765	chr11	65505707	65505856	True	-207	150M	255	0	3	0.516545295715332	ambig_opp_strand	unspliced	3419	7	ENST00000618132.2	MALAT1	ENSG00000251562.11	mrna
A00839:75:H7MFFDSXY:3:2564:25220:33426	chr11	65501580	65501729	False	339	150M	255	0	9	0.8688977360725403	ambig_opp_strand	unspliced	3419	18	ENST00000698129.1	TALAM1	ENSG00000289740.1	mrna
A00839:75:H7MFFDSXY:3:2165:2790:4570	chr11	65504934	65505083	True	-303	150M	255	4	3	0.15230382978916168	ambig_opp_strand	unspliced	3419	19	ENST00000710951.1	MALAT1	ENSG00000251562.11	mrna
A00839:75:H7MFFDSXY:3:1424:31177:35227	chr11	65505246	65505395	True	-241	150M	255	0	9	0.013861033134162426	ambig_opp_strand	unspliced	3419	15	ENST00000534336.3	MALAT1	ENSG00000251562.11	mrna
A00839:75:H7MFFDSXY:3:2201:14326:14027	chr11	65504396	65504533	False	138	138M	255	0	9	0.9213155508041382	ambig_opp_strand	unspliced	3419	22	ENST00000698129.1	TALAM1	ENSG00000289740.1	mrna
A00839:75:H7MFFDSXY:3:2248:19949:18474	chr11	65504338	65504487	True	-319	150M	255	0	3	0.7372051477432251	ambig_opp_strand	unspliced	3419	12	ENST00000710862.1	MALAT1	ENSG00000251562.11	mrna
A00839:75:H7MFFDSXY:3:1509:12454:6057	chr11	65503723	65503872	True	-437	150M	255	0	3	0.27267640829086304	ambig_opp_strand	unspliced	3419	19	ENST00000710862.1	MALAT1	ENSG00000251562.11	mrna
A00839:75:H7MFFDSXY:3:1647:4020:26303	chr11	65505266	65505415	False	319	150M	255	0	9	0.91182541847229	ambig_opp_strand	unspliced	3419	8	ENST00000698129.1	TALAM1	ENSG00000289740.1	mrna
A00839:75:H7MFFDSXY:3:1110:11180:7326	chr11	65500490	65500639	True	-303	150M	255	0	3	0.11175426840782166	ambig_opp_strand	unspliced	3419	26	ENST00000710944.1	MALAT1	ENSG00000251562.11	mrna
A00839:75:H7MFFDSXY:3:1405:24966:32675	chr11	65501904	65502039	False	136	136M	255	0	9	0.9256995916366577	ambig_opp_strand	unspliced	3419	20	ENST00000698129.1	TALAM1	ENSG00000289740.1	mrna
A00839:75:H7MFFDSXY:3:1652:21124:32064	chr11	65501069	65501218	True	-334	150M	255	0	3	0.2705325782299042	ambig_opp_strand	unspliced	3419	11	ENST00000710943.1	MALAT1	ENSG00000251562.11	mrna
A00839:75:H7MFFDSXY:3:2557:14018:14904	chr11	65504519	65504668	False	347	150M	255	0	9	0.8240839838981628	ambig_opp_strand	unspliced	3419	20	ENST00000698129.1	TALAM1	ENSG00000289740.1	mrna
A00839:75:H7MFFDSXY:3:2376:25762:24565	chr11	65504873	65505022	True	-410	150M	255	0	3	0.20091727375984192	ambig_opp_strand	unspliced	3419	18	ENST00000710862.1	MALAT1	ENSG00000251562.11	mrna
A00839:75:H7MFFDSXY:3:1227:25825:20447	chr11	65503742	65503891	False	335	150M	255	0	9	0.8822036385536194	ambig_opp_strand	unspliced	3419	17	ENST00000698129.1	TALAM1	ENSG00000289740.1	mrna
A00839:75:H7MFFDSXY:3:2429:10122:6245	chr11	65505660	65505809	False	293	150M	255	0	9	0.9389846920967102	ambig_opp_strand	unspliced	3419	6	ENST00000698129.1	TALAM1	ENSG00000289740.1	mrna
A00839:75:H7MFFDSXY:3:2468:25672:17237	chr11	65504869	65505018	True	-367	150M	255	0	3	0.4245883524417877	ambig_opp_strand	unspliced	3419	19	ENST00000618132.2	MALAT1	ENSG00000251562.11	mrna
A00839:75:H7MFFDSXY:3:2240:3459:31751	chr11	65506274	65506423	False	391	150M	255	0	5	0.6264559030532837	ambig_opp_strand	unspliced	-1	3	.	.	.	mrna
A00839:75:H7MFFDSXY:3:1176:28022:12414	chr11	65504306	65504455	False	261	150M	255	0	9	0.9717128872871399	ambig_opp_strand	unspliced	3419	12	ENST00000698129.1	TALAM1	ENSG00000289740.1	mrna
A00839:75:H7MFFDSXY:3:2470:30346:11898	chr11	65503832	65503981	True	-326	150M	255	0	3	0.28896474838256836	ambig_opp_strand	unspliced	3419	17	ENST00000710862.1	MALAT1	ENSG00000251562.11	mrna
A00839:75:H7MFFDSXY:3:2355:20582:28087	chr11	65504049	65504198	True	-282	150M	255	0	3	0.289357453584671	ambig_opp_strand	unspliced	3419	17	ENST00000710862.1	MALAT1	ENSG00000251562.11	mrna
A00839:75:H7MFFDSXY:3:2554:17707:17409	chr11	65500836	65500960	False	125	125M	255	0	9	0.8899887204170227	ambig_opp_strand	unspliced	3419	13	ENST00000698129.1	TALAM1	ENSG00000289740.1	mrna
A00839:75:H7MFFDSXY:3:2247:23339:2988	chr11	65504691	65504840	False	172	150M	255	0	9	0.9375724196434021	ambig_opp_strand	unspliced	3419	25	ENST00000698129.1	TALAM1	ENSG00000289740.1	mrna
A00839:75:H7MFFDSXY:3:2214:23791:19460	chr11	65506421	65506570	True	-384	150M	255	0	5	0.5757715702056885	ambig_opp_strand	unspliced	-1	3	.	.	.	mrna
A00839:75:H7MFFDSXY:3:2510:20320:7623	chr11	65500768	65500917	True	-357	150M	255	0	3	0.7096213102340698	ambig_opp_strand	unspliced	3419	13	ENST00000710933.1	MALAT1	ENSG00000251562.11	mrna
A00839:75:H7MFFDSXY:3:1204:27968:34835	chr11	65504269	65504417	False	213	149M	255	0	9	0.9758948087692261	ambig_opp_strand	unspliced	3419	12	ENST00000698129.1	TALAM1	ENSG00000289740.1	mrna
A00839:75:H7MFFDSXY:3:1567:32380:33583	chr11	65504931	65505080	False	316	150M	255	0	9	0.905418336391449	ambig_opp_strand	unspliced	3419	19	ENST00000698129.1	TALAM1	ENSG00000289740.1	mrna
A00839:75:H7MFFDSXY:3:1471:8079:9565	chr11	65501066	65501215	False	406	150M	255	0	9	0.36577877402305603	ambig_opp_strand	unspliced	3419	16	ENST00000698129.1	TALAM1	ENSG00000289740.1	mrna
A00839:75:H7MFFDSXY:3:2575:7672:17722	chr11	65505326	65505475	False	377	150M	255	0	9	0.5446039438247681	ambig_opp_strand	unspliced	3419	6	ENST00000698129.1	TALAM1	ENSG00000289740.1	mrna
A00839:75:H7MFFDSXY:3:2519:3414:24345	chr11	65503641	65503790	False	261	150M	255	0	9	0.9551791548728943	ambig_opp_strand	unspliced	3419	19	ENST00000698129.1	TALAM1	ENSG00000289740.1	mrna
A00839:75:H7MFFDSXY:3:2164:29460:6981	chr11	65504649	65504798	False	410	150M	255	0	9	0.38217025995254517	ambig_opp_strand	unspliced	3419	16	ENST00000698129.1	TALAM1	ENSG00000289740.1	mrna
A00839:75:H7MFFDSXY:3:2542:21432:12649	chr11	65505779	65505928	False	308	150M	255	0	9	0.9265042543411255	ambig_opp_strand	unspliced	3419	6	ENST00000698129.1	TALAM1	ENSG00000289740.1	mrna
A00839:75:H7MFFDSXY:3:1610:6470:8469	chr11	65502162	65502311	False	334	150M	255	0	9	0.8951886296272278	ambig_opp_strand	unspliced	3419	11	ENST00000698129.1	TALAM1	ENSG00000289740.1	mrna
A00839:75:H7MFFDSXY:3:1655:14534:28604	chr11	65504517	65504666	True	-281	150M	255	0	3	0.11638551950454712	ambig_opp_strand	unspliced	3419	20	ENST00000710944.1	MALAT1	ENSG00000251562.11	mrna
A00839:75:H7MFFDSXY:3:1625:3423:6825	chr11	65506550	65506699	True	-394	150M	255	0	9	0.3670441508293152	ambig_opp_strand	unspliced	3419	3	ENST00000534336.3	MALAT1	ENSG00000251562.11	mrna
A00839:75:H7MFFDSXY:3:2274:5032:16689	chr11	65504453	65504602	True	-255	150M	255	0	3	0.42719563841819763	ambig_opp_strand	unspliced	3419	20	ENST00000618132.2	MALAT1	ENSG00000251562.11	mrna
A00839:75:H7MFFDSXY:3:2404:10610:26099	chr11	65500440	65500589	False	339	150M	255	2	9	0.8354684114456177	ambig_opp_strand	unspliced	3419	25	ENST00000698129.1	TALAM1	ENSG00000289740.1	mrna
A00839:75:H7MFFDSXY:3:2411:2112:20243	chr11	65505118	65505267	True	-250	150M	255	0	3	0.07093404233455658	ambig_opp_strand	unspliced	3419	19	ENST00000710949.1	MALAT1	ENSG00000251562.11	mrna
A00839:75:H7MFFDSXY:3:2564:32940:17487	chr11	65504421	65504570	True	-398	150M	255	0	3	0.6696926355361938	ambig_opp_strand	unspliced	3419	12	ENST00000710862.1	MALAT1	ENSG00000251562.11	mrna
