qname	chrom	pos	end	is_reverse	tlen	cigar	mapq	nm	zf	zw	zc	zs	zl	zn	zt	zr	zg	pred
A00839:75:H7MFFDSXY:3:1237:23294:34507	chr2	178568987	178569136	True	-355	150M	255	0	25	0.11680469661951065	ambig_opp_strand	unspliced	12994	44	RIGEL_NRNA_chr2_1_178540115_178582663		RIGEL_NRNA_chr2_1_178540115_178582663	nrna
A00839:75:H7MFFDSXY:3:2620:27679:23156	chr2	178564698	178564847	True	-371	150M	255	1	25	0.10122967511415482	ambig_opp_strand	unspliced	12994	44	RIGEL_NRNA_chr2_1_178523417_178776534		RIGEL_NRNA_chr2_1_178523417_178776534	nrna
A00839:75:H7MFFDSXY:3:1109:32190:30091	chr2	178568371	178568520	False	254	150M	255	0	25	0.7382131814956665	ambig_opp_strand	unspliced	12994	44	RIGEL_NRNA_chr2_2_178525988_178804642		RIGEL_NRNA_chr2_2_178525988_178804642	nrna
A00839:75:H7MFFDSXY:3:1136:12436:10316	chr2	178566723	178566872	True	-492	150M	255	0	5	0.7379854917526245	ambig_opp_strand	unspliced	-1	44	.	.	.	mrna
A00839:75:H7MFFDSXY:3:2504:11894:28573	chr2	178567231	178567380	False	376	150M	255	0	5	0.7549564838409424	ambig_opp_strand	unspliced	-1	44	.	.	.	mrna
A00839:75:H7MFFDSXY:3:2549:15420:12633	chr2	178561897	178562046	True	-345	150M	255	0	5	0.22847801446914673	ambig_opp_strand	unspliced	-1	44	.	.	.	mrna
A00839:75:H7MFFDSXY:3:1244:31268:14998	chr2	178562901	178563050	True	-330	150M	255	0	25	0.15307945013046265	ambig_opp_strand	unspliced	12994	44	RIGEL_NRNA_chr2_1_178541746_178597681		RIGEL_NRNA_chr2_1_178541746_178597681	nrna
A00839:75:H7MFFDSXY:3:1236:18276:2112	chr2	178560919	178561068	False	409	150M	255	0	5	0.8678779006004333	ambig_opp_strand	unspliced	-1	44	.	.	.	mrna
A00839:75:H7MFFDSXY:3:2461:7898:22936	chr2	178561504	178561653	True	-293	150M	255	0	5	0.056312721222639084	ambig_opp_strand	unspliced	-1	44	.	.	.	mrna
A00839:75:H7MFFDSXY:3:1422:1334:13730	chr2	178568221	178568370	False	244	150M	255	0	25	0.742788553237915	ambig_opp_strand	unspliced	12994	44	RIGEL_NRNA_chr2_2_178525988_178804642		RIGEL_NRNA_chr2_2_178525988_178804642	nrna
A00839:75:H7MFFDSXY:3:2142:4083:29042	chr2	178569987	178570136	False	304	150M	255	1	25	0.6738656759262085	ambig_opp_strand	unspliced	12994	44	RIGEL_NRNA_chr2_2_178525988_178804642		RIGEL_NRNA_chr2_2_178525988_178804642	nrna
A00839:75:H7MFFDSXY:3:1376:5954:19946	chr2	178566040	178566189	False	213	150M	255	0	3	0.09146514534950256	ambig_opp_strand	unspliced	12994	44	ENST00000460472.6	TTN	ENSG00000155657.29	mrna
A00839:75:H7MFFDSXY:3:2560:18141:36980	chr2	178566692	178566841	True	-369	150M	255	0	5	0.490247517824173	ambig_opp_strand	unspliced	-1	44	.	.	.	mrna
A00839:75:H7MFFDSXY:3:1132:24758:20541	chr2	178563442	178563591	False	262	150M	255	0	25	0.7325161695480347	ambig_opp_strand	unspliced	12994	44	RIGEL_NRNA_chr2_2_178525988_178804642		RIGEL_NRNA_chr2_2_178525988_178804642	nrna
A00839:75:H7MFFDSXY:3:2240:26259:25144	chr2	178569380	178569529	True	-372	150M	255	0	5	0.5297805070877075	ambig_opp_strand	unspliced	-1	44	.	.	.	mrna
A00839:75:H7MFFDSXY:3:1522:3631:31923	chr2	178567103	178567252	True	-354	150M	255	0	25	0.1259024441242218	ambig_opp_strand	unspliced	12994	44	RIGEL_NRNA_chr2_1_178539804_178576557		RIGEL_NRNA_chr2_1_178539804_178576557	nrna
A00839:75:H7MFFDSXY:3:1171:25274:4993	chr2	178566177	178566326	True	-257	150M	255	0	25	0.1777956336736679	ambig_opp_strand	unspliced	12994	44	RIGEL_NRNA_chr2_1_178539804_178576557		RIGEL_NRNA_chr2_1_178539804_178576557	nrna
A00839:75:H7MFFDSXY:3:1224:4010:5682	chr2	178561094	178561243	False	494	150M	255	0	5	0.8578874468803406	ambig_opp_strand	unspliced	-1	44	.	.	.	mrna
A00839:75:H7MFFDSXY:3:1149:5095:29105	chr2	178561499	178561648	False	150	150M	255	0	3	0.08466000109910965	ambig_opp_strand	unspliced	12994	44	ENST00000460472.6	TTN	ENSG00000155657.29	mrna
A00839:75:H7MFFDSXY:3:1572:24008:4805	chr2	178561721	178561870	False	199	150M	255	0	25	0.744020402431488	ambig_opp_strand	unspliced	12994	44	RIGEL_NRNA_chr2_2_178525988_178804642		RIGEL_NRNA_chr2_2_178525988_178804642	nrna
A00839:75:H7MFFDSXY:3:2426:26901:16955	chr2	178562248	178562397	False	391	150M	255	0	5	0.8708837032318115	ambig_opp_strand	unspliced	-1	44	.	.	.	mrna
A00839:75:H7MFFDSXY:3:2257:27679:22153	chr2	178569797	178569946	True	-266	150M	255	0	25	0.1715623140335083	ambig_opp_strand	unspliced	12994	44	RIGEL_NRNA_chr2_1_178541746_178597681		RIGEL_NRNA_chr2_1_178541746_178597681	nrna
A00839:75:H7MFFDSXY:3:1408:8639:12226	chr2	178565149	178565298	True	-193	150M	255	0	25	0.17295333743095398	ambig_opp_strand	unspliced	12994	44	RIGEL_NRNA_chr2_1_178541746_178597681		RIGEL_NRNA_chr2_1_178541746_178597681	nrna
A00839:75:H7MFFDSXY:3:1252:12970:12900	chr2	178568791	178568940	True	-554	150M	255	0	5	0.5670899748802185	ambig_opp_strand	unspliced	-1	44	.	.	.	mrna
A00839:75:H7MFFDSXY:3:2459:19551:18756	chr2	178566588	178566737	True	-279	150M	255	0	25	0.16417215764522552	ambig_opp_strand	unspliced	12994	44	RIGEL_NRNA_chr2_1_178540115_178582663		RIGEL_NRNA_chr2_1_178540115_178582663	nrna
A00839:75:H7MFFDSXY:3:2227:8874:11162	chr2	178561348	178561497	True	-303	150M	255	0	25	0.200662299990654	ambig_opp_strand	unspliced	12994	44	RIGEL_NRNA_chr2_1_178523417_178776534		RIGEL_NRNA_chr2_1_178523417_178776534	nrna
A00839:75:H7MFFDSXY:3:2309:13114:27774	chr2	178569054	178569203	True	-459	150M	255	0	25	0.051975686103105545	ambig_opp_strand	unspliced	12994	44	RIGEL_NRNA_chr2_1_178523417_178776534		RIGEL_NRNA_chr2_1_178523417_178776534	nrna
A00839:75:H7MFFDSXY:3:2548:9670:3803	chr2	178566892	178567041	False	436	150M	255	1	25	0.11162814497947693	ambig_opp_strand	unspliced	12994	44	RIGEL_NRNA_chr2_2_178525988_178804642		RIGEL_NRNA_chr2_2_178525988_178804642	nrna
A00839:75:H7MFFDSXY:3:2467:31159:8484	chr2	178563556	178563705	False	271	150M	255	0	3	0.08887061476707458	ambig_opp_strand	unspliced	12994	44	ENST00000460472.6	TTN	ENSG00000155657.29	mrna
A00839:75:H7MFFDSXY:3:2216:16577:24001	chr2	178560468	178560610	False	143	143M	255	0	25	0.6837610602378845	ambig_opp_strand	unspliced	12994	44	RIGEL_NRNA_chr2_2_178525988_178804642		RIGEL_NRNA_chr2_2_178525988_178804642	nrna
A00839:75:H7MFFDSXY:3:2220:15573:29716	chr2	178566249	178566398	False	257	150M	255	1	25	0.7362647652626038	ambig_opp_strand	unspliced	12994	44	RIGEL_NRNA_chr2_2_178525988_178804642		RIGEL_NRNA_chr2_2_178525988_178804642	nrna
A00839:75:H7MFFDSXY:3:1446:22670:11381	chr2	178565141	178565290	False	319	150M	255	0	25	0.6273561716079712	ambig_opp_strand	unspliced	12994	44	RIGEL_NRNA_chr2_2_178525988_178804642		RIGEL_NRNA_chr2_2_178525988_178804642	nrna
A00839:75:H7MFFDSXY:3:1219:27507:2253	chr2	178567474	178567623	True	-395	150M	255	0	5	0.7561866044998169	ambig_opp_strand	unspliced	-1	44	.	.	.	mrna
A00839:75:H7MFFDSXY:3:2558:30544:6073	chr2	178565560	178565709	False	191	150M	255	0	25	0.7410321831703186	ambig_opp_strand	unspliced	12994	44	RIGEL_NRNA_chr2_2_178525988_178804642		RIGEL_NRNA_chr2_2_178525988_178804642	nrna
A00839:75:H7MFFDSXY:3:1170:30074:23766	chr2	178569266	178569415	True	-311	150M	255	0	25	0.16241495311260223	ambig_opp_strand	unspliced	12994	44	RIGEL_NRNA_chr2_1_178541746_178597681		RIGEL_NRNA_chr2_1_178541746_178597681	nrna
A00839:75:H7MFFDSXY:3:2523:5159:9424	chr2	178560237	178560386	True	-412	150M	255	2	5	0.7513972520828247	ambig_opp_strand	unspliced	-1	44	.	.	.	mrna
A00839:75:H7MFFDSXY:3:2175:25084:21637	chr2	178568043	178568192	True	-245	150M	255	0	25	0.21009887754917145	ambig_opp_strand	unspliced	12994	44	RIGEL_NRNA_chr2_1_178523417_178776534		RIGEL_NRNA_chr2_1_178523417_178776534	nrna
A00839:75:H7MFFDSXY:3:1371:8838:36526	chr2	178569131	178569280	True	-205	150M	255	0	25	0.21045508980751038	ambig_opp_strand	unspliced	12994	44	RIGEL_NRNA_chr2_1_178523417_178776534		RIGEL_NRNA_chr2_1_178523417_178776534	nrna
A00839:75:H7MFFDSXY:3:2169:13566:11428	chr2	178563025	178563174	False	231	150M	255	1	3	0.07456036657094955	ambig_opp_strand	unspliced	12994	44	ENST00000342175.12	TTN	ENSG00000155657.29	mrna
A00839:75:H7MFFDSXY:3:2414:18240:35305	chr2	178569470	178569619	False	350	150M	255	0	5	0.4418873190879822	ambig_opp_strand	unspliced	-1	44	.	.	.	mrna
A00839:75:H7MFFDSXY:3:2535:17815:34695	chr2	178568126	178568275	True	-455	150M	255	0	5	0.777315616607666	ambig_opp_strand	unspliced	-1	44	.	.	.	mrna
A00839:75:H7MFFDSXY:3:1371:22363:25066	chr2	178565224	178565373	False	169	150M	255	0	25	0.7287191152572632	ambig_opp_strand	unspliced	12994	44	RIGEL_NRNA_chr2_2_178525988_178804642		RIGEL_NRNA_chr2_2_178525988_178804642	nrna
A00839:75:H7MFFDSXY:3:1332:15338:18474	chr2	178560784	178560933	True	-223	150M	255	0	25	0.21064960956573486	ambig_opp_strand	unspliced	12994	44	RIGEL_NRNA_chr2_1_178523417_178776534		RIGEL_NRNA_chr2_1_178523417_178776534	nrna
A00839:75:H7MFFDSXY:3:1301:4481:18208	chr2	178565875	178566024	True	-429	150M	255	0	5	0.74570631980896	ambig_opp_strand	unspliced	-1	44	.	.	.	mrna
A00839:75:H7MFFDSXY:3:1158:29731:29246	chr2	178563523	178563672	True	-232	150M	255	0	25	0.1733790934085846	ambig_opp_strand	unspliced	12994	44	RIGEL_NRNA_chr2_1_178541746_178597681		RIGEL_NRNA_chr2_1_178541746_178597681	nrna
A00839:75:H7MFFDSXY:3:1159:1362:21104	chr2	178566079	178566228	False	290	150M	255	0	3	0.07019960135221481	ambig_opp_strand	unspliced	12994	44	ENST00000342175.12	TTN	ENSG00000155657.29	mrna
A00839:75:H7MFFDSXY:3:1560:29080:9455	chr2	178562305	178562454	False	301	150M	255	0	3	0.06811580806970596	ambig_opp_strand	unspliced	12994	44	ENST00000342175.12	TTN	ENSG00000155657.29	mrna
A00839:75:H7MFFDSXY:3:2355:30499:8688	chr2	178565226	178565375	True	-275	150M	255	0	25	0.16059282422065735	ambig_opp_strand	unspliced	12994	44	RIGEL_NRNA_chr2_1_178528764_178620148		RIGEL_NRNA_chr2_1_178528764_178620148	nrna
A00839:75:H7MFFDSXY:3:1444:11406:11224	chr2	178568563	178568712	False	491	150M	255	0	25	0.10999290645122528	ambig_opp_strand	unspliced	12994	44	RIGEL_NRNA_chr2_2_178525988_178804642		RIGEL_NRNA_chr2_2_178525988_178804642	nrna
A00839:75:H7MFFDSXY:3:2434:31611:11584	chr2	178567335	178567484	True	-298	150M	255	0	25	0.17196033895015717	ambig_opp_strand	unspliced	12994	44	RIGEL_NRNA_chr2_1_178539804_178576557		RIGEL_NRNA_chr2_1_178539804_178576557	nrna
A00839:75:H7MFFDSXY:3:1326:22589:14058	chr2	178567576	178567725	True	-356	150M	255	0	25	0.14517909288406372	ambig_opp_strand	unspliced	12994	44	RIGEL_NRNA_chr2_1_178523417_178776534		RIGEL_NRNA_chr2_1_178523417_178776534	nrna
A00839:75:H7MFFDSXY:3:2534:24885:13839	chr2	178569349	178569497	False	191	149M1S	255	5	3	0.023163840174674988	ambig_opp_strand	unspliced	12994	44	ENST00000412264.2	TTN	ENSG00000155657.29	mrna
A00839:75:H7MFFDSXY:3:1272:29378:17895	chr2	178569429	178569578	False	294	150M	255	0	25	0.6957417726516724	ambig_opp_strand	unspliced	12994	44	RIGEL_NRNA_chr2_2_178525988_178804642		RIGEL_NRNA_chr2_2_178525988_178804642	nrna
A00839:75:H7MFFDSXY:3:1525:32045:31313	chr2	178565364	178565513	False	332	150M	255	2	25	0.5723742842674255	ambig_opp_strand	unspliced	12994	44	RIGEL_NRNA_chr2_2_178525988_178804642		RIGEL_NRNA_chr2_2_178525988_178804642	nrna
A00839:75:H7MFFDSXY:3:1669:26738:18709	chr2	178563542	178563691	True	-400	150M	255	0	5	0.7442869544029236	ambig_opp_strand	unspliced	-1	44	.	.	.	mrna
A00839:75:H7MFFDSXY:3:1421:13982:35133	chr2	178565010	178565159	False	284	150M	255	0	25	0.7105951905250549	ambig_opp_strand	unspliced	12994	44	RIGEL_NRNA_chr2_2_178525988_178804642		RIGEL_NRNA_chr2_2_178525988_178804642	nrna
A00839:75:H7MFFDSXY:3:2116:29631:12571	chr2	178561470	178561619	True	-392	150M	255	0	5	0.746553361415863	ambig_opp_strand	unspliced	-1	44	.	.	.	mrna
A00839:75:H7MFFDSXY:3:2446:25870:27477	chr2	178563678	178563827	True	-226	150M	255	0	25	0.21057020127773285	ambig_opp_strand	unspliced	12994	44	RIGEL_NRNA_chr2_1_178523417_178776534		RIGEL_NRNA_chr2_1_178523417_178776534	nrna
A00839:75:H7MFFDSXY:3:2675:32235:16423	chr2	178566363	178566512	True	-338	150M	255	0	25	0.015986554324626923	ambig_opp_strand	unspliced	12994	44	RIGEL_NRNA_chr2_1_178528764_178738038		RIGEL_NRNA_chr2_1_178528764_178738038	nrna
A00839:75:H7MFFDSXY:3:1515:30228:1360	chr2	178564409	178564558	False	192	150M	255	0	25	0.7414560317993164	ambig_opp_strand	unspliced	12994	44	RIGEL_NRNA_chr2_2_178525988_178804642		RIGEL_NRNA_chr2_2_178525988_178804642	nrna
A00839:75:H7MFFDSXY:3:2559:7410:4022	chr2	178568832	178568981	False	495	150M	255	0	5	0.8577330112457275	ambig_opp_strand	unspliced	-1	44	.	.	.	mrna
A00839:75:H7MFFDSXY:3:1667:25527:20087	chr2	178564242	178564391	False	0	150M	255	0	64	0.0	.	unspliced	-1	0	.	.	.	mrna
A00839:75:H7MFFDSXY:3:1549:13584:31125	chr2	178565222	178565371	False	250	150M	255	0	3	0.07412795722484589	ambig_opp_strand	unspliced	12994	44	ENST00000342175.12	TTN	ENSG00000155657.29	mrna
A00839:75:H7MFFDSXY:3:2267:11966:32957	chr2	178569586	178569735	True	-349	150M	255	0	25	0.028927985578775406	ambig_opp_strand	unspliced	12994	44	RIGEL_NRNA_chr2_1_178528739_178633078		RIGEL_NRNA_chr2_1_178528739_178633078	nrna
A00839:75:H7MFFDSXY:3:2161:26160:11788	chr2	178568878	178569027	True	-257	150M	255	0	25	0.20921467244625092	ambig_opp_strand	unspliced	12994	44	RIGEL_NRNA_chr2_1_178523417_178776534		RIGEL_NRNA_chr2_1_178523417_178776534	nrna
A00839:75:H7MFFDSXY:3:2402:7093:17785	chr2	178560115	178560264	False	197	150M	255	0	25	0.7435593008995056	ambig_opp_strand	unspliced	12994	44	RIGEL_NRNA_chr2_2_178525988_178804642		RIGEL_NRNA_chr2_2_178525988_178804642	nrna
A00839:75:H7MFFDSXY:3:1527:28474:19022	chr2	178566877	178567026	False	235	150M	255	0	3	0.09133056551218033	ambig_opp_strand	unspliced	12994	44	ENST00000460472.6	TTN	ENSG00000155657.29	mrna
A00839:75:H7MFFDSXY:3:2256:1389:8093	chr2	178567268	178567417	True	-404	150M	255	0	5	0.7572623491287231	ambig_opp_strand	unspliced	-1	44	.	.	.	mrna
A00839:75:H7MFFDSXY:3:1578:28682:18129	chr2	178565629	178565778	True	-213	150M	255	0	25	0.1674235761165619	ambig_opp_strand	unspliced	12994	44	RIGEL_NRNA_chr2_1_178540115_178582663		RIGEL_NRNA_chr2_1_178540115_178582663	nrna
A00839:75:H7MFFDSXY:3:2621:14118:31360	chr2	178563012	178563162	True	-229	138M1D12M	255	1	25	0.16331066191196442	ambig_opp_strand	unspliced	12994	44	RIGEL_NRNA_chr2_1_178528764_178620148		RIGEL_NRNA_chr2_1_178528764_178620148	nrna
A00839:75:H7MFFDSXY:3:2627:5213:29183	chr2	178565347	178565496	False	386	150M	255	0	5	0.8399210572242737	ambig_opp_strand	unspliced	-1	44	.	.	.	mrna
A00839:75:H7MFFDSXY:3:1164:11867:14653	chr2	178562123	178562272	False	280	150M	255	0	25	0.7157753705978394	ambig_opp_strand	unspliced	12994	44	RIGEL_NRNA_chr2_2_178525988_178804642		RIGEL_NRNA_chr2_2_178525988_178804642	nrna
A00839:75:H7MFFDSXY:3:1158:22797:8750	chr2	178566694	178566843	False	347	150M	255	0	5	0.4102727174758911	ambig_opp_strand	unspliced	-1	44	.	.	.	mrna
A00839:75:H7MFFDSXY:3:2422:32497:23891	chr2	178563677	178563826	True	-225	150M	255	0	25	0.17898893356323242	ambig_opp_strand	unspliced	12994	44	RIGEL_NRNA_chr2_1_178539804_178576557		RIGEL_NRNA_chr2_1_178539804_178576557	nrna
A00839:75:H7MFFDSXY:3:1344:8549:36213	chr2	178562705	178562854	True	-248	150M	255	0	25	0.16288433969020844	ambig_opp_strand	unspliced	12994	44	RIGEL_NRNA_chr2_1_178528764_178620148		RIGEL_NRNA_chr2_1_178528764_178620148	nrna
A00839:75:H7MFFDSXY:3:1206:5674:26537	chr2	178560583	178560732	True	-308	150M	255	0	25	0.15416955947875977	ambig_opp_strand	unspliced	12994	44	RIGEL_NRNA_chr2_1_178528764_178620148		RIGEL_NRNA_chr2_1_178528764_178620148	nrna
A00839:75:H7MFFDSXY:3:2613:22770:21762	chr2	178561360	178561509	False	280	150M	255	0	25	0.7157753705978394	ambig_opp_strand	unspliced	12994	44	RIGEL_NRNA_chr2_2_178525988_178804642		RIGEL_NRNA_chr2_2_178525988_178804642	nrna
A00839:75:H7MFFDSXY:3:2525:9833:22060	chr2	178564156	178564305	True	-347	150M	255	0	25	0.13410140573978424	ambig_opp_strand	unspliced	12994	44	RIGEL_NRNA_chr2_1_178541746_178597681		RIGEL_NRNA_chr2_1_178541746_178597681	nrna
A00839:75:H7MFFDSXY:3:1373:18457:19085	chr2	178564924	178565070	False	147	147M	255	0	25	0.6953597068786621	ambig_opp_strand	unspliced	12994	44	RIGEL_NRNA_chr2_2_178525988_178804642		RIGEL_NRNA_chr2_2_178525988_178804642	nrna
A00839:75:H7MFFDSXY:3:1161:13593:17832	chr2	178564716	178564865	False	246	150M	255	0	25	0.7423760890960693	ambig_opp_strand	unspliced	12994	44	RIGEL_NRNA_chr2_2_178525988_178804642		RIGEL_NRNA_chr2_2_178525988_178804642	nrna
A00839:75:H7MFFDSXY:3:1674:23737:33802	chr2	178566773	178566922	False	271	150M	255	0	3	0.08887061476707458	ambig_opp_strand	unspliced	12994	44	ENST00000460472.6	TTN	ENSG00000155657.29	mrna
A00839:75:H7MFFDSXY:3:1310:9851:23187	chr2	178564769	178564918	True	-465	150M	255	0	5	0.7426198124885559	ambig_opp_strand	unspliced	-1	44	.	.	.	mrna
A00839:75:H7MFFDSXY:3:2427:22498:21699	chr2	178564192	178564341	False	380	150M	255	0	5	0.7945609092712402	ambig_opp_strand	unspliced	-1	44	.	.	.	mrna
A00839:75:H7MFFDSXY:3:2364:23384:37043	chr2	178563574	178563723	False	246	150M	255	0	25	0.7423760890960693	ambig_opp_strand	unspliced	12994	44	RIGEL_NRNA_chr2_2_178525988_178804642		RIGEL_NRNA_chr2_2_178525988_178804642	nrna
A00839:75:H7MFFDSXY:3:1461:2302:11334	chr2	178564015	178564164	False	249	150M	255	0	25	0.7411295771598816	ambig_opp_strand	unspliced	12994	44	RIGEL_NRNA_chr2_2_178525988_178804642		RIGEL_NRNA_chr2_2_178525988_178804642	nrna
A00839:75:H7MFFDSXY:3:1349:22146:19241	chr2	178564447	178564596	True	-245	150M	255	0	25	0.17304682731628418	ambig_opp_strand	unspliced	12994	44	RIGEL_NRNA_chr2_1_178541746_178597681		RIGEL_NRNA_chr2_1_178541746_178597681	nrna
A00839:75:H7MFFDSXY:3:1211:2880:25394	chr2	178563412	178563561	True	-452	150M	255	0	5	0.7669721841812134	ambig_opp_strand	unspliced	-1	44	.	.	.	mrna
A00839:75:H7MFFDSXY:3:1473:22408:4539	chr2	178568236	178568385	True	-299	150M	255	0	25	0.16067717969417572	ambig_opp_strand	unspliced	12994	44	RIGEL_NRNA_chr2_1_178540115_178582663		RIGEL_NRNA_chr2_1_178540115_178582663	nrna
A00839:75:H7MFFDSXY:3:1611:21332:15765	chr2	178567989	178568138	True	-259	150M	255	0	25	0.20900486409664154	ambig_opp_strand	unspliced	12994	44	RIGEL_NRNA_chr2_1_178523417_178776534		RIGEL_NRNA_chr2_1_178523417_178776534	nrna
A00839:75:H7MFFDSXY:3:2276:29035:21590	chr2	178564111	178564260	False	370	150M	255	0	5	0.6891862750053406	ambig_opp_strand	unspliced	-1	44	.	.	.	mrna
A00839:75:H7MFFDSXY:3:2226:14253:12900	chr2	178569100	178569249	True	-246	150M	255	0	25	0.17301009595394135	ambig_opp_strand	unspliced	12994	44	RIGEL_NRNA_chr2_1_178541746_178597681		RIGEL_NRNA_chr2_1_178541746_178597681	nrna
A00839:75:H7MFFDSXY:3:2316:3902:26318	chr2	178560228	178560377	True	-271	150M	255	0	25	0.16109101474285126	ambig_opp_strand	unspliced	12994	44	RIGEL_NRNA_chr2_1_178528764_178620148		RIGEL_NRNA_chr2_1_178528764_178620148	nrna
A00839:75:H7MFFDSXY:3:2447:19190:15186	chr2	178566797	178566946	False	371	150M	255	0	5	0.7072661519050598	ambig_opp_strand	unspliced	-1	44	.	.	.	mrna
A00839:75:H7MFFDSXY:3:1669:28022:34178	chr2	178564070	178564219	True	-382	150M	255	1	5	0.6857072114944458	ambig_opp_strand	unspliced	-1	44	.	.	.	mrna
A00839:75:H7MFFDSXY:3:1668:12246:9486	chr2	178560168	178560317	False	247	150M	255	0	25	0.7418500781059265	ambig_opp_strand	unspliced	12994	44	RIGEL_NRNA_chr2_2_178525988_178804642		RIGEL_NRNA_chr2_2_178525988_178804642	nrna
A00839:75:H7MFFDSXY:3:2556:17291:19633	chr2	178565255	178565404	False	289	150M	255	0	25	0.7041612267494202	ambig_opp_strand	unspliced	12994	44	RIGEL_NRNA_chr2_2_178525988_178804642		RIGEL_NRNA_chr2_2_178525988_178804642	nrna
A00839:75:H7MFFDSXY:3:2623:25129:28197	chr2	178563194	178563343	True	-278	150M	255	0	25	0.17014551162719727	ambig_opp_strand	unspliced	12994	44	RIGEL_NRNA_chr2_1_178541746_178597681		RIGEL_NRNA_chr2_1_178541746_178597681	nrna
A00839:75:H7MFFDSXY:3:2107:22336:36730	chr2	178562085	178562234	True	-283	150M	255	0	25	0.16360601782798767	ambig_opp_strand	unspliced	12994	44	RIGEL_NRNA_chr2_1_178540115_178582663		RIGEL_NRNA_chr2_1_178540115_178582663	nrna
A00839:75:H7MFFDSXY:3:1427:20952:1517	chr2	178569314	178569451	False	138	138M	255	0	3	0.08182580024003983	ambig_opp_strand	unspliced	12994	44	ENST00000460472.6	TTN	ENSG00000155657.29	mrna
A00839:75:H7MFFDSXY:3:2635:5321:35822	chr2	178564547	178564696	False	370	150M	255	0	5	0.6891863942146301	ambig_opp_strand	unspliced	-1	44	.	.	.	mrna
A00839:75:H7MFFDSXY:3:2220:13602:35008	chr2	178569291	178569440	False	347	150M	255	0	25	0.46395230293273926	ambig_opp_strand	unspliced	12994	44	RIGEL_NRNA_chr2_2_178525988_178804642		RIGEL_NRNA_chr2_2_178525988_178804642	nrna
A00839:75:H7MFFDSXY:3:1377:20030:5118	chr2	178564367	178564503	False	137	137M	255	0	25	0.6602330803871155	ambig_opp_strand	unspliced	12994	44	RIGEL_NRNA_chr2_2_178525988_178804642		RIGEL_NRNA_chr2_2_178525988_178804642	nrna
A00839:75:H7MFFDSXY:3:1538:25111:4961	chr2	178563798	178563947	True	-358	150M	255	1	5	0.35168713331222534	ambig_opp_strand	unspliced	-1	44	.	.	.	mrna
A00839:75:H7MFFDSXY:3:2375:2709:19460	chr2	178563715	178563864	True	-252	150M	255	0	25	0.1667722463607788	ambig_opp_strand	unspliced	12994	44	RIGEL_NRNA_chr2_1_178540115_178582663		RIGEL_NRNA_chr2_1_178540115_178582663	nrna
A00839:75:H7MFFDSXY:3:2473:6840:1251	chr2	178565551	178565700	True	-359	150M	255	0	25	0.11005912721157074	ambig_opp_strand	unspliced	12994	44	RIGEL_NRNA_chr2_1_178540115_178582663		RIGEL_NRNA_chr2_1_178540115_178582663	nrna
A00839:75:H7MFFDSXY:3:2330:31159:32534	chr2	178568304	178568453	True	-226	150M	255	0	25	0.1674375981092453	ambig_opp_strand	unspliced	12994	44	RIGEL_NRNA_chr2_1_178540115_178582663		RIGEL_NRNA_chr2_1_178540115_178582663	nrna
A00839:75:H7MFFDSXY:3:2547:3314:27117	chr2	178565672	178565821	True	-397	150M	255	0	25	0.04176687076687813	ambig_opp_strand	unspliced	12994	44	RIGEL_NRNA_chr2_1_178528764_178620148		RIGEL_NRNA_chr2_1_178528764_178620148	nrna
A00839:75:H7MFFDSXY:3:1644:23782:35697	chr2	178569416	178569565	True	-322	150M	255	0	25	0.15211918950080872	ambig_opp_strand	unspliced	12994	44	RIGEL_NRNA_chr2_1_178540115_178582663		RIGEL_NRNA_chr2_1_178540115_178582663	nrna
A00839:75:H7MFFDSXY:3:1626:3269:3020	chr2	178564606	178564755	False	434	150M	255	0	5	0.8715420365333557	ambig_opp_strand	unspliced	-1	44	.	.	.	mrna
A00839:75:H7MFFDSXY:3:1607:2754:32910	chr2	178565268	178565417	True	-278	150M	255	0	25	0.20657634735107422	ambig_opp_strand	unspliced	12994	44	RIGEL_NRNA_chr2_1_178523417_178776534		RIGEL_NRNA_chr2_1_178523417_178776534	nrna
A00839:75:H7MFFDSXY:3:2356:1316:27414	chr2	178569601	178569750	True	-210	150M	255	0	25	0.1674388349056244	ambig_opp_strand	unspliced	12994	44	RIGEL_NRNA_chr2_1_178540115_178582663		RIGEL_NRNA_chr2_1_178540115_178582663	nrna
A00839:75:H7MFFDSXY:3:1177:18132:31548	chr2	178566423	178566572	False	257	150M	255	0	25	0.7362647652626038	ambig_opp_strand	unspliced	12994	44	RIGEL_NRNA_chr2_2_178525988_178804642		RIGEL_NRNA_chr2_2_178525988_178804642	nrna
A00839:75:H7MFFDSXY:3:1627:21187:14920	chr2	178568786	178568935	True	-392	150M	255	0	5	0.746553361415863	ambig_opp_strand	unspliced	-1	44	.	.	.	mrna
A00839:75:H7MFFDSXY:3:2464:16776:2206	chr2	178560733	178560882	False	295	150M	255	0	25	0.693649411201477	ambig_opp_strand	unspliced	12994	44	RIGEL_NRNA_chr2_2_178525988_178804642		RIGEL_NRNA_chr2_2_178525988_178804642	nrna
A00839:75:H7MFFDSXY:3:2662:19488:8844	chr2	178568221	178568370	False	370	150M	255	0	25	0.2445245087146759	ambig_opp_strand	unspliced	12994	44	RIGEL_NRNA_chr2_2_178525988_178804642		RIGEL_NRNA_chr2_2_178525988_178804642	nrna
A00839:75:H7MFFDSXY:3:2310:7518:17769	chr2	178566892	178567041	False	232	150M	255	0	3	0.09141986817121506	ambig_opp_strand	unspliced	12994	44	ENST00000460472.6	TTN	ENSG00000155657.29	mrna
A00839:75:H7MFFDSXY:3:1157:7789:34773	chr2	178565185	178565334	False	402	150M	255	0	5	0.8677331209182739	ambig_opp_strand	unspliced	-1	44	.	.	.	mrna
A00839:75:H7MFFDSXY:3:2349:21314:33458	chr2	178565546	178565695	False	285	150M	255	0	25	0.7095791101455688	ambig_opp_strand	unspliced	12994	44	RIGEL_NRNA_chr2_2_178525988_178804642		RIGEL_NRNA_chr2_2_178525988_178804642	nrna
A00839:75:H7MFFDSXY:3:2127:10719:20995	chr2	178561551	178561700	True	-220	150M	255	0	25	0.21059319376945496	ambig_opp_strand	unspliced	12994	44	RIGEL_NRNA_chr2_1_178523417_178776534		RIGEL_NRNA_chr2_1_178523417_178776534	nrna
A00839:75:H7MFFDSXY:3:1567:13539:22936	chr2	178560241	178560390	True	-261	150M	255	1	25	0.20885959267616272	ambig_opp_strand	unspliced	12994	44	RIGEL_NRNA_chr2_1_178523417_178776534		RIGEL_NRNA_chr2_1_178523417_178776534	nrna
A00839:75:H7MFFDSXY:3:1628:7148:26897	chr2	178568540	178568689	True	-277	150M	255	0	25	0.1756461262702942	ambig_opp_strand	unspliced	12994	44	RIGEL_NRNA_chr2_1_178539804_178576557		RIGEL_NRNA_chr2_1_178539804_178576557	nrna
A00839:75:H7MFFDSXY:3:1374:24686:32409	chr2	178562032	178562181	False	299	150M	255	0	25	0.6862776279449463	ambig_opp_strand	unspliced	12994	44	RIGEL_NRNA_chr2_2_178525988_178804642		RIGEL_NRNA_chr2_2_178525988_178804642	nrna
A00839:75:H7MFFDSXY:3:1618:3929:30686	chr2	178564782	178564931	False	243	150M	255	0	25	0.7430513501167297	ambig_opp_strand	unspliced	12994	44	RIGEL_NRNA_chr2_2_178525988_178804642		RIGEL_NRNA_chr2_2_178525988_178804642	nrna
A00839:75:H7MFFDSXY:3:2610:13096:8140	chr2	178563320	178563469	False	310	150M	255	0	25	0.6580367684364319	ambig_opp_strand	unspliced	12994	44	RIGEL_NRNA_chr2_2_178525988_178804642		RIGEL_NRNA_chr2_2_178525988_178804642	nrna
A00839:75:H7MFFDSXY:3:1453:28212:20697	chr2	178561834	178561983	True	-441	150M	255	0	25	0.04260260984301567	ambig_opp_strand	unspliced	12994	44	RIGEL_NRNA_chr2_1_178541746_178597681		RIGEL_NRNA_chr2_1_178541746_178597681	nrna
A00839:75:H7MFFDSXY:3:2263:21667:7294	chr2	178561957	178562106	True	-415	150M	255	0	5	0.7530747056007385	ambig_opp_strand	unspliced	-1	44	.	.	.	mrna
A00839:75:H7MFFDSXY:3:2505:20826:7842	chr2	178567460	178567609	False	390	150M	255	5	5	0.8505439758300781	ambig_opp_strand	unspliced	-1	44	.	.	.	mrna
A00839:75:H7MFFDSXY:3:2353:5927:29982	chr2	178565586	178565735	True	-373	150M	255	0	25	0.07689360529184341	ambig_opp_strand	unspliced	12994	44	RIGEL_NRNA_chr2_1_178540115_178582663		RIGEL_NRNA_chr2_1_178540115_178582663	nrna
A00839:75:H7MFFDSXY:3:2337:32597:5807	chr2	178568918	178569067	True	-367	150M	255	0	5	0.46225374937057495	ambig_opp_strand	unspliced	-1	44	.	.	.	mrna
A00839:75:H7MFFDSXY:3:1552:12355:22388	chr2	178568928	178569077	False	302	150M	255	0	5	0.1376672238111496	ambig_opp_strand	unspliced	-1	44	.	.	.	mrna
A00839:75:H7MFFDSXY:3:2250:1796:5885	chr2	178564391	178564540	True	-414	150M	255	0	5	0.762751579284668	ambig_opp_strand	unspliced	-1	44	.	.	.	mrna
A00839:75:H7MFFDSXY:3:1303:20943:2002	chr2	178560531	178560680	False	403	150M	255	1	5	0.868330180644989	ambig_opp_strand	unspliced	-1	44	.	.	.	mrna
A00839:75:H7MFFDSXY:3:1539:2031:31751	chr2	178560359	178560508	False	246	150M	255	0	25	0.7423760890960693	ambig_opp_strand	unspliced	12994	44	RIGEL_NRNA_chr2_2_178525988_178804642		RIGEL_NRNA_chr2_2_178525988_178804642	nrna
A00839:75:H7MFFDSXY:3:1117:27245:7905	chr2	178567343	178567492	True	-334	150M	255	0	5	0.1571999490261078	ambig_opp_strand	unspliced	-1	44	.	.	.	mrna
A00839:75:H7MFFDSXY:3:1223:1154:5181	chr2	178566150	178566299	False	336	150M	255	1	25	0.5519787073135376	ambig_opp_strand	unspliced	12994	44	RIGEL_NRNA_chr2_2_178525988_178804642		RIGEL_NRNA_chr2_2_178525988_178804642	nrna
A00839:75:H7MFFDSXY:3:2627:9372:3255	chr2	178565985	178566134	False	344	150M	255	0	25	0.48799246549606323	ambig_opp_strand	unspliced	12994	44	RIGEL_NRNA_chr2_2_178525988_178804642		RIGEL_NRNA_chr2_2_178525988_178804642	nrna
A00839:75:H7MFFDSXY:3:1164:2853:25128	chr2	178564145	178564294	True	-205	150M	255	0	25	0.17334021627902985	ambig_opp_strand	unspliced	12994	44	RIGEL_NRNA_chr2_1_178541746_178597681		RIGEL_NRNA_chr2_1_178541746_178597681	nrna
A00839:75:H7MFFDSXY:3:2235:26015:13385	chr2	178569836	178569985	False	542	150M	255	0	5	0.7731339335441589	ambig_opp_strand	unspliced	-1	44	.	.	.	mrna
A00839:75:H7MFFDSXY:3:2560:10936:31266	chr2	178566428	178566576	False	149	149M	255	0	25	0.6989022493362427	ambig_opp_strand	unspliced	12994	44	RIGEL_NRNA_chr2_2_178525988_178804642		RIGEL_NRNA_chr2_2_178525988_178804642	nrna
A00839:75:H7MFFDSXY:3:2142:8115:7529	chr2	178564902	178565051	False	240	150M	255	0	25	0.7442801594734192	ambig_opp_strand	unspliced	12994	44	RIGEL_NRNA_chr2_2_178525988_178804642		RIGEL_NRNA_chr2_2_178525988_178804642	nrna
A00839:75:H7MFFDSXY:3:1354:4481:8249	chr2	178566329	178566478	True	-195	150M	3	2	128	0.0	.	unknown	-1	0	.	.	.	mrna
A00839:75:H7MFFDSXY:3:2361:18331:27884	chr2	178564210	178564359	True	-290	150M	255	0	25	0.15853312611579895	ambig_opp_strand	unspliced	12994	44	RIGEL_NRNA_chr2_1_178528764_178620148		RIGEL_NRNA_chr2_1_178528764_178620148	nrna
A00839:75:H7MFFDSXY:3:1519:14868:25582	chr2	178568057	178568206	True	-221	150M	255	0	25	0.1789553314447403	ambig_opp_strand	unspliced	12994	44	RIGEL_NRNA_chr2_1_178539804_178576557		RIGEL_NRNA_chr2_1_178539804_178576557	nrna
A00839:75:H7MFFDSXY:3:2651:15971:21950	chr2	178560163	178560312	True	-457	150M	255	0	25	0.04189397767186165	ambig_opp_strand	unspliced	12994	44	RIGEL_NRNA_chr2_1_178540115_178582663		RIGEL_NRNA_chr2_1_178540115_178582663	nrna
A00839:75:H7MFFDSXY:3:2333:2682:9925	chr2	178565952	178566101	True	-358	150M	255	0	5	0.3516870439052582	ambig_opp_strand	unspliced	-1	44	.	.	.	mrna
A00839:75:H7MFFDSXY:3:1163:7572:11694	chr2	178565206	178565355	False	233	150M	255	0	3	0.07453601062297821	ambig_opp_strand	unspliced	12994	44	ENST00000342175.12	TTN	ENSG00000155657.29	mrna
A00839:75:H7MFFDSXY:3:2474:29315:19664	chr2	178563976	178564125	False	303	150M	255	0	25	0.6768515706062317	ambig_opp_strand	unspliced	12994	44	RIGEL_NRNA_chr2_2_178525988_178804642		RIGEL_NRNA_chr2_2_178525988_178804642	nrna
A00839:75:H7MFFDSXY:3:2307:14687:15749	chr2	178567379	178567528	True	-312	150M	255	1	25	0.16702701151371002	ambig_opp_strand	unspliced	12994	44	RIGEL_NRNA_chr2_1_178539804_178576557		RIGEL_NRNA_chr2_1_178539804_178576557	nrna
A00839:75:H7MFFDSXY:3:1424:3794:30890	chr2	178562074	178562223	False	442	150M	255	0	5	0.8656697869300842	ambig_opp_strand	unspliced	-1	44	.	.	.	mrna
A00839:75:H7MFFDSXY:3:1626:19488:19711	chr2	178562839	178562988	True	-376	150M	255	0	25	0.07505609095096588	ambig_opp_strand	unspliced	12994	44	RIGEL_NRNA_chr2_1_178539804_178576557		RIGEL_NRNA_chr2_1_178539804_178576557	nrna
A00839:75:H7MFFDSXY:3:1617:15863:12962	chr2	178564030	178564179	False	377	150M	255	0	5	0.7634234428405762	ambig_opp_strand	unspliced	-1	44	.	.	.	mrna
A00839:75:H7MFFDSXY:3:1261:27389:24471	chr2	178560600	178560749	False	335	150M	255	0	25	0.5531324148178101	ambig_opp_strand	unspliced	12994	44	RIGEL_NRNA_chr2_2_178525988_178804642		RIGEL_NRNA_chr2_2_178525988_178804642	nrna
A00839:75:H7MFFDSXY:3:2351:7699:30295	chr2	178566474	178566623	False	320	150M	255	0	25	0.6250074505805969	ambig_opp_strand	unspliced	12994	44	RIGEL_NRNA_chr2_2_178525988_178804642		RIGEL_NRNA_chr2_2_178525988_178804642	nrna
A00839:75:H7MFFDSXY:3:2476:19497:24862	chr2	178561850	178561999	True	-462	150M	255	0	25	0.05446748808026314	ambig_opp_strand	unspliced	12994	44	RIGEL_NRNA_chr2_1_178523417_178776534		RIGEL_NRNA_chr2_1_178523417_178776534	nrna
A00839:75:H7MFFDSXY:3:1654:28483:13369	chr2	178562619	178562768	False	423	150M	255	0	5	0.8718879222869873	ambig_opp_strand	unspliced	-1	44	.	.	.	mrna
A00839:75:H7MFFDSXY:3:1469:20482:18897	chr2	178562972	178563121	False	309	150M	255	0	25	0.6591084599494934	ambig_opp_strand	unspliced	12994	44	RIGEL_NRNA_chr2_2_178525988_178804642		RIGEL_NRNA_chr2_2_178525988_178804642	nrna
A00839:75:H7MFFDSXY:3:1314:16685:34679	chr2	178562203	178562352	True	-181	150M	255	0	25	0.20923741161823273	ambig_opp_strand	unspliced	12994	44	RIGEL_NRNA_chr2_1_178523417_178776534		RIGEL_NRNA_chr2_1_178523417_178776534	nrna
A00839:75:H7MFFDSXY:3:2142:5421:35305	chr2	178566491	178566616	True	-126	126M	255	0	25	0.1447485089302063	ambig_opp_strand	unspliced	12994	44	RIGEL_NRNA_chr2_1_178528764_178620148		RIGEL_NRNA_chr2_1_178528764_178620148	nrna
A00839:75:H7MFFDSXY:3:2234:22001:17738	chr2	178565805	178565954	False	276	150M	255	0	3	0.08821529150009155	ambig_opp_strand	unspliced	12994	44	ENST00000460472.6	TTN	ENSG00000155657.29	mrna
A00839:75:H7MFFDSXY:3:2476:3522:33051	chr2	178564069	178564218	True	-191	150M	255	0	25	0.17285852134227753	ambig_opp_strand	unspliced	12994	44	RIGEL_NRNA_chr2_1_178541746_178597681		RIGEL_NRNA_chr2_1_178541746_178597681	nrna
A00839:75:H7MFFDSXY:3:2226:10312:2315	chr2	178568178	178568327	False	273	150M	255	0	25	0.7232062816619873	ambig_opp_strand	unspliced	12994	44	RIGEL_NRNA_chr2_2_178525988_178804642		RIGEL_NRNA_chr2_2_178525988_178804642	nrna
A00839:75:H7MFFDSXY:3:1651:23321:33238	chr2	178561122	178561271	False	178	150M	255	1	25	0.7356305122375488	ambig_opp_strand	unspliced	12994	44	RIGEL_NRNA_chr2_2_178525988_178804642		RIGEL_NRNA_chr2_2_178525988_178804642	nrna
A00839:75:H7MFFDSXY:3:1560:12210:16188	chr2	178566395	178566544	True	-298	150M	255	0	25	0.20234818756580353	ambig_opp_strand	unspliced	12994	44	RIGEL_NRNA_chr2_1_178523417_178776534		RIGEL_NRNA_chr2_1_178523417_178776534	nrna
A00839:75:H7MFFDSXY:3:1372:10710:6386	chr2	178568591	178568740	False	171	150M	255	0	25	0.7302685976028442	ambig_opp_strand	unspliced	12994	44	RIGEL_NRNA_chr2_2_178525988_178804642		RIGEL_NRNA_chr2_2_178525988_178804642	nrna
A00839:75:H7MFFDSXY:3:2527:25418:24064	chr2	178563746	178563849	False	356	34S104M12S	255	10	5	0.5096140503883362	ambig_opp_strand	unspliced	-1	44	.	.	.	mrna
A00839:75:H7MFFDSXY:3:2243:27507:17253	chr2	178562783	178562932	False	278	150M	255	0	25	0.7173945903778076	ambig_opp_strand	unspliced	12994	44	RIGEL_NRNA_chr2_2_178525988_178804642		RIGEL_NRNA_chr2_2_178525988_178804642	nrna
A00839:75:H7MFFDSXY:3:1464:26992:35462	chr2	178565970	178566119	True	-376	150M	255	0	5	0.5909984707832336	ambig_opp_strand	unspliced	-1	44	.	.	.	mrna
A00839:75:H7MFFDSXY:3:2160:14425:16047	chr2	178565322	178565471	False	306	150M	255	0	25	0.6686472296714783	ambig_opp_strand	unspliced	12994	44	RIGEL_NRNA_chr2_2_178525988_178804642		RIGEL_NRNA_chr2_2_178525988_178804642	nrna
A00839:75:H7MFFDSXY:3:2302:10628:20055	chr2	178561310	178561459	False	409	150M	255	0	5	0.8678779006004333	ambig_opp_strand	unspliced	-1	44	.	.	.	mrna
A00839:75:H7MFFDSXY:3:2252:30219:33379	chr2	178563558	178563707	True	-491	150M	255	0	5	0.7426384687423706	ambig_opp_strand	unspliced	-1	44	.	.	.	mrna
A00839:75:H7MFFDSXY:3:2550:22544:4053	chr2	178569382	178569531	False	215	150M	255	0	3	0.09154339134693146	ambig_opp_strand	unspliced	12994	44	ENST00000460472.6	TTN	ENSG00000155657.29	mrna
A00839:75:H7MFFDSXY:3:1240:16523:35336	chr2	178565230	178565379	True	-203	150M	255	0	25	0.1672794669866562	ambig_opp_strand	unspliced	12994	44	RIGEL_NRNA_chr2_1_178540115_178582663		RIGEL_NRNA_chr2_1_178540115_178582663	nrna
A00839:75:H7MFFDSXY:3:1171:25292:6558	chr2	178560014	178560163	False	303	150M	255	0	25	0.6768515706062317	ambig_opp_strand	unspliced	12994	44	RIGEL_NRNA_chr2_2_178525988_178804642		RIGEL_NRNA_chr2_2_178525988_178804642	nrna
A00839:75:H7MFFDSXY:3:1157:22173:24392	chr2	178564311	178564460	False	198	150M	255	0	5	0.054058510810136795	ambig_opp_strand	unspliced	-1	44	.	.	.	mrna
A00839:75:H7MFFDSXY:3:1120:2013:36385	chr2	178568695	178568844	True	-305	150M	255	0	25	0.19992955029010773	ambig_opp_strand	unspliced	12994	44	RIGEL_NRNA_chr2_1_178523417_178776534		RIGEL_NRNA_chr2_1_178523417_178776534	nrna
A00839:75:H7MFFDSXY:3:1545:30770:1360	chr2	178562553	178562702	True	-172	150M	255	0	25	0.17719028890132904	ambig_opp_strand	unspliced	12994	44	RIGEL_NRNA_chr2_1_178539804_178576557		RIGEL_NRNA_chr2_1_178539804_178576557	nrna
A00839:75:H7MFFDSXY:3:1312:18864:19633	chr2	178560260	178560408	False	252	149M1S	255	1	25	0.7400345802307129	ambig_opp_strand	unspliced	12994	44	RIGEL_NRNA_chr2_2_178525988_178804642		RIGEL_NRNA_chr2_2_178525988_178804642	nrna
A00839:75:H7MFFDSXY:3:1666:11360:8234	chr2	178568423	178568572	True	-321	150M	255	0	25	0.14895941317081451	ambig_opp_strand	unspliced	12994	44	RIGEL_NRNA_chr2_1_178528764_178620148		RIGEL_NRNA_chr2_1_178528764_178620148	nrna
A00839:75:H7MFFDSXY:3:1577:14823:21997	chr2	178569047	178569196	False	418	150M	255	0	5	0.8765236735343933	ambig_opp_strand	unspliced	-1	44	.	.	.	mrna
A00839:75:H7MFFDSXY:3:1150:14299:26913	chr2	178563067	178563216	True	-413	150M	255	0	5	0.7736473679542542	ambig_opp_strand	unspliced	-1	44	.	.	.	mrna
A00839:75:H7MFFDSXY:3:2113:17246:33583	chr2	178569372	178569521	False	410	150M	255	0	5	0.8637162446975708	ambig_opp_strand	unspliced	-1	44	.	.	.	mrna
A00839:75:H7MFFDSXY:3:1119:29848:35305	chr2	178567792	178567941	True	-227	150M	255	0	25	0.16336244344711304	ambig_opp_strand	unspliced	12994	44	RIGEL_NRNA_chr2_1_178528764_178620148		RIGEL_NRNA_chr2_1_178528764_178620148	nrna
A00839:75:H7MFFDSXY:3:1168:21115:34522	chr2	178561082	178561231	False	423	150M	255	0	5	0.8718879222869873	ambig_opp_strand	unspliced	-1	44	.	.	.	mrna
A00839:75:H7MFFDSXY:3:1236:9218:25661	chr2	178561870	178562019	False	372	150M	255	0	3	0.02835048921406269	ambig_opp_strand	unspliced	12994	44	ENST00000460472.6	TTN	ENSG00000155657.29	mrna
A00839:75:H7MFFDSXY:3:2101:25382:14606	chr2	178565773	178565922	True	-375	150M	255	1	5	0.5778282880783081	ambig_opp_strand	unspliced	-1	44	.	.	.	mrna
A00839:75:H7MFFDSXY:3:1511:28565:8907	chr2	178564594	178564742	False	175	149M1S	255	0	25	0.7335613369941711	ambig_opp_strand	unspliced	12994	44	RIGEL_NRNA_chr2_2_178525988_178804642		RIGEL_NRNA_chr2_2_178525988_178804642	nrna
A00839:75:H7MFFDSXY:3:1403:10854:25207	chr2	178561026	178561175	True	-272	150M	255	0	25	0.16497834026813507	ambig_opp_strand	unspliced	12994	44	RIGEL_NRNA_chr2_1_178540115_178582663		RIGEL_NRNA_chr2_1_178540115_178582663	nrna
A00839:75:H7MFFDSXY:3:1427:18792:27305	chr2	178565323	178565472	False	409	150M	255	0	5	0.8678779006004333	ambig_opp_strand	unspliced	-1	44	.	.	.	mrna
A00839:75:H7MFFDSXY:3:1401:16143:19930	chr2	178564855	178565004	False	313	150M	255	0	25	0.6488268375396729	ambig_opp_strand	unspliced	12994	44	RIGEL_NRNA_chr2_2_178525988_178804642		RIGEL_NRNA_chr2_2_178525988_178804642	nrna
A00839:75:H7MFFDSXY:3:2652:28782:22341	chr2	178565516	178565665	False	382	150M	255	0	5	0.8230653405189514	ambig_opp_strand	unspliced	-1	44	.	.	.	mrna
A00839:75:H7MFFDSXY:3:1607:3332:3349	chr2	178569187	178569336	False	228	150M	255	0	25	0.7458291053771973	ambig_opp_strand	unspliced	12994	44	RIGEL_NRNA_chr2_2_178525988_178804642		RIGEL_NRNA_chr2_2_178525988_178804642	nrna
A00839:75:H7MFFDSXY:3:2470:19958:21308	chr2	178567748	178567897	False	428	150M	255	0	5	0.8660291433334351	ambig_opp_strand	unspliced	-1	44	.	.	.	mrna
A00839:75:H7MFFDSXY:3:1374:23312:35383	chr2	178568022	178568171	True	-260	150M	255	0	25	0.17751961946487427	ambig_opp_strand	unspliced	12994	44	RIGEL_NRNA_chr2_1_178539804_178576557		RIGEL_NRNA_chr2_1_178539804_178576557	nrna
A00839:75:H7MFFDSXY:3:2205:12961:30076	chr2	178564401	178564550	False	534	150M	255	0	5	0.8287829756736755	ambig_opp_strand	unspliced	-1	44	.	.	.	mrna
A00839:75:H7MFFDSXY:3:2511:10493:18975	chr2	178561986	178562135	False	278	150M	255	0	3	0.08795464038848877	ambig_opp_strand	unspliced	12994	44	ENST00000460472.6	TTN	ENSG00000155657.29	mrna
A00839:75:H7MFFDSXY:3:2146:11433:10676	chr2	178567518	178567648	True	-131	131M	255	0	25	0.16326357424259186	ambig_opp_strand	unspliced	12994	44	RIGEL_NRNA_chr2_1_178539804_178576557		RIGEL_NRNA_chr2_1_178539804_178576557	nrna
A00839:75:H7MFFDSXY:3:1258:32895:33066	chr2	178568441	178568590	True	-437	150M	255	0	25	0.051437173038721085	ambig_opp_strand	unspliced	12994	44	RIGEL_NRNA_chr2_1_178523417_178776534		RIGEL_NRNA_chr2_1_178523417_178776534	nrna
A00839:75:H7MFFDSXY:3:2542:32497:8641	chr2	178568810	178568959	True	-344	150M	255	0	5	0.22306618094444275	ambig_opp_strand	unspliced	-1	44	.	.	.	mrna
A00839:75:H7MFFDSXY:3:1445:29053:14512	chr2	178569805	178569954	False	297	150M	255	0	25	0.6904120445251465	ambig_opp_strand	unspliced	12994	44	RIGEL_NRNA_chr2_2_178525988_178804642		RIGEL_NRNA_chr2_2_178525988_178804642	nrna
A00839:75:H7MFFDSXY:3:1455:31946:28604	chr2	178562942	178563091	False	298	150M	255	0	3	0.021511420607566833	ambig_opp_strand	unspliced	12994	44	ENST00000412264.2	TTN	ENSG00000155657.29	mrna
A00839:75:H7MFFDSXY:3:1125:27362:19288	chr2	178565360	178565509	True	-532	150M	255	0	5	0.6731245517730713	ambig_opp_strand	unspliced	-1	44	.	.	.	mrna
A00839:75:H7MFFDSXY:3:2428:3025:13307	chr2	178562913	178563062	True	-255	150M	255	0	25	0.16242851316928864	ambig_opp_strand	unspliced	12994	44	RIGEL_NRNA_chr2_1_178528764_178620148		RIGEL_NRNA_chr2_1_178528764_178620148	nrna
A00839:75:H7MFFDSXY:3:2214:4047:35399	chr2	178567121	178567270	True	-280	150M	255	0	25	0.1753583401441574	ambig_opp_strand	unspliced	12994	44	RIGEL_NRNA_chr2_1_178539804_178576557		RIGEL_NRNA_chr2_1_178539804_178576557	nrna
A00839:75:H7MFFDSXY:3:1159:5132:28823	chr2	178566915	178567064	True	-410	150M	255	0	25	0.04619618505239487	ambig_opp_strand	unspliced	12994	44	RIGEL_NRNA_chr2_1_178539804_178576557		RIGEL_NRNA_chr2_1_178539804_178576557	nrna
A00839:75:H7MFFDSXY:3:2358:11532:25504	chr2	178565671	178565820	False	315	150M	255	0	25	0.6437647342681885	ambig_opp_strand	unspliced	12994	44	RIGEL_NRNA_chr2_2_178525988_178804642		RIGEL_NRNA_chr2_2_178525988_178804642	nrna
A00839:75:H7MFFDSXY:3:1168:31792:5791	chr2	178566127	178566276	True	-322	150M	255	0	25	0.14842620491981506	ambig_opp_strand	unspliced	12994	44	RIGEL_NRNA_chr2_1_178528764_178620148		RIGEL_NRNA_chr2_1_178528764_178620148	nrna
A00839:75:H7MFFDSXY:3:1314:24786:9721	chr2	178561723	178561872	True	-319	150M	255	0	25	0.16397416591644287	ambig_opp_strand	unspliced	12994	44	RIGEL_NRNA_chr2_1_178539804_178576557		RIGEL_NRNA_chr2_1_178539804_178576557	nrna
A00839:75:H7MFFDSXY:3:2341:6442:36855	chr2	178564742	178564891	True	-312	150M	255	2	25	0.16188167035579681	ambig_opp_strand	unspliced	12994	44	RIGEL_NRNA_chr2_1_178541746_178597681		RIGEL_NRNA_chr2_1_178541746_178597681	nrna
A00839:75:H7MFFDSXY:3:2671:29857:5729	chr2	178560964	178561113	True	-259	150M	255	0	25	0.16215826570987701	ambig_opp_strand	unspliced	12994	44	RIGEL_NRNA_chr2_1_178528764_178620148		RIGEL_NRNA_chr2_1_178528764_178620148	nrna
A00839:75:H7MFFDSXY:3:1367:17390:4398	chr2	178565296	178565441	False	455	146M	255	0	5	0.8815531730651855	ambig_opp_strand	unspliced	-1	44	.	.	.	mrna
A00839:75:H7MFFDSXY:3:2244:4924:21574	chr2	178569161	178569310	False	294	150M	255	0	3	0.08529994636774063	ambig_opp_strand	unspliced	12994	44	ENST00000460472.6	TTN	ENSG00000155657.29	mrna
A00839:75:H7MFFDSXY:3:1171:22706:10441	chr2	178565886	178566035	False	277	150M	255	0	25	0.7181640267372131	ambig_opp_strand	unspliced	12994	44	RIGEL_NRNA_chr2_2_178525988_178804642		RIGEL_NRNA_chr2_2_178525988_178804642	nrna
A00839:75:H7MFFDSXY:3:1129:18050:16783	chr2	178562175	178562324	True	-312	150M	255	1	25	0.15628376603126526	ambig_opp_strand	unspliced	12994	44	RIGEL_NRNA_chr2_1_178540115_178582663		RIGEL_NRNA_chr2_1_178540115_178582663	nrna
A00839:75:H7MFFDSXY:3:1209:27416:33442	chr2	178561041	178561190	False	247	150M	255	0	25	0.7418500781059265	ambig_opp_strand	unspliced	12994	44	RIGEL_NRNA_chr2_2_178525988_178804642		RIGEL_NRNA_chr2_2_178525988_178804642	nrna
A00839:75:H7MFFDSXY:3:1113:1985:6809	chr2	178563264	178563413	False	423	150M	255	0	5	0.8718879222869873	ambig_opp_strand	unspliced	-1	44	.	.	.	mrna
A00839:75:H7MFFDSXY:3:2478:10294:12117	chr2	178561219	178561368	False	334	150M	255	0	3	0.06900998204946518	ambig_opp_strand	unspliced	12994	44	ENST00000460472.6	TTN	ENSG00000155657.29	mrna
A00839:75:H7MFFDSXY:3:1373:28537:30655	chr2	178567709	178567858	False	363	150M	255	0	5	0.5917815566062927	ambig_opp_strand	unspliced	-1	44	.	.	.	mrna
A00839:75:H7MFFDSXY:3:2422:17680:27195	chr2	178565033	178565182	False	325	150M	255	0	3	0.06056975945830345	ambig_opp_strand	unspliced	12994	44	ENST00000342175.12	TTN	ENSG00000155657.29	mrna
A00839:75:H7MFFDSXY:3:2466:7120:18584	chr2	178564836	178564985	True	-320	150M	255	0	25	0.1636509746313095	ambig_opp_strand	unspliced	12994	44	RIGEL_NRNA_chr2_1_178539804_178576557		RIGEL_NRNA_chr2_1_178539804_178576557	nrna
A00839:75:H7MFFDSXY:3:2658:17870:28369	chr2	178564018	178564167	False	259	150M	255	0	25	0.7347457408905029	ambig_opp_strand	unspliced	12994	44	RIGEL_NRNA_chr2_2_178525988_178804642		RIGEL_NRNA_chr2_2_178525988_178804642	nrna
A00839:75:H7MFFDSXY:3:1472:1127:24799	chr2	178561549	178561698	True	-220	150M	255	0	25	0.16745588183403015	ambig_opp_strand	unspliced	12994	44	RIGEL_NRNA_chr2_1_178540115_178582663		RIGEL_NRNA_chr2_1_178540115_178582663	nrna
A00839:75:H7MFFDSXY:3:1448:26702:36276	chr2	178564939	178565088	False	384	150M	255	0	5	0.8257206082344055	ambig_opp_strand	unspliced	-1	44	.	.	.	mrna
A00839:75:H7MFFDSXY:3:1465:24542:23985	chr2	178569086	178569235	True	-455	150M	255	0	5	0.777315616607666	ambig_opp_strand	unspliced	-1	44	.	.	.	mrna
A00839:75:H7MFFDSXY:3:1408:15148:22060	chr2	178562957	178563106	False	278	150M	255	0	25	0.7173945903778076	ambig_opp_strand	unspliced	12994	44	RIGEL_NRNA_chr2_2_178525988_178804642		RIGEL_NRNA_chr2_2_178525988_178804642	nrna
A00839:75:H7MFFDSXY:3:2251:26621:29371	chr2	178561277	178561426	True	-336	150M	255	0	25	0.143153578042984	ambig_opp_strand	unspliced	12994	44	RIGEL_NRNA_chr2_1_178540115_178582663		RIGEL_NRNA_chr2_1_178540115_178582663	nrna
A00839:75:H7MFFDSXY:3:2648:29794:8469	chr2	178568134	178568283	True	-222	150M	255	0	5	0.02493247389793396	ambig_opp_strand	unspliced	-1	44	.	.	.	mrna
A00839:75:H7MFFDSXY:3:2269:1271:33912	chr2	178564121	178564270	False	195	150M	255	0	3	0.07429072260856628	ambig_opp_strand	unspliced	12994	44	ENST00000342175.12	TTN	ENSG00000155657.29	mrna
A00839:75:H7MFFDSXY:3:1254:8983:14638	chr2	178568526	178568675	True	-279	150M	255	0	25	0.16018657386302948	ambig_opp_strand	unspliced	12994	44	RIGEL_NRNA_chr2_1_178528764_178620148		RIGEL_NRNA_chr2_1_178528764_178620148	nrna
A00839:75:H7MFFDSXY:3:2611:10890:27305	chr2	178566676	178566825	False	310	150M	255	0	3	0.0658283680677414	ambig_opp_strand	unspliced	12994	44	ENST00000342175.12	TTN	ENSG00000155657.29	mrna
A00839:75:H7MFFDSXY:3:2356:21911:6872	chr2	178568688	178568837	True	-360	150M	255	1	25	0.11241740733385086	ambig_opp_strand	unspliced	12994	44	RIGEL_NRNA_chr2_1_178541746_178597681		RIGEL_NRNA_chr2_1_178541746_178597681	nrna
A00839:75:H7MFFDSXY:3:1655:3468:31485	chr2	178560863	178561012	True	-352	150M	255	0	25	0.1535986065864563	ambig_opp_strand	unspliced	12994	44	RIGEL_NRNA_chr2_1_178523417_178776534		RIGEL_NRNA_chr2_1_178523417_178776534	nrna
A00839:75:H7MFFDSXY:3:1169:27480:16297	chr2	178564751	178564900	False	286	150M	255	0	25	0.7077359557151794	ambig_opp_strand	unspliced	12994	44	RIGEL_NRNA_chr2_2_178525988_178804642		RIGEL_NRNA_chr2_2_178525988_178804642	nrna
A00839:75:H7MFFDSXY:3:2323:2456:28823	chr2	178563170	178563319	True	-172	150M	255	0	25	0.16176837682724	ambig_opp_strand	unspliced	12994	44	RIGEL_NRNA_chr2_1_178528764_178620148		RIGEL_NRNA_chr2_1_178528764_178620148	nrna
A00839:75:H7MFFDSXY:3:2202:13395:19085	chr2	178561931	178562080	True	-270	150M	255	0	25	0.17111258208751678	ambig_opp_strand	unspliced	12994	44	RIGEL_NRNA_chr2_1_178541746_178597681		RIGEL_NRNA_chr2_1_178541746_178597681	nrna
A00839:75:H7MFFDSXY:3:2636:28989:21355	chr2	178569990	178570139	False	211	150M	255	0	25	0.7459476590156555	ambig_opp_strand	unspliced	12994	44	RIGEL_NRNA_chr2_2_178525988_178804642		RIGEL_NRNA_chr2_2_178525988_178804642	nrna
A00839:75:H7MFFDSXY:3:2547:6912:1971	chr2	178569659	178569808	True	-272	150M	255	0	25	0.17088767886161804	ambig_opp_strand	unspliced	12994	44	RIGEL_NRNA_chr2_1_178541746_178597681		RIGEL_NRNA_chr2_1_178541746_178597681	nrna
A00839:75:H7MFFDSXY:3:1572:30427:13980	chr2	178563970	178564119	False	311	150M	255	1	25	0.6541176438331604	ambig_opp_strand	unspliced	12994	44	RIGEL_NRNA_chr2_2_178525988_178804642		RIGEL_NRNA_chr2_2_178525988_178804642	nrna
A00839:75:H7MFFDSXY:3:1659:29948:36072	chr2	178569734	178569883	False	201	150M	255	0	25	0.7442238330841064	ambig_opp_strand	unspliced	12994	44	RIGEL_NRNA_chr2_2_178525988_178804642		RIGEL_NRNA_chr2_2_178525988_178804642	nrna
A00839:75:H7MFFDSXY:3:2468:8657:34961	chr2	178563549	178563698	False	287	150M	255	0	3	0.08666587620973587	ambig_opp_strand	unspliced	12994	44	ENST00000460472.6	TTN	ENSG00000155657.29	mrna
A00839:75:H7MFFDSXY:3:1559:1163:20322	chr2	178560714	178560863	False	417	150M	255	0	5	0.8781221508979797	ambig_opp_strand	unspliced	-1	44	.	.	.	mrna
A00839:75:H7MFFDSXY:3:2344:15203:29168	chr2	178569359	178569508	False	306	150M	255	0	25	0.6686471700668335	ambig_opp_strand	unspliced	12994	44	RIGEL_NRNA_chr2_2_178525988_178804642		RIGEL_NRNA_chr2_2_178525988_178804642	nrna
A00839:75:H7MFFDSXY:3:1202:29921:22091	chr2	178565137	178565286	True	-331	150M	255	0	25	0.14691972732543945	ambig_opp_strand	unspliced	12994	44	RIGEL_NRNA_chr2_1_178540115_178582663		RIGEL_NRNA_chr2_1_178540115_178582663	nrna
A00839:75:H7MFFDSXY:3:1161:24994:22608	chr2	178565167	178565316	True	-437	150M	255	0	5	0.7617981433868408	ambig_opp_strand	unspliced	-1	44	.	.	.	mrna
A00839:75:H7MFFDSXY:3:1549:8043:16391	chr2	178561658	178561807	False	325	150M	255	0	5	0.23038968443870544	ambig_opp_strand	unspliced	-1	44	.	.	.	mrna
A00839:75:H7MFFDSXY:3:2229:31783:3521	chr2	178563288	178563437	True	-475	150M	255	0	25	0.041942402720451355	ambig_opp_strand	unspliced	12994	44	RIGEL_NRNA_chr2_1_178528764_178620148		RIGEL_NRNA_chr2_1_178528764_178620148	nrna
A00839:75:H7MFFDSXY:3:1375:25925:33739	chr2	178564913	178565062	False	273	150M	255	0	25	0.7232062816619873	ambig_opp_strand	unspliced	12994	44	RIGEL_NRNA_chr2_2_178525988_178804642		RIGEL_NRNA_chr2_2_178525988_178804642	nrna
A00839:75:H7MFFDSXY:3:2102:1398:28275	chr2	178561264	178561413	True	-255	150M	255	0	5	0.030500544235110283	ambig_opp_strand	unspliced	-1	44	.	.	.	mrna
A00839:75:H7MFFDSXY:3:1668:17915:4335	chr2	178569291	178569440	True	-170	150M	255	0	25	0.1656687706708908	ambig_opp_strand	unspliced	12994	44	RIGEL_NRNA_chr2_1_178540115_178582663		RIGEL_NRNA_chr2_1_178540115_178582663	nrna
A00839:75:H7MFFDSXY:3:1171:29505:21371	chr2	178567923	178568072	False	263	150M	255	0	25	0.7321848273277283	ambig_opp_strand	unspliced	12994	44	RIGEL_NRNA_chr2_2_178525988_178804642		RIGEL_NRNA_chr2_2_178525988_178804642	nrna
A00839:75:H7MFFDSXY:3:1442:8992:11459	chr2	178569387	178569536	False	571	150M	255	0	25	0.25108036398887634	ambig_opp_strand	unspliced	12994	44	RIGEL_NRNA_chr2_2_178525988_178804642		RIGEL_NRNA_chr2_2_178525988_178804642	nrna
A00839:75:H7MFFDSXY:3:2460:20428:23281	chr2	178569380	178569529	False	236	150M	255	2	25	0.7448741793632507	ambig_opp_strand	unspliced	12994	44	RIGEL_NRNA_chr2_2_178525988_178804642		RIGEL_NRNA_chr2_2_178525988_178804642	nrna
A00839:75:H7MFFDSXY:3:1661:12671:8281	chr2	178569632	178569781	True	-304	150M	255	0	25	0.20021291077136993	ambig_opp_strand	unspliced	12994	44	RIGEL_NRNA_chr2_1_178523417_178776534		RIGEL_NRNA_chr2_1_178523417_178776534	nrna
A00839:75:H7MFFDSXY:3:1359:28863:23797	chr2	178563929	178564078	False	468	150M	255	0	5	0.8751306533813477	ambig_opp_strand	unspliced	-1	44	.	.	.	mrna
A00839:75:H7MFFDSXY:3:2256:18484:29747	chr2	178564684	178564833	True	-418	150M	255	0	5	0.7690199613571167	ambig_opp_strand	unspliced	-1	44	.	.	.	mrna
A00839:75:H7MFFDSXY:3:1532:4038:20854	chr2	178568353	178568502	False	240	150M	255	0	25	0.7442801594734192	ambig_opp_strand	unspliced	12994	44	RIGEL_NRNA_chr2_2_178525988_178804642		RIGEL_NRNA_chr2_2_178525988_178804642	nrna
A00839:75:H7MFFDSXY:3:1438:2320:3850	chr2	178563651	178563800	True	-329	150M	255	0	25	0.14460599422454834	ambig_opp_strand	unspliced	12994	44	RIGEL_NRNA_chr2_1_178528764_178620148		RIGEL_NRNA_chr2_1_178528764_178620148	nrna
A00839:75:H7MFFDSXY:3:1404:18584:3615	chr2	178567306	178567455	False	308	150M	255	0	5	0.15604080259799957	ambig_opp_strand	unspliced	-1	44	.	.	.	mrna
A00839:75:H7MFFDSXY:3:1501:31277:3333	chr2	178563066	178563215	False	228	150M	255	0	25	0.7458291053771973	ambig_opp_strand	unspliced	12994	44	RIGEL_NRNA_chr2_2_178525988_178804642		RIGEL_NRNA_chr2_2_178525988_178804642	nrna
A00839:75:H7MFFDSXY:3:2243:12689:24095	chr2	178569853	178570002	False	368	150M	255	0	25	0.2696508765220642	ambig_opp_strand	unspliced	12994	44	RIGEL_NRNA_chr2_2_178525988_178804642		RIGEL_NRNA_chr2_2_178525988_178804642	nrna
A00839:75:H7MFFDSXY:3:1316:24587:30827	chr2	178567632	178567781	True	-272	150M	255	0	25	0.17631928622722626	ambig_opp_strand	unspliced	12994	44	RIGEL_NRNA_chr2_1_178539804_178576557		RIGEL_NRNA_chr2_1_178539804_178576557	nrna
A00839:75:H7MFFDSXY:3:2652:31485:6605	chr2	178564886	178565035	True	-271	150M	255	0	25	0.17644834518432617	ambig_opp_strand	unspliced	12994	44	RIGEL_NRNA_chr2_1_178539804_178576557		RIGEL_NRNA_chr2_1_178539804_178576557	nrna
A00839:75:H7MFFDSXY:3:2260:24713:32643	chr2	178567837	178567986	False	164	150M	255	0	25	0.7237067818641663	ambig_opp_strand	unspliced	12994	44	RIGEL_NRNA_chr2_2_178525988_178804642		RIGEL_NRNA_chr2_2_178525988_178804642	nrna
A00839:75:H7MFFDSXY:3:1256:12915:9048	chr2	178560211	178560360	True	-228	150M	255	0	25	0.17890962958335876	ambig_opp_strand	unspliced	12994	44	RIGEL_NRNA_chr2_1_178539804_178576557		RIGEL_NRNA_chr2_1_178539804_178576557	nrna
A00839:75:H7MFFDSXY:3:2560:16577:4961	chr2	178562166	178562315	False	286	150M	255	0	25	0.7077358961105347	ambig_opp_strand	unspliced	12994	44	RIGEL_NRNA_chr2_2_178525988_178804642		RIGEL_NRNA_chr2_2_178525988_178804642	nrna
A00839:75:H7MFFDSXY:3:2647:5475:30827	chr2	178566688	178566837	False	280	150M	255	0	3	0.08775611966848373	ambig_opp_strand	unspliced	12994	44	ENST00000460472.6	TTN	ENSG00000155657.29	mrna
A00839:75:H7MFFDSXY:3:1331:7012:31923	chr2	178568721	178568870	False	298	150M	255	0	25	0.6881697773933411	ambig_opp_strand	unspliced	12994	44	RIGEL_NRNA_chr2_2_178525988_178804642		RIGEL_NRNA_chr2_2_178525988_178804642	nrna
A00839:75:H7MFFDSXY:3:2305:13069:26443	chr2	178565846	178565995	False	305	150M	255	0	3	0.0672241821885109	ambig_opp_strand	unspliced	12994	44	ENST00000342175.12	TTN	ENSG00000155657.29	mrna
A00839:75:H7MFFDSXY:3:1235:20446:27633	chr2	178567295	178567444	False	350	150M	255	1	5	0.4418873190879822	ambig_opp_strand	unspliced	-1	44	.	.	.	mrna
A00839:75:H7MFFDSXY:3:2104:21224:30639	chr2	178567346	178567495	False	555	150M	255	1	5	0.7631317973136902	ambig_opp_strand	unspliced	-1	44	.	.	.	mrna
A00839:75:H7MFFDSXY:3:1602:21766:10441	chr2	178565275	178565424	False	301	150M	255	0	25	0.6809026002883911	ambig_opp_strand	unspliced	12994	44	RIGEL_NRNA_chr2_2_178525988_178804642		RIGEL_NRNA_chr2_2_178525988_178804642	nrna
A00839:75:H7MFFDSXY:3:2675:26784:15499	chr2	178561611	178561760	False	288	150M	255	0	25	0.7061769366264343	ambig_opp_strand	unspliced	12994	44	RIGEL_NRNA_chr2_2_178525988_178804642		RIGEL_NRNA_chr2_2_178525988_178804642	nrna
A00839:75:H7MFFDSXY:3:1256:15049:17503	chr2	178566707	178566856	True	-159	150M	255	0	25	0.1755448281764984	ambig_opp_strand	unspliced	12994	44	RIGEL_NRNA_chr2_1_178539804_178576557		RIGEL_NRNA_chr2_1_178539804_178576557	nrna
A00839:75:H7MFFDSXY:3:1662:18557:18912	chr2	178569376	178569525	False	380	150M	255	0	5	0.7945609092712402	ambig_opp_strand	unspliced	-1	44	.	.	.	mrna
A00839:75:H7MFFDSXY:3:1411:31910:30232	chr2	178562878	178563027	True	-458	150M	255	0	25	0.04549810662865639	ambig_opp_strand	unspliced	12994	44	RIGEL_NRNA_chr2_1_178539804_178576557		RIGEL_NRNA_chr2_1_178539804_178576557	nrna
A00839:75:H7MFFDSXY:3:1258:13874:11929	chr2	178562997	178563146	False	280	150M	255	0	25	0.7157753705978394	ambig_opp_strand	unspliced	12994	44	RIGEL_NRNA_chr2_2_178525988_178804642		RIGEL_NRNA_chr2_2_178525988_178804642	nrna
A00839:75:H7MFFDSXY:3:1428:15655:8469	chr2	178562449	178562598	False	203	150M	255	0	25	0.7446973919868469	ambig_opp_strand	unspliced	12994	44	RIGEL_NRNA_chr2_2_178525988_178804642		RIGEL_NRNA_chr2_2_178525988_178804642	nrna
A00839:75:H7MFFDSXY:3:1439:26015:8813	chr2	178565392	178565541	True	-315	150M	255	0	5	0.0943273976445198	ambig_opp_strand	unspliced	-1	44	.	.	.	mrna
A00839:75:H7MFFDSXY:3:2234:23981:34225	chr2	178565341	178565490	True	-279	150M	255	0	25	0.1754576712846756	ambig_opp_strand	unspliced	12994	44	RIGEL_NRNA_chr2_1_178539804_178576557		RIGEL_NRNA_chr2_1_178539804_178576557	nrna
A00839:75:H7MFFDSXY:3:2469:15365:9721	chr2	178562616	178562765	True	-263	150M	255	0	25	0.16591085493564606	ambig_opp_strand	unspliced	12994	44	RIGEL_NRNA_chr2_1_178540115_178582663		RIGEL_NRNA_chr2_1_178540115_178582663	nrna
A00839:75:H7MFFDSXY:3:2217:31611:2785	chr2	178569310	178569459	True	-416	150M	255	0	5	0.7527049779891968	ambig_opp_strand	unspliced	-1	44	.	.	.	mrna
A00839:75:H7MFFDSXY:3:1609:31132:28980	chr2	178566387	178566536	True	-285	150M	255	0	25	0.15941016376018524	ambig_opp_strand	unspliced	12994	44	RIGEL_NRNA_chr2_1_178528764_178620148		RIGEL_NRNA_chr2_1_178528764_178620148	nrna
A00839:75:H7MFFDSXY:3:2553:5891:30483	chr2	178569255	178569404	False	408	150M	255	0	5	0.873664379119873	ambig_opp_strand	unspliced	-1	44	.	.	.	mrna
A00839:75:H7MFFDSXY:3:2515:20193:11381	chr2	178564053	178564202	False	323	150M	255	0	5	0.22089411318302155	ambig_opp_strand	unspliced	-1	44	.	.	.	mrna
A00839:75:H7MFFDSXY:3:2337:9390:20384	chr2	178560570	178560719	False	386	150M	255	0	5	0.8399209380149841	ambig_opp_strand	unspliced	-1	44	.	.	.	mrna
A00839:75:H7MFFDSXY:3:1202:13376:8030	chr2	178565292	178565441	True	-469	150M	255	0	5	0.7442482113838196	ambig_opp_strand	unspliced	-1	44	.	.	.	mrna
A00839:75:H7MFFDSXY:3:2130:14814:7075	chr2	178568336	178568485	True	-298	150M	255	0	5	0.06294017285108566	ambig_opp_strand	unspliced	-1	44	.	.	.	mrna
A00839:75:H7MFFDSXY:3:1148:5556:29747	chr2	178560310	178560459	True	-295	150M	255	0	25	0.1673271507024765	ambig_opp_strand	unspliced	12994	44	RIGEL_NRNA_chr2_1_178541746_178597681		RIGEL_NRNA_chr2_1_178541746_178597681	nrna
A00839:75:H7MFFDSXY:3:1508:13169:2503	chr2	178562483	178562632	False	253	150M	255	0	25	0.7388496398925781	ambig_opp_strand	unspliced	12994	44	RIGEL_NRNA_chr2_2_178525988_178804642		RIGEL_NRNA_chr2_2_178525988_178804642	nrna
A00839:75:H7MFFDSXY:3:2171:23529:29590	chr2	178562674	178562823	False	374	150M	255	1	5	0.7373983263969421	ambig_opp_strand	unspliced	-1	44	.	.	.	mrna
A00839:75:H7MFFDSXY:3:1444:7672:36323	chr2	178567819	178567968	False	357	150M	255	0	3	0.04654572531580925	ambig_opp_strand	unspliced	12994	44	ENST00000460472.6	TTN	ENSG00000155657.29	mrna
A00839:75:H7MFFDSXY:3:2208:17743:25770	chr2	178561475	178561619	True	-145	145M	255	0	25	0.20196066796779633	ambig_opp_strand	unspliced	12994	44	RIGEL_NRNA_chr2_1_178523417_178776534		RIGEL_NRNA_chr2_1_178523417_178776534	nrna
A00839:75:H7MFFDSXY:3:1371:29930:33786	chr2	178560513	178560662	False	314	150M	255	0	25	0.6446394920349121	ambig_opp_strand	unspliced	12994	44	RIGEL_NRNA_chr2_2_178525988_178804642		RIGEL_NRNA_chr2_2_178525988_178804642	nrna
A00839:75:H7MFFDSXY:3:2278:29713:25363	chr2	178565565	178565708	False	144	144M	255	0	25	0.6858207583427429	ambig_opp_strand	unspliced	12994	44	RIGEL_NRNA_chr2_2_178525988_178804642		RIGEL_NRNA_chr2_2_178525988_178804642	nrna
A00839:75:H7MFFDSXY:3:1459:18530:14700	chr2	178564384	178564533	True	-288	150M	255	0	25	0.16298791766166687	ambig_opp_strand	unspliced	12994	44	RIGEL_NRNA_chr2_1_178540115_178582663		RIGEL_NRNA_chr2_1_178540115_178582663	nrna
A00839:75:H7MFFDSXY:3:1508:14226:26569	chr2	178566912	178567061	False	226	150M	255	1	25	0.7461573481559753	ambig_opp_strand	unspliced	12994	44	RIGEL_NRNA_chr2_2_178525988_178804642		RIGEL_NRNA_chr2_2_178525988_178804642	nrna
A00839:75:H7MFFDSXY:3:1515:18385:32612	chr2	178563152	178563301	False	197	150M	255	1	25	0.7435592412948608	ambig_opp_strand	unspliced	12994	44	RIGEL_NRNA_chr2_2_178525988_178804642		RIGEL_NRNA_chr2_2_178525988_178804642	nrna
A00839:75:H7MFFDSXY:3:1321:16966:26271	chr2	178562549	178562698	True	-325	150M	255	0	25	0.15056705474853516	ambig_opp_strand	unspliced	12994	44	RIGEL_NRNA_chr2_1_178540115_178582663		RIGEL_NRNA_chr2_1_178540115_178582663	nrna
A00839:75:H7MFFDSXY:3:1261:14877:34021	chr2	178567829	178567975	True	-147	147M	255	0	25	0.1728583574295044	ambig_opp_strand	unspliced	12994	44	RIGEL_NRNA_chr2_1_178539804_178576557		RIGEL_NRNA_chr2_1_178539804_178576557	nrna
A00839:75:H7MFFDSXY:3:1460:8576:12587	chr2	178563612	178563761	False	297	150M	255	0	25	0.6904120445251465	ambig_opp_strand	unspliced	12994	44	RIGEL_NRNA_chr2_2_178525988_178804642		RIGEL_NRNA_chr2_2_178525988_178804642	nrna
A00839:75:H7MFFDSXY:3:1239:31693:16016	chr2	178563754	178563903	True	-425	150M	255	0	5	0.7273409366607666	ambig_opp_strand	unspliced	-1	44	.	.	.	mrna
A00839:75:H7MFFDSXY:3:1166:18150:24220	chr2	178569240	178569389	True	-267	150M	255	0	25	0.1654554307460785	ambig_opp_strand	unspliced	12994	44	RIGEL_NRNA_chr2_1_178540115_178582663		RIGEL_NRNA_chr2_1_178540115_178582663	nrna
A00839:75:H7MFFDSXY:3:1320:27769:36025	chr2	178568084	178568233	True	-425	150M	255	0	5	0.7273409366607666	ambig_opp_strand	unspliced	-1	44	.	.	.	mrna
A00839:75:H7MFFDSXY:3:1645:8015:33661	chr2	178563596	178563745	False	309	150M	255	0	25	0.6591084599494934	ambig_opp_strand	unspliced	12994	44	RIGEL_NRNA_chr2_2_178525988_178804642		RIGEL_NRNA_chr2_2_178525988_178804642	nrna
A00839:75:H7MFFDSXY:3:2273:24361:7482	chr2	178568766	178568915	True	-280	150M	255	0	25	0.1753583401441574	ambig_opp_strand	unspliced	12994	44	RIGEL_NRNA_chr2_1_178539804_178576557		RIGEL_NRNA_chr2_1_178539804_178576557	nrna
A00839:75:H7MFFDSXY:3:2538:23258:1689	chr2	178568771	178568920	True	-313	150M	255	1	5	0.09064457565546036	ambig_opp_strand	unspliced	-1	44	.	.	.	mrna
A00839:75:H7MFFDSXY:3:1547:9173:15248	chr2	178565422	178565571	False	468	150M	255	0	5	0.8751306533813477	ambig_opp_strand	unspliced	-1	44	.	.	.	mrna
A00839:75:H7MFFDSXY:3:1547:19614:8782	chr2	178566823	178566972	True	-251	150M	255	0	25	0.17818383872509003	ambig_opp_strand	unspliced	12994	44	RIGEL_NRNA_chr2_1_178539804_178576557		RIGEL_NRNA_chr2_1_178539804_178576557	nrna
A00839:75:H7MFFDSXY:3:2277:32045:9267	chr2	178569363	178569512	False	276	150M	255	0	5	0.08542145043611526	ambig_opp_strand	unspliced	-1	44	.	.	.	mrna
A00839:75:H7MFFDSXY:3:2238:27932:2926	chr2	178560450	178560599	True	-337	150M	255	1	25	0.14658302068710327	ambig_opp_strand	unspliced	12994	44	RIGEL_NRNA_chr2_1_178541746_178597681		RIGEL_NRNA_chr2_1_178541746_178597681	nrna
A00839:75:H7MFFDSXY:3:2651:6298:18850	chr2	178568718	178568867	False	251	150M	255	0	25	0.7395832538604736	ambig_opp_strand	unspliced	12994	44	RIGEL_NRNA_chr2_2_178525988_178804642		RIGEL_NRNA_chr2_2_178525988_178804642	nrna
A00839:75:H7MFFDSXY:3:2578:23601:36667	chr2	178565885	178566034	True	-442	150M	255	0	5	0.7513960003852844	ambig_opp_strand	unspliced	-1	44	.	.	.	mrna
A00839:75:H7MFFDSXY:3:1469:23439:29152	chr2	178562414	178562563	True	-373	150M	255	1	5	0.5521815419197083	ambig_opp_strand	unspliced	-1	44	.	.	.	mrna
A00839:75:H7MFFDSXY:3:1626:27028:19116	chr2	178561464	178561613	False	199	150M	255	0	5	0.0542798787355423	ambig_opp_strand	unspliced	-1	44	.	.	.	mrna
A00839:75:H7MFFDSXY:3:2318:7102:33144	chr2	178569693	178569842	False	221	150M	255	0	25	0.7462242245674133	ambig_opp_strand	unspliced	12994	44	RIGEL_NRNA_chr2_2_178525988_178804642		RIGEL_NRNA_chr2_2_178525988_178804642	nrna
A00839:75:H7MFFDSXY:3:2653:2211:22075	chr2	178563636	178563785	False	267	150M	255	0	5	0.07455532997846603	ambig_opp_strand	unspliced	-1	44	.	.	.	mrna
A00839:75:H7MFFDSXY:3:1245:17201:28025	chr2	178561827	178561976	False	360	150M	255	0	3	0.04303784668445587	ambig_opp_strand	unspliced	12994	44	ENST00000460472.6	TTN	ENSG00000155657.29	mrna
A00839:75:H7MFFDSXY:3:1234:19208:4257	chr2	178561596	178561745	False	349	150M	255	1	25	0.44414520263671875	ambig_opp_strand	unspliced	12994	44	RIGEL_NRNA_chr2_2_178525988_178804642		RIGEL_NRNA_chr2_2_178525988_178804642	nrna
A00839:75:H7MFFDSXY:3:2610:9344:12727	chr2	178564990	178565139	False	502	150M	255	0	5	0.8515229225158691	ambig_opp_strand	unspliced	-1	44	.	.	.	mrna
A00839:75:H7MFFDSXY:3:1351:11198:25801	chr2	178567600	178567749	False	354	150M	255	0	5	0.49382174015045166	ambig_opp_strand	unspliced	-1	44	.	.	.	mrna
A00839:75:H7MFFDSXY:3:2307:18756:24549	chr2	178561077	178561226	False	346	150M	255	0	25	0.47492027282714844	ambig_opp_strand	unspliced	12994	44	RIGEL_NRNA_chr2_2_178525988_178804642		RIGEL_NRNA_chr2_2_178525988_178804642	nrna
A00839:75:H7MFFDSXY:3:2438:22761:5619	chr2	178562931	178563080	False	193	150M	255	0	25	0.7418724894523621	ambig_opp_strand	unspliced	12994	44	RIGEL_NRNA_chr2_2_178525988_178804642		RIGEL_NRNA_chr2_2_178525988_178804642	nrna
A00839:75:H7MFFDSXY:3:2308:9127:1423	chr2	178562804	178562953	False	273	150M	255	0	25	0.7232062816619873	ambig_opp_strand	unspliced	12994	44	RIGEL_NRNA_chr2_2_178525988_178804642		RIGEL_NRNA_chr2_2_178525988_178804642	nrna
A00839:75:H7MFFDSXY:3:2406:13657:20134	chr2	178567839	178567988	True	-314	150M	255	0	25	0.19570830464363098	ambig_opp_strand	unspliced	12994	44	RIGEL_NRNA_chr2_1_178523417_178776534		RIGEL_NRNA_chr2_1_178523417_178776534	nrna
A00839:75:H7MFFDSXY:3:1378:19343:31735	chr2	178563341	178563490	True	-320	150M	255	0	25	0.15860962867736816	ambig_opp_strand	unspliced	12994	44	RIGEL_NRNA_chr2_1_178541746_178597681		RIGEL_NRNA_chr2_1_178541746_178597681	nrna
A00839:75:H7MFFDSXY:3:2165:6216:8469	chr2	178569050	178569195	True	-146	146M	255	0	25	0.17214183509349823	ambig_opp_strand	unspliced	12994	44	RIGEL_NRNA_chr2_1_178539804_178576557		RIGEL_NRNA_chr2_1_178539804_178576557	nrna
A00839:75:H7MFFDSXY:3:1467:15411:2973	chr2	178563448	178563597	False	238	150M	255	0	25	0.7448753714561462	ambig_opp_strand	unspliced	12994	44	RIGEL_NRNA_chr2_2_178525988_178804642		RIGEL_NRNA_chr2_2_178525988_178804642	nrna
A00839:75:H7MFFDSXY:3:2167:17219:22514	chr2	178565040	178565189	False	283	150M	255	0	25	0.7115973830223083	ambig_opp_strand	unspliced	12994	44	RIGEL_NRNA_chr2_2_178525988_178804642		RIGEL_NRNA_chr2_2_178525988_178804642	nrna
A00839:75:H7MFFDSXY:3:2375:9769:17033	chr2	178567437	178567586	False	339	150M	255	1	25	0.5319722294807434	ambig_opp_strand	unspliced	12994	44	RIGEL_NRNA_chr2_2_178525988_178804642		RIGEL_NRNA_chr2_2_178525988_178804642	nrna
A00839:75:H7MFFDSXY:3:1455:28456:15953	chr2	178564722	178564871	False	317	150M	255	0	25	0.635845959186554	ambig_opp_strand	unspliced	12994	44	RIGEL_NRNA_chr2_2_178525988_178804642		RIGEL_NRNA_chr2_2_178525988_178804642	nrna
A00839:75:H7MFFDSXY:3:1102:27588:31015	chr2	178567615	178567764	False	474	150M	255	0	5	0.8684520125389099	ambig_opp_strand	unspliced	-1	44	.	.	.	mrna
A00839:75:H7MFFDSXY:3:1518:21450:22952	chr2	178565711	178565860	True	-243	150M	255	0	25	0.16710078716278076	ambig_opp_strand	unspliced	12994	44	RIGEL_NRNA_chr2_1_178540115_178582663		RIGEL_NRNA_chr2_1_178540115_178582663	nrna
A00839:75:H7MFFDSXY:3:1472:13494:28933	chr2	178569175	178569324	False	266	150M	255	0	25	0.7296407222747803	ambig_opp_strand	unspliced	12994	44	RIGEL_NRNA_chr2_2_178525988_178804642		RIGEL_NRNA_chr2_2_178525988_178804642	nrna
A00839:75:H7MFFDSXY:3:2272:31566:12164	chr2	178565428	178565577	True	-319	150M	255	0	25	0.16397416591644287	ambig_opp_strand	unspliced	12994	44	RIGEL_NRNA_chr2_1_178539804_178576557		RIGEL_NRNA_chr2_1_178539804_178576557	nrna
A00839:75:H7MFFDSXY:3:2144:1325:20666	chr2	178566272	178566421	True	-249	150M	255	0	25	0.1728695183992386	ambig_opp_strand	unspliced	12994	44	RIGEL_NRNA_chr2_1_178541746_178597681		RIGEL_NRNA_chr2_1_178541746_178597681	nrna
A00839:75:H7MFFDSXY:3:2308:23963:11866	chr2	178567371	178567520	False	455	150M	255	1	5	0.8815532922744751	ambig_opp_strand	unspliced	-1	44	.	.	.	mrna
A00839:75:H7MFFDSXY:3:1411:29695:35916	chr2	178561610	178561759	True	-255	150M	255	0	25	0.16242851316928864	ambig_opp_strand	unspliced	12994	44	RIGEL_NRNA_chr2_1_178528764_178620148		RIGEL_NRNA_chr2_1_178528764_178620148	nrna
A00839:75:H7MFFDSXY:3:1517:1425:22060	chr2	178562096	178562245	False	433	150M	255	0	5	0.8594968914985657	ambig_opp_strand	unspliced	-1	44	.	.	.	mrna
A00839:75:H7MFFDSXY:3:1359:4788:36902	chr2	178561946	178562095	True	-279	150M	255	0	25	0.16417215764522552	ambig_opp_strand	unspliced	12994	44	RIGEL_NRNA_chr2_1_178540115_178582663		RIGEL_NRNA_chr2_1_178540115_178582663	nrna
A00839:75:H7MFFDSXY:3:2124:27389:36057	chr2	178567166	178567315	False	413	150M	255	0	5	0.8793354630470276	ambig_opp_strand	unspliced	-1	44	.	.	.	mrna
A00839:75:H7MFFDSXY:3:1411:25753:4476	chr2	178561689	178561838	True	-405	150M	255	0	5	0.7644006609916687	ambig_opp_strand	unspliced	-1	44	.	.	.	mrna
A00839:75:H7MFFDSXY:3:1127:20003:12743	chr2	178565493	178565642	True	-183	150M	255	0	25	0.1779842972755432	ambig_opp_strand	unspliced	12994	44	RIGEL_NRNA_chr2_1_178539804_178576557		RIGEL_NRNA_chr2_1_178539804_178576557	nrna
A00839:75:H7MFFDSXY:3:1214:31846:20353	chr2	178561425	178561574	True	-231	150M	255	0	25	0.2104567289352417	ambig_opp_strand	unspliced	12994	44	RIGEL_NRNA_chr2_1_178523417_178776534		RIGEL_NRNA_chr2_1_178523417_178776534	nrna
A00839:75:H7MFFDSXY:3:1363:28393:35697	chr2	178561619	178561768	True	-333	150M	255	0	5	0.15484625101089478	ambig_opp_strand	unspliced	-1	44	.	.	.	mrna
A00839:75:H7MFFDSXY:3:2577:32117:20478	chr2	178566969	178567118	True	-375	150M	255	0	5	0.5778281688690186	ambig_opp_strand	unspliced	-1	44	.	.	.	mrna
A00839:75:H7MFFDSXY:3:1271:4996:10895	chr2	178564618	178564767	True	-371	150M	255	0	5	0.5312128067016602	ambig_opp_strand	unspliced	-1	44	.	.	.	mrna
A00839:75:H7MFFDSXY:3:2311:15022:28604	chr2	178566708	178566857	True	-309	150M	255	0	25	0.1535910964012146	ambig_opp_strand	unspliced	12994	44	RIGEL_NRNA_chr2_1_178528764_178620148		RIGEL_NRNA_chr2_1_178528764_178620148	nrna
A00839:75:H7MFFDSXY:3:1664:10827:36933	chr2	178566086	178566235	False	457	150M	255	0	5	0.8685368299484253	ambig_opp_strand	unspliced	-1	44	.	.	.	mrna
A00839:75:H7MFFDSXY:3:2253:28004:8531	chr2	178562444	178562593	True	-340	150M	255	1	25	0.03177861124277115	ambig_opp_strand	unspliced	12994	44	RIGEL_NRNA_chr2_1_178528739_178633078		RIGEL_NRNA_chr2_1_178528739_178633078	nrna
A00839:75:H7MFFDSXY:3:1309:1868:13401	chr2	178568788	178568937	True	-290	150M	255	0	25	0.16829733550548553	ambig_opp_strand	unspliced	12994	44	RIGEL_NRNA_chr2_1_178541746_178597681		RIGEL_NRNA_chr2_1_178541746_178597681	nrna
A00839:75:H7MFFDSXY:3:1330:21576:8609	chr2	178563091	178563240	True	-340	150M	255	0	25	0.03177861124277115	ambig_opp_strand	unspliced	12994	44	RIGEL_NRNA_chr2_1_178528739_178633078		RIGEL_NRNA_chr2_1_178528739_178633078	nrna
A00839:75:H7MFFDSXY:3:2207:17164:32002	chr2	178561526	178561675	False	250	150M	255	0	25	0.741001546382904	ambig_opp_strand	unspliced	12994	44	RIGEL_NRNA_chr2_2_178525988_178804642		RIGEL_NRNA_chr2_2_178525988_178804642	nrna
A00839:75:H7MFFDSXY:3:1572:3640:13714	chr2	178561152	178561301	True	-221	150M	255	0	25	0.2105792909860611	ambig_opp_strand	unspliced	12994	44	RIGEL_NRNA_chr2_1_178523417_178776534		RIGEL_NRNA_chr2_1_178523417_178776534	nrna
A00839:75:H7MFFDSXY:3:1672:19786:29121	chr2	178569539	178569688	False	350	150M	255	0	25	0.43908044695854187	ambig_opp_strand	unspliced	12994	44	RIGEL_NRNA_chr2_2_178525988_178804642		RIGEL_NRNA_chr2_2_178525988_178804642	nrna
A00839:75:H7MFFDSXY:3:2444:27489:25300	chr2	178569413	178569562	True	-293	150M	255	0	25	0.20377932488918304	ambig_opp_strand	unspliced	12994	44	RIGEL_NRNA_chr2_1_178523417_178776534		RIGEL_NRNA_chr2_1_178523417_178776534	nrna
A00839:75:H7MFFDSXY:3:2536:8205:35180	chr2	178564297	178564446	False	460	150M	255	1	5	0.8677748441696167	ambig_opp_strand	unspliced	-1	44	.	.	.	mrna
A00839:75:H7MFFDSXY:3:1264:11595:3662	chr2	178568498	178568631	False	134	134M	255	0	25	0.645537257194519	ambig_opp_strand	unspliced	12994	44	RIGEL_NRNA_chr2_2_178525988_178804642		RIGEL_NRNA_chr2_2_178525988_178804642	nrna
A00839:75:H7MFFDSXY:3:1375:27001:23453	chr2	178560661	178560810	False	259	150M	255	0	25	0.7347457408905029	ambig_opp_strand	unspliced	12994	44	RIGEL_NRNA_chr2_2_178525988_178804642		RIGEL_NRNA_chr2_2_178525988_178804642	nrna
A00839:75:H7MFFDSXY:3:1151:26612:18677	chr2	178569363	178569512	False	294	150M	255	0	25	0.6957417726516724	ambig_opp_strand	unspliced	12994	44	RIGEL_NRNA_chr2_2_178525988_178804642		RIGEL_NRNA_chr2_2_178525988_178804642	nrna
A00839:75:H7MFFDSXY:3:2417:4155:11005	chr2	178569241	178569390	False	383	150M	255	0	5	0.8257888555526733	ambig_opp_strand	unspliced	-1	44	.	.	.	mrna
A00839:75:H7MFFDSXY:3:2547:10077:5822	chr2	178561894	178562043	True	-410	150M	255	0	5	0.7482641935348511	ambig_opp_strand	unspliced	-1	44	.	.	.	mrna
A00839:75:H7MFFDSXY:3:2510:32253:29262	chr2	178566913	178567062	True	-315	150M	255	0	25	0.16108056902885437	ambig_opp_strand	unspliced	12994	44	RIGEL_NRNA_chr2_1_178541746_178597681		RIGEL_NRNA_chr2_1_178541746_178597681	nrna
A00839:75:H7MFFDSXY:3:2160:22101:16877	chr2	178566823	178566972	False	244	150M	255	0	25	0.742788553237915	ambig_opp_strand	unspliced	12994	44	RIGEL_NRNA_chr2_2_178525988_178804642		RIGEL_NRNA_chr2_2_178525988_178804642	nrna
A00839:75:H7MFFDSXY:3:2275:24822:22780	chr2	178561160	178561309	True	-400	150M	255	0	5	0.7442869544029236	ambig_opp_strand	unspliced	-1	44	.	.	.	mrna
A00839:75:H7MFFDSXY:3:2628:23348:21136	chr2	178565673	178565822	True	-307	150M	255	2	25	0.16910716891288757	ambig_opp_strand	unspliced	12994	44	RIGEL_NRNA_chr2_1_178539804_178576557		RIGEL_NRNA_chr2_1_178539804_178576557	nrna
A00839:75:H7MFFDSXY:3:1604:31467:25113	chr2	178564316	178564465	False	343	150M	255	0	25	0.49764832854270935	ambig_opp_strand	unspliced	12994	44	RIGEL_NRNA_chr2_2_178525988_178804642		RIGEL_NRNA_chr2_2_178525988_178804642	nrna
A00839:75:H7MFFDSXY:3:2126:22010:32158	chr2	178564863	178565012	True	-303	150M	255	1	25	0.20066231489181519	ambig_opp_strand	unspliced	12994	44	RIGEL_NRNA_chr2_1_178523417_178776534		RIGEL_NRNA_chr2_1_178523417_178776534	nrna
A00839:75:H7MFFDSXY:3:2605:9914:14497	chr2	178561619	178561768	True	-322	150M	255	0	5	0.11407718062400818	ambig_opp_strand	unspliced	-1	44	.	.	.	mrna
A00839:75:H7MFFDSXY:3:1638:18041:4679	chr2	178562290	178562439	True	-312	150M	255	0	25	0.16188167035579681	ambig_opp_strand	unspliced	12994	44	RIGEL_NRNA_chr2_1_178541746_178597681		RIGEL_NRNA_chr2_1_178541746_178597681	nrna
A00839:75:H7MFFDSXY:3:2545:29080:31156	chr2	178562486	178562635	False	158	150M	255	0	25	0.7149964570999146	ambig_opp_strand	unspliced	12994	44	RIGEL_NRNA_chr2_2_178525988_178804642		RIGEL_NRNA_chr2_2_178525988_178804642	nrna
A00839:75:H7MFFDSXY:3:1507:24867:19163	chr2	178567843	178567992	False	202	150M	255	0	25	0.7445307374000549	ambig_opp_strand	unspliced	12994	44	RIGEL_NRNA_chr2_2_178525988_178804642		RIGEL_NRNA_chr2_2_178525988_178804642	nrna
A00839:75:H7MFFDSXY:3:1337:2130:1861	chr2	178569485	178569634	False	332	150M	255	0	25	0.5723742842674255	ambig_opp_strand	unspliced	12994	44	RIGEL_NRNA_chr2_2_178525988_178804642		RIGEL_NRNA_chr2_2_178525988_178804642	nrna
A00839:75:H7MFFDSXY:3:2472:11948:4836	chr2	178568338	178568487	True	-307	150M	255	0	25	0.036301031708717346	ambig_opp_strand	unspliced	12994	44	RIGEL_NRNA_chr2_1_178528739_178633078		RIGEL_NRNA_chr2_1_178528739_178633078	nrna
A00839:75:H7MFFDSXY:3:1413:8486:21167	chr2	178567798	178567947	True	-356	150M	255	0	5	0.3276861608028412	ambig_opp_strand	unspliced	-1	44	.	.	.	mrna
A00839:75:H7MFFDSXY:3:2214:26657:21010	chr2	178560161	178560310	False	273	150M	255	0	3	0.02260662242770195	ambig_opp_strand	unspliced	12994	44	ENST00000412264.2	TTN	ENSG00000155657.29	mrna
A00839:75:H7MFFDSXY:3:1208:6316:27524	chr2	178563653	178563802	True	-248	150M	255	0	25	0.17841264605522156	ambig_opp_strand	unspliced	12994	44	RIGEL_NRNA_chr2_1_178539804_178576557		RIGEL_NRNA_chr2_1_178539804_178576557	nrna
A00839:75:H7MFFDSXY:3:1421:32985:35728	chr2	178565037	178565186	False	219	150M	255	0	25	0.7467092871665955	ambig_opp_strand	unspliced	12994	44	RIGEL_NRNA_chr2_2_178525988_178804642		RIGEL_NRNA_chr2_2_178525988_178804642	nrna
A00839:75:H7MFFDSXY:3:2473:19018:14450	chr2	178563014	178563163	False	184	150M	255	0	25	0.7392668724060059	ambig_opp_strand	unspliced	12994	44	RIGEL_NRNA_chr2_2_178525988_178804642		RIGEL_NRNA_chr2_2_178525988_178804642	nrna
A00839:75:H7MFFDSXY:3:1563:15293:35681	chr2	178560433	178560582	True	-247	150M	255	1	25	0.1669701188802719	ambig_opp_strand	unspliced	12994	44	RIGEL_NRNA_chr2_1_178540115_178582663		RIGEL_NRNA_chr2_1_178540115_178582663	nrna
A00839:75:H7MFFDSXY:3:2604:14208:25661	chr2	178569388	178569537	True	-326	150M	255	1	25	0.18847404420375824	ambig_opp_strand	unspliced	12994	44	RIGEL_NRNA_chr2_1_178523417_178776534		RIGEL_NRNA_chr2_1_178523417_178776534	nrna
A00839:75:H7MFFDSXY:3:1369:16342:7811	chr2	178565053	178565202	False	265	150M	255	0	25	0.7296635508537292	ambig_opp_strand	unspliced	12994	44	RIGEL_NRNA_chr2_2_178525988_178804642		RIGEL_NRNA_chr2_2_178525988_178804642	nrna
A00839:75:H7MFFDSXY:3:1509:6903:2456	chr2	178563052	178563201	False	292	150M	255	1	25	0.699613630771637	ambig_opp_strand	unspliced	12994	44	RIGEL_NRNA_chr2_2_178525988_178804642		RIGEL_NRNA_chr2_2_178525988_178804642	nrna
A00839:75:H7MFFDSXY:3:2329:26078:15624	chr2	178560201	178560350	True	-184	150M	255	0	25	0.20962801575660706	ambig_opp_strand	unspliced	12994	44	RIGEL_NRNA_chr2_1_178523417_178776534		RIGEL_NRNA_chr2_1_178523417_178776534	nrna
A00839:75:H7MFFDSXY:3:1120:4689:23923	chr2	178567700	178567849	True	-399	150M	255	0	5	0.7728853225708008	ambig_opp_strand	unspliced	-1	44	.	.	.	mrna
A00839:75:H7MFFDSXY:3:1641:26729:35446	chr2	178568678	178568827	False	314	150M	255	0	25	0.6446394920349121	ambig_opp_strand	unspliced	12994	44	RIGEL_NRNA_chr2_2_178525988_178804642		RIGEL_NRNA_chr2_2_178525988_178804642	nrna
A00839:75:H7MFFDSXY:3:2273:28185:22842	chr2	178563961	178564110	True	-216	150M	255	0	25	0.16747523844242096	ambig_opp_strand	unspliced	12994	44	RIGEL_NRNA_chr2_1_178540115_178582663		RIGEL_NRNA_chr2_1_178540115_178582663	nrna
A00839:75:H7MFFDSXY:3:1173:16161:20087	chr2	178565817	178565966	True	-264	150M	255	0	25	0.01879150979220867	ambig_opp_strand	unspliced	12994	44	RIGEL_NRNA_chr2_1_178528764_178738038		RIGEL_NRNA_chr2_1_178528764_178738038	nrna
A00839:75:H7MFFDSXY:3:1571:11306:2284	chr2	178565979	178566128	False	260	150M	255	0	25	0.7339144945144653	ambig_opp_strand	unspliced	12994	44	RIGEL_NRNA_chr2_2_178525988_178804642		RIGEL_NRNA_chr2_2_178525988_178804642	nrna
A00839:75:H7MFFDSXY:3:1402:10122:13604	chr2	178563539	178563688	False	392	150M	255	1	5	0.8626461029052734	ambig_opp_strand	unspliced	-1	44	.	.	.	mrna
A00839:75:H7MFFDSXY:3:2178:1389:33614	chr2	178563687	178563836	False	387	150M	255	0	5	0.8462709188461304	ambig_opp_strand	unspliced	-1	44	.	.	.	mrna
A00839:75:H7MFFDSXY:3:2172:16785:32503	chr2	178560732	178560881	True	-308	150M	255	0	25	0.15800543129444122	ambig_opp_strand	unspliced	12994	44	RIGEL_NRNA_chr2_1_178540115_178582663		RIGEL_NRNA_chr2_1_178540115_178582663	nrna
A00839:75:H7MFFDSXY:3:1206:9191:27148	chr2	178563070	178563219	True	-292	150M	255	1	25	0.16223306953907013	ambig_opp_strand	unspliced	12994	44	RIGEL_NRNA_chr2_1_178540115_178582663		RIGEL_NRNA_chr2_1_178540115_178582663	nrna
A00839:75:H7MFFDSXY:3:1172:19036:31892	chr2	178562487	178562636	False	365	150M	255	0	5	0.6142979264259338	ambig_opp_strand	unspliced	-1	44	.	.	.	mrna
A00839:75:H7MFFDSXY:3:2136:7645:6402	chr2	178568255	178568404	False	193	150M	255	0	25	0.7418724894523621	ambig_opp_strand	unspliced	12994	44	RIGEL_NRNA_chr2_2_178525988_178804642		RIGEL_NRNA_chr2_2_178525988_178804642	nrna
A00839:75:H7MFFDSXY:3:2549:28203:9972	chr2	178562082	178562231	False	582	150M	255	1	5	0.596472442150116	ambig_opp_strand	unspliced	-1	44	.	.	.	mrna
A00839:75:H7MFFDSXY:3:1253:12861:28557	chr2	178560686	178560835	False	183	150M	255	0	25	0.7378755807876587	ambig_opp_strand	unspliced	12994	44	RIGEL_NRNA_chr2_2_178525988_178804642		RIGEL_NRNA_chr2_2_178525988_178804642	nrna
A00839:75:H7MFFDSXY:3:2642:14552:16172	chr2	178563080	178563228	True	-452	1S149M	255	1	64	0.0	.	unspliced	-1	0	.	.	.	mrna
A00839:75:H7MFFDSXY:3:1330:14588:32487	chr2	178560866	178561015	True	-397	150M	255	0	5	0.7507028579711914	ambig_opp_strand	unspliced	-1	44	.	.	.	mrna
A00839:75:H7MFFDSXY:3:1338:26449:4523	chr2	178566814	178566963	True	-317	150M	255	0	25	0.16004590690135956	ambig_opp_strand	unspliced	12994	44	RIGEL_NRNA_chr2_1_178541746_178597681		RIGEL_NRNA_chr2_1_178541746_178597681	nrna
A00839:75:H7MFFDSXY:3:1130:28601:13698	chr2	178569437	178569586	True	-443	150M	255	0	5	0.7959343194961548	ambig_opp_strand	unspliced	-1	44	.	.	.	mrna
A00839:75:H7MFFDSXY:3:1543:10357:19398	chr2	178563650	178563799	True	-246	150M	255	0	25	0.1785091608762741	ambig_opp_strand	unspliced	12994	44	RIGEL_NRNA_chr2_1_178539804_178576557		RIGEL_NRNA_chr2_1_178539804_178576557	nrna
A00839:75:H7MFFDSXY:3:1668:25599:13761	chr2	178560217	178560366	False	162	150M	255	0	25	0.7218632102012634	ambig_opp_strand	unspliced	12994	44	RIGEL_NRNA_chr2_2_178525988_178804642		RIGEL_NRNA_chr2_2_178525988_178804642	nrna
A00839:75:H7MFFDSXY:3:2578:23574:14043	chr2	178564752	178564901	True	-331	150M	255	0	5	0.14435817301273346	ambig_opp_strand	unspliced	-1	44	.	.	.	mrna
A00839:75:H7MFFDSXY:3:1207:9796:24314	chr2	178565099	178565248	True	-349	150M	255	1	25	0.15857407450675964	ambig_opp_strand	unspliced	12994	44	RIGEL_NRNA_chr2_1_178523417_178776534		RIGEL_NRNA_chr2_1_178523417_178776534	nrna
A00839:75:H7MFFDSXY:3:1269:20464:28510	chr2	178569409	178569558	False	330	150M	255	0	25	0.5848739743232727	ambig_opp_strand	unspliced	12994	44	RIGEL_NRNA_chr2_2_178525988_178804642		RIGEL_NRNA_chr2_2_178525988_178804642	nrna
A00839:75:H7MFFDSXY:3:2521:21703:24173	chr2	178564407	178564556	False	189	150M	255	0	25	0.7412096261978149	ambig_opp_strand	unspliced	12994	44	RIGEL_NRNA_chr2_2_178525988_178804642		RIGEL_NRNA_chr2_2_178525988_178804642	nrna
A00839:75:H7MFFDSXY:3:1423:31810:10300	chr2	178563133	178563282	False	218	150M	255	0	25	0.7463626861572266	ambig_opp_strand	unspliced	12994	44	RIGEL_NRNA_chr2_2_178525988_178804642		RIGEL_NRNA_chr2_2_178525988_178804642	nrna
A00839:75:H7MFFDSXY:3:2328:18900:32722	chr2	178569919	178570068	True	-213	150M	255	0	25	0.1734205037355423	ambig_opp_strand	unspliced	12994	44	RIGEL_NRNA_chr2_1_178541746_178597681		RIGEL_NRNA_chr2_1_178541746_178597681	nrna
A00839:75:H7MFFDSXY:3:2657:1940:5478	chr2	178562097	178562246	False	291	150M	255	0	5	0.10861948132514954	ambig_opp_strand	unspliced	-1	44	.	.	.	mrna
A00839:75:H7MFFDSXY:3:2354:6831:16329	chr2	178567566	178567715	True	-364	150M	255	0	25	0.09981801360845566	ambig_opp_strand	unspliced	12994	44	RIGEL_NRNA_chr2_1_178540115_178582663		RIGEL_NRNA_chr2_1_178540115_178582663	nrna
A00839:75:H7MFFDSXY:3:1562:31774:13244	chr2	178567388	178567537	True	-176	150M	255	0	25	0.17745107412338257	ambig_opp_strand	unspliced	12994	44	RIGEL_NRNA_chr2_1_178539804_178576557		RIGEL_NRNA_chr2_1_178539804_178576557	nrna
A00839:75:H7MFFDSXY:3:1404:8440:24471	chr2	178561531	178561680	True	-195	150M	255	0	25	0.1629992574453354	ambig_opp_strand	unspliced	12994	44	RIGEL_NRNA_chr2_1_178528764_178620148		RIGEL_NRNA_chr2_1_178528764_178620148	nrna
A00839:75:H7MFFDSXY:3:2530:9796:1329	chr2	178565161	178565310	False	413	150M	255	0	5	0.8793354630470276	ambig_opp_strand	unspliced	-1	44	.	.	.	mrna
A00839:75:H7MFFDSXY:3:2542:30870:11240	chr2	178566694	178566843	False	414	150M	255	0	5	0.8726899027824402	ambig_opp_strand	unspliced	-1	44	.	.	.	mrna
A00839:75:H7MFFDSXY:3:1437:18602:30608	chr2	178561658	178561807	False	330	150M	255	0	25	0.5848739743232727	ambig_opp_strand	unspliced	12994	44	RIGEL_NRNA_chr2_2_178525988_178804642		RIGEL_NRNA_chr2_2_178525988_178804642	nrna
A00839:75:H7MFFDSXY:3:1542:11089:35258	chr2	178566693	178566842	True	-316	150M	255	0	25	0.165604367852211	ambig_opp_strand	unspliced	12994	44	RIGEL_NRNA_chr2_1_178539804_178576557		RIGEL_NRNA_chr2_1_178539804_178576557	nrna
A00839:75:H7MFFDSXY:3:2215:14950:19836	chr2	178568382	178568531	True	-313	150M	255	0	25	0.16173559427261353	ambig_opp_strand	unspliced	12994	44	RIGEL_NRNA_chr2_1_178541746_178597681		RIGEL_NRNA_chr2_1_178541746_178597681	nrna
A00839:75:H7MFFDSXY:3:1616:18728:13917	chr2	178564848	178564997	False	321	150M	255	0	25	0.6214569211006165	ambig_opp_strand	unspliced	12994	44	RIGEL_NRNA_chr2_2_178525988_178804642		RIGEL_NRNA_chr2_2_178525988_178804642	nrna
A00839:75:H7MFFDSXY:3:1127:27606:15483	chr2	178562759	178562908	False	363	150M	255	0	5	0.5917815566062927	ambig_opp_strand	unspliced	-1	44	.	.	.	mrna
A00839:75:H7MFFDSXY:3:1306:2654:28792	chr2	178563589	178563738	False	322	150M	255	0	5	0.21540896594524384	ambig_opp_strand	unspliced	-1	44	.	.	.	mrna
A00839:75:H7MFFDSXY:3:1611:16062:3286	chr2	178567091	178567240	False	373	150M	255	0	5	0.7244448661804199	ambig_opp_strand	unspliced	-1	44	.	.	.	mrna
A00839:75:H7MFFDSXY:3:1624:3495:23359	chr2	178567925	178568074	False	234	150M	255	0	25	0.7448832392692566	ambig_opp_strand	unspliced	12994	44	RIGEL_NRNA_chr2_2_178525988_178804642		RIGEL_NRNA_chr2_2_178525988_178804642	nrna
A00839:75:H7MFFDSXY:3:1601:27805:34679	chr2	178563656	178563790	False	135	135M	255	0	25	0.6500678658485413	ambig_opp_strand	unspliced	12994	44	RIGEL_NRNA_chr2_2_178525988_178804642		RIGEL_NRNA_chr2_2_178525988_178804642	nrna
A00839:75:H7MFFDSXY:3:1632:5358:14340	chr2	178564432	178564581	True	-432	150M	255	0	5	0.7459886074066162	ambig_opp_strand	unspliced	-1	44	.	.	.	mrna
A00839:75:H7MFFDSXY:3:2426:21441:11757	chr2	178562508	178562657	True	-202	150M	255	0	25	0.17325250804424286	ambig_opp_strand	unspliced	12994	44	RIGEL_NRNA_chr2_1_178541746_178597681		RIGEL_NRNA_chr2_1_178541746_178597681	nrna
A00839:75:H7MFFDSXY:3:1576:11315:10629	chr2	178562927	178563076	True	-177	150M	255	0	25	0.1776607632637024	ambig_opp_strand	unspliced	12994	44	RIGEL_NRNA_chr2_1_178539804_178576557		RIGEL_NRNA_chr2_1_178539804_178576557	nrna
A00839:75:H7MFFDSXY:3:1651:6922:21120	chr2	178566127	178566263	True	-137	137M	255	0	25	0.19813589751720428	ambig_opp_strand	unspliced	12994	44	RIGEL_NRNA_chr2_1_178523417_178776534		RIGEL_NRNA_chr2_1_178523417_178776534	nrna
A00839:75:H7MFFDSXY:3:1531:5728:10347	chr2	178566329	178566478	False	263	150M	255	0	25	0.7321848273277283	ambig_opp_strand	unspliced	12994	44	RIGEL_NRNA_chr2_2_178525988_178804642		RIGEL_NRNA_chr2_2_178525988_178804642	nrna
A00839:75:H7MFFDSXY:3:1253:16369:19820	chr2	178567674	178567823	False	277	150M	255	0	25	0.7181640267372131	ambig_opp_strand	unspliced	12994	44	RIGEL_NRNA_chr2_2_178525988_178804642		RIGEL_NRNA_chr2_2_178525988_178804642	nrna
A00839:75:H7MFFDSXY:3:2264:2293:18552	chr2	178567635	178567784	True	-331	150M	255	0	25	0.1521822214126587	ambig_opp_strand	unspliced	12994	44	RIGEL_NRNA_chr2_1_178541746_178597681		RIGEL_NRNA_chr2_1_178541746_178597681	nrna
A00839:75:H7MFFDSXY:3:1119:13476:21574	chr2	178561521	178561670	True	-359	150M	255	0	5	0.3590298295021057	ambig_opp_strand	unspliced	-1	44	.	.	.	mrna
A00839:75:H7MFFDSXY:3:1507:4453:33066	chr2	178564956	178565105	False	415	150M	255	0	5	0.8667136430740356	ambig_opp_strand	unspliced	-1	44	.	.	.	mrna
A00839:75:H7MFFDSXY:3:1662:2365:25128	chr2	178567275	178567424	True	-209	150M	255	0	25	0.16739670932292938	ambig_opp_strand	unspliced	12994	44	RIGEL_NRNA_chr2_1_178540115_178582663		RIGEL_NRNA_chr2_1_178540115_178582663	nrna
A00839:75:H7MFFDSXY:3:2643:5728:10003	chr2	178569179	178569328	False	406	150M	255	0	5	0.8724668622016907	ambig_opp_strand	unspliced	-1	44	.	.	.	mrna
A00839:75:H7MFFDSXY:3:2147:26042:1501	chr2	178568430	178568579	True	-393	150M	255	0	5	0.7521611452102661	ambig_opp_strand	unspliced	-1	44	.	.	.	mrna
A00839:75:H7MFFDSXY:3:1376:10185:26303	chr2	178563224	178563373	False	191	150M	255	0	25	0.7410321831703186	ambig_opp_strand	unspliced	12994	44	RIGEL_NRNA_chr2_2_178525988_178804642		RIGEL_NRNA_chr2_2_178525988_178804642	nrna
A00839:75:H7MFFDSXY:3:1341:1199:17221	chr2	178561842	178561991	False	311	150M	255	0	25	0.6541176438331604	ambig_opp_strand	unspliced	12994	44	RIGEL_NRNA_chr2_2_178525988_178804642		RIGEL_NRNA_chr2_2_178525988_178804642	nrna
A00839:75:H7MFFDSXY:3:2314:22489:19742	chr2	178562024	178562173	True	-293	150M	255	0	25	0.16203774511814117	ambig_opp_strand	unspliced	12994	44	RIGEL_NRNA_chr2_1_178540115_178582663		RIGEL_NRNA_chr2_1_178540115_178582663	nrna
A00839:75:H7MFFDSXY:3:1521:27046:18458	chr2	178567439	178567588	False	290	150M	255	1	3	0.07019960135221481	ambig_opp_strand	unspliced	12994	44	ENST00000342175.12	TTN	ENSG00000155657.29	mrna
A00839:75:H7MFFDSXY:3:1201:30065:20870	chr2	178564879	178565028	True	-292	150M	255	0	5	0.05517521873116493	ambig_opp_strand	unspliced	-1	44	.	.	.	mrna
A00839:75:H7MFFDSXY:3:1629:31222:32894	chr2	178561500	178561649	False	515	150M	255	0	5	0.8495920896530151	ambig_opp_strand	unspliced	-1	44	.	.	.	mrna
A00839:75:H7MFFDSXY:3:2170:15347:23531	chr2	178563533	178563682	True	-295	150M	255	0	25	0.17264558374881744	ambig_opp_strand	unspliced	12994	44	RIGEL_NRNA_chr2_1_178539804_178576557		RIGEL_NRNA_chr2_1_178539804_178576557	nrna
A00839:75:H7MFFDSXY:3:2166:13819:16470	chr2	178568504	178568653	True	-306	150M	255	0	25	0.1547238975763321	ambig_opp_strand	unspliced	12994	44	RIGEL_NRNA_chr2_1_178528764_178620148		RIGEL_NRNA_chr2_1_178528764_178620148	nrna
A00839:75:H7MFFDSXY:3:2344:27932:33802	chr2	178566464	178566613	False	368	150M	255	0	5	0.657248318195343	ambig_opp_strand	unspliced	-1	44	.	.	.	mrna
A00839:75:H7MFFDSXY:3:1213:27932:6840	chr2	178569847	178569996	True	-315	150M	255	0	25	0.1955704540014267	ambig_opp_strand	unspliced	12994	44	RIGEL_NRNA_chr2_1_178523417_178776534		RIGEL_NRNA_chr2_1_178523417_178776534	nrna
A00839:75:H7MFFDSXY:3:1664:7129:21825	chr2	178560368	178560517	False	281	150M	255	0	25	0.7138229012489319	ambig_opp_strand	unspliced	12994	44	RIGEL_NRNA_chr2_2_178525988_178804642		RIGEL_NRNA_chr2_2_178525988_178804642	nrna
A00839:75:H7MFFDSXY:3:2372:9200:4679	chr2	178566862	178567011	True	-225	150M	255	0	25	0.163410484790802	ambig_opp_strand	unspliced	12994	44	RIGEL_NRNA_chr2_1_178528764_178620148		RIGEL_NRNA_chr2_1_178528764_178620148	nrna
A00839:75:H7MFFDSXY:3:1139:18638:2174	chr2	178569910	178570059	True	-280	150M	255	0	25	0.20634666085243225	ambig_opp_strand	unspliced	12994	44	RIGEL_NRNA_chr2_1_178523417_178776534		RIGEL_NRNA_chr2_1_178523417_178776534	nrna
A00839:75:H7MFFDSXY:3:1233:4490:12461	chr2	178567569	178567718	True	-226	150M	255	0	25	0.1674375981092453	ambig_opp_strand	unspliced	12994	44	RIGEL_NRNA_chr2_1_178540115_178582663		RIGEL_NRNA_chr2_1_178540115_178582663	nrna
A00839:75:H7MFFDSXY:3:1576:31349:7498	chr2	178568445	178568594	True	-389	150M	255	0	5	0.7547019720077515	ambig_opp_strand	unspliced	-1	44	.	.	.	mrna
A00839:75:H7MFFDSXY:3:1176:7301:2425	chr2	178568784	178568933	False	311	150M	255	0	5	0.16855470836162567	ambig_opp_strand	unspliced	-1	44	.	.	.	mrna
A00839:75:H7MFFDSXY:3:1540:1588:8594	chr2	178565991	178566140	True	-260	150M	255	0	25	0.16206903755664825	ambig_opp_strand	unspliced	12994	44	RIGEL_NRNA_chr2_1_178528764_178620148		RIGEL_NRNA_chr2_1_178528764_178620148	nrna
A00839:75:H7MFFDSXY:3:1632:24343:29371	chr2	178560468	178560617	False	345	150M	255	1	25	0.4822346270084381	ambig_opp_strand	unspliced	12994	44	RIGEL_NRNA_chr2_2_178525988_178804642		RIGEL_NRNA_chr2_2_178525988_178804642	nrna
A00839:75:H7MFFDSXY:3:2625:14208:23782	chr2	178562324	178562473	True	-321	150M	255	0	5	0.11089456081390381	ambig_opp_strand	unspliced	-1	44	.	.	.	mrna
A00839:75:H7MFFDSXY:3:1416:24758:3317	chr2	178569700	178569849	True	-360	150M	255	1	5	0.3679351508617401	ambig_opp_strand	unspliced	-1	44	.	.	.	mrna
A00839:75:H7MFFDSXY:3:1323:28420:23657	chr2	178569031	178569180	False	366	150M	255	0	5	0.6358820796012878	ambig_opp_strand	unspliced	-1	44	.	.	.	mrna
A00839:75:H7MFFDSXY:3:2429:20500:9126	chr2	178565618	178565767	True	-315	150M	255	0	25	0.1955704540014267	ambig_opp_strand	unspliced	12994	44	RIGEL_NRNA_chr2_1_178523417_178776534		RIGEL_NRNA_chr2_1_178523417_178776534	nrna
A00839:75:H7MFFDSXY:3:1675:25346:26099	chr2	178562674	178562823	False	355	150M	255	0	25	0.3929324150085449	ambig_opp_strand	unspliced	12994	44	RIGEL_NRNA_chr2_2_178525988_178804642		RIGEL_NRNA_chr2_2_178525988_178804642	nrna
A00839:75:H7MFFDSXY:3:2453:20645:17394	chr2	178565452	178565601	False	386	150M	255	0	5	0.8399209380149841	ambig_opp_strand	unspliced	-1	44	.	.	.	mrna
A00839:75:H7MFFDSXY:3:1305:15591:4351	chr2	178565039	178565188	True	-401	150M	255	0	5	0.7486341595649719	ambig_opp_strand	unspliced	-1	44	.	.	.	mrna
A00839:75:H7MFFDSXY:3:1213:10312:14591	chr2	178569724	178569873	True	-410	150M	255	1	25	0.04477309063076973	ambig_opp_strand	unspliced	12994	44	RIGEL_NRNA_chr2_1_178541746_178597681		RIGEL_NRNA_chr2_1_178541746_178597681	nrna
A00839:75:H7MFFDSXY:3:2322:15266:4914	chr2	178564234	178564383	True	-354	150M	255	0	5	0.3139224648475647	ambig_opp_strand	unspliced	-1	44	.	.	.	mrna
A00839:75:H7MFFDSXY:3:2204:14064:3803	chr2	178560713	178560862	False	158	150M	255	0	25	0.7149964570999146	ambig_opp_strand	unspliced	12994	44	RIGEL_NRNA_chr2_2_178525988_178804642		RIGEL_NRNA_chr2_2_178525988_178804642	nrna
A00839:75:H7MFFDSXY:3:1619:16098:4914	chr2	178562945	178563094	False	294	150M	255	0	25	0.6957417726516724	ambig_opp_strand	unspliced	12994	44	RIGEL_NRNA_chr2_2_178525988_178804642		RIGEL_NRNA_chr2_2_178525988_178804642	nrna
A00839:75:H7MFFDSXY:3:1130:22697:10895	chr2	178569913	178570062	True	-313	150M	255	0	25	0.16687628626823425	ambig_opp_strand	unspliced	12994	44	RIGEL_NRNA_chr2_1_178539804_178576557		RIGEL_NRNA_chr2_1_178539804_178576557	nrna
A00839:75:H7MFFDSXY:3:1318:1931:21715	chr2	178561729	178561878	False	393	150M	255	0	5	0.8661457300186157	ambig_opp_strand	unspliced	-1	44	.	.	.	mrna
A00839:75:H7MFFDSXY:3:1563:26702:33364	chr2	178565413	178565562	True	-332	150M	255	0	25	0.18367813527584076	ambig_opp_strand	unspliced	12994	44	RIGEL_NRNA_chr2_1_178523417_178776534		RIGEL_NRNA_chr2_1_178523417_178776534	nrna
A00839:75:H7MFFDSXY:3:2266:19099:36417	chr2	178561760	178561909	False	481	150M	255	0	5	0.8650640845298767	ambig_opp_strand	unspliced	-1	44	.	.	.	mrna
A00839:75:H7MFFDSXY:3:1501:5701:20447	chr2	178563349	178563498	True	-262	150M	255	0	25	0.16191871464252472	ambig_opp_strand	unspliced	12994	44	RIGEL_NRNA_chr2_1_178528764_178620148		RIGEL_NRNA_chr2_1_178528764_178620148	nrna
A00839:75:H7MFFDSXY:3:1536:4679:33238	chr2	178568532	178568681	False	223	150M	255	0	25	0.7467411756515503	ambig_opp_strand	unspliced	12994	44	RIGEL_NRNA_chr2_2_178525988_178804642		RIGEL_NRNA_chr2_2_178525988_178804642	nrna
A00839:75:H7MFFDSXY:3:1642:15212:16877	chr2	178566231	178566380	True	-232	150M	255	0	25	0.2105022817850113	ambig_opp_strand	unspliced	12994	44	RIGEL_NRNA_chr2_1_178523417_178776534		RIGEL_NRNA_chr2_1_178523417_178776534	nrna
A00839:75:H7MFFDSXY:3:2433:21902:10426	chr2	178568002	178568151	True	-335	150M	255	0	25	0.18024002015590668	ambig_opp_strand	unspliced	12994	44	RIGEL_NRNA_chr2_1_178523417_178776534		RIGEL_NRNA_chr2_1_178523417_178776534	nrna
A00839:75:H7MFFDSXY:3:2222:20663:25347	chr2	178568289	178568438	True	-391	150M	255	0	5	0.7598149180412292	ambig_opp_strand	unspliced	-1	44	.	.	.	mrna
A00839:75:H7MFFDSXY:3:1549:1353:8343	chr2	178568470	178568619	False	404	150M	255	0	5	0.8693084716796875	ambig_opp_strand	unspliced	-1	44	.	.	.	mrna
A00839:75:H7MFFDSXY:3:1351:1280:32236	chr2	178567872	178568021	True	-459	150M	255	0	5	0.7593045234680176	ambig_opp_strand	unspliced	-1	44	.	.	.	mrna
A00839:75:H7MFFDSXY:3:1132:5141:33943	chr2	178568505	178568654	True	-190	150M	255	0	25	0.16283823549747467	ambig_opp_strand	unspliced	12994	44	RIGEL_NRNA_chr2_1_178528764_178620148		RIGEL_NRNA_chr2_1_178528764_178620148	nrna
A00839:75:H7MFFDSXY:3:2531:14986:10911	chr2	178565276	178565425	True	-184	150M	255	0	25	0.17814691364765167	ambig_opp_strand	unspliced	12994	44	RIGEL_NRNA_chr2_1_178539804_178576557		RIGEL_NRNA_chr2_1_178539804_178576557	nrna
A00839:75:H7MFFDSXY:3:1151:28004:8343	chr2	178566174	178566323	False	211	150M	255	0	25	0.7459476590156555	ambig_opp_strand	unspliced	12994	44	RIGEL_NRNA_chr2_2_178525988_178804642		RIGEL_NRNA_chr2_2_178525988_178804642	nrna
A00839:75:H7MFFDSXY:3:1313:2853:29387	chr2	178562964	178563113	True	-373	150M	255	0	25	0.07964784651994705	ambig_opp_strand	unspliced	12994	44	RIGEL_NRNA_chr2_1_178541746_178597681		RIGEL_NRNA_chr2_1_178541746_178597681	nrna
A00839:75:H7MFFDSXY:3:1577:21730:16830	chr2	178565166	178565315	False	261	150M	255	0	3	0.07339710742235184	ambig_opp_strand	unspliced	12994	44	ENST00000342175.12	TTN	ENSG00000155657.29	mrna
A00839:75:H7MFFDSXY:3:2213:16938:33520	chr2	178560427	178560576	True	-289	150M	255	0	25	0.1739450842142105	ambig_opp_strand	unspliced	12994	44	RIGEL_NRNA_chr2_1_178539804_178576557		RIGEL_NRNA_chr2_1_178539804_178576557	nrna
A00839:75:H7MFFDSXY:3:2210:9824:34475	chr2	178568185	178568334	True	-338	150M	255	0	25	0.14610111713409424	ambig_opp_strand	unspliced	12994	44	RIGEL_NRNA_chr2_1_178541746_178597681		RIGEL_NRNA_chr2_1_178541746_178597681	nrna
A00839:75:H7MFFDSXY:3:2363:20491:25207	chr2	178561863	178562009	True	-369	147M	255	0	5	0.490247517824173	ambig_opp_strand	unspliced	-1	44	.	.	.	mrna
A00839:75:H7MFFDSXY:3:1353:29731:15499	chr2	178567634	178567783	True	-295	150M	255	0	25	0.203154519200325	ambig_opp_strand	unspliced	12994	44	RIGEL_NRNA_chr2_1_178523417_178776534		RIGEL_NRNA_chr2_1_178523417_178776534	nrna
A00839:75:H7MFFDSXY:3:2301:25211:3129	chr2	178565153	178565302	False	328	150M	255	0	25	0.5931429266929626	ambig_opp_strand	unspliced	12994	44	RIGEL_NRNA_chr2_2_178525988_178804642		RIGEL_NRNA_chr2_2_178525988_178804642	nrna
A00839:75:H7MFFDSXY:3:2151:31186:24972	chr2	178564379	178564528	True	-209	150M	255	0	25	0.1733926683664322	ambig_opp_strand	unspliced	12994	44	RIGEL_NRNA_chr2_1_178541746_178597681		RIGEL_NRNA_chr2_1_178541746_178597681	nrna
A00839:75:H7MFFDSXY:3:1165:11360:5603	chr2	178568781	178568930	False	318	150M	255	0	25	0.6324870586395264	ambig_opp_strand	unspliced	12994	44	RIGEL_NRNA_chr2_2_178525988_178804642		RIGEL_NRNA_chr2_2_178525988_178804642	nrna
A00839:75:H7MFFDSXY:3:2342:30120:4210	chr2	178561779	178561928	True	-205	150M	255	0	25	0.038392409682273865	ambig_opp_strand	unspliced	12994	44	RIGEL_NRNA_chr2_1_178528739_178633078		RIGEL_NRNA_chr2_1_178528739_178633078	nrna
A00839:75:H7MFFDSXY:3:1657:20971:14231	chr2	178560436	178560585	False	432	150M	255	0	5	0.8622922897338867	ambig_opp_strand	unspliced	-1	44	.	.	.	mrna
A00839:75:H7MFFDSXY:3:2258:5394:11992	chr2	178568126	178568275	False	395	150M	255	0	5	0.8686431646347046	ambig_opp_strand	unspliced	-1	44	.	.	.	mrna
A00839:75:H7MFFDSXY:3:1655:11442:17675	chr2	178562919	178563068	True	-312	150M	255	0	25	0.15628376603126526	ambig_opp_strand	unspliced	12994	44	RIGEL_NRNA_chr2_1_178540115_178582663		RIGEL_NRNA_chr2_1_178540115_178582663	nrna
A00839:75:H7MFFDSXY:3:1547:32199:20337	chr2	178560898	178561047	False	486	150M	255	0	5	0.8712702989578247	ambig_opp_strand	unspliced	-1	44	.	.	.	mrna
A00839:75:H7MFFDSXY:3:2534:16938:11224	chr2	178565592	178565741	False	268	150M	255	0	25	0.7275502681732178	ambig_opp_strand	unspliced	12994	44	RIGEL_NRNA_chr2_2_178525988_178804642		RIGEL_NRNA_chr2_2_178525988_178804642	nrna
A00839:75:H7MFFDSXY:3:1308:22987:25269	chr2	178561490	178561639	False	191	150M	255	0	25	0.7410321831703186	ambig_opp_strand	unspliced	12994	44	RIGEL_NRNA_chr2_2_178525988_178804642		RIGEL_NRNA_chr2_2_178525988_178804642	nrna
A00839:75:H7MFFDSXY:3:1542:31213:1188	chr2	178562705	178562854	False	413	150M	255	1	5	0.8793354630470276	ambig_opp_strand	unspliced	-1	44	.	.	.	mrna
A00839:75:H7MFFDSXY:3:1421:20320:12853	chr2	178565990	178566139	True	-223	150M	255	0	25	0.17901508510112762	ambig_opp_strand	unspliced	12994	44	RIGEL_NRNA_chr2_1_178539804_178576557		RIGEL_NRNA_chr2_1_178539804_178576557	nrna
A00839:75:H7MFFDSXY:3:1524:19208:8328	chr2	178564436	178564585	True	-365	150M	255	1	5	0.42758414149284363	ambig_opp_strand	unspliced	-1	44	.	.	.	mrna
A00839:75:H7MFFDSXY:3:1414:15393:35509	chr2	178563423	178563572	True	-364	150M	255	0	25	0.09739474952220917	ambig_opp_strand	unspliced	12994	44	RIGEL_NRNA_chr2_1_178528764_178620148		RIGEL_NRNA_chr2_1_178528764_178620148	nrna
A00839:75:H7MFFDSXY:3:1248:10872:25394	chr2	178563585	178563734	True	-388	150M	255	0	25	0.047228164970874786	ambig_opp_strand	unspliced	12994	44	RIGEL_NRNA_chr2_1_178541746_178597681		RIGEL_NRNA_chr2_1_178541746_178597681	nrna
A00839:75:H7MFFDSXY:3:1522:6587:10238	chr2	178565801	178565950	False	250	150M	255	0	5	0.0581170916557312	ambig_opp_strand	unspliced	-1	44	.	.	.	mrna
A00839:75:H7MFFDSXY:3:1621:6686:16203	chr2	178566790	178566939	True	-302	150M	255	0	25	0.15974602103233337	ambig_opp_strand	unspliced	12994	44	RIGEL_NRNA_chr2_1_178540115_178582663		RIGEL_NRNA_chr2_1_178540115_178582663	nrna
A00839:75:H7MFFDSXY:3:2505:11876:10911	chr2	178569868	178570017	False	381	150M	255	0	5	0.7996134161949158	ambig_opp_strand	unspliced	-1	44	.	.	.	mrna
A00839:75:H7MFFDSXY:3:1360:25337:22482	chr2	178560778	178560927	False	229	150M	255	0	3	0.07458493113517761	ambig_opp_strand	unspliced	12994	44	ENST00000342175.12	TTN	ENSG00000155657.29	mrna
A00839:75:H7MFFDSXY:3:1476:7826:16611	chr2	178562572	178562721	True	-341	150M	255	0	25	0.17264936864376068	ambig_opp_strand	unspliced	12994	44	RIGEL_NRNA_chr2_1_178523417_178776534		RIGEL_NRNA_chr2_1_178523417_178776534	nrna
A00839:75:H7MFFDSXY:3:1558:15492:34710	chr2	178564337	178564486	False	394	150M	255	1	5	0.8573815226554871	ambig_opp_strand	unspliced	-1	44	.	.	.	mrna
A00839:75:H7MFFDSXY:3:1322:11107:25050	chr2	178565310	178565459	False	215	150M	255	0	3	0.07469460368156433	ambig_opp_strand	unspliced	12994	44	ENST00000342175.12	TTN	ENSG00000155657.29	mrna
A00839:75:H7MFFDSXY:3:1677:1696:4930	chr2	178565949	178566098	True	-263	150M	255	0	25	0.16188305616378784	ambig_opp_strand	unspliced	12994	44	RIGEL_NRNA_chr2_1_178528764_178620148		RIGEL_NRNA_chr2_1_178528764_178620148	nrna
A00839:75:H7MFFDSXY:3:2629:28004:11694	chr2	178560741	178560890	True	-351	150M	255	0	25	0.12811610102653503	ambig_opp_strand	unspliced	12994	44	RIGEL_NRNA_chr2_1_178541746_178597681		RIGEL_NRNA_chr2_1_178541746_178597681	nrna
A00839:75:H7MFFDSXY:3:1210:26666:14606	chr2	178564424	178564573	True	-310	150M	255	0	25	0.16809295117855072	ambig_opp_strand	unspliced	12994	44	RIGEL_NRNA_chr2_1_178539804_178576557		RIGEL_NRNA_chr2_1_178539804_178576557	nrna
A00839:75:H7MFFDSXY:3:2644:17499:1423	chr2	178562357	178562506	False	283	150M	255	1	3	0.07118643820285797	ambig_opp_strand	unspliced	12994	44	ENST00000342175.12	TTN	ENSG00000155657.29	mrna
A00839:75:H7MFFDSXY:3:1604:25283:35634	chr2	178568996	178569145	True	-191	150M	255	0	25	0.1628296822309494	ambig_opp_strand	unspliced	12994	44	RIGEL_NRNA_chr2_1_178528764_178620148		RIGEL_NRNA_chr2_1_178528764_178620148	nrna
A00839:75:H7MFFDSXY:3:2501:12400:28761	chr2	178562254	178562403	True	-249	150M	255	0	25	0.1728695183992386	ambig_opp_strand	unspliced	12994	44	RIGEL_NRNA_chr2_1_178541746_178597681		RIGEL_NRNA_chr2_1_178541746_178597681	nrna
A00839:75:H7MFFDSXY:3:1343:11279:33364	chr2	178560403	178560552	True	-376	150M	255	0	5	0.5909984707832336	ambig_opp_strand	unspliced	-1	44	.	.	.	mrna
A00839:75:H7MFFDSXY:3:2517:8639:7373	chr2	178564581	178564730	True	-236	150M	255	0	25	0.16729862987995148	ambig_opp_strand	unspliced	12994	44	RIGEL_NRNA_chr2_1_178540115_178582663		RIGEL_NRNA_chr2_1_178540115_178582663	nrna
A00839:75:H7MFFDSXY:3:1572:24053:22889	chr2	178561091	178561240	False	337	150M	255	0	25	0.5407382845878601	ambig_opp_strand	unspliced	12994	44	RIGEL_NRNA_chr2_2_178525988_178804642		RIGEL_NRNA_chr2_2_178525988_178804642	nrna
A00839:75:H7MFFDSXY:3:2337:20889:6167	chr2	178565788	178565937	False	419	150M	255	0	5	0.8742125630378723	ambig_opp_strand	unspliced	-1	44	.	.	.	mrna
A00839:75:H7MFFDSXY:3:1118:24876:14262	chr2	178562274	178562423	False	502	150M	255	0	5	0.8515230417251587	ambig_opp_strand	unspliced	-1	44	.	.	.	mrna
A00839:75:H7MFFDSXY:3:2603:3504:5118	chr2	178566748	178566897	False	574	150M	255	0	5	0.7776960134506226	ambig_opp_strand	unspliced	-1	44	.	.	.	mrna
A00839:75:H7MFFDSXY:3:1537:14570:36589	chr2	178567909	178568058	True	-216	150M	255	0	25	0.1734740138053894	ambig_opp_strand	unspliced	12994	44	RIGEL_NRNA_chr2_1_178541746_178597681		RIGEL_NRNA_chr2_1_178541746_178597681	nrna
A00839:75:H7MFFDSXY:3:1436:21884:9956	chr2	178569127	178569276	True	-418	150M	255	0	5	0.7690199613571167	ambig_opp_strand	unspliced	-1	44	.	.	.	mrna
A00839:75:H7MFFDSXY:3:2244:21441:3270	chr2	178565004	178565153	True	-338	150M	255	0	25	0.03235933184623718	ambig_opp_strand	unspliced	12994	44	RIGEL_NRNA_chr2_1_178528739_178633078		RIGEL_NRNA_chr2_1_178528739_178633078	nrna
A00839:75:H7MFFDSXY:3:2346:29839:21950	chr2	178567390	178567539	False	169	150M	255	2	25	0.7287190556526184	ambig_opp_strand	unspliced	12994	44	RIGEL_NRNA_chr2_2_178525988_178804642		RIGEL_NRNA_chr2_2_178525988_178804642	nrna
A00839:75:H7MFFDSXY:3:1476:25798:6151	chr2	178561438	178561587	True	-187	150M	255	0	25	0.17276129126548767	ambig_opp_strand	unspliced	12994	44	RIGEL_NRNA_chr2_1_178541746_178597681		RIGEL_NRNA_chr2_1_178541746_178597681	nrna
A00839:75:H7MFFDSXY:3:1338:10420:5697	chr2	178567073	178567222	True	-412	150M	255	1	5	0.7513972520828247	ambig_opp_strand	unspliced	-1	44	.	.	.	mrna
A00839:75:H7MFFDSXY:3:2308:20862:10942	chr2	178564738	178564887	False	293	150M	255	1	25	0.6979253888130188	ambig_opp_strand	unspliced	12994	44	RIGEL_NRNA_chr2_2_178525988_178804642		RIGEL_NRNA_chr2_2_178525988_178804642	nrna
A00839:75:H7MFFDSXY:3:2520:19759:35336	chr2	178567634	178567783	True	-239	150M	255	0	25	0.17874857783317566	ambig_opp_strand	unspliced	12994	44	RIGEL_NRNA_chr2_1_178539804_178576557		RIGEL_NRNA_chr2_1_178539804_178576557	nrna
A00839:75:H7MFFDSXY:3:1539:11767:30514	chr2	178565408	178565557	False	375	150M	255	0	5	0.7447859048843384	ambig_opp_strand	unspliced	-1	44	.	.	.	mrna
A00839:75:H7MFFDSXY:3:2608:19162:6903	chr2	178562414	178562563	False	194	150M	255	0	25	0.7432358860969543	ambig_opp_strand	unspliced	12994	44	RIGEL_NRNA_chr2_2_178525988_178804642		RIGEL_NRNA_chr2_2_178525988_178804642	nrna
A00839:75:H7MFFDSXY:3:1365:2745:3020	chr2	178565570	178565719	True	-241	150M	255	0	5	0.026344403624534607	ambig_opp_strand	unspliced	-1	44	.	.	.	mrna
A00839:75:H7MFFDSXY:3:1519:12364:20650	chr2	178565080	178565229	True	-316	150M	255	0	25	0.1948690265417099	ambig_opp_strand	unspliced	12994	44	RIGEL_NRNA_chr2_1_178523417_178776534		RIGEL_NRNA_chr2_1_178523417_178776534	nrna
A00839:75:H7MFFDSXY:3:1665:27001:2879	chr2	178569095	178569244	False	295	150M	255	0	25	0.693649411201477	ambig_opp_strand	unspliced	12994	44	RIGEL_NRNA_chr2_2_178525988_178804642		RIGEL_NRNA_chr2_2_178525988_178804642	nrna
A00839:75:H7MFFDSXY:3:2531:30653:6449	chr2	178565287	178565436	True	-360	150M	255	0	25	0.11241742223501205	ambig_opp_strand	unspliced	12994	44	RIGEL_NRNA_chr2_1_178541746_178597681		RIGEL_NRNA_chr2_1_178541746_178597681	nrna
A00839:75:H7MFFDSXY:3:1672:25762:23281	chr2	178560330	178560479	True	-363	150M	255	0	5	0.40473005175590515	ambig_opp_strand	unspliced	-1	44	.	.	.	mrna
A00839:75:H7MFFDSXY:3:1552:23656:19633	chr2	178565696	178565845	True	-250	150M	255	0	25	0.17834921181201935	ambig_opp_strand	unspliced	12994	44	RIGEL_NRNA_chr2_1_178539804_178576557		RIGEL_NRNA_chr2_1_178539804_178576557	nrna
A00839:75:H7MFFDSXY:3:2372:11595:24330	chr2	178568404	178568553	False	288	150M	255	0	25	0.7061769366264343	ambig_opp_strand	unspliced	12994	44	RIGEL_NRNA_chr2_2_178525988_178804642		RIGEL_NRNA_chr2_2_178525988_178804642	nrna
A00839:75:H7MFFDSXY:3:2361:21884:36511	chr2	178564776	178564925	True	-440	150M	255	0	5	0.743932843208313	ambig_opp_strand	unspliced	-1	44	.	.	.	mrna
A00839:75:H7MFFDSXY:3:2237:27064:19304	chr2	178566298	178566447	True	-197	150M	255	0	25	0.2102160006761551	ambig_opp_strand	unspliced	12994	44	RIGEL_NRNA_chr2_1_178523417_178776534		RIGEL_NRNA_chr2_1_178523417_178776534	nrna
A00839:75:H7MFFDSXY:3:1263:14235:25238	chr2	178569065	178569214	True	-319	150M	255	0	25	0.1929507553577423	ambig_opp_strand	unspliced	12994	44	RIGEL_NRNA_chr2_1_178523417_178776534		RIGEL_NRNA_chr2_1_178523417_178776534	nrna
A00839:75:H7MFFDSXY:3:1275:21142:11334	chr2	178561424	178561573	True	-350	150M	255	0	25	0.12969601154327393	ambig_opp_strand	unspliced	12994	44	RIGEL_NRNA_chr2_1_178541746_178597681		RIGEL_NRNA_chr2_1_178541746_178597681	nrna
A00839:75:H7MFFDSXY:3:1564:9706:29074	chr2	178567424	178567573	True	-344	150M	255	2	25	0.1677706390619278	ambig_opp_strand	unspliced	12994	44	RIGEL_NRNA_chr2_1_178523417_178776534		RIGEL_NRNA_chr2_1_178523417_178776534	nrna
A00839:75:H7MFFDSXY:3:1449:11722:11021	chr2	178560039	178560188	True	-306	150M	255	0	25	0.16425348818302155	ambig_opp_strand	unspliced	12994	44	RIGEL_NRNA_chr2_1_178541746_178597681		RIGEL_NRNA_chr2_1_178541746_178597681	nrna
A00839:75:H7MFFDSXY:3:1376:17354:10535	chr2	178568657	178568806	False	399	150M	255	0	25	0.09529311954975128	ambig_opp_strand	unspliced	12994	44	RIGEL_NRNA_chr2_2_178525988_178804642		RIGEL_NRNA_chr2_2_178525988_178804642	nrna
A00839:75:H7MFFDSXY:3:2124:8639:35556	chr2	178560848	178560997	True	-430	150M	255	0	5	0.7634996175765991	ambig_opp_strand	unspliced	-1	44	.	.	.	mrna
A00839:75:H7MFFDSXY:3:1372:8431:28776	chr2	178566573	178566722	False	475	150M	255	0	5	0.8645848035812378	ambig_opp_strand	unspliced	-1	44	.	.	.	mrna
A00839:75:H7MFFDSXY:3:2613:3007:36417	chr2	178561868	178562017	True	-182	150M	255	0	25	0.20938490331172943	ambig_opp_strand	unspliced	12994	44	RIGEL_NRNA_chr2_1_178523417_178776534		RIGEL_NRNA_chr2_1_178523417_178776534	nrna
A00839:75:H7MFFDSXY:3:1322:4282:36652	chr2	178569893	178570042	False	293	150M	255	0	25	0.697925329208374	ambig_opp_strand	unspliced	12994	44	RIGEL_NRNA_chr2_2_178525988_178804642		RIGEL_NRNA_chr2_2_178525988_178804642	nrna
A00839:75:H7MFFDSXY:3:2677:8377:11459	chr2	178560680	178560829	True	-354	150M	255	0	5	0.3139224648475647	ambig_opp_strand	unspliced	-1	44	.	.	.	mrna
A00839:75:H7MFFDSXY:3:1521:14488:21261	chr2	178567230	178567379	True	-227	150M	255	0	25	0.16336244344711304	ambig_opp_strand	unspliced	12994	44	RIGEL_NRNA_chr2_1_178528764_178620148		RIGEL_NRNA_chr2_1_178528764_178620148	nrna
A00839:75:H7MFFDSXY:3:2635:31448:30968	chr2	178565769	178565901	False	133	133M	255	0	25	0.6366437673568726	ambig_opp_strand	unspliced	12994	44	RIGEL_NRNA_chr2_2_178525988_178804642		RIGEL_NRNA_chr2_2_178525988_178804642	nrna
A00839:75:H7MFFDSXY:3:1141:5321:25645	chr2	178562478	178562627	True	-372	150M	255	0	5	0.5297805070877075	ambig_opp_strand	unspliced	-1	44	.	.	.	mrna
A00839:75:H7MFFDSXY:3:2444:30346:18818	chr2	178563484	178563633	True	-343	150M	255	0	25	0.14421938359737396	ambig_opp_strand	unspliced	12994	44	RIGEL_NRNA_chr2_1_178539804_178576557		RIGEL_NRNA_chr2_1_178539804_178576557	nrna
A00839:75:H7MFFDSXY:3:1136:15944:3991	chr2	178566419	178566568	False	255	150M	255	0	3	0.09039135277271271	ambig_opp_strand	unspliced	12994	44	ENST00000460472.6	TTN	ENSG00000155657.29	mrna
A00839:75:H7MFFDSXY:3:1544:6397:34366	chr2	178564794	178564943	True	-320	150M	255	0	25	0.14940747618675232	ambig_opp_strand	unspliced	12994	44	RIGEL_NRNA_chr2_1_178528764_178620148		RIGEL_NRNA_chr2_1_178528764_178620148	nrna
A00839:75:H7MFFDSXY:3:1248:32705:13291	chr2	178560457	178560606	False	181	150M	255	0	25	0.7364295721054077	ambig_opp_strand	unspliced	12994	44	RIGEL_NRNA_chr2_2_178525988_178804642		RIGEL_NRNA_chr2_2_178525988_178804642	nrna
A00839:75:H7MFFDSXY:3:1333:4354:23343	chr2	178566897	178567046	False	402	150M	255	0	5	0.8677330613136292	ambig_opp_strand	unspliced	-1	44	.	.	.	mrna
A00839:75:H7MFFDSXY:3:2166:10682:7091	chr2	178565506	178565655	True	-400	150M	255	0	5	0.7442869544029236	ambig_opp_strand	unspliced	-1	44	.	.	.	mrna
A00839:75:H7MFFDSXY:3:1303:8721:34350	chr2	178560590	178560739	True	-396	150M	255	0	5	0.7579099535942078	ambig_opp_strand	unspliced	-1	44	.	.	.	mrna
A00839:75:H7MFFDSXY:3:1250:17870:31970	chr2	178562676	178562825	False	266	150M	255	0	25	0.7296407222747803	ambig_opp_strand	unspliced	12994	44	RIGEL_NRNA_chr2_2_178525988_178804642		RIGEL_NRNA_chr2_2_178525988_178804642	nrna
A00839:75:H7MFFDSXY:3:1507:10637:4820	chr2	178562075	178562224	False	238	150M	255	0	25	0.7448753714561462	ambig_opp_strand	unspliced	12994	44	RIGEL_NRNA_chr2_2_178525988_178804642		RIGEL_NRNA_chr2_2_178525988_178804642	nrna
A00839:75:H7MFFDSXY:3:1267:4137:30702	chr2	178565182	178565331	True	-319	150M	255	0	25	0.1497025340795517	ambig_opp_strand	unspliced	12994	44	RIGEL_NRNA_chr2_1_178528764_178620148		RIGEL_NRNA_chr2_1_178528764_178620148	nrna
A00839:75:H7MFFDSXY:3:1558:3775:4617	chr2	178560912	178561061	False	234	150M	255	0	25	0.7448832392692566	ambig_opp_strand	unspliced	12994	44	RIGEL_NRNA_chr2_2_178525988_178804642		RIGEL_NRNA_chr2_2_178525988_178804642	nrna
A00839:75:H7MFFDSXY:3:1653:12753:28745	chr2	178567846	178567995	False	418	150M	255	0	25	0.09714164584875107	ambig_opp_strand	unspliced	12994	44	RIGEL_NRNA_chr2_2_178525988_178804642		RIGEL_NRNA_chr2_2_178525988_178804642	nrna
A00839:75:H7MFFDSXY:3:1440:15022:34929	chr2	178560941	178561090	False	382	150M	255	0	5	0.8230653405189514	ambig_opp_strand	unspliced	-1	44	.	.	.	mrna
A00839:75:H7MFFDSXY:3:1171:18249:18098	chr2	178567193	178567342	False	459	150M	255	0	5	0.8705691695213318	ambig_opp_strand	unspliced	-1	44	.	.	.	mrna
A00839:75:H7MFFDSXY:3:1431:4589:2957	chr2	178563461	178563610	True	-412	150M	255	0	5	0.7513972520828247	ambig_opp_strand	unspliced	-1	44	.	.	.	mrna
A00839:75:H7MFFDSXY:3:2168:25889:2581	chr2	178563668	178563817	True	-293	150M	255	0	25	0.018365442752838135	ambig_opp_strand	unspliced	12994	44	RIGEL_NRNA_chr2_1_178528764_178738038		RIGEL_NRNA_chr2_1_178528764_178738038	nrna
A00839:75:H7MFFDSXY:3:1155:19199:35149	chr2	178561157	178561306	False	290	150M	255	0	3	0.08603446185588837	ambig_opp_strand	unspliced	12994	44	ENST00000460472.6	TTN	ENSG00000155657.29	mrna
A00839:75:H7MFFDSXY:3:1428:30346:3035	chr2	178566710	178566853	False	144	144M	255	0	5	0.12825708091259003	ambig_opp_strand	unspliced	-1	44	.	.	.	mrna
A00839:75:H7MFFDSXY:3:1352:26567:22670	chr2	178562772	178562921	False	334	150M	255	0	25	0.5628740191459656	ambig_opp_strand	unspliced	12994	44	RIGEL_NRNA_chr2_2_178525988_178804642		RIGEL_NRNA_chr2_2_178525988_178804642	nrna
A00839:75:H7MFFDSXY:3:1403:18747:22717	chr2	178567706	178567855	True	-234	150M	255	0	25	0.17880012094974518	ambig_opp_strand	unspliced	12994	44	RIGEL_NRNA_chr2_1_178539804_178576557		RIGEL_NRNA_chr2_1_178539804_178576557	nrna
A00839:75:H7MFFDSXY:3:1603:32127:21746	chr2	178568024	178568173	True	-279	150M	255	0	25	0.1754576712846756	ambig_opp_strand	unspliced	12994	44	RIGEL_NRNA_chr2_1_178539804_178576557		RIGEL_NRNA_chr2_1_178539804_178576557	nrna
A00839:75:H7MFFDSXY:3:1633:32416:16986	chr2	178565975	178566124	False	488	150M	255	0	5	0.8470072150230408	ambig_opp_strand	unspliced	-1	44	.	.	.	mrna
A00839:75:H7MFFDSXY:3:1444:5502:13182	chr2	178561581	178561730	True	-208	150M	255	0	25	0.1633690893650055	ambig_opp_strand	unspliced	12994	44	RIGEL_NRNA_chr2_1_178528764_178620148		RIGEL_NRNA_chr2_1_178528764_178620148	nrna
A00839:75:H7MFFDSXY:3:2134:31421:32581	chr2	178567033	178567182	True	-310	150M	255	0	25	0.16291475296020508	ambig_opp_strand	unspliced	12994	44	RIGEL_NRNA_chr2_1_178541746_178597681		RIGEL_NRNA_chr2_1_178541746_178597681	nrna
A00839:75:H7MFFDSXY:3:2372:10357:1673	chr2	178569667	178569816	False	299	150M	255	1	25	0.6862775683403015	ambig_opp_strand	unspliced	12994	44	RIGEL_NRNA_chr2_2_178525988_178804642		RIGEL_NRNA_chr2_2_178525988_178804642	nrna
A00839:75:H7MFFDSXY:3:1121:11478:35368	chr2	178565945	178566094	True	-411	150M	255	0	5	0.7783854603767395	ambig_opp_strand	unspliced	-1	44	.	.	.	mrna
A00839:75:H7MFFDSXY:3:1229:8323:20760	chr2	178560401	178560550	True	-457	150M	255	0	5	0.7560147643089294	ambig_opp_strand	unspliced	-1	44	.	.	.	mrna
A00839:75:H7MFFDSXY:3:2475:17571:36965	chr2	178564979	178565128	True	-287	150M	255	0	25	0.1742783635854721	ambig_opp_strand	unspliced	12994	44	RIGEL_NRNA_chr2_1_178539804_178576557		RIGEL_NRNA_chr2_1_178539804_178576557	nrna
A00839:75:H7MFFDSXY:3:1318:24433:34757	chr2	178563661	178563810	True	-301	150M	255	1	25	0.1561562567949295	ambig_opp_strand	unspliced	12994	44	RIGEL_NRNA_chr2_1_178528764_178620148		RIGEL_NRNA_chr2_1_178528764_178620148	nrna
A00839:75:H7MFFDSXY:3:2574:8052:13557	chr2	178567625	178567774	True	-276	150M	255	0	25	0.1758091151714325	ambig_opp_strand	unspliced	12994	44	RIGEL_NRNA_chr2_1_178539804_178576557		RIGEL_NRNA_chr2_1_178539804_178576557	nrna
A00839:75:H7MFFDSXY:3:2327:21097:10379	chr2	178569827	178569976	False	372	150M	255	3	64	0.0	.	unspliced	-1	0	.	.	.	mrna
A00839:75:H7MFFDSXY:3:2320:27814:27712	chr2	178567659	178567808	False	210	150M	255	0	5	0.05154910683631897	ambig_opp_strand	unspliced	-1	44	.	.	.	mrna
A00839:75:H7MFFDSXY:3:2208:15230:22263	chr2	178566403	178566552	False	296	150M	255	0	25	0.6920827627182007	ambig_opp_strand	unspliced	12994	44	RIGEL_NRNA_chr2_2_178525988_178804642		RIGEL_NRNA_chr2_2_178525988_178804642	nrna
A00839:75:H7MFFDSXY:3:2129:6388:25520	chr2	178569198	178569347	True	-340	150M	255	3	25	0.13851766288280487	ambig_opp_strand	unspliced	12994	44	RIGEL_NRNA_chr2_1_178540115_178582663		RIGEL_NRNA_chr2_1_178540115_178582663	nrna
A00839:75:H7MFFDSXY:3:1677:14904:25708	chr2	178565814	178565963	True	-314	150M	255	0	25	0.1611941158771515	ambig_opp_strand	unspliced	12994	44	RIGEL_NRNA_chr2_1_178541746_178597681		RIGEL_NRNA_chr2_1_178541746_178597681	nrna
A00839:75:H7MFFDSXY:3:1609:19226:25676	chr2	178562058	178562207	True	-319	150M	255	0	5	0.10645903646945953	ambig_opp_strand	unspliced	-1	44	.	.	.	mrna
A00839:75:H7MFFDSXY:3:1633:24071:5102	chr2	178563611	178563760	False	420	150M	255	0	5	0.854853630065918	ambig_opp_strand	unspliced	-1	44	.	.	.	mrna
A00839:75:H7MFFDSXY:3:2266:11433:5854	chr2	178561056	178561205	True	-316	150M	255	0	5	0.09757565706968307	ambig_opp_strand	unspliced	-1	44	.	.	.	mrna
A00839:75:H7MFFDSXY:3:1202:28501:3380	chr2	178562537	178562686	True	-333	150M	255	0	25	0.14159581065177917	ambig_opp_strand	unspliced	12994	44	RIGEL_NRNA_chr2_1_178528764_178620148		RIGEL_NRNA_chr2_1_178528764_178620148	nrna
A00839:75:H7MFFDSXY:3:2672:25988:13745	chr2	178566493	178566642	False	361	150M	255	0	25	0.34245237708091736	ambig_opp_strand	unspliced	12994	44	RIGEL_NRNA_chr2_2_178525988_178804642		RIGEL_NRNA_chr2_2_178525988_178804642	nrna
A00839:75:H7MFFDSXY:3:1227:18168:31735	chr2	178561376	178561525	False	216	150M	255	0	3	0.023334922268986702	ambig_opp_strand	unspliced	12994	44	ENST00000412264.2	TTN	ENSG00000155657.29	mrna
A00839:75:H7MFFDSXY:3:2402:8712:23594	chr2	178560246	178560395	False	158	150M	255	0	25	0.7149964570999146	ambig_opp_strand	unspliced	12994	44	RIGEL_NRNA_chr2_2_178525988_178804642		RIGEL_NRNA_chr2_2_178525988_178804642	nrna
A00839:75:H7MFFDSXY:3:2478:31195:27117	chr2	178561674	178561823	True	-432	150M	255	0	5	0.7459886074066162	ambig_opp_strand	unspliced	-1	44	.	.	.	mrna
A00839:75:H7MFFDSXY:3:2638:13964:16470	chr2	178568314	178568463	False	322	150M	255	0	25	0.6172563433647156	ambig_opp_strand	unspliced	12994	44	RIGEL_NRNA_chr2_2_178525988_178804642		RIGEL_NRNA_chr2_2_178525988_178804642	nrna
A00839:75:H7MFFDSXY:3:1433:28519:6104	chr2	178565502	178565651	False	382	150M	255	0	3	0.013925091363489628	ambig_opp_strand	unspliced	12994	44	ENST00000342175.12	TTN	ENSG00000155657.29	mrna
A00839:75:H7MFFDSXY:3:1111:24180:30373	chr2	178562419	178562568	False	373	150M	255	1	5	0.7244450449943542	ambig_opp_strand	unspliced	-1	44	.	.	.	mrna
A00839:75:H7MFFDSXY:3:1373:5656:9001	chr2	178560210	178560359	False	235	150M	255	0	25	0.7449300289154053	ambig_opp_strand	unspliced	12994	44	RIGEL_NRNA_chr2_2_178525988_178804642		RIGEL_NRNA_chr2_2_178525988_178804642	nrna
A00839:75:H7MFFDSXY:3:1146:15881:22983	chr2	178569617	178569766	True	-382	150M	255	0	5	0.6857070922851562	ambig_opp_strand	unspliced	-1	44	.	.	.	mrna
A00839:75:H7MFFDSXY:3:2340:25690:26475	chr2	178569870	178570019	False	235	150M	255	0	25	0.7449300289154053	ambig_opp_strand	unspliced	12994	44	RIGEL_NRNA_chr2_2_178525988_178804642		RIGEL_NRNA_chr2_2_178525988_178804642	nrna
A00839:75:H7MFFDSXY:3:1313:17273:17660	chr2	178567008	178567157	True	-382	150M	255	1	25	0.055899299681186676	ambig_opp_strand	unspliced	12994	44	RIGEL_NRNA_chr2_1_178541746_178597681		RIGEL_NRNA_chr2_1_178541746_178597681	nrna
A00839:75:H7MFFDSXY:3:2417:25382:5055	chr2	178567273	178567422	False	305	150M	255	0	25	0.6719896197319031	ambig_opp_strand	unspliced	12994	44	RIGEL_NRNA_chr2_2_178525988_178804642		RIGEL_NRNA_chr2_2_178525988_178804642	nrna
A00839:75:H7MFFDSXY:3:1444:2040:12226	chr2	178562562	178562699	True	-138	138M	255	0	25	0.15457729995250702	ambig_opp_strand	unspliced	12994	44	RIGEL_NRNA_chr2_1_178528764_178620148		RIGEL_NRNA_chr2_1_178528764_178620148	nrna
A00839:75:H7MFFDSXY:3:1633:32461:2065	chr2	178561155	178561304	True	-392	150M	255	0	25	0.046510130167007446	ambig_opp_strand	unspliced	12994	44	RIGEL_NRNA_chr2_1_178539804_178576557		RIGEL_NRNA_chr2_1_178539804_178576557	nrna
A00839:75:H7MFFDSXY:3:2102:3360:27007	chr2	178564802	178564951	False	214	150M	255	0	25	0.746132493019104	ambig_opp_strand	unspliced	12994	44	RIGEL_NRNA_chr2_2_178525988_178804642		RIGEL_NRNA_chr2_2_178525988_178804642	nrna
A00839:75:H7MFFDSXY:3:2564:3016:5431	chr2	178561534	178561683	False	434	150M	255	0	5	0.8715420365333557	ambig_opp_strand	unspliced	-1	44	.	.	.	mrna
A00839:75:H7MFFDSXY:3:1620:17689:21167	chr2	178567686	178567835	True	-290	150M	255	0	25	0.16247756779193878	ambig_opp_strand	unspliced	12994	44	RIGEL_NRNA_chr2_1_178540115_178582663		RIGEL_NRNA_chr2_1_178540115_178582663	nrna
A00839:75:H7MFFDSXY:3:1112:13675:36573	chr2	178566724	178566873	True	-164	150M	255	0	25	0.20746669173240662	ambig_opp_strand	unspliced	12994	44	RIGEL_NRNA_chr2_1_178523417_178776534		RIGEL_NRNA_chr2_1_178523417_178776534	nrna
A00839:75:H7MFFDSXY:3:1357:20500:30076	chr2	178563219	178563368	False	254	150M	255	0	3	0.07384901493787766	ambig_opp_strand	unspliced	12994	44	ENST00000342175.12	TTN	ENSG00000155657.29	mrna
A00839:75:H7MFFDSXY:3:1571:5936:7983	chr2	178560461	178560610	True	-243	150M	255	0	25	0.1785876303911209	ambig_opp_strand	unspliced	12994	44	RIGEL_NRNA_chr2_1_178539804_178576557		RIGEL_NRNA_chr2_1_178539804_178576557	nrna
A00839:75:H7MFFDSXY:3:2361:20582:1282	chr2	178567293	178567442	False	269	150M	255	0	25	0.7263747453689575	ambig_opp_strand	unspliced	12994	44	RIGEL_NRNA_chr2_2_178525988_178804642		RIGEL_NRNA_chr2_2_178525988_178804642	nrna
A00839:75:H7MFFDSXY:3:2326:23610:34961	chr2	178569003	178569152	False	232	150M	255	1	25	0.7456583976745605	ambig_opp_strand	unspliced	12994	44	RIGEL_NRNA_chr2_2_178525988_178804642		RIGEL_NRNA_chr2_2_178525988_178804642	nrna
A00839:75:H7MFFDSXY:3:1165:25482:36605	chr2	178560715	178560864	True	-379	150M	255	0	25	0.07773566991090775	ambig_opp_strand	unspliced	12994	44	RIGEL_NRNA_chr2_1_178523417_178776534		RIGEL_NRNA_chr2_1_178523417_178776534	nrna
A00839:75:H7MFFDSXY:3:1605:23176:8594	chr2	178569114	178569263	True	-168	150M	255	0	25	0.17136308550834656	ambig_opp_strand	unspliced	12994	44	RIGEL_NRNA_chr2_1_178541746_178597681		RIGEL_NRNA_chr2_1_178541746_178597681	nrna
A00839:75:H7MFFDSXY:3:2434:22164:1047	chr2	178568866	178569015	False	332	150M	255	0	3	0.01789178140461445	ambig_opp_strand	unspliced	12994	44	ENST00000412264.2	TTN	ENSG00000155657.29	mrna
A00839:75:H7MFFDSXY:3:1445:2501:21574	chr2	178567938	178568087	True	-363	150M	255	1	5	0.40473005175590515	ambig_opp_strand	unspliced	-1	44	.	.	.	mrna
A00839:75:H7MFFDSXY:3:1333:10230:10598	chr2	178565182	178565331	False	327	150M	255	1	25	0.5969794392585754	ambig_opp_strand	unspliced	12994	44	RIGEL_NRNA_chr2_2_178525988_178804642		RIGEL_NRNA_chr2_2_178525988_178804642	nrna
A00839:75:H7MFFDSXY:3:2315:14407:15702	chr2	178563581	178563730	True	-284	150M	255	3	25	0.16934821009635925	ambig_opp_strand	unspliced	12994	44	RIGEL_NRNA_chr2_1_178541746_178597681		RIGEL_NRNA_chr2_1_178541746_178597681	nrna
A00839:75:H7MFFDSXY:3:2421:27977:25927	chr2	178566794	178566943	True	-247	150M	255	0	25	0.1669701188802719	ambig_opp_strand	unspliced	12994	44	RIGEL_NRNA_chr2_1_178540115_178582663		RIGEL_NRNA_chr2_1_178540115_178582663	nrna
A00839:75:H7MFFDSXY:3:2659:12409:20353	chr2	178561214	178561363	False	470	150M	255	0	5	0.8648645877838135	ambig_opp_strand	unspliced	-1	44	.	.	.	mrna
A00839:75:H7MFFDSXY:3:1312:3504:25629	chr2	178566303	178566452	True	-241	150M	255	0	25	0.1786760538816452	ambig_opp_strand	unspliced	12994	44	RIGEL_NRNA_chr2_1_178539804_178576557		RIGEL_NRNA_chr2_1_178539804_178576557	nrna
A00839:75:H7MFFDSXY:3:1449:3459:4507	chr2	178567729	178567878	True	-343	150M	255	1	25	0.1316671073436737	ambig_opp_strand	unspliced	12994	44	RIGEL_NRNA_chr2_1_178528764_178620148		RIGEL_NRNA_chr2_1_178528764_178620148	nrna
A00839:75:H7MFFDSXY:3:2215:18222:20118	chr2	178564255	178564404	True	-342	150M	255	0	25	0.03140144795179367	ambig_opp_strand	unspliced	12994	44	RIGEL_NRNA_chr2_1_178528739_178633078		RIGEL_NRNA_chr2_1_178528739_178633078	nrna
A00839:75:H7MFFDSXY:3:1224:5556:33974	chr2	178560901	178561050	False	234	150M	255	0	3	0.0913248360157013	ambig_opp_strand	unspliced	12994	44	ENST00000460472.6	TTN	ENSG00000155657.29	mrna
A00839:75:H7MFFDSXY:3:2220:27254:23140	chr2	178564800	178564949	False	290	150M	255	0	25	0.7017327547073364	ambig_opp_strand	unspliced	12994	44	RIGEL_NRNA_chr2_2_178525988_178804642		RIGEL_NRNA_chr2_2_178525988_178804642	nrna
A00839:75:H7MFFDSXY:3:2304:8052:13839	chr2	178561941	178562090	True	-212	150M	255	0	25	0.2105606645345688	ambig_opp_strand	unspliced	12994	44	RIGEL_NRNA_chr2_1_178523417_178776534		RIGEL_NRNA_chr2_1_178523417_178776534	nrna
A00839:75:H7MFFDSXY:3:1403:22987:3568	chr2	178565630	178565779	False	270	150M	255	0	25	0.7257305383682251	ambig_opp_strand	unspliced	12994	44	RIGEL_NRNA_chr2_2_178525988_178804642		RIGEL_NRNA_chr2_2_178525988_178804642	nrna
A00839:75:H7MFFDSXY:3:2211:13657:36855	chr2	178565460	178565609	False	260	150M	255	0	5	0.06712542474269867	ambig_opp_strand	unspliced	-1	44	.	.	.	mrna
A00839:75:H7MFFDSXY:3:2534:29550:33661	chr2	178560329	178560478	True	-443	150M	255	0	5	0.79593425989151	ambig_opp_strand	unspliced	-1	44	.	.	.	mrna
A00839:75:H7MFFDSXY:3:1628:11026:36526	chr2	178569523	178569672	False	439	150M	255	0	3	0.012393523938953876	ambig_opp_strand	unspliced	12994	44	ENST00000460472.6	TTN	ENSG00000155657.29	mrna
A00839:75:H7MFFDSXY:3:2467:11324:33004	chr2	178565372	178565521	False	243	150M	255	0	25	0.7430514097213745	ambig_opp_strand	unspliced	12994	44	RIGEL_NRNA_chr2_2_178525988_178804642		RIGEL_NRNA_chr2_2_178525988_178804642	nrna
A00839:75:H7MFFDSXY:3:1278:13114:25614	chr2	178568677	178568826	False	467	150M	255	0	5	0.8761147856712341	ambig_opp_strand	unspliced	-1	44	.	.	.	mrna
A00839:75:H7MFFDSXY:3:1611:22562:8970	chr2	178561991	178562140	False	370	150M	255	0	5	0.6891863942146301	ambig_opp_strand	unspliced	-1	44	.	.	.	mrna
A00839:75:H7MFFDSXY:3:1432:12943:16799	chr2	178560724	178560873	True	-320	150M	255	0	25	0.1531248539686203	ambig_opp_strand	unspliced	12994	44	RIGEL_NRNA_chr2_1_178540115_178582663		RIGEL_NRNA_chr2_1_178540115_178582663	nrna
A00839:75:H7MFFDSXY:3:1373:9986:29027	chr2	178562183	178562332	False	334	150M	255	0	5	0.2845340073108673	ambig_opp_strand	unspliced	-1	44	.	.	.	mrna
A00839:75:H7MFFDSXY:3:1175:17951:34147	chr2	178566690	178566839	False	228	150M	255	0	25	0.7458291053771973	ambig_opp_strand	unspliced	12994	44	RIGEL_NRNA_chr2_2_178525988_178804642		RIGEL_NRNA_chr2_2_178525988_178804642	nrna
A00839:75:H7MFFDSXY:3:2563:29306:2237	chr2	178568507	178568656	False	285	150M	255	0	25	0.7095791101455688	ambig_opp_strand	unspliced	12994	44	RIGEL_NRNA_chr2_2_178525988_178804642		RIGEL_NRNA_chr2_2_178525988_178804642	nrna
A00839:75:H7MFFDSXY:3:2211:20907:30843	chr2	178561630	178561779	True	-330	150M	255	0	5	0.13931356370449066	ambig_opp_strand	unspliced	-1	44	.	.	.	mrna
A00839:75:H7MFFDSXY:3:2605:7717:15483	chr2	178565835	178565984	True	-223	150M	255	0	25	0.16750074923038483	ambig_opp_strand	unspliced	12994	44	RIGEL_NRNA_chr2_1_178540115_178582663		RIGEL_NRNA_chr2_1_178540115_178582663	nrna
A00839:75:H7MFFDSXY:3:1613:1615:16908	chr2	178564703	178564852	True	-164	150M	255	0	25	0.16096486151218414	ambig_opp_strand	unspliced	12994	44	RIGEL_NRNA_chr2_1_178528764_178620148		RIGEL_NRNA_chr2_1_178528764_178620148	nrna
A00839:75:H7MFFDSXY:3:1228:10538:16642	chr2	178567056	178567205	False	482	150M	255	0	5	0.8658218383789062	ambig_opp_strand	unspliced	-1	44	.	.	.	mrna
A00839:75:H7MFFDSXY:3:1311:23583:35853	chr2	178565372	178565521	True	-301	150M	255	0	25	0.17104314267635345	ambig_opp_strand	unspliced	12994	44	RIGEL_NRNA_chr2_1_178539804_178576557		RIGEL_NRNA_chr2_1_178539804_178576557	nrna
A00839:75:H7MFFDSXY:3:1321:2899:17785	chr2	178561990	178562139	True	-348	150M	255	0	5	0.24891741573810577	ambig_opp_strand	unspliced	-1	44	.	.	.	mrna
A00839:75:H7MFFDSXY:3:1417:26277:3537	chr2	178561665	178561814	True	-171	150M	255	0	25	0.16167648136615753	ambig_opp_strand	unspliced	12994	44	RIGEL_NRNA_chr2_1_178528764_178620148		RIGEL_NRNA_chr2_1_178528764_178620148	nrna
A00839:75:H7MFFDSXY:3:1115:27995:5697	chr2	178565824	178565973	False	326	150M	255	0	5	0.23705321550369263	ambig_opp_strand	unspliced	-1	44	.	.	.	mrna
A00839:75:H7MFFDSXY:3:2405:27733:15640	chr2	178567204	178567353	True	-395	150M	255	0	5	0.7561866044998169	ambig_opp_strand	unspliced	-1	44	.	.	.	mrna
A00839:75:H7MFFDSXY:3:2530:28393:25614	chr2	178565572	178565721	True	-301	150M	255	0	25	0.16004157066345215	ambig_opp_strand	unspliced	12994	44	RIGEL_NRNA_chr2_1_178540115_178582663		RIGEL_NRNA_chr2_1_178540115_178582663	nrna
A00839:75:H7MFFDSXY:3:2109:6596:14325	chr2	178563781	178563930	False	248	150M	255	1	5	0.05742457136511803	ambig_opp_strand	unspliced	-1	44	.	.	.	mrna
A00839:75:H7MFFDSXY:3:2463:14507:26647	chr2	178564780	178564929	True	-158	150M	255	0	25	0.17526428401470184	ambig_opp_strand	unspliced	12994	44	RIGEL_NRNA_chr2_1_178539804_178576557		RIGEL_NRNA_chr2_1_178539804_178576557	nrna
A00839:75:H7MFFDSXY:3:2675:8522:33317	chr2	178565524	178565673	False	322	150M	255	0	25	0.6172564029693604	ambig_opp_strand	unspliced	12994	44	RIGEL_NRNA_chr2_2_178525988_178804642		RIGEL_NRNA_chr2_2_178525988_178804642	nrna
A00839:75:H7MFFDSXY:3:2210:4327:28150	chr2	178563478	178563627	True	-390	150M	255	3	5	0.7274540662765503	ambig_opp_strand	unspliced	-1	44	.	.	.	mrna
A00839:75:H7MFFDSXY:3:1475:23457:28087	chr2	178569739	178569888	False	293	150M	255	0	25	0.697925329208374	ambig_opp_strand	unspliced	12994	44	RIGEL_NRNA_chr2_2_178525988_178804642		RIGEL_NRNA_chr2_2_178525988_178804642	nrna
A00839:75:H7MFFDSXY:3:1325:24153:25285	chr2	178563825	178563974	True	-354	150M	255	0	25	0.11494442075490952	ambig_opp_strand	unspliced	12994	44	RIGEL_NRNA_chr2_1_178528764_178620148		RIGEL_NRNA_chr2_1_178528764_178620148	nrna
A00839:75:H7MFFDSXY:3:1278:28230:33661	chr2	178565235	178565384	False	343	150M	255	0	5	0.36744198203086853	ambig_opp_strand	unspliced	-1	44	.	.	.	mrna
A00839:75:H7MFFDSXY:3:1124:20202:12806	chr2	178566445	178566594	False	263	150M	255	0	25	0.7321848273277283	ambig_opp_strand	unspliced	12994	44	RIGEL_NRNA_chr2_2_178525988_178804642		RIGEL_NRNA_chr2_2_178525988_178804642	nrna
A00839:75:H7MFFDSXY:3:1176:23936:17550	chr2	178565119	178565268	True	-178	150M	255	0	25	0.16629013419151306	ambig_opp_strand	unspliced	12994	44	RIGEL_NRNA_chr2_1_178540115_178582663		RIGEL_NRNA_chr2_1_178540115_178582663	nrna
A00839:75:H7MFFDSXY:3:2569:30644:11068	chr2	178560826	178560975	True	-309	150M	255	0	5	0.08324907720088959	ambig_opp_strand	unspliced	-1	44	.	.	.	mrna
A00839:75:H7MFFDSXY:3:2348:1570:11788	chr2	178565602	178565751	True	-331	150M	255	0	25	0.1521822214126587	ambig_opp_strand	unspliced	12994	44	RIGEL_NRNA_chr2_1_178541746_178597681		RIGEL_NRNA_chr2_1_178541746_178597681	nrna
A00839:75:H7MFFDSXY:3:2201:2636:5212	chr2	178564833	178564982	True	-231	150M	255	0	5	0.02539011277258396	ambig_opp_strand	unspliced	-1	44	.	.	.	mrna
A00839:75:H7MFFDSXY:3:2668:27254:11866	chr2	178563408	178563557	True	-312	150M	255	0	25	0.15248967707157135	ambig_opp_strand	unspliced	12994	44	RIGEL_NRNA_chr2_1_178528764_178620148		RIGEL_NRNA_chr2_1_178528764_178620148	nrna
A00839:75:H7MFFDSXY:3:2464:25391:32722	chr2	178561347	178561496	True	-277	150M	255	0	25	0.16035860776901245	ambig_opp_strand	unspliced	12994	44	RIGEL_NRNA_chr2_1_178528764_178620148		RIGEL_NRNA_chr2_1_178528764_178620148	nrna
A00839:75:H7MFFDSXY:3:1609:3387:19570	chr2	178562096	178562245	True	-377	150M	255	0	5	0.6021450757980347	ambig_opp_strand	unspliced	-1	44	.	.	.	mrna
A00839:75:H7MFFDSXY:3:1356:30201:19413	chr2	178567348	178567497	True	-250	150M	255	1	25	0.16687770187854767	ambig_opp_strand	unspliced	12994	44	RIGEL_NRNA_chr2_1_178540115_178582663		RIGEL_NRNA_chr2_1_178540115_178582663	nrna
A00839:75:H7MFFDSXY:3:1122:1063:24752	chr2	178564506	178564655	False	384	150M	255	0	5	0.8257206082344055	ambig_opp_strand	unspliced	-1	44	.	.	.	mrna
A00839:75:H7MFFDSXY:3:2602:9281:2096	chr2	178560797	178560946	True	-410	150M	255	0	5	0.7482640743255615	ambig_opp_strand	unspliced	-1	44	.	.	.	mrna
A00839:75:H7MFFDSXY:3:1218:4770:1673	chr2	178568965	178569114	True	-392	150M	255	0	5	0.746553361415863	ambig_opp_strand	unspliced	-1	44	.	.	.	mrna
A00839:75:H7MFFDSXY:3:1143:28194:10113	chr2	178562562	178562711	False	179	150M	255	0	25	0.7358670234680176	ambig_opp_strand	unspliced	12994	44	RIGEL_NRNA_chr2_2_178525988_178804642		RIGEL_NRNA_chr2_2_178525988_178804642	nrna
A00839:75:H7MFFDSXY:3:2611:10529:10238	chr2	178565110	178565259	False	174	150M	255	0	25	0.7336777448654175	ambig_opp_strand	unspliced	12994	44	RIGEL_NRNA_chr2_2_178525988_178804642		RIGEL_NRNA_chr2_2_178525988_178804642	nrna
A00839:75:H7MFFDSXY:3:1331:22616:6715	chr2	178560187	178560336	True	-271	150M	255	0	25	0.1710127741098404	ambig_opp_strand	unspliced	12994	44	RIGEL_NRNA_chr2_1_178541746_178597681		RIGEL_NRNA_chr2_1_178541746_178597681	nrna
A00839:75:H7MFFDSXY:3:1340:26747:5259	chr2	178569410	178569559	True	-274	150M	255	0	25	0.17603981494903564	ambig_opp_strand	unspliced	12994	44	RIGEL_NRNA_chr2_1_178539804_178576557		RIGEL_NRNA_chr2_1_178539804_178576557	nrna
A00839:75:H7MFFDSXY:3:1506:1407:23594	chr2	178561466	178561615	False	337	150M	255	1	25	0.5407384037971497	ambig_opp_strand	unspliced	12994	44	RIGEL_NRNA_chr2_2_178525988_178804642		RIGEL_NRNA_chr2_2_178525988_178804642	nrna
A00839:75:H7MFFDSXY:3:1317:21423:16329	chr2	178568506	178568655	False	172	150M	255	1	5	0.07067690789699554	ambig_opp_strand	unspliced	-1	44	.	.	.	mrna
A00839:75:H7MFFDSXY:3:1537:5945:18991	chr2	178569647	178569796	True	-173	150M	255	0	25	0.16195756196975708	ambig_opp_strand	unspliced	12994	44	RIGEL_NRNA_chr2_1_178528764_178620148		RIGEL_NRNA_chr2_1_178528764_178620148	nrna
A00839:75:H7MFFDSXY:3:1473:16396:31140	chr2	178562022	178562171	True	-385	150M	255	0	5	0.7113285064697266	ambig_opp_strand	unspliced	-1	44	.	.	.	mrna
A00839:75:H7MFFDSXY:3:1420:32325:32236	chr2	178565396	178565545	True	-283	150M	255	0	25	0.15963418781757355	ambig_opp_strand	unspliced	12994	44	RIGEL_NRNA_chr2_1_178528764_178620148		RIGEL_NRNA_chr2_1_178528764_178620148	nrna
A00839:75:H7MFFDSXY:3:1646:6632:23312	chr2	178569738	178569887	False	296	150M	255	0	25	0.6920827627182007	ambig_opp_strand	unspliced	12994	44	RIGEL_NRNA_chr2_2_178525988_178804642		RIGEL_NRNA_chr2_2_178525988_178804642	nrna
A00839:75:H7MFFDSXY:3:2257:11053:7138	chr2	178560034	178560181	True	-261	2S148M	255	1	25	0.038101352751255035	ambig_opp_strand	unspliced	12994	44	RIGEL_NRNA_chr2_1_178528739_178633078		RIGEL_NRNA_chr2_1_178528739_178633078	nrna
A00839:75:H7MFFDSXY:3:2468:27109:26490	chr2	178565273	178565422	True	-334	150M	255	0	25	0.15466268360614777	ambig_opp_strand	unspliced	12994	44	RIGEL_NRNA_chr2_1_178539804_178576557		RIGEL_NRNA_chr2_1_178539804_178576557	nrna
A00839:75:H7MFFDSXY:3:1355:32723:22748	chr2	178564451	178564600	False	220	150M	255	0	25	0.7463263869285583	ambig_opp_strand	unspliced	12994	44	RIGEL_NRNA_chr2_2_178525988_178804642		RIGEL_NRNA_chr2_2_178525988_178804642	nrna
A00839:75:H7MFFDSXY:3:1367:26775:34209	chr2	178565383	178565532	True	-279	150M	255	0	25	0.20646356046199799	ambig_opp_strand	unspliced	12994	44	RIGEL_NRNA_chr2_1_178523417_178776534		RIGEL_NRNA_chr2_1_178523417_178776534	nrna
A00839:75:H7MFFDSXY:3:2261:21251:4006	chr2	178568901	178569050	True	-331	150M	255	0	25	0.18476682901382446	ambig_opp_strand	unspliced	12994	44	RIGEL_NRNA_chr2_1_178523417_178776534		RIGEL_NRNA_chr2_1_178523417_178776534	nrna
A00839:75:H7MFFDSXY:3:2509:19018:4993	chr2	178561638	178561787	True	-481	150M	255	0	5	0.7504238486289978	ambig_opp_strand	unspliced	-1	44	.	.	.	mrna
A00839:75:H7MFFDSXY:3:2347:14895:1047	chr2	178563443	178563592	True	-228	150M	255	0	25	0.16740207374095917	ambig_opp_strand	unspliced	12994	44	RIGEL_NRNA_chr2_1_178540115_178582663		RIGEL_NRNA_chr2_1_178540115_178582663	nrna
A00839:75:H7MFFDSXY:3:1222:21712:2988	chr2	178564393	178564542	False	344	150M	255	0	5	0.3797154128551483	ambig_opp_strand	unspliced	-1	44	.	.	.	mrna
A00839:75:H7MFFDSXY:3:2153:26738:12320	chr2	178561409	178561558	False	271	150M	255	0	3	0.07251375913619995	ambig_opp_strand	unspliced	12994	44	ENST00000342175.12	TTN	ENSG00000155657.29	mrna
A00839:75:H7MFFDSXY:3:2245:1063:24158	chr2	178565039	178565188	True	-428	150M	255	0	5	0.7519736289978027	ambig_opp_strand	unspliced	-1	44	.	.	.	mrna
A00839:75:H7MFFDSXY:3:1574:27624:16611	chr2	178567650	178567799	True	-246	150M	255	0	25	0.17301009595394135	ambig_opp_strand	unspliced	12994	44	RIGEL_NRNA_chr2_1_178541746_178597681		RIGEL_NRNA_chr2_1_178541746_178597681	nrna
A00839:75:H7MFFDSXY:3:2132:25156:8171	chr2	178562376	178562525	True	-403	150M	255	0	25	0.044835105538368225	ambig_opp_strand	unspliced	12994	44	RIGEL_NRNA_chr2_1_178539804_178576557		RIGEL_NRNA_chr2_1_178539804_178576557	nrna
A00839:75:H7MFFDSXY:3:1532:9182:27853	chr2	178561744	178561893	True	-191	150M	255	0	25	0.17285852134227753	ambig_opp_strand	unspliced	12994	44	RIGEL_NRNA_chr2_1_178541746_178597681		RIGEL_NRNA_chr2_1_178541746_178597681	nrna
A00839:75:H7MFFDSXY:3:1361:28673:24972	chr2	178562214	178562363	True	-222	150M	255	0	5	0.02493247389793396	ambig_opp_strand	unspliced	-1	44	.	.	.	mrna
A00839:75:H7MFFDSXY:3:1265:19452:3302	chr2	178568242	178568391	False	397	150M	255	0	5	0.8652380108833313	ambig_opp_strand	unspliced	-1	44	.	.	.	mrna
A00839:75:H7MFFDSXY:3:2551:30635:12837	chr2	178562596	178562745	True	-201	150M	255	1	25	0.16316832602024078	ambig_opp_strand	unspliced	12994	44	RIGEL_NRNA_chr2_1_178528764_178620148		RIGEL_NRNA_chr2_1_178528764_178620148	nrna
A00839:75:H7MFFDSXY:3:1565:27733:9345	chr2	178565176	178565325	True	-166	150M	255	0	25	0.03790143132209778	ambig_opp_strand	unspliced	12994	44	RIGEL_NRNA_chr2_1_178528739_178633078		RIGEL_NRNA_chr2_1_178528739_178633078	nrna
A00839:75:H7MFFDSXY:3:1316:12156:1470	chr2	178562718	178562867	False	430	150M	255	1	5	0.8731488585472107	ambig_opp_strand	unspliced	-1	44	.	.	.	mrna
A00839:75:H7MFFDSXY:3:1258:5602:6026	chr2	178562066	178562215	True	-316	150M	255	1	25	0.1948690116405487	ambig_opp_strand	unspliced	12994	44	RIGEL_NRNA_chr2_1_178523417_178776534		RIGEL_NRNA_chr2_1_178523417_178776534	nrna
A00839:75:H7MFFDSXY:3:1334:8847:7232	chr2	178566680	178566829	True	-391	150M	255	0	5	0.7598149180412292	ambig_opp_strand	unspliced	-1	44	.	.	.	mrna
A00839:75:H7MFFDSXY:3:1459:3604:8484	chr2	178568375	178568524	True	-358	150M	255	0	5	0.3516870439052582	ambig_opp_strand	unspliced	-1	44	.	.	.	mrna
A00839:75:H7MFFDSXY:3:1333:19795:7592	chr2	178560126	178560275	False	184	150M	255	0	25	0.7392669320106506	ambig_opp_strand	unspliced	12994	44	RIGEL_NRNA_chr2_2_178525988_178804642		RIGEL_NRNA_chr2_2_178525988_178804642	nrna
A00839:75:H7MFFDSXY:3:1301:28800:12853	chr2	178569567	178569716	True	-305	150M	255	0	25	0.19992955029010773	ambig_opp_strand	unspliced	12994	44	RIGEL_NRNA_chr2_1_178523417_178776534		RIGEL_NRNA_chr2_1_178523417_178776534	nrna
A00839:75:H7MFFDSXY:3:2543:14534:32769	chr2	178569967	178570116	False	359	150M	255	0	3	0.03586668148636818	ambig_opp_strand	unspliced	12994	44	ENST00000342175.12	TTN	ENSG00000155657.29	mrna
A00839:75:H7MFFDSXY:3:2501:6126:30827	chr2	178561470	178561619	False	283	150M	255	0	25	0.7115973830223083	ambig_opp_strand	unspliced	12994	44	RIGEL_NRNA_chr2_2_178525988_178804642		RIGEL_NRNA_chr2_2_178525988_178804642	nrna
A00839:75:H7MFFDSXY:3:1342:16830:4523	chr2	178568547	178568696	False	269	150M	255	0	25	0.7263747453689575	ambig_opp_strand	unspliced	12994	44	RIGEL_NRNA_chr2_2_178525988_178804642		RIGEL_NRNA_chr2_2_178525988_178804642	nrna
A00839:75:H7MFFDSXY:3:2531:30680:26819	chr2	178563647	178563796	True	-218	150M	255	0	25	0.16339442133903503	ambig_opp_strand	unspliced	12994	44	RIGEL_NRNA_chr2_1_178528764_178620148		RIGEL_NRNA_chr2_1_178528764_178620148	nrna
A00839:75:H7MFFDSXY:3:1418:21025:27289	chr2	178561203	178561352	True	-335	150M	255	0	25	0.1484537422657013	ambig_opp_strand	unspliced	12994	44	RIGEL_NRNA_chr2_1_178541746_178597681		RIGEL_NRNA_chr2_1_178541746_178597681	nrna
A00839:75:H7MFFDSXY:3:2559:17978:1939	chr2	178566224	178566373	True	-232	150M	255	1	25	0.1673835963010788	ambig_opp_strand	unspliced	12994	44	RIGEL_NRNA_chr2_1_178540115_178582663		RIGEL_NRNA_chr2_1_178540115_178582663	nrna
A00839:75:H7MFFDSXY:3:1541:17761:7451	chr2	178560928	178561077	True	-281	150M	255	0	25	0.16385842859745026	ambig_opp_strand	unspliced	12994	44	RIGEL_NRNA_chr2_1_178540115_178582663		RIGEL_NRNA_chr2_1_178540115_178582663	nrna
A00839:75:H7MFFDSXY:3:1135:24388:14700	chr2	178565840	178565989	True	-298	150M	255	0	25	0.16089977324008942	ambig_opp_strand	unspliced	12994	44	RIGEL_NRNA_chr2_1_178540115_178582663		RIGEL_NRNA_chr2_1_178540115_178582663	nrna
A00839:75:H7MFFDSXY:3:2475:26106:21371	chr2	178560505	178560654	True	-330	150M	255	0	25	0.15307945013046265	ambig_opp_strand	unspliced	12994	44	RIGEL_NRNA_chr2_1_178541746_178597681		RIGEL_NRNA_chr2_1_178541746_178597681	nrna
A00839:75:H7MFFDSXY:3:2514:21423:6684	chr2	178561351	178561500	False	408	150M	255	0	5	0.873664379119873	ambig_opp_strand	unspliced	-1	44	.	.	.	mrna
A00839:75:H7MFFDSXY:3:1433:25870:12289	chr2	178569651	178569800	True	-331	150M	255	1	25	0.14691972732543945	ambig_opp_strand	unspliced	12994	44	RIGEL_NRNA_chr2_1_178540115_178582663		RIGEL_NRNA_chr2_1_178540115_178582663	nrna
A00839:75:H7MFFDSXY:3:1635:1913:32299	chr2	178567465	178567614	True	-253	150M	255	0	25	0.20957066118717194	ambig_opp_strand	unspliced	12994	44	RIGEL_NRNA_chr2_1_178523417_178776534		RIGEL_NRNA_chr2_1_178523417_178776534	nrna
A00839:75:H7MFFDSXY:3:2665:22525:9846	chr2	178565380	178565529	True	-299	150M	255	0	25	0.17172245681285858	ambig_opp_strand	unspliced	12994	44	RIGEL_NRNA_chr2_1_178539804_178576557		RIGEL_NRNA_chr2_1_178539804_178576557	nrna
A00839:75:H7MFFDSXY:3:1408:20609:7748	chr2	178564789	178564938	True	-300	150M	255	0	25	0.16026295721530914	ambig_opp_strand	unspliced	12994	44	RIGEL_NRNA_chr2_1_178540115_178582663		RIGEL_NRNA_chr2_1_178540115_178582663	nrna
A00839:75:H7MFFDSXY:3:2319:28465:31031	chr2	178560942	178561091	False	257	150M	255	0	25	0.7362647652626038	ambig_opp_strand	unspliced	12994	44	RIGEL_NRNA_chr2_2_178525988_178804642		RIGEL_NRNA_chr2_2_178525988_178804642	nrna
A00839:75:H7MFFDSXY:3:2350:24686:10739	chr2	178569934	178570083	False	292	150M	255	0	25	0.6996135711669922	ambig_opp_strand	unspliced	12994	44	RIGEL_NRNA_chr2_2_178525988_178804642		RIGEL_NRNA_chr2_2_178525988_178804642	nrna
A00839:75:H7MFFDSXY:3:2234:14922:6042	chr2	178565090	178565239	False	334	150M	255	0	25	0.5628740191459656	ambig_opp_strand	unspliced	12994	44	RIGEL_NRNA_chr2_2_178525988_178804642		RIGEL_NRNA_chr2_2_178525988_178804642	nrna
A00839:75:H7MFFDSXY:3:1443:7247:21496	chr2	178560079	178560228	False	261	150M	255	0	25	0.7336958050727844	ambig_opp_strand	unspliced	12994	44	RIGEL_NRNA_chr2_2_178525988_178804642		RIGEL_NRNA_chr2_2_178525988_178804642	nrna
A00839:75:H7MFFDSXY:3:2623:25400:31485	chr2	178565600	178565749	True	-382	150M	255	0	25	0.06786826252937317	ambig_opp_strand	unspliced	12994	44	RIGEL_NRNA_chr2_1_178523417_178776534		RIGEL_NRNA_chr2_1_178523417_178776534	nrna
A00839:75:H7MFFDSXY:3:1203:24153:36902	chr2	178562446	178562595	False	393	150M	255	0	5	0.8661457300186157	ambig_opp_strand	unspliced	-1	44	.	.	.	mrna
A00839:75:H7MFFDSXY:3:1334:25988:14810	chr2	178567693	178567842	True	-279	150M	255	0	25	0.1754576712846756	ambig_opp_strand	unspliced	12994	44	RIGEL_NRNA_chr2_1_178539804_178576557		RIGEL_NRNA_chr2_1_178539804_178576557	nrna
A00839:75:H7MFFDSXY:3:1567:4851:28213	chr2	178561998	178562147	False	444	150M	255	0	5	0.8704497218132019	ambig_opp_strand	unspliced	-1	44	.	.	.	mrna
A00839:75:H7MFFDSXY:3:2234:11550:3928	chr2	178560187	178560336	True	-302	150M	255	0	25	0.16546793282032013	ambig_opp_strand	unspliced	12994	44	RIGEL_NRNA_chr2_1_178541746_178597681		RIGEL_NRNA_chr2_1_178541746_178597681	nrna
A00839:75:H7MFFDSXY:3:2243:15429:14372	chr2	178569265	178569414	False	404	150M	255	0	5	0.8693085312843323	ambig_opp_strand	unspliced	-1	44	.	.	.	mrna
A00839:75:H7MFFDSXY:3:2164:26847:3646	chr2	178563050	178563199	True	-380	150M	255	0	5	0.6446282863616943	ambig_opp_strand	unspliced	-1	44	.	.	.	mrna
A00839:75:H7MFFDSXY:3:1169:21748:22153	chr2	178561894	178562043	True	-309	150M	255	0	25	0.16305093467235565	ambig_opp_strand	unspliced	12994	44	RIGEL_NRNA_chr2_1_178541746_178597681		RIGEL_NRNA_chr2_1_178541746_178597681	nrna
A00839:75:H7MFFDSXY:3:1432:31937:32784	chr2	178568276	178568425	True	-239	150M	255	0	25	0.1672513782978058	ambig_opp_strand	unspliced	12994	44	RIGEL_NRNA_chr2_1_178540115_178582663		RIGEL_NRNA_chr2_1_178540115_178582663	nrna
A00839:75:H7MFFDSXY:3:1340:27407:14982	chr2	178564576	178564725	False	302	150M	255	0	25	0.6784176230430603	ambig_opp_strand	unspliced	12994	44	RIGEL_NRNA_chr2_2_178525988_178804642		RIGEL_NRNA_chr2_2_178525988_178804642	nrna
A00839:75:H7MFFDSXY:3:1658:27905:35164	chr2	178569821	178569970	False	476	150M	255	0	5	0.8807364106178284	ambig_opp_strand	unspliced	-1	44	.	.	.	mrna
A00839:75:H7MFFDSXY:3:1675:30834:19038	chr2	178569912	178570061	True	-174	150M	255	0	25	0.16204361617565155	ambig_opp_strand	unspliced	12994	44	RIGEL_NRNA_chr2_1_178528764_178620148		RIGEL_NRNA_chr2_1_178528764_178620148	nrna
A00839:75:H7MFFDSXY:3:1440:30309:20885	chr2	178567781	178567930	False	267	150M	255	0	25	0.7280691862106323	ambig_opp_strand	unspliced	12994	44	RIGEL_NRNA_chr2_2_178525988_178804642		RIGEL_NRNA_chr2_2_178525988_178804642	nrna
A00839:75:H7MFFDSXY:3:1329:28257:28166	chr2	178567873	178567964	False	92	92M	255	0	25	0.6379736065864563	ambig_opp_strand	unspliced	12994	44	RIGEL_NRNA_chr2_2_178525988_178804642		RIGEL_NRNA_chr2_2_178525988_178804642	nrna
A00839:75:H7MFFDSXY:3:1143:5565:35931	chr2	178569489	178569638	True	-328	150M	255	0	25	0.15914973616600037	ambig_opp_strand	unspliced	12994	44	RIGEL_NRNA_chr2_1_178539804_178576557		RIGEL_NRNA_chr2_1_178539804_178576557	nrna
A00839:75:H7MFFDSXY:3:2418:6126:12477	chr2	178568372	178568521	False	435	150M	255	0	5	0.8503594994544983	ambig_opp_strand	unspliced	-1	44	.	.	.	mrna
A00839:75:H7MFFDSXY:3:2456:14362:20666	chr2	178560846	178560995	True	-447	150M	255	0	5	0.7551372647285461	ambig_opp_strand	unspliced	-1	44	.	.	.	mrna
A00839:75:H7MFFDSXY:3:2231:18620:16141	chr2	178562874	178563023	False	346	150M	255	0	25	0.47492027282714844	ambig_opp_strand	unspliced	12994	44	RIGEL_NRNA_chr2_2_178525988_178804642		RIGEL_NRNA_chr2_2_178525988_178804642	nrna
A00839:75:H7MFFDSXY:3:2420:11632:27492	chr2	178564943	178565092	False	245	150M	255	0	25	0.7427022457122803	ambig_opp_strand	unspliced	12994	44	RIGEL_NRNA_chr2_2_178525988_178804642		RIGEL_NRNA_chr2_2_178525988_178804642	nrna
A00839:75:H7MFFDSXY:3:2137:15745:7435	chr2	178560782	178560931	True	-189	150M	255	0	25	0.17837344110012054	ambig_opp_strand	unspliced	12994	44	RIGEL_NRNA_chr2_1_178539804_178576557		RIGEL_NRNA_chr2_1_178539804_178576557	nrna
A00839:75:H7MFFDSXY:3:2452:12879:31782	chr2	178569944	178570093	False	300	150M	255	0	25	0.6827700138092041	ambig_opp_strand	unspliced	12994	44	RIGEL_NRNA_chr2_2_178525988_178804642		RIGEL_NRNA_chr2_2_178525988_178804642	nrna
A00839:75:H7MFFDSXY:3:2227:17472:32565	chr2	178560923	178561072	False	266	150M	255	0	3	0.08945605158805847	ambig_opp_strand	unspliced	12994	44	ENST00000460472.6	TTN	ENSG00000155657.29	mrna
A00839:75:H7MFFDSXY:3:1120:28908:5525	chr2	178568754	178568903	False	468	150M	255	0	3	0.01204422116279602	ambig_opp_strand	unspliced	12994	44	ENST00000460472.6	TTN	ENSG00000155657.29	mrna
A00839:75:H7MFFDSXY:3:1577:29993:29011	chr2	178569192	178569341	False	283	150M	255	0	25	0.7115973830223083	ambig_opp_strand	unspliced	12994	44	RIGEL_NRNA_chr2_2_178525988_178804642		RIGEL_NRNA_chr2_2_178525988_178804642	nrna
A00839:75:H7MFFDSXY:3:2335:7509:25269	chr2	178565914	178566063	True	-280	150M	255	0	25	0.20634666085243225	ambig_opp_strand	unspliced	12994	44	RIGEL_NRNA_chr2_1_178523417_178776534		RIGEL_NRNA_chr2_1_178523417_178776534	nrna
A00839:75:H7MFFDSXY:3:1353:12698:31062	chr2	178566984	178567133	False	280	150M	255	0	25	0.7157753705978394	ambig_opp_strand	unspliced	12994	44	RIGEL_NRNA_chr2_2_178525988_178804642		RIGEL_NRNA_chr2_2_178525988_178804642	nrna
A00839:75:H7MFFDSXY:3:1439:17101:30326	chr2	178567945	178568094	True	-356	150M	255	0	5	0.3276861608028412	ambig_opp_strand	unspliced	-1	44	.	.	.	mrna
A00839:75:H7MFFDSXY:3:1165:19813:7247	chr2	178565736	178565851	False	116	116M	255	0	25	0.5261082053184509	ambig_opp_strand	unspliced	12994	44	RIGEL_NRNA_chr2_2_178525988_178804642		RIGEL_NRNA_chr2_2_178525988_178804642	nrna
A00839:75:H7MFFDSXY:3:1253:8648:18568	chr2	178568252	178568401	True	-171	150M	255	1	25	0.20838390290737152	ambig_opp_strand	unspliced	12994	44	RIGEL_NRNA_chr2_1_178523417_178776534		RIGEL_NRNA_chr2_1_178523417_178776534	nrna
A00839:75:H7MFFDSXY:3:1429:15040:3396	chr2	178564866	178565015	False	306	150M	255	0	25	0.6686471700668335	ambig_opp_strand	unspliced	12994	44	RIGEL_NRNA_chr2_2_178525988_178804642		RIGEL_NRNA_chr2_2_178525988_178804642	nrna
A00839:75:H7MFFDSXY:3:2165:25518:7733	chr2	178567786	178567935	True	-422	150M	255	0	5	0.7683125138282776	ambig_opp_strand	unspliced	-1	44	.	.	.	mrna
A00839:75:H7MFFDSXY:3:1302:19334:15749	chr2	178563194	178563343	False	392	150M	255	0	5	0.8626461029052734	ambig_opp_strand	unspliced	-1	44	.	.	.	mrna
A00839:75:H7MFFDSXY:3:1561:32416:10786	chr2	178563300	178563449	True	-239	150M	255	0	25	0.17874857783317566	ambig_opp_strand	unspliced	12994	44	RIGEL_NRNA_chr2_1_178539804_178576557		RIGEL_NRNA_chr2_1_178539804_178576557	nrna
A00839:75:H7MFFDSXY:3:2476:13340:16611	chr2	178567062	178567211	True	-415	150M	255	0	5	0.7530747056007385	ambig_opp_strand	unspliced	-1	44	.	.	.	mrna
A00839:75:H7MFFDSXY:3:2456:6054:21903	chr2	178567160	178567309	True	-240	150M	255	0	25	0.16723421216011047	ambig_opp_strand	unspliced	12994	44	RIGEL_NRNA_chr2_1_178540115_178582663		RIGEL_NRNA_chr2_1_178540115_178582663	nrna
A00839:75:H7MFFDSXY:3:1105:28212:21950	chr2	178560464	178560613	False	351	150M	255	0	25	0.4304187595844269	ambig_opp_strand	unspliced	12994	44	RIGEL_NRNA_chr2_2_178525988_178804642		RIGEL_NRNA_chr2_2_178525988_178804642	nrna
A00839:75:H7MFFDSXY:3:2337:1371:35211	chr2	178566502	178566651	False	333	150M	255	0	25	0.5657256841659546	ambig_opp_strand	unspliced	12994	44	RIGEL_NRNA_chr2_2_178525988_178804642		RIGEL_NRNA_chr2_2_178525988_178804642	nrna
A00839:75:H7MFFDSXY:3:1217:24867:27774	chr2	178563749	178563898	False	342	150M	255	1	5	0.351750910282135	ambig_opp_strand	unspliced	-1	44	.	.	.	mrna
A00839:75:H7MFFDSXY:3:1603:29686:33489	chr2	178565854	178566003	False	441	150M	255	0	5	0.8712857961654663	ambig_opp_strand	unspliced	-1	44	.	.	.	mrna
A00839:75:H7MFFDSXY:3:2164:25129:34178	chr2	178568763	178568912	True	-321	150M	255	0	5	0.11089456081390381	ambig_opp_strand	unspliced	-1	44	.	.	.	mrna
A00839:75:H7MFFDSXY:3:1367:3613:36808	chr2	178567121	178567270	True	-195	150M	255	0	25	0.16705483198165894	ambig_opp_strand	unspliced	12994	44	RIGEL_NRNA_chr2_1_178540115_178582663		RIGEL_NRNA_chr2_1_178540115_178582663	nrna
A00839:75:H7MFFDSXY:3:2324:6976:3364	chr2	178569371	178569520	True	-287	150M	255	0	25	0.16306869685649872	ambig_opp_strand	unspliced	12994	44	RIGEL_NRNA_chr2_1_178540115_178582663		RIGEL_NRNA_chr2_1_178540115_178582663	nrna
A00839:75:H7MFFDSXY:3:1543:18692:16172	chr2	178560460	178560609	True	-274	150M	255	0	25	0.16471683979034424	ambig_opp_strand	unspliced	12994	44	RIGEL_NRNA_chr2_1_178540115_178582663		RIGEL_NRNA_chr2_1_178540115_178582663	nrna
A00839:75:H7MFFDSXY:3:1338:10827:7153	chr2	178565872	178566021	True	-458	150M	255	0	5	0.7520681619644165	ambig_opp_strand	unspliced	-1	44	.	.	.	mrna
A00839:75:H7MFFDSXY:3:1125:10122:19272	chr2	178569457	178569606	False	312	150M	255	1	25	0.6499610543251038	ambig_opp_strand	unspliced	12994	44	RIGEL_NRNA_chr2_2_178525988_178804642		RIGEL_NRNA_chr2_2_178525988_178804642	nrna
A00839:75:H7MFFDSXY:3:1419:25889:20682	chr2	178569170	178569319	True	-160	150M	255	0	25	0.17577184736728668	ambig_opp_strand	unspliced	12994	44	RIGEL_NRNA_chr2_1_178539804_178576557		RIGEL_NRNA_chr2_1_178539804_178576557	nrna
A00839:75:H7MFFDSXY:3:1668:1497:34397	chr2	178569416	178569565	True	-303	150M	255	0	25	0.1652744561433792	ambig_opp_strand	unspliced	12994	44	RIGEL_NRNA_chr2_1_178541746_178597681		RIGEL_NRNA_chr2_1_178541746_178597681	nrna
A00839:75:H7MFFDSXY:3:2124:24795:10802	chr2	178563184	178563333	False	168	150M	255	0	3	0.08924335241317749	ambig_opp_strand	unspliced	12994	44	ENST00000460472.6	TTN	ENSG00000155657.29	mrna
A00839:75:H7MFFDSXY:3:1117:28131:4398	chr2	178565171	178565320	False	253	150M	255	0	25	0.7388496398925781	ambig_opp_strand	unspliced	12994	44	RIGEL_NRNA_chr2_2_178525988_178804642		RIGEL_NRNA_chr2_2_178525988_178804642	nrna
A00839:75:H7MFFDSXY:3:2659:15646:33505	chr2	178564297	178564446	True	-451	150M	255	0	5	0.7609555721282959	ambig_opp_strand	unspliced	-1	44	.	.	.	mrna
A00839:75:H7MFFDSXY:3:2554:10881:21934	chr2	178565298	178565447	True	-219	150M	255	0	25	0.17901140451431274	ambig_opp_strand	unspliced	12994	44	RIGEL_NRNA_chr2_1_178539804_178576557		RIGEL_NRNA_chr2_1_178539804_178576557	nrna
A00839:75:H7MFFDSXY:3:2412:19325:19711	chr2	178566478	178566627	True	-253	150M	255	0	25	0.1726117730140686	ambig_opp_strand	unspliced	12994	44	RIGEL_NRNA_chr2_1_178541746_178597681		RIGEL_NRNA_chr2_1_178541746_178597681	nrna
A00839:75:H7MFFDSXY:3:1128:15736:27774	chr2	178561148	178561297	True	-218	150M	255	0	25	0.17897135019302368	ambig_opp_strand	unspliced	12994	44	RIGEL_NRNA_chr2_1_178539804_178576557		RIGEL_NRNA_chr2_1_178539804_178576557	nrna
A00839:75:H7MFFDSXY:3:2366:27932:18427	chr2	178567402	178567551	True	-184	150M	255	1	25	0.03824153169989586	ambig_opp_strand	unspliced	12994	44	RIGEL_NRNA_chr2_1_178528739_178633078		RIGEL_NRNA_chr2_1_178528739_178633078	nrna
A00839:75:H7MFFDSXY:3:2270:24234:31532	chr2	178560299	178560448	True	-403	150M	255	0	25	0.052758071571588516	ambig_opp_strand	unspliced	12994	44	RIGEL_NRNA_chr2_1_178523417_178776534		RIGEL_NRNA_chr2_1_178523417_178776534	nrna
A00839:75:H7MFFDSXY:3:1204:9634:11537	chr2	178562458	178562607	False	403	150M	255	0	3	0.012700147926807404	ambig_opp_strand	unspliced	12994	44	ENST00000460472.6	TTN	ENSG00000155657.29	mrna
A00839:75:H7MFFDSXY:3:2360:11297:12007	chr2	178565903	178566052	False	284	150M	255	0	25	0.7105951905250549	ambig_opp_strand	unspliced	12994	44	RIGEL_NRNA_chr2_2_178525988_178804642		RIGEL_NRNA_chr2_2_178525988_178804642	nrna
A00839:75:H7MFFDSXY:3:2416:12653:20964	chr2	178567697	178567846	False	309	150M	255	0	3	0.02060299552977085	ambig_opp_strand	unspliced	12994	44	ENST00000412264.2	TTN	ENSG00000155657.29	mrna
A00839:75:H7MFFDSXY:3:2270:5846:35039	chr2	178566346	178566495	True	-388	150M	255	1	5	0.7344605922698975	ambig_opp_strand	unspliced	-1	44	.	.	.	mrna
A00839:75:H7MFFDSXY:3:2607:3983:24236	chr2	178563736	178563885	True	-336	150M	255	0	25	0.143153578042984	ambig_opp_strand	unspliced	12994	44	RIGEL_NRNA_chr2_1_178540115_178582663		RIGEL_NRNA_chr2_1_178540115_178582663	nrna
A00839:75:H7MFFDSXY:3:2406:15483:9580	chr2	178561998	178562147	True	-267	150M	255	0	25	0.20807740092277527	ambig_opp_strand	unspliced	12994	44	RIGEL_NRNA_chr2_1_178523417_178776534		RIGEL_NRNA_chr2_1_178523417_178776534	nrna
A00839:75:H7MFFDSXY:3:2233:8549:24846	chr2	178568734	178568883	False	368	150M	255	0	25	0.2696508765220642	ambig_opp_strand	unspliced	12994	44	RIGEL_NRNA_chr2_2_178525988_178804642		RIGEL_NRNA_chr2_2_178525988_178804642	nrna
A00839:75:H7MFFDSXY:3:2440:5023:28354	chr2	178562811	178562960	False	255	150M	255	0	25	0.737269401550293	ambig_opp_strand	unspliced	12994	44	RIGEL_NRNA_chr2_2_178525988_178804642		RIGEL_NRNA_chr2_2_178525988_178804642	nrna
A00839:75:H7MFFDSXY:3:2134:3568:14465	chr2	178566022	178566171	True	-496	150M	255	0	5	0.7755382657051086	ambig_opp_strand	unspliced	-1	44	.	.	.	mrna
A00839:75:H7MFFDSXY:3:1606:18602:21308	chr2	178561450	178561599	True	-242	150M	255	0	25	0.1671762317419052	ambig_opp_strand	unspliced	12994	44	RIGEL_NRNA_chr2_1_178540115_178582663		RIGEL_NRNA_chr2_1_178540115_178582663	nrna
A00839:75:H7MFFDSXY:3:2620:3450:32518	chr2	178569364	178569513	True	-158	150M	255	0	25	0.037622738629579544	ambig_opp_strand	unspliced	12994	44	RIGEL_NRNA_chr2_1_178528739_178633078		RIGEL_NRNA_chr2_1_178528739_178633078	nrna
A00839:75:H7MFFDSXY:3:1570:13141:6684	chr2	178565064	178565213	True	-374	150M	255	0	5	0.5684080719947815	ambig_opp_strand	unspliced	-1	44	.	.	.	mrna
A00839:75:H7MFFDSXY:3:2451:14696:34021	chr2	178563907	178564056	True	-273	150M	255	0	25	0.16491390764713287	ambig_opp_strand	unspliced	12994	44	RIGEL_NRNA_chr2_1_178540115_178582663		RIGEL_NRNA_chr2_1_178540115_178582663	nrna
A00839:75:H7MFFDSXY:3:1274:24053:7169	chr2	178560121	178560233	True	-113	113M	255	0	25	0.1473226249217987	ambig_opp_strand	unspliced	12994	44	RIGEL_NRNA_chr2_1_178539804_178576557		RIGEL_NRNA_chr2_1_178539804_178576557	nrna
A00839:75:H7MFFDSXY:3:2443:15718:3192	chr2	178567523	178567672	False	423	150M	255	0	5	0.8718879222869873	ambig_opp_strand	unspliced	-1	44	.	.	.	mrna
A00839:75:H7MFFDSXY:3:1450:29586:32158	chr2	178561134	178561283	True	-151	150M	255	0	25	0.16841009259223938	ambig_opp_strand	unspliced	12994	44	RIGEL_NRNA_chr2_1_178541746_178597681		RIGEL_NRNA_chr2_1_178541746_178597681	nrna
A00839:75:H7MFFDSXY:3:2266:23619:34820	chr2	178563983	178564132	False	378	150M	255	0	5	0.7782589793205261	ambig_opp_strand	unspliced	-1	44	.	.	.	mrna
A00839:75:H7MFFDSXY:3:1561:32922:5901	chr2	178562973	178563122	True	-266	150M	255	0	25	0.16160866618156433	ambig_opp_strand	unspliced	12994	44	RIGEL_NRNA_chr2_1_178528764_178620148		RIGEL_NRNA_chr2_1_178528764_178620148	nrna
A00839:75:H7MFFDSXY:3:1542:9091:27383	chr2	178568471	178568620	True	-425	150M	255	0	25	0.046817485243082047	ambig_opp_strand	unspliced	12994	44	RIGEL_NRNA_chr2_1_178540115_178582663		RIGEL_NRNA_chr2_1_178540115_178582663	nrna
A00839:75:H7MFFDSXY:3:1471:26648:28635	chr2	178561664	178561813	True	-261	150M	255	0	25	0.1660773903131485	ambig_opp_strand	unspliced	12994	44	RIGEL_NRNA_chr2_1_178540115_178582663		RIGEL_NRNA_chr2_1_178540115_178582663	nrna
A00839:75:H7MFFDSXY:3:1419:8703:22075	chr2	178563072	178563221	False	381	150M	255	0	25	0.1576489359140396	ambig_opp_strand	unspliced	12994	44	RIGEL_NRNA_chr2_2_178525988_178804642		RIGEL_NRNA_chr2_2_178525988_178804642	nrna
A00839:75:H7MFFDSXY:3:2639:27507:9111	chr2	178566223	178566372	True	-277	150M	255	1	25	0.16434846818447113	ambig_opp_strand	unspliced	12994	44	RIGEL_NRNA_chr2_1_178540115_178582663		RIGEL_NRNA_chr2_1_178540115_178582663	nrna
A00839:75:H7MFFDSXY:3:2342:27887:14372	chr2	178568756	178568905	True	-345	150M	255	0	25	0.16660204529762268	ambig_opp_strand	unspliced	12994	44	RIGEL_NRNA_chr2_1_178523417_178776534		RIGEL_NRNA_chr2_1_178523417_178776534	nrna
A00839:75:H7MFFDSXY:3:1152:16288:5431	chr2	178562255	178562404	False	278	150M	255	0	25	0.7173945903778076	ambig_opp_strand	unspliced	12994	44	RIGEL_NRNA_chr2_2_178525988_178804642		RIGEL_NRNA_chr2_2_178525988_178804642	nrna
A00839:75:H7MFFDSXY:3:2243:30798:6230	chr2	178569216	178569365	True	-245	150M	255	0	25	0.21009887754917145	ambig_opp_strand	unspliced	12994	44	RIGEL_NRNA_chr2_1_178523417_178776534		RIGEL_NRNA_chr2_1_178523417_178776534	nrna
A00839:75:H7MFFDSXY:3:2314:28411:12900	chr2	178566229	178566378	True	-335	150M	255	0	25	0.1484537422657013	ambig_opp_strand	unspliced	12994	44	RIGEL_NRNA_chr2_1_178541746_178597681		RIGEL_NRNA_chr2_1_178541746_178597681	nrna
A00839:75:H7MFFDSXY:3:2237:23701:34147	chr2	178561427	178561528	False	102	102M	255	0	25	0.5725934505462646	ambig_opp_strand	unspliced	12994	44	RIGEL_NRNA_chr2_2_178525988_178804642		RIGEL_NRNA_chr2_2_178525988_178804642	nrna
A00839:75:H7MFFDSXY:3:2651:8169:33802	chr2	178562418	178562567	True	-406	150M	255	1	5	0.7623884677886963	ambig_opp_strand	unspliced	-1	44	.	.	.	mrna
A00839:75:H7MFFDSXY:3:2163:30752:10974	chr2	178565999	178566148	True	-176	150M	255	0	25	0.20880921185016632	ambig_opp_strand	unspliced	12994	44	RIGEL_NRNA_chr2_1_178523417_178776534		RIGEL_NRNA_chr2_1_178523417_178776534	nrna
A00839:75:H7MFFDSXY:3:1235:27606:15765	chr2	178566745	178566894	False	200	150M	255	1	25	0.7443772554397583	ambig_opp_strand	unspliced	12994	44	RIGEL_NRNA_chr2_2_178525988_178804642		RIGEL_NRNA_chr2_2_178525988_178804642	nrna
A00839:75:H7MFFDSXY:3:1456:12717:23766	chr2	178561410	178561559	False	190	150M	255	0	25	0.7411126494407654	ambig_opp_strand	unspliced	12994	44	RIGEL_NRNA_chr2_2_178525988_178804642		RIGEL_NRNA_chr2_2_178525988_178804642	nrna
A00839:75:H7MFFDSXY:3:1524:14850:26991	chr2	178568942	178569091	True	-388	150M	255	1	5	0.7344605922698975	ambig_opp_strand	unspliced	-1	44	.	.	.	mrna
A00839:75:H7MFFDSXY:3:1571:2971:12931	chr2	178563287	178563436	True	-215	150M	255	0	25	0.2106393724679947	ambig_opp_strand	unspliced	12994	44	RIGEL_NRNA_chr2_1_178523417_178776534		RIGEL_NRNA_chr2_1_178523417_178776534	nrna
A00839:75:H7MFFDSXY:3:1572:3920:21496	chr2	178566941	178567090	True	-271	150M	255	1	5	0.03848377987742424	ambig_opp_strand	unspliced	-1	44	.	.	.	mrna
A00839:75:H7MFFDSXY:3:2263:10511:27273	chr2	178565447	178565596	False	284	150M	255	0	3	0.08712100982666016	ambig_opp_strand	unspliced	12994	44	ENST00000460472.6	TTN	ENSG00000155657.29	mrna
A00839:75:H7MFFDSXY:3:2102:2338:36667	chr2	178560794	178560943	True	-189	150M	255	0	25	0.2098945677280426	ambig_opp_strand	unspliced	12994	44	RIGEL_NRNA_chr2_1_178523417_178776534		RIGEL_NRNA_chr2_1_178523417_178776534	nrna
A00839:75:H7MFFDSXY:3:1245:30535:7936	chr2	178564444	178564593	True	-261	150M	255	0	25	0.1660773903131485	ambig_opp_strand	unspliced	12994	44	RIGEL_NRNA_chr2_1_178540115_178582663		RIGEL_NRNA_chr2_1_178540115_178582663	nrna
A00839:75:H7MFFDSXY:3:2528:20509:19914	chr2	178564599	178564748	False	300	150M	255	1	25	0.6827699542045593	ambig_opp_strand	unspliced	12994	44	RIGEL_NRNA_chr2_2_178525988_178804642		RIGEL_NRNA_chr2_2_178525988_178804642	nrna
A00839:75:H7MFFDSXY:3:2633:32009:8359	chr2	178567344	178567487	False	144	144M	255	1	25	0.6858207583427429	ambig_opp_strand	unspliced	12994	44	RIGEL_NRNA_chr2_2_178525988_178804642		RIGEL_NRNA_chr2_2_178525988_178804642	nrna
A00839:75:H7MFFDSXY:3:1676:7862:26694	chr2	178565497	178565646	False	545	150M	255	0	5	0.7773662805557251	ambig_opp_strand	unspliced	-1	44	.	.	.	mrna
A00839:75:H7MFFDSXY:3:1422:9751:8516	chr2	178562167	178562316	False	293	150M	255	0	25	0.697925329208374	ambig_opp_strand	unspliced	12994	44	RIGEL_NRNA_chr2_2_178525988_178804642		RIGEL_NRNA_chr2_2_178525988_178804642	nrna
A00839:75:H7MFFDSXY:3:2164:14235:17973	chr2	178566125	178566274	True	-217	150M	255	1	25	0.210645854473114	ambig_opp_strand	unspliced	12994	44	RIGEL_NRNA_chr2_1_178523417_178776534		RIGEL_NRNA_chr2_1_178523417_178776534	nrna
A00839:75:H7MFFDSXY:3:1317:12138:32628	chr2	178561218	178561367	False	314	150M	255	0	3	0.07903465628623962	ambig_opp_strand	unspliced	12994	44	ENST00000460472.6	TTN	ENSG00000155657.29	mrna
A00839:75:H7MFFDSXY:3:2375:22073:14763	chr2	178568938	178569087	False	291	150M	255	0	25	0.7012701630592346	ambig_opp_strand	unspliced	12994	44	RIGEL_NRNA_chr2_2_178525988_178804642		RIGEL_NRNA_chr2_2_178525988_178804642	nrna
A00839:75:H7MFFDSXY:3:1124:17870:13557	chr2	178569659	178569808	False	381	150M	255	0	5	0.799613356590271	ambig_opp_strand	unspliced	-1	44	.	.	.	mrna
A00839:75:H7MFFDSXY:3:2323:7699:30326	chr2	178564511	178564658	False	148	148M	255	0	3	0.08559650927782059	ambig_opp_strand	unspliced	12994	44	ENST00000460472.6	TTN	ENSG00000155657.29	mrna
A00839:75:H7MFFDSXY:3:2548:23972:20776	chr2	178564304	178564453	True	-297	150M	255	0	25	0.16116274893283844	ambig_opp_strand	unspliced	12994	44	RIGEL_NRNA_chr2_1_178540115_178582663		RIGEL_NRNA_chr2_1_178540115_178582663	nrna
A00839:75:H7MFFDSXY:3:1145:27968:20995	chr2	178567299	178567448	True	-432	150M	255	0	5	0.7459886074066162	ambig_opp_strand	unspliced	-1	44	.	.	.	mrna
A00839:75:H7MFFDSXY:3:1451:31801:4053	chr2	178561587	178561736	True	-270	150M	255	0	25	0.16118504106998444	ambig_opp_strand	unspliced	12994	44	RIGEL_NRNA_chr2_1_178528764_178620148		RIGEL_NRNA_chr2_1_178528764_178620148	nrna
A00839:75:H7MFFDSXY:3:2675:2627:29966	chr2	178563677	178563826	True	-247	150M	255	0	25	0.20998229086399078	ambig_opp_strand	unspliced	12994	44	RIGEL_NRNA_chr2_1_178523417_178776534		RIGEL_NRNA_chr2_1_178523417_178776534	nrna
A00839:75:H7MFFDSXY:3:1272:30689:1971	chr2	178562159	178562308	True	-324	150M	255	0	25	0.15131482481956482	ambig_opp_strand	unspliced	12994	44	RIGEL_NRNA_chr2_1_178540115_178582663		RIGEL_NRNA_chr2_1_178540115_178582663	nrna
A00839:75:H7MFFDSXY:3:1221:26485:23312	chr2	178567168	178567317	True	-430	150M	255	0	5	0.7634994983673096	ambig_opp_strand	unspliced	-1	44	.	.	.	mrna
A00839:75:H7MFFDSXY:3:2432:5801:23625	chr2	178569491	178569640	False	333	150M	255	0	3	0.056593794375658035	ambig_opp_strand	unspliced	12994	44	ENST00000342175.12	TTN	ENSG00000155657.29	mrna
A00839:75:H7MFFDSXY:3:2313:8495:16329	chr2	178568367	178568516	True	-368	150M	255	0	25	0.11369077861309052	ambig_opp_strand	unspliced	12994	44	RIGEL_NRNA_chr2_1_178523417_178776534		RIGEL_NRNA_chr2_1_178523417_178776534	nrna
A00839:75:H7MFFDSXY:3:1353:6894:9643	chr2	178561925	178562074	False	377	150M	255	0	5	0.7634234428405762	ambig_opp_strand	unspliced	-1	44	.	.	.	mrna
A00839:75:H7MFFDSXY:3:1229:7853:3098	chr2	178562376	178562525	False	343	150M	255	1	25	0.4976482391357422	ambig_opp_strand	unspliced	12994	44	RIGEL_NRNA_chr2_2_178525988_178804642		RIGEL_NRNA_chr2_2_178525988_178804642	nrna
A00839:75:H7MFFDSXY:3:1208:4526:20791	chr2	178569294	178569443	False	355	150M	255	0	5	0.5005456805229187	ambig_opp_strand	unspliced	-1	44	.	.	.	mrna
A00839:75:H7MFFDSXY:3:2463:28058:14262	chr2	178565978	178566127	False	218	150M	255	0	25	0.7463626861572266	ambig_opp_strand	unspliced	12994	44	RIGEL_NRNA_chr2_2_178525988_178804642		RIGEL_NRNA_chr2_2_178525988_178804642	nrna
A00839:75:H7MFFDSXY:3:1547:11740:1783	chr2	178568129	178568278	True	-252	150M	255	0	25	0.20973344147205353	ambig_opp_strand	unspliced	12994	44	RIGEL_NRNA_chr2_1_178523417_178776534		RIGEL_NRNA_chr2_1_178523417_178776534	nrna
A00839:75:H7MFFDSXY:3:2559:11722:2002	chr2	178566398	178566547	True	-380	150M	255	1	25	0.05953842028975487	ambig_opp_strand	unspliced	12994	44	RIGEL_NRNA_chr2_1_178528764_178620148		RIGEL_NRNA_chr2_1_178528764_178620148	nrna
A00839:75:H7MFFDSXY:3:1649:14687:33035	chr2	178560050	178560199	False	343	150M	255	0	3	0.015555929392576218	ambig_opp_strand	unspliced	12994	44	ENST00000412264.2	TTN	ENSG00000155657.29	mrna
A00839:75:H7MFFDSXY:3:2259:7175:11162	chr2	178569250	178569399	False	361	150M	255	1	5	0.5647109746932983	ambig_opp_strand	unspliced	-1	44	.	.	.	mrna
A00839:75:H7MFFDSXY:3:1475:29903:8124	chr2	178564758	178564907	True	-203	150M	255	0	25	0.1672794669866562	ambig_opp_strand	unspliced	12994	44	RIGEL_NRNA_chr2_1_178540115_178582663		RIGEL_NRNA_chr2_1_178540115_178582663	nrna
A00839:75:H7MFFDSXY:3:2247:31503:12837	chr2	178564116	178564265	True	-338	150M	255	0	25	0.15074488520622253	ambig_opp_strand	unspliced	12994	44	RIGEL_NRNA_chr2_1_178539804_178576557		RIGEL_NRNA_chr2_1_178539804_178576557	nrna
A00839:75:H7MFFDSXY:3:1573:17562:11365	chr2	178566302	178566451	False	305	150M	255	0	25	0.6719896197319031	ambig_opp_strand	unspliced	12994	44	RIGEL_NRNA_chr2_2_178525988_178804642		RIGEL_NRNA_chr2_2_178525988_178804642	nrna
A00839:75:H7MFFDSXY:3:1204:27489:3255	chr2	178567577	178567726	False	328	150M	255	0	25	0.5931429266929626	ambig_opp_strand	unspliced	12994	44	RIGEL_NRNA_chr2_2_178525988_178804642		RIGEL_NRNA_chr2_2_178525988_178804642	nrna
A00839:75:H7MFFDSXY:3:1535:26576:27164	chr2	178560281	178560430	True	-383	150M	255	0	5	0.6897479295730591	ambig_opp_strand	unspliced	-1	44	.	.	.	mrna
A00839:75:H7MFFDSXY:3:2415:10972:9721	chr2	178568601	178568750	True	-282	150M	255	0	25	0.2059321403503418	ambig_opp_strand	unspliced	12994	44	RIGEL_NRNA_chr2_1_178523417_178776534		RIGEL_NRNA_chr2_1_178523417_178776534	nrna
A00839:75:H7MFFDSXY:3:1366:11586:16736	chr2	178561987	178562136	False	305	150M	255	0	25	0.6719896793365479	ambig_opp_strand	unspliced	12994	44	RIGEL_NRNA_chr2_2_178525988_178804642		RIGEL_NRNA_chr2_2_178525988_178804642	nrna
A00839:75:H7MFFDSXY:3:1135:7916:22968	chr2	178560119	178560268	True	-337	150M	255	0	25	0.14658302068710327	ambig_opp_strand	unspliced	12994	44	RIGEL_NRNA_chr2_1_178541746_178597681		RIGEL_NRNA_chr2_1_178541746_178597681	nrna
A00839:75:H7MFFDSXY:3:1134:14525:10113	chr2	178562314	178562463	True	-311	150M	255	1	25	0.15299202501773834	ambig_opp_strand	unspliced	12994	44	RIGEL_NRNA_chr2_1_178528764_178620148		RIGEL_NRNA_chr2_1_178528764_178620148	nrna
A00839:75:H7MFFDSXY:3:1561:2853:10473	chr2	178569497	178569646	False	302	150M	255	0	25	0.6784176230430603	ambig_opp_strand	unspliced	12994	44	RIGEL_NRNA_chr2_2_178525988_178804642		RIGEL_NRNA_chr2_2_178525988_178804642	nrna
A00839:75:H7MFFDSXY:3:1503:12834:20337	chr2	178561267	178561416	False	323	150M	255	0	5	0.22089411318302155	ambig_opp_strand	unspliced	-1	44	.	.	.	mrna
A00839:75:H7MFFDSXY:3:2541:31385:13823	chr2	178568701	178568850	True	-379	150M	255	0	5	0.640011727809906	ambig_opp_strand	unspliced	-1	44	.	.	.	mrna
A00839:75:H7MFFDSXY:3:2257:21621:28291	chr2	178561901	178562050	False	232	150M	255	0	25	0.7456583976745605	ambig_opp_strand	unspliced	12994	44	RIGEL_NRNA_chr2_2_178525988_178804642		RIGEL_NRNA_chr2_2_178525988_178804642	nrna
A00839:75:H7MFFDSXY:3:1445:30490:32409	chr2	178567186	178567335	True	-271	150M	255	0	25	0.20762929320335388	ambig_opp_strand	unspliced	12994	44	RIGEL_NRNA_chr2_1_178523417_178776534		RIGEL_NRNA_chr2_1_178523417_178776534	nrna
A00839:75:H7MFFDSXY:3:2371:32289:20369	chr2	178563177	178563326	True	-375	150M	255	0	25	0.07248987257480621	ambig_opp_strand	unspliced	12994	44	RIGEL_NRNA_chr2_1_178540115_178582663		RIGEL_NRNA_chr2_1_178540115_178582663	nrna
A00839:75:H7MFFDSXY:3:1227:18566:8625	chr2	178565119	178565268	False	350	150M	255	0	5	0.4418873190879822	ambig_opp_strand	unspliced	-1	44	.	.	.	mrna
A00839:75:H7MFFDSXY:3:2418:23665:36746	chr2	178565090	178565239	False	273	150M	255	0	25	0.7232062816619873	ambig_opp_strand	unspliced	12994	44	RIGEL_NRNA_chr2_2_178525988_178804642		RIGEL_NRNA_chr2_2_178525988_178804642	nrna
A00839:75:H7MFFDSXY:3:1635:22055:34021	chr2	178561069	178561218	True	-312	150M	255	0	25	0.16188167035579681	ambig_opp_strand	unspliced	12994	44	RIGEL_NRNA_chr2_1_178541746_178597681		RIGEL_NRNA_chr2_1_178541746_178597681	nrna
A00839:75:H7MFFDSXY:3:2564:22336:10895	chr2	178563946	178564095	True	-215	150M	255	0	25	0.2106393724679947	ambig_opp_strand	unspliced	12994	44	RIGEL_NRNA_chr2_1_178523417_178776534		RIGEL_NRNA_chr2_1_178523417_178776534	nrna
A00839:75:H7MFFDSXY:3:1476:17824:22247	chr2	178569101	178569250	True	-364	150M	255	0	25	0.10339339077472687	ambig_opp_strand	unspliced	12994	44	RIGEL_NRNA_chr2_1_178541746_178597681		RIGEL_NRNA_chr2_1_178541746_178597681	nrna
A00839:75:H7MFFDSXY:3:2642:19587:12649	chr2	178566997	178567146	False	249	150M	255	4	25	0.7411295771598816	ambig_opp_strand	unspliced	12994	44	RIGEL_NRNA_chr2_2_178525988_178804642		RIGEL_NRNA_chr2_2_178525988_178804642	nrna
A00839:75:H7MFFDSXY:3:2246:26883:5024	chr2	178561326	178561475	False	221	150M	255	1	5	0.05147860571742058	ambig_opp_strand	unspliced	-1	44	.	.	.	mrna
A00839:75:H7MFFDSXY:3:1501:15248:23265	chr2	178565236	178565385	False	308	150M	255	0	25	0.6639626622200012	ambig_opp_strand	unspliced	12994	44	RIGEL_NRNA_chr2_2_178525988_178804642		RIGEL_NRNA_chr2_2_178525988_178804642	nrna
A00839:75:H7MFFDSXY:3:2411:6867:19398	chr2	178563305	178563454	True	-201	150M	255	0	25	0.167228102684021	ambig_opp_strand	unspliced	12994	44	RIGEL_NRNA_chr2_1_178540115_178582663		RIGEL_NRNA_chr2_1_178540115_178582663	nrna
A00839:75:H7MFFDSXY:3:1342:10194:20807	chr2	178562172	178562321	True	-350	150M	255	0	25	0.1338183581829071	ambig_opp_strand	unspliced	12994	44	RIGEL_NRNA_chr2_1_178539804_178576557		RIGEL_NRNA_chr2_1_178539804_178576557	nrna
A00839:75:H7MFFDSXY:3:1312:16504:27038	chr2	178566327	178566476	True	-206	150M	255	0	25	0.1673400104045868	ambig_opp_strand	unspliced	12994	44	RIGEL_NRNA_chr2_1_178540115_178582663		RIGEL_NRNA_chr2_1_178540115_178582663	nrna
A00839:75:H7MFFDSXY:3:1567:11487:4977	chr2	178566367	178566516	True	-377	150M	255	0	5	0.6021450757980347	ambig_opp_strand	unspliced	-1	44	.	.	.	mrna
A00839:75:H7MFFDSXY:3:2317:6885:4210	chr2	178565179	178565328	True	-227	150M	255	0	25	0.21055692434310913	ambig_opp_strand	unspliced	12994	44	RIGEL_NRNA_chr2_1_178523417_178776534		RIGEL_NRNA_chr2_1_178523417_178776534	nrna
A00839:75:H7MFFDSXY:3:1315:16306:21402	chr2	178569088	178569237	False	260	150M	255	0	25	0.7339144945144653	ambig_opp_strand	unspliced	12994	44	RIGEL_NRNA_chr2_2_178525988_178804642		RIGEL_NRNA_chr2_2_178525988_178804642	nrna
A00839:75:H7MFFDSXY:3:2435:24804:24972	chr2	178563150	178563299	False	370	150M	255	0	5	0.6891863942146301	ambig_opp_strand	unspliced	-1	44	.	.	.	mrna
A00839:75:H7MFFDSXY:3:2349:6931:36761	chr2	178568288	178568437	True	-329	150M	255	0	25	0.15839175879955292	ambig_opp_strand	unspliced	12994	44	RIGEL_NRNA_chr2_1_178539804_178576557		RIGEL_NRNA_chr2_1_178539804_178576557	nrna
A00839:75:H7MFFDSXY:3:1122:7446:35399	chr2	178566626	178566775	False	403	150M	255	0	5	0.8683302998542786	ambig_opp_strand	unspliced	-1	44	.	.	.	mrna
A00839:75:H7MFFDSXY:3:1642:1678:31328	chr2	178565036	178565185	False	410	150M	255	0	5	0.8637163043022156	ambig_opp_strand	unspliced	-1	44	.	.	.	mrna
A00839:75:H7MFFDSXY:3:1160:5665:36260	chr2	178565752	178565901	True	-264	150M	255	0	25	0.1657969355583191	ambig_opp_strand	unspliced	12994	44	RIGEL_NRNA_chr2_1_178540115_178582663		RIGEL_NRNA_chr2_1_178540115_178582663	nrna
A00839:75:H7MFFDSXY:3:2545:6343:24345	chr2	178568746	178568895	True	-186	150M	255	0	25	0.038239192217588425	ambig_opp_strand	unspliced	12994	44	RIGEL_NRNA_chr2_1_178528739_178633078		RIGEL_NRNA_chr2_1_178528739_178633078	nrna
A00839:75:H7MFFDSXY:3:2321:26530:17002	chr2	178567540	178567689	False	305	150M	255	0	25	0.6719896793365479	ambig_opp_strand	unspliced	12994	44	RIGEL_NRNA_chr2_2_178525988_178804642		RIGEL_NRNA_chr2_2_178525988_178804642	nrna
A00839:75:H7MFFDSXY:3:2453:17960:34006	chr2	178567298	178567447	True	-303	150M	255	0	25	0.1652744561433792	ambig_opp_strand	unspliced	12994	44	RIGEL_NRNA_chr2_1_178541746_178597681		RIGEL_NRNA_chr2_1_178541746_178597681	nrna
A00839:75:H7MFFDSXY:3:2522:30553:34460	chr2	178565617	178565766	False	323	150M	255	0	3	0.06131709739565849	ambig_opp_strand	unspliced	12994	44	ENST00000342175.12	TTN	ENSG00000155657.29	mrna
A00839:75:H7MFFDSXY:3:2371:19985:26177	chr2	178565381	178565530	False	337	150M	255	0	3	0.06629607081413269	ambig_opp_strand	unspliced	12994	44	ENST00000460472.6	TTN	ENSG00000155657.29	mrna
A00839:75:H7MFFDSXY:3:2134:20518:7717	chr2	178568379	178568528	True	-201	150M	255	0	25	0.167228102684021	ambig_opp_strand	unspliced	12994	44	RIGEL_NRNA_chr2_1_178540115_178582663		RIGEL_NRNA_chr2_1_178540115_178582663	nrna
A00839:75:H7MFFDSXY:3:1570:26431:14606	chr2	178569241	178569390	False	249	150M	255	0	25	0.7411295771598816	ambig_opp_strand	unspliced	12994	44	RIGEL_NRNA_chr2_2_178525988_178804642		RIGEL_NRNA_chr2_2_178525988_178804642	nrna
A00839:75:H7MFFDSXY:3:2147:18132:26475	chr2	178560511	178560660	True	-238	150M	255	0	25	0.17329120635986328	ambig_opp_strand	unspliced	12994	44	RIGEL_NRNA_chr2_1_178541746_178597681		RIGEL_NRNA_chr2_1_178541746_178597681	nrna
A00839:75:H7MFFDSXY:3:1551:4318:24721	chr2	178567791	178567940	False	249	150M	255	0	25	0.7411295771598816	ambig_opp_strand	unspliced	12994	44	RIGEL_NRNA_chr2_2_178525988_178804642		RIGEL_NRNA_chr2_2_178525988_178804642	nrna
A00839:75:H7MFFDSXY:3:1221:20320:25003	chr2	178567207	178567356	False	363	150M	255	0	5	0.5917815566062927	ambig_opp_strand	unspliced	-1	44	.	.	.	mrna
A00839:75:H7MFFDSXY:3:2315:24632:2503	chr2	178564815	178564964	False	319	150M	255	0	25	0.6273561716079712	ambig_opp_strand	unspliced	12994	44	RIGEL_NRNA_chr2_2_178525988_178804642		RIGEL_NRNA_chr2_2_178525988_178804642	nrna
A00839:75:H7MFFDSXY:3:2568:32832:1517	chr2	178566977	178567126	False	242	150M	255	1	25	0.7437459826469421	ambig_opp_strand	unspliced	12994	44	RIGEL_NRNA_chr2_2_178525988_178804642		RIGEL_NRNA_chr2_2_178525988_178804642	nrna
A00839:75:H7MFFDSXY:3:2133:18674:25222	chr2	178566249	178566398	True	-307	150M	255	0	25	0.16389773786067963	ambig_opp_strand	unspliced	12994	44	RIGEL_NRNA_chr2_1_178541746_178597681		RIGEL_NRNA_chr2_1_178541746_178597681	nrna
A00839:75:H7MFFDSXY:3:2509:24786:26036	chr2	178562161	178562310	True	-332	150M	255	0	25	0.18367813527584076	ambig_opp_strand	unspliced	12994	44	RIGEL_NRNA_chr2_1_178523417_178776534		RIGEL_NRNA_chr2_1_178523417_178776534	nrna
A00839:75:H7MFFDSXY:3:1628:29704:22185	chr2	178564586	178564735	True	-297	150M	255	0	25	0.03697383403778076	ambig_opp_strand	unspliced	12994	44	RIGEL_NRNA_chr2_1_178528739_178633078		RIGEL_NRNA_chr2_1_178528739_178633078	nrna
A00839:75:H7MFFDSXY:3:2468:15908:5494	chr2	178563937	178564085	False	360	149M1S	255	4	5	0.5538020730018616	ambig_opp_strand	unspliced	-1	44	.	.	.	mrna
A00839:75:H7MFFDSXY:3:2629:29866:27289	chr2	178561686	178561835	True	-161	150M	255	0	25	0.03775504603981972	ambig_opp_strand	unspliced	12994	44	RIGEL_NRNA_chr2_1_178528739_178633078		RIGEL_NRNA_chr2_1_178528739_178633078	nrna
A00839:75:H7MFFDSXY:3:2667:5575:9925	chr2	178569216	178569365	False	321	150M	255	0	25	0.6214569211006165	ambig_opp_strand	unspliced	12994	44	RIGEL_NRNA_chr2_2_178525988_178804642		RIGEL_NRNA_chr2_2_178525988_178804642	nrna
A00839:75:H7MFFDSXY:3:1305:28293:29982	chr2	178565600	178565749	False	318	150M	255	1	3	0.06327243149280548	ambig_opp_strand	unspliced	12994	44	ENST00000342175.12	TTN	ENSG00000155657.29	mrna
A00839:75:H7MFFDSXY:3:2444:21269:30248	chr2	178563612	178563761	True	-328	150M	255	0	25	0.1872737556695938	ambig_opp_strand	unspliced	12994	44	RIGEL_NRNA_chr2_1_178523417_178776534		RIGEL_NRNA_chr2_1_178523417_178776534	nrna
A00839:75:H7MFFDSXY:3:2270:29234:11757	chr2	178562348	178562497	True	-278	150M	255	0	25	0.20657634735107422	ambig_opp_strand	unspliced	12994	44	RIGEL_NRNA_chr2_1_178523417_178776534		RIGEL_NRNA_chr2_1_178523417_178776534	nrna
A00839:75:H7MFFDSXY:3:2211:2772:7138	chr2	178568622	178568771	False	179	150M	255	0	25	0.7358670234680176	ambig_opp_strand	unspliced	12994	44	RIGEL_NRNA_chr2_2_178525988_178804642		RIGEL_NRNA_chr2_2_178525988_178804642	nrna
A00839:75:H7MFFDSXY:3:1146:26259:24674	chr2	178560766	178560915	False	434	150M	255	0	5	0.8715420365333557	ambig_opp_strand	unspliced	-1	44	.	.	.	mrna
A00839:75:H7MFFDSXY:3:1106:16441:35008	chr2	178565301	178565450	False	291	150M	255	0	25	0.7012701034545898	ambig_opp_strand	unspliced	12994	44	RIGEL_NRNA_chr2_2_178525988_178804642		RIGEL_NRNA_chr2_2_178525988_178804642	nrna
A00839:75:H7MFFDSXY:3:1653:7120:24126	chr2	178563514	178563663	False	301	150M	255	0	25	0.6809026598930359	ambig_opp_strand	unspliced	12994	44	RIGEL_NRNA_chr2_2_178525988_178804642		RIGEL_NRNA_chr2_2_178525988_178804642	nrna
A00839:75:H7MFFDSXY:3:1365:32886:10974	chr2	178561444	178561593	False	530	150M	255	0	25	0.13943840563297272	ambig_opp_strand	unspliced	12994	44	RIGEL_NRNA_chr2_2_178525988_178804642		RIGEL_NRNA_chr2_2_178525988_178804642	nrna
A00839:75:H7MFFDSXY:3:1344:9299:28526	chr2	178561936	178562085	False	346	150M	255	0	5	0.3963314890861511	ambig_opp_strand	unspliced	-1	44	.	.	.	mrna
A00839:75:H7MFFDSXY:3:2214:9326:14606	chr2	178568995	178569144	True	-382	150M	255	0	5	0.6857072114944458	ambig_opp_strand	unspliced	-1	44	.	.	.	mrna
A00839:75:H7MFFDSXY:3:1308:7681:14606	chr2	178566394	178566543	True	-160	150M	255	0	25	0.17577184736728668	ambig_opp_strand	unspliced	12994	44	RIGEL_NRNA_chr2_1_178539804_178576557		RIGEL_NRNA_chr2_1_178539804_178576557	nrna
A00839:75:H7MFFDSXY:3:1612:32090:4961	chr2	178568765	178568914	True	-298	150M	255	0	25	0.16089977324008942	ambig_opp_strand	unspliced	12994	44	RIGEL_NRNA_chr2_1_178540115_178582663		RIGEL_NRNA_chr2_1_178540115_178582663	nrna
A00839:75:H7MFFDSXY:3:2162:28863:25551	chr2	178567722	178567871	True	-349	150M	255	1	25	0.12303109467029572	ambig_opp_strand	unspliced	12994	44	RIGEL_NRNA_chr2_1_178528764_178620148		RIGEL_NRNA_chr2_1_178528764_178620148	nrna
A00839:75:H7MFFDSXY:3:2268:27642:21183	chr2	178568363	178568512	True	-440	150M	255	0	5	0.743932843208313	ambig_opp_strand	unspliced	-1	44	.	.	.	mrna
A00839:75:H7MFFDSXY:3:1678:16242:15436	chr2	178565427	178565576	False	242	150M	255	0	25	0.7437459826469421	ambig_opp_strand	unspliced	12994	44	RIGEL_NRNA_chr2_2_178525988_178804642		RIGEL_NRNA_chr2_2_178525988_178804642	nrna
A00839:75:H7MFFDSXY:3:1504:5855:3051	chr2	178560189	178560338	False	411	150M	255	0	5	0.8821980953216553	ambig_opp_strand	unspliced	-1	44	.	.	.	mrna
A00839:75:H7MFFDSXY:3:1422:26205:11898	chr2	178560424	178560573	False	507	150M	255	0	5	0.861210286617279	ambig_opp_strand	unspliced	-1	44	.	.	.	mrna
A00839:75:H7MFFDSXY:3:1331:15103:21856	chr2	178568945	178569094	False	241	150M	255	0	25	0.7438130974769592	ambig_opp_strand	unspliced	12994	44	RIGEL_NRNA_chr2_2_178525988_178804642		RIGEL_NRNA_chr2_2_178525988_178804642	nrna
A00839:75:H7MFFDSXY:3:2676:3152:15468	chr2	178565640	178565789	True	-306	150M	255	0	25	0.16425348818302155	ambig_opp_strand	unspliced	12994	44	RIGEL_NRNA_chr2_1_178541746_178597681		RIGEL_NRNA_chr2_1_178541746_178597681	nrna
A00839:75:H7MFFDSXY:3:2206:25464:10958	chr2	178562724	178562873	True	-294	150M	255	0	25	0.037116460502147675	ambig_opp_strand	unspliced	12994	44	RIGEL_NRNA_chr2_1_178528739_178633078		RIGEL_NRNA_chr2_1_178528739_178633078	nrna
A00839:75:H7MFFDSXY:3:1678:4146:9079	chr2	178569618	178569767	False	209	150M	255	0	25	0.7457795739173889	ambig_opp_strand	unspliced	12994	44	RIGEL_NRNA_chr2_2_178525988_178804642		RIGEL_NRNA_chr2_2_178525988_178804642	nrna
A00839:75:H7MFFDSXY:3:1647:10809:8437	chr2	178566323	178566472	False	175	150M	255	0	25	0.7335613369941711	ambig_opp_strand	unspliced	12994	44	RIGEL_NRNA_chr2_2_178525988_178804642		RIGEL_NRNA_chr2_2_178525988_178804642	nrna
A00839:75:H7MFFDSXY:3:1240:29884:11162	chr2	178564789	178564938	True	-416	150M	255	0	25	0.04538123309612274	ambig_opp_strand	unspliced	12994	44	RIGEL_NRNA_chr2_1_178539804_178576557		RIGEL_NRNA_chr2_1_178539804_178576557	nrna
A00839:75:H7MFFDSXY:3:2248:16007:14403	chr2	178561658	178561807	True	-401	150M	255	0	5	0.7486341595649719	ambig_opp_strand	unspliced	-1	44	.	.	.	mrna
A00839:75:H7MFFDSXY:3:1403:30210:31767	chr2	178565111	178565260	True	-322	150M	255	0	25	0.15211918950080872	ambig_opp_strand	unspliced	12994	44	RIGEL_NRNA_chr2_1_178540115_178582663		RIGEL_NRNA_chr2_1_178540115_178582663	nrna
A00839:75:H7MFFDSXY:3:1553:25527:34147	chr2	178563151	178563300	True	-338	150M	255	0	5	0.17854905128479004	ambig_opp_strand	unspliced	-1	44	.	.	.	mrna
A00839:75:H7MFFDSXY:3:1332:10167:9612	chr2	178566904	178567053	True	-382	150M	255	0	25	0.053966306149959564	ambig_opp_strand	unspliced	12994	44	RIGEL_NRNA_chr2_1_178540115_178582663		RIGEL_NRNA_chr2_1_178540115_178582663	nrna
A00839:75:H7MFFDSXY:3:1137:28302:16407	chr2	178564800	178564949	False	298	150M	255	0	3	0.021511420607566833	ambig_opp_strand	unspliced	12994	44	ENST00000412264.2	TTN	ENSG00000155657.29	mrna
A00839:75:H7MFFDSXY:3:1265:28176:10050	chr2	178566579	178566728	True	-301	150M	255	0	25	0.16004157066345215	ambig_opp_strand	unspliced	12994	44	RIGEL_NRNA_chr2_1_178540115_178582663		RIGEL_NRNA_chr2_1_178540115_178582663	nrna
A00839:75:H7MFFDSXY:3:1248:5430:9893	chr2	178565032	178565180	False	166	149M	255	0	25	0.7258249521255493	ambig_opp_strand	unspliced	12994	44	RIGEL_NRNA_chr2_2_178525988_178804642		RIGEL_NRNA_chr2_2_178525988_178804642	nrna
A00839:75:H7MFFDSXY:3:1508:6515:12023	chr2	178561396	178561545	False	301	150M	255	0	25	0.6809026598930359	ambig_opp_strand	unspliced	12994	44	RIGEL_NRNA_chr2_2_178525988_178804642		RIGEL_NRNA_chr2_2_178525988_178804642	nrna
A00839:75:H7MFFDSXY:3:2503:4906:31970	chr2	178563847	178563996	False	344	150M	255	0	5	0.3797154128551483	ambig_opp_strand	unspliced	-1	44	.	.	.	mrna
A00839:75:H7MFFDSXY:3:1447:16025:6010	chr2	178561316	178561465	True	-321	150M	255	0	5	0.11089456081390381	ambig_opp_strand	unspliced	-1	44	.	.	.	mrna
A00839:75:H7MFFDSXY:3:1160:11153:15107	chr2	178564092	178564241	False	248	150M	255	1	25	0.7415463924407959	ambig_opp_strand	unspliced	12994	44	RIGEL_NRNA_chr2_2_178525988_178804642		RIGEL_NRNA_chr2_2_178525988_178804642	nrna
A00839:75:H7MFFDSXY:3:1453:20148:36323	chr2	178564770	178564919	True	-283	150M	255	0	25	0.20575158298015594	ambig_opp_strand	unspliced	12994	44	RIGEL_NRNA_chr2_1_178523417_178776534		RIGEL_NRNA_chr2_1_178523417_178776534	nrna
A00839:75:H7MFFDSXY:3:2535:26901:22498	chr2	178560459	178560608	False	501	150M	255	0	5	0.8364332914352417	ambig_opp_strand	unspliced	-1	44	.	.	.	mrna
A00839:75:H7MFFDSXY:3:1244:32741:20149	chr2	178561320	178561469	True	-338	150M	255	0	5	0.17854911088943481	ambig_opp_strand	unspliced	-1	44	.	.	.	mrna
A00839:75:H7MFFDSXY:3:2208:8612:17534	chr2	178568250	178568399	True	-281	150M	255	0	25	0.2060690075159073	ambig_opp_strand	unspliced	12994	44	RIGEL_NRNA_chr2_1_178523417_178776534		RIGEL_NRNA_chr2_1_178523417_178776534	nrna
A00839:75:H7MFFDSXY:3:2329:14886:15906	chr2	178560882	178561031	True	-440	150M	255	0	5	0.743932843208313	ambig_opp_strand	unspliced	-1	44	.	.	.	mrna
A00839:75:H7MFFDSXY:3:2305:12165:29669	chr2	178565690	178565839	True	-238	150M	255	0	25	0.21039558947086334	ambig_opp_strand	unspliced	12994	44	RIGEL_NRNA_chr2_1_178523417_178776534		RIGEL_NRNA_chr2_1_178523417_178776534	nrna
A00839:75:H7MFFDSXY:3:1371:20645:36871	chr2	178569917	178570066	True	-219	150M	255	0	25	0.03842710703611374	ambig_opp_strand	unspliced	12994	44	RIGEL_NRNA_chr2_1_178528739_178633078		RIGEL_NRNA_chr2_1_178528739_178633078	nrna
A00839:75:H7MFFDSXY:3:2370:7563:31845	chr2	178561232	178561381	False	249	150M	255	0	3	0.0908646211028099	ambig_opp_strand	unspliced	12994	44	ENST00000460472.6	TTN	ENSG00000155657.29	mrna
A00839:75:H7MFFDSXY:3:1259:28402:19053	chr2	178563517	178563666	False	182	150M	255	0	3	0.07377763837575912	ambig_opp_strand	unspliced	12994	44	ENST00000342175.12	TTN	ENSG00000155657.29	mrna
A00839:75:H7MFFDSXY:3:1146:24957:18443	chr2	178568963	178569112	False	262	150M	255	0	25	0.7325161695480347	ambig_opp_strand	unspliced	12994	44	RIGEL_NRNA_chr2_2_178525988_178804642		RIGEL_NRNA_chr2_2_178525988_178804642	nrna
A00839:75:H7MFFDSXY:3:1677:9688:15796	chr2	178561076	178561225	True	-194	150M	255	0	25	0.020053286105394363	ambig_opp_strand	unspliced	12994	44	RIGEL_NRNA_chr2_1_178528739_178584816		RIGEL_NRNA_chr2_1_178528739_178584816	nrna
A00839:75:H7MFFDSXY:3:1462:29794:11506	chr2	178563411	178563560	False	182	150M	255	0	25	0.7374996542930603	ambig_opp_strand	unspliced	12994	44	RIGEL_NRNA_chr2_2_178525988_178804642		RIGEL_NRNA_chr2_2_178525988_178804642	nrna
A00839:75:H7MFFDSXY:3:1345:5990:25238	chr2	178568302	178568451	False	322	150M	255	0	25	0.6172564029693604	ambig_opp_strand	unspliced	12994	44	RIGEL_NRNA_chr2_2_178525988_178804642		RIGEL_NRNA_chr2_2_178525988_178804642	nrna
A00839:75:H7MFFDSXY:3:1253:4924:1532	chr2	178563280	178563429	False	387	150M	255	0	5	0.8462709188461304	ambig_opp_strand	unspliced	-1	44	.	.	.	mrna
A00839:75:H7MFFDSXY:3:2619:18774:12211	chr2	178561685	178561834	True	-556	150M	255	0	25	0.0933188870549202	ambig_opp_strand	unspliced	12994	44	RIGEL_NRNA_chr2_1_178523417_178776534		RIGEL_NRNA_chr2_1_178523417_178776534	nrna
A00839:75:H7MFFDSXY:3:1316:24225:2863	chr2	178567099	178567248	True	-276	150M	255	0	25	0.16450098156929016	ambig_opp_strand	unspliced	12994	44	RIGEL_NRNA_chr2_1_178540115_178582663		RIGEL_NRNA_chr2_1_178540115_178582663	nrna
A00839:75:H7MFFDSXY:3:2522:21829:18098	chr2	178563690	178563839	False	278	150M	255	0	25	0.7173945903778076	ambig_opp_strand	unspliced	12994	44	RIGEL_NRNA_chr2_2_178525988_178804642		RIGEL_NRNA_chr2_2_178525988_178804642	nrna
A00839:75:H7MFFDSXY:3:1550:12382:4836	chr2	178563009	178563158	True	-338	150M	255	0	25	0.015986554324626923	ambig_opp_strand	unspliced	12994	44	RIGEL_NRNA_chr2_1_178528764_178738038		RIGEL_NRNA_chr2_1_178528764_178738038	nrna
A00839:75:H7MFFDSXY:3:2612:18304:16939	chr2	178561444	178561593	False	460	150M	255	0	5	0.8677747249603271	ambig_opp_strand	unspliced	-1	44	.	.	.	mrna
A00839:75:H7MFFDSXY:3:1126:26883:35900	chr2	178568733	178568882	False	444	150M	255	0	5	0.8704497814178467	ambig_opp_strand	unspliced	-1	44	.	.	.	mrna
A00839:75:H7MFFDSXY:3:1113:2483:34068	chr2	178569434	178569583	False	261	150M	255	3	25	0.7336958050727844	ambig_opp_strand	unspliced	12994	44	RIGEL_NRNA_chr2_2_178525988_178804642		RIGEL_NRNA_chr2_2_178525988_178804642	nrna
A00839:75:H7MFFDSXY:3:1177:9688:27007	chr2	178568794	178568943	False	373	150M	255	0	25	0.21678568422794342	ambig_opp_strand	unspliced	12994	44	RIGEL_NRNA_chr2_2_178525988_178804642		RIGEL_NRNA_chr2_2_178525988_178804642	nrna
A00839:75:H7MFFDSXY:3:2116:25093:35587	chr2	178564001	178564150	False	381	150M	255	0	5	0.799613356590271	ambig_opp_strand	unspliced	-1	44	.	.	.	mrna
A00839:75:H7MFFDSXY:3:2666:5276:5243	chr2	178560928	178561076	True	-312	149M	255	2	25	0.19654306769371033	ambig_opp_strand	unspliced	12994	44	RIGEL_NRNA_chr2_1_178523417_178776534		RIGEL_NRNA_chr2_1_178523417_178776534	nrna
A00839:75:H7MFFDSXY:3:1635:3595:25160	chr2	178568321	178568470	True	-306	150M	255	0	25	0.1547238975763321	ambig_opp_strand	unspliced	12994	44	RIGEL_NRNA_chr2_1_178528764_178620148		RIGEL_NRNA_chr2_1_178528764_178620148	nrna
A00839:75:H7MFFDSXY:3:1105:9815:7936	chr2	178562893	178563042	False	215	150M	255	0	5	0.05091718211770058	ambig_opp_strand	unspliced	-1	44	.	.	.	mrna
A00839:75:H7MFFDSXY:3:2409:26567:12242	chr2	178566943	178567092	True	-364	150M	255	0	5	0.4186725318431854	ambig_opp_strand	unspliced	-1	44	.	.	.	mrna
A00839:75:H7MFFDSXY:3:2336:3911:8265	chr2	178566581	178566730	True	-519	150M	255	0	5	0.7366533875465393	ambig_opp_strand	unspliced	-1	44	.	.	.	mrna
A00839:75:H7MFFDSXY:3:2629:7744:26804	chr2	178564637	178564786	True	-181	150M	255	0	25	0.17233727872371674	ambig_opp_strand	unspliced	12994	44	RIGEL_NRNA_chr2_1_178541746_178597681		RIGEL_NRNA_chr2_1_178541746_178597681	nrna
A00839:75:H7MFFDSXY:3:1310:16803:15311	chr2	178563641	178563790	False	400	150M	255	0	5	0.861224889755249	ambig_opp_strand	unspliced	-1	44	.	.	.	mrna
A00839:75:H7MFFDSXY:3:1462:8947:3364	chr2	178561265	178561414	False	444	150M	255	0	5	0.8704497814178467	ambig_opp_strand	unspliced	-1	44	.	.	.	mrna
A00839:75:H7MFFDSXY:3:2463:2456:20901	chr2	178569073	178569222	False	291	150M	255	0	25	0.7012701034545898	ambig_opp_strand	unspliced	12994	44	RIGEL_NRNA_chr2_2_178525988_178804642		RIGEL_NRNA_chr2_2_178525988_178804642	nrna
A00839:75:H7MFFDSXY:3:2607:22996:20087	chr2	178565077	178565226	True	-327	150M	255	0	25	0.1458035260438919	ambig_opp_strand	unspliced	12994	44	RIGEL_NRNA_chr2_1_178528764_178620148		RIGEL_NRNA_chr2_1_178528764_178620148	nrna
A00839:75:H7MFFDSXY:3:2148:29640:16626	chr2	178569536	178569685	True	-304	150M	255	0	25	0.15533694624900818	ambig_opp_strand	unspliced	12994	44	RIGEL_NRNA_chr2_1_178528764_178620148		RIGEL_NRNA_chr2_1_178528764_178620148	nrna
A00839:75:H7MFFDSXY:3:1147:13196:21214	chr2	178560177	178560326	False	457	150M	255	0	5	0.8685368299484253	ambig_opp_strand	unspliced	-1	44	.	.	.	mrna
A00839:75:H7MFFDSXY:3:1510:21395:9956	chr2	178562702	178562851	True	-305	150M	255	1	25	0.19992953538894653	ambig_opp_strand	unspliced	12994	44	RIGEL_NRNA_chr2_1_178523417_178776534		RIGEL_NRNA_chr2_1_178523417_178776534	nrna
A00839:75:H7MFFDSXY:3:2162:30201:36448	chr2	178567865	178568014	False	468	150M	255	0	5	0.8751306533813477	ambig_opp_strand	unspliced	-1	44	.	.	.	mrna
A00839:75:H7MFFDSXY:3:1655:4444:29481	chr2	178560760	178560909	True	-252	150M	255	0	25	0.03826076164841652	ambig_opp_strand	unspliced	12994	44	RIGEL_NRNA_chr2_1_178528739_178633078		RIGEL_NRNA_chr2_1_178528739_178633078	nrna
A00839:75:H7MFFDSXY:3:1326:16731:20572	chr2	178564938	178565087	False	327	150M	255	0	25	0.5969794392585754	ambig_opp_strand	unspliced	12994	44	RIGEL_NRNA_chr2_2_178525988_178804642		RIGEL_NRNA_chr2_2_178525988_178804642	nrna
A00839:75:H7MFFDSXY:3:1449:7609:26882	chr2	178565861	178566010	False	431	150M	255	0	5	0.8583112955093384	ambig_opp_strand	unspliced	-1	44	.	.	.	mrna
A00839:75:H7MFFDSXY:3:2132:8495:32393	chr2	178569968	178570117	True	-306	150M	255	0	25	0.15857356786727905	ambig_opp_strand	unspliced	12994	44	RIGEL_NRNA_chr2_1_178540115_178582663		RIGEL_NRNA_chr2_1_178540115_178582663	nrna
A00839:75:H7MFFDSXY:3:2534:5810:31125	chr2	178566808	178566957	True	-300	150M	255	0	25	0.16600339114665985	ambig_opp_strand	unspliced	12994	44	RIGEL_NRNA_chr2_1_178541746_178597681		RIGEL_NRNA_chr2_1_178541746_178597681	nrna
A00839:75:H7MFFDSXY:3:2534:16721:28792	chr2	178569388	178569537	True	-408	150M	255	0	5	0.7643402814865112	ambig_opp_strand	unspliced	-1	44	.	.	.	mrna
A00839:75:H7MFFDSXY:3:1167:31033:20415	chr2	178566651	178566800	False	297	150M	255	0	3	0.08464650809764862	ambig_opp_strand	unspliced	12994	44	ENST00000460472.6	TTN	ENSG00000155657.29	mrna
A00839:75:H7MFFDSXY:3:1229:3821:1877	chr2	178564492	178564641	True	-338	150M	255	0	5	0.17854911088943481	ambig_opp_strand	unspliced	-1	44	.	.	.	mrna
A00839:75:H7MFFDSXY:3:1539:32931:26177	chr2	178566645	178566794	False	170	150M	255	0	25	0.7299941778182983	ambig_opp_strand	unspliced	12994	44	RIGEL_NRNA_chr2_2_178525988_178804642		RIGEL_NRNA_chr2_2_178525988_178804642	nrna
A00839:75:H7MFFDSXY:3:2338:12870:13322	chr2	178569052	178569201	True	-159	150M	255	0	25	0.16425369679927826	ambig_opp_strand	unspliced	12994	44	RIGEL_NRNA_chr2_1_178540115_178582663		RIGEL_NRNA_chr2_1_178540115_178582663	nrna
A00839:75:H7MFFDSXY:3:1522:4038:20322	chr2	178567830	178567979	True	-374	150M	255	0	5	0.5684083104133606	ambig_opp_strand	unspliced	-1	44	.	.	.	mrna
A00839:75:H7MFFDSXY:3:1677:28492:34898	chr2	178569223	178569372	False	344	150M	255	0	25	0.4879925549030304	ambig_opp_strand	unspliced	12994	44	RIGEL_NRNA_chr2_2_178525988_178804642		RIGEL_NRNA_chr2_2_178525988_178804642	nrna
A00839:75:H7MFFDSXY:3:1414:3640:3850	chr2	178569630	178569779	False	315	150M	255	0	25	0.6437646746635437	ambig_opp_strand	unspliced	12994	44	RIGEL_NRNA_chr2_2_178525988_178804642		RIGEL_NRNA_chr2_2_178525988_178804642	nrna
A00839:75:H7MFFDSXY:3:1368:22028:24236	chr2	178569348	178569497	False	450	150M	255	0	5	0.8650923371315002	ambig_opp_strand	unspliced	-1	44	.	.	.	mrna
A00839:75:H7MFFDSXY:3:2669:12472:32236	chr2	178569397	178569546	False	361	150M	255	0	5	0.5647107362747192	ambig_opp_strand	unspliced	-1	44	.	.	.	mrna
A00839:75:H7MFFDSXY:3:1261:13829:13823	chr2	178561546	178561695	False	408	150M	255	0	5	0.873664379119873	ambig_opp_strand	unspliced	-1	44	.	.	.	mrna
A00839:75:H7MFFDSXY:3:2370:27407:24251	chr2	178564208	178564357	False	454	150M	255	0	5	0.8681995868682861	ambig_opp_strand	unspliced	-1	44	.	.	.	mrna
A00839:75:H7MFFDSXY:3:2168:10981:37043	chr2	178565382	178565531	True	-298	150M	255	0	25	0.20234818756580353	ambig_opp_strand	unspliced	12994	44	RIGEL_NRNA_chr2_1_178523417_178776534		RIGEL_NRNA_chr2_1_178523417_178776534	nrna
A00839:75:H7MFFDSXY:3:2575:21450:4194	chr2	178566802	178566951	True	-255	150M	255	1	25	0.16242851316928864	ambig_opp_strand	unspliced	12994	44	RIGEL_NRNA_chr2_1_178528764_178620148		RIGEL_NRNA_chr2_1_178528764_178620148	nrna
A00839:75:H7MFFDSXY:3:2631:15176:19883	chr2	178562139	178562288	False	282	150M	255	0	25	0.7128623723983765	ambig_opp_strand	unspliced	12994	44	RIGEL_NRNA_chr2_2_178525988_178804642		RIGEL_NRNA_chr2_2_178525988_178804642	nrna
A00839:75:H7MFFDSXY:3:2159:28221:14199	chr2	178565701	178565850	False	220	150M	255	0	25	0.7463263869285583	ambig_opp_strand	unspliced	12994	44	RIGEL_NRNA_chr2_2_178525988_178804642		RIGEL_NRNA_chr2_2_178525988_178804642	nrna
A00839:75:H7MFFDSXY:3:2619:15872:10473	chr2	178568596	178568745	False	367	150M	255	0	5	0.6469950675964355	ambig_opp_strand	unspliced	-1	44	.	.	.	mrna
A00839:75:H7MFFDSXY:3:2672:32127:12226	chr2	178565452	178565601	True	-361	150M	255	0	25	0.10675256699323654	ambig_opp_strand	unspliced	12994	44	RIGEL_NRNA_chr2_1_178540115_178582663		RIGEL_NRNA_chr2_1_178540115_178582663	nrna
A00839:75:H7MFFDSXY:3:1213:30110:25927	chr2	178566438	178566587	True	-427	150M	255	0	25	0.04430229961872101	ambig_opp_strand	unspliced	12994	44	RIGEL_NRNA_chr2_1_178541746_178597681		RIGEL_NRNA_chr2_1_178541746_178597681	nrna
A00839:75:H7MFFDSXY:3:1432:15872:10066	chr2	178561692	178561841	True	-235	150M	255	0	25	0.17329734563827515	ambig_opp_strand	unspliced	12994	44	RIGEL_NRNA_chr2_1_178541746_178597681		RIGEL_NRNA_chr2_1_178541746_178597681	nrna
A00839:75:H7MFFDSXY:3:1562:18710:4022	chr2	178563356	178563505	True	-443	150M	255	0	5	0.7959343194961548	ambig_opp_strand	unspliced	-1	44	.	.	.	mrna
A00839:75:H7MFFDSXY:3:2102:30852:2816	chr2	178562133	178562282	False	306	150M	255	0	25	0.6686471700668335	ambig_opp_strand	unspliced	12994	44	RIGEL_NRNA_chr2_2_178525988_178804642		RIGEL_NRNA_chr2_2_178525988_178804642	nrna
A00839:75:H7MFFDSXY:3:2274:10176:8938	chr2	178568983	178569132	True	-288	150M	255	0	25	0.16882596909999847	ambig_opp_strand	unspliced	12994	44	RIGEL_NRNA_chr2_1_178541746_178597681		RIGEL_NRNA_chr2_1_178541746_178597681	nrna
A00839:75:H7MFFDSXY:3:1128:13187:4382	chr2	178566827	178566976	False	303	150M	255	0	25	0.6768516302108765	ambig_opp_strand	unspliced	12994	44	RIGEL_NRNA_chr2_2_178525988_178804642		RIGEL_NRNA_chr2_2_178525988_178804642	nrna
A00839:75:H7MFFDSXY:3:2271:21115:2049	chr2	178569887	178570036	False	252	150M	255	0	25	0.7400345802307129	ambig_opp_strand	unspliced	12994	44	RIGEL_NRNA_chr2_2_178525988_178804642		RIGEL_NRNA_chr2_2_178525988_178804642	nrna
A00839:75:H7MFFDSXY:3:2339:20175:15076	chr2	178561490	178561639	True	-274	150M	255	0	25	0.17603981494903564	ambig_opp_strand	unspliced	12994	44	RIGEL_NRNA_chr2_1_178539804_178576557		RIGEL_NRNA_chr2_1_178539804_178576557	nrna
A00839:75:H7MFFDSXY:3:2469:19117:33630	chr2	178566647	178566796	True	-210	150M	255	0	25	0.1674388349056244	ambig_opp_strand	unspliced	12994	44	RIGEL_NRNA_chr2_1_178540115_178582663		RIGEL_NRNA_chr2_1_178540115_178582663	nrna
A00839:75:H7MFFDSXY:3:2567:23357:28761	chr2	178563813	178563962	True	-268	150M	255	0	25	0.16539782285690308	ambig_opp_strand	unspliced	12994	44	RIGEL_NRNA_chr2_1_178540115_178582663		RIGEL_NRNA_chr2_1_178540115_178582663	nrna
A00839:75:H7MFFDSXY:3:1357:21784:9001	chr2	178569884	178570033	False	267	150M	255	0	25	0.7280691862106323	ambig_opp_strand	unspliced	12994	44	RIGEL_NRNA_chr2_2_178525988_178804642		RIGEL_NRNA_chr2_2_178525988_178804642	nrna
A00839:75:H7MFFDSXY:3:2645:23800:9518	chr2	178567135	178567284	True	-325	150M	255	0	25	0.018066952005028725	ambig_opp_strand	unspliced	12994	44	RIGEL_NRNA_chr2_1_178528739_178584816		RIGEL_NRNA_chr2_1_178528739_178584816	nrna
A00839:75:H7MFFDSXY:3:1439:31439:3458	chr2	178560399	178560548	True	-292	150M	255	0	25	0.20402495563030243	ambig_opp_strand	unspliced	12994	44	RIGEL_NRNA_chr2_1_178523417_178776534		RIGEL_NRNA_chr2_1_178523417_178776534	nrna
A00839:75:H7MFFDSXY:3:2654:17598:2597	chr2	178565807	178565956	True	-371	150M	255	0	25	0.10122965276241302	ambig_opp_strand	unspliced	12994	44	RIGEL_NRNA_chr2_1_178523417_178776534		RIGEL_NRNA_chr2_1_178523417_178776534	nrna
A00839:75:H7MFFDSXY:3:1301:14832:35196	chr2	178566127	178566276	True	-346	150M	255	0	25	0.13598455488681793	ambig_opp_strand	unspliced	12994	44	RIGEL_NRNA_chr2_1_178541746_178597681		RIGEL_NRNA_chr2_1_178541746_178597681	nrna
A00839:75:H7MFFDSXY:3:2537:19352:6856	chr2	178560051	178560200	False	279	150M	255	0	25	0.7165989875793457	ambig_opp_strand	unspliced	12994	44	RIGEL_NRNA_chr2_2_178525988_178804642		RIGEL_NRNA_chr2_2_178525988_178804642	nrna
A00839:75:H7MFFDSXY:3:2226:23086:14387	chr2	178564393	178564542	True	-322	150M	255	0	25	0.14842620491981506	ambig_opp_strand	unspliced	12994	44	RIGEL_NRNA_chr2_1_178528764_178620148		RIGEL_NRNA_chr2_1_178528764_178620148	nrna
A00839:75:H7MFFDSXY:3:1439:32705:33489	chr2	178563054	178563203	True	-216	150M	255	0	25	0.17898783087730408	ambig_opp_strand	unspliced	12994	44	RIGEL_NRNA_chr2_1_178539804_178576557		RIGEL_NRNA_chr2_1_178539804_178576557	nrna
A00839:75:H7MFFDSXY:3:1266:30391:9314	chr2	178568261	178568410	True	-228	150M	255	0	25	0.16740207374095917	ambig_opp_strand	unspliced	12994	44	RIGEL_NRNA_chr2_1_178540115_178582663		RIGEL_NRNA_chr2_1_178540115_178582663	nrna
A00839:75:H7MFFDSXY:3:2567:16749:25050	chr2	178564283	178564432	False	351	150M	255	0	5	0.45289725065231323	ambig_opp_strand	unspliced	-1	44	.	.	.	mrna
A00839:75:H7MFFDSXY:3:1412:5900:8766	chr2	178568597	178568746	True	-327	150M	255	0	25	0.154783695936203	ambig_opp_strand	unspliced	12994	44	RIGEL_NRNA_chr2_1_178541746_178597681		RIGEL_NRNA_chr2_1_178541746_178597681	nrna
A00839:75:H7MFFDSXY:3:1424:4164:13996	chr2	178565358	178565507	True	-211	150M	255	0	25	0.21054165065288544	ambig_opp_strand	unspliced	12994	44	RIGEL_NRNA_chr2_1_178523417_178776534		RIGEL_NRNA_chr2_1_178523417_178776534	nrna
A00839:75:H7MFFDSXY:3:1140:32570:7983	chr2	178567543	178567692	True	-422	150M	255	0	5	0.7683126330375671	ambig_opp_strand	unspliced	-1	44	.	.	.	mrna
A00839:75:H7MFFDSXY:3:2637:21043:15702	chr2	178566387	178566536	True	-263	150M	255	0	25	0.2086501568555832	ambig_opp_strand	unspliced	12994	44	RIGEL_NRNA_chr2_1_178523417_178776534		RIGEL_NRNA_chr2_1_178523417_178776534	nrna
A00839:75:H7MFFDSXY:3:2277:11731:33677	chr2	178560416	178560565	True	-212	150M	255	0	25	0.2105606645345688	ambig_opp_strand	unspliced	12994	44	RIGEL_NRNA_chr2_1_178523417_178776534		RIGEL_NRNA_chr2_1_178523417_178776534	nrna
A00839:75:H7MFFDSXY:3:1120:7871:35978	chr2	178561625	178561774	True	-332	150M	255	0	25	0.033507607877254486	ambig_opp_strand	unspliced	12994	44	RIGEL_NRNA_chr2_1_178528739_178633078		RIGEL_NRNA_chr2_1_178528739_178633078	nrna
A00839:75:H7MFFDSXY:3:1673:21802:7185	chr2	178566468	178566617	True	-273	150M	255	0	25	0.20739638805389404	ambig_opp_strand	unspliced	12994	44	RIGEL_NRNA_chr2_1_178523417_178776534		RIGEL_NRNA_chr2_1_178523417_178776534	nrna
A00839:75:H7MFFDSXY:3:1270:20193:17394	chr2	178566006	178566155	True	-419	150M	255	0	5	0.7652353644371033	ambig_opp_strand	unspliced	-1	44	.	.	.	mrna
A00839:75:H7MFFDSXY:3:1204:29903:15577	chr2	178562892	178563041	False	335	150M	255	0	25	0.5531324148178101	ambig_opp_strand	unspliced	12994	44	RIGEL_NRNA_chr2_2_178525988_178804642		RIGEL_NRNA_chr2_2_178525988_178804642	nrna
A00839:75:H7MFFDSXY:3:1440:21567:12821	chr2	178569016	178569165	True	-412	150M	255	0	25	0.053683146834373474	ambig_opp_strand	unspliced	12994	44	RIGEL_NRNA_chr2_1_178523417_178776534		RIGEL_NRNA_chr2_1_178523417_178776534	nrna
A00839:75:H7MFFDSXY:3:1253:14353:12790	chr2	178562165	178562314	True	-365	150M	255	0	25	0.09828785061836243	ambig_opp_strand	unspliced	12994	44	RIGEL_NRNA_chr2_1_178540115_178582663		RIGEL_NRNA_chr2_1_178540115_178582663	nrna
A00839:75:H7MFFDSXY:3:1614:27751:17487	chr2	178560754	178560903	False	351	150M	255	0	5	0.4528971314430237	ambig_opp_strand	unspliced	-1	44	.	.	.	mrna
A00839:75:H7MFFDSXY:3:1258:15040:16986	chr2	178565064	178565213	True	-379	150M	255	0	5	0.640011727809906	ambig_opp_strand	unspliced	-1	44	.	.	.	mrna
A00839:75:H7MFFDSXY:3:1503:8703:9173	chr2	178568962	178569111	False	291	150M	255	0	25	0.7012701034545898	ambig_opp_strand	unspliced	12994	44	RIGEL_NRNA_chr2_2_178525988_178804642		RIGEL_NRNA_chr2_2_178525988_178804642	nrna
A00839:75:H7MFFDSXY:3:1147:22028:1595	chr2	178565168	178565307	True	-140	140M	255	0	25	0.15532712638378143	ambig_opp_strand	unspliced	12994	44	RIGEL_NRNA_chr2_1_178528764_178620148		RIGEL_NRNA_chr2_1_178528764_178620148	nrna
A00839:75:H7MFFDSXY:3:2567:6343:17989	chr2	178569613	178569762	False	231	150M	255	6	25	0.7453240156173706	ambig_opp_strand	unspliced	12994	44	RIGEL_NRNA_chr2_2_178525988_178804642		RIGEL_NRNA_chr2_2_178525988_178804642	nrna
A00839:75:H7MFFDSXY:3:2243:31693:7623	chr2	178565152	178565301	True	-175	150M	255	0	25	0.03809795156121254	ambig_opp_strand	unspliced	12994	44	RIGEL_NRNA_chr2_1_178528739_178633078		RIGEL_NRNA_chr2_1_178528739_178633078	nrna
A00839:75:H7MFFDSXY:3:1314:29306:27978	chr2	178563807	178563956	False	479	150M	255	0	5	0.8532832860946655	ambig_opp_strand	unspliced	-1	44	.	.	.	mrna
A00839:75:H7MFFDSXY:3:2428:12409:15092	chr2	178561598	178561747	False	290	150M	255	0	25	0.7017327547073364	ambig_opp_strand	unspliced	12994	44	RIGEL_NRNA_chr2_2_178525988_178804642		RIGEL_NRNA_chr2_2_178525988_178804642	nrna
A00839:75:H7MFFDSXY:3:2155:13395:6339	chr2	178563992	178564141	False	332	150M	255	0	25	0.5723742842674255	ambig_opp_strand	unspliced	12994	44	RIGEL_NRNA_chr2_2_178525988_178804642		RIGEL_NRNA_chr2_2_178525988_178804642	nrna
A00839:75:H7MFFDSXY:3:1365:29957:22216	chr2	178565143	178565292	True	-322	150M	255	0	5	0.11407722532749176	ambig_opp_strand	unspliced	-1	44	.	.	.	mrna
A00839:75:H7MFFDSXY:3:2334:16821:18599	chr2	178566236	178566385	False	277	150M	255	1	25	0.7181640863418579	ambig_opp_strand	unspliced	12994	44	RIGEL_NRNA_chr2_2_178525988_178804642		RIGEL_NRNA_chr2_2_178525988_178804642	nrna
A00839:75:H7MFFDSXY:3:1322:21594:6010	chr2	178562018	178562167	True	-233	150M	255	1	25	0.2104235589504242	ambig_opp_strand	unspliced	12994	44	RIGEL_NRNA_chr2_1_178523417_178776534		RIGEL_NRNA_chr2_1_178523417_178776534	nrna
A00839:75:H7MFFDSXY:3:2139:15519:21762	chr2	178568704	178568853	False	210	150M	255	0	25	0.7461686730384827	ambig_opp_strand	unspliced	12994	44	RIGEL_NRNA_chr2_2_178525988_178804642		RIGEL_NRNA_chr2_2_178525988_178804642	nrna
A00839:75:H7MFFDSXY:3:1537:19253:12320	chr2	178567296	178567445	True	-359	150M	255	0	25	0.11005912721157074	ambig_opp_strand	unspliced	12994	44	RIGEL_NRNA_chr2_1_178540115_178582663		RIGEL_NRNA_chr2_1_178540115_178582663	nrna
A00839:75:H7MFFDSXY:3:1174:32280:29528	chr2	178566855	178567004	False	350	150M	255	0	25	0.43908044695854187	ambig_opp_strand	unspliced	12994	44	RIGEL_NRNA_chr2_2_178525988_178804642		RIGEL_NRNA_chr2_2_178525988_178804642	nrna
A00839:75:H7MFFDSXY:3:1161:30789:34585	chr2	178569957	178570106	False	384	150M	255	0	5	0.8257206082344055	ambig_opp_strand	unspliced	-1	44	.	.	.	mrna
A00839:75:H7MFFDSXY:3:2459:12997:18020	chr2	178560063	178560212	True	-248	150M	255	0	25	0.20994070172309875	ambig_opp_strand	unspliced	12994	44	RIGEL_NRNA_chr2_1_178523417_178776534		RIGEL_NRNA_chr2_1_178523417_178776534	nrna
A00839:75:H7MFFDSXY:3:2337:2428:2221	chr2	178566929	178567078	True	-309	150M	255	0	25	0.1535910964012146	ambig_opp_strand	unspliced	12994	44	RIGEL_NRNA_chr2_1_178528764_178620148		RIGEL_NRNA_chr2_1_178528764_178620148	nrna
A00839:75:H7MFFDSXY:3:2344:1886:24518	chr2	178567085	178567234	False	465	150M	255	1	5	0.8601769208908081	ambig_opp_strand	unspliced	-1	44	.	.	.	mrna
A00839:75:H7MFFDSXY:3:2351:16541:27038	chr2	178561813	178561962	True	-288	150M	255	0	25	0.20497426390647888	ambig_opp_strand	unspliced	12994	44	RIGEL_NRNA_chr2_1_178523417_178776534		RIGEL_NRNA_chr2_1_178523417_178776534	nrna
A00839:75:H7MFFDSXY:3:2441:4490:14622	chr2	178562718	178562867	False	538	150M	255	0	5	0.8215108513832092	ambig_opp_strand	unspliced	-1	44	.	.	.	mrna
A00839:75:H7MFFDSXY:3:2533:29487:14951	chr2	178567232	178567381	True	-315	150M	255	0	25	0.16108056902885437	ambig_opp_strand	unspliced	12994	44	RIGEL_NRNA_chr2_1_178541746_178597681		RIGEL_NRNA_chr2_1_178541746_178597681	nrna
A00839:75:H7MFFDSXY:3:1278:10104:21402	chr2	178565841	178565990	False	347	150M	255	0	5	0.4102727174758911	ambig_opp_strand	unspliced	-1	44	.	.	.	mrna
A00839:75:H7MFFDSXY:3:1250:4273:13839	chr2	178565814	178565963	False	314	150M	255	0	25	0.6446394920349121	ambig_opp_strand	unspliced	12994	44	RIGEL_NRNA_chr2_2_178525988_178804642		RIGEL_NRNA_chr2_2_178525988_178804642	nrna
A00839:75:H7MFFDSXY:3:1623:1452:8328	chr2	178560377	178560526	False	195	150M	255	0	3	0.07429072260856628	ambig_opp_strand	unspliced	12994	44	ENST00000342175.12	TTN	ENSG00000155657.29	mrna
A00839:75:H7MFFDSXY:3:1304:31150:5995	chr2	178561664	178561813	True	-484	150M	255	0	5	0.7514921426773071	ambig_opp_strand	unspliced	-1	44	.	.	.	mrna
A00839:75:H7MFFDSXY:3:1624:13955:7623	chr2	178560961	178561110	True	-290	150M	255	0	25	0.20433244109153748	ambig_opp_strand	unspliced	12994	44	RIGEL_NRNA_chr2_1_178523417_178776534		RIGEL_NRNA_chr2_1_178523417_178776534	nrna
A00839:75:H7MFFDSXY:3:2266:16568:33160	chr2	178566365	178566514	False	243	150M	255	0	25	0.7430514097213745	ambig_opp_strand	unspliced	12994	44	RIGEL_NRNA_chr2_2_178525988_178804642		RIGEL_NRNA_chr2_2_178525988_178804642	nrna
A00839:75:H7MFFDSXY:3:2233:27480:4053	chr2	178566281	178566430	True	-196	150M	255	0	5	0.026523444801568985	ambig_opp_strand	unspliced	-1	44	.	.	.	mrna
A00839:75:H7MFFDSXY:3:2375:21423:33771	chr2	178567608	178567757	True	-214	150M	255	0	25	0.21056681871414185	ambig_opp_strand	unspliced	12994	44	RIGEL_NRNA_chr2_1_178523417_178776534		RIGEL_NRNA_chr2_1_178523417_178776534	nrna
A00839:75:H7MFFDSXY:3:2611:21965:18521	chr2	178560007	178560156	False	244	150M	255	0	25	0.742788553237915	ambig_opp_strand	unspliced	12994	44	RIGEL_NRNA_chr2_2_178525988_178804642		RIGEL_NRNA_chr2_2_178525988_178804642	nrna
A00839:75:H7MFFDSXY:3:2458:4047:24001	chr2	178562232	178562381	False	219	150M	255	0	25	0.7467092871665955	ambig_opp_strand	unspliced	12994	44	RIGEL_NRNA_chr2_2_178525988_178804642		RIGEL_NRNA_chr2_2_178525988_178804642	nrna
A00839:75:H7MFFDSXY:3:2144:26693:31281	chr2	178567053	178567202	True	-504	150M	255	0	5	0.6787504553794861	ambig_opp_strand	unspliced	-1	44	.	.	.	mrna
A00839:75:H7MFFDSXY:3:1160:15619:19147	chr2	178566562	178566711	False	295	150M	255	0	25	0.693649411201477	ambig_opp_strand	unspliced	12994	44	RIGEL_NRNA_chr2_2_178525988_178804642		RIGEL_NRNA_chr2_2_178525988_178804642	nrna
A00839:75:H7MFFDSXY:3:2556:28049:18098	chr2	178560081	178560230	True	-287	150M	255	0	25	0.16306869685649872	ambig_opp_strand	unspliced	12994	44	RIGEL_NRNA_chr2_1_178540115_178582663		RIGEL_NRNA_chr2_1_178540115_178582663	nrna
A00839:75:H7MFFDSXY:3:1437:2564:33552	chr2	178562981	178563130	False	356	150M	255	0	25	0.38579821586608887	ambig_opp_strand	unspliced	12994	44	RIGEL_NRNA_chr2_2_178525988_178804642		RIGEL_NRNA_chr2_2_178525988_178804642	nrna
A00839:75:H7MFFDSXY:3:1172:29441:25770	chr2	178569286	178569435	True	-268	150M	255	0	25	0.17132218182086945	ambig_opp_strand	unspliced	12994	44	RIGEL_NRNA_chr2_1_178541746_178597681		RIGEL_NRNA_chr2_1_178541746_178597681	nrna
A00839:75:H7MFFDSXY:3:1529:11216:20102	chr2	178566543	178566692	False	271	150M	255	0	25	0.7248656153678894	ambig_opp_strand	unspliced	12994	44	RIGEL_NRNA_chr2_2_178525988_178804642		RIGEL_NRNA_chr2_2_178525988_178804642	nrna
A00839:75:H7MFFDSXY:3:2173:31675:36495	chr2	178561951	178562100	True	-317	150M	255	0	25	0.19431424140930176	ambig_opp_strand	unspliced	12994	44	RIGEL_NRNA_chr2_1_178523417_178776534		RIGEL_NRNA_chr2_1_178523417_178776534	nrna
A00839:75:H7MFFDSXY:3:1463:11080:23375	chr2	178562458	178562607	False	231	150M	255	0	25	0.7453240156173706	ambig_opp_strand	unspliced	12994	44	RIGEL_NRNA_chr2_2_178525988_178804642		RIGEL_NRNA_chr2_2_178525988_178804642	nrna
A00839:75:H7MFFDSXY:3:2266:8287:31469	chr2	178568593	178568742	True	-327	150M	255	0	25	0.15970344841480255	ambig_opp_strand	unspliced	12994	44	RIGEL_NRNA_chr2_1_178539804_178576557		RIGEL_NRNA_chr2_1_178539804_178576557	nrna
A00839:75:H7MFFDSXY:3:2350:26106:33207	chr2	178563076	178563223	True	-325	148M2S	255	0	25	0.15056705474853516	ambig_opp_strand	unspliced	12994	44	RIGEL_NRNA_chr2_1_178540115_178582663		RIGEL_NRNA_chr2_1_178540115_178582663	nrna
A00839:75:H7MFFDSXY:3:2213:26539:32706	chr2	178563459	178563608	False	434	150M	255	0	5	0.8715420365333557	ambig_opp_strand	unspliced	-1	44	.	.	.	mrna
A00839:75:H7MFFDSXY:3:2144:13449:9283	chr2	178563252	178563401	True	-177	150M	255	0	25	0.17218783497810364	ambig_opp_strand	unspliced	12994	44	RIGEL_NRNA_chr2_1_178541746_178597681		RIGEL_NRNA_chr2_1_178541746_178597681	nrna
A00839:75:H7MFFDSXY:3:2170:1940:23766	chr2	178568160	178568309	False	273	150M	255	0	25	0.7232062816619873	ambig_opp_strand	unspliced	12994	44	RIGEL_NRNA_chr2_2_178525988_178804642		RIGEL_NRNA_chr2_2_178525988_178804642	nrna
A00839:75:H7MFFDSXY:3:1206:32994:3740	chr2	178566103	178566252	False	366	150M	255	0	5	0.6358818411827087	ambig_opp_strand	unspliced	-1	44	.	.	.	mrna
A00839:75:H7MFFDSXY:3:2246:4038:10645	chr2	178562663	178562812	True	-265	150M	255	1	25	0.17701804637908936	ambig_opp_strand	unspliced	12994	44	RIGEL_NRNA_chr2_1_178539804_178576557		RIGEL_NRNA_chr2_1_178539804_178576557	nrna
A00839:75:H7MFFDSXY:3:2557:26919:19742	chr2	178566999	178567148	True	-206	150M	255	0	25	0.17884330451488495	ambig_opp_strand	unspliced	12994	44	RIGEL_NRNA_chr2_1_178539804_178576557		RIGEL_NRNA_chr2_1_178539804_178576557	nrna
A00839:75:H7MFFDSXY:3:1342:24650:35227	chr2	178568201	178568350	False	204	150M	255	0	25	0.7454066276550293	ambig_opp_strand	unspliced	12994	44	RIGEL_NRNA_chr2_2_178525988_178804642		RIGEL_NRNA_chr2_2_178525988_178804642	nrna
A00839:75:H7MFFDSXY:3:2461:32497:14403	chr2	178566737	178566825	True	-473	61S89M	255	2	5	0.7500748038291931	ambig_opp_strand	unspliced	-1	44	.	.	.	mrna
A00839:75:H7MFFDSXY:3:2536:32597:24815	chr2	178566386	178566535	False	471	150M	255	0	5	0.8670936822891235	ambig_opp_strand	unspliced	-1	44	.	.	.	mrna
A00839:75:H7MFFDSXY:3:1459:30120:3521	chr2	178569744	178569893	False	180	150M	255	1	3	0.023045681416988373	ambig_opp_strand	unspliced	12994	44	ENST00000412264.2	TTN	ENSG00000155657.29	mrna
A00839:75:H7MFFDSXY:3:2458:32597:25254	chr2	178565499	178565648	True	-160	150M	255	3	25	0.20683325827121735	ambig_opp_strand	unspliced	12994	44	RIGEL_NRNA_chr2_1_178523417_178776534		RIGEL_NRNA_chr2_1_178523417_178776534	nrna
A00839:75:H7MFFDSXY:3:2571:17653:27774	chr2	178568809	178568958	False	283	150M	255	0	25	0.7115973830223083	ambig_opp_strand	unspliced	12994	44	RIGEL_NRNA_chr2_2_178525988_178804642		RIGEL_NRNA_chr2_2_178525988_178804642	nrna
A00839:75:H7MFFDSXY:3:1106:29568:35477	chr2	178564478	178564627	True	-287	150M	255	0	25	0.16890963912010193	ambig_opp_strand	unspliced	12994	44	RIGEL_NRNA_chr2_1_178541746_178597681		RIGEL_NRNA_chr2_1_178541746_178597681	nrna
A00839:75:H7MFFDSXY:3:2306:15284:16626	chr2	178569833	178569982	True	-373	150M	255	0	25	0.07502686977386475	ambig_opp_strand	unspliced	12994	44	RIGEL_NRNA_chr2_1_178528764_178620148		RIGEL_NRNA_chr2_1_178528764_178620148	nrna
A00839:75:H7MFFDSXY:3:2207:1434:5447	chr2	178564646	178564795	True	-344	150M	255	0	25	0.13016633689403534	ambig_opp_strand	unspliced	12994	44	RIGEL_NRNA_chr2_1_178528764_178620148		RIGEL_NRNA_chr2_1_178528764_178620148	nrna
A00839:75:H7MFFDSXY:3:1409:10456:25238	chr2	178566411	178566560	True	-472	150M	255	0	5	0.7233549952507019	ambig_opp_strand	unspliced	-1	44	.	.	.	mrna
A00839:75:H7MFFDSXY:3:2136:16125:6965	chr2	178569509	178569658	True	-345	150M	255	2	5	0.22847826778888702	ambig_opp_strand	unspliced	-1	44	.	.	.	mrna
A00839:75:H7MFFDSXY:3:2272:16080:26240	chr2	178564770	178564919	False	420	150M	255	0	5	0.854853630065918	ambig_opp_strand	unspliced	-1	44	.	.	.	mrna
A00839:75:H7MFFDSXY:3:1377:29658:15655	chr2	178565286	178565435	False	279	150M	255	0	25	0.7165989875793457	ambig_opp_strand	unspliced	12994	44	RIGEL_NRNA_chr2_2_178525988_178804642		RIGEL_NRNA_chr2_2_178525988_178804642	nrna
A00839:75:H7MFFDSXY:3:1625:15609:30686	chr2	178563153	178563302	True	-300	150M	255	0	25	0.20154733955860138	ambig_opp_strand	unspliced	12994	44	RIGEL_NRNA_chr2_1_178523417_178776534		RIGEL_NRNA_chr2_1_178523417_178776534	nrna
A00839:75:H7MFFDSXY:3:1321:22327:28573	chr2	178565054	178565203	False	354	150M	255	1	5	0.49382174015045166	ambig_opp_strand	unspliced	-1	44	.	.	.	mrna
A00839:75:H7MFFDSXY:3:2423:11704:15217	chr2	178569987	178570136	True	-285	150M	255	0	25	0.16922838985919952	ambig_opp_strand	unspliced	12994	44	RIGEL_NRNA_chr2_1_178541746_178597681		RIGEL_NRNA_chr2_1_178541746_178597681	nrna
A00839:75:H7MFFDSXY:3:1255:21911:5807	chr2	178563949	178564098	True	-451	150M	255	0	5	0.7609555721282959	ambig_opp_strand	unspliced	-1	44	.	.	.	mrna
A00839:75:H7MFFDSXY:3:2462:14516:29606	chr2	178565388	178565537	True	-468	150M	255	0	5	0.766736626625061	ambig_opp_strand	unspliced	-1	44	.	.	.	mrna
A00839:75:H7MFFDSXY:3:1202:21287:3286	chr2	178565357	178565506	True	-348	150M	255	0	25	0.1621883660554886	ambig_opp_strand	unspliced	12994	44	RIGEL_NRNA_chr2_1_178523417_178776534		RIGEL_NRNA_chr2_1_178523417_178776534	nrna
A00839:75:H7MFFDSXY:3:2339:26386:2159	chr2	178569360	178569509	True	-351	150M	255	0	25	0.12068311870098114	ambig_opp_strand	unspliced	12994	44	RIGEL_NRNA_chr2_1_178528764_178620148		RIGEL_NRNA_chr2_1_178528764_178620148	nrna
A00839:75:H7MFFDSXY:3:2323:4146:14372	chr2	178566209	178566358	True	-493	150M	255	1	5	0.7428373098373413	ambig_opp_strand	unspliced	-1	44	.	.	.	mrna
A00839:75:H7MFFDSXY:3:1135:4264:13072	chr2	178560079	178560228	True	-352	150M	255	0	25	0.1221359372138977	ambig_opp_strand	unspliced	12994	44	RIGEL_NRNA_chr2_1_178540115_178582663		RIGEL_NRNA_chr2_1_178540115_178582663	nrna
A00839:75:H7MFFDSXY:3:1106:17490:6386	chr2	178562379	178562528	True	-316	150M	255	0	25	0.165604367852211	ambig_opp_strand	unspliced	12994	44	RIGEL_NRNA_chr2_1_178539804_178576557		RIGEL_NRNA_chr2_1_178539804_178576557	nrna
A00839:75:H7MFFDSXY:3:1560:22046:19820	chr2	178564912	178565061	False	294	150M	255	0	25	0.6957417726516724	ambig_opp_strand	unspliced	12994	44	RIGEL_NRNA_chr2_2_178525988_178804642		RIGEL_NRNA_chr2_2_178525988_178804642	nrna
A00839:75:H7MFFDSXY:3:2261:23692:34256	chr2	178568975	178569124	True	-397	150M	255	0	5	0.7507028579711914	ambig_opp_strand	unspliced	-1	44	.	.	.	mrna
A00839:75:H7MFFDSXY:3:2621:18810:4914	chr2	178561187	178561336	True	-387	150M	255	1	5	0.720816969871521	ambig_opp_strand	unspliced	-1	44	.	.	.	mrna
A00839:75:H7MFFDSXY:3:2301:24478:21026	chr2	178568988	178569137	True	-209	150M	255	0	25	0.1733926683664322	ambig_opp_strand	unspliced	12994	44	RIGEL_NRNA_chr2_1_178541746_178597681		RIGEL_NRNA_chr2_1_178541746_178597681	nrna
A00839:75:H7MFFDSXY:3:1302:30382:13119	chr2	178560430	178560579	True	-169	150M	255	0	25	0.16150903701782227	ambig_opp_strand	unspliced	12994	44	RIGEL_NRNA_chr2_1_178528764_178620148		RIGEL_NRNA_chr2_1_178528764_178620148	nrna
A00839:75:H7MFFDSXY:3:2324:23231:14512	chr2	178563046	178563195	False	350	150M	255	0	25	0.43908044695854187	ambig_opp_strand	unspliced	12994	44	RIGEL_NRNA_chr2_2_178525988_178804642		RIGEL_NRNA_chr2_2_178525988_178804642	nrna
A00839:75:H7MFFDSXY:3:2452:21260:33301	chr2	178566182	178566331	True	-327	150M	255	1	25	0.187925323843956	ambig_opp_strand	unspliced	12994	44	RIGEL_NRNA_chr2_1_178523417_178776534		RIGEL_NRNA_chr2_1_178523417_178776534	nrna
A00839:75:H7MFFDSXY:3:1277:16613:5619	chr2	178569312	178569461	True	-323	150M	255	0	5	0.11736807227134705	ambig_opp_strand	unspliced	-1	44	.	.	.	mrna
A00839:75:H7MFFDSXY:3:2304:21847:23797	chr2	178564062	178564211	True	-222	150M	255	0	25	0.17342296242713928	ambig_opp_strand	unspliced	12994	44	RIGEL_NRNA_chr2_1_178541746_178597681		RIGEL_NRNA_chr2_1_178541746_178597681	nrna
A00839:75:H7MFFDSXY:3:1233:5050:12680	chr2	178569670	178569819	False	298	150M	255	0	25	0.6881697773933411	ambig_opp_strand	unspliced	12994	44	RIGEL_NRNA_chr2_2_178525988_178804642		RIGEL_NRNA_chr2_2_178525988_178804642	nrna
A00839:75:H7MFFDSXY:3:1342:31168:14481	chr2	178561787	178561936	True	-256	150M	255	0	25	0.20930901169776917	ambig_opp_strand	unspliced	12994	44	RIGEL_NRNA_chr2_1_178523417_178776534		RIGEL_NRNA_chr2_1_178523417_178776534	nrna
A00839:75:H7MFFDSXY:3:2510:6289:31892	chr2	178567656	178567805	True	-248	150M	255	0	25	0.17841264605522156	ambig_opp_strand	unspliced	12994	44	RIGEL_NRNA_chr2_1_178539804_178576557		RIGEL_NRNA_chr2_1_178539804_178576557	nrna
A00839:75:H7MFFDSXY:3:2661:28040:14325	chr2	178567901	178568050	False	437	150M	255	3	5	0.8721041083335876	ambig_opp_strand	unspliced	-1	44	.	.	.	mrna
A00839:75:H7MFFDSXY:3:1434:24352:12477	chr2	178560801	178560950	False	345	150M	255	0	25	0.48223453760147095	ambig_opp_strand	unspliced	12994	44	RIGEL_NRNA_chr2_2_178525988_178804642		RIGEL_NRNA_chr2_2_178525988_178804642	nrna
A00839:75:H7MFFDSXY:3:2424:1533:9565	chr2	178569202	178569351	False	384	150M	255	0	5	0.8257206082344055	ambig_opp_strand	unspliced	-1	44	.	.	.	mrna
A00839:75:H7MFFDSXY:3:2314:21938:11177	chr2	178569479	178569620	False	142	142M	255	0	25	0.6795598268508911	ambig_opp_strand	unspliced	12994	44	RIGEL_NRNA_chr2_2_178525988_178804642		RIGEL_NRNA_chr2_2_178525988_178804642	nrna
A00839:75:H7MFFDSXY:3:2413:27787:23625	chr2	178563355	178563504	True	-297	150M	255	0	25	0.16116274893283844	ambig_opp_strand	unspliced	12994	44	RIGEL_NRNA_chr2_1_178540115_178582663		RIGEL_NRNA_chr2_1_178540115_178582663	nrna
A00839:75:H7MFFDSXY:3:1456:9173:2409	chr2	178560609	178560758	False	414	150M	255	0	5	0.8726899027824402	ambig_opp_strand	unspliced	-1	44	.	.	.	mrna
A00839:75:H7MFFDSXY:3:1626:30807:30733	chr2	178561178	178561327	False	257	150M	255	0	25	0.7362647652626038	ambig_opp_strand	unspliced	12994	44	RIGEL_NRNA_chr2_2_178525988_178804642		RIGEL_NRNA_chr2_2_178525988_178804642	nrna
A00839:75:H7MFFDSXY:3:2574:26567:17534	chr2	178562254	178562403	True	-306	150M	255	0	25	0.16425348818302155	ambig_opp_strand	unspliced	12994	44	RIGEL_NRNA_chr2_1_178541746_178597681		RIGEL_NRNA_chr2_1_178541746_178597681	nrna
A00839:75:H7MFFDSXY:3:2115:4707:32753	chr2	178567556	178567705	True	-198	150M	255	1	25	0.17321473360061646	ambig_opp_strand	unspliced	12994	44	RIGEL_NRNA_chr2_1_178541746_178597681		RIGEL_NRNA_chr2_1_178541746_178597681	nrna
A00839:75:H7MFFDSXY:3:1411:14615:10426	chr2	178567470	178567619	True	-293	150M	255	0	25	0.20377932488918304	ambig_opp_strand	unspliced	12994	44	RIGEL_NRNA_chr2_1_178523417_178776534		RIGEL_NRNA_chr2_1_178523417_178776534	nrna
A00839:75:H7MFFDSXY:3:2170:13738:34334	chr2	178567806	178567944	False	139	139M	255	0	25	0.6701028943061829	ambig_opp_strand	unspliced	12994	44	RIGEL_NRNA_chr2_2_178525988_178804642		RIGEL_NRNA_chr2_2_178525988_178804642	nrna
A00839:75:H7MFFDSXY:3:1460:31222:22999	chr2	178569432	178569581	True	-361	150M	255	1	25	0.11409095674753189	ambig_opp_strand	unspliced	12994	44	RIGEL_NRNA_chr2_1_178539804_178576557		RIGEL_NRNA_chr2_1_178539804_178576557	nrna
A00839:75:H7MFFDSXY:3:2602:24623:24690	chr2	178566184	178566333	False	308	150M	255	3	25	0.6639624834060669	ambig_opp_strand	unspliced	12994	44	RIGEL_NRNA_chr2_2_178525988_178804642		RIGEL_NRNA_chr2_2_178525988_178804642	nrna
A00839:75:H7MFFDSXY:3:1160:19849:26725	chr2	178566104	178566253	True	-430	150M	255	1	64	0.0	.	unspliced	-1	0	.	.	.	mrna
A00839:75:H7MFFDSXY:3:1643:16694:10520	chr2	178566043	178566192	True	-513	150M	255	0	5	0.7421905994415283	ambig_opp_strand	unspliced	-1	44	.	.	.	mrna
A00839:75:H7MFFDSXY:3:1501:18756:27398	chr2	178569988	178570137	True	-268	150M	255	0	25	0.16138248145580292	ambig_opp_strand	unspliced	12994	44	RIGEL_NRNA_chr2_1_178528764_178620148		RIGEL_NRNA_chr2_1_178528764_178620148	nrna
A00839:75:H7MFFDSXY:3:2221:12961:1110	chr2	178562800	178562949	True	-464	150M	255	1	5	0.7582982778549194	ambig_opp_strand	unspliced	-1	44	.	.	.	mrna
A00839:75:H7MFFDSXY:3:2628:1714:15702	chr2	178564062	178564211	True	-300	150M	255	0	25	0.1563722789287567	ambig_opp_strand	unspliced	12994	44	RIGEL_NRNA_chr2_1_178528764_178620148		RIGEL_NRNA_chr2_1_178528764_178620148	nrna
A00839:75:H7MFFDSXY:3:1107:4463:35180	chr2	178566590	178566739	True	-306	150M	255	1	25	0.03637982904911041	ambig_opp_strand	unspliced	12994	44	RIGEL_NRNA_chr2_1_178528739_178633078		RIGEL_NRNA_chr2_1_178528739_178633078	nrna
A00839:75:H7MFFDSXY:3:2356:23357:16203	chr2	178569966	178570115	True	-257	150M	255	0	25	0.16635973751544952	ambig_opp_strand	unspliced	12994	44	RIGEL_NRNA_chr2_1_178540115_178582663		RIGEL_NRNA_chr2_1_178540115_178582663	nrna
A00839:75:H7MFFDSXY:3:1165:15528:16548	chr2	178565710	178565859	False	184	150M	255	0	25	0.7392669320106506	ambig_opp_strand	unspliced	12994	44	RIGEL_NRNA_chr2_2_178525988_178804642		RIGEL_NRNA_chr2_2_178525988_178804642	nrna
A00839:75:H7MFFDSXY:3:1323:25229:12085	chr2	178563987	178564136	False	284	150M	255	0	3	0.08712100982666016	ambig_opp_strand	unspliced	12994	44	ENST00000460472.6	TTN	ENSG00000155657.29	mrna
A00839:75:H7MFFDSXY:3:2468:6894:28588	chr2	178569649	178569798	True	-259	150M	255	1	25	0.1661929041147232	ambig_opp_strand	unspliced	12994	44	RIGEL_NRNA_chr2_1_178540115_178582663		RIGEL_NRNA_chr2_1_178540115_178582663	nrna
A00839:75:H7MFFDSXY:3:1452:15121:32503	chr2	178568955	178569104	False	304	150M	255	0	5	0.14345312118530273	ambig_opp_strand	unspliced	-1	44	.	.	.	mrna
A00839:75:H7MFFDSXY:3:2558:26820:36479	chr2	178565379	178565528	True	-273	150M	255	0	25	0.1708209365606308	ambig_opp_strand	unspliced	12994	44	RIGEL_NRNA_chr2_1_178541746_178597681		RIGEL_NRNA_chr2_1_178541746_178597681	nrna
A00839:75:H7MFFDSXY:3:2203:26720:28322	chr2	178566737	178566886	False	361	150M	255	0	25	0.34245237708091736	ambig_opp_strand	unspliced	12994	44	RIGEL_NRNA_chr2_2_178525988_178804642		RIGEL_NRNA_chr2_2_178525988_178804642	nrna
A00839:75:H7MFFDSXY:3:1343:2293:26725	chr2	178564858	178565007	True	-282	150M	255	0	25	0.15977425873279572	ambig_opp_strand	unspliced	12994	44	RIGEL_NRNA_chr2_1_178528764_178620148		RIGEL_NRNA_chr2_1_178528764_178620148	nrna
A00839:75:H7MFFDSXY:3:1661:24849:7012	chr2	178567487	178567636	True	-218	150M	255	0	25	0.17897135019302368	ambig_opp_strand	unspliced	12994	44	RIGEL_NRNA_chr2_1_178539804_178576557		RIGEL_NRNA_chr2_1_178539804_178576557	nrna
A00839:75:H7MFFDSXY:3:1509:16740:9690	chr2	178564714	178564863	True	-292	150M	255	0	25	0.17338529229164124	ambig_opp_strand	unspliced	12994	44	RIGEL_NRNA_chr2_1_178539804_178576557		RIGEL_NRNA_chr2_1_178539804_178576557	nrna
A00839:75:H7MFFDSXY:3:1256:1651:35383	chr2	178560094	178560243	True	-293	150M	255	0	25	0.17317655682563782	ambig_opp_strand	unspliced	12994	44	RIGEL_NRNA_chr2_1_178539804_178576557		RIGEL_NRNA_chr2_1_178539804_178576557	nrna
A00839:75:H7MFFDSXY:3:2355:3314:32784	chr2	178568568	178568717	True	-267	150M	255	0	25	0.17682917416095734	ambig_opp_strand	unspliced	12994	44	RIGEL_NRNA_chr2_1_178539804_178576557		RIGEL_NRNA_chr2_1_178539804_178576557	nrna
A00839:75:H7MFFDSXY:3:2217:9408:31939	chr2	178562425	178562574	False	348	150M	255	0	25	0.4609840214252472	ambig_opp_strand	unspliced	12994	44	RIGEL_NRNA_chr2_2_178525988_178804642		RIGEL_NRNA_chr2_2_178525988_178804642	nrna
A00839:75:H7MFFDSXY:3:2664:22281:31031	chr2	178565697	178565846	True	-231	150M	255	0	25	0.1788511723279953	ambig_opp_strand	unspliced	12994	44	RIGEL_NRNA_chr2_1_178539804_178576557		RIGEL_NRNA_chr2_1_178539804_178576557	nrna
A00839:75:H7MFFDSXY:3:2329:3070:17989	chr2	178564319	178564468	True	-425	150M	255	0	5	0.7273409366607666	ambig_opp_strand	unspliced	-1	44	.	.	.	mrna
A00839:75:H7MFFDSXY:3:2613:14145:1939	chr2	178568123	178568272	True	-254	150M	255	0	25	0.019987575709819794	ambig_opp_strand	unspliced	12994	44	RIGEL_NRNA_chr2_1_178528739_178584816		RIGEL_NRNA_chr2_1_178528739_178584816	nrna
A00839:75:H7MFFDSXY:3:2121:5141:11835	chr2	178563471	178563620	False	275	150M	255	0	25	0.7203001976013184	ambig_opp_strand	unspliced	12994	44	RIGEL_NRNA_chr2_2_178525988_178804642		RIGEL_NRNA_chr2_2_178525988_178804642	nrna
A00839:75:H7MFFDSXY:3:1648:21558:8985	chr2	178565847	178565996	True	-388	150M	255	0	5	0.7344604730606079	ambig_opp_strand	unspliced	-1	44	.	.	.	mrna
A00839:75:H7MFFDSXY:3:2168:29550:22701	chr2	178563971	178564120	False	373	150M	255	1	5	0.7244450449943542	ambig_opp_strand	unspliced	-1	44	.	.	.	mrna
A00839:75:H7MFFDSXY:3:2529:4725:16877	chr2	178567565	178567714	True	-277	150M	255	1	25	0.1702352613210678	ambig_opp_strand	unspliced	12994	44	RIGEL_NRNA_chr2_1_178541746_178597681		RIGEL_NRNA_chr2_1_178541746_178597681	nrna
A00839:75:H7MFFDSXY:3:2215:19199:27946	chr2	178565669	178565818	True	-349	150M	255	0	25	0.15857410430908203	ambig_opp_strand	unspliced	12994	44	RIGEL_NRNA_chr2_1_178523417_178776534		RIGEL_NRNA_chr2_1_178523417_178776534	nrna
A00839:75:H7MFFDSXY:3:2335:7826:19022	chr2	178568894	178569043	True	-253	150M	255	0	25	0.1726117730140686	ambig_opp_strand	unspliced	12994	44	RIGEL_NRNA_chr2_1_178541746_178597681		RIGEL_NRNA_chr2_1_178541746_178597681	nrna
A00839:75:H7MFFDSXY:3:1172:22968:32002	chr2	178565000	178565149	False	221	150M	255	0	25	0.7462242245674133	ambig_opp_strand	unspliced	12994	44	RIGEL_NRNA_chr2_2_178525988_178804642		RIGEL_NRNA_chr2_2_178525988_178804642	nrna
A00839:75:H7MFFDSXY:3:2439:26377:9283	chr2	178562126	178562275	True	-348	150M	255	0	25	0.12583526968955994	ambig_opp_strand	unspliced	12994	44	RIGEL_NRNA_chr2_1_178528764_178620148		RIGEL_NRNA_chr2_1_178528764_178620148	nrna
A00839:75:H7MFFDSXY:3:2125:28185:24158	chr2	178568590	178568739	False	303	150M	255	0	25	0.6768515706062317	ambig_opp_strand	unspliced	12994	44	RIGEL_NRNA_chr2_2_178525988_178804642		RIGEL_NRNA_chr2_2_178525988_178804642	nrna
A00839:75:H7MFFDSXY:3:1126:26747:25770	chr2	178569267	178569416	True	-224	150M	255	0	25	0.03841520473361015	ambig_opp_strand	unspliced	12994	44	RIGEL_NRNA_chr2_1_178528739_178633078		RIGEL_NRNA_chr2_1_178528739_178633078	nrna
A00839:75:H7MFFDSXY:3:1567:29884:16172	chr2	178565165	178565314	False	186	150M	255	0	3	0.07394509762525558	ambig_opp_strand	unspliced	12994	44	ENST00000342175.12	TTN	ENSG00000155657.29	mrna
A00839:75:H7MFFDSXY:3:2149:5348:7874	chr2	178565692	178565841	False	219	150M	255	0	25	0.7467092871665955	ambig_opp_strand	unspliced	12994	44	RIGEL_NRNA_chr2_2_178525988_178804642		RIGEL_NRNA_chr2_2_178525988_178804642	nrna
A00839:75:H7MFFDSXY:3:1106:23005:27492	chr2	178563186	178563335	False	406	150M	255	0	5	0.8724668622016907	ambig_opp_strand	unspliced	-1	44	.	.	.	mrna
A00839:75:H7MFFDSXY:3:1327:23945:28119	chr2	178561115	178561264	False	246	150M	255	0	3	0.09101744741201401	ambig_opp_strand	unspliced	12994	44	ENST00000460472.6	TTN	ENSG00000155657.29	mrna
A00839:75:H7MFFDSXY:3:2476:7274:5134	chr2	178567358	178567507	False	230	150M	255	1	25	0.7462064623832703	ambig_opp_strand	unspliced	12994	44	RIGEL_NRNA_chr2_2_178525988_178804642		RIGEL_NRNA_chr2_2_178525988_178804642	nrna
A00839:75:H7MFFDSXY:3:2443:19985:7075	chr2	178565391	178565540	True	-197	150M	255	0	25	0.16309793293476105	ambig_opp_strand	unspliced	12994	44	RIGEL_NRNA_chr2_1_178528764_178620148		RIGEL_NRNA_chr2_1_178528764_178620148	nrna
A00839:75:H7MFFDSXY:3:1211:27109:14246	chr2	178561594	178561743	True	-345	150M	255	0	25	0.13722088932991028	ambig_opp_strand	unspliced	12994	44	RIGEL_NRNA_chr2_1_178541746_178597681		RIGEL_NRNA_chr2_1_178541746_178597681	nrna
A00839:75:H7MFFDSXY:3:2528:22697:26960	chr2	178565209	178565358	False	337	150M	255	0	3	0.054094113409519196	ambig_opp_strand	unspliced	12994	44	ENST00000342175.12	TTN	ENSG00000155657.29	mrna
A00839:75:H7MFFDSXY:3:1436:25780:27665	chr2	178563515	178563664	False	371	150M	255	0	25	0.23030056059360504	ambig_opp_strand	unspliced	12994	44	RIGEL_NRNA_chr2_2_178525988_178804642		RIGEL_NRNA_chr2_2_178525988_178804642	nrna
A00839:75:H7MFFDSXY:3:1674:30201:17409	chr2	178560831	178560980	True	-320	150M	255	0	25	0.14940747618675232	ambig_opp_strand	unspliced	12994	44	RIGEL_NRNA_chr2_1_178528764_178620148		RIGEL_NRNA_chr2_1_178528764_178620148	nrna
A00839:75:H7MFFDSXY:3:1246:29469:26287	chr2	178560089	178560238	False	313	150M	255	0	25	0.6488268375396729	ambig_opp_strand	unspliced	12994	44	RIGEL_NRNA_chr2_2_178525988_178804642		RIGEL_NRNA_chr2_2_178525988_178804642	nrna
A00839:75:H7MFFDSXY:3:1305:16776:33176	chr2	178560493	178560642	True	-157	150M	255	0	25	0.16383697092533112	ambig_opp_strand	unspliced	12994	44	RIGEL_NRNA_chr2_1_178540115_178582663		RIGEL_NRNA_chr2_1_178540115_178582663	nrna
A00839:75:H7MFFDSXY:3:2144:30029:24690	chr2	178564305	178564454	True	-290	150M	255	0	25	0.03727548196911812	ambig_opp_strand	unspliced	12994	44	RIGEL_NRNA_chr2_1_178528739_178633078		RIGEL_NRNA_chr2_1_178528739_178633078	nrna
A00839:75:H7MFFDSXY:3:1504:4517:5682	chr2	178562890	178563039	False	174	150M	255	0	25	0.7336777448654175	ambig_opp_strand	unspliced	12994	44	RIGEL_NRNA_chr2_2_178525988_178804642		RIGEL_NRNA_chr2_2_178525988_178804642	nrna
A00839:75:H7MFFDSXY:3:1268:22562:21151	chr2	178565979	178566128	False	604	150M	255	0	25	0.3525388538837433	ambig_opp_strand	unspliced	12994	44	RIGEL_NRNA_chr2_2_178525988_178804642		RIGEL_NRNA_chr2_2_178525988_178804642	nrna
A00839:75:H7MFFDSXY:3:2140:30129:31594	chr2	178567525	178567674	False	352	150M	255	0	5	0.4639136493206024	ambig_opp_strand	unspliced	-1	44	.	.	.	mrna
A00839:75:H7MFFDSXY:3:2659:7545:23766	chr2	178561695	178561844	True	-257	150M	255	0	25	0.17231856286525726	ambig_opp_strand	unspliced	12994	44	RIGEL_NRNA_chr2_1_178541746_178597681		RIGEL_NRNA_chr2_1_178541746_178597681	nrna
A00839:75:H7MFFDSXY:3:1322:6831:32643	chr2	178569329	178569478	False	241	150M	255	0	3	0.07440921664237976	ambig_opp_strand	unspliced	12994	44	ENST00000342175.12	TTN	ENSG00000155657.29	mrna
A00839:75:H7MFFDSXY:3:1268:26802:29403	chr2	178568108	178568257	False	261	150M	255	0	25	0.7336958050727844	ambig_opp_strand	unspliced	12994	44	RIGEL_NRNA_chr2_2_178525988_178804642		RIGEL_NRNA_chr2_2_178525988_178804642	nrna
A00839:75:H7MFFDSXY:3:1523:5267:21605	chr2	178562840	178562989	False	280	150M	255	0	25	0.7157753705978394	ambig_opp_strand	unspliced	12994	44	RIGEL_NRNA_chr2_2_178525988_178804642		RIGEL_NRNA_chr2_2_178525988_178804642	nrna
A00839:75:H7MFFDSXY:3:1542:12020:23750	chr2	178560615	178560764	False	336	150M	255	0	5	0.2983829975128174	ambig_opp_strand	unspliced	-1	44	.	.	.	mrna
A00839:75:H7MFFDSXY:3:1102:1018:18067	chr2	178568905	178569054	True	-301	150M	255	0	25	0.16004155576229095	ambig_opp_strand	unspliced	12994	44	RIGEL_NRNA_chr2_1_178540115_178582663		RIGEL_NRNA_chr2_1_178540115_178582663	nrna
A00839:75:H7MFFDSXY:3:2437:8856:34522	chr2	178560237	178560386	False	212	150M	255	0	3	0.07463672012090683	ambig_opp_strand	unspliced	12994	44	ENST00000342175.12	TTN	ENSG00000155657.29	mrna
A00839:75:H7MFFDSXY:3:2325:9932:17127	chr2	178564845	178564994	True	-268	150M	255	0	25	0.17676760256290436	ambig_opp_strand	unspliced	12994	44	RIGEL_NRNA_chr2_1_178539804_178576557		RIGEL_NRNA_chr2_1_178539804_178576557	nrna
A00839:75:H7MFFDSXY:3:2660:5448:36605	chr2	178560250	178560399	False	172	150M	255	0	25	0.7311204671859741	ambig_opp_strand	unspliced	12994	44	RIGEL_NRNA_chr2_2_178525988_178804642		RIGEL_NRNA_chr2_2_178525988_178804642	nrna
A00839:75:H7MFFDSXY:3:1248:7591:28573	chr2	178566656	178566805	False	259	150M	255	0	25	0.7347457408905029	ambig_opp_strand	unspliced	12994	44	RIGEL_NRNA_chr2_2_178525988_178804642		RIGEL_NRNA_chr2_2_178525988_178804642	nrna
A00839:75:H7MFFDSXY:3:1334:20265:26193	chr2	178569867	178570016	False	276	150M	255	0	3	0.08821529150009155	ambig_opp_strand	unspliced	12994	44	ENST00000460472.6	TTN	ENSG00000155657.29	mrna
A00839:75:H7MFFDSXY:3:2266:31964:3427	chr2	178563512	178563661	False	288	150M	255	0	25	0.7061769366264343	ambig_opp_strand	unspliced	12994	44	RIGEL_NRNA_chr2_2_178525988_178804642		RIGEL_NRNA_chr2_2_178525988_178804642	nrna
A00839:75:H7MFFDSXY:3:2218:13847:29230	chr2	178562366	178562515	False	322	150M	255	0	25	0.6172564029693604	ambig_opp_strand	unspliced	12994	44	RIGEL_NRNA_chr2_2_178525988_178804642		RIGEL_NRNA_chr2_2_178525988_178804642	nrna
A00839:75:H7MFFDSXY:3:1105:17833:27305	chr2	178565745	178565894	False	276	150M	255	0	25	0.7195205688476562	ambig_opp_strand	unspliced	12994	44	RIGEL_NRNA_chr2_2_178525988_178804642		RIGEL_NRNA_chr2_2_178525988_178804642	nrna
A00839:75:H7MFFDSXY:3:1359:22797:35305	chr2	178569222	178569371	True	-401	150M	255	0	5	0.7486341595649719	ambig_opp_strand	unspliced	-1	44	.	.	.	mrna
A00839:75:H7MFFDSXY:3:2606:22779:19867	chr2	178565272	178565421	True	-206	150M	255	0	25	0.17884330451488495	ambig_opp_strand	unspliced	12994	44	RIGEL_NRNA_chr2_1_178539804_178576557		RIGEL_NRNA_chr2_1_178539804_178576557	nrna
A00839:75:H7MFFDSXY:3:1334:2781:33802	chr2	178567271	178567420	False	479	150M	255	0	5	0.8532832860946655	ambig_opp_strand	unspliced	-1	44	.	.	.	mrna
A00839:75:H7MFFDSXY:3:2677:19904:18646	chr2	178563924	178564073	True	-531	150M	255	0	5	0.7194053530693054	ambig_opp_strand	unspliced	-1	44	.	.	.	mrna
A00839:75:H7MFFDSXY:3:2202:11342:27211	chr2	178569970	178570119	True	-346	150M	255	0	5	0.23542924225330353	ambig_opp_strand	unspliced	-1	44	.	.	.	mrna
A00839:75:H7MFFDSXY:3:2344:10655:31688	chr2	178562904	178563053	True	-335	150M	255	0	5	0.1653214544057846	ambig_opp_strand	unspliced	-1	44	.	.	.	mrna
A00839:75:H7MFFDSXY:3:2466:9064:10426	chr2	178561826	178561975	True	-492	150M	255	0	25	0.05657926946878433	ambig_opp_strand	unspliced	12994	44	RIGEL_NRNA_chr2_1_178523417_178776534		RIGEL_NRNA_chr2_1_178523417_178776534	nrna
A00839:75:H7MFFDSXY:3:1362:17779:18787	chr2	178568601	178568750	False	464	150M	255	0	5	0.8699483275413513	ambig_opp_strand	unspliced	-1	44	.	.	.	mrna
A00839:75:H7MFFDSXY:3:1242:1108:16814	chr2	178564458	178564607	False	310	150M	255	0	25	0.6580366492271423	ambig_opp_strand	unspliced	12994	44	RIGEL_NRNA_chr2_2_178525988_178804642		RIGEL_NRNA_chr2_2_178525988_178804642	nrna
A00839:75:H7MFFDSXY:3:1335:32588:2440	chr2	178566963	178567112	False	265	150M	3	1	128	0.0	.	unknown	-1	0	.	.	.	mrna
A00839:75:H7MFFDSXY:3:2159:11415:2691	chr2	178568800	178568949	True	-251	150M	255	0	25	0.17269480228424072	ambig_opp_strand	unspliced	12994	44	RIGEL_NRNA_chr2_1_178541746_178597681		RIGEL_NRNA_chr2_1_178541746_178597681	nrna
A00839:75:H7MFFDSXY:3:2346:6614:29105	chr2	178565741	178565890	True	-310	150M	255	0	25	0.017826324328780174	ambig_opp_strand	unspliced	12994	44	RIGEL_NRNA_chr2_1_178528764_178738038		RIGEL_NRNA_chr2_1_178528764_178738038	nrna
A00839:75:H7MFFDSXY:3:2275:10583:14779	chr2	178560110	178560259	True	-389	150M	255	0	5	0.7547020316123962	ambig_opp_strand	unspliced	-1	44	.	.	.	mrna
A00839:75:H7MFFDSXY:3:2229:19370:10645	chr2	178563846	178563995	False	257	150M	255	0	25	0.7362647652626038	ambig_opp_strand	unspliced	12994	44	RIGEL_NRNA_chr2_2_178525988_178804642		RIGEL_NRNA_chr2_2_178525988_178804642	nrna
A00839:75:H7MFFDSXY:3:1502:4472:3850	chr2	178567679	178567828	False	218	150M	255	0	25	0.7463626861572266	ambig_opp_strand	unspliced	12994	44	RIGEL_NRNA_chr2_2_178525988_178804642		RIGEL_NRNA_chr2_2_178525988_178804642	nrna
A00839:75:H7MFFDSXY:3:1536:11071:29089	chr2	178562269	178562418	True	-407	150M	255	0	25	0.04299771413207054	ambig_opp_strand	unspliced	12994	44	RIGEL_NRNA_chr2_1_178528764_178620148		RIGEL_NRNA_chr2_1_178528764_178620148	nrna
A00839:75:H7MFFDSXY:3:2133:30120:16830	chr2	178560474	178560623	True	-285	150M	255	0	25	0.16922838985919952	ambig_opp_strand	unspliced	12994	44	RIGEL_NRNA_chr2_1_178541746_178597681		RIGEL_NRNA_chr2_1_178541746_178597681	nrna
A00839:75:H7MFFDSXY:3:1436:19741:10441	chr2	178569400	178569549	True	-224	150M	255	0	5	0.024819087237119675	ambig_opp_strand	unspliced	-1	44	.	.	.	mrna
A00839:75:H7MFFDSXY:3:1665:24894:17362	chr2	178565493	178565642	False	297	150M	255	0	5	0.12242110073566437	ambig_opp_strand	unspliced	-1	44	.	.	.	mrna
A00839:75:H7MFFDSXY:3:1464:14217:21793	chr2	178563740	178563889	False	400	150M	255	4	5	0.8612249493598938	ambig_opp_strand	unspliced	-1	44	.	.	.	mrna
A00839:75:H7MFFDSXY:3:2420:3369:4695	chr2	178567927	178568076	True	-187	150M	255	0	25	0.16273809969425201	ambig_opp_strand	unspliced	12994	44	RIGEL_NRNA_chr2_1_178528764_178620148		RIGEL_NRNA_chr2_1_178528764_178620148	nrna
A00839:75:H7MFFDSXY:3:1324:6632:36276	chr2	178560815	178560964	True	-264	150M	255	0	25	0.17719414830207825	ambig_opp_strand	unspliced	12994	44	RIGEL_NRNA_chr2_1_178539804_178576557		RIGEL_NRNA_chr2_1_178539804_178576557	nrna
A00839:75:H7MFFDSXY:3:1207:12192:24017	chr2	178568207	178568356	False	480	150M	255	0	5	0.8903940320014954	ambig_opp_strand	unspliced	-1	44	.	.	.	mrna
A00839:75:H7MFFDSXY:3:1676:28022:24314	chr2	178562937	178563086	True	-326	150M	255	0	25	0.1552356630563736	ambig_opp_strand	unspliced	12994	44	RIGEL_NRNA_chr2_1_178541746_178597681		RIGEL_NRNA_chr2_1_178541746_178597681	nrna
A00839:75:H7MFFDSXY:3:2559:3766:6918	chr2	178566742	178566891	False	343	150M	255	0	25	0.49764832854270935	ambig_opp_strand	unspliced	12994	44	RIGEL_NRNA_chr2_2_178525988_178804642		RIGEL_NRNA_chr2_2_178525988_178804642	nrna
A00839:75:H7MFFDSXY:3:1417:31213:26553	chr2	178560305	178560454	False	445	150M	255	0	5	0.8369429111480713	ambig_opp_strand	unspliced	-1	44	.	.	.	mrna
A00839:75:H7MFFDSXY:3:2360:24126:18662	chr2	178568809	178568958	False	341	150M	255	0	25	0.5126522183418274	ambig_opp_strand	unspliced	12994	44	RIGEL_NRNA_chr2_2_178525988_178804642		RIGEL_NRNA_chr2_2_178525988_178804642	nrna
A00839:75:H7MFFDSXY:3:2663:8133:5650	chr2	178560059	178560208	False	491	150M	255	0	5	0.8601886034011841	ambig_opp_strand	unspliced	-1	44	.	.	.	mrna
A00839:75:H7MFFDSXY:3:2650:20347:26177	chr2	178563760	178563909	False	231	150M	255	0	25	0.7453240156173706	ambig_opp_strand	unspliced	12994	44	RIGEL_NRNA_chr2_2_178525988_178804642		RIGEL_NRNA_chr2_2_178525988_178804642	nrna
A00839:75:H7MFFDSXY:3:1115:24903:25801	chr2	178560492	178560641	False	168	150M	255	0	25	0.7279058694839478	ambig_opp_strand	unspliced	12994	44	RIGEL_NRNA_chr2_2_178525988_178804642		RIGEL_NRNA_chr2_2_178525988_178804642	nrna
A00839:75:H7MFFDSXY:3:1260:21784:13291	chr2	178560832	178560981	True	-379	150M	255	0	5	0.640011727809906	ambig_opp_strand	unspliced	-1	44	.	.	.	mrna
A00839:75:H7MFFDSXY:3:2411:26729:30561	chr2	178562545	178562694	True	-303	150M	255	2	25	0.019145948812365532	ambig_opp_strand	unspliced	12994	44	RIGEL_NRNA_chr2_1_178528739_178584816		RIGEL_NRNA_chr2_1_178528739_178584816	nrna
A00839:75:H7MFFDSXY:3:2663:32334:18630	chr2	178565451	178565600	True	-443	150M	255	0	5	0.79593425989151	ambig_opp_strand	unspliced	-1	44	.	.	.	mrna
A00839:75:H7MFFDSXY:3:1433:17390:13197	chr2	178560419	178560568	True	-249	150M	255	0	25	0.03828815743327141	ambig_opp_strand	unspliced	12994	44	RIGEL_NRNA_chr2_1_178528739_178633078		RIGEL_NRNA_chr2_1_178528739_178633078	nrna
A00839:75:H7MFFDSXY:3:1418:24089:15969	chr2	178562868	178563017	True	-606	150M	255	0	5	0.2831249535083771	ambig_opp_strand	unspliced	-1	44	.	.	.	mrna
A00839:75:H7MFFDSXY:3:2117:20600:33692	chr2	178567610	178567759	False	222	150M	255	0	3	0.07463296502828598	ambig_opp_strand	unspliced	12994	44	ENST00000342175.12	TTN	ENSG00000155657.29	mrna
A00839:75:H7MFFDSXY:3:1644:17960:5603	chr2	178569991	178570140	True	-228	150M	255	0	25	0.17890962958335876	ambig_opp_strand	unspliced	12994	44	RIGEL_NRNA_chr2_1_178539804_178576557		RIGEL_NRNA_chr2_1_178539804_178576557	nrna
A00839:75:H7MFFDSXY:3:1554:9923:13041	chr2	178569259	178569408	True	-255	150M	255	0	25	0.20935319364070892	ambig_opp_strand	unspliced	12994	44	RIGEL_NRNA_chr2_1_178523417_178776534		RIGEL_NRNA_chr2_1_178523417_178776534	nrna
A00839:75:H7MFFDSXY:3:1132:26738:13761	chr2	178561066	178561188	False	123	123M	255	0	25	0.5742973685264587	ambig_opp_strand	unspliced	12994	44	RIGEL_NRNA_chr2_2_178525988_178804642		RIGEL_NRNA_chr2_2_178525988_178804642	nrna
A00839:75:H7MFFDSXY:3:2432:16731:6543	chr2	178569358	178569507	False	357	150M	255	0	3	0.037978868931531906	ambig_opp_strand	unspliced	12994	44	ENST00000342175.12	TTN	ENSG00000155657.29	mrna
A00839:75:H7MFFDSXY:3:2476:25880:25770	chr2	178563210	178563359	False	197	150M	255	1	25	0.7435592412948608	ambig_opp_strand	unspliced	12994	44	RIGEL_NRNA_chr2_2_178525988_178804642		RIGEL_NRNA_chr2_2_178525988_178804642	nrna
A00839:75:H7MFFDSXY:3:1160:10149:28025	chr2	178568698	178568847	False	245	150M	255	0	25	0.7427022457122803	ambig_opp_strand	unspliced	12994	44	RIGEL_NRNA_chr2_2_178525988_178804642		RIGEL_NRNA_chr2_2_178525988_178804642	nrna
A00839:75:H7MFFDSXY:3:1145:4689:14090	chr2	178562268	178562417	True	-437	150M	255	0	25	0.043712541460990906	ambig_opp_strand	unspliced	12994	44	RIGEL_NRNA_chr2_1_178539804_178576557		RIGEL_NRNA_chr2_1_178539804_178576557	nrna
A00839:75:H7MFFDSXY:3:1140:13187:29872	chr2	178561720	178561869	False	159	150M	255	0	25	0.7173223495483398	ambig_opp_strand	unspliced	12994	44	RIGEL_NRNA_chr2_2_178525988_178804642		RIGEL_NRNA_chr2_2_178525988_178804642	nrna
A00839:75:H7MFFDSXY:3:2139:23140:6370	chr2	178562706	178562855	False	279	150M	255	0	5	0.0891350582242012	ambig_opp_strand	unspliced	-1	44	.	.	.	mrna
A00839:75:H7MFFDSXY:3:2236:29993:35587	chr2	178562339	178562488	False	274	150M	255	0	25	0.7214449048042297	ambig_opp_strand	unspliced	12994	44	RIGEL_NRNA_chr2_2_178525988_178804642		RIGEL_NRNA_chr2_2_178525988_178804642	nrna
A00839:75:H7MFFDSXY:3:2560:14959:15718	chr2	178561714	178561863	True	-276	150M	255	0	25	0.16450099647045135	ambig_opp_strand	unspliced	12994	44	RIGEL_NRNA_chr2_1_178540115_178582663		RIGEL_NRNA_chr2_1_178540115_178582663	nrna
A00839:75:H7MFFDSXY:3:1414:1407:2080	chr2	178562778	178562927	False	355	150M	255	0	25	0.3929325342178345	ambig_opp_strand	unspliced	12994	44	RIGEL_NRNA_chr2_2_178525988_178804642		RIGEL_NRNA_chr2_2_178525988_178804642	nrna
A00839:75:H7MFFDSXY:3:2542:15058:9502	chr2	178564208	178564357	True	-416	150M	255	0	25	0.05340074747800827	ambig_opp_strand	unspliced	12994	44	RIGEL_NRNA_chr2_1_178523417_178776534		RIGEL_NRNA_chr2_1_178523417_178776534	nrna
A00839:75:H7MFFDSXY:3:2222:13847:36558	chr2	178562362	178562511	True	-341	150M	255	1	25	0.14672160148620605	ambig_opp_strand	unspliced	12994	44	RIGEL_NRNA_chr2_1_178539804_178576557		RIGEL_NRNA_chr2_1_178539804_178576557	nrna
A00839:75:H7MFFDSXY:3:1576:31801:33270	chr2	178568637	178568786	False	276	150M	255	0	25	0.7195205688476562	ambig_opp_strand	unspliced	12994	44	RIGEL_NRNA_chr2_2_178525988_178804642		RIGEL_NRNA_chr2_2_178525988_178804642	nrna
A00839:75:H7MFFDSXY:3:1155:22218:14826	chr2	178561889	178562030	True	-142	142M	255	0	25	0.15988197922706604	ambig_opp_strand	unspliced	12994	44	RIGEL_NRNA_chr2_1_178540115_178582663		RIGEL_NRNA_chr2_1_178540115_178582663	nrna
A00839:75:H7MFFDSXY:3:2103:16550:26772	chr2	178565440	178565589	False	290	150M	255	0	25	0.7017327547073364	ambig_opp_strand	unspliced	12994	44	RIGEL_NRNA_chr2_2_178525988_178804642		RIGEL_NRNA_chr2_2_178525988_178804642	nrna
A00839:75:H7MFFDSXY:3:2206:31078:29951	chr2	178563108	178563257	False	338	150M	255	0	3	0.0659095048904419	ambig_opp_strand	unspliced	12994	44	ENST00000460472.6	TTN	ENSG00000155657.29	mrna
A00839:75:H7MFFDSXY:3:2116:6912:11209	chr2	178568493	178568642	False	341	150M	255	0	25	0.5126522183418274	ambig_opp_strand	unspliced	12994	44	RIGEL_NRNA_chr2_2_178525988_178804642		RIGEL_NRNA_chr2_2_178525988_178804642	nrna
A00839:75:H7MFFDSXY:3:2470:31367:28541	chr2	178567603	178567752	False	344	150M	255	0	3	0.059829290956258774	ambig_opp_strand	unspliced	12994	44	ENST00000460472.6	TTN	ENSG00000155657.29	mrna
A00839:75:H7MFFDSXY:3:2125:13512:30624	chr2	178568492	178568641	False	370	150M	255	0	5	0.6891862750053406	ambig_opp_strand	unspliced	-1	44	.	.	.	mrna
A00839:75:H7MFFDSXY:3:1627:3558:33677	chr2	178568400	178568549	True	-453	150M	255	0	5	0.7357704043388367	ambig_opp_strand	unspliced	-1	44	.	.	.	mrna
A00839:75:H7MFFDSXY:3:2635:22797:3803	chr2	178566325	178566474	False	197	150M	255	0	25	0.7435593008995056	ambig_opp_strand	unspliced	12994	44	RIGEL_NRNA_chr2_2_178525988_178804642		RIGEL_NRNA_chr2_2_178525988_178804642	nrna
A00839:75:H7MFFDSXY:3:1112:3947:31313	chr2	178560539	178560688	True	-240	150M	255	0	25	0.16723421216011047	ambig_opp_strand	unspliced	12994	44	RIGEL_NRNA_chr2_1_178540115_178582663		RIGEL_NRNA_chr2_1_178540115_178582663	nrna
A00839:75:H7MFFDSXY:3:2424:11523:8359	chr2	178565614	178565746	False	133	133M	255	0	5	0.19076572358608246	ambig_opp_strand	unspliced	-1	44	.	.	.	mrna
A00839:75:H7MFFDSXY:3:2652:9607:1939	chr2	178561230	178561379	False	366	150M	255	0	5	0.6358820796012878	ambig_opp_strand	unspliced	-1	44	.	.	.	mrna
A00839:75:H7MFFDSXY:3:2357:24948:27853	chr2	178561482	178561631	False	307	150M	255	0	25	0.6658114194869995	ambig_opp_strand	unspliced	12994	44	RIGEL_NRNA_chr2_2_178525988_178804642		RIGEL_NRNA_chr2_2_178525988_178804642	nrna
A00839:75:H7MFFDSXY:3:1268:6406:25113	chr2	178562609	178562758	True	-206	150M	255	0	25	0.17333394289016724	ambig_opp_strand	unspliced	12994	44	RIGEL_NRNA_chr2_1_178541746_178597681		RIGEL_NRNA_chr2_1_178541746_178597681	nrna
A00839:75:H7MFFDSXY:3:2262:1814:7294	chr2	178560180	178560329	True	-342	150M	255	0	5	0.20286527276039124	ambig_opp_strand	unspliced	-1	44	.	.	.	mrna
A00839:75:H7MFFDSXY:3:2653:31476:4272	chr2	178569137	178569286	True	-340	150M	255	0	25	0.17420035600662231	ambig_opp_strand	unspliced	12994	44	RIGEL_NRNA_chr2_1_178523417_178776534		RIGEL_NRNA_chr2_1_178523417_178776534	nrna
A00839:75:H7MFFDSXY:3:1103:30210:26256	chr2	178569188	178569337	True	-420	150M	255	0	5	0.7342039346694946	ambig_opp_strand	unspliced	-1	44	.	.	.	mrna
A00839:75:H7MFFDSXY:3:1148:31222:14512	chr2	178562319	178562468	False	364	150M	255	0	5	0.6056120991706848	ambig_opp_strand	unspliced	-1	44	.	.	.	mrna
A00839:75:H7MFFDSXY:3:2564:21965:10692	chr2	178567010	178567159	False	351	150M	255	2	5	0.45289725065231323	ambig_opp_strand	unspliced	-1	44	.	.	.	mrna
A00839:75:H7MFFDSXY:3:2630:11650:20823	chr2	178566700	178566849	False	276	150M	255	0	25	0.7195205688476562	ambig_opp_strand	unspliced	12994	44	RIGEL_NRNA_chr2_2_178525988_178804642		RIGEL_NRNA_chr2_2_178525988_178804642	nrna
A00839:75:H7MFFDSXY:3:2114:4255:35571	chr2	178564287	178564436	True	-455	150M	255	0	5	0.777315616607666	ambig_opp_strand	unspliced	-1	44	.	.	.	mrna
A00839:75:H7MFFDSXY:3:1304:8739:21887	chr2	178563216	178563365	True	-154	150M	255	0	25	0.15942177176475525	ambig_opp_strand	unspliced	12994	44	RIGEL_NRNA_chr2_1_178528764_178620148		RIGEL_NRNA_chr2_1_178528764_178620148	nrna
A00839:75:H7MFFDSXY:3:1621:13557:1986	chr2	178569446	178569595	True	-306	150M	255	0	25	0.16947422921657562	ambig_opp_strand	unspliced	12994	44	RIGEL_NRNA_chr2_1_178539804_178576557		RIGEL_NRNA_chr2_1_178539804_178576557	nrna
A00839:75:H7MFFDSXY:3:2575:16839:2065	chr2	178564213	178564362	True	-448	150M	255	1	25	0.046964313834905624	ambig_opp_strand	unspliced	12994	44	RIGEL_NRNA_chr2_1_178539804_178576557		RIGEL_NRNA_chr2_1_178539804_178576557	nrna
A00839:75:H7MFFDSXY:3:1148:12328:20838	chr2	178563110	178563259	True	-284	150M	255	0	25	0.2056083232164383	ambig_opp_strand	unspliced	12994	44	RIGEL_NRNA_chr2_1_178523417_178776534		RIGEL_NRNA_chr2_1_178523417_178776534	nrna
A00839:75:H7MFFDSXY:3:1140:30698:13823	chr2	178567674	178567823	True	-304	150M	255	0	25	0.15920186042785645	ambig_opp_strand	unspliced	12994	44	RIGEL_NRNA_chr2_1_178540115_178582663		RIGEL_NRNA_chr2_1_178540115_178582663	nrna
A00839:75:H7MFFDSXY:3:2309:27489:6355	chr2	178568394	178568543	True	-268	150M	255	0	25	0.16138248145580292	ambig_opp_strand	unspliced	12994	44	RIGEL_NRNA_chr2_1_178528764_178620148		RIGEL_NRNA_chr2_1_178528764_178620148	nrna
A00839:75:H7MFFDSXY:3:1404:32732:7200	chr2	178568396	178568545	False	391	150M	255	0	5	0.8708837032318115	ambig_opp_strand	unspliced	-1	44	.	.	.	mrna
A00839:75:H7MFFDSXY:3:1243:11360:14121	chr2	178564395	178564544	True	-219	150M	255	0	25	0.16343100368976593	ambig_opp_strand	unspliced	12994	44	RIGEL_NRNA_chr2_1_178528764_178620148		RIGEL_NRNA_chr2_1_178528764_178620148	nrna
A00839:75:H7MFFDSXY:3:2505:31665:23891	chr2	178569036	178569185	False	225	150M	255	0	3	0.0915248766541481	ambig_opp_strand	unspliced	12994	44	ENST00000460472.6	TTN	ENSG00000155657.29	mrna
A00839:75:H7MFFDSXY:3:2508:9959:19711	chr2	178565580	178565729	False	559	150M	255	1	25	0.21807077527046204	ambig_opp_strand	unspliced	12994	44	RIGEL_NRNA_chr2_2_178525988_178804642		RIGEL_NRNA_chr2_2_178525988_178804642	nrna
A00839:75:H7MFFDSXY:3:2340:11975:27148	chr2	178566290	178566439	False	202	150M	255	0	3	0.07448101043701172	ambig_opp_strand	unspliced	12994	44	ENST00000342175.12	TTN	ENSG00000155657.29	mrna
A00839:75:H7MFFDSXY:3:1466:23375:31735	chr2	178569092	178569241	False	490	150M	255	0	5	0.8614524602890015	ambig_opp_strand	unspliced	-1	44	.	.	.	mrna
A00839:75:H7MFFDSXY:3:2232:30960:24549	chr2	178566199	178566348	True	-338	150M	255	1	25	0.016924845054745674	ambig_opp_strand	unspliced	12994	44	RIGEL_NRNA_chr2_1_178528739_178584816		RIGEL_NRNA_chr2_1_178528739_178584816	nrna
A00839:75:H7MFFDSXY:3:1668:5493:11475	chr2	178568214	178568363	True	-313	150M	255	0	25	0.16173557937145233	ambig_opp_strand	unspliced	12994	44	RIGEL_NRNA_chr2_1_178541746_178597681		RIGEL_NRNA_chr2_1_178541746_178597681	nrna
A00839:75:H7MFFDSXY:3:1518:18466:9737	chr2	178566915	178567064	True	-444	150M	255	0	25	0.04284391552209854	ambig_opp_strand	unspliced	12994	44	RIGEL_NRNA_chr2_1_178541746_178597681		RIGEL_NRNA_chr2_1_178541746_178597681	nrna
A00839:75:H7MFFDSXY:3:1227:20654:19914	chr2	178563583	178563732	True	-197	150M	255	0	25	0.16309793293476105	ambig_opp_strand	unspliced	12994	44	RIGEL_NRNA_chr2_1_178528764_178620148		RIGEL_NRNA_chr2_1_178528764_178620148	nrna
A00839:75:H7MFFDSXY:3:1357:3052:30765	chr2	178568296	178568445	False	232	150M	255	0	3	0.09141986817121506	ambig_opp_strand	unspliced	12994	44	ENST00000460472.6	TTN	ENSG00000155657.29	mrna
A00839:75:H7MFFDSXY:3:1545:9561:21151	chr2	178561332	178561481	False	331	150M	255	0	25	0.5785916447639465	ambig_opp_strand	unspliced	12994	44	RIGEL_NRNA_chr2_2_178525988_178804642		RIGEL_NRNA_chr2_2_178525988_178804642	nrna
A00839:75:H7MFFDSXY:3:1535:18982:14669	chr2	178566538	178566687	False	408	150M	255	0	5	0.873664379119873	ambig_opp_strand	unspliced	-1	44	.	.	.	mrna
A00839:75:H7MFFDSXY:3:1323:32217:30232	chr2	178566545	178566694	True	-338	150M	255	0	5	0.17854911088943481	ambig_opp_strand	unspliced	-1	44	.	.	.	mrna
A00839:75:H7MFFDSXY:3:1116:25066:9580	chr2	178560889	178561038	True	-423	150M	255	0	25	0.042428530752658844	ambig_opp_strand	unspliced	12994	44	RIGEL_NRNA_chr2_1_178541746_178597681		RIGEL_NRNA_chr2_1_178541746_178597681	nrna
A00839:75:H7MFFDSXY:3:1273:27923:10708	chr2	178563089	178563238	True	-227	150M	255	0	25	0.020090030506253242	ambig_opp_strand	unspliced	12994	44	RIGEL_NRNA_chr2_1_178528739_178584816		RIGEL_NRNA_chr2_1_178528739_178584816	nrna
A00839:75:H7MFFDSXY:3:2476:17210:6308	chr2	178563240	178563389	False	318	150M	255	0	25	0.6324870586395264	ambig_opp_strand	unspliced	12994	44	RIGEL_NRNA_chr2_2_178525988_178804642		RIGEL_NRNA_chr2_2_178525988_178804642	nrna
A00839:75:H7MFFDSXY:3:1530:26024:25614	chr2	178568310	178568459	True	-408	150M	255	0	5	0.7643402814865112	ambig_opp_strand	unspliced	-1	44	.	.	.	mrna
A00839:75:H7MFFDSXY:3:2342:30870:23390	chr2	178563619	178563768	False	303	150M	255	0	25	0.6768515706062317	ambig_opp_strand	unspliced	12994	44	RIGEL_NRNA_chr2_2_178525988_178804642		RIGEL_NRNA_chr2_2_178525988_178804642	nrna
A00839:75:H7MFFDSXY:3:2468:31873:4366	chr2	178561409	178561558	False	226	150M	255	0	25	0.7461573481559753	ambig_opp_strand	unspliced	12994	44	RIGEL_NRNA_chr2_2_178525988_178804642		RIGEL_NRNA_chr2_2_178525988_178804642	nrna
A00839:75:H7MFFDSXY:3:2114:22128:31516	chr2	178566096	178566245	True	-421	150M	255	0	5	0.7734243273735046	ambig_opp_strand	unspliced	-1	44	.	.	.	mrna
A00839:75:H7MFFDSXY:3:1451:32244:11522	chr2	178566781	178566930	True	-257	150M	255	0	25	0.20921467244625092	ambig_opp_strand	unspliced	12994	44	RIGEL_NRNA_chr2_1_178523417_178776534		RIGEL_NRNA_chr2_1_178523417_178776534	nrna
A00839:75:H7MFFDSXY:3:1446:12283:7576	chr2	178564934	178565083	True	-341	150M	255	0	25	0.13728436827659607	ambig_opp_strand	unspliced	12994	44	RIGEL_NRNA_chr2_1_178540115_178582663		RIGEL_NRNA_chr2_1_178540115_178582663	nrna
A00839:75:H7MFFDSXY:3:1406:15881:9925	chr2	178565178	178565327	True	-277	150M	255	0	25	0.018627341836690903	ambig_opp_strand	unspliced	12994	44	RIGEL_NRNA_chr2_1_178528764_178738038		RIGEL_NRNA_chr2_1_178528764_178738038	nrna
A00839:75:H7MFFDSXY:3:2601:27787:23657	chr2	178566601	178566750	False	291	150M	255	0	25	0.7012701034545898	ambig_opp_strand	unspliced	12994	44	RIGEL_NRNA_chr2_2_178525988_178804642		RIGEL_NRNA_chr2_2_178525988_178804642	nrna
A00839:75:H7MFFDSXY:3:1515:19651:19617	chr2	178566707	178566856	False	260	150M	255	0	25	0.7339144945144653	ambig_opp_strand	unspliced	12994	44	RIGEL_NRNA_chr2_2_178525988_178804642		RIGEL_NRNA_chr2_2_178525988_178804642	nrna
A00839:75:H7MFFDSXY:3:2306:7771:35806	chr2	178563283	178563432	False	386	150M	255	0	5	0.8399210572242737	ambig_opp_strand	unspliced	-1	44	.	.	.	mrna
A00839:75:H7MFFDSXY:3:2346:22426:28902	chr2	178565681	178565830	False	311	150M	255	0	3	0.06543631106615067	ambig_opp_strand	unspliced	12994	44	ENST00000342175.12	TTN	ENSG00000155657.29	mrna
A00839:75:H7MFFDSXY:3:2103:12970:31219	chr2	178564934	178565083	False	169	150M	255	3	25	0.728719174861908	ambig_opp_strand	unspliced	12994	44	RIGEL_NRNA_chr2_2_178525988_178804642		RIGEL_NRNA_chr2_2_178525988_178804642	nrna
A00839:75:H7MFFDSXY:3:1540:7111:31751	chr2	178565059	178565208	True	-301	150M	255	0	25	0.1561562567949295	ambig_opp_strand	unspliced	12994	44	RIGEL_NRNA_chr2_1_178528764_178620148		RIGEL_NRNA_chr2_1_178528764_178620148	nrna
A00839:75:H7MFFDSXY:3:2163:13829:33552	chr2	178568596	178568745	True	-312	150M	255	0	25	0.16702701151371002	ambig_opp_strand	unspliced	12994	44	RIGEL_NRNA_chr2_1_178539804_178576557		RIGEL_NRNA_chr2_1_178539804_178576557	nrna
A00839:75:H7MFFDSXY:3:2339:16486:6809	chr2	178564978	178565127	False	315	150M	255	1	3	0.0789274051785469	ambig_opp_strand	unspliced	12994	44	ENST00000460472.6	TTN	ENSG00000155657.29	mrna
A00839:75:H7MFFDSXY:3:2202:27579:9862	chr2	178568001	178568150	True	-210	150M	255	0	25	0.17894890904426575	ambig_opp_strand	unspliced	12994	44	RIGEL_NRNA_chr2_1_178539804_178576557		RIGEL_NRNA_chr2_1_178539804_178576557	nrna
A00839:75:H7MFFDSXY:3:1163:31864:20697	chr2	178565292	178565441	False	318	150M	255	0	25	0.6324869990348816	ambig_opp_strand	unspliced	12994	44	RIGEL_NRNA_chr2_2_178525988_178804642		RIGEL_NRNA_chr2_2_178525988_178804642	nrna
A00839:75:H7MFFDSXY:3:2617:11623:35963	chr2	178560534	178560683	True	-271	150M	255	1	25	0.16109101474285126	ambig_opp_strand	unspliced	12994	44	RIGEL_NRNA_chr2_1_178528764_178620148		RIGEL_NRNA_chr2_1_178528764_178620148	nrna
A00839:75:H7MFFDSXY:3:1145:4273:28494	chr2	178569332	178569481	True	-330	150M	255	0	25	0.18585613369941711	ambig_opp_strand	unspliced	12994	44	RIGEL_NRNA_chr2_1_178523417_178776534		RIGEL_NRNA_chr2_1_178523417_178776534	nrna
A00839:75:H7MFFDSXY:3:1659:2700:34162	chr2	178567561	178567686	False	126	126M	255	0	5	0.2513274848461151	ambig_opp_strand	unspliced	-1	44	.	.	.	mrna
A00839:75:H7MFFDSXY:3:1613:2139:28213	chr2	178561219	178561368	False	430	150M	255	0	5	0.8731489181518555	ambig_opp_strand	unspliced	-1	44	.	.	.	mrna
A00839:75:H7MFFDSXY:3:1570:6198:6590	chr2	178560442	178560591	False	252	150M	255	1	3	0.07403122633695602	ambig_opp_strand	unspliced	12994	44	ENST00000342175.12	TTN	ENSG00000155657.29	mrna
A00839:75:H7MFFDSXY:3:1536:1208:9909	chr2	178566609	178566758	False	345	150M	255	0	3	0.048241544514894485	ambig_opp_strand	unspliced	12994	44	ENST00000342175.12	TTN	ENSG00000155657.29	mrna
A00839:75:H7MFFDSXY:3:1170:7789:11005	chr2	178567681	178567830	False	348	150M	255	0	25	0.4609840214252472	ambig_opp_strand	unspliced	12994	44	RIGEL_NRNA_chr2_2_178525988_178804642		RIGEL_NRNA_chr2_2_178525988_178804642	nrna
A00839:75:H7MFFDSXY:3:1634:27706:27179	chr2	178560545	178560694	True	-329	150M	255	0	25	0.15351241827011108	ambig_opp_strand	unspliced	12994	44	RIGEL_NRNA_chr2_1_178541746_178597681		RIGEL_NRNA_chr2_1_178541746_178597681	nrna
A00839:75:H7MFFDSXY:3:1528:28682:27555	chr2	178565436	178565585	False	325	150M	255	0	25	0.6054706573486328	ambig_opp_strand	unspliced	12994	44	RIGEL_NRNA_chr2_2_178525988_178804642		RIGEL_NRNA_chr2_2_178525988_178804642	nrna
A00839:75:H7MFFDSXY:3:1628:2844:2910	chr2	178563237	178563386	False	200	150M	255	0	25	0.7443772554397583	ambig_opp_strand	unspliced	12994	44	RIGEL_NRNA_chr2_2_178525988_178804642		RIGEL_NRNA_chr2_2_178525988_178804642	nrna
A00839:75:H7MFFDSXY:3:2502:25518:9298	chr2	178563972	178564121	True	-225	150M	255	0	25	0.16747628152370453	ambig_opp_strand	unspliced	12994	44	RIGEL_NRNA_chr2_1_178540115_178582663		RIGEL_NRNA_chr2_1_178540115_178582663	nrna
A00839:75:H7MFFDSXY:3:2456:28944:12821	chr2	178566620	178566769	True	-373	150M	255	0	5	0.5521814227104187	ambig_opp_strand	unspliced	-1	44	.	.	.	mrna
A00839:75:H7MFFDSXY:3:2650:28230:18349	chr2	178560083	178560232	False	348	150M	255	0	25	0.46098393201828003	ambig_opp_strand	unspliced	12994	44	RIGEL_NRNA_chr2_2_178525988_178804642		RIGEL_NRNA_chr2_2_178525988_178804642	nrna
A00839:75:H7MFFDSXY:3:2368:30671:5822	chr2	178566202	178566351	True	-319	150M	255	0	25	0.018410159274935722	ambig_opp_strand	unspliced	12994	44	RIGEL_NRNA_chr2_1_178528739_178584816		RIGEL_NRNA_chr2_1_178528739_178584816	nrna
A00839:75:H7MFFDSXY:3:2559:21450:23202	chr2	178565487	178565636	False	297	150M	255	0	25	0.6904120445251465	ambig_opp_strand	unspliced	12994	44	RIGEL_NRNA_chr2_2_178525988_178804642		RIGEL_NRNA_chr2_2_178525988_178804642	nrna
A00839:75:H7MFFDSXY:3:2648:32217:3396	chr2	178569424	178569573	True	-210	150M	255	0	25	0.21057173609733582	ambig_opp_strand	unspliced	12994	44	RIGEL_NRNA_chr2_1_178523417_178776534		RIGEL_NRNA_chr2_1_178523417_178776534	nrna
A00839:75:H7MFFDSXY:3:1353:19099:14747	chr2	178567803	178567952	False	220	150M	255	0	25	0.7463263869285583	ambig_opp_strand	unspliced	12994	44	RIGEL_NRNA_chr2_2_178525988_178804642		RIGEL_NRNA_chr2_2_178525988_178804642	nrna
A00839:75:H7MFFDSXY:3:2102:16975:28980	chr2	178568716	178568865	True	-224	150M	255	0	25	0.16744542121887207	ambig_opp_strand	unspliced	12994	44	RIGEL_NRNA_chr2_1_178540115_178582663		RIGEL_NRNA_chr2_1_178540115_178582663	nrna
A00839:75:H7MFFDSXY:3:1203:16116:19695	chr2	178567970	178568119	False	272	150M	255	0	25	0.7237831354141235	ambig_opp_strand	unspliced	12994	44	RIGEL_NRNA_chr2_2_178525988_178804642		RIGEL_NRNA_chr2_2_178525988_178804642	nrna
A00839:75:H7MFFDSXY:3:2441:22218:17394	chr2	178568524	178568673	True	-377	150M	255	0	5	0.6021450757980347	ambig_opp_strand	unspliced	-1	44	.	.	.	mrna
A00839:75:H7MFFDSXY:3:2119:12301:27305	chr2	178567816	178567946	True	-131	131M	255	0	25	0.1582341343164444	ambig_opp_strand	unspliced	12994	44	RIGEL_NRNA_chr2_1_178541746_178597681		RIGEL_NRNA_chr2_1_178541746_178597681	nrna
A00839:75:H7MFFDSXY:3:1609:26413:13041	chr2	178561188	178561337	True	-231	150M	255	0	25	0.2104567289352417	ambig_opp_strand	unspliced	12994	44	RIGEL_NRNA_chr2_1_178523417_178776534		RIGEL_NRNA_chr2_1_178523417_178776534	nrna
A00839:75:H7MFFDSXY:3:2215:8594:36949	chr2	178564433	178564582	False	301	150M	255	0	25	0.6809026002883911	ambig_opp_strand	unspliced	12994	44	RIGEL_NRNA_chr2_2_178525988_178804642		RIGEL_NRNA_chr2_2_178525988_178804642	nrna
A00839:75:H7MFFDSXY:3:2374:27986:9157	chr2	178563191	178563340	False	359	150M	255	0	25	0.35853227972984314	ambig_opp_strand	unspliced	12994	44	RIGEL_NRNA_chr2_2_178525988_178804642		RIGEL_NRNA_chr2_2_178525988_178804642	nrna
A00839:75:H7MFFDSXY:3:1335:23873:34695	chr2	178569609	178569758	True	-362	150M	255	0	5	0.39906924962997437	ambig_opp_strand	unspliced	-1	44	.	.	.	mrna
A00839:75:H7MFFDSXY:3:1601:18231:17440	chr2	178567377	178567526	False	272	150M	255	0	25	0.7237831354141235	ambig_opp_strand	unspliced	12994	44	RIGEL_NRNA_chr2_2_178525988_178804642		RIGEL_NRNA_chr2_2_178525988_178804642	nrna
A00839:75:H7MFFDSXY:3:2150:6135:3098	chr2	178563943	178564092	False	354	150M	255	0	5	0.4938216209411621	ambig_opp_strand	unspliced	-1	44	.	.	.	mrna
A00839:75:H7MFFDSXY:3:2472:13901:1297	chr2	178563535	178563684	False	283	150M	255	0	25	0.7115973830223083	ambig_opp_strand	unspliced	12994	44	RIGEL_NRNA_chr2_2_178525988_178804642		RIGEL_NRNA_chr2_2_178525988_178804642	nrna
A00839:75:H7MFFDSXY:3:1133:18367:13416	chr2	178568786	178568902	True	-117	117M	255	0	25	0.13565336167812347	ambig_opp_strand	unspliced	12994	44	RIGEL_NRNA_chr2_1_178528764_178620148		RIGEL_NRNA_chr2_1_178528764_178620148	nrna
A00839:75:H7MFFDSXY:3:1351:23945:35164	chr2	178562344	178562493	False	316	150M	255	0	3	0.019984791055321693	ambig_opp_strand	unspliced	12994	44	ENST00000412264.2	TTN	ENSG00000155657.29	mrna
A00839:75:H7MFFDSXY:3:2234:20971:2143	chr2	178563045	178563194	True	-358	150M	255	0	5	0.3516870439052582	ambig_opp_strand	unspliced	-1	44	.	.	.	mrna
A00839:75:H7MFFDSXY:3:1444:30382:35352	chr2	178563185	178563334	True	-225	150M	255	0	25	0.17898894846439362	ambig_opp_strand	unspliced	12994	44	RIGEL_NRNA_chr2_1_178539804_178576557		RIGEL_NRNA_chr2_1_178539804_178576557	nrna
A00839:75:H7MFFDSXY:3:1513:13458:16313	chr2	178565345	178565494	True	-202	150M	255	0	25	0.17875927686691284	ambig_opp_strand	unspliced	12994	44	RIGEL_NRNA_chr2_1_178539804_178576557		RIGEL_NRNA_chr2_1_178539804_178576557	nrna
A00839:75:H7MFFDSXY:3:1269:9543:27790	chr2	178569944	178570093	True	-226	150M	255	0	25	0.16337274014949799	ambig_opp_strand	unspliced	12994	44	RIGEL_NRNA_chr2_1_178528764_178620148		RIGEL_NRNA_chr2_1_178528764_178620148	nrna
A00839:75:H7MFFDSXY:3:2421:23728:28964	chr2	178561502	178561651	True	-158	150M	255	0	25	0.17526428401470184	ambig_opp_strand	unspliced	12994	44	RIGEL_NRNA_chr2_1_178539804_178576557		RIGEL_NRNA_chr2_1_178539804_178576557	nrna
A00839:75:H7MFFDSXY:3:1104:1353:14512	chr2	178565529	178565678	True	-289	150M	255	0	5	0.052124783396720886	ambig_opp_strand	unspliced	-1	44	.	.	.	mrna
A00839:75:H7MFFDSXY:3:2551:20274:24017	chr2	178567820	178567969	True	-355	150M	255	0	25	0.11680467426776886	ambig_opp_strand	unspliced	12994	44	RIGEL_NRNA_chr2_1_178540115_178582663		RIGEL_NRNA_chr2_1_178540115_178582663	nrna
A00839:75:H7MFFDSXY:3:2669:17879:28260	chr2	178561956	178562105	True	-363	150M	255	0	5	0.40473005175590515	ambig_opp_strand	unspliced	-1	44	.	.	.	mrna
A00839:75:H7MFFDSXY:3:1643:32398:9471	chr2	178561665	178561814	True	-515	150M	255	0	5	0.7259708642959595	ambig_opp_strand	unspliced	-1	44	.	.	.	mrna
A00839:75:H7MFFDSXY:3:1103:28763:7185	chr2	178564453	178564602	False	335	150M	255	0	25	0.5531324148178101	ambig_opp_strand	unspliced	12994	44	RIGEL_NRNA_chr2_2_178525988_178804642		RIGEL_NRNA_chr2_2_178525988_178804642	nrna
A00839:75:H7MFFDSXY:3:1452:32940:7936	chr2	178567095	178567244	False	410	150M	255	0	25	0.10721763223409653	ambig_opp_strand	unspliced	12994	44	RIGEL_NRNA_chr2_2_178525988_178804642		RIGEL_NRNA_chr2_2_178525988_178804642	nrna
A00839:75:H7MFFDSXY:3:2119:2058:27946	chr2	178569259	178569408	True	-492	150M	255	2	25	0.01032150350511074	ambig_opp_strand	unspliced	12994	44	RIGEL_NRNA_chr2_1_178528739_178633078		RIGEL_NRNA_chr2_1_178528739_178633078	nrna
A00839:75:H7MFFDSXY:3:1143:11324:20290	chr2	178568556	178568705	True	-266	150M	255	0	25	0.1715623140335083	ambig_opp_strand	unspliced	12994	44	RIGEL_NRNA_chr2_1_178541746_178597681		RIGEL_NRNA_chr2_1_178541746_178597681	nrna
A00839:75:H7MFFDSXY:3:1466:4553:6997	chr2	178569528	178569677	False	313	150M	255	0	25	0.6488268375396729	ambig_opp_strand	unspliced	12994	44	RIGEL_NRNA_chr2_2_178525988_178804642		RIGEL_NRNA_chr2_2_178525988_178804642	nrna
A00839:75:H7MFFDSXY:3:1257:1199:35102	chr2	178564229	178564378	True	-296	150M	255	0	25	0.16135813295841217	ambig_opp_strand	unspliced	12994	44	RIGEL_NRNA_chr2_1_178540115_178582663		RIGEL_NRNA_chr2_1_178540115_178582663	nrna
A00839:75:H7MFFDSXY:3:2506:2139:36417	chr2	178567825	178567974	True	-229	150M	255	0	25	0.1733691245317459	ambig_opp_strand	unspliced	12994	44	RIGEL_NRNA_chr2_1_178541746_178597681		RIGEL_NRNA_chr2_1_178541746_178597681	nrna
A00839:75:H7MFFDSXY:3:1436:31747:17926	chr2	178560805	178560954	False	465	150M	255	0	5	0.8601768612861633	ambig_opp_strand	unspliced	-1	44	.	.	.	mrna
A00839:75:H7MFFDSXY:3:1546:18041:19241	chr2	178563899	178564048	False	246	150M	255	0	25	0.7423760890960693	ambig_opp_strand	unspliced	12994	44	RIGEL_NRNA_chr2_2_178525988_178804642		RIGEL_NRNA_chr2_2_178525988_178804642	nrna
A00839:75:H7MFFDSXY:3:2559:9851:30483	chr2	178563562	178563711	True	-419	150M	255	0	5	0.7652354836463928	ambig_opp_strand	unspliced	-1	44	.	.	.	mrna
A00839:75:H7MFFDSXY:3:2432:17173:16673	chr2	178565089	178565238	True	-294	150M	255	0	25	0.16757935285568237	ambig_opp_strand	unspliced	12994	44	RIGEL_NRNA_chr2_1_178541746_178597681		RIGEL_NRNA_chr2_1_178541746_178597681	nrna
A00839:75:H7MFFDSXY:3:1442:8883:21480	chr2	178564997	178565146	True	-363	150M	255	0	25	0.012264702469110489	ambig_opp_strand	unspliced	12994	44	RIGEL_NRNA_chr2_1_178528739_178584816		RIGEL_NRNA_chr2_1_178528739_178584816	nrna
A00839:75:H7MFFDSXY:3:1232:26883:7341	chr2	178567831	178567980	True	-371	150M	255	0	5	0.5312126874923706	ambig_opp_strand	unspliced	-1	44	.	.	.	mrna
A00839:75:H7MFFDSXY:3:2120:6108:11945	chr2	178561755	178561904	False	300	150M	255	0	3	0.08370957523584366	ambig_opp_strand	unspliced	12994	44	ENST00000460472.6	TTN	ENSG00000155657.29	mrna
A00839:75:H7MFFDSXY:3:2415:3613:27289	chr2	178561719	178561868	True	-411	150M	255	0	5	0.7783854603767395	ambig_opp_strand	unspliced	-1	44	.	.	.	mrna
A00839:75:H7MFFDSXY:3:1177:23185:33974	chr2	178566692	178566841	True	-298	150M	255	0	25	0.20234820246696472	ambig_opp_strand	unspliced	12994	44	RIGEL_NRNA_chr2_1_178523417_178776534		RIGEL_NRNA_chr2_1_178523417_178776534	nrna
A00839:75:H7MFFDSXY:3:1104:15646:10050	chr2	178560054	178560203	False	269	150M	255	0	25	0.7263747453689575	ambig_opp_strand	unspliced	12994	44	RIGEL_NRNA_chr2_2_178525988_178804642		RIGEL_NRNA_chr2_2_178525988_178804642	nrna
A00839:75:H7MFFDSXY:3:2658:5068:10081	chr2	178562650	178562799	False	451	150M	255	0	5	0.8715860247612	ambig_opp_strand	unspliced	-1	44	.	.	.	mrna
A00839:75:H7MFFDSXY:3:1454:24795:26459	chr2	178568491	178568640	True	-305	150M	255	0	5	0.0741407498717308	ambig_opp_strand	unspliced	-1	44	.	.	.	mrna
A00839:75:H7MFFDSXY:3:2142:1678:9001	chr2	178565899	178566048	True	-294	150M	255	0	25	0.20346073806285858	ambig_opp_strand	unspliced	12994	44	RIGEL_NRNA_chr2_1_178523417_178776534		RIGEL_NRNA_chr2_1_178523417_178776534	nrna
A00839:75:H7MFFDSXY:3:1451:15854:27978	chr2	178566065	178566214	False	357	150M	255	0	25	0.3796462416648865	ambig_opp_strand	unspliced	12994	44	RIGEL_NRNA_chr2_2_178525988_178804642		RIGEL_NRNA_chr2_2_178525988_178804642	nrna
A00839:75:H7MFFDSXY:3:2647:26603:24111	chr2	178563295	178563444	True	-192	150M	255	0	25	0.16692721843719482	ambig_opp_strand	unspliced	12994	44	RIGEL_NRNA_chr2_1_178540115_178582663		RIGEL_NRNA_chr2_1_178540115_178582663	nrna
A00839:75:H7MFFDSXY:3:1430:3685:34961	chr2	178562351	178562500	True	-312	150M	255	1	5	0.08982325345277786	ambig_opp_strand	unspliced	-1	44	.	.	.	mrna
A00839:75:H7MFFDSXY:3:2447:10791:36526	chr2	178560236	178560385	False	434	150M	255	0	5	0.8715420365333557	ambig_opp_strand	unspliced	-1	44	.	.	.	mrna
A00839:75:H7MFFDSXY:3:2272:17861:26287	chr2	178567845	178567994	True	-207	150M	255	0	25	0.17333436012268066	ambig_opp_strand	unspliced	12994	44	RIGEL_NRNA_chr2_1_178541746_178597681		RIGEL_NRNA_chr2_1_178541746_178597681	nrna
A00839:75:H7MFFDSXY:3:2366:28601:11757	chr2	178568950	178569099	True	-216	150M	255	0	25	0.1734740138053894	ambig_opp_strand	unspliced	12994	44	RIGEL_NRNA_chr2_1_178541746_178597681		RIGEL_NRNA_chr2_1_178541746_178597681	nrna
A00839:75:H7MFFDSXY:3:2662:20021:15969	chr2	178565319	178565468	False	310	150M	255	0	25	0.6580367684364319	ambig_opp_strand	unspliced	12994	44	RIGEL_NRNA_chr2_2_178525988_178804642		RIGEL_NRNA_chr2_2_178525988_178804642	nrna
A00839:75:H7MFFDSXY:3:1201:5249:17002	chr2	178568676	178568825	True	-419	150M	255	0	25	0.039332106709480286	ambig_opp_strand	unspliced	12994	44	RIGEL_NRNA_chr2_1_178528764_178620148		RIGEL_NRNA_chr2_1_178528764_178620148	nrna
A00839:75:H7MFFDSXY:3:1153:24297:14732	chr2	178563748	178563897	True	-372	150M	255	1	5	0.5297806262969971	ambig_opp_strand	unspliced	-1	44	.	.	.	mrna
A00839:75:H7MFFDSXY:3:2176:20220:5008	chr2	178567693	178567842	False	325	150M	255	0	25	0.6054705381393433	ambig_opp_strand	unspliced	12994	44	RIGEL_NRNA_chr2_2_178525988_178804642		RIGEL_NRNA_chr2_2_178525988_178804642	nrna
A00839:75:H7MFFDSXY:3:2540:20338:3615	chr2	178564787	178564936	True	-334	150M	255	0	25	0.1498982161283493	ambig_opp_strand	unspliced	12994	44	RIGEL_NRNA_chr2_1_178541746_178597681		RIGEL_NRNA_chr2_1_178541746_178597681	nrna
A00839:75:H7MFFDSXY:3:1532:23954:30044	chr2	178562236	178562385	False	386	150M	255	0	5	0.8399209380149841	ambig_opp_strand	unspliced	-1	44	.	.	.	mrna
A00839:75:H7MFFDSXY:3:1344:25247:17785	chr2	178566146	178566295	True	-294	150M	255	0	25	0.1729058027267456	ambig_opp_strand	unspliced	12994	44	RIGEL_NRNA_chr2_1_178539804_178576557		RIGEL_NRNA_chr2_1_178539804_178576557	nrna
A00839:75:H7MFFDSXY:3:2358:15203:8218	chr2	178567061	178567210	False	339	150M	255	0	5	0.32381319999694824	ambig_opp_strand	unspliced	-1	44	.	.	.	mrna
A00839:75:H7MFFDSXY:3:1125:6949:36636	chr2	178565580	178565729	False	371	150M	255	0	25	0.23030056059360504	ambig_opp_strand	unspliced	12994	44	RIGEL_NRNA_chr2_2_178525988_178804642		RIGEL_NRNA_chr2_2_178525988_178804642	nrna
A00839:75:H7MFFDSXY:3:2534:31060:5087	chr2	178563509	178563658	True	-353	150M	255	0	5	0.3024016320705414	ambig_opp_strand	unspliced	-1	44	.	.	.	mrna
A00839:75:H7MFFDSXY:3:2356:26901:19179	chr2	178561602	178561751	False	347	150M	255	0	5	0.4102727174758911	ambig_opp_strand	unspliced	-1	44	.	.	.	mrna
A00839:75:H7MFFDSXY:3:1211:24641:30733	chr2	178563031	178563180	False	347	150M	255	1	5	0.41027262806892395	ambig_opp_strand	unspliced	-1	44	.	.	.	mrna
A00839:75:H7MFFDSXY:3:1118:23782:29997	chr2	178567836	178567985	False	262	150M	255	0	5	0.06890282034873962	ambig_opp_strand	unspliced	-1	44	.	.	.	mrna
A00839:75:H7MFFDSXY:3:1315:2582:3521	chr2	178560324	178560473	True	-317	150M	255	0	25	0.1545114517211914	ambig_opp_strand	unspliced	12994	44	RIGEL_NRNA_chr2_1_178540115_178582663		RIGEL_NRNA_chr2_1_178540115_178582663	nrna
A00839:75:H7MFFDSXY:3:1155:16966:2190	chr2	178569072	178569221	False	364	150M	255	0	25	0.31027427315711975	ambig_opp_strand	unspliced	12994	44	RIGEL_NRNA_chr2_2_178525988_178804642		RIGEL_NRNA_chr2_2_178525988_178804642	nrna
A00839:75:H7MFFDSXY:3:1202:2510:36370	chr2	178565705	178565854	True	-311	150M	255	0	25	0.1567986011505127	ambig_opp_strand	unspliced	12994	44	RIGEL_NRNA_chr2_1_178540115_178582663		RIGEL_NRNA_chr2_1_178540115_178582663	nrna
A00839:75:H7MFFDSXY:3:1610:27642:1485	chr2	178560609	178560758	False	514	150M	255	0	5	0.8625494241714478	ambig_opp_strand	unspliced	-1	44	.	.	.	mrna
A00839:75:H7MFFDSXY:3:2339:6361:26412	chr2	178566698	178566847	True	-274	150M	255	0	25	0.16471683979034424	ambig_opp_strand	unspliced	12994	44	RIGEL_NRNA_chr2_1_178540115_178582663		RIGEL_NRNA_chr2_1_178540115_178582663	nrna
A00839:75:H7MFFDSXY:3:2667:18340:28369	chr2	178562075	178562224	False	308	150M	255	0	25	0.6639626622200012	ambig_opp_strand	unspliced	12994	44	RIGEL_NRNA_chr2_2_178525988_178804642		RIGEL_NRNA_chr2_2_178525988_178804642	nrna
A00839:75:H7MFFDSXY:3:2256:4896:35712	chr2	178560924	178561073	True	-262	150M	255	0	25	0.01880856417119503	ambig_opp_strand	unspliced	12994	44	RIGEL_NRNA_chr2_1_178528764_178738038		RIGEL_NRNA_chr2_1_178528764_178738038	nrna
A00839:75:H7MFFDSXY:3:2536:21206:9846	chr2	178569473	178569622	False	181	150M	255	0	25	0.7364295721054077	ambig_opp_strand	unspliced	12994	44	RIGEL_NRNA_chr2_2_178525988_178804642		RIGEL_NRNA_chr2_2_178525988_178804642	nrna
A00839:75:H7MFFDSXY:3:2449:20085:24032	chr2	178564515	178564664	False	235	150M	255	0	25	0.7449300289154053	ambig_opp_strand	unspliced	12994	44	RIGEL_NRNA_chr2_2_178525988_178804642		RIGEL_NRNA_chr2_2_178525988_178804642	nrna
A00839:75:H7MFFDSXY:3:2624:13756:32706	chr2	178566779	178566928	False	326	150M	255	0	25	0.6002281904220581	ambig_opp_strand	unspliced	12994	44	RIGEL_NRNA_chr2_2_178525988_178804642		RIGEL_NRNA_chr2_2_178525988_178804642	nrna
A00839:75:H7MFFDSXY:3:1269:20021:28682	chr2	178569368	178569517	False	436	150M	255	0	5	0.8581100702285767	ambig_opp_strand	unspliced	-1	44	.	.	.	mrna
A00839:75:H7MFFDSXY:3:2166:32624:35697	chr2	178560198	178560347	False	339	150M	255	0	25	0.5319722294807434	ambig_opp_strand	unspliced	12994	44	RIGEL_NRNA_chr2_2_178525988_178804642		RIGEL_NRNA_chr2_2_178525988_178804642	nrna
A00839:75:H7MFFDSXY:3:2235:4137:12665	chr2	178563011	178563160	False	274	150M	255	0	25	0.7214449048042297	ambig_opp_strand	unspliced	12994	44	RIGEL_NRNA_chr2_2_178525988_178804642		RIGEL_NRNA_chr2_2_178525988_178804642	nrna
A00839:75:H7MFFDSXY:3:2222:18475:12915	chr2	178564919	178565068	True	-328	150M	255	0	25	0.15914973616600037	ambig_opp_strand	unspliced	12994	44	RIGEL_NRNA_chr2_1_178539804_178576557		RIGEL_NRNA_chr2_1_178539804_178576557	nrna
A00839:75:H7MFFDSXY:3:2304:11523:26991	chr2	178564565	178564714	True	-288	150M	255	0	25	0.20497426390647888	ambig_opp_strand	unspliced	12994	44	RIGEL_NRNA_chr2_1_178523417_178776534		RIGEL_NRNA_chr2_1_178523417_178776534	nrna
A00839:75:H7MFFDSXY:3:1546:21197:1877	chr2	178565540	178565689	True	-268	150M	255	0	25	0.20800495147705078	ambig_opp_strand	unspliced	12994	44	RIGEL_NRNA_chr2_1_178523417_178776534		RIGEL_NRNA_chr2_1_178523417_178776534	nrna
A00839:75:H7MFFDSXY:3:2458:12608:28557	chr2	178565645	178565794	True	-332	150M	255	0	25	0.18367813527584076	ambig_opp_strand	unspliced	12994	44	RIGEL_NRNA_chr2_1_178523417_178776534		RIGEL_NRNA_chr2_1_178523417_178776534	nrna
A00839:75:H7MFFDSXY:3:2250:7319:31955	chr2	178567921	178568070	True	-225	150M	255	0	25	0.018981847912073135	ambig_opp_strand	unspliced	12994	44	RIGEL_NRNA_chr2_1_178528764_178738038		RIGEL_NRNA_chr2_1_178528764_178738038	nrna
A00839:75:H7MFFDSXY:3:1142:27887:11678	chr2	178562267	178562416	True	-383	150M	255	0	5	0.6897479295730591	ambig_opp_strand	unspliced	-1	44	.	.	.	mrna
A00839:75:H7MFFDSXY:3:1608:14597:28839	chr2	178560966	178561115	True	-334	150M	255	0	25	0.15466268360614777	ambig_opp_strand	unspliced	12994	44	RIGEL_NRNA_chr2_1_178539804_178576557		RIGEL_NRNA_chr2_1_178539804_178576557	nrna
A00839:75:H7MFFDSXY:3:1201:28845:28839	chr2	178568302	178568451	True	-227	150M	255	0	25	0.16336244344711304	ambig_opp_strand	unspliced	12994	44	RIGEL_NRNA_chr2_1_178528764_178620148		RIGEL_NRNA_chr2_1_178528764_178620148	nrna
A00839:75:H7MFFDSXY:3:2448:3631:18270	chr2	178563913	178564062	False	408	150M	255	0	5	0.8736642599105835	ambig_opp_strand	unspliced	-1	44	.	.	.	mrna
A00839:75:H7MFFDSXY:3:2168:22643:29810	chr2	178561072	178561221	True	-272	150M	255	0	25	0.2074774205684662	ambig_opp_strand	unspliced	12994	44	RIGEL_NRNA_chr2_1_178523417_178776534		RIGEL_NRNA_chr2_1_178523417_178776534	nrna
A00839:75:H7MFFDSXY:3:1637:17228:6464	chr2	178563466	178563615	False	270	150M	255	0	25	0.7257305383682251	ambig_opp_strand	unspliced	12994	44	RIGEL_NRNA_chr2_2_178525988_178804642		RIGEL_NRNA_chr2_2_178525988_178804642	nrna
A00839:75:H7MFFDSXY:3:1224:27733:34992	chr2	178562365	178562514	False	367	150M	255	0	25	0.2777172327041626	ambig_opp_strand	unspliced	12994	44	RIGEL_NRNA_chr2_2_178525988_178804642		RIGEL_NRNA_chr2_2_178525988_178804642	nrna
A00839:75:H7MFFDSXY:3:1307:7066:33144	chr2	178562846	178562995	False	303	150M	255	0	25	0.6768515706062317	ambig_opp_strand	unspliced	12994	44	RIGEL_NRNA_chr2_2_178525988_178804642		RIGEL_NRNA_chr2_2_178525988_178804642	nrna
A00839:75:H7MFFDSXY:3:2672:1316:31015	chr2	178560003	178560152	True	-208	150M	255	0	25	0.17894358932971954	ambig_opp_strand	unspliced	12994	44	RIGEL_NRNA_chr2_1_178539804_178576557		RIGEL_NRNA_chr2_1_178539804_178576557	nrna
A00839:75:H7MFFDSXY:3:2249:24840:27915	chr2	178563481	178563630	False	267	150M	255	0	25	0.7280691862106323	ambig_opp_strand	unspliced	12994	44	RIGEL_NRNA_chr2_2_178525988_178804642		RIGEL_NRNA_chr2_2_178525988_178804642	nrna
A00839:75:H7MFFDSXY:3:2612:18855:33552	chr2	178564033	178564182	False	446	150M	255	0	5	0.8625881671905518	ambig_opp_strand	unspliced	-1	44	.	.	.	mrna
A00839:75:H7MFFDSXY:3:1175:12228:15812	chr2	178561517	178561666	True	-496	150M	255	0	5	0.7755382657051086	ambig_opp_strand	unspliced	-1	44	.	.	.	mrna
A00839:75:H7MFFDSXY:3:1146:8449:11303	chr2	178567445	178567594	True	-195	150M	255	0	25	0.1730385422706604	ambig_opp_strand	unspliced	12994	44	RIGEL_NRNA_chr2_1_178541746_178597681		RIGEL_NRNA_chr2_1_178541746_178597681	nrna
A00839:75:H7MFFDSXY:3:2637:12201:35618	chr2	178567814	178567963	False	303	150M	255	0	3	0.08298395574092865	ambig_opp_strand	unspliced	12994	44	ENST00000460472.6	TTN	ENSG00000155657.29	mrna
A00839:75:H7MFFDSXY:3:1675:4761:35446	chr2	178562492	178562641	False	213	150M	255	0	25	0.7460277676582336	ambig_opp_strand	unspliced	12994	44	RIGEL_NRNA_chr2_2_178525988_178804642		RIGEL_NRNA_chr2_2_178525988_178804642	nrna
A00839:75:H7MFFDSXY:3:2328:8115:14544	chr2	178561727	178561876	False	256	150M	255	0	3	0.07372253388166428	ambig_opp_strand	unspliced	12994	44	ENST00000342175.12	TTN	ENSG00000155657.29	mrna
A00839:75:H7MFFDSXY:3:2566:22408:22639	chr2	178569340	178569489	True	-222	150M	255	0	25	0.020089900121092796	ambig_opp_strand	unspliced	12994	44	RIGEL_NRNA_chr2_1_178528739_178584816		RIGEL_NRNA_chr2_1_178528739_178584816	nrna
A00839:75:H7MFFDSXY:3:1327:13485:11851	chr2	178569656	178569805	True	-388	150M	255	1	25	0.057340435683727264	ambig_opp_strand	unspliced	12994	44	RIGEL_NRNA_chr2_1_178523417_178776534		RIGEL_NRNA_chr2_1_178523417_178776534	nrna
A00839:75:H7MFFDSXY:3:2168:5041:26537	chr2	178561820	178561969	True	-273	150M	255	0	25	0.16491390764713287	ambig_opp_strand	unspliced	12994	44	RIGEL_NRNA_chr2_1_178540115_178582663		RIGEL_NRNA_chr2_1_178540115_178582663	nrna
A00839:75:H7MFFDSXY:3:2374:12852:7874	chr2	178563195	178563344	True	-323	150M	255	0	25	0.15698261559009552	ambig_opp_strand	unspliced	12994	44	RIGEL_NRNA_chr2_1_178541746_178597681		RIGEL_NRNA_chr2_1_178541746_178597681	nrna
A00839:75:H7MFFDSXY:3:2365:13476:19382	chr2	178564311	178564459	True	-149	149M	255	0	25	0.17329740524291992	ambig_opp_strand	unspliced	12994	44	RIGEL_NRNA_chr2_1_178539804_178576557		RIGEL_NRNA_chr2_1_178539804_178576557	nrna
A00839:75:H7MFFDSXY:3:2110:20618:29528	chr2	178565385	178565534	False	384	150M	255	2	5	0.8257207274436951	ambig_opp_strand	unspliced	-1	44	.	.	.	mrna
A00839:75:H7MFFDSXY:3:2343:19524:4554	chr2	178565525	178565674	False	175	150M	255	0	25	0.7335613369941711	ambig_opp_strand	unspliced	12994	44	RIGEL_NRNA_chr2_2_178525988_178804642		RIGEL_NRNA_chr2_2_178525988_178804642	nrna
A00839:75:H7MFFDSXY:3:1477:14018:14278	chr2	178567111	178567260	True	-322	150M	255	0	5	0.11407722532749176	ambig_opp_strand	unspliced	-1	44	.	.	.	mrna
A00839:75:H7MFFDSXY:3:1360:6912:9424	chr2	178566038	178566187	True	-341	150M	255	0	25	0.14672157168388367	ambig_opp_strand	unspliced	12994	44	RIGEL_NRNA_chr2_1_178539804_178576557		RIGEL_NRNA_chr2_1_178539804_178576557	nrna
A00839:75:H7MFFDSXY:3:1311:29360:3552	chr2	178563651	178563800	True	-313	150M	255	0	25	0.15614274144172668	ambig_opp_strand	unspliced	12994	44	RIGEL_NRNA_chr2_1_178540115_178582663		RIGEL_NRNA_chr2_1_178540115_178582663	nrna
A00839:75:H7MFFDSXY:3:1652:15085:23735	chr2	178563459	178563608	True	-445	150M	255	0	5	0.7065165042877197	ambig_opp_strand	unspliced	-1	44	.	.	.	mrna
A00839:75:H7MFFDSXY:3:1567:2573:23766	chr2	178565841	178565990	True	-431	150M	255	0	25	0.047775041311979294	ambig_opp_strand	unspliced	12994	44	RIGEL_NRNA_chr2_1_178539804_178576557		RIGEL_NRNA_chr2_1_178539804_178576557	nrna
A00839:75:H7MFFDSXY:3:1229:19895:27899	chr2	178567498	178567647	True	-260	150M	255	0	25	0.16206905245780945	ambig_opp_strand	unspliced	12994	44	RIGEL_NRNA_chr2_1_178528764_178620148		RIGEL_NRNA_chr2_1_178528764_178620148	nrna
A00839:75:H7MFFDSXY:3:2412:29821:15875	chr2	178565231	178565380	False	317	150M	255	0	25	0.6358458399772644	ambig_opp_strand	unspliced	12994	44	RIGEL_NRNA_chr2_2_178525988_178804642		RIGEL_NRNA_chr2_2_178525988_178804642	nrna
A00839:75:H7MFFDSXY:3:1610:18502:18035	chr2	178562044	178562193	True	-209	150M	255	0	25	0.16333283483982086	ambig_opp_strand	unspliced	12994	44	RIGEL_NRNA_chr2_1_178528764_178620148		RIGEL_NRNA_chr2_1_178528764_178620148	nrna
A00839:75:H7MFFDSXY:3:2122:20148:32753	chr2	178569166	178569315	False	398	150M	255	6	5	0.8627043962478638	ambig_opp_strand	unspliced	-1	44	.	.	.	mrna
A00839:75:H7MFFDSXY:3:1641:17119:1266	chr2	178567573	178567721	False	424	149M1S	255	0	5	0.8688693046569824	ambig_opp_strand	unspliced	-1	44	.	.	.	mrna
A00839:75:H7MFFDSXY:3:1211:16016:30702	chr2	178566963	178567112	True	-299	150M	255	0	25	0.019280096516013145	ambig_opp_strand	unspliced	12994	44	RIGEL_NRNA_chr2_1_178528739_178584816		RIGEL_NRNA_chr2_1_178528739_178584816	nrna
A00839:75:H7MFFDSXY:3:1663:12518:26490	chr2	178567098	178567247	False	169	150M	255	0	25	0.7287191152572632	ambig_opp_strand	unspliced	12994	44	RIGEL_NRNA_chr2_2_178525988_178804642		RIGEL_NRNA_chr2_2_178525988_178804642	nrna
A00839:75:H7MFFDSXY:3:1402:8965:29825	chr2	178561852	178562001	False	253	150M	255	0	3	0.07391268014907837	ambig_opp_strand	unspliced	12994	44	ENST00000342175.12	TTN	ENSG00000155657.29	mrna
A00839:75:H7MFFDSXY:3:1223:24496:18333	chr2	178563765	178563914	True	-524	150M	255	0	5	0.7276347875595093	ambig_opp_strand	unspliced	-1	44	.	.	.	mrna
A00839:75:H7MFFDSXY:3:2334:21766:28729	chr2	178565349	178565498	True	-163	150M	255	0	25	0.20732297003269196	ambig_opp_strand	unspliced	12994	44	RIGEL_NRNA_chr2_1_178523417_178776534		RIGEL_NRNA_chr2_1_178523417_178776534	nrna
A00839:75:H7MFFDSXY:3:1165:8522:4883	chr2	178560231	178560380	True	-198	150M	255	0	25	0.17872029542922974	ambig_opp_strand	unspliced	12994	44	RIGEL_NRNA_chr2_1_178539804_178576557		RIGEL_NRNA_chr2_1_178539804_178576557	nrna
A00839:75:H7MFFDSXY:3:2171:3034:28354	chr2	178562764	178562913	False	322	150M	255	0	25	0.6172564029693604	ambig_opp_strand	unspliced	12994	44	RIGEL_NRNA_chr2_2_178525988_178804642		RIGEL_NRNA_chr2_2_178525988_178804642	nrna
A00839:75:H7MFFDSXY:3:2429:9462:17096	chr2	178562875	178563024	False	277	150M	255	0	25	0.7181640267372131	ambig_opp_strand	unspliced	12994	44	RIGEL_NRNA_chr2_2_178525988_178804642		RIGEL_NRNA_chr2_2_178525988_178804642	nrna
A00839:75:H7MFFDSXY:3:1157:15971:8390	chr2	178567086	178567216	False	131	131M	255	0	5	0.2091212421655655	ambig_opp_strand	unspliced	-1	44	.	.	.	mrna
A00839:75:H7MFFDSXY:3:2234:9634:32111	chr2	178565967	178566116	False	392	150M	255	0	25	0.10805957019329071	ambig_opp_strand	unspliced	12994	44	RIGEL_NRNA_chr2_2_178525988_178804642		RIGEL_NRNA_chr2_2_178525988_178804642	nrna
A00839:75:H7MFFDSXY:3:1230:13783:32315	chr2	178564117	178564266	True	-306	150M	255	1	25	0.16947421431541443	ambig_opp_strand	unspliced	12994	44	RIGEL_NRNA_chr2_1_178539804_178576557		RIGEL_NRNA_chr2_1_178539804_178576557	nrna
A00839:75:H7MFFDSXY:3:2261:23068:3959	chr2	178564844	178564993	True	-397	150M	255	0	5	0.7507028579711914	ambig_opp_strand	unspliced	-1	44	.	.	.	mrna
A00839:75:H7MFFDSXY:3:2451:14516:4178	chr2	178568436	178568584	True	-149	149M	255	0	25	0.17329740524291992	ambig_opp_strand	unspliced	12994	44	RIGEL_NRNA_chr2_1_178539804_178576557		RIGEL_NRNA_chr2_1_178539804_178576557	nrna
A00839:75:H7MFFDSXY:3:1236:10981:27993	chr2	178567867	178568016	False	346	150M	255	0	3	0.05822659283876419	ambig_opp_strand	unspliced	12994	44	ENST00000460472.6	TTN	ENSG00000155657.29	mrna
A00839:75:H7MFFDSXY:3:2170:26756:25066	chr2	178569990	178570139	True	-323	150M	255	0	25	0.15155410766601562	ambig_opp_strand	unspliced	12994	44	RIGEL_NRNA_chr2_1_178540115_178582663		RIGEL_NRNA_chr2_1_178540115_178582663	nrna
A00839:75:H7MFFDSXY:3:2604:20582:15154	chr2	178566063	178566212	False	281	150M	255	0	25	0.7138228416442871	ambig_opp_strand	unspliced	12994	44	RIGEL_NRNA_chr2_2_178525988_178804642		RIGEL_NRNA_chr2_2_178525988_178804642	nrna
A00839:75:H7MFFDSXY:3:2644:31042:14982	chr2	178566246	178566395	True	-464	150M	255	1	5	0.7582982778549194	ambig_opp_strand	unspliced	-1	44	.	.	.	mrna
A00839:75:H7MFFDSXY:3:1675:5665:27023	chr2	178564679	178564828	False	360	150M	255	0	5	0.553801953792572	ambig_opp_strand	unspliced	-1	44	.	.	.	mrna
A00839:75:H7MFFDSXY:3:1226:26973:32612	chr2	178566501	178566650	False	306	150M	255	0	3	0.08197807520627975	ambig_opp_strand	unspliced	12994	44	ENST00000460472.6	TTN	ENSG00000155657.29	mrna
A00839:75:H7MFFDSXY:3:1140:11397:27962	chr2	178567765	178567914	False	171	150M	255	0	25	0.7302685976028442	ambig_opp_strand	unspliced	12994	44	RIGEL_NRNA_chr2_2_178525988_178804642		RIGEL_NRNA_chr2_2_178525988_178804642	nrna
A00839:75:H7MFFDSXY:3:2519:6135:35603	chr2	178560872	178561021	True	-311	150M	255	0	25	0.1971905529499054	ambig_opp_strand	unspliced	12994	44	RIGEL_NRNA_chr2_1_178523417_178776534		RIGEL_NRNA_chr2_1_178523417_178776534	nrna
A00839:75:H7MFFDSXY:3:1676:15013:23829	chr2	178567393	178567542	False	291	150M	255	1	25	0.7012701034545898	ambig_opp_strand	unspliced	12994	44	RIGEL_NRNA_chr2_2_178525988_178804642		RIGEL_NRNA_chr2_2_178525988_178804642	nrna
A00839:75:H7MFFDSXY:3:2358:21278:28541	chr2	178561477	178561626	False	464	150M	255	0	5	0.8699482679367065	ambig_opp_strand	unspliced	-1	44	.	.	.	mrna
A00839:75:H7MFFDSXY:3:2675:5755:13150	chr2	178564995	178565144	True	-267	150M	255	1	25	0.1713818609714508	ambig_opp_strand	unspliced	12994	44	RIGEL_NRNA_chr2_1_178541746_178597681		RIGEL_NRNA_chr2_1_178541746_178597681	nrna
A00839:75:H7MFFDSXY:3:1203:32253:36714	chr2	178567270	178567419	True	-250	150M	255	0	25	0.17834921181201935	ambig_opp_strand	unspliced	12994	44	RIGEL_NRNA_chr2_1_178539804_178576557		RIGEL_NRNA_chr2_1_178539804_178576557	nrna
A00839:75:H7MFFDSXY:3:1620:30888:24267	chr2	178563381	178563530	False	303	150M	255	2	5	0.13965757191181183	ambig_opp_strand	unspliced	-1	44	.	.	.	mrna
A00839:75:H7MFFDSXY:3:2639:17897:19304	chr2	178563573	178563722	False	348	150M	255	0	25	0.46098393201828003	ambig_opp_strand	unspliced	12994	44	RIGEL_NRNA_chr2_2_178525988_178804642		RIGEL_NRNA_chr2_2_178525988_178804642	nrna
A00839:75:H7MFFDSXY:3:1423:20229:30514	chr2	178563981	178564130	False	321	150M	255	0	25	0.6214569211006165	ambig_opp_strand	unspliced	12994	44	RIGEL_NRNA_chr2_2_178525988_178804642		RIGEL_NRNA_chr2_2_178525988_178804642	nrna
A00839:75:H7MFFDSXY:3:2428:26883:28197	chr2	178565342	178565491	True	-408	150M	255	0	5	0.7643402814865112	ambig_opp_strand	unspliced	-1	44	.	.	.	mrna
A00839:75:H7MFFDSXY:3:2534:8594:2409	chr2	178562155	178562304	False	359	150M	255	0	5	0.5442716479301453	ambig_opp_strand	unspliced	-1	44	.	.	.	mrna
A00839:75:H7MFFDSXY:3:1503:8413:28933	chr2	178569969	178570118	False	291	150M	255	0	25	0.7012701034545898	ambig_opp_strand	unspliced	12994	44	RIGEL_NRNA_chr2_2_178525988_178804642		RIGEL_NRNA_chr2_2_178525988_178804642	nrna
A00839:75:H7MFFDSXY:3:2363:22110:7999	chr2	178569334	178569483	False	434	150M	255	0	3	0.012390357442200184	ambig_opp_strand	unspliced	12994	44	ENST00000460472.6	TTN	ENSG00000155657.29	mrna
A00839:75:H7MFFDSXY:3:1552:19524:7059	chr2	178560578	178560727	True	-397	150M	255	0	5	0.7507028579711914	ambig_opp_strand	unspliced	-1	44	.	.	.	mrna
A00839:75:H7MFFDSXY:3:2567:20057:16814	chr2	178569023	178569172	True	-250	150M	255	0	25	0.16687770187854767	ambig_opp_strand	unspliced	12994	44	RIGEL_NRNA_chr2_1_178540115_178582663		RIGEL_NRNA_chr2_1_178540115_178582663	nrna
A00839:75:H7MFFDSXY:3:2574:16577:29356	chr2	178566674	178566823	True	-236	150M	255	0	25	0.16729862987995148	ambig_opp_strand	unspliced	12994	44	RIGEL_NRNA_chr2_1_178540115_178582663		RIGEL_NRNA_chr2_1_178540115_178582663	nrna
A00839:75:H7MFFDSXY:3:1361:31539:15906	chr2	178564405	178564554	True	-285	150M	255	0	25	0.20546285808086395	ambig_opp_strand	unspliced	12994	44	RIGEL_NRNA_chr2_1_178523417_178776534		RIGEL_NRNA_chr2_1_178523417_178776534	nrna
A00839:75:H7MFFDSXY:3:1307:18087:25864	chr2	178564849	178564998	False	241	150M	255	0	3	0.07440921664237976	ambig_opp_strand	unspliced	12994	44	ENST00000342175.12	TTN	ENSG00000155657.29	mrna
A00839:75:H7MFFDSXY:3:2234:19217:27258	chr2	178567498	178567647	False	214	150M	255	0	25	0.746132493019104	ambig_opp_strand	unspliced	12994	44	RIGEL_NRNA_chr2_2_178525988_178804642		RIGEL_NRNA_chr2_2_178525988_178804642	nrna
A00839:75:H7MFFDSXY:3:2470:12816:14763	chr2	178560990	178561139	False	342	150M	255	0	5	0.351750910282135	ambig_opp_strand	unspliced	-1	44	.	.	.	mrna
A00839:75:H7MFFDSXY:3:1114:20952:24815	chr2	178565424	178565573	False	219	150M	255	0	25	0.7467092871665955	ambig_opp_strand	unspliced	12994	44	RIGEL_NRNA_chr2_2_178525988_178804642		RIGEL_NRNA_chr2_2_178525988_178804642	nrna
A00839:75:H7MFFDSXY:3:1220:32325:19241	chr2	178560394	178560543	False	163	150M	255	0	3	0.07229551672935486	ambig_opp_strand	unspliced	12994	44	ENST00000342175.12	TTN	ENSG00000155657.29	mrna
A00839:75:H7MFFDSXY:3:1133:10827:17362	chr2	178567738	178567887	True	-318	150M	255	0	25	0.164676234126091	ambig_opp_strand	unspliced	12994	44	RIGEL_NRNA_chr2_1_178539804_178576557		RIGEL_NRNA_chr2_1_178539804_178576557	nrna
A00839:75:H7MFFDSXY:3:1601:18593:4288	chr2	178567951	178568100	False	333	150M	255	0	5	0.2809092402458191	ambig_opp_strand	unspliced	-1	44	.	.	.	mrna
A00839:75:H7MFFDSXY:3:1305:32253:18020	chr2	178568324	178568473	False	370	150M	255	0	25	0.2445245087146759	ambig_opp_strand	unspliced	12994	44	RIGEL_NRNA_chr2_2_178525988_178804642		RIGEL_NRNA_chr2_2_178525988_178804642	nrna
A00839:75:H7MFFDSXY:3:1202:30535:8688	chr2	178564508	178564657	True	-367	150M	255	0	25	0.09868209809064865	ambig_opp_strand	unspliced	12994	44	RIGEL_NRNA_chr2_1_178539804_178576557		RIGEL_NRNA_chr2_1_178539804_178576557	nrna
A00839:75:H7MFFDSXY:3:1362:4399:8265	chr2	178564529	178564678	True	-320	150M	255	0	25	0.14940747618675232	ambig_opp_strand	unspliced	12994	44	RIGEL_NRNA_chr2_1_178528764_178620148		RIGEL_NRNA_chr2_1_178528764_178620148	nrna
A00839:75:H7MFFDSXY:3:2148:30942:14278	chr2	178561073	178561222	False	356	150M	255	0	25	0.38579821586608887	ambig_opp_strand	unspliced	12994	44	RIGEL_NRNA_chr2_2_178525988_178804642		RIGEL_NRNA_chr2_2_178525988_178804642	nrna
A00839:75:H7MFFDSXY:3:1635:32117:32597	chr2	178567793	178567941	True	-149	149M	255	0	25	0.16795888543128967	ambig_opp_strand	unspliced	12994	44	RIGEL_NRNA_chr2_1_178541746_178597681		RIGEL_NRNA_chr2_1_178541746_178597681	nrna
A00839:75:H7MFFDSXY:3:1150:25473:23343	chr2	178569563	178569712	False	429	150M	255	0	5	0.8621153831481934	ambig_opp_strand	unspliced	-1	44	.	.	.	mrna
A00839:75:H7MFFDSXY:3:1663:1859:16548	chr2	178566484	178566633	False	216	150M	255	0	25	0.7465053200721741	ambig_opp_strand	unspliced	12994	44	RIGEL_NRNA_chr2_2_178525988_178804642		RIGEL_NRNA_chr2_2_178525988_178804642	nrna
A00839:75:H7MFFDSXY:3:1472:30364:24048	chr2	178568528	178568677	False	360	150M	255	0	25	0.351034551858902	ambig_opp_strand	unspliced	12994	44	RIGEL_NRNA_chr2_2_178525988_178804642		RIGEL_NRNA_chr2_2_178525988_178804642	nrna
A00839:75:H7MFFDSXY:3:2558:1787:35744	chr2	178564944	178565093	False	172	150M	255	1	25	0.7311204671859741	ambig_opp_strand	unspliced	12994	44	RIGEL_NRNA_chr2_2_178525988_178804642		RIGEL_NRNA_chr2_2_178525988_178804642	nrna
A00839:75:H7MFFDSXY:3:2426:3649:6965	chr2	178563694	178563843	True	-362	150M	255	0	5	0.3990693688392639	ambig_opp_strand	unspliced	-1	44	.	.	.	mrna
A00839:75:H7MFFDSXY:3:2401:18087:34945	chr2	178569595	178569744	True	-423	150M	255	0	25	0.05151314660906792	ambig_opp_strand	unspliced	12994	44	RIGEL_NRNA_chr2_1_178523417_178776534		RIGEL_NRNA_chr2_1_178523417_178776534	nrna
A00839:75:H7MFFDSXY:3:1578:24361:6605	chr2	178566970	178567119	True	-363	150M	255	0	25	0.10587316006422043	ambig_opp_strand	unspliced	12994	44	RIGEL_NRNA_chr2_1_178541746_178597681		RIGEL_NRNA_chr2_1_178541746_178597681	nrna
A00839:75:H7MFFDSXY:3:1643:23095:19476	chr2	178565351	178565500	False	256	150M	255	0	25	0.7369487881660461	ambig_opp_strand	unspliced	12994	44	RIGEL_NRNA_chr2_2_178525988_178804642		RIGEL_NRNA_chr2_2_178525988_178804642	nrna
A00839:75:H7MFFDSXY:3:1475:30924:2347	chr2	178563558	178563707	False	355	150M	255	0	25	0.3929325342178345	ambig_opp_strand	unspliced	12994	44	RIGEL_NRNA_chr2_2_178525988_178804642		RIGEL_NRNA_chr2_2_178525988_178804642	nrna
A00839:75:H7MFFDSXY:3:2471:10881:36652	chr2	178567358	178567507	True	-339	150M	255	0	25	0.015892012044787407	ambig_opp_strand	unspliced	12994	44	RIGEL_NRNA_chr2_1_178528764_178738038		RIGEL_NRNA_chr2_1_178528764_178738038	nrna
A00839:75:H7MFFDSXY:3:2334:17607:9846	chr2	178562490	178562639	True	-385	150M	255	0	5	0.711328387260437	ambig_opp_strand	unspliced	-1	44	.	.	.	mrna
A00839:75:H7MFFDSXY:3:1529:16495:7576	chr2	178569134	178569283	False	339	150M	255	0	5	0.32381319999694824	ambig_opp_strand	unspliced	-1	44	.	.	.	mrna
A00839:75:H7MFFDSXY:3:1423:2085:10614	chr2	178566411	178566560	False	361	150M	255	0	5	0.5647107362747192	ambig_opp_strand	unspliced	-1	44	.	.	.	mrna
A00839:75:H7MFFDSXY:3:2103:1633:21355	chr2	178566774	178566923	False	303	150M	255	0	25	0.6768515706062317	ambig_opp_strand	unspliced	12994	44	RIGEL_NRNA_chr2_2_178525988_178804642		RIGEL_NRNA_chr2_2_178525988_178804642	nrna
A00839:75:H7MFFDSXY:3:1363:11333:14231	chr2	178567522	178567671	True	-350	150M	255	0	25	0.12217135727405548	ambig_opp_strand	unspliced	12994	44	RIGEL_NRNA_chr2_1_178528764_178620148		RIGEL_NRNA_chr2_1_178528764_178620148	nrna
A00839:75:H7MFFDSXY:3:1607:26476:21355	chr2	178565878	178566027	True	-468	150M	255	0	5	0.766736626625061	ambig_opp_strand	unspliced	-1	44	.	.	.	mrna
A00839:75:H7MFFDSXY:3:2322:30382:21418	chr2	178562532	178562681	True	-318	150M	255	0	25	0.19377687573432922	ambig_opp_strand	unspliced	12994	44	RIGEL_NRNA_chr2_1_178523417_178776534		RIGEL_NRNA_chr2_1_178523417_178776534	nrna
A00839:75:H7MFFDSXY:3:1570:20419:34475	chr2	178561798	178561947	False	244	150M	255	0	3	0.09106801450252533	ambig_opp_strand	unspliced	12994	44	ENST00000460472.6	TTN	ENSG00000155657.29	mrna
A00839:75:H7MFFDSXY:3:1561:32687:32205	chr2	178562423	178562572	False	363	150M	255	0	5	0.5917815566062927	ambig_opp_strand	unspliced	-1	44	.	.	.	mrna
A00839:75:H7MFFDSXY:3:2454:6840:3255	chr2	178561707	178561856	True	-425	150M	255	0	25	0.0588778555393219	ambig_opp_strand	unspliced	12994	44	RIGEL_NRNA_chr2_1_178523417_178776534		RIGEL_NRNA_chr2_1_178523417_178776534	nrna
A00839:75:H7MFFDSXY:3:1134:25798:15201	chr2	178561315	178561464	True	-309	150M	255	5	25	0.16823342442512512	ambig_opp_strand	unspliced	12994	44	RIGEL_NRNA_chr2_1_178539804_178576557		RIGEL_NRNA_chr2_1_178539804_178576557	nrna
A00839:75:H7MFFDSXY:3:1265:26431:4116	chr2	178568429	178568578	False	215	150M	255	0	3	0.07469460368156433	ambig_opp_strand	unspliced	12994	44	ENST00000342175.12	TTN	ENSG00000155657.29	mrna
A00839:75:H7MFFDSXY:3:2501:15962:36777	chr2	178569193	178569342	False	264	150M	255	0	25	0.731153130531311	ambig_opp_strand	unspliced	12994	44	RIGEL_NRNA_chr2_2_178525988_178804642		RIGEL_NRNA_chr2_2_178525988_178804642	nrna
A00839:75:H7MFFDSXY:3:1258:19750:32002	chr2	178561025	178561174	True	-308	150M	255	0	25	0.19870826601982117	ambig_opp_strand	unspliced	12994	44	RIGEL_NRNA_chr2_1_178523417_178776534		RIGEL_NRNA_chr2_1_178523417_178776534	nrna
A00839:75:H7MFFDSXY:3:1211:4273:26897	chr2	178569598	178569747	True	-224	150M	255	0	25	0.17344313859939575	ambig_opp_strand	unspliced	12994	44	RIGEL_NRNA_chr2_1_178541746_178597681		RIGEL_NRNA_chr2_1_178541746_178597681	nrna
A00839:75:H7MFFDSXY:3:2553:12174:4539	chr2	178568259	178568408	True	-253	150M	255	0	25	0.1780981719493866	ambig_opp_strand	unspliced	12994	44	RIGEL_NRNA_chr2_1_178539804_178576557		RIGEL_NRNA_chr2_1_178539804_178576557	nrna
A00839:75:H7MFFDSXY:3:1535:20790:11976	chr2	178562376	178562525	True	-268	150M	255	0	25	0.17676760256290436	ambig_opp_strand	unspliced	12994	44	RIGEL_NRNA_chr2_1_178539804_178576557		RIGEL_NRNA_chr2_1_178539804_178576557	nrna
A00839:75:H7MFFDSXY:3:2567:17933:24972	chr2	178569838	178569987	False	361	150M	255	2	5	0.5647107362747192	ambig_opp_strand	unspliced	-1	44	.	.	.	mrna
A00839:75:H7MFFDSXY:3:1560:21423:2112	chr2	178566071	178566199	False	129	129M	255	0	5	0.21768102049827576	ambig_opp_strand	unspliced	-1	44	.	.	.	mrna
A00839:75:H7MFFDSXY:3:1151:10764:28338	chr2	178564901	178565050	False	338	150M	255	0	25	0.5375851988792419	ambig_opp_strand	unspliced	12994	44	RIGEL_NRNA_chr2_2_178525988_178804642		RIGEL_NRNA_chr2_2_178525988_178804642	nrna
A00839:75:H7MFFDSXY:3:1333:2582:9095	chr2	178566826	178566975	True	-418	150M	255	0	25	0.04987771064043045	ambig_opp_strand	unspliced	12994	44	RIGEL_NRNA_chr2_1_178523417_178776534		RIGEL_NRNA_chr2_1_178523417_178776534	nrna
A00839:75:H7MFFDSXY:3:1522:24677:12759	chr2	178561774	178561923	True	-167	150M	255	0	25	0.17125113308429718	ambig_opp_strand	unspliced	12994	44	RIGEL_NRNA_chr2_1_178541746_178597681		RIGEL_NRNA_chr2_1_178541746_178597681	nrna
A00839:75:H7MFFDSXY:3:2435:1696:31140	chr2	178562870	178563019	False	468	150M	255	0	5	0.8751306533813477	ambig_opp_strand	unspliced	-1	44	.	.	.	mrna
A00839:75:H7MFFDSXY:3:1418:12201:29293	chr2	178565253	178565402	False	356	150M	255	0	25	0.38579821586608887	ambig_opp_strand	unspliced	12994	44	RIGEL_NRNA_chr2_2_178525988_178804642		RIGEL_NRNA_chr2_2_178525988_178804642	nrna
A00839:75:H7MFFDSXY:3:1406:14163:8234	chr2	178562438	178562587	False	307	150M	255	0	25	0.6658114194869995	ambig_opp_strand	unspliced	12994	44	RIGEL_NRNA_chr2_2_178525988_178804642		RIGEL_NRNA_chr2_2_178525988_178804642	nrna
A00839:75:H7MFFDSXY:3:1618:13657:28620	chr2	178561322	178561471	True	-224	150M	255	0	5	0.024819087237119675	ambig_opp_strand	unspliced	-1	44	.	.	.	mrna
A00839:75:H7MFFDSXY:3:1250:20591:23469	chr2	178561028	178561177	False	196	150M	255	0	25	0.7435299158096313	ambig_opp_strand	unspliced	12994	44	RIGEL_NRNA_chr2_2_178525988_178804642		RIGEL_NRNA_chr2_2_178525988_178804642	nrna
A00839:75:H7MFFDSXY:3:1277:8214:33567	chr2	178566393	178566542	False	489	150M	255	0	5	0.8782057762145996	ambig_opp_strand	unspliced	-1	44	.	.	.	mrna
A00839:75:H7MFFDSXY:3:1648:12599:13917	chr2	178565392	178565500	True	-109	109M	255	0	25	0.14846138656139374	ambig_opp_strand	unspliced	12994	44	RIGEL_NRNA_chr2_1_178539804_178576557		RIGEL_NRNA_chr2_1_178539804_178576557	nrna
A00839:75:H7MFFDSXY:3:2373:30020:15875	chr2	178565940	178566089	False	304	150M	255	0	25	0.6738656759262085	ambig_opp_strand	unspliced	12994	44	RIGEL_NRNA_chr2_2_178525988_178804642		RIGEL_NRNA_chr2_2_178525988_178804642	nrna
A00839:75:H7MFFDSXY:3:1603:4092:21073	chr2	178560078	178560227	False	310	150M	255	2	25	0.6580366492271423	ambig_opp_strand	unspliced	12994	44	RIGEL_NRNA_chr2_2_178525988_178804642		RIGEL_NRNA_chr2_2_178525988_178804642	nrna
A00839:75:H7MFFDSXY:3:2308:24361:8672	chr2	178562181	178562330	False	432	150M	255	2	5	0.8622922301292419	ambig_opp_strand	unspliced	-1	44	.	.	.	mrna
A00839:75:H7MFFDSXY:3:1159:12834:33364	chr2	178563015	178563164	True	-334	150M	255	0	25	0.03320033848285675	ambig_opp_strand	unspliced	12994	44	RIGEL_NRNA_chr2_1_178528739_178633078		RIGEL_NRNA_chr2_1_178528739_178633078	nrna
A00839:75:H7MFFDSXY:3:2606:8775:31782	chr2	178566897	178567046	False	434	150M	255	0	5	0.8715420365333557	ambig_opp_strand	unspliced	-1	44	.	.	.	mrna
A00839:75:H7MFFDSXY:3:2575:25256:5838	chr2	178566086	178566235	False	285	150M	255	0	25	0.7095791101455688	ambig_opp_strand	unspliced	12994	44	RIGEL_NRNA_chr2_2_178525988_178804642		RIGEL_NRNA_chr2_2_178525988_178804642	nrna
A00839:75:H7MFFDSXY:3:2604:18014:6668	chr2	178566874	178567023	False	258	150M	255	0	25	0.735448956489563	ambig_opp_strand	unspliced	12994	44	RIGEL_NRNA_chr2_2_178525988_178804642		RIGEL_NRNA_chr2_2_178525988_178804642	nrna
A00839:75:H7MFFDSXY:3:2426:27724:11647	chr2	178560002	178560151	True	-257	150M	255	0	25	0.16635973751544952	ambig_opp_strand	unspliced	12994	44	RIGEL_NRNA_chr2_1_178540115_178582663		RIGEL_NRNA_chr2_1_178540115_178582663	nrna
A00839:75:H7MFFDSXY:3:2426:8730:13197	chr2	178560279	178560428	False	371	150M	255	0	5	0.7072662711143494	ambig_opp_strand	unspliced	-1	44	.	.	.	mrna
A00839:75:H7MFFDSXY:3:1441:17463:19648	chr2	178569158	178569307	True	-308	150M	255	0	25	0.1688670516014099	ambig_opp_strand	unspliced	12994	44	RIGEL_NRNA_chr2_1_178539804_178576557		RIGEL_NRNA_chr2_1_178539804_178576557	nrna
A00839:75:H7MFFDSXY:3:2274:21323:15687	chr2	178567879	178568028	True	-233	150M	255	1	25	0.2104235589504242	ambig_opp_strand	unspliced	12994	44	RIGEL_NRNA_chr2_1_178523417_178776534		RIGEL_NRNA_chr2_1_178523417_178776534	nrna
A00839:75:H7MFFDSXY:3:1253:1868:4445	chr2	178564269	178564418	False	254	150M	255	0	25	0.7382131814956665	ambig_opp_strand	unspliced	12994	44	RIGEL_NRNA_chr2_2_178525988_178804642		RIGEL_NRNA_chr2_2_178525988_178804642	nrna
A00839:75:H7MFFDSXY:3:2315:24975:3129	chr2	178568813	178568962	True	-358	150M	255	0	5	0.3516870439052582	ambig_opp_strand	unspliced	-1	44	.	.	.	mrna
A00839:75:H7MFFDSXY:3:2253:16387:23641	chr2	178568646	178568795	False	339	150M	255	0	5	0.32381319999694824	ambig_opp_strand	unspliced	-1	44	.	.	.	mrna
A00839:75:H7MFFDSXY:3:1359:28619:6120	chr2	178567885	178568034	False	215	150M	255	0	25	0.746665894985199	ambig_opp_strand	unspliced	12994	44	RIGEL_NRNA_chr2_2_178525988_178804642		RIGEL_NRNA_chr2_2_178525988_178804642	nrna
A00839:75:H7MFFDSXY:3:1238:32181:1924	chr2	178564549	178564698	True	-298	150M	255	0	25	0.16089977324008942	ambig_opp_strand	unspliced	12994	44	RIGEL_NRNA_chr2_1_178540115_178582663		RIGEL_NRNA_chr2_1_178540115_178582663	nrna
A00839:75:H7MFFDSXY:3:1276:5972:32941	chr2	178562785	178562934	False	175	150M	255	1	25	0.7335613369941711	ambig_opp_strand	unspliced	12994	44	RIGEL_NRNA_chr2_2_178525988_178804642		RIGEL_NRNA_chr2_2_178525988_178804642	nrna
A00839:75:H7MFFDSXY:3:2149:2031:31344	chr2	178565274	178565423	True	-285	150M	255	0	25	0.1746072620153427	ambig_opp_strand	unspliced	12994	44	RIGEL_NRNA_chr2_1_178539804_178576557		RIGEL_NRNA_chr2_1_178539804_178576557	nrna
A00839:75:H7MFFDSXY:3:2210:1018:3787	chr2	178567095	178567244	False	281	150M	255	1	25	0.7138228416442871	ambig_opp_strand	unspliced	12994	44	RIGEL_NRNA_chr2_2_178525988_178804642		RIGEL_NRNA_chr2_2_178525988_178804642	nrna
A00839:75:H7MFFDSXY:3:1576:14299:34804	chr2	178560698	178560847	True	-205	150M	255	1	25	0.17334021627902985	ambig_opp_strand	unspliced	12994	44	RIGEL_NRNA_chr2_1_178541746_178597681		RIGEL_NRNA_chr2_1_178541746_178597681	nrna
A00839:75:H7MFFDSXY:3:1154:6117:24392	chr2	178560443	178560592	False	296	150M	255	0	5	0.12029747664928436	ambig_opp_strand	unspliced	-1	44	.	.	.	mrna
A00839:75:H7MFFDSXY:3:2253:21468:6167	chr2	178566050	178566199	False	340	150M	255	0	25	0.5207086801528931	ambig_opp_strand	unspliced	12994	44	RIGEL_NRNA_chr2_2_178525988_178804642		RIGEL_NRNA_chr2_2_178525988_178804642	nrna
A00839:75:H7MFFDSXY:3:1552:7735:15890	chr2	178560599	178560748	True	-267	150M	255	0	25	0.1713818609714508	ambig_opp_strand	unspliced	12994	44	RIGEL_NRNA_chr2_1_178541746_178597681		RIGEL_NRNA_chr2_1_178541746_178597681	nrna
A00839:75:H7MFFDSXY:3:2565:32832:31297	chr2	178569436	178569585	True	-319	150M	255	0	25	0.1497025340795517	ambig_opp_strand	unspliced	12994	44	RIGEL_NRNA_chr2_1_178528764_178620148		RIGEL_NRNA_chr2_1_178528764_178620148	nrna
A00839:75:H7MFFDSXY:3:2227:27344:23484	chr2	178562010	178562157	True	-148	148M	255	0	5	0.056153975427150726	ambig_opp_strand	unspliced	-1	44	.	.	.	mrna
A00839:75:H7MFFDSXY:3:1404:26006:16877	chr2	178564115	178564264	True	-292	150M	255	0	25	0.1680440753698349	ambig_opp_strand	unspliced	12994	44	RIGEL_NRNA_chr2_1_178541746_178597681		RIGEL_NRNA_chr2_1_178541746_178597681	nrna
A00839:75:H7MFFDSXY:3:1550:16288:30577	chr2	178564732	178564881	False	348	150M	255	0	5	0.41404592990875244	ambig_opp_strand	unspliced	-1	44	.	.	.	mrna
A00839:75:H7MFFDSXY:3:1110:17526:7232	chr2	178561732	178561881	False	412	150M	255	0	5	0.8656704425811768	ambig_opp_strand	unspliced	-1	44	.	.	.	mrna
A00839:75:H7MFFDSXY:3:1134:3351:15342	chr2	178569927	178570076	True	-197	150M	255	2	25	0.16309793293476105	ambig_opp_strand	unspliced	12994	44	RIGEL_NRNA_chr2_1_178528764_178620148		RIGEL_NRNA_chr2_1_178528764_178620148	nrna
A00839:75:H7MFFDSXY:3:1666:2230:17065	chr2	178570000	178570149	False	268	150M	255	0	25	0.727550208568573	ambig_opp_strand	unspliced	12994	44	RIGEL_NRNA_chr2_2_178525988_178804642		RIGEL_NRNA_chr2_2_178525988_178804642	nrna
A00839:75:H7MFFDSXY:3:1306:26558:9408	chr2	178566530	178566679	False	400	150M	255	0	5	0.861224889755249	ambig_opp_strand	unspliced	-1	44	.	.	.	mrna
A00839:75:H7MFFDSXY:3:1250:27046:32330	chr2	178562830	178562979	True	-227	150M	255	0	25	0.16336244344711304	ambig_opp_strand	unspliced	12994	44	RIGEL_NRNA_chr2_1_178528764_178620148		RIGEL_NRNA_chr2_1_178528764_178620148	nrna
A00839:75:H7MFFDSXY:3:1534:12599:16172	chr2	178568145	178568294	False	419	150M	255	0	5	0.8742125630378723	ambig_opp_strand	unspliced	-1	44	.	.	.	mrna
A00839:75:H7MFFDSXY:3:2248:6316:18505	chr2	178565308	178565457	False	310	150M	255	1	5	0.16357317566871643	ambig_opp_strand	unspliced	-1	44	.	.	.	mrna
A00839:75:H7MFFDSXY:3:2245:9155:9330	chr2	178566177	178566326	True	-370	150M	255	0	25	0.08212810754776001	ambig_opp_strand	unspliced	12994	44	RIGEL_NRNA_chr2_1_178528764_178620148		RIGEL_NRNA_chr2_1_178528764_178620148	nrna
A00839:75:H7MFFDSXY:3:1530:26413:5901	chr2	178560231	178560380	True	-243	150M	255	0	25	0.21014662086963654	ambig_opp_strand	unspliced	12994	44	RIGEL_NRNA_chr2_1_178523417_178776534		RIGEL_NRNA_chr2_1_178523417_178776534	nrna
A00839:75:H7MFFDSXY:3:1650:17228:29919	chr2	178569332	178569481	False	254	150M	255	0	25	0.7382131814956665	ambig_opp_strand	unspliced	12994	44	RIGEL_NRNA_chr2_2_178525988_178804642		RIGEL_NRNA_chr2_2_178525988_178804642	nrna
A00839:75:H7MFFDSXY:3:1531:16297:23265	chr2	178569555	178569704	True	-269	150M	255	0	25	0.16125498712062836	ambig_opp_strand	unspliced	12994	44	RIGEL_NRNA_chr2_1_178528764_178620148		RIGEL_NRNA_chr2_1_178528764_178620148	nrna
A00839:75:H7MFFDSXY:3:1232:6343:13322	chr2	178567725	178567874	False	182	150M	255	0	3	0.02305341698229313	ambig_opp_strand	unspliced	12994	44	ENST00000412264.2	TTN	ENSG00000155657.29	mrna
A00839:75:H7MFFDSXY:3:2344:2763:8343	chr2	178561815	178561964	True	-350	150M	255	0	25	0.12521108984947205	ambig_opp_strand	unspliced	12994	44	RIGEL_NRNA_chr2_1_178540115_178582663		RIGEL_NRNA_chr2_1_178540115_178582663	nrna
A00839:75:H7MFFDSXY:3:1478:14597:35884	chr2	178560034	178560183	True	-229	150M	255	0	25	0.16331066191196442	ambig_opp_strand	unspliced	12994	44	RIGEL_NRNA_chr2_1_178528764_178620148		RIGEL_NRNA_chr2_1_178528764_178620148	nrna
A00839:75:H7MFFDSXY:3:1225:18313:14732	chr2	178566220	178566369	False	400	150M	255	0	3	0.01092186477035284	ambig_opp_strand	unspliced	12994	44	ENST00000342175.12	TTN	ENSG00000155657.29	mrna
A00839:75:H7MFFDSXY:3:2505:14850:2096	chr2	178568284	178568433	True	-355	150M	255	0	25	0.14689405262470245	ambig_opp_strand	unspliced	12994	44	RIGEL_NRNA_chr2_1_178523417_178776534		RIGEL_NRNA_chr2_1_178523417_178776534	nrna
A00839:75:H7MFFDSXY:3:1244:27480:18928	chr2	178560446	178560595	True	-288	150M	255	0	25	0.20497426390647888	ambig_opp_strand	unspliced	12994	44	RIGEL_NRNA_chr2_1_178523417_178776534		RIGEL_NRNA_chr2_1_178523417_178776534	nrna
A00839:75:H7MFFDSXY:3:1443:17562:25958	chr2	178564824	178564973	True	-280	150M	255	0	25	0.1753583401441574	ambig_opp_strand	unspliced	12994	44	RIGEL_NRNA_chr2_1_178539804_178576557		RIGEL_NRNA_chr2_1_178539804_178576557	nrna
A00839:75:H7MFFDSXY:3:2104:16378:29982	chr2	178566501	178566650	True	-470	150M	255	0	25	0.044445887207984924	ambig_opp_strand	unspliced	12994	44	RIGEL_NRNA_chr2_1_178541746_178597681		RIGEL_NRNA_chr2_1_178541746_178597681	nrna
A00839:75:H7MFFDSXY:3:1472:17852:12680	chr2	178569246	178569395	False	226	150M	255	0	25	0.7461572885513306	ambig_opp_strand	unspliced	12994	44	RIGEL_NRNA_chr2_2_178525988_178804642		RIGEL_NRNA_chr2_2_178525988_178804642	nrna
A00839:75:H7MFFDSXY:3:1316:8169:18114	chr2	178561148	178561297	False	322	150M	255	0	25	0.6172563433647156	ambig_opp_strand	unspliced	12994	44	RIGEL_NRNA_chr2_2_178525988_178804642		RIGEL_NRNA_chr2_2_178525988_178804642	nrna
A00839:75:H7MFFDSXY:3:2510:5891:6778	chr2	178567359	178567508	False	484	150M	255	1	5	0.8657296299934387	ambig_opp_strand	unspliced	-1	44	.	.	.	mrna
A00839:75:H7MFFDSXY:3:2350:24795:26835	chr2	178560001	178560150	False	404	150M	255	0	5	0.8693084716796875	ambig_opp_strand	unspliced	-1	44	.	.	.	mrna
A00839:75:H7MFFDSXY:3:1312:19280:8108	chr2	178565960	178566109	True	-227	150M	255	0	25	0.16742704808712006	ambig_opp_strand	unspliced	12994	44	RIGEL_NRNA_chr2_1_178540115_178582663		RIGEL_NRNA_chr2_1_178540115_178582663	nrna
A00839:75:H7MFFDSXY:3:2423:25925:8907	chr2	178561955	178562104	True	-296	150M	255	0	25	0.20292463898658752	ambig_opp_strand	unspliced	12994	44	RIGEL_NRNA_chr2_1_178523417_178776534		RIGEL_NRNA_chr2_1_178523417_178776534	nrna
A00839:75:H7MFFDSXY:3:1320:11134:28792	chr2	178561090	178561239	True	-410	150M	255	0	5	0.7482641935348511	ambig_opp_strand	unspliced	-1	44	.	.	.	mrna
A00839:75:H7MFFDSXY:3:2463:13087:1642	chr2	178566447	178566596	True	-309	150M	255	0	25	0.157412588596344	ambig_opp_strand	unspliced	12994	44	RIGEL_NRNA_chr2_1_178540115_178582663		RIGEL_NRNA_chr2_1_178540115_178582663	nrna
A00839:75:H7MFFDSXY:3:2319:25409:5854	chr2	178563255	178563404	False	286	150M	255	0	25	0.7077358961105347	ambig_opp_strand	unspliced	12994	44	RIGEL_NRNA_chr2_2_178525988_178804642		RIGEL_NRNA_chr2_2_178525988_178804642	nrna
A00839:75:H7MFFDSXY:3:2416:15176:11710	chr2	178560745	178560894	False	295	150M	255	0	5	0.11830615997314453	ambig_opp_strand	unspliced	-1	44	.	.	.	mrna
A00839:75:H7MFFDSXY:3:2178:7039:2910	chr2	178566342	178566491	True	-190	150M	255	0	25	0.17286761105060577	ambig_opp_strand	unspliced	12994	44	RIGEL_NRNA_chr2_1_178541746_178597681		RIGEL_NRNA_chr2_1_178541746_178597681	nrna
A00839:75:H7MFFDSXY:3:2265:12644:10394	chr2	178561375	178561524	True	-179	150M	255	0	25	0.1622784584760666	ambig_opp_strand	unspliced	12994	44	RIGEL_NRNA_chr2_1_178528764_178620148		RIGEL_NRNA_chr2_1_178528764_178620148	nrna
A00839:75:H7MFFDSXY:3:2648:12590:7106	chr2	178565692	178565839	False	408	2S148M	255	1	5	0.8736642599105835	ambig_opp_strand	unspliced	-1	44	.	.	.	mrna
A00839:75:H7MFFDSXY:3:2626:4915:4398	chr2	178563088	178563237	True	-339	150M	255	0	25	0.17633463442325592	ambig_opp_strand	unspliced	12994	44	RIGEL_NRNA_chr2_1_178523417_178776534		RIGEL_NRNA_chr2_1_178523417_178776534	nrna
A00839:75:H7MFFDSXY:3:1530:25608:24205	chr2	178563781	178563930	False	372	150M	255	0	5	0.7060742378234863	ambig_opp_strand	unspliced	-1	44	.	.	.	mrna
A00839:75:H7MFFDSXY:3:2557:17490:2284	chr2	178567997	178568146	True	-161	150M	3	1	128	0.0	.	unknown	-1	0	.	.	.	mrna
A00839:75:H7MFFDSXY:3:1124:20256:11898	chr2	178569320	178569469	True	-264	150M	255	0	25	0.01879150979220867	ambig_opp_strand	unspliced	12994	44	RIGEL_NRNA_chr2_1_178528764_178738038		RIGEL_NRNA_chr2_1_178528764_178738038	nrna
A00839:75:H7MFFDSXY:3:2365:30572:21026	chr2	178561171	178561320	False	312	150M	255	0	25	0.649960994720459	ambig_opp_strand	unspliced	12994	44	RIGEL_NRNA_chr2_2_178525988_178804642		RIGEL_NRNA_chr2_2_178525988_178804642	nrna
A00839:75:H7MFFDSXY:3:1560:21106:28369	chr2	178561630	178561779	False	242	150M	255	0	25	0.7437459826469421	ambig_opp_strand	unspliced	12994	44	RIGEL_NRNA_chr2_2_178525988_178804642		RIGEL_NRNA_chr2_2_178525988_178804642	nrna
A00839:75:H7MFFDSXY:3:2636:18765:11256	chr2	178567543	178567692	False	339	150M	255	0	25	0.5319722294807434	ambig_opp_strand	unspliced	12994	44	RIGEL_NRNA_chr2_2_178525988_178804642		RIGEL_NRNA_chr2_2_178525988_178804642	nrna
A00839:75:H7MFFDSXY:3:1646:23701:3521	chr2	178563316	178563465	False	308	150M	255	0	25	0.663962721824646	ambig_opp_strand	unspliced	12994	44	RIGEL_NRNA_chr2_2_178525988_178804642		RIGEL_NRNA_chr2_2_178525988_178804642	nrna
A00839:75:H7MFFDSXY:3:2441:11189:14606	chr2	178560212	178560361	True	-289	150M	255	0	25	0.019529640674591064	ambig_opp_strand	unspliced	12994	44	RIGEL_NRNA_chr2_1_178528739_178584816		RIGEL_NRNA_chr2_1_178528739_178584816	nrna
A00839:75:H7MFFDSXY:3:2372:3405:33724	chr2	178569989	178570138	True	-322	150M	255	0	25	0.14842620491981506	ambig_opp_strand	unspliced	12994	44	RIGEL_NRNA_chr2_1_178528764_178620148		RIGEL_NRNA_chr2_1_178528764_178620148	nrna
A00839:75:H7MFFDSXY:3:2148:12454:27884	chr2	178567700	178567849	False	267	150M	255	0	25	0.7280691862106323	ambig_opp_strand	unspliced	12994	44	RIGEL_NRNA_chr2_2_178525988_178804642		RIGEL_NRNA_chr2_2_178525988_178804642	nrna
A00839:75:H7MFFDSXY:3:1265:17137:22028	chr2	178564051	178564200	True	-393	150M	255	0	5	0.7521611452102661	ambig_opp_strand	unspliced	-1	44	.	.	.	mrna
A00839:75:H7MFFDSXY:3:2268:20148:9612	chr2	178565875	178566024	False	307	150M	255	0	25	0.6658114194869995	ambig_opp_strand	unspliced	12994	44	RIGEL_NRNA_chr2_2_178525988_178804642		RIGEL_NRNA_chr2_2_178525988_178804642	nrna
A00839:75:H7MFFDSXY:3:2436:16288:4304	chr2	178562254	178562403	False	227	150M	255	0	3	0.09146907925605774	ambig_opp_strand	unspliced	12994	44	ENST00000460472.6	TTN	ENSG00000155657.29	mrna
A00839:75:H7MFFDSXY:3:2431:11957:2503	chr2	178565152	178565301	False	299	150M	255	0	25	0.6862775683403015	ambig_opp_strand	unspliced	12994	44	RIGEL_NRNA_chr2_2_178525988_178804642		RIGEL_NRNA_chr2_2_178525988_178804642	nrna
A00839:75:H7MFFDSXY:3:2346:2519:19194	chr2	178561522	178561671	False	255	150M	255	0	25	0.737269401550293	ambig_opp_strand	unspliced	12994	44	RIGEL_NRNA_chr2_2_178525988_178804642		RIGEL_NRNA_chr2_2_178525988_178804642	nrna
A00839:75:H7MFFDSXY:3:2323:9986:6511	chr2	178564252	178564401	True	-281	150M	255	0	25	0.1697276532649994	ambig_opp_strand	unspliced	12994	44	RIGEL_NRNA_chr2_1_178541746_178597681		RIGEL_NRNA_chr2_1_178541746_178597681	nrna
A00839:75:H7MFFDSXY:3:1421:5647:36072	chr2	178566579	178566728	False	306	150M	255	0	25	0.6686471700668335	ambig_opp_strand	unspliced	12994	44	RIGEL_NRNA_chr2_2_178525988_178804642		RIGEL_NRNA_chr2_2_178525988_178804642	nrna
A00839:75:H7MFFDSXY:3:2504:14443:29418	chr2	178565174	178565323	False	378	150M	255	2	3	0.01745142973959446	ambig_opp_strand	unspliced	12994	44	ENST00000342175.12	TTN	ENSG00000155657.29	mrna
A00839:75:H7MFFDSXY:3:1229:16062:6699	chr2	178565261	178565410	True	-355	150M	255	0	25	0.12098851054906845	ambig_opp_strand	unspliced	12994	44	RIGEL_NRNA_chr2_1_178541746_178597681		RIGEL_NRNA_chr2_1_178541746_178597681	nrna
A00839:75:H7MFFDSXY:3:1409:25536:1438	chr2	178567242	178567391	False	490	150M	255	0	5	0.8614523410797119	ambig_opp_strand	unspliced	-1	44	.	.	.	mrna
A00839:75:H7MFFDSXY:3:2207:11559:5008	chr2	178567254	178567403	True	-322	150M	255	0	25	0.14842620491981506	ambig_opp_strand	unspliced	12994	44	RIGEL_NRNA_chr2_1_178528764_178620148		RIGEL_NRNA_chr2_1_178528764_178620148	nrna
A00839:75:H7MFFDSXY:3:2509:11469:22357	chr2	178566899	178567048	False	364	150M	255	0	5	0.6056120991706848	ambig_opp_strand	unspliced	-1	44	.	.	.	mrna
A00839:75:H7MFFDSXY:3:1525:24117:6308	chr2	178561452	178561601	False	167	150M	255	0	25	0.726932942867279	ambig_opp_strand	unspliced	12994	44	RIGEL_NRNA_chr2_2_178525988_178804642		RIGEL_NRNA_chr2_2_178525988_178804642	nrna
A00839:75:H7MFFDSXY:3:1653:4074:34287	chr2	178561109	178561258	True	-282	150M	255	0	25	0.15977425873279572	ambig_opp_strand	unspliced	12994	44	RIGEL_NRNA_chr2_1_178528764_178620148		RIGEL_NRNA_chr2_1_178528764_178620148	nrna
A00839:75:H7MFFDSXY:3:1571:23674:33035	chr2	178566127	178566276	False	356	150M	255	0	5	0.5096140503883362	ambig_opp_strand	unspliced	-1	44	.	.	.	mrna
A00839:75:H7MFFDSXY:3:1469:14443:25285	chr2	178569348	178569497	False	344	150M	255	0	25	0.48799264430999756	ambig_opp_strand	unspliced	12994	44	RIGEL_NRNA_chr2_2_178525988_178804642		RIGEL_NRNA_chr2_2_178525988_178804642	nrna
A00839:75:H7MFFDSXY:3:1230:14922:1971	chr2	178566633	178566782	False	434	150M	255	0	5	0.8715420365333557	ambig_opp_strand	unspliced	-1	44	.	.	.	mrna
A00839:75:H7MFFDSXY:3:2655:26765:17942	chr2	178563738	178563887	True	-320	150M	255	0	25	0.1531248539686203	ambig_opp_strand	unspliced	12994	44	RIGEL_NRNA_chr2_1_178540115_178582663		RIGEL_NRNA_chr2_1_178540115_178582663	nrna
A00839:75:H7MFFDSXY:3:2405:31177:14340	chr2	178569550	178569699	False	394	150M	255	1	5	0.8573814034461975	ambig_opp_strand	unspliced	-1	44	.	.	.	mrna
A00839:75:H7MFFDSXY:3:1213:8187:5306	chr2	178560053	178560202	False	315	150M	255	0	5	0.1817142367362976	ambig_opp_strand	unspliced	-1	44	.	.	.	mrna
A00839:75:H7MFFDSXY:3:2461:32479:18975	chr2	178561473	178561622	False	332	150M	255	0	25	0.5723742842674255	ambig_opp_strand	unspliced	12994	44	RIGEL_NRNA_chr2_2_178525988_178804642		RIGEL_NRNA_chr2_2_178525988_178804642	nrna
A00839:75:H7MFFDSXY:3:1514:22824:34945	chr2	178566371	178566520	True	-242	150M	255	1	25	0.17866826057434082	ambig_opp_strand	unspliced	12994	44	RIGEL_NRNA_chr2_1_178539804_178576557		RIGEL_NRNA_chr2_1_178539804_178576557	nrna
A00839:75:H7MFFDSXY:3:1331:12698:30499	chr2	178561505	178561654	True	-239	150M	255	0	25	0.21033601462841034	ambig_opp_strand	unspliced	12994	44	RIGEL_NRNA_chr2_1_178523417_178776534		RIGEL_NRNA_chr2_1_178523417_178776534	nrna
A00839:75:H7MFFDSXY:3:2670:13150:8672	chr2	178567375	178567524	False	321	150M	255	1	5	0.2100696563720703	ambig_opp_strand	unspliced	-1	44	.	.	.	mrna
A00839:75:H7MFFDSXY:3:2262:6488:2331	chr2	178568818	178568967	False	413	150M	255	0	5	0.8793354630470276	ambig_opp_strand	unspliced	-1	44	.	.	.	mrna
A00839:75:H7MFFDSXY:3:1371:5086:3067	chr2	178565200	178565349	False	364	150M	255	0	5	0.6056120991706848	ambig_opp_strand	unspliced	-1	44	.	.	.	mrna
A00839:75:H7MFFDSXY:3:1528:4372:20776	chr2	178568359	178568508	False	353	150M	255	0	25	0.4088439345359802	ambig_opp_strand	unspliced	12994	44	RIGEL_NRNA_chr2_2_178525988_178804642		RIGEL_NRNA_chr2_2_178525988_178804642	nrna
A00839:75:H7MFFDSXY:3:2151:5755:12743	chr2	178565557	178565706	True	-245	150M	255	0	25	0.16706283390522003	ambig_opp_strand	unspliced	12994	44	RIGEL_NRNA_chr2_1_178540115_178582663		RIGEL_NRNA_chr2_1_178540115_178582663	nrna
A00839:75:H7MFFDSXY:3:1657:26060:32910	chr2	178569580	178569729	False	431	150M	255	0	5	0.8583112955093384	ambig_opp_strand	unspliced	-1	44	.	.	.	mrna
A00839:75:H7MFFDSXY:3:1641:19633:32675	chr2	178564488	178564637	False	490	150M	255	1	5	0.8614523410797119	ambig_opp_strand	unspliced	-1	44	.	.	.	mrna
A00839:75:H7MFFDSXY:3:2277:11948:16642	chr2	178568056	178568205	False	421	150M	255	0	5	0.879200279712677	ambig_opp_strand	unspliced	-1	44	.	.	.	mrna
A00839:75:H7MFFDSXY:3:1616:6903:33207	chr2	178566692	178566841	True	-297	150M	255	0	25	0.15725022554397583	ambig_opp_strand	unspliced	12994	44	RIGEL_NRNA_chr2_1_178528764_178620148		RIGEL_NRNA_chr2_1_178528764_178620148	nrna
A00839:75:H7MFFDSXY:3:1440:1759:4820	chr2	178561050	178561199	False	351	150M	255	0	5	0.4528971314430237	ambig_opp_strand	unspliced	-1	44	.	.	.	mrna
A00839:75:H7MFFDSXY:3:1404:26720:24627	chr2	178564543	178564692	True	-258	150M	255	0	25	0.17222580313682556	ambig_opp_strand	unspliced	12994	44	RIGEL_NRNA_chr2_1_178541746_178597681		RIGEL_NRNA_chr2_1_178541746_178597681	nrna
A00839:75:H7MFFDSXY:3:2447:29649:13103	chr2	178560094	178560243	True	-483	150M	255	0	25	0.04893872141838074	ambig_opp_strand	unspliced	12994	44	RIGEL_NRNA_chr2_1_178539804_178576557		RIGEL_NRNA_chr2_1_178539804_178576557	nrna
A00839:75:H7MFFDSXY:3:1175:29053:20556	chr2	178569623	178569772	True	-389	150M	255	0	5	0.7547020316123962	ambig_opp_strand	unspliced	-1	44	.	.	.	mrna
A00839:75:H7MFFDSXY:3:2660:30617:15718	chr2	178562739	178562888	False	218	150M	255	1	3	0.09150621294975281	ambig_opp_strand	unspliced	12994	44	ENST00000460472.6	TTN	ENSG00000155657.29	mrna
A00839:75:H7MFFDSXY:3:2247:7563:30655	chr2	178562536	178562685	True	-196	150M	255	0	25	0.16309483349323273	ambig_opp_strand	unspliced	12994	44	RIGEL_NRNA_chr2_1_178528764_178620148		RIGEL_NRNA_chr2_1_178528764_178620148	nrna
A00839:75:H7MFFDSXY:3:1269:23167:3724	chr2	178569187	178569336	True	-168	150M	255	0	25	0.17680978775024414	ambig_opp_strand	unspliced	12994	44	RIGEL_NRNA_chr2_1_178539804_178576557		RIGEL_NRNA_chr2_1_178539804_178576557	nrna
A00839:75:H7MFFDSXY:3:1332:8549:35117	chr2	178563281	178563430	True	-197	150M	255	0	25	0.17864659428596497	ambig_opp_strand	unspliced	12994	44	RIGEL_NRNA_chr2_1_178539804_178576557		RIGEL_NRNA_chr2_1_178539804_178576557	nrna
A00839:75:H7MFFDSXY:3:1102:22643:7169	chr2	178565410	178565559	True	-204	150M	255	0	25	0.16329343616962433	ambig_opp_strand	unspliced	12994	44	RIGEL_NRNA_chr2_1_178528764_178620148		RIGEL_NRNA_chr2_1_178528764_178620148	nrna
A00839:75:H7MFFDSXY:3:1622:15998:10786	chr2	178569288	178569437	True	-183	150M	255	0	25	0.1779842972755432	ambig_opp_strand	unspliced	12994	44	RIGEL_NRNA_chr2_1_178539804_178576557		RIGEL_NRNA_chr2_1_178539804_178576557	nrna
A00839:75:H7MFFDSXY:3:2520:30752:5024	chr2	178566060	178566209	True	-185	150M	255	0	25	0.17267656326293945	ambig_opp_strand	unspliced	12994	44	RIGEL_NRNA_chr2_1_178541746_178597681		RIGEL_NRNA_chr2_1_178541746_178597681	nrna
A00839:75:H7MFFDSXY:3:2176:19171:6668	chr2	178561768	178561917	True	-266	150M	255	1	25	0.2082964926958084	ambig_opp_strand	unspliced	12994	44	RIGEL_NRNA_chr2_1_178523417_178776534		RIGEL_NRNA_chr2_1_178523417_178776534	nrna
A00839:75:H7MFFDSXY:3:1674:14714:17174	chr2	178569478	178569627	False	238	150M	255	0	25	0.7448753714561462	ambig_opp_strand	unspliced	12994	44	RIGEL_NRNA_chr2_2_178525988_178804642		RIGEL_NRNA_chr2_2_178525988_178804642	nrna
A00839:75:H7MFFDSXY:3:2217:24885:16752	chr2	178563029	178563178	True	-398	150M	255	0	5	0.7466461062431335	ambig_opp_strand	unspliced	-1	44	.	.	.	mrna
A00839:75:H7MFFDSXY:3:2209:32253:21151	chr2	178560997	178561146	False	449	150M	255	0	25	0.11095216870307922	ambig_opp_strand	unspliced	12994	44	RIGEL_NRNA_chr2_2_178525988_178804642		RIGEL_NRNA_chr2_2_178525988_178804642	nrna
A00839:75:H7MFFDSXY:3:2333:15989:27618	chr2	178563220	178563369	False	342	150M	255	0	25	0.5099928975105286	ambig_opp_strand	unspliced	12994	44	RIGEL_NRNA_chr2_2_178525988_178804642		RIGEL_NRNA_chr2_2_178525988_178804642	nrna
A00839:75:H7MFFDSXY:3:2640:30671:10394	chr2	178567412	178567561	False	348	150M	255	1	3	0.0461156964302063	ambig_opp_strand	unspliced	12994	44	ENST00000342175.12	TTN	ENSG00000155657.29	mrna
A00839:75:H7MFFDSXY:3:2218:15121:16063	chr2	178567918	178568067	True	-444	150M	255	0	5	0.7591109275817871	ambig_opp_strand	unspliced	-1	44	.	.	.	mrna
A00839:75:H7MFFDSXY:3:1572:15031:19069	chr2	178569386	178569535	True	-279	150M	255	0	25	0.1754576712846756	ambig_opp_strand	unspliced	12994	44	RIGEL_NRNA_chr2_1_178539804_178576557		RIGEL_NRNA_chr2_1_178539804_178576557	nrna
A00839:75:H7MFFDSXY:3:2663:23167:32064	chr2	178562115	178562264	True	-245	150M	255	0	25	0.16300706565380096	ambig_opp_strand	unspliced	12994	44	RIGEL_NRNA_chr2_1_178528764_178620148		RIGEL_NRNA_chr2_1_178528764_178620148	nrna
A00839:75:H7MFFDSXY:3:2603:5059:33144	chr2	178566998	178567147	False	346	150M	255	0	25	0.47492027282714844	ambig_opp_strand	unspliced	12994	44	RIGEL_NRNA_chr2_2_178525988_178804642		RIGEL_NRNA_chr2_2_178525988_178804642	nrna
A00839:75:H7MFFDSXY:3:1649:29830:36683	chr2	178567453	178567602	False	176	150M	255	1	25	0.7333320379257202	ambig_opp_strand	unspliced	12994	44	RIGEL_NRNA_chr2_2_178525988_178804642		RIGEL_NRNA_chr2_2_178525988_178804642	nrna
A00839:75:H7MFFDSXY:3:1620:32099:9330	chr2	178560565	178560714	False	347	150M	255	0	5	0.4102727174758911	ambig_opp_strand	unspliced	-1	44	.	.	.	mrna
A00839:75:H7MFFDSXY:3:2317:8404:25535	chr2	178562524	178562673	False	370	150M	255	0	25	0.2445245087146759	ambig_opp_strand	unspliced	12994	44	RIGEL_NRNA_chr2_2_178525988_178804642		RIGEL_NRNA_chr2_2_178525988_178804642	nrna
A00839:75:H7MFFDSXY:3:2366:17354:23312	chr2	178569860	178570009	False	368	150M	255	0	5	0.657248318195343	ambig_opp_strand	unspliced	-1	44	.	.	.	mrna
A00839:75:H7MFFDSXY:3:2160:28456:13416	chr2	178562807	178562956	False	311	150M	255	0	25	0.6541176438331604	ambig_opp_strand	unspliced	12994	44	RIGEL_NRNA_chr2_2_178525988_178804642		RIGEL_NRNA_chr2_2_178525988_178804642	nrna
A00839:75:H7MFFDSXY:3:1564:19994:5901	chr2	178567906	178568055	False	350	150M	255	0	25	0.43908044695854187	ambig_opp_strand	unspliced	12994	44	RIGEL_NRNA_chr2_2_178525988_178804642		RIGEL_NRNA_chr2_2_178525988_178804642	nrna
A00839:75:H7MFFDSXY:3:1422:8811:4852	chr2	178563188	178563337	False	363	150M	255	0	25	0.3211550712585449	ambig_opp_strand	unspliced	12994	44	RIGEL_NRNA_chr2_2_178525988_178804642		RIGEL_NRNA_chr2_2_178525988_178804642	nrna
A00839:75:H7MFFDSXY:3:2124:7518:17331	chr2	178561148	178561297	False	398	150M	255	0	5	0.862704336643219	ambig_opp_strand	unspliced	-1	44	.	.	.	mrna
A00839:75:H7MFFDSXY:3:1418:11270:11177	chr2	178560302	178560451	True	-169	150M	255	0	25	0.17145653069019318	ambig_opp_strand	unspliced	12994	44	RIGEL_NRNA_chr2_1_178541746_178597681		RIGEL_NRNA_chr2_1_178541746_178597681	nrna
A00839:75:H7MFFDSXY:3:2642:29324:18176	chr2	178566729	178566878	True	-293	150M	255	5	5	0.056312669068574905	ambig_opp_strand	unspliced	-1	44	.	.	.	mrna
A00839:75:H7MFFDSXY:3:2464:1524:1877	chr2	178566514	178566663	True	-171	150M	255	0	25	0.20838390290737152	ambig_opp_strand	unspliced	12994	44	RIGEL_NRNA_chr2_1_178523417_178776534		RIGEL_NRNA_chr2_1_178523417_178776534	nrna
A00839:75:H7MFFDSXY:3:2116:13060:18443	chr2	178565324	178565473	False	436	150M	255	0	5	0.8581100702285767	ambig_opp_strand	unspliced	-1	44	.	.	.	mrna
A00839:75:H7MFFDSXY:3:1316:27019:36166	chr2	178562232	178562381	False	371	150M	255	0	5	0.7072662711143494	ambig_opp_strand	unspliced	-1	44	.	.	.	mrna
A00839:75:H7MFFDSXY:3:2564:1425:29731	chr2	178564180	178564329	True	-309	150M	255	0	25	0.16823343932628632	ambig_opp_strand	unspliced	12994	44	RIGEL_NRNA_chr2_1_178539804_178576557		RIGEL_NRNA_chr2_1_178539804_178576557	nrna
A00839:75:H7MFFDSXY:3:1450:9299:5916	chr2	178567049	178567198	True	-433	150M	255	0	5	0.741539716720581	ambig_opp_strand	unspliced	-1	44	.	.	.	mrna
A00839:75:H7MFFDSXY:3:2617:3360:6089	chr2	178569925	178570074	True	-327	150M	255	0	5	0.1297314167022705	ambig_opp_strand	unspliced	-1	44	.	.	.	mrna
A00839:75:H7MFFDSXY:3:2319:3332:14121	chr2	178564087	178564236	False	322	150M	255	0	3	0.061748798936605453	ambig_opp_strand	unspliced	12994	44	ENST00000342175.12	TTN	ENSG00000155657.29	mrna
A00839:75:H7MFFDSXY:3:1420:13422:8578	chr2	178565254	178565403	True	-238	150M	255	0	25	0.03838155418634415	ambig_opp_strand	unspliced	12994	44	RIGEL_NRNA_chr2_1_178528739_178633078		RIGEL_NRNA_chr2_1_178528739_178633078	nrna
A00839:75:H7MFFDSXY:3:2574:31882:14779	chr2	178561806	178561955	True	-346	150M	255	0	25	0.16510099172592163	ambig_opp_strand	unspliced	12994	44	RIGEL_NRNA_chr2_1_178523417_178776534		RIGEL_NRNA_chr2_1_178523417_178776534	nrna
A00839:75:H7MFFDSXY:3:2264:16504:36620	chr2	178565134	178565283	False	214	150M	255	0	25	0.746132493019104	ambig_opp_strand	unspliced	12994	44	RIGEL_NRNA_chr2_2_178525988_178804642		RIGEL_NRNA_chr2_2_178525988_178804642	nrna
A00839:75:H7MFFDSXY:3:1527:26567:29027	chr2	178567638	178567787	True	-213	150M	255	0	25	0.16335906088352203	ambig_opp_strand	unspliced	12994	44	RIGEL_NRNA_chr2_1_178528764_178620148		RIGEL_NRNA_chr2_1_178528764_178620148	nrna
A00839:75:H7MFFDSXY:3:1101:31747:20275	chr2	178561439	178561588	False	464	150M	255	1	25	0.1023147702217102	ambig_opp_strand	unspliced	12994	44	RIGEL_NRNA_chr2_2_178525988_178804642		RIGEL_NRNA_chr2_2_178525988_178804642	nrna
A00839:75:H7MFFDSXY:3:1108:20030:34773	chr2	178569885	178570034	False	361	150M	255	0	5	0.5647107362747192	ambig_opp_strand	unspliced	-1	44	.	.	.	mrna
A00839:75:H7MFFDSXY:3:1508:30653:16188	chr2	178566729	178566878	True	-260	150M	255	0	25	0.16610147058963776	ambig_opp_strand	unspliced	12994	44	RIGEL_NRNA_chr2_1_178540115_178582663		RIGEL_NRNA_chr2_1_178540115_178582663	nrna
A00839:75:H7MFFDSXY:3:2272:1027:1110	chr2	178565266	178565415	False	290	150M	255	0	25	0.701732873916626	ambig_opp_strand	unspliced	12994	44	RIGEL_NRNA_chr2_2_178525988_178804642		RIGEL_NRNA_chr2_2_178525988_178804642	nrna
A00839:75:H7MFFDSXY:3:1131:14009:5431	chr2	178568337	178568486	True	-577	150M	255	0	25	0.09335143864154816	ambig_opp_strand	unspliced	12994	44	RIGEL_NRNA_chr2_1_178528764_178620148		RIGEL_NRNA_chr2_1_178528764_178620148	nrna
A00839:75:H7MFFDSXY:3:1247:6352:6417	chr2	178568939	178569088	False	408	150M	255	0	25	0.09939122945070267	ambig_opp_strand	unspliced	12994	44	RIGEL_NRNA_chr2_2_178525988_178804642		RIGEL_NRNA_chr2_2_178525988_178804642	nrna
A00839:75:H7MFFDSXY:3:1427:4038:32534	chr2	178566139	178566288	False	306	150M	255	0	3	0.08197806775569916	ambig_opp_strand	unspliced	12994	44	ENST00000460472.6	TTN	ENSG00000155657.29	mrna
A00839:75:H7MFFDSXY:3:1610:6931:24424	chr2	178569016	178569165	True	-330	150M	255	0	25	0.15794502198696136	ambig_opp_strand	unspliced	12994	44	RIGEL_NRNA_chr2_1_178539804_178576557		RIGEL_NRNA_chr2_1_178539804_178576557	nrna
A00839:75:H7MFFDSXY:3:2251:5240:23343	chr2	178569235	178569384	False	174	150M	255	0	5	0.06742633879184723	ambig_opp_strand	unspliced	-1	44	.	.	.	mrna
A00839:75:H7MFFDSXY:3:1444:21323:9455	chr2	178561866	178562015	False	190	150M	255	0	3	0.09086254239082336	ambig_opp_strand	unspliced	12994	44	ENST00000460472.6	TTN	ENSG00000155657.29	mrna
A00839:75:H7MFFDSXY:3:1461:26964:29371	chr2	178560924	178561073	True	-203	150M	255	0	25	0.17327122390270233	ambig_opp_strand	unspliced	12994	44	RIGEL_NRNA_chr2_1_178541746_178597681		RIGEL_NRNA_chr2_1_178541746_178597681	nrna
A00839:75:H7MFFDSXY:3:1573:24786:5807	chr2	178563842	178563991	False	235	150M	255	0	25	0.7449300289154053	ambig_opp_strand	unspliced	12994	44	RIGEL_NRNA_chr2_2_178525988_178804642		RIGEL_NRNA_chr2_2_178525988_178804642	nrna
A00839:75:H7MFFDSXY:3:1362:29044:2315	chr2	178567742	178567891	False	274	150M	255	0	25	0.7214449048042297	ambig_opp_strand	unspliced	12994	44	RIGEL_NRNA_chr2_2_178525988_178804642		RIGEL_NRNA_chr2_2_178525988_178804642	nrna
A00839:75:H7MFFDSXY:3:2351:17490:24111	chr2	178569342	178569491	True	-267	150M	255	0	25	0.17682917416095734	ambig_opp_strand	unspliced	12994	44	RIGEL_NRNA_chr2_1_178539804_178576557		RIGEL_NRNA_chr2_1_178539804_178576557	nrna
A00839:75:H7MFFDSXY:3:1566:26178:31328	chr2	178568535	178568684	True	-243	150M	255	0	25	0.21014662086963654	ambig_opp_strand	unspliced	12994	44	RIGEL_NRNA_chr2_1_178523417_178776534		RIGEL_NRNA_chr2_1_178523417_178776534	nrna
A00839:75:H7MFFDSXY:3:1522:21911:21684	chr2	178569079	178569228	True	-386	150M	255	0	25	0.06239478662610054	ambig_opp_strand	unspliced	12994	44	RIGEL_NRNA_chr2_1_178523417_178776534		RIGEL_NRNA_chr2_1_178523417_178776534	nrna
A00839:75:H7MFFDSXY:3:1660:4951:34835	chr2	178569121	178569270	True	-325	150M	255	0	25	0.034542977809906006	ambig_opp_strand	unspliced	12994	44	RIGEL_NRNA_chr2_1_178528739_178633078		RIGEL_NRNA_chr2_1_178528739_178633078	nrna
A00839:75:H7MFFDSXY:3:1177:25898:33599	chr2	178569656	178569805	True	-362	150M	255	1	5	0.39906927943229675	ambig_opp_strand	unspliced	-1	44	.	.	.	mrna
A00839:75:H7MFFDSXY:3:2577:12255:26725	chr2	178561922	178562071	False	356	150M	255	0	5	0.5096140503883362	ambig_opp_strand	unspliced	-1	44	.	.	.	mrna
A00839:75:H7MFFDSXY:3:1649:26006:16313	chr2	178567342	178567491	True	-219	150M	255	0	25	0.16343100368976593	ambig_opp_strand	unspliced	12994	44	RIGEL_NRNA_chr2_1_178528764_178620148		RIGEL_NRNA_chr2_1_178528764_178620148	nrna
A00839:75:H7MFFDSXY:3:2230:26250:22060	chr2	178568876	178569025	False	390	150M	255	0	5	0.8505440950393677	ambig_opp_strand	unspliced	-1	44	.	.	.	mrna
A00839:75:H7MFFDSXY:3:1411:28763:23970	chr2	178564907	178565056	False	226	150M	255	3	25	0.7461572885513306	ambig_opp_strand	unspliced	12994	44	RIGEL_NRNA_chr2_2_178525988_178804642		RIGEL_NRNA_chr2_2_178525988_178804642	nrna
A00839:75:H7MFFDSXY:3:2242:23755:28291	chr2	178567455	178567604	True	-173	150M	255	1	25	0.17193268239498138	ambig_opp_strand	unspliced	12994	44	RIGEL_NRNA_chr2_1_178541746_178597681		RIGEL_NRNA_chr2_1_178541746_178597681	nrna
A00839:75:H7MFFDSXY:3:1438:16631:5901	chr2	178569985	178570134	False	236	150M	255	0	25	0.744874119758606	ambig_opp_strand	unspliced	12994	44	RIGEL_NRNA_chr2_2_178525988_178804642		RIGEL_NRNA_chr2_2_178525988_178804642	nrna
A00839:75:H7MFFDSXY:3:2425:1868:3380	chr2	178569695	178569844	True	-299	150M	255	1	25	0.2020682543516159	ambig_opp_strand	unspliced	12994	44	RIGEL_NRNA_chr2_1_178523417_178776534		RIGEL_NRNA_chr2_1_178523417_178776534	nrna
A00839:75:H7MFFDSXY:3:2203:1714:36996	chr2	178561830	178561979	False	214	150M	255	0	25	0.746132493019104	ambig_opp_strand	unspliced	12994	44	RIGEL_NRNA_chr2_2_178525988_178804642		RIGEL_NRNA_chr2_2_178525988_178804642	nrna
A00839:75:H7MFFDSXY:3:1410:6117:1313	chr2	178566786	178566935	True	-364	150M	255	0	5	0.4186725318431854	ambig_opp_strand	unspliced	-1	44	.	.	.	mrna
A00839:75:H7MFFDSXY:3:1236:27082:4366	chr2	178561189	178561338	True	-236	150M	255	0	25	0.17879906296730042	ambig_opp_strand	unspliced	12994	44	RIGEL_NRNA_chr2_1_178539804_178576557		RIGEL_NRNA_chr2_1_178539804_178576557	nrna
A00839:75:H7MFFDSXY:3:1536:15275:23563	chr2	178560319	178560468	False	214	150M	255	0	25	0.746132493019104	ambig_opp_strand	unspliced	12994	44	RIGEL_NRNA_chr2_2_178525988_178804642		RIGEL_NRNA_chr2_2_178525988_178804642	nrna
A00839:75:H7MFFDSXY:3:1348:30517:6151	chr2	178561930	178562079	True	-271	150M	255	0	25	0.16509909927845	ambig_opp_strand	unspliced	12994	44	RIGEL_NRNA_chr2_1_178540115_178582663		RIGEL_NRNA_chr2_1_178540115_178582663	nrna
A00839:75:H7MFFDSXY:3:1558:19407:13683	chr2	178565115	178565264	False	345	150M	255	0	5	0.3870343863964081	ambig_opp_strand	unspliced	-1	44	.	.	.	mrna
A00839:75:H7MFFDSXY:3:1448:22788:29121	chr2	178568731	178568880	False	319	150M	255	0	25	0.6273561716079712	ambig_opp_strand	unspliced	12994	44	RIGEL_NRNA_chr2_2_178525988_178804642		RIGEL_NRNA_chr2_2_178525988_178804642	nrna
A00839:75:H7MFFDSXY:3:2639:7301:27352	chr2	178563415	178563564	True	-171	150M	255	0	25	0.16167648136615753	ambig_opp_strand	unspliced	12994	44	RIGEL_NRNA_chr2_1_178528764_178620148		RIGEL_NRNA_chr2_1_178528764_178620148	nrna
A00839:75:H7MFFDSXY:3:2164:14986:11381	chr2	178561767	178561916	False	381	150M	255	0	5	0.799613356590271	ambig_opp_strand	unspliced	-1	44	.	.	.	mrna
A00839:75:H7MFFDSXY:3:2319:9399:12383	chr2	178562498	178562647	True	-392	150M	255	0	25	0.0450773611664772	ambig_opp_strand	unspliced	12994	44	RIGEL_NRNA_chr2_1_178541746_178597681		RIGEL_NRNA_chr2_1_178541746_178597681	nrna
A00839:75:H7MFFDSXY:3:2221:31204:6370	chr2	178567721	178567870	False	231	150M	255	0	25	0.7453240156173706	ambig_opp_strand	unspliced	12994	44	RIGEL_NRNA_chr2_2_178525988_178804642		RIGEL_NRNA_chr2_2_178525988_178804642	nrna
A00839:75:H7MFFDSXY:3:1305:5104:13714	chr2	178566264	178566413	False	372	150M	255	0	5	0.7060742974281311	ambig_opp_strand	unspliced	-1	44	.	.	.	mrna
A00839:75:H7MFFDSXY:3:1332:10755:4272	chr2	178565089	178565238	True	-218	150M	255	1	25	0.2105981409549713	ambig_opp_strand	unspliced	12994	44	RIGEL_NRNA_chr2_1_178523417_178776534		RIGEL_NRNA_chr2_1_178523417_178776534	nrna
A00839:75:H7MFFDSXY:3:2505:8874:15828	chr2	178560843	178560992	True	-345	150M	255	0	25	0.13247576355934143	ambig_opp_strand	unspliced	12994	44	RIGEL_NRNA_chr2_1_178540115_178582663		RIGEL_NRNA_chr2_1_178540115_178582663	nrna
A00839:75:H7MFFDSXY:3:1677:11171:25160	chr2	178569719	178569868	False	171	150M	255	0	3	0.08953303843736649	ambig_opp_strand	unspliced	12994	44	ENST00000460472.6	TTN	ENSG00000155657.29	mrna
A00839:75:H7MFFDSXY:3:1543:2220:32706	chr2	178565855	178566004	False	224	150M	255	0	25	0.7462296485900879	ambig_opp_strand	unspliced	12994	44	RIGEL_NRNA_chr2_2_178525988_178804642		RIGEL_NRNA_chr2_2_178525988_178804642	nrna
A00839:75:H7MFFDSXY:3:1614:29586:30718	chr2	178560756	178560905	True	-353	150M	255	0	25	0.11687460541725159	ambig_opp_strand	unspliced	12994	44	RIGEL_NRNA_chr2_1_178528764_178620148		RIGEL_NRNA_chr2_1_178528764_178620148	nrna
A00839:75:H7MFFDSXY:3:1304:1588:13228	chr2	178566170	178566319	False	261	150M	255	0	25	0.7336958050727844	ambig_opp_strand	unspliced	12994	44	RIGEL_NRNA_chr2_2_178525988_178804642		RIGEL_NRNA_chr2_2_178525988_178804642	nrna
A00839:75:H7MFFDSXY:3:1509:17390:21903	chr2	178563926	178564075	False	237	150M	255	0	25	0.7445722222328186	ambig_opp_strand	unspliced	12994	44	RIGEL_NRNA_chr2_2_178525988_178804642		RIGEL_NRNA_chr2_2_178525988_178804642	nrna
A00839:75:H7MFFDSXY:3:1312:20934:11162	chr2	178569701	178569850	True	-227	150M	255	0	25	0.16336244344711304	ambig_opp_strand	unspliced	12994	44	RIGEL_NRNA_chr2_1_178528764_178620148		RIGEL_NRNA_chr2_1_178528764_178620148	nrna
A00839:75:H7MFFDSXY:3:1678:17354:10504	chr2	178562335	178562484	False	406	150M	255	0	5	0.8724668025970459	ambig_opp_strand	unspliced	-1	44	.	.	.	mrna
A00839:75:H7MFFDSXY:3:1578:20383:6480	chr2	178561531	178561680	False	306	150M	255	0	25	0.6686471700668335	ambig_opp_strand	unspliced	12994	44	RIGEL_NRNA_chr2_2_178525988_178804642		RIGEL_NRNA_chr2_2_178525988_178804642	nrna
A00839:75:H7MFFDSXY:3:1356:10520:25347	chr2	178569814	178569963	False	279	150M	255	0	25	0.7165989875793457	ambig_opp_strand	unspliced	12994	44	RIGEL_NRNA_chr2_2_178525988_178804642		RIGEL_NRNA_chr2_2_178525988_178804642	nrna
A00839:75:H7MFFDSXY:3:1369:15935:7482	chr2	178561314	178561463	True	-319	150M	255	0	5	0.10645903646945953	ambig_opp_strand	unspliced	-1	44	.	.	.	mrna
A00839:75:H7MFFDSXY:3:1245:1036:27868	chr2	178565445	178565594	True	-317	150M	255	0	25	0.19431424140930176	ambig_opp_strand	unspliced	12994	44	RIGEL_NRNA_chr2_1_178523417_178776534		RIGEL_NRNA_chr2_1_178523417_178776534	nrna
A00839:75:H7MFFDSXY:3:1126:21215:14372	chr2	178565405	178565554	True	-296	150M	255	0	25	0.15744087100028992	ambig_opp_strand	unspliced	12994	44	RIGEL_NRNA_chr2_1_178528764_178620148		RIGEL_NRNA_chr2_1_178528764_178620148	nrna
A00839:75:H7MFFDSXY:3:2476:28809:8265	chr2	178568529	178568678	True	-253	150M	255	0	25	0.16259725391864777	ambig_opp_strand	unspliced	12994	44	RIGEL_NRNA_chr2_1_178528764_178620148		RIGEL_NRNA_chr2_1_178528764_178620148	nrna
A00839:75:H7MFFDSXY:3:1573:15835:14544	chr2	178565714	178565863	False	269	150M	255	0	5	0.07670917361974716	ambig_opp_strand	unspliced	-1	44	.	.	.	mrna
A00839:75:H7MFFDSXY:3:1568:26585:2440	chr2	178568124	178568273	True	-288	150M	255	0	25	0.20497426390647888	ambig_opp_strand	unspliced	12994	44	RIGEL_NRNA_chr2_1_178523417_178776534		RIGEL_NRNA_chr2_1_178523417_178776534	nrna
A00839:75:H7MFFDSXY:3:1470:28637:27665	chr2	178566464	178566613	False	433	150M	255	0	3	0.013552182354032993	ambig_opp_strand	unspliced	12994	44	ENST00000460472.6	TTN	ENSG00000155657.29	mrna
A00839:75:H7MFFDSXY:3:2415:26901:16047	chr2	178565713	178565862	False	261	150M	255	0	25	0.7336958050727844	ambig_opp_strand	unspliced	12994	44	RIGEL_NRNA_chr2_2_178525988_178804642		RIGEL_NRNA_chr2_2_178525988_178804642	nrna
A00839:75:H7MFFDSXY:3:2234:16622:27774	chr2	178566158	178566307	True	-241	150M	255	0	25	0.17317184805870056	ambig_opp_strand	unspliced	12994	44	RIGEL_NRNA_chr2_1_178541746_178597681		RIGEL_NRNA_chr2_1_178541746_178597681	nrna
A00839:75:H7MFFDSXY:3:1514:30020:26835	chr2	178560265	178560414	False	300	150M	255	0	25	0.6827700138092041	ambig_opp_strand	unspliced	12994	44	RIGEL_NRNA_chr2_2_178525988_178804642		RIGEL_NRNA_chr2_2_178525988_178804642	nrna
A00839:75:H7MFFDSXY:3:1425:11559:9549	chr2	178560837	178560986	False	151	150M	255	0	25	0.7026783227920532	ambig_opp_strand	unspliced	12994	44	RIGEL_NRNA_chr2_2_178525988_178804642		RIGEL_NRNA_chr2_2_178525988_178804642	nrna
A00839:75:H7MFFDSXY:3:2453:19759:32174	chr2	178567919	178568068	True	-235	150M	255	0	25	0.21040304005146027	ambig_opp_strand	unspliced	12994	44	RIGEL_NRNA_chr2_1_178523417_178776534		RIGEL_NRNA_chr2_1_178523417_178776534	nrna
A00839:75:H7MFFDSXY:3:1627:21296:28040	chr2	178565747	178565896	False	318	150M	255	0	25	0.6324870586395264	ambig_opp_strand	unspliced	12994	44	RIGEL_NRNA_chr2_2_178525988_178804642		RIGEL_NRNA_chr2_2_178525988_178804642	nrna
A00839:75:H7MFFDSXY:3:1633:14380:5572	chr2	178566022	178566171	True	-362	150M	255	0	5	0.39906948804855347	ambig_opp_strand	unspliced	-1	44	.	.	.	mrna
A00839:75:H7MFFDSXY:3:2276:12102:23234	chr2	178566885	178567034	True	-205	150M	255	0	25	0.16328343749046326	ambig_opp_strand	unspliced	12994	44	RIGEL_NRNA_chr2_1_178528764_178620148		RIGEL_NRNA_chr2_1_178528764_178620148	nrna
A00839:75:H7MFFDSXY:3:1172:27172:16924	chr2	178568845	178568994	False	311	150M	255	0	25	0.6541176438331604	ambig_opp_strand	unspliced	12994	44	RIGEL_NRNA_chr2_2_178525988_178804642		RIGEL_NRNA_chr2_2_178525988_178804642	nrna
A00839:75:H7MFFDSXY:3:1252:28492:26224	chr2	178568766	178568915	False	453	150M	255	0	5	0.8558486700057983	ambig_opp_strand	unspliced	-1	44	.	.	.	mrna
A00839:75:H7MFFDSXY:3:2112:23981:1939	chr2	178564766	178564915	True	-268	150M	255	0	25	0.17132218182086945	ambig_opp_strand	unspliced	12994	44	RIGEL_NRNA_chr2_1_178541746_178597681		RIGEL_NRNA_chr2_1_178541746_178597681	nrna
A00839:75:H7MFFDSXY:3:1459:21920:34256	chr2	178563214	178563363	True	-289	150M	255	0	25	0.20468366146087646	ambig_opp_strand	unspliced	12994	44	RIGEL_NRNA_chr2_1_178523417_178776534		RIGEL_NRNA_chr2_1_178523417_178776534	nrna
A00839:75:H7MFFDSXY:3:2153:28818:24251	chr2	178564970	178565119	False	276	150M	255	2	25	0.719520628452301	ambig_opp_strand	unspliced	12994	44	RIGEL_NRNA_chr2_2_178525988_178804642		RIGEL_NRNA_chr2_2_178525988_178804642	nrna
A00839:75:H7MFFDSXY:3:2601:30544:13933	chr2	178563382	178563531	True	-340	150M	255	0	5	0.19329069554805756	ambig_opp_strand	unspliced	-1	44	.	.	.	mrna
A00839:75:H7MFFDSXY:3:2261:20066:31704	chr2	178565151	178565291	True	-141	141M	255	0	25	0.15932971239089966	ambig_opp_strand	unspliced	12994	44	RIGEL_NRNA_chr2_1_178540115_178582663		RIGEL_NRNA_chr2_1_178540115_178582663	nrna
A00839:75:H7MFFDSXY:3:2133:25482:29528	chr2	178566224	178566373	True	-274	150M	255	0	25	0.16071803867816925	ambig_opp_strand	unspliced	12994	44	RIGEL_NRNA_chr2_1_178528764_178620148		RIGEL_NRNA_chr2_1_178528764_178620148	nrna
A00839:75:H7MFFDSXY:3:2164:13051:11757	chr2	178566323	178566472	False	374	150M	255	0	5	0.7373983263969421	ambig_opp_strand	unspliced	-1	44	.	.	.	mrna
A00839:75:H7MFFDSXY:3:1348:24641:12007	chr2	178568323	178568472	False	239	150M	255	0	25	0.7444384694099426	ambig_opp_strand	unspliced	12994	44	RIGEL_NRNA_chr2_2_178525988_178804642		RIGEL_NRNA_chr2_2_178525988_178804642	nrna
A00839:75:H7MFFDSXY:3:2214:15528:30264	chr2	178565615	178565764	False	194	150M	255	0	3	0.023232724517583847	ambig_opp_strand	unspliced	12994	44	ENST00000412264.2	TTN	ENSG00000155657.29	mrna
A00839:75:H7MFFDSXY:3:2145:2049:34350	chr2	178565210	178565359	False	234	150M	255	0	25	0.7448832392692566	ambig_opp_strand	unspliced	12994	44	RIGEL_NRNA_chr2_2_178525988_178804642		RIGEL_NRNA_chr2_2_178525988_178804642	nrna
A00839:75:H7MFFDSXY:3:2142:3242:21919	chr2	178568953	178569102	False	412	150M	255	0	5	0.8656704425811768	ambig_opp_strand	unspliced	-1	44	.	.	.	mrna
A00839:75:H7MFFDSXY:3:2504:14714:19742	chr2	178562039	178562188	True	-319	150M	255	0	25	0.16397416591644287	ambig_opp_strand	unspliced	12994	44	RIGEL_NRNA_chr2_1_178539804_178576557		RIGEL_NRNA_chr2_1_178539804_178576557	nrna
A00839:75:H7MFFDSXY:3:1140:32117:27305	chr2	178560712	178560861	False	482	150M	255	0	5	0.8658218383789062	ambig_opp_strand	unspliced	-1	44	.	.	.	mrna
A00839:75:H7MFFDSXY:3:1423:32136:11240	chr2	178569535	178569684	True	-218	150M	255	0	25	0.16745981574058533	ambig_opp_strand	unspliced	12994	44	RIGEL_NRNA_chr2_1_178540115_178582663		RIGEL_NRNA_chr2_1_178540115_178582663	nrna
A00839:75:H7MFFDSXY:3:1259:15528:36338	chr2	178566448	178566597	False	300	150M	255	0	25	0.6827700138092041	ambig_opp_strand	unspliced	12994	44	RIGEL_NRNA_chr2_2_178525988_178804642		RIGEL_NRNA_chr2_2_178525988_178804642	nrna
A00839:75:H7MFFDSXY:3:2537:26892:33912	chr2	178563239	178563388	False	293	150M	255	0	5	0.11287103593349457	ambig_opp_strand	unspliced	-1	44	.	.	.	mrna
A00839:75:H7MFFDSXY:3:1472:19343:26663	chr2	178569470	178569619	False	250	150M	255	1	25	0.741001546382904	ambig_opp_strand	unspliced	12994	44	RIGEL_NRNA_chr2_2_178525988_178804642		RIGEL_NRNA_chr2_2_178525988_178804642	nrna
A00839:75:H7MFFDSXY:3:1335:12328:28948	chr2	178565993	178566142	False	328	150M	255	0	25	0.5931429266929626	ambig_opp_strand	unspliced	12994	44	RIGEL_NRNA_chr2_2_178525988_178804642		RIGEL_NRNA_chr2_2_178525988_178804642	nrna
A00839:75:H7MFFDSXY:3:1642:30517:20275	chr2	178561033	178561182	True	-298	150M	255	0	25	0.15699362754821777	ambig_opp_strand	unspliced	12994	44	RIGEL_NRNA_chr2_1_178528764_178620148		RIGEL_NRNA_chr2_1_178528764_178620148	nrna
A00839:75:H7MFFDSXY:3:2164:8133:22060	chr2	178567307	178567456	False	329	150M	255	3	25	0.5879279375076294	ambig_opp_strand	unspliced	12994	44	RIGEL_NRNA_chr2_2_178525988_178804642		RIGEL_NRNA_chr2_2_178525988_178804642	nrna
A00839:75:H7MFFDSXY:3:2444:28257:4742	chr2	178568600	178568749	True	-325	150M	255	0	25	0.017065346240997314	ambig_opp_strand	unspliced	12994	44	RIGEL_NRNA_chr2_1_178528764_178738038		RIGEL_NRNA_chr2_1_178528764_178738038	nrna
A00839:75:H7MFFDSXY:3:1336:24994:4100	chr2	178566683	178566832	True	-197	150M	255	0	25	0.17314329743385315	ambig_opp_strand	unspliced	12994	44	RIGEL_NRNA_chr2_1_178541746_178597681		RIGEL_NRNA_chr2_1_178541746_178597681	nrna
A00839:75:H7MFFDSXY:3:1211:13295:21950	chr2	178569181	178569330	False	289	150M	255	0	3	0.0704425498843193	ambig_opp_strand	unspliced	12994	44	ENST00000342175.12	TTN	ENSG00000155657.29	mrna
A00839:75:H7MFFDSXY:3:2330:20672:10363	chr2	178565156	178565305	True	-221	150M	255	0	25	0.1734425276517868	ambig_opp_strand	unspliced	12994	44	RIGEL_NRNA_chr2_1_178541746_178597681		RIGEL_NRNA_chr2_1_178541746_178597681	nrna
A00839:75:H7MFFDSXY:3:1205:14271:2879	chr2	178568528	178568677	False	288	150M	255	0	25	0.7061769366264343	ambig_opp_strand	unspliced	12994	44	RIGEL_NRNA_chr2_2_178525988_178804642		RIGEL_NRNA_chr2_2_178525988_178804642	nrna
A00839:75:H7MFFDSXY:3:1210:3992:9345	chr2	178560531	178560680	False	253	150M	255	0	25	0.7388496398925781	ambig_opp_strand	unspliced	12994	44	RIGEL_NRNA_chr2_2_178525988_178804642		RIGEL_NRNA_chr2_2_178525988_178804642	nrna
A00839:75:H7MFFDSXY:3:1423:27896:10347	chr2	178566585	178566734	True	-245	150M	255	0	25	0.17304682731628418	ambig_opp_strand	unspliced	12994	44	RIGEL_NRNA_chr2_1_178541746_178597681		RIGEL_NRNA_chr2_1_178541746_178597681	nrna
A00839:75:H7MFFDSXY:3:2308:19452:5963	chr2	178562453	178562602	True	-352	150M	255	0	25	0.1535986065864563	ambig_opp_strand	unspliced	12994	44	RIGEL_NRNA_chr2_1_178523417_178776534		RIGEL_NRNA_chr2_1_178523417_178776534	nrna
A00839:75:H7MFFDSXY:3:1525:23954:10848	chr2	178566518	178566667	False	286	150M	255	0	25	0.7077359557151794	ambig_opp_strand	unspliced	12994	44	RIGEL_NRNA_chr2_2_178525988_178804642		RIGEL_NRNA_chr2_2_178525988_178804642	nrna
A00839:75:H7MFFDSXY:3:1545:30951:17456	chr2	178568618	178568767	False	347	150M	255	0	25	0.4639523923397064	ambig_opp_strand	unspliced	12994	44	RIGEL_NRNA_chr2_2_178525988_178804642		RIGEL_NRNA_chr2_2_178525988_178804642	nrna
A00839:75:H7MFFDSXY:3:1473:23692:15812	chr2	178567025	178567174	True	-417	150M	255	0	5	0.7716473340988159	ambig_opp_strand	unspliced	-1	44	.	.	.	mrna
A00839:75:H7MFFDSXY:3:1619:20121:12132	chr2	178567689	178567838	True	-356	150M	255	0	5	0.3276861608028412	ambig_opp_strand	unspliced	-1	44	.	.	.	mrna
A00839:75:H7MFFDSXY:3:1223:21359:7827	chr2	178567558	178567707	True	-272	150M	255	0	25	0.17631927132606506	ambig_opp_strand	unspliced	12994	44	RIGEL_NRNA_chr2_1_178539804_178576557		RIGEL_NRNA_chr2_1_178539804_178576557	nrna
A00839:75:H7MFFDSXY:3:1534:9796:22122	chr2	178568870	178569019	True	-300	150M	255	0	25	0.16026295721530914	ambig_opp_strand	unspliced	12994	44	RIGEL_NRNA_chr2_1_178540115_178582663		RIGEL_NRNA_chr2_1_178540115_178582663	nrna
A00839:75:H7MFFDSXY:3:1119:10655:4507	chr2	178562855	178563004	True	-319	150M	255	0	25	0.15342727303504944	ambig_opp_strand	unspliced	12994	44	RIGEL_NRNA_chr2_1_178540115_178582663		RIGEL_NRNA_chr2_1_178540115_178582663	nrna
A00839:75:H7MFFDSXY:3:2470:4291:3255	chr2	178561577	178561726	True	-267	150M	255	1	25	0.20807740092277527	ambig_opp_strand	unspliced	12994	44	RIGEL_NRNA_chr2_1_178523417_178776534		RIGEL_NRNA_chr2_1_178523417_178776534	nrna
A00839:75:H7MFFDSXY:3:2148:10691:6417	chr2	178562235	178562384	True	-266	150M	255	0	25	0.0187725480645895	ambig_opp_strand	unspliced	12994	44	RIGEL_NRNA_chr2_1_178528764_178738038		RIGEL_NRNA_chr2_1_178528764_178738038	nrna
A00839:75:H7MFFDSXY:3:1320:20636:24831	chr2	178560188	178560337	True	-166	150M	255	0	25	0.1711234748363495	ambig_opp_strand	unspliced	12994	44	RIGEL_NRNA_chr2_1_178541746_178597681		RIGEL_NRNA_chr2_1_178541746_178597681	nrna
A00839:75:H7MFFDSXY:3:2206:17418:12900	chr2	178564860	178565009	True	-219	150M	255	0	25	0.21064528822898865	ambig_opp_strand	unspliced	12994	44	RIGEL_NRNA_chr2_1_178523417_178776534		RIGEL_NRNA_chr2_1_178523417_178776534	nrna
A00839:75:H7MFFDSXY:3:2109:5222:20838	chr2	178563830	178563947	True	-118	118M	255	1	25	0.1508750319480896	ambig_opp_strand	unspliced	12994	44	RIGEL_NRNA_chr2_1_178539804_178576557		RIGEL_NRNA_chr2_1_178539804_178576557	nrna
A00839:75:H7MFFDSXY:3:1256:2564:5901	chr2	178564089	178564238	False	231	150M	255	0	25	0.7453240156173706	ambig_opp_strand	unspliced	12994	44	RIGEL_NRNA_chr2_2_178525988_178804642		RIGEL_NRNA_chr2_2_178525988_178804642	nrna
A00839:75:H7MFFDSXY:3:2604:6958:27445	chr2	178568257	178568406	False	294	150M	255	0	5	0.11564655601978302	ambig_opp_strand	unspliced	-1	44	.	.	.	mrna
A00839:75:H7MFFDSXY:3:1410:17499:10848	chr2	178561781	178561930	False	446	150M	255	0	5	0.8625881671905518	ambig_opp_strand	unspliced	-1	44	.	.	.	mrna
A00839:75:H7MFFDSXY:3:1538:28348:32737	chr2	178565683	178565832	True	-265	150M	255	0	25	0.16563215851783752	ambig_opp_strand	unspliced	12994	44	RIGEL_NRNA_chr2_1_178540115_178582663		RIGEL_NRNA_chr2_1_178540115_178582663	nrna
A00839:75:H7MFFDSXY:3:1138:5602:11757	chr2	178562204	178562353	False	261	150M	255	0	25	0.7336958050727844	ambig_opp_strand	unspliced	12994	44	RIGEL_NRNA_chr2_2_178525988_178804642		RIGEL_NRNA_chr2_2_178525988_178804642	nrna
A00839:75:H7MFFDSXY:3:1613:6370:24486	chr2	178562911	178563060	False	284	150M	255	0	5	0.09676647931337357	ambig_opp_strand	unspliced	-1	44	.	.	.	mrna
A00839:75:H7MFFDSXY:3:2424:28266:20697	chr2	178567508	178567657	True	-289	150M	255	0	25	0.019529640674591064	ambig_opp_strand	unspliced	12994	44	RIGEL_NRNA_chr2_1_178528739_178584816		RIGEL_NRNA_chr2_1_178528739_178584816	nrna
A00839:75:H7MFFDSXY:3:2441:21820:34679	chr2	178563178	178563327	False	298	150M	255	0	25	0.6881698369979858	ambig_opp_strand	unspliced	12994	44	RIGEL_NRNA_chr2_2_178525988_178804642		RIGEL_NRNA_chr2_2_178525988_178804642	nrna
A00839:75:H7MFFDSXY:3:2319:1425:23156	chr2	178566747	178566896	True	-388	150M	255	0	5	0.7344604730606079	ambig_opp_strand	unspliced	-1	44	.	.	.	mrna
A00839:75:H7MFFDSXY:3:2157:20681:12195	chr2	178563060	178563209	True	-376	150M	255	0	5	0.5909984707832336	ambig_opp_strand	unspliced	-1	44	.	.	.	mrna
A00839:75:H7MFFDSXY:3:1674:14271:14027	chr2	178569254	178569403	True	-439	150M	255	0	5	0.7608307600021362	ambig_opp_strand	unspliced	-1	44	.	.	.	mrna
A00839:75:H7MFFDSXY:3:2223:20681:26005	chr2	178565672	178565821	True	-361	150M	255	0	5	0.37828660011291504	ambig_opp_strand	unspliced	-1	44	.	.	.	mrna
A00839:75:H7MFFDSXY:3:2503:27109:35790	chr2	178562932	178563081	False	249	150M	255	0	25	0.7411295771598816	ambig_opp_strand	unspliced	12994	44	RIGEL_NRNA_chr2_2_178525988_178804642		RIGEL_NRNA_chr2_2_178525988_178804642	nrna
A00839:75:H7MFFDSXY:3:1403:12075:13542	chr2	178564920	178565069	False	387	150M	255	0	5	0.8462709188461304	ambig_opp_strand	unspliced	-1	44	.	.	.	mrna
A00839:75:H7MFFDSXY:3:2658:31114:13823	chr2	178567103	178567252	True	-287	150M	255	0	25	0.1742783784866333	ambig_opp_strand	unspliced	12994	44	RIGEL_NRNA_chr2_1_178539804_178576557		RIGEL_NRNA_chr2_1_178539804_178576557	nrna
A00839:75:H7MFFDSXY:3:1460:12427:31501	chr2	178563600	178563749	False	343	150M	255	0	25	0.49764832854270935	ambig_opp_strand	unspliced	12994	44	RIGEL_NRNA_chr2_2_178525988_178804642		RIGEL_NRNA_chr2_2_178525988_178804642	nrna
A00839:75:H7MFFDSXY:3:1437:4282:26600	chr2	178566010	178566159	False	276	150M	255	0	5	0.08542145043611526	ambig_opp_strand	unspliced	-1	44	.	.	.	mrna
A00839:75:H7MFFDSXY:3:1536:18231:12712	chr2	178567809	178567958	True	-312	150M	255	0	25	0.15248967707157135	ambig_opp_strand	unspliced	12994	44	RIGEL_NRNA_chr2_1_178528764_178620148		RIGEL_NRNA_chr2_1_178528764_178620148	nrna
A00839:75:H7MFFDSXY:3:2149:32027:32409	chr2	178568214	178568363	False	498	150M	255	0	5	0.8747876286506653	ambig_opp_strand	unspliced	-1	44	.	.	.	mrna
A00839:75:H7MFFDSXY:3:2252:20446:3302	chr2	178565396	178565545	False	306	150M	255	0	25	0.6686471700668335	ambig_opp_strand	unspliced	12994	44	RIGEL_NRNA_chr2_2_178525988_178804642		RIGEL_NRNA_chr2_2_178525988_178804642	nrna
A00839:75:H7MFFDSXY:3:1545:21034:3223	chr2	178569500	178569649	True	-323	150M	255	0	5	0.11736807227134705	ambig_opp_strand	unspliced	-1	44	.	.	.	mrna
A00839:75:H7MFFDSXY:3:1319:6623:8609	chr2	178567337	178567448	False	112	112M	255	0	25	0.5002672076225281	ambig_opp_strand	unspliced	12994	44	RIGEL_NRNA_chr2_2_178525988_178804642		RIGEL_NRNA_chr2_2_178525988_178804642	nrna
A00839:75:H7MFFDSXY:3:2435:1145:24424	chr2	178561881	178562030	False	374	150M	255	0	5	0.7373983263969421	ambig_opp_strand	unspliced	-1	44	.	.	.	mrna
A00839:75:H7MFFDSXY:3:2473:32027:5478	chr2	178566486	178566635	False	315	150M	255	0	3	0.06440062820911407	ambig_opp_strand	unspliced	12994	44	ENST00000342175.12	TTN	ENSG00000155657.29	mrna
A00839:75:H7MFFDSXY:3:2408:20564:19507	chr2	178565686	178565835	False	423	150M	255	0	5	0.8718879222869873	ambig_opp_strand	unspliced	-1	44	.	.	.	mrna
A00839:75:H7MFFDSXY:3:1449:4309:30592	chr2	178565865	178566014	False	388	150M	255	0	5	0.8550167083740234	ambig_opp_strand	unspliced	-1	44	.	.	.	mrna
A00839:75:H7MFFDSXY:3:1214:28646:3098	chr2	178568441	178568590	True	-249	150M	255	0	25	0.20988361537456512	ambig_opp_strand	unspliced	12994	44	RIGEL_NRNA_chr2_1_178523417_178776534		RIGEL_NRNA_chr2_1_178523417_178776534	nrna
A00839:75:H7MFFDSXY:3:1520:1542:25426	chr2	178567283	178567432	False	301	150M	255	0	3	0.06811580806970596	ambig_opp_strand	unspliced	12994	44	ENST00000342175.12	TTN	ENSG00000155657.29	mrna
A00839:75:H7MFFDSXY:3:1558:29089:27853	chr2	178563671	178563820	True	-364	150M	255	0	5	0.4186725318431854	ambig_opp_strand	unspliced	-1	44	.	.	.	mrna
A00839:75:H7MFFDSXY:3:1372:30770:30765	chr2	178568205	178568354	True	-314	150M	255	0	25	0.01867326721549034	ambig_opp_strand	unspliced	12994	44	RIGEL_NRNA_chr2_1_178528739_178584816		RIGEL_NRNA_chr2_1_178528739_178584816	nrna
A00839:75:H7MFFDSXY:3:1166:26503:24659	chr2	178561323	178561472	False	298	150M	255	0	25	0.6881697773933411	ambig_opp_strand	unspliced	12994	44	RIGEL_NRNA_chr2_2_178525988_178804642		RIGEL_NRNA_chr2_2_178525988_178804642	nrna
A00839:75:H7MFFDSXY:3:2266:9064:15217	chr2	178560631	178560780	False	334	150M	255	0	5	0.2845340073108673	ambig_opp_strand	unspliced	-1	44	.	.	.	mrna
A00839:75:H7MFFDSXY:3:2641:7310:23516	chr2	178563484	178563633	True	-241	150M	255	0	25	0.167183518409729	ambig_opp_strand	unspliced	12994	44	RIGEL_NRNA_chr2_1_178540115_178582663		RIGEL_NRNA_chr2_1_178540115_178582663	nrna
A00839:75:H7MFFDSXY:3:2106:25174:14121	chr2	178568233	178568382	False	463	150M	255	0	5	0.8703027367591858	ambig_opp_strand	unspliced	-1	44	.	.	.	mrna
A00839:75:H7MFFDSXY:3:2157:13205:29121	chr2	178565466	178565615	True	-390	150M	255	0	5	0.7274543046951294	ambig_opp_strand	unspliced	-1	44	.	.	.	mrna
A00839:75:H7MFFDSXY:3:1476:8621:11694	chr2	178562968	178563117	False	207	150M	255	0	25	0.7452598214149475	ambig_opp_strand	unspliced	12994	44	RIGEL_NRNA_chr2_2_178525988_178804642		RIGEL_NRNA_chr2_2_178525988_178804642	nrna
A00839:75:H7MFFDSXY:3:2452:3061:26553	chr2	178568411	178568560	True	-350	150M	255	0	25	0.15746596455574036	ambig_opp_strand	unspliced	12994	44	RIGEL_NRNA_chr2_1_178523417_178776534		RIGEL_NRNA_chr2_1_178523417_178776534	nrna
A00839:75:H7MFFDSXY:3:2225:32054:1454	chr2	178562780	178562929	True	-332	150M	255	0	25	0.14250829815864563	ambig_opp_strand	unspliced	12994	44	RIGEL_NRNA_chr2_1_178528764_178620148		RIGEL_NRNA_chr2_1_178528764_178620148	nrna
A00839:75:H7MFFDSXY:3:1340:16604:22764	chr2	178560275	178560424	True	-481	150M	255	0	5	0.7504238486289978	ambig_opp_strand	unspliced	-1	44	.	.	.	mrna
A00839:75:H7MFFDSXY:3:1447:20745:4695	chr2	178569153	178569300	True	-258	148M2S	255	3	25	0.16223366558551788	ambig_opp_strand	unspliced	12994	44	RIGEL_NRNA_chr2_1_178528764_178620148		RIGEL_NRNA_chr2_1_178528764_178620148	nrna
A00839:75:H7MFFDSXY:3:1477:21649:21637	chr2	178562057	178562206	False	240	150M	255	0	25	0.7442801594734192	ambig_opp_strand	unspliced	12994	44	RIGEL_NRNA_chr2_2_178525988_178804642		RIGEL_NRNA_chr2_2_178525988_178804642	nrna
A00839:75:H7MFFDSXY:3:2163:29225:11209	chr2	178566747	178566896	False	465	150M	255	1	5	0.8601769208908081	ambig_opp_strand	unspliced	-1	44	.	.	.	mrna
A00839:75:H7MFFDSXY:3:2169:21621:5682	chr2	178567337	178567463	False	127	127M	255	1	25	0.600018322467804	ambig_opp_strand	unspliced	12994	44	RIGEL_NRNA_chr2_2_178525988_178804642		RIGEL_NRNA_chr2_2_178525988_178804642	nrna
A00839:75:H7MFFDSXY:3:2553:19352:24768	chr2	178562587	178562736	False	272	150M	255	0	25	0.7237831354141235	ambig_opp_strand	unspliced	12994	44	RIGEL_NRNA_chr2_2_178525988_178804642		RIGEL_NRNA_chr2_2_178525988_178804642	nrna
A00839:75:H7MFFDSXY:3:2331:15808:10269	chr2	178563552	178563701	False	268	150M	255	0	25	0.7275502681732178	ambig_opp_strand	unspliced	12994	44	RIGEL_NRNA_chr2_2_178525988_178804642		RIGEL_NRNA_chr2_2_178525988_178804642	nrna
A00839:75:H7MFFDSXY:3:2567:28248:35978	chr2	178564306	178564455	True	-380	150M	255	0	5	0.6446285247802734	ambig_opp_strand	unspliced	-1	44	.	.	.	mrna
A00839:75:H7MFFDSXY:3:1669:11017:28620	chr2	178564425	178564574	False	231	150M	255	0	3	0.09137887507677078	ambig_opp_strand	unspliced	12994	44	ENST00000460472.6	TTN	ENSG00000155657.29	mrna
A00839:75:H7MFFDSXY:3:2212:18186:4867	chr2	178560668	178560818	True	-225	38M1D112M	255	1	25	0.17898893356323242	ambig_opp_strand	unspliced	12994	44	RIGEL_NRNA_chr2_1_178539804_178576557		RIGEL_NRNA_chr2_1_178539804_178576557	nrna
A00839:75:H7MFFDSXY:3:1217:2935:34976	chr2	178567681	178567830	True	-233	150M	255	0	25	0.16325896978378296	ambig_opp_strand	unspliced	12994	44	RIGEL_NRNA_chr2_1_178528764_178620148		RIGEL_NRNA_chr2_1_178528764_178620148	nrna
A00839:75:H7MFFDSXY:3:2539:6180:28573	chr2	178569024	178569173	True	-338	150M	255	1	25	0.1773836463689804	ambig_opp_strand	unspliced	12994	44	RIGEL_NRNA_chr2_1_178523417_178776534		RIGEL_NRNA_chr2_1_178523417_178776534	nrna
A00839:75:H7MFFDSXY:3:1141:16468:1360	chr2	178567803	178567952	True	-203	150M	255	0	25	0.17327122390270233	ambig_opp_strand	unspliced	12994	44	RIGEL_NRNA_chr2_1_178541746_178597681		RIGEL_NRNA_chr2_1_178541746_178597681	nrna
A00839:75:H7MFFDSXY:3:1153:23854:6731	chr2	178561921	178562070	True	-165	150M	255	0	5	0.03824051842093468	ambig_opp_strand	unspliced	-1	44	.	.	.	mrna
A00839:75:H7MFFDSXY:3:2520:7301:22028	chr2	178561694	178561843	True	-290	150M	255	0	25	0.20433244109153748	ambig_opp_strand	unspliced	12994	44	RIGEL_NRNA_chr2_1_178523417_178776534		RIGEL_NRNA_chr2_1_178523417_178776534	nrna
A00839:75:H7MFFDSXY:3:2251:27118:13510	chr2	178567009	178567158	True	-349	150M	255	0	25	0.028927985578775406	ambig_opp_strand	unspliced	12994	44	RIGEL_NRNA_chr2_1_178528739_178633078		RIGEL_NRNA_chr2_1_178528739_178633078	nrna
A00839:75:H7MFFDSXY:3:1363:28736:2190	chr2	178567393	178567542	False	225	150M	255	1	25	0.7465149164199829	ambig_opp_strand	unspliced	12994	44	RIGEL_NRNA_chr2_2_178525988_178804642		RIGEL_NRNA_chr2_2_178525988_178804642	nrna
A00839:75:H7MFFDSXY:3:2211:20844:21308	chr2	178562180	178562329	True	-431	150M	255	0	5	0.7396605014801025	ambig_opp_strand	unspliced	-1	44	.	.	.	mrna
A00839:75:H7MFFDSXY:3:1328:4508:15092	chr2	178563664	178563813	False	266	150M	255	0	25	0.7296407222747803	ambig_opp_strand	unspliced	12994	44	RIGEL_NRNA_chr2_2_178525988_178804642		RIGEL_NRNA_chr2_2_178525988_178804642	nrna
A00839:75:H7MFFDSXY:3:1105:16043:12085	chr2	178561343	178561492	True	-277	150M	255	0	25	0.1702352613210678	ambig_opp_strand	unspliced	12994	44	RIGEL_NRNA_chr2_1_178541746_178597681		RIGEL_NRNA_chr2_1_178541746_178597681	nrna
A00839:75:H7MFFDSXY:3:2541:15781:20181	chr2	178565552	178565701	True	-304	150M	255	0	25	0.17014572024345398	ambig_opp_strand	unspliced	12994	44	RIGEL_NRNA_chr2_1_178539804_178576557		RIGEL_NRNA_chr2_1_178539804_178576557	nrna
A00839:75:H7MFFDSXY:3:1318:6036:1861	chr2	178564937	178565086	False	245	150M	255	0	3	0.023216042667627335	ambig_opp_strand	unspliced	12994	44	ENST00000412264.2	TTN	ENSG00000155657.29	mrna
A00839:75:H7MFFDSXY:3:2609:12807:16313	chr2	178562887	178563036	False	285	150M	255	0	25	0.7095791101455688	ambig_opp_strand	unspliced	12994	44	RIGEL_NRNA_chr2_2_178525988_178804642		RIGEL_NRNA_chr2_2_178525988_178804642	nrna
A00839:75:H7MFFDSXY:3:1245:10068:12414	chr2	178567614	178567763	True	-267	150M	255	0	25	0.1713818609714508	ambig_opp_strand	unspliced	12994	44	RIGEL_NRNA_chr2_1_178541746_178597681		RIGEL_NRNA_chr2_1_178541746_178597681	nrna
A00839:75:H7MFFDSXY:3:1369:19877:10081	chr2	178569863	178570012	False	308	150M	255	1	25	0.6639626026153564	ambig_opp_strand	unspliced	12994	44	RIGEL_NRNA_chr2_2_178525988_178804642		RIGEL_NRNA_chr2_2_178525988_178804642	nrna
A00839:75:H7MFFDSXY:3:2172:7410:13385	chr2	178563927	178564076	True	-181	150M	255	0	25	0.16637781262397766	ambig_opp_strand	unspliced	12994	44	RIGEL_NRNA_chr2_1_178540115_178582663		RIGEL_NRNA_chr2_1_178540115_178582663	nrna
A00839:75:H7MFFDSXY:3:1460:26702:31078	chr2	178563282	178563431	True	-391	150M	255	1	5	0.7598150372505188	ambig_opp_strand	unspliced	-1	44	.	.	.	mrna
A00839:75:H7MFFDSXY:3:1266:15781:19335	chr2	178563748	178563897	False	338	150M	255	0	3	0.0659094899892807	ambig_opp_strand	unspliced	12994	44	ENST00000460472.6	TTN	ENSG00000155657.29	mrna
A00839:75:H7MFFDSXY:3:2336:10547:4100	chr2	178561848	178561997	True	-369	150M	255	0	5	0.490247517824173	ambig_opp_strand	unspliced	-1	44	.	.	.	mrna
A00839:75:H7MFFDSXY:3:2452:7943:27524	chr2	178568211	178568360	False	314	150M	255	0	5	0.18060237169265747	ambig_opp_strand	unspliced	-1	44	.	.	.	mrna
A00839:75:H7MFFDSXY:3:2348:17372:8375	chr2	178569694	178569843	False	237	150M	255	0	25	0.7445722222328186	ambig_opp_strand	unspliced	12994	44	RIGEL_NRNA_chr2_2_178525988_178804642		RIGEL_NRNA_chr2_2_178525988_178804642	nrna
A00839:75:H7MFFDSXY:3:2119:18005:20776	chr2	178568900	178569044	True	-145	145M	255	0	25	0.1663438379764557	ambig_opp_strand	unspliced	12994	44	RIGEL_NRNA_chr2_1_178541746_178597681		RIGEL_NRNA_chr2_1_178541746_178597681	nrna
A00839:75:H7MFFDSXY:3:2505:21983:10942	chr2	178569131	178569280	True	-351	150M	255	0	25	0.15554779767990112	ambig_opp_strand	unspliced	12994	44	RIGEL_NRNA_chr2_1_178523417_178776534		RIGEL_NRNA_chr2_1_178523417_178776534	nrna
A00839:75:H7MFFDSXY:3:1264:9218:22373	chr2	178568910	178569059	False	370	150M	255	0	3	0.024461625143885612	ambig_opp_strand	unspliced	12994	44	ENST00000342175.12	TTN	ENSG00000155657.29	mrna
A00839:75:H7MFFDSXY:3:2254:16215:21057	chr2	178566649	178566798	True	-266	150M	255	0	25	0.17701534926891327	ambig_opp_strand	unspliced	12994	44	RIGEL_NRNA_chr2_1_178539804_178576557		RIGEL_NRNA_chr2_1_178539804_178576557	nrna
A00839:75:H7MFFDSXY:3:1421:15248:36605	chr2	178567732	178567881	False	280	150M	255	0	3	0.07160439342260361	ambig_opp_strand	unspliced	12994	44	ENST00000342175.12	TTN	ENSG00000155657.29	mrna
A00839:75:H7MFFDSXY:3:2343:18367:21308	chr2	178563193	178563342	False	430	150M	255	0	5	0.8731489181518555	ambig_opp_strand	unspliced	-1	44	.	.	.	mrna
A00839:75:H7MFFDSXY:3:2252:21133:7028	chr2	178568424	178568537	True	-114	114M	255	0	25	0.14864365756511688	ambig_opp_strand	unspliced	12994	44	RIGEL_NRNA_chr2_1_178539804_178576557		RIGEL_NRNA_chr2_1_178539804_178576557	nrna
A00839:75:H7MFFDSXY:3:1265:5330:1266	chr2	178568374	178568523	True	-412	150M	255	0	25	0.045621223747730255	ambig_opp_strand	unspliced	12994	44	RIGEL_NRNA_chr2_1_178539804_178576557		RIGEL_NRNA_chr2_1_178539804_178576557	nrna
A00839:75:H7MFFDSXY:3:1205:25003:4429	chr2	178564611	178564760	True	-250	150M	255	0	25	0.17285506427288055	ambig_opp_strand	unspliced	12994	44	RIGEL_NRNA_chr2_1_178541746_178597681		RIGEL_NRNA_chr2_1_178541746_178597681	nrna
A00839:75:H7MFFDSXY:3:2460:24677:31673	chr2	178563040	178563189	False	266	150M	255	0	25	0.7296407222747803	ambig_opp_strand	unspliced	12994	44	RIGEL_NRNA_chr2_2_178525988_178804642		RIGEL_NRNA_chr2_2_178525988_178804642	nrna
A00839:75:H7MFFDSXY:3:2135:29261:24330	chr2	178563951	178564100	True	-406	150M	255	0	5	0.7623884677886963	ambig_opp_strand	unspliced	-1	44	.	.	.	mrna
A00839:75:H7MFFDSXY:3:2639:8693:32330	chr2	178564448	178564597	False	327	150M	255	0	5	0.2411828190088272	ambig_opp_strand	unspliced	-1	44	.	.	.	mrna
A00839:75:H7MFFDSXY:3:2427:15157:29747	chr2	178565960	178566109	True	-366	150M	255	0	5	0.45026636123657227	ambig_opp_strand	unspliced	-1	44	.	.	.	mrna
A00839:75:H7MFFDSXY:3:2405:5538:7106	chr2	178562903	178563052	False	288	150M	255	0	3	0.0865793228149414	ambig_opp_strand	unspliced	12994	44	ENST00000460472.6	TTN	ENSG00000155657.29	mrna
A00839:75:H7MFFDSXY:3:1364:17463:5932	chr2	178562545	178562694	False	171	150M	255	0	25	0.7302685976028442	ambig_opp_strand	unspliced	12994	44	RIGEL_NRNA_chr2_2_178525988_178804642		RIGEL_NRNA_chr2_2_178525988_178804642	nrna
A00839:75:H7MFFDSXY:3:1252:2193:15123	chr2	178568574	178568723	True	-311	150M	255	0	25	0.16757725179195404	ambig_opp_strand	unspliced	12994	44	RIGEL_NRNA_chr2_1_178539804_178576557		RIGEL_NRNA_chr2_1_178539804_178576557	nrna
A00839:75:H7MFFDSXY:3:2610:7690:20259	chr2	178563419	178563568	False	252	150M	255	0	25	0.7400345802307129	ambig_opp_strand	unspliced	12994	44	RIGEL_NRNA_chr2_2_178525988_178804642		RIGEL_NRNA_chr2_2_178525988_178804642	nrna
A00839:75:H7MFFDSXY:3:1265:14461:18521	chr2	178565963	178566112	True	-370	150M	255	0	5	0.5097957253456116	ambig_opp_strand	unspliced	-1	44	.	.	.	mrna
A00839:75:H7MFFDSXY:3:2166:3206:29496	chr2	178569277	178569426	True	-289	150M	255	0	25	0.1685866117477417	ambig_opp_strand	unspliced	12994	44	RIGEL_NRNA_chr2_1_178541746_178597681		RIGEL_NRNA_chr2_1_178541746_178597681	nrna
A00839:75:H7MFFDSXY:3:1150:25635:26005	chr2	178564431	178564580	True	-262	150M	255	0	25	0.171891450881958	ambig_opp_strand	unspliced	12994	44	RIGEL_NRNA_chr2_1_178541746_178597681		RIGEL_NRNA_chr2_1_178541746_178597681	nrna
A00839:75:H7MFFDSXY:3:2335:26413:24064	chr2	178562593	178562742	False	242	150M	255	0	25	0.7437459826469421	ambig_opp_strand	unspliced	12994	44	RIGEL_NRNA_chr2_2_178525988_178804642		RIGEL_NRNA_chr2_2_178525988_178804642	nrna
A00839:75:H7MFFDSXY:3:2206:15465:13244	chr2	178561326	178561475	False	228	150M	255	0	25	0.7458291053771973	ambig_opp_strand	unspliced	12994	44	RIGEL_NRNA_chr2_2_178525988_178804642		RIGEL_NRNA_chr2_2_178525988_178804642	nrna
A00839:75:H7MFFDSXY:3:2636:22950:33348	chr2	178566667	178566816	False	317	150M	255	0	3	0.06360843777656555	ambig_opp_strand	unspliced	12994	44	ENST00000342175.12	TTN	ENSG00000155657.29	mrna
A00839:75:H7MFFDSXY:3:1225:23231:4867	chr2	178566215	178566364	True	-449	150M	255	0	25	0.04758373647928238	ambig_opp_strand	unspliced	12994	44	RIGEL_NRNA_chr2_1_178539804_178576557		RIGEL_NRNA_chr2_1_178539804_178576557	nrna
A00839:75:H7MFFDSXY:3:2328:12943:20650	chr2	178569876	178570025	True	-339	150M	255	0	25	0.17633464932441711	ambig_opp_strand	unspliced	12994	44	RIGEL_NRNA_chr2_1_178523417_178776534		RIGEL_NRNA_chr2_1_178523417_178776534	nrna
A00839:75:H7MFFDSXY:3:2544:4544:10989	chr2	178564116	178564265	True	-266	150M	255	0	25	0.01877254992723465	ambig_opp_strand	unspliced	12994	44	RIGEL_NRNA_chr2_1_178528764_178738038		RIGEL_NRNA_chr2_1_178528764_178738038	nrna
A00839:75:H7MFFDSXY:3:1204:28709:2049	chr2	178567898	178568047	True	-283	150M	255	0	25	0.16360601782798767	ambig_opp_strand	unspliced	12994	44	RIGEL_NRNA_chr2_1_178540115_178582663		RIGEL_NRNA_chr2_1_178540115_178582663	nrna
A00839:75:H7MFFDSXY:3:2378:26567:21856	chr2	178561947	178562096	False	332	150M	255	0	25	0.5723742842674255	ambig_opp_strand	unspliced	12994	44	RIGEL_NRNA_chr2_2_178525988_178804642		RIGEL_NRNA_chr2_2_178525988_178804642	nrna
A00839:75:H7MFFDSXY:3:1114:11550:34397	chr2	178568139	178568288	False	268	150M	255	0	25	0.7275502681732178	ambig_opp_strand	unspliced	12994	44	RIGEL_NRNA_chr2_2_178525988_178804642		RIGEL_NRNA_chr2_2_178525988_178804642	nrna
A00839:75:H7MFFDSXY:3:2211:20283:2863	chr2	178561322	178561471	False	270	150M	255	0	25	0.7257305383682251	ambig_opp_strand	unspliced	12994	44	RIGEL_NRNA_chr2_2_178525988_178804642		RIGEL_NRNA_chr2_2_178525988_178804642	nrna
A00839:75:H7MFFDSXY:3:2257:14769:9189	chr2	178565538	178565687	True	-241	150M	255	0	25	0.167183518409729	ambig_opp_strand	unspliced	12994	44	RIGEL_NRNA_chr2_1_178540115_178582663		RIGEL_NRNA_chr2_1_178540115_178582663	nrna
A00839:75:H7MFFDSXY:3:1645:1958:31250	chr2	178561283	178561432	False	430	150M	255	0	5	0.8731489181518555	ambig_opp_strand	unspliced	-1	44	.	.	.	mrna
A00839:75:H7MFFDSXY:3:2243:23574:13823	chr2	178563589	178563738	False	413	150M	255	1	5	0.8793354630470276	ambig_opp_strand	unspliced	-1	44	.	.	.	mrna
A00839:75:H7MFFDSXY:3:1549:24542:33035	chr2	178561113	178561262	True	-279	150M	255	2	25	0.17005261778831482	ambig_opp_strand	unspliced	12994	44	RIGEL_NRNA_chr2_1_178541746_178597681		RIGEL_NRNA_chr2_1_178541746_178597681	nrna
A00839:75:H7MFFDSXY:3:2512:6967:20697	chr2	178563171	178563320	False	263	150M	255	5	5	0.06932393461465836	ambig_opp_strand	unspliced	-1	44	.	.	.	mrna
A00839:75:H7MFFDSXY:3:2113:15338:6198	chr2	178564160	178564309	False	243	150M	255	0	25	0.7430514097213745	ambig_opp_strand	unspliced	12994	44	RIGEL_NRNA_chr2_2_178525988_178804642		RIGEL_NRNA_chr2_2_178525988_178804642	nrna
A00839:75:H7MFFDSXY:3:2464:30508:22576	chr2	178560443	178560592	False	219	150M	255	0	25	0.7467092871665955	ambig_opp_strand	unspliced	12994	44	RIGEL_NRNA_chr2_2_178525988_178804642		RIGEL_NRNA_chr2_2_178525988_178804642	nrna
A00839:75:H7MFFDSXY:3:2352:7193:34867	chr2	178561237	178561386	False	388	150M	255	0	5	0.8550167083740234	ambig_opp_strand	unspliced	-1	44	.	.	.	mrna
A00839:75:H7MFFDSXY:3:1174:23068:1297	chr2	178566706	178566855	True	-347	150M	255	1	5	0.24601714313030243	ambig_opp_strand	unspliced	-1	44	.	.	.	mrna
A00839:75:H7MFFDSXY:3:1205:29749:17190	chr2	178563070	178563219	True	-184	150M	255	0	25	0.17814691364765167	ambig_opp_strand	unspliced	12994	44	RIGEL_NRNA_chr2_1_178539804_178576557		RIGEL_NRNA_chr2_1_178539804_178576557	nrna
A00839:75:H7MFFDSXY:3:2218:15628:4413	chr2	178565184	178565333	True	-398	150M	255	0	5	0.7466464638710022	ambig_opp_strand	unspliced	-1	44	.	.	.	mrna
A00839:75:H7MFFDSXY:3:2136:24831:2159	chr2	178567836	178567985	True	-347	150M	255	0	25	0.015534758567810059	ambig_opp_strand	unspliced	12994	44	RIGEL_NRNA_chr2_1_178528739_178584816		RIGEL_NRNA_chr2_1_178528739_178584816	nrna
A00839:75:H7MFFDSXY:3:2572:22209:19163	chr2	178567075	178567224	False	290	150M	255	0	3	0.07019960880279541	ambig_opp_strand	unspliced	12994	44	ENST00000342175.12	TTN	ENSG00000155657.29	mrna
A00839:75:H7MFFDSXY:3:1337:3097:11584	chr2	178566206	178566355	True	-298	150M	255	0	25	0.20234818756580353	ambig_opp_strand	unspliced	12994	44	RIGEL_NRNA_chr2_1_178523417_178776534		RIGEL_NRNA_chr2_1_178523417_178776534	nrna
A00839:75:H7MFFDSXY:3:1214:20844:35587	chr2	178563764	178563913	True	-300	150M	255	0	25	0.16026295721530914	ambig_opp_strand	unspliced	12994	44	RIGEL_NRNA_chr2_1_178540115_178582663		RIGEL_NRNA_chr2_1_178540115_178582663	nrna
A00839:75:H7MFFDSXY:3:1218:27868:4883	chr2	178569178	178569327	True	-351	150M	255	0	25	0.123685821890831	ambig_opp_strand	unspliced	12994	44	RIGEL_NRNA_chr2_1_178540115_178582663		RIGEL_NRNA_chr2_1_178540115_178582663	nrna
A00839:75:H7MFFDSXY:3:1217:22535:28557	chr2	178565877	178566026	True	-256	150M	255	0	25	0.20930901169776917	ambig_opp_strand	unspliced	12994	44	RIGEL_NRNA_chr2_1_178523417_178776534		RIGEL_NRNA_chr2_1_178523417_178776534	nrna
A00839:75:H7MFFDSXY:3:2412:27163:23484	chr2	178566904	178567053	True	-242	150M	255	0	25	0.21024149656295776	ambig_opp_strand	unspliced	12994	44	RIGEL_NRNA_chr2_1_178523417_178776534		RIGEL_NRNA_chr2_1_178523417_178776534	nrna
A00839:75:H7MFFDSXY:3:2218:16486:13636	chr2	178569238	178569387	True	-364	150M	255	0	5	0.4186725318431854	ambig_opp_strand	unspliced	-1	44	.	.	.	mrna
A00839:75:H7MFFDSXY:3:2635:14606:24596	chr2	178567101	178567250	False	249	150M	255	0	3	0.074140764772892	ambig_opp_strand	unspliced	12994	44	ENST00000342175.12	TTN	ENSG00000155657.29	mrna
A00839:75:H7MFFDSXY:3:2175:32768:31219	chr2	178562160	178562309	False	341	150M	255	0	25	0.5126522183418274	ambig_opp_strand	unspliced	12994	44	RIGEL_NRNA_chr2_2_178525988_178804642		RIGEL_NRNA_chr2_2_178525988_178804642	nrna
A00839:75:H7MFFDSXY:3:2162:23818:4726	chr2	178564911	178565060	True	-204	150M	255	0	25	0.21046797931194305	ambig_opp_strand	unspliced	12994	44	RIGEL_NRNA_chr2_1_178523417_178776534		RIGEL_NRNA_chr2_1_178523417_178776534	nrna
A00839:75:H7MFFDSXY:3:2130:21314:16360	chr2	178561813	178561962	True	-253	150M	255	0	25	0.16259725391864777	ambig_opp_strand	unspliced	12994	44	RIGEL_NRNA_chr2_1_178528764_178620148		RIGEL_NRNA_chr2_1_178528764_178620148	nrna
A00839:75:H7MFFDSXY:3:1404:30237:26083	chr2	178563965	178564114	True	-274	150M	255	0	25	0.17061682045459747	ambig_opp_strand	unspliced	12994	44	RIGEL_NRNA_chr2_1_178541746_178597681		RIGEL_NRNA_chr2_1_178541746_178597681	nrna
A00839:75:H7MFFDSXY:3:2503:26476:29027	chr2	178561836	178561985	True	-479	150M	255	0	5	0.7317379117012024	ambig_opp_strand	unspliced	-1	44	.	.	.	mrna
A00839:75:H7MFFDSXY:3:2430:25238:9721	chr2	178563439	178563588	False	188	150M	255	0	25	0.7404239177703857	ambig_opp_strand	unspliced	12994	44	RIGEL_NRNA_chr2_2_178525988_178804642		RIGEL_NRNA_chr2_2_178525988_178804642	nrna
A00839:75:H7MFFDSXY:3:2355:26232:10723	chr2	178565029	178565178	True	-398	150M	255	0	5	0.7466463446617126	ambig_opp_strand	unspliced	-1	44	.	.	.	mrna
A00839:75:H7MFFDSXY:3:1559:14995:26616	chr2	178568567	178568716	True	-278	150M	255	0	25	0.1642618328332901	ambig_opp_strand	unspliced	12994	44	RIGEL_NRNA_chr2_1_178540115_178582663		RIGEL_NRNA_chr2_1_178540115_178582663	nrna
A00839:75:H7MFFDSXY:3:2324:8169:34648	chr2	178569656	178569805	True	-327	150M	255	0	25	0.187925323843956	ambig_opp_strand	unspliced	12994	44	RIGEL_NRNA_chr2_1_178523417_178776534		RIGEL_NRNA_chr2_1_178523417_178776534	nrna
A00839:75:H7MFFDSXY:3:2152:29053:15233	chr2	178563234	178563383	False	458	150M	255	0	5	0.8660879135131836	ambig_opp_strand	unspliced	-1	44	.	.	.	mrna
A00839:75:H7MFFDSXY:3:1207:15474:9752	chr2	178561746	178561895	True	-292	150M	255	0	5	0.05517521873116493	ambig_opp_strand	unspliced	-1	44	.	.	.	mrna
A00839:75:H7MFFDSXY:3:2164:17074:10050	chr2	178567203	178567352	False	306	150M	255	0	5	0.15008626878261566	ambig_opp_strand	unspliced	-1	44	.	.	.	mrna
A00839:75:H7MFFDSXY:3:2310:12301:11741	chr2	178561438	178561587	True	-363	150M	255	0	5	0.40473005175590515	ambig_opp_strand	unspliced	-1	44	.	.	.	mrna
A00839:75:H7MFFDSXY:3:1265:4218:16501	chr2	178566425	178566574	True	-359	150M	255	0	5	0.359029620885849	ambig_opp_strand	unspliced	-1	44	.	.	.	mrna
A00839:75:H7MFFDSXY:3:1359:9408:2159	chr2	178569008	178569157	False	362	150M	255	0	25	0.3256402313709259	ambig_opp_strand	unspliced	12994	44	RIGEL_NRNA_chr2_2_178525988_178804642		RIGEL_NRNA_chr2_2_178525988_178804642	nrna
A00839:75:H7MFFDSXY:3:1130:16197:12226	chr2	178563227	178563376	False	348	150M	255	0	5	0.41404592990875244	ambig_opp_strand	unspliced	-1	44	.	.	.	mrna
A00839:75:H7MFFDSXY:3:1564:10402:9518	chr2	178563739	178563888	True	-397	150M	255	0	5	0.7507028579711914	ambig_opp_strand	unspliced	-1	44	.	.	.	mrna
A00839:75:H7MFFDSXY:3:2229:8124:2660	chr2	178563269	178563418	True	-349	150M	255	1	25	0.12303109467029572	ambig_opp_strand	unspliced	12994	44	RIGEL_NRNA_chr2_1_178528764_178620148		RIGEL_NRNA_chr2_1_178528764_178620148	nrna
A00839:75:H7MFFDSXY:3:2440:17960:3004	chr2	178565149	178565298	False	455	150M	255	0	5	0.8815531730651855	ambig_opp_strand	unspliced	-1	44	.	.	.	mrna
A00839:75:H7MFFDSXY:3:2121:10077:30718	chr2	178562740	178562889	True	-252	150M	255	1	25	0.20973344147205353	ambig_opp_strand	unspliced	12994	44	RIGEL_NRNA_chr2_1_178523417_178776534		RIGEL_NRNA_chr2_1_178523417_178776534	nrna
A00839:75:H7MFFDSXY:3:1530:6388:16626	chr2	178565521	178565670	True	-303	150M	255	0	25	0.20066231489181519	ambig_opp_strand	unspliced	12994	44	RIGEL_NRNA_chr2_1_178523417_178776534		RIGEL_NRNA_chr2_1_178523417_178776534	nrna
A00839:75:H7MFFDSXY:3:1426:13964:20196	chr2	178561009	178561158	True	-443	150M	255	0	5	0.7959343194961548	ambig_opp_strand	unspliced	-1	44	.	.	.	mrna
A00839:75:H7MFFDSXY:3:2628:4960:32158	chr2	178561714	178561863	False	260	150M	255	0	3	0.02294134721159935	ambig_opp_strand	unspliced	12994	44	ENST00000412264.2	TTN	ENSG00000155657.29	mrna
A00839:75:H7MFFDSXY:3:1273:17626:13260	chr2	178562801	178562950	True	-157	150M	255	0	25	0.16383697092533112	ambig_opp_strand	unspliced	12994	44	RIGEL_NRNA_chr2_1_178540115_178582663		RIGEL_NRNA_chr2_1_178540115_178582663	nrna
A00839:75:H7MFFDSXY:3:2347:18403:16047	chr2	178569255	178569404	True	-294	150M	255	0	25	0.16757935285568237	ambig_opp_strand	unspliced	12994	44	RIGEL_NRNA_chr2_1_178541746_178597681		RIGEL_NRNA_chr2_1_178541746_178597681	nrna
A00839:75:H7MFFDSXY:3:2308:13602:2816	chr2	178568127	178568276	False	308	150M	255	0	25	0.6639626622200012	ambig_opp_strand	unspliced	12994	44	RIGEL_NRNA_chr2_2_178525988_178804642		RIGEL_NRNA_chr2_2_178525988_178804642	nrna
A00839:75:H7MFFDSXY:3:1532:14977:34413	chr2	178568277	178568426	True	-268	150M	255	0	25	0.20800495147705078	ambig_opp_strand	unspliced	12994	44	RIGEL_NRNA_chr2_1_178523417_178776534		RIGEL_NRNA_chr2_1_178523417_178776534	nrna
A00839:75:H7MFFDSXY:3:2330:4336:26819	chr2	178567766	178567915	True	-414	150M	255	0	5	0.762751579284668	ambig_opp_strand	unspliced	-1	44	.	.	.	mrna
A00839:75:H7MFFDSXY:3:1154:9905:5494	chr2	178562495	178562644	True	-343	150M	255	0	25	0.14421938359737396	ambig_opp_strand	unspliced	12994	44	RIGEL_NRNA_chr2_1_178539804_178576557		RIGEL_NRNA_chr2_1_178539804_178576557	nrna
A00839:75:H7MFFDSXY:3:1303:15989:36323	chr2	178560680	178560829	True	-229	150M	255	0	25	0.1733691245317459	ambig_opp_strand	unspliced	12994	44	RIGEL_NRNA_chr2_1_178541746_178597681		RIGEL_NRNA_chr2_1_178541746_178597681	nrna
A00839:75:H7MFFDSXY:3:1418:5367:20650	chr2	178565831	178565980	True	-386	150M	255	0	5	0.711054265499115	ambig_opp_strand	unspliced	-1	44	.	.	.	mrna
A00839:75:H7MFFDSXY:3:2105:14163:22106	chr2	178564425	178564574	False	355	150M	255	2	5	0.5005457997322083	ambig_opp_strand	unspliced	-1	44	.	.	.	mrna
A00839:75:H7MFFDSXY:3:2345:16631:18114	chr2	178567662	178567811	False	344	150M	255	0	25	0.4879925549030304	ambig_opp_strand	unspliced	12994	44	RIGEL_NRNA_chr2_2_178525988_178804642		RIGEL_NRNA_chr2_2_178525988_178804642	nrna
A00839:75:H7MFFDSXY:3:1213:13431:27445	chr2	178569648	178569797	False	274	150M	255	0	25	0.7214449048042297	ambig_opp_strand	unspliced	12994	44	RIGEL_NRNA_chr2_2_178525988_178804642		RIGEL_NRNA_chr2_2_178525988_178804642	nrna
A00839:75:H7MFFDSXY:3:2363:21260:3740	chr2	178567379	178567528	True	-153	150M	255	0	5	0.050612855702638626	ambig_opp_strand	unspliced	-1	44	.	.	.	mrna
A00839:75:H7MFFDSXY:3:2642:3920:15671	chr2	178562893	178563042	True	-177	150M	255	0	25	0.20905596017837524	ambig_opp_strand	unspliced	12994	44	RIGEL_NRNA_chr2_1_178523417_178776534		RIGEL_NRNA_chr2_1_178523417_178776534	nrna
A00839:75:H7MFFDSXY:3:1348:5963:33990	chr2	178568218	178568367	False	232	150M	255	1	25	0.7456583976745605	ambig_opp_strand	unspliced	12994	44	RIGEL_NRNA_chr2_2_178525988_178804642		RIGEL_NRNA_chr2_2_178525988_178804642	nrna
A00839:75:H7MFFDSXY:3:2339:15646:31313	chr2	178562482	178562631	False	241	150M	255	1	25	0.7438130974769592	ambig_opp_strand	unspliced	12994	44	RIGEL_NRNA_chr2_2_178525988_178804642		RIGEL_NRNA_chr2_2_178525988_178804642	nrna
A00839:75:H7MFFDSXY:3:2516:20157:14450	chr2	178563559	178563704	False	146	146M	255	0	5	0.12343187630176544	ambig_opp_strand	unspliced	-1	44	.	.	.	mrna
A00839:75:H7MFFDSXY:3:2328:31376:15749	chr2	178566266	178566415	True	-253	150M	255	1	25	0.018887382000684738	ambig_opp_strand	unspliced	12994	44	RIGEL_NRNA_chr2_1_178528764_178738038		RIGEL_NRNA_chr2_1_178528764_178738038	nrna
A00839:75:H7MFFDSXY:3:2107:6334:32002	chr2	178568804	178568953	False	278	150M	255	0	25	0.7173945903778076	ambig_opp_strand	unspliced	12994	44	RIGEL_NRNA_chr2_2_178525988_178804642		RIGEL_NRNA_chr2_2_178525988_178804642	nrna
A00839:75:H7MFFDSXY:3:2430:25735:18662	chr2	178566867	178567016	True	-252	150M	255	0	25	0.20973344147205353	ambig_opp_strand	unspliced	12994	44	RIGEL_NRNA_chr2_1_178523417_178776534		RIGEL_NRNA_chr2_1_178523417_178776534	nrna
A00839:75:H7MFFDSXY:3:2669:14624:3740	chr2	178563136	178563285	False	277	150M	255	0	25	0.7181640267372131	ambig_opp_strand	unspliced	12994	44	RIGEL_NRNA_chr2_2_178525988_178804642		RIGEL_NRNA_chr2_2_178525988_178804642	nrna
A00839:75:H7MFFDSXY:3:1257:17942:26678	chr2	178568865	178569014	False	332	150M	255	0	25	0.5723742842674255	ambig_opp_strand	unspliced	12994	44	RIGEL_NRNA_chr2_2_178525988_178804642		RIGEL_NRNA_chr2_2_178525988_178804642	nrna
A00839:75:H7MFFDSXY:3:2677:31277:22529	chr2	178563783	178563932	True	-313	150M	255	0	25	0.16173559427261353	ambig_opp_strand	unspliced	12994	44	RIGEL_NRNA_chr2_1_178541746_178597681		RIGEL_NRNA_chr2_1_178541746_178597681	nrna
A00839:75:H7MFFDSXY:3:2368:18240:1767	chr2	178567997	178568146	False	253	150M	255	0	25	0.7388496398925781	ambig_opp_strand	unspliced	12994	44	RIGEL_NRNA_chr2_2_178525988_178804642		RIGEL_NRNA_chr2_2_178525988_178804642	nrna
A00839:75:H7MFFDSXY:3:2470:1036:33943	chr2	178567139	178567288	True	-183	150M	255	0	25	0.17250140011310577	ambig_opp_strand	unspliced	12994	44	RIGEL_NRNA_chr2_1_178541746_178597681		RIGEL_NRNA_chr2_1_178541746_178597681	nrna
A00839:75:H7MFFDSXY:3:2442:14841:13542	chr2	178568307	178568456	False	326	150M	255	0	5	0.23705321550369263	ambig_opp_strand	unspliced	-1	44	.	.	.	mrna
A00839:75:H7MFFDSXY:3:1658:8097:18709	chr2	178567740	178567889	True	-403	150M	255	0	25	0.04093281552195549	ambig_opp_strand	unspliced	12994	44	RIGEL_NRNA_chr2_1_178528764_178620148		RIGEL_NRNA_chr2_1_178528764_178620148	nrna
A00839:75:H7MFFDSXY:3:2673:25211:8202	chr2	178562917	178563066	False	153	150M	255	0	25	0.7064261436462402	ambig_opp_strand	unspliced	12994	44	RIGEL_NRNA_chr2_2_178525988_178804642		RIGEL_NRNA_chr2_2_178525988_178804642	nrna
A00839:75:H7MFFDSXY:3:2275:14543:9956	chr2	178565951	178566100	True	-319	150M	255	0	25	0.15342727303504944	ambig_opp_strand	unspliced	12994	44	RIGEL_NRNA_chr2_1_178540115_178582663		RIGEL_NRNA_chr2_1_178540115_178582663	nrna
A00839:75:H7MFFDSXY:3:1546:28022:4617	chr2	178569252	178569401	False	432	150M	255	1	5	0.8622923493385315	ambig_opp_strand	unspliced	-1	44	.	.	.	mrna
A00839:75:H7MFFDSXY:3:1224:16170:15875	chr2	178562887	178563036	True	-229	150M	255	0	25	0.03839880973100662	ambig_opp_strand	unspliced	12994	44	RIGEL_NRNA_chr2_1_178528739_178633078		RIGEL_NRNA_chr2_1_178528739_178633078	nrna
A00839:75:H7MFFDSXY:3:2514:10357:29011	chr2	178563692	178563841	True	-427	150M	255	1	5	0.7509111166000366	ambig_opp_strand	unspliced	-1	44	.	.	.	mrna
A00839:75:H7MFFDSXY:3:1643:19461:21386	chr2	178569564	178569713	False	224	150M	255	0	25	0.7462296485900879	ambig_opp_strand	unspliced	12994	44	RIGEL_NRNA_chr2_2_178525988_178804642		RIGEL_NRNA_chr2_2_178525988_178804642	nrna
A00839:75:H7MFFDSXY:3:1363:13494:34381	chr2	178568063	178568212	False	364	150M	255	0	25	0.31027427315711975	ambig_opp_strand	unspliced	12994	44	RIGEL_NRNA_chr2_2_178525988_178804642		RIGEL_NRNA_chr2_2_178525988_178804642	nrna
A00839:75:H7MFFDSXY:3:1339:32660:30874	chr2	178568445	178568594	False	418	150M	255	0	5	0.8765239119529724	ambig_opp_strand	unspliced	-1	44	.	.	.	mrna
A00839:75:H7MFFDSXY:3:2324:6225:36479	chr2	178568397	178568546	False	447	150M	255	0	25	0.1038527712225914	ambig_opp_strand	unspliced	12994	44	RIGEL_NRNA_chr2_2_178525988_178804642		RIGEL_NRNA_chr2_2_178525988_178804642	nrna
A00839:75:H7MFFDSXY:3:1348:20952:28040	chr2	178566077	178566226	True	-215	150M	255	0	25	0.17349201440811157	ambig_opp_strand	unspliced	12994	44	RIGEL_NRNA_chr2_1_178541746_178597681		RIGEL_NRNA_chr2_1_178541746_178597681	nrna
A00839:75:H7MFFDSXY:3:2311:24695:12383	chr2	178562145	178562294	False	320	150M	255	0	5	0.20555651187896729	ambig_opp_strand	unspliced	-1	44	.	.	.	mrna
A00839:75:H7MFFDSXY:3:1315:18123:3881	chr2	178561744	178561893	False	322	150M	255	0	25	0.6172564029693604	ambig_opp_strand	unspliced	12994	44	RIGEL_NRNA_chr2_2_178525988_178804642		RIGEL_NRNA_chr2_2_178525988_178804642	nrna
A00839:75:H7MFFDSXY:3:1369:3414:20024	chr2	178563646	178563795	True	-460	150M	255	0	5	0.7547845840454102	ambig_opp_strand	unspliced	-1	44	.	.	.	mrna
A00839:75:H7MFFDSXY:3:2210:1389:33238	chr2	178569518	178569667	False	253	150M	255	0	25	0.7388495802879333	ambig_opp_strand	unspliced	12994	44	RIGEL_NRNA_chr2_2_178525988_178804642		RIGEL_NRNA_chr2_2_178525988_178804642	nrna
A00839:75:H7MFFDSXY:3:2412:18719:6355	chr2	178566442	178566591	True	-366	150M	255	0	25	0.09439313411712646	ambig_opp_strand	unspliced	12994	44	RIGEL_NRNA_chr2_1_178540115_178582663		RIGEL_NRNA_chr2_1_178540115_178582663	nrna
A00839:75:H7MFFDSXY:3:2575:18014:25864	chr2	178566248	178566397	True	-174	150M	255	1	25	0.16204361617565155	ambig_opp_strand	unspliced	12994	44	RIGEL_NRNA_chr2_1_178528764_178620148		RIGEL_NRNA_chr2_1_178528764_178620148	nrna
A00839:75:H7MFFDSXY:3:2356:6804:36198	chr2	178569532	178569681	True	-264	150M	255	0	25	0.1657969355583191	ambig_opp_strand	unspliced	12994	44	RIGEL_NRNA_chr2_1_178540115_178582663		RIGEL_NRNA_chr2_1_178540115_178582663	nrna
A00839:75:H7MFFDSXY:3:1451:4056:22795	chr2	178567165	178567314	False	239	150M	255	0	25	0.7444384694099426	ambig_opp_strand	unspliced	12994	44	RIGEL_NRNA_chr2_2_178525988_178804642		RIGEL_NRNA_chr2_2_178525988_178804642	nrna
A00839:75:H7MFFDSXY:3:1522:31675:1986	chr2	178567665	178567814	False	332	150M	255	1	5	0.2724582254886627	ambig_opp_strand	unspliced	-1	44	.	.	.	mrna
A00839:75:H7MFFDSXY:3:1206:7871:31845	chr2	178563389	178563538	False	271	150M	255	1	25	0.7248656153678894	ambig_opp_strand	unspliced	12994	44	RIGEL_NRNA_chr2_2_178525988_178804642		RIGEL_NRNA_chr2_2_178525988_178804642	nrna
A00839:75:H7MFFDSXY:3:1502:17282:3208	chr2	178565228	178565377	False	337	150M	255	0	25	0.5407382845878601	ambig_opp_strand	unspliced	12994	44	RIGEL_NRNA_chr2_2_178525988_178804642		RIGEL_NRNA_chr2_2_178525988_178804642	nrna
A00839:75:H7MFFDSXY:3:1505:30282:7686	chr2	178569282	178569431	False	326	150M	255	0	25	0.6002282500267029	ambig_opp_strand	unspliced	12994	44	RIGEL_NRNA_chr2_2_178525988_178804642		RIGEL_NRNA_chr2_2_178525988_178804642	nrna
A00839:75:H7MFFDSXY:3:2307:30662:20682	chr2	178568596	178568745	True	-217	150M	255	0	25	0.2106458693742752	ambig_opp_strand	unspliced	12994	44	RIGEL_NRNA_chr2_1_178523417_178776534		RIGEL_NRNA_chr2_1_178523417_178776534	nrna
A00839:75:H7MFFDSXY:3:1639:10321:27602	chr2	178564000	178564149	True	-281	150M	255	0	25	0.1697276532649994	ambig_opp_strand	unspliced	12994	44	RIGEL_NRNA_chr2_1_178541746_178597681		RIGEL_NRNA_chr2_1_178541746_178597681	nrna
A00839:75:H7MFFDSXY:3:2111:4110:32033	chr2	178569166	178569315	False	473	150M	255	0	5	0.8648463487625122	ambig_opp_strand	unspliced	-1	44	.	.	.	mrna
A00839:75:H7MFFDSXY:3:2163:18448:26741	chr2	178561865	178562014	True	-338	150M	255	0	25	0.1773836612701416	ambig_opp_strand	unspliced	12994	44	RIGEL_NRNA_chr2_1_178523417_178776534		RIGEL_NRNA_chr2_1_178523417_178776534	nrna
A00839:75:H7MFFDSXY:3:2562:16740:11068	chr2	178560750	178560899	True	-184	150M	255	0	25	0.16668841242790222	ambig_opp_strand	unspliced	12994	44	RIGEL_NRNA_chr2_1_178540115_178582663		RIGEL_NRNA_chr2_1_178540115_178582663	nrna
A00839:75:H7MFFDSXY:3:2306:16152:13025	chr2	178560500	178560649	True	-304	150M	255	0	25	0.15533694624900818	ambig_opp_strand	unspliced	12994	44	RIGEL_NRNA_chr2_1_178528764_178620148		RIGEL_NRNA_chr2_1_178528764_178620148	nrna
A00839:75:H7MFFDSXY:3:1515:6759:32675	chr2	178563577	178563726	True	-329	150M	255	1	25	0.15839175879955292	ambig_opp_strand	unspliced	12994	44	RIGEL_NRNA_chr2_1_178539804_178576557		RIGEL_NRNA_chr2_1_178539804_178576557	nrna
A00839:75:H7MFFDSXY:3:2119:17390:23938	chr2	178561094	178561243	False	256	150M	255	0	25	0.7369488477706909	ambig_opp_strand	unspliced	12994	44	RIGEL_NRNA_chr2_2_178525988_178804642		RIGEL_NRNA_chr2_2_178525988_178804642	nrna
A00839:75:H7MFFDSXY:3:1348:21775:4038	chr2	178562098	178562247	False	273	150M	255	0	25	0.7232062816619873	ambig_opp_strand	unspliced	12994	44	RIGEL_NRNA_chr2_2_178525988_178804642		RIGEL_NRNA_chr2_2_178525988_178804642	nrna
A00839:75:H7MFFDSXY:3:2250:12237:13636	chr2	178567220	178567369	False	403	150M	255	0	5	0.8683302998542786	ambig_opp_strand	unspliced	-1	44	.	.	.	mrna
A00839:75:H7MFFDSXY:3:1544:16215:26287	chr2	178564327	178564476	True	-316	150M	255	0	25	0.165604367852211	ambig_opp_strand	unspliced	12994	44	RIGEL_NRNA_chr2_1_178539804_178576557		RIGEL_NRNA_chr2_1_178539804_178576557	nrna
A00839:75:H7MFFDSXY:3:1222:3034:27195	chr2	178565149	178565298	False	204	150M	255	0	5	0.05251781642436981	ambig_opp_strand	unspliced	-1	44	.	.	.	mrna
A00839:75:H7MFFDSXY:3:1571:27299:31829	chr2	178567053	178567202	True	-316	150M	255	0	25	0.1948690265417099	ambig_opp_strand	unspliced	12994	44	RIGEL_NRNA_chr2_1_178523417_178776534		RIGEL_NRNA_chr2_1_178523417_178776534	nrna
A00839:75:H7MFFDSXY:3:1435:9353:10175	chr2	178569316	178569465	False	431	150M	255	0	25	0.11146983504295349	ambig_opp_strand	unspliced	12994	44	RIGEL_NRNA_chr2_2_178525988_178804642		RIGEL_NRNA_chr2_2_178525988_178804642	nrna
A00839:75:H7MFFDSXY:3:1578:27227:3364	chr2	178569404	178569553	False	406	150M	255	0	5	0.8724669218063354	ambig_opp_strand	unspliced	-1	44	.	.	.	mrna
A00839:75:H7MFFDSXY:3:1403:19090:11537	chr2	178564617	178564766	True	-372	150M	255	0	5	0.5297805070877075	ambig_opp_strand	unspliced	-1	44	.	.	.	mrna
A00839:75:H7MFFDSXY:3:1543:31810:26866	chr2	178567117	178567266	True	-401	150M	255	0	5	0.7486341595649719	ambig_opp_strand	unspliced	-1	44	.	.	.	mrna
A00839:75:H7MFFDSXY:3:1465:27425:21684	chr2	178567530	178567679	True	-229	150M	255	0	25	0.16737397015094757	ambig_opp_strand	unspliced	12994	44	RIGEL_NRNA_chr2_1_178540115_178582663		RIGEL_NRNA_chr2_1_178540115_178582663	nrna
A00839:75:H7MFFDSXY:3:2278:18267:16376	chr2	178569881	178570030	True	-375	150M	255	0	5	0.5778281688690186	ambig_opp_strand	unspliced	-1	44	.	.	.	mrna
A00839:75:H7MFFDSXY:3:1264:19596:9157	chr2	178562460	178562609	False	439	150M	255	0	3	0.012393529526889324	ambig_opp_strand	unspliced	12994	44	ENST00000460472.6	TTN	ENSG00000155657.29	mrna
A00839:75:H7MFFDSXY:3:1429:28194:26209	chr2	178566942	178567091	True	-172	150M	255	1	25	0.17719028890132904	ambig_opp_strand	unspliced	12994	44	RIGEL_NRNA_chr2_1_178539804_178576557		RIGEL_NRNA_chr2_1_178539804_178576557	nrna
A00839:75:H7MFFDSXY:3:2611:25211:15468	chr2	178569011	178569160	True	-288	150M	255	0	25	0.16298791766166687	ambig_opp_strand	unspliced	12994	44	RIGEL_NRNA_chr2_1_178540115_178582663		RIGEL_NRNA_chr2_1_178540115_178582663	nrna
A00839:75:H7MFFDSXY:3:1548:9263:30592	chr2	178567646	178567795	False	316	150M	255	0	25	0.639331579208374	ambig_opp_strand	unspliced	12994	44	RIGEL_NRNA_chr2_2_178525988_178804642		RIGEL_NRNA_chr2_2_178525988_178804642	nrna
A00839:75:H7MFFDSXY:3:1224:29206:5822	chr2	178568179	178568328	False	224	150M	255	0	25	0.7462296485900879	ambig_opp_strand	unspliced	12994	44	RIGEL_NRNA_chr2_2_178525988_178804642		RIGEL_NRNA_chr2_2_178525988_178804642	nrna
A00839:75:H7MFFDSXY:3:1444:32551:3129	chr2	178562494	178562643	False	385	150M	255	0	5	0.8401003479957581	ambig_opp_strand	unspliced	-1	44	.	.	.	mrna
A00839:75:H7MFFDSXY:3:2518:1118:32706	chr2	178565339	178565488	True	-341	150M	255	0	25	0.17264936864376068	ambig_opp_strand	unspliced	12994	44	RIGEL_NRNA_chr2_1_178523417_178776534		RIGEL_NRNA_chr2_1_178523417_178776534	nrna
A00839:75:H7MFFDSXY:3:2626:17969:1329	chr2	178568964	178569113	False	352	150M	255	0	25	0.42175161838531494	ambig_opp_strand	unspliced	12994	44	RIGEL_NRNA_chr2_2_178525988_178804642		RIGEL_NRNA_chr2_2_178525988_178804642	nrna
A00839:75:H7MFFDSXY:3:1462:19262:8265	chr2	178565107	178565256	False	469	150M	255	0	5	0.8612005114555359	ambig_opp_strand	unspliced	-1	44	.	.	.	mrna
A00839:75:H7MFFDSXY:3:2451:29731:6699	chr2	178562137	178562286	True	-186	150M	255	0	5	0.029287194833159447	ambig_opp_strand	unspliced	-1	44	.	.	.	mrna
A00839:75:H7MFFDSXY:3:1614:25057:7091	chr2	178564839	178564988	True	-277	150M	255	0	25	0.175646111369133	ambig_opp_strand	unspliced	12994	44	RIGEL_NRNA_chr2_1_178539804_178576557		RIGEL_NRNA_chr2_1_178539804_178576557	nrna
A00839:75:H7MFFDSXY:3:2326:26820:27242	chr2	178560809	178560958	False	268	150M	255	0	25	0.7275502681732178	ambig_opp_strand	unspliced	12994	44	RIGEL_NRNA_chr2_2_178525988_178804642		RIGEL_NRNA_chr2_2_178525988_178804642	nrna
A00839:75:H7MFFDSXY:3:1461:6280:36886	chr2	178569257	178569406	True	-574	150M	255	0	5	0.6213208436965942	ambig_opp_strand	unspliced	-1	44	.	.	.	mrna
A00839:75:H7MFFDSXY:3:1422:16577:9032	chr2	178563689	178563838	True	-281	150M	255	0	25	0.16385842859745026	ambig_opp_strand	unspliced	12994	44	RIGEL_NRNA_chr2_1_178540115_178582663		RIGEL_NRNA_chr2_1_178540115_178582663	nrna
A00839:75:H7MFFDSXY:3:2309:23366:37012	chr2	178569195	178569344	True	-259	150M	255	0	25	0.1661929041147232	ambig_opp_strand	unspliced	12994	44	RIGEL_NRNA_chr2_1_178540115_178582663		RIGEL_NRNA_chr2_1_178540115_178582663	nrna
A00839:75:H7MFFDSXY:3:2467:14841:4679	chr2	178565918	178566067	True	-304	150M	255	0	25	0.16490429639816284	ambig_opp_strand	unspliced	12994	44	RIGEL_NRNA_chr2_1_178541746_178597681		RIGEL_NRNA_chr2_1_178541746_178597681	nrna
A00839:75:H7MFFDSXY:3:2301:9326:1892	chr2	178567337	178567486	False	333	150M	255	0	25	0.5657256841659546	ambig_opp_strand	unspliced	12994	44	RIGEL_NRNA_chr2_2_178525988_178804642		RIGEL_NRNA_chr2_2_178525988_178804642	nrna
A00839:75:H7MFFDSXY:3:2139:7283:19523	chr2	178566383	178566532	True	-294	150M	255	0	25	0.1729058027267456	ambig_opp_strand	unspliced	12994	44	RIGEL_NRNA_chr2_1_178539804_178576557		RIGEL_NRNA_chr2_1_178539804_178576557	nrna
A00839:75:H7MFFDSXY:3:1417:11198:30248	chr2	178561376	178561525	True	-171	150M	255	0	25	0.018780425190925598	ambig_opp_strand	unspliced	12994	44	RIGEL_NRNA_chr2_1_178528764_178738038		RIGEL_NRNA_chr2_1_178528764_178738038	nrna
A00839:75:H7MFFDSXY:3:1254:18276:32518	chr2	178566440	178566589	False	387	150M	255	0	5	0.8462709188461304	ambig_opp_strand	unspliced	-1	44	.	.	.	mrna
A00839:75:H7MFFDSXY:3:1113:4779:12587	chr2	178565211	178565360	True	-184	150M	255	0	5	0.02922782301902771	ambig_opp_strand	unspliced	-1	44	.	.	.	mrna
A00839:75:H7MFFDSXY:3:2104:3540:7654	chr2	178568248	178568397	False	252	150M	255	0	5	0.05934619531035423	ambig_opp_strand	unspliced	-1	44	.	.	.	mrna
A00839:75:H7MFFDSXY:3:2659:8992:27649	chr2	178562943	178563092	True	-372	150M	255	0	25	0.10153894126415253	ambig_opp_strand	unspliced	12994	44	RIGEL_NRNA_chr2_1_178523417_178776534		RIGEL_NRNA_chr2_1_178523417_178776534	nrna
A00839:75:H7MFFDSXY:3:2604:3839:18161	chr2	178569478	178569627	False	359	150M	255	0	25	0.35853227972984314	ambig_opp_strand	unspliced	12994	44	RIGEL_NRNA_chr2_2_178525988_178804642		RIGEL_NRNA_chr2_2_178525988_178804642	nrna
A00839:75:H7MFFDSXY:3:2154:21576:13745	chr2	178567832	178567981	True	-400	150M	255	0	5	0.7442869544029236	ambig_opp_strand	unspliced	-1	44	.	.	.	mrna
A00839:75:H7MFFDSXY:3:2341:5240:30984	chr2	178569944	178570093	True	-332	150M	255	0	5	0.14939983189105988	ambig_opp_strand	unspliced	-1	44	.	.	.	mrna
A00839:75:H7MFFDSXY:3:2110:10981:4100	chr2	178563743	178563892	False	230	150M	255	1	25	0.7462064623832703	ambig_opp_strand	unspliced	12994	44	RIGEL_NRNA_chr2_2_178525988_178804642		RIGEL_NRNA_chr2_2_178525988_178804642	nrna
A00839:75:H7MFFDSXY:3:1143:13702:9721	chr2	178563095	178563244	True	-299	150M	255	0	25	0.17172245681285858	ambig_opp_strand	unspliced	12994	44	RIGEL_NRNA_chr2_1_178539804_178576557		RIGEL_NRNA_chr2_1_178539804_178576557	nrna
A00839:75:H7MFFDSXY:3:1671:14950:13604	chr2	178561123	178561272	False	301	150M	255	0	5	0.13450849056243896	ambig_opp_strand	unspliced	-1	44	.	.	.	mrna
A00839:75:H7MFFDSXY:3:2246:31340:23860	chr2	178566224	178566373	False	226	150M	255	0	25	0.7461573481559753	ambig_opp_strand	unspliced	12994	44	RIGEL_NRNA_chr2_2_178525988_178804642		RIGEL_NRNA_chr2_2_178525988_178804642	nrna
A00839:75:H7MFFDSXY:3:1677:24478:2331	chr2	178566220	178566366	True	-147	147M	255	1	25	0.16753336787223816	ambig_opp_strand	unspliced	12994	44	RIGEL_NRNA_chr2_1_178541746_178597681		RIGEL_NRNA_chr2_1_178541746_178597681	nrna
A00839:75:H7MFFDSXY:3:1252:27281:35023	chr2	178561060	178561209	True	-355	150M	255	0	25	0.14689405262470245	ambig_opp_strand	unspliced	12994	44	RIGEL_NRNA_chr2_1_178523417_178776534		RIGEL_NRNA_chr2_1_178523417_178776534	nrna
A00839:75:H7MFFDSXY:3:2621:28619:30076	chr2	178565652	178565801	True	-385	150M	255	0	5	0.7113285064697266	ambig_opp_strand	unspliced	-1	44	.	.	.	mrna
A00839:75:H7MFFDSXY:3:2478:26612:16454	chr2	178566859	178567008	True	-288	150M	255	0	25	0.17419204115867615	ambig_opp_strand	unspliced	12994	44	RIGEL_NRNA_chr2_1_178539804_178576557		RIGEL_NRNA_chr2_1_178539804_178576557	nrna
A00839:75:H7MFFDSXY:3:2654:32172:14121	chr2	178561417	178561566	False	256	150M	255	0	3	0.07372253388166428	ambig_opp_strand	unspliced	12994	44	ENST00000342175.12	TTN	ENSG00000155657.29	mrna
A00839:75:H7MFFDSXY:3:1612:11261:9189	chr2	178565117	178565266	True	-163	150M	255	0	25	0.20732297003269196	ambig_opp_strand	unspliced	12994	44	RIGEL_NRNA_chr2_1_178523417_178776534		RIGEL_NRNA_chr2_1_178523417_178776534	nrna
A00839:75:H7MFFDSXY:3:1539:7184:27305	chr2	178567427	178567576	False	260	150M	255	2	25	0.7339144945144653	ambig_opp_strand	unspliced	12994	44	RIGEL_NRNA_chr2_2_178525988_178804642		RIGEL_NRNA_chr2_2_178525988_178804642	nrna
A00839:75:H7MFFDSXY:3:2227:29378:13260	chr2	178569501	178569625	False	125	125M	255	0	25	0.6074422597885132	ambig_opp_strand	unspliced	12994	44	RIGEL_NRNA_chr2_2_178525988_178804642		RIGEL_NRNA_chr2_2_178525988_178804642	nrna
A00839:75:H7MFFDSXY:3:1154:13476:31375	chr2	178564844	178564993	False	250	150M	255	1	25	0.741001546382904	ambig_opp_strand	unspliced	12994	44	RIGEL_NRNA_chr2_2_178525988_178804642		RIGEL_NRNA_chr2_2_178525988_178804642	nrna
A00839:75:H7MFFDSXY:3:1255:24650:29966	chr2	178564661	178564806	False	146	146M	255	0	25	0.689616858959198	ambig_opp_strand	unspliced	12994	44	RIGEL_NRNA_chr2_2_178525988_178804642		RIGEL_NRNA_chr2_2_178525988_178804642	nrna
A00839:75:H7MFFDSXY:3:1516:3558:29700	chr2	178565490	178565639	True	-279	150M	255	0	25	0.16417215764522552	ambig_opp_strand	unspliced	12994	44	RIGEL_NRNA_chr2_1_178540115_178582663		RIGEL_NRNA_chr2_1_178540115_178582663	nrna
A00839:75:H7MFFDSXY:3:2469:19072:29418	chr2	178567326	178567475	True	-222	150M	255	1	25	0.1674259603023529	ambig_opp_strand	unspliced	12994	44	RIGEL_NRNA_chr2_1_178540115_178582663		RIGEL_NRNA_chr2_1_178540115_178582663	nrna
A00839:75:H7MFFDSXY:3:2357:25256:15170	chr2	178564261	178564410	True	-286	150M	255	1	25	0.1743825525045395	ambig_opp_strand	unspliced	12994	44	RIGEL_NRNA_chr2_1_178539804_178576557		RIGEL_NRNA_chr2_1_178539804_178576557	nrna
A00839:75:H7MFFDSXY:3:2234:31376:2065	chr2	178562195	178562344	True	-319	150M	255	0	25	0.1497025340795517	ambig_opp_strand	unspliced	12994	44	RIGEL_NRNA_chr2_1_178528764_178620148		RIGEL_NRNA_chr2_1_178528764_178620148	nrna
A00839:75:H7MFFDSXY:3:1464:23954:15890	chr2	178561430	178561579	False	243	150M	255	0	3	0.09110023826360703	ambig_opp_strand	unspliced	12994	44	ENST00000460472.6	TTN	ENSG00000155657.29	mrna
A00839:75:H7MFFDSXY:3:1142:17110:29622	chr2	178561900	178562049	False	341	150M	255	0	5	0.34837061166763306	ambig_opp_strand	unspliced	-1	44	.	.	.	mrna
A00839:75:H7MFFDSXY:3:2449:11975:4319	chr2	178565536	178565685	True	-310	150M	255	0	25	0.15728111565113068	ambig_opp_strand	unspliced	12994	44	RIGEL_NRNA_chr2_1_178540115_178582663		RIGEL_NRNA_chr2_1_178540115_178582663	nrna
A00839:75:H7MFFDSXY:3:2415:9525:6370	chr2	178566928	178567077	True	-389	150M	255	0	5	0.7547020316123962	ambig_opp_strand	unspliced	-1	44	.	.	.	mrna
A00839:75:H7MFFDSXY:3:2552:1090:30467	chr2	178566079	178566228	True	-306	150M	255	1	25	0.16947422921657562	ambig_opp_strand	unspliced	12994	44	RIGEL_NRNA_chr2_1_178539804_178576557		RIGEL_NRNA_chr2_1_178539804_178576557	nrna
A00839:75:H7MFFDSXY:3:2503:18656:1078	chr2	178567584	178567733	False	290	150M	255	0	25	0.7017327547073364	ambig_opp_strand	unspliced	12994	44	RIGEL_NRNA_chr2_2_178525988_178804642		RIGEL_NRNA_chr2_2_178525988_178804642	nrna
A00839:75:H7MFFDSXY:3:2144:32615:12132	chr2	178561670	178561819	True	-322	150M	255	0	25	0.19130569696426392	ambig_opp_strand	unspliced	12994	44	RIGEL_NRNA_chr2_1_178523417_178776534		RIGEL_NRNA_chr2_1_178523417_178776534	nrna
A00839:75:H7MFFDSXY:3:2416:31901:29872	chr2	178562466	178562615	False	305	150M	255	0	5	0.1458376795053482	ambig_opp_strand	unspliced	-1	44	.	.	.	mrna
A00839:75:H7MFFDSXY:3:1137:12500:33317	chr2	178563077	178563226	False	321	150M	255	0	5	0.21006958186626434	ambig_opp_strand	unspliced	-1	44	.	.	.	mrna
A00839:75:H7MFFDSXY:3:2611:19768:1094	chr2	178569791	178569940	True	-297	150M	255	0	25	0.17224140465259552	ambig_opp_strand	unspliced	12994	44	RIGEL_NRNA_chr2_1_178539804_178576557		RIGEL_NRNA_chr2_1_178539804_178576557	nrna
A00839:75:H7MFFDSXY:3:1336:27706:3787	chr2	178564928	178565077	False	205	150M	255	0	25	0.745311975479126	ambig_opp_strand	unspliced	12994	44	RIGEL_NRNA_chr2_2_178525988_178804642		RIGEL_NRNA_chr2_2_178525988_178804642	nrna
A00839:75:H7MFFDSXY:3:1126:12997:32299	chr2	178560445	178560594	True	-375	150M	255	0	5	0.5778281688690186	ambig_opp_strand	unspliced	-1	44	.	.	.	mrna
A00839:75:H7MFFDSXY:3:1205:3739:28040	chr2	178565684	178565833	True	-373	150M	255	0	5	0.5521814227104187	ambig_opp_strand	unspliced	-1	44	.	.	.	mrna
A00839:75:H7MFFDSXY:3:1446:17508:5134	chr2	178568564	178568713	True	-283	150M	255	0	25	0.20575158298015594	ambig_opp_strand	unspliced	12994	44	RIGEL_NRNA_chr2_1_178523417_178776534		RIGEL_NRNA_chr2_1_178523417_178776534	nrna
A00839:75:H7MFFDSXY:3:2359:31051:31845	chr2	178563029	178563178	True	-236	150M	255	0	25	0.16323713958263397	ambig_opp_strand	unspliced	12994	44	RIGEL_NRNA_chr2_1_178528764_178620148		RIGEL_NRNA_chr2_1_178528764_178620148	nrna
A00839:75:H7MFFDSXY:3:1673:17951:7592	chr2	178562903	178563052	True	-322	150M	255	0	25	0.034899067133665085	ambig_opp_strand	unspliced	12994	44	RIGEL_NRNA_chr2_1_178528739_178633078		RIGEL_NRNA_chr2_1_178528739_178633078	nrna
A00839:75:H7MFFDSXY:3:1567:17797:7858	chr2	178563589	178563738	False	352	150M	255	0	5	0.4639138877391815	ambig_opp_strand	unspliced	-1	44	.	.	.	mrna
A00839:75:H7MFFDSXY:3:2267:28085:26365	chr2	178561117	178561266	True	-370	150M	255	0	25	0.10585444420576096	ambig_opp_strand	unspliced	12994	44	RIGEL_NRNA_chr2_1_178523417_178776534		RIGEL_NRNA_chr2_1_178523417_178776534	nrna
A00839:75:H7MFFDSXY:3:1623:6343:30295	chr2	178563883	178564032	False	279	150M	255	0	5	0.0891350582242012	ambig_opp_strand	unspliced	-1	44	.	.	.	mrna
A00839:75:H7MFFDSXY:3:2469:15230:20917	chr2	178568298	178568447	True	-358	150M	255	0	5	0.35168713331222534	ambig_opp_strand	unspliced	-1	44	.	.	.	mrna
A00839:75:H7MFFDSXY:3:1526:30192:29293	chr2	178561758	178561907	False	292	150M	255	0	25	0.6996135711669922	ambig_opp_strand	unspliced	12994	44	RIGEL_NRNA_chr2_2_178525988_178804642		RIGEL_NRNA_chr2_2_178525988_178804642	nrna
A00839:75:H7MFFDSXY:3:2235:3378:15107	chr2	178568920	178569069	False	385	150M	255	0	5	0.8401002883911133	ambig_opp_strand	unspliced	-1	44	.	.	.	mrna
A00839:75:H7MFFDSXY:3:2441:21875:2738	chr2	178562111	178562260	False	568	150M	255	0	5	0.7775253057479858	ambig_opp_strand	unspliced	-1	44	.	.	.	mrna
A00839:75:H7MFFDSXY:3:1434:29089:24940	chr2	178569534	178569683	False	180	150M	255	0	25	0.7372521758079529	ambig_opp_strand	unspliced	12994	44	RIGEL_NRNA_chr2_2_178525988_178804642		RIGEL_NRNA_chr2_2_178525988_178804642	nrna
A00839:75:H7MFFDSXY:3:1126:2926:21872	chr2	178568480	178568629	False	347	150M	255	0	25	0.4639523923397064	ambig_opp_strand	unspliced	12994	44	RIGEL_NRNA_chr2_2_178525988_178804642		RIGEL_NRNA_chr2_2_178525988_178804642	nrna
A00839:75:H7MFFDSXY:3:1321:12744:31548	chr2	178562866	178563015	False	299	150M	255	0	3	0.06865350902080536	ambig_opp_strand	unspliced	12994	44	ENST00000342175.12	TTN	ENSG00000155657.29	mrna
A00839:75:H7MFFDSXY:3:1304:2392:28213	chr2	178562889	178563038	False	314	150M	255	0	5	0.18060237169265747	ambig_opp_strand	unspliced	-1	44	.	.	.	mrna
A00839:75:H7MFFDSXY:3:1157:23818:33692	chr2	178563991	178564140	False	370	150M	255	0	25	0.24452441930770874	ambig_opp_strand	unspliced	12994	44	RIGEL_NRNA_chr2_2_178525988_178804642		RIGEL_NRNA_chr2_2_178525988_178804642	nrna
A00839:75:H7MFFDSXY:3:1571:22354:29246	chr2	178565289	178565438	True	-381	150M	255	0	25	0.06390716135501862	ambig_opp_strand	unspliced	12994	44	RIGEL_NRNA_chr2_1_178539804_178576557		RIGEL_NRNA_chr2_1_178539804_178576557	nrna
A00839:75:H7MFFDSXY:3:1118:21459:26819	chr2	178562214	178562363	True	-419	150M	255	0	5	0.7652353644371033	ambig_opp_strand	unspliced	-1	44	.	.	.	mrna
A00839:75:H7MFFDSXY:3:1444:25934:24612	chr2	178564647	178564796	False	270	150M	255	0	25	0.7257305383682251	ambig_opp_strand	unspliced	12994	44	RIGEL_NRNA_chr2_2_178525988_178804642		RIGEL_NRNA_chr2_2_178525988_178804642	nrna
A00839:75:H7MFFDSXY:3:1224:26585:23422	chr2	178561433	178561582	False	303	150M	255	0	25	0.6768515706062317	ambig_opp_strand	unspliced	12994	44	RIGEL_NRNA_chr2_2_178525988_178804642		RIGEL_NRNA_chr2_2_178525988_178804642	nrna
A00839:75:H7MFFDSXY:3:2164:7111:4069	chr2	178569694	178569843	True	-298	150M	255	0	25	0.20234818756580353	ambig_opp_strand	unspliced	12994	44	RIGEL_NRNA_chr2_1_178523417_178776534		RIGEL_NRNA_chr2_1_178523417_178776534	nrna
A00839:75:H7MFFDSXY:3:2127:7681:28103	chr2	178568185	178568334	True	-151	150M	255	0	25	0.20446933805942535	ambig_opp_strand	unspliced	12994	44	RIGEL_NRNA_chr2_1_178523417_178776534		RIGEL_NRNA_chr2_1_178523417_178776534	nrna
A00839:75:H7MFFDSXY:3:1341:6632:35055	chr2	178565302	178565451	False	281	150M	255	0	25	0.7138229012489319	ambig_opp_strand	unspliced	12994	44	RIGEL_NRNA_chr2_2_178525988_178804642		RIGEL_NRNA_chr2_2_178525988_178804642	nrna
A00839:75:H7MFFDSXY:3:2215:2492:4679	chr2	178562340	178562489	False	363	150M	255	0	5	0.5917815566062927	ambig_opp_strand	unspliced	-1	44	.	.	.	mrna
A00839:75:H7MFFDSXY:3:2551:10520:36777	chr2	178562719	178562868	True	-534	150M	255	1	5	0.6942145824432373	ambig_opp_strand	unspliced	-1	44	.	.	.	mrna
A00839:75:H7MFFDSXY:3:1472:9155:25614	chr2	178560016	178560165	False	252	150M	255	0	25	0.7400345802307129	ambig_opp_strand	unspliced	12994	44	RIGEL_NRNA_chr2_2_178525988_178804642		RIGEL_NRNA_chr2_2_178525988_178804642	nrna
A00839:75:H7MFFDSXY:3:2313:5972:16501	chr2	178569785	178569934	False	396	150M	255	0	5	0.8697085976600647	ambig_opp_strand	unspliced	-1	44	.	.	.	mrna
A00839:75:H7MFFDSXY:3:1637:28718:19288	chr2	178560667	178560816	True	-323	150M	255	0	25	0.1478748619556427	ambig_opp_strand	unspliced	12994	44	RIGEL_NRNA_chr2_1_178528764_178620148		RIGEL_NRNA_chr2_1_178528764_178620148	nrna
A00839:75:H7MFFDSXY:3:1515:31277:3145	chr2	178562027	178562176	True	-232	150M	255	0	25	0.1673835963010788	ambig_opp_strand	unspliced	12994	44	RIGEL_NRNA_chr2_1_178540115_178582663		RIGEL_NRNA_chr2_1_178540115_178582663	nrna
A00839:75:H7MFFDSXY:3:1238:14326:19006	chr2	178562388	178562537	True	-298	150M	255	0	25	0.16089977324008942	ambig_opp_strand	unspliced	12994	44	RIGEL_NRNA_chr2_1_178540115_178582663		RIGEL_NRNA_chr2_1_178540115_178582663	nrna
A00839:75:H7MFFDSXY:3:1223:8594:13933	chr2	178564848	178564997	False	522	150M	255	0	5	0.8475325107574463	ambig_opp_strand	unspliced	-1	44	.	.	.	mrna
A00839:75:H7MFFDSXY:3:2308:3549:2096	chr2	178562065	178562214	True	-236	150M	255	0	25	0.16323713958263397	ambig_opp_strand	unspliced	12994	44	RIGEL_NRNA_chr2_1_178528764_178620148		RIGEL_NRNA_chr2_1_178528764_178620148	nrna
A00839:75:H7MFFDSXY:3:1470:19605:34350	chr2	178567347	178567496	False	255	150M	255	0	25	0.737269401550293	ambig_opp_strand	unspliced	12994	44	RIGEL_NRNA_chr2_2_178525988_178804642		RIGEL_NRNA_chr2_2_178525988_178804642	nrna
A00839:75:H7MFFDSXY:3:1216:14814:6543	chr2	178566369	178566518	False	436	150M	255	0	5	0.8581100702285767	ambig_opp_strand	unspliced	-1	44	.	.	.	mrna
A00839:75:H7MFFDSXY:3:2466:26476:3975	chr2	178569063	178569212	False	390	150M	255	0	5	0.8505442142486572	ambig_opp_strand	unspliced	-1	44	.	.	.	mrna
A00839:75:H7MFFDSXY:3:1575:21395:5822	chr2	178567233	178567382	False	323	150M	255	0	25	0.6129410266876221	ambig_opp_strand	unspliced	12994	44	RIGEL_NRNA_chr2_2_178525988_178804642		RIGEL_NRNA_chr2_2_178525988_178804642	nrna
A00839:75:H7MFFDSXY:3:2643:22146:11475	chr2	178561456	178561605	True	-251	150M	255	0	25	0.16672296822071075	ambig_opp_strand	unspliced	12994	44	RIGEL_NRNA_chr2_1_178540115_178582663		RIGEL_NRNA_chr2_1_178540115_178582663	nrna
A00839:75:H7MFFDSXY:3:1536:21034:14779	chr2	178563568	178563717	True	-360	150M	255	0	25	0.11241742223501205	ambig_opp_strand	unspliced	12994	44	RIGEL_NRNA_chr2_1_178541746_178597681		RIGEL_NRNA_chr2_1_178541746_178597681	nrna
A00839:75:H7MFFDSXY:3:1304:7988:8656	chr2	178567287	178567436	True	-316	150M	255	0	25	0.165604367852211	ambig_opp_strand	unspliced	12994	44	RIGEL_NRNA_chr2_1_178539804_178576557		RIGEL_NRNA_chr2_1_178539804_178576557	nrna
A00839:75:H7MFFDSXY:3:2363:22589:11240	chr2	178561108	178561257	False	257	150M	255	0	3	0.09026817977428436	ambig_opp_strand	unspliced	12994	44	ENST00000460472.6	TTN	ENSG00000155657.29	mrna
A00839:75:H7MFFDSXY:3:2253:8196:16658	chr2	178566863	178567012	False	271	150M	255	0	25	0.7248656153678894	ambig_opp_strand	unspliced	12994	44	RIGEL_NRNA_chr2_2_178525988_178804642		RIGEL_NRNA_chr2_2_178525988_178804642	nrna
A00839:75:H7MFFDSXY:3:1633:26232:13385	chr2	178561827	178561976	True	-353	150M	255	0	25	0.027480417862534523	ambig_opp_strand	unspliced	12994	44	RIGEL_NRNA_chr2_1_178528739_178633078		RIGEL_NRNA_chr2_1_178528739_178633078	nrna
A00839:75:H7MFFDSXY:3:1269:16676:4382	chr2	178566887	178567036	True	-381	150M	255	0	5	0.6517520546913147	ambig_opp_strand	unspliced	-1	44	.	.	.	mrna
A00839:75:H7MFFDSXY:3:2426:23954:4899	chr2	178567724	178567873	True	-384	150M	255	0	25	0.056953154504299164	ambig_opp_strand	unspliced	12994	44	RIGEL_NRNA_chr2_1_178539804_178576557		RIGEL_NRNA_chr2_1_178539804_178576557	nrna
A00839:75:H7MFFDSXY:3:1265:7898:5838	chr2	178564197	178564346	False	237	150M	255	0	25	0.7445722222328186	ambig_opp_strand	unspliced	12994	44	RIGEL_NRNA_chr2_2_178525988_178804642		RIGEL_NRNA_chr2_2_178525988_178804642	nrna
A00839:75:H7MFFDSXY:3:1504:31394:3067	chr2	178565216	178565359	True	-144	144M	255	1	25	0.17166492342948914	ambig_opp_strand	unspliced	12994	44	RIGEL_NRNA_chr2_1_178539804_178576557		RIGEL_NRNA_chr2_1_178539804_178576557	nrna
A00839:75:H7MFFDSXY:3:1622:27109:25739	chr2	178564578	178564727	False	562	150M	255	0	5	0.7316209673881531	ambig_opp_strand	unspliced	-1	44	.	.	.	mrna
A00839:75:H7MFFDSXY:3:1157:26187:24142	chr2	178561549	178561698	True	-290	150M	255	0	25	0.17364661395549774	ambig_opp_strand	unspliced	12994	44	RIGEL_NRNA_chr2_1_178539804_178576557		RIGEL_NRNA_chr2_1_178539804_178576557	nrna
A00839:75:H7MFFDSXY:3:1422:28519:34851	chr2	178563101	178563250	False	307	150M	255	0	5	0.1536908745765686	ambig_opp_strand	unspliced	-1	44	.	.	.	mrna
A00839:75:H7MFFDSXY:3:1603:28040:23844	chr2	178567203	178567352	True	-469	150M	255	0	25	0.042848292738199234	ambig_opp_strand	unspliced	12994	44	RIGEL_NRNA_chr2_1_178528764_178620148		RIGEL_NRNA_chr2_1_178528764_178620148	nrna
A00839:75:H7MFFDSXY:3:2661:11722:6480	chr2	178562258	178562407	True	-323	150M	255	0	5	0.11736807227134705	ambig_opp_strand	unspliced	-1	44	.	.	.	mrna
A00839:75:H7MFFDSXY:3:2566:30563:18599	chr2	178561860	178562009	True	-241	150M	255	0	25	0.1786760538816452	ambig_opp_strand	unspliced	12994	44	RIGEL_NRNA_chr2_1_178539804_178576557		RIGEL_NRNA_chr2_1_178539804_178576557	nrna
A00839:75:H7MFFDSXY:3:1559:15085:10144	chr2	178562893	178563042	True	-274	150M	255	0	25	0.17061682045459747	ambig_opp_strand	unspliced	12994	44	RIGEL_NRNA_chr2_1_178541746_178597681		RIGEL_NRNA_chr2_1_178541746_178597681	nrna
A00839:75:H7MFFDSXY:3:2152:29432:22905	chr2	178569455	178569604	False	305	150M	255	0	25	0.6719896793365479	ambig_opp_strand	unspliced	12994	44	RIGEL_NRNA_chr2_2_178525988_178804642		RIGEL_NRNA_chr2_2_178525988_178804642	nrna
A00839:75:H7MFFDSXY:3:1326:13729:32409	chr2	178562358	178562507	False	376	150M	255	1	5	0.7549566626548767	ambig_opp_strand	unspliced	-1	44	.	.	.	mrna
A00839:75:H7MFFDSXY:3:1373:31656:33426	chr2	178561257	178561406	False	318	150M	255	0	25	0.6324870586395264	ambig_opp_strand	unspliced	12994	44	RIGEL_NRNA_chr2_2_178525988_178804642		RIGEL_NRNA_chr2_2_178525988_178804642	nrna
A00839:75:H7MFFDSXY:3:2618:21386:1673	chr2	178562874	178563023	True	-502	150M	255	1	25	0.04540586471557617	ambig_opp_strand	unspliced	12994	44	RIGEL_NRNA_chr2_1_178528764_178620148		RIGEL_NRNA_chr2_1_178528764_178620148	nrna
A00839:75:H7MFFDSXY:3:1337:9860:16564	chr2	178567743	178567892	False	281	150M	255	0	25	0.7138229012489319	ambig_opp_strand	unspliced	12994	44	RIGEL_NRNA_chr2_2_178525988_178804642		RIGEL_NRNA_chr2_2_178525988_178804642	nrna
A00839:75:H7MFFDSXY:3:1130:25590:21699	chr2	178564760	178564909	True	-487	150M	255	1	5	0.7188251614570618	ambig_opp_strand	unspliced	-1	44	.	.	.	mrna
A00839:75:H7MFFDSXY:3:1657:14986:9878	chr2	178564718	178564867	False	445	150M	255	0	5	0.8369428515434265	ambig_opp_strand	unspliced	-1	44	.	.	.	mrna
A00839:75:H7MFFDSXY:3:1343:3549:12305	chr2	178562219	178562368	True	-277	150M	255	0	25	0.16035860776901245	ambig_opp_strand	unspliced	12994	44	RIGEL_NRNA_chr2_1_178528764_178620148		RIGEL_NRNA_chr2_1_178528764_178620148	nrna
A00839:75:H7MFFDSXY:3:2548:26937:30859	chr2	178563350	178563499	True	-319	150M	255	0	25	0.16397416591644287	ambig_opp_strand	unspliced	12994	44	RIGEL_NRNA_chr2_1_178539804_178576557		RIGEL_NRNA_chr2_1_178539804_178576557	nrna
A00839:75:H7MFFDSXY:3:2170:19425:13463	chr2	178565793	178565942	False	273	150M	255	0	3	0.07234776020050049	ambig_opp_strand	unspliced	12994	44	ENST00000342175.12	TTN	ENSG00000155657.29	mrna
A00839:75:H7MFFDSXY:3:2145:23800:20353	chr2	178569158	178569307	False	263	150M	255	0	25	0.7321848273277283	ambig_opp_strand	unspliced	12994	44	RIGEL_NRNA_chr2_2_178525988_178804642		RIGEL_NRNA_chr2_2_178525988_178804642	nrna
A00839:75:H7MFFDSXY:3:2459:5864:34976	chr2	178566226	178566375	True	-421	150M	255	1	5	0.773424506187439	ambig_opp_strand	unspliced	-1	44	.	.	.	mrna
A00839:75:H7MFFDSXY:3:1334:1253:9643	chr2	178569726	178569875	True	-345	150M	255	1	5	0.2284781038761139	ambig_opp_strand	unspliced	-1	44	.	.	.	mrna
A00839:75:H7MFFDSXY:3:1653:23086:7623	chr2	178561123	178561272	True	-352	150M	255	0	5	0.2886957824230194	ambig_opp_strand	unspliced	-1	44	.	.	.	mrna
A00839:75:H7MFFDSXY:3:2607:29857:2691	chr2	178562755	178562904	True	-249	150M	255	1	25	0.1728695183992386	ambig_opp_strand	unspliced	12994	44	RIGEL_NRNA_chr2_1_178541746_178597681		RIGEL_NRNA_chr2_1_178541746_178597681	nrna
A00839:75:H7MFFDSXY:3:1260:20112:18286	chr2	178563655	178563804	True	-302	150M	255	0	25	0.16546793282032013	ambig_opp_strand	unspliced	12994	44	RIGEL_NRNA_chr2_1_178541746_178597681		RIGEL_NRNA_chr2_1_178541746_178597681	nrna
A00839:75:H7MFFDSXY:3:2201:3640:20040	chr2	178563449	178563598	True	-242	150M	255	0	25	0.16311772167682648	ambig_opp_strand	unspliced	12994	44	RIGEL_NRNA_chr2_1_178528764_178620148		RIGEL_NRNA_chr2_1_178528764_178620148	nrna
A00839:75:H7MFFDSXY:3:2472:7826:21214	chr2	178563701	178563850	True	-248	150M	255	0	25	0.16693705320358276	ambig_opp_strand	unspliced	12994	44	RIGEL_NRNA_chr2_1_178540115_178582663		RIGEL_NRNA_chr2_1_178540115_178582663	nrna
A00839:75:H7MFFDSXY:3:1411:3351:18098	chr2	178569415	178569556	False	142	142M	255	0	25	0.6795597672462463	ambig_opp_strand	unspliced	12994	44	RIGEL_NRNA_chr2_2_178525988_178804642		RIGEL_NRNA_chr2_2_178525988_178804642	nrna
A00839:75:H7MFFDSXY:3:1572:12924:34303	chr2	178566697	178566846	True	-308	150M	255	0	25	0.1688670516014099	ambig_opp_strand	unspliced	12994	44	RIGEL_NRNA_chr2_1_178539804_178576557		RIGEL_NRNA_chr2_1_178539804_178576557	nrna
A00839:75:H7MFFDSXY:3:1311:12219:21151	chr2	178566333	178566482	True	-393	150M	255	0	5	0.7521611452102661	ambig_opp_strand	unspliced	-1	44	.	.	.	mrna
A00839:75:H7MFFDSXY:3:2477:26042:27712	chr2	178563772	178563921	True	-304	150M	255	0	25	0.019103068858385086	ambig_opp_strand	unspliced	12994	44	RIGEL_NRNA_chr2_1_178528739_178584816		RIGEL_NRNA_chr2_1_178528739_178584816	nrna
A00839:75:H7MFFDSXY:3:1660:26738:31548	chr2	178568932	178569081	False	298	150M	255	0	25	0.6881697773933411	ambig_opp_strand	unspliced	12994	44	RIGEL_NRNA_chr2_2_178525988_178804642		RIGEL_NRNA_chr2_2_178525988_178804642	nrna
A00839:75:H7MFFDSXY:3:2222:19904:36338	chr2	178565743	178565892	True	-392	150M	255	0	5	0.746553361415863	ambig_opp_strand	unspliced	-1	44	.	.	.	mrna
A00839:75:H7MFFDSXY:3:2221:7247:25504	chr2	178563739	178563888	True	-252	150M	255	1	5	0.028739644214510918	ambig_opp_strand	unspliced	-1	44	.	.	.	mrna
A00839:75:H7MFFDSXY:3:2573:7084:10316	chr2	178565506	178565655	False	419	150M	255	0	5	0.8742125630378723	ambig_opp_strand	unspliced	-1	44	.	.	.	mrna
A00839:75:H7MFFDSXY:3:1537:7039:4789	chr2	178563664	178563813	False	417	150M	255	0	5	0.8781221508979797	ambig_opp_strand	unspliced	-1	44	.	.	.	mrna
A00839:75:H7MFFDSXY:3:2202:10908:3129	chr2	178568276	178568425	True	-282	150M	255	0	25	0.16961491107940674	ambig_opp_strand	unspliced	12994	44	RIGEL_NRNA_chr2_1_178541746_178597681		RIGEL_NRNA_chr2_1_178541746_178597681	nrna
A00839:75:H7MFFDSXY:3:2124:27661:3897	chr2	178567409	178567558	False	283	150M	255	0	5	0.09549259394407272	ambig_opp_strand	unspliced	-1	44	.	.	.	mrna
A00839:75:H7MFFDSXY:3:2430:32045:14246	chr2	178561959	178562108	True	-482	150M	255	0	5	0.7516404986381531	ambig_opp_strand	unspliced	-1	44	.	.	.	mrna
A00839:75:H7MFFDSXY:3:1214:15546:11882	chr2	178566677	178566826	False	231	150M	255	0	3	0.07456036657094955	ambig_opp_strand	unspliced	12994	44	ENST00000342175.12	TTN	ENSG00000155657.29	mrna
A00839:75:H7MFFDSXY:3:2172:24840:11005	chr2	178561250	178561399	True	-308	150M	255	0	25	0.1636650115251541	ambig_opp_strand	unspliced	12994	44	RIGEL_NRNA_chr2_1_178541746_178597681		RIGEL_NRNA_chr2_1_178541746_178597681	nrna
A00839:75:H7MFFDSXY:3:1305:3649:13823	chr2	178569591	178569740	False	410	150M	255	0	25	0.10721758753061295	ambig_opp_strand	unspliced	12994	44	RIGEL_NRNA_chr2_2_178525988_178804642		RIGEL_NRNA_chr2_2_178525988_178804642	nrna
A00839:75:H7MFFDSXY:3:1442:30671:9455	chr2	178569416	178569565	True	-400	150M	255	0	5	0.7442869544029236	ambig_opp_strand	unspliced	-1	44	.	.	.	mrna
A00839:75:H7MFFDSXY:3:2528:26765:31845	chr2	178569846	178569995	False	211	150M	255	0	25	0.7459476590156555	ambig_opp_strand	unspliced	12994	44	RIGEL_NRNA_chr2_2_178525988_178804642		RIGEL_NRNA_chr2_2_178525988_178804642	nrna
A00839:75:H7MFFDSXY:3:1309:25030:36949	chr2	178563740	178563889	True	-363	150M	255	0	25	0.10221204161643982	ambig_opp_strand	unspliced	12994	44	RIGEL_NRNA_chr2_1_178540115_178582663		RIGEL_NRNA_chr2_1_178540115_178582663	nrna
A00839:75:H7MFFDSXY:3:2450:14362:34788	chr2	178562800	178562949	True	-332	150M	255	1	25	0.14605402946472168	ambig_opp_strand	unspliced	12994	44	RIGEL_NRNA_chr2_1_178540115_178582663		RIGEL_NRNA_chr2_1_178540115_178582663	nrna
A00839:75:H7MFFDSXY:3:2240:13349:11271	chr2	178568026	178568175	True	-257	150M	255	0	25	0.1777956336736679	ambig_opp_strand	unspliced	12994	44	RIGEL_NRNA_chr2_1_178539804_178576557		RIGEL_NRNA_chr2_1_178539804_178576557	nrna
A00839:75:H7MFFDSXY:3:1633:27597:28401	chr2	178569557	178569706	True	-314	150M	255	0	25	0.16631761193275452	ambig_opp_strand	unspliced	12994	44	RIGEL_NRNA_chr2_1_178539804_178576557		RIGEL_NRNA_chr2_1_178539804_178576557	nrna
A00839:75:H7MFFDSXY:3:1462:5665:34475	chr2	178565946	178566095	True	-321	150M	255	0	25	0.16316020488739014	ambig_opp_strand	unspliced	12994	44	RIGEL_NRNA_chr2_1_178539804_178576557		RIGEL_NRNA_chr2_1_178539804_178576557	nrna
A00839:75:H7MFFDSXY:3:1574:27073:9330	chr2	178561747	178561896	False	214	150M	255	0	25	0.746132493019104	ambig_opp_strand	unspliced	12994	44	RIGEL_NRNA_chr2_2_178525988_178804642		RIGEL_NRNA_chr2_2_178525988_178804642	nrna
A00839:75:H7MFFDSXY:3:2406:22869:2769	chr2	178561207	178561356	False	302	150M	255	0	25	0.6784175634384155	ambig_opp_strand	unspliced	12994	44	RIGEL_NRNA_chr2_2_178525988_178804642		RIGEL_NRNA_chr2_2_178525988_178804642	nrna
A00839:75:H7MFFDSXY:3:1203:13105:34334	chr2	178561589	178561712	True	-124	124M	255	0	25	0.14454017579555511	ambig_opp_strand	unspliced	12994	44	RIGEL_NRNA_chr2_1_178528764_178620148		RIGEL_NRNA_chr2_1_178528764_178620148	nrna
A00839:75:H7MFFDSXY:3:2539:10791:22905	chr2	178565900	178566049	False	345	150M	255	0	25	0.48223453760147095	ambig_opp_strand	unspliced	12994	44	RIGEL_NRNA_chr2_2_178525988_178804642		RIGEL_NRNA_chr2_2_178525988_178804642	nrna
A00839:75:H7MFFDSXY:3:2313:30291:6386	chr2	178564341	178564490	False	197	150M	255	4	25	0.7435592412948608	ambig_opp_strand	unspliced	12994	44	RIGEL_NRNA_chr2_2_178525988_178804642		RIGEL_NRNA_chr2_2_178525988_178804642	nrna
A00839:75:H7MFFDSXY:3:2615:10230:3646	chr2	178562497	178562646	False	188	150M	255	0	25	0.7404239177703857	ambig_opp_strand	unspliced	12994	44	RIGEL_NRNA_chr2_2_178525988_178804642		RIGEL_NRNA_chr2_2_178525988_178804642	nrna
A00839:75:H7MFFDSXY:3:1153:13150:32816	chr2	178565180	178565329	True	-252	150M	255	0	25	0.16272352635860443	ambig_opp_strand	unspliced	12994	44	RIGEL_NRNA_chr2_1_178528764_178620148		RIGEL_NRNA_chr2_1_178528764_178620148	nrna
A00839:75:H7MFFDSXY:3:2312:26675:31093	chr2	178560274	178560423	True	-276	150M	255	0	25	0.1758091300725937	ambig_opp_strand	unspliced	12994	44	RIGEL_NRNA_chr2_1_178539804_178576557		RIGEL_NRNA_chr2_1_178539804_178576557	nrna
A00839:75:H7MFFDSXY:3:1323:28935:14340	chr2	178569707	178569856	False	279	150M	255	1	3	0.07168678194284439	ambig_opp_strand	unspliced	12994	44	ENST00000342175.12	TTN	ENSG00000155657.29	mrna
A00839:75:H7MFFDSXY:3:1642:9751:17722	chr2	178560305	178560454	False	353	150M	255	0	25	0.4088439345359802	ambig_opp_strand	unspliced	12994	44	RIGEL_NRNA_chr2_2_178525988_178804642		RIGEL_NRNA_chr2_2_178525988_178804642	nrna
A00839:75:H7MFFDSXY:3:1311:7618:12430	chr2	178567515	178567664	False	316	150M	255	0	25	0.639331579208374	ambig_opp_strand	unspliced	12994	44	RIGEL_NRNA_chr2_2_178525988_178804642		RIGEL_NRNA_chr2_2_178525988_178804642	nrna
A00839:75:H7MFFDSXY:3:1622:25961:5588	chr2	178568446	178568595	True	-351	150M	255	0	25	0.123685821890831	ambig_opp_strand	unspliced	12994	44	RIGEL_NRNA_chr2_1_178540115_178582663		RIGEL_NRNA_chr2_1_178540115_178582663	nrna
A00839:75:H7MFFDSXY:3:2460:25961:22529	chr2	178563747	178563896	False	361	150M	255	0	5	0.5647107362747192	ambig_opp_strand	unspliced	-1	44	.	.	.	mrna
A00839:75:H7MFFDSXY:3:1660:22652:31829	chr2	178568939	178569088	True	-355	150M	255	0	5	0.3197442889213562	ambig_opp_strand	unspliced	-1	44	.	.	.	mrna
A00839:75:H7MFFDSXY:3:1615:12020:11350	chr2	178560911	178561060	False	280	150M	255	0	25	0.7157753705978394	ambig_opp_strand	unspliced	12994	44	RIGEL_NRNA_chr2_2_178525988_178804642		RIGEL_NRNA_chr2_2_178525988_178804642	nrna
A00839:75:H7MFFDSXY:3:1572:10438:13651	chr2	178567841	178567990	False	266	150M	255	0	25	0.7296407222747803	ambig_opp_strand	unspliced	12994	44	RIGEL_NRNA_chr2_2_178525988_178804642		RIGEL_NRNA_chr2_2_178525988_178804642	nrna
A00839:75:H7MFFDSXY:3:1164:17734:20149	chr2	178563056	178563205	False	186	150M	255	0	25	0.7391736507415771	ambig_opp_strand	unspliced	12994	44	RIGEL_NRNA_chr2_2_178525988_178804642		RIGEL_NRNA_chr2_2_178525988_178804642	nrna
A00839:75:H7MFFDSXY:3:2209:26648:12477	chr2	178561189	178561338	True	-257	150M	255	0	25	0.20921467244625092	ambig_opp_strand	unspliced	12994	44	RIGEL_NRNA_chr2_1_178523417_178776534		RIGEL_NRNA_chr2_1_178523417_178776534	nrna
A00839:75:H7MFFDSXY:3:1209:23583:34569	chr2	178563653	178563802	False	178	150M	255	1	3	0.07359065860509872	ambig_opp_strand	unspliced	12994	44	ENST00000342175.12	TTN	ENSG00000155657.29	mrna
A00839:75:H7MFFDSXY:3:1570:5737:24549	chr2	178568123	178568272	True	-307	150M	255	0	25	0.15823011100292206	ambig_opp_strand	unspliced	12994	44	RIGEL_NRNA_chr2_1_178540115_178582663		RIGEL_NRNA_chr2_1_178540115_178582663	nrna
A00839:75:H7MFFDSXY:3:1476:21423:17801	chr2	178562286	178562435	True	-221	150M	255	0	25	0.16337980329990387	ambig_opp_strand	unspliced	12994	44	RIGEL_NRNA_chr2_1_178528764_178620148		RIGEL_NRNA_chr2_1_178528764_178620148	nrna
A00839:75:H7MFFDSXY:3:2407:9977:5807	chr2	178566323	178566472	True	-318	150M	255	0	25	0.15034349262714386	ambig_opp_strand	unspliced	12994	44	RIGEL_NRNA_chr2_1_178528764_178620148		RIGEL_NRNA_chr2_1_178528764_178620148	nrna
A00839:75:H7MFFDSXY:3:1343:27769:33176	chr2	178567821	178567970	True	-300	150M	255	0	25	0.17127975821495056	ambig_opp_strand	unspliced	12994	44	RIGEL_NRNA_chr2_1_178539804_178576557		RIGEL_NRNA_chr2_1_178539804_178576557	nrna
A00839:75:H7MFFDSXY:3:2432:22752:12023	chr2	178565626	178565775	False	319	150M	255	0	25	0.6273561716079712	ambig_opp_strand	unspliced	12994	44	RIGEL_NRNA_chr2_2_178525988_178804642		RIGEL_NRNA_chr2_2_178525988_178804642	nrna
A00839:75:H7MFFDSXY:3:1548:14660:29888	chr2	178561310	178561459	False	380	150M	255	0	5	0.7945609092712402	ambig_opp_strand	unspliced	-1	44	.	.	.	mrna
A00839:75:H7MFFDSXY:3:2551:27335:2331	chr2	178569623	178569772	True	-161	150M	255	0	25	0.2069612592458725	ambig_opp_strand	unspliced	12994	44	RIGEL_NRNA_chr2_1_178523417_178776534		RIGEL_NRNA_chr2_1_178523417_178776534	nrna
A00839:75:H7MFFDSXY:3:1133:6388:35258	chr2	178568671	178568820	True	-187	150M	255	0	25	0.17276129126548767	ambig_opp_strand	unspliced	12994	44	RIGEL_NRNA_chr2_1_178541746_178597681		RIGEL_NRNA_chr2_1_178541746_178597681	nrna
A00839:75:H7MFFDSXY:3:1226:16170:9204	chr2	178567735	178567884	True	-283	150M	255	0	25	0.1748526245355606	ambig_opp_strand	unspliced	12994	44	RIGEL_NRNA_chr2_1_178539804_178576557		RIGEL_NRNA_chr2_1_178539804_178576557	nrna
A00839:75:H7MFFDSXY:3:2315:2049:31438	chr2	178562267	178562416	False	405	150M	255	0	5	0.8737013936042786	ambig_opp_strand	unspliced	-1	44	.	.	.	mrna
A00839:75:H7MFFDSXY:3:2324:27606:19961	chr2	178566248	178566397	False	309	150M	255	1	5	0.16221092641353607	ambig_opp_strand	unspliced	-1	44	.	.	.	mrna
A00839:75:H7MFFDSXY:3:2568:24659:17487	chr2	178569362	178569511	False	313	150M	255	0	25	0.6488268971443176	ambig_opp_strand	unspliced	12994	44	RIGEL_NRNA_chr2_2_178525988_178804642		RIGEL_NRNA_chr2_2_178525988_178804642	nrna
A00839:75:H7MFFDSXY:3:2517:18665:26553	chr2	178561916	178562065	True	-334	150M	255	6	5	0.157199889421463	ambig_opp_strand	unspliced	-1	44	.	.	.	mrna
A00839:75:H7MFFDSXY:3:2536:2383:7059	chr2	178565167	178565316	True	-263	150M	255	0	25	0.03806314244866371	ambig_opp_strand	unspliced	12994	44	RIGEL_NRNA_chr2_1_178528739_178633078		RIGEL_NRNA_chr2_1_178528739_178633078	nrna
A00839:75:H7MFFDSXY:3:1247:8106:4038	chr2	178567998	178568147	True	-499	150M	255	0	25	0.04996826872229576	ambig_opp_strand	unspliced	12994	44	RIGEL_NRNA_chr2_1_178541746_178597681		RIGEL_NRNA_chr2_1_178541746_178597681	nrna
A00839:75:H7MFFDSXY:3:2542:2926:7279	chr2	178565966	178566115	False	350	150M	255	0	3	0.0538325272500515	ambig_opp_strand	unspliced	12994	44	ENST00000460472.6	TTN	ENSG00000155657.29	mrna
A00839:75:H7MFFDSXY:3:2667:7690:15875	chr2	178564087	178564236	False	359	150M	255	0	5	0.5442716479301453	ambig_opp_strand	unspliced	-1	44	.	.	.	mrna
A00839:75:H7MFFDSXY:3:1407:17119:22561	chr2	178561026	178561175	True	-277	150M	255	1	25	0.20668528974056244	ambig_opp_strand	unspliced	12994	44	RIGEL_NRNA_chr2_1_178523417_178776534		RIGEL_NRNA_chr2_1_178523417_178776534	nrna
A00839:75:H7MFFDSXY:3:2304:14036:17628	chr2	178564973	178565122	False	239	150M	255	0	3	0.09127030521631241	ambig_opp_strand	unspliced	12994	44	ENST00000460472.6	TTN	ENSG00000155657.29	mrna
A00839:75:H7MFFDSXY:3:1312:24252:28682	chr2	178568937	178569053	True	-117	117M	255	0	5	0.19031544029712677	ambig_opp_strand	unspliced	-1	44	.	.	.	mrna
A00839:75:H7MFFDSXY:3:1532:3396:5368	chr2	178569555	178569704	True	-456	150M	255	0	5	0.7647011280059814	ambig_opp_strand	unspliced	-1	44	.	.	.	mrna
A00839:75:H7MFFDSXY:3:1107:21233:17879	chr2	178564091	178564240	False	434	150M	255	0	5	0.8715420365333557	ambig_opp_strand	unspliced	-1	44	.	.	.	mrna
A00839:75:H7MFFDSXY:3:1364:11650:31375	chr2	178561015	178561164	True	-241	150M	255	0	25	0.167183518409729	ambig_opp_strand	unspliced	12994	44	RIGEL_NRNA_chr2_1_178540115_178582663		RIGEL_NRNA_chr2_1_178540115_178582663	nrna
A00839:75:H7MFFDSXY:3:1144:28556:3004	chr2	178568057	178568206	True	-304	150M	255	0	25	0.17014572024345398	ambig_opp_strand	unspliced	12994	44	RIGEL_NRNA_chr2_1_178539804_178576557		RIGEL_NRNA_chr2_1_178539804_178576557	nrna
A00839:75:H7MFFDSXY:3:2165:20094:24925	chr2	178565861	178566010	True	-330	150M	255	0	25	0.15307945013046265	ambig_opp_strand	unspliced	12994	44	RIGEL_NRNA_chr2_1_178541746_178597681		RIGEL_NRNA_chr2_1_178541746_178597681	nrna
A00839:75:H7MFFDSXY:3:2167:17363:35822	chr2	178560325	178560474	False	251	150M	255	0	25	0.7395832538604736	ambig_opp_strand	unspliced	12994	44	RIGEL_NRNA_chr2_2_178525988_178804642		RIGEL_NRNA_chr2_2_178525988_178804642	nrna
A00839:75:H7MFFDSXY:3:1501:20338:20087	chr2	178563036	178563185	True	-220	150M	255	0	25	0.21059319376945496	ambig_opp_strand	unspliced	12994	44	RIGEL_NRNA_chr2_1_178523417_178776534		RIGEL_NRNA_chr2_1_178523417_178776534	nrna
A00839:75:H7MFFDSXY:3:1232:11903:36605	chr2	178569322	178569471	True	-190	150M	255	0	5	0.028054965659976006	ambig_opp_strand	unspliced	-1	44	.	.	.	mrna
A00839:75:H7MFFDSXY:3:2507:9679:5040	chr2	178560431	178560564	True	-134	134M	255	0	25	0.16643768548965454	ambig_opp_strand	unspliced	12994	44	RIGEL_NRNA_chr2_1_178539804_178576557		RIGEL_NRNA_chr2_1_178539804_178576557	nrna
A00839:75:H7MFFDSXY:3:2419:23095:30812	chr2	178569688	178569837	True	-449	150M	255	1	25	0.04758373647928238	ambig_opp_strand	unspliced	12994	44	RIGEL_NRNA_chr2_1_178539804_178576557		RIGEL_NRNA_chr2_1_178539804_178576557	nrna
A00839:75:H7MFFDSXY:3:2158:12843:25739	chr2	178566417	178566566	False	290	150M	255	0	25	0.7017327547073364	ambig_opp_strand	unspliced	12994	44	RIGEL_NRNA_chr2_2_178525988_178804642		RIGEL_NRNA_chr2_2_178525988_178804642	nrna
A00839:75:H7MFFDSXY:3:1642:10746:14340	chr2	178567469	178567618	False	296	150M	255	0	25	0.6920827627182007	ambig_opp_strand	unspliced	12994	44	RIGEL_NRNA_chr2_2_178525988_178804642		RIGEL_NRNA_chr2_2_178525988_178804642	nrna
A00839:75:H7MFFDSXY:3:1649:2275:36746	chr2	178562536	178562685	False	277	150M	255	0	25	0.7181640267372131	ambig_opp_strand	unspliced	12994	44	RIGEL_NRNA_chr2_2_178525988_178804642		RIGEL_NRNA_chr2_2_178525988_178804642	nrna
A00839:75:H7MFFDSXY:3:1146:13232:23782	chr2	178565779	178565928	False	240	150M	255	0	25	0.7442800998687744	ambig_opp_strand	unspliced	12994	44	RIGEL_NRNA_chr2_2_178525988_178804642		RIGEL_NRNA_chr2_2_178525988_178804642	nrna
A00839:75:H7MFFDSXY:3:2222:32615:9784	chr2	178565824	178565973	False	310	150M	255	0	25	0.6580367684364319	ambig_opp_strand	unspliced	12994	44	RIGEL_NRNA_chr2_2_178525988_178804642		RIGEL_NRNA_chr2_2_178525988_178804642	nrna
A00839:75:H7MFFDSXY:3:2172:7518:30452	chr2	178565708	178565857	True	-285	150M	255	0	25	0.20546285808086395	ambig_opp_strand	unspliced	12994	44	RIGEL_NRNA_chr2_1_178523417_178776534		RIGEL_NRNA_chr2_1_178523417_178776534	nrna
A00839:75:H7MFFDSXY:3:1108:13178:7310	chr2	178566908	178567057	True	-493	150M	255	0	5	0.7428374886512756	ambig_opp_strand	unspliced	-1	44	.	.	.	mrna
A00839:75:H7MFFDSXY:3:2550:2835:35650	chr2	178567215	178567364	False	351	150M	255	1	5	0.4528970420360565	ambig_opp_strand	unspliced	-1	44	.	.	.	mrna
A00839:75:H7MFFDSXY:3:1470:21866:31657	chr2	178560498	178560643	True	-365	146M	255	0	25	0.0959017351269722	ambig_opp_strand	unspliced	12994	44	RIGEL_NRNA_chr2_1_178528764_178620148		RIGEL_NRNA_chr2_1_178528764_178620148	nrna
A00839:75:H7MFFDSXY:3:2528:19416:25535	chr2	178561550	178561699	True	-267	150M	255	0	25	0.1614386886358261	ambig_opp_strand	unspliced	12994	44	RIGEL_NRNA_chr2_1_178528764_178620148		RIGEL_NRNA_chr2_1_178528764_178620148	nrna
A00839:75:H7MFFDSXY:3:2205:32904:1736	chr2	178561257	178561406	True	-233	150M	255	0	25	0.2104235589504242	ambig_opp_strand	unspliced	12994	44	RIGEL_NRNA_chr2_1_178523417_178776534		RIGEL_NRNA_chr2_1_178523417_178776534	nrna
A00839:75:H7MFFDSXY:3:2362:22073:33646	chr2	178569563	178569712	True	-241	150M	255	0	25	0.1786760538816452	ambig_opp_strand	unspliced	12994	44	RIGEL_NRNA_chr2_1_178539804_178576557		RIGEL_NRNA_chr2_1_178539804_178576557	nrna
A00839:75:H7MFFDSXY:3:1125:31503:31407	chr2	178560693	178560842	True	-179	150M	255	0	5	0.03139617294073105	ambig_opp_strand	unspliced	-1	44	.	.	.	mrna
A00839:75:H7MFFDSXY:3:2130:8341:16407	chr2	178566092	178566241	False	329	150M	255	0	5	0.25268813967704773	ambig_opp_strand	unspliced	-1	44	.	.	.	mrna
A00839:75:H7MFFDSXY:3:2158:5728:7936	chr2	178561154	178561285	False	132	132M	255	0	5	0.19144223630428314	ambig_opp_strand	unspliced	-1	44	.	.	.	mrna
A00839:75:H7MFFDSXY:3:1622:4969:26318	chr2	178562881	178563030	True	-300	150M	255	0	25	0.20154733955860138	ambig_opp_strand	unspliced	12994	44	RIGEL_NRNA_chr2_1_178523417_178776534		RIGEL_NRNA_chr2_1_178523417_178776534	nrna
A00839:75:H7MFFDSXY:3:1676:11740:17973	chr2	178565578	178565727	False	286	150M	255	0	25	0.7077358961105347	ambig_opp_strand	unspliced	12994	44	RIGEL_NRNA_chr2_2_178525988_178804642		RIGEL_NRNA_chr2_2_178525988_178804642	nrna
A00839:75:H7MFFDSXY:3:2112:3604:22639	chr2	178564997	178565146	False	338	150M	255	1	5	0.31667858362197876	ambig_opp_strand	unspliced	-1	44	.	.	.	mrna
A00839:75:H7MFFDSXY:3:1245:7563:4507	chr2	178565313	178565390	True	-287	78M72S	255	4	25	0.16890963912010193	ambig_opp_strand	unspliced	12994	44	RIGEL_NRNA_chr2_1_178541746_178597681		RIGEL_NRNA_chr2_1_178541746_178597681	nrna
A00839:75:H7MFFDSXY:3:2139:3224:8860	chr2	178569673	178569822	True	-382	150M	255	1	5	0.6857072114944458	ambig_opp_strand	unspliced	-1	44	.	.	.	mrna
A00839:75:H7MFFDSXY:3:1441:10411:15796	chr2	178561106	178561255	True	-246	150M	255	0	25	0.1785091608762741	ambig_opp_strand	unspliced	12994	44	RIGEL_NRNA_chr2_1_178539804_178576557		RIGEL_NRNA_chr2_1_178539804_178576557	nrna
A00839:75:H7MFFDSXY:3:2476:22073:35243	chr2	178565941	178566090	True	-340	150M	255	0	25	0.13851764798164368	ambig_opp_strand	unspliced	12994	44	RIGEL_NRNA_chr2_1_178540115_178582663		RIGEL_NRNA_chr2_1_178540115_178582663	nrna
A00839:75:H7MFFDSXY:3:2513:14669:16814	chr2	178560203	178560352	True	-283	150M	255	0	25	0.16360601782798767	ambig_opp_strand	unspliced	12994	44	RIGEL_NRNA_chr2_1_178540115_178582663		RIGEL_NRNA_chr2_1_178540115_178582663	nrna
A00839:75:H7MFFDSXY:3:2628:21007:23093	chr2	178568222	178568371	False	393	150M	255	0	5	0.8661457300186157	ambig_opp_strand	unspliced	-1	44	.	.	.	mrna
A00839:75:H7MFFDSXY:3:1441:1398:2127	chr2	178567624	178567773	False	391	150M	255	0	5	0.8708837628364563	ambig_opp_strand	unspliced	-1	44	.	.	.	mrna
A00839:75:H7MFFDSXY:3:1363:25156:9737	chr2	178569311	178569460	True	-215	150M	255	0	25	0.16342641413211823	ambig_opp_strand	unspliced	12994	44	RIGEL_NRNA_chr2_1_178528764_178620148		RIGEL_NRNA_chr2_1_178528764_178620148	nrna
A00839:75:H7MFFDSXY:3:2110:29713:31626	chr2	178563307	178563456	False	315	150M	255	1	25	0.6437646746635437	ambig_opp_strand	unspliced	12994	44	RIGEL_NRNA_chr2_2_178525988_178804642		RIGEL_NRNA_chr2_2_178525988_178804642	nrna
A00839:75:H7MFFDSXY:3:1560:15356:27743	chr2	178568464	178568613	True	-288	150M	255	0	25	0.20497426390647888	ambig_opp_strand	unspliced	12994	44	RIGEL_NRNA_chr2_1_178523417_178776534		RIGEL_NRNA_chr2_1_178523417_178776534	nrna
A00839:75:H7MFFDSXY:3:2352:20238:19132	chr2	178565401	178565550	False	236	150M	255	0	25	0.744874119758606	ambig_opp_strand	unspliced	12994	44	RIGEL_NRNA_chr2_2_178525988_178804642		RIGEL_NRNA_chr2_2_178525988_178804642	nrna
A00839:75:H7MFFDSXY:3:1617:4463:16016	chr2	178563206	178563355	True	-198	150M	255	0	25	0.1672249138355255	ambig_opp_strand	unspliced	12994	44	RIGEL_NRNA_chr2_1_178540115_178582663		RIGEL_NRNA_chr2_1_178540115_178582663	nrna
A00839:75:H7MFFDSXY:3:2402:17933:36652	chr2	178562946	178563095	True	-304	150M	255	0	25	0.20021291077136993	ambig_opp_strand	unspliced	12994	44	RIGEL_NRNA_chr2_1_178523417_178776534		RIGEL_NRNA_chr2_1_178523417_178776534	nrna
A00839:75:H7MFFDSXY:3:2259:17508:31845	chr2	178568448	178568597	False	333	150M	255	0	3	0.06935960054397583	ambig_opp_strand	unspliced	12994	44	ENST00000460472.6	TTN	ENSG00000155657.29	mrna
A00839:75:H7MFFDSXY:3:1331:26765:5071	chr2	178565145	178565294	True	-185	150M	255	0	25	0.17267656326293945	ambig_opp_strand	unspliced	12994	44	RIGEL_NRNA_chr2_1_178541746_178597681		RIGEL_NRNA_chr2_1_178541746_178597681	nrna
A00839:75:H7MFFDSXY:3:2215:5674:14669	chr2	178569814	178569963	False	319	150M	255	0	25	0.6273561716079712	ambig_opp_strand	unspliced	12994	44	RIGEL_NRNA_chr2_2_178525988_178804642		RIGEL_NRNA_chr2_2_178525988_178804642	nrna
A00839:75:H7MFFDSXY:3:2372:1669:35102	chr2	178562031	178562180	False	238	150M	255	0	25	0.7448753714561462	ambig_opp_strand	unspliced	12994	44	RIGEL_NRNA_chr2_2_178525988_178804642		RIGEL_NRNA_chr2_2_178525988_178804642	nrna
A00839:75:H7MFFDSXY:3:2353:4571:13041	chr2	178564900	178565049	True	-271	150M	255	0	25	0.16109101474285126	ambig_opp_strand	unspliced	12994	44	RIGEL_NRNA_chr2_1_178528764_178620148		RIGEL_NRNA_chr2_1_178528764_178620148	nrna
A00839:75:H7MFFDSXY:3:1114:24596:26835	chr2	178569418	178569567	False	417	150M	255	0	5	0.8781221508979797	ambig_opp_strand	unspliced	-1	44	.	.	.	mrna
A00839:75:H7MFFDSXY:3:2157:29966:8547	chr2	178564133	178564282	False	348	150M	255	0	3	0.05651795491576195	ambig_opp_strand	unspliced	12994	44	ENST00000460472.6	TTN	ENSG00000155657.29	mrna
A00839:75:H7MFFDSXY:3:1376:29875:32283	chr2	178569277	178569426	False	340	150M	255	0	25	0.5207086205482483	ambig_opp_strand	unspliced	12994	44	RIGEL_NRNA_chr2_2_178525988_178804642		RIGEL_NRNA_chr2_2_178525988_178804642	nrna
A00839:75:H7MFFDSXY:3:2101:30752:4836	chr2	178566265	178566410	True	-239	146M	255	1	5	0.02594917267560959	ambig_opp_strand	unspliced	-1	44	.	.	.	mrna
A00839:75:H7MFFDSXY:3:1173:21323:3474	chr2	178569341	178569490	False	220	150M	255	0	25	0.7463263869285583	ambig_opp_strand	unspliced	12994	44	RIGEL_NRNA_chr2_2_178525988_178804642		RIGEL_NRNA_chr2_2_178525988_178804642	nrna
A00839:75:H7MFFDSXY:3:1634:18258:32706	chr2	178566277	178566426	False	260	150M	255	0	25	0.7339144945144653	ambig_opp_strand	unspliced	12994	44	RIGEL_NRNA_chr2_2_178525988_178804642		RIGEL_NRNA_chr2_2_178525988_178804642	nrna
A00839:75:H7MFFDSXY:3:2536:26295:3349	chr2	178564493	178564642	False	167	150M	255	0	5	0.07599958032369614	ambig_opp_strand	unspliced	-1	44	.	.	.	mrna
A00839:75:H7MFFDSXY:3:2222:2401:35117	chr2	178562037	178562186	False	318	150M	255	0	25	0.6324869990348816	ambig_opp_strand	unspliced	12994	44	RIGEL_NRNA_chr2_2_178525988_178804642		RIGEL_NRNA_chr2_2_178525988_178804642	nrna
A00839:75:H7MFFDSXY:3:1644:9670:9314	chr2	178563837	178563986	True	-480	150M	255	0	5	0.792102038860321	ambig_opp_strand	unspliced	-1	44	.	.	.	mrna
A00839:75:H7MFFDSXY:3:1333:26503:15577	chr2	178567641	178567790	True	-281	150M	255	0	25	0.2060690075159073	ambig_opp_strand	unspliced	12994	44	RIGEL_NRNA_chr2_1_178523417_178776534		RIGEL_NRNA_chr2_1_178523417_178776534	nrna
A00839:75:H7MFFDSXY:3:2656:8332:36683	chr2	178568382	178568531	False	180	150M	255	0	3	0.09038923680782318	ambig_opp_strand	unspliced	12994	44	ENST00000460472.6	TTN	ENSG00000155657.29	mrna
A00839:75:H7MFFDSXY:3:1230:25807:7952	chr2	178565978	178566127	False	267	150M	255	0	25	0.7280691862106323	ambig_opp_strand	unspliced	12994	44	RIGEL_NRNA_chr2_2_178525988_178804642		RIGEL_NRNA_chr2_2_178525988_178804642	nrna
A00839:75:H7MFFDSXY:3:2424:27190:10692	chr2	178567555	178567704	True	-246	150M	255	0	25	0.16297246515750885	ambig_opp_strand	unspliced	12994	44	RIGEL_NRNA_chr2_1_178528764_178620148		RIGEL_NRNA_chr2_1_178528764_178620148	nrna
A00839:75:H7MFFDSXY:3:1570:1841:20087	chr2	178563423	178563572	False	243	150M	255	0	25	0.7430514097213745	ambig_opp_strand	unspliced	12994	44	RIGEL_NRNA_chr2_2_178525988_178804642		RIGEL_NRNA_chr2_2_178525988_178804642	nrna
A00839:75:H7MFFDSXY:3:1162:3242:21762	chr2	178563036	178563185	True	-366	150M	255	2	5	0.45026659965515137	ambig_opp_strand	unspliced	-1	44	.	.	.	mrna
A00839:75:H7MFFDSXY:3:2201:11053:26991	chr2	178565118	178565267	False	293	150M	255	0	25	0.697925329208374	ambig_opp_strand	unspliced	12994	44	RIGEL_NRNA_chr2_2_178525988_178804642		RIGEL_NRNA_chr2_2_178525988_178804642	nrna
A00839:75:H7MFFDSXY:3:1148:31439:15107	chr2	178561366	178561515	False	300	150M	255	0	25	0.6827700138092041	ambig_opp_strand	unspliced	12994	44	RIGEL_NRNA_chr2_2_178525988_178804642		RIGEL_NRNA_chr2_2_178525988_178804642	nrna
A00839:75:H7MFFDSXY:3:1361:18141:16939	chr2	178568869	178569018	False	492	150M	255	0	5	0.8572523593902588	ambig_opp_strand	unspliced	-1	44	.	.	.	mrna
A00839:75:H7MFFDSXY:3:1247:1940:25050	chr2	178569840	178569989	True	-247	150M	255	0	25	0.20998229086399078	ambig_opp_strand	unspliced	12994	44	RIGEL_NRNA_chr2_1_178523417_178776534		RIGEL_NRNA_chr2_1_178523417_178776534	nrna
A00839:75:H7MFFDSXY:3:1223:22797:20149	chr2	178569410	178569559	False	243	150M	255	0	3	0.07433301955461502	ambig_opp_strand	unspliced	12994	44	ENST00000342175.12	TTN	ENSG00000155657.29	mrna
A00839:75:H7MFFDSXY:3:1576:32244:1564	chr2	178563040	178563189	False	221	150M	255	0	25	0.7462242245674133	ambig_opp_strand	unspliced	12994	44	RIGEL_NRNA_chr2_2_178525988_178804642		RIGEL_NRNA_chr2_2_178525988_178804642	nrna
A00839:75:H7MFFDSXY:3:2357:30734:35681	chr2	178568893	178569042	False	407	150M	255	0	5	0.8606400489807129	ambig_opp_strand	unspliced	-1	44	.	.	.	mrna
A00839:75:H7MFFDSXY:3:1606:2600:30483	chr2	178569001	178569150	True	-211	150M	255	0	5	0.024996833875775337	ambig_opp_strand	unspliced	-1	44	.	.	.	mrna
A00839:75:H7MFFDSXY:3:2129:2329:22247	chr2	178567488	178567637	True	-278	150M	255	0	25	0.1642618328332901	ambig_opp_strand	unspliced	12994	44	RIGEL_NRNA_chr2_1_178540115_178582663		RIGEL_NRNA_chr2_1_178540115_178582663	nrna
A00839:75:H7MFFDSXY:3:1449:32931:29434	chr2	178566399	178566548	True	-387	150M	255	0	5	0.720816969871521	ambig_opp_strand	unspliced	-1	44	.	.	.	mrna
A00839:75:H7MFFDSXY:3:1507:21884:33285	chr2	178569746	178569895	False	160	150M	255	1	25	0.7192102074623108	ambig_opp_strand	unspliced	12994	44	RIGEL_NRNA_chr2_2_178525988_178804642		RIGEL_NRNA_chr2_2_178525988_178804642	nrna
A00839:75:H7MFFDSXY:3:1128:33013:3114	chr2	178560311	178560460	True	-335	150M	255	0	25	0.03288040682673454	ambig_opp_strand	unspliced	12994	44	RIGEL_NRNA_chr2_1_178528739_178633078		RIGEL_NRNA_chr2_1_178528739_178633078	nrna
A00839:75:H7MFFDSXY:3:1546:23791:23563	chr2	178562755	178562904	False	456	150M	255	1	5	0.8738853335380554	ambig_opp_strand	unspliced	-1	44	.	.	.	mrna
A00839:75:H7MFFDSXY:3:2158:10004:32690	chr2	178562519	178562668	False	369	150M	255	0	5	0.6721917986869812	ambig_opp_strand	unspliced	-1	44	.	.	.	mrna
A00839:75:H7MFFDSXY:3:1347:2248:1063	chr2	178560411	178560560	True	-212	150M	255	0	25	0.16743001341819763	ambig_opp_strand	unspliced	12994	44	RIGEL_NRNA_chr2_1_178540115_178582663		RIGEL_NRNA_chr2_1_178540115_178582663	nrna
A00839:75:H7MFFDSXY:3:1535:22652:36620	chr2	178566186	178566335	True	-183	150M	255	1	25	0.20943666994571686	ambig_opp_strand	unspliced	12994	44	RIGEL_NRNA_chr2_1_178523417_178776534		RIGEL_NRNA_chr2_1_178523417_178776534	nrna
A00839:75:H7MFFDSXY:3:1459:31982:14732	chr2	178569417	178569566	False	218	150M	255	0	25	0.7463626861572266	ambig_opp_strand	unspliced	12994	44	RIGEL_NRNA_chr2_2_178525988_178804642		RIGEL_NRNA_chr2_2_178525988_178804642	nrna
A00839:75:H7MFFDSXY:3:2326:6253:19867	chr2	178563626	178563775	False	251	150M	255	0	25	0.7395832538604736	ambig_opp_strand	unspliced	12994	44	RIGEL_NRNA_chr2_2_178525988_178804642		RIGEL_NRNA_chr2_2_178525988_178804642	nrna
A00839:75:H7MFFDSXY:3:1235:5159:24455	chr2	178566313	178566462	True	-334	150M	255	0	25	0.1412014663219452	ambig_opp_strand	unspliced	12994	44	RIGEL_NRNA_chr2_1_178528764_178620148		RIGEL_NRNA_chr2_1_178528764_178620148	nrna
A00839:75:H7MFFDSXY:3:2105:12861:12712	chr2	178565614	178565763	False	273	150M	255	0	25	0.7232062816619873	ambig_opp_strand	unspliced	12994	44	RIGEL_NRNA_chr2_2_178525988_178804642		RIGEL_NRNA_chr2_2_178525988_178804642	nrna
A00839:75:H7MFFDSXY:3:2350:32045:28181	chr2	178569596	178569745	True	-494	150M	255	0	25	0.04372929409146309	ambig_opp_strand	unspliced	12994	44	RIGEL_NRNA_chr2_1_178528764_178620148		RIGEL_NRNA_chr2_1_178528764_178620148	nrna
A00839:75:H7MFFDSXY:3:1449:5972:26083	chr2	178568861	178569010	True	-433	150M	255	0	5	0.741539716720581	ambig_opp_strand	unspliced	-1	44	.	.	.	mrna
A00839:75:H7MFFDSXY:3:2555:27516:14669	chr2	178560648	178560797	False	498	150M	255	0	25	0.09850752353668213	ambig_opp_strand	unspliced	12994	44	RIGEL_NRNA_chr2_2_178525988_178804642		RIGEL_NRNA_chr2_2_178525988_178804642	nrna
A00839:75:H7MFFDSXY:3:1140:18629:12305	chr2	178565239	178565388	True	-240	150M	255	0	25	0.16317428648471832	ambig_opp_strand	unspliced	12994	44	RIGEL_NRNA_chr2_1_178528764_178620148		RIGEL_NRNA_chr2_1_178528764_178620148	nrna
A00839:75:H7MFFDSXY:3:2634:20509:35759	chr2	178566823	178566972	False	163	150M	255	0	25	0.7226840853691101	ambig_opp_strand	unspliced	12994	44	RIGEL_NRNA_chr2_2_178525988_178804642		RIGEL_NRNA_chr2_2_178525988_178804642	nrna
A00839:75:H7MFFDSXY:3:1414:11442:35055	chr2	178566582	178566731	False	344	150M	255	0	25	0.48799264430999756	ambig_opp_strand	unspliced	12994	44	RIGEL_NRNA_chr2_2_178525988_178804642		RIGEL_NRNA_chr2_2_178525988_178804642	nrna
A00839:75:H7MFFDSXY:3:2566:20546:2347	chr2	178564246	178564395	True	-237	150M	255	1	25	0.1672658920288086	ambig_opp_strand	unspliced	12994	44	RIGEL_NRNA_chr2_1_178540115_178582663		RIGEL_NRNA_chr2_1_178540115_178582663	nrna
A00839:75:H7MFFDSXY:3:2177:24596:4382	chr2	178561605	178561754	False	233	150M	255	0	5	0.0529322549700737	ambig_opp_strand	unspliced	-1	44	.	.	.	mrna
A00839:75:H7MFFDSXY:3:1329:24749:30138	chr2	178568308	178568457	False	476	150M	255	2	5	0.8807365298271179	ambig_opp_strand	unspliced	-1	44	.	.	.	mrna
A00839:75:H7MFFDSXY:3:1415:21160:7106	chr2	178561816	178561965	True	-347	150M	255	0	25	0.16281463205814362	ambig_opp_strand	unspliced	12994	44	RIGEL_NRNA_chr2_1_178523417_178776534		RIGEL_NRNA_chr2_1_178523417_178776534	nrna
A00839:75:H7MFFDSXY:3:1566:15203:24596	chr2	178563410	178563559	True	-185	150M	255	0	25	0.20964932441711426	ambig_opp_strand	unspliced	12994	44	RIGEL_NRNA_chr2_1_178523417_178776534		RIGEL_NRNA_chr2_1_178523417_178776534	nrna
A00839:75:H7MFFDSXY:3:2428:30752:25535	chr2	178563954	178564103	False	195	150M	255	0	25	0.7426286339759827	ambig_opp_strand	unspliced	12994	44	RIGEL_NRNA_chr2_2_178525988_178804642		RIGEL_NRNA_chr2_2_178525988_178804642	nrna
A00839:75:H7MFFDSXY:3:2578:32687:31266	chr2	178566712	178566861	True	-403	150M	255	0	5	0.7556812167167664	ambig_opp_strand	unspliced	-1	44	.	.	.	mrna
A00839:75:H7MFFDSXY:3:2248:8142:14090	chr2	178562595	178562744	False	370	150M	255	0	5	0.6891863942146301	ambig_opp_strand	unspliced	-1	44	.	.	.	mrna
A00839:75:H7MFFDSXY:3:1320:10936:3552	chr2	178568686	178568835	True	-311	150M	255	0	25	0.1971905529499054	ambig_opp_strand	unspliced	12994	44	RIGEL_NRNA_chr2_1_178523417_178776534		RIGEL_NRNA_chr2_1_178523417_178776534	nrna
A00839:75:H7MFFDSXY:3:1255:24433:23265	chr2	178561540	178561689	True	-359	150M	255	0	25	0.1073872372508049	ambig_opp_strand	unspliced	12994	44	RIGEL_NRNA_chr2_1_178528764_178620148		RIGEL_NRNA_chr2_1_178528764_178620148	nrna
A00839:75:H7MFFDSXY:3:2407:7274:15342	chr2	178568136	178568285	False	239	150M	255	0	25	0.7444384694099426	ambig_opp_strand	unspliced	12994	44	RIGEL_NRNA_chr2_2_178525988_178804642		RIGEL_NRNA_chr2_2_178525988_178804642	nrna
A00839:75:H7MFFDSXY:3:1474:10420:34538	chr2	178567967	178568116	False	491	150M	255	0	5	0.8601886034011841	ambig_opp_strand	unspliced	-1	44	.	.	.	mrna
A00839:75:H7MFFDSXY:3:2526:4679:28980	chr2	178561242	178561391	True	-269	150M	255	0	25	0.16125498712062836	ambig_opp_strand	unspliced	12994	44	RIGEL_NRNA_chr2_1_178528764_178620148		RIGEL_NRNA_chr2_1_178528764_178620148	nrna
A00839:75:H7MFFDSXY:3:1374:13015:6026	chr2	178564305	178564454	False	198	150M	255	0	3	0.0744473785161972	ambig_opp_strand	unspliced	12994	44	ENST00000342175.12	TTN	ENSG00000155657.29	mrna
A00839:75:H7MFFDSXY:3:1143:9652:31297	chr2	178569059	178569208	False	291	150M	255	0	3	0.07015332579612732	ambig_opp_strand	unspliced	12994	44	ENST00000342175.12	TTN	ENSG00000155657.29	mrna
A00839:75:H7MFFDSXY:3:1243:7392:22467	chr2	178561025	178561174	True	-151	150M	255	0	25	0.16258642077445984	ambig_opp_strand	unspliced	12994	44	RIGEL_NRNA_chr2_1_178540115_178582663		RIGEL_NRNA_chr2_1_178540115_178582663	nrna
A00839:75:H7MFFDSXY:3:2651:8910:17268	chr2	178564601	178564750	False	338	150M	255	1	25	0.5375851392745972	ambig_opp_strand	unspliced	12994	44	RIGEL_NRNA_chr2_2_178525988_178804642		RIGEL_NRNA_chr2_2_178525988_178804642	nrna
A00839:75:H7MFFDSXY:3:2107:10592:20055	chr2	178564750	178564899	True	-301	150M	255	0	25	0.018139192834496498	ambig_opp_strand	unspliced	12994	44	RIGEL_NRNA_chr2_1_178528764_178738038		RIGEL_NRNA_chr2_1_178528764_178738038	nrna
A00839:75:H7MFFDSXY:3:2576:3730:4726	chr2	178564502	178564651	False	389	150M	255	0	5	0.8677235841751099	ambig_opp_strand	unspliced	-1	44	.	.	.	mrna
A00839:75:H7MFFDSXY:3:2374:13675:29496	chr2	178567618	178567767	True	-394	150M	255	0	25	0.046564918011426926	ambig_opp_strand	unspliced	12994	44	RIGEL_NRNA_chr2_1_178541746_178597681		RIGEL_NRNA_chr2_1_178541746_178597681	nrna
A00839:75:H7MFFDSXY:3:1230:6460:1720	chr2	178565516	178565665	False	168	150M	255	0	3	0.08924335241317749	ambig_opp_strand	unspliced	12994	44	ENST00000460472.6	TTN	ENSG00000155657.29	mrna
A00839:75:H7MFFDSXY:3:1501:21504:27837	chr2	178562510	178562659	False	349	150M	255	0	25	0.4441453218460083	ambig_opp_strand	unspliced	12994	44	RIGEL_NRNA_chr2_2_178525988_178804642		RIGEL_NRNA_chr2_2_178525988_178804642	nrna
A00839:75:H7MFFDSXY:3:1438:12029:20478	chr2	178562227	178562376	True	-300	150M	255	0	25	0.17127975821495056	ambig_opp_strand	unspliced	12994	44	RIGEL_NRNA_chr2_1_178539804_178576557		RIGEL_NRNA_chr2_1_178539804_178576557	nrna
A00839:75:H7MFFDSXY:3:2433:15863:20760	chr2	178567001	178567150	True	-395	150M	255	0	5	0.7561866044998169	ambig_opp_strand	unspliced	-1	44	.	.	.	mrna
A00839:75:H7MFFDSXY:3:1669:10312:8390	chr2	178562012	178562161	False	354	150M	255	0	5	0.49382174015045166	ambig_opp_strand	unspliced	-1	44	.	.	.	mrna
A00839:75:H7MFFDSXY:3:1561:28230:13808	chr2	178564503	178564652	True	-189	150M	255	0	25	0.03829015791416168	ambig_opp_strand	unspliced	12994	44	RIGEL_NRNA_chr2_1_178528739_178633078		RIGEL_NRNA_chr2_1_178528739_178633078	nrna
A00839:75:H7MFFDSXY:3:1340:16125:25723	chr2	178568473	178568622	False	293	150M	255	1	5	0.11287099123001099	ambig_opp_strand	unspliced	-1	44	.	.	.	mrna
A00839:75:H7MFFDSXY:3:1528:14145:8609	chr2	178564003	178564152	False	443	150M	255	0	25	0.08444688469171524	ambig_opp_strand	unspliced	12994	44	RIGEL_NRNA_chr2_2_178525988_178804642		RIGEL_NRNA_chr2_2_178525988_178804642	nrna
A00839:75:H7MFFDSXY:3:1306:2546:35931	chr2	178563711	178563860	False	186	150M	255	0	3	0.07394509762525558	ambig_opp_strand	unspliced	12994	44	ENST00000342175.12	TTN	ENSG00000155657.29	mrna
A00839:75:H7MFFDSXY:3:1646:11695:7811	chr2	178566616	178566765	False	240	150M	255	0	3	0.07445593923330307	ambig_opp_strand	unspliced	12994	44	ENST00000342175.12	TTN	ENSG00000155657.29	mrna
A00839:75:H7MFFDSXY:3:1658:3143:33833	chr2	178561507	178561656	True	-396	150M	255	0	5	0.7579099535942078	ambig_opp_strand	unspliced	-1	44	.	.	.	mrna
A00839:75:H7MFFDSXY:3:2614:30680:3239	chr2	178562310	178562459	False	342	150M	255	0	25	0.5099928975105286	ambig_opp_strand	unspliced	12994	44	RIGEL_NRNA_chr2_2_178525988_178804642		RIGEL_NRNA_chr2_2_178525988_178804642	nrna
A00839:75:H7MFFDSXY:3:1575:2899:17566	chr2	178560179	178560328	True	-161	150M	255	0	25	0.2069612741470337	ambig_opp_strand	unspliced	12994	44	RIGEL_NRNA_chr2_1_178523417_178776534		RIGEL_NRNA_chr2_1_178523417_178776534	nrna
A00839:75:H7MFFDSXY:3:1355:20600:8547	chr2	178566436	178566585	True	-432	150M	255	0	5	0.7459886074066162	ambig_opp_strand	unspliced	-1	44	.	.	.	mrna
A00839:75:H7MFFDSXY:3:1414:23574:12352	chr2	178567086	178567235	True	-403	150M	255	0	5	0.7556812167167664	ambig_opp_strand	unspliced	-1	44	.	.	.	mrna
A00839:75:H7MFFDSXY:3:1132:3215:14606	chr2	178564442	178564591	True	-337	150M	255	0	25	0.14658302068710327	ambig_opp_strand	unspliced	12994	44	RIGEL_NRNA_chr2_1_178541746_178597681		RIGEL_NRNA_chr2_1_178541746_178597681	nrna
A00839:75:H7MFFDSXY:3:2444:13367:35164	chr2	178566783	178566932	False	158	150M	255	0	25	0.7149964570999146	ambig_opp_strand	unspliced	12994	44	RIGEL_NRNA_chr2_2_178525988_178804642		RIGEL_NRNA_chr2_2_178525988_178804642	nrna
A00839:75:H7MFFDSXY:3:1666:24551:28667	chr2	178561470	178561618	False	289	149M1S	255	3	25	0.7041613459587097	ambig_opp_strand	unspliced	12994	44	RIGEL_NRNA_chr2_2_178525988_178804642		RIGEL_NRNA_chr2_2_178525988_178804642	nrna
A00839:75:H7MFFDSXY:3:1167:19425:17660	chr2	178561036	178561185	True	-542	150M	255	0	5	0.6151381731033325	ambig_opp_strand	unspliced	-1	44	.	.	.	mrna
A00839:75:H7MFFDSXY:3:2532:17960:2566	chr2	178569007	178569156	True	-311	150M	255	0	25	0.16757725179195404	ambig_opp_strand	unspliced	12994	44	RIGEL_NRNA_chr2_1_178539804_178576557		RIGEL_NRNA_chr2_1_178539804_178576557	nrna
A00839:75:H7MFFDSXY:3:1441:15040:20055	chr2	178563227	178563376	False	194	150M	255	0	25	0.7432358860969543	ambig_opp_strand	unspliced	12994	44	RIGEL_NRNA_chr2_2_178525988_178804642		RIGEL_NRNA_chr2_2_178525988_178804642	nrna
A00839:75:H7MFFDSXY:3:2141:10384:10614	chr2	178563430	178563579	True	-164	150M	255	4	25	0.164969801902771	ambig_opp_strand	unspliced	12994	44	RIGEL_NRNA_chr2_1_178540115_178582663		RIGEL_NRNA_chr2_1_178540115_178582663	nrna
A00839:75:H7MFFDSXY:3:2422:13476:28682	chr2	178564538	178564687	False	344	150M	255	0	3	0.059829290956258774	ambig_opp_strand	unspliced	12994	44	ENST00000460472.6	TTN	ENSG00000155657.29	mrna
A00839:75:H7MFFDSXY:3:2519:3866:26287	chr2	178565353	178565502	False	422	150M	255	0	5	0.8760926127433777	ambig_opp_strand	unspliced	-1	44	.	.	.	mrna
A00839:75:H7MFFDSXY:3:2546:24406:33990	chr2	178565963	178566112	False	417	150M	255	0	5	0.878122091293335	ambig_opp_strand	unspliced	-1	44	.	.	.	mrna
A00839:75:H7MFFDSXY:3:1142:22978:31015	chr2	178565305	178565454	False	240	150M	255	0	3	0.07445593923330307	ambig_opp_strand	unspliced	12994	44	ENST00000342175.12	TTN	ENSG00000155657.29	mrna
A00839:75:H7MFFDSXY:3:1306:32958:28447	chr2	178560188	178560337	True	-344	150M	255	0	5	0.2230662703514099	ambig_opp_strand	unspliced	-1	44	.	.	.	mrna
A00839:75:H7MFFDSXY:3:2603:28772:29371	chr2	178564859	178565008	False	314	150M	255	0	25	0.6446394920349121	ambig_opp_strand	unspliced	12994	44	RIGEL_NRNA_chr2_2_178525988_178804642		RIGEL_NRNA_chr2_2_178525988_178804642	nrna
A00839:75:H7MFFDSXY:3:2316:21757:5635	chr2	178561446	178561595	False	304	150M	255	1	25	0.6738656759262085	ambig_opp_strand	unspliced	12994	44	RIGEL_NRNA_chr2_2_178525988_178804642		RIGEL_NRNA_chr2_2_178525988_178804642	nrna
A00839:75:H7MFFDSXY:3:1170:12274:1767	chr2	178565584	178565733	True	-178	150M	255	0	25	0.16629013419151306	ambig_opp_strand	unspliced	12994	44	RIGEL_NRNA_chr2_1_178540115_178582663		RIGEL_NRNA_chr2_1_178540115_178582663	nrna
A00839:75:H7MFFDSXY:3:2559:31584:12289	chr2	178560550	178560699	False	437	150M	255	0	5	0.8721042275428772	ambig_opp_strand	unspliced	-1	44	.	.	.	mrna
A00839:75:H7MFFDSXY:3:1610:13259:28401	chr2	178569401	178569550	False	346	150M	255	0	5	0.3963314890861511	ambig_opp_strand	unspliced	-1	44	.	.	.	mrna
A00839:75:H7MFFDSXY:3:2657:10230:11005	chr2	178569541	178569690	False	270	150M	255	0	25	0.7257305383682251	ambig_opp_strand	unspliced	12994	44	RIGEL_NRNA_chr2_2_178525988_178804642		RIGEL_NRNA_chr2_2_178525988_178804642	nrna
A00839:75:H7MFFDSXY:3:2420:5701:31031	chr2	178561568	178561717	True	-191	150M	255	0	25	0.17835277318954468	ambig_opp_strand	unspliced	12994	44	RIGEL_NRNA_chr2_1_178539804_178576557		RIGEL_NRNA_chr2_1_178539804_178576557	nrna
A00839:75:H7MFFDSXY:3:1409:14353:27790	chr2	178560076	178560225	False	327	150M	255	0	25	0.5969794392585754	ambig_opp_strand	unspliced	12994	44	RIGEL_NRNA_chr2_2_178525988_178804642		RIGEL_NRNA_chr2_2_178525988_178804642	nrna
A00839:75:H7MFFDSXY:3:2308:28492:27821	chr2	178563036	178563185	True	-284	150M	255	0	5	0.047842759639024734	ambig_opp_strand	unspliced	-1	44	.	.	.	mrna
A00839:75:H7MFFDSXY:3:2537:30291:30060	chr2	178560813	178560962	True	-413	150M	255	0	5	0.7736473679542542	ambig_opp_strand	unspliced	-1	44	.	.	.	mrna
A00839:75:H7MFFDSXY:3:2412:24659:16141	chr2	178561656	178561805	False	356	150M	255	0	5	0.5096140503883362	ambig_opp_strand	unspliced	-1	44	.	.	.	mrna
A00839:75:H7MFFDSXY:3:1408:6813:13980	chr2	178569871	178570020	False	181	150M	255	0	3	0.09028838574886322	ambig_opp_strand	unspliced	12994	44	ENST00000460472.6	TTN	ENSG00000155657.29	mrna
A00839:75:H7MFFDSXY:3:1414:28917:26459	chr2	178566707	178566856	True	-404	150M	255	0	5	0.7572622895240784	ambig_opp_strand	unspliced	-1	44	.	.	.	mrna
A00839:75:H7MFFDSXY:3:2651:8015:11303	chr2	178566269	178566417	False	255	149M	255	0	25	0.737269401550293	ambig_opp_strand	unspliced	12994	44	RIGEL_NRNA_chr2_2_178525988_178804642		RIGEL_NRNA_chr2_2_178525988_178804642	nrna
A00839:75:H7MFFDSXY:3:2527:12481:36448	chr2	178569843	178569992	False	249	150M	255	0	25	0.7411295771598816	ambig_opp_strand	unspliced	12994	44	RIGEL_NRNA_chr2_2_178525988_178804642		RIGEL_NRNA_chr2_2_178525988_178804642	nrna
A00839:75:H7MFFDSXY:3:2425:19633:27727	chr2	178568108	178568257	False	316	150M	255	1	25	0.639331579208374	ambig_opp_strand	unspliced	12994	44	RIGEL_NRNA_chr2_2_178525988_178804642		RIGEL_NRNA_chr2_2_178525988_178804642	nrna
A00839:75:H7MFFDSXY:3:2445:20844:17362	chr2	178562507	178562656	False	250	150M	255	0	3	0.09084892272949219	ambig_opp_strand	unspliced	12994	44	ENST00000460472.6	TTN	ENSG00000155657.29	mrna
A00839:75:H7MFFDSXY:3:2430:15411:33755	chr2	178563485	178563634	False	375	150M	255	0	5	0.7447859048843384	ambig_opp_strand	unspliced	-1	44	.	.	.	mrna
A00839:75:H7MFFDSXY:3:1643:26313:27837	chr2	178566653	178566802	False	223	150M	255	0	25	0.7467411756515503	ambig_opp_strand	unspliced	12994	44	RIGEL_NRNA_chr2_2_178525988_178804642		RIGEL_NRNA_chr2_2_178525988_178804642	nrna
A00839:75:H7MFFDSXY:3:1420:7057:10207	chr2	178562731	178562880	True	-245	150M	255	0	25	0.17854706943035126	ambig_opp_strand	unspliced	12994	44	RIGEL_NRNA_chr2_1_178539804_178576557		RIGEL_NRNA_chr2_1_178539804_178576557	nrna
A00839:75:H7MFFDSXY:3:2633:29568:18474	chr2	178568954	178569103	True	-261	150M	255	0	25	0.1774938851594925	ambig_opp_strand	unspliced	12994	44	RIGEL_NRNA_chr2_1_178539804_178576557		RIGEL_NRNA_chr2_1_178539804_178576557	nrna
A00839:75:H7MFFDSXY:3:1315:19515:29496	chr2	178560605	178560754	False	347	150M	255	0	5	0.41027262806892395	ambig_opp_strand	unspliced	-1	44	.	.	.	mrna
A00839:75:H7MFFDSXY:3:2403:30770:35336	chr2	178567662	178567811	True	-261	150M	255	0	25	0.16204555332660675	ambig_opp_strand	unspliced	12994	44	RIGEL_NRNA_chr2_1_178528764_178620148		RIGEL_NRNA_chr2_1_178528764_178620148	nrna
A00839:75:H7MFFDSXY:3:2268:9408:18411	chr2	178563445	178563594	False	470	150M	255	0	25	0.10631420463323593	ambig_opp_strand	unspliced	12994	44	RIGEL_NRNA_chr2_2_178525988_178804642		RIGEL_NRNA_chr2_2_178525988_178804642	nrna
A00839:75:H7MFFDSXY:3:2435:6171:32189	chr2	178566885	178567033	False	490	149M1S	255	4	25	0.10899873077869415	ambig_opp_strand	unspliced	12994	44	RIGEL_NRNA_chr2_2_178525988_178804642		RIGEL_NRNA_chr2_2_178525988_178804642	nrna
A00839:75:H7MFFDSXY:3:2220:16306:33739	chr2	178561960	178562109	True	-219	150M	255	0	25	0.16749730706214905	ambig_opp_strand	unspliced	12994	44	RIGEL_NRNA_chr2_1_178540115_178582663		RIGEL_NRNA_chr2_1_178540115_178582663	nrna
A00839:75:H7MFFDSXY:3:2356:20826:31297	chr2	178568644	178568793	True	-221	150M	255	2	5	0.024822549894452095	ambig_opp_strand	unspliced	-1	44	.	.	.	mrna
A00839:75:H7MFFDSXY:3:1505:10791:11350	chr2	178562267	178562416	True	-216	150M	255	0	25	0.16747523844242096	ambig_opp_strand	unspliced	12994	44	RIGEL_NRNA_chr2_1_178540115_178582663		RIGEL_NRNA_chr2_1_178540115_178582663	nrna
A00839:75:H7MFFDSXY:3:2273:19904:22310	chr2	178568615	178568764	False	284	150M	255	0	25	0.7105951905250549	ambig_opp_strand	unspliced	12994	44	RIGEL_NRNA_chr2_2_178525988_178804642		RIGEL_NRNA_chr2_2_178525988_178804642	nrna
A00839:75:H7MFFDSXY:3:2335:13286:36871	chr2	178565796	178565945	True	-198	150M	255	0	25	0.1672249138355255	ambig_opp_strand	unspliced	12994	44	RIGEL_NRNA_chr2_1_178540115_178582663		RIGEL_NRNA_chr2_1_178540115_178582663	nrna
A00839:75:H7MFFDSXY:3:1655:21875:30201	chr2	178562402	178562551	True	-243	150M	255	0	25	0.21014662086963654	ambig_opp_strand	unspliced	12994	44	RIGEL_NRNA_chr2_1_178523417_178776534		RIGEL_NRNA_chr2_1_178523417_178776534	nrna
A00839:75:H7MFFDSXY:3:2249:30065:35806	chr2	178567353	178567502	False	317	150M	255	1	5	0.19177992641925812	ambig_opp_strand	unspliced	-1	44	.	.	.	mrna
A00839:75:H7MFFDSXY:3:1266:31295:11193	chr2	178563168	178563304	False	137	137M	255	0	25	0.6602330803871155	ambig_opp_strand	unspliced	12994	44	RIGEL_NRNA_chr2_2_178525988_178804642		RIGEL_NRNA_chr2_2_178525988_178804642	nrna
A00839:75:H7MFFDSXY:3:2401:2103:29434	chr2	178560209	178560358	True	-403	150M	255	0	5	0.7556812167167664	ambig_opp_strand	unspliced	-1	44	.	.	.	mrna
A00839:75:H7MFFDSXY:3:2131:21477:36307	chr2	178569318	178569467	False	263	150M	255	0	25	0.732184886932373	ambig_opp_strand	unspliced	12994	44	RIGEL_NRNA_chr2_2_178525988_178804642		RIGEL_NRNA_chr2_2_178525988_178804642	nrna
A00839:75:H7MFFDSXY:3:1352:20663:33238	chr2	178569652	178569801	True	-167	150M	255	1	25	0.2079187035560608	ambig_opp_strand	unspliced	12994	44	RIGEL_NRNA_chr2_1_178523417_178776534		RIGEL_NRNA_chr2_1_178523417_178776534	nrna
A00839:75:H7MFFDSXY:3:1248:18059:7341	chr2	178566913	178567062	True	-321	150M	255	0	25	0.19199295341968536	ambig_opp_strand	unspliced	12994	44	RIGEL_NRNA_chr2_1_178523417_178776534		RIGEL_NRNA_chr2_1_178523417_178776534	nrna
A00839:75:H7MFFDSXY:3:2129:15221:6746	chr2	178561891	178562040	True	-272	150M	255	0	25	0.16497834026813507	ambig_opp_strand	unspliced	12994	44	RIGEL_NRNA_chr2_1_178540115_178582663		RIGEL_NRNA_chr2_1_178540115_178582663	nrna
A00839:75:H7MFFDSXY:3:2626:24840:6558	chr2	178560050	178560199	False	534	150M	255	0	5	0.8287831544876099	ambig_opp_strand	unspliced	-1	44	.	.	.	mrna
A00839:75:H7MFFDSXY:3:2622:1579:35759	chr2	178562735	178562884	True	-361	150M	255	0	25	0.024491094052791595	ambig_opp_strand	unspliced	12994	44	RIGEL_NRNA_chr2_1_178528739_178633078		RIGEL_NRNA_chr2_1_178528739_178633078	nrna
A00839:75:H7MFFDSXY:3:2151:28754:4507	chr2	178564479	178564628	False	298	150M	255	0	5	0.12527123093605042	ambig_opp_strand	unspliced	-1	44	.	.	.	mrna
A00839:75:H7MFFDSXY:3:2125:6777:26913	chr2	178561018	178561167	False	272	150M	255	0	3	0.022624652832746506	ambig_opp_strand	unspliced	12994	44	ENST00000412264.2	TTN	ENSG00000155657.29	mrna
A00839:75:H7MFFDSXY:3:2133:18502:10895	chr2	178563365	178563514	False	375	150M	255	0	5	0.7447859048843384	ambig_opp_strand	unspliced	-1	44	.	.	.	mrna
A00839:75:H7MFFDSXY:3:1162:30969:35274	chr2	178563493	178563642	False	304	150M	255	0	25	0.6738656759262085	ambig_opp_strand	unspliced	12994	44	RIGEL_NRNA_chr2_2_178525988_178804642		RIGEL_NRNA_chr2_2_178525988_178804642	nrna
A00839:75:H7MFFDSXY:3:2526:27425:35368	chr2	178562926	178563075	True	-290	150M	255	0	25	0.16247756779193878	ambig_opp_strand	unspliced	12994	44	RIGEL_NRNA_chr2_1_178540115_178582663		RIGEL_NRNA_chr2_1_178540115_178582663	nrna
A00839:75:H7MFFDSXY:3:1376:5222:9001	chr2	178564779	178564928	False	308	150M	255	0	3	0.08140373229980469	ambig_opp_strand	unspliced	12994	44	ENST00000460472.6	TTN	ENSG00000155657.29	mrna
A00839:75:H7MFFDSXY:3:2333:7003:6762	chr2	178562899	178563048	False	453	150M	255	0	5	0.8558486700057983	ambig_opp_strand	unspliced	-1	44	.	.	.	mrna
A00839:75:H7MFFDSXY:3:2172:9408:15593	chr2	178569248	178569397	False	374	150M	255	0	5	0.7373983263969421	ambig_opp_strand	unspliced	-1	44	.	.	.	mrna
A00839:75:H7MFFDSXY:3:2513:20103:19085	chr2	178561495	178561644	False	445	150M	255	0	5	0.8369429111480713	ambig_opp_strand	unspliced	-1	44	.	.	.	mrna
A00839:75:H7MFFDSXY:3:1209:27308:3004	chr2	178563407	178563556	False	326	150M	255	1	25	0.6002281904220581	ambig_opp_strand	unspliced	12994	44	RIGEL_NRNA_chr2_2_178525988_178804642		RIGEL_NRNA_chr2_2_178525988_178804642	nrna
A00839:75:H7MFFDSXY:3:2329:27199:34068	chr2	178563969	178564118	False	323	150M	255	0	5	0.22089411318302155	ambig_opp_strand	unspliced	-1	44	.	.	.	mrna
A00839:75:H7MFFDSXY:3:1310:16161:28354	chr2	178561292	178561441	True	-195	150M	255	0	25	0.178538516163826	ambig_opp_strand	unspliced	12994	44	RIGEL_NRNA_chr2_1_178539804_178576557		RIGEL_NRNA_chr2_1_178539804_178576557	nrna
A00839:75:H7MFFDSXY:3:2319:17689:22075	chr2	178560253	178560402	True	-295	150M	255	0	25	0.17264558374881744	ambig_opp_strand	unspliced	12994	44	RIGEL_NRNA_chr2_1_178539804_178576557		RIGEL_NRNA_chr2_1_178539804_178576557	nrna
A00839:75:H7MFFDSXY:3:2278:6334:7827	chr2	178564615	178564764	True	-273	150M	255	0	25	0.16491390764713287	ambig_opp_strand	unspliced	12994	44	RIGEL_NRNA_chr2_1_178540115_178582663		RIGEL_NRNA_chr2_1_178540115_178582663	nrna
A00839:75:H7MFFDSXY:3:1251:9977:18991	chr2	178564330	178564479	True	-394	150M	255	0	5	0.7381895780563354	ambig_opp_strand	unspliced	-1	44	.	.	.	mrna
A00839:75:H7MFFDSXY:3:1551:1615:1720	chr2	178566723	178566872	False	214	150M	255	1	25	0.746132493019104	ambig_opp_strand	unspliced	12994	44	RIGEL_NRNA_chr2_2_178525988_178804642		RIGEL_NRNA_chr2_2_178525988_178804642	nrna
A00839:75:H7MFFDSXY:3:2231:31286:13369	chr2	178562586	178562735	False	508	150M	255	0	5	0.854175865650177	ambig_opp_strand	unspliced	-1	44	.	.	.	mrna
A00839:75:H7MFFDSXY:3:2406:16984:1407	chr2	178566231	178566380	True	-247	150M	255	1	25	0.20998229086399078	ambig_opp_strand	unspliced	12994	44	RIGEL_NRNA_chr2_1_178523417_178776534		RIGEL_NRNA_chr2_1_178523417_178776534	nrna
A00839:75:H7MFFDSXY:3:1431:1588:19460	chr2	178568021	178568170	True	-234	150M	255	0	25	0.1732921004295349	ambig_opp_strand	unspliced	12994	44	RIGEL_NRNA_chr2_1_178541746_178597681		RIGEL_NRNA_chr2_1_178541746_178597681	nrna
A00839:75:H7MFFDSXY:3:2102:4363:11584	chr2	178560124	178560273	True	-316	150M	255	0	25	0.1605028212070465	ambig_opp_strand	unspliced	12994	44	RIGEL_NRNA_chr2_1_178541746_178597681		RIGEL_NRNA_chr2_1_178541746_178597681	nrna
A00839:75:H7MFFDSXY:3:1418:11785:27759	chr2	178568287	178568436	True	-335	150M	255	0	25	0.18024003505706787	ambig_opp_strand	unspliced	12994	44	RIGEL_NRNA_chr2_1_178523417_178776534		RIGEL_NRNA_chr2_1_178523417_178776534	nrna
A00839:75:H7MFFDSXY:3:2651:22761:17895	chr2	178564178	178564327	False	187	150M	255	0	3	0.09074714034795761	ambig_opp_strand	unspliced	12994	44	ENST00000460472.6	TTN	ENSG00000155657.29	mrna
A00839:75:H7MFFDSXY:3:2258:20754:2738	chr2	178561242	178561391	True	-349	150M	255	0	25	0.12609224021434784	ambig_opp_strand	unspliced	12994	44	RIGEL_NRNA_chr2_1_178540115_178582663		RIGEL_NRNA_chr2_1_178540115_178582663	nrna
A00839:75:H7MFFDSXY:3:1460:10619:23735	chr2	178565325	178565474	True	-363	150M	255	0	25	0.12854227423667908	ambig_opp_strand	unspliced	12994	44	RIGEL_NRNA_chr2_1_178523417_178776534		RIGEL_NRNA_chr2_1_178523417_178776534	nrna
A00839:75:H7MFFDSXY:3:2660:2338:3693	chr2	178568964	178569113	True	-368	150M	255	0	25	0.11369077861309052	ambig_opp_strand	unspliced	12994	44	RIGEL_NRNA_chr2_1_178523417_178776534		RIGEL_NRNA_chr2_1_178523417_178776534	nrna
A00839:75:H7MFFDSXY:3:2253:30608:11224	chr2	178567733	178567882	False	299	150M	255	0	25	0.6862776279449463	ambig_opp_strand	unspliced	12994	44	RIGEL_NRNA_chr2_2_178525988_178804642		RIGEL_NRNA_chr2_2_178525988_178804642	nrna
A00839:75:H7MFFDSXY:3:1264:22345:13103	chr2	178569656	178569805	False	258	150M	255	1	5	0.06517495959997177	ambig_opp_strand	unspliced	-1	44	.	.	.	mrna
A00839:75:H7MFFDSXY:3:1426:4164:17284	chr2	178560025	178560174	False	333	150M	255	0	5	0.2809092402458191	ambig_opp_strand	unspliced	-1	44	.	.	.	mrna
A00839:75:H7MFFDSXY:3:2353:21332:36808	chr2	178562471	178562620	False	221	150M	255	0	25	0.7462242245674133	ambig_opp_strand	unspliced	12994	44	RIGEL_NRNA_chr2_2_178525988_178804642		RIGEL_NRNA_chr2_2_178525988_178804642	nrna
A00839:75:H7MFFDSXY:3:1357:14950:14544	chr2	178564466	178564615	False	228	150M	255	1	25	0.7458291053771973	ambig_opp_strand	unspliced	12994	44	RIGEL_NRNA_chr2_2_178525988_178804642		RIGEL_NRNA_chr2_2_178525988_178804642	nrna
A00839:75:H7MFFDSXY:3:1347:2022:2112	chr2	178561056	178561205	False	306	150M	255	0	5	0.15008632838726044	ambig_opp_strand	unspliced	-1	44	.	.	.	mrna
A00839:75:H7MFFDSXY:3:1635:28113:3051	chr2	178560881	178561030	True	-420	150M	255	0	25	0.04563905671238899	ambig_opp_strand	unspliced	12994	44	RIGEL_NRNA_chr2_1_178540115_178582663		RIGEL_NRNA_chr2_1_178540115_178582663	nrna
A00839:75:H7MFFDSXY:3:2431:32262:14685	chr2	178566131	178566280	False	209	150M	255	0	25	0.7457795143127441	ambig_opp_strand	unspliced	12994	44	RIGEL_NRNA_chr2_2_178525988_178804642		RIGEL_NRNA_chr2_2_178525988_178804642	nrna
A00839:75:H7MFFDSXY:3:2576:24144:34350	chr2	178569282	178569431	True	-188	150M	255	0	25	0.16681471467018127	ambig_opp_strand	unspliced	12994	44	RIGEL_NRNA_chr2_1_178540115_178582663		RIGEL_NRNA_chr2_1_178540115_178582663	nrna
A00839:75:H7MFFDSXY:3:2323:12617:16266	chr2	178563552	178563701	False	280	150M	255	0	25	0.7157753705978394	ambig_opp_strand	unspliced	12994	44	RIGEL_NRNA_chr2_2_178525988_178804642		RIGEL_NRNA_chr2_2_178525988_178804642	nrna
A00839:75:H7MFFDSXY:3:1268:22661:14841	chr2	178562676	178562825	False	271	150M	255	1	3	0.07251375913619995	ambig_opp_strand	unspliced	12994	44	ENST00000342175.12	TTN	ENSG00000155657.29	mrna
A00839:75:H7MFFDSXY:3:2628:11125:16250	chr2	178567263	178567412	False	382	150M	255	0	5	0.8230653405189514	ambig_opp_strand	unspliced	-1	44	.	.	.	mrna
A00839:75:H7MFFDSXY:3:1132:19687:28354	chr2	178568753	178568902	False	203	150M	255	0	25	0.7446973919868469	ambig_opp_strand	unspliced	12994	44	RIGEL_NRNA_chr2_2_178525988_178804642		RIGEL_NRNA_chr2_2_178525988_178804642	nrna
A00839:75:H7MFFDSXY:3:2515:23637:14779	chr2	178569429	178569570	True	-142	142M	255	0	25	0.2010682225227356	ambig_opp_strand	unspliced	12994	44	RIGEL_NRNA_chr2_1_178523417_178776534		RIGEL_NRNA_chr2_1_178523417_178776534	nrna
A00839:75:H7MFFDSXY:3:2310:5900:27649	chr2	178565743	178565892	True	-202	150M	255	0	25	0.16726139187812805	ambig_opp_strand	unspliced	12994	44	RIGEL_NRNA_chr2_1_178540115_178582663		RIGEL_NRNA_chr2_1_178540115_178582663	nrna
A00839:75:H7MFFDSXY:3:1650:29243:25207	chr2	178562569	178562718	True	-337	150M	255	0	25	0.15124210715293884	ambig_opp_strand	unspliced	12994	44	RIGEL_NRNA_chr2_1_178539804_178576557		RIGEL_NRNA_chr2_1_178539804_178576557	nrna
A00839:75:H7MFFDSXY:3:1542:15953:15593	chr2	178569029	178569178	True	-279	150M	255	0	25	0.16417215764522552	ambig_opp_strand	unspliced	12994	44	RIGEL_NRNA_chr2_1_178540115_178582663		RIGEL_NRNA_chr2_1_178540115_178582663	nrna
A00839:75:H7MFFDSXY:3:1521:7744:30655	chr2	178566473	178566622	False	322	150M	255	0	5	0.21540887653827667	ambig_opp_strand	unspliced	-1	44	.	.	.	mrna
A00839:75:H7MFFDSXY:3:2555:20627:6370	chr2	178568671	178568820	True	-243	150M	255	0	25	0.21014662086963654	ambig_opp_strand	unspliced	12994	44	RIGEL_NRNA_chr2_1_178523417_178776534		RIGEL_NRNA_chr2_1_178523417_178776534	nrna
A00839:75:H7MFFDSXY:3:1651:12798:31516	chr2	178561830	178561979	True	-281	150M	255	0	5	0.045709334313869476	ambig_opp_strand	unspliced	-1	44	.	.	.	mrna
A00839:75:H7MFFDSXY:3:2415:23854:24361	chr2	178564373	178564522	False	271	150M	255	0	5	0.07862737029790878	ambig_opp_strand	unspliced	-1	44	.	.	.	mrna
A00839:75:H7MFFDSXY:3:2234:24858:12446	chr2	178567495	178567644	False	245	150M	255	0	25	0.7427022457122803	ambig_opp_strand	unspliced	12994	44	RIGEL_NRNA_chr2_2_178525988_178804642		RIGEL_NRNA_chr2_2_178525988_178804642	nrna
A00839:75:H7MFFDSXY:3:1611:2944:11443	chr2	178564619	178564768	False	287	150M	255	0	3	0.07071481645107269	ambig_opp_strand	unspliced	12994	44	ENST00000342175.12	TTN	ENSG00000155657.29	mrna
A00839:75:H7MFFDSXY:3:1121:1606:18771	chr2	178565092	178565241	False	240	150M	255	0	25	0.7442801594734192	ambig_opp_strand	unspliced	12994	44	RIGEL_NRNA_chr2_2_178525988_178804642		RIGEL_NRNA_chr2_2_178525988_178804642	nrna
A00839:75:H7MFFDSXY:3:1453:3125:10911	chr2	178566051	178566200	True	-488	150M	255	0	25	0.046582963317632675	ambig_opp_strand	unspliced	12994	44	RIGEL_NRNA_chr2_1_178528764_178620148		RIGEL_NRNA_chr2_1_178528764_178620148	nrna
A00839:75:H7MFFDSXY:3:1453:32669:8970	chr2	178565882	178566031	True	-422	150M	255	0	25	0.041207313537597656	ambig_opp_strand	unspliced	12994	44	RIGEL_NRNA_chr2_1_178541746_178597681		RIGEL_NRNA_chr2_1_178541746_178597681	nrna
A00839:75:H7MFFDSXY:3:2538:30752:24220	chr2	178563400	178563549	True	-293	150M	255	0	25	0.20377932488918304	ambig_opp_strand	unspliced	12994	44	RIGEL_NRNA_chr2_1_178523417_178776534		RIGEL_NRNA_chr2_1_178523417_178776534	nrna
A00839:75:H7MFFDSXY:3:1209:16957:35243	chr2	178568118	178568267	False	517	150M	255	1	25	0.11297167837619781	ambig_opp_strand	unspliced	12994	44	RIGEL_NRNA_chr2_2_178525988_178804642		RIGEL_NRNA_chr2_2_178525988_178804642	nrna
A00839:75:H7MFFDSXY:3:1659:29695:32847	chr2	178562759	178562908	True	-177	150M	255	0	25	0.03813717141747475	ambig_opp_strand	unspliced	12994	44	RIGEL_NRNA_chr2_1_178528739_178633078		RIGEL_NRNA_chr2_1_178528739_178633078	nrna
A00839:75:H7MFFDSXY:3:2514:6686:29105	chr2	178567608	178567757	False	331	150M	255	0	5	0.264555424451828	ambig_opp_strand	unspliced	-1	44	.	.	.	mrna
A00839:75:H7MFFDSXY:3:2256:25916:34068	chr2	178563912	178564061	False	480	150M	255	0	25	0.0862295851111412	ambig_opp_strand	unspliced	12994	44	RIGEL_NRNA_chr2_2_178525988_178804642		RIGEL_NRNA_chr2_2_178525988_178804642	nrna
A00839:75:H7MFFDSXY:3:2172:25229:15217	chr2	178563034	178563183	True	-310	150M	255	0	25	0.19779737293720245	ambig_opp_strand	unspliced	12994	44	RIGEL_NRNA_chr2_1_178523417_178776534		RIGEL_NRNA_chr2_1_178523417_178776534	nrna
A00839:75:H7MFFDSXY:3:1409:19072:16391	chr2	178568833	178568982	False	503	150M	255	0	5	0.8506067395210266	ambig_opp_strand	unspliced	-1	44	.	.	.	mrna
A00839:75:H7MFFDSXY:3:1105:24171:9189	chr2	178561396	178561545	False	219	150M	255	1	25	0.7467092871665955	ambig_opp_strand	unspliced	12994	44	RIGEL_NRNA_chr2_2_178525988_178804642		RIGEL_NRNA_chr2_2_178525988_178804642	nrna
A00839:75:H7MFFDSXY:3:1538:4933:19116	chr2	178560902	178561051	False	278	150M	255	0	25	0.7173945903778076	ambig_opp_strand	unspliced	12994	44	RIGEL_NRNA_chr2_2_178525988_178804642		RIGEL_NRNA_chr2_2_178525988_178804642	nrna
A00839:75:H7MFFDSXY:3:1167:28519:36949	chr2	178568197	178568346	False	393	150M	255	0	5	0.8661457300186157	ambig_opp_strand	unspliced	-1	44	.	.	.	mrna
A00839:75:H7MFFDSXY:3:2611:27100:3396	chr2	178566974	178567123	False	274	150M	255	1	3	0.08845122903585434	ambig_opp_strand	unspliced	12994	44	ENST00000460472.6	TTN	ENSG00000155657.29	mrna
A00839:75:H7MFFDSXY:3:1601:29577:3803	chr2	178566029	178566178	False	312	150M	255	0	25	0.649960994720459	ambig_opp_strand	unspliced	12994	44	RIGEL_NRNA_chr2_2_178525988_178804642		RIGEL_NRNA_chr2_2_178525988_178804642	nrna
A00839:75:H7MFFDSXY:3:1306:4056:3443	chr2	178569304	178569453	False	331	150M	255	0	25	0.5785916447639465	ambig_opp_strand	unspliced	12994	44	RIGEL_NRNA_chr2_2_178525988_178804642		RIGEL_NRNA_chr2_2_178525988_178804642	nrna
A00839:75:H7MFFDSXY:3:2101:32325:29825	chr2	178568978	178569127	True	-346	150M	255	1	25	0.030118659138679504	ambig_opp_strand	unspliced	12994	44	RIGEL_NRNA_chr2_1_178528739_178633078		RIGEL_NRNA_chr2_1_178528739_178633078	nrna
A00839:75:H7MFFDSXY:3:2478:7166:35509	chr2	178566915	178567064	False	237	150M	255	0	25	0.7445722222328186	ambig_opp_strand	unspliced	12994	44	RIGEL_NRNA_chr2_2_178525988_178804642		RIGEL_NRNA_chr2_2_178525988_178804642	nrna
A00839:75:H7MFFDSXY:3:2377:1081:32111	chr2	178561720	178561869	False	161	150M	255	0	25	0.7201166152954102	ambig_opp_strand	unspliced	12994	44	RIGEL_NRNA_chr2_2_178525988_178804642		RIGEL_NRNA_chr2_2_178525988_178804642	nrna
A00839:75:H7MFFDSXY:3:2614:12915:33849	chr2	178560830	178560979	False	390	150M	255	0	5	0.8505442142486572	ambig_opp_strand	unspliced	-1	44	.	.	.	mrna
A00839:75:H7MFFDSXY:3:1151:11731:2425	chr2	178561214	178561363	False	354	150M	255	0	5	0.4938216209411621	ambig_opp_strand	unspliced	-1	44	.	.	.	mrna
A00839:75:H7MFFDSXY:3:2514:26928:6198	chr2	178568464	178568613	True	-228	150M	255	0	25	0.2105255126953125	ambig_opp_strand	unspliced	12994	44	RIGEL_NRNA_chr2_1_178523417_178776534		RIGEL_NRNA_chr2_1_178523417_178776534	nrna
A00839:75:H7MFFDSXY:3:2417:18593:35477	chr2	178569945	178570094	False	390	150M	255	0	5	0.8505440950393677	ambig_opp_strand	unspliced	-1	44	.	.	.	mrna
A00839:75:H7MFFDSXY:3:2444:6470:2613	chr2	178569495	178569644	False	181	150M	255	0	25	0.7364295721054077	ambig_opp_strand	unspliced	12994	44	RIGEL_NRNA_chr2_2_178525988_178804642		RIGEL_NRNA_chr2_2_178525988_178804642	nrna
A00839:75:H7MFFDSXY:3:2376:17544:28651	chr2	178568731	178568878	False	505	148M	255	2	5	0.850156307220459	ambig_opp_strand	unspliced	-1	44	.	.	.	mrna
A00839:75:H7MFFDSXY:3:2424:27100:27539	chr2	178568630	178568779	False	397	150M	255	0	5	0.8652380108833313	ambig_opp_strand	unspliced	-1	44	.	.	.	mrna
A00839:75:H7MFFDSXY:3:2636:6153:5228	chr2	178565691	178565840	True	-285	150M	255	0	25	0.16337643563747406	ambig_opp_strand	unspliced	12994	44	RIGEL_NRNA_chr2_1_178540115_178582663		RIGEL_NRNA_chr2_1_178540115_178582663	nrna
A00839:75:H7MFFDSXY:3:1642:15673:4241	chr2	178562377	178562526	False	333	150M	255	0	5	0.2809092402458191	ambig_opp_strand	unspliced	-1	44	.	.	.	mrna
A00839:75:H7MFFDSXY:3:2447:20401:6104	chr2	178568075	178568224	True	-257	150M	255	0	25	0.16635973751544952	ambig_opp_strand	unspliced	12994	44	RIGEL_NRNA_chr2_1_178540115_178582663		RIGEL_NRNA_chr2_1_178540115_178582663	nrna
A00839:75:H7MFFDSXY:3:1602:11903:1689	chr2	178568909	178569058	False	391	150M	255	0	5	0.8708837032318115	ambig_opp_strand	unspliced	-1	44	.	.	.	mrna
A00839:75:H7MFFDSXY:3:2213:22544:31109	chr2	178569434	178569582	False	349	149M	255	1	25	0.44414520263671875	ambig_opp_strand	unspliced	12994	44	RIGEL_NRNA_chr2_2_178525988_178804642		RIGEL_NRNA_chr2_2_178525988_178804642	nrna
A00839:75:H7MFFDSXY:3:2413:4842:29293	chr2	178561789	178561938	True	-330	150M	255	0	25	0.14778591692447662	ambig_opp_strand	unspliced	12994	44	RIGEL_NRNA_chr2_1_178540115_178582663		RIGEL_NRNA_chr2_1_178540115_178582663	nrna
A00839:75:H7MFFDSXY:3:1159:12771:16783	chr2	178564282	178564431	True	-476	150M	255	0	5	0.7759629487991333	ambig_opp_strand	unspliced	-1	44	.	.	.	mrna
A00839:75:H7MFFDSXY:3:1173:3595:25942	chr2	178560268	178560417	False	370	150M	255	0	5	0.6891863942146301	ambig_opp_strand	unspliced	-1	44	.	.	.	mrna
A00839:75:H7MFFDSXY:3:1106:27651:7701	chr2	178564300	178564449	True	-236	150M	255	0	25	0.17879906296730042	ambig_opp_strand	unspliced	12994	44	RIGEL_NRNA_chr2_1_178539804_178576557		RIGEL_NRNA_chr2_1_178539804_178576557	nrna
A00839:75:H7MFFDSXY:3:1102:7681:20588	chr2	178560251	178560386	False	136	136M	255	1	25	0.6586424708366394	ambig_opp_strand	unspliced	12994	44	RIGEL_NRNA_chr2_2_178525988_178804642		RIGEL_NRNA_chr2_2_178525988_178804642	nrna
A00839:75:H7MFFDSXY:3:1551:21305:25426	chr2	178561979	178562128	False	171	150M	255	0	25	0.7302685976028442	ambig_opp_strand	unspliced	12994	44	RIGEL_NRNA_chr2_2_178525988_178804642		RIGEL_NRNA_chr2_2_178525988_178804642	nrna
A00839:75:H7MFFDSXY:3:2162:11388:21621	chr2	178564017	178564166	False	305	150M	255	0	25	0.6719896793365479	ambig_opp_strand	unspliced	12994	44	RIGEL_NRNA_chr2_2_178525988_178804642		RIGEL_NRNA_chr2_2_178525988_178804642	nrna
A00839:75:H7MFFDSXY:3:2254:28293:27978	chr2	178563197	178563346	False	392	150M	255	0	5	0.8626461029052734	ambig_opp_strand	unspliced	-1	44	.	.	.	mrna
A00839:75:H7MFFDSXY:3:1168:1687:1626	chr2	178564763	178564912	True	-341	150M	255	0	25	0.1422017365694046	ambig_opp_strand	unspliced	12994	44	RIGEL_NRNA_chr2_1_178541746_178597681		RIGEL_NRNA_chr2_1_178541746_178597681	nrna
A00839:75:H7MFFDSXY:3:2251:9498:28902	chr2	178568332	178568481	False	302	150M	255	0	3	0.08317594975233078	ambig_opp_strand	unspliced	12994	44	ENST00000460472.6	TTN	ENSG00000155657.29	mrna
A00839:75:H7MFFDSXY:3:1627:8748:9157	chr2	178561736	178561885	True	-372	150M	255	0	5	0.5297805070877075	ambig_opp_strand	unspliced	-1	44	.	.	.	mrna
A00839:75:H7MFFDSXY:3:1514:19171:26396	chr2	178569311	178569460	True	-366	150M	255	0	5	0.45026636123657227	ambig_opp_strand	unspliced	-1	44	.	.	.	mrna
A00839:75:H7MFFDSXY:3:2143:28492:33176	chr2	178561220	178561369	False	306	150M	255	0	25	0.6686471700668335	ambig_opp_strand	unspliced	12994	44	RIGEL_NRNA_chr2_2_178525988_178804642		RIGEL_NRNA_chr2_2_178525988_178804642	nrna
A00839:75:H7MFFDSXY:3:2556:23791:3270	chr2	178564761	178564910	True	-231	150M	255	0	25	0.2104567289352417	ambig_opp_strand	unspliced	12994	44	RIGEL_NRNA_chr2_1_178523417_178776534		RIGEL_NRNA_chr2_1_178523417_178776534	nrna
A00839:75:H7MFFDSXY:3:1468:21142:23578	chr2	178565763	178565912	True	-432	150M	255	0	25	0.05485108867287636	ambig_opp_strand	unspliced	12994	44	RIGEL_NRNA_chr2_1_178523417_178776534		RIGEL_NRNA_chr2_1_178523417_178776534	nrna
A00839:75:H7MFFDSXY:3:2465:10031:32518	chr2	178562963	178563112	False	235	150M	255	0	25	0.7449300289154053	ambig_opp_strand	unspliced	12994	44	RIGEL_NRNA_chr2_2_178525988_178804642		RIGEL_NRNA_chr2_2_178525988_178804642	nrna
A00839:75:H7MFFDSXY:3:1473:3287:33677	chr2	178568489	178568638	True	-220	150M	255	0	25	0.17345397174358368	ambig_opp_strand	unspliced	12994	44	RIGEL_NRNA_chr2_1_178541746_178597681		RIGEL_NRNA_chr2_1_178541746_178597681	nrna
A00839:75:H7MFFDSXY:3:1127:13404:11960	chr2	178562302	178562451	True	-295	150M	255	0	25	0.15761922299861908	ambig_opp_strand	unspliced	12994	44	RIGEL_NRNA_chr2_1_178528764_178620148		RIGEL_NRNA_chr2_1_178528764_178620148	nrna
A00839:75:H7MFFDSXY:3:2657:21233:19601	chr2	178562910	178563059	True	-202	150M	255	0	25	0.16320081055164337	ambig_opp_strand	unspliced	12994	44	RIGEL_NRNA_chr2_1_178528764_178620148		RIGEL_NRNA_chr2_1_178528764_178620148	nrna
A00839:75:H7MFFDSXY:3:2236:20211:14669	chr2	178567704	178567853	False	238	150M	255	0	25	0.7448753714561462	ambig_opp_strand	unspliced	12994	44	RIGEL_NRNA_chr2_2_178525988_178804642		RIGEL_NRNA_chr2_2_178525988_178804642	nrna
A00839:75:H7MFFDSXY:3:1547:4951:16485	chr2	178565774	178565923	True	-472	150M	255	0	5	0.7233549952507019	ambig_opp_strand	unspliced	-1	44	.	.	.	mrna
A00839:75:H7MFFDSXY:3:2434:11478:27414	chr2	178562528	178562677	False	170	150M	255	0	25	0.7299941778182983	ambig_opp_strand	unspliced	12994	44	RIGEL_NRNA_chr2_2_178525988_178804642		RIGEL_NRNA_chr2_2_178525988_178804642	nrna
A00839:75:H7MFFDSXY:3:1201:3920:26788	chr2	178564688	178564837	True	-309	150M	255	0	25	0.16305093467235565	ambig_opp_strand	unspliced	12994	44	RIGEL_NRNA_chr2_1_178541746_178597681		RIGEL_NRNA_chr2_1_178541746_178597681	nrna
A00839:75:H7MFFDSXY:3:1238:28673:34616	chr2	178563642	178563791	True	-320	150M	255	0	25	0.19257043302059174	ambig_opp_strand	unspliced	12994	44	RIGEL_NRNA_chr2_1_178523417_178776534		RIGEL_NRNA_chr2_1_178523417_178776534	nrna
A00839:75:H7MFFDSXY:3:2631:8594:1532	chr2	178561294	178561443	False	423	150M	255	0	5	0.8718880414962769	ambig_opp_strand	unspliced	-1	44	.	.	.	mrna
A00839:75:H7MFFDSXY:3:2513:10149:21856	chr2	178569219	178569368	False	274	150M	255	0	25	0.7214449048042297	ambig_opp_strand	unspliced	12994	44	RIGEL_NRNA_chr2_2_178525988_178804642		RIGEL_NRNA_chr2_2_178525988_178804642	nrna
A00839:75:H7MFFDSXY:3:2522:6614:15765	chr2	178569039	178569188	False	370	150M	255	0	5	0.6891862750053406	ambig_opp_strand	unspliced	-1	44	.	.	.	mrna
A00839:75:H7MFFDSXY:3:2674:27389:13792	chr2	178562319	178562468	True	-281	150M	255	0	25	0.17512238025665283	ambig_opp_strand	unspliced	12994	44	RIGEL_NRNA_chr2_1_178539804_178576557		RIGEL_NRNA_chr2_1_178539804_178576557	nrna
A00839:75:H7MFFDSXY:3:1343:30608:23375	chr2	178566065	178566192	False	76	128M	255	0	3	0.06124339997768402	ambig_opp_strand	unspliced	12994	44	ENST00000342175.12	TTN	ENSG00000155657.29	mrna
A00839:75:H7MFFDSXY:3:1533:4481:1861	chr2	178566583	178566732	False	301	150M	255	0	3	0.06811580806970596	ambig_opp_strand	unspliced	12994	44	ENST00000342175.12	TTN	ENSG00000155657.29	mrna
A00839:75:H7MFFDSXY:3:1341:7346:29403	chr2	178566749	178566898	True	-260	150M	255	0	25	0.16610147058963776	ambig_opp_strand	unspliced	12994	44	RIGEL_NRNA_chr2_1_178540115_178582663		RIGEL_NRNA_chr2_1_178540115_178582663	nrna
A00839:75:H7MFFDSXY:3:1535:12319:15843	chr2	178567012	178567161	False	168	150M	255	0	25	0.7279058694839478	ambig_opp_strand	unspliced	12994	44	RIGEL_NRNA_chr2_2_178525988_178804642		RIGEL_NRNA_chr2_2_178525988_178804642	nrna
A00839:75:H7MFFDSXY:3:2246:32759:20431	chr2	178561409	178561558	False	366	150M	255	0	5	0.6358820796012878	ambig_opp_strand	unspliced	-1	44	.	.	.	mrna
A00839:75:H7MFFDSXY:3:2224:6686:29919	chr2	178569212	178569361	True	-312	150M	255	0	25	0.15248967707157135	ambig_opp_strand	unspliced	12994	44	RIGEL_NRNA_chr2_1_178528764_178620148		RIGEL_NRNA_chr2_1_178528764_178620148	nrna
A00839:75:H7MFFDSXY:3:2377:4408:21465	chr2	178563277	178563424	True	-148	148M	255	0	25	0.15813057124614716	ambig_opp_strand	unspliced	12994	44	RIGEL_NRNA_chr2_1_178528764_178620148		RIGEL_NRNA_chr2_1_178528764_178620148	nrna
A00839:75:H7MFFDSXY:3:1659:9173:17722	chr2	178565255	178565404	False	239	150M	255	0	3	0.07447177916765213	ambig_opp_strand	unspliced	12994	44	ENST00000342175.12	TTN	ENSG00000155657.29	mrna
A00839:75:H7MFFDSXY:3:2605:3468:12226	chr2	178569656	178569805	True	-301	150M	255	0	25	0.1561562567949295	ambig_opp_strand	unspliced	12994	44	RIGEL_NRNA_chr2_1_178528764_178620148		RIGEL_NRNA_chr2_1_178528764_178620148	nrna
A00839:75:H7MFFDSXY:3:1536:11225:27571	chr2	178565474	178565623	True	-288	150M	255	0	25	0.037392567843198776	ambig_opp_strand	unspliced	12994	44	RIGEL_NRNA_chr2_1_178528739_178633078		RIGEL_NRNA_chr2_1_178528739_178633078	nrna
A00839:75:H7MFFDSXY:3:1428:14271:11334	chr2	178567460	178567609	False	272	150M	255	0	25	0.7237831354141235	ambig_opp_strand	unspliced	12994	44	RIGEL_NRNA_chr2_2_178525988_178804642		RIGEL_NRNA_chr2_2_178525988_178804642	nrna
A00839:75:H7MFFDSXY:3:1530:18846:25332	chr2	178562505	178562654	True	-397	150M	255	0	25	0.045748643577098846	ambig_opp_strand	unspliced	12994	44	RIGEL_NRNA_chr2_1_178539804_178576557		RIGEL_NRNA_chr2_1_178539804_178576557	nrna
A00839:75:H7MFFDSXY:3:1340:2410:22138	chr2	178560376	178560525	True	-335	150M	255	0	5	0.1653214544057846	ambig_opp_strand	unspliced	-1	44	.	.	.	mrna
A00839:75:H7MFFDSXY:3:2247:5023:30107	chr2	178563229	178563378	False	416	150M	255	0	25	0.1050402820110321	ambig_opp_strand	unspliced	12994	44	RIGEL_NRNA_chr2_2_178525988_178804642		RIGEL_NRNA_chr2_2_178525988_178804642	nrna
A00839:75:H7MFFDSXY:3:2533:31774:4664	chr2	178562774	178562923	False	462	150M	255	0	5	0.8634042739868164	ambig_opp_strand	unspliced	-1	44	.	.	.	mrna
A00839:75:H7MFFDSXY:3:1615:4119:13667	chr2	178568752	178568901	False	307	150M	255	0	3	0.06660611927509308	ambig_opp_strand	unspliced	12994	44	ENST00000342175.12	TTN	ENSG00000155657.29	mrna
A00839:75:H7MFFDSXY:3:1566:15085:20228	chr2	178565275	178565424	False	358	150M	255	0	5	0.5363104939460754	ambig_opp_strand	unspliced	-1	44	.	.	.	mrna
A00839:75:H7MFFDSXY:3:1147:17327:11209	chr2	178569653	178569802	True	-388	150M	255	1	25	0.0444880835711956	ambig_opp_strand	unspliced	12994	44	RIGEL_NRNA_chr2_1_178528764_178620148		RIGEL_NRNA_chr2_1_178528764_178620148	nrna
A00839:75:H7MFFDSXY:3:2417:27950:7968	chr2	178561503	178561652	True	-237	150M	255	0	25	0.01895800232887268	ambig_opp_strand	unspliced	12994	44	RIGEL_NRNA_chr2_1_178528764_178738038		RIGEL_NRNA_chr2_1_178528764_178738038	nrna
A00839:75:H7MFFDSXY:3:1473:25572:30812	chr2	178561196	178561345	True	-298	150M	255	0	25	0.20234818756580353	ambig_opp_strand	unspliced	12994	44	RIGEL_NRNA_chr2_1_178523417_178776534		RIGEL_NRNA_chr2_1_178523417_178776534	nrna
A00839:75:H7MFFDSXY:3:1650:13178:26976	chr2	178561332	178561475	True	-144	144M	255	0	25	0.17166492342948914	ambig_opp_strand	unspliced	12994	44	RIGEL_NRNA_chr2_1_178539804_178576557		RIGEL_NRNA_chr2_1_178539804_178576557	nrna
A00839:75:H7MFFDSXY:3:1214:29089:7811	chr2	178561950	178562099	False	205	150M	255	0	25	0.745311975479126	ambig_opp_strand	unspliced	12994	44	RIGEL_NRNA_chr2_2_178525988_178804642		RIGEL_NRNA_chr2_2_178525988_178804642	nrna
A00839:75:H7MFFDSXY:3:2360:4562:17190	chr2	178563110	178563259	True	-406	150M	255	0	5	0.7623884081840515	ambig_opp_strand	unspliced	-1	44	.	.	.	mrna
A00839:75:H7MFFDSXY:3:1212:12744:24220	chr2	178566237	178566386	True	-271	150M	255	3	25	0.16109101474285126	ambig_opp_strand	unspliced	12994	44	RIGEL_NRNA_chr2_1_178528764_178620148		RIGEL_NRNA_chr2_1_178528764_178620148	nrna
A00839:75:H7MFFDSXY:3:1216:19741:29825	chr2	178563935	178564084	False	465	150M	255	0	5	0.8601768612861633	ambig_opp_strand	unspliced	-1	44	.	.	.	mrna
A00839:75:H7MFFDSXY:3:1513:15546:4460	chr2	178569844	178569969	True	-126	126M	255	0	25	0.14834997057914734	ambig_opp_strand	unspliced	12994	44	RIGEL_NRNA_chr2_1_178540115_178582663		RIGEL_NRNA_chr2_1_178540115_178582663	nrna
A00839:75:H7MFFDSXY:3:1358:9155:36636	chr2	178568269	178568418	True	-475	150M	255	0	5	0.7496551871299744	ambig_opp_strand	unspliced	-1	44	.	.	.	mrna
A00839:75:H7MFFDSXY:3:1117:17110:15154	chr2	178566178	178566327	True	-422	150M	255	0	5	0.7683126330375671	ambig_opp_strand	unspliced	-1	44	.	.	.	mrna
A00839:75:H7MFFDSXY:3:1235:26259:31281	chr2	178562002	178562151	False	225	150M	255	0	25	0.7465149164199829	ambig_opp_strand	unspliced	12994	44	RIGEL_NRNA_chr2_2_178525988_178804642		RIGEL_NRNA_chr2_2_178525988_178804642	nrna
A00839:75:H7MFFDSXY:3:1376:15573:31814	chr2	178569349	178569498	True	-322	150M	255	0	5	0.11407718062400818	ambig_opp_strand	unspliced	-1	44	.	.	.	mrna
A00839:75:H7MFFDSXY:3:1228:10755:11506	chr2	178569933	178570082	True	-388	150M	255	0	5	0.7344605922698975	ambig_opp_strand	unspliced	-1	44	.	.	.	mrna
A00839:75:H7MFFDSXY:3:1114:12635:31798	chr2	178566765	178566914	True	-270	150M	255	0	25	0.17655132710933685	ambig_opp_strand	unspliced	12994	44	RIGEL_NRNA_chr2_1_178539804_178576557		RIGEL_NRNA_chr2_1_178539804_178576557	nrna
A00839:75:H7MFFDSXY:3:1310:4887:20666	chr2	178562600	178562734	False	135	135M	255	0	25	0.6500678658485413	ambig_opp_strand	unspliced	12994	44	RIGEL_NRNA_chr2_2_178525988_178804642		RIGEL_NRNA_chr2_2_178525988_178804642	nrna
A00839:75:H7MFFDSXY:3:1121:1606:20713	chr2	178565165	178565314	True	-241	150M	255	0	25	0.1786760538816452	ambig_opp_strand	unspliced	12994	44	RIGEL_NRNA_chr2_1_178539804_178576557		RIGEL_NRNA_chr2_1_178539804_178576557	nrna
A00839:75:H7MFFDSXY:3:1412:1904:24768	chr2	178569519	178569668	True	-317	150M	255	0	25	0.15076041221618652	ambig_opp_strand	unspliced	12994	44	RIGEL_NRNA_chr2_1_178528764_178620148		RIGEL_NRNA_chr2_1_178528764_178620148	nrna
A00839:75:H7MFFDSXY:3:2339:26106:14450	chr2	178565499	178565648	False	256	150M	255	0	3	0.09035205096006393	ambig_opp_strand	unspliced	12994	44	ENST00000460472.6	TTN	ENSG00000155657.29	mrna
A00839:75:H7MFFDSXY:3:1623:7410:20306	chr2	178568076	178568225	True	-228	150M	255	0	25	0.17890962958335876	ambig_opp_strand	unspliced	12994	44	RIGEL_NRNA_chr2_1_178539804_178576557		RIGEL_NRNA_chr2_1_178539804_178576557	nrna
A00839:75:H7MFFDSXY:3:2652:30327:27305	chr2	178568555	178568704	True	-459	150M	255	0	5	0.7593045234680176	ambig_opp_strand	unspliced	-1	44	.	.	.	mrna
A00839:75:H7MFFDSXY:3:1465:9724:7560	chr2	178567223	178567372	True	-404	150M	255	0	25	0.041679758578538895	ambig_opp_strand	unspliced	12994	44	RIGEL_NRNA_chr2_1_178540115_178582663		RIGEL_NRNA_chr2_1_178540115_178582663	nrna
A00839:75:H7MFFDSXY:3:2526:8748:19398	chr2	178560516	178560665	True	-201	150M	255	0	25	0.167228102684021	ambig_opp_strand	unspliced	12994	44	RIGEL_NRNA_chr2_1_178540115_178582663		RIGEL_NRNA_chr2_1_178540115_178582663	nrna
A00839:75:H7MFFDSXY:3:2658:30129:16094	chr2	178560143	178560292	False	228	150M	255	0	25	0.7458291053771973	ambig_opp_strand	unspliced	12994	44	RIGEL_NRNA_chr2_2_178525988_178804642		RIGEL_NRNA_chr2_2_178525988_178804642	nrna
A00839:75:H7MFFDSXY:3:1636:4508:2942	chr2	178567072	178567221	False	342	150M	255	0	5	0.351750910282135	ambig_opp_strand	unspliced	-1	44	.	.	.	mrna
A00839:75:H7MFFDSXY:3:1155:20989:9909	chr2	178560667	178560816	True	-300	150M	255	0	25	0.1563722789287567	ambig_opp_strand	unspliced	12994	44	RIGEL_NRNA_chr2_1_178528764_178620148		RIGEL_NRNA_chr2_1_178528764_178620148	nrna
A00839:75:H7MFFDSXY:3:1142:6361:33207	chr2	178563305	178563454	True	-182	150M	255	0	25	0.16245312988758087	ambig_opp_strand	unspliced	12994	44	RIGEL_NRNA_chr2_1_178528764_178620148		RIGEL_NRNA_chr2_1_178528764_178620148	nrna
A00839:75:H7MFFDSXY:3:1517:4951:9471	chr2	178566461	178566610	True	-471	150M	255	0	5	0.7536864280700684	ambig_opp_strand	unspliced	-1	44	.	.	.	mrna
A00839:75:H7MFFDSXY:3:2624:10945:7075	chr2	178566972	178567121	True	-285	150M	255	0	25	0.16337643563747406	ambig_opp_strand	unspliced	12994	44	RIGEL_NRNA_chr2_1_178540115_178582663		RIGEL_NRNA_chr2_1_178540115_178582663	nrna
A00839:75:H7MFFDSXY:3:2569:24478:5838	chr2	178561278	178561427	False	476	150M	255	0	5	0.8807364106178284	ambig_opp_strand	unspliced	-1	44	.	.	.	mrna
A00839:75:H7MFFDSXY:3:2366:25328:32863	chr2	178565381	178565530	True	-421	150M	255	0	25	0.03890463709831238	ambig_opp_strand	unspliced	12994	44	RIGEL_NRNA_chr2_1_178540115_178582663		RIGEL_NRNA_chr2_1_178540115_178582663	nrna
A00839:75:H7MFFDSXY:3:1371:2483:34851	chr2	178569344	178569493	False	310	150M	255	0	3	0.08067720383405685	ambig_opp_strand	unspliced	12994	44	ENST00000460472.6	TTN	ENSG00000155657.29	mrna
A00839:75:H7MFFDSXY:3:1634:14299:19993	chr2	178563117	178563266	True	-239	150M	255	0	25	0.03837068751454353	ambig_opp_strand	unspliced	12994	44	RIGEL_NRNA_chr2_1_178528739_178633078		RIGEL_NRNA_chr2_1_178528739_178633078	nrna
A00839:75:H7MFFDSXY:3:1256:25283:10019	chr2	178569358	178569507	True	-209	150M	255	0	25	0.16739670932292938	ambig_opp_strand	unspliced	12994	44	RIGEL_NRNA_chr2_1_178540115_178582663		RIGEL_NRNA_chr2_1_178540115_178582663	nrna
A00839:75:H7MFFDSXY:3:1533:26666:6746	chr2	178563277	178563426	False	180	150M	255	1	25	0.7372521758079529	ambig_opp_strand	unspliced	12994	44	RIGEL_NRNA_chr2_2_178525988_178804642		RIGEL_NRNA_chr2_2_178525988_178804642	nrna
A00839:75:H7MFFDSXY:3:2613:6460:30436	chr2	178563704	178563853	True	-350	150M	255	1	25	0.12969601154327393	ambig_opp_strand	unspliced	12994	44	RIGEL_NRNA_chr2_1_178541746_178597681		RIGEL_NRNA_chr2_1_178541746_178597681	nrna
A00839:75:H7MFFDSXY:3:2434:3161:16454	chr2	178560136	178560285	False	209	150M	255	0	25	0.7457795143127441	ambig_opp_strand	unspliced	12994	44	RIGEL_NRNA_chr2_2_178525988_178804642		RIGEL_NRNA_chr2_2_178525988_178804642	nrna
A00839:75:H7MFFDSXY:3:2452:2275:2456	chr2	178560810	178560959	True	-170	150M	255	0	25	0.1656687706708908	ambig_opp_strand	unspliced	12994	44	RIGEL_NRNA_chr2_1_178540115_178582663		RIGEL_NRNA_chr2_1_178540115_178582663	nrna
A00839:75:H7MFFDSXY:3:2176:20627:17018	chr2	178563483	178563632	True	-412	150M	255	0	5	0.7513972520828247	ambig_opp_strand	unspliced	-1	44	.	.	.	mrna
A00839:75:H7MFFDSXY:3:2274:10610:9909	chr2	178565081	178565204	True	-124	124M	255	0	25	0.18629701435565948	ambig_opp_strand	unspliced	12994	44	RIGEL_NRNA_chr2_1_178523417_178776534		RIGEL_NRNA_chr2_1_178523417_178776534	nrna
A00839:75:H7MFFDSXY:3:1371:3450:36714	chr2	178564882	178565031	False	546	150M	255	0	5	0.7806555032730103	ambig_opp_strand	unspliced	-1	44	.	.	.	mrna
A00839:75:H7MFFDSXY:3:2526:27480:34303	chr2	178560370	178560519	True	-214	150M	255	0	25	0.21056681871414185	ambig_opp_strand	unspliced	12994	44	RIGEL_NRNA_chr2_1_178523417_178776534		RIGEL_NRNA_chr2_1_178523417_178776534	nrna
A00839:75:H7MFFDSXY:3:1154:29297:30154	chr2	178565861	178566010	True	-279	150M	255	0	25	0.1754576712846756	ambig_opp_strand	unspliced	12994	44	RIGEL_NRNA_chr2_1_178539804_178576557		RIGEL_NRNA_chr2_1_178539804_178576557	nrna
A00839:75:H7MFFDSXY:3:2660:4490:32064	chr2	178568449	178568598	False	466	150M	255	0	25	0.0974007397890091	ambig_opp_strand	unspliced	12994	44	RIGEL_NRNA_chr2_2_178525988_178804642		RIGEL_NRNA_chr2_2_178525988_178804642	nrna
A00839:75:H7MFFDSXY:3:2545:3929:23046	chr2	178569167	178569284	False	118	118M	255	0	5	0.31563135981559753	ambig_opp_strand	unspliced	-1	44	.	.	.	mrna
A00839:75:H7MFFDSXY:3:1540:2600:23500	chr2	178567897	178568046	False	215	150M	255	0	25	0.746665894985199	ambig_opp_strand	unspliced	12994	44	RIGEL_NRNA_chr2_2_178525988_178804642		RIGEL_NRNA_chr2_2_178525988_178804642	nrna
A00839:75:H7MFFDSXY:3:2327:10700:12727	chr2	178563620	178563769	False	228	150M	255	0	25	0.7458291053771973	ambig_opp_strand	unspliced	12994	44	RIGEL_NRNA_chr2_2_178525988_178804642		RIGEL_NRNA_chr2_2_178525988_178804642	nrna
A00839:75:H7MFFDSXY:3:1368:16685:34178	chr2	178566762	178566911	True	-316	150M	255	0	5	0.09757573902606964	ambig_opp_strand	unspliced	-1	44	.	.	.	mrna
A00839:75:H7MFFDSXY:3:2430:28628:1219	chr2	178564249	178564398	True	-430	150M	255	0	5	0.7634994983673096	ambig_opp_strand	unspliced	-1	44	.	.	.	mrna
A00839:75:H7MFFDSXY:3:2472:2808:26553	chr2	178565852	178566001	False	209	150M	255	0	25	0.7457795739173889	ambig_opp_strand	unspliced	12994	44	RIGEL_NRNA_chr2_2_178525988_178804642		RIGEL_NRNA_chr2_2_178525988_178804642	nrna
A00839:75:H7MFFDSXY:3:2323:28004:33332	chr2	178569041	178569190	False	157	150M	255	0	5	0.0929044857621193	ambig_opp_strand	unspliced	-1	44	.	.	.	mrna
A00839:75:H7MFFDSXY:3:2207:28474:36526	chr2	178569872	178570021	False	379	150M	255	0	5	0.7912613153457642	ambig_opp_strand	unspliced	-1	44	.	.	.	mrna
A00839:75:H7MFFDSXY:3:2505:18539:1344	chr2	178566041	178566178	False	138	138M	255	0	25	0.6674051880836487	ambig_opp_strand	unspliced	12994	44	RIGEL_NRNA_chr2_2_178525988_178804642		RIGEL_NRNA_chr2_2_178525988_178804642	nrna
A00839:75:H7MFFDSXY:3:2160:26756:30921	chr2	178565664	178565813	True	-317	150M	255	0	25	0.16004590690135956	ambig_opp_strand	unspliced	12994	44	RIGEL_NRNA_chr2_1_178541746_178597681		RIGEL_NRNA_chr2_1_178541746_178597681	nrna
A00839:75:H7MFFDSXY:3:2449:9815:5306	chr2	178568379	178568528	False	404	150M	255	0	5	0.8693084716796875	ambig_opp_strand	unspliced	-1	44	.	.	.	mrna
A00839:75:H7MFFDSXY:3:1175:31530:26162	chr2	178561185	178561334	False	271	150M	255	0	3	0.08887061476707458	ambig_opp_strand	unspliced	12994	44	ENST00000460472.6	TTN	ENSG00000155657.29	mrna
A00839:75:H7MFFDSXY:3:2266:14561:35258	chr2	178561716	178561865	True	-295	150M	255	0	25	0.1615409255027771	ambig_opp_strand	unspliced	12994	44	RIGEL_NRNA_chr2_1_178540115_178582663		RIGEL_NRNA_chr2_1_178540115_178582663	nrna
A00839:75:H7MFFDSXY:3:1377:29559:10160	chr2	178565390	178565539	False	485	150M	255	0	5	0.8613659143447876	ambig_opp_strand	unspliced	-1	44	.	.	.	mrna
A00839:75:H7MFFDSXY:3:2314:22128:25285	chr2	178562767	178562916	True	-391	150M	255	1	5	0.7598148584365845	ambig_opp_strand	unspliced	-1	44	.	.	.	mrna
A00839:75:H7MFFDSXY:3:1651:21007:33520	chr2	178565385	178565534	True	-216	150M	255	1	25	0.17898783087730408	ambig_opp_strand	unspliced	12994	44	RIGEL_NRNA_chr2_1_178539804_178576557		RIGEL_NRNA_chr2_1_178539804_178576557	nrna
A00839:75:H7MFFDSXY:3:1110:23954:20744	chr2	178564900	178565049	True	-274	150M	255	0	25	0.16071803867816925	ambig_opp_strand	unspliced	12994	44	RIGEL_NRNA_chr2_1_178528764_178620148		RIGEL_NRNA_chr2_1_178528764_178620148	nrna
A00839:75:H7MFFDSXY:3:2624:21667:30499	chr2	178569766	178569915	True	-300	150M	255	0	25	0.20154733955860138	ambig_opp_strand	unspliced	12994	44	RIGEL_NRNA_chr2_1_178523417_178776534		RIGEL_NRNA_chr2_1_178523417_178776534	nrna
A00839:75:H7MFFDSXY:3:1342:25319:32753	chr2	178566405	178566554	True	-319	150M	255	0	25	0.1929507553577423	ambig_opp_strand	unspliced	12994	44	RIGEL_NRNA_chr2_1_178523417_178776534		RIGEL_NRNA_chr2_1_178523417_178776534	nrna
A00839:75:H7MFFDSXY:3:2367:9570:35321	chr2	178564890	178565039	False	301	150M	255	0	25	0.6809026598930359	ambig_opp_strand	unspliced	12994	44	RIGEL_NRNA_chr2_2_178525988_178804642		RIGEL_NRNA_chr2_2_178525988_178804642	nrna
A00839:75:H7MFFDSXY:3:1338:23764:2284	chr2	178567112	178567261	True	-366	150M	255	0	25	0.10088186711072922	ambig_opp_strand	unspliced	12994	44	RIGEL_NRNA_chr2_1_178539804_178576557		RIGEL_NRNA_chr2_1_178539804_178576557	nrna
A00839:75:H7MFFDSXY:3:1348:27136:12038	chr2	178564543	178564692	True	-359	150M	255	0	5	0.359029620885849	ambig_opp_strand	unspliced	-1	44	.	.	.	mrna
A00839:75:H7MFFDSXY:3:2359:18412:15969	chr2	178569548	178569697	False	257	150M	255	0	25	0.7362647652626038	ambig_opp_strand	unspliced	12994	44	RIGEL_NRNA_chr2_2_178525988_178804642		RIGEL_NRNA_chr2_2_178525988_178804642	nrna
A00839:75:H7MFFDSXY:3:1401:16251:8844	chr2	178561106	178561255	True	-314	150M	255	0	25	0.19570830464363098	ambig_opp_strand	unspliced	12994	44	RIGEL_NRNA_chr2_1_178523417_178776534		RIGEL_NRNA_chr2_1_178523417_178776534	nrna
A00839:75:H7MFFDSXY:3:1504:4065:18709	chr2	178569813	178569962	True	-283	150M	255	0	25	0.15963418781757355	ambig_opp_strand	unspliced	12994	44	RIGEL_NRNA_chr2_1_178528764_178620148		RIGEL_NRNA_chr2_1_178528764_178620148	nrna
A00839:75:H7MFFDSXY:3:2664:1642:25316	chr2	178563340	178563489	True	-296	150M	255	1	25	0.16713780164718628	ambig_opp_strand	unspliced	12994	44	RIGEL_NRNA_chr2_1_178541746_178597681		RIGEL_NRNA_chr2_1_178541746_178597681	nrna
A00839:75:H7MFFDSXY:3:2411:29234:12070	chr2	178563002	178563151	True	-264	150M	255	1	25	0.03803700953722	ambig_opp_strand	unspliced	12994	44	RIGEL_NRNA_chr2_1_178528739_178633078		RIGEL_NRNA_chr2_1_178528739_178633078	nrna
A00839:75:H7MFFDSXY:3:2358:2935:3129	chr2	178569990	178570139	True	-293	150M	255	0	25	0.17317654192447662	ambig_opp_strand	unspliced	12994	44	RIGEL_NRNA_chr2_1_178539804_178576557		RIGEL_NRNA_chr2_1_178539804_178576557	nrna
A00839:75:H7MFFDSXY:3:1148:26295:21605	chr2	178569259	178569408	True	-369	150M	255	0	25	0.09066324681043625	ambig_opp_strand	unspliced	12994	44	RIGEL_NRNA_chr2_1_178541746_178597681		RIGEL_NRNA_chr2_1_178541746_178597681	nrna
A00839:75:H7MFFDSXY:3:1139:23954:26475	chr2	178566151	178566300	False	287	150M	255	0	25	0.706882894039154	ambig_opp_strand	unspliced	12994	44	RIGEL_NRNA_chr2_2_178525988_178804642		RIGEL_NRNA_chr2_2_178525988_178804642	nrna
A00839:75:H7MFFDSXY:3:1416:19162:20870	chr2	178562775	178562924	False	383	150M	255	1	5	0.8257889151573181	ambig_opp_strand	unspliced	-1	44	.	.	.	mrna
A00839:75:H7MFFDSXY:3:1254:2428:20353	chr2	178562610	178562694	True	-85	85M	255	1	25	0.16787555813789368	ambig_opp_strand	unspliced	12994	44	RIGEL_NRNA_chr2_1_178541746_178597681		RIGEL_NRNA_chr2_1_178541746_178597681	nrna
A00839:75:H7MFFDSXY:3:1509:18683:27242	chr2	178567858	178568007	True	-233	150M	255	0	25	0.16732099652290344	ambig_opp_strand	unspliced	12994	44	RIGEL_NRNA_chr2_1_178540115_178582663		RIGEL_NRNA_chr2_1_178540115_178582663	nrna
A00839:75:H7MFFDSXY:3:2329:14398:2378	chr2	178569862	178570011	True	-332	150M	255	0	25	0.15609408915042877	ambig_opp_strand	unspliced	12994	44	RIGEL_NRNA_chr2_1_178539804_178576557		RIGEL_NRNA_chr2_1_178539804_178576557	nrna
A00839:75:H7MFFDSXY:3:2315:11912:36839	chr2	178562690	178562839	False	377	150M	255	0	5	0.7634234428405762	ambig_opp_strand	unspliced	-1	44	.	.	.	mrna
A00839:75:H7MFFDSXY:3:1211:22987:24142	chr2	178565549	178565698	False	276	150M	255	0	25	0.7195205688476562	ambig_opp_strand	unspliced	12994	44	RIGEL_NRNA_chr2_2_178525988_178804642		RIGEL_NRNA_chr2_2_178525988_178804642	nrna
A00839:75:H7MFFDSXY:3:2209:21929:26725	chr2	178567513	178567662	True	-311	150M	255	0	25	0.16757725179195404	ambig_opp_strand	unspliced	12994	44	RIGEL_NRNA_chr2_1_178539804_178576557		RIGEL_NRNA_chr2_1_178539804_178576557	nrna
A00839:75:H7MFFDSXY:3:2370:15944:32769	chr2	178566883	178567032	False	211	150M	255	0	25	0.7459476590156555	ambig_opp_strand	unspliced	12994	44	RIGEL_NRNA_chr2_2_178525988_178804642		RIGEL_NRNA_chr2_2_178525988_178804642	nrna
A00839:75:H7MFFDSXY:3:2551:32461:20603	chr2	178562610	178562759	False	226	150M	255	0	5	0.05156360939145088	ambig_opp_strand	unspliced	-1	44	.	.	.	mrna
A00839:75:H7MFFDSXY:3:1560:27986:13510	chr2	178562232	178562381	True	-362	150M	255	0	25	0.12976466119289398	ambig_opp_strand	unspliced	12994	44	RIGEL_NRNA_chr2_1_178523417_178776534		RIGEL_NRNA_chr2_1_178523417_178776534	nrna
A00839:75:H7MFFDSXY:3:1423:16034:14888	chr2	178566809	178566958	False	357	150M	255	1	25	0.37964606285095215	ambig_opp_strand	unspliced	12994	44	RIGEL_NRNA_chr2_2_178525988_178804642		RIGEL_NRNA_chr2_2_178525988_178804642	nrna
A00839:75:H7MFFDSXY:3:2569:21197:34632	chr2	178566881	178567030	False	404	150M	255	0	5	0.8693084716796875	ambig_opp_strand	unspliced	-1	44	.	.	.	mrna
A00839:75:H7MFFDSXY:3:1516:9878:29246	chr2	178562151	178562300	False	208	150M	255	0	3	0.09147679060697556	ambig_opp_strand	unspliced	12994	44	ENST00000460472.6	TTN	ENSG00000155657.29	mrna
A00839:75:H7MFFDSXY:3:2116:30535:3145	chr2	178560874	178561023	False	337	150M	255	0	25	0.5407382845878601	ambig_opp_strand	unspliced	12994	44	RIGEL_NRNA_chr2_2_178525988_178804642		RIGEL_NRNA_chr2_2_178525988_178804642	nrna
A00839:75:H7MFFDSXY:3:1615:29396:22936	chr2	178561675	178561824	False	388	150M	255	0	5	0.8550167083740234	ambig_opp_strand	unspliced	-1	44	.	.	.	mrna
A00839:75:H7MFFDSXY:3:2434:5177:21073	chr2	178566545	178566694	False	286	150M	255	0	25	0.7077359557151794	ambig_opp_strand	unspliced	12994	44	RIGEL_NRNA_chr2_2_178525988_178804642		RIGEL_NRNA_chr2_2_178525988_178804642	nrna
A00839:75:H7MFFDSXY:3:2565:4860:28447	chr2	178568287	178568436	False	324	150M	255	0	25	0.6111221313476562	ambig_opp_strand	unspliced	12994	44	RIGEL_NRNA_chr2_2_178525988_178804642		RIGEL_NRNA_chr2_2_178525988_178804642	nrna
A00839:75:H7MFFDSXY:3:2144:24243:2707	chr2	178562831	178562980	False	356	150M	255	0	3	0.012059621512889862	ambig_opp_strand	unspliced	12994	44	ENST00000412264.2	TTN	ENSG00000155657.29	mrna
A00839:75:H7MFFDSXY:3:2639:5701:33661	chr2	178561425	178561574	False	220	150M	255	1	25	0.7463263869285583	ambig_opp_strand	unspliced	12994	44	RIGEL_NRNA_chr2_2_178525988_178804642		RIGEL_NRNA_chr2_2_178525988_178804642	nrna
A00839:75:H7MFFDSXY:3:1122:20392:22811	chr2	178565358	178565507	False	212	150M	255	0	25	0.7460872530937195	ambig_opp_strand	unspliced	12994	44	RIGEL_NRNA_chr2_2_178525988_178804642		RIGEL_NRNA_chr2_2_178525988_178804642	nrna
A00839:75:H7MFFDSXY:3:2629:6017:10786	chr2	178567507	178567656	False	229	150M	255	0	25	0.7455695867538452	ambig_opp_strand	unspliced	12994	44	RIGEL_NRNA_chr2_2_178525988_178804642		RIGEL_NRNA_chr2_2_178525988_178804642	nrna
A00839:75:H7MFFDSXY:3:1259:25798:4586	chr2	178568849	178568998	True	-392	150M	255	0	5	0.746553361415863	ambig_opp_strand	unspliced	-1	44	.	.	.	mrna
A00839:75:H7MFFDSXY:3:1261:4038:27680	chr2	178565013	178565162	False	403	150M	255	0	3	0.010362653993070126	ambig_opp_strand	unspliced	12994	44	ENST00000342175.12	TTN	ENSG00000155657.29	mrna
A00839:75:H7MFFDSXY:3:1344:23990:34773	chr2	178562835	178562984	True	-300	150M	255	0	25	0.17127975821495056	ambig_opp_strand	unspliced	12994	44	RIGEL_NRNA_chr2_1_178539804_178576557		RIGEL_NRNA_chr2_1_178539804_178576557	nrna
A00839:75:H7MFFDSXY:3:2338:10520:6120	chr2	178564895	178565044	False	279	150M	255	0	5	0.0891350582242012	ambig_opp_strand	unspliced	-1	44	.	.	.	mrna
A00839:75:H7MFFDSXY:3:1665:20374:9095	chr2	178561567	178561716	True	-353	150M	255	0	25	0.1280166357755661	ambig_opp_strand	unspliced	12994	44	RIGEL_NRNA_chr2_1_178539804_178576557		RIGEL_NRNA_chr2_1_178539804_178576557	nrna
A00839:75:H7MFFDSXY:3:1224:18285:5948	chr2	178561956	178562105	False	277	150M	255	2	5	0.08714576810598373	ambig_opp_strand	unspliced	-1	44	.	.	.	mrna
A00839:75:H7MFFDSXY:3:1411:10384:32534	chr2	178562171	178562320	True	-366	150M	255	0	25	0.01069856621325016	ambig_opp_strand	unspliced	12994	44	RIGEL_NRNA_chr2_1_178528764_178738038		RIGEL_NRNA_chr2_1_178528764_178738038	nrna
A00839:75:H7MFFDSXY:3:1151:28863:22263	chr2	178568903	178569052	False	411	150M	255	0	5	0.8821980953216553	ambig_opp_strand	unspliced	-1	44	.	.	.	mrna
A00839:75:H7MFFDSXY:3:2143:2483:28025	chr2	178562507	178562656	True	-325	150M	255	0	5	0.12311661243438721	ambig_opp_strand	unspliced	-1	44	.	.	.	mrna
A00839:75:H7MFFDSXY:3:2462:8703:12743	chr2	178567024	178567173	False	226	150M	255	0	5	0.05156363546848297	ambig_opp_strand	unspliced	-1	44	.	.	.	mrna
A00839:75:H7MFFDSXY:3:2210:8015:25207	chr2	178564309	178564458	True	-392	150M	255	0	5	0.746553361415863	ambig_opp_strand	unspliced	-1	44	.	.	.	mrna
A00839:75:H7MFFDSXY:3:1526:18954:23046	chr2	178565144	178565293	False	439	150M	255	1	5	0.8715091943740845	ambig_opp_strand	unspliced	-1	44	.	.	.	mrna
A00839:75:H7MFFDSXY:3:2266:18982:16235	chr2	178569085	178569234	False	311	150M	255	0	25	0.6541176438331604	ambig_opp_strand	unspliced	12994	44	RIGEL_NRNA_chr2_2_178525988_178804642		RIGEL_NRNA_chr2_2_178525988_178804642	nrna
A00839:75:H7MFFDSXY:3:2264:5041:17049	chr2	178560876	178561025	False	356	150M	255	0	5	0.5096140503883362	ambig_opp_strand	unspliced	-1	44	.	.	.	mrna
A00839:75:H7MFFDSXY:3:2435:24749:15264	chr2	178569409	178569558	False	390	150M	255	0	5	0.8505442142486572	ambig_opp_strand	unspliced	-1	44	.	.	.	mrna
A00839:75:H7MFFDSXY:3:1272:5285:23077	chr2	178563494	178563643	False	391	150M	255	0	5	0.8708837032318115	ambig_opp_strand	unspliced	-1	44	.	.	.	mrna
A00839:75:H7MFFDSXY:3:1669:16559:19116	chr2	178563415	178563564	False	342	150M	255	0	25	0.5099928975105286	ambig_opp_strand	unspliced	12994	44	RIGEL_NRNA_chr2_2_178525988_178804642		RIGEL_NRNA_chr2_2_178525988_178804642	nrna
A00839:75:H7MFFDSXY:3:1220:17128:7138	chr2	178560235	178560384	True	-261	150M	255	0	25	0.20885959267616272	ambig_opp_strand	unspliced	12994	44	RIGEL_NRNA_chr2_1_178523417_178776534		RIGEL_NRNA_chr2_1_178523417_178776534	nrna
A00839:75:H7MFFDSXY:3:2407:13801:13651	chr2	178567084	178567233	False	280	150M	255	0	25	0.7157753705978394	ambig_opp_strand	unspliced	12994	44	RIGEL_NRNA_chr2_2_178525988_178804642		RIGEL_NRNA_chr2_2_178525988_178804642	nrna
A00839:75:H7MFFDSXY:3:1670:13575:4679	chr2	178566519	178566668	False	356	150M	255	0	5	0.5096140503883362	ambig_opp_strand	unspliced	-1	44	.	.	.	mrna
A00839:75:H7MFFDSXY:3:1357:5421:9721	chr2	178561704	178561853	True	-282	150M	255	0	25	0.2059321403503418	ambig_opp_strand	unspliced	12994	44	RIGEL_NRNA_chr2_1_178523417_178776534		RIGEL_NRNA_chr2_1_178523417_178776534	nrna
A00839:75:H7MFFDSXY:3:1270:2329:25003	chr2	178563882	178564031	False	342	150M	255	0	25	0.5099928975105286	ambig_opp_strand	unspliced	12994	44	RIGEL_NRNA_chr2_2_178525988_178804642		RIGEL_NRNA_chr2_2_178525988_178804642	nrna
A00839:75:H7MFFDSXY:3:1227:16378:35305	chr2	178566172	178566321	True	-336	150M	255	1	25	0.18003050982952118	ambig_opp_strand	unspliced	12994	44	RIGEL_NRNA_chr2_1_178523417_178776534		RIGEL_NRNA_chr2_1_178523417_178776534	nrna
A00839:75:H7MFFDSXY:3:2573:32154:15092	chr2	178566774	178566919	True	-190	146M	255	0	25	0.16688980162143707	ambig_opp_strand	unspliced	12994	44	RIGEL_NRNA_chr2_1_178540115_178582663		RIGEL_NRNA_chr2_1_178540115_178582663	nrna
A00839:75:H7MFFDSXY:3:2528:4779:1282	chr2	178569615	178569764	True	-338	150M	255	0	25	0.13762468099594116	ambig_opp_strand	unspliced	12994	44	RIGEL_NRNA_chr2_1_178528764_178620148		RIGEL_NRNA_chr2_1_178528764_178620148	nrna
A00839:75:H7MFFDSXY:3:2245:7319:8531	chr2	178566587	178566736	False	303	150M	255	0	5	0.13965775072574615	ambig_opp_strand	unspliced	-1	44	.	.	.	mrna
A00839:75:H7MFFDSXY:3:2375:31313:19366	chr2	178569935	178570084	True	-261	150M	255	0	25	0.1660773903131485	ambig_opp_strand	unspliced	12994	44	RIGEL_NRNA_chr2_1_178540115_178582663		RIGEL_NRNA_chr2_1_178540115_178582663	nrna
A00839:75:H7MFFDSXY:3:1477:6162:25535	chr2	178563914	178564063	False	332	150M	255	0	25	0.5723742842674255	ambig_opp_strand	unspliced	12994	44	RIGEL_NRNA_chr2_2_178525988_178804642		RIGEL_NRNA_chr2_2_178525988_178804642	nrna
A00839:75:H7MFFDSXY:3:2404:16260:6950	chr2	178566740	178566889	False	200	150M	255	0	5	0.053826216608285904	ambig_opp_strand	unspliced	-1	44	.	.	.	mrna
A00839:75:H7MFFDSXY:3:2437:17644:1767	chr2	178566533	178566682	True	-220	150M	255	0	25	0.01897953636944294	ambig_opp_strand	unspliced	12994	44	RIGEL_NRNA_chr2_1_178528764_178738038		RIGEL_NRNA_chr2_1_178528764_178738038	nrna
A00839:75:H7MFFDSXY:3:1206:25057:20494	chr2	178563451	178563600	False	381	150M	255	0	5	0.799613356590271	ambig_opp_strand	unspliced	-1	44	.	.	.	mrna
A00839:75:H7MFFDSXY:3:1228:24225:22122	chr2	178567192	178567341	True	-365	150M	255	0	25	0.10180839151144028	ambig_opp_strand	unspliced	12994	44	RIGEL_NRNA_chr2_1_178541746_178597681		RIGEL_NRNA_chr2_1_178541746_178597681	nrna
A00839:75:H7MFFDSXY:3:1419:21278:26381	chr2	178561372	178561521	False	334	150M	255	0	5	0.2845340073108673	ambig_opp_strand	unspliced	-1	44	.	.	.	mrna
A00839:75:H7MFFDSXY:3:2675:18457:24032	chr2	178565318	178565467	True	-368	150M	255	0	5	0.47350624203681946	ambig_opp_strand	unspliced	-1	44	.	.	.	mrna
A00839:75:H7MFFDSXY:3:2142:4173:32017	chr2	178566690	178566839	True	-260	150M	255	0	25	0.20888987183570862	ambig_opp_strand	unspliced	12994	44	RIGEL_NRNA_chr2_1_178523417_178776534		RIGEL_NRNA_chr2_1_178523417_178776534	nrna
A00839:75:H7MFFDSXY:3:2127:12780:27070	chr2	178568944	178569061	True	-118	118M	255	0	25	0.17753681540489197	ambig_opp_strand	unspliced	12994	44	RIGEL_NRNA_chr2_1_178523417_178776534		RIGEL_NRNA_chr2_1_178523417_178776534	nrna
A00839:75:H7MFFDSXY:3:1329:25834:27790	chr2	178560887	178561036	True	-197	150M	255	0	25	0.16309793293476105	ambig_opp_strand	unspliced	12994	44	RIGEL_NRNA_chr2_1_178528764_178620148		RIGEL_NRNA_chr2_1_178528764_178620148	nrna
A00839:75:H7MFFDSXY:3:1402:25021:34804	chr2	178563134	178563283	False	445	150M	255	0	5	0.8369428515434265	ambig_opp_strand	unspliced	-1	44	.	.	.	mrna
A00839:75:H7MFFDSXY:3:1616:9010:18129	chr2	178562055	178562204	True	-470	150M	255	0	25	0.045858584344387054	ambig_opp_strand	unspliced	12994	44	RIGEL_NRNA_chr2_1_178539804_178576557		RIGEL_NRNA_chr2_1_178539804_178576557	nrna
A00839:75:H7MFFDSXY:3:2112:1542:15186	chr2	178562837	178562986	True	-314	150M	255	0	25	0.19570830464363098	ambig_opp_strand	unspliced	12994	44	RIGEL_NRNA_chr2_1_178523417_178776534		RIGEL_NRNA_chr2_1_178523417_178776534	nrna
A00839:75:H7MFFDSXY:3:2613:14940:12774	chr2	178569197	178569346	True	-239	150M	255	0	25	0.17324213683605194	ambig_opp_strand	unspliced	12994	44	RIGEL_NRNA_chr2_1_178541746_178597681		RIGEL_NRNA_chr2_1_178541746_178597681	nrna
A00839:75:H7MFFDSXY:3:2301:31349:24220	chr2	178569204	178569353	False	477	150M	255	0	5	0.8476936221122742	ambig_opp_strand	unspliced	-1	44	.	.	.	mrna
A00839:75:H7MFFDSXY:3:2262:23122:22968	chr2	178569009	178569158	True	-393	150M	255	0	5	0.7521611452102661	ambig_opp_strand	unspliced	-1	44	.	.	.	mrna
A00839:75:H7MFFDSXY:3:2318:1805:29700	chr2	178562460	178562608	False	212	1S149M	255	0	3	0.07463672012090683	ambig_opp_strand	unspliced	12994	44	ENST00000342175.12	TTN	ENSG00000155657.29	mrna
A00839:75:H7MFFDSXY:3:1327:17761:27931	chr2	178561917	178562066	False	327	150M	255	0	5	0.2411828190088272	ambig_opp_strand	unspliced	-1	44	.	.	.	mrna
A00839:75:H7MFFDSXY:3:1319:32922:13510	chr2	178568526	178568675	True	-274	150M	255	1	25	0.16471683979034424	ambig_opp_strand	unspliced	12994	44	RIGEL_NRNA_chr2_1_178540115_178582663		RIGEL_NRNA_chr2_1_178540115_178582663	nrna
A00839:75:H7MFFDSXY:3:2372:17978:31501	chr2	178567415	178567564	False	266	150M	255	0	25	0.7296407222747803	ambig_opp_strand	unspliced	12994	44	RIGEL_NRNA_chr2_2_178525988_178804642		RIGEL_NRNA_chr2_2_178525988_178804642	nrna
A00839:75:H7MFFDSXY:3:1165:11342:14058	chr2	178565143	178565292	True	-461	150M	255	0	5	0.7528287172317505	ambig_opp_strand	unspliced	-1	44	.	.	.	mrna
A00839:75:H7MFFDSXY:3:2621:7943:18505	chr2	178560406	178560555	True	-315	150M	255	0	25	0.1955704540014267	ambig_opp_strand	unspliced	12994	44	RIGEL_NRNA_chr2_1_178523417_178776534		RIGEL_NRNA_chr2_1_178523417_178776534	nrna
A00839:75:H7MFFDSXY:3:1323:20690:2127	chr2	178563701	178563850	True	-316	150M	255	0	25	0.1948690265417099	ambig_opp_strand	unspliced	12994	44	RIGEL_NRNA_chr2_1_178523417_178776534		RIGEL_NRNA_chr2_1_178523417_178776534	nrna
A00839:75:H7MFFDSXY:3:1676:22182:20932	chr2	178562709	178562858	True	-191	150M	255	0	25	0.1628296822309494	ambig_opp_strand	unspliced	12994	44	RIGEL_NRNA_chr2_1_178528764_178620148		RIGEL_NRNA_chr2_1_178528764_178620148	nrna
A00839:75:H7MFFDSXY:3:2167:19280:2033	chr2	178567755	178567904	True	-166	150M	255	0	25	0.2077637016773224	ambig_opp_strand	unspliced	12994	44	RIGEL_NRNA_chr2_1_178523417_178776534		RIGEL_NRNA_chr2_1_178523417_178776534	nrna
A00839:75:H7MFFDSXY:3:1234:8639:20243	chr2	178560392	178560541	False	230	150M	255	0	25	0.7462064623832703	ambig_opp_strand	unspliced	12994	44	RIGEL_NRNA_chr2_2_178525988_178804642		RIGEL_NRNA_chr2_2_178525988_178804642	nrna
A00839:75:H7MFFDSXY:3:2517:5032:7827	chr2	178569516	178569665	False	331	150M	255	0	25	0.5785916447639465	ambig_opp_strand	unspliced	12994	44	RIGEL_NRNA_chr2_2_178525988_178804642		RIGEL_NRNA_chr2_2_178525988_178804642	nrna
A00839:75:H7MFFDSXY:3:1643:20229:11193	chr2	178569273	178569422	True	-324	150M	255	0	25	0.15131482481956482	ambig_opp_strand	unspliced	12994	44	RIGEL_NRNA_chr2_1_178540115_178582663		RIGEL_NRNA_chr2_1_178540115_178582663	nrna
A00839:75:H7MFFDSXY:3:2432:13937:5087	chr2	178569746	178569895	True	-227	150M	255	0	25	0.17893631756305695	ambig_opp_strand	unspliced	12994	44	RIGEL_NRNA_chr2_1_178539804_178576557		RIGEL_NRNA_chr2_1_178539804_178576557	nrna
A00839:75:H7MFFDSXY:3:1443:2275:32393	chr2	178565360	178565509	True	-353	150M	255	0	5	0.3024016320705414	ambig_opp_strand	unspliced	-1	44	.	.	.	mrna
A00839:75:H7MFFDSXY:3:2320:22761:29481	chr2	178565376	178565525	False	303	150M	255	0	25	0.6768515706062317	ambig_opp_strand	unspliced	12994	44	RIGEL_NRNA_chr2_2_178525988_178804642		RIGEL_NRNA_chr2_2_178525988_178804642	nrna
A00839:75:H7MFFDSXY:3:1512:7401:3850	chr2	178568945	178569094	True	-220	150M	255	0	25	0.03841760382056236	ambig_opp_strand	unspliced	12994	44	RIGEL_NRNA_chr2_1_178528739_178633078		RIGEL_NRNA_chr2_1_178528739_178633078	nrna
A00839:75:H7MFFDSXY:3:1429:24144:7357	chr2	178566685	178566834	True	-174	150M	255	0	25	0.20885708928108215	ambig_opp_strand	unspliced	12994	44	RIGEL_NRNA_chr2_1_178523417_178776534		RIGEL_NRNA_chr2_1_178523417_178776534	nrna
A00839:75:H7MFFDSXY:3:2461:5321:21762	chr2	178564163	178564312	True	-273	150M	255	0	25	0.20739638805389404	ambig_opp_strand	unspliced	12994	44	RIGEL_NRNA_chr2_1_178523417_178776534		RIGEL_NRNA_chr2_1_178523417_178776534	nrna
A00839:75:H7MFFDSXY:3:2548:9941:36777	chr2	178566025	178566173	True	-405	1S149M	255	2	5	0.7644006013870239	ambig_opp_strand	unspliced	-1	44	.	.	.	mrna
A00839:75:H7MFFDSXY:3:2349:28474:3239	chr2	178567377	178567526	True	-154	150M	255	0	25	0.17461997270584106	ambig_opp_strand	unspliced	12994	44	RIGEL_NRNA_chr2_1_178539804_178576557		RIGEL_NRNA_chr2_1_178539804_178576557	nrna
A00839:75:H7MFFDSXY:3:2666:8901:28119	chr2	178568218	178568367	True	-184	150M	255	0	25	0.20962801575660706	ambig_opp_strand	unspliced	12994	44	RIGEL_NRNA_chr2_1_178523417_178776534		RIGEL_NRNA_chr2_1_178523417_178776534	nrna
A00839:75:H7MFFDSXY:3:1259:9028:20322	chr2	178562442	178562591	False	255	150M	255	0	25	0.737269401550293	ambig_opp_strand	unspliced	12994	44	RIGEL_NRNA_chr2_2_178525988_178804642		RIGEL_NRNA_chr2_2_178525988_178804642	nrna
A00839:75:H7MFFDSXY:3:1349:12798:9972	chr2	178563177	178563326	False	334	150M	255	0	25	0.5628740191459656	ambig_opp_strand	unspliced	12994	44	RIGEL_NRNA_chr2_2_178525988_178804642		RIGEL_NRNA_chr2_2_178525988_178804642	nrna
A00839:75:H7MFFDSXY:3:2272:29297:2315	chr2	178560166	178560315	False	425	150M	255	0	5	0.8504713177680969	ambig_opp_strand	unspliced	-1	44	.	.	.	mrna
A00839:75:H7MFFDSXY:3:1437:7988:19460	chr2	178561908	178562057	False	389	150M	255	0	5	0.8677235841751099	ambig_opp_strand	unspliced	-1	44	.	.	.	mrna
A00839:75:H7MFFDSXY:3:2115:19922:7654	chr2	178561794	178561943	False	435	150M	255	0	5	0.8503594994544983	ambig_opp_strand	unspliced	-1	44	.	.	.	mrna
A00839:75:H7MFFDSXY:3:2244:5556:32221	chr2	178565801	178565950	False	437	150M	255	1	5	0.8721042275428772	ambig_opp_strand	unspliced	-1	44	.	.	.	mrna
A00839:75:H7MFFDSXY:3:1263:23981:23703	chr2	178567253	178567402	False	201	150M	255	0	5	0.054021239280700684	ambig_opp_strand	unspliced	-1	44	.	.	.	mrna
A00839:75:H7MFFDSXY:3:2529:14814:13244	chr2	178561620	178561769	False	364	150M	255	0	25	0.31027427315711975	ambig_opp_strand	unspliced	12994	44	RIGEL_NRNA_chr2_2_178525988_178804642		RIGEL_NRNA_chr2_2_178525988_178804642	nrna
A00839:75:H7MFFDSXY:3:2119:15302:19758	chr2	178567386	178567535	False	362	150M	255	1	3	0.010179148055613041	ambig_opp_strand	unspliced	12994	44	ENST00000412264.2	TTN	ENSG00000155657.29	mrna
A00839:75:H7MFFDSXY:3:1645:25129:35023	chr2	178566018	178566167	True	-477	150M	255	0	25	0.050828635692596436	ambig_opp_strand	unspliced	12994	44	RIGEL_NRNA_chr2_1_178539804_178576557		RIGEL_NRNA_chr2_1_178539804_178576557	nrna
A00839:75:H7MFFDSXY:3:2522:6867:5024	chr2	178564332	178564481	True	-169	150M	255	0	25	0.16150903701782227	ambig_opp_strand	unspliced	12994	44	RIGEL_NRNA_chr2_1_178528764_178620148		RIGEL_NRNA_chr2_1_178528764_178620148	nrna
A00839:75:H7MFFDSXY:3:1273:22779:29230	chr2	178561775	178561924	False	311	150M	255	0	25	0.6541176438331604	ambig_opp_strand	unspliced	12994	44	RIGEL_NRNA_chr2_2_178525988_178804642		RIGEL_NRNA_chr2_2_178525988_178804642	nrna
A00839:75:H7MFFDSXY:3:1218:9579:6214	chr2	178568777	178568926	True	-326	150M	255	0	25	0.017983021214604378	ambig_opp_strand	unspliced	12994	44	RIGEL_NRNA_chr2_1_178528739_178584816		RIGEL_NRNA_chr2_1_178528739_178584816	nrna
A00839:75:H7MFFDSXY:3:1435:14299:1141	chr2	178569223	178569372	True	-299	150M	255	0	25	0.2020682692527771	ambig_opp_strand	unspliced	12994	44	RIGEL_NRNA_chr2_1_178523417_178776534		RIGEL_NRNA_chr2_1_178523417_178776534	nrna
A00839:75:H7MFFDSXY:3:2455:19108:32111	chr2	178564561	178564710	True	-180	150M	255	0	25	0.2093508094549179	ambig_opp_strand	unspliced	12994	44	RIGEL_NRNA_chr2_1_178523417_178776534		RIGEL_NRNA_chr2_1_178523417_178776534	nrna
A00839:75:H7MFFDSXY:3:1225:28158:29653	chr2	178560228	178560377	True	-398	150M	255	0	5	0.7466463446617126	ambig_opp_strand	unspliced	-1	44	.	.	.	mrna
A00839:75:H7MFFDSXY:3:2345:9579:17550	chr2	178560928	178561077	False	367	150M	255	0	5	0.6469950675964355	ambig_opp_strand	unspliced	-1	44	.	.	.	mrna
A00839:75:H7MFFDSXY:3:2322:23140:25473	chr2	178563210	178563359	False	365	150M	255	0	5	0.6142979264259338	ambig_opp_strand	unspliced	-1	44	.	.	.	mrna
A00839:75:H7MFFDSXY:3:2109:1904:1470	chr2	178562510	178562659	True	-227	150M	255	1	25	0.21055692434310913	ambig_opp_strand	unspliced	12994	44	RIGEL_NRNA_chr2_1_178523417_178776534		RIGEL_NRNA_chr2_1_178523417_178776534	nrna
A00839:75:H7MFFDSXY:3:1429:32280:29340	chr2	178561225	178561374	False	352	150M	255	0	25	0.42175161838531494	ambig_opp_strand	unspliced	12994	44	RIGEL_NRNA_chr2_2_178525988_178804642		RIGEL_NRNA_chr2_2_178525988_178804642	nrna
A00839:75:H7MFFDSXY:3:1211:12472:13949	chr2	178565619	178565768	True	-222	150M	255	0	25	0.1674259603023529	ambig_opp_strand	unspliced	12994	44	RIGEL_NRNA_chr2_1_178540115_178582663		RIGEL_NRNA_chr2_1_178540115_178582663	nrna
A00839:75:H7MFFDSXY:3:1264:6262:32847	chr2	178565506	178565655	False	347	150M	255	0	3	0.056881897151470184	ambig_opp_strand	unspliced	12994	44	ENST00000460472.6	TTN	ENSG00000155657.29	mrna
A00839:75:H7MFFDSXY:3:1649:2220:20619	chr2	178568652	178568801	True	-395	150M	255	0	5	0.7561866044998169	ambig_opp_strand	unspliced	-1	44	.	.	.	mrna
A00839:75:H7MFFDSXY:3:2645:14859:2080	chr2	178568510	178568659	True	-313	150M	255	0	25	0.16173559427261353	ambig_opp_strand	unspliced	12994	44	RIGEL_NRNA_chr2_1_178541746_178597681		RIGEL_NRNA_chr2_1_178541746_178597681	nrna
A00839:75:H7MFFDSXY:3:1113:22562:18740	chr2	178560402	178560551	False	175	150M	255	0	3	0.08993673324584961	ambig_opp_strand	unspliced	12994	44	ENST00000460472.6	TTN	ENSG00000155657.29	mrna
A00839:75:H7MFFDSXY:3:1123:26205:31469	chr2	178563768	178563917	True	-243	150M	255	0	25	0.21014662086963654	ambig_opp_strand	unspliced	12994	44	RIGEL_NRNA_chr2_1_178523417_178776534		RIGEL_NRNA_chr2_1_178523417_178776534	nrna
A00839:75:H7MFFDSXY:3:1340:19226:23202	chr2	178569320	178569469	False	392	150M	255	0	25	0.10805957019329071	ambig_opp_strand	unspliced	12994	44	RIGEL_NRNA_chr2_2_178525988_178804642		RIGEL_NRNA_chr2_2_178525988_178804642	nrna
A00839:75:H7MFFDSXY:3:2170:9616:32863	chr2	178563892	178564041	False	471	150M	255	0	5	0.8670936822891235	ambig_opp_strand	unspliced	-1	44	.	.	.	mrna
A00839:75:H7MFFDSXY:3:1548:28736:2754	chr2	178563450	178563599	True	-173	150M	255	0	25	0.16195756196975708	ambig_opp_strand	unspliced	12994	44	RIGEL_NRNA_chr2_1_178528764_178620148		RIGEL_NRNA_chr2_1_178528764_178620148	nrna
A00839:75:H7MFFDSXY:3:2205:28700:29528	chr2	178560655	178560804	False	248	150M	255	0	25	0.7415463924407959	ambig_opp_strand	unspliced	12994	44	RIGEL_NRNA_chr2_2_178525988_178804642		RIGEL_NRNA_chr2_2_178525988_178804642	nrna
A00839:75:H7MFFDSXY:3:2636:8910:20243	chr2	178560477	178560626	True	-214	150M	255	0	25	0.17894472181797028	ambig_opp_strand	unspliced	12994	44	RIGEL_NRNA_chr2_1_178539804_178576557		RIGEL_NRNA_chr2_1_178539804_178576557	nrna
A00839:75:H7MFFDSXY:3:2363:32796:34585	chr2	178564222	178564371	False	194	150M	255	0	25	0.7432358860969543	ambig_opp_strand	unspliced	12994	44	RIGEL_NRNA_chr2_2_178525988_178804642		RIGEL_NRNA_chr2_2_178525988_178804642	nrna
A00839:75:H7MFFDSXY:3:1104:31367:34209	chr2	178569126	178569275	True	-384	150M	255	0	25	0.05199618637561798	ambig_opp_strand	unspliced	12994	44	RIGEL_NRNA_chr2_1_178528764_178620148		RIGEL_NRNA_chr2_1_178528764_178620148	nrna
A00839:75:H7MFFDSXY:3:1625:11162:20697	chr2	178569214	178569363	True	-353	150M	255	0	25	0.11687460541725159	ambig_opp_strand	unspliced	12994	44	RIGEL_NRNA_chr2_1_178528764_178620148		RIGEL_NRNA_chr2_1_178528764_178620148	nrna
A00839:75:H7MFFDSXY:3:1544:30038:13369	chr2	178566801	178566950	False	320	150M	255	0	25	0.6250074505805969	ambig_opp_strand	unspliced	12994	44	RIGEL_NRNA_chr2_2_178525988_178804642		RIGEL_NRNA_chr2_2_178525988_178804642	nrna
A00839:75:H7MFFDSXY:3:1475:25048:16188	chr2	178562631	178562780	False	374	150M	255	0	5	0.7373983263969421	ambig_opp_strand	unspliced	-1	44	.	.	.	mrna
A00839:75:H7MFFDSXY:3:2631:15212:17691	chr2	178561929	178562078	True	-210	150M	255	0	25	0.17343629896640778	ambig_opp_strand	unspliced	12994	44	RIGEL_NRNA_chr2_1_178541746_178597681		RIGEL_NRNA_chr2_1_178541746_178597681	nrna
A00839:75:H7MFFDSXY:3:1541:11225:23688	chr2	178562378	178562527	False	156	150M	255	1	25	0.7126453518867493	ambig_opp_strand	unspliced	12994	44	RIGEL_NRNA_chr2_2_178525988_178804642		RIGEL_NRNA_chr2_2_178525988_178804642	nrna
A00839:75:H7MFFDSXY:3:1543:29523:4711	chr2	178565927	178566076	False	322	150M	255	1	3	0.019294744357466698	ambig_opp_strand	unspliced	12994	44	ENST00000412264.2	TTN	ENSG00000155657.29	mrna
A00839:75:H7MFFDSXY:3:2344:26060:29747	chr2	178562905	178563054	True	-359	150M	255	0	25	0.1140013262629509	ambig_opp_strand	unspliced	12994	44	RIGEL_NRNA_chr2_1_178541746_178597681		RIGEL_NRNA_chr2_1_178541746_178597681	nrna
A00839:75:H7MFFDSXY:3:2662:10556:34147	chr2	178562476	178562625	True	-260	150M	255	0	25	0.038106873631477356	ambig_opp_strand	unspliced	12994	44	RIGEL_NRNA_chr2_1_178528739_178633078		RIGEL_NRNA_chr2_1_178528739_178633078	nrna
A00839:75:H7MFFDSXY:3:1230:27615:36667	chr2	178566305	178566454	True	-278	150M	255	0	25	0.20657634735107422	ambig_opp_strand	unspliced	12994	44	RIGEL_NRNA_chr2_1_178523417_178776534		RIGEL_NRNA_chr2_1_178523417_178776534	nrna
A00839:75:H7MFFDSXY:3:1155:5927:8719	chr2	178563448	178563597	False	301	150M	255	0	25	0.6809026598930359	ambig_opp_strand	unspliced	12994	44	RIGEL_NRNA_chr2_2_178525988_178804642		RIGEL_NRNA_chr2_2_178525988_178804642	nrna
A00839:75:H7MFFDSXY:3:1663:16387:2942	chr2	178561691	178561840	True	-359	150M	255	0	5	0.359029620885849	ambig_opp_strand	unspliced	-1	44	.	.	.	mrna
A00839:75:H7MFFDSXY:3:1327:5303:7701	chr2	178561540	178561689	False	408	150M	255	0	5	0.873664379119873	ambig_opp_strand	unspliced	-1	44	.	.	.	mrna
A00839:75:H7MFFDSXY:3:1346:20338:28886	chr2	178568823	178568972	True	-271	150M	255	1	25	0.20762929320335388	ambig_opp_strand	unspliced	12994	44	RIGEL_NRNA_chr2_1_178523417_178776534		RIGEL_NRNA_chr2_1_178523417_178776534	nrna
A00839:75:H7MFFDSXY:3:2520:21585:24502	chr2	178565150	178565299	True	-471	150M	255	0	5	0.753686785697937	ambig_opp_strand	unspliced	-1	44	.	.	.	mrna
A00839:75:H7MFFDSXY:3:2135:17155:26099	chr2	178564942	178565091	False	454	150M	255	0	5	0.8681995868682861	ambig_opp_strand	unspliced	-1	44	.	.	.	mrna
A00839:75:H7MFFDSXY:3:1248:4580:19163	chr2	178561319	178561468	True	-259	150M	255	0	25	0.20900486409664154	ambig_opp_strand	unspliced	12994	44	RIGEL_NRNA_chr2_1_178523417_178776534		RIGEL_NRNA_chr2_1_178523417_178776534	nrna
A00839:75:H7MFFDSXY:3:1349:10890:15217	chr2	178564740	178564889	True	-285	150M	255	0	25	0.20546285808086395	ambig_opp_strand	unspliced	12994	44	RIGEL_NRNA_chr2_1_178523417_178776534		RIGEL_NRNA_chr2_1_178523417_178776534	nrna
A00839:75:H7MFFDSXY:3:2170:17969:36933	chr2	178569580	178569729	True	-316	150M	255	0	25	0.151190847158432	ambig_opp_strand	unspliced	12994	44	RIGEL_NRNA_chr2_1_178528764_178620148		RIGEL_NRNA_chr2_1_178528764_178620148	nrna
A00839:75:H7MFFDSXY:3:1635:29451:20055	chr2	178567817	178567966	True	-297	150M	255	0	25	0.20267891883850098	ambig_opp_strand	unspliced	12994	44	RIGEL_NRNA_chr2_1_178523417_178776534		RIGEL_NRNA_chr2_1_178523417_178776534	nrna
A00839:75:H7MFFDSXY:3:1437:11894:2832	chr2	178563373	178563522	True	-318	150M	255	0	25	0.15408417582511902	ambig_opp_strand	unspliced	12994	44	RIGEL_NRNA_chr2_1_178540115_178582663		RIGEL_NRNA_chr2_1_178540115_178582663	nrna
A00839:75:H7MFFDSXY:3:1671:22914:12931	chr2	178560931	178561080	True	-240	150M	255	1	5	0.026049213483929634	ambig_opp_strand	unspliced	-1	44	.	.	.	mrna
A00839:75:H7MFFDSXY:3:1459:15365:5055	chr2	178560542	178560691	False	389	150M	255	1	5	0.8677236437797546	ambig_opp_strand	unspliced	-1	44	.	.	.	mrna
A00839:75:H7MFFDSXY:3:2360:21947:26224	chr2	178567122	178567271	True	-217	150M	255	0	25	0.17901189625263214	ambig_opp_strand	unspliced	12994	44	RIGEL_NRNA_chr2_1_178539804_178576557		RIGEL_NRNA_chr2_1_178539804_178576557	nrna
A00839:75:H7MFFDSXY:3:2539:29441:36292	chr2	178567122	178567271	True	-286	150M	255	4	25	0.1743825525045395	ambig_opp_strand	unspliced	12994	44	RIGEL_NRNA_chr2_1_178539804_178576557		RIGEL_NRNA_chr2_1_178539804_178576557	nrna
A00839:75:H7MFFDSXY:3:2410:22444:7075	chr2	178562420	178562569	False	296	150M	255	1	25	0.6920827627182007	ambig_opp_strand	unspliced	12994	44	RIGEL_NRNA_chr2_2_178525988_178804642		RIGEL_NRNA_chr2_2_178525988_178804642	nrna
A00839:75:H7MFFDSXY:3:1209:18936:36636	chr2	178568797	178568946	False	341	150M	255	0	25	0.5126522183418274	ambig_opp_strand	unspliced	12994	44	RIGEL_NRNA_chr2_2_178525988_178804642		RIGEL_NRNA_chr2_2_178525988_178804642	nrna
A00839:75:H7MFFDSXY:3:2608:26946:12962	chr2	178569670	178569819	True	-426	150M	255	0	5	0.7563319206237793	ambig_opp_strand	unspliced	-1	44	.	.	.	mrna
A00839:75:H7MFFDSXY:3:1647:19605:15405	chr2	178564790	178564939	True	-357	150M	255	0	25	0.11147692799568176	ambig_opp_strand	unspliced	12994	44	RIGEL_NRNA_chr2_1_178528764_178620148		RIGEL_NRNA_chr2_1_178528764_178620148	nrna
A00839:75:H7MFFDSXY:3:1578:12481:25770	chr2	178567297	178567446	True	-282	150M	255	0	25	0.16961491107940674	ambig_opp_strand	unspliced	12994	44	RIGEL_NRNA_chr2_1_178541746_178597681		RIGEL_NRNA_chr2_1_178541746_178597681	nrna
A00839:75:H7MFFDSXY:3:2416:15447:25207	chr2	178560358	178560507	False	533	150M	255	1	25	0.1274152547121048	ambig_opp_strand	unspliced	12994	44	RIGEL_NRNA_chr2_2_178525988_178804642		RIGEL_NRNA_chr2_2_178525988_178804642	nrna
A00839:75:H7MFFDSXY:3:1204:10592:3865	chr2	178563628	178563744	False	117	117M	255	0	25	0.5240774750709534	ambig_opp_strand	unspliced	12994	44	RIGEL_NRNA_chr2_2_178525988_178804642		RIGEL_NRNA_chr2_2_178525988_178804642	nrna
A00839:75:H7MFFDSXY:3:2134:1235:31782	chr2	178569917	178570066	False	298	150M	255	0	25	0.6881697773933411	ambig_opp_strand	unspliced	12994	44	RIGEL_NRNA_chr2_2_178525988_178804642		RIGEL_NRNA_chr2_2_178525988_178804642	nrna
A00839:75:H7MFFDSXY:3:1165:24849:19852	chr2	178569814	178569963	False	288	150M	255	0	25	0.7061769366264343	ambig_opp_strand	unspliced	12994	44	RIGEL_NRNA_chr2_2_178525988_178804642		RIGEL_NRNA_chr2_2_178525988_178804642	nrna
A00839:75:H7MFFDSXY:3:2548:4869:21699	chr2	178565634	178565783	False	167	150M	255	0	25	0.726932942867279	ambig_opp_strand	unspliced	12994	44	RIGEL_NRNA_chr2_2_178525988_178804642		RIGEL_NRNA_chr2_2_178525988_178804642	nrna
A00839:75:H7MFFDSXY:3:2278:11415:17597	chr2	178569899	178570048	False	409	150M	255	0	5	0.8678779006004333	ambig_opp_strand	unspliced	-1	44	.	.	.	mrna
A00839:75:H7MFFDSXY:3:1378:30364:33943	chr2	178567145	178567294	True	-320	150M	255	0	25	0.14940747618675232	ambig_opp_strand	unspliced	12994	44	RIGEL_NRNA_chr2_1_178528764_178620148		RIGEL_NRNA_chr2_1_178528764_178620148	nrna
A00839:75:H7MFFDSXY:3:1234:5086:26146	chr2	178566698	178566847	True	-241	150M	255	2	25	0.17317184805870056	ambig_opp_strand	unspliced	12994	44	RIGEL_NRNA_chr2_1_178541746_178597681		RIGEL_NRNA_chr2_1_178541746_178597681	nrna
A00839:75:H7MFFDSXY:3:2526:30346:31782	chr2	178569903	178570052	False	212	150M	255	0	25	0.7460872530937195	ambig_opp_strand	unspliced	12994	44	RIGEL_NRNA_chr2_2_178525988_178804642		RIGEL_NRNA_chr2_2_178525988_178804642	nrna
A00839:75:H7MFFDSXY:3:2553:2239:12978	chr2	178568257	178568406	False	317	150M	255	0	25	0.635845959186554	ambig_opp_strand	unspliced	12994	44	RIGEL_NRNA_chr2_2_178525988_178804642		RIGEL_NRNA_chr2_2_178525988_178804642	nrna
A00839:75:H7MFFDSXY:3:1532:10167:11146	chr2	178561037	178561186	False	360	150M	255	0	5	0.553801953792572	ambig_opp_strand	unspliced	-1	44	.	.	.	mrna
A00839:75:H7MFFDSXY:3:2448:23909:29747	chr2	178561809	178561958	True	-192	150M	255	0	25	0.20992833375930786	ambig_opp_strand	unspliced	12994	44	RIGEL_NRNA_chr2_1_178523417_178776534		RIGEL_NRNA_chr2_1_178523417_178776534	nrna
A00839:75:H7MFFDSXY:3:2109:24695:1172	chr2	178566723	178566872	False	273	150M	255	1	3	0.07234776020050049	ambig_opp_strand	unspliced	12994	44	ENST00000342175.12	TTN	ENSG00000155657.29	mrna
A00839:75:H7MFFDSXY:3:1418:16251:22060	chr2	178566470	178566619	False	329	150M	255	0	25	0.5879278182983398	ambig_opp_strand	unspliced	12994	44	RIGEL_NRNA_chr2_2_178525988_178804642		RIGEL_NRNA_chr2_2_178525988_178804642	nrna
A00839:75:H7MFFDSXY:3:1128:9507:11036	chr2	178567412	178567561	True	-293	150M	255	1	25	0.16784176230430603	ambig_opp_strand	unspliced	12994	44	RIGEL_NRNA_chr2_1_178541746_178597681		RIGEL_NRNA_chr2_1_178541746_178597681	nrna
A00839:75:H7MFFDSXY:3:1625:25690:24126	chr2	178560706	178560855	False	331	150M	255	0	5	0.264555424451828	ambig_opp_strand	unspliced	-1	44	.	.	.	mrna
A00839:75:H7MFFDSXY:3:2507:8576:29215	chr2	178560014	178560163	True	-201	150M	255	0	25	0.17872369289398193	ambig_opp_strand	unspliced	12994	44	RIGEL_NRNA_chr2_1_178539804_178576557		RIGEL_NRNA_chr2_1_178539804_178576557	nrna
A00839:75:H7MFFDSXY:3:1356:18665:28620	chr2	178560941	178561090	True	-234	150M	255	0	25	0.1732921004295349	ambig_opp_strand	unspliced	12994	44	RIGEL_NRNA_chr2_1_178541746_178597681		RIGEL_NRNA_chr2_1_178541746_178597681	nrna
A00839:75:H7MFFDSXY:3:1544:5439:8500	chr2	178560447	178560596	True	-274	150M	255	0	25	0.17603981494903564	ambig_opp_strand	unspliced	12994	44	RIGEL_NRNA_chr2_1_178539804_178576557		RIGEL_NRNA_chr2_1_178539804_178576557	nrna
A00839:75:H7MFFDSXY:3:1320:30300:4617	chr2	178562752	178562901	False	425	150M	255	1	25	0.11763765662908554	ambig_opp_strand	unspliced	12994	44	RIGEL_NRNA_chr2_2_178525988_178804642		RIGEL_NRNA_chr2_2_178525988_178804642	nrna
A00839:75:H7MFFDSXY:3:2366:32687:32142	chr2	178565442	178565591	True	-307	150M	255	0	25	0.16910716891288757	ambig_opp_strand	unspliced	12994	44	RIGEL_NRNA_chr2_1_178539804_178576557		RIGEL_NRNA_chr2_1_178539804_178576557	nrna
A00839:75:H7MFFDSXY:3:2209:24578:4351	chr2	178565491	178565640	False	282	150M	255	1	25	0.7128623723983765	ambig_opp_strand	unspliced	12994	44	RIGEL_NRNA_chr2_2_178525988_178804642		RIGEL_NRNA_chr2_2_178525988_178804642	nrna
A00839:75:H7MFFDSXY:3:2305:19126:17300	chr2	178568780	178568929	True	-365	150M	255	0	25	0.02254912443459034	ambig_opp_strand	unspliced	12994	44	RIGEL_NRNA_chr2_1_178528739_178633078		RIGEL_NRNA_chr2_1_178528739_178633078	nrna
A00839:75:H7MFFDSXY:3:2666:24686:34319	chr2	178563152	178563301	True	-190	150M	255	0	25	0.1783621460199356	ambig_opp_strand	unspliced	12994	44	RIGEL_NRNA_chr2_1_178539804_178576557		RIGEL_NRNA_chr2_1_178539804_178576557	nrna
A00839:75:H7MFFDSXY:3:1541:23891:3443	chr2	178567785	178567934	False	388	150M	255	0	5	0.8550167083740234	ambig_opp_strand	unspliced	-1	44	.	.	.	mrna
A00839:75:H7MFFDSXY:3:2468:30590:19179	chr2	178568601	178568750	False	282	150M	255	0	25	0.7128623723983765	ambig_opp_strand	unspliced	12994	44	RIGEL_NRNA_chr2_2_178525988_178804642		RIGEL_NRNA_chr2_2_178525988_178804642	nrna
A00839:75:H7MFFDSXY:3:2214:7663:20275	chr2	178565209	178565358	True	-331	150M	255	0	25	0.14691974222660065	ambig_opp_strand	unspliced	12994	44	RIGEL_NRNA_chr2_1_178540115_178582663		RIGEL_NRNA_chr2_1_178540115_178582663	nrna
A00839:75:H7MFFDSXY:3:1459:8214:1971	chr2	178562431	178562580	False	252	150M	255	0	25	0.7400345802307129	ambig_opp_strand	unspliced	12994	44	RIGEL_NRNA_chr2_2_178525988_178804642		RIGEL_NRNA_chr2_2_178525988_178804642	nrna
A00839:75:H7MFFDSXY:3:1129:6415:8030	chr2	178564742	178564891	False	488	150M	255	0	5	0.8470072150230408	ambig_opp_strand	unspliced	-1	44	.	.	.	mrna
A00839:75:H7MFFDSXY:3:2444:27326:7075	chr2	178561642	178561791	True	-196	150M	255	0	25	0.038348063826560974	ambig_opp_strand	unspliced	12994	44	RIGEL_NRNA_chr2_1_178528739_178633078		RIGEL_NRNA_chr2_1_178528739_178633078	nrna
A00839:75:H7MFFDSXY:3:1332:30192:31892	chr2	178561978	178562127	False	228	150M	255	0	3	0.09144079685211182	ambig_opp_strand	unspliced	12994	44	ENST00000460472.6	TTN	ENSG00000155657.29	mrna
A00839:75:H7MFFDSXY:3:2331:11948:16203	chr2	178568885	178569034	False	346	150M	255	0	5	0.3963314890861511	ambig_opp_strand	unspliced	-1	44	.	.	.	mrna
A00839:75:H7MFFDSXY:3:1637:20193:18959	chr2	178565794	178565943	True	-206	150M	255	0	25	0.21044747531414032	ambig_opp_strand	unspliced	12994	44	RIGEL_NRNA_chr2_1_178523417_178776534		RIGEL_NRNA_chr2_1_178523417_178776534	nrna
A00839:75:H7MFFDSXY:3:1121:13612:21402	chr2	178565026	178565175	True	-262	150M	255	0	25	0.20869611203670502	ambig_opp_strand	unspliced	12994	44	RIGEL_NRNA_chr2_1_178523417_178776534		RIGEL_NRNA_chr2_1_178523417_178776534	nrna
A00839:75:H7MFFDSXY:3:2543:12274:2675	chr2	178569264	178569413	True	-232	150M	255	0	25	0.17888988554477692	ambig_opp_strand	unspliced	12994	44	RIGEL_NRNA_chr2_1_178539804_178576557		RIGEL_NRNA_chr2_1_178539804_178576557	nrna
A00839:75:H7MFFDSXY:3:2574:19488:2174	chr2	178561278	178561427	False	280	150M	255	0	5	0.09018193930387497	ambig_opp_strand	unspliced	-1	44	.	.	.	mrna
A00839:75:H7MFFDSXY:3:1261:25536:13933	chr2	178565414	178565563	True	-529	150M	255	0	25	0.0652092769742012	ambig_opp_strand	unspliced	12994	44	RIGEL_NRNA_chr2_1_178523417_178776534		RIGEL_NRNA_chr2_1_178523417_178776534	nrna
A00839:75:H7MFFDSXY:3:2418:25717:3443	chr2	178561185	178561334	False	400	150M	255	0	5	0.861224889755249	ambig_opp_strand	unspliced	-1	44	.	.	.	mrna
A00839:75:H7MFFDSXY:3:2605:24632:21261	chr2	178568412	178568561	False	337	150M	255	0	25	0.5407382845878601	ambig_opp_strand	unspliced	12994	44	RIGEL_NRNA_chr2_2_178525988_178804642		RIGEL_NRNA_chr2_2_178525988_178804642	nrna
A00839:75:H7MFFDSXY:3:1610:1506:9330	chr2	178566362	178566511	False	310	150M	255	0	3	0.0658283680677414	ambig_opp_strand	unspliced	12994	44	ENST00000342175.12	TTN	ENSG00000155657.29	mrna
A00839:75:H7MFFDSXY:3:2268:15872:34992	chr2	178562719	178562868	True	-331	150M	255	0	5	0.14435817301273346	ambig_opp_strand	unspliced	-1	44	.	.	.	mrna
A00839:75:H7MFFDSXY:3:1153:12635:16705	chr2	178565684	178565833	True	-370	150M	255	0	25	0.10585444420576096	ambig_opp_strand	unspliced	12994	44	RIGEL_NRNA_chr2_1_178523417_178776534		RIGEL_NRNA_chr2_1_178523417_178776534	nrna
A00839:75:H7MFFDSXY:3:1127:19072:33332	chr2	178566756	178566905	False	269	150M	255	1	25	0.7263747453689575	ambig_opp_strand	unspliced	12994	44	RIGEL_NRNA_chr2_2_178525988_178804642		RIGEL_NRNA_chr2_2_178525988_178804642	nrna
A00839:75:H7MFFDSXY:3:2451:21685:6887	chr2	178564585	178564734	True	-317	150M	255	0	25	0.19431422650814056	ambig_opp_strand	unspliced	12994	44	RIGEL_NRNA_chr2_1_178523417_178776534		RIGEL_NRNA_chr2_1_178523417_178776534	nrna
A00839:75:H7MFFDSXY:3:2174:8486:17660	chr2	178560293	178560442	True	-378	150M	255	0	5	0.6220876574516296	ambig_opp_strand	unspliced	-1	44	.	.	.	mrna
A00839:75:H7MFFDSXY:3:2545:15284:24017	chr2	178561912	178562061	True	-216	150M	255	0	25	0.2106175422668457	ambig_opp_strand	unspliced	12994	44	RIGEL_NRNA_chr2_1_178523417_178776534		RIGEL_NRNA_chr2_1_178523417_178776534	nrna
A00839:75:H7MFFDSXY:3:2357:16043:15374	chr2	178560274	178560423	False	297	150M	255	0	3	0.08464650809764862	ambig_opp_strand	unspliced	12994	44	ENST00000460472.6	TTN	ENSG00000155657.29	mrna
A00839:75:H7MFFDSXY:3:1172:6280:29528	chr2	178569927	178570076	False	363	150M	255	0	5	0.5917815566062927	ambig_opp_strand	unspliced	-1	44	.	.	.	mrna
A00839:75:H7MFFDSXY:3:1319:15393:23985	chr2	178566940	178567089	False	254	150M	255	1	25	0.7382131814956665	ambig_opp_strand	unspliced	12994	44	RIGEL_NRNA_chr2_2_178525988_178804642		RIGEL_NRNA_chr2_2_178525988_178804642	nrna
A00839:75:H7MFFDSXY:3:1555:2003:5932	chr2	178560400	178560549	False	385	150M	255	1	5	0.8401002287864685	ambig_opp_strand	unspliced	-1	44	.	.	.	mrna
A00839:75:H7MFFDSXY:3:1548:13123:9189	chr2	178568505	178568654	True	-331	150M	255	0	25	0.14691972732543945	ambig_opp_strand	unspliced	12994	44	RIGEL_NRNA_chr2_1_178540115_178582663		RIGEL_NRNA_chr2_1_178540115_178582663	nrna
A00839:75:H7MFFDSXY:3:2446:30219:35634	chr2	178560105	178560254	False	438	150M	255	0	5	0.8582475185394287	ambig_opp_strand	unspliced	-1	44	.	.	.	mrna
A00839:75:H7MFFDSXY:3:1134:22516:23797	chr2	178561044	178561193	False	244	150M	255	0	25	0.742788553237915	ambig_opp_strand	unspliced	12994	44	RIGEL_NRNA_chr2_2_178525988_178804642		RIGEL_NRNA_chr2_2_178525988_178804642	nrna
A00839:75:H7MFFDSXY:3:1243:29957:8594	chr2	178562850	178562999	False	348	150M	255	0	25	0.4609840214252472	ambig_opp_strand	unspliced	12994	44	RIGEL_NRNA_chr2_2_178525988_178804642		RIGEL_NRNA_chr2_2_178525988_178804642	nrna
A00839:75:H7MFFDSXY:3:1241:11225:5713	chr2	178569172	178569321	True	-264	150M	255	0	25	0.16177190840244293	ambig_opp_strand	unspliced	12994	44	RIGEL_NRNA_chr2_1_178528764_178620148		RIGEL_NRNA_chr2_1_178528764_178620148	nrna
A00839:75:H7MFFDSXY:3:1272:22950:29371	chr2	178566024	178566173	False	191	150M	255	0	25	0.7410321831703186	ambig_opp_strand	unspliced	12994	44	RIGEL_NRNA_chr2_2_178525988_178804642		RIGEL_NRNA_chr2_2_178525988_178804642	nrna
A00839:75:H7MFFDSXY:3:1317:25762:15013	chr2	178569884	178570033	True	-410	150M	255	0	25	0.04619617015123367	ambig_opp_strand	unspliced	12994	44	RIGEL_NRNA_chr2_1_178539804_178576557		RIGEL_NRNA_chr2_1_178539804_178576557	nrna
A00839:75:H7MFFDSXY:3:1625:18927:33426	chr2	178562245	178562394	True	-317	150M	255	1	25	0.16004589200019836	ambig_opp_strand	unspliced	12994	44	RIGEL_NRNA_chr2_1_178541746_178597681		RIGEL_NRNA_chr2_1_178541746_178597681	nrna
A00839:75:H7MFFDSXY:3:1316:13612:6590	chr2	178569321	178569470	False	303	150M	255	0	25	0.6768515706062317	ambig_opp_strand	unspliced	12994	44	RIGEL_NRNA_chr2_2_178525988_178804642		RIGEL_NRNA_chr2_2_178525988_178804642	nrna
A00839:75:H7MFFDSXY:3:2556:28113:21621	chr2	178563807	178563956	False	409	150M	255	0	5	0.8678779006004333	ambig_opp_strand	unspliced	-1	44	.	.	.	mrna
A00839:75:H7MFFDSXY:3:2413:9155:12712	chr2	178561804	178561953	True	-297	150M	255	0	25	0.16116274893283844	ambig_opp_strand	unspliced	12994	44	RIGEL_NRNA_chr2_1_178540115_178582663		RIGEL_NRNA_chr2_1_178540115_178582663	nrna
A00839:75:H7MFFDSXY:3:1408:11071:4570	chr2	178561551	178561700	True	-417	150M	255	0	5	0.7716473340988159	ambig_opp_strand	unspliced	-1	44	.	.	.	mrna
A00839:75:H7MFFDSXY:3:2361:19678:10488	chr2	178563550	178563699	False	382	150M	255	0	5	0.8230653405189514	ambig_opp_strand	unspliced	-1	44	.	.	.	mrna
A00839:75:H7MFFDSXY:3:2366:12807:7889	chr2	178569163	178569312	True	-257	150M	255	0	25	0.03816612437367439	ambig_opp_strand	unspliced	12994	44	RIGEL_NRNA_chr2_1_178528739_178633078		RIGEL_NRNA_chr2_1_178528739_178633078	nrna
A00839:75:H7MFFDSXY:3:2118:24496:9627	chr2	178562958	178563107	True	-305	150M	255	0	25	0.1699049174785614	ambig_opp_strand	unspliced	12994	44	RIGEL_NRNA_chr2_1_178539804_178576557		RIGEL_NRNA_chr2_1_178539804_178576557	nrna
A00839:75:H7MFFDSXY:3:1275:18954:6417	chr2	178563912	178564061	False	291	150M	255	1	25	0.7012701034545898	ambig_opp_strand	unspliced	12994	44	RIGEL_NRNA_chr2_2_178525988_178804642		RIGEL_NRNA_chr2_2_178525988_178804642	nrna
A00839:75:H7MFFDSXY:3:1565:2085:28526	chr2	178567266	178567415	True	-339	150M	255	0	25	0.14523708820343018	ambig_opp_strand	unspliced	12994	44	RIGEL_NRNA_chr2_1_178541746_178597681		RIGEL_NRNA_chr2_1_178541746_178597681	nrna
A00839:75:H7MFFDSXY:3:1277:19985:27555	chr2	178568998	178569147	False	372	150M	255	0	5	0.7060742974281311	ambig_opp_strand	unspliced	-1	44	.	.	.	mrna
A00839:75:H7MFFDSXY:3:1678:16034:21214	chr2	178566237	178566386	False	269	150M	255	0	25	0.7263747453689575	ambig_opp_strand	unspliced	12994	44	RIGEL_NRNA_chr2_2_178525988_178804642		RIGEL_NRNA_chr2_2_178525988_178804642	nrna
A00839:75:H7MFFDSXY:3:1559:4363:25113	chr2	178561881	178562030	True	-275	150M	255	0	25	0.2069871723651886	ambig_opp_strand	unspliced	12994	44	RIGEL_NRNA_chr2_1_178523417_178776534		RIGEL_NRNA_chr2_1_178523417_178776534	nrna
A00839:75:H7MFFDSXY:3:1465:25536:24298	chr2	178567826	178567975	False	292	150M	255	0	5	0.11072511970996857	ambig_opp_strand	unspliced	-1	44	.	.	.	mrna
A00839:75:H7MFFDSXY:3:1475:15628:12117	chr2	178566473	178566622	False	364	150M	255	0	3	0.03804051876068115	ambig_opp_strand	unspliced	12994	44	ENST00000460472.6	TTN	ENSG00000155657.29	mrna
A00839:75:H7MFFDSXY:3:1223:16631:3959	chr2	178567024	178567173	True	-221	150M	255	0	25	0.2105792909860611	ambig_opp_strand	unspliced	12994	44	RIGEL_NRNA_chr2_1_178523417_178776534		RIGEL_NRNA_chr2_1_178523417_178776534	nrna
A00839:75:H7MFFDSXY:3:1433:18394:26365	chr2	178569314	178569463	True	-258	150M	255	0	25	0.1662701815366745	ambig_opp_strand	unspliced	12994	44	RIGEL_NRNA_chr2_1_178540115_178582663		RIGEL_NRNA_chr2_1_178540115_178582663	nrna
A00839:75:H7MFFDSXY:3:1510:10601:13526	chr2	178561853	178562002	False	242	150M	255	0	25	0.7437459826469421	ambig_opp_strand	unspliced	12994	44	RIGEL_NRNA_chr2_2_178525988_178804642		RIGEL_NRNA_chr2_2_178525988_178804642	nrna
A00839:75:H7MFFDSXY:3:2663:6135:5635	chr2	178564137	178564286	True	-302	150M	255	0	25	0.16546793282032013	ambig_opp_strand	unspliced	12994	44	RIGEL_NRNA_chr2_1_178541746_178597681		RIGEL_NRNA_chr2_1_178541746_178597681	nrna
A00839:75:H7MFFDSXY:3:1405:22146:3270	chr2	178567674	178567823	False	394	150M	255	0	5	0.8573814034461975	ambig_opp_strand	unspliced	-1	44	.	.	.	mrna
A00839:75:H7MFFDSXY:3:1528:9579:5118	chr2	178562949	178563076	True	-128	128M	255	0	25	0.017166245728731155	ambig_opp_strand	unspliced	12994	44	RIGEL_NRNA_chr2_1_178528764_178738038		RIGEL_NRNA_chr2_1_178528764_178738038	nrna
A00839:75:H7MFFDSXY:3:1110:5330:1078	chr2	178569118	178569267	False	376	150M	255	0	5	0.7549564838409424	ambig_opp_strand	unspliced	-1	44	.	.	.	mrna
A00839:75:H7MFFDSXY:3:2129:32452:15327	chr2	178561491	178561638	False	0	148M2S	255	2	64	0.0	.	unspliced	-1	0	.	.	.	mrna
A00839:75:H7MFFDSXY:3:1510:6343:34147	chr2	178565613	178565762	True	-374	150M	255	0	25	0.07230819761753082	ambig_opp_strand	unspliced	12994	44	RIGEL_NRNA_chr2_1_178528764_178620148		RIGEL_NRNA_chr2_1_178528764_178620148	nrna
A00839:75:H7MFFDSXY:3:2131:9209:16845	chr2	178567344	178567493	True	-533	150M	255	1	5	0.7081900835037231	ambig_opp_strand	unspliced	-1	44	.	.	.	mrna
A00839:75:H7MFFDSXY:3:1456:26802:7200	chr2	178560287	178560436	False	500	150M	255	0	5	0.8811232447624207	ambig_opp_strand	unspliced	-1	44	.	.	.	mrna
A00839:75:H7MFFDSXY:3:1567:2627:29496	chr2	178569124	178569273	False	190	150M	255	0	25	0.7411126494407654	ambig_opp_strand	unspliced	12994	44	RIGEL_NRNA_chr2_2_178525988_178804642		RIGEL_NRNA_chr2_2_178525988_178804642	nrna
A00839:75:H7MFFDSXY:3:1244:20573:25473	chr2	178567416	178567565	False	363	150M	255	1	5	0.5917813777923584	ambig_opp_strand	unspliced	-1	44	.	.	.	mrna
A00839:75:H7MFFDSXY:3:1354:17842:28980	chr2	178564644	178564793	True	-199	150M	255	0	25	0.17870010435581207	ambig_opp_strand	unspliced	12994	44	RIGEL_NRNA_chr2_1_178539804_178576557		RIGEL_NRNA_chr2_1_178539804_178576557	nrna
A00839:75:H7MFFDSXY:3:1444:8874:14512	chr2	178561756	178561905	False	202	150M	255	1	3	0.07448101043701172	ambig_opp_strand	unspliced	12994	44	ENST00000342175.12	TTN	ENSG00000155657.29	mrna
A00839:75:H7MFFDSXY:3:2566:7238:2660	chr2	178560336	178560485	False	376	150M	255	0	5	0.7549564838409424	ambig_opp_strand	unspliced	-1	44	.	.	.	mrna
A00839:75:H7MFFDSXY:3:2659:28872:18709	chr2	178561776	178561925	False	259	150M	255	0	25	0.7347457408905029	ambig_opp_strand	unspliced	12994	44	RIGEL_NRNA_chr2_2_178525988_178804642		RIGEL_NRNA_chr2_2_178525988_178804642	nrna
A00839:75:H7MFFDSXY:3:1434:23647:19993	chr2	178566345	178566494	True	-279	150M	255	0	25	0.17005261778831482	ambig_opp_strand	unspliced	12994	44	RIGEL_NRNA_chr2_1_178541746_178597681		RIGEL_NRNA_chr2_1_178541746_178597681	nrna
A00839:75:H7MFFDSXY:3:2449:28682:14904	chr2	178563017	178563166	False	246	150M	255	0	25	0.7423760890960693	ambig_opp_strand	unspliced	12994	44	RIGEL_NRNA_chr2_2_178525988_178804642		RIGEL_NRNA_chr2_2_178525988_178804642	nrna
A00839:75:H7MFFDSXY:3:1562:26811:15483	chr2	178561348	178561497	False	444	150M	255	0	5	0.8704497814178467	ambig_opp_strand	unspliced	-1	44	.	.	.	mrna
A00839:75:H7MFFDSXY:3:2115:7898:16141	chr2	178561664	178561813	False	248	150M	255	0	25	0.7415463924407959	ambig_opp_strand	unspliced	12994	44	RIGEL_NRNA_chr2_2_178525988_178804642		RIGEL_NRNA_chr2_2_178525988_178804642	nrna
A00839:75:H7MFFDSXY:3:1320:29270:5243	chr2	178563644	178563793	False	371	150M	255	1	25	0.230300635099411	ambig_opp_strand	unspliced	12994	44	RIGEL_NRNA_chr2_2_178525988_178804642		RIGEL_NRNA_chr2_2_178525988_178804642	nrna
A00839:75:H7MFFDSXY:3:2264:14877:10598	chr2	178567315	178567464	False	278	150M	255	1	25	0.7173945903778076	ambig_opp_strand	unspliced	12994	44	RIGEL_NRNA_chr2_2_178525988_178804642		RIGEL_NRNA_chr2_2_178525988_178804642	nrna
A00839:75:H7MFFDSXY:3:2373:20148:20948	chr2	178567165	178567314	True	-416	150M	255	1	25	0.05340074747800827	ambig_opp_strand	unspliced	12994	44	RIGEL_NRNA_chr2_1_178523417_178776534		RIGEL_NRNA_chr2_1_178523417_178776534	nrna
A00839:75:H7MFFDSXY:3:2478:6668:19648	chr2	178562774	178562923	True	-206	150M	255	1	25	0.17333394289016724	ambig_opp_strand	unspliced	12994	44	RIGEL_NRNA_chr2_1_178541746_178597681		RIGEL_NRNA_chr2_1_178541746_178597681	nrna
A00839:75:H7MFFDSXY:3:2666:6027:33818	chr2	178569792	178569941	False	191	150M	255	5	25	0.7410321235656738	ambig_opp_strand	unspliced	12994	44	RIGEL_NRNA_chr2_2_178525988_178804642		RIGEL_NRNA_chr2_2_178525988_178804642	nrna
A00839:75:H7MFFDSXY:3:1149:17246:3208	chr2	178562309	178562456	False	332	148M2S	255	0	25	0.5723742842674255	ambig_opp_strand	unspliced	12994	44	RIGEL_NRNA_chr2_2_178525988_178804642		RIGEL_NRNA_chr2_2_178525988_178804642	nrna
A00839:75:H7MFFDSXY:3:1376:23484:15013	chr2	178561367	178561516	True	-185	150M	255	1	25	0.20964932441711426	ambig_opp_strand	unspliced	12994	44	RIGEL_NRNA_chr2_1_178523417_178776534		RIGEL_NRNA_chr2_1_178523417_178776534	nrna
A00839:75:H7MFFDSXY:3:2645:10610:23062	chr2	178563874	178564023	False	158	150M	255	0	25	0.7149964570999146	ambig_opp_strand	unspliced	12994	44	RIGEL_NRNA_chr2_2_178525988_178804642		RIGEL_NRNA_chr2_2_178525988_178804642	nrna
A00839:75:H7MFFDSXY:3:2427:10574:3427	chr2	178561659	178561808	True	-224	150M	255	2	25	0.2105800360441208	ambig_opp_strand	unspliced	12994	44	RIGEL_NRNA_chr2_1_178523417_178776534		RIGEL_NRNA_chr2_1_178523417_178776534	nrna
A00839:75:H7MFFDSXY:3:1203:13584:28181	chr2	178566208	178566357	True	-393	150M	255	0	5	0.7521611452102661	ambig_opp_strand	unspliced	-1	44	.	.	.	mrna
A00839:75:H7MFFDSXY:3:2160:12319:17566	chr2	178563267	178563416	True	-463	150M	255	0	25	0.05206893011927605	ambig_opp_strand	unspliced	12994	44	RIGEL_NRNA_chr2_1_178523417_178776534		RIGEL_NRNA_chr2_1_178523417_178776534	nrna
A00839:75:H7MFFDSXY:3:2427:13955:12226	chr2	178562154	178562303	False	346	150M	255	0	5	0.3963314890861511	ambig_opp_strand	unspliced	-1	44	.	.	.	mrna
A00839:75:H7MFFDSXY:3:2503:19958:2174	chr2	178565798	178565947	False	268	150M	255	1	25	0.7275502681732178	ambig_opp_strand	unspliced	12994	44	RIGEL_NRNA_chr2_2_178525988_178804642		RIGEL_NRNA_chr2_2_178525988_178804642	nrna
A00839:75:H7MFFDSXY:3:2153:16369:7138	chr2	178567065	178567214	False	467	150M	255	0	5	0.8761147856712341	ambig_opp_strand	unspliced	-1	44	.	.	.	mrna
A00839:75:H7MFFDSXY:3:2252:27570:16924	chr2	178565949	178566098	True	-308	150M	255	1	25	0.01895950548350811	ambig_opp_strand	unspliced	12994	44	RIGEL_NRNA_chr2_1_178528739_178584816		RIGEL_NRNA_chr2_1_178528739_178584816	nrna
A00839:75:H7MFFDSXY:3:1204:24786:2206	chr2	178565150	178565299	True	-381	150M	255	0	25	0.07520047575235367	ambig_opp_strand	unspliced	12994	44	RIGEL_NRNA_chr2_1_178523417_178776534		RIGEL_NRNA_chr2_1_178523417_178776534	nrna
A00839:75:H7MFFDSXY:3:1413:30599:26177	chr2	178560157	178560306	True	-266	150M	255	0	25	0.1715623140335083	ambig_opp_strand	unspliced	12994	44	RIGEL_NRNA_chr2_1_178541746_178597681		RIGEL_NRNA_chr2_1_178541746_178597681	nrna
A00839:75:H7MFFDSXY:3:1143:6804:23077	chr2	178566638	178566787	False	313	150M	255	0	25	0.6488268971443176	ambig_opp_strand	unspliced	12994	44	RIGEL_NRNA_chr2_2_178525988_178804642		RIGEL_NRNA_chr2_2_178525988_178804642	nrna
A00839:75:H7MFFDSXY:3:1506:1316:8500	chr2	178568494	178568643	True	-341	150M	255	0	25	0.14672160148620605	ambig_opp_strand	unspliced	12994	44	RIGEL_NRNA_chr2_1_178539804_178576557		RIGEL_NRNA_chr2_1_178539804_178576557	nrna
A00839:75:H7MFFDSXY:3:2350:14588:1110	chr2	178562840	178562989	True	-271	150M	255	0	25	0.1710127741098404	ambig_opp_strand	unspliced	12994	44	RIGEL_NRNA_chr2_1_178541746_178597681		RIGEL_NRNA_chr2_1_178541746_178597681	nrna
A00839:75:H7MFFDSXY:3:1349:5710:5556	chr2	178561708	178561857	False	161	150M	255	0	3	0.022510042414069176	ambig_opp_strand	unspliced	12994	44	ENST00000412264.2	TTN	ENSG00000155657.29	mrna
A00839:75:H7MFFDSXY:3:2525:25626:31281	chr2	178565875	178566024	True	-299	150M	255	0	25	0.2020682692527771	ambig_opp_strand	unspliced	12994	44	RIGEL_NRNA_chr2_1_178523417_178776534		RIGEL_NRNA_chr2_1_178523417_178776534	nrna
A00839:75:H7MFFDSXY:3:1535:5846:30154	chr2	178562983	178563132	True	-414	150M	255	0	25	0.043537579476833344	ambig_opp_strand	unspliced	12994	44	RIGEL_NRNA_chr2_1_178539804_178576557		RIGEL_NRNA_chr2_1_178539804_178576557	nrna
A00839:75:H7MFFDSXY:3:1112:28474:5118	chr2	178563745	178563894	False	383	150M	255	0	5	0.8257888555526733	ambig_opp_strand	unspliced	-1	44	.	.	.	mrna
A00839:75:H7MFFDSXY:3:1453:10294:18537	chr2	178565904	178566053	True	-358	150M	255	0	25	0.11897225677967072	ambig_opp_strand	unspliced	12994	44	RIGEL_NRNA_chr2_1_178539804_178576557		RIGEL_NRNA_chr2_1_178539804_178576557	nrna
A00839:75:H7MFFDSXY:3:1610:6533:7733	chr2	178564765	178564914	False	245	150M	255	2	3	0.0910574272274971	ambig_opp_strand	unspliced	12994	44	ENST00000460472.6	TTN	ENSG00000155657.29	mrna
A00839:75:H7MFFDSXY:3:1374:1443:4241	chr2	178568578	178568727	False	382	150M	255	0	5	0.8230653405189514	ambig_opp_strand	unspliced	-1	44	.	.	.	mrna
A00839:75:H7MFFDSXY:3:1574:11831:5384	chr2	178565906	178566055	True	-282	150M	255	0	25	0.1637495905160904	ambig_opp_strand	unspliced	12994	44	RIGEL_NRNA_chr2_1_178540115_178582663		RIGEL_NRNA_chr2_1_178540115_178582663	nrna
A00839:75:H7MFFDSXY:3:2246:19533:6699	chr2	178567206	178567355	True	-262	150M	255	0	25	0.17735496163368225	ambig_opp_strand	unspliced	12994	44	RIGEL_NRNA_chr2_1_178539804_178576557		RIGEL_NRNA_chr2_1_178539804_178576557	nrna
A00839:75:H7MFFDSXY:3:1558:7536:13761	chr2	178561087	178561236	False	388	150M	255	0	5	0.8550167083740234	ambig_opp_strand	unspliced	-1	44	.	.	.	mrna
A00839:75:H7MFFDSXY:3:2107:23122:10285	chr2	178569299	178569448	True	-495	150M	255	0	5	0.7387452721595764	ambig_opp_strand	unspliced	-1	44	.	.	.	mrna
A00839:75:H7MFFDSXY:3:1641:17698:17362	chr2	178563171	178563320	False	242	150M	255	0	25	0.7437459826469421	ambig_opp_strand	unspliced	12994	44	RIGEL_NRNA_chr2_2_178525988_178804642		RIGEL_NRNA_chr2_2_178525988_178804642	nrna
A00839:75:H7MFFDSXY:3:2262:27570:20087	chr2	178560643	178560792	True	-229	150M	255	0	25	0.2104901820421219	ambig_opp_strand	unspliced	12994	44	RIGEL_NRNA_chr2_1_178523417_178776534		RIGEL_NRNA_chr2_1_178523417_178776534	nrna
A00839:75:H7MFFDSXY:3:2475:30951:10880	chr2	178569367	178569516	True	-436	150M	255	0	25	0.04783349856734276	ambig_opp_strand	unspliced	12994	44	RIGEL_NRNA_chr2_1_178539804_178576557		RIGEL_NRNA_chr2_1_178539804_178576557	nrna
A00839:75:H7MFFDSXY:3:1236:29225:33473	chr2	178562527	178562676	True	-413	150M	255	0	5	0.7736473679542542	ambig_opp_strand	unspliced	-1	44	.	.	.	mrna
A00839:75:H7MFFDSXY:3:1319:31186:5181	chr2	178568495	178568644	True	-354	150M	255	0	25	0.1259024441242218	ambig_opp_strand	unspliced	12994	44	RIGEL_NRNA_chr2_1_178539804_178576557		RIGEL_NRNA_chr2_1_178539804_178576557	nrna
A00839:75:H7MFFDSXY:3:1137:20220:9549	chr2	178562666	178562815	True	-363	150M	255	0	25	0.10221204161643982	ambig_opp_strand	unspliced	12994	44	RIGEL_NRNA_chr2_1_178540115_178582663		RIGEL_NRNA_chr2_1_178540115_178582663	nrna
A00839:75:H7MFFDSXY:3:2124:17011:29387	chr2	178566579	178566728	False	178	150M	255	0	25	0.7356305122375488	ambig_opp_strand	unspliced	12994	44	RIGEL_NRNA_chr2_2_178525988_178804642		RIGEL_NRNA_chr2_2_178525988_178804642	nrna
A00839:75:H7MFFDSXY:3:1509:23321:14512	chr2	178561964	178562113	True	-311	150M	255	0	25	0.1567986011505127	ambig_opp_strand	unspliced	12994	44	RIGEL_NRNA_chr2_1_178540115_178582663		RIGEL_NRNA_chr2_1_178540115_178582663	nrna
A00839:75:H7MFFDSXY:3:2325:31313:30671	chr2	178566976	178567125	True	-410	150M	255	3	5	0.7482640743255615	ambig_opp_strand	unspliced	-1	44	.	.	.	mrna
A00839:75:H7MFFDSXY:3:1468:4453:26052	chr2	178564963	178565112	True	-337	150M	255	0	25	0.14658302068710327	ambig_opp_strand	unspliced	12994	44	RIGEL_NRNA_chr2_1_178541746_178597681		RIGEL_NRNA_chr2_1_178541746_178597681	nrna
A00839:75:H7MFFDSXY:3:1602:20537:27759	chr2	178563660	178563809	True	-255	150M	255	0	25	0.20935319364070892	ambig_opp_strand	unspliced	12994	44	RIGEL_NRNA_chr2_1_178523417_178776534		RIGEL_NRNA_chr2_1_178523417_178776534	nrna
A00839:75:H7MFFDSXY:3:1326:19849:21966	chr2	178561375	178561524	True	-326	150M	255	0	25	0.1552356630563736	ambig_opp_strand	unspliced	12994	44	RIGEL_NRNA_chr2_1_178541746_178597681		RIGEL_NRNA_chr2_1_178541746_178597681	nrna
A00839:75:H7MFFDSXY:3:2347:18322:1971	chr2	178561513	178561662	False	437	150M	255	0	5	0.8721042275428772	ambig_opp_strand	unspliced	-1	44	.	.	.	mrna
A00839:75:H7MFFDSXY:3:1162:13277:9079	chr2	178565936	178566085	True	-274	150M	255	0	5	0.04071000590920448	ambig_opp_strand	unspliced	-1	44	.	.	.	mrna
A00839:75:H7MFFDSXY:3:2123:30789:3427	chr2	178569985	178570134	True	-298	150M	255	0	25	0.20234818756580353	ambig_opp_strand	unspliced	12994	44	RIGEL_NRNA_chr2_1_178523417_178776534		RIGEL_NRNA_chr2_1_178523417_178776534	nrna
A00839:75:H7MFFDSXY:3:2428:15311:22999	chr2	178567014	178567163	False	232	150M	255	0	25	0.7456583976745605	ambig_opp_strand	unspliced	12994	44	RIGEL_NRNA_chr2_2_178525988_178804642		RIGEL_NRNA_chr2_2_178525988_178804642	nrna
A00839:75:H7MFFDSXY:3:2128:31123:12680	chr2	178564529	178564678	False	173	150M	255	0	25	0.7328771948814392	ambig_opp_strand	unspliced	12994	44	RIGEL_NRNA_chr2_2_178525988_178804642		RIGEL_NRNA_chr2_2_178525988_178804642	nrna
A00839:75:H7MFFDSXY:3:2265:29414:30389	chr2	178561110	178561259	False	340	150M	255	0	3	0.05209039896726608	ambig_opp_strand	unspliced	12994	44	ENST00000342175.12	TTN	ENSG00000155657.29	mrna
A00839:75:H7MFFDSXY:3:2664:17535:34334	chr2	178566297	178566446	True	-369	150M	255	0	25	0.11007567495107651	ambig_opp_strand	unspliced	12994	44	RIGEL_NRNA_chr2_1_178523417_178776534		RIGEL_NRNA_chr2_1_178523417_178776534	nrna
A00839:75:H7MFFDSXY:3:1334:30960:17472	chr2	178561881	178562030	True	-253	150M	255	0	25	0.1780981719493866	ambig_opp_strand	unspliced	12994	44	RIGEL_NRNA_chr2_1_178539804_178576557		RIGEL_NRNA_chr2_1_178539804_178576557	nrna
A00839:75:H7MFFDSXY:3:2518:3522:1986	chr2	178565477	178565626	False	260	150M	255	1	3	0.08998002111911774	ambig_opp_strand	unspliced	12994	44	ENST00000460472.6	TTN	ENSG00000155657.29	mrna
A00839:75:H7MFFDSXY:3:2240:24397:27461	chr2	178564153	178564302	False	503	150M	255	0	5	0.8506067395210266	ambig_opp_strand	unspliced	-1	44	.	.	.	mrna
A00839:75:H7MFFDSXY:3:1313:3088:4554	chr2	178565381	178565530	False	291	150M	255	0	25	0.7012701034545898	ambig_opp_strand	unspliced	12994	44	RIGEL_NRNA_chr2_2_178525988_178804642		RIGEL_NRNA_chr2_2_178525988_178804642	nrna
A00839:75:H7MFFDSXY:3:1242:31268:5541	chr2	178568611	178568760	True	-310	150M	255	0	25	0.16291475296020508	ambig_opp_strand	unspliced	12994	44	RIGEL_NRNA_chr2_1_178541746_178597681		RIGEL_NRNA_chr2_1_178541746_178597681	nrna
A00839:75:H7MFFDSXY:3:1140:28393:10050	chr2	178568906	178569055	True	-189	150M	255	0	25	0.17287854850292206	ambig_opp_strand	unspliced	12994	44	RIGEL_NRNA_chr2_1_178541746_178597681		RIGEL_NRNA_chr2_1_178541746_178597681	nrna
A00839:75:H7MFFDSXY:3:1601:29794:36338	chr2	178568768	178568917	True	-347	150M	255	0	25	0.138363778591156	ambig_opp_strand	unspliced	12994	44	RIGEL_NRNA_chr2_1_178539804_178576557		RIGEL_NRNA_chr2_1_178539804_178576557	nrna
A00839:75:H7MFFDSXY:3:2359:22173:10864	chr2	178560501	178560650	False	297	150M	255	0	25	0.6904120445251465	ambig_opp_strand	unspliced	12994	44	RIGEL_NRNA_chr2_2_178525988_178804642		RIGEL_NRNA_chr2_2_178525988_178804642	nrna
A00839:75:H7MFFDSXY:3:1338:15944:4492	chr2	178566714	178566863	True	-227	150M	255	0	25	0.17342409491539001	ambig_opp_strand	unspliced	12994	44	RIGEL_NRNA_chr2_1_178541746_178597681		RIGEL_NRNA_chr2_1_178541746_178597681	nrna
A00839:75:H7MFFDSXY:3:1447:4544:30530	chr2	178561313	178561462	True	-351	150M	255	0	25	0.12068311870098114	ambig_opp_strand	unspliced	12994	44	RIGEL_NRNA_chr2_1_178528764_178620148		RIGEL_NRNA_chr2_1_178528764_178620148	nrna
A00839:75:H7MFFDSXY:3:1645:4200:23140	chr2	178561444	178561584	True	-141	141M	255	0	25	0.15932971239089966	ambig_opp_strand	unspliced	12994	44	RIGEL_NRNA_chr2_1_178540115_178582663		RIGEL_NRNA_chr2_1_178540115_178582663	nrna
A00839:75:H7MFFDSXY:3:1458:2356:5822	chr2	178566373	178566522	False	214	150M	255	0	25	0.746132493019104	ambig_opp_strand	unspliced	12994	44	RIGEL_NRNA_chr2_2_178525988_178804642		RIGEL_NRNA_chr2_2_178525988_178804642	nrna
A00839:75:H7MFFDSXY:3:1161:10954:32769	chr2	178566649	178566798	True	-259	150M	255	0	25	0.17761734127998352	ambig_opp_strand	unspliced	12994	44	RIGEL_NRNA_chr2_1_178539804_178576557		RIGEL_NRNA_chr2_1_178539804_178576557	nrna
A00839:75:H7MFFDSXY:3:1216:10529:34601	chr2	178565194	178565343	True	-344	150M	255	0	25	0.030605675652623177	ambig_opp_strand	unspliced	12994	44	RIGEL_NRNA_chr2_1_178528739_178633078		RIGEL_NRNA_chr2_1_178528739_178633078	nrna
A00839:75:H7MFFDSXY:3:1516:27941:24142	chr2	178561697	178561846	True	-330	150M	255	0	25	0.18585613369941711	ambig_opp_strand	unspliced	12994	44	RIGEL_NRNA_chr2_1_178523417_178776534		RIGEL_NRNA_chr2_1_178523417_178776534	nrna
A00839:75:H7MFFDSXY:3:2447:21133:11537	chr2	178566637	178566786	False	362	150M	255	0	25	0.3256402313709259	ambig_opp_strand	unspliced	12994	44	RIGEL_NRNA_chr2_2_178525988_178804642		RIGEL_NRNA_chr2_2_178525988_178804642	nrna
A00839:75:H7MFFDSXY:3:1328:26603:34788	chr2	178561822	178561971	False	297	150M	255	0	25	0.6904120445251465	ambig_opp_strand	unspliced	12994	44	RIGEL_NRNA_chr2_2_178525988_178804642		RIGEL_NRNA_chr2_2_178525988_178804642	nrna
A00839:75:H7MFFDSXY:3:2434:8015:26490	chr2	178565304	178565453	False	382	150M	255	0	5	0.8230654001235962	ambig_opp_strand	unspliced	-1	44	.	.	.	mrna
A00839:75:H7MFFDSXY:3:1510:23637:31125	chr2	178567770	178567919	False	296	150M	255	0	3	0.06923424452543259	ambig_opp_strand	unspliced	12994	44	ENST00000342175.12	TTN	ENSG00000155657.29	mrna
A00839:75:H7MFFDSXY:3:1523:29930:15687	chr2	178563769	178563918	True	-289	150M	255	0	25	0.1685866117477417	ambig_opp_strand	unspliced	12994	44	RIGEL_NRNA_chr2_1_178541746_178597681		RIGEL_NRNA_chr2_1_178541746_178597681	nrna
A00839:75:H7MFFDSXY:3:2640:13765:35822	chr2	178564660	178564809	True	-281	150M	255	0	25	0.2060690075159073	ambig_opp_strand	unspliced	12994	44	RIGEL_NRNA_chr2_1_178523417_178776534		RIGEL_NRNA_chr2_1_178523417_178776534	nrna
A00839:75:H7MFFDSXY:3:1445:18602:35430	chr2	178568603	178568752	True	-394	150M	255	0	5	0.7381893992424011	ambig_opp_strand	unspliced	-1	44	.	.	.	mrna
A00839:75:H7MFFDSXY:3:1272:28546:35336	chr2	178562991	178563140	True	-188	150M	255	0	25	0.17278984189033508	ambig_opp_strand	unspliced	12994	44	RIGEL_NRNA_chr2_1_178541746_178597681		RIGEL_NRNA_chr2_1_178541746_178597681	nrna
A00839:75:H7MFFDSXY:3:2534:18023:21465	chr2	178566876	178567025	True	-282	150M	255	2	25	0.2059321254491806	ambig_opp_strand	unspliced	12994	44	RIGEL_NRNA_chr2_1_178523417_178776534		RIGEL_NRNA_chr2_1_178523417_178776534	nrna
A00839:75:H7MFFDSXY:3:1516:14281:18020	chr2	178565212	178565361	False	304	150M	255	0	25	0.6738656759262085	ambig_opp_strand	unspliced	12994	44	RIGEL_NRNA_chr2_2_178525988_178804642		RIGEL_NRNA_chr2_2_178525988_178804642	nrna
A00839:75:H7MFFDSXY:3:2227:21052:23328	chr2	178564856	178565005	True	-199	150M	255	0	25	0.1672060191631317	ambig_opp_strand	unspliced	12994	44	RIGEL_NRNA_chr2_1_178540115_178582663		RIGEL_NRNA_chr2_1_178540115_178582663	nrna
A00839:75:H7MFFDSXY:3:2536:25012:34225	chr2	178562667	178562816	True	-249	150M	255	4	25	0.1728695183992386	ambig_opp_strand	unspliced	12994	44	RIGEL_NRNA_chr2_1_178541746_178597681		RIGEL_NRNA_chr2_1_178541746_178597681	nrna
A00839:75:H7MFFDSXY:3:1225:13910:35415	chr2	178565537	178565686	True	-310	150M	255	0	25	0.15728111565113068	ambig_opp_strand	unspliced	12994	44	RIGEL_NRNA_chr2_1_178540115_178582663		RIGEL_NRNA_chr2_1_178540115_178582663	nrna
A00839:75:H7MFFDSXY:3:2654:28420:12602	chr2	178569023	178569172	True	-223	150M	255	0	25	0.17901508510112762	ambig_opp_strand	unspliced	12994	44	RIGEL_NRNA_chr2_1_178539804_178576557		RIGEL_NRNA_chr2_1_178539804_178576557	nrna
A00839:75:H7MFFDSXY:3:1346:23556:29512	chr2	178569455	178569604	False	435	150M	255	0	5	0.8503594994544983	ambig_opp_strand	unspliced	-1	44	.	.	.	mrna
A00839:75:H7MFFDSXY:3:1341:29532:31814	chr2	178563747	178563896	False	383	150M	255	0	5	0.8257889151573181	ambig_opp_strand	unspliced	-1	44	.	.	.	mrna
A00839:75:H7MFFDSXY:3:1351:32768:15655	chr2	178560409	178560558	False	209	150M	255	0	25	0.7457795143127441	ambig_opp_strand	unspliced	12994	44	RIGEL_NRNA_chr2_2_178525988_178804642		RIGEL_NRNA_chr2_2_178525988_178804642	nrna
A00839:75:H7MFFDSXY:3:1516:8260:32957	chr2	178565032	178565181	False	389	150M	255	0	5	0.8677235841751099	ambig_opp_strand	unspliced	-1	44	.	.	.	mrna
A00839:75:H7MFFDSXY:3:2203:10077:11678	chr2	178561777	178561926	True	-267	150M	255	0	25	0.1654554307460785	ambig_opp_strand	unspliced	12994	44	RIGEL_NRNA_chr2_1_178540115_178582663		RIGEL_NRNA_chr2_1_178540115_178582663	nrna
A00839:75:H7MFFDSXY:3:2135:25265:11303	chr2	178562489	178562638	True	-235	150M	255	0	25	0.17880554497241974	ambig_opp_strand	unspliced	12994	44	RIGEL_NRNA_chr2_1_178539804_178576557		RIGEL_NRNA_chr2_1_178539804_178576557	nrna
A00839:75:H7MFFDSXY:3:2333:15365:17801	chr2	178563575	178563724	True	-304	150M	255	0	25	0.16490429639816284	ambig_opp_strand	unspliced	12994	44	RIGEL_NRNA_chr2_1_178541746_178597681		RIGEL_NRNA_chr2_1_178541746_178597681	nrna
A00839:75:H7MFFDSXY:3:2422:24731:24846	chr2	178567641	178567790	False	357	150M	255	0	25	0.3796462416648865	ambig_opp_strand	unspliced	12994	44	RIGEL_NRNA_chr2_2_178525988_178804642		RIGEL_NRNA_chr2_2_178525988_178804642	nrna
A00839:75:H7MFFDSXY:3:1664:11776:10989	chr2	178560683	178560832	False	176	150M	255	0	25	0.7333320379257202	ambig_opp_strand	unspliced	12994	44	RIGEL_NRNA_chr2_2_178525988_178804642		RIGEL_NRNA_chr2_2_178525988_178804642	nrna
A00839:75:H7MFFDSXY:3:1542:20256:33191	chr2	178567809	178567958	True	-247	150M	255	0	25	0.17844799160957336	ambig_opp_strand	unspliced	12994	44	RIGEL_NRNA_chr2_1_178539804_178576557		RIGEL_NRNA_chr2_1_178539804_178576557	nrna
A00839:75:H7MFFDSXY:3:1652:16315:34757	chr2	178562104	178562253	False	339	150M	255	0	25	0.5319721698760986	ambig_opp_strand	unspliced	12994	44	RIGEL_NRNA_chr2_2_178525988_178804642		RIGEL_NRNA_chr2_2_178525988_178804642	nrna
A00839:75:H7MFFDSXY:3:2366:13675:21073	chr2	178562426	178562575	False	226	150M	255	0	25	0.7461573481559753	ambig_opp_strand	unspliced	12994	44	RIGEL_NRNA_chr2_2_178525988_178804642		RIGEL_NRNA_chr2_2_178525988_178804642	nrna
A00839:75:H7MFFDSXY:3:2664:13901:19648	chr2	178561433	178561582	True	-408	150M	255	0	25	0.05088822916150093	ambig_opp_strand	unspliced	12994	44	RIGEL_NRNA_chr2_1_178523417_178776534		RIGEL_NRNA_chr2_1_178523417_178776534	nrna
A00839:75:H7MFFDSXY:3:2565:13765:3662	chr2	178560301	178560450	False	179	150M	255	0	5	0.06464352458715439	ambig_opp_strand	unspliced	-1	44	.	.	.	mrna
A00839:75:H7MFFDSXY:3:2503:4580:34601	chr2	178566802	178566951	False	341	150M	255	0	5	0.34837061166763306	ambig_opp_strand	unspliced	-1	44	.	.	.	mrna
A00839:75:H7MFFDSXY:3:1103:29125:19179	chr2	178561772	178561921	False	443	150M	255	0	5	0.8926600217819214	ambig_opp_strand	unspliced	-1	44	.	.	.	mrna
A00839:75:H7MFFDSXY:3:2554:18828:34162	chr2	178569164	178569313	True	-348	150M	255	0	25	0.13783155381679535	ambig_opp_strand	unspliced	12994	44	RIGEL_NRNA_chr2_1_178539804_178576557		RIGEL_NRNA_chr2_1_178539804_178576557	nrna
A00839:75:H7MFFDSXY:3:1150:13693:8359	chr2	178560753	178560902	True	-350	150M	255	0	25	0.014191489666700363	ambig_opp_strand	unspliced	12994	44	RIGEL_NRNA_chr2_1_178528764_178738038		RIGEL_NRNA_chr2_1_178528764_178738038	nrna
A00839:75:H7MFFDSXY:3:1510:17038:16752	chr2	178569944	178570093	True	-455	150M	255	0	5	0.777315616607666	ambig_opp_strand	unspliced	-1	44	.	.	.	mrna
A00839:75:H7MFFDSXY:3:1170:27462:12101	chr2	178569171	178569320	False	213	150M	255	0	25	0.7460277676582336	ambig_opp_strand	unspliced	12994	44	RIGEL_NRNA_chr2_2_178525988_178804642		RIGEL_NRNA_chr2_2_178525988_178804642	nrna
A00839:75:H7MFFDSXY:3:2305:18530:20275	chr2	178567951	178568100	True	-239	150M	255	0	25	0.17324213683605194	ambig_opp_strand	unspliced	12994	44	RIGEL_NRNA_chr2_1_178541746_178597681		RIGEL_NRNA_chr2_1_178541746_178597681	nrna
A00839:75:H7MFFDSXY:3:1113:31919:36824	chr2	178569241	178569361	False	121	121M	255	0	3	0.05589720979332924	ambig_opp_strand	unspliced	12994	44	ENST00000342175.12	TTN	ENSG00000155657.29	mrna
A00839:75:H7MFFDSXY:3:2471:22290:8782	chr2	178563866	178564015	False	331	150M	255	0	25	0.5785916447639465	ambig_opp_strand	unspliced	12994	44	RIGEL_NRNA_chr2_2_178525988_178804642		RIGEL_NRNA_chr2_2_178525988_178804642	nrna
A00839:75:H7MFFDSXY:3:2223:20003:34507	chr2	178567930	178568079	True	-188	150M	255	0	25	0.018906867131590843	ambig_opp_strand	unspliced	12994	44	RIGEL_NRNA_chr2_1_178528764_178738038		RIGEL_NRNA_chr2_1_178528764_178738038	nrna
A00839:75:H7MFFDSXY:3:2160:26476:27398	chr2	178563712	178563861	True	-295	150M	255	0	25	0.03706059977412224	ambig_opp_strand	unspliced	12994	44	RIGEL_NRNA_chr2_1_178528739_178633078		RIGEL_NRNA_chr2_1_178528739_178633078	nrna
A00839:75:H7MFFDSXY:3:1551:2790:12242	chr2	178567927	178568076	True	-243	150M	255	0	25	0.21014662086963654	ambig_opp_strand	unspliced	12994	44	RIGEL_NRNA_chr2_1_178523417_178776534		RIGEL_NRNA_chr2_1_178523417_178776534	nrna
A00839:75:H7MFFDSXY:3:1122:29604:28494	chr2	178563598	178563747	True	-226	150M	255	0	25	0.1734350323677063	ambig_opp_strand	unspliced	12994	44	RIGEL_NRNA_chr2_1_178541746_178597681		RIGEL_NRNA_chr2_1_178541746_178597681	nrna
A00839:75:H7MFFDSXY:3:1561:26232:13542	chr2	178563290	178563439	True	-514	150M	255	0	5	0.7463992238044739	ambig_opp_strand	unspliced	-1	44	.	.	.	mrna
A00839:75:H7MFFDSXY:3:1501:17571:22122	chr2	178569878	178570023	True	-234	146M	255	0	25	0.16323810815811157	ambig_opp_strand	unspliced	12994	44	RIGEL_NRNA_chr2_1_178528764_178620148		RIGEL_NRNA_chr2_1_178528764_178620148	nrna
A00839:75:H7MFFDSXY:3:1319:29884:5995	chr2	178564409	178564558	False	189	150M	255	0	25	0.7412096261978149	ambig_opp_strand	unspliced	12994	44	RIGEL_NRNA_chr2_2_178525988_178804642		RIGEL_NRNA_chr2_2_178525988_178804642	nrna
A00839:75:H7MFFDSXY:3:2237:6876:35258	chr2	178566934	178567083	True	-246	150M	255	0	25	0.16297246515750885	ambig_opp_strand	unspliced	12994	44	RIGEL_NRNA_chr2_1_178528764_178620148		RIGEL_NRNA_chr2_1_178528764_178620148	nrna
A00839:75:H7MFFDSXY:3:1449:2193:34413	chr2	178568692	178568841	False	427	150M	255	0	5	0.8653677105903625	ambig_opp_strand	unspliced	-1	44	.	.	.	mrna
A00839:75:H7MFFDSXY:3:1534:2013:22138	chr2	178560378	178560527	True	-331	150M	255	0	25	0.15701928734779358	ambig_opp_strand	unspliced	12994	44	RIGEL_NRNA_chr2_1_178539804_178576557		RIGEL_NRNA_chr2_1_178539804_178576557	nrna
A00839:75:H7MFFDSXY:3:1370:12933:28620	chr2	178565511	178565660	True	-219	150M	255	0	25	0.21064528822898865	ambig_opp_strand	unspliced	12994	44	RIGEL_NRNA_chr2_1_178523417_178776534		RIGEL_NRNA_chr2_1_178523417_178776534	nrna
A00839:75:H7MFFDSXY:3:1564:14018:29246	chr2	178561838	178561986	True	-313	149M1S	255	0	25	0.16687628626823425	ambig_opp_strand	unspliced	12994	44	RIGEL_NRNA_chr2_1_178539804_178576557		RIGEL_NRNA_chr2_1_178539804_178576557	nrna
A00839:75:H7MFFDSXY:3:2463:31024:12352	chr2	178565243	178565381	True	-139	139M	255	0	25	0.1587493121623993	ambig_opp_strand	unspliced	12994	44	RIGEL_NRNA_chr2_1_178540115_178582663		RIGEL_NRNA_chr2_1_178540115_178582663	nrna
A00839:75:H7MFFDSXY:3:1615:5900:22514	chr2	178564126	178564275	True	-265	150M	255	0	25	0.17701804637908936	ambig_opp_strand	unspliced	12994	44	RIGEL_NRNA_chr2_1_178539804_178576557		RIGEL_NRNA_chr2_1_178539804_178576557	nrna
A00839:75:H7MFFDSXY:3:1612:31684:23077	chr2	178563290	178563439	True	-333	150M	255	0	25	0.15031684935092926	ambig_opp_strand	unspliced	12994	44	RIGEL_NRNA_chr2_1_178541746_178597681		RIGEL_NRNA_chr2_1_178541746_178597681	nrna
A00839:75:H7MFFDSXY:3:1106:14443:6590	chr2	178561471	178561620	True	-361	150M	255	0	5	0.37828660011291504	ambig_opp_strand	unspliced	-1	44	.	.	.	mrna
A00839:75:H7MFFDSXY:3:2239:15817:4899	chr2	178567508	178567657	True	-303	150M	255	0	25	0.20066231489181519	ambig_opp_strand	unspliced	12994	44	RIGEL_NRNA_chr2_1_178523417_178776534		RIGEL_NRNA_chr2_1_178523417_178776534	nrna
A00839:75:H7MFFDSXY:3:2163:25861:9142	chr2	178567673	178567822	False	301	150M	255	0	25	0.6809026598930359	ambig_opp_strand	unspliced	12994	44	RIGEL_NRNA_chr2_2_178525988_178804642		RIGEL_NRNA_chr2_2_178525988_178804642	nrna
A00839:75:H7MFFDSXY:3:1507:18973:16250	chr2	178561858	178562007	True	-225	150M	255	0	25	0.16747628152370453	ambig_opp_strand	unspliced	12994	44	RIGEL_NRNA_chr2_1_178540115_178582663		RIGEL_NRNA_chr2_1_178540115_178582663	nrna
A00839:75:H7MFFDSXY:3:1471:1371:20024	chr2	178569472	178569621	True	-273	150M	255	0	25	0.20739638805389404	ambig_opp_strand	unspliced	12994	44	RIGEL_NRNA_chr2_1_178523417_178776534		RIGEL_NRNA_chr2_1_178523417_178776534	nrna
A00839:75:H7MFFDSXY:3:2439:5231:32377	chr2	178566591	178566740	True	-410	150M	255	0	5	0.7482640743255615	ambig_opp_strand	unspliced	-1	44	.	.	.	mrna
A00839:75:H7MFFDSXY:3:1665:1090:2848	chr2	178567509	178567658	True	-179	150M	255	1	25	0.1622784584760666	ambig_opp_strand	unspliced	12994	44	RIGEL_NRNA_chr2_1_178528764_178620148		RIGEL_NRNA_chr2_1_178528764_178620148	nrna
A00839:75:H7MFFDSXY:3:1342:32777:36777	chr2	178567034	178567183	True	-469	150M	255	0	5	0.7442482113838196	ambig_opp_strand	unspliced	-1	44	.	.	.	mrna
A00839:75:H7MFFDSXY:3:1324:3739:15358	chr2	178565828	178565977	True	-396	150M	255	0	5	0.7579099535942078	ambig_opp_strand	unspliced	-1	44	.	.	.	mrna
A00839:75:H7MFFDSXY:3:2173:16297:5697	chr2	178566395	178566544	False	222	150M	255	1	3	0.09146784991025925	ambig_opp_strand	unspliced	12994	44	ENST00000460472.6	TTN	ENSG00000155657.29	mrna
A00839:75:H7MFFDSXY:3:2134:6352:3912	chr2	178565282	178565431	True	-193	150M	255	0	5	0.02757299318909645	ambig_opp_strand	unspliced	-1	44	.	.	.	mrna
A00839:75:H7MFFDSXY:3:2142:5358:32377	chr2	178569070	178569219	False	222	150M	255	2	3	0.07463296502828598	ambig_opp_strand	unspliced	12994	44	ENST00000342175.12	TTN	ENSG00000155657.29	mrna
A00839:75:H7MFFDSXY:3:1635:28492:12132	chr2	178568810	178568959	False	245	150M	0	4	128	0.0	.	unknown	-1	0	.	.	.	mrna
A00839:75:H7MFFDSXY:3:1557:8874:21652	chr2	178566342	178566491	False	384	150M	255	0	5	0.8257206082344055	ambig_opp_strand	unspliced	-1	44	.	.	.	mrna
A00839:75:H7MFFDSXY:3:2542:32741:22999	chr2	178566603	178566752	False	398	150M	255	1	25	0.10801380127668381	ambig_opp_strand	unspliced	12994	44	RIGEL_NRNA_chr2_2_178525988_178804642		RIGEL_NRNA_chr2_2_178525988_178804642	nrna
A00839:75:H7MFFDSXY:3:2535:19678:15499	chr2	178561899	178562048	True	-185	150M	255	0	25	0.1781650185585022	ambig_opp_strand	unspliced	12994	44	RIGEL_NRNA_chr2_1_178539804_178576557		RIGEL_NRNA_chr2_1_178539804_178576557	nrna
A00839:75:H7MFFDSXY:3:2229:27480:13291	chr2	178567981	178568130	False	331	150M	255	0	25	0.5785917639732361	ambig_opp_strand	unspliced	12994	44	RIGEL_NRNA_chr2_2_178525988_178804642		RIGEL_NRNA_chr2_2_178525988_178804642	nrna
A00839:75:H7MFFDSXY:3:1134:4499:20494	chr2	178562311	178562460	True	-288	150M	255	0	25	0.16882596909999847	ambig_opp_strand	unspliced	12994	44	RIGEL_NRNA_chr2_1_178541746_178597681		RIGEL_NRNA_chr2_1_178541746_178597681	nrna
A00839:75:H7MFFDSXY:3:2130:17499:17832	chr2	178567856	178568005	False	264	150M	255	0	3	0.08964148163795471	ambig_opp_strand	unspliced	12994	44	ENST00000460472.6	TTN	ENSG00000155657.29	mrna
A00839:75:H7MFFDSXY:3:1449:30183:10175	chr2	178567127	178567276	False	667	150M	255	0	25	0.5500043034553528	ambig_opp_strand	unspliced	12994	44	RIGEL_NRNA_chr2_2_178525988_178804642		RIGEL_NRNA_chr2_2_178525988_178804642	nrna
A00839:75:H7MFFDSXY:3:2407:5475:36620	chr2	178562185	178562334	False	217	150M	255	0	25	0.7467135787010193	ambig_opp_strand	unspliced	12994	44	RIGEL_NRNA_chr2_2_178525988_178804642		RIGEL_NRNA_chr2_2_178525988_178804642	nrna
A00839:75:H7MFFDSXY:3:2357:28320:27336	chr2	178567085	178567233	False	263	149M	255	0	25	0.7321847677230835	ambig_opp_strand	unspliced	12994	44	RIGEL_NRNA_chr2_2_178525988_178804642		RIGEL_NRNA_chr2_2_178525988_178804642	nrna
A00839:75:H7MFFDSXY:3:1321:6271:13761	chr2	178569653	178569802	False	340	150M	255	1	5	0.33813032507896423	ambig_opp_strand	unspliced	-1	44	.	.	.	mrna
A00839:75:H7MFFDSXY:3:1416:28221:25254	chr2	178566382	178566531	False	326	150M	255	0	25	0.6002282500267029	ambig_opp_strand	unspliced	12994	44	RIGEL_NRNA_chr2_2_178525988_178804642		RIGEL_NRNA_chr2_2_178525988_178804642	nrna
A00839:75:H7MFFDSXY:3:2539:10158:32424	chr2	178560078	178560227	False	313	150M	255	0	5	0.17527981102466583	ambig_opp_strand	unspliced	-1	44	.	.	.	mrna
A00839:75:H7MFFDSXY:3:1648:22851:28291	chr2	178569142	178569291	False	304	150M	255	0	3	0.0826178714632988	ambig_opp_strand	unspliced	12994	44	ENST00000460472.6	TTN	ENSG00000155657.29	mrna
A00839:75:H7MFFDSXY:3:1541:6831:22435	chr2	178565475	178565624	False	379	150M	255	0	5	0.7912613153457642	ambig_opp_strand	unspliced	-1	44	.	.	.	mrna
A00839:75:H7MFFDSXY:3:1424:4101:32518	chr2	178569756	178569905	True	-208	150M	255	0	25	0.2105654776096344	ambig_opp_strand	unspliced	12994	44	RIGEL_NRNA_chr2_1_178523417_178776534		RIGEL_NRNA_chr2_1_178523417_178776534	nrna
A00839:75:H7MFFDSXY:3:2308:28411:36479	chr2	178563210	178563359	True	-205	150M	255	0	25	0.17884978652000427	ambig_opp_strand	unspliced	12994	44	RIGEL_NRNA_chr2_1_178539804_178576557		RIGEL_NRNA_chr2_1_178539804_178576557	nrna
A00839:75:H7MFFDSXY:3:1433:2383:29543	chr2	178563289	178563438	False	295	150M	255	0	25	0.693649411201477	ambig_opp_strand	unspliced	12994	44	RIGEL_NRNA_chr2_2_178525988_178804642		RIGEL_NRNA_chr2_2_178525988_178804642	nrna
A00839:75:H7MFFDSXY:3:1358:32696:15405	chr2	178569910	178570059	True	-360	150M	255	0	5	0.36793506145477295	ambig_opp_strand	unspliced	-1	44	.	.	.	mrna
A00839:75:H7MFFDSXY:3:1208:17002:33317	chr2	178560042	178560191	True	-366	150M	255	0	25	0.0977741926908493	ambig_opp_strand	unspliced	12994	44	RIGEL_NRNA_chr2_1_178541746_178597681		RIGEL_NRNA_chr2_1_178541746_178597681	nrna
A00839:75:H7MFFDSXY:3:2322:26467:31046	chr2	178568261	178568410	False	376	150M	255	0	5	0.7549564838409424	ambig_opp_strand	unspliced	-1	44	.	.	.	mrna
A00839:75:H7MFFDSXY:3:2325:24216:16219	chr2	178561815	178561964	True	-331	150M	255	0	25	0.14691972732543945	ambig_opp_strand	unspliced	12994	44	RIGEL_NRNA_chr2_1_178540115_178582663		RIGEL_NRNA_chr2_1_178540115_178582663	nrna
A00839:75:H7MFFDSXY:3:2240:23746:13557	chr2	178565855	178566004	False	178	150M	255	0	3	0.07359065115451813	ambig_opp_strand	unspliced	12994	44	ENST00000342175.12	TTN	ENSG00000155657.29	mrna
A00839:75:H7MFFDSXY:3:1310:29894:16313	chr2	178563593	178563742	True	-270	150M	255	0	25	0.16519546508789062	ambig_opp_strand	unspliced	12994	44	RIGEL_NRNA_chr2_1_178540115_178582663		RIGEL_NRNA_chr2_1_178540115_178582663	nrna
A00839:75:H7MFFDSXY:3:2104:27082:14732	chr2	178569740	178569889	True	-182	150M	255	0	25	0.16245312988758087	ambig_opp_strand	unspliced	12994	44	RIGEL_NRNA_chr2_1_178528764_178620148		RIGEL_NRNA_chr2_1_178528764_178620148	nrna
A00839:75:H7MFFDSXY:3:2645:10908:26115	chr2	178568526	178568675	True	-400	150M	255	0	5	0.7442869544029236	ambig_opp_strand	unspliced	-1	44	.	.	.	mrna
A00839:75:H7MFFDSXY:3:2425:6985:26115	chr2	178563648	178563797	True	-242	150M	255	0	25	0.17866826057434082	ambig_opp_strand	unspliced	12994	44	RIGEL_NRNA_chr2_1_178539804_178576557		RIGEL_NRNA_chr2_1_178539804_178576557	nrna
A00839:75:H7MFFDSXY:3:2365:27615:8609	chr2	178565157	178565263	False	171	43S107M	255	0	64	0.0	.	unspliced	-1	0	.	.	.	mrna
A00839:75:H7MFFDSXY:3:2219:5330:20369	chr2	178567646	178567795	True	-402	150M	255	0	5	0.7547174692153931	ambig_opp_strand	unspliced	-1	44	.	.	.	mrna
A00839:75:H7MFFDSXY:3:2512:16604:7388	chr2	178561525	178561674	True	-174	150M	255	0	25	0.20885708928108215	ambig_opp_strand	unspliced	12994	44	RIGEL_NRNA_chr2_1_178523417_178776534		RIGEL_NRNA_chr2_1_178523417_178776534	nrna
A00839:75:H7MFFDSXY:3:1651:26648:4554	chr2	178562647	178562796	True	-301	150M	255	0	25	0.1561562567949295	ambig_opp_strand	unspliced	12994	44	RIGEL_NRNA_chr2_1_178528764_178620148		RIGEL_NRNA_chr2_1_178528764_178620148	nrna
A00839:75:H7MFFDSXY:3:2409:28501:29058	chr2	178567510	178567659	False	192	150M	255	0	25	0.7414560317993164	ambig_opp_strand	unspliced	12994	44	RIGEL_NRNA_chr2_2_178525988_178804642		RIGEL_NRNA_chr2_2_178525988_178804642	nrna
A00839:75:H7MFFDSXY:3:2247:18195:4601	chr2	178566788	178566937	True	-308	150M	255	0	25	0.01895950548350811	ambig_opp_strand	unspliced	12994	44	RIGEL_NRNA_chr2_1_178528739_178584816		RIGEL_NRNA_chr2_1_178528739_178584816	nrna
A00839:75:H7MFFDSXY:3:1352:17047:15608	chr2	178561331	178561480	True	-412	150M	255	0	5	0.7513972520828247	ambig_opp_strand	unspliced	-1	44	.	.	.	mrna
A00839:75:H7MFFDSXY:3:1543:18313:23375	chr2	178566613	178566762	False	320	150M	255	0	5	0.20555651187896729	ambig_opp_strand	unspliced	-1	44	.	.	.	mrna
A00839:75:H7MFFDSXY:3:1356:16957:2957	chr2	178561341	178561490	False	225	150M	255	0	25	0.7465149164199829	ambig_opp_strand	unspliced	12994	44	RIGEL_NRNA_chr2_2_178525988_178804642		RIGEL_NRNA_chr2_2_178525988_178804642	nrna
A00839:75:H7MFFDSXY:3:2275:27227:7592	chr2	178564793	178564942	True	-180	150M	255	0	25	0.03819096088409424	ambig_opp_strand	unspliced	12994	44	RIGEL_NRNA_chr2_1_178528739_178633078		RIGEL_NRNA_chr2_1_178528739_178633078	nrna
A00839:75:H7MFFDSXY:3:2676:27932:5619	chr2	178569243	178569392	True	-247	150M	255	0	25	0.1629166156053543	ambig_opp_strand	unspliced	12994	44	RIGEL_NRNA_chr2_1_178528764_178620148		RIGEL_NRNA_chr2_1_178528764_178620148	nrna
A00839:75:H7MFFDSXY:3:1409:11324:24455	chr2	178569435	178569584	False	369	150M	255	0	25	0.25789445638656616	ambig_opp_strand	unspliced	12994	44	RIGEL_NRNA_chr2_2_178525988_178804642		RIGEL_NRNA_chr2_2_178525988_178804642	nrna
A00839:75:H7MFFDSXY:3:2151:9290:6214	chr2	178562533	178562682	True	-404	150M	255	1	5	0.7572623491287231	ambig_opp_strand	unspliced	-1	44	.	.	.	mrna
A00839:75:H7MFFDSXY:3:2601:29875:31250	chr2	178569722	178569870	True	-300	149M	255	1	25	0.1563722789287567	ambig_opp_strand	unspliced	12994	44	RIGEL_NRNA_chr2_1_178528764_178620148		RIGEL_NRNA_chr2_1_178528764_178620148	nrna
A00839:75:H7MFFDSXY:3:2542:22914:7012	chr2	178565301	178565450	True	-286	150M	255	0	25	0.15920501947402954	ambig_opp_strand	unspliced	12994	44	RIGEL_NRNA_chr2_1_178528764_178620148		RIGEL_NRNA_chr2_1_178528764_178620148	nrna
A00839:75:H7MFFDSXY:3:1312:15474:6590	chr2	178562875	178563024	False	252	150M	255	0	25	0.7400345802307129	ambig_opp_strand	unspliced	12994	44	RIGEL_NRNA_chr2_2_178525988_178804642		RIGEL_NRNA_chr2_2_178525988_178804642	nrna
A00839:75:H7MFFDSXY:3:1614:13901:18239	chr2	178567805	178567954	True	-294	150M	255	1	25	0.16757935285568237	ambig_opp_strand	unspliced	12994	44	RIGEL_NRNA_chr2_1_178541746_178597681		RIGEL_NRNA_chr2_1_178541746_178597681	nrna
A00839:75:H7MFFDSXY:3:2153:32796:23218	chr2	178562450	178562599	False	293	150M	255	1	25	0.6979253888130188	ambig_opp_strand	unspliced	12994	44	RIGEL_NRNA_chr2_2_178525988_178804642		RIGEL_NRNA_chr2_2_178525988_178804642	nrna
A00839:75:H7MFFDSXY:3:1224:18358:10207	chr2	178567793	178567942	False	194	150M	255	0	25	0.7432358860969543	ambig_opp_strand	unspliced	12994	44	RIGEL_NRNA_chr2_2_178525988_178804642		RIGEL_NRNA_chr2_2_178525988_178804642	nrna
A00839:75:H7MFFDSXY:3:1170:25753:8453	chr2	178563249	178563398	True	-327	150M	255	0	25	0.154783695936203	ambig_opp_strand	unspliced	12994	44	RIGEL_NRNA_chr2_1_178541746_178597681		RIGEL_NRNA_chr2_1_178541746_178597681	nrna
A00839:75:H7MFFDSXY:3:2465:17183:34444	chr2	178562572	178562721	True	-291	150M	255	0	25	0.1624242663383484	ambig_opp_strand	unspliced	12994	44	RIGEL_NRNA_chr2_1_178540115_178582663		RIGEL_NRNA_chr2_1_178540115_178582663	nrna
A00839:75:H7MFFDSXY:3:1268:13386:35383	chr2	178567580	178567729	True	-328	150M	255	1	25	0.1489131599664688	ambig_opp_strand	unspliced	12994	44	RIGEL_NRNA_chr2_1_178540115_178582663		RIGEL_NRNA_chr2_1_178540115_178582663	nrna
A00839:75:H7MFFDSXY:3:1132:31602:8437	chr2	178568517	178568666	True	-333	150M	255	0	25	0.03329305723309517	ambig_opp_strand	unspliced	12994	44	RIGEL_NRNA_chr2_1_178528739_178633078		RIGEL_NRNA_chr2_1_178528739_178633078	nrna
A00839:75:H7MFFDSXY:3:2613:19859:6230	chr2	178567442	178567576	False	135	135M	255	0	5	0.1737021803855896	ambig_opp_strand	unspliced	-1	44	.	.	.	mrna
A00839:75:H7MFFDSXY:3:1563:14055:14340	chr2	178569829	178569978	True	-406	150M	255	2	5	0.762388288974762	ambig_opp_strand	unspliced	-1	44	.	.	.	mrna
A00839:75:H7MFFDSXY:3:2521:25952:29778	chr2	178567945	178568094	True	-261	150M	255	0	25	0.16204555332660675	ambig_opp_strand	unspliced	12994	44	RIGEL_NRNA_chr2_1_178528764_178620148		RIGEL_NRNA_chr2_1_178528764_178620148	nrna
A00839:75:H7MFFDSXY:3:1548:1515:14262	chr2	178567997	178568146	False	328	150M	255	0	25	0.5931429266929626	ambig_opp_strand	unspliced	12994	44	RIGEL_NRNA_chr2_2_178525988_178804642		RIGEL_NRNA_chr2_2_178525988_178804642	nrna
A00839:75:H7MFFDSXY:3:1631:29848:31046	chr2	178560973	178561122	False	194	150M	255	1	25	0.7432358860969543	ambig_opp_strand	unspliced	12994	44	RIGEL_NRNA_chr2_2_178525988_178804642		RIGEL_NRNA_chr2_2_178525988_178804642	nrna
A00839:75:H7MFFDSXY:3:1341:32190:22827	chr2	178561685	178561834	True	-389	150M	255	0	5	0.7547020316123962	ambig_opp_strand	unspliced	-1	44	.	.	.	mrna
A00839:75:H7MFFDSXY:3:2318:17842:27007	chr2	178569204	178569353	False	222	150M	255	0	25	0.7460497617721558	ambig_opp_strand	unspliced	12994	44	RIGEL_NRNA_chr2_2_178525988_178804642		RIGEL_NRNA_chr2_2_178525988_178804642	nrna
A00839:75:H7MFFDSXY:3:1514:22661:25113	chr2	178569306	178569455	True	-430	150M	255	0	25	0.042063359171152115	ambig_opp_strand	unspliced	12994	44	RIGEL_NRNA_chr2_1_178541746_178597681		RIGEL_NRNA_chr2_1_178541746_178597681	nrna
A00839:75:H7MFFDSXY:3:2361:16288:16016	chr2	178568552	178568701	True	-162	150M	255	0	25	0.20720747113227844	ambig_opp_strand	unspliced	12994	44	RIGEL_NRNA_chr2_1_178523417_178776534		RIGEL_NRNA_chr2_1_178523417_178776534	nrna
A00839:75:H7MFFDSXY:3:1239:6099:16658	chr2	178567357	178567506	False	349	150M	255	0	25	0.44414520263671875	ambig_opp_strand	unspliced	12994	44	RIGEL_NRNA_chr2_2_178525988_178804642		RIGEL_NRNA_chr2_2_178525988_178804642	nrna
A00839:75:H7MFFDSXY:3:1632:16450:11381	chr2	178565141	178565290	True	-231	150M	255	0	25	0.16328470408916473	ambig_opp_strand	unspliced	12994	44	RIGEL_NRNA_chr2_1_178528764_178620148		RIGEL_NRNA_chr2_1_178528764_178620148	nrna
A00839:75:H7MFFDSXY:3:1564:18367:24690	chr2	178561582	178561731	True	-325	150M	255	0	25	0.16091732680797577	ambig_opp_strand	unspliced	12994	44	RIGEL_NRNA_chr2_1_178539804_178576557		RIGEL_NRNA_chr2_1_178539804_178576557	nrna
A00839:75:H7MFFDSXY:3:2541:23592:20149	chr2	178562984	178563133	False	211	150M	255	0	25	0.7459476590156555	ambig_opp_strand	unspliced	12994	44	RIGEL_NRNA_chr2_2_178525988_178804642		RIGEL_NRNA_chr2_2_178525988_178804642	nrna
A00839:75:H7MFFDSXY:3:1459:10827:6684	chr2	178562596	178562745	True	-208	150M	255	0	25	0.03841254860162735	ambig_opp_strand	unspliced	12994	44	RIGEL_NRNA_chr2_1_178528739_178633078		RIGEL_NRNA_chr2_1_178528739_178633078	nrna
A00839:75:H7MFFDSXY:3:2127:28302:15311	chr2	178569019	178569167	True	-301	1S149M	255	0	25	0.20126891136169434	ambig_opp_strand	unspliced	12994	44	RIGEL_NRNA_chr2_1_178523417_178776534		RIGEL_NRNA_chr2_1_178523417_178776534	nrna
A00839:75:H7MFFDSXY:3:2136:24270:6230	chr2	178568212	178568361	False	327	150M	255	0	25	0.5969794392585754	ambig_opp_strand	unspliced	12994	44	RIGEL_NRNA_chr2_2_178525988_178804642		RIGEL_NRNA_chr2_2_178525988_178804642	nrna
A00839:75:H7MFFDSXY:3:1466:8567:1297	chr2	178563285	178563434	False	245	150M	255	0	25	0.7427022457122803	ambig_opp_strand	unspliced	12994	44	RIGEL_NRNA_chr2_2_178525988_178804642		RIGEL_NRNA_chr2_2_178525988_178804642	nrna
A00839:75:H7MFFDSXY:3:1554:5665:9330	chr2	178567311	178567460	False	398	150M	255	1	5	0.8627042770385742	ambig_opp_strand	unspliced	-1	44	.	.	.	mrna
A00839:75:H7MFFDSXY:3:2437:9381:11757	chr2	178568748	178568897	False	229	150M	255	0	25	0.7455695867538452	ambig_opp_strand	unspliced	12994	44	RIGEL_NRNA_chr2_2_178525988_178804642		RIGEL_NRNA_chr2_2_178525988_178804642	nrna
A00839:75:H7MFFDSXY:3:2447:8901:21919	chr2	178568831	178568980	True	-262	150M	255	0	25	0.16191871464252472	ambig_opp_strand	unspliced	12994	44	RIGEL_NRNA_chr2_1_178528764_178620148		RIGEL_NRNA_chr2_1_178528764_178620148	nrna
A00839:75:H7MFFDSXY:3:1346:3025:22013	chr2	178566516	178566665	False	330	150M	255	0	25	0.5848739743232727	ambig_opp_strand	unspliced	12994	44	RIGEL_NRNA_chr2_2_178525988_178804642		RIGEL_NRNA_chr2_2_178525988_178804642	nrna
A00839:75:H7MFFDSXY:3:2335:1994:4883	chr2	178566306	178566455	False	159	150M	255	0	25	0.7173223495483398	ambig_opp_strand	unspliced	12994	44	RIGEL_NRNA_chr2_2_178525988_178804642		RIGEL_NRNA_chr2_2_178525988_178804642	nrna
A00839:75:H7MFFDSXY:3:1355:4336:8782	chr2	178564927	178565076	False	363	150M	255	0	25	0.3211550712585449	ambig_opp_strand	unspliced	12994	44	RIGEL_NRNA_chr2_2_178525988_178804642		RIGEL_NRNA_chr2_2_178525988_178804642	nrna
A00839:75:H7MFFDSXY:3:1358:13449:11068	chr2	178560796	178560938	True	-143	143M	255	0	25	0.2016947865486145	ambig_opp_strand	unspliced	12994	44	RIGEL_NRNA_chr2_1_178523417_178776534		RIGEL_NRNA_chr2_1_178523417_178776534	nrna
A00839:75:H7MFFDSXY:3:1474:21658:36057	chr2	178561761	178561910	False	370	150M	255	0	25	0.2445245087146759	ambig_opp_strand	unspliced	12994	44	RIGEL_NRNA_chr2_2_178525988_178804642		RIGEL_NRNA_chr2_2_178525988_178804642	nrna
A00839:75:H7MFFDSXY:3:2607:30228:6684	chr2	178565523	178565672	False	258	150M	255	0	3	0.09016816318035126	ambig_opp_strand	unspliced	12994	44	ENST00000460472.6	TTN	ENSG00000155657.29	mrna
A00839:75:H7MFFDSXY:3:2159:26006:25457	chr2	178565221	178565370	True	-175	150M	255	0	25	0.2088409662246704	ambig_opp_strand	unspliced	12994	44	RIGEL_NRNA_chr2_1_178523417_178776534		RIGEL_NRNA_chr2_1_178523417_178776534	nrna
A00839:75:H7MFFDSXY:3:1509:32597:15389	chr2	178562928	178563077	True	-354	150M	255	0	25	0.11780434101819992	ambig_opp_strand	unspliced	12994	44	RIGEL_NRNA_chr2_1_178540115_178582663		RIGEL_NRNA_chr2_1_178540115_178582663	nrna
A00839:75:H7MFFDSXY:3:2267:14832:17691	chr2	178563362	178563511	False	290	150M	255	0	3	0.08603446185588837	ambig_opp_strand	unspliced	12994	44	ENST00000460472.6	TTN	ENSG00000155657.29	mrna
A00839:75:H7MFFDSXY:3:2651:2953:8860	chr2	178562992	178563141	True	-397	150M	255	0	5	0.7507028579711914	ambig_opp_strand	unspliced	-1	44	.	.	.	mrna
A00839:75:H7MFFDSXY:3:2570:9787:8860	chr2	178565243	178565392	False	349	150M	255	0	5	0.43544939160346985	ambig_opp_strand	unspliced	-1	44	.	.	.	mrna
A00839:75:H7MFFDSXY:3:2506:4381:12524	chr2	178560371	178560520	True	-192	150M	255	0	25	0.20992833375930786	ambig_opp_strand	unspliced	12994	44	RIGEL_NRNA_chr2_1_178523417_178776534		RIGEL_NRNA_chr2_1_178523417_178776534	nrna
A00839:75:H7MFFDSXY:3:1643:15275:36401	chr2	178562296	178562445	True	-321	150M	255	0	5	0.11089461296796799	ambig_opp_strand	unspliced	-1	44	.	.	.	mrna
A00839:75:H7MFFDSXY:3:2310:6569:32878	chr2	178566238	178566387	True	-308	150M	255	0	25	0.1688670516014099	ambig_opp_strand	unspliced	12994	44	RIGEL_NRNA_chr2_1_178539804_178576557		RIGEL_NRNA_chr2_1_178539804_178576557	nrna
A00839:75:H7MFFDSXY:3:1313:6370:1407	chr2	178565326	178565475	False	427	150M	255	0	5	0.8653677105903625	ambig_opp_strand	unspliced	-1	44	.	.	.	mrna
A00839:75:H7MFFDSXY:3:2119:9109:31767	chr2	178567259	178567408	False	243	150M	255	0	25	0.7430513501167297	ambig_opp_strand	unspliced	12994	44	RIGEL_NRNA_chr2_2_178525988_178804642		RIGEL_NRNA_chr2_2_178525988_178804642	nrna
A00839:75:H7MFFDSXY:3:1355:23104:8406	chr2	178561403	178561552	True	-333	150M	255	0	25	0.18250204622745514	ambig_opp_strand	unspliced	12994	44	RIGEL_NRNA_chr2_1_178523417_178776534		RIGEL_NRNA_chr2_1_178523417_178776534	nrna
A00839:75:H7MFFDSXY:3:2245:18918:27524	chr2	178568960	178569108	False	298	1S149M	255	0	25	0.6881697773933411	ambig_opp_strand	unspliced	12994	44	RIGEL_NRNA_chr2_2_178525988_178804642		RIGEL_NRNA_chr2_2_178525988_178804642	nrna
A00839:75:H7MFFDSXY:3:2162:31150:15828	chr2	178568203	178568352	False	353	150M	255	0	5	0.4803207814693451	ambig_opp_strand	unspliced	-1	44	.	.	.	mrna
A00839:75:H7MFFDSXY:3:2247:23158:34397	chr2	178565630	178565779	False	423	150M	255	0	5	0.8718880414962769	ambig_opp_strand	unspliced	-1	44	.	.	.	mrna
A00839:75:H7MFFDSXY:3:2429:12255:10598	chr2	178563955	178564104	False	352	150M	255	0	5	0.4639138877391815	ambig_opp_strand	unspliced	-1	44	.	.	.	mrna
A00839:75:H7MFFDSXY:3:1227:22625:33348	chr2	178562097	178562246	False	289	150M	255	0	25	0.7041612267494202	ambig_opp_strand	unspliced	12994	44	RIGEL_NRNA_chr2_2_178525988_178804642		RIGEL_NRNA_chr2_2_178525988_178804642	nrna
A00839:75:H7MFFDSXY:3:1630:22200:33458	chr2	178563114	178563263	False	458	150M	255	0	25	0.10535180568695068	ambig_opp_strand	unspliced	12994	44	RIGEL_NRNA_chr2_2_178525988_178804642		RIGEL_NRNA_chr2_2_178525988_178804642	nrna
A00839:75:H7MFFDSXY:3:2412:23122:30608	chr2	178565957	178566106	True	-318	150M	255	0	25	0.19377687573432922	ambig_opp_strand	unspliced	12994	44	RIGEL_NRNA_chr2_1_178523417_178776534		RIGEL_NRNA_chr2_1_178523417_178776534	nrna
A00839:75:H7MFFDSXY:3:1247:2962:36714	chr2	178569351	178569500	True	-349	150M	255	0	25	0.1306087225675583	ambig_opp_strand	unspliced	12994	44	RIGEL_NRNA_chr2_1_178541746_178597681		RIGEL_NRNA_chr2_1_178541746_178597681	nrna
A00839:75:H7MFFDSXY:3:1132:28438:26068	chr2	178560066	178560215	False	377	150M	255	0	5	0.7634234428405762	ambig_opp_strand	unspliced	-1	44	.	.	.	mrna
A00839:75:H7MFFDSXY:3:2458:29586:22608	chr2	178562174	178562323	True	-262	150M	255	0	25	0.20869611203670502	ambig_opp_strand	unspliced	12994	44	RIGEL_NRNA_chr2_1_178523417_178776534		RIGEL_NRNA_chr2_1_178523417_178776534	nrna
A00839:75:H7MFFDSXY:3:1524:30888:29904	chr2	178568750	178568898	True	-149	149M	255	0	25	0.17329740524291992	ambig_opp_strand	unspliced	12994	44	RIGEL_NRNA_chr2_1_178539804_178576557		RIGEL_NRNA_chr2_1_178539804_178576557	nrna
A00839:75:H7MFFDSXY:3:2241:8404:17237	chr2	178569338	178569487	True	-212	150M	255	1	25	0.16743001341819763	ambig_opp_strand	unspliced	12994	44	RIGEL_NRNA_chr2_1_178540115_178582663		RIGEL_NRNA_chr2_1_178540115_178582663	nrna
A00839:75:H7MFFDSXY:3:2575:31430:32002	chr2	178568231	178568380	False	371	150M	255	1	5	0.7072663307189941	ambig_opp_strand	unspliced	-1	44	.	.	.	mrna
A00839:75:H7MFFDSXY:3:1349:7374:31735	chr2	178563994	178564143	False	410	150M	255	0	25	0.10721758753061295	ambig_opp_strand	unspliced	12994	44	RIGEL_NRNA_chr2_2_178525988_178804642		RIGEL_NRNA_chr2_2_178525988_178804642	nrna
A00839:75:H7MFFDSXY:3:1671:1796:18411	chr2	178569393	178569542	True	-300	150M	255	0	25	0.16600339114665985	ambig_opp_strand	unspliced	12994	44	RIGEL_NRNA_chr2_1_178541746_178597681		RIGEL_NRNA_chr2_1_178541746_178597681	nrna
A00839:75:H7MFFDSXY:3:1424:13277:29496	chr2	178565263	178565412	False	213	150M	255	0	25	0.7460277676582336	ambig_opp_strand	unspliced	12994	44	RIGEL_NRNA_chr2_2_178525988_178804642		RIGEL_NRNA_chr2_2_178525988_178804642	nrna
A00839:75:H7MFFDSXY:3:2543:21585:2049	chr2	178565903	178566052	False	278	150M	255	0	5	0.08812375366687775	ambig_opp_strand	unspliced	-1	44	.	.	.	mrna
A00839:75:H7MFFDSXY:3:2112:17960:33505	chr2	178566344	178566493	True	-254	150M	255	0	5	0.029898764565587044	ambig_opp_strand	unspliced	-1	44	.	.	.	mrna
A00839:75:H7MFFDSXY:3:2171:13069:9721	chr2	178561583	178561732	True	-464	150M	255	0	5	0.7582982182502747	ambig_opp_strand	unspliced	-1	44	.	.	.	mrna
A00839:75:H7MFFDSXY:3:1621:9643:26303	chr2	178565448	178565597	False	349	150M	255	0	5	0.4354495108127594	ambig_opp_strand	unspliced	-1	44	.	.	.	mrna
A00839:75:H7MFFDSXY:3:2167:22941:36902	chr2	178562120	178562269	True	-295	150M	255	0	25	0.15761922299861908	ambig_opp_strand	unspliced	12994	44	RIGEL_NRNA_chr2_1_178528764_178620148		RIGEL_NRNA_chr2_1_178528764_178620148	nrna
A00839:75:H7MFFDSXY:3:1151:28664:3881	chr2	178569065	178569214	True	-361	150M	255	0	25	0.024491094052791595	ambig_opp_strand	unspliced	12994	44	RIGEL_NRNA_chr2_1_178528739_178633078		RIGEL_NRNA_chr2_1_178528739_178633078	nrna
A00839:75:H7MFFDSXY:3:2170:6379:36558	chr2	178564550	178564699	True	-166	150M	255	0	25	0.1611952930688858	ambig_opp_strand	unspliced	12994	44	RIGEL_NRNA_chr2_1_178528764_178620148		RIGEL_NRNA_chr2_1_178528764_178620148	nrna
A00839:75:H7MFFDSXY:3:1437:3441:14779	chr2	178562951	178563100	True	-317	150M	255	0	25	0.16513289511203766	ambig_opp_strand	unspliced	12994	44	RIGEL_NRNA_chr2_1_178539804_178576557		RIGEL_NRNA_chr2_1_178539804_178576557	nrna
A00839:75:H7MFFDSXY:3:2142:27218:7889	chr2	178564659	178564808	False	395	150M	255	0	25	0.10334151983261108	ambig_opp_strand	unspliced	12994	44	RIGEL_NRNA_chr2_2_178525988_178804642		RIGEL_NRNA_chr2_2_178525988_178804642	nrna
A00839:75:H7MFFDSXY:3:1651:24695:19742	chr2	178561979	178562128	False	315	150M	255	0	25	0.6437647342681885	ambig_opp_strand	unspliced	12994	44	RIGEL_NRNA_chr2_2_178525988_178804642		RIGEL_NRNA_chr2_2_178525988_178804642	nrna
A00839:75:H7MFFDSXY:3:2121:27914:7936	chr2	178563733	178563882	False	215	150M	255	0	25	0.746665894985199	ambig_opp_strand	unspliced	12994	44	RIGEL_NRNA_chr2_2_178525988_178804642		RIGEL_NRNA_chr2_2_178525988_178804642	nrna
A00839:75:H7MFFDSXY:3:1167:28158:21793	chr2	178564544	178564669	False	126	126M	255	0	25	0.5889983773231506	ambig_opp_strand	unspliced	12994	44	RIGEL_NRNA_chr2_2_178525988_178804642		RIGEL_NRNA_chr2_2_178525988_178804642	nrna
A00839:75:H7MFFDSXY:3:2517:27950:16736	chr2	178566681	178566830	False	418	150M	255	0	5	0.8765237927436829	ambig_opp_strand	unspliced	-1	44	.	.	.	mrna
A00839:75:H7MFFDSXY:3:2266:22941:5932	chr2	178566302	178566451	False	461	150M	255	0	5	0.8665607571601868	ambig_opp_strand	unspliced	-1	44	.	.	.	mrna
A00839:75:H7MFFDSXY:3:1267:9507:27821	chr2	178567931	178568080	False	454	150M	255	0	5	0.8681995868682861	ambig_opp_strand	unspliced	-1	44	.	.	.	mrna
A00839:75:H7MFFDSXY:3:1238:14778:24580	chr2	178560612	178560761	False	285	150M	255	0	3	0.08699643611907959	ambig_opp_strand	unspliced	12994	44	ENST00000460472.6	TTN	ENSG00000155657.29	mrna
A00839:75:H7MFFDSXY:3:1456:23990:11913	chr2	178563847	178563996	False	441	150M	255	0	5	0.8712856769561768	ambig_opp_strand	unspliced	-1	44	.	.	.	mrna
A00839:75:H7MFFDSXY:3:2548:25934:1720	chr2	178560671	178560820	True	-258	150M	255	0	25	0.16223366558551788	ambig_opp_strand	unspliced	12994	44	RIGEL_NRNA_chr2_1_178528764_178620148		RIGEL_NRNA_chr2_1_178528764_178620148	nrna
A00839:75:H7MFFDSXY:3:2319:5348:29857	chr2	178566350	178566499	False	322	150M	255	0	5	0.21540896594524384	ambig_opp_strand	unspliced	-1	44	.	.	.	mrna
A00839:75:H7MFFDSXY:3:1225:22146:31861	chr2	178565363	178565512	False	230	150M	255	1	3	0.09148705750703812	ambig_opp_strand	unspliced	12994	44	ENST00000460472.6	TTN	ENSG00000155657.29	mrna
A00839:75:H7MFFDSXY:3:1355:9634:22310	chr2	178562796	178562945	False	172	150M	255	0	25	0.7311204671859741	ambig_opp_strand	unspliced	12994	44	RIGEL_NRNA_chr2_2_178525988_178804642		RIGEL_NRNA_chr2_2_178525988_178804642	nrna
A00839:75:H7MFFDSXY:3:1635:32325:6183	chr2	178568963	178569112	False	275	150M	255	0	25	0.7203001976013184	ambig_opp_strand	unspliced	12994	44	RIGEL_NRNA_chr2_2_178525988_178804642		RIGEL_NRNA_chr2_2_178525988_178804642	nrna
A00839:75:H7MFFDSXY:3:2452:19298:27023	chr2	178562189	178562332	True	-144	144M	255	0	25	0.018205134198069572	ambig_opp_strand	unspliced	12994	44	RIGEL_NRNA_chr2_1_178528764_178738038		RIGEL_NRNA_chr2_1_178528764_178738038	nrna
A00839:75:H7MFFDSXY:3:2559:30183:22764	chr2	178569152	178569301	True	-410	150M	255	0	5	0.7482641935348511	ambig_opp_strand	unspliced	-1	44	.	.	.	mrna
A00839:75:H7MFFDSXY:3:1429:7202:30624	chr2	178562729	178562878	True	-186	150M	255	1	25	0.02000017650425434	ambig_opp_strand	unspliced	12994	44	RIGEL_NRNA_chr2_1_178528739_178584816		RIGEL_NRNA_chr2_1_178528739_178584816	nrna
A00839:75:H7MFFDSXY:3:1656:11261:16235	chr2	178567248	178567397	True	-312	150M	255	0	5	0.08982320874929428	ambig_opp_strand	unspliced	-1	44	.	.	.	mrna
A00839:75:H7MFFDSXY:3:1542:16315:13275	chr2	178560519	178560663	True	-145	145M	255	0	25	0.16634385287761688	ambig_opp_strand	unspliced	12994	44	RIGEL_NRNA_chr2_1_178541746_178597681		RIGEL_NRNA_chr2_1_178541746_178597681	nrna
A00839:75:H7MFFDSXY:3:1415:29686:33552	chr2	178562574	178562723	True	-287	150M	255	0	25	0.20507584512233734	ambig_opp_strand	unspliced	12994	44	RIGEL_NRNA_chr2_1_178523417_178776534		RIGEL_NRNA_chr2_1_178523417_178776534	nrna
A00839:75:H7MFFDSXY:3:1176:19018:12352	chr2	178563854	178564003	False	401	150M	255	0	5	0.8639474511146545	ambig_opp_strand	unspliced	-1	44	.	.	.	mrna
A00839:75:H7MFFDSXY:3:1270:31259:15890	chr2	178567560	178567709	False	317	150M	255	1	25	0.6358458399772644	ambig_opp_strand	unspliced	12994	44	RIGEL_NRNA_chr2_2_178525988_178804642		RIGEL_NRNA_chr2_2_178525988_178804642	nrna
A00839:75:H7MFFDSXY:3:2472:16830:26882	chr2	178568753	178568902	False	187	150M	255	0	25	0.7401713728904724	ambig_opp_strand	unspliced	12994	44	RIGEL_NRNA_chr2_2_178525988_178804642		RIGEL_NRNA_chr2_2_178525988_178804642	nrna
A00839:75:H7MFFDSXY:3:1674:18602:9345	chr2	178562342	178562491	False	376	150M	255	0	25	0.19278152287006378	ambig_opp_strand	unspliced	12994	44	RIGEL_NRNA_chr2_2_178525988_178804642		RIGEL_NRNA_chr2_2_178525988_178804642	nrna
A00839:75:H7MFFDSXY:3:2515:9055:5556	chr2	178565955	178566104	False	292	150M	255	0	25	0.6996135711669922	ambig_opp_strand	unspliced	12994	44	RIGEL_NRNA_chr2_2_178525988_178804642		RIGEL_NRNA_chr2_2_178525988_178804642	nrna
A00839:75:H7MFFDSXY:3:1273:11162:1251	chr2	178564855	178565004	True	-216	150M	255	0	25	0.16747523844242096	ambig_opp_strand	unspliced	12994	44	RIGEL_NRNA_chr2_1_178540115_178582663		RIGEL_NRNA_chr2_1_178540115_178582663	nrna
A00839:75:H7MFFDSXY:3:1521:31548:22216	chr2	178568936	178569085	True	-169	150M	255	0	25	0.019862100481987	ambig_opp_strand	unspliced	12994	44	RIGEL_NRNA_chr2_1_178528739_178584816		RIGEL_NRNA_chr2_1_178528739_178584816	nrna
A00839:75:H7MFFDSXY:3:1216:27670:1626	chr2	178562743	178562892	False	390	150M	255	1	5	0.8505442142486572	ambig_opp_strand	unspliced	-1	44	.	.	.	mrna
A00839:75:H7MFFDSXY:3:2405:22372:1626	chr2	178566530	178566679	True	-214	150M	255	0	25	0.1674349159002304	ambig_opp_strand	unspliced	12994	44	RIGEL_NRNA_chr2_1_178540115_178582663		RIGEL_NRNA_chr2_1_178540115_178582663	nrna
A00839:75:H7MFFDSXY:3:1463:3378:8813	chr2	178561848	178561997	False	221	150M	255	0	25	0.7462242245674133	ambig_opp_strand	unspliced	12994	44	RIGEL_NRNA_chr2_2_178525988_178804642		RIGEL_NRNA_chr2_2_178525988_178804642	nrna
A00839:75:H7MFFDSXY:3:1213:30508:1877	chr2	178560375	178560524	True	-329	150M	255	0	25	0.14820392429828644	ambig_opp_strand	unspliced	12994	44	RIGEL_NRNA_chr2_1_178540115_178582663		RIGEL_NRNA_chr2_1_178540115_178582663	nrna
A00839:75:H7MFFDSXY:3:1308:8477:15233	chr2	178563776	178563925	False	198	150M	255	0	25	0.744194507598877	ambig_opp_strand	unspliced	12994	44	RIGEL_NRNA_chr2_2_178525988_178804642		RIGEL_NRNA_chr2_2_178525988_178804642	nrna
A00839:75:H7MFFDSXY:3:2558:21224:3677	chr2	178563717	178563866	False	470	150M	255	0	25	0.10631420463323593	ambig_opp_strand	unspliced	12994	44	RIGEL_NRNA_chr2_2_178525988_178804642		RIGEL_NRNA_chr2_2_178525988_178804642	nrna
A00839:75:H7MFFDSXY:3:2321:1524:1939	chr2	178568972	178569121	True	-165	150M	255	0	25	0.16113176941871643	ambig_opp_strand	unspliced	12994	44	RIGEL_NRNA_chr2_1_178528764_178620148		RIGEL_NRNA_chr2_1_178528764_178620148	nrna
A00839:75:H7MFFDSXY:3:1242:5068:28494	chr2	178560392	178560526	True	-135	135M	255	0	25	0.19655977189540863	ambig_opp_strand	unspliced	12994	44	RIGEL_NRNA_chr2_1_178523417_178776534		RIGEL_NRNA_chr2_1_178523417_178776534	nrna
A00839:75:H7MFFDSXY:3:1329:26196:2832	chr2	178563644	178563793	True	-256	150M	255	0	25	0.20930901169776917	ambig_opp_strand	unspliced	12994	44	RIGEL_NRNA_chr2_1_178523417_178776534		RIGEL_NRNA_chr2_1_178523417_178776534	nrna
A00839:75:H7MFFDSXY:3:2462:28330:29262	chr2	178565944	178566089	True	-146	146M	255	0	5	0.061951205134391785	ambig_opp_strand	unspliced	-1	44	.	.	.	mrna
A00839:75:H7MFFDSXY:3:1111:19388:22639	chr2	178563480	178563629	False	286	150M	255	0	25	0.7077358961105347	ambig_opp_strand	unspliced	12994	44	RIGEL_NRNA_chr2_2_178525988_178804642		RIGEL_NRNA_chr2_2_178525988_178804642	nrna
A00839:75:H7MFFDSXY:3:2402:22182:22341	chr2	178566611	178566760	True	-369	150M	255	0	25	0.11007567495107651	ambig_opp_strand	unspliced	12994	44	RIGEL_NRNA_chr2_1_178523417_178776534		RIGEL_NRNA_chr2_1_178523417_178776534	nrna
A00839:75:H7MFFDSXY:3:2256:3079:5509	chr2	178569381	178569530	True	-195	150M	255	0	25	0.178538516163826	ambig_opp_strand	unspliced	12994	44	RIGEL_NRNA_chr2_1_178539804_178576557		RIGEL_NRNA_chr2_1_178539804_178576557	nrna
A00839:75:H7MFFDSXY:3:2502:19660:12054	chr2	178569740	178569889	False	242	150M	255	0	25	0.7437459826469421	ambig_opp_strand	unspliced	12994	44	RIGEL_NRNA_chr2_2_178525988_178804642		RIGEL_NRNA_chr2_2_178525988_178804642	nrna
A00839:75:H7MFFDSXY:3:2256:22037:36213	chr2	178568891	178569040	True	-273	150M	255	0	25	0.1762504130601883	ambig_opp_strand	unspliced	12994	44	RIGEL_NRNA_chr2_1_178539804_178576557		RIGEL_NRNA_chr2_1_178539804_178576557	nrna
A00839:75:H7MFFDSXY:3:1255:32940:3928	chr2	178568259	178568408	True	-401	150M	255	0	5	0.7486341595649719	ambig_opp_strand	unspliced	-1	44	.	.	.	mrna
A00839:75:H7MFFDSXY:3:2114:26124:23343	chr2	178567452	178567596	True	-145	145M	255	1	25	0.1566929668188095	ambig_opp_strand	unspliced	12994	44	RIGEL_NRNA_chr2_1_178528764_178620148		RIGEL_NRNA_chr2_1_178528764_178620148	nrna
A00839:75:H7MFFDSXY:3:1406:11514:36620	chr2	178565043	178565192	False	304	150M	255	0	25	0.6738656759262085	ambig_opp_strand	unspliced	12994	44	RIGEL_NRNA_chr2_2_178525988_178804642		RIGEL_NRNA_chr2_2_178525988_178804642	nrna
A00839:75:H7MFFDSXY:3:1405:17635:33411	chr2	178567249	178567398	True	-429	150M	255	0	5	0.7457064986228943	ambig_opp_strand	unspliced	-1	44	.	.	.	mrna
A00839:75:H7MFFDSXY:3:1317:3025:10645	chr2	178567903	178568052	True	-338	150M	255	0	25	0.14104889333248138	ambig_opp_strand	unspliced	12994	44	RIGEL_NRNA_chr2_1_178540115_178582663		RIGEL_NRNA_chr2_1_178540115_178582663	nrna
A00839:75:H7MFFDSXY:3:1127:21061:26036	chr2	178564795	178564944	False	532	150M	255	0	5	0.8144941926002502	ambig_opp_strand	unspliced	-1	44	.	.	.	mrna
A00839:75:H7MFFDSXY:3:2111:25382:2832	chr2	178565126	178565275	True	-372	150M	255	0	5	0.5297806262969971	ambig_opp_strand	unspliced	-1	44	.	.	.	mrna
A00839:75:H7MFFDSXY:3:1216:29179:31829	chr2	178561459	178561608	True	-162	150M	255	0	25	0.17608988285064697	ambig_opp_strand	unspliced	12994	44	RIGEL_NRNA_chr2_1_178539804_178576557		RIGEL_NRNA_chr2_1_178539804_178576557	nrna
A00839:75:H7MFFDSXY:3:1366:1081:12696	chr2	178566579	178566728	False	204	150M	255	0	25	0.7454066276550293	ambig_opp_strand	unspliced	12994	44	RIGEL_NRNA_chr2_2_178525988_178804642		RIGEL_NRNA_chr2_2_178525988_178804642	nrna
A00839:75:H7MFFDSXY:3:2367:2419:11694	chr2	178567605	178567754	False	333	150M	255	0	25	0.5657256245613098	ambig_opp_strand	unspliced	12994	44	RIGEL_NRNA_chr2_2_178525988_178804642		RIGEL_NRNA_chr2_2_178525988_178804642	nrna
A00839:75:H7MFFDSXY:3:2538:3794:3959	chr2	178564047	178564196	True	-462	150M	255	1	5	0.7477651238441467	ambig_opp_strand	unspliced	-1	44	.	.	.	mrna
A00839:75:H7MFFDSXY:3:2546:30960:13651	chr2	178565253	178565402	True	-466	150M	255	0	5	0.7684796452522278	ambig_opp_strand	unspliced	-1	44	.	.	.	mrna
A00839:75:H7MFFDSXY:3:1358:1841:9972	chr2	178562385	178562534	False	338	150M	255	0	3	0.05377868935465813	ambig_opp_strand	unspliced	12994	44	ENST00000342175.12	TTN	ENSG00000155657.29	mrna
A00839:75:H7MFFDSXY:3:1462:25138:24612	chr2	178565511	178565660	True	-427	150M	255	0	5	0.7509111166000366	ambig_opp_strand	unspliced	-1	44	.	.	.	mrna
A00839:75:H7MFFDSXY:3:2145:19678:23234	chr2	178561928	178562077	True	-403	150M	255	0	25	0.0419512577354908	ambig_opp_strand	unspliced	12994	44	RIGEL_NRNA_chr2_1_178540115_178582663		RIGEL_NRNA_chr2_1_178540115_178582663	nrna
A00839:75:H7MFFDSXY:3:2226:26223:6543	chr2	178562533	178562682	True	-198	150M	255	0	25	0.21030272543430328	ambig_opp_strand	unspliced	12994	44	RIGEL_NRNA_chr2_1_178523417_178776534		RIGEL_NRNA_chr2_1_178523417_178776534	nrna
A00839:75:H7MFFDSXY:3:1646:19461:8234	chr2	178560024	178560173	False	287	150M	255	0	25	0.706882894039154	ambig_opp_strand	unspliced	12994	44	RIGEL_NRNA_chr2_2_178525988_178804642		RIGEL_NRNA_chr2_2_178525988_178804642	nrna
A00839:75:H7MFFDSXY:3:2445:18466:35258	chr2	178565018	178565167	True	-231	150M	255	0	25	0.1733415722846985	ambig_opp_strand	unspliced	12994	44	RIGEL_NRNA_chr2_1_178541746_178597681		RIGEL_NRNA_chr2_1_178541746_178597681	nrna
A00839:75:H7MFFDSXY:3:2405:14425:10285	chr2	178560077	178560226	True	-268	150M	255	0	25	0.01874627359211445	ambig_opp_strand	unspliced	12994	44	RIGEL_NRNA_chr2_1_178528764_178738038		RIGEL_NRNA_chr2_1_178528764_178738038	nrna
A00839:75:H7MFFDSXY:3:1178:13657:21543	chr2	178563802	178563951	False	283	150M	255	0	25	0.7115973830223083	ambig_opp_strand	unspliced	12994	44	RIGEL_NRNA_chr2_2_178525988_178804642		RIGEL_NRNA_chr2_2_178525988_178804642	nrna
A00839:75:H7MFFDSXY:3:2260:12852:10942	chr2	178561823	178561972	True	-161	150M	255	0	25	0.17046254873275757	ambig_opp_strand	unspliced	12994	44	RIGEL_NRNA_chr2_1_178541746_178597681		RIGEL_NRNA_chr2_1_178541746_178597681	nrna
A00839:75:H7MFFDSXY:3:1274:2374:3129	chr2	178560344	178560493	False	320	150M	255	0	5	0.20555651187896729	ambig_opp_strand	unspliced	-1	44	.	.	.	mrna
A00839:75:H7MFFDSXY:3:2325:7672:19883	chr2	178564111	178564260	True	-150	150M	255	0	25	0.17225517332553864	ambig_opp_strand	unspliced	12994	44	RIGEL_NRNA_chr2_1_178539804_178576557		RIGEL_NRNA_chr2_1_178539804_178576557	nrna
A00839:75:H7MFFDSXY:3:2276:5113:29794	chr2	178569244	178569393	False	220	150M	255	0	5	0.05134874954819679	ambig_opp_strand	unspliced	-1	44	.	.	.	mrna
A00839:75:H7MFFDSXY:3:1162:30662:21057	chr2	178560254	178560403	True	-430	150M	255	0	5	0.7634994983673096	ambig_opp_strand	unspliced	-1	44	.	.	.	mrna
A00839:75:H7MFFDSXY:3:1525:8612:14779	chr2	178561738	178561887	True	-256	150M	255	0	25	0.018863800913095474	ambig_opp_strand	unspliced	12994	44	RIGEL_NRNA_chr2_1_178528764_178738038		RIGEL_NRNA_chr2_1_178528764_178738038	nrna
A00839:75:H7MFFDSXY:3:1128:20311:19946	chr2	178567256	178567405	True	-359	150M	255	0	5	0.359029620885849	ambig_opp_strand	unspliced	-1	44	.	.	.	mrna
A00839:75:H7MFFDSXY:3:1546:3640:3568	chr2	178564939	178565088	True	-371	150M	255	0	5	0.5312128067016602	ambig_opp_strand	unspliced	-1	44	.	.	.	mrna
A00839:75:H7MFFDSXY:3:1149:17372:12132	chr2	178566385	178566534	True	-471	150M	255	0	5	0.7536864280700684	ambig_opp_strand	unspliced	-1	44	.	.	.	mrna
A00839:75:H7MFFDSXY:3:2229:2492:25723	chr2	178561492	178561641	True	-238	150M	255	0	25	0.21039558947086334	ambig_opp_strand	unspliced	12994	44	RIGEL_NRNA_chr2_1_178523417_178776534		RIGEL_NRNA_chr2_1_178523417_178776534	nrna
A00839:75:H7MFFDSXY:3:1404:31250:15123	chr2	178569033	178569182	True	-251	150M	255	0	25	0.17269480228424072	ambig_opp_strand	unspliced	12994	44	RIGEL_NRNA_chr2_1_178541746_178597681		RIGEL_NRNA_chr2_1_178541746_178597681	nrna
A00839:75:H7MFFDSXY:3:1234:26657:14497	chr2	178560211	178560360	False	403	150M	255	0	5	0.8683302998542786	ambig_opp_strand	unspliced	-1	44	.	.	.	mrna
A00839:75:H7MFFDSXY:3:2375:26169:21386	chr2	178562217	178562366	True	-308	150M	255	0	25	0.1636650115251541	ambig_opp_strand	unspliced	12994	44	RIGEL_NRNA_chr2_1_178541746_178597681		RIGEL_NRNA_chr2_1_178541746_178597681	nrna
A00839:75:H7MFFDSXY:3:1334:1416:27868	chr2	178564641	178564790	True	-329	150M	255	0	25	0.18638184666633606	ambig_opp_strand	unspliced	12994	44	RIGEL_NRNA_chr2_1_178523417_178776534		RIGEL_NRNA_chr2_1_178523417_178776534	nrna
A00839:75:H7MFFDSXY:3:1133:28754:36667	chr2	178563527	178563676	False	340	150M	255	0	3	0.05209039896726608	ambig_opp_strand	unspliced	12994	44	ENST00000342175.12	TTN	ENSG00000155657.29	mrna
A00839:75:H7MFFDSXY:3:1526:10167:21543	chr2	178568376	178568525	True	-347	150M	255	0	25	0.1628146469593048	ambig_opp_strand	unspliced	12994	44	RIGEL_NRNA_chr2_1_178523417_178776534		RIGEL_NRNA_chr2_1_178523417_178776534	nrna
A00839:75:H7MFFDSXY:3:1512:2139:31187	chr2	178569980	178570129	False	498	150M	255	0	5	0.8747875094413757	ambig_opp_strand	unspliced	-1	44	.	.	.	mrna
A00839:75:H7MFFDSXY:3:1470:25129:23500	chr2	178569410	178569559	False	363	150M	255	0	5	0.5917815566062927	ambig_opp_strand	unspliced	-1	44	.	.	.	mrna
A00839:75:H7MFFDSXY:3:1221:11189:28948	chr2	178565204	178565353	False	249	150M	255	0	25	0.7411295771598816	ambig_opp_strand	unspliced	12994	44	RIGEL_NRNA_chr2_2_178525988_178804642		RIGEL_NRNA_chr2_2_178525988_178804642	nrna
A00839:75:H7MFFDSXY:3:2646:10447:27853	chr2	178566232	178566381	True	-268	150M	255	0	25	0.17676760256290436	ambig_opp_strand	unspliced	12994	44	RIGEL_NRNA_chr2_1_178539804_178576557		RIGEL_NRNA_chr2_1_178539804_178576557	nrna
A00839:75:H7MFFDSXY:3:1446:3233:35650	chr2	178561576	178561725	True	-229	150M	255	0	25	0.17887960374355316	ambig_opp_strand	unspliced	12994	44	RIGEL_NRNA_chr2_1_178539804_178576557		RIGEL_NRNA_chr2_1_178539804_178576557	nrna
A00839:75:H7MFFDSXY:3:2541:24198:34413	chr2	178565803	178565952	True	-329	150M	255	0	25	0.14460599422454834	ambig_opp_strand	unspliced	12994	44	RIGEL_NRNA_chr2_1_178528764_178620148		RIGEL_NRNA_chr2_1_178528764_178620148	nrna
A00839:75:H7MFFDSXY:3:2575:4390:14826	chr2	178569403	178569552	True	-304	150M	255	0	25	0.20021291077136993	ambig_opp_strand	unspliced	12994	44	RIGEL_NRNA_chr2_1_178523417_178776534		RIGEL_NRNA_chr2_1_178523417_178776534	nrna
A00839:75:H7MFFDSXY:3:2154:21061:5274	chr2	178562498	178562647	False	195	150M	255	0	25	0.7426285743713379	ambig_opp_strand	unspliced	12994	44	RIGEL_NRNA_chr2_2_178525988_178804642		RIGEL_NRNA_chr2_2_178525988_178804642	nrna
A00839:75:H7MFFDSXY:3:2144:28854:36276	chr2	178564637	178564754	True	-118	118M	255	0	25	0.1377435028553009	ambig_opp_strand	unspliced	12994	44	RIGEL_NRNA_chr2_1_178528764_178620148		RIGEL_NRNA_chr2_1_178528764_178620148	nrna
A00839:75:H7MFFDSXY:3:2366:31195:23202	chr2	178566356	178566505	False	442	150M	255	0	5	0.8656696677207947	ambig_opp_strand	unspliced	-1	44	.	.	.	mrna
A00839:75:H7MFFDSXY:3:1507:23592:10661	chr2	178564188	178564327	True	-140	140M	255	0	25	0.17013497650623322	ambig_opp_strand	unspliced	12994	44	RIGEL_NRNA_chr2_1_178539804_178576557		RIGEL_NRNA_chr2_1_178539804_178576557	nrna
A00839:75:H7MFFDSXY:3:1258:32389:13401	chr2	178567694	178567843	False	332	150M	255	0	25	0.5723742842674255	ambig_opp_strand	unspliced	12994	44	RIGEL_NRNA_chr2_2_178525988_178804642		RIGEL_NRNA_chr2_2_178525988_178804642	nrna
A00839:75:H7MFFDSXY:3:1174:32542:31109	chr2	178565815	178565964	False	420	150M	255	0	25	0.11419010162353516	ambig_opp_strand	unspliced	12994	44	RIGEL_NRNA_chr2_2_178525988_178804642		RIGEL_NRNA_chr2_2_178525988_178804642	nrna
A00839:75:H7MFFDSXY:3:1568:15609:7764	chr2	178564730	178564879	True	-217	150M	255	0	25	0.17901189625263214	ambig_opp_strand	unspliced	12994	44	RIGEL_NRNA_chr2_1_178539804_178576557		RIGEL_NRNA_chr2_1_178539804_178576557	nrna
A00839:75:H7MFFDSXY:3:2132:25174:20071	chr2	178569490	178569639	True	-207	150M	255	0	25	0.17884373664855957	ambig_opp_strand	unspliced	12994	44	RIGEL_NRNA_chr2_1_178539804_178576557		RIGEL_NRNA_chr2_1_178539804_178576557	nrna
A00839:75:H7MFFDSXY:3:2524:28763:36589	chr2	178562451	178562600	False	342	150M	255	0	3	0.051018424332141876	ambig_opp_strand	unspliced	12994	44	ENST00000342175.12	TTN	ENSG00000155657.29	mrna
A00839:75:H7MFFDSXY:3:2605:10357:22279	chr2	178564233	178564382	True	-379	150M	255	0	5	0.640011727809906	ambig_opp_strand	unspliced	-1	44	.	.	.	mrna
A00839:75:H7MFFDSXY:3:2367:7934:27007	chr2	178561788	178561937	False	377	150M	255	0	5	0.7634234428405762	ambig_opp_strand	unspliced	-1	44	.	.	.	mrna
A00839:75:H7MFFDSXY:3:2647:13829:3427	chr2	178561791	178561940	False	340	150M	255	0	25	0.5207086205482483	ambig_opp_strand	unspliced	12994	44	RIGEL_NRNA_chr2_2_178525988_178804642		RIGEL_NRNA_chr2_2_178525988_178804642	nrna
A00839:75:H7MFFDSXY:3:2130:9001:9001	chr2	178567934	178568083	True	-422	150M	255	1	5	0.7683126330375671	ambig_opp_strand	unspliced	-1	44	.	.	.	mrna
A00839:75:H7MFFDSXY:3:2533:8811:14841	chr2	178562431	178562580	False	235	150M	255	0	25	0.7449300289154053	ambig_opp_strand	unspliced	12994	44	RIGEL_NRNA_chr2_2_178525988_178804642		RIGEL_NRNA_chr2_2_178525988_178804642	nrna
A00839:75:H7MFFDSXY:3:2549:10791:27696	chr2	178568095	178568244	False	307	150M	255	0	25	0.6658114194869995	ambig_opp_strand	unspliced	12994	44	RIGEL_NRNA_chr2_2_178525988_178804642		RIGEL_NRNA_chr2_2_178525988_178804642	nrna
A00839:75:H7MFFDSXY:3:1341:7030:27195	chr2	178568953	178569102	True	-182	150M	255	0	25	0.20938490331172943	ambig_opp_strand	unspliced	12994	44	RIGEL_NRNA_chr2_1_178523417_178776534		RIGEL_NRNA_chr2_1_178523417_178776534	nrna
A00839:75:H7MFFDSXY:3:2144:18728:5713	chr2	178560294	178560443	False	332	150M	255	0	5	0.2724582254886627	ambig_opp_strand	unspliced	-1	44	.	.	.	mrna
A00839:75:H7MFFDSXY:3:2356:2383:12132	chr2	178568351	178568500	False	226	150M	255	0	3	0.0914810374379158	ambig_opp_strand	unspliced	12994	44	ENST00000460472.6	TTN	ENSG00000155657.29	mrna
A00839:75:H7MFFDSXY:3:1508:8142:17660	chr2	178564866	178565015	False	222	150M	255	0	25	0.7460497617721558	ambig_opp_strand	unspliced	12994	44	RIGEL_NRNA_chr2_2_178525988_178804642		RIGEL_NRNA_chr2_2_178525988_178804642	nrna
A00839:75:H7MFFDSXY:3:2623:24795:14152	chr2	178561912	178562061	True	-313	150M	255	0	25	0.15235207974910736	ambig_opp_strand	unspliced	12994	44	RIGEL_NRNA_chr2_1_178528764_178620148		RIGEL_NRNA_chr2_1_178528764_178620148	nrna
A00839:75:H7MFFDSXY:3:2628:14543:24048	chr2	178560417	178560566	True	-267	150M	255	0	25	0.1713818609714508	ambig_opp_strand	unspliced	12994	44	RIGEL_NRNA_chr2_1_178541746_178597681		RIGEL_NRNA_chr2_1_178541746_178597681	nrna
A00839:75:H7MFFDSXY:3:1340:26802:27618	chr2	178565295	178565444	False	174	150M	255	0	25	0.7336777448654175	ambig_opp_strand	unspliced	12994	44	RIGEL_NRNA_chr2_2_178525988_178804642		RIGEL_NRNA_chr2_2_178525988_178804642	nrna
A00839:75:H7MFFDSXY:3:1407:10474:16376	chr2	178566533	178566682	True	-287	150M	255	0	25	0.1742783635854721	ambig_opp_strand	unspliced	12994	44	RIGEL_NRNA_chr2_1_178539804_178576557		RIGEL_NRNA_chr2_1_178539804_178576557	nrna
A00839:75:H7MFFDSXY:3:1318:26060:5321	chr2	178569934	178570083	False	236	150M	255	0	25	0.744874119758606	ambig_opp_strand	unspliced	12994	44	RIGEL_NRNA_chr2_2_178525988_178804642		RIGEL_NRNA_chr2_2_178525988_178804642	nrna
A00839:75:H7MFFDSXY:3:1155:1334:30170	chr2	178565597	178565746	True	-517	150M	255	0	5	0.7366436123847961	ambig_opp_strand	unspliced	-1	44	.	.	.	mrna
A00839:75:H7MFFDSXY:3:1210:22987:10739	chr2	178563623	178563772	False	379	150M	255	0	25	0.16421973705291748	ambig_opp_strand	unspliced	12994	44	RIGEL_NRNA_chr2_2_178525988_178804642		RIGEL_NRNA_chr2_2_178525988_178804642	nrna
A00839:75:H7MFFDSXY:3:1515:13033:14606	chr2	178567313	178567462	True	-342	150M	255	1	25	0.17213283479213715	ambig_opp_strand	unspliced	12994	44	RIGEL_NRNA_chr2_1_178523417_178776534		RIGEL_NRNA_chr2_1_178523417_178776534	nrna
A00839:75:H7MFFDSXY:3:2512:20952:26099	chr2	178561418	178561567	False	331	150M	255	0	3	0.07093700021505356	ambig_opp_strand	unspliced	12994	44	ENST00000460472.6	TTN	ENSG00000155657.29	mrna
A00839:75:H7MFFDSXY:3:1108:4725:6637	chr2	178564330	178564479	False	356	150M	255	0	5	0.5096140503883362	ambig_opp_strand	unspliced	-1	44	.	.	.	mrna
A00839:75:H7MFFDSXY:3:2670:3839:15562	chr2	178565618	178565767	False	319	150M	255	0	25	0.6273561716079712	ambig_opp_strand	unspliced	12994	44	RIGEL_NRNA_chr2_2_178525988_178804642		RIGEL_NRNA_chr2_2_178525988_178804642	nrna
A00839:75:H7MFFDSXY:3:2141:16043:9298	chr2	178566406	178566555	True	-225	150M	255	0	25	0.03842228278517723	ambig_opp_strand	unspliced	12994	44	RIGEL_NRNA_chr2_1_178528739_178633078		RIGEL_NRNA_chr2_1_178528739_178633078	nrna
A00839:75:H7MFFDSXY:3:2531:10276:32252	chr2	178563388	178563537	True	-313	150M	255	0	25	0.15235207974910736	ambig_opp_strand	unspliced	12994	44	RIGEL_NRNA_chr2_1_178528764_178620148		RIGEL_NRNA_chr2_1_178528764_178620148	nrna
A00839:75:H7MFFDSXY:3:2307:24352:7028	chr2	178567843	178567992	True	-336	150M	255	0	25	0.15299424529075623	ambig_opp_strand	unspliced	12994	44	RIGEL_NRNA_chr2_1_178539804_178576557		RIGEL_NRNA_chr2_1_178539804_178576557	nrna
A00839:75:H7MFFDSXY:3:2341:8404:15139	chr2	178561294	178561443	True	-282	150M	255	0	25	0.1637495905160904	ambig_opp_strand	unspliced	12994	44	RIGEL_NRNA_chr2_1_178540115_178582663		RIGEL_NRNA_chr2_1_178540115_178582663	nrna
A00839:75:H7MFFDSXY:3:1404:2049:21136	chr2	178562949	178563098	True	-173	150M	255	0	25	0.03808065876364708	ambig_opp_strand	unspliced	12994	44	RIGEL_NRNA_chr2_1_178528739_178633078		RIGEL_NRNA_chr2_1_178528739_178633078	nrna
A00839:75:H7MFFDSXY:3:1472:4915:4304	chr2	178564189	178564338	True	-314	150M	255	0	25	0.15561997890472412	ambig_opp_strand	unspliced	12994	44	RIGEL_NRNA_chr2_1_178540115_178582663		RIGEL_NRNA_chr2_1_178540115_178582663	nrna
A00839:75:H7MFFDSXY:3:1269:11225:33677	chr2	178561043	178561192	True	-186	150M	255	0	25	0.1626317948102951	ambig_opp_strand	unspliced	12994	44	RIGEL_NRNA_chr2_1_178528764_178620148		RIGEL_NRNA_chr2_1_178528764_178620148	nrna
A00839:75:H7MFFDSXY:3:1102:18114:22091	chr2	178560892	178561041	True	-291	150M	255	0	25	0.03726325184106827	ambig_opp_strand	unspliced	12994	44	RIGEL_NRNA_chr2_1_178528739_178633078		RIGEL_NRNA_chr2_1_178528739_178633078	nrna
A00839:75:H7MFFDSXY:3:2524:26350:17440	chr2	178562332	178562481	True	-284	150M	255	0	25	0.2056083232164383	ambig_opp_strand	unspliced	12994	44	RIGEL_NRNA_chr2_1_178523417_178776534		RIGEL_NRNA_chr2_1_178523417_178776534	nrna
A00839:75:H7MFFDSXY:3:2159:12174:29309	chr2	178563370	178563519	False	248	150M	255	0	25	0.7415463924407959	ambig_opp_strand	unspliced	12994	44	RIGEL_NRNA_chr2_2_178525988_178804642		RIGEL_NRNA_chr2_2_178525988_178804642	nrna
A00839:75:H7MFFDSXY:3:2531:26476:35509	chr2	178563590	178563739	True	-254	150M	255	0	25	0.20948313176631927	ambig_opp_strand	unspliced	12994	44	RIGEL_NRNA_chr2_1_178523417_178776534		RIGEL_NRNA_chr2_1_178523417_178776534	nrna
A00839:75:H7MFFDSXY:3:1446:5421:16110	chr2	178560681	178560830	False	252	150M	255	0	3	0.09073036909103394	ambig_opp_strand	unspliced	12994	44	ENST00000460472.6	TTN	ENSG00000155657.29	mrna
A00839:75:H7MFFDSXY:3:1418:1190:2675	chr2	178567803	178567936	False	134	134M	255	0	25	0.645537257194519	ambig_opp_strand	unspliced	12994	44	RIGEL_NRNA_chr2_2_178525988_178804642		RIGEL_NRNA_chr2_2_178525988_178804642	nrna
A00839:75:H7MFFDSXY:3:1434:29595:4241	chr2	178568759	178568908	False	357	150M	255	0	5	0.517433762550354	ambig_opp_strand	unspliced	-1	44	.	.	.	mrna
A00839:75:H7MFFDSXY:3:1120:17833:22921	chr2	178569796	178569930	False	135	135M	255	0	25	0.6500678658485413	ambig_opp_strand	unspliced	12994	44	RIGEL_NRNA_chr2_2_178525988_178804642		RIGEL_NRNA_chr2_2_178525988_178804642	nrna
A00839:75:H7MFFDSXY:3:1355:11767:29575	chr2	178569184	178569333	True	-265	150M	255	0	25	0.16563215851783752	ambig_opp_strand	unspliced	12994	44	RIGEL_NRNA_chr2_1_178540115_178582663		RIGEL_NRNA_chr2_1_178540115_178582663	nrna
A00839:75:H7MFFDSXY:3:2629:8910:34898	chr2	178566955	178567104	False	183	150M	255	0	25	0.7378755807876587	ambig_opp_strand	unspliced	12994	44	RIGEL_NRNA_chr2_2_178525988_178804642		RIGEL_NRNA_chr2_2_178525988_178804642	nrna
A00839:75:H7MFFDSXY:3:2248:26024:22388	chr2	178568184	178568333	True	-242	150M	255	0	25	0.17316430807113647	ambig_opp_strand	unspliced	12994	44	RIGEL_NRNA_chr2_1_178541746_178597681		RIGEL_NRNA_chr2_1_178541746_178597681	nrna
A00839:75:H7MFFDSXY:3:1234:11406:13385	chr2	178569032	178569181	False	433	150M	255	0	25	0.11053713411092758	ambig_opp_strand	unspliced	12994	44	RIGEL_NRNA_chr2_2_178525988_178804642		RIGEL_NRNA_chr2_2_178525988_178804642	nrna
A00839:75:H7MFFDSXY:3:1646:17020:1658	chr2	178560010	178560159	False	247	150M	255	1	25	0.7418500781059265	ambig_opp_strand	unspliced	12994	44	RIGEL_NRNA_chr2_2_178525988_178804642		RIGEL_NRNA_chr2_2_178525988_178804642	nrna
A00839:75:H7MFFDSXY:3:1672:30400:25582	chr2	178561412	178561561	False	490	150M	255	0	5	0.8614525198936462	ambig_opp_strand	unspliced	-1	44	.	.	.	mrna
A00839:75:H7MFFDSXY:3:1216:17544:34037	chr2	178562207	178562356	False	354	150M	255	2	5	0.49382174015045166	ambig_opp_strand	unspliced	-1	44	.	.	.	mrna
A00839:75:H7MFFDSXY:3:1144:12906:29857	chr2	178562695	178562844	True	-335	150M	255	0	25	0.1484537422657013	ambig_opp_strand	unspliced	12994	44	RIGEL_NRNA_chr2_1_178541746_178597681		RIGEL_NRNA_chr2_1_178541746_178597681	nrna
A00839:75:H7MFFDSXY:3:1534:9435:19899	chr2	178568745	178568894	False	258	150M	255	0	3	0.09016816318035126	ambig_opp_strand	unspliced	12994	44	ENST00000460472.6	TTN	ENSG00000155657.29	mrna
A00839:75:H7MFFDSXY:3:1272:28402:30326	chr2	178566563	178566712	False	374	150M	255	0	5	0.7373983263969421	ambig_opp_strand	unspliced	-1	44	.	.	.	mrna
A00839:75:H7MFFDSXY:3:2425:5665:3380	chr2	178568888	178569037	True	-272	150M	255	0	25	0.17088767886161804	ambig_opp_strand	unspliced	12994	44	RIGEL_NRNA_chr2_1_178541746_178597681		RIGEL_NRNA_chr2_1_178541746_178597681	nrna
A00839:75:H7MFFDSXY:3:2471:13919:13510	chr2	178567571	178567720	False	330	150M	255	0	5	0.2565700113773346	ambig_opp_strand	unspliced	-1	44	.	.	.	mrna
A00839:75:H7MFFDSXY:3:1334:14950:10880	chr2	178569326	178569459	False	134	134M	255	0	25	0.645537257194519	ambig_opp_strand	unspliced	12994	44	RIGEL_NRNA_chr2_2_178525988_178804642		RIGEL_NRNA_chr2_2_178525988_178804642	nrna
A00839:75:H7MFFDSXY:3:1359:25934:15937	chr2	178569388	178569537	False	289	150M	255	0	25	0.7041612267494202	ambig_opp_strand	unspliced	12994	44	RIGEL_NRNA_chr2_2_178525988_178804642		RIGEL_NRNA_chr2_2_178525988_178804642	nrna
A00839:75:H7MFFDSXY:3:2443:26558:13291	chr2	178568023	178568172	True	-212	150M	255	0	25	0.2105606645345688	ambig_opp_strand	unspliced	12994	44	RIGEL_NRNA_chr2_1_178523417_178776534		RIGEL_NRNA_chr2_1_178523417_178776534	nrna
A00839:75:H7MFFDSXY:3:1370:19361:36401	chr2	178563056	178563205	True	-284	150M	255	0	25	0.1634920984506607	ambig_opp_strand	unspliced	12994	44	RIGEL_NRNA_chr2_1_178540115_178582663		RIGEL_NRNA_chr2_1_178540115_178582663	nrna
A00839:75:H7MFFDSXY:3:1238:17065:15139	chr2	178566242	178566391	True	-349	150M	255	0	5	0.2656548321247101	ambig_opp_strand	unspliced	-1	44	.	.	.	mrna
A00839:75:H7MFFDSXY:3:1529:5629:22075	chr2	178564368	178564517	True	-473	150M	255	0	5	0.7500744462013245	ambig_opp_strand	unspliced	-1	44	.	.	.	mrna
A00839:75:H7MFFDSXY:3:2150:23809:36652	chr2	178564407	178564556	False	427	150M	255	0	5	0.8653677105903625	ambig_opp_strand	unspliced	-1	44	.	.	.	mrna
A00839:75:H7MFFDSXY:3:2341:10728:8766	chr2	178560368	178560517	False	445	150M	255	0	5	0.8369428515434265	ambig_opp_strand	unspliced	-1	44	.	.	.	mrna
A00839:75:H7MFFDSXY:3:1363:28411:15875	chr2	178568957	178569106	False	274	150M	255	0	25	0.7214449048042297	ambig_opp_strand	unspliced	12994	44	RIGEL_NRNA_chr2_2_178525988_178804642		RIGEL_NRNA_chr2_2_178525988_178804642	nrna
A00839:75:H7MFFDSXY:3:2105:24894:18834	chr2	178561610	178561759	False	177	150M	255	0	25	0.7351152896881104	ambig_opp_strand	unspliced	12994	44	RIGEL_NRNA_chr2_2_178525988_178804642		RIGEL_NRNA_chr2_2_178525988_178804642	nrna
A00839:75:H7MFFDSXY:3:2636:20537:12226	chr2	178565859	178566008	False	176	150M	255	0	25	0.7333320379257202	ambig_opp_strand	unspliced	12994	44	RIGEL_NRNA_chr2_2_178525988_178804642		RIGEL_NRNA_chr2_2_178525988_178804642	nrna
A00839:75:H7MFFDSXY:3:2172:14913:7091	chr2	178561344	178561493	True	-245	150M	255	0	25	0.16706283390522003	ambig_opp_strand	unspliced	12994	44	RIGEL_NRNA_chr2_1_178540115_178582663		RIGEL_NRNA_chr2_1_178540115_178582663	nrna
A00839:75:H7MFFDSXY:3:1127:15591:2065	chr2	178567265	178567414	False	234	150M	255	0	5	0.053183116018772125	ambig_opp_strand	unspliced	-1	44	.	.	.	mrna
A00839:75:H7MFFDSXY:3:1112:16450:27821	chr2	178564249	178564398	True	-332	150M	255	0	25	0.15609408915042877	ambig_opp_strand	unspliced	12994	44	RIGEL_NRNA_chr2_1_178539804_178576557		RIGEL_NRNA_chr2_1_178539804_178576557	nrna
A00839:75:H7MFFDSXY:3:2137:12753:20040	chr2	178563534	178563683	False	265	150M	255	0	25	0.7296635508537292	ambig_opp_strand	unspliced	12994	44	RIGEL_NRNA_chr2_2_178525988_178804642		RIGEL_NRNA_chr2_2_178525988_178804642	nrna
A00839:75:H7MFFDSXY:3:2275:12038:2675	chr2	178569686	178569835	True	-212	150M	255	0	25	0.17893949151039124	ambig_opp_strand	unspliced	12994	44	RIGEL_NRNA_chr2_1_178539804_178576557		RIGEL_NRNA_chr2_1_178539804_178576557	nrna
A00839:75:H7MFFDSXY:3:1263:31259:3834	chr2	178568464	178568613	True	-312	150M	255	0	5	0.08982325345277786	ambig_opp_strand	unspliced	-1	44	.	.	.	mrna
A00839:75:H7MFFDSXY:3:1267:29315:18724	chr2	178565862	178566011	False	292	150M	255	0	5	0.1107250228524208	ambig_opp_strand	unspliced	-1	44	.	.	.	mrna
A00839:75:H7MFFDSXY:3:2318:7853:25801	chr2	178567801	178567950	False	214	150M	255	0	3	0.07464124262332916	ambig_opp_strand	unspliced	12994	44	ENST00000342175.12	TTN	ENSG00000155657.29	mrna
A00839:75:H7MFFDSXY:3:1322:5918:2472	chr2	178561999	178562148	False	595	150M	255	0	25	0.22470687329769135	ambig_opp_strand	unspliced	12994	44	RIGEL_NRNA_chr2_2_178525988_178804642		RIGEL_NRNA_chr2_2_178525988_178804642	nrna
A00839:75:H7MFFDSXY:3:2429:1886:3317	chr2	178560730	178560879	True	-236	150M	255	1	25	0.16729862987995148	ambig_opp_strand	unspliced	12994	44	RIGEL_NRNA_chr2_1_178540115_178582663		RIGEL_NRNA_chr2_1_178540115_178582663	nrna
A00839:75:H7MFFDSXY:3:1609:8196:8829	chr2	178566705	178566854	False	334	150M	255	0	25	0.562873899936676	ambig_opp_strand	unspliced	12994	44	RIGEL_NRNA_chr2_2_178525988_178804642		RIGEL_NRNA_chr2_2_178525988_178804642	nrna
A00839:75:H7MFFDSXY:3:1108:24334:19836	chr2	178569585	178569734	False	213	150M	255	1	25	0.7460277080535889	ambig_opp_strand	unspliced	12994	44	RIGEL_NRNA_chr2_2_178525988_178804642		RIGEL_NRNA_chr2_2_178525988_178804642	nrna
A00839:75:H7MFFDSXY:3:2678:1570:2143	chr2	178563847	178563996	False	348	150M	255	1	3	0.0461156964302063	ambig_opp_strand	unspliced	12994	44	ENST00000342175.12	TTN	ENSG00000155657.29	mrna
A00839:75:H7MFFDSXY:3:1429:5782:33552	chr2	178567504	178567653	True	-246	150M	255	0	25	0.21005427837371826	ambig_opp_strand	unspliced	12994	44	RIGEL_NRNA_chr2_1_178523417_178776534		RIGEL_NRNA_chr2_1_178523417_178776534	nrna
A00839:75:H7MFFDSXY:3:1428:3622:4476	chr2	178568611	178568760	False	343	150M	255	0	25	0.4976482391357422	ambig_opp_strand	unspliced	12994	44	RIGEL_NRNA_chr2_2_178525988_178804642		RIGEL_NRNA_chr2_2_178525988_178804642	nrna
A00839:75:H7MFFDSXY:3:1105:27254:36323	chr2	178568898	178569047	False	360	150M	255	0	5	0.5538020730018616	ambig_opp_strand	unspliced	-1	44	.	.	.	mrna
A00839:75:H7MFFDSXY:3:2253:29586:22232	chr2	178566129	178566278	False	460	150M	255	0	5	0.8677747249603271	ambig_opp_strand	unspliced	-1	44	.	.	.	mrna
A00839:75:H7MFFDSXY:3:2103:15465:1939	chr2	178568768	178568917	True	-360	150M	255	0	25	0.10852999985218048	ambig_opp_strand	unspliced	12994	44	RIGEL_NRNA_chr2_1_178540115_178582663		RIGEL_NRNA_chr2_1_178540115_178582663	nrna
A00839:75:H7MFFDSXY:3:2471:2103:32690	chr2	178563558	178563707	False	219	150M	255	0	25	0.7467092871665955	ambig_opp_strand	unspliced	12994	44	RIGEL_NRNA_chr2_2_178525988_178804642		RIGEL_NRNA_chr2_2_178525988_178804642	nrna
A00839:75:H7MFFDSXY:3:1325:9670:36151	chr2	178567821	178567970	True	-274	150M	255	0	25	0.20714856684207916	ambig_opp_strand	unspliced	12994	44	RIGEL_NRNA_chr2_1_178523417_178776534		RIGEL_NRNA_chr2_1_178523417_178776534	nrna
A00839:75:H7MFFDSXY:3:2252:18837:15734	chr2	178560179	178560328	False	298	150M	255	0	25	0.6881697773933411	ambig_opp_strand	unspliced	12994	44	RIGEL_NRNA_chr2_2_178525988_178804642		RIGEL_NRNA_chr2_2_178525988_178804642	nrna
A00839:75:H7MFFDSXY:3:2527:7871:17566	chr2	178566319	178566437	True	-403	119M31S	255	1	5	0.7556812167167664	ambig_opp_strand	unspliced	-1	44	.	.	.	mrna
A00839:75:H7MFFDSXY:3:2237:31539:10050	chr2	178568344	178568493	False	207	150M	255	0	25	0.7452598214149475	ambig_opp_strand	unspliced	12994	44	RIGEL_NRNA_chr2_2_178525988_178804642		RIGEL_NRNA_chr2_2_178525988_178804642	nrna
A00839:75:H7MFFDSXY:3:2577:6659:28714	chr2	178563551	178563700	False	370	150M	255	0	5	0.6891863942146301	ambig_opp_strand	unspliced	-1	44	.	.	.	mrna
A00839:75:H7MFFDSXY:3:1603:2899:3129	chr2	178567557	178567682	False	126	126M	255	0	25	0.5889983773231506	ambig_opp_strand	unspliced	12994	44	RIGEL_NRNA_chr2_2_178525988_178804642		RIGEL_NRNA_chr2_2_178525988_178804642	nrna
A00839:75:H7MFFDSXY:3:2318:11351:11819	chr2	178563320	178563469	False	350	150M	255	1	25	0.43908044695854187	ambig_opp_strand	unspliced	12994	44	RIGEL_NRNA_chr2_2_178525988_178804642		RIGEL_NRNA_chr2_2_178525988_178804642	nrna
A00839:75:H7MFFDSXY:3:2455:31421:25723	chr2	178562381	178562530	True	-239	150M	255	1	25	0.17324213683605194	ambig_opp_strand	unspliced	12994	44	RIGEL_NRNA_chr2_1_178541746_178597681		RIGEL_NRNA_chr2_1_178541746_178597681	nrna
A00839:75:H7MFFDSXY:3:2239:15194:9142	chr2	178568217	178568366	True	-389	150M	255	0	5	0.7547021508216858	ambig_opp_strand	unspliced	-1	44	.	.	.	mrna
A00839:75:H7MFFDSXY:3:2644:24804:20744	chr2	178562080	178562229	False	217	150M	255	1	25	0.7467135787010193	ambig_opp_strand	unspliced	12994	44	RIGEL_NRNA_chr2_2_178525988_178804642		RIGEL_NRNA_chr2_2_178525988_178804642	nrna
A00839:75:H7MFFDSXY:3:2265:19859:31845	chr2	178565643	178565774	True	-130	132M	255	3	5	0.09994851052761078	ambig_opp_strand	unspliced	-1	44	.	.	.	mrna
A00839:75:H7MFFDSXY:3:1306:5746:5995	chr2	178561820	178561969	False	402	150M	255	0	5	0.8677330613136292	ambig_opp_strand	unspliced	-1	44	.	.	.	mrna
A00839:75:H7MFFDSXY:3:1420:1633:18850	chr2	178561310	178561459	False	184	150M	255	0	25	0.7392669320106506	ambig_opp_strand	unspliced	12994	44	RIGEL_NRNA_chr2_2_178525988_178804642		RIGEL_NRNA_chr2_2_178525988_178804642	nrna
A00839:75:H7MFFDSXY:3:2404:27272:13839	chr2	178561802	178561951	False	281	150M	255	0	25	0.7138229012489319	ambig_opp_strand	unspliced	12994	44	RIGEL_NRNA_chr2_2_178525988_178804642		RIGEL_NRNA_chr2_2_178525988_178804642	nrna
A00839:75:H7MFFDSXY:3:1577:3423:6950	chr2	178565335	178565484	False	428	150M	255	0	5	0.8660291433334351	ambig_opp_strand	unspliced	-1	44	.	.	.	mrna
A00839:75:H7MFFDSXY:3:2233:19596:15045	chr2	178560843	178560992	False	277	150M	255	0	3	0.07184334844350815	ambig_opp_strand	unspliced	12994	44	ENST00000342175.12	TTN	ENSG00000155657.29	mrna
A00839:75:H7MFFDSXY:3:2622:23583:1720	chr2	178566045	178566194	False	298	150M	255	0	25	0.6881698369979858	ambig_opp_strand	unspliced	12994	44	RIGEL_NRNA_chr2_2_178525988_178804642		RIGEL_NRNA_chr2_2_178525988_178804642	nrna
A00839:75:H7MFFDSXY:3:2419:27923:35102	chr2	178562052	178562201	False	353	150M	255	5	3	0.012780002318322659	ambig_opp_strand	unspliced	12994	44	ENST00000412264.2	TTN	ENSG00000155657.29	mrna
A00839:75:H7MFFDSXY:3:2357:6433:28166	chr2	178561998	178562147	False	406	150M	255	0	5	0.8724668622016907	ambig_opp_strand	unspliced	-1	44	.	.	.	mrna
A00839:75:H7MFFDSXY:3:1367:27389:8563	chr2	178567678	178567827	False	341	150M	255	0	25	0.5126522183418274	ambig_opp_strand	unspliced	12994	44	RIGEL_NRNA_chr2_2_178525988_178804642		RIGEL_NRNA_chr2_2_178525988_178804642	nrna
A00839:75:H7MFFDSXY:3:2123:6569:11240	chr2	178568587	178568736	True	-413	150M	255	0	25	0.048878468573093414	ambig_opp_strand	unspliced	12994	44	RIGEL_NRNA_chr2_1_178523417_178776534		RIGEL_NRNA_chr2_1_178523417_178776534	nrna
A00839:75:H7MFFDSXY:3:2470:7301:28541	chr2	178560042	178560191	False	337	150M	255	0	5	0.31267043948173523	ambig_opp_strand	unspliced	-1	44	.	.	.	mrna
A00839:75:H7MFFDSXY:3:1472:18059:35712	chr2	178567106	178567255	False	344	150M	255	0	25	0.4879925549030304	ambig_opp_strand	unspliced	12994	44	RIGEL_NRNA_chr2_2_178525988_178804642		RIGEL_NRNA_chr2_2_178525988_178804642	nrna
A00839:75:H7MFFDSXY:3:1353:15691:18615	chr2	178562659	178562808	False	363	150M	255	0	25	0.3211550712585449	ambig_opp_strand	unspliced	12994	44	RIGEL_NRNA_chr2_2_178525988_178804642		RIGEL_NRNA_chr2_2_178525988_178804642	nrna
A00839:75:H7MFFDSXY:3:1113:13630:20400	chr2	178561997	178562146	True	-397	150M	255	0	5	0.7507028579711914	ambig_opp_strand	unspliced	-1	44	.	.	.	mrna
A00839:75:H7MFFDSXY:3:1122:3947:20478	chr2	178569807	178569956	False	364	150M	255	0	25	0.31027427315711975	ambig_opp_strand	unspliced	12994	44	RIGEL_NRNA_chr2_2_178525988_178804642		RIGEL_NRNA_chr2_2_178525988_178804642	nrna
A00839:75:H7MFFDSXY:3:2563:13458:6825	chr2	178568905	178569054	False	324	150M	255	0	3	0.06113514304161072	ambig_opp_strand	unspliced	12994	44	ENST00000342175.12	TTN	ENSG00000155657.29	mrna
A00839:75:H7MFFDSXY:3:1362:10628:35744	chr2	178563427	178563576	False	247	150M	255	0	25	0.7418500781059265	ambig_opp_strand	unspliced	12994	44	RIGEL_NRNA_chr2_2_178525988_178804642		RIGEL_NRNA_chr2_2_178525988_178804642	nrna
A00839:75:H7MFFDSXY:3:1661:18340:24580	chr2	178563571	178563720	True	-238	150M	255	0	25	0.16729876399040222	ambig_opp_strand	unspliced	12994	44	RIGEL_NRNA_chr2_1_178540115_178582663		RIGEL_NRNA_chr2_1_178540115_178582663	nrna
A00839:75:H7MFFDSXY:3:2138:32027:8609	chr2	178567396	178567545	True	-353	150M	255	1	25	0.1280166208744049	ambig_opp_strand	unspliced	12994	44	RIGEL_NRNA_chr2_1_178539804_178576557		RIGEL_NRNA_chr2_1_178539804_178576557	nrna
A00839:75:H7MFFDSXY:3:2539:29993:2331	chr2	178562952	178563101	False	308	150M	255	0	25	0.6639626622200012	ambig_opp_strand	unspliced	12994	44	RIGEL_NRNA_chr2_2_178525988_178804642		RIGEL_NRNA_chr2_2_178525988_178804642	nrna
A00839:75:H7MFFDSXY:3:2415:24397:9987	chr2	178565385	178565534	False	277	150M	255	0	3	0.08804897964000702	ambig_opp_strand	unspliced	12994	44	ENST00000460472.6	TTN	ENSG00000155657.29	mrna
A00839:75:H7MFFDSXY:3:1450:6876:31031	chr2	178568735	178568884	False	373	150M	255	2	5	0.7244448661804199	ambig_opp_strand	unspliced	-1	44	.	.	.	mrna
A00839:75:H7MFFDSXY:3:2117:17038:5008	chr2	178562851	178563000	False	459	150M	255	0	5	0.8705690503120422	ambig_opp_strand	unspliced	-1	44	.	.	.	mrna
A00839:75:H7MFFDSXY:3:1627:21902:20259	chr2	178566671	178566820	True	-396	150M	255	0	5	0.7579099535942078	ambig_opp_strand	unspliced	-1	44	.	.	.	mrna
A00839:75:H7MFFDSXY:3:2561:32678:36198	chr2	178566665	178566814	False	184	150M	255	0	25	0.7392669320106506	ambig_opp_strand	unspliced	12994	44	RIGEL_NRNA_chr2_2_178525988_178804642		RIGEL_NRNA_chr2_2_178525988_178804642	nrna
A00839:75:H7MFFDSXY:3:2116:29785:5509	chr2	178562963	178563112	False	337	150M	255	0	5	0.31267064809799194	ambig_opp_strand	unspliced	-1	44	.	.	.	mrna
A00839:75:H7MFFDSXY:3:1467:13901:36683	chr2	178569364	178569513	True	-303	150M	255	0	25	0.1652744561433792	ambig_opp_strand	unspliced	12994	44	RIGEL_NRNA_chr2_1_178541746_178597681		RIGEL_NRNA_chr2_1_178541746_178597681	nrna
A00839:75:H7MFFDSXY:3:2277:23963:3004	chr2	178560737	178560886	True	-328	150M	255	0	5	0.13274873793125153	ambig_opp_strand	unspliced	-1	44	.	.	.	mrna
A00839:75:H7MFFDSXY:3:2244:18792:24674	chr2	178566133	178566282	False	463	150M	255	1	5	0.8703027367591858	ambig_opp_strand	unspliced	-1	44	.	.	.	mrna
A00839:75:H7MFFDSXY:3:2175:3558:5807	chr2	178567933	178568082	True	-297	150M	255	0	25	0.16116274893283844	ambig_opp_strand	unspliced	12994	44	RIGEL_NRNA_chr2_1_178540115_178582663		RIGEL_NRNA_chr2_1_178540115_178582663	nrna
A00839:75:H7MFFDSXY:3:1540:1777:9204	chr2	178569746	178569895	True	-316	150M	255	1	25	0.1605028212070465	ambig_opp_strand	unspliced	12994	44	RIGEL_NRNA_chr2_1_178541746_178597681		RIGEL_NRNA_chr2_1_178541746_178597681	nrna
A00839:75:H7MFFDSXY:3:2415:30092:24580	chr2	178568975	178569124	False	323	150M	255	0	25	0.6129410266876221	ambig_opp_strand	unspliced	12994	44	RIGEL_NRNA_chr2_2_178525988_178804642		RIGEL_NRNA_chr2_2_178525988_178804642	nrna
A00839:75:H7MFFDSXY:3:1575:24840:3959	chr2	178568911	178569060	False	324	150M	255	0	25	0.6111221313476562	ambig_opp_strand	unspliced	12994	44	RIGEL_NRNA_chr2_2_178525988_178804642		RIGEL_NRNA_chr2_2_178525988_178804642	nrna
A00839:75:H7MFFDSXY:3:2132:12626:7576	chr2	178569140	178569289	False	357	150M	255	0	5	0.517433762550354	ambig_opp_strand	unspliced	-1	44	.	.	.	mrna
A00839:75:H7MFFDSXY:3:1655:12463:8547	chr2	178569760	178569909	True	-301	150M	255	0	25	0.17104314267635345	ambig_opp_strand	unspliced	12994	44	RIGEL_NRNA_chr2_1_178539804_178576557		RIGEL_NRNA_chr2_1_178539804_178576557	nrna
A00839:75:H7MFFDSXY:3:1228:27489:16250	chr2	178569269	178569418	False	288	150M	255	1	25	0.7061768770217896	ambig_opp_strand	unspliced	12994	44	RIGEL_NRNA_chr2_2_178525988_178804642		RIGEL_NRNA_chr2_2_178525988_178804642	nrna
A00839:75:H7MFFDSXY:3:1642:26955:21652	chr2	178561780	178561929	False	249	150M	255	0	25	0.7411295771598816	ambig_opp_strand	unspliced	12994	44	RIGEL_NRNA_chr2_2_178525988_178804642		RIGEL_NRNA_chr2_2_178525988_178804642	nrna
A00839:75:H7MFFDSXY:3:2102:17879:19272	chr2	178562875	178563024	True	-411	150M	255	0	5	0.7783854007720947	ambig_opp_strand	unspliced	-1	44	.	.	.	mrna
A00839:75:H7MFFDSXY:3:1542:24614:18693	chr2	178566240	178566389	True	-207	150M	255	0	25	0.17333436012268066	ambig_opp_strand	unspliced	12994	44	RIGEL_NRNA_chr2_1_178541746_178597681		RIGEL_NRNA_chr2_1_178541746_178597681	nrna
A00839:75:H7MFFDSXY:3:1344:3414:14387	chr2	178562385	178562534	False	157	150M	255	1	3	0.08749351650476456	ambig_opp_strand	unspliced	12994	44	ENST00000460472.6	TTN	ENSG00000155657.29	mrna
A00839:75:H7MFFDSXY:3:2240:31141:3818	chr2	178564568	178564717	True	-420	150M	255	0	25	0.04453108087182045	ambig_opp_strand	unspliced	12994	44	RIGEL_NRNA_chr2_1_178528764_178620148		RIGEL_NRNA_chr2_1_178528764_178620148	nrna
A00839:75:H7MFFDSXY:3:2403:15347:19398	chr2	178568967	178569116	False	326	150M	255	0	5	0.23705321550369263	ambig_opp_strand	unspliced	-1	44	.	.	.	mrna
A00839:75:H7MFFDSXY:3:1276:28248:9987	chr2	178562883	178563032	False	194	150M	255	0	25	0.7432358860969543	ambig_opp_strand	unspliced	12994	44	RIGEL_NRNA_chr2_2_178525988_178804642		RIGEL_NRNA_chr2_2_178525988_178804642	nrna
A00839:75:H7MFFDSXY:3:2417:25048:13683	chr2	178561944	178562093	True	-415	150M	255	1	25	0.0413694903254509	ambig_opp_strand	unspliced	12994	44	RIGEL_NRNA_chr2_1_178528764_178620148		RIGEL_NRNA_chr2_1_178528764_178620148	nrna
A00839:75:H7MFFDSXY:3:1147:4598:18255	chr2	178564702	178564851	False	378	150M	255	0	5	0.7782589793205261	ambig_opp_strand	unspliced	-1	44	.	.	.	mrna
A00839:75:H7MFFDSXY:3:1461:7600:28902	chr2	178563781	178563930	True	-162	150M	255	0	25	0.20720747113227844	ambig_opp_strand	unspliced	12994	44	RIGEL_NRNA_chr2_1_178523417_178776534		RIGEL_NRNA_chr2_1_178523417_178776534	nrna
A00839:75:H7MFFDSXY:3:1346:12563:36652	chr2	178568620	178568769	True	-331	150M	255	0	25	0.14691972732543945	ambig_opp_strand	unspliced	12994	44	RIGEL_NRNA_chr2_1_178540115_178582663		RIGEL_NRNA_chr2_1_178540115_178582663	nrna
A00839:75:H7MFFDSXY:3:1224:30228:11851	chr2	178560364	178560513	True	-279	150M	255	0	5	0.04388222470879555	ambig_opp_strand	unspliced	-1	44	.	.	.	mrna
A00839:75:H7MFFDSXY:3:1518:19578:11162	chr2	178561274	178561423	False	283	150M	255	0	3	0.08724388480186462	ambig_opp_strand	unspliced	12994	44	ENST00000460472.6	TTN	ENSG00000155657.29	mrna
A00839:75:H7MFFDSXY:3:2255:29758:6840	chr2	178564750	178564899	False	281	150M	255	0	25	0.7138229012489319	ambig_opp_strand	unspliced	12994	44	RIGEL_NRNA_chr2_2_178525988_178804642		RIGEL_NRNA_chr2_2_178525988_178804642	nrna
A00839:75:H7MFFDSXY:3:2458:11605:31579	chr2	178569701	178569850	True	-306	150M	255	0	25	0.16425348818302155	ambig_opp_strand	unspliced	12994	44	RIGEL_NRNA_chr2_1_178541746_178597681		RIGEL_NRNA_chr2_1_178541746_178597681	nrna
A00839:75:H7MFFDSXY:3:1305:23945:9674	chr2	178563230	178563379	False	316	150M	255	0	5	0.18734925985336304	ambig_opp_strand	unspliced	-1	44	.	.	.	mrna
A00839:75:H7MFFDSXY:3:2450:31186:7592	chr2	178560108	178560242	True	-135	135M	255	0	25	0.16704121232032776	ambig_opp_strand	unspliced	12994	44	RIGEL_NRNA_chr2_1_178539804_178576557		RIGEL_NRNA_chr2_1_178539804_178576557	nrna
A00839:75:H7MFFDSXY:3:1335:32687:10160	chr2	178560332	178560481	True	-399	150M	255	0	5	0.7728854417800903	ambig_opp_strand	unspliced	-1	44	.	.	.	mrna
A00839:75:H7MFFDSXY:3:1261:27073:29841	chr2	178561268	178561417	False	322	150M	255	0	3	0.061748798936605453	ambig_opp_strand	unspliced	12994	44	ENST00000342175.12	TTN	ENSG00000155657.29	mrna
A00839:75:H7MFFDSXY:3:1473:19208:9361	chr2	178569287	178569436	False	257	150M	255	0	3	0.09026817977428436	ambig_opp_strand	unspliced	12994	44	ENST00000460472.6	TTN	ENSG00000155657.29	mrna
A00839:75:H7MFFDSXY:3:2556:23122:6308	chr2	178567777	178567926	True	-219	150M	255	0	25	0.17901140451431274	ambig_opp_strand	unspliced	12994	44	RIGEL_NRNA_chr2_1_178539804_178576557		RIGEL_NRNA_chr2_1_178539804_178576557	nrna
A00839:75:H7MFFDSXY:3:1560:11270:20040	chr2	178565225	178565374	True	-331	150M	255	0	25	0.14691972732543945	ambig_opp_strand	unspliced	12994	44	RIGEL_NRNA_chr2_1_178540115_178582663		RIGEL_NRNA_chr2_1_178540115_178582663	nrna
A00839:75:H7MFFDSXY:3:2611:16288:18364	chr2	178566362	178566511	False	448	150M	255	0	5	0.8610938787460327	ambig_opp_strand	unspliced	-1	44	.	.	.	mrna
A00839:75:H7MFFDSXY:3:2578:27525:28651	chr2	178561045	178561194	True	-368	150M	255	0	5	0.47350624203681946	ambig_opp_strand	unspliced	-1	44	.	.	.	mrna
A00839:75:H7MFFDSXY:3:1256:12961:29763	chr2	178569583	178569732	True	-255	150M	255	0	25	0.16646987199783325	ambig_opp_strand	unspliced	12994	44	RIGEL_NRNA_chr2_1_178540115_178582663		RIGEL_NRNA_chr2_1_178540115_178582663	nrna
A00839:75:H7MFFDSXY:3:2668:27679:8406	chr2	178561694	178561843	False	298	150M	255	0	25	0.6881697773933411	ambig_opp_strand	unspliced	12994	44	RIGEL_NRNA_chr2_2_178525988_178804642		RIGEL_NRNA_chr2_2_178525988_178804642	nrna
A00839:75:H7MFFDSXY:3:1628:11595:5666	chr2	178561054	178561203	True	-288	150M	255	0	25	0.16298791766166687	ambig_opp_strand	unspliced	12994	44	RIGEL_NRNA_chr2_1_178540115_178582663		RIGEL_NRNA_chr2_1_178540115_178582663	nrna
A00839:75:H7MFFDSXY:3:2240:4490:4507	chr2	178562840	178562989	True	-258	150M	255	0	25	0.16223366558551788	ambig_opp_strand	unspliced	12994	44	RIGEL_NRNA_chr2_1_178528764_178620148		RIGEL_NRNA_chr2_1_178528764_178620148	nrna
A00839:75:H7MFFDSXY:3:1570:2564:32675	chr2	178562611	178562750	False	325	140M	255	0	5	0.23038959503173828	ambig_opp_strand	unspliced	-1	44	.	.	.	mrna
A00839:75:H7MFFDSXY:3:2329:27814:5603	chr2	178564517	178564666	True	-205	150M	255	0	25	0.17334021627902985	ambig_opp_strand	unspliced	12994	44	RIGEL_NRNA_chr2_1_178541746_178597681		RIGEL_NRNA_chr2_1_178541746_178597681	nrna
A00839:75:H7MFFDSXY:3:1301:29107:29168	chr2	178566925	178567074	True	-254	150M	255	1	25	0.20948313176631927	ambig_opp_strand	unspliced	12994	44	RIGEL_NRNA_chr2_1_178523417_178776534		RIGEL_NRNA_chr2_1_178523417_178776534	nrna
A00839:75:H7MFFDSXY:3:2178:16613:30639	chr2	178565322	178565471	False	344	150M	255	0	25	0.4879925549030304	ambig_opp_strand	unspliced	12994	44	RIGEL_NRNA_chr2_2_178525988_178804642		RIGEL_NRNA_chr2_2_178525988_178804642	nrna
A00839:75:H7MFFDSXY:3:2137:16613:32612	chr2	178567271	178567420	False	382	150M	255	0	25	0.1391986906528473	ambig_opp_strand	unspliced	12994	44	RIGEL_NRNA_chr2_2_178525988_178804642		RIGEL_NRNA_chr2_2_178525988_178804642	nrna
A00839:75:H7MFFDSXY:3:2417:5846:17628	chr2	178567828	178567977	False	372	150M	255	0	5	0.7060742378234863	ambig_opp_strand	unspliced	-1	44	.	.	.	mrna
A00839:75:H7MFFDSXY:3:2304:17598:19288	chr2	178562037	178562186	False	217	150M	255	0	25	0.7467135787010193	ambig_opp_strand	unspliced	12994	44	RIGEL_NRNA_chr2_2_178525988_178804642		RIGEL_NRNA_chr2_2_178525988_178804642	nrna
A00839:75:H7MFFDSXY:3:2402:6714:20509	chr2	178568091	178568240	True	-375	150M	255	0	5	0.5778281688690186	ambig_opp_strand	unspliced	-1	44	.	.	.	mrna
A00839:75:H7MFFDSXY:3:1537:21423:15045	chr2	178565198	178565347	True	-202	150M	255	0	25	0.16320081055164337	ambig_opp_strand	unspliced	12994	44	RIGEL_NRNA_chr2_1_178528764_178620148		RIGEL_NRNA_chr2_1_178528764_178620148	nrna
A00839:75:H7MFFDSXY:3:2335:7365:35383	chr2	178562359	178562508	False	369	150M	255	0	5	0.6721917986869812	ambig_opp_strand	unspliced	-1	44	.	.	.	mrna
A00839:75:H7MFFDSXY:3:1512:11433:2816	chr2	178565560	178565709	True	-417	150M	255	0	25	0.03825785219669342	ambig_opp_strand	unspliced	12994	44	RIGEL_NRNA_chr2_1_178528764_178620148		RIGEL_NRNA_chr2_1_178528764_178620148	nrna
A00839:75:H7MFFDSXY:3:2203:12870:30671	chr2	178567071	178567220	False	282	150M	255	0	3	0.08739897608757019	ambig_opp_strand	unspliced	12994	44	ENST00000460472.6	TTN	ENSG00000155657.29	mrna
A00839:75:H7MFFDSXY:3:1241:22101:36793	chr2	178566136	178566285	True	-337	150M	255	0	5	0.17583957314491272	ambig_opp_strand	unspliced	-1	44	.	.	.	mrna
A00839:75:H7MFFDSXY:3:1553:30825:8124	chr2	178567844	178567993	True	-322	150M	255	0	25	0.16257616877555847	ambig_opp_strand	unspliced	12994	44	RIGEL_NRNA_chr2_1_178539804_178576557		RIGEL_NRNA_chr2_1_178539804_178576557	nrna
A00839:75:H7MFFDSXY:3:1332:9109:3427	chr2	178568450	178568599	True	-290	150M	255	0	25	0.16247756779193878	ambig_opp_strand	unspliced	12994	44	RIGEL_NRNA_chr2_1_178540115_178582663		RIGEL_NRNA_chr2_1_178540115_178582663	nrna
A00839:75:H7MFFDSXY:3:2174:22435:19680	chr2	178562515	178562664	False	263	150M	255	0	25	0.732184886932373	ambig_opp_strand	unspliced	12994	44	RIGEL_NRNA_chr2_2_178525988_178804642		RIGEL_NRNA_chr2_2_178525988_178804642	nrna
A00839:75:H7MFFDSXY:3:2455:31512:15327	chr2	178563232	178563381	True	-272	150M	255	0	25	0.1609731763601303	ambig_opp_strand	unspliced	12994	44	RIGEL_NRNA_chr2_1_178528764_178620148		RIGEL_NRNA_chr2_1_178528764_178620148	nrna
A00839:75:H7MFFDSXY:3:1646:26729:17315	chr2	178561449	178561598	True	-166	150M	255	0	25	0.1611952930688858	ambig_opp_strand	unspliced	12994	44	RIGEL_NRNA_chr2_1_178528764_178620148		RIGEL_NRNA_chr2_1_178528764_178620148	nrna
A00839:75:H7MFFDSXY:3:2638:17092:27211	chr2	178569726	178569875	True	-361	150M	255	0	25	0.13425245881080627	ambig_opp_strand	unspliced	12994	44	RIGEL_NRNA_chr2_1_178523417_178776534		RIGEL_NRNA_chr2_1_178523417_178776534	nrna
A00839:75:H7MFFDSXY:3:2451:16116:14246	chr2	178562971	178563120	True	-342	150M	255	0	25	0.14177630841732025	ambig_opp_strand	unspliced	12994	44	RIGEL_NRNA_chr2_1_178541746_178597681		RIGEL_NRNA_chr2_1_178541746_178597681	nrna
A00839:75:H7MFFDSXY:3:1172:22200:23657	chr2	178567778	178567927	False	222	150M	255	0	25	0.7460497617721558	ambig_opp_strand	unspliced	12994	44	RIGEL_NRNA_chr2_2_178525988_178804642		RIGEL_NRNA_chr2_2_178525988_178804642	nrna
A00839:75:H7MFFDSXY:3:1446:20048:11725	chr2	178564866	178565015	False	177	150M	255	0	25	0.7351152896881104	ambig_opp_strand	unspliced	12994	44	RIGEL_NRNA_chr2_2_178525988_178804642		RIGEL_NRNA_chr2_2_178525988_178804642	nrna
A00839:75:H7MFFDSXY:3:2109:5602:34898	chr2	178568634	178568783	True	-292	150M	255	1	25	0.1680440753698349	ambig_opp_strand	unspliced	12994	44	RIGEL_NRNA_chr2_1_178541746_178597681		RIGEL_NRNA_chr2_1_178541746_178597681	nrna
A00839:75:H7MFFDSXY:3:2574:32533:23328	chr2	178567616	178567765	False	403	150M	255	0	5	0.8683302998542786	ambig_opp_strand	unspliced	-1	44	.	.	.	mrna
A00839:75:H7MFFDSXY:3:2508:21477:8187	chr2	178562716	178562865	False	264	150M	255	0	25	0.731153130531311	ambig_opp_strand	unspliced	12994	44	RIGEL_NRNA_chr2_2_178525988_178804642		RIGEL_NRNA_chr2_2_178525988_178804642	nrna
A00839:75:H7MFFDSXY:3:1659:11776:37012	chr2	178562533	178562682	True	-260	150M	255	0	25	0.16610147058963776	ambig_opp_strand	unspliced	12994	44	RIGEL_NRNA_chr2_1_178540115_178582663		RIGEL_NRNA_chr2_1_178540115_178582663	nrna
A00839:75:H7MFFDSXY:3:2272:21820:2487	chr2	178560538	178560687	False	444	150M	255	0	5	0.8704497814178467	ambig_opp_strand	unspliced	-1	44	.	.	.	mrna
A00839:75:H7MFFDSXY:3:1674:12527:10755	chr2	178564378	178564527	True	-455	150M	255	0	25	0.039606060832738876	ambig_opp_strand	unspliced	12994	44	RIGEL_NRNA_chr2_1_178541746_178597681		RIGEL_NRNA_chr2_1_178541746_178597681	nrna
A00839:75:H7MFFDSXY:3:2547:11641:28260	chr2	178560876	178561025	False	286	150M	255	0	25	0.7077359557151794	ambig_opp_strand	unspliced	12994	44	RIGEL_NRNA_chr2_2_178525988_178804642		RIGEL_NRNA_chr2_2_178525988_178804642	nrna
A00839:75:H7MFFDSXY:3:2244:18882:14246	chr2	178563429	178563578	True	-250	150M	255	0	25	0.17834921181201935	ambig_opp_strand	unspliced	12994	44	RIGEL_NRNA_chr2_1_178539804_178576557		RIGEL_NRNA_chr2_1_178539804_178576557	nrna
A00839:75:H7MFFDSXY:3:2109:6777:27320	chr2	178564535	178564684	False	288	150M	255	1	25	0.7061768770217896	ambig_opp_strand	unspliced	12994	44	RIGEL_NRNA_chr2_2_178525988_178804642		RIGEL_NRNA_chr2_2_178525988_178804642	nrna
A00839:75:H7MFFDSXY:3:2255:10908:28150	chr2	178565822	178565971	True	-368	150M	255	0	25	0.020740125328302383	ambig_opp_strand	unspliced	12994	44	RIGEL_NRNA_chr2_1_178528739_178633078		RIGEL_NRNA_chr2_1_178528739_178633078	nrna
A00839:75:H7MFFDSXY:3:1349:22426:36761	chr2	178566323	178566472	True	-410	150M	255	1	25	0.04619618505239487	ambig_opp_strand	unspliced	12994	44	RIGEL_NRNA_chr2_1_178539804_178576557		RIGEL_NRNA_chr2_1_178539804_178576557	nrna
A00839:75:H7MFFDSXY:3:2520:32886:15076	chr2	178567997	178568145	True	-424	149M	255	2	5	0.7565520405769348	ambig_opp_strand	unspliced	-1	44	.	.	.	mrna
A00839:75:H7MFFDSXY:3:2669:27552:7341	chr2	178566489	178566638	True	-181	150M	255	0	25	0.03817027434706688	ambig_opp_strand	unspliced	12994	44	RIGEL_NRNA_chr2_1_178528739_178633078		RIGEL_NRNA_chr2_1_178528739_178633078	nrna
A00839:75:H7MFFDSXY:3:2222:15347:15076	chr2	178568357	178568506	True	-307	150M	255	0	25	0.1989908218383789	ambig_opp_strand	unspliced	12994	44	RIGEL_NRNA_chr2_1_178523417_178776534		RIGEL_NRNA_chr2_1_178523417_178776534	nrna
A00839:75:H7MFFDSXY:3:1557:20826:15702	chr2	178561495	178561644	True	-226	150M	255	0	25	0.16337274014949799	ambig_opp_strand	unspliced	12994	44	RIGEL_NRNA_chr2_1_178528764_178620148		RIGEL_NRNA_chr2_1_178528764_178620148	nrna
A00839:75:H7MFFDSXY:3:2605:1561:14090	chr2	178560730	178560879	True	-340	150M	255	1	25	0.13851764798164368	ambig_opp_strand	unspliced	12994	44	RIGEL_NRNA_chr2_1_178540115_178582663		RIGEL_NRNA_chr2_1_178540115_178582663	nrna
A00839:75:H7MFFDSXY:3:1474:26558:14794	chr2	178562973	178563122	False	523	150M	255	0	5	0.8161130547523499	ambig_opp_strand	unspliced	-1	44	.	.	.	mrna
A00839:75:H7MFFDSXY:3:1377:15628:34068	chr2	178565479	178565628	True	-225	150M	255	0	25	0.16747628152370453	ambig_opp_strand	unspliced	12994	44	RIGEL_NRNA_chr2_1_178540115_178582663		RIGEL_NRNA_chr2_1_178540115_178582663	nrna
A00839:75:H7MFFDSXY:3:1372:15826:27868	chr2	178561366	178561515	False	286	150M	255	0	25	0.7077359557151794	ambig_opp_strand	unspliced	12994	44	RIGEL_NRNA_chr2_2_178525988_178804642		RIGEL_NRNA_chr2_2_178525988_178804642	nrna
A00839:75:H7MFFDSXY:3:2452:28474:9565	chr2	178560881	178561030	False	239	150M	255	0	3	0.09127030521631241	ambig_opp_strand	unspliced	12994	44	ENST00000460472.6	TTN	ENSG00000155657.29	mrna
A00839:75:H7MFFDSXY:3:2463:14127:21637	chr2	178565134	178565283	True	-321	150M	255	0	25	0.1526656597852707	ambig_opp_strand	unspliced	12994	44	RIGEL_NRNA_chr2_1_178540115_178582663		RIGEL_NRNA_chr2_1_178540115_178582663	nrna
A00839:75:H7MFFDSXY:3:1212:10465:34240	chr2	178562409	178562558	True	-201	150M	255	0	25	0.1732180267572403	ambig_opp_strand	unspliced	12994	44	RIGEL_NRNA_chr2_1_178541746_178597681		RIGEL_NRNA_chr2_1_178541746_178597681	nrna
A00839:75:H7MFFDSXY:3:2564:30355:29700	chr2	178565098	178565247	False	275	150M	255	0	25	0.7203001976013184	ambig_opp_strand	unspliced	12994	44	RIGEL_NRNA_chr2_2_178525988_178804642		RIGEL_NRNA_chr2_2_178525988_178804642	nrna
A00839:75:H7MFFDSXY:3:2350:24343:19006	chr2	178560434	178560583	True	-326	150M	255	1	25	0.14622926712036133	ambig_opp_strand	unspliced	12994	44	RIGEL_NRNA_chr2_1_178528764_178620148		RIGEL_NRNA_chr2_1_178528764_178620148	nrna
A00839:75:H7MFFDSXY:3:1520:32280:2754	chr2	178564587	178564736	False	248	150M	255	0	3	0.07418245822191238	ambig_opp_strand	unspliced	12994	44	ENST00000342175.12	TTN	ENSG00000155657.29	mrna
A00839:75:H7MFFDSXY:3:1539:15609:31187	chr2	178562556	178562705	False	349	150M	255	0	3	0.013883483596146107	ambig_opp_strand	unspliced	12994	44	ENST00000412264.2	TTN	ENSG00000155657.29	mrna
A00839:75:H7MFFDSXY:3:1537:24433:2754	chr2	178561183	178561332	False	274	150M	255	0	25	0.7214449048042297	ambig_opp_strand	unspliced	12994	44	RIGEL_NRNA_chr2_2_178525988_178804642		RIGEL_NRNA_chr2_2_178525988_178804642	nrna
A00839:75:H7MFFDSXY:3:1401:26756:3709	chr2	178565456	178565605	True	-315	150M	255	0	25	0.15173505246639252	ambig_opp_strand	unspliced	12994	44	RIGEL_NRNA_chr2_1_178528764_178620148		RIGEL_NRNA_chr2_1_178528764_178620148	nrna
A00839:75:H7MFFDSXY:3:1110:16649:26224	chr2	178562514	178562663	True	-399	150M	255	0	25	0.04167793318629265	ambig_opp_strand	unspliced	12994	44	RIGEL_NRNA_chr2_1_178539804_178576557		RIGEL_NRNA_chr2_1_178539804_178576557	nrna
A00839:75:H7MFFDSXY:3:2320:12084:2347	chr2	178561578	178561727	True	-242	150M	255	0	25	0.17866826057434082	ambig_opp_strand	unspliced	12994	44	RIGEL_NRNA_chr2_1_178539804_178576557		RIGEL_NRNA_chr2_1_178539804_178576557	nrna
A00839:75:H7MFFDSXY:3:1456:32443:8077	chr2	178565563	178565712	True	-256	150M	255	0	25	0.17239625751972198	ambig_opp_strand	unspliced	12994	44	RIGEL_NRNA_chr2_1_178541746_178597681		RIGEL_NRNA_chr2_1_178541746_178597681	nrna
A00839:75:H7MFFDSXY:3:1478:24985:36526	chr2	178568131	178568280	False	211	150M	255	0	25	0.7459476590156555	ambig_opp_strand	unspliced	12994	44	RIGEL_NRNA_chr2_2_178525988_178804642		RIGEL_NRNA_chr2_2_178525988_178804642	nrna
A00839:75:H7MFFDSXY:3:2239:22697:10332	chr2	178566835	178566984	True	-260	150M	255	0	25	0.17205104231834412	ambig_opp_strand	unspliced	12994	44	RIGEL_NRNA_chr2_1_178541746_178597681		RIGEL_NRNA_chr2_1_178541746_178597681	nrna
A00839:75:H7MFFDSXY:3:2236:20518:9596	chr2	178566217	178566366	True	-272	150M	255	1	25	0.16497834026813507	ambig_opp_strand	unspliced	12994	44	RIGEL_NRNA_chr2_1_178540115_178582663		RIGEL_NRNA_chr2_1_178540115_178582663	nrna
A00839:75:H7MFFDSXY:3:1133:13006:33379	chr2	178564540	178564689	True	-302	150M	255	0	25	0.15974602103233337	ambig_opp_strand	unspliced	12994	44	RIGEL_NRNA_chr2_1_178540115_178582663		RIGEL_NRNA_chr2_1_178540115_178582663	nrna
A00839:75:H7MFFDSXY:3:2327:17788:36902	chr2	178564275	178564424	True	-323	150M	255	1	25	0.15155409276485443	ambig_opp_strand	unspliced	12994	44	RIGEL_NRNA_chr2_1_178540115_178582663		RIGEL_NRNA_chr2_1_178540115_178582663	nrna
A00839:75:H7MFFDSXY:3:1609:21477:16705	chr2	178562870	178563019	True	-417	150M	255	0	5	0.7716473340988159	ambig_opp_strand	unspliced	-1	44	.	.	.	mrna
A00839:75:H7MFFDSXY:3:1548:12219:23500	chr2	178564748	178564897	False	250	150M	255	0	25	0.741001546382904	ambig_opp_strand	unspliced	12994	44	RIGEL_NRNA_chr2_2_178525988_178804642		RIGEL_NRNA_chr2_2_178525988_178804642	nrna
A00839:75:H7MFFDSXY:3:2218:15067:28275	chr2	178569657	178569806	True	-377	150M	255	0	5	0.6021450757980347	ambig_opp_strand	unspliced	-1	44	.	.	.	mrna
A00839:75:H7MFFDSXY:3:2228:7247:10441	chr2	178567068	178567217	False	292	150M	255	1	3	0.06998760253190994	ambig_opp_strand	unspliced	12994	44	ENST00000342175.12	TTN	ENSG00000155657.29	mrna
A00839:75:H7MFFDSXY:3:2237:23068:21966	chr2	178560113	178560262	False	315	150M	255	0	25	0.6437647342681885	ambig_opp_strand	unspliced	12994	44	RIGEL_NRNA_chr2_2_178525988_178804642		RIGEL_NRNA_chr2_2_178525988_178804642	nrna
A00839:75:H7MFFDSXY:3:1322:1823:18521	chr2	178563473	178563622	True	-293	150M	255	0	25	0.16784176230430603	ambig_opp_strand	unspliced	12994	44	RIGEL_NRNA_chr2_1_178541746_178597681		RIGEL_NRNA_chr2_1_178541746_178597681	nrna
A00839:75:H7MFFDSXY:3:1222:6894:32377	chr2	178567641	178567790	False	307	150M	255	0	25	0.6658114194869995	ambig_opp_strand	unspliced	12994	44	RIGEL_NRNA_chr2_2_178525988_178804642		RIGEL_NRNA_chr2_2_178525988_178804642	nrna
A00839:75:H7MFFDSXY:3:1429:19660:26835	chr2	178560588	178560737	True	-346	150M	255	0	25	0.14030678570270538	ambig_opp_strand	unspliced	12994	44	RIGEL_NRNA_chr2_1_178539804_178576557		RIGEL_NRNA_chr2_1_178539804_178576557	nrna
A00839:75:H7MFFDSXY:3:2122:7943:6042	chr2	178562113	178562262	False	185	150M	255	0	25	0.7394220232963562	ambig_opp_strand	unspliced	12994	44	RIGEL_NRNA_chr2_2_178525988_178804642		RIGEL_NRNA_chr2_2_178525988_178804642	nrna
A00839:75:H7MFFDSXY:3:2107:10827:12226	chr2	178568799	178568948	True	-287	150M	255	0	25	0.16890963912010193	ambig_opp_strand	unspliced	12994	44	RIGEL_NRNA_chr2_1_178541746_178597681		RIGEL_NRNA_chr2_1_178541746_178597681	nrna
A00839:75:H7MFFDSXY:3:1419:1868:15217	chr2	178566983	178567132	True	-266	150M	255	0	25	0.2082964926958084	ambig_opp_strand	unspliced	12994	44	RIGEL_NRNA_chr2_1_178523417_178776534		RIGEL_NRNA_chr2_1_178523417_178776534	nrna
A00839:75:H7MFFDSXY:3:1513:16514:16720	chr2	178567428	178567577	False	361	150M	255	1	5	0.5647107362747192	ambig_opp_strand	unspliced	-1	44	.	.	.	mrna
A00839:75:H7MFFDSXY:3:1209:20148:26209	chr2	178562007	178562156	True	-395	150M	255	0	5	0.7561867237091064	ambig_opp_strand	unspliced	-1	44	.	.	.	mrna
A00839:75:H7MFFDSXY:3:2406:7744:33974	chr2	178569851	178570000	True	-356	150M	255	0	5	0.3276861608028412	ambig_opp_strand	unspliced	-1	44	.	.	.	mrna
A00839:75:H7MFFDSXY:3:1251:6090:24784	chr2	178566472	178566621	False	189	150M	255	0	5	0.057852622121572495	ambig_opp_strand	unspliced	-1	44	.	.	.	mrna
A00839:75:H7MFFDSXY:3:1262:10158:35744	chr2	178565573	178565722	False	311	150M	255	0	25	0.6541176438331604	ambig_opp_strand	unspliced	12994	44	RIGEL_NRNA_chr2_2_178525988_178804642		RIGEL_NRNA_chr2_2_178525988_178804642	nrna
A00839:75:H7MFFDSXY:3:1526:25147:4116	chr2	178565280	178565429	False	300	150M	255	0	25	0.6827700138092041	ambig_opp_strand	unspliced	12994	44	RIGEL_NRNA_chr2_2_178525988_178804642		RIGEL_NRNA_chr2_2_178525988_178804642	nrna
A00839:75:H7MFFDSXY:3:2143:27218:16219	chr2	178561176	178561325	False	403	150M	255	0	5	0.8683302998542786	ambig_opp_strand	unspliced	-1	44	.	.	.	mrna
A00839:75:H7MFFDSXY:3:2324:11812:28494	chr2	178560381	178560530	True	-339	150M	255	0	25	0.032167963683605194	ambig_opp_strand	unspliced	12994	44	RIGEL_NRNA_chr2_1_178528739_178633078		RIGEL_NRNA_chr2_1_178528739_178633078	nrna
A00839:75:H7MFFDSXY:3:2506:20428:34741	chr2	178568021	178568170	True	-286	150M	255	0	25	0.17438256740570068	ambig_opp_strand	unspliced	12994	44	RIGEL_NRNA_chr2_1_178539804_178576557		RIGEL_NRNA_chr2_1_178539804_178576557	nrna
A00839:75:H7MFFDSXY:3:1332:2338:8985	chr2	178566152	178566301	True	-397	150M	255	0	5	0.7507028579711914	ambig_opp_strand	unspliced	-1	44	.	.	.	mrna
A00839:75:H7MFFDSXY:3:2433:5936:22294	chr2	178568069	178568218	False	322	150M	255	0	25	0.6172564029693604	ambig_opp_strand	unspliced	12994	44	RIGEL_NRNA_chr2_2_178525988_178804642		RIGEL_NRNA_chr2_2_178525988_178804642	nrna
A00839:75:H7MFFDSXY:3:1238:4734:1235	chr2	178568044	178568193	True	-242	150M	255	1	25	0.21024149656295776	ambig_opp_strand	unspliced	12994	44	RIGEL_NRNA_chr2_1_178523417_178776534		RIGEL_NRNA_chr2_1_178523417_178776534	nrna
A00839:75:H7MFFDSXY:3:2625:27597:35853	chr2	178563163	178563312	True	-181	150M	255	0	25	0.17233727872371674	ambig_opp_strand	unspliced	12994	44	RIGEL_NRNA_chr2_1_178541746_178597681		RIGEL_NRNA_chr2_1_178541746_178597681	nrna
A00839:75:H7MFFDSXY:3:1120:6207:14685	chr2	178562656	178562805	False	211	150M	255	0	3	0.0746227502822876	ambig_opp_strand	unspliced	12994	44	ENST00000342175.12	TTN	ENSG00000155657.29	mrna
A00839:75:H7MFFDSXY:3:2530:5005:36808	chr2	178564293	178564442	True	-218	150M	255	1	25	0.2105981409549713	ambig_opp_strand	unspliced	12994	44	RIGEL_NRNA_chr2_1_178523417_178776534		RIGEL_NRNA_chr2_1_178523417_178776534	nrna
A00839:75:H7MFFDSXY:3:2634:3278:23484	chr2	178569603	178569752	False	304	150M	255	0	25	0.6738656759262085	ambig_opp_strand	unspliced	12994	44	RIGEL_NRNA_chr2_2_178525988_178804642		RIGEL_NRNA_chr2_2_178525988_178804642	nrna
A00839:75:H7MFFDSXY:3:1622:2555:6261	chr2	178563849	178563998	False	336	150M	255	0	5	0.2983829975128174	ambig_opp_strand	unspliced	-1	44	.	.	.	mrna
A00839:75:H7MFFDSXY:3:2634:5936:21981	chr2	178565402	178565551	False	214	150M	255	0	25	0.746132493019104	ambig_opp_strand	unspliced	12994	44	RIGEL_NRNA_chr2_2_178525988_178804642		RIGEL_NRNA_chr2_2_178525988_178804642	nrna
A00839:75:H7MFFDSXY:3:1110:24153:20462	chr2	178569333	178569482	True	-237	150M	255	0	25	0.1672658920288086	ambig_opp_strand	unspliced	12994	44	RIGEL_NRNA_chr2_1_178540115_178582663		RIGEL_NRNA_chr2_1_178540115_178582663	nrna
A00839:75:H7MFFDSXY:3:1573:27534:36464	chr2	178562946	178563095	True	-205	150M	255	0	25	0.17334021627902985	ambig_opp_strand	unspliced	12994	44	RIGEL_NRNA_chr2_1_178541746_178597681		RIGEL_NRNA_chr2_1_178541746_178597681	nrna
A00839:75:H7MFFDSXY:3:2257:29062:35196	chr2	178564307	178564456	True	-409	150M	255	0	5	0.754951000213623	ambig_opp_strand	unspliced	-1	44	.	.	.	mrna
A00839:75:H7MFFDSXY:3:2254:10248:30076	chr2	178565362	178565511	False	281	150M	255	0	25	0.7138229012489319	ambig_opp_strand	unspliced	12994	44	RIGEL_NRNA_chr2_2_178525988_178804642		RIGEL_NRNA_chr2_2_178525988_178804642	nrna
A00839:75:H7MFFDSXY:3:2560:4182:13275	chr2	178567671	178567820	False	360	150M	255	0	3	0.04303784668445587	ambig_opp_strand	unspliced	12994	44	ENST00000460472.6	TTN	ENSG00000155657.29	mrna
A00839:75:H7MFFDSXY:3:2330:23213:22999	chr2	178560032	178560181	True	-327	150M	255	0	25	0.1494312435388565	ambig_opp_strand	unspliced	12994	44	RIGEL_NRNA_chr2_1_178540115_178582663		RIGEL_NRNA_chr2_1_178540115_178582663	nrna
A00839:75:H7MFFDSXY:3:2527:20916:2206	chr2	178561878	178562027	False	331	150M	255	0	25	0.5785916447639465	ambig_opp_strand	unspliced	12994	44	RIGEL_NRNA_chr2_2_178525988_178804642		RIGEL_NRNA_chr2_2_178525988_178804642	nrna
A00839:75:H7MFFDSXY:3:1667:18159:34100	chr2	178569927	178570076	False	370	150M	255	0	5	0.6891862750053406	ambig_opp_strand	unspliced	-1	44	.	.	.	mrna
A00839:75:H7MFFDSXY:3:1602:21748:10692	chr2	178561196	178561345	False	357	150M	255	0	25	0.3796462416648865	ambig_opp_strand	unspliced	12994	44	RIGEL_NRNA_chr2_2_178525988_178804642		RIGEL_NRNA_chr2_2_178525988_178804642	nrna
A00839:75:H7MFFDSXY:3:2263:14760:19413	chr2	178566110	178566259	True	-378	150M	255	0	5	0.6220877766609192	ambig_opp_strand	unspliced	-1	44	.	.	.	mrna
A00839:75:H7MFFDSXY:3:1104:2094:27038	chr2	178565756	178565905	False	415	150M	255	1	5	0.8667136430740356	ambig_opp_strand	unspliced	-1	44	.	.	.	mrna
A00839:75:H7MFFDSXY:3:2443:21124:13401	chr2	178563654	178563803	True	-245	150M	255	0	25	0.16706283390522003	ambig_opp_strand	unspliced	12994	44	RIGEL_NRNA_chr2_1_178540115_178582663		RIGEL_NRNA_chr2_1_178540115_178582663	nrna
A00839:75:H7MFFDSXY:3:1204:21187:1266	chr2	178565376	178565525	True	-312	150M	255	0	25	0.16702702641487122	ambig_opp_strand	unspliced	12994	44	RIGEL_NRNA_chr2_1_178539804_178576557		RIGEL_NRNA_chr2_1_178539804_178576557	nrna
A00839:75:H7MFFDSXY:3:2576:19388:32252	chr2	178561932	178562081	False	333	150M	255	0	5	0.2809092402458191	ambig_opp_strand	unspliced	-1	44	.	.	.	mrna
A00839:75:H7MFFDSXY:3:1218:26250:29982	chr2	178562814	178562963	True	-207	150M	255	0	25	0.16327792406082153	ambig_opp_strand	unspliced	12994	44	RIGEL_NRNA_chr2_1_178528764_178620148		RIGEL_NRNA_chr2_1_178528764_178620148	nrna
A00839:75:H7MFFDSXY:3:1337:30508:31407	chr2	178561751	178561900	False	247	150M	255	0	25	0.7418500781059265	ambig_opp_strand	unspliced	12994	44	RIGEL_NRNA_chr2_2_178525988_178804642		RIGEL_NRNA_chr2_2_178525988_178804642	nrna
A00839:75:H7MFFDSXY:3:2628:15736:35571	chr2	178567843	178567992	True	-191	150M	255	0	25	0.1628296822309494	ambig_opp_strand	unspliced	12994	44	RIGEL_NRNA_chr2_1_178528764_178620148		RIGEL_NRNA_chr2_1_178528764_178620148	nrna
A00839:75:H7MFFDSXY:3:1354:4227:35430	chr2	178561552	178561701	False	250	150M	255	0	25	0.741001546382904	ambig_opp_strand	unspliced	12994	44	RIGEL_NRNA_chr2_2_178525988_178804642		RIGEL_NRNA_chr2_2_178525988_178804642	nrna
A00839:75:H7MFFDSXY:3:1631:27199:22075	chr2	178561317	178561466	True	-246	150M	255	0	25	0.16297246515750885	ambig_opp_strand	unspliced	12994	44	RIGEL_NRNA_chr2_1_178528764_178620148		RIGEL_NRNA_chr2_1_178528764_178620148	nrna
A00839:75:H7MFFDSXY:3:1531:5041:26162	chr2	178563896	178564039	True	-144	144M	255	0	25	0.16637670993804932	ambig_opp_strand	unspliced	12994	44	RIGEL_NRNA_chr2_1_178541746_178597681		RIGEL_NRNA_chr2_1_178541746_178597681	nrna
A00839:75:H7MFFDSXY:3:2302:26585:26428	chr2	178569511	178569660	True	-256	150M	255	0	25	0.018863800913095474	ambig_opp_strand	unspliced	12994	44	RIGEL_NRNA_chr2_1_178528764_178738038		RIGEL_NRNA_chr2_1_178528764_178738038	nrna
A00839:75:H7MFFDSXY:3:1660:8558:35759	chr2	178569652	178569801	True	-265	150M	255	0	25	0.1616111397743225	ambig_opp_strand	unspliced	12994	44	RIGEL_NRNA_chr2_1_178528764_178620148		RIGEL_NRNA_chr2_1_178528764_178620148	nrna
A00839:75:H7MFFDSXY:3:2564:25608:18505	chr2	178569356	178569505	True	-344	150M	255	0	25	0.13340498507022858	ambig_opp_strand	unspliced	12994	44	RIGEL_NRNA_chr2_1_178540115_178582663		RIGEL_NRNA_chr2_1_178540115_178582663	nrna
A00839:75:H7MFFDSXY:3:2250:25608:6261	chr2	178560966	178561115	True	-242	150M	255	0	25	0.1671762317419052	ambig_opp_strand	unspliced	12994	44	RIGEL_NRNA_chr2_1_178540115_178582663		RIGEL_NRNA_chr2_1_178540115_178582663	nrna
A00839:75:H7MFFDSXY:3:1426:14678:24189	chr2	178564907	178565056	False	205	150M	255	1	25	0.745311975479126	ambig_opp_strand	unspliced	12994	44	RIGEL_NRNA_chr2_2_178525988_178804642		RIGEL_NRNA_chr2_2_178525988_178804642	nrna
A00839:75:H7MFFDSXY:3:1343:4273:6543	chr2	178563875	178564024	False	270	150M	255	0	25	0.7257305383682251	ambig_opp_strand	unspliced	12994	44	RIGEL_NRNA_chr2_2_178525988_178804642		RIGEL_NRNA_chr2_2_178525988_178804642	nrna
A00839:75:H7MFFDSXY:3:1212:14968:31172	chr2	178562530	178562679	True	-318	150M	255	0	25	0.15034349262714386	ambig_opp_strand	unspliced	12994	44	RIGEL_NRNA_chr2_1_178528764_178620148		RIGEL_NRNA_chr2_1_178528764_178620148	nrna
A00839:75:H7MFFDSXY:3:1412:4010:15358	chr2	178569769	178569918	False	347	150M	255	0	25	0.4639523923397064	ambig_opp_strand	unspliced	12994	44	RIGEL_NRNA_chr2_2_178525988_178804642		RIGEL_NRNA_chr2_2_178525988_178804642	nrna
A00839:75:H7MFFDSXY:3:1129:28890:11851	chr2	178564498	178564647	True	-395	150M	255	0	5	0.7561866044998169	ambig_opp_strand	unspliced	-1	44	.	.	.	mrna
A00839:75:H7MFFDSXY:3:2163:11487:5697	chr2	178563360	178563509	True	-347	150M	255	0	25	0.12632116675376892	ambig_opp_strand	unspliced	12994	44	RIGEL_NRNA_chr2_1_178528764_178620148		RIGEL_NRNA_chr2_1_178528764_178620148	nrna
A00839:75:H7MFFDSXY:3:1548:13738:18396	chr2	178561336	178561485	False	267	150M	255	0	25	0.7280691862106323	ambig_opp_strand	unspliced	12994	44	RIGEL_NRNA_chr2_2_178525988_178804642		RIGEL_NRNA_chr2_2_178525988_178804642	nrna
A00839:75:H7MFFDSXY:3:2625:17201:10864	chr2	178566418	178566567	True	-290	150M	255	0	25	0.16829733550548553	ambig_opp_strand	unspliced	12994	44	RIGEL_NRNA_chr2_1_178541746_178597681		RIGEL_NRNA_chr2_1_178541746_178597681	nrna
A00839:75:H7MFFDSXY:3:1227:14027:7341	chr2	178567543	178567692	True	-307	150M	255	0	25	0.1989908218383789	ambig_opp_strand	unspliced	12994	44	RIGEL_NRNA_chr2_1_178523417_178776534		RIGEL_NRNA_chr2_1_178523417_178776534	nrna
A00839:75:H7MFFDSXY:3:1349:2356:6261	chr2	178567539	178567688	True	-362	150M	255	0	5	0.39906948804855347	ambig_opp_strand	unspliced	-1	44	.	.	.	mrna
A00839:75:H7MFFDSXY:3:1507:6470:4241	chr2	178568417	178568566	False	603	150M	255	0	5	0.5369622707366943	ambig_opp_strand	unspliced	-1	44	.	.	.	mrna
A00839:75:H7MFFDSXY:3:2151:23113:13526	chr2	178563170	178563319	False	283	150M	255	0	5	0.09549259394407272	ambig_opp_strand	unspliced	-1	44	.	.	.	mrna
A00839:75:H7MFFDSXY:3:1211:32696:31657	chr2	178560150	178560299	False	224	150M	255	0	3	0.02332630567252636	ambig_opp_strand	unspliced	12994	44	ENST00000412264.2	TTN	ENSG00000155657.29	mrna
A00839:75:H7MFFDSXY:3:1246:32154:13589	chr2	178563056	178563205	True	-295	150M	255	0	25	0.203154519200325	ambig_opp_strand	unspliced	12994	44	RIGEL_NRNA_chr2_1_178523417_178776534		RIGEL_NRNA_chr2_1_178523417_178776534	nrna
A00839:75:H7MFFDSXY:3:1408:5556:27899	chr2	178569104	178569253	False	410	150M	255	0	5	0.8637163043022156	ambig_opp_strand	unspliced	-1	44	.	.	.	mrna
A00839:75:H7MFFDSXY:3:1275:6370:21512	chr2	178561104	178561253	False	240	150M	255	0	25	0.7442801594734192	ambig_opp_strand	unspliced	12994	44	RIGEL_NRNA_chr2_2_178525988_178804642		RIGEL_NRNA_chr2_2_178525988_178804642	nrna
A00839:75:H7MFFDSXY:3:2667:25455:9752	chr2	178569591	178569740	True	-170	150M	255	0	25	0.17160283029079437	ambig_opp_strand	unspliced	12994	44	RIGEL_NRNA_chr2_1_178541746_178597681		RIGEL_NRNA_chr2_1_178541746_178597681	nrna
A00839:75:H7MFFDSXY:3:2444:29405:1407	chr2	178564799	178564948	False	235	150M	255	0	25	0.7449300289154053	ambig_opp_strand	unspliced	12994	44	RIGEL_NRNA_chr2_2_178525988_178804642		RIGEL_NRNA_chr2_2_178525988_178804642	nrna
A00839:75:H7MFFDSXY:3:1556:3803:21574	chr2	178566220	178566369	False	210	150M	255	1	25	0.7461686730384827	ambig_opp_strand	unspliced	12994	44	RIGEL_NRNA_chr2_2_178525988_178804642		RIGEL_NRNA_chr2_2_178525988_178804642	nrna
A00839:75:H7MFFDSXY:3:1567:11433:28119	chr2	178562156	178562305	False	276	150M	255	0	3	0.07197905331850052	ambig_opp_strand	unspliced	12994	44	ENST00000342175.12	TTN	ENSG00000155657.29	mrna
A00839:75:H7MFFDSXY:3:1214:17246:24439	chr2	178569159	178569308	True	-358	150M	255	0	5	0.3516870439052582	ambig_opp_strand	unspliced	-1	44	.	.	.	mrna
A00839:75:H7MFFDSXY:3:2674:17725:14935	chr2	178562153	178562302	True	-262	150M	255	0	25	0.17735496163368225	ambig_opp_strand	unspliced	12994	44	RIGEL_NRNA_chr2_1_178539804_178576557		RIGEL_NRNA_chr2_1_178539804_178576557	nrna
A00839:75:H7MFFDSXY:3:2408:16143:9126	chr2	178562646	178562795	False	312	150M	255	0	3	0.07968708127737045	ambig_opp_strand	unspliced	12994	44	ENST00000460472.6	TTN	ENSG00000155657.29	mrna
A00839:75:H7MFFDSXY:3:1420:28809:25645	chr2	178565768	178565917	True	-267	150M	255	0	25	0.1713818609714508	ambig_opp_strand	unspliced	12994	44	RIGEL_NRNA_chr2_1_178541746_178597681		RIGEL_NRNA_chr2_1_178541746_178597681	nrna
A00839:75:H7MFFDSXY:3:1555:22263:11960	chr2	178563506	178563655	False	329	150M	255	1	25	0.5879279375076294	ambig_opp_strand	unspliced	12994	44	RIGEL_NRNA_chr2_2_178525988_178804642		RIGEL_NRNA_chr2_2_178525988_178804642	nrna
A00839:75:H7MFFDSXY:3:2422:3296:24956	chr2	178569089	178569238	True	-375	150M	255	0	25	0.07747296988964081	ambig_opp_strand	unspliced	12994	44	RIGEL_NRNA_chr2_1_178539804_178576557		RIGEL_NRNA_chr2_1_178539804_178576557	nrna
A00839:75:H7MFFDSXY:3:2407:7374:17456	chr2	178564285	178564434	True	-403	150M	255	0	5	0.755681037902832	ambig_opp_strand	unspliced	-1	44	.	.	.	mrna
A00839:75:H7MFFDSXY:3:1636:9842:14622	chr2	178561595	178561744	False	249	150M	255	0	3	0.0908646211028099	ambig_opp_strand	unspliced	12994	44	ENST00000460472.6	TTN	ENSG00000155657.29	mrna
A00839:75:H7MFFDSXY:3:1405:9344:10880	chr2	178567012	178567161	True	-233	150M	255	0	25	0.2104235589504242	ambig_opp_strand	unspliced	12994	44	RIGEL_NRNA_chr2_1_178523417_178776534		RIGEL_NRNA_chr2_1_178523417_178776534	nrna
A00839:75:H7MFFDSXY:3:1151:9362:28416	chr2	178569411	178569560	True	-293	150M	255	0	25	0.20377932488918304	ambig_opp_strand	unspliced	12994	44	RIGEL_NRNA_chr2_1_178523417_178776534		RIGEL_NRNA_chr2_1_178523417_178776534	nrna
A00839:75:H7MFFDSXY:3:2265:32768:14873	chr2	178561712	178561861	False	374	150M	255	0	25	0.20659492909908295	ambig_opp_strand	unspliced	12994	44	RIGEL_NRNA_chr2_2_178525988_178804642		RIGEL_NRNA_chr2_2_178525988_178804642	nrna
A00839:75:H7MFFDSXY:3:1347:16794:11882	chr2	178565904	178566053	False	271	150M	255	0	25	0.7248656153678894	ambig_opp_strand	unspliced	12994	44	RIGEL_NRNA_chr2_2_178525988_178804642		RIGEL_NRNA_chr2_2_178525988_178804642	nrna
A00839:75:H7MFFDSXY:3:1225:8088:32753	chr2	178563031	178563180	False	289	150M	255	0	25	0.7041612267494202	ambig_opp_strand	unspliced	12994	44	RIGEL_NRNA_chr2_2_178525988_178804642		RIGEL_NRNA_chr2_2_178525988_178804642	nrna
A00839:75:H7MFFDSXY:3:2174:19027:20823	chr2	178567007	178567156	False	271	150M	255	1	25	0.7248656153678894	ambig_opp_strand	unspliced	12994	44	RIGEL_NRNA_chr2_2_178525988_178804642		RIGEL_NRNA_chr2_2_178525988_178804642	nrna
A00839:75:H7MFFDSXY:3:2408:8712:1924	chr2	178563499	178563648	False	197	150M	255	0	25	0.7435593008995056	ambig_opp_strand	unspliced	12994	44	RIGEL_NRNA_chr2_2_178525988_178804642		RIGEL_NRNA_chr2_2_178525988_178804642	nrna
A00839:75:H7MFFDSXY:3:2231:5593:21512	chr2	178569615	178569764	False	290	150M	255	0	25	0.7017327547073364	ambig_opp_strand	unspliced	12994	44	RIGEL_NRNA_chr2_2_178525988_178804642		RIGEL_NRNA_chr2_2_178525988_178804642	nrna
A00839:75:H7MFFDSXY:3:2566:6017:12790	chr2	178566633	178566782	True	-277	150M	255	0	25	0.20668530464172363	ambig_opp_strand	unspliced	12994	44	RIGEL_NRNA_chr2_1_178523417_178776534		RIGEL_NRNA_chr2_1_178523417_178776534	nrna
A00839:75:H7MFFDSXY:3:1129:30969:34272	chr2	178565074	178565223	False	278	150M	255	1	25	0.7173945903778076	ambig_opp_strand	unspliced	12994	44	RIGEL_NRNA_chr2_2_178525988_178804642		RIGEL_NRNA_chr2_2_178525988_178804642	nrna
A00839:75:H7MFFDSXY:3:2328:19813:15796	chr2	178560009	178560158	False	290	150M	255	0	25	0.7017327547073364	ambig_opp_strand	unspliced	12994	44	RIGEL_NRNA_chr2_2_178525988_178804642		RIGEL_NRNA_chr2_2_178525988_178804642	nrna
A00839:75:H7MFFDSXY:3:1233:8422:22216	chr2	178561703	178561852	False	286	150M	255	1	25	0.7077358961105347	ambig_opp_strand	unspliced	12994	44	RIGEL_NRNA_chr2_2_178525988_178804642		RIGEL_NRNA_chr2_2_178525988_178804642	nrna
A00839:75:H7MFFDSXY:3:1575:26992:20181	chr2	178564803	178564952	True	-332	150M	255	0	25	0.15609408915042877	ambig_opp_strand	unspliced	12994	44	RIGEL_NRNA_chr2_1_178539804_178576557		RIGEL_NRNA_chr2_1_178539804_178576557	nrna
A00839:75:H7MFFDSXY:3:2650:15148:35023	chr2	178565653	178565802	True	-262	150M	255	0	25	0.16594740748405457	ambig_opp_strand	unspliced	12994	44	RIGEL_NRNA_chr2_1_178540115_178582663		RIGEL_NRNA_chr2_1_178540115_178582663	nrna
A00839:75:H7MFFDSXY:3:1158:10520:20024	chr2	178562199	178562348	False	594	150M	255	0	5	0.5042464137077332	ambig_opp_strand	unspliced	-1	44	.	.	.	mrna
A00839:75:H7MFFDSXY:3:2245:19877:30686	chr2	178567021	178567170	True	-228	150M	255	0	25	0.2105255126953125	ambig_opp_strand	unspliced	12994	44	RIGEL_NRNA_chr2_1_178523417_178776534		RIGEL_NRNA_chr2_1_178523417_178776534	nrna
A00839:75:H7MFFDSXY:3:1449:6650:21715	chr2	178562767	178562916	True	-303	150M	255	2	25	0.16527444124221802	ambig_opp_strand	unspliced	12994	44	RIGEL_NRNA_chr2_1_178541746_178597681		RIGEL_NRNA_chr2_1_178541746_178597681	nrna
A00839:75:H7MFFDSXY:3:2424:32931:21981	chr2	178561243	178561392	False	240	150M	255	0	25	0.7442801594734192	ambig_opp_strand	unspliced	12994	44	RIGEL_NRNA_chr2_2_178525988_178804642		RIGEL_NRNA_chr2_2_178525988_178804642	nrna
A00839:75:H7MFFDSXY:3:1316:24216:16877	chr2	178568029	178568178	True	-334	150M	255	0	25	0.14471469819545746	ambig_opp_strand	unspliced	12994	44	RIGEL_NRNA_chr2_1_178540115_178582663		RIGEL_NRNA_chr2_1_178540115_178582663	nrna
A00839:75:H7MFFDSXY:3:1344:19461:27774	chr2	178562398	178562547	False	493	150M	255	0	5	0.8603138327598572	ambig_opp_strand	unspliced	-1	44	.	.	.	mrna
A00839:75:H7MFFDSXY:3:1337:3450:8876	chr2	178565790	178565939	True	-242	150M	255	0	25	0.17316430807113647	ambig_opp_strand	unspliced	12994	44	RIGEL_NRNA_chr2_1_178541746_178597681		RIGEL_NRNA_chr2_1_178541746_178597681	nrna
A00839:75:H7MFFDSXY:3:2136:13223:4006	chr2	178566419	178566568	False	394	150M	255	0	5	0.8573814034461975	ambig_opp_strand	unspliced	-1	44	.	.	.	mrna
A00839:75:H7MFFDSXY:3:2416:22218:27070	chr2	178563136	178563285	False	275	150M	255	0	25	0.7203001976013184	ambig_opp_strand	unspliced	12994	44	RIGEL_NRNA_chr2_2_178525988_178804642		RIGEL_NRNA_chr2_2_178525988_178804642	nrna
A00839:75:H7MFFDSXY:3:1420:14145:34037	chr2	178564594	178564743	False	207	150M	255	0	25	0.7452598214149475	ambig_opp_strand	unspliced	12994	44	RIGEL_NRNA_chr2_2_178525988_178804642		RIGEL_NRNA_chr2_2_178525988_178804642	nrna
A00839:75:H7MFFDSXY:3:1250:14660:34209	chr2	178566344	178566493	True	-334	150M	255	0	25	0.14471469819545746	ambig_opp_strand	unspliced	12994	44	RIGEL_NRNA_chr2_1_178540115_178582663		RIGEL_NRNA_chr2_1_178540115_178582663	nrna
A00839:75:H7MFFDSXY:3:2421:15953:34381	chr2	178567222	178567371	True	-256	150M	255	0	25	0.177875816822052	ambig_opp_strand	unspliced	12994	44	RIGEL_NRNA_chr2_1_178539804_178576557		RIGEL_NRNA_chr2_1_178539804_178576557	nrna
A00839:75:H7MFFDSXY:3:2560:27344:13025	chr2	178566648	178566797	False	360	150M	255	0	5	0.5538020730018616	ambig_opp_strand	unspliced	-1	44	.	.	.	mrna
A00839:75:H7MFFDSXY:3:2452:27055:27273	chr2	178564084	178564233	True	-438	150M	255	1	5	0.7395592927932739	ambig_opp_strand	unspliced	-1	44	.	.	.	mrna
A00839:75:H7MFFDSXY:3:1508:25066:19038	chr2	178560680	178560829	True	-399	150M	255	0	5	0.772885262966156	ambig_opp_strand	unspliced	-1	44	.	.	.	mrna
A00839:75:H7MFFDSXY:3:1346:31476:9627	chr2	178565300	178565449	False	374	150M	255	0	5	0.7373983263969421	ambig_opp_strand	unspliced	-1	44	.	.	.	mrna
A00839:75:H7MFFDSXY:3:2104:21802:5744	chr2	178564610	178564759	False	330	150M	255	0	3	0.05850933864712715	ambig_opp_strand	unspliced	12994	44	ENST00000342175.12	TTN	ENSG00000155657.29	mrna
A00839:75:H7MFFDSXY:3:2551:19614:36338	chr2	178563813	178563962	True	-373	150M	255	0	5	0.5521814227104187	ambig_opp_strand	unspliced	-1	44	.	.	.	mrna
A00839:75:H7MFFDSXY:3:2453:27181:1783	chr2	178567553	178567702	True	-352	150M	255	0	25	0.1535986065864563	ambig_opp_strand	unspliced	12994	44	RIGEL_NRNA_chr2_1_178523417_178776534		RIGEL_NRNA_chr2_1_178523417_178776534	nrna
A00839:75:H7MFFDSXY:3:2361:7012:35712	chr2	178564421	178564570	False	294	150M	255	0	25	0.6957417726516724	ambig_opp_strand	unspliced	12994	44	RIGEL_NRNA_chr2_2_178525988_178804642		RIGEL_NRNA_chr2_2_178525988_178804642	nrna
A00839:75:H7MFFDSXY:3:1203:10077:34882	chr2	178567229	178567378	True	-324	150M	255	0	25	0.15131482481956482	ambig_opp_strand	unspliced	12994	44	RIGEL_NRNA_chr2_1_178540115_178582663		RIGEL_NRNA_chr2_1_178540115_178582663	nrna
A00839:75:H7MFFDSXY:3:1575:4544:33599	chr2	178562322	178562471	True	-278	150M	255	1	25	0.1642618328332901	ambig_opp_strand	unspliced	12994	44	RIGEL_NRNA_chr2_1_178540115_178582663		RIGEL_NRNA_chr2_1_178540115_178582663	nrna
A00839:75:H7MFFDSXY:3:2654:16396:36464	chr2	178565471	178565620	False	264	150M	255	0	3	0.07314274460077286	ambig_opp_strand	unspliced	12994	44	ENST00000342175.12	TTN	ENSG00000155657.29	mrna
A00839:75:H7MFFDSXY:3:1563:13539:5212	chr2	178564290	178564439	True	-226	150M	255	1	25	0.1674375981092453	ambig_opp_strand	unspliced	12994	44	RIGEL_NRNA_chr2_1_178540115_178582663		RIGEL_NRNA_chr2_1_178540115_178582663	nrna
A00839:75:H7MFFDSXY:3:1228:23746:14747	chr2	178561724	178561873	False	291	150M	255	0	25	0.7012701034545898	ambig_opp_strand	unspliced	12994	44	RIGEL_NRNA_chr2_2_178525988_178804642		RIGEL_NRNA_chr2_2_178525988_178804642	nrna
A00839:75:H7MFFDSXY:3:1141:20338:13855	chr2	178563057	178563206	True	-249	150M	255	0	25	0.1728695183992386	ambig_opp_strand	unspliced	12994	44	RIGEL_NRNA_chr2_1_178541746_178597681		RIGEL_NRNA_chr2_1_178541746_178597681	nrna
A00839:75:H7MFFDSXY:3:1452:4526:36135	chr2	178565155	178565304	True	-236	150M	255	0	25	0.020074620842933655	ambig_opp_strand	unspliced	12994	44	RIGEL_NRNA_chr2_1_178528739_178584816		RIGEL_NRNA_chr2_1_178528739_178584816	nrna
A00839:75:H7MFFDSXY:3:1270:19217:9972	chr2	178562162	178562311	True	-373	150M	255	0	25	0.08217944949865341	ambig_opp_strand	unspliced	12994	44	RIGEL_NRNA_chr2_1_178539804_178576557		RIGEL_NRNA_chr2_1_178539804_178576557	nrna
A00839:75:H7MFFDSXY:3:2445:31991:25113	chr2	178563913	178564062	False	219	150M	255	0	25	0.7467092871665955	ambig_opp_strand	unspliced	12994	44	RIGEL_NRNA_chr2_2_178525988_178804642		RIGEL_NRNA_chr2_2_178525988_178804642	nrna
A00839:75:H7MFFDSXY:3:2215:17933:15076	chr2	178565195	178565344	True	-311	150M	255	0	25	0.1971905529499054	ambig_opp_strand	unspliced	12994	44	RIGEL_NRNA_chr2_1_178523417_178776534		RIGEL_NRNA_chr2_1_178523417_178776534	nrna
A00839:75:H7MFFDSXY:3:2178:6949:17628	chr2	178566417	178566566	True	-365	150M	255	1	25	0.09828783571720123	ambig_opp_strand	unspliced	12994	44	RIGEL_NRNA_chr2_1_178540115_178582663		RIGEL_NRNA_chr2_1_178540115_178582663	nrna
A00839:75:H7MFFDSXY:3:2153:1588:31172	chr2	178566760	178566909	True	-255	150M	255	0	25	0.1779133528470993	ambig_opp_strand	unspliced	12994	44	RIGEL_NRNA_chr2_1_178539804_178576557		RIGEL_NRNA_chr2_1_178539804_178576557	nrna
A00839:75:H7MFFDSXY:3:2322:20148:9799	chr2	178565283	178565432	False	195	150M	255	0	3	0.09104840457439423	ambig_opp_strand	unspliced	12994	44	ENST00000460472.6	TTN	ENSG00000155657.29	mrna
A00839:75:H7MFFDSXY:3:2641:21784:36182	chr2	178564722	178564871	False	296	150M	255	0	25	0.6920827627182007	ambig_opp_strand	unspliced	12994	44	RIGEL_NRNA_chr2_2_178525988_178804642		RIGEL_NRNA_chr2_2_178525988_178804642	nrna
A00839:75:H7MFFDSXY:3:1504:30879:34053	chr2	178569247	178569396	True	-307	150M	255	0	25	0.1989908218383789	ambig_opp_strand	unspliced	12994	44	RIGEL_NRNA_chr2_1_178523417_178776534		RIGEL_NRNA_chr2_1_178523417_178776534	nrna
A00839:75:H7MFFDSXY:3:2335:30165:28588	chr2	178568241	178568390	False	203	150M	255	0	5	0.05341929942369461	ambig_opp_strand	unspliced	-1	44	.	.	.	mrna
A00839:75:H7MFFDSXY:3:1406:11261:30702	chr2	178560363	178560512	False	374	150M	255	0	3	0.02532913349568844	ambig_opp_strand	unspliced	12994	44	ENST00000460472.6	TTN	ENSG00000155657.29	mrna
A00839:75:H7MFFDSXY:3:2469:30219:17910	chr2	178561506	178561655	False	308	150M	255	0	25	0.6639626622200012	ambig_opp_strand	unspliced	12994	44	RIGEL_NRNA_chr2_2_178525988_178804642		RIGEL_NRNA_chr2_2_178525988_178804642	nrna
A00839:75:H7MFFDSXY:3:1239:19931:15154	chr2	178562755	178562904	True	-222	150M	255	1	25	0.2105555534362793	ambig_opp_strand	unspliced	12994	44	RIGEL_NRNA_chr2_1_178523417_178776534		RIGEL_NRNA_chr2_1_178523417_178776534	nrna
A00839:75:H7MFFDSXY:3:2152:30246:28855	chr2	178563917	178564066	False	366	150M	255	0	5	0.6358820796012878	ambig_opp_strand	unspliced	-1	44	.	.	.	mrna
A00839:75:H7MFFDSXY:3:1634:10041:25927	chr2	178562042	178562191	False	243	150M	255	0	25	0.7430514097213745	ambig_opp_strand	unspliced	12994	44	RIGEL_NRNA_chr2_2_178525988_178804642		RIGEL_NRNA_chr2_2_178525988_178804642	nrna
A00839:75:H7MFFDSXY:3:2619:13286:18333	chr2	178566304	178566453	False	305	150M	255	0	25	0.6719896197319031	ambig_opp_strand	unspliced	12994	44	RIGEL_NRNA_chr2_2_178525988_178804642		RIGEL_NRNA_chr2_2_178525988_178804642	nrna
A00839:75:H7MFFDSXY:3:2421:14498:14826	chr2	178561887	178562036	False	368	150M	255	0	5	0.657248318195343	ambig_opp_strand	unspliced	-1	44	.	.	.	mrna
A00839:75:H7MFFDSXY:3:2222:11496:35712	chr2	178566955	178567104	True	-302	150M	255	1	25	0.15974602103233337	ambig_opp_strand	unspliced	12994	44	RIGEL_NRNA_chr2_1_178540115_178582663		RIGEL_NRNA_chr2_1_178540115_178582663	nrna
A00839:75:H7MFFDSXY:3:1621:24162:21449	chr2	178567262	178567411	False	153	150M	255	0	25	0.706426203250885	ambig_opp_strand	unspliced	12994	44	RIGEL_NRNA_chr2_2_178525988_178804642		RIGEL_NRNA_chr2_2_178525988_178804642	nrna
A00839:75:H7MFFDSXY:3:2542:25156:18818	chr2	178562273	178562422	False	230	150M	255	0	5	0.05150115117430687	ambig_opp_strand	unspliced	-1	44	.	.	.	mrna
A00839:75:H7MFFDSXY:3:1313:16830:30452	chr2	178569272	178569421	False	365	150M	255	0	5	0.6142979264259338	ambig_opp_strand	unspliced	-1	44	.	.	.	mrna
A00839:75:H7MFFDSXY:3:2605:28438:35837	chr2	178569643	178569792	False	291	150M	255	0	25	0.7012701034545898	ambig_opp_strand	unspliced	12994	44	RIGEL_NRNA_chr2_2_178525988_178804642		RIGEL_NRNA_chr2_2_178525988_178804642	nrna
A00839:75:H7MFFDSXY:3:1374:19099:15374	chr2	178564819	178564968	True	-420	150M	255	0	5	0.7342039346694946	ambig_opp_strand	unspliced	-1	44	.	.	.	mrna
A00839:75:H7MFFDSXY:3:2348:22860:4601	chr2	178561299	178561448	True	-281	150M	255	0	25	0.2060690075159073	ambig_opp_strand	unspliced	12994	44	RIGEL_NRNA_chr2_1_178523417_178776534		RIGEL_NRNA_chr2_1_178523417_178776534	nrna
A00839:75:H7MFFDSXY:3:2405:29722:27289	chr2	178565558	178565707	True	-274	150M	255	0	25	0.16071803867816925	ambig_opp_strand	unspliced	12994	44	RIGEL_NRNA_chr2_1_178528764_178620148		RIGEL_NRNA_chr2_1_178528764_178620148	nrna
A00839:75:H7MFFDSXY:3:1541:21495:11099	chr2	178567362	178567511	False	297	150M	255	0	25	0.6904120445251465	ambig_opp_strand	unspliced	12994	44	RIGEL_NRNA_chr2_2_178525988_178804642		RIGEL_NRNA_chr2_2_178525988_178804642	nrna
A00839:75:H7MFFDSXY:3:2604:32416:29857	chr2	178569147	178569296	True	-346	150M	255	1	25	0.13598455488681793	ambig_opp_strand	unspliced	12994	44	RIGEL_NRNA_chr2_1_178541746_178597681		RIGEL_NRNA_chr2_1_178541746_178597681	nrna
A00839:75:H7MFFDSXY:3:2548:2220:23782	chr2	178563568	178563717	True	-213	150M	255	0	25	0.1674235761165619	ambig_opp_strand	unspliced	12994	44	RIGEL_NRNA_chr2_1_178540115_178582663		RIGEL_NRNA_chr2_1_178540115_178582663	nrna
A00839:75:H7MFFDSXY:3:1575:18222:35869	chr2	178569468	178569617	False	416	150M	255	0	5	0.8664838671684265	ambig_opp_strand	unspliced	-1	44	.	.	.	mrna
A00839:75:H7MFFDSXY:3:2261:6714:13025	chr2	178561467	178561616	True	-379	150M	255	1	5	0.6400116086006165	ambig_opp_strand	unspliced	-1	44	.	.	.	mrna
A00839:75:H7MFFDSXY:3:1517:32081:2597	chr2	178568327	178568476	True	-364	150M	255	0	5	0.4186725318431854	ambig_opp_strand	unspliced	-1	44	.	.	.	mrna
A00839:75:H7MFFDSXY:3:2325:16161:16485	chr2	178565183	178565332	True	-170	150M	255	0	25	0.17160283029079437	ambig_opp_strand	unspliced	12994	44	RIGEL_NRNA_chr2_1_178541746_178597681		RIGEL_NRNA_chr2_1_178541746_178597681	nrna
A00839:75:H7MFFDSXY:3:1377:12545:22122	chr2	178560245	178560394	True	-157	150M	255	0	25	0.1598595231771469	ambig_opp_strand	unspliced	12994	44	RIGEL_NRNA_chr2_1_178528764_178620148		RIGEL_NRNA_chr2_1_178528764_178620148	nrna
A00839:75:H7MFFDSXY:3:2303:3721:8155	chr2	178565314	178565463	False	437	150M	255	0	5	0.8721042275428772	ambig_opp_strand	unspliced	-1	44	.	.	.	mrna
A00839:75:H7MFFDSXY:3:2439:1723:16376	chr2	178561831	178561980	False	374	150M	255	0	5	0.7373983263969421	ambig_opp_strand	unspliced	-1	44	.	.	.	mrna
A00839:75:H7MFFDSXY:3:1402:2672:27007	chr2	178563300	178563449	True	-167	150M	255	0	25	0.2079187035560608	ambig_opp_strand	unspliced	12994	44	RIGEL_NRNA_chr2_1_178523417_178776534		RIGEL_NRNA_chr2_1_178523417_178776534	nrna
A00839:75:H7MFFDSXY:3:1424:3450:18302	chr2	178569985	178570134	True	-258	150M	255	0	25	0.16223366558551788	ambig_opp_strand	unspliced	12994	44	RIGEL_NRNA_chr2_1_178528764_178620148		RIGEL_NRNA_chr2_1_178528764_178620148	nrna
A00839:75:H7MFFDSXY:3:1369:25229:10864	chr2	178564096	178564245	True	-281	150M	255	0	25	0.16385842859745026	ambig_opp_strand	unspliced	12994	44	RIGEL_NRNA_chr2_1_178540115_178582663		RIGEL_NRNA_chr2_1_178540115_178582663	nrna
A00839:75:H7MFFDSXY:3:1250:1389:17425	chr2	178563361	178563510	True	-208	150M	255	0	25	0.16743384301662445	ambig_opp_strand	unspliced	12994	44	RIGEL_NRNA_chr2_1_178540115_178582663		RIGEL_NRNA_chr2_1_178540115_178582663	nrna
A00839:75:H7MFFDSXY:3:2455:23773:22717	chr2	178563656	178563805	True	-372	150M	255	0	5	0.5297805070877075	ambig_opp_strand	unspliced	-1	44	.	.	.	mrna
A00839:75:H7MFFDSXY:3:1670:31060:3427	chr2	178569674	178569823	True	-407	150M	255	1	25	0.04406755045056343	ambig_opp_strand	unspliced	12994	44	RIGEL_NRNA_chr2_1_178540115_178582663		RIGEL_NRNA_chr2_1_178540115_178582663	nrna
A00839:75:H7MFFDSXY:3:2303:23529:28776	chr2	178568214	178568363	False	385	150M	255	0	5	0.8401003479957581	ambig_opp_strand	unspliced	-1	44	.	.	.	mrna
A00839:75:H7MFFDSXY:3:2605:2356:36479	chr2	178567354	178567503	False	363	150M	255	1	5	0.5917813777923584	ambig_opp_strand	unspliced	-1	44	.	.	.	mrna
A00839:75:H7MFFDSXY:3:2144:27606:21715	chr2	178564930	178565079	False	299	150M	255	0	25	0.6862776279449463	ambig_opp_strand	unspliced	12994	44	RIGEL_NRNA_chr2_2_178525988_178804642		RIGEL_NRNA_chr2_2_178525988_178804642	nrna
A00839:75:H7MFFDSXY:3:1561:27597:30561	chr2	178563090	178563239	True	-356	150M	255	0	25	0.11957598477602005	ambig_opp_strand	unspliced	12994	44	RIGEL_NRNA_chr2_1_178541746_178597681		RIGEL_NRNA_chr2_1_178541746_178597681	nrna
A00839:75:H7MFFDSXY:3:1170:7184:33818	chr2	178563796	178563945	True	-213	150M	255	0	25	0.1734205037355423	ambig_opp_strand	unspliced	12994	44	RIGEL_NRNA_chr2_1_178541746_178597681		RIGEL_NRNA_chr2_1_178541746_178597681	nrna
A00839:75:H7MFFDSXY:3:2130:9245:34068	chr2	178564512	178564661	False	300	150M	255	0	25	0.6827700138092041	ambig_opp_strand	unspliced	12994	44	RIGEL_NRNA_chr2_2_178525988_178804642		RIGEL_NRNA_chr2_2_178525988_178804642	nrna
A00839:75:H7MFFDSXY:3:1634:4679:34240	chr2	178563200	178563349	True	-224	150M	255	0	25	0.16744542121887207	ambig_opp_strand	unspliced	12994	44	RIGEL_NRNA_chr2_1_178540115_178582663		RIGEL_NRNA_chr2_1_178540115_178582663	nrna
A00839:75:H7MFFDSXY:3:1246:13910:20071	chr2	178569961	178570110	True	-248	150M	255	0	25	0.17291654646396637	ambig_opp_strand	unspliced	12994	44	RIGEL_NRNA_chr2_1_178541746_178597681		RIGEL_NRNA_chr2_1_178541746_178597681	nrna
A00839:75:H7MFFDSXY:3:2411:17644:24471	chr2	178563851	178564000	True	-468	150M	255	0	5	0.7667365670204163	ambig_opp_strand	unspliced	-1	44	.	.	.	mrna
A00839:75:H7MFFDSXY:3:2142:25093:20650	chr2	178569864	178570013	False	242	150M	255	0	25	0.7437459826469421	ambig_opp_strand	unspliced	12994	44	RIGEL_NRNA_chr2_2_178525988_178804642		RIGEL_NRNA_chr2_2_178525988_178804642	nrna
A00839:75:H7MFFDSXY:3:2241:2193:35759	chr2	178561640	178561789	True	-271	150M	255	0	25	0.16509909927845	ambig_opp_strand	unspliced	12994	44	RIGEL_NRNA_chr2_1_178540115_178582663		RIGEL_NRNA_chr2_1_178540115_178582663	nrna
A00839:75:H7MFFDSXY:3:2161:32877:12336	chr2	178567554	178567703	True	-259	150M	255	2	25	0.1661929041147232	ambig_opp_strand	unspliced	12994	44	RIGEL_NRNA_chr2_1_178540115_178582663		RIGEL_NRNA_chr2_1_178540115_178582663	nrna
A00839:75:H7MFFDSXY:3:1234:2944:34773	chr2	178561042	178561191	False	327	150M	255	0	25	0.5969794392585754	ambig_opp_strand	unspliced	12994	44	RIGEL_NRNA_chr2_2_178525988_178804642		RIGEL_NRNA_chr2_2_178525988_178804642	nrna
A00839:75:H7MFFDSXY:3:2113:22345:10097	chr2	178569899	178570048	False	364	150M	255	0	25	0.31027427315711975	ambig_opp_strand	unspliced	12994	44	RIGEL_NRNA_chr2_2_178525988_178804642		RIGEL_NRNA_chr2_2_178525988_178804642	nrna
A00839:75:H7MFFDSXY:3:1356:9652:27633	chr2	178563507	178563656	True	-319	150M	255	0	25	0.15342727303504944	ambig_opp_strand	unspliced	12994	44	RIGEL_NRNA_chr2_1_178540115_178582663		RIGEL_NRNA_chr2_1_178540115_178582663	nrna
A00839:75:H7MFFDSXY:3:1461:19180:22811	chr2	178564132	178564281	True	-410	150M	255	1	25	0.054359711706638336	ambig_opp_strand	unspliced	12994	44	RIGEL_NRNA_chr2_1_178523417_178776534		RIGEL_NRNA_chr2_1_178523417_178776534	nrna
A00839:75:H7MFFDSXY:3:1119:2139:34131	chr2	178564998	178565147	False	441	150M	255	0	5	0.8712856769561768	ambig_opp_strand	unspliced	-1	44	.	.	.	mrna
A00839:75:H7MFFDSXY:3:1373:12337:21762	chr2	178560245	178560394	False	291	150M	255	0	25	0.7012701034545898	ambig_opp_strand	unspliced	12994	44	RIGEL_NRNA_chr2_2_178525988_178804642		RIGEL_NRNA_chr2_2_178525988_178804642	nrna
A00839:75:H7MFFDSXY:3:2406:22860:11459	chr2	178562566	178562715	True	-176	150M	255	4	25	0.019923273473978043	ambig_opp_strand	unspliced	12994	44	RIGEL_NRNA_chr2_1_178528739_178584816		RIGEL_NRNA_chr2_1_178528739_178584816	nrna
A00839:75:H7MFFDSXY:3:1116:21296:16110	chr2	178569811	178569948	True	-138	138M	255	0	25	0.1584233194589615	ambig_opp_strand	unspliced	12994	44	RIGEL_NRNA_chr2_1_178540115_178582663		RIGEL_NRNA_chr2_1_178540115_178582663	nrna
A00839:75:H7MFFDSXY:3:1403:10393:19116	chr2	178569022	178569171	True	-276	150M	255	0	25	0.1758091151714325	ambig_opp_strand	unspliced	12994	44	RIGEL_NRNA_chr2_1_178539804_178576557		RIGEL_NRNA_chr2_1_178539804_178576557	nrna
A00839:75:H7MFFDSXY:3:1317:22110:34178	chr2	178565255	178565404	False	379	150M	255	0	5	0.7912611961364746	ambig_opp_strand	unspliced	-1	44	.	.	.	mrna
A00839:75:H7MFFDSXY:3:1375:8422:26099	chr2	178568717	178568866	False	319	150M	255	0	25	0.6273561716079712	ambig_opp_strand	unspliced	12994	44	RIGEL_NRNA_chr2_2_178525988_178804642		RIGEL_NRNA_chr2_2_178525988_178804642	nrna
A00839:75:H7MFFDSXY:3:1362:18747:13385	chr2	178561816	178561965	True	-460	150M	255	0	5	0.7547845840454102	ambig_opp_strand	unspliced	-1	44	.	.	.	mrna
A00839:75:H7MFFDSXY:3:1152:21766:36276	chr2	178569735	178569884	True	-315	150M	255	0	25	0.16108056902885437	ambig_opp_strand	unspliced	12994	44	RIGEL_NRNA_chr2_1_178541746_178597681		RIGEL_NRNA_chr2_1_178541746_178597681	nrna
A00839:75:H7MFFDSXY:3:1249:27254:33379	chr2	178567014	178567163	True	-254	150M	255	0	25	0.019987575709819794	ambig_opp_strand	unspliced	12994	44	RIGEL_NRNA_chr2_1_178528739_178584816		RIGEL_NRNA_chr2_1_178528739_178584816	nrna
A00839:75:H7MFFDSXY:3:2572:15356:2848	chr2	178563209	178563358	False	458	150M	255	0	5	0.8660879731178284	ambig_opp_strand	unspliced	-1	44	.	.	.	mrna
A00839:75:H7MFFDSXY:3:2546:16559:15421	chr2	178569265	178569414	True	-509	150M	255	0	5	0.728782594203949	ambig_opp_strand	unspliced	-1	44	.	.	.	mrna
A00839:75:H7MFFDSXY:3:2307:17806:18145	chr2	178562574	178562711	False	138	138M	255	0	25	0.6674051880836487	ambig_opp_strand	unspliced	12994	44	RIGEL_NRNA_chr2_2_178525988_178804642		RIGEL_NRNA_chr2_2_178525988_178804642	nrna
A00839:75:H7MFFDSXY:3:2532:25599:33833	chr2	178562138	178562287	False	156	150M	255	0	25	0.7126452922821045	ambig_opp_strand	unspliced	12994	44	RIGEL_NRNA_chr2_2_178525988_178804642		RIGEL_NRNA_chr2_2_178525988_178804642	nrna
A00839:75:H7MFFDSXY:3:1662:28031:17628	chr2	178562160	178562309	True	-189	150M	255	0	25	0.03829015791416168	ambig_opp_strand	unspliced	12994	44	RIGEL_NRNA_chr2_1_178528739_178633078		RIGEL_NRNA_chr2_1_178528739_178633078	nrna
A00839:75:H7MFFDSXY:3:2465:23963:5697	chr2	178563243	178563392	True	-215	150M	255	0	25	0.1790063977241516	ambig_opp_strand	unspliced	12994	44	RIGEL_NRNA_chr2_1_178539804_178576557		RIGEL_NRNA_chr2_1_178539804_178576557	nrna
A00839:75:H7MFFDSXY:3:1325:14823:23156	chr2	178565627	178565776	False	303	150M	255	0	25	0.6768515706062317	ambig_opp_strand	unspliced	12994	44	RIGEL_NRNA_chr2_2_178525988_178804642		RIGEL_NRNA_chr2_2_178525988_178804642	nrna
A00839:75:H7MFFDSXY:3:1237:25898:29747	chr2	178561039	178561188	False	411	150M	255	0	5	0.8821980953216553	ambig_opp_strand	unspliced	-1	44	.	.	.	mrna
A00839:75:H7MFFDSXY:3:1378:15926:36276	chr2	178565384	178565533	True	-361	150M	255	0	5	0.37828660011291504	ambig_opp_strand	unspliced	-1	44	.	.	.	mrna
A00839:75:H7MFFDSXY:3:1226:9697:11772	chr2	178566995	178567144	True	-290	150M	255	1	25	0.15853312611579895	ambig_opp_strand	unspliced	12994	44	RIGEL_NRNA_chr2_1_178528764_178620148		RIGEL_NRNA_chr2_1_178528764_178620148	nrna
A00839:75:H7MFFDSXY:3:2519:23538:18646	chr2	178568036	178568185	True	-388	150M	255	0	25	0.04872927814722061	ambig_opp_strand	unspliced	12994	44	RIGEL_NRNA_chr2_1_178539804_178576557		RIGEL_NRNA_chr2_1_178539804_178576557	nrna
A00839:75:H7MFFDSXY:3:1561:16043:21230	chr2	178563360	178563509	False	177	150M	255	0	3	0.09012725204229355	ambig_opp_strand	unspliced	12994	44	ENST00000460472.6	TTN	ENSG00000155657.29	mrna
A00839:75:H7MFFDSXY:3:2178:15962:36589	chr2	178568052	178568201	False	311	150M	255	0	25	0.6541176438331604	ambig_opp_strand	unspliced	12994	44	RIGEL_NRNA_chr2_2_178525988_178804642		RIGEL_NRNA_chr2_2_178525988_178804642	nrna
A00839:75:H7MFFDSXY:3:2527:11071:16063	chr2	178561935	178562084	True	-303	150M	255	0	25	0.20066231489181519	ambig_opp_strand	unspliced	12994	44	RIGEL_NRNA_chr2_1_178523417_178776534		RIGEL_NRNA_chr2_1_178523417_178776534	nrna
A00839:75:H7MFFDSXY:3:2129:29830:3114	chr2	178565671	178565820	False	194	150M	255	0	3	0.09112285822629929	ambig_opp_strand	unspliced	12994	44	ENST00000460472.6	TTN	ENSG00000155657.29	mrna
A00839:75:H7MFFDSXY:3:1167:14940:34914	chr2	178569256	178569405	True	-166	150M	255	0	25	0.2077637016773224	ambig_opp_strand	unspliced	12994	44	RIGEL_NRNA_chr2_1_178523417_178776534		RIGEL_NRNA_chr2_1_178523417_178776534	nrna
A00839:75:H7MFFDSXY:3:1528:9760:22216	chr2	178565760	178565909	True	-347	150M	255	0	25	0.138363778591156	ambig_opp_strand	unspliced	12994	44	RIGEL_NRNA_chr2_1_178539804_178576557		RIGEL_NRNA_chr2_1_178539804_178576557	nrna
A00839:75:H7MFFDSXY:3:1531:15628:34225	chr2	178567096	178567245	True	-479	150M	255	0	25	0.01056762132793665	ambig_opp_strand	unspliced	12994	44	RIGEL_NRNA_chr2_1_178528739_178633078		RIGEL_NRNA_chr2_1_178528739_178633078	nrna
A00839:75:H7MFFDSXY:3:1334:20166:29872	chr2	178569679	178569828	True	-247	150M	255	1	25	0.01892448030412197	ambig_opp_strand	unspliced	12994	44	RIGEL_NRNA_chr2_1_178528764_178738038		RIGEL_NRNA_chr2_1_178528764_178738038	nrna
A00839:75:H7MFFDSXY:3:1361:1488:35697	chr2	178566907	178567056	False	444	150M	255	0	3	0.012495714239776134	ambig_opp_strand	unspliced	12994	44	ENST00000460472.6	TTN	ENSG00000155657.29	mrna
A00839:75:H7MFFDSXY:3:1458:7708:15217	chr2	178561283	178561432	False	284	150M	255	0	25	0.7105951905250549	ambig_opp_strand	unspliced	12994	44	RIGEL_NRNA_chr2_2_178525988_178804642		RIGEL_NRNA_chr2_2_178525988_178804642	nrna
A00839:75:H7MFFDSXY:3:1255:25030:23202	chr2	178560919	178561068	True	-360	150M	255	0	25	0.11241742223501205	ambig_opp_strand	unspliced	12994	44	RIGEL_NRNA_chr2_1_178541746_178597681		RIGEL_NRNA_chr2_1_178541746_178597681	nrna
A00839:75:H7MFFDSXY:3:1603:8657:31829	chr2	178565546	178565695	False	387	150M	255	0	5	0.8462709188461304	ambig_opp_strand	unspliced	-1	44	.	.	.	mrna
A00839:75:H7MFFDSXY:3:1348:18358:9518	chr2	178567136	178567285	True	-315	150M	255	0	25	0.15551036596298218	ambig_opp_strand	unspliced	12994	44	RIGEL_NRNA_chr2_1_178540115_178582663		RIGEL_NRNA_chr2_1_178540115_178582663	nrna
A00839:75:H7MFFDSXY:3:2658:19000:36839	chr2	178565384	178565528	True	-145	145M	255	0	5	0.06473473459482193	ambig_opp_strand	unspliced	-1	44	.	.	.	mrna
A00839:75:H7MFFDSXY:3:2647:32796:28134	chr2	178563728	178563847	True	-120	120M	255	0	25	0.14018382132053375	ambig_opp_strand	unspliced	12994	44	RIGEL_NRNA_chr2_1_178528764_178620148		RIGEL_NRNA_chr2_1_178528764_178620148	nrna
A00839:75:H7MFFDSXY:3:1219:13648:31485	chr2	178565973	178566122	False	397	150M	255	0	5	0.8652380108833313	ambig_opp_strand	unspliced	-1	44	.	.	.	mrna
A00839:75:H7MFFDSXY:3:1103:25400:29230	chr2	178568364	178568513	False	369	150M	255	0	5	0.6721917986869812	ambig_opp_strand	unspliced	-1	44	.	.	.	mrna
A00839:75:H7MFFDSXY:3:1450:1289:36511	chr2	178569949	178570098	True	-371	150M	255	0	5	0.5312128067016602	ambig_opp_strand	unspliced	-1	44	.	.	.	mrna
A00839:75:H7MFFDSXY:3:2336:20329:30718	chr2	178560944	178561093	True	-406	150M	255	0	5	0.7623884081840515	ambig_opp_strand	unspliced	-1	44	.	.	.	mrna
A00839:75:H7MFFDSXY:3:2329:17219:26021	chr2	178566196	178566345	True	-354	150M	255	0	25	0.11780432611703873	ambig_opp_strand	unspliced	12994	44	RIGEL_NRNA_chr2_1_178540115_178582663		RIGEL_NRNA_chr2_1_178540115_178582663	nrna
A00839:75:H7MFFDSXY:3:1446:13431:35086	chr2	178566022	178566171	False	239	150M	255	0	25	0.7444384694099426	ambig_opp_strand	unspliced	12994	44	RIGEL_NRNA_chr2_2_178525988_178804642		RIGEL_NRNA_chr2_2_178525988_178804642	nrna
A00839:75:H7MFFDSXY:3:1606:22110:1799	chr2	178568678	178568827	True	-357	150M	255	0	25	0.12210438400506973	ambig_opp_strand	unspliced	12994	44	RIGEL_NRNA_chr2_1_178539804_178576557		RIGEL_NRNA_chr2_1_178539804_178576557	nrna
A00839:75:H7MFFDSXY:3:2409:27552:37059	chr2	178568887	178569036	True	-367	150M	255	0	5	0.46225351095199585	ambig_opp_strand	unspliced	-1	44	.	.	.	mrna
A00839:75:H7MFFDSXY:3:1338:20835:25801	chr2	178561233	178561382	False	200	150M	255	0	3	0.09126279503107071	ambig_opp_strand	unspliced	12994	44	ENST00000460472.6	TTN	ENSG00000155657.29	mrna
A00839:75:H7MFFDSXY:3:1601:15989:26240	chr2	178569376	178569525	False	274	150M	255	0	25	0.721444845199585	ambig_opp_strand	unspliced	12994	44	RIGEL_NRNA_chr2_2_178525988_178804642		RIGEL_NRNA_chr2_2_178525988_178804642	nrna
A00839:75:H7MFFDSXY:3:2345:23547:31031	chr2	178567534	178567683	False	277	150M	255	0	25	0.7181640267372131	ambig_opp_strand	unspliced	12994	44	RIGEL_NRNA_chr2_2_178525988_178804642		RIGEL_NRNA_chr2_2_178525988_178804642	nrna
A00839:75:H7MFFDSXY:3:2470:12915:24862	chr2	178561405	178561554	False	389	150M	255	0	5	0.8677235841751099	ambig_opp_strand	unspliced	-1	44	.	.	.	mrna
A00839:75:H7MFFDSXY:3:1631:10059:1877	chr2	178566205	178566354	True	-312	150M	255	0	25	0.03585450351238251	ambig_opp_strand	unspliced	12994	44	RIGEL_NRNA_chr2_1_178528739_178633078		RIGEL_NRNA_chr2_1_178528739_178633078	nrna
A00839:75:H7MFFDSXY:3:2618:1235:2033	chr2	178567891	178568040	True	-188	150M	255	0	25	0.20978686213493347	ambig_opp_strand	unspliced	12994	44	RIGEL_NRNA_chr2_1_178523417_178776534		RIGEL_NRNA_chr2_1_178523417_178776534	nrna
A00839:75:H7MFFDSXY:3:2313:16785:17096	chr2	178563002	178563151	False	283	150M	255	0	25	0.7115973830223083	ambig_opp_strand	unspliced	12994	44	RIGEL_NRNA_chr2_2_178525988_178804642		RIGEL_NRNA_chr2_2_178525988_178804642	nrna
A00839:75:H7MFFDSXY:3:1119:20600:28369	chr2	178565918	178566067	True	-277	150M	255	0	25	0.20668528974056244	ambig_opp_strand	unspliced	12994	44	RIGEL_NRNA_chr2_1_178523417_178776534		RIGEL_NRNA_chr2_1_178523417_178776534	nrna
A00839:75:H7MFFDSXY:3:1569:12581:33771	chr2	178565639	178565788	True	-332	150M	255	0	25	0.14250829815864563	ambig_opp_strand	unspliced	12994	44	RIGEL_NRNA_chr2_1_178528764_178620148		RIGEL_NRNA_chr2_1_178528764_178620148	nrna
A00839:75:H7MFFDSXY:3:2262:17824:27164	chr2	178560202	178560351	True	-296	150M	255	0	25	0.16135813295841217	ambig_opp_strand	unspliced	12994	44	RIGEL_NRNA_chr2_1_178540115_178582663		RIGEL_NRNA_chr2_1_178540115_178582663	nrna
A00839:75:H7MFFDSXY:3:2365:9914:34037	chr2	178560211	178560360	True	-216	150M	255	0	25	0.1734740138053894	ambig_opp_strand	unspliced	12994	44	RIGEL_NRNA_chr2_1_178541746_178597681		RIGEL_NRNA_chr2_1_178541746_178597681	nrna
A00839:75:H7MFFDSXY:3:1552:25744:27320	chr2	178565489	178565638	False	218	150M	255	1	3	0.07466427236795425	ambig_opp_strand	unspliced	12994	44	ENST00000342175.12	TTN	ENSG00000155657.29	mrna
A00839:75:H7MFFDSXY:3:1301:20925:17284	chr2	178567607	178567756	False	298	150M	255	0	3	0.08437159657478333	ambig_opp_strand	unspliced	12994	44	ENST00000460472.6	TTN	ENSG00000155657.29	mrna
A00839:75:H7MFFDSXY:3:2553:11216:1438	chr2	178561444	178561593	False	313	150M	255	1	25	0.6488268375396729	ambig_opp_strand	unspliced	12994	44	RIGEL_NRNA_chr2_2_178525988_178804642		RIGEL_NRNA_chr2_2_178525988_178804642	nrna
A00839:75:H7MFFDSXY:3:1170:32669:16016	chr2	178563213	178563362	True	-423	150M	255	0	5	0.7614463567733765	ambig_opp_strand	unspliced	-1	44	.	.	.	mrna
A00839:75:H7MFFDSXY:3:1318:16586:32565	chr2	178567987	178568136	True	-171	150M	255	0	25	0.1770896315574646	ambig_opp_strand	unspliced	12994	44	RIGEL_NRNA_chr2_1_178539804_178576557		RIGEL_NRNA_chr2_1_178539804_178576557	nrna
A00839:75:H7MFFDSXY:3:2668:18530:21371	chr2	178568473	178568622	False	411	150M	255	0	5	0.8821980357170105	ambig_opp_strand	unspliced	-1	44	.	.	.	mrna
A00839:75:H7MFFDSXY:3:1620:20410:34084	chr2	178563403	178563552	True	-439	150M	255	0	5	0.7608306407928467	ambig_opp_strand	unspliced	-1	44	.	.	.	mrna
A00839:75:H7MFFDSXY:3:1176:14461:34898	chr2	178566991	178567119	True	-129	129M	255	1	5	0.11543772369623184	ambig_opp_strand	unspliced	-1	44	.	.	.	mrna
A00839:75:H7MFFDSXY:3:1274:9751:20165	chr2	178569526	178569652	True	-127	127M	255	0	25	0.15520653128623962	ambig_opp_strand	unspliced	12994	44	RIGEL_NRNA_chr2_1_178541746_178597681		RIGEL_NRNA_chr2_1_178541746_178597681	nrna
A00839:75:H7MFFDSXY:3:1422:16631:25848	chr2	178560001	178560150	True	-197	150M	255	0	25	0.16715596616268158	ambig_opp_strand	unspliced	12994	44	RIGEL_NRNA_chr2_1_178540115_178582663		RIGEL_NRNA_chr2_1_178540115_178582663	nrna
A00839:75:H7MFFDSXY:3:1667:32723:24752	chr2	178569826	178569975	True	-261	150M	255	1	25	0.16204555332660675	ambig_opp_strand	unspliced	12994	44	RIGEL_NRNA_chr2_1_178528764_178620148		RIGEL_NRNA_chr2_1_178528764_178620148	nrna
A00839:75:H7MFFDSXY:3:2340:30282:17863	chr2	178567075	178567224	True	-355	150M	255	0	5	0.31974437832832336	ambig_opp_strand	unspliced	-1	44	.	.	.	mrna
A00839:75:H7MFFDSXY:3:2407:17752:4899	chr2	178562558	178562705	True	-223	148M2S	255	0	25	0.16750074923038483	ambig_opp_strand	unspliced	12994	44	RIGEL_NRNA_chr2_1_178540115_178582663		RIGEL_NRNA_chr2_1_178540115_178582663	nrna
A00839:75:H7MFFDSXY:3:1529:9570:9987	chr2	178568918	178569067	False	222	150M	255	0	25	0.7460497617721558	ambig_opp_strand	unspliced	12994	44	RIGEL_NRNA_chr2_2_178525988_178804642		RIGEL_NRNA_chr2_2_178525988_178804642	nrna
A00839:75:H7MFFDSXY:3:1563:9109:24940	chr2	178567392	178567541	False	281	150M	255	1	25	0.7138228416442871	ambig_opp_strand	unspliced	12994	44	RIGEL_NRNA_chr2_2_178525988_178804642		RIGEL_NRNA_chr2_2_178525988_178804642	nrna
A00839:75:H7MFFDSXY:3:1154:21875:3709	chr2	178560286	178560435	False	338	150M	255	0	3	0.05377868935465813	ambig_opp_strand	unspliced	12994	44	ENST00000342175.12	TTN	ENSG00000155657.29	mrna
A00839:75:H7MFFDSXY:3:1275:7102:28948	chr2	178564996	178565145	False	464	150M	255	0	5	0.8699483275413513	ambig_opp_strand	unspliced	-1	44	.	.	.	mrna
A00839:75:H7MFFDSXY:3:2221:29550:11741	chr2	178565051	178565200	True	-265	150M	255	0	25	0.1616111397743225	ambig_opp_strand	unspliced	12994	44	RIGEL_NRNA_chr2_1_178528764_178620148		RIGEL_NRNA_chr2_1_178528764_178620148	nrna
A00839:75:H7MFFDSXY:3:2628:23909:35603	chr2	178566169	178566316	False	272	2S148M	255	2	25	0.7237831354141235	ambig_opp_strand	unspliced	12994	44	RIGEL_NRNA_chr2_2_178525988_178804642		RIGEL_NRNA_chr2_2_178525988_178804642	nrna
A00839:75:H7MFFDSXY:3:2632:7817:9799	chr2	178568034	178568183	True	-377	150M	255	0	5	0.6021451950073242	ambig_opp_strand	unspliced	-1	44	.	.	.	mrna
A00839:75:H7MFFDSXY:3:2272:4951:22091	chr2	178562121	178562270	False	410	150M	255	0	5	0.8637163043022156	ambig_opp_strand	unspliced	-1	44	.	.	.	mrna
A00839:75:H7MFFDSXY:3:2145:21206:30545	chr2	178563110	178563259	False	254	150M	255	1	25	0.7382131814956665	ambig_opp_strand	unspliced	12994	44	RIGEL_NRNA_chr2_2_178525988_178804642		RIGEL_NRNA_chr2_2_178525988_178804642	nrna
A00839:75:H7MFFDSXY:3:2412:30454:8171	chr2	178569778	178569927	True	-222	150M	255	0	25	0.1674259603023529	ambig_opp_strand	unspliced	12994	44	RIGEL_NRNA_chr2_1_178540115_178582663		RIGEL_NRNA_chr2_1_178540115_178582663	nrna
A00839:75:H7MFFDSXY:3:1176:7961:34538	chr2	178564147	178564296	True	-443	150M	255	0	5	0.79593425989151	ambig_opp_strand	unspliced	-1	44	.	.	.	mrna
A00839:75:H7MFFDSXY:3:1354:21621:36558	chr2	178564117	178564266	False	208	150M	255	0	3	0.09147679060697556	ambig_opp_strand	unspliced	12994	44	ENST00000460472.6	TTN	ENSG00000155657.29	mrna
A00839:75:H7MFFDSXY:3:1448:14434:11240	chr2	178561284	178561399	False	116	116M	255	0	25	0.5261082053184509	ambig_opp_strand	unspliced	12994	44	RIGEL_NRNA_chr2_2_178525988_178804642		RIGEL_NRNA_chr2_2_178525988_178804642	nrna
A00839:75:H7MFFDSXY:3:1507:25138:32283	chr2	178562658	178562807	True	-372	150M	255	0	25	0.08073997497558594	ambig_opp_strand	unspliced	12994	44	RIGEL_NRNA_chr2_1_178540115_178582663		RIGEL_NRNA_chr2_1_178540115_178582663	nrna
A00839:75:H7MFFDSXY:3:1257:2338:1125	chr2	178560267	178560416	False	462	150M	255	0	5	0.8634043335914612	ambig_opp_strand	unspliced	-1	44	.	.	.	mrna
A00839:75:H7MFFDSXY:3:2516:14181:26553	chr2	178560942	178561090	True	-167	149M	255	1	25	0.1653292328119278	ambig_opp_strand	unspliced	12994	44	RIGEL_NRNA_chr2_1_178540115_178582663		RIGEL_NRNA_chr2_1_178540115_178582663	nrna
A00839:75:H7MFFDSXY:3:2437:3025:9737	chr2	178563235	178563384	False	309	150M	255	0	25	0.6591084599494934	ambig_opp_strand	unspliced	12994	44	RIGEL_NRNA_chr2_2_178525988_178804642		RIGEL_NRNA_chr2_2_178525988_178804642	nrna
A00839:75:H7MFFDSXY:3:2567:21603:35117	chr2	178565681	178565830	False	324	150M	255	0	5	0.2232060730457306	ambig_opp_strand	unspliced	-1	44	.	.	.	mrna
A00839:75:H7MFFDSXY:3:2640:3468:24189	chr2	178567990	178568139	True	-288	150M	255	0	25	0.037392567843198776	ambig_opp_strand	unspliced	12994	44	RIGEL_NRNA_chr2_1_178528739_178633078		RIGEL_NRNA_chr2_1_178528739_178633078	nrna
A00839:75:H7MFFDSXY:3:1478:26639:28620	chr2	178560221	178560370	True	-209	150M	255	0	5	0.025102820247411728	ambig_opp_strand	unspliced	-1	44	.	.	.	mrna
A00839:75:H7MFFDSXY:3:1424:23339:36714	chr2	178560315	178560464	True	-354	150M	255	0	5	0.3139224648475647	ambig_opp_strand	unspliced	-1	44	.	.	.	mrna
A00839:75:H7MFFDSXY:3:1264:6677:11271	chr2	178568209	178568358	False	283	150M	255	0	25	0.7115973830223083	ambig_opp_strand	unspliced	12994	44	RIGEL_NRNA_chr2_2_178525988_178804642		RIGEL_NRNA_chr2_2_178525988_178804642	nrna
A00839:75:H7MFFDSXY:3:2517:3866:20650	chr2	178563579	178563728	False	215	150M	255	0	25	0.746665894985199	ambig_opp_strand	unspliced	12994	44	RIGEL_NRNA_chr2_2_178525988_178804642		RIGEL_NRNA_chr2_2_178525988_178804642	nrna
A00839:75:H7MFFDSXY:3:1366:21423:17174	chr2	178560014	178560163	False	283	150M	255	0	25	0.7115973830223083	ambig_opp_strand	unspliced	12994	44	RIGEL_NRNA_chr2_2_178525988_178804642		RIGEL_NRNA_chr2_2_178525988_178804642	nrna
A00839:75:H7MFFDSXY:3:2271:13232:8844	chr2	178567507	178567656	True	-165	150M	255	0	25	0.2076818346977234	ambig_opp_strand	unspliced	12994	44	RIGEL_NRNA_chr2_1_178523417_178776534		RIGEL_NRNA_chr2_1_178523417_178776534	nrna
A00839:75:H7MFFDSXY:3:1668:15754:10426	chr2	178568776	178568925	True	-396	150M	255	0	25	0.041568562388420105	ambig_opp_strand	unspliced	12994	44	RIGEL_NRNA_chr2_1_178540115_178582663		RIGEL_NRNA_chr2_1_178540115_178582663	nrna
A00839:75:H7MFFDSXY:3:1549:18186:14043	chr2	178566384	178566533	False	364	150M	255	0	5	0.6056120991706848	ambig_opp_strand	unspliced	-1	44	.	.	.	mrna
A00839:75:H7MFFDSXY:3:1608:23402:30154	chr2	178565539	178565679	False	141	141M	255	0	25	0.6749323606491089	ambig_opp_strand	unspliced	12994	44	RIGEL_NRNA_chr2_2_178525988_178804642		RIGEL_NRNA_chr2_2_178525988_178804642	nrna
A00839:75:H7MFFDSXY:3:1572:16993:7091	chr2	178566974	178567119	True	-146	146M	255	1	25	0.15715931355953217	ambig_opp_strand	unspliced	12994	44	RIGEL_NRNA_chr2_1_178528764_178620148		RIGEL_NRNA_chr2_1_178528764_178620148	nrna
A00839:75:H7MFFDSXY:3:2109:8567:2018	chr2	178562897	178563046	False	258	150M	255	1	25	0.735448956489563	ambig_opp_strand	unspliced	12994	44	RIGEL_NRNA_chr2_2_178525988_178804642		RIGEL_NRNA_chr2_2_178525988_178804642	nrna
A00839:75:H7MFFDSXY:3:1112:2989:32221	chr2	178566559	178566708	False	238	150M	255	1	3	0.07451548427343369	ambig_opp_strand	unspliced	12994	44	ENST00000342175.12	TTN	ENSG00000155657.29	mrna
A00839:75:H7MFFDSXY:3:2177:24433:36730	chr2	178565068	178565217	True	-277	150M	255	1	25	0.1756461262702942	ambig_opp_strand	unspliced	12994	44	RIGEL_NRNA_chr2_1_178539804_178576557		RIGEL_NRNA_chr2_1_178539804_178576557	nrna
A00839:75:H7MFFDSXY:3:2159:31693:8155	chr2	178561012	178561161	False	223	150M	255	0	25	0.7467411756515503	ambig_opp_strand	unspliced	12994	44	RIGEL_NRNA_chr2_2_178525988_178804642		RIGEL_NRNA_chr2_2_178525988_178804642	nrna
A00839:75:H7MFFDSXY:3:2539:24270:30060	chr2	178562123	178562272	False	494	150M	255	0	5	0.8578874468803406	ambig_opp_strand	unspliced	-1	44	.	.	.	mrna
A00839:75:H7MFFDSXY:3:2571:15148:24659	chr2	178567125	178567274	False	237	150M	255	0	3	0.09128670394420624	ambig_opp_strand	unspliced	12994	44	ENST00000460472.6	TTN	ENSG00000155657.29	mrna
A00839:75:H7MFFDSXY:3:1353:11984:26569	chr2	178560166	178560315	True	-235	150M	255	2	25	0.21040304005146027	ambig_opp_strand	unspliced	12994	44	RIGEL_NRNA_chr2_1_178523417_178776534		RIGEL_NRNA_chr2_1_178523417_178776534	nrna
A00839:75:H7MFFDSXY:3:1202:23005:23923	chr2	178567054	178567203	True	-510	150M	255	0	5	0.7254384160041809	ambig_opp_strand	unspliced	-1	44	.	.	.	mrna
A00839:75:H7MFFDSXY:3:1252:18358:26396	chr2	178560666	178560815	False	176	150M	255	0	25	0.7333320379257202	ambig_opp_strand	unspliced	12994	44	RIGEL_NRNA_chr2_2_178525988_178804642		RIGEL_NRNA_chr2_2_178525988_178804642	nrna
A00839:75:H7MFFDSXY:3:1368:7374:18991	chr2	178568857	178569006	True	-345	150M	255	0	25	0.030392488464713097	ambig_opp_strand	unspliced	12994	44	RIGEL_NRNA_chr2_1_178528739_178633078		RIGEL_NRNA_chr2_1_178528739_178633078	nrna
A00839:75:H7MFFDSXY:3:2163:29939:4773	chr2	178561702	178561851	False	380	150M	255	0	25	0.16162380576133728	ambig_opp_strand	unspliced	12994	44	RIGEL_NRNA_chr2_2_178525988_178804642		RIGEL_NRNA_chr2_2_178525988_178804642	nrna
A00839:75:H7MFFDSXY:3:2554:10285:15264	chr2	178569726	178569871	False	265	146M	255	0	3	0.08945885300636292	ambig_opp_strand	unspliced	12994	44	ENST00000460472.6	TTN	ENSG00000155657.29	mrna
A00839:75:H7MFFDSXY:3:2157:31439:9972	chr2	178564081	178564230	True	-349	150M	255	0	25	0.15857410430908203	ambig_opp_strand	unspliced	12994	44	RIGEL_NRNA_chr2_1_178523417_178776534		RIGEL_NRNA_chr2_1_178523417_178776534	nrna
A00839:75:H7MFFDSXY:3:2269:18909:10755	chr2	178567225	178567374	False	188	150M	255	0	25	0.7404239177703857	ambig_opp_strand	unspliced	12994	44	RIGEL_NRNA_chr2_2_178525988_178804642		RIGEL_NRNA_chr2_2_178525988_178804642	nrna
A00839:75:H7MFFDSXY:3:1201:29993:36370	chr2	178569602	178569751	True	-343	150M	255	0	5	0.214108407497406	ambig_opp_strand	unspliced	-1	44	.	.	.	mrna
A00839:75:H7MFFDSXY:3:2473:29758:2112	chr2	178560236	178560384	True	-149	149M	255	0	25	0.20392152667045593	ambig_opp_strand	unspliced	12994	44	RIGEL_NRNA_chr2_1_178523417_178776534		RIGEL_NRNA_chr2_1_178523417_178776534	nrna
A00839:75:H7MFFDSXY:3:2610:12029:16313	chr2	178564456	178564605	False	462	150M	255	0	25	0.10746307671070099	ambig_opp_strand	unspliced	12994	44	RIGEL_NRNA_chr2_2_178525988_178804642		RIGEL_NRNA_chr2_2_178525988_178804642	nrna
A00839:75:H7MFFDSXY:3:2145:28031:21261	chr2	178561850	178561999	False	206	150M	255	0	25	0.7452560663223267	ambig_opp_strand	unspliced	12994	44	RIGEL_NRNA_chr2_2_178525988_178804642		RIGEL_NRNA_chr2_2_178525988_178804642	nrna
A00839:75:H7MFFDSXY:3:2370:10357:14857	chr2	178565030	178565179	False	296	150M	255	0	25	0.6920827627182007	ambig_opp_strand	unspliced	12994	44	RIGEL_NRNA_chr2_2_178525988_178804642		RIGEL_NRNA_chr2_2_178525988_178804642	nrna
A00839:75:H7MFFDSXY:3:2549:32714:7326	chr2	178560717	178560866	True	-248	150M	255	0	25	0.20994070172309875	ambig_opp_strand	unspliced	12994	44	RIGEL_NRNA_chr2_1_178523417_178776534		RIGEL_NRNA_chr2_1_178523417_178776534	nrna
A00839:75:H7MFFDSXY:3:1275:26413:14700	chr2	178561375	178561524	True	-211	150M	255	0	25	0.1789233386516571	ambig_opp_strand	unspliced	12994	44	RIGEL_NRNA_chr2_1_178539804_178576557		RIGEL_NRNA_chr2_1_178539804_178576557	nrna
A00839:75:H7MFFDSXY:3:2203:14950:34115	chr2	178564762	178564911	False	282	150M	255	0	25	0.7128623723983765	ambig_opp_strand	unspliced	12994	44	RIGEL_NRNA_chr2_2_178525988_178804642		RIGEL_NRNA_chr2_2_178525988_178804642	nrna
A00839:75:H7MFFDSXY:3:1523:3613:34397	chr2	178560397	178560542	False	146	146M	255	0	25	0.6896167993545532	ambig_opp_strand	unspliced	12994	44	RIGEL_NRNA_chr2_2_178525988_178804642		RIGEL_NRNA_chr2_2_178525988_178804642	nrna
A00839:75:H7MFFDSXY:3:1344:19262:27242	chr2	178567579	178567728	True	-268	150M	255	0	25	0.16539782285690308	ambig_opp_strand	unspliced	12994	44	RIGEL_NRNA_chr2_1_178540115_178582663		RIGEL_NRNA_chr2_1_178540115_178582663	nrna
A00839:75:H7MFFDSXY:3:2219:17734:7592	chr2	178560014	178560163	True	-338	150M	255	0	25	0.15074488520622253	ambig_opp_strand	unspliced	12994	44	RIGEL_NRNA_chr2_1_178539804_178576557		RIGEL_NRNA_chr2_1_178539804_178576557	nrna
A00839:75:H7MFFDSXY:3:2348:21793:30906	chr2	178562468	178562617	True	-238	150M	255	0	25	0.17329120635986328	ambig_opp_strand	unspliced	12994	44	RIGEL_NRNA_chr2_1_178541746_178597681		RIGEL_NRNA_chr2_1_178541746_178597681	nrna
A00839:75:H7MFFDSXY:3:2421:5141:31876	chr2	178567546	178567695	False	243	150M	255	0	25	0.7430514097213745	ambig_opp_strand	unspliced	12994	44	RIGEL_NRNA_chr2_2_178525988_178804642		RIGEL_NRNA_chr2_2_178525988_178804642	nrna
A00839:75:H7MFFDSXY:3:1660:19108:23249	chr2	178563874	178563983	False	110	110M	255	0	25	0.5111453533172607	ambig_opp_strand	unspliced	12994	44	RIGEL_NRNA_chr2_2_178525988_178804642		RIGEL_NRNA_chr2_2_178525988_178804642	nrna
A00839:75:H7MFFDSXY:3:1614:28818:11788	chr2	178565279	178565428	False	328	150M	255	0	25	0.5931429266929626	ambig_opp_strand	unspliced	12994	44	RIGEL_NRNA_chr2_2_178525988_178804642		RIGEL_NRNA_chr2_2_178525988_178804642	nrna
A00839:75:H7MFFDSXY:3:2549:15429:26584	chr2	178569126	178569275	False	239	150M	255	0	3	0.023270316421985626	ambig_opp_strand	unspliced	12994	44	ENST00000412264.2	TTN	ENSG00000155657.29	mrna
A00839:75:H7MFFDSXY:3:2373:27914:16955	chr2	178569587	178569736	True	-242	150M	255	0	25	0.21024149656295776	ambig_opp_strand	unspliced	12994	44	RIGEL_NRNA_chr2_1_178523417_178776534		RIGEL_NRNA_chr2_1_178523417_178776534	nrna
A00839:75:H7MFFDSXY:3:1450:10863:36965	chr2	178566698	178566847	True	-355	150M	255	0	25	0.14689405262470245	ambig_opp_strand	unspliced	12994	44	RIGEL_NRNA_chr2_1_178523417_178776534		RIGEL_NRNA_chr2_1_178523417_178776534	nrna
A00839:75:H7MFFDSXY:3:2407:15817:22968	chr2	178566710	178566859	False	253	150M	255	0	25	0.7388496398925781	ambig_opp_strand	unspliced	12994	44	RIGEL_NRNA_chr2_2_178525988_178804642		RIGEL_NRNA_chr2_2_178525988_178804642	nrna
A00839:75:H7MFFDSXY:3:1204:20148:2816	chr2	178568893	178569042	True	-310	150M	255	0	25	0.15728113055229187	ambig_opp_strand	unspliced	12994	44	RIGEL_NRNA_chr2_1_178540115_178582663		RIGEL_NRNA_chr2_1_178540115_178582663	nrna
A00839:75:H7MFFDSXY:3:2263:31204:22811	chr2	178561646	178561795	False	181	150M	255	1	25	0.7364295721054077	ambig_opp_strand	unspliced	12994	44	RIGEL_NRNA_chr2_2_178525988_178804642		RIGEL_NRNA_chr2_2_178525988_178804642	nrna
A00839:75:H7MFFDSXY:3:2344:1154:7185	chr2	178564430	178564579	False	207	150M	255	0	25	0.7452598214149475	ambig_opp_strand	unspliced	12994	44	RIGEL_NRNA_chr2_2_178525988_178804642		RIGEL_NRNA_chr2_2_178525988_178804642	nrna
A00839:75:H7MFFDSXY:3:2530:9462:16939	chr2	178568976	178569125	True	-360	150M	255	0	25	0.10589523613452911	ambig_opp_strand	unspliced	12994	44	RIGEL_NRNA_chr2_1_178528764_178620148		RIGEL_NRNA_chr2_1_178528764_178620148	nrna
A00839:75:H7MFFDSXY:3:2636:29053:35430	chr2	178566174	178566323	False	324	150M	255	0	25	0.6111221313476562	ambig_opp_strand	unspliced	12994	44	RIGEL_NRNA_chr2_2_178525988_178804642		RIGEL_NRNA_chr2_2_178525988_178804642	nrna
A00839:75:H7MFFDSXY:3:1353:6298:8954	chr2	178566808	178566957	True	-181	150M	255	0	25	0.20923741161823273	ambig_opp_strand	unspliced	12994	44	RIGEL_NRNA_chr2_1_178523417_178776534		RIGEL_NRNA_chr2_1_178523417_178776534	nrna
A00839:75:H7MFFDSXY:3:2249:1217:5102	chr2	178563998	178564147	False	282	150M	255	0	25	0.7128623723983765	ambig_opp_strand	unspliced	12994	44	RIGEL_NRNA_chr2_2_178525988_178804642		RIGEL_NRNA_chr2_2_178525988_178804642	nrna
A00839:75:H7MFFDSXY:3:1651:32136:12868	chr2	178562083	178562232	True	-387	150M	255	0	25	0.06028662621974945	ambig_opp_strand	unspliced	12994	44	RIGEL_NRNA_chr2_1_178523417_178776534		RIGEL_NRNA_chr2_1_178523417_178776534	nrna
A00839:75:H7MFFDSXY:3:2647:25120:9236	chr2	178560680	178560829	True	-366	150M	255	0	5	0.45026636123657227	ambig_opp_strand	unspliced	-1	44	.	.	.	mrna
A00839:75:H7MFFDSXY:3:2240:10059:7106	chr2	178562360	178562509	True	-431	150M	255	1	5	0.7396605014801025	ambig_opp_strand	unspliced	-1	44	.	.	.	mrna
A00839:75:H7MFFDSXY:3:2344:23421:1908	chr2	178563657	178563806	False	360	150M	255	0	5	0.5538020730018616	ambig_opp_strand	unspliced	-1	44	.	.	.	mrna
A00839:75:H7MFFDSXY:3:1571:10041:23735	chr2	178561815	178561964	False	299	150M	255	0	25	0.6862776279449463	ambig_opp_strand	unspliced	12994	44	RIGEL_NRNA_chr2_2_178525988_178804642		RIGEL_NRNA_chr2_2_178525988_178804642	nrna
A00839:75:H7MFFDSXY:3:1372:4472:36636	chr2	178566762	178566911	False	311	150M	255	0	5	0.16855470836162567	ambig_opp_strand	unspliced	-1	44	.	.	.	mrna
A00839:75:H7MFFDSXY:3:1205:25120:35728	chr2	178561479	178561628	False	298	150M	255	0	3	0.0688427984714508	ambig_opp_strand	unspliced	12994	44	ENST00000342175.12	TTN	ENSG00000155657.29	mrna
A00839:75:H7MFFDSXY:3:1461:15528:17206	chr2	178569006	178569155	False	241	150M	255	0	25	0.7438130974769592	ambig_opp_strand	unspliced	12994	44	RIGEL_NRNA_chr2_2_178525988_178804642		RIGEL_NRNA_chr2_2_178525988_178804642	nrna
A00839:75:H7MFFDSXY:3:1642:15040:24909	chr2	178560836	178560985	True	-451	150M	255	0	5	0.7609555721282959	ambig_opp_strand	unspliced	-1	44	.	.	.	mrna
A00839:75:H7MFFDSXY:3:1464:3125:25254	chr2	178566528	178566677	False	554	150M	255	0	5	0.736356794834137	ambig_opp_strand	unspliced	-1	44	.	.	.	mrna
A00839:75:H7MFFDSXY:3:1275:2627:17033	chr2	178569153	178569302	True	-165	150M	255	1	25	0.2076818346977234	ambig_opp_strand	unspliced	12994	44	RIGEL_NRNA_chr2_1_178523417_178776534		RIGEL_NRNA_chr2_1_178523417_178776534	nrna
A00839:75:H7MFFDSXY:3:2614:15655:17300	chr2	178564741	178564890	True	-285	150M	255	0	25	0.16922838985919952	ambig_opp_strand	unspliced	12994	44	RIGEL_NRNA_chr2_1_178541746_178597681		RIGEL_NRNA_chr2_1_178541746_178597681	nrna
A00839:75:H7MFFDSXY:3:1231:4345:6324	chr2	178568316	178568465	False	255	150M	255	0	5	0.06286101043224335	ambig_opp_strand	unspliced	-1	44	.	.	.	mrna
A00839:75:H7MFFDSXY:3:2112:16938:11819	chr2	178567290	178567439	False	257	150M	255	0	25	0.7362647652626038	ambig_opp_strand	unspliced	12994	44	RIGEL_NRNA_chr2_2_178525988_178804642		RIGEL_NRNA_chr2_2_178525988_178804642	nrna
A00839:75:H7MFFDSXY:3:2224:28040:9314	chr2	178569534	178569683	True	-291	150M	255	0	25	0.16824211180210114	ambig_opp_strand	unspliced	12994	44	RIGEL_NRNA_chr2_1_178541746_178597681		RIGEL_NRNA_chr2_1_178541746_178597681	nrna
A00839:75:H7MFFDSXY:3:2537:28709:35681	chr2	178563275	178563424	False	284	150M	255	0	25	0.7105951905250549	ambig_opp_strand	unspliced	12994	44	RIGEL_NRNA_chr2_2_178525988_178804642		RIGEL_NRNA_chr2_2_178525988_178804642	nrna
A00839:75:H7MFFDSXY:3:2444:5213:16438	chr2	178560581	178560730	False	303	150M	255	0	25	0.6768515706062317	ambig_opp_strand	unspliced	12994	44	RIGEL_NRNA_chr2_2_178525988_178804642		RIGEL_NRNA_chr2_2_178525988_178804642	nrna
A00839:75:H7MFFDSXY:3:2555:32814:6809	chr2	178567240	178567389	True	-376	150M	255	0	5	0.5909984707832336	ambig_opp_strand	unspliced	-1	44	.	.	.	mrna
A00839:75:H7MFFDSXY:3:1409:24605:6621	chr2	178563064	178563213	False	440	150M	255	0	5	0.8610024452209473	ambig_opp_strand	unspliced	-1	44	.	.	.	mrna
A00839:75:H7MFFDSXY:3:2223:4833:34601	chr2	178564626	178564775	True	-420	150M	255	0	25	0.05739587917923927	ambig_opp_strand	unspliced	12994	44	RIGEL_NRNA_chr2_1_178523417_178776534		RIGEL_NRNA_chr2_1_178523417_178776534	nrna
A00839:75:H7MFFDSXY:3:1450:28103:17378	chr2	178563686	178563808	False	123	123M	255	0	25	0.5742973685264587	ambig_opp_strand	unspliced	12994	44	RIGEL_NRNA_chr2_2_178525988_178804642		RIGEL_NRNA_chr2_2_178525988_178804642	nrna
A00839:75:H7MFFDSXY:3:2153:3450:29105	chr2	178568400	178568549	False	326	150M	255	0	25	0.6002282500267029	ambig_opp_strand	unspliced	12994	44	RIGEL_NRNA_chr2_2_178525988_178804642		RIGEL_NRNA_chr2_2_178525988_178804642	nrna
A00839:75:H7MFFDSXY:3:1662:25789:34350	chr2	178561343	178561492	False	480	150M	255	0	5	0.8903940320014954	ambig_opp_strand	unspliced	-1	44	.	.	.	mrna
A00839:75:H7MFFDSXY:3:2108:29785:33191	chr2	178561247	178561396	True	-210	150M	255	1	25	0.17343629896640778	ambig_opp_strand	unspliced	12994	44	RIGEL_NRNA_chr2_1_178541746_178597681		RIGEL_NRNA_chr2_1_178541746_178597681	nrna
A00839:75:H7MFFDSXY:3:1436:12780:15796	chr2	178569602	178569751	False	303	150M	255	0	25	0.6768515706062317	ambig_opp_strand	unspliced	12994	44	RIGEL_NRNA_chr2_2_178525988_178804642		RIGEL_NRNA_chr2_2_178525988_178804642	nrna
A00839:75:H7MFFDSXY:3:1210:4535:33364	chr2	178560289	178560438	False	348	150M	255	0	25	0.46098393201828003	ambig_opp_strand	unspliced	12994	44	RIGEL_NRNA_chr2_2_178525988_178804642		RIGEL_NRNA_chr2_2_178525988_178804642	nrna
A00839:75:H7MFFDSXY:3:2522:29270:24878	chr2	178564625	178564774	False	297	150M	255	1	25	0.6904120445251465	ambig_opp_strand	unspliced	12994	44	RIGEL_NRNA_chr2_2_178525988_178804642		RIGEL_NRNA_chr2_2_178525988_178804642	nrna
A00839:75:H7MFFDSXY:3:2409:5520:35603	chr2	178565803	178565952	True	-319	150M	255	0	25	0.1929507553577423	ambig_opp_strand	unspliced	12994	44	RIGEL_NRNA_chr2_1_178523417_178776534		RIGEL_NRNA_chr2_1_178523417_178776534	nrna
A00839:75:H7MFFDSXY:3:2251:1976:27618	chr2	178560894	178561043	True	-442	150M	255	0	5	0.7513960003852844	ambig_opp_strand	unspliced	-1	44	.	.	.	mrna
A00839:75:H7MFFDSXY:3:1246:15067:36730	chr2	178563338	178563487	False	333	150M	255	0	3	0.056593794375658035	ambig_opp_strand	unspliced	12994	44	ENST00000342175.12	TTN	ENSG00000155657.29	mrna
A00839:75:H7MFFDSXY:3:2568:19108:33113	chr2	178562968	178563117	False	230	150M	255	0	25	0.7462064623832703	ambig_opp_strand	unspliced	12994	44	RIGEL_NRNA_chr2_2_178525988_178804642		RIGEL_NRNA_chr2_2_178525988_178804642	nrna
A00839:75:H7MFFDSXY:3:1137:22101:10582	chr2	178569202	178569351	False	330	150M	255	0	25	0.5848740935325623	ambig_opp_strand	unspliced	12994	44	RIGEL_NRNA_chr2_2_178525988_178804642		RIGEL_NRNA_chr2_2_178525988_178804642	nrna
A00839:75:H7MFFDSXY:3:1221:20708:11553	chr2	178563617	178563766	False	307	150M	255	0	3	0.06660611927509308	ambig_opp_strand	unspliced	12994	44	ENST00000342175.12	TTN	ENSG00000155657.29	mrna
A00839:75:H7MFFDSXY:3:1428:26377:2018	chr2	178565012	178565161	False	321	150M	255	0	5	0.21006958186626434	ambig_opp_strand	unspliced	-1	44	.	.	.	mrna
A00839:75:H7MFFDSXY:3:1410:9851:28948	chr2	178569568	178569717	True	-325	150M	255	0	25	0.15596018731594086	ambig_opp_strand	unspliced	12994	44	RIGEL_NRNA_chr2_1_178541746_178597681		RIGEL_NRNA_chr2_1_178541746_178597681	nrna
A00839:75:H7MFFDSXY:3:1113:16550:2848	chr2	178561460	178561609	False	343	150M	255	1	5	0.3674421012401581	ambig_opp_strand	unspliced	-1	44	.	.	.	mrna
A00839:75:H7MFFDSXY:3:1104:21142:18035	chr2	178569873	178570022	True	-449	150M	255	0	5	0.7407029271125793	ambig_opp_strand	unspliced	-1	44	.	.	.	mrna
A00839:75:H7MFFDSXY:3:1444:4725:28275	chr2	178561899	178562048	True	-289	150M	255	0	25	0.1685866117477417	ambig_opp_strand	unspliced	12994	44	RIGEL_NRNA_chr2_1_178541746_178597681		RIGEL_NRNA_chr2_1_178541746_178597681	nrna
A00839:75:H7MFFDSXY:3:2112:10493:33786	chr2	178568620	178568769	False	357	150M	255	0	5	0.517433762550354	ambig_opp_strand	unspliced	-1	44	.	.	.	mrna
A00839:75:H7MFFDSXY:3:1535:1759:18255	chr2	178567214	178567363	False	397	150M	255	0	25	0.10602044314146042	ambig_opp_strand	unspliced	12994	44	RIGEL_NRNA_chr2_2_178525988_178804642		RIGEL_NRNA_chr2_2_178525988_178804642	nrna
A00839:75:H7MFFDSXY:3:1558:31656:35055	chr2	178561376	178561525	True	-387	150M	255	0	5	0.720816969871521	ambig_opp_strand	unspliced	-1	44	.	.	.	mrna
A00839:75:H7MFFDSXY:3:1508:27444:24345	chr2	178569635	178569784	True	-254	150M	255	0	25	0.20948313176631927	ambig_opp_strand	unspliced	12994	44	RIGEL_NRNA_chr2_1_178523417_178776534		RIGEL_NRNA_chr2_1_178523417_178776534	nrna
A00839:75:H7MFFDSXY:3:1139:26720:33364	chr2	178561964	178562111	False	302	148M2S	255	1	3	0.0678672194480896	ambig_opp_strand	unspliced	12994	44	ENST00000342175.12	TTN	ENSG00000155657.29	mrna
A00839:75:H7MFFDSXY:3:2325:5990:36385	chr2	178564538	178564687	True	-266	150M	255	0	25	0.17701534926891327	ambig_opp_strand	unspliced	12994	44	RIGEL_NRNA_chr2_1_178539804_178576557		RIGEL_NRNA_chr2_1_178539804_178576557	nrna
A00839:75:H7MFFDSXY:3:2434:13910:11804	chr2	178560133	178560282	True	-470	150M	255	1	5	0.750103771686554	ambig_opp_strand	unspliced	-1	44	.	.	.	mrna
A00839:75:H7MFFDSXY:3:1217:16432:6433	chr2	178560838	178560987	False	476	150M	255	0	5	0.8807364106178284	ambig_opp_strand	unspliced	-1	44	.	.	.	mrna
A00839:75:H7MFFDSXY:3:2305:5168:23281	chr2	178561189	178561338	False	360	150M	255	0	25	0.351034551858902	ambig_opp_strand	unspliced	12994	44	RIGEL_NRNA_chr2_2_178525988_178804642		RIGEL_NRNA_chr2_2_178525988_178804642	nrna
A00839:75:H7MFFDSXY:3:1564:3034:13354	chr2	178565223	178565372	False	362	150M	255	0	5	0.5860804915428162	ambig_opp_strand	unspliced	-1	44	.	.	.	mrna
A00839:75:H7MFFDSXY:3:2214:9598:10441	chr2	178567209	178567358	True	-421	150M	255	0	5	0.7734243273735046	ambig_opp_strand	unspliced	-1	44	.	.	.	mrna
A00839:75:H7MFFDSXY:3:2227:6696:6793	chr2	178567868	178568017	False	395	150M	255	0	5	0.8686431646347046	ambig_opp_strand	unspliced	-1	44	.	.	.	mrna
A00839:75:H7MFFDSXY:3:2453:11252:10175	chr2	178567968	178568117	True	-520	150M	255	0	5	0.7282058000564575	ambig_opp_strand	unspliced	-1	44	.	.	.	mrna
A00839:75:H7MFFDSXY:3:1441:28727:9377	chr2	178563237	178563386	True	-164	150M	255	0	25	0.16096486151218414	ambig_opp_strand	unspliced	12994	44	RIGEL_NRNA_chr2_1_178528764_178620148		RIGEL_NRNA_chr2_1_178528764_178620148	nrna
A00839:75:H7MFFDSXY:3:1558:17725:22576	chr2	178562848	178562997	False	320	150M	255	0	25	0.6250074505805969	ambig_opp_strand	unspliced	12994	44	RIGEL_NRNA_chr2_2_178525988_178804642		RIGEL_NRNA_chr2_2_178525988_178804642	nrna
A00839:75:H7MFFDSXY:3:2217:31882:21198	chr2	178566189	178566338	True	-399	150M	255	1	5	0.772885262966156	ambig_opp_strand	unspliced	-1	44	.	.	.	mrna
A00839:75:H7MFFDSXY:3:2650:15284:7607	chr2	178566245	178566394	True	-208	150M	255	0	25	0.2105654776096344	ambig_opp_strand	unspliced	12994	44	RIGEL_NRNA_chr2_1_178523417_178776534		RIGEL_NRNA_chr2_1_178523417_178776534	nrna
A00839:75:H7MFFDSXY:3:2349:16875:31501	chr2	178562610	178562759	False	323	150M	255	0	25	0.6129410266876221	ambig_opp_strand	unspliced	12994	44	RIGEL_NRNA_chr2_2_178525988_178804642		RIGEL_NRNA_chr2_2_178525988_178804642	nrna
A00839:75:H7MFFDSXY:3:2601:3097:36229	chr2	178560277	178560426	False	159	150M	255	0	25	0.7173223495483398	ambig_opp_strand	unspliced	12994	44	RIGEL_NRNA_chr2_2_178525988_178804642		RIGEL_NRNA_chr2_2_178525988_178804642	nrna
A00839:75:H7MFFDSXY:3:2167:6605:26678	chr2	178566192	178566341	False	316	150M	255	1	25	0.6393314599990845	ambig_opp_strand	unspliced	12994	44	RIGEL_NRNA_chr2_2_178525988_178804642		RIGEL_NRNA_chr2_2_178525988_178804642	nrna
A00839:75:H7MFFDSXY:3:2504:26485:27195	chr2	178561823	178561972	True	-276	150M	255	0	25	0.16450099647045135	ambig_opp_strand	unspliced	12994	44	RIGEL_NRNA_chr2_1_178540115_178582663		RIGEL_NRNA_chr2_1_178540115_178582663	nrna
A00839:75:H7MFFDSXY:3:1622:18611:26396	chr2	178565207	178565356	True	-304	150M	255	0	25	0.17014572024345398	ambig_opp_strand	unspliced	12994	44	RIGEL_NRNA_chr2_1_178539804_178576557		RIGEL_NRNA_chr2_1_178539804_178576557	nrna
A00839:75:H7MFFDSXY:3:2666:24361:10113	chr2	178565323	178565472	True	-155	150M	255	0	25	0.16934478282928467	ambig_opp_strand	unspliced	12994	44	RIGEL_NRNA_chr2_1_178541746_178597681		RIGEL_NRNA_chr2_1_178541746_178597681	nrna
A00839:75:H7MFFDSXY:3:1163:11704:28150	chr2	178561579	178561728	True	-317	150M	255	0	25	0.16004590690135956	ambig_opp_strand	unspliced	12994	44	RIGEL_NRNA_chr2_1_178541746_178597681		RIGEL_NRNA_chr2_1_178541746_178597681	nrna
A00839:75:H7MFFDSXY:3:2257:6578:29919	chr2	178563145	178563294	True	-316	150M	255	0	25	0.1605028361082077	ambig_opp_strand	unspliced	12994	44	RIGEL_NRNA_chr2_1_178541746_178597681		RIGEL_NRNA_chr2_1_178541746_178597681	nrna
A00839:75:H7MFFDSXY:3:1350:16468:3208	chr2	178567135	178567284	True	-210	150M	255	0	25	0.17894890904426575	ambig_opp_strand	unspliced	12994	44	RIGEL_NRNA_chr2_1_178539804_178576557		RIGEL_NRNA_chr2_1_178539804_178576557	nrna
A00839:75:H7MFFDSXY:3:1350:9073:8750	chr2	178562320	178562469	False	361	150M	255	0	5	0.5647107362747192	ambig_opp_strand	unspliced	-1	44	.	.	.	mrna
A00839:75:H7MFFDSXY:3:1546:6298:12555	chr2	178566793	178566941	False	298	149M	255	1	25	0.6881697773933411	ambig_opp_strand	unspliced	12994	44	RIGEL_NRNA_chr2_2_178525988_178804642		RIGEL_NRNA_chr2_2_178525988_178804642	nrna
A00839:75:H7MFFDSXY:3:2435:3152:6731	chr2	178564601	178564748	False	148	148M	255	0	25	0.698160707950592	ambig_opp_strand	unspliced	12994	44	RIGEL_NRNA_chr2_2_178525988_178804642		RIGEL_NRNA_chr2_2_178525988_178804642	nrna
A00839:75:H7MFFDSXY:3:1419:8458:12352	chr2	178568070	178568219	False	337	150M	255	0	5	0.31267064809799194	ambig_opp_strand	unspliced	-1	44	.	.	.	mrna
A00839:75:H7MFFDSXY:3:1342:26332:28432	chr2	178569788	178569937	False	317	150M	255	0	25	0.635845959186554	ambig_opp_strand	unspliced	12994	44	RIGEL_NRNA_chr2_2_178525988_178804642		RIGEL_NRNA_chr2_2_178525988_178804642	nrna
A00839:75:H7MFFDSXY:3:2574:25672:35336	chr2	178569170	178569319	False	357	150M	255	0	25	0.3796462416648865	ambig_opp_strand	unspliced	12994	44	RIGEL_NRNA_chr2_2_178525988_178804642		RIGEL_NRNA_chr2_2_178525988_178804642	nrna
A00839:75:H7MFFDSXY:3:1529:22281:28651	chr2	178564980	178565129	False	195	150M	255	0	25	0.7426286339759827	ambig_opp_strand	unspliced	12994	44	RIGEL_NRNA_chr2_2_178525988_178804642		RIGEL_NRNA_chr2_2_178525988_178804642	nrna
A00839:75:H7MFFDSXY:3:2675:5972:2378	chr2	178563544	178563693	False	386	150M	255	0	5	0.8399209380149841	ambig_opp_strand	unspliced	-1	44	.	.	.	mrna
A00839:75:H7MFFDSXY:3:1507:6262:1188	chr2	178560942	178561091	False	496	150M	255	0	5	0.8804798126220703	ambig_opp_strand	unspliced	-1	44	.	.	.	mrna
A00839:75:H7MFFDSXY:3:1505:28962:35775	chr2	178562681	178562830	False	159	150M	255	0	25	0.7173223495483398	ambig_opp_strand	unspliced	12994	44	RIGEL_NRNA_chr2_2_178525988_178804642		RIGEL_NRNA_chr2_2_178525988_178804642	nrna
A00839:75:H7MFFDSXY:3:1575:10881:25880	chr2	178567866	178568015	True	-330	150M	255	0	25	0.14778591692447662	ambig_opp_strand	unspliced	12994	44	RIGEL_NRNA_chr2_1_178540115_178582663		RIGEL_NRNA_chr2_1_178540115_178582663	nrna
A00839:75:H7MFFDSXY:3:2658:16360:16861	chr2	178565477	178565626	False	281	150M	255	0	25	0.7138229012489319	ambig_opp_strand	unspliced	12994	44	RIGEL_NRNA_chr2_2_178525988_178804642		RIGEL_NRNA_chr2_2_178525988_178804642	nrna
A00839:75:H7MFFDSXY:3:1334:23999:8641	chr2	178566522	178566671	False	380	150M	255	0	5	0.7945609092712402	ambig_opp_strand	unspliced	-1	44	.	.	.	mrna
A00839:75:H7MFFDSXY:3:2558:29188:2221	chr2	178562167	178562316	True	-465	150M	255	0	5	0.7426198124885559	ambig_opp_strand	unspliced	-1	44	.	.	.	mrna
A00839:75:H7MFFDSXY:3:1421:15754:36949	chr2	178561294	178561443	True	-338	150M	255	2	25	0.14104889333248138	ambig_opp_strand	unspliced	12994	44	RIGEL_NRNA_chr2_1_178540115_178582663		RIGEL_NRNA_chr2_1_178540115_178582663	nrna
A00839:75:H7MFFDSXY:3:2674:23692:2315	chr2	178560350	178560499	False	213	150M	255	0	25	0.7460277676582336	ambig_opp_strand	unspliced	12994	44	RIGEL_NRNA_chr2_2_178525988_178804642		RIGEL_NRNA_chr2_2_178525988_178804642	nrna
A00839:75:H7MFFDSXY:3:1113:25084:31814	chr2	178561246	178561395	False	274	150M	255	0	5	0.08297543972730637	ambig_opp_strand	unspliced	-1	44	.	.	.	mrna
A00839:75:H7MFFDSXY:3:2546:31367:36996	chr2	178561570	178561719	False	436	150M	255	0	5	0.8581100702285767	ambig_opp_strand	unspliced	-1	44	.	.	.	mrna
A00839:75:H7MFFDSXY:3:2543:3839:22670	chr2	178569501	178569650	False	503	150M	255	2	5	0.8506066203117371	ambig_opp_strand	unspliced	-1	44	.	.	.	mrna
A00839:75:H7MFFDSXY:3:1474:28339:28119	chr2	178567216	178567365	True	-299	150M	255	0	25	0.15677644312381744	ambig_opp_strand	unspliced	12994	44	RIGEL_NRNA_chr2_1_178528764_178620148		RIGEL_NRNA_chr2_1_178528764_178620148	nrna
A00839:75:H7MFFDSXY:3:1462:21504:2033	chr2	178566181	178566330	True	-299	150M	255	0	25	0.036862436681985855	ambig_opp_strand	unspliced	12994	44	RIGEL_NRNA_chr2_1_178528739_178633078		RIGEL_NRNA_chr2_1_178528739_178633078	nrna
A00839:75:H7MFFDSXY:3:1113:28628:15562	chr2	178564299	178564448	True	-344	150M	255	0	5	0.2230662703514099	ambig_opp_strand	unspliced	-1	44	.	.	.	mrna
A00839:75:H7MFFDSXY:3:1574:8856:2018	chr2	178569901	178570050	False	341	150M	255	0	5	0.34837061166763306	ambig_opp_strand	unspliced	-1	44	.	.	.	mrna
A00839:75:H7MFFDSXY:3:1132:23131:27179	chr2	178562945	178563094	False	259	150M	255	0	3	0.022967331111431122	ambig_opp_strand	unspliced	12994	44	ENST00000412264.2	TTN	ENSG00000155657.29	mrna
A00839:75:H7MFFDSXY:3:1271:24966:20055	chr2	178561040	178561189	True	-192	150M	255	0	25	0.20992833375930786	ambig_opp_strand	unspliced	12994	44	RIGEL_NRNA_chr2_1_178523417_178776534		RIGEL_NRNA_chr2_1_178523417_178776534	nrna
A00839:75:H7MFFDSXY:3:1613:2564:28761	chr2	178565672	178565821	True	-428	150M	255	0	5	0.7519736289978027	ambig_opp_strand	unspliced	-1	44	.	.	.	mrna
A00839:75:H7MFFDSXY:3:1163:23149:21856	chr2	178565007	178565156	True	-374	150M	255	0	5	0.5684083104133606	ambig_opp_strand	unspliced	-1	44	.	.	.	mrna
A00839:75:H7MFFDSXY:3:1216:14163:10927	chr2	178562548	178562697	True	-198	150M	255	0	25	0.1672249138355255	ambig_opp_strand	unspliced	12994	44	RIGEL_NRNA_chr2_1_178540115_178582663		RIGEL_NRNA_chr2_1_178540115_178582663	nrna
A00839:75:H7MFFDSXY:3:1608:24587:14168	chr2	178568773	178568922	True	-203	150M	255	0	25	0.1672794669866562	ambig_opp_strand	unspliced	12994	44	RIGEL_NRNA_chr2_1_178540115_178582663		RIGEL_NRNA_chr2_1_178540115_178582663	nrna
A00839:75:H7MFFDSXY:3:1401:23312:13526	chr2	178569197	178569346	False	278	150M	255	0	5	0.08812375366687775	ambig_opp_strand	unspliced	-1	44	.	.	.	mrna
A00839:75:H7MFFDSXY:3:2602:2944:18709	chr2	178569807	178569956	True	-227	150M	255	0	25	0.038410983979701996	ambig_opp_strand	unspliced	12994	44	RIGEL_NRNA_chr2_1_178528739_178633078		RIGEL_NRNA_chr2_1_178528739_178633078	nrna
A00839:75:H7MFFDSXY:3:2640:10077:5321	chr2	178562737	178562869	False	133	133M	255	1	25	0.6366437673568726	ambig_opp_strand	unspliced	12994	44	RIGEL_NRNA_chr2_2_178525988_178804642		RIGEL_NRNA_chr2_2_178525988_178804642	nrna
A00839:75:H7MFFDSXY:3:1312:3866:15828	chr2	178562649	178562798	True	-278	150M	255	0	25	0.17014551162719727	ambig_opp_strand	unspliced	12994	44	RIGEL_NRNA_chr2_1_178541746_178597681		RIGEL_NRNA_chr2_1_178541746_178597681	nrna
A00839:75:H7MFFDSXY:3:1543:9028:28776	chr2	178568876	178569025	False	369	150M	255	0	5	0.6721917986869812	ambig_opp_strand	unspliced	-1	44	.	.	.	mrna
A00839:75:H7MFFDSXY:3:1348:7636:13432	chr2	178566214	178566363	True	-205	150M	255	1	25	0.17884977161884308	ambig_opp_strand	unspliced	12994	44	RIGEL_NRNA_chr2_1_178539804_178576557		RIGEL_NRNA_chr2_1_178539804_178576557	nrna
A00839:75:H7MFFDSXY:3:1465:32777:28541	chr2	178565670	178565819	False	288	150M	255	0	25	0.7061769366264343	ambig_opp_strand	unspliced	12994	44	RIGEL_NRNA_chr2_2_178525988_178804642		RIGEL_NRNA_chr2_2_178525988_178804642	nrna
A00839:75:H7MFFDSXY:3:1501:32280:11804	chr2	178564463	178564612	False	352	150M	255	1	5	0.4639136493206024	ambig_opp_strand	unspliced	-1	44	.	.	.	mrna
A00839:75:H7MFFDSXY:3:1161:27181:32409	chr2	178565806	178565955	False	281	150M	255	0	3	0.07140906900167465	ambig_opp_strand	unspliced	12994	44	ENST00000342175.12	TTN	ENSG00000155657.29	mrna
A00839:75:H7MFFDSXY:3:2513:12897:25958	chr2	178564497	178564646	True	-323	150M	255	0	25	0.1478748619556427	ambig_opp_strand	unspliced	12994	44	RIGEL_NRNA_chr2_1_178528764_178620148		RIGEL_NRNA_chr2_1_178528764_178620148	nrna
A00839:75:H7MFFDSXY:3:2671:29053:29951	chr2	178568996	178569145	True	-412	150M	255	1	25	0.044215839356184006	ambig_opp_strand	unspliced	12994	44	RIGEL_NRNA_chr2_1_178541746_178597681		RIGEL_NRNA_chr2_1_178541746_178597681	nrna
A00839:75:H7MFFDSXY:3:1201:16785:24017	chr2	178562588	178562737	False	327	150M	255	0	25	0.5969794392585754	ambig_opp_strand	unspliced	12994	44	RIGEL_NRNA_chr2_2_178525988_178804642		RIGEL_NRNA_chr2_2_178525988_178804642	nrna
A00839:75:H7MFFDSXY:3:2332:7355:1924	chr2	178565238	178565387	False	283	150M	255	0	25	0.7115973830223083	ambig_opp_strand	unspliced	12994	44	RIGEL_NRNA_chr2_2_178525988_178804642		RIGEL_NRNA_chr2_2_178525988_178804642	nrna
A00839:75:H7MFFDSXY:3:1616:21206:22936	chr2	178564000	178564149	True	-308	150M	255	0	25	0.19870828092098236	ambig_opp_strand	unspliced	12994	44	RIGEL_NRNA_chr2_1_178523417_178776534		RIGEL_NRNA_chr2_1_178523417_178776534	nrna
A00839:75:H7MFFDSXY:3:1157:31204:31516	chr2	178561731	178561880	True	-338	150M	255	0	25	0.1773836612701416	ambig_opp_strand	unspliced	12994	44	RIGEL_NRNA_chr2_1_178523417_178776534		RIGEL_NRNA_chr2_1_178523417_178776534	nrna
A00839:75:H7MFFDSXY:3:2251:1967:16266	chr2	178569441	178569590	True	-294	150M	255	0	25	0.20346073806285858	ambig_opp_strand	unspliced	12994	44	RIGEL_NRNA_chr2_1_178523417_178776534		RIGEL_NRNA_chr2_1_178523417_178776534	nrna
A00839:75:H7MFFDSXY:3:1647:12735:9799	chr2	178569567	178569716	False	427	150M	255	0	5	0.8653677105903625	ambig_opp_strand	unspliced	-1	44	.	.	.	mrna
A00839:75:H7MFFDSXY:3:2639:20790:32174	chr2	178566539	178566688	False	294	150M	255	0	3	0.06960027664899826	ambig_opp_strand	unspliced	12994	44	ENST00000342175.12	TTN	ENSG00000155657.29	mrna
A00839:75:H7MFFDSXY:3:2649:30120:19304	chr2	178562727	178562876	False	439	150M	255	1	5	0.8715091943740845	ambig_opp_strand	unspliced	-1	44	.	.	.	mrna
A00839:75:H7MFFDSXY:3:2533:6533:2660	chr2	178564161	178564310	True	-240	150M	255	0	25	0.21031440794467926	ambig_opp_strand	unspliced	12994	44	RIGEL_NRNA_chr2_1_178523417_178776534		RIGEL_NRNA_chr2_1_178523417_178776534	nrna
A00839:75:H7MFFDSXY:3:2232:15863:29684	chr2	178565105	178565254	True	-327	150M	255	0	25	0.1494312435388565	ambig_opp_strand	unspliced	12994	44	RIGEL_NRNA_chr2_1_178540115_178582663		RIGEL_NRNA_chr2_1_178540115_178582663	nrna
A00839:75:H7MFFDSXY:3:2165:7256:35728	chr2	178563067	178563216	False	269	150M	255	2	25	0.7263747453689575	ambig_opp_strand	unspliced	12994	44	RIGEL_NRNA_chr2_2_178525988_178804642		RIGEL_NRNA_chr2_2_178525988_178804642	nrna
A00839:75:H7MFFDSXY:3:2356:20998:36010	chr2	178564258	178564407	False	358	150M	255	0	25	0.36479559540748596	ambig_opp_strand	unspliced	12994	44	RIGEL_NRNA_chr2_2_178525988_178804642		RIGEL_NRNA_chr2_2_178525988_178804642	nrna
A00839:75:H7MFFDSXY:3:2122:15519:7075	chr2	178561195	178561344	True	-395	150M	255	0	25	0.04186447709798813	ambig_opp_strand	unspliced	12994	44	RIGEL_NRNA_chr2_1_178540115_178582663		RIGEL_NRNA_chr2_1_178540115_178582663	nrna
A00839:75:H7MFFDSXY:3:2128:1353:24032	chr2	178560522	178560671	False	312	150M	255	0	5	0.1738382875919342	ambig_opp_strand	unspliced	-1	44	.	.	.	mrna
A00839:75:H7MFFDSXY:3:1321:25400:1485	chr2	178566282	178566431	True	-281	150M	255	0	25	0.17512238025665283	ambig_opp_strand	unspliced	12994	44	RIGEL_NRNA_chr2_1_178539804_178576557		RIGEL_NRNA_chr2_1_178539804_178576557	nrna
A00839:75:H7MFFDSXY:3:2561:4526:23265	chr2	178566824	178566973	False	201	150M	255	0	3	0.0744503065943718	ambig_opp_strand	unspliced	12994	44	ENST00000342175.12	TTN	ENSG00000155657.29	mrna
A00839:75:H7MFFDSXY:3:1144:3296:18912	chr2	178565302	178565451	True	-288	150M	255	0	5	0.05077902227640152	ambig_opp_strand	unspliced	-1	44	.	.	.	mrna
A00839:75:H7MFFDSXY:3:1516:28953:18098	chr2	178564717	178564866	True	-272	150M	255	0	25	0.1609731763601303	ambig_opp_strand	unspliced	12994	44	RIGEL_NRNA_chr2_1_178528764_178620148		RIGEL_NRNA_chr2_1_178528764_178620148	nrna
A00839:75:H7MFFDSXY:3:1107:24858:5588	chr2	178562382	178562531	True	-212	150M	255	0	25	0.16336534917354584	ambig_opp_strand	unspliced	12994	44	RIGEL_NRNA_chr2_1_178528764_178620148		RIGEL_NRNA_chr2_1_178528764_178620148	nrna
A00839:75:H7MFFDSXY:3:1677:22137:20948	chr2	178563943	178564092	False	437	150M	255	0	5	0.8721042275428772	ambig_opp_strand	unspliced	-1	44	.	.	.	mrna
A00839:75:H7MFFDSXY:3:1338:8666:25363	chr2	178569894	178570043	False	330	150M	255	0	25	0.5848740935325623	ambig_opp_strand	unspliced	12994	44	RIGEL_NRNA_chr2_2_178525988_178804642		RIGEL_NRNA_chr2_2_178525988_178804642	nrna
A00839:75:H7MFFDSXY:3:1569:14832:7012	chr2	178569842	178569991	True	-312	150M	255	1	25	0.15248969197273254	ambig_opp_strand	unspliced	12994	44	RIGEL_NRNA_chr2_1_178528764_178620148		RIGEL_NRNA_chr2_1_178528764_178620148	nrna
A00839:75:H7MFFDSXY:3:1626:31042:35869	chr2	178569754	178569903	False	412	150M	255	0	5	0.8656704425811768	ambig_opp_strand	unspliced	-1	44	.	.	.	mrna
A00839:75:H7MFFDSXY:3:1251:7527:25050	chr2	178567280	178567429	False	445	150M	255	0	5	0.8369428515434265	ambig_opp_strand	unspliced	-1	44	.	.	.	mrna
A00839:75:H7MFFDSXY:3:1547:26178:23187	chr2	178567923	178568072	False	317	150M	255	0	25	0.635845959186554	ambig_opp_strand	unspliced	12994	44	RIGEL_NRNA_chr2_2_178525988_178804642		RIGEL_NRNA_chr2_2_178525988_178804642	nrna
A00839:75:H7MFFDSXY:3:1311:11406:18270	chr2	178567560	178567709	True	-196	150M	255	0	25	0.038348063826560974	ambig_opp_strand	unspliced	12994	44	RIGEL_NRNA_chr2_1_178528739_178633078		RIGEL_NRNA_chr2_1_178528739_178633078	nrna
A00839:75:H7MFFDSXY:3:1267:11957:30436	chr2	178561651	178561800	True	-343	150M	255	0	25	0.16970500349998474	ambig_opp_strand	unspliced	12994	44	RIGEL_NRNA_chr2_1_178523417_178776534		RIGEL_NRNA_chr2_1_178523417_178776534	nrna
A00839:75:H7MFFDSXY:3:2651:5014:33974	chr2	178564840	178564989	True	-215	150M	255	0	25	0.2106393724679947	ambig_opp_strand	unspliced	12994	44	RIGEL_NRNA_chr2_1_178523417_178776534		RIGEL_NRNA_chr2_1_178523417_178776534	nrna
A00839:75:H7MFFDSXY:3:2340:13042:16971	chr2	178564322	178564471	False	243	150M	255	0	25	0.7430514097213745	ambig_opp_strand	unspliced	12994	44	RIGEL_NRNA_chr2_2_178525988_178804642		RIGEL_NRNA_chr2_2_178525988_178804642	nrna
A00839:75:H7MFFDSXY:3:2438:8784:36025	chr2	178568607	178568756	False	240	150M	255	0	25	0.7442801594734192	ambig_opp_strand	unspliced	12994	44	RIGEL_NRNA_chr2_2_178525988_178804642		RIGEL_NRNA_chr2_2_178525988_178804642	nrna
A00839:75:H7MFFDSXY:3:2625:19452:16297	chr2	178566554	178566703	False	305	150M	255	0	25	0.6719896197319031	ambig_opp_strand	unspliced	12994	44	RIGEL_NRNA_chr2_2_178525988_178804642		RIGEL_NRNA_chr2_2_178525988_178804642	nrna
A00839:75:H7MFFDSXY:3:2574:22281:24205	chr2	178562535	178562684	False	255	150M	255	0	25	0.737269401550293	ambig_opp_strand	unspliced	12994	44	RIGEL_NRNA_chr2_2_178525988_178804642		RIGEL_NRNA_chr2_2_178525988_178804642	nrna
A00839:75:H7MFFDSXY:3:1463:30978:22701	chr2	178568466	178568615	True	-185	150M	255	0	25	0.17267656326293945	ambig_opp_strand	unspliced	12994	44	RIGEL_NRNA_chr2_1_178541746_178597681		RIGEL_NRNA_chr2_1_178541746_178597681	nrna
A00839:75:H7MFFDSXY:3:1474:2175:13401	chr2	178560016	178560165	False	291	150M	255	0	5	0.10861943662166595	ambig_opp_strand	unspliced	-1	44	.	.	.	mrna
A00839:75:H7MFFDSXY:3:1169:7545:7106	chr2	178568647	178568796	False	159	150M	255	0	3	0.07175914943218231	ambig_opp_strand	unspliced	12994	44	ENST00000342175.12	TTN	ENSG00000155657.29	mrna
A00839:75:H7MFFDSXY:3:2139:5782:22467	chr2	178565710	178565859	False	286	150M	255	0	3	0.07080014795064926	ambig_opp_strand	unspliced	12994	44	ENST00000342175.12	TTN	ENSG00000155657.29	mrna
A00839:75:H7MFFDSXY:3:2542:19569:24580	chr2	178566037	178566186	True	-334	150M	255	0	25	0.15466268360614777	ambig_opp_strand	unspliced	12994	44	RIGEL_NRNA_chr2_1_178539804_178576557		RIGEL_NRNA_chr2_1_178539804_178576557	nrna
A00839:75:H7MFFDSXY:3:2315:29324:16736	chr2	178569048	178569197	True	-318	150M	255	0	25	0.164676234126091	ambig_opp_strand	unspliced	12994	44	RIGEL_NRNA_chr2_1_178539804_178576557		RIGEL_NRNA_chr2_1_178539804_178576557	nrna
A00839:75:H7MFFDSXY:3:1149:11849:25989	chr2	178569028	178569177	True	-349	150M	255	0	25	0.1347600668668747	ambig_opp_strand	unspliced	12994	44	RIGEL_NRNA_chr2_1_178539804_178576557		RIGEL_NRNA_chr2_1_178539804_178576557	nrna
A00839:75:H7MFFDSXY:3:2636:25310:27696	chr2	178563494	178563643	True	-318	150M	255	0	25	0.035349875688552856	ambig_opp_strand	unspliced	12994	44	RIGEL_NRNA_chr2_1_178528739_178633078		RIGEL_NRNA_chr2_1_178528739_178633078	nrna
A00839:75:H7MFFDSXY:3:1222:4797:14841	chr2	178567469	178567618	True	-339	150M	255	0	25	0.14523708820343018	ambig_opp_strand	unspliced	12994	44	RIGEL_NRNA_chr2_1_178541746_178597681		RIGEL_NRNA_chr2_1_178541746_178597681	nrna
A00839:75:H7MFFDSXY:3:1230:8974:13432	chr2	178560602	178560751	False	280	150M	255	0	25	0.7157753705978394	ambig_opp_strand	unspliced	12994	44	RIGEL_NRNA_chr2_2_178525988_178804642		RIGEL_NRNA_chr2_2_178525988_178804642	nrna
A00839:75:H7MFFDSXY:3:1305:8458:2832	chr2	178561802	178561951	False	255	150M	255	0	3	0.09039135277271271	ambig_opp_strand	unspliced	12994	44	ENST00000460472.6	TTN	ENSG00000155657.29	mrna
A00839:75:H7MFFDSXY:3:1146:1859:28322	chr2	178566524	178566673	False	400	150M	255	0	5	0.861224889755249	ambig_opp_strand	unspliced	-1	44	.	.	.	mrna
A00839:75:H7MFFDSXY:3:1302:14859:7592	chr2	178567754	178567903	True	-290	150M	255	0	25	0.16247756779193878	ambig_opp_strand	unspliced	12994	44	RIGEL_NRNA_chr2_1_178540115_178582663		RIGEL_NRNA_chr2_1_178540115_178582663	nrna
A00839:75:H7MFFDSXY:3:1156:22652:29293	chr2	178561743	178561892	False	250	150M	255	0	5	0.0581170916557312	ambig_opp_strand	unspliced	-1	44	.	.	.	mrna
A00839:75:H7MFFDSXY:3:2450:2844:21355	chr2	178562494	178562643	False	183	150M	255	0	25	0.7378755807876587	ambig_opp_strand	unspliced	12994	44	RIGEL_NRNA_chr2_2_178525988_178804642		RIGEL_NRNA_chr2_2_178525988_178804642	nrna
A00839:75:H7MFFDSXY:3:1205:14669:34726	chr2	178560059	178560208	False	423	150M	255	0	5	0.8718879222869873	ambig_opp_strand	unspliced	-1	44	.	.	.	mrna
A00839:75:H7MFFDSXY:3:1574:18855:23876	chr2	178563141	178563290	True	-347	150M	255	0	25	0.02970156818628311	ambig_opp_strand	unspliced	12994	44	RIGEL_NRNA_chr2_1_178528739_178633078		RIGEL_NRNA_chr2_1_178528739_178633078	nrna
A00839:75:H7MFFDSXY:3:1677:14669:5791	chr2	178562580	178562729	True	-462	150M	255	0	5	0.7477650046348572	ambig_opp_strand	unspliced	-1	44	.	.	.	mrna
A00839:75:H7MFFDSXY:3:2566:11984:34084	chr2	178563533	178563682	True	-165	150M	255	1	25	0.16113176941871643	ambig_opp_strand	unspliced	12994	44	RIGEL_NRNA_chr2_1_178528764_178620148		RIGEL_NRNA_chr2_1_178528764_178620148	nrna
A00839:75:H7MFFDSXY:3:1171:3161:32205	chr2	178562143	178562292	True	-514	150M	255	0	5	0.7463990449905396	ambig_opp_strand	unspliced	-1	44	.	.	.	mrna
A00839:75:H7MFFDSXY:3:1577:27850:31939	chr2	178561851	178562000	False	226	150M	255	0	3	0.07464373111724854	ambig_opp_strand	unspliced	12994	44	ENST00000342175.12	TTN	ENSG00000155657.29	mrna
A00839:75:H7MFFDSXY:3:1128:27597:22827	chr2	178566558	178566707	True	-258	150M	255	0	25	0.20910204946994781	ambig_opp_strand	unspliced	12994	44	RIGEL_NRNA_chr2_1_178523417_178776534		RIGEL_NRNA_chr2_1_178523417_178776534	nrna
A00839:75:H7MFFDSXY:3:1218:23095:10300	chr2	178568883	178569032	False	282	150M	255	0	25	0.7128623723983765	ambig_opp_strand	unspliced	12994	44	RIGEL_NRNA_chr2_2_178525988_178804642		RIGEL_NRNA_chr2_2_178525988_178804642	nrna
A00839:75:H7MFFDSXY:3:2135:12310:12665	chr2	178562314	178562463	False	392	150M	255	0	5	0.8626461029052734	ambig_opp_strand	unspliced	-1	44	.	.	.	mrna
A00839:75:H7MFFDSXY:3:1203:26286:22467	chr2	178567086	178567235	True	-418	150M	255	0	5	0.7690197825431824	ambig_opp_strand	unspliced	-1	44	.	.	.	mrna
A00839:75:H7MFFDSXY:3:2650:21531:18834	chr2	178568536	178568685	True	-264	150M	255	0	25	0.16177190840244293	ambig_opp_strand	unspliced	12994	44	RIGEL_NRNA_chr2_1_178528764_178620148		RIGEL_NRNA_chr2_1_178528764_178620148	nrna
A00839:75:H7MFFDSXY:3:2313:3775:6746	chr2	178561732	178561881	False	398	150M	255	0	5	0.8627042770385742	ambig_opp_strand	unspliced	-1	44	.	.	.	mrna
A00839:75:H7MFFDSXY:3:2233:23475:7169	chr2	178564009	178564158	False	280	150M	255	0	25	0.7157753705978394	ambig_opp_strand	unspliced	12994	44	RIGEL_NRNA_chr2_2_178525988_178804642		RIGEL_NRNA_chr2_2_178525988_178804642	nrna
A00839:75:H7MFFDSXY:3:2521:30897:6026	chr2	178568974	178569123	True	-323	150M	255	0	25	0.017177224159240723	ambig_opp_strand	unspliced	12994	44	RIGEL_NRNA_chr2_1_178528764_178738038		RIGEL_NRNA_chr2_1_178528764_178738038	nrna
A00839:75:H7MFFDSXY:3:1404:3983:24048	chr2	178566096	178566245	True	-343	150M	255	0	25	0.13494311273097992	ambig_opp_strand	unspliced	12994	44	RIGEL_NRNA_chr2_1_178540115_178582663		RIGEL_NRNA_chr2_1_178540115_178582663	nrna
A00839:75:H7MFFDSXY:3:2551:6397:14481	chr2	178567660	178567809	False	321	150M	255	0	3	0.07619240880012512	ambig_opp_strand	unspliced	12994	44	ENST00000460472.6	TTN	ENSG00000155657.29	mrna
A00839:75:H7MFFDSXY:3:2351:8278:7592	chr2	178562143	178562292	True	-288	150M	255	1	25	0.16882596909999847	ambig_opp_strand	unspliced	12994	44	RIGEL_NRNA_chr2_1_178541746_178597681		RIGEL_NRNA_chr2_1_178541746_178597681	nrna
A00839:75:H7MFFDSXY:3:1424:7762:34068	chr2	178562913	178563062	True	-184	150M	255	0	25	0.03824153169989586	ambig_opp_strand	unspliced	12994	44	RIGEL_NRNA_chr2_1_178528739_178633078		RIGEL_NRNA_chr2_1_178528739_178633078	nrna
A00839:75:H7MFFDSXY:3:1217:2031:11929	chr2	178567533	178567682	True	-299	150M	255	1	25	0.15677644312381744	ambig_opp_strand	unspliced	12994	44	RIGEL_NRNA_chr2_1_178528764_178620148		RIGEL_NRNA_chr2_1_178528764_178620148	nrna
A00839:75:H7MFFDSXY:3:2541:16071:3427	chr2	178561137	178561286	True	-366	150M	255	0	5	0.45026636123657227	ambig_opp_strand	unspliced	-1	44	.	.	.	mrna
A00839:75:H7MFFDSXY:3:2341:4779:29215	chr2	178566552	178566701	True	-332	150M	255	0	25	0.14250829815864563	ambig_opp_strand	unspliced	12994	44	RIGEL_NRNA_chr2_1_178528764_178620148		RIGEL_NRNA_chr2_1_178528764_178620148	nrna
A00839:75:H7MFFDSXY:3:2335:31675:36307	chr2	178562629	178562778	False	303	150M	255	0	25	0.6768515706062317	ambig_opp_strand	unspliced	12994	44	RIGEL_NRNA_chr2_2_178525988_178804642		RIGEL_NRNA_chr2_2_178525988_178804642	nrna
A00839:75:H7MFFDSXY:3:1448:21314:32612	chr2	178568464	178568613	True	-308	150M	255	1	25	0.15416955947875977	ambig_opp_strand	unspliced	12994	44	RIGEL_NRNA_chr2_1_178528764_178620148		RIGEL_NRNA_chr2_1_178528764_178620148	nrna
A00839:75:H7MFFDSXY:3:1234:12753:21668	chr2	178562580	178562729	True	-443	150M	255	0	5	0.7959343194961548	ambig_opp_strand	unspliced	-1	44	.	.	.	mrna
A00839:75:H7MFFDSXY:3:2505:7961:25363	chr2	178562381	178562530	True	-231	150M	255	0	25	0.16328470408916473	ambig_opp_strand	unspliced	12994	44	RIGEL_NRNA_chr2_1_178528764_178620148		RIGEL_NRNA_chr2_1_178528764_178620148	nrna
A00839:75:H7MFFDSXY:3:1458:22092:5838	chr2	178565553	178565702	True	-234	150M	255	0	25	0.020074740052223206	ambig_opp_strand	unspliced	12994	44	RIGEL_NRNA_chr2_1_178528739_178584816		RIGEL_NRNA_chr2_1_178528739_178584816	nrna
A00839:75:H7MFFDSXY:3:2662:11650:23453	chr2	178564449	178564598	True	-339	150M	255	0	25	0.14523707330226898	ambig_opp_strand	unspliced	12994	44	RIGEL_NRNA_chr2_1_178541746_178597681		RIGEL_NRNA_chr2_1_178541746_178597681	nrna
A00839:75:H7MFFDSXY:3:2249:28049:13620	chr2	178569173	178569322	False	233	150M	255	0	25	0.7450805902481079	ambig_opp_strand	unspliced	12994	44	RIGEL_NRNA_chr2_2_178525988_178804642		RIGEL_NRNA_chr2_2_178525988_178804642	nrna
A00839:75:H7MFFDSXY:3:2227:19117:36730	chr2	178568942	178569091	False	336	150M	255	0	25	0.5519787073135376	ambig_opp_strand	unspliced	12994	44	RIGEL_NRNA_chr2_2_178525988_178804642		RIGEL_NRNA_chr2_2_178525988_178804642	nrna
A00839:75:H7MFFDSXY:3:2560:4679:35462	chr2	178565452	178565601	False	313	150M	255	0	5	0.1752798855304718	ambig_opp_strand	unspliced	-1	44	.	.	.	mrna
A00839:75:H7MFFDSXY:3:1336:20952:3020	chr2	178564758	178564907	True	-308	150M	255	0	25	0.15416955947875977	ambig_opp_strand	unspliced	12994	44	RIGEL_NRNA_chr2_1_178528764_178620148		RIGEL_NRNA_chr2_1_178528764_178620148	nrna
A00839:75:H7MFFDSXY:3:1122:16333:15718	chr2	178561514	178561663	False	417	150M	255	0	5	0.8781221508979797	ambig_opp_strand	unspliced	-1	44	.	.	.	mrna
A00839:75:H7MFFDSXY:3:2168:30599:36323	chr2	178562008	178562157	False	287	150M	255	0	25	0.706882894039154	ambig_opp_strand	unspliced	12994	44	RIGEL_NRNA_chr2_2_178525988_178804642		RIGEL_NRNA_chr2_2_178525988_178804642	nrna
A00839:75:H7MFFDSXY:3:1347:32190:14372	chr2	178561750	178561899	False	437	150M	255	0	5	0.8721042275428772	ambig_opp_strand	unspliced	-1	44	.	.	.	mrna
A00839:75:H7MFFDSXY:3:1662:24352:35744	chr2	178566840	178566989	False	423	150M	255	0	5	0.8718879222869873	ambig_opp_strand	unspliced	-1	44	.	.	.	mrna
A00839:75:H7MFFDSXY:3:2303:2166:32831	chr2	178568144	178568293	True	-348	150M	255	0	25	0.13783153891563416	ambig_opp_strand	unspliced	12994	44	RIGEL_NRNA_chr2_1_178539804_178576557		RIGEL_NRNA_chr2_1_178539804_178576557	nrna
A00839:75:H7MFFDSXY:3:2537:9887:27602	chr2	178564650	178564799	False	387	150M	255	2	5	0.8462709188461304	ambig_opp_strand	unspliced	-1	44	.	.	.	mrna
A00839:75:H7MFFDSXY:3:2569:16523:5932	chr2	178569641	178569788	True	-481	148M2S	255	0	25	0.041813626885414124	ambig_opp_strand	unspliced	12994	44	RIGEL_NRNA_chr2_1_178528764_178620148		RIGEL_NRNA_chr2_1_178528764_178620148	nrna
A00839:75:H7MFFDSXY:3:2154:30698:18458	chr2	178567790	178567939	False	301	150M	255	0	25	0.6809026598930359	ambig_opp_strand	unspliced	12994	44	RIGEL_NRNA_chr2_2_178525988_178804642		RIGEL_NRNA_chr2_2_178525988_178804642	nrna
A00839:75:H7MFFDSXY:3:1250:30978:35822	chr2	178563548	178563697	False	277	150M	255	0	25	0.7181640267372131	ambig_opp_strand	unspliced	12994	44	RIGEL_NRNA_chr2_2_178525988_178804642		RIGEL_NRNA_chr2_2_178525988_178804642	nrna
A00839:75:H7MFFDSXY:3:1531:23737:26944	chr2	178566356	178566505	True	-366	150M	255	1	25	0.0921015664935112	ambig_opp_strand	unspliced	12994	44	RIGEL_NRNA_chr2_1_178528764_178620148		RIGEL_NRNA_chr2_1_178528764_178620148	nrna
A00839:75:H7MFFDSXY:3:1337:3739:32518	chr2	178562321	178562470	False	329	150M	255	0	25	0.5879278182983398	ambig_opp_strand	unspliced	12994	44	RIGEL_NRNA_chr2_2_178525988_178804642		RIGEL_NRNA_chr2_2_178525988_178804642	nrna
A00839:75:H7MFFDSXY:3:1166:24749:36808	chr2	178565189	178565338	True	-358	150M	255	0	5	0.3516870439052582	ambig_opp_strand	unspliced	-1	44	.	.	.	mrna
A00839:75:H7MFFDSXY:3:1129:32714:19539	chr2	178563302	178563451	True	-309	150M	255	0	25	0.1979627013206482	ambig_opp_strand	unspliced	12994	44	RIGEL_NRNA_chr2_1_178523417_178776534		RIGEL_NRNA_chr2_1_178523417_178776534	nrna
A00839:75:H7MFFDSXY:3:1559:4951:26475	chr2	178560271	178560420	False	344	150M	255	0	5	0.37971532344818115	ambig_opp_strand	unspliced	-1	44	.	.	.	mrna
A00839:75:H7MFFDSXY:3:1401:9200:36025	chr2	178563310	178563459	True	-416	150M	255	0	5	0.7527049779891968	ambig_opp_strand	unspliced	-1	44	.	.	.	mrna
A00839:75:H7MFFDSXY:3:1563:14823:12289	chr2	178565759	178565908	True	-286	150M	255	0	25	0.15920501947402954	ambig_opp_strand	unspliced	12994	44	RIGEL_NRNA_chr2_1_178528764_178620148		RIGEL_NRNA_chr2_1_178528764_178620148	nrna
A00839:75:H7MFFDSXY:3:2428:25229:15718	chr2	178567990	178568139	False	268	150M	255	0	25	0.7275502681732178	ambig_opp_strand	unspliced	12994	44	RIGEL_NRNA_chr2_2_178525988_178804642		RIGEL_NRNA_chr2_2_178525988_178804642	nrna
A00839:75:H7MFFDSXY:3:1224:32940:2300	chr2	178560826	178560975	True	-274	150M	255	0	25	0.20714855194091797	ambig_opp_strand	unspliced	12994	44	RIGEL_NRNA_chr2_1_178523417_178776534		RIGEL_NRNA_chr2_1_178523417_178776534	nrna
A00839:75:H7MFFDSXY:3:2676:5945:11851	chr2	178560573	178560722	False	335	150M	255	0	3	0.05533399060368538	ambig_opp_strand	unspliced	12994	44	ENST00000342175.12	TTN	ENSG00000155657.29	mrna
A00839:75:H7MFFDSXY:3:2565:14968:33082	chr2	178562943	178563092	True	-312	150M	255	0	25	0.15248967707157135	ambig_opp_strand	unspliced	12994	44	RIGEL_NRNA_chr2_1_178528764_178620148		RIGEL_NRNA_chr2_1_178528764_178620148	nrna
A00839:75:H7MFFDSXY:3:1535:11478:19993	chr2	178566652	178566801	True	-242	150M	255	0	25	0.16311772167682648	ambig_opp_strand	unspliced	12994	44	RIGEL_NRNA_chr2_1_178528764_178620148		RIGEL_NRNA_chr2_1_178528764_178620148	nrna
A00839:75:H7MFFDSXY:3:1252:19171:12618	chr2	178567542	178567691	False	285	150M	255	0	3	0.07098453491926193	ambig_opp_strand	unspliced	12994	44	ENST00000342175.12	TTN	ENSG00000155657.29	mrna
A00839:75:H7MFFDSXY:3:1604:26503:15796	chr2	178563212	178563361	True	-461	150M	255	0	5	0.7528287172317505	ambig_opp_strand	unspliced	-1	44	.	.	.	mrna
A00839:75:H7MFFDSXY:3:1523:17553:2769	chr2	178566437	178566586	True	-188	150M	255	0	25	0.16276498138904572	ambig_opp_strand	unspliced	12994	44	RIGEL_NRNA_chr2_1_178528764_178620148		RIGEL_NRNA_chr2_1_178528764_178620148	nrna
A00839:75:H7MFFDSXY:3:1619:12671:24502	chr2	178566356	178566505	False	400	150M	255	0	5	0.861224889755249	ambig_opp_strand	unspliced	-1	44	.	.	.	mrna
A00839:75:H7MFFDSXY:3:1365:4797:3474	chr2	178563462	178563611	False	290	150M	255	2	25	0.7017327547073364	ambig_opp_strand	unspliced	12994	44	RIGEL_NRNA_chr2_2_178525988_178804642		RIGEL_NRNA_chr2_2_178525988_178804642	nrna
A00839:75:H7MFFDSXY:3:1418:14660:2174	chr2	178560621	178560770	True	-184	150M	255	0	25	0.16668841242790222	ambig_opp_strand	unspliced	12994	44	RIGEL_NRNA_chr2_1_178540115_178582663		RIGEL_NRNA_chr2_1_178540115_178582663	nrna
A00839:75:H7MFFDSXY:3:1165:5339:18411	chr2	178564803	178564952	True	-285	150M	255	0	25	0.20546285808086395	ambig_opp_strand	unspliced	12994	44	RIGEL_NRNA_chr2_1_178523417_178776534		RIGEL_NRNA_chr2_1_178523417_178776534	nrna
A00839:75:H7MFFDSXY:3:1436:4869:22075	chr2	178566042	178566191	True	-244	150M	255	0	25	0.16301622986793518	ambig_opp_strand	unspliced	12994	44	RIGEL_NRNA_chr2_1_178528764_178620148		RIGEL_NRNA_chr2_1_178528764_178620148	nrna
A00839:75:H7MFFDSXY:3:1106:14073:2503	chr2	178560394	178560543	False	284	150M	255	0	5	0.09676647931337357	ambig_opp_strand	unspliced	-1	44	.	.	.	mrna
A00839:75:H7MFFDSXY:3:2353:8296:21590	chr2	178563265	178563412	True	-170	148M2S	255	0	25	0.1770571768283844	ambig_opp_strand	unspliced	12994	44	RIGEL_NRNA_chr2_1_178539804_178576557		RIGEL_NRNA_chr2_1_178539804_178576557	nrna
A00839:75:H7MFFDSXY:3:2150:13928:13620	chr2	178565958	178566107	False	425	150M	255	0	5	0.8504714369773865	ambig_opp_strand	unspliced	-1	44	.	.	.	mrna
A00839:75:H7MFFDSXY:3:2459:18222:2550	chr2	178564275	178564424	True	-217	150M	255	0	25	0.16749776899814606	ambig_opp_strand	unspliced	12994	44	RIGEL_NRNA_chr2_1_178540115_178582663		RIGEL_NRNA_chr2_1_178540115_178582663	nrna
A00839:75:H7MFFDSXY:3:1428:23511:18881	chr2	178566254	178566403	False	356	150M	255	0	25	0.38579821586608887	ambig_opp_strand	unspliced	12994	44	RIGEL_NRNA_chr2_2_178525988_178804642		RIGEL_NRNA_chr2_2_178525988_178804642	nrna
A00839:75:H7MFFDSXY:3:1440:26142:14387	chr2	178564937	178565086	True	-322	150M	255	0	25	0.14842620491981506	ambig_opp_strand	unspliced	12994	44	RIGEL_NRNA_chr2_1_178528764_178620148		RIGEL_NRNA_chr2_1_178528764_178620148	nrna
A00839:75:H7MFFDSXY:3:1128:21630:23077	chr2	178563568	178563717	True	-179	150M	255	0	25	0.17227335274219513	ambig_opp_strand	unspliced	12994	44	RIGEL_NRNA_chr2_1_178541746_178597681		RIGEL_NRNA_chr2_1_178541746_178597681	nrna
A00839:75:H7MFFDSXY:3:2446:32768:16344	chr2	178562402	178562551	False	266	150M	255	1	3	0.08945605903863907	ambig_opp_strand	unspliced	12994	44	ENST00000460472.6	TTN	ENSG00000155657.29	mrna
A00839:75:H7MFFDSXY:3:2421:31485:6104	chr2	178561641	178561790	True	-372	150M	255	0	25	0.10153894126415253	ambig_opp_strand	unspliced	12994	44	RIGEL_NRNA_chr2_1_178523417_178776534		RIGEL_NRNA_chr2_1_178523417_178776534	nrna
A00839:75:H7MFFDSXY:3:2615:18087:31250	chr2	178565671	178565820	False	366	150M	255	0	25	0.28646016120910645	ambig_opp_strand	unspliced	12994	44	RIGEL_NRNA_chr2_2_178525988_178804642		RIGEL_NRNA_chr2_2_178525988_178804642	nrna
A00839:75:H7MFFDSXY:3:1404:16315:31469	chr2	178563696	178563845	False	407	150M	255	0	5	0.8606401085853577	ambig_opp_strand	unspliced	-1	44	.	.	.	mrna
A00839:75:H7MFFDSXY:3:1309:23140:34804	chr2	178564393	178564542	False	387	150M	255	2	5	0.8462709188461304	ambig_opp_strand	unspliced	-1	44	.	.	.	mrna
A00839:75:H7MFFDSXY:3:1644:17589:18145	chr2	178563201	178563350	False	315	150M	255	0	5	0.1817142367362976	ambig_opp_strand	unspliced	-1	44	.	.	.	mrna
A00839:75:H7MFFDSXY:3:1648:31313:18959	chr2	178566968	178567117	True	-172	150M	255	0	25	0.20850235223770142	ambig_opp_strand	unspliced	12994	44	RIGEL_NRNA_chr2_1_178523417_178776534		RIGEL_NRNA_chr2_1_178523417_178776534	nrna
A00839:75:H7MFFDSXY:3:2524:9860:6449	chr2	178564954	178565103	True	-392	150M	255	0	25	0.04351857677102089	ambig_opp_strand	unspliced	12994	44	RIGEL_NRNA_chr2_1_178540115_178582663		RIGEL_NRNA_chr2_1_178540115_178582663	nrna
A00839:75:H7MFFDSXY:3:2663:11089:30812	chr2	178567403	178567552	False	373	150M	255	1	3	0.02657855860888958	ambig_opp_strand	unspliced	12994	44	ENST00000460472.6	TTN	ENSG00000155657.29	mrna
A00839:75:H7MFFDSXY:3:2653:24831:18944	chr2	178568275	178568424	True	-302	150M	255	0	25	0.2008972316980362	ambig_opp_strand	unspliced	12994	44	RIGEL_NRNA_chr2_1_178523417_178776534		RIGEL_NRNA_chr2_1_178523417_178776534	nrna
A00839:75:H7MFFDSXY:3:2413:13829:27821	chr2	178562802	178562951	False	346	150M	255	0	5	0.3963314890861511	ambig_opp_strand	unspliced	-1	44	.	.	.	mrna
A00839:75:H7MFFDSXY:3:2225:4670:6324	chr2	178561813	178561962	True	-168	150M	255	0	25	0.17136308550834656	ambig_opp_strand	unspliced	12994	44	RIGEL_NRNA_chr2_1_178541746_178597681		RIGEL_NRNA_chr2_1_178541746_178597681	nrna
A00839:75:H7MFFDSXY:3:1573:5186:18865	chr2	178567500	178567648	False	149	149M	255	0	25	0.6989021897315979	ambig_opp_strand	unspliced	12994	44	RIGEL_NRNA_chr2_2_178525988_178804642		RIGEL_NRNA_chr2_2_178525988_178804642	nrna
A00839:75:H7MFFDSXY:3:1141:16143:16110	chr2	178564953	178565102	True	-301	150M	255	0	25	0.019203826785087585	ambig_opp_strand	unspliced	12994	44	RIGEL_NRNA_chr2_1_178528739_178584816		RIGEL_NRNA_chr2_1_178528739_178584816	nrna
A00839:75:H7MFFDSXY:3:1408:22806:2754	chr2	178563273	178563422	False	271	150M	255	0	25	0.7248656153678894	ambig_opp_strand	unspliced	12994	44	RIGEL_NRNA_chr2_2_178525988_178804642		RIGEL_NRNA_chr2_2_178525988_178804642	nrna
A00839:75:H7MFFDSXY:3:1172:25563:5149	chr2	178563746	178563895	True	-399	150M	255	0	25	0.04167793318629265	ambig_opp_strand	unspliced	12994	44	RIGEL_NRNA_chr2_1_178539804_178576557		RIGEL_NRNA_chr2_1_178539804_178576557	nrna
A00839:75:H7MFFDSXY:3:1474:31069:30718	chr2	178563122	178563271	True	-421	150M	255	0	5	0.7734243273735046	ambig_opp_strand	unspliced	-1	44	.	.	.	mrna
A00839:75:H7MFFDSXY:3:2534:13467:16329	chr2	178562472	178562621	False	380	150M	255	0	25	0.16162386536598206	ambig_opp_strand	unspliced	12994	44	RIGEL_NRNA_chr2_2_178525988_178804642		RIGEL_NRNA_chr2_2_178525988_178804642	nrna
A00839:75:H7MFFDSXY:3:1568:13015:13949	chr2	178569035	178569184	False	208	150M	255	0	25	0.7461226582527161	ambig_opp_strand	unspliced	12994	44	RIGEL_NRNA_chr2_2_178525988_178804642		RIGEL_NRNA_chr2_2_178525988_178804642	nrna
A00839:75:H7MFFDSXY:3:1550:31340:2065	chr2	178568545	178568694	False	535	150M	255	0	25	0.14127306640148163	ambig_opp_strand	unspliced	12994	44	RIGEL_NRNA_chr2_2_178525988_178804642		RIGEL_NRNA_chr2_2_178525988_178804642	nrna
A00839:75:H7MFFDSXY:3:2306:5475:26882	chr2	178568455	178568604	False	195	150M	255	0	25	0.7426286339759827	ambig_opp_strand	unspliced	12994	44	RIGEL_NRNA_chr2_2_178525988_178804642		RIGEL_NRNA_chr2_2_178525988_178804642	nrna
A00839:75:H7MFFDSXY:3:2302:30083:1955	chr2	178568550	178568699	True	-372	150M	255	0	25	0.07877988368272781	ambig_opp_strand	unspliced	12994	44	RIGEL_NRNA_chr2_1_178528764_178620148		RIGEL_NRNA_chr2_1_178528764_178620148	nrna
A00839:75:H7MFFDSXY:3:1128:21531:6057	chr2	178561550	178561699	True	-187	150M	255	0	25	0.17276129126548767	ambig_opp_strand	unspliced	12994	44	RIGEL_NRNA_chr2_1_178541746_178597681		RIGEL_NRNA_chr2_1_178541746_178597681	nrna
A00839:75:H7MFFDSXY:3:1655:8775:17440	chr2	178565169	178565318	True	-203	150M	255	0	25	0.21037133038043976	ambig_opp_strand	unspliced	12994	44	RIGEL_NRNA_chr2_1_178523417_178776534		RIGEL_NRNA_chr2_1_178523417_178776534	nrna
A00839:75:H7MFFDSXY:3:2270:18150:9565	chr2	178562127	178562276	False	200	150M	255	0	25	0.7443772554397583	ambig_opp_strand	unspliced	12994	44	RIGEL_NRNA_chr2_2_178525988_178804642		RIGEL_NRNA_chr2_2_178525988_178804642	nrna
A00839:75:H7MFFDSXY:3:1310:17291:34444	chr2	178561485	178561634	True	-224	150M	255	0	25	0.2105800360441208	ambig_opp_strand	unspliced	12994	44	RIGEL_NRNA_chr2_1_178523417_178776534		RIGEL_NRNA_chr2_1_178523417_178776534	nrna
A00839:75:H7MFFDSXY:3:2524:1687:21950	chr2	178565465	178565614	False	274	150M	255	0	25	0.7214449048042297	ambig_opp_strand	unspliced	12994	44	RIGEL_NRNA_chr2_2_178525988_178804642		RIGEL_NRNA_chr2_2_178525988_178804642	nrna
A00839:75:H7MFFDSXY:3:2450:13123:6370	chr2	178566485	178566634	False	228	150M	255	0	25	0.7458291053771973	ambig_opp_strand	unspliced	12994	44	RIGEL_NRNA_chr2_2_178525988_178804642		RIGEL_NRNA_chr2_2_178525988_178804642	nrna
A00839:75:H7MFFDSXY:3:1553:8612:3255	chr2	178564756	178564905	True	-275	150M	255	0	25	0.17590266466140747	ambig_opp_strand	unspliced	12994	44	RIGEL_NRNA_chr2_1_178539804_178576557		RIGEL_NRNA_chr2_1_178539804_178576557	nrna
A00839:75:H7MFFDSXY:3:1602:11659:16485	chr2	178569736	178569885	True	-538	150M	255	1	5	0.6834099888801575	ambig_opp_strand	unspliced	-1	44	.	.	.	mrna
A00839:75:H7MFFDSXY:3:2649:8223:15013	chr2	178568493	178568642	True	-325	150M	255	0	25	0.15596018731594086	ambig_opp_strand	unspliced	12994	44	RIGEL_NRNA_chr2_1_178541746_178597681		RIGEL_NRNA_chr2_1_178541746_178597681	nrna
A00839:75:H7MFFDSXY:3:1549:9914:3662	chr2	178566024	178566173	False	507	150M	255	0	5	0.861210286617279	ambig_opp_strand	unspliced	-1	44	.	.	.	mrna
A00839:75:H7MFFDSXY:3:1634:5873:1830	chr2	178568541	178568690	True	-339	150M	255	0	25	0.1498533934354782	ambig_opp_strand	unspliced	12994	44	RIGEL_NRNA_chr2_1_178539804_178576557		RIGEL_NRNA_chr2_1_178539804_178576557	nrna
A00839:75:H7MFFDSXY:3:2574:31711:2143	chr2	178563350	178563499	False	572	150M	255	0	5	0.7155987620353699	ambig_opp_strand	unspliced	-1	44	.	.	.	mrna
A00839:75:H7MFFDSXY:3:2132:25635:18208	chr2	178564069	178564218	False	272	150M	255	0	25	0.7237831354141235	ambig_opp_strand	unspliced	12994	44	RIGEL_NRNA_chr2_2_178525988_178804642		RIGEL_NRNA_chr2_2_178525988_178804642	nrna
A00839:75:H7MFFDSXY:3:2503:15275:28792	chr2	178568938	178569087	False	279	150M	255	0	25	0.7165989875793457	ambig_opp_strand	unspliced	12994	44	RIGEL_NRNA_chr2_2_178525988_178804642		RIGEL_NRNA_chr2_2_178525988_178804642	nrna
A00839:75:H7MFFDSXY:3:2356:11704:29371	chr2	178569816	178569965	True	-563	150M	255	0	25	0.09394299238920212	ambig_opp_strand	unspliced	12994	44	RIGEL_NRNA_chr2_1_178523417_178776534		RIGEL_NRNA_chr2_1_178523417_178776534	nrna
A00839:75:H7MFFDSXY:3:2650:13503:11945	chr2	178567421	178567570	False	313	150M	255	1	3	0.07954803854227066	ambig_opp_strand	unspliced	12994	44	ENST00000460472.6	TTN	ENSG00000155657.29	mrna
A00839:75:H7MFFDSXY:3:1326:3649:20932	chr2	178567481	178567630	True	-323	150M	255	0	25	0.1569826304912567	ambig_opp_strand	unspliced	12994	44	RIGEL_NRNA_chr2_1_178541746_178597681		RIGEL_NRNA_chr2_1_178541746_178597681	nrna
A00839:75:H7MFFDSXY:3:2632:7808:23844	chr2	178563717	178563866	True	-309	150M	255	0	25	0.1535910964012146	ambig_opp_strand	unspliced	12994	44	RIGEL_NRNA_chr2_1_178528764_178620148		RIGEL_NRNA_chr2_1_178528764_178620148	nrna
A00839:75:H7MFFDSXY:3:1670:14977:21574	chr2	178563070	178563219	True	-197	150M	255	0	25	0.16715596616268158	ambig_opp_strand	unspliced	12994	44	RIGEL_NRNA_chr2_1_178540115_178582663		RIGEL_NRNA_chr2_1_178540115_178582663	nrna
A00839:75:H7MFFDSXY:3:2361:1588:36276	chr2	178566777	178566925	False	282	149M	255	1	25	0.7128623127937317	ambig_opp_strand	unspliced	12994	44	RIGEL_NRNA_chr2_2_178525988_178804642		RIGEL_NRNA_chr2_2_178525988_178804642	nrna
A00839:75:H7MFFDSXY:3:1171:15790:27837	chr2	178566614	178566763	False	275	150M	255	0	25	0.7203001976013184	ambig_opp_strand	unspliced	12994	44	RIGEL_NRNA_chr2_2_178525988_178804642		RIGEL_NRNA_chr2_2_178525988_178804642	nrna
A00839:75:H7MFFDSXY:3:2159:16975:7717	chr2	178564161	178564310	True	-266	150M	255	0	25	0.03799862787127495	ambig_opp_strand	unspliced	12994	44	RIGEL_NRNA_chr2_1_178528739_178633078		RIGEL_NRNA_chr2_1_178528739_178633078	nrna
A00839:75:H7MFFDSXY:3:1624:23312:24831	chr2	178566851	178567000	True	-240	150M	255	2	25	0.16723421216011047	ambig_opp_strand	unspliced	12994	44	RIGEL_NRNA_chr2_1_178540115_178582663		RIGEL_NRNA_chr2_1_178540115_178582663	nrna
A00839:75:H7MFFDSXY:3:2575:27959:24111	chr2	178560899	178561048	True	-420	150M	255	0	25	0.04453108087182045	ambig_opp_strand	unspliced	12994	44	RIGEL_NRNA_chr2_1_178528764_178620148		RIGEL_NRNA_chr2_1_178528764_178620148	nrna
A00839:75:H7MFFDSXY:3:1465:19551:14184	chr2	178562729	178562878	True	-170	150M	255	0	25	0.1770571768283844	ambig_opp_strand	unspliced	12994	44	RIGEL_NRNA_chr2_1_178539804_178576557		RIGEL_NRNA_chr2_1_178539804_178576557	nrna
A00839:75:H7MFFDSXY:3:2558:23891:15311	chr2	178568795	178568944	True	-202	150M	255	0	5	0.025890877470374107	ambig_opp_strand	unspliced	-1	44	.	.	.	mrna
A00839:75:H7MFFDSXY:3:1229:21893:20682	chr2	178568413	178568562	False	294	150M	255	0	25	0.6957417726516724	ambig_opp_strand	unspliced	12994	44	RIGEL_NRNA_chr2_2_178525988_178804642		RIGEL_NRNA_chr2_2_178525988_178804642	nrna
A00839:75:H7MFFDSXY:3:2665:17445:9032	chr2	178564624	178564773	False	399	150M	255	0	25	0.0952930748462677	ambig_opp_strand	unspliced	12994	44	RIGEL_NRNA_chr2_2_178525988_178804642		RIGEL_NRNA_chr2_2_178525988_178804642	nrna
A00839:75:H7MFFDSXY:3:1256:23999:25708	chr2	178564008	178564157	False	356	150M	255	0	25	0.38579821586608887	ambig_opp_strand	unspliced	12994	44	RIGEL_NRNA_chr2_2_178525988_178804642		RIGEL_NRNA_chr2_2_178525988_178804642	nrna
A00839:75:H7MFFDSXY:3:2669:19985:13526	chr2	178565783	178565932	False	417	150M	255	0	5	0.8781221508979797	ambig_opp_strand	unspliced	-1	44	.	.	.	mrna
A00839:75:H7MFFDSXY:3:2211:23032:29387	chr2	178565302	178565451	False	403	150M	255	0	5	0.8683302998542786	ambig_opp_strand	unspliced	-1	44	.	.	.	mrna
A00839:75:H7MFFDSXY:3:2240:24858:36213	chr2	178562553	178562702	False	401	150M	255	0	5	0.8639474511146545	ambig_opp_strand	unspliced	-1	44	.	.	.	mrna
A00839:75:H7MFFDSXY:3:1237:28420:1986	chr2	178569623	178569772	False	266	150M	255	0	25	0.7296407222747803	ambig_opp_strand	unspliced	12994	44	RIGEL_NRNA_chr2_2_178525988_178804642		RIGEL_NRNA_chr2_2_178525988_178804642	nrna
A00839:75:H7MFFDSXY:3:2169:27190:34397	chr2	178568491	178568640	False	385	150M	255	0	25	0.12579688429832458	ambig_opp_strand	unspliced	12994	44	RIGEL_NRNA_chr2_2_178525988_178804642		RIGEL_NRNA_chr2_2_178525988_178804642	nrna
A00839:75:H7MFFDSXY:3:1232:9561:9878	chr2	178562064	178562213	False	255	150M	255	0	25	0.737269401550293	ambig_opp_strand	unspliced	12994	44	RIGEL_NRNA_chr2_2_178525988_178804642		RIGEL_NRNA_chr2_2_178525988_178804642	nrna
A00839:75:H7MFFDSXY:3:1630:2374:21981	chr2	178560240	178560389	True	-252	150M	255	0	25	0.17274583876132965	ambig_opp_strand	unspliced	12994	44	RIGEL_NRNA_chr2_1_178541746_178597681		RIGEL_NRNA_chr2_1_178541746_178597681	nrna
A00839:75:H7MFFDSXY:3:1422:8495:1297	chr2	178564360	178564509	True	-328	150M	255	0	25	0.15914973616600037	ambig_opp_strand	unspliced	12994	44	RIGEL_NRNA_chr2_1_178539804_178576557		RIGEL_NRNA_chr2_1_178539804_178576557	nrna
A00839:75:H7MFFDSXY:3:1654:27172:13949	chr2	178565219	178565368	False	289	150M	255	0	25	0.7041612267494202	ambig_opp_strand	unspliced	12994	44	RIGEL_NRNA_chr2_2_178525988_178804642		RIGEL_NRNA_chr2_2_178525988_178804642	nrna
A00839:75:H7MFFDSXY:3:2641:14181:11584	chr2	178560040	178560189	True	-245	150M	255	0	25	0.16300706565380096	ambig_opp_strand	unspliced	12994	44	RIGEL_NRNA_chr2_1_178528764_178620148		RIGEL_NRNA_chr2_1_178528764_178620148	nrna
A00839:75:H7MFFDSXY:3:1573:12943:36432	chr2	178568823	178568972	True	-493	150M	255	0	5	0.7428374886512756	ambig_opp_strand	unspliced	-1	44	.	.	.	mrna
A00839:75:H7MFFDSXY:3:1658:20925:30561	chr2	178560448	178560597	True	-483	150M	255	1	25	0.045790959149599075	ambig_opp_strand	unspliced	12994	44	RIGEL_NRNA_chr2_1_178540115_178582663		RIGEL_NRNA_chr2_1_178540115_178582663	nrna
A00839:75:H7MFFDSXY:3:1320:26856:13275	chr2	178561262	178561411	True	-225	150M	255	0	25	0.16747628152370453	ambig_opp_strand	unspliced	12994	44	RIGEL_NRNA_chr2_1_178540115_178582663		RIGEL_NRNA_chr2_1_178540115_178582663	nrna
A00839:75:H7MFFDSXY:3:2246:17029:10160	chr2	178560167	178560316	False	285	150M	255	0	3	0.07098453491926193	ambig_opp_strand	unspliced	12994	44	ENST00000342175.12	TTN	ENSG00000155657.29	mrna
A00839:75:H7MFFDSXY:3:1305:1090:24862	chr2	178561381	178561530	False	394	150M	255	0	5	0.8573814034461975	ambig_opp_strand	unspliced	-1	44	.	.	.	mrna
A00839:75:H7MFFDSXY:3:1346:8160:7858	chr2	178568515	178568664	False	307	150M	255	0	5	0.1536908745765686	ambig_opp_strand	unspliced	-1	44	.	.	.	mrna
A00839:75:H7MFFDSXY:3:2452:16541:36401	chr2	178561441	178561590	False	290	150M	255	0	25	0.7017327547073364	ambig_opp_strand	unspliced	12994	44	RIGEL_NRNA_chr2_2_178525988_178804642		RIGEL_NRNA_chr2_2_178525988_178804642	nrna
A00839:75:H7MFFDSXY:3:2212:22218:7467	chr2	178568955	178569104	True	-314	150M	255	0	25	0.1611941158771515	ambig_opp_strand	unspliced	12994	44	RIGEL_NRNA_chr2_1_178541746_178597681		RIGEL_NRNA_chr2_1_178541746_178597681	nrna
A00839:75:H7MFFDSXY:3:2160:23430:9251	chr2	178561176	178561325	True	-190	150M	255	0	25	0.20988129079341888	ambig_opp_strand	unspliced	12994	44	RIGEL_NRNA_chr2_1_178523417_178776534		RIGEL_NRNA_chr2_1_178523417_178776534	nrna
A00839:75:H7MFFDSXY:3:2522:25455:2425	chr2	178561450	178561599	False	349	150M	255	0	25	0.4441453218460083	ambig_opp_strand	unspliced	12994	44	RIGEL_NRNA_chr2_2_178525988_178804642		RIGEL_NRNA_chr2_2_178525988_178804642	nrna
A00839:75:H7MFFDSXY:3:1212:14027:23844	chr2	178569919	178570068	True	-258	150M	255	0	25	0.1662701815366745	ambig_opp_strand	unspliced	12994	44	RIGEL_NRNA_chr2_1_178540115_178582663		RIGEL_NRNA_chr2_1_178540115_178582663	nrna
A00839:75:H7MFFDSXY:3:2639:26332:1282	chr2	178569984	178570133	False	320	150M	255	0	25	0.6250074505805969	ambig_opp_strand	unspliced	12994	44	RIGEL_NRNA_chr2_2_178525988_178804642		RIGEL_NRNA_chr2_2_178525988_178804642	nrna
A00839:75:H7MFFDSXY:3:2554:12129:2018	chr2	178562570	178562719	True	-249	150M	255	0	25	0.1668916493654251	ambig_opp_strand	unspliced	12994	44	RIGEL_NRNA_chr2_1_178540115_178582663		RIGEL_NRNA_chr2_1_178540115_178582663	nrna
A00839:75:H7MFFDSXY:3:1107:12029:33317	chr2	178562594	178562743	True	-239	150M	255	0	25	0.17324213683605194	ambig_opp_strand	unspliced	12994	44	RIGEL_NRNA_chr2_1_178541746_178597681		RIGEL_NRNA_chr2_1_178541746_178597681	nrna
A00839:75:H7MFFDSXY:3:2570:8386:24659	chr2	178566466	178566615	False	367	150M	255	1	5	0.646994948387146	ambig_opp_strand	unspliced	-1	44	.	.	.	mrna
A00839:75:H7MFFDSXY:3:2173:16721:3615	chr2	178562450	178562599	False	325	150M	255	0	5	0.23038959503173828	ambig_opp_strand	unspliced	-1	44	.	.	.	mrna
A00839:75:H7MFFDSXY:3:2423:5023:20087	chr2	178561901	178562050	False	214	150M	255	0	5	0.05159517005085945	ambig_opp_strand	unspliced	-1	44	.	.	.	mrna
A00839:75:H7MFFDSXY:3:1541:2998:32581	chr2	178565588	178565737	False	442	150M	255	0	5	0.8656697869300842	ambig_opp_strand	unspliced	-1	44	.	.	.	mrna
A00839:75:H7MFFDSXY:3:1244:14425:4899	chr2	178561525	178561674	False	206	150M	255	0	25	0.7452560663223267	ambig_opp_strand	unspliced	12994	44	RIGEL_NRNA_chr2_2_178525988_178804642		RIGEL_NRNA_chr2_2_178525988_178804642	nrna
A00839:75:H7MFFDSXY:3:1623:27597:24236	chr2	178560891	178561040	False	365	150M	255	0	5	0.6142979264259338	ambig_opp_strand	unspliced	-1	44	.	.	.	mrna
A00839:75:H7MFFDSXY:3:1523:6081:12743	chr2	178566575	178566724	True	-333	150M	255	0	25	0.145118847489357	ambig_opp_strand	unspliced	12994	44	RIGEL_NRNA_chr2_1_178540115_178582663		RIGEL_NRNA_chr2_1_178540115_178582663	nrna
A00839:75:H7MFFDSXY:3:2250:25753:7106	chr2	178566874	178567023	True	-361	150M	255	0	5	0.37828660011291504	ambig_opp_strand	unspliced	-1	44	.	.	.	mrna
A00839:75:H7MFFDSXY:3:2437:15664:20697	chr2	178566182	178566331	True	-282	150M	255	0	25	0.17500606179237366	ambig_opp_strand	unspliced	12994	44	RIGEL_NRNA_chr2_1_178539804_178576557		RIGEL_NRNA_chr2_1_178539804_178576557	nrna
A00839:75:H7MFFDSXY:3:1459:1732:15139	chr2	178565139	178565288	False	349	150M	255	0	25	0.4441453218460083	ambig_opp_strand	unspliced	12994	44	RIGEL_NRNA_chr2_2_178525988_178804642		RIGEL_NRNA_chr2_2_178525988_178804642	nrna
A00839:75:H7MFFDSXY:3:1438:1172:26412	chr2	178567946	178568095	True	-395	150M	255	0	5	0.7561866044998169	ambig_opp_strand	unspliced	-1	44	.	.	.	mrna
A00839:75:H7MFFDSXY:3:1218:27480:16673	chr2	178561949	178562098	True	-245	150M	255	0	25	0.16300706565380096	ambig_opp_strand	unspliced	12994	44	RIGEL_NRNA_chr2_1_178528764_178620148		RIGEL_NRNA_chr2_1_178528764_178620148	nrna
A00839:75:H7MFFDSXY:3:1337:32217:24565	chr2	178562753	178562902	False	342	150M	255	0	5	0.351750910282135	ambig_opp_strand	unspliced	-1	44	.	.	.	mrna
A00839:75:H7MFFDSXY:3:1458:8341:30311	chr2	178566317	178566466	False	289	150M	255	0	25	0.7041612267494202	ambig_opp_strand	unspliced	12994	44	RIGEL_NRNA_chr2_2_178525988_178804642		RIGEL_NRNA_chr2_2_178525988_178804642	nrna
A00839:75:H7MFFDSXY:3:1311:22941:18521	chr2	178564187	178564336	True	-197	150M	255	0	25	0.2102160006761551	ambig_opp_strand	unspliced	12994	44	RIGEL_NRNA_chr2_1_178523417_178776534		RIGEL_NRNA_chr2_1_178523417_178776534	nrna
A00839:75:H7MFFDSXY:3:1660:30798:18098	chr2	178564820	178564969	True	-349	150M	255	1	5	0.26565492153167725	ambig_opp_strand	unspliced	-1	44	.	.	.	mrna
A00839:75:H7MFFDSXY:3:2423:22607:27054	chr2	178563641	178563790	True	-181	150M	255	0	25	0.03817027434706688	ambig_opp_strand	unspliced	12994	44	RIGEL_NRNA_chr2_1_178528739_178633078		RIGEL_NRNA_chr2_1_178528739_178633078	nrna
A00839:75:H7MFFDSXY:3:2331:23520:7874	chr2	178567343	178567492	True	-330	150M	255	0	25	0.1858561635017395	ambig_opp_strand	unspliced	12994	44	RIGEL_NRNA_chr2_1_178523417_178776534		RIGEL_NRNA_chr2_1_178523417_178776534	nrna
A00839:75:H7MFFDSXY:3:1661:3540:23688	chr2	178566615	178566764	False	306	150M	255	0	25	0.6686471700668335	ambig_opp_strand	unspliced	12994	44	RIGEL_NRNA_chr2_2_178525988_178804642		RIGEL_NRNA_chr2_2_178525988_178804642	nrna
A00839:75:H7MFFDSXY:3:1636:31186:33301	chr2	178566352	178566501	False	468	150M	255	0	5	0.8751306533813477	ambig_opp_strand	unspliced	-1	44	.	.	.	mrna
A00839:75:H7MFFDSXY:3:2119:12038:35274	chr2	178560762	178560911	True	-327	150M	255	0	25	0.1458035260438919	ambig_opp_strand	unspliced	12994	44	RIGEL_NRNA_chr2_1_178528764_178620148		RIGEL_NRNA_chr2_1_178528764_178620148	nrna
A00839:75:H7MFFDSXY:3:1367:12075:24439	chr2	178565129	178565278	False	417	150M	255	0	5	0.8781221508979797	ambig_opp_strand	unspliced	-1	44	.	.	.	mrna
A00839:75:H7MFFDSXY:3:1555:5484:23202	chr2	178566002	178566151	False	280	150M	255	0	25	0.7157753705978394	ambig_opp_strand	unspliced	12994	44	RIGEL_NRNA_chr2_2_178525988_178804642		RIGEL_NRNA_chr2_2_178525988_178804642	nrna
A00839:75:H7MFFDSXY:3:1636:10257:7326	chr2	178565441	178565590	False	321	150M	255	0	25	0.6214569211006165	ambig_opp_strand	unspliced	12994	44	RIGEL_NRNA_chr2_2_178525988_178804642		RIGEL_NRNA_chr2_2_178525988_178804642	nrna
A00839:75:H7MFFDSXY:3:2235:22254:16736	chr2	178560779	178560928	True	-223	150M	255	0	25	0.1735004335641861	ambig_opp_strand	unspliced	12994	44	RIGEL_NRNA_chr2_1_178541746_178597681		RIGEL_NRNA_chr2_1_178541746_178597681	nrna
A00839:75:H7MFFDSXY:3:2645:31494:33739	chr2	178565151	178565298	True	-257	148M2S	255	5	25	0.17231856286525726	ambig_opp_strand	unspliced	12994	44	RIGEL_NRNA_chr2_1_178541746_178597681		RIGEL_NRNA_chr2_1_178541746_178597681	nrna
A00839:75:H7MFFDSXY:3:1138:16387:4664	chr2	178569575	178569724	True	-321	150M	255	0	25	0.16316020488739014	ambig_opp_strand	unspliced	12994	44	RIGEL_NRNA_chr2_1_178539804_178576557		RIGEL_NRNA_chr2_1_178539804_178576557	nrna
A00839:75:H7MFFDSXY:3:1168:12952:7200	chr2	178560886	178561035	False	296	150M	255	0	3	0.06923424452543259	ambig_opp_strand	unspliced	12994	44	ENST00000342175.12	TTN	ENSG00000155657.29	mrna
A00839:75:H7MFFDSXY:3:2212:2808:5760	chr2	178563925	178564074	False	427	150M	255	0	5	0.8653677105903625	ambig_opp_strand	unspliced	-1	44	.	.	.	mrna
A00839:75:H7MFFDSXY:3:2627:18322:5259	chr2	178565150	178565299	True	-237	150M	255	0	25	0.16320520639419556	ambig_opp_strand	unspliced	12994	44	RIGEL_NRNA_chr2_1_178528764_178620148		RIGEL_NRNA_chr2_1_178528764_178620148	nrna
A00839:75:H7MFFDSXY:3:1242:25626:16814	chr2	178562650	178562799	True	-355	150M	255	0	25	0.11680467426776886	ambig_opp_strand	unspliced	12994	44	RIGEL_NRNA_chr2_1_178540115_178582663		RIGEL_NRNA_chr2_1_178540115_178582663	nrna
A00839:75:H7MFFDSXY:3:1141:9805:34851	chr2	178562259	178562408	False	410	150M	255	0	5	0.8637162446975708	ambig_opp_strand	unspliced	-1	44	.	.	.	mrna
A00839:75:H7MFFDSXY:3:1163:23366:10050	chr2	178563762	178563911	False	437	150M	255	0	5	0.8721042275428772	ambig_opp_strand	unspliced	-1	44	.	.	.	mrna
A00839:75:H7MFFDSXY:3:1564:17671:14685	chr2	178568455	178568604	True	-192	150M	255	0	25	0.16692721843719482	ambig_opp_strand	unspliced	12994	44	RIGEL_NRNA_chr2_1_178540115_178582663		RIGEL_NRNA_chr2_1_178540115_178582663	nrna
A00839:75:H7MFFDSXY:3:2477:32099:27868	chr2	178564031	178564180	True	-376	150M	255	0	5	0.5909984707832336	ambig_opp_strand	unspliced	-1	44	.	.	.	mrna
A00839:75:H7MFFDSXY:3:1546:29035:2080	chr2	178566813	178566962	True	-377	150M	255	0	25	0.06831447035074234	ambig_opp_strand	unspliced	12994	44	RIGEL_NRNA_chr2_1_178540115_178582663		RIGEL_NRNA_chr2_1_178540115_178582663	nrna
A00839:75:H7MFFDSXY:3:1447:27552:29951	chr2	178566121	178566270	True	-277	150M	255	0	25	0.20668530464172363	ambig_opp_strand	unspliced	12994	44	RIGEL_NRNA_chr2_1_178523417_178776534		RIGEL_NRNA_chr2_1_178523417_178776534	nrna
A00839:75:H7MFFDSXY:3:1660:26033:12947	chr2	178561651	178561800	False	353	150M	255	0	5	0.4803207814693451	ambig_opp_strand	unspliced	-1	44	.	.	.	mrna
