qname	chrom	pos	end	is_reverse	tlen	cigar	mapq	nm	zf	zw	zc	zs	zl	zn	zt	zr	zg	pred
A00839:75:H7MFFDSXY:3:2405:17987:35650	chr9	76703781	76703930	False	236	150M	255	0	3	0.6877070069313049	ambig_opp_strand	unspliced	22928	12	ENST00000426088.5	PRUNE2	ENSG00000106772.19	mrna
A00839:75:H7MFFDSXY:3:1537:18267:3223	chr9	76704934	76705083	True	-397	150M	255	0	5	0.9935970902442932	ambig_opp_strand	unspliced	-1	12	.	.	.	mrna
A00839:75:H7MFFDSXY:3:2552:15664:1313	chr9	76709287	76709436	True	-315	150M	255	7	25	0.930678129196167	ambig_opp_strand	unspliced	22928	19	RIGEL_NRNA_chr9_1_76704847_76710661		RIGEL_NRNA_chr9_1_76704847_76710661	nrna
A00839:75:H7MFFDSXY:3:1208:28565:28698	chr9	76707887	76708036	True	-510	150M	255	0	5	0.5688333511352539	ambig_opp_strand	unspliced	-1	19	.	.	.	mrna
A00839:75:H7MFFDSXY:3:1443:30309:26396	chr9	76707124	76707273	False	244	150M	255	1	3	0.6876394748687744	ambig_opp_strand	unspliced	22928	19	ENST00000426088.5	PRUNE2	ENSG00000106772.19	mrna
A00839:75:H7MFFDSXY:3:1415:18322:17409	chr9	76703799	76703948	False	228	150M	255	0	3	0.6877219676971436	ambig_opp_strand	unspliced	22928	12	ENST00000426088.5	PRUNE2	ENSG00000106772.19	mrna
A00839:75:H7MFFDSXY:3:2111:11116:16391	chr9	76707911	76708060	False	198	150M	255	0	3	0.6876615881919861	ambig_opp_strand	unspliced	22928	19	ENST00000426088.5	PRUNE2	ENSG00000106772.19	mrna
A00839:75:H7MFFDSXY:3:1675:2835:29387	chr9	76703572	76703721	True	-305	150M	255	0	3	0.12405794858932495	ambig_opp_strand	unspliced	22928	12	ENST00000426088.5	PRUNE2	ENSG00000106772.19	mrna
A00839:75:H7MFFDSXY:3:1278:27905:9079	chr9	76707273	76707422	False	305	150M	255	0	3	0.6864070296287537	ambig_opp_strand	unspliced	22928	19	ENST00000426088.5	PRUNE2	ENSG00000106772.19	mrna
A00839:75:H7MFFDSXY:3:2143:13313:2973	chr9	76709420	76709569	True	-320	150M	255	1	25	0.9231412410736084	ambig_opp_strand	unspliced	22928	19	RIGEL_NRNA_chr9_1_76704847_76710661		RIGEL_NRNA_chr9_1_76704847_76710661	nrna
A00839:75:H7MFFDSXY:3:1558:21034:34757	chr9	76708753	76708902	True	-332	150M	255	0	25	0.9001354575157166	ambig_opp_strand	unspliced	22928	19	RIGEL_NRNA_chr9_1_76704847_76710661		RIGEL_NRNA_chr9_1_76704847_76710661	nrna
A00839:75:H7MFFDSXY:3:1444:18385:7467	chr9	76705910	76706059	False	369	150M	255	1	3	0.19887767732143402	ambig_opp_strand	unspliced	22928	19	ENST00000428286.5	PRUNE2	ENSG00000106772.19	mrna
A00839:75:H7MFFDSXY:3:1642:3875:16313	chr9	76707126	76707275	True	-340	150M	255	1	25	0.8744586706161499	ambig_opp_strand	unspliced	22928	19	RIGEL_NRNA_chr9_1_76704847_76710661		RIGEL_NRNA_chr9_1_76704847_76710661	nrna
A00839:75:H7MFFDSXY:3:2311:12563:24690	chr9	76705617	76705766	True	-333	150M	255	1	25	0.8970156908035278	ambig_opp_strand	unspliced	22928	19	RIGEL_NRNA_chr9_1_76704847_76710661		RIGEL_NRNA_chr9_1_76704847_76710661	nrna
A00839:75:H7MFFDSXY:3:1235:21414:24737	chr9	76708079	76708199	True	-121	121M	255	0	25	0.893692672252655	ambig_opp_strand	unspliced	22928	19	RIGEL_NRNA_chr9_1_76704847_76710661		RIGEL_NRNA_chr9_1_76704847_76710661	nrna
A00839:75:H7MFFDSXY:3:1655:17327:8453	chr9	76705838	76705987	True	-267	150M	255	0	25	0.9609484076499939	ambig_opp_strand	unspliced	22928	19	RIGEL_NRNA_chr9_1_76704847_76710661		RIGEL_NRNA_chr9_1_76704847_76710661	nrna
A00839:75:H7MFFDSXY:3:1477:22363:28166	chr9	76709522	76709671	False	330	150M	255	0	3	0.10218260437250137	ambig_opp_strand	unspliced	22928	19	ENST00000376718.8	PRUNE2	ENSG00000106772.19	mrna
A00839:75:H7MFFDSXY:3:2350:21920:22357	chr9	76707162	76707311	False	234	150M	255	0	3	0.6876724362373352	ambig_opp_strand	unspliced	22928	19	ENST00000426088.5	PRUNE2	ENSG00000106772.19	mrna
A00839:75:H7MFFDSXY:3:2669:32696:4163	chr9	76706316	76706461	True	-415	146M4S	255	2	25	0.38808751106262207	ambig_opp_strand	unspliced	22928	19	RIGEL_NRNA_chr9_1_76704847_76710661		RIGEL_NRNA_chr9_1_76704847_76710661	nrna
A00839:75:H7MFFDSXY:3:1331:5909:28541	chr9	76706733	76706882	True	-273	150M	255	0	25	0.9593462347984314	ambig_opp_strand	unspliced	22928	19	RIGEL_NRNA_chr9_1_76704847_76710661		RIGEL_NRNA_chr9_1_76704847_76710661	nrna
A00839:75:H7MFFDSXY:3:1208:25762:35681	chr9	76708564	76708713	False	326	150M	255	0	3	0.6848673820495605	ambig_opp_strand	unspliced	22928	19	ENST00000426088.5	PRUNE2	ENSG00000106772.19	mrna
A00839:75:H7MFFDSXY:3:2554:4074:13902	chr9	76705106	76705255	False	290	150M	255	0	3	0.20504499971866608	ambig_opp_strand	unspliced	22928	26	ENST00000428286.5	PRUNE2	ENSG00000106772.19	mrna
A00839:75:H7MFFDSXY:3:1436:3360:33896	chr9	76707545	76707694	True	-274	150M	255	0	25	0.9587619304656982	ambig_opp_strand	unspliced	22928	19	RIGEL_NRNA_chr9_1_76704847_76710661		RIGEL_NRNA_chr9_1_76704847_76710661	nrna
A00839:75:H7MFFDSXY:3:2102:22137:28839	chr9	76703293	76703406	False	114	114M	255	0	5	0.9807612895965576	ambig_opp_strand	unspliced	-1	14	.	.	.	mrna
A00839:75:H7MFFDSXY:3:2362:6750:26522	chr9	76709041	76709190	True	-319	150M	255	0	5	0.056150052696466446	ambig_opp_strand	unspliced	-1	19	.	.	.	mrna
A00839:75:H7MFFDSXY:3:2527:7084:16172	chr9	76706487	76706636	True	-282	150M	255	0	25	0.9558839797973633	ambig_opp_strand	unspliced	22928	19	RIGEL_NRNA_chr9_1_76704847_76710661		RIGEL_NRNA_chr9_1_76704847_76710661	nrna
A00839:75:H7MFFDSXY:3:1166:14525:22670	chr9	76707889	76708038	False	276	150M	255	0	3	0.20513704419136047	ambig_opp_strand	unspliced	22928	19	ENST00000428286.5	PRUNE2	ENSG00000106772.19	mrna
A00839:75:H7MFFDSXY:3:1516:7401:25958	chr9	76709790	76709939	False	299	150M	255	1	3	0.20496247708797455	ambig_opp_strand	unspliced	22928	19	ENST00000428286.5	PRUNE2	ENSG00000106772.19	mrna
A00839:75:H7MFFDSXY:3:2430:15447:32189	chr9	76706474	76706623	True	-278	150M	255	0	25	0.9574102163314819	ambig_opp_strand	unspliced	22928	19	RIGEL_NRNA_chr9_1_76704847_76710661		RIGEL_NRNA_chr9_1_76704847_76710661	nrna
A00839:75:H7MFFDSXY:3:1560:20139:10128	chr9	76708306	76708455	True	-217	150M	255	0	25	0.9669448137283325	ambig_opp_strand	unspliced	22928	19	RIGEL_NRNA_chr9_1_76704847_76710661		RIGEL_NRNA_chr9_1_76704847_76710661	nrna
A00839:75:H7MFFDSXY:3:2524:9353:30154	chr9	76709179	76709316	False	340	59M12I79M	255	13	3	0.6826776266098022	ambig_opp_strand	unspliced	22928	19	ENST00000426088.5	PRUNE2	ENSG00000106772.19	mrna
A00839:75:H7MFFDSXY:3:1358:32217:21151	chr9	76703611	76703760	False	417	150M	255	0	5	0.10397784411907196	ambig_opp_strand	unspliced	-1	12	.	.	.	mrna
A00839:75:H7MFFDSXY:3:1102:24487:11678	chr9	76706820	76706937	True	-118	118M	255	0	25	0.8836389183998108	ambig_opp_strand	unspliced	22928	19	RIGEL_NRNA_chr9_1_76704847_76710661		RIGEL_NRNA_chr9_1_76704847_76710661	nrna
A00839:75:H7MFFDSXY:3:1364:8386:15984	chr9	76704811	76704960	True	-436	150M	255	0	5	0.9932050704956055	ambig_opp_strand	unspliced	-1	12	.	.	.	mrna
A00839:75:H7MFFDSXY:3:1402:9019:7905	chr9	76708759	76708908	True	-396	150M	255	0	5	0.6098655462265015	ambig_opp_strand	unspliced	-1	19	.	.	.	mrna
A00839:75:H7MFFDSXY:3:1659:4896:6558	chr9	76709293	76709442	False	265	150M	255	0	3	0.6874287128448486	ambig_opp_strand	unspliced	22928	19	ENST00000426088.5	PRUNE2	ENSG00000106772.19	mrna
A00839:75:H7MFFDSXY:3:1174:27028:8155	chr9	76705841	76705990	False	222	150M	255	0	3	0.6876906752586365	ambig_opp_strand	unspliced	22928	19	ENST00000426088.5	PRUNE2	ENSG00000106772.19	mrna
A00839:75:H7MFFDSXY:3:1244:21603:6997	chr9	76706581	76706730	True	-387	150M	255	0	25	0.4276972711086273	ambig_opp_strand	unspliced	22928	19	RIGEL_NRNA_chr9_1_76704847_76710661		RIGEL_NRNA_chr9_1_76704847_76710661	nrna
A00839:75:H7MFFDSXY:3:1219:16450:13604	chr9	76707262	76707411	True	-396	150M	255	0	5	0.609865665435791	ambig_opp_strand	unspliced	-1	19	.	.	.	mrna
A00839:75:H7MFFDSXY:3:1275:9082:1720	chr9	76706323	76706472	True	-166	150M	255	1	25	0.9602110385894775	ambig_opp_strand	unspliced	22928	19	RIGEL_NRNA_chr9_1_76704847_76710661		RIGEL_NRNA_chr9_1_76704847_76710661	nrna
A00839:75:H7MFFDSXY:3:1572:4896:34992	chr9	76705484	76705633	True	-299	150M	255	0	25	0.9466310143470764	ambig_opp_strand	unspliced	22928	19	RIGEL_NRNA_chr9_1_76704847_76710661		RIGEL_NRNA_chr9_1_76704847_76710661	nrna
A00839:75:H7MFFDSXY:3:2136:27968:27759	chr9	76708201	76708350	True	-195	150M	255	0	25	0.9656504392623901	ambig_opp_strand	unspliced	22928	19	RIGEL_NRNA_chr9_1_76704847_76710661		RIGEL_NRNA_chr9_1_76704847_76710661	nrna
A00839:75:H7MFFDSXY:3:2307:5602:30483	chr9	76704880	76705029	True	-318	150M	255	0	5	0.8549435138702393	ambig_opp_strand	unspliced	-1	12	.	.	.	mrna
A00839:75:H7MFFDSXY:3:2358:32949:7420	chr9	76706188	76706337	False	264	150M	255	0	3	0.687453031539917	ambig_opp_strand	unspliced	22928	19	ENST00000426088.5	PRUNE2	ENSG00000106772.19	mrna
A00839:75:H7MFFDSXY:3:1261:26775:29418	chr9	76704701	76704850	True	-324	150M	255	0	25	0.12243983149528503	ambig_opp_strand	unspliced	22928	12	RIGEL_NRNA_chr9_1_76700179_76740086		RIGEL_NRNA_chr9_1_76700179_76740086	nrna
A00839:75:H7MFFDSXY:3:1615:12391:1846	chr9	76704809	76704958	True	-241	150M	255	0	25	0.40628087520599365	ambig_opp_strand	unspliced	22928	12	RIGEL_NRNA_chr9_1_76700179_76740086		RIGEL_NRNA_chr9_1_76700179_76740086	nrna
A00839:75:H7MFFDSXY:3:1348:7952:18333	chr9	76708703	76708852	False	305	150M	255	0	3	0.6864070296287537	ambig_opp_strand	unspliced	22928	19	ENST00000426088.5	PRUNE2	ENSG00000106772.19	mrna
A00839:75:H7MFFDSXY:3:2669:31521:32910	chr9	76707198	76707347	False	311	150M	255	0	3	0.20477703213691711	ambig_opp_strand	unspliced	22928	19	ENST00000428286.5	PRUNE2	ENSG00000106772.19	mrna
A00839:75:H7MFFDSXY:3:1350:20039:2879	chr9	76703293	76703442	False	424	150M	255	0	5	0.9985745549201965	ambig_opp_strand	unspliced	-1	12	.	.	.	mrna
A00839:75:H7MFFDSXY:3:1167:18087:12054	chr9	76707297	76707446	False	276	150M	255	0	3	0.6872606873512268	ambig_opp_strand	unspliced	22928	19	ENST00000426088.5	PRUNE2	ENSG00000106772.19	mrna
A00839:75:H7MFFDSXY:3:2507:18041:22654	chr9	76707614	76707763	False	236	150M	255	1	3	0.20525988936424255	ambig_opp_strand	unspliced	22928	19	ENST00000428286.5	PRUNE2	ENSG00000106772.19	mrna
A00839:75:H7MFFDSXY:3:1163:16631:34428	chr9	76706534	76706683	True	-387	150M	255	0	5	0.5631632804870605	ambig_opp_strand	unspliced	-1	19	.	.	.	mrna
A00839:75:H7MFFDSXY:3:1610:2654:25880	chr9	76707956	76708105	True	-190	150M	255	0	25	0.9651673436164856	ambig_opp_strand	unspliced	22928	19	RIGEL_NRNA_chr9_1_76704847_76710661		RIGEL_NRNA_chr9_1_76704847_76710661	nrna
A00839:75:H7MFFDSXY:3:1637:23999:11772	chr9	76707169	76707318	False	432	150M	255	0	3	0.6252403855323792	ambig_opp_strand	unspliced	22928	19	ENST00000426088.5	PRUNE2	ENSG00000106772.19	mrna
A00839:75:H7MFFDSXY:3:1373:24777:9173	chr9	76705249	76705398	False	348	150M	255	0	3	0.20313389599323273	ambig_opp_strand	unspliced	22928	19	ENST00000428286.5	PRUNE2	ENSG00000106772.19	mrna
A00839:75:H7MFFDSXY:3:2539:10936:23218	chr9	76706730	76706879	True	-188	150M	255	0	25	0.9649474024772644	ambig_opp_strand	unspliced	22928	19	RIGEL_NRNA_chr9_1_76704847_76710661		RIGEL_NRNA_chr9_1_76704847_76710661	nrna
A00839:75:H7MFFDSXY:3:1658:25310:36088	chr9	76704806	76704955	False	360	150M	255	0	3	0.6748377084732056	ambig_opp_strand	unspliced	22928	14	ENST00000426088.5	PRUNE2	ENSG00000106772.19	mrna
A00839:75:H7MFFDSXY:3:1234:32190:27492	chr9	76703343	76703467	False	372	125M25S	255	2	3	0.6626895070075989	ambig_opp_strand	unspliced	22928	12	ENST00000426088.5	PRUNE2	ENSG00000106772.19	mrna
A00839:75:H7MFFDSXY:3:1554:21404:35117	chr9	76703392	76703554	True	-198	68M15D80M2S	255	16	3	0.22114337980747223	ambig_opp_strand	unspliced	22928	12	ENST00000426088.5	PRUNE2	ENSG00000106772.19	mrna
A00839:75:H7MFFDSXY:3:2170:23113:24580	chr9	76709110	76709237	False	435	128M21S	255	4	3	0.18821947276592255	ambig_opp_strand	unspliced	22928	19	ENST00000428286.5	PRUNE2	ENSG00000106772.19	mrna
A00839:75:H7MFFDSXY:3:1677:19786:34381	chr9	76705683	76705832	True	-326	150M	255	1	25	0.9126690626144409	ambig_opp_strand	unspliced	22928	19	RIGEL_NRNA_chr9_1_76704847_76710661		RIGEL_NRNA_chr9_1_76704847_76710661	nrna
A00839:75:H7MFFDSXY:3:2562:22318:14058	chr9	76708154	76708303	True	-156	150M	255	0	25	0.9558104872703552	ambig_opp_strand	unspliced	22928	19	RIGEL_NRNA_chr9_1_76704847_76710661		RIGEL_NRNA_chr9_1_76704847_76710661	nrna
A00839:75:H7MFFDSXY:3:1123:32280:33724	chr9	76707340	76707489	False	245	150M	255	0	3	0.6876381039619446	ambig_opp_strand	unspliced	22928	19	ENST00000426088.5	PRUNE2	ENSG00000106772.19	mrna
A00839:75:H7MFFDSXY:3:1624:17770:30076	chr9	76705448	76705597	False	357	150M	255	0	3	0.6766101121902466	ambig_opp_strand	unspliced	22928	19	ENST00000426088.5	PRUNE2	ENSG00000106772.19	mrna
A00839:75:H7MFFDSXY:3:2220:14235:29496	chr9	76705102	76705251	True	-352	150M	255	0	25	0.7787288427352905	ambig_opp_strand	unspliced	22928	22	RIGEL_NRNA_chr9_1_76704847_76710661		RIGEL_NRNA_chr9_1_76704847_76710661	nrna
A00839:75:H7MFFDSXY:3:2273:13349:28682	chr9	76709220	76709365	True	-352	4S146M	255	2	25	0.8140949010848999	ambig_opp_strand	unspliced	22928	19	RIGEL_NRNA_chr9_1_76704847_76710661		RIGEL_NRNA_chr9_1_76704847_76710661	nrna
A00839:75:H7MFFDSXY:3:2631:24795:2503	chr9	76706391	76706540	False	243	150M	255	0	3	0.6876435875892639	ambig_opp_strand	unspliced	22928	19	ENST00000426088.5	PRUNE2	ENSG00000106772.19	mrna
A00839:75:H7MFFDSXY:3:1244:19741:4867	chr9	76709299	76709448	False	376	150M	255	0	3	0.655756413936615	ambig_opp_strand	unspliced	22928	19	ENST00000426088.5	PRUNE2	ENSG00000106772.19	mrna
A00839:75:H7MFFDSXY:3:2407:24325:5603	chr9	76707359	76707508	False	373	150M	255	0	3	0.6603348851203918	ambig_opp_strand	unspliced	22928	19	ENST00000426088.5	PRUNE2	ENSG00000106772.19	mrna
A00839:75:H7MFFDSXY:3:1408:14000:3568	chr9	76706768	76706917	False	407	150M	255	0	3	0.18686026334762573	ambig_opp_strand	unspliced	22928	19	ENST00000428286.5	PRUNE2	ENSG00000106772.19	mrna
A00839:75:H7MFFDSXY:3:2259:12771:4225	chr9	76705326	76705475	False	322	150M	255	0	3	0.20454120635986328	ambig_opp_strand	unspliced	22928	19	ENST00000428286.5	PRUNE2	ENSG00000106772.19	mrna
A00839:75:H7MFFDSXY:3:2447:25138:4038	chr9	76703873	76703975	True	-103	103M	255	0	5	0.8358888626098633	ambig_opp_strand	unspliced	-1	12	.	.	.	mrna
A00839:75:H7MFFDSXY:3:1658:1832:33755	chr9	76709831	76709980	True	-324	150M	255	1	25	0.9173480868339539	ambig_opp_strand	unspliced	22928	19	RIGEL_NRNA_chr9_1_76704847_76710661		RIGEL_NRNA_chr9_1_76704847_76710661	nrna
A00839:75:H7MFFDSXY:3:2141:32479:15687	chr9	76705966	76706115	True	-355	150M	255	0	25	0.7929695248603821	ambig_opp_strand	unspliced	22928	19	RIGEL_NRNA_chr9_1_76704847_76710661		RIGEL_NRNA_chr9_1_76704847_76710661	nrna
A00839:75:H7MFFDSXY:3:1119:25690:35775	chr9	76706727	76706876	True	-165	150M	255	0	5	0.019466981291770935	ambig_opp_strand	unspliced	-1	19	.	.	.	mrna
A00839:75:H7MFFDSXY:3:1455:6533:5541	chr9	76707530	76707679	False	304	150M	255	0	3	0.6864429712295532	ambig_opp_strand	unspliced	22928	19	ENST00000426088.5	PRUNE2	ENSG00000106772.19	mrna
A00839:75:H7MFFDSXY:3:1657:16062:15718	chr9	76705676	76705825	True	-293	150M	255	1	25	0.9507495760917664	ambig_opp_strand	unspliced	22928	19	RIGEL_NRNA_chr9_1_76704847_76710661		RIGEL_NRNA_chr9_1_76704847_76710661	nrna
A00839:75:H7MFFDSXY:3:1547:5981:23062	chr9	76703475	76703599	False	436	25S125M	255	1	3	0.6272333264350891	ambig_opp_strand	unspliced	22928	12	ENST00000426088.5	PRUNE2	ENSG00000106772.19	mrna
A00839:75:H7MFFDSXY:3:2648:8513:19742	chr9	76704996	76705145	False	264	150M	255	0	3	0.6874510645866394	ambig_opp_strand	unspliced	22928	22	ENST00000426088.5	PRUNE2	ENSG00000106772.19	mrna
A00839:75:H7MFFDSXY:3:1132:8874:10629	chr9	76708812	76708961	False	231	150M	255	0	3	0.6876792907714844	ambig_opp_strand	unspliced	22928	19	ENST00000426088.5	PRUNE2	ENSG00000106772.19	mrna
A00839:75:H7MFFDSXY:3:2314:6659:28933	chr9	76709179	76709316	False	241	59M12I79M	255	13	3	0.6876555681228638	ambig_opp_strand	unspliced	22928	19	ENST00000426088.5	PRUNE2	ENSG00000106772.19	mrna
A00839:75:H7MFFDSXY:3:2130:12952:21856	chr9	76703240	76703389	False	521	150M	255	0	5	0.9986463189125061	ambig_opp_strand	unspliced	-1	12	.	.	.	mrna
A00839:75:H7MFFDSXY:3:2273:23321:28541	chr9	76705006	76705119	False	114	114M	255	0	3	0.20380344986915588	ambig_opp_strand	unspliced	22928	22	ENST00000428286.5	PRUNE2	ENSG00000106772.19	mrna
A00839:75:H7MFFDSXY:3:2270:30192:17801	chr9	76707508	76707657	False	346	150M	255	0	3	0.6810927987098694	ambig_opp_strand	unspliced	22928	19	ENST00000426088.5	PRUNE2	ENSG00000106772.19	mrna
A00839:75:H7MFFDSXY:3:2650:24216:5509	chr9	76706018	76706167	True	-202	150M	255	0	25	0.966254472732544	ambig_opp_strand	unspliced	22928	19	RIGEL_NRNA_chr9_1_76704847_76710661		RIGEL_NRNA_chr9_1_76704847_76710661	nrna
A00839:75:H7MFFDSXY:3:2444:15501:3443	chr9	76703836	76703985	True	-316	150M	255	0	5	0.7237403392791748	ambig_opp_strand	unspliced	-1	12	.	.	.	mrna
A00839:75:H7MFFDSXY:3:1624:6126:22936	chr9	76704682	76704831	False	435	150M	255	0	5	0.9983383417129517	ambig_opp_strand	unspliced	-1	12	.	.	.	mrna
A00839:75:H7MFFDSXY:3:1622:21612:12774	chr9	76705335	76705484	True	-389	150M	255	0	5	0.5912739634513855	ambig_opp_strand	unspliced	-1	26	.	.	.	mrna
A00839:75:H7MFFDSXY:3:1344:4887:1282	chr9	76707374	76707523	True	-474	150M	255	0	5	0.6072347164154053	ambig_opp_strand	unspliced	-1	19	.	.	.	mrna
A00839:75:H7MFFDSXY:3:1350:13566:7513	chr9	76705729	76705878	False	190	150M	255	0	3	0.6876129508018494	ambig_opp_strand	unspliced	22928	19	ENST00000426088.5	PRUNE2	ENSG00000106772.19	mrna
A00839:75:H7MFFDSXY:3:2110:15537:30029	chr9	76703818	76703967	False	187	150M	255	1	3	0.6876327395439148	ambig_opp_strand	unspliced	22928	12	ENST00000426088.5	PRUNE2	ENSG00000106772.19	mrna
A00839:75:H7MFFDSXY:3:1372:21233:13119	chr9	76706312	76706461	False	341	150M	255	1	3	0.20369181036949158	ambig_opp_strand	unspliced	22928	19	ENST00000428286.5	PRUNE2	ENSG00000106772.19	mrna
A00839:75:H7MFFDSXY:3:2612:30337:13103	chr9	76706554	76706703	True	-369	150M	255	0	25	0.6614436507225037	ambig_opp_strand	unspliced	22928	19	RIGEL_NRNA_chr9_1_76704847_76710661		RIGEL_NRNA_chr9_1_76704847_76710661	nrna
A00839:75:H7MFFDSXY:3:2347:28411:26616	chr9	76706161	76706310	True	-262	150M	255	0	25	0.9623994827270508	ambig_opp_strand	unspliced	22928	19	RIGEL_NRNA_chr9_1_76704847_76710661		RIGEL_NRNA_chr9_1_76704847_76710661	nrna
A00839:75:H7MFFDSXY:3:2305:5502:19758	chr9	76709915	76710064	False	285	150M	255	0	3	0.6870914697647095	ambig_opp_strand	unspliced	22928	19	ENST00000426088.5	PRUNE2	ENSG00000106772.19	mrna
A00839:75:H7MFFDSXY:3:1235:18439:18364	chr9	76706509	76706658	True	-363	150M	255	2	25	0.7309319376945496	ambig_opp_strand	unspliced	22928	19	RIGEL_NRNA_chr9_1_76704847_76710661		RIGEL_NRNA_chr9_1_76704847_76710661	nrna
A00839:75:H7MFFDSXY:3:2555:2989:2503	chr9	76707071	76707220	False	203	150M	255	1	3	0.6876695156097412	ambig_opp_strand	unspliced	22928	19	ENST00000426088.5	PRUNE2	ENSG00000106772.19	mrna
A00839:75:H7MFFDSXY:3:2424:8558:6480	chr9	76706793	76706942	False	381	150M	255	0	3	0.6467316150665283	ambig_opp_strand	unspliced	22928	19	ENST00000426088.5	PRUNE2	ENSG00000106772.19	mrna
A00839:75:H7MFFDSXY:3:1254:23294:18944	chr9	76706188	76706337	False	324	150M	255	0	3	0.6851239204406738	ambig_opp_strand	unspliced	22928	19	ENST00000426088.5	PRUNE2	ENSG00000106772.19	mrna
A00839:75:H7MFFDSXY:3:1424:17228:28009	chr9	76705023	76705172	False	298	150M	255	0	3	0.2049722820520401	ambig_opp_strand	unspliced	22928	22	ENST00000428286.5	PRUNE2	ENSG00000106772.19	mrna
A00839:75:H7MFFDSXY:3:2665:15076:31986	chr9	76705586	76705735	True	-181	150M	255	1	25	0.9636655449867249	ambig_opp_strand	unspliced	22928	19	RIGEL_NRNA_chr9_1_76704847_76710661		RIGEL_NRNA_chr9_1_76704847_76710661	nrna
A00839:75:H7MFFDSXY:3:1466:10583:19758	chr9	76705235	76705384	False	178	150M	255	0	3	0.10263542085886002	ambig_opp_strand	unspliced	22928	26	ENST00000376718.8	PRUNE2	ENSG00000106772.19	mrna
A00839:75:H7MFFDSXY:3:1168:1018:7357	chr9	76707495	76707644	True	-350	150M	255	0	25	0.8259350061416626	ambig_opp_strand	unspliced	22928	19	RIGEL_NRNA_chr9_1_76704847_76710661		RIGEL_NRNA_chr9_1_76704847_76710661	nrna
A00839:75:H7MFFDSXY:3:1106:16523:33395	chr9	76707281	76707430	False	331	150M	255	0	3	0.6843298673629761	ambig_opp_strand	unspliced	22928	19	ENST00000426088.5	PRUNE2	ENSG00000106772.19	mrna
A00839:75:H7MFFDSXY:3:2360:10366:32534	chr9	76707047	76707196	True	-206	150M	255	1	25	0.9664841890335083	ambig_opp_strand	unspliced	22928	19	RIGEL_NRNA_chr9_1_76704847_76710661		RIGEL_NRNA_chr9_1_76704847_76710661	nrna
A00839:75:H7MFFDSXY:3:2454:23357:30796	chr9	76705339	76705488	False	467	150M	255	0	3	0.6179158687591553	ambig_opp_strand	unspliced	22928	19	ENST00000426088.5	PRUNE2	ENSG00000106772.19	mrna
A00839:75:H7MFFDSXY:3:1326:3369:33692	chr9	76705009	76705158	False	334	150M	255	0	3	0.6839121580123901	ambig_opp_strand	unspliced	22928	22	ENST00000426088.5	PRUNE2	ENSG00000106772.19	mrna
A00839:75:H7MFFDSXY:3:1647:14326:35227	chr9	76708690	76708839	True	-281	150M	255	1	5	0.023358173668384552	ambig_opp_strand	unspliced	-1	19	.	.	.	mrna
A00839:75:H7MFFDSXY:3:2359:29152:31688	chr9	76705143	76705292	False	385	150M	255	0	3	0.6345953941345215	ambig_opp_strand	unspliced	22928	26	ENST00000426088.5	PRUNE2	ENSG00000106772.19	mrna
A00839:75:H7MFFDSXY:3:1576:26377:15734	chr9	76706974	76707123	False	273	150M	255	0	3	0.1026054248213768	ambig_opp_strand	unspliced	22928	19	ENST00000376718.8	PRUNE2	ENSG00000106772.19	mrna
A00839:75:H7MFFDSXY:3:1234:31928:3552	chr9	76703569	76703718	True	-474	150M	255	0	5	0.9937718510627747	ambig_opp_strand	unspliced	-1	12	.	.	.	mrna
A00839:75:H7MFFDSXY:3:1227:7636:4413	chr9	76706518	76706667	False	255	150M	255	0	3	0.687551736831665	ambig_opp_strand	unspliced	22928	19	ENST00000426088.5	PRUNE2	ENSG00000106772.19	mrna
A00839:75:H7MFFDSXY:3:1260:11641:36057	chr9	76708493	76708642	True	-201	150M	255	0	25	0.9661571979522705	ambig_opp_strand	unspliced	22928	19	RIGEL_NRNA_chr9_1_76704847_76710661		RIGEL_NRNA_chr9_1_76704847_76710661	nrna
A00839:75:H7MFFDSXY:3:2170:29984:18850	chr9	76703034	76703181	False	299	82M2I66M	255	2	5	0.9371815323829651	ambig_opp_strand	unspliced	-1	9	.	.	.	mrna
A00839:75:H7MFFDSXY:3:1312:9399:36182	chr9	76705342	76705491	False	373	150M	255	0	5	0.04062160104513168	ambig_opp_strand	unspliced	-1	19	.	.	.	mrna
A00839:75:H7MFFDSXY:3:1408:21929:6934	chr9	76705587	76705736	True	-396	150M	255	1	25	0.38197195529937744	ambig_opp_strand	unspliced	22928	19	RIGEL_NRNA_chr9_1_76704847_76710661		RIGEL_NRNA_chr9_1_76704847_76710661	nrna
A00839:75:H7MFFDSXY:3:2325:19180:23531	chr9	76708992	76709141	True	-338	150M	255	0	25	0.883220911026001	ambig_opp_strand	unspliced	22928	19	RIGEL_NRNA_chr9_1_76704847_76710661		RIGEL_NRNA_chr9_1_76704847_76710661	nrna
A00839:75:H7MFFDSXY:3:2217:30798:9267	chr9	76706676	76706825	True	-204	150M	255	0	25	0.9665318727493286	ambig_opp_strand	unspliced	22928	19	RIGEL_NRNA_chr9_1_76704847_76710661		RIGEL_NRNA_chr9_1_76704847_76710661	nrna
A00839:75:H7MFFDSXY:3:1531:2899:34162	chr9	76709600	76709749	True	-260	150M	255	0	25	0.9628530740737915	ambig_opp_strand	unspliced	22928	19	RIGEL_NRNA_chr9_1_76704847_76710661		RIGEL_NRNA_chr9_1_76704847_76710661	nrna
A00839:75:H7MFFDSXY:3:1223:2383:11663	chr9	76703650	76703799	True	-437	150M	255	1	5	0.987259030342102	ambig_opp_strand	unspliced	-1	12	.	.	.	mrna
A00839:75:H7MFFDSXY:3:1517:29134:24893	chr9	76708549	76708698	False	349	150M	255	0	3	0.6798491477966309	ambig_opp_strand	unspliced	22928	19	ENST00000426088.5	PRUNE2	ENSG00000106772.19	mrna
A00839:75:H7MFFDSXY:3:1465:30942:31187	chr9	76708437	76708586	True	-243	150M	255	0	25	0.9657849073410034	ambig_opp_strand	unspliced	22928	19	RIGEL_NRNA_chr9_1_76704847_76710661		RIGEL_NRNA_chr9_1_76704847_76710661	nrna
A00839:75:H7MFFDSXY:3:1629:19560:8375	chr9	76707209	76707358	True	-228	150M	255	0	25	0.9666654467582703	ambig_opp_strand	unspliced	22928	19	RIGEL_NRNA_chr9_1_76704847_76710661		RIGEL_NRNA_chr9_1_76704847_76710661	nrna
A00839:75:H7MFFDSXY:3:1273:20292:26365	chr9	76705354	76705503	True	-316	150M	255	0	25	0.8773572444915771	ambig_opp_strand	unspliced	22928	26	RIGEL_NRNA_chr9_1_76704847_76710661		RIGEL_NRNA_chr9_1_76704847_76710661	nrna
A00839:75:H7MFFDSXY:3:2376:11198:2879	chr9	76709095	76709237	False	333	143M7S	255	0	3	0.6839911937713623	ambig_opp_strand	unspliced	22928	19	ENST00000426088.5	PRUNE2	ENSG00000106772.19	mrna
A00839:75:H7MFFDSXY:3:1430:30933:19836	chr9	76706997	76707146	False	187	150M	255	0	3	0.6875979900360107	ambig_opp_strand	unspliced	22928	19	ENST00000426088.5	PRUNE2	ENSG00000106772.19	mrna
A00839:75:H7MFFDSXY:3:1542:8531:6746	chr9	76705269	76705418	False	237	150M	255	0	3	0.6876653432846069	ambig_opp_strand	unspliced	22928	26	ENST00000426088.5	PRUNE2	ENSG00000106772.19	mrna
A00839:75:H7MFFDSXY:3:2118:13621:18192	chr9	76703887	76704036	True	-179	150M	255	1	5	0.43988659977912903	ambig_opp_strand	unspliced	-1	12	.	.	.	mrna
A00839:75:H7MFFDSXY:3:1559:15682:32878	chr9	76707136	76707285	True	-439	150M	255	1	25	0.3782549500465393	ambig_opp_strand	unspliced	22928	19	RIGEL_NRNA_chr9_1_76704847_76710661		RIGEL_NRNA_chr9_1_76704847_76710661	nrna
A00839:75:H7MFFDSXY:3:2374:15266:29434	chr9	76708336	76708485	False	353	150M	255	0	3	0.6781991124153137	ambig_opp_strand	unspliced	22928	19	ENST00000426088.5	PRUNE2	ENSG00000106772.19	mrna
A00839:75:H7MFFDSXY:3:1567:21359:8609	chr9	76705968	76706117	False	412	150M	255	0	3	0.6235743761062622	ambig_opp_strand	unspliced	22928	19	ENST00000426088.5	PRUNE2	ENSG00000106772.19	mrna
A00839:75:H7MFFDSXY:3:2632:2899:22764	chr9	76703404	76703568	True	-299	56M15D94M	255	16	5	0.779614269733429	ambig_opp_strand	unspliced	-1	12	.	.	.	mrna
A00839:75:H7MFFDSXY:3:1552:17146:6355	chr9	76705816	76705965	True	-201	150M	255	0	25	0.9661571979522705	ambig_opp_strand	unspliced	22928	19	RIGEL_NRNA_chr9_1_76704847_76710661		RIGEL_NRNA_chr9_1_76704847_76710661	nrna
A00839:75:H7MFFDSXY:3:1551:32407:30311	chr9	76708997	76709146	False	299	150M	255	0	3	0.6866758465766907	ambig_opp_strand	unspliced	22928	19	ENST00000426088.5	PRUNE2	ENSG00000106772.19	mrna
A00839:75:H7MFFDSXY:3:1139:24487:11021	chr9	76703926	76704075	True	-480	150M	255	1	5	0.9892834424972534	ambig_opp_strand	unspliced	-1	12	.	.	.	mrna
A00839:75:H7MFFDSXY:3:2360:24903:11177	chr9	76708323	76708472	True	-156	150M	255	0	25	0.9558104872703552	ambig_opp_strand	unspliced	22928	19	RIGEL_NRNA_chr9_1_76704847_76710661		RIGEL_NRNA_chr9_1_76704847_76710661	nrna
A00839:75:H7MFFDSXY:3:1213:30282:17863	chr9	76706738	76706887	True	-225	150M	255	0	25	0.9668821096420288	ambig_opp_strand	unspliced	22928	19	RIGEL_NRNA_chr9_1_76704847_76710661		RIGEL_NRNA_chr9_1_76704847_76710661	nrna
A00839:75:H7MFFDSXY:3:2163:29559:10347	chr9	76709507	76709656	True	-238	150M	255	0	25	0.9663636684417725	ambig_opp_strand	unspliced	22928	19	RIGEL_NRNA_chr9_1_76704847_76710661		RIGEL_NRNA_chr9_1_76704847_76710661	nrna
A00839:75:H7MFFDSXY:3:1202:32542:17989	chr9	76708996	76709145	True	-295	150M	255	1	25	0.9492495656013489	ambig_opp_strand	unspliced	22928	19	RIGEL_NRNA_chr9_1_76704847_76710661		RIGEL_NRNA_chr9_1_76704847_76710661	nrna
A00839:75:H7MFFDSXY:3:2259:26295:1157	chr9	76709961	76710110	False	315	150M	255	0	3	0.6518629789352417	ambig_opp_strand	unspliced	22928	17	ENST00000428286.5	PRUNE2	ENSG00000106772.19	mrna
A00839:75:H7MFFDSXY:3:1107:9986:26553	chr9	76709094	76709237	True	-288	144M6S	255	0	25	0.9536059498786926	ambig_opp_strand	unspliced	22928	19	RIGEL_NRNA_chr9_1_76704847_76710661		RIGEL_NRNA_chr9_1_76704847_76710661	nrna
A00839:75:H7MFFDSXY:3:1437:1994:14747	chr9	76708735	76708884	False	395	150M	255	0	5	0.09625133126974106	ambig_opp_strand	unspliced	-1	19	.	.	.	mrna
A00839:75:H7MFFDSXY:3:1212:16233:20337	chr9	76703260	76703409	False	307	150M	255	0	5	0.9504944086074829	ambig_opp_strand	unspliced	-1	12	.	.	.	mrna
A00839:75:H7MFFDSXY:3:1649:14416:14027	chr9	76703802	76703951	False	263	150M	255	0	3	0.20520982146263123	ambig_opp_strand	unspliced	22928	12	ENST00000428286.5	PRUNE2	ENSG00000106772.19	mrna
A00839:75:H7MFFDSXY:3:1633:23782:36166	chr9	76706409	76706558	False	171	150M	255	0	3	0.20519015192985535	ambig_opp_strand	unspliced	22928	19	ENST00000428286.5	PRUNE2	ENSG00000106772.19	mrna
A00839:75:H7MFFDSXY:3:2576:27516:21715	chr9	76703816	76703965	True	-203	150M	255	0	25	0.2786608338356018	ambig_opp_strand	unspliced	22928	12	RIGEL_NRNA_chr9_1_76700179_76740086		RIGEL_NRNA_chr9_1_76700179_76740086	nrna
A00839:75:H7MFFDSXY:3:2430:9191:9048	chr9	76705157	76705306	False	387	150M	255	0	3	0.6322387456893921	ambig_opp_strand	unspliced	22928	26	ENST00000426088.5	PRUNE2	ENSG00000106772.19	mrna
A00839:75:H7MFFDSXY:3:1237:20383:31814	chr9	76707184	76707333	True	-274	150M	255	0	25	0.9587619304656982	ambig_opp_strand	unspliced	22928	19	RIGEL_NRNA_chr9_1_76704847_76710661		RIGEL_NRNA_chr9_1_76704847_76710661	nrna
A00839:75:H7MFFDSXY:3:2278:11695:1673	chr9	76708285	76708434	True	-294	150M	255	0	5	0.02971448190510273	ambig_opp_strand	unspliced	-1	19	.	.	.	mrna
A00839:75:H7MFFDSXY:3:1237:25997:9565	chr9	76707242	76707391	True	-204	150M	255	0	25	0.9665318727493286	ambig_opp_strand	unspliced	22928	19	RIGEL_NRNA_chr9_1_76704847_76710661		RIGEL_NRNA_chr9_1_76704847_76710661	nrna
A00839:75:H7MFFDSXY:3:1569:32922:12633	chr9	76705303	76705452	False	260	150M	255	0	3	0.10263162106275558	ambig_opp_strand	unspliced	22928	19	ENST00000376718.8	PRUNE2	ENSG00000106772.19	mrna
A00839:75:H7MFFDSXY:3:2620:31503:3161	chr9	76705406	76705555	True	-337	150M	255	0	25	0.8379049897193909	ambig_opp_strand	unspliced	22928	26	RIGEL_NRNA_chr9_1_76704847_76710661		RIGEL_NRNA_chr9_1_76704847_76710661	nrna
A00839:75:H7MFFDSXY:3:2219:1371:1360	chr9	76709220	76709365	True	-146	4S146M	255	1	25	0.9478223323822021	ambig_opp_strand	unspliced	22928	19	RIGEL_NRNA_chr9_1_76704847_76710661		RIGEL_NRNA_chr9_1_76704847_76710661	nrna
A00839:75:H7MFFDSXY:3:2443:21468:14904	chr9	76705807	76705956	True	-383	150M	255	0	5	0.5260846614837646	ambig_opp_strand	unspliced	-1	19	.	.	.	mrna
A00839:75:H7MFFDSXY:3:1472:29866:15953	chr9	76708354	76708503	True	-352	150M	255	0	5	0.16850869357585907	ambig_opp_strand	unspliced	-1	19	.	.	.	mrna
A00839:75:H7MFFDSXY:3:2223:11659:1736	chr9	76706059	76706208	False	202	150M	255	0	3	0.6876668930053711	ambig_opp_strand	unspliced	22928	19	ENST00000426088.5	PRUNE2	ENSG00000106772.19	mrna
A00839:75:H7MFFDSXY:3:1528:11794:30812	chr9	76706286	76706435	True	-305	150M	255	1	25	0.9414352774620056	ambig_opp_strand	unspliced	22928	19	RIGEL_NRNA_chr9_1_76704847_76710661		RIGEL_NRNA_chr9_1_76704847_76710661	nrna
A00839:75:H7MFFDSXY:3:1602:27697:5713	chr9	76709578	76709727	False	256	150M	255	0	3	0.6875466108322144	ambig_opp_strand	unspliced	22928	19	ENST00000426088.5	PRUNE2	ENSG00000106772.19	mrna
A00839:75:H7MFFDSXY:3:1324:25409:27430	chr9	76703824	76703973	False	261	150M	255	0	3	0.6875289678573608	ambig_opp_strand	unspliced	22928	12	ENST00000426088.5	PRUNE2	ENSG00000106772.19	mrna
A00839:75:H7MFFDSXY:3:2475:19235:28228	chr9	76705817	76705966	True	-189	150M	255	0	25	0.9651983380317688	ambig_opp_strand	unspliced	22928	19	RIGEL_NRNA_chr9_1_76704847_76710661		RIGEL_NRNA_chr9_1_76704847_76710661	nrna
A00839:75:H7MFFDSXY:3:2410:29152:12399	chr9	76708315	76708464	False	169	150M	255	0	3	0.20518258213996887	ambig_opp_strand	unspliced	22928	19	ENST00000428286.5	PRUNE2	ENSG00000106772.19	mrna
A00839:75:H7MFFDSXY:3:2239:9498:34976	chr9	76703771	76703920	True	-290	150M	255	0	5	0.5791803598403931	ambig_opp_strand	unspliced	-1	12	.	.	.	mrna
A00839:75:H7MFFDSXY:3:2139:16351:28494	chr9	76708674	76708823	False	320	150M	255	3	3	0.20459304749965668	ambig_opp_strand	unspliced	22928	19	ENST00000428286.5	PRUNE2	ENSG00000106772.19	mrna
A00839:75:H7MFFDSXY:3:1642:23963:28557	chr9	76706181	76706330	False	314	150M	255	0	3	0.2047189176082611	ambig_opp_strand	unspliced	22928	19	ENST00000428286.5	PRUNE2	ENSG00000106772.19	mrna
A00839:75:H7MFFDSXY:3:1404:13169:10802	chr9	76708712	76708861	True	-220	150M	255	0	25	0.9668225646018982	ambig_opp_strand	unspliced	22928	19	RIGEL_NRNA_chr9_1_76704847_76710661		RIGEL_NRNA_chr9_1_76704847_76710661	nrna
A00839:75:H7MFFDSXY:3:1335:20338:36182	chr9	76706306	76706455	True	-414	150M	255	1	5	0.6161683201789856	ambig_opp_strand	unspliced	-1	19	.	.	.	mrna
A00839:75:H7MFFDSXY:3:1477:21305:23202	chr9	76705024	76705173	False	216	150M	255	0	3	0.6876958608627319	ambig_opp_strand	unspliced	22928	22	ENST00000426088.5	PRUNE2	ENSG00000106772.19	mrna
A00839:75:H7MFFDSXY:3:2412:5710:20870	chr9	76705692	76705841	True	-384	150M	255	1	25	0.464115709066391	ambig_opp_strand	unspliced	22928	19	RIGEL_NRNA_chr9_1_76704847_76710661		RIGEL_NRNA_chr9_1_76704847_76710661	nrna
A00839:75:H7MFFDSXY:3:2359:10149:10175	chr9	76705745	76705894	False	206	150M	255	0	3	0.6876782774925232	ambig_opp_strand	unspliced	22928	19	ENST00000426088.5	PRUNE2	ENSG00000106772.19	mrna
A00839:75:H7MFFDSXY:3:1133:20880:24345	chr9	76706595	76706744	True	-232	150M	255	0	25	0.9666115045547485	ambig_opp_strand	unspliced	22928	19	RIGEL_NRNA_chr9_1_76704847_76710661		RIGEL_NRNA_chr9_1_76704847_76710661	nrna
A00839:75:H7MFFDSXY:3:1674:2437:36432	chr9	76705824	76705973	True	-408	150M	255	0	5	0.6182473301887512	ambig_opp_strand	unspliced	-1	19	.	.	.	mrna
A00839:75:H7MFFDSXY:3:2434:15293:11381	chr9	76706855	76707004	True	-357	150M	255	1	25	0.7825691103935242	ambig_opp_strand	unspliced	22928	19	RIGEL_NRNA_chr9_1_76704847_76710661		RIGEL_NRNA_chr9_1_76704847_76710661	nrna
A00839:75:H7MFFDSXY:3:2644:7202:36104	chr9	76708409	76708558	False	411	150M	255	0	3	0.6142140626907349	ambig_opp_strand	unspliced	22928	19	ENST00000426088.5	PRUNE2	ENSG00000106772.19	mrna
A00839:75:H7MFFDSXY:3:2114:4969:28134	chr9	76707882	76708031	False	285	150M	255	1	3	0.10257095843553543	ambig_opp_strand	unspliced	22928	19	ENST00000376718.8	PRUNE2	ENSG00000106772.19	mrna
A00839:75:H7MFFDSXY:3:1467:32136:9518	chr9	76706010	76706159	False	316	150M	255	0	3	0.6857483386993408	ambig_opp_strand	unspliced	22928	19	ENST00000426088.5	PRUNE2	ENSG00000106772.19	mrna
A00839:75:H7MFFDSXY:3:2476:30951:23030	chr9	76706134	76706283	True	-381	150M	255	0	25	0.5061178803443909	ambig_opp_strand	unspliced	22928	19	RIGEL_NRNA_chr9_1_76704847_76710661		RIGEL_NRNA_chr9_1_76704847_76710661	nrna
A00839:75:H7MFFDSXY:3:1218:2148:8375	chr9	76708680	76708829	True	-390	150M	255	0	5	0.571319580078125	ambig_opp_strand	unspliced	-1	19	.	.	.	mrna
A00839:75:H7MFFDSXY:3:2351:23520:4961	chr9	76703590	76703739	False	242	150M	255	0	3	0.6876893043518066	ambig_opp_strand	unspliced	22928	12	ENST00000426088.5	PRUNE2	ENSG00000106772.19	mrna
A00839:75:H7MFFDSXY:3:1452:25554:8766	chr9	76703383	76703534	True	-152	77M15D60M	255	16	25	0.1991237848997116	ambig_opp_strand	unspliced	22928	12	RIGEL_NRNA_chr9_1_76700179_76740086		RIGEL_NRNA_chr9_1_76700179_76740086	nrna
A00839:75:H7MFFDSXY:3:2526:29215:26631	chr9	76706742	76706891	False	282	150M	255	0	3	0.20510336756706238	ambig_opp_strand	unspliced	22928	19	ENST00000428286.5	PRUNE2	ENSG00000106772.19	mrna
A00839:75:H7MFFDSXY:3:1202:2844:17942	chr9	76705955	76706104	False	293	150M	255	0	3	0.6868870258331299	ambig_opp_strand	unspliced	22928	19	ENST00000426088.5	PRUNE2	ENSG00000106772.19	mrna
A00839:75:H7MFFDSXY:3:1414:12310:17926	chr9	76705890	76706039	True	-253	150M	255	0	25	0.9644434452056885	ambig_opp_strand	unspliced	22928	19	RIGEL_NRNA_chr9_1_76704847_76710661		RIGEL_NRNA_chr9_1_76704847_76710661	nrna
A00839:75:H7MFFDSXY:3:2308:6370:34381	chr9	76705627	76705776	False	285	150M	255	1	3	0.20508652925491333	ambig_opp_strand	unspliced	22928	19	ENST00000428286.5	PRUNE2	ENSG00000106772.19	mrna
A00839:75:H7MFFDSXY:3:2448:9489:23406	chr9	76707474	76707623	True	-265	150M	255	1	25	0.9614701867103577	ambig_opp_strand	unspliced	22928	19	RIGEL_NRNA_chr9_1_76704847_76710661		RIGEL_NRNA_chr9_1_76704847_76710661	nrna
A00839:75:H7MFFDSXY:3:1621:17788:27946	chr9	76706926	76707075	True	-400	150M	255	1	5	0.592392086982727	ambig_opp_strand	unspliced	-1	19	.	.	.	mrna
A00839:75:H7MFFDSXY:3:1204:20030:28354	chr9	76705299	76705412	True	-114	114M	255	0	25	0.830378532409668	ambig_opp_strand	unspliced	22928	26	RIGEL_NRNA_chr9_1_76704847_76710661		RIGEL_NRNA_chr9_1_76704847_76710661	nrna
A00839:75:H7MFFDSXY:3:1526:12165:6245	chr9	76707267	76707416	False	283	150M	255	0	3	0.6871261596679688	ambig_opp_strand	unspliced	22928	19	ENST00000426088.5	PRUNE2	ENSG00000106772.19	mrna
A00839:75:H7MFFDSXY:3:1351:5014:9674	chr9	76707447	76707596	False	357	150M	255	0	3	0.6766101121902466	ambig_opp_strand	unspliced	22928	19	ENST00000426088.5	PRUNE2	ENSG00000106772.19	mrna
A00839:75:H7MFFDSXY:3:1573:31060:23625	chr9	76705257	76705406	True	-214	150M	255	0	25	0.9110324382781982	ambig_opp_strand	unspliced	22928	26	RIGEL_NRNA_chr9_1_76704847_76710661		RIGEL_NRNA_chr9_1_76704847_76710661	nrna
A00839:75:H7MFFDSXY:3:1523:23321:24251	chr9	76707084	76707233	False	230	150M	255	1	3	0.6876931190490723	ambig_opp_strand	unspliced	22928	19	ENST00000426088.5	PRUNE2	ENSG00000106772.19	mrna
A00839:75:H7MFFDSXY:3:2650:15790:34225	chr9	76706989	76707138	False	252	150M	255	0	3	0.6875958442687988	ambig_opp_strand	unspliced	22928	19	ENST00000426088.5	PRUNE2	ENSG00000106772.19	mrna
A00839:75:H7MFFDSXY:3:1408:30644:36119	chr9	76708676	76708825	False	471	150M	255	2	3	0.6228498816490173	ambig_opp_strand	unspliced	22928	19	ENST00000426088.5	PRUNE2	ENSG00000106772.19	mrna
A00839:75:H7MFFDSXY:3:1166:9245:34788	chr9	76706125	76706274	False	354	150M	255	0	3	0.6776471734046936	ambig_opp_strand	unspliced	22928	19	ENST00000426088.5	PRUNE2	ENSG00000106772.19	mrna
A00839:75:H7MFFDSXY:3:1256:32615:27696	chr9	76707170	76707319	False	221	150M	255	0	3	0.10266082733869553	ambig_opp_strand	unspliced	22928	19	ENST00000376718.8	PRUNE2	ENSG00000106772.19	mrna
A00839:75:H7MFFDSXY:3:2627:23918:11506	chr9	76705773	76705922	True	-271	150M	255	1	25	0.9598947763442993	ambig_opp_strand	unspliced	22928	19	RIGEL_NRNA_chr9_1_76704847_76710661		RIGEL_NRNA_chr9_1_76704847_76710661	nrna
A00839:75:H7MFFDSXY:3:1214:24623:2425	chr9	76708288	76708437	False	169	150M	255	0	3	0.6874132752418518	ambig_opp_strand	unspliced	22928	19	ENST00000426088.5	PRUNE2	ENSG00000106772.19	mrna
A00839:75:H7MFFDSXY:3:2562:22046:7827	chr9	76709676	76709824	True	-410	149M1S	255	0	5	0.5974539518356323	ambig_opp_strand	unspliced	-1	19	.	.	.	mrna
A00839:75:H7MFFDSXY:3:2562:18105:27524	chr9	76708194	76708343	False	229	150M	255	0	3	0.205263152718544	ambig_opp_strand	unspliced	22928	19	ENST00000428286.5	PRUNE2	ENSG00000106772.19	mrna
A00839:75:H7MFFDSXY:3:1270:21856:32017	chr9	76705407	76705556	True	-365	150M	255	0	5	0.25993043184280396	ambig_opp_strand	unspliced	-1	26	.	.	.	mrna
A00839:75:H7MFFDSXY:3:2123:20274:19758	chr9	76705858	76706007	False	254	150M	255	3	3	0.6875668168067932	ambig_opp_strand	unspliced	22928	19	ENST00000426088.5	PRUNE2	ENSG00000106772.19	mrna
A00839:75:H7MFFDSXY:3:1264:4951:21151	chr9	76709908	76710057	True	-293	150M	255	0	25	0.9507495760917664	ambig_opp_strand	unspliced	22928	19	RIGEL_NRNA_chr9_1_76704847_76710661		RIGEL_NRNA_chr9_1_76704847_76710661	nrna
A00839:75:H7MFFDSXY:3:1121:20220:7576	chr9	76706607	76706756	False	334	150M	255	0	3	0.683914065361023	ambig_opp_strand	unspliced	22928	19	ENST00000426088.5	PRUNE2	ENSG00000106772.19	mrna
A00839:75:H7MFFDSXY:3:2540:20853:3818	chr9	76705327	76705476	False	366	150M	255	1	3	0.09993967413902283	ambig_opp_strand	unspliced	22928	19	ENST00000376718.8	PRUNE2	ENSG00000106772.19	mrna
A00839:75:H7MFFDSXY:3:1514:6560:29543	chr9	76704860	76705007	False	312	148M2S	255	0	3	0.6859679222106934	ambig_opp_strand	unspliced	22928	22	ENST00000426088.5	PRUNE2	ENSG00000106772.19	mrna
A00839:75:H7MFFDSXY:3:2170:24062:25598	chr9	76708287	76708436	False	271	150M	255	0	3	0.2051636427640915	ambig_opp_strand	unspliced	22928	19	ENST00000428286.5	PRUNE2	ENSG00000106772.19	mrna
A00839:75:H7MFFDSXY:3:2302:32606:18568	chr9	76706208	76706357	True	-355	150M	255	0	25	0.7929695844650269	ambig_opp_strand	unspliced	22928	19	RIGEL_NRNA_chr9_1_76704847_76710661		RIGEL_NRNA_chr9_1_76704847_76710661	nrna
A00839:75:H7MFFDSXY:3:2506:18530:4617	chr9	76707236	76707385	False	219	150M	255	0	3	0.2052684724330902	ambig_opp_strand	unspliced	22928	19	ENST00000428286.5	PRUNE2	ENSG00000106772.19	mrna
A00839:75:H7MFFDSXY:3:1535:25581:12696	chr9	76706412	76706561	False	299	150M	255	0	3	0.20496247708797455	ambig_opp_strand	unspliced	22928	19	ENST00000428286.5	PRUNE2	ENSG00000106772.19	mrna
A00839:75:H7MFFDSXY:3:1216:16848:15796	chr9	76708897	76709046	True	-487	150M	255	0	25	0.43007734417915344	ambig_opp_strand	unspliced	22928	19	RIGEL_NRNA_chr9_1_76704847_76710661		RIGEL_NRNA_chr9_1_76704847_76710661	nrna
A00839:75:H7MFFDSXY:3:2206:8901:29590	chr9	76707955	76708104	True	-221	150M	255	1	25	0.9667903184890747	ambig_opp_strand	unspliced	22928	19	RIGEL_NRNA_chr9_1_76704847_76710661		RIGEL_NRNA_chr9_1_76704847_76710661	nrna
A00839:75:H7MFFDSXY:3:1252:20193:25723	chr9	76708422	76708571	True	-300	150M	255	0	25	0.9453703761100769	ambig_opp_strand	unspliced	22928	19	RIGEL_NRNA_chr9_1_76704847_76710661		RIGEL_NRNA_chr9_1_76704847_76710661	nrna
A00839:75:H7MFFDSXY:3:2167:25617:34992	chr9	76706049	76706190	False	142	142M	255	0	3	0.20492516458034515	ambig_opp_strand	unspliced	22928	19	ENST00000428286.5	PRUNE2	ENSG00000106772.19	mrna
A00839:75:H7MFFDSXY:3:1603:28646:17472	chr9	76705952	76706101	False	393	150M	255	0	3	0.09305306524038315	ambig_opp_strand	unspliced	22928	19	ENST00000376718.8	PRUNE2	ENSG00000106772.19	mrna
A00839:75:H7MFFDSXY:3:2635:31828:29183	chr9	76706960	76707109	True	-282	150M	255	0	25	0.9558839797973633	ambig_opp_strand	unspliced	22928	19	RIGEL_NRNA_chr9_1_76704847_76710661		RIGEL_NRNA_chr9_1_76704847_76710661	nrna
A00839:75:H7MFFDSXY:3:1647:32877:27586	chr9	76709792	76709941	False	255	150M	255	1	3	0.2052239179611206	ambig_opp_strand	unspliced	22928	19	ENST00000428286.5	PRUNE2	ENSG00000106772.19	mrna
A00839:75:H7MFFDSXY:3:1525:26467:26475	chr9	76709491	76709640	True	-223	150M	255	1	25	0.9669535160064697	ambig_opp_strand	unspliced	22928	19	RIGEL_NRNA_chr9_1_76704847_76710661		RIGEL_NRNA_chr9_1_76704847_76710661	nrna
A00839:75:H7MFFDSXY:3:1150:4797:27931	chr9	76708864	76709013	False	242	150M	255	0	3	0.6876545548439026	ambig_opp_strand	unspliced	22928	19	ENST00000426088.5	PRUNE2	ENSG00000106772.19	mrna
A00839:75:H7MFFDSXY:3:1238:2437:6120	chr9	76705725	76705873	False	180	1S149M	255	0	3	0.6875514388084412	ambig_opp_strand	unspliced	22928	19	ENST00000426088.5	PRUNE2	ENSG00000106772.19	mrna
A00839:75:H7MFFDSXY:3:2409:25916:26553	chr9	76708830	76708979	True	-190	150M	255	0	25	0.9651673436164856	ambig_opp_strand	unspliced	22928	19	RIGEL_NRNA_chr9_1_76704847_76710661		RIGEL_NRNA_chr9_1_76704847_76710661	nrna
A00839:75:H7MFFDSXY:3:2208:10728:22232	chr9	76705529	76705678	True	-374	150M	255	0	25	0.5906575322151184	ambig_opp_strand	unspliced	22928	19	RIGEL_NRNA_chr9_1_76704847_76710661		RIGEL_NRNA_chr9_1_76704847_76710661	nrna
A00839:75:H7MFFDSXY:3:1627:29613:1955	chr9	76708850	76708999	False	289	150M	255	0	3	0.6869972348213196	ambig_opp_strand	unspliced	22928	19	ENST00000426088.5	PRUNE2	ENSG00000106772.19	mrna
A00839:75:H7MFFDSXY:3:2253:25798:3396	chr9	76707263	76707412	False	368	150M	255	0	3	0.667674720287323	ambig_opp_strand	unspliced	22928	19	ENST00000426088.5	PRUNE2	ENSG00000106772.19	mrna
A00839:75:H7MFFDSXY:3:2238:8178:22889	chr9	76705116	76705265	True	-164	150M	255	0	25	0.9045919179916382	ambig_opp_strand	unspliced	22928	26	RIGEL_NRNA_chr9_1_76704847_76710661		RIGEL_NRNA_chr9_1_76704847_76710661	nrna
A00839:75:H7MFFDSXY:3:2277:19596:12477	chr9	76704947	76705096	True	-229	150M	255	0	25	0.9171300530433655	ambig_opp_strand	unspliced	22928	22	RIGEL_NRNA_chr9_1_76704847_76710661		RIGEL_NRNA_chr9_1_76704847_76710661	nrna
A00839:75:H7MFFDSXY:3:1137:17924:3912	chr9	76706050	76706196	True	-147	147M	255	0	25	0.9498512148857117	ambig_opp_strand	unspliced	22928	19	RIGEL_NRNA_chr9_1_76704847_76710661		RIGEL_NRNA_chr9_1_76704847_76710661	nrna
A00839:75:H7MFFDSXY:3:1328:25021:6997	chr9	76705822	76705971	True	-266	150M	255	0	25	0.9614627361297607	ambig_opp_strand	unspliced	22928	19	RIGEL_NRNA_chr9_1_76704847_76710661		RIGEL_NRNA_chr9_1_76704847_76710661	nrna
A00839:75:H7MFFDSXY:3:2104:3965:31970	chr9	76707795	76707944	False	402	150M	255	2	3	0.622519850730896	ambig_opp_strand	unspliced	22928	19	ENST00000426088.5	PRUNE2	ENSG00000106772.19	mrna
A00839:75:H7MFFDSXY:3:1457:14452:36354	chr9	76709221	76709370	True	-449	150M	255	1	25	0.403518944978714	ambig_opp_strand	unspliced	22928	19	RIGEL_NRNA_chr9_1_76704847_76710661		RIGEL_NRNA_chr9_1_76704847_76710661	nrna
A00839:75:H7MFFDSXY:3:1509:28474:35806	chr9	76708536	76708685	True	-258	150M	255	0	25	0.9633492827415466	ambig_opp_strand	unspliced	22928	19	RIGEL_NRNA_chr9_1_76704847_76710661		RIGEL_NRNA_chr9_1_76704847_76710661	nrna
A00839:75:H7MFFDSXY:3:1428:8205:34898	chr9	76708682	76708831	True	-408	150M	255	0	25	0.3737654685974121	ambig_opp_strand	unspliced	22928	19	RIGEL_NRNA_chr9_1_76704847_76710661		RIGEL_NRNA_chr9_1_76704847_76710661	nrna
A00839:75:H7MFFDSXY:3:1445:27796:21167	chr9	76707330	76707479	True	-284	150M	255	0	25	0.955115020275116	ambig_opp_strand	unspliced	22928	19	RIGEL_NRNA_chr9_1_76704847_76710661		RIGEL_NRNA_chr9_1_76704847_76710661	nrna
A00839:75:H7MFFDSXY:3:1609:1416:7232	chr9	76706928	76707077	False	342	150M	255	1	3	0.6823315620422363	ambig_opp_strand	unspliced	22928	19	ENST00000426088.5	PRUNE2	ENSG00000106772.19	mrna
A00839:75:H7MFFDSXY:3:2614:9326:12821	chr9	76708697	76708846	False	612	150M	255	2	3	0.6738084554672241	ambig_opp_strand	unspliced	22928	19	ENST00000426088.5	PRUNE2	ENSG00000106772.19	mrna
A00839:75:H7MFFDSXY:3:2221:31069:4852	chr9	76706552	76706701	False	395	150M	255	0	3	0.09286068379878998	ambig_opp_strand	unspliced	22928	19	ENST00000376718.8	PRUNE2	ENSG00000106772.19	mrna
A00839:75:H7MFFDSXY:3:1519:21938:35102	chr9	76704776	76704925	True	-389	150M	255	0	5	0.9937323331832886	ambig_opp_strand	unspliced	-1	12	.	.	.	mrna
A00839:75:H7MFFDSXY:3:1106:31042:14794	chr9	76709244	76709393	True	-174	150M	255	1	25	0.9627763628959656	ambig_opp_strand	unspliced	22928	19	RIGEL_NRNA_chr9_1_76704847_76710661		RIGEL_NRNA_chr9_1_76704847_76710661	nrna
A00839:75:H7MFFDSXY:3:1635:27859:4930	chr9	76706270	76706419	False	261	150M	255	1	3	0.2052067518234253	ambig_opp_strand	unspliced	22928	19	ENST00000428286.5	PRUNE2	ENSG00000106772.19	mrna
A00839:75:H7MFFDSXY:3:1248:13865:9627	chr9	76709283	76709432	False	199	150M	255	0	3	0.6876588463783264	ambig_opp_strand	unspliced	22928	19	ENST00000426088.5	PRUNE2	ENSG00000106772.19	mrna
A00839:75:H7MFFDSXY:3:1556:24596:26115	chr9	76707830	76707979	True	-415	150M	255	0	5	0.6036198139190674	ambig_opp_strand	unspliced	-1	19	.	.	.	mrna
A00839:75:H7MFFDSXY:3:2267:8160:18693	chr9	76709846	76709995	True	-307	150M	255	0	25	0.939137876033783	ambig_opp_strand	unspliced	22928	19	RIGEL_NRNA_chr9_1_76704847_76710661		RIGEL_NRNA_chr9_1_76704847_76710661	nrna
A00839:75:H7MFFDSXY:3:2507:19171:24424	chr9	76705825	76705974	False	279	150M	255	0	3	0.10258887708187103	ambig_opp_strand	unspliced	22928	19	ENST00000376718.8	PRUNE2	ENSG00000106772.19	mrna
A00839:75:H7MFFDSXY:3:1675:25319:35415	chr9	76709174	76709311	False	263	64M12I74M	255	13	3	0.6874697804450989	ambig_opp_strand	unspliced	22928	19	ENST00000426088.5	PRUNE2	ENSG00000106772.19	mrna
A00839:75:H7MFFDSXY:3:2114:6985:32095	chr9	76703504	76703653	False	290	150M	255	1	3	0.6869891881942749	ambig_opp_strand	unspliced	22928	12	ENST00000426088.5	PRUNE2	ENSG00000106772.19	mrna
A00839:75:H7MFFDSXY:3:1603:27715:34209	chr9	76706479	76706628	True	-201	150M	255	0	25	0.9661571979522705	ambig_opp_strand	unspliced	22928	19	RIGEL_NRNA_chr9_1_76704847_76710661		RIGEL_NRNA_chr9_1_76704847_76710661	nrna
A00839:75:H7MFFDSXY:3:1338:5231:24768	chr9	76705708	76705857	True	-402	150M	255	1	25	0.3860148787498474	ambig_opp_strand	unspliced	22928	19	RIGEL_NRNA_chr9_1_76704847_76710661		RIGEL_NRNA_chr9_1_76704847_76710661	nrna
A00839:75:H7MFFDSXY:3:1207:10800:15781	chr9	76704912	76705061	True	-243	150M	255	0	3	0.5447993874549866	ambig_opp_strand	unspliced	22928	20	ENST00000643823.1	PCA3	ENSG00000225937.3	mrna
A00839:75:H7MFFDSXY:3:1472:23583:10802	chr9	76703323	76703467	False	145	145M5S	255	2	5	0.9397681355476379	ambig_opp_strand	unspliced	-1	12	.	.	.	mrna
A00839:75:H7MFFDSXY:3:1524:26657:5384	chr9	76705261	76705410	True	-260	150M	255	0	25	0.9075609445571899	ambig_opp_strand	unspliced	22928	26	RIGEL_NRNA_chr9_1_76704847_76710661		RIGEL_NRNA_chr9_1_76704847_76710661	nrna
A00839:75:H7MFFDSXY:3:2344:6316:5008	chr9	76708505	76708654	True	-159	150M	255	0	25	0.9573859572410583	ambig_opp_strand	unspliced	22928	19	RIGEL_NRNA_chr9_1_76704847_76710661		RIGEL_NRNA_chr9_1_76704847_76710661	nrna
A00839:75:H7MFFDSXY:3:1519:14226:30545	chr9	76705893	76706042	True	-302	150M	255	0	25	0.9437927603721619	ambig_opp_strand	unspliced	22928	19	RIGEL_NRNA_chr9_1_76704847_76710661		RIGEL_NRNA_chr9_1_76704847_76710661	nrna
A00839:75:H7MFFDSXY:3:2427:19913:12242	chr9	76709039	76709188	False	295	150M	255	0	3	0.686810314655304	ambig_opp_strand	unspliced	22928	19	ENST00000426088.5	PRUNE2	ENSG00000106772.19	mrna
A00839:75:H7MFFDSXY:3:2126:8874:25692	chr9	76705602	76705749	True	-178	2S148M	255	7	25	0.9634078741073608	ambig_opp_strand	unspliced	22928	19	RIGEL_NRNA_chr9_1_76704847_76710661		RIGEL_NRNA_chr9_1_76704847_76710661	nrna
A00839:75:H7MFFDSXY:3:2412:8287:22827	chr9	76707311	76707460	False	305	150M	255	1	3	0.10246878862380981	ambig_opp_strand	unspliced	22928	19	ENST00000376718.8	PRUNE2	ENSG00000106772.19	mrna
A00839:75:H7MFFDSXY:3:2165:25635:33270	chr9	76707238	76707387	False	506	150M	255	0	3	0.6211947202682495	ambig_opp_strand	unspliced	22928	19	ENST00000426088.5	PRUNE2	ENSG00000106772.19	mrna
A00839:75:H7MFFDSXY:3:2471:12102:7607	chr9	76709722	76709871	False	189	150M	255	1	3	0.6876145005226135	ambig_opp_strand	unspliced	22928	19	ENST00000426088.5	PRUNE2	ENSG00000106772.19	mrna
A00839:75:H7MFFDSXY:3:1120:1958:2096	chr9	76708010	76708159	True	-163	150M	255	0	25	0.9591732621192932	ambig_opp_strand	unspliced	22928	19	RIGEL_NRNA_chr9_1_76704847_76710661		RIGEL_NRNA_chr9_1_76704847_76710661	nrna
A00839:75:H7MFFDSXY:3:2115:18087:7326	chr9	76706913	76707062	False	330	150M	255	1	3	0.10218260437250137	ambig_opp_strand	unspliced	22928	19	ENST00000376718.8	PRUNE2	ENSG00000106772.19	mrna
A00839:75:H7MFFDSXY:3:1413:26594:1047	chr9	76708290	76708439	False	382	150M	255	1	3	0.640322208404541	ambig_opp_strand	unspliced	22928	19	ENST00000426088.5	PRUNE2	ENSG00000106772.19	mrna
A00839:75:H7MFFDSXY:3:2339:11424:7592	chr9	76704968	76705117	True	-285	150M	255	0	3	0.08153457939624786	ambig_opp_strand	unspliced	22928	20	ENST00000426088.5	PRUNE2	ENSG00000106772.19	mrna
A00839:75:H7MFFDSXY:3:1117:18267:33285	chr9	76705784	76705933	False	319	150M	255	0	3	0.6854900121688843	ambig_opp_strand	unspliced	22928	19	ENST00000426088.5	PRUNE2	ENSG00000106772.19	mrna
A00839:75:H7MFFDSXY:3:1353:31946:6183	chr9	76703705	76703854	False	400	150M	255	1	5	0.9983784556388855	ambig_opp_strand	unspliced	-1	12	.	.	.	mrna
A00839:75:H7MFFDSXY:3:2478:5927:7247	chr9	76704687	76704836	False	214	150M	255	0	5	0.8518874645233154	ambig_opp_strand	unspliced	-1	12	.	.	.	mrna
A00839:75:H7MFFDSXY:3:1357:13024:7701	chr9	76706615	76706764	False	240	150M	255	0	3	0.6876629590988159	ambig_opp_strand	unspliced	22928	19	ENST00000426088.5	PRUNE2	ENSG00000106772.19	mrna
A00839:75:H7MFFDSXY:3:1347:9182:36245	chr9	76708274	76708423	True	-226	150M	255	0	25	0.9667691588401794	ambig_opp_strand	unspliced	22928	19	RIGEL_NRNA_chr9_1_76704847_76710661		RIGEL_NRNA_chr9_1_76704847_76710661	nrna
A00839:75:H7MFFDSXY:3:2325:6045:1094	chr9	76709187	76709324	True	-286	51M12I87M	255	13	5	0.025470944121479988	ambig_opp_strand	unspliced	-1	19	.	.	.	mrna
A00839:75:H7MFFDSXY:3:1519:14922:11334	chr9	76707209	76707358	False	193	150M	255	0	3	0.20524577796459198	ambig_opp_strand	unspliced	22928	19	ENST00000428286.5	PRUNE2	ENSG00000106772.19	mrna
A00839:75:H7MFFDSXY:3:1149:15799:18584	chr9	76709999	76710148	True	-329	150M	255	0	25	0.9072381258010864	ambig_opp_strand	unspliced	22928	19	RIGEL_NRNA_chr9_1_76704847_76710661		RIGEL_NRNA_chr9_1_76704847_76710661	nrna
A00839:75:H7MFFDSXY:3:1201:25563:32393	chr9	76705268	76705417	False	189	150M	255	0	3	0.10264871269464493	ambig_opp_strand	unspliced	22928	26	ENST00000376718.8	PRUNE2	ENSG00000106772.19	mrna
A00839:75:H7MFFDSXY:3:1575:30599:5071	chr9	76706581	76706730	False	155	150M	255	0	3	0.6871084570884705	ambig_opp_strand	unspliced	22928	19	ENST00000426088.5	PRUNE2	ENSG00000106772.19	mrna
A00839:75:H7MFFDSXY:3:2372:14407:26944	chr9	76707103	76707252	True	-189	150M	255	1	25	0.965198278427124	ambig_opp_strand	unspliced	22928	19	RIGEL_NRNA_chr9_1_76704847_76710661		RIGEL_NRNA_chr9_1_76704847_76710661	nrna
A00839:75:H7MFFDSXY:3:1244:31204:33614	chr9	76705672	76705821	False	319	150M	255	1	3	0.6854900121688843	ambig_opp_strand	unspliced	22928	19	ENST00000426088.5	PRUNE2	ENSG00000106772.19	mrna
A00839:75:H7MFFDSXY:3:2408:16721:9439	chr9	76708636	76708785	False	322	150M	255	0	3	0.6852644681930542	ambig_opp_strand	unspliced	22928	19	ENST00000426088.5	PRUNE2	ENSG00000106772.19	mrna
A00839:75:H7MFFDSXY:3:2533:3305:32268	chr9	76709093	76709237	False	284	145M5S	255	0	3	0.6871089339256287	ambig_opp_strand	unspliced	22928	19	ENST00000426088.5	PRUNE2	ENSG00000106772.19	mrna
A00839:75:H7MFFDSXY:3:1627:9760:17174	chr9	76708902	76709051	False	434	150M	255	0	3	0.6204937100410461	ambig_opp_strand	unspliced	22928	19	ENST00000426088.5	PRUNE2	ENSG00000106772.19	mrna
A00839:75:H7MFFDSXY:3:2166:4435:29716	chr9	76708964	76709113	False	252	150M	255	0	3	0.6875958442687988	ambig_opp_strand	unspliced	22928	19	ENST00000426088.5	PRUNE2	ENSG00000106772.19	mrna
A00839:75:H7MFFDSXY:3:2140:20320:22686	chr9	76707355	76707504	False	343	150M	255	0	3	0.6819149851799011	ambig_opp_strand	unspliced	22928	19	ENST00000426088.5	PRUNE2	ENSG00000106772.19	mrna
A00839:75:H7MFFDSXY:3:2235:21676:26130	chr9	76707093	76707242	False	342	150M	255	1	3	0.6823315620422363	ambig_opp_strand	unspliced	22928	19	ENST00000426088.5	PRUNE2	ENSG00000106772.19	mrna
A00839:75:H7MFFDSXY:3:2144:14787:17456	chr9	76704815	76704964	True	-116	150M	255	2	5	0.3452523350715637	ambig_opp_strand	unspliced	-1	14	.	.	.	mrna
A00839:75:H7MFFDSXY:3:1677:31846:11303	chr9	76705438	76705587	False	364	150M	255	1	3	0.10027077049016953	ambig_opp_strand	unspliced	22928	19	ENST00000376718.8	PRUNE2	ENSG00000106772.19	mrna
A00839:75:H7MFFDSXY:3:2146:22173:20415	chr9	76706495	76706644	False	311	150M	255	0	3	0.6860545873641968	ambig_opp_strand	unspliced	22928	19	ENST00000426088.5	PRUNE2	ENSG00000106772.19	mrna
A00839:75:H7MFFDSXY:3:1605:19840:4539	chr9	76708887	76709036	True	-265	150M	255	0	25	0.9614701867103577	ambig_opp_strand	unspliced	22928	19	RIGEL_NRNA_chr9_1_76704847_76710661		RIGEL_NRNA_chr9_1_76704847_76710661	nrna
A00839:75:H7MFFDSXY:3:1629:31051:34319	chr9	76706595	76706744	False	265	150M	255	0	3	0.6874287128448486	ambig_opp_strand	unspliced	22928	19	ENST00000426088.5	PRUNE2	ENSG00000106772.19	mrna
A00839:75:H7MFFDSXY:3:1106:23321:19210	chr9	76705842	76705991	False	198	150M	255	0	3	0.10265607386827469	ambig_opp_strand	unspliced	22928	19	ENST00000376718.8	PRUNE2	ENSG00000106772.19	mrna
A00839:75:H7MFFDSXY:3:2236:8223:28855	chr9	76705660	76705809	False	271	150M	255	1	3	0.1026095300912857	ambig_opp_strand	unspliced	22928	19	ENST00000376718.8	PRUNE2	ENSG00000106772.19	mrna
A00839:75:H7MFFDSXY:3:2130:20048:28510	chr9	76704826	76704975	True	-315	150M	255	0	5	0.8429452776908875	ambig_opp_strand	unspliced	-1	12	.	.	.	mrna
A00839:75:H7MFFDSXY:3:1377:2067:29465	chr9	76706782	76706931	True	-317	150M	255	0	25	0.9275355935096741	ambig_opp_strand	unspliced	22928	19	RIGEL_NRNA_chr9_1_76704847_76710661		RIGEL_NRNA_chr9_1_76704847_76710661	nrna
A00839:75:H7MFFDSXY:3:1558:26639:14340	chr9	76703886	76704035	True	-383	150M	255	1	5	0.9817736148834229	ambig_opp_strand	unspliced	-1	12	.	.	.	mrna
A00839:75:H7MFFDSXY:3:1569:25816:33896	chr9	76709946	76710095	True	-274	150M	255	0	25	0.9587619304656982	ambig_opp_strand	unspliced	22928	19	RIGEL_NRNA_chr9_1_76704847_76710661		RIGEL_NRNA_chr9_1_76704847_76710661	nrna
A00839:75:H7MFFDSXY:3:1654:20229:19774	chr9	76703526	76703675	True	-364	150M	255	1	5	0.9737627506256104	ambig_opp_strand	unspliced	-1	12	.	.	.	mrna
A00839:75:H7MFFDSXY:3:1543:3595:9940	chr9	76706073	76706222	False	318	150M	255	0	3	0.6856018900871277	ambig_opp_strand	unspliced	22928	19	ENST00000426088.5	PRUNE2	ENSG00000106772.19	mrna
A00839:75:H7MFFDSXY:3:1230:25491:20462	chr9	76705466	76705615	True	-297	150M	255	0	25	0.948104739189148	ambig_opp_strand	unspliced	22928	19	RIGEL_NRNA_chr9_1_76704847_76710661		RIGEL_NRNA_chr9_1_76704847_76710661	nrna
A00839:75:H7MFFDSXY:3:1322:31756:35383	chr9	76706436	76706585	True	-480	150M	255	0	5	0.6554619669914246	ambig_opp_strand	unspliced	-1	19	.	.	.	mrna
A00839:75:H7MFFDSXY:3:2266:27118:19147	chr9	76705288	76705437	False	298	150M	255	0	3	0.20497286319732666	ambig_opp_strand	unspliced	22928	19	ENST00000428286.5	PRUNE2	ENSG00000106772.19	mrna
A00839:75:H7MFFDSXY:3:1473:14055:36699	chr9	76706215	76706364	True	-422	150M	255	1	5	0.6234692931175232	ambig_opp_strand	unspliced	-1	19	.	.	.	mrna
A00839:75:H7MFFDSXY:3:1429:25301:7420	chr9	76707634	76707783	True	-324	150M	255	1	25	0.9173480868339539	ambig_opp_strand	unspliced	22928	19	RIGEL_NRNA_chr9_1_76704847_76710661		RIGEL_NRNA_chr9_1_76704847_76710661	nrna
A00839:75:H7MFFDSXY:3:1243:8287:23359	chr9	76705372	76705521	True	-182	150M	255	0	25	0.9085887670516968	ambig_opp_strand	unspliced	22928	26	RIGEL_NRNA_chr9_1_76704847_76710661		RIGEL_NRNA_chr9_1_76704847_76710661	nrna
A00839:75:H7MFFDSXY:3:1660:2989:19194	chr9	76704788	76704937	True	-201	150M	255	0	25	0.4086892902851105	ambig_opp_strand	unspliced	22928	12	RIGEL_NRNA_chr9_1_76700179_76740086		RIGEL_NRNA_chr9_1_76700179_76740086	nrna
A00839:75:H7MFFDSXY:3:1126:31268:1094	chr9	76705053	76705202	True	-388	150M	255	0	5	0.9571203589439392	ambig_opp_strand	unspliced	-1	14	.	.	.	mrna
A00839:75:H7MFFDSXY:3:2213:21721:27305	chr9	76706565	76706714	False	157	150M	255	0	3	0.6871610283851624	ambig_opp_strand	unspliced	22928	19	ENST00000426088.5	PRUNE2	ENSG00000106772.19	mrna
A00839:75:H7MFFDSXY:3:1454:21902:28369	chr9	76709482	76709631	False	209	150M	255	1	3	0.6876864433288574	ambig_opp_strand	unspliced	22928	19	ENST00000426088.5	PRUNE2	ENSG00000106772.19	mrna
A00839:75:H7MFFDSXY:3:2138:13431:10692	chr9	76705508	76705657	True	-335	150M	255	0	5	0.08999776840209961	ambig_opp_strand	unspliced	-1	19	.	.	.	mrna
A00839:75:H7MFFDSXY:3:2278:7473:31751	chr9	76707898	76708011	True	-114	114M	255	0	5	0.10484415292739868	ambig_opp_strand	unspliced	-1	19	.	.	.	mrna
A00839:75:H7MFFDSXY:3:1557:31810:8328	chr9	76707945	76708094	False	292	150M	255	0	3	0.6869170069694519	ambig_opp_strand	unspliced	22928	19	ENST00000426088.5	PRUNE2	ENSG00000106772.19	mrna
A00839:75:H7MFFDSXY:3:2150:8250:16188	chr9	76706100	76706249	False	346	150M	255	0	3	0.2032960206270218	ambig_opp_strand	unspliced	22928	19	ENST00000428286.5	PRUNE2	ENSG00000106772.19	mrna
A00839:75:H7MFFDSXY:3:2202:26142:24158	chr9	76709450	76709599	True	-370	150M	255	1	25	0.6444371938705444	ambig_opp_strand	unspliced	22928	19	RIGEL_NRNA_chr9_1_76704847_76710661		RIGEL_NRNA_chr9_1_76704847_76710661	nrna
A00839:75:H7MFFDSXY:3:1162:15293:6089	chr9	76703378	76703542	False	391	82M15D68M	255	15	3	0.6208800077438354	ambig_opp_strand	unspliced	22928	12	ENST00000426088.5	PRUNE2	ENSG00000106772.19	mrna
A00839:75:H7MFFDSXY:3:2468:10465:6872	chr9	76706179	76706326	True	-309	148M	255	2	25	0.9366096258163452	ambig_opp_strand	unspliced	22928	19	RIGEL_NRNA_chr9_1_76704847_76710661		RIGEL_NRNA_chr9_1_76704847_76710661	nrna
A00839:75:H7MFFDSXY:3:2517:26069:20838	chr9	76708310	76708459	False	281	150M	255	0	3	0.6871642470359802	ambig_opp_strand	unspliced	22928	19	ENST00000426088.5	PRUNE2	ENSG00000106772.19	mrna
A00839:75:H7MFFDSXY:3:2606:32660:35352	chr9	76708225	76708374	False	476	150M	255	0	3	0.6151337623596191	ambig_opp_strand	unspliced	22928	19	ENST00000426088.5	PRUNE2	ENSG00000106772.19	mrna
A00839:75:H7MFFDSXY:3:1311:7880:18646	chr9	76708031	76708180	False	348	150M	255	1	3	0.6805496215820312	ambig_opp_strand	unspliced	22928	19	ENST00000426088.5	PRUNE2	ENSG00000106772.19	mrna
A00839:75:H7MFFDSXY:3:1274:12066:6605	chr9	76705306	76705455	True	-321	150M	255	0	25	0.8708887100219727	ambig_opp_strand	unspliced	22928	26	RIGEL_NRNA_chr9_1_76704847_76710661		RIGEL_NRNA_chr9_1_76704847_76710661	nrna
A00839:75:H7MFFDSXY:3:1172:8223:21151	chr9	76708823	76708972	True	-268	150M	255	0	25	0.9607782363891602	ambig_opp_strand	unspliced	22928	19	RIGEL_NRNA_chr9_1_76704847_76710661		RIGEL_NRNA_chr9_1_76704847_76710661	nrna
A00839:75:H7MFFDSXY:3:1627:4481:1830	chr9	76707326	76707475	False	230	150M	255	0	3	0.6876931190490723	ambig_opp_strand	unspliced	22928	19	ENST00000426088.5	PRUNE2	ENSG00000106772.19	mrna
A00839:75:H7MFFDSXY:3:2324:14995:1783	chr9	76707145	76707294	True	-287	150M	255	2	25	0.9538480639457703	ambig_opp_strand	unspliced	22928	19	RIGEL_NRNA_chr9_1_76704847_76710661		RIGEL_NRNA_chr9_1_76704847_76710661	nrna
A00839:75:H7MFFDSXY:3:1316:10926:18223	chr9	76705318	76705467	False	294	150M	255	0	3	0.20501384139060974	ambig_opp_strand	unspliced	22928	19	ENST00000428286.5	PRUNE2	ENSG00000106772.19	mrna
A00839:75:H7MFFDSXY:3:1127:23990:4178	chr9	76709391	76709540	False	294	150M	255	1	3	0.6868479251861572	ambig_opp_strand	unspliced	22928	19	ENST00000426088.5	PRUNE2	ENSG00000106772.19	mrna
A00839:75:H7MFFDSXY:3:1120:5936:6104	chr9	76709287	76709436	False	363	150M	255	0	3	0.2007584273815155	ambig_opp_strand	unspliced	22928	19	ENST00000428286.5	PRUNE2	ENSG00000106772.19	mrna
A00839:75:H7MFFDSXY:3:1513:16116:31845	chr9	76708527	76708676	True	-185	150M	255	0	25	0.9646268486976624	ambig_opp_strand	unspliced	22928	19	RIGEL_NRNA_chr9_1_76704847_76710661		RIGEL_NRNA_chr9_1_76704847_76710661	nrna
A00839:75:H7MFFDSXY:3:2664:24704:25426	chr9	76709503	76709652	True	-256	150M	255	0	25	0.9638327956199646	ambig_opp_strand	unspliced	22928	19	RIGEL_NRNA_chr9_1_76704847_76710661		RIGEL_NRNA_chr9_1_76704847_76710661	nrna
A00839:75:H7MFFDSXY:3:1537:22950:25676	chr9	76708388	76708537	True	-269	150M	255	0	25	0.9603919386863708	ambig_opp_strand	unspliced	22928	19	RIGEL_NRNA_chr9_1_76704847_76710661		RIGEL_NRNA_chr9_1_76704847_76710661	nrna
A00839:75:H7MFFDSXY:3:1330:16233:32737	chr9	76709944	76710093	True	-371	150M	255	0	5	0.36135348677635193	ambig_opp_strand	unspliced	-1	19	.	.	.	mrna
A00839:75:H7MFFDSXY:3:1501:18765:26349	chr9	76708822	76708971	True	-194	150M	255	0	25	0.9658435583114624	ambig_opp_strand	unspliced	22928	19	RIGEL_NRNA_chr9_1_76704847_76710661		RIGEL_NRNA_chr9_1_76704847_76710661	nrna
A00839:75:H7MFFDSXY:3:2303:11722:21292	chr9	76703827	76703976	True	-349	150M	255	2	5	0.8975934982299805	ambig_opp_strand	unspliced	-1	12	.	.	.	mrna
A00839:75:H7MFFDSXY:3:1451:32542:17769	chr9	76707510	76707659	False	381	150M	255	0	5	0.06038530915975571	ambig_opp_strand	unspliced	-1	19	.	.	.	mrna
A00839:75:H7MFFDSXY:3:1350:25852:15546	chr9	76703762	76703911	False	288	150M	255	0	3	0.6870671510696411	ambig_opp_strand	unspliced	22928	12	ENST00000426088.5	PRUNE2	ENSG00000106772.19	mrna
A00839:75:H7MFFDSXY:3:1527:20455:6104	chr9	76705915	76706064	False	385	150M	255	0	3	0.6345973014831543	ambig_opp_strand	unspliced	22928	19	ENST00000426088.5	PRUNE2	ENSG00000106772.19	mrna
A00839:75:H7MFFDSXY:3:2634:12807:32659	chr9	76706807	76706954	True	-380	148M2S	255	0	5	0.47527074813842773	ambig_opp_strand	unspliced	-1	19	.	.	.	mrna
A00839:75:H7MFFDSXY:3:1377:7808:26224	chr9	76709503	76709652	True	-433	150M	255	0	5	0.5889145135879517	ambig_opp_strand	unspliced	-1	19	.	.	.	mrna
A00839:75:H7MFFDSXY:3:2557:26585:20572	chr9	76705346	76705495	False	404	150M	255	0	3	0.6216945648193359	ambig_opp_strand	unspliced	22928	19	ENST00000426088.5	PRUNE2	ENSG00000106772.19	mrna
A00839:75:H7MFFDSXY:3:2223:19316:34413	chr9	76708577	76708726	False	152	150M	255	0	3	0.6870316863059998	ambig_opp_strand	unspliced	22928	19	ENST00000426088.5	PRUNE2	ENSG00000106772.19	mrna
A00839:75:H7MFFDSXY:3:2659:32768:17848	chr9	76708050	76708199	False	399	150M	255	1	3	0.18394969403743744	ambig_opp_strand	unspliced	22928	19	ENST00000428286.5	PRUNE2	ENSG00000106772.19	mrna
A00839:75:H7MFFDSXY:3:2516:25364:19742	chr9	76707218	76707367	False	186	150M	255	1	3	0.6875821352005005	ambig_opp_strand	unspliced	22928	19	ENST00000426088.5	PRUNE2	ENSG00000106772.19	mrna
A00839:75:H7MFFDSXY:3:1606:16857:14747	chr9	76705020	76705169	False	155	150M	255	0	3	0.6871064901351929	ambig_opp_strand	unspliced	22928	22	ENST00000426088.5	PRUNE2	ENSG00000106772.19	mrna
A00839:75:H7MFFDSXY:3:1111:31846:25457	chr9	76706904	76707053	False	297	150M	255	1	3	0.6867516040802002	ambig_opp_strand	unspliced	22928	19	ENST00000426088.5	PRUNE2	ENSG00000106772.19	mrna
A00839:75:H7MFFDSXY:3:1231:3161:36746	chr9	76707691	76707840	False	405	150M	255	2	5	0.10024421662092209	ambig_opp_strand	unspliced	-1	19	.	.	.	mrna
A00839:75:H7MFFDSXY:3:2124:17246:29230	chr9	76706738	76706887	True	-242	150M	255	0	25	0.9660055637359619	ambig_opp_strand	unspliced	22928	19	RIGEL_NRNA_chr9_1_76704847_76710661		RIGEL_NRNA_chr9_1_76704847_76710661	nrna
A00839:75:H7MFFDSXY:3:2229:3170:20729	chr9	76708827	76708976	False	298	150M	255	0	3	0.1025141105055809	ambig_opp_strand	unspliced	22928	19	ENST00000376718.8	PRUNE2	ENSG00000106772.19	mrna
A00839:75:H7MFFDSXY:3:2605:29966:1157	chr9	76703900	76704049	True	-351	150M	255	1	25	0.043948087841272354	ambig_opp_strand	unspliced	22928	12	RIGEL_NRNA_chr9_1_76700179_76740086		RIGEL_NRNA_chr9_1_76700179_76740086	nrna
A00839:75:H7MFFDSXY:3:1431:32642:35916	chr9	76705785	76705934	True	-249	150M	255	0	25	0.9651727676391602	ambig_opp_strand	unspliced	22928	19	RIGEL_NRNA_chr9_1_76704847_76710661		RIGEL_NRNA_chr9_1_76704847_76710661	nrna
A00839:75:H7MFFDSXY:3:1102:16550:23547	chr9	76706587	76706736	True	-180	150M	255	0	25	0.9639304280281067	ambig_opp_strand	unspliced	22928	19	RIGEL_NRNA_chr9_1_76704847_76710661		RIGEL_NRNA_chr9_1_76704847_76710661	nrna
A00839:75:H7MFFDSXY:3:1341:10547:25081	chr9	76705303	76705452	False	328	150M	255	0	3	0.6846956014633179	ambig_opp_strand	unspliced	22928	19	ENST00000426088.5	PRUNE2	ENSG00000106772.19	mrna
A00839:75:H7MFFDSXY:3:2436:20934:23469	chr9	76705371	76705520	True	-395	150M	255	0	25	0.37504079937934875	ambig_opp_strand	unspliced	22928	26	RIGEL_NRNA_chr9_1_76704847_76710661		RIGEL_NRNA_chr9_1_76704847_76710661	nrna
A00839:75:H7MFFDSXY:3:2168:8666:18975	chr9	76706129	76706278	True	-271	150M	255	0	25	0.9598947763442993	ambig_opp_strand	unspliced	22928	19	RIGEL_NRNA_chr9_1_76704847_76710661		RIGEL_NRNA_chr9_1_76704847_76710661	nrna
A00839:75:H7MFFDSXY:3:1220:13602:18474	chr9	76709449	76709598	False	360	150M	255	1	3	0.6748056411743164	ambig_opp_strand	unspliced	22928	19	ENST00000426088.5	PRUNE2	ENSG00000106772.19	mrna
A00839:75:H7MFFDSXY:3:1537:25889:32643	chr9	76708595	76708744	False	334	150M	255	1	3	0.2041381299495697	ambig_opp_strand	unspliced	22928	19	ENST00000428286.5	PRUNE2	ENSG00000106772.19	mrna
A00839:75:H7MFFDSXY:3:2533:19822:20134	chr9	76707390	76707539	True	-196	150M	255	0	25	0.9659369587898254	ambig_opp_strand	unspliced	22928	19	RIGEL_NRNA_chr9_1_76704847_76710661		RIGEL_NRNA_chr9_1_76704847_76710661	nrna
A00839:75:H7MFFDSXY:3:1471:5348:2362	chr9	76706656	76706805	False	390	150M	255	0	3	0.6305057406425476	ambig_opp_strand	unspliced	22928	19	ENST00000426088.5	PRUNE2	ENSG00000106772.19	mrna
A00839:75:H7MFFDSXY:3:1468:17101:26318	chr9	76706289	76706438	True	-251	150M	255	1	25	0.9646784663200378	ambig_opp_strand	unspliced	22928	19	RIGEL_NRNA_chr9_1_76704847_76710661		RIGEL_NRNA_chr9_1_76704847_76710661	nrna
A00839:75:H7MFFDSXY:3:1374:24903:23610	chr9	76705706	76705855	False	311	150M	255	1	3	0.6860545873641968	ambig_opp_strand	unspliced	22928	19	ENST00000426088.5	PRUNE2	ENSG00000106772.19	mrna
A00839:75:H7MFFDSXY:3:1358:7898:27665	chr9	76705343	76705492	True	-330	150M	255	0	25	0.8567570447921753	ambig_opp_strand	unspliced	22928	26	RIGEL_NRNA_chr9_1_76704847_76710661		RIGEL_NRNA_chr9_1_76704847_76710661	nrna
A00839:75:H7MFFDSXY:3:1335:22010:4914	chr9	76706790	76706939	True	-337	150M	255	0	25	0.88481605052948	ambig_opp_strand	unspliced	22928	19	RIGEL_NRNA_chr9_1_76704847_76710661		RIGEL_NRNA_chr9_1_76704847_76710661	nrna
A00839:75:H7MFFDSXY:3:2659:32850:8844	chr9	76708585	76708734	True	-265	150M	255	0	25	0.9614701867103577	ambig_opp_strand	unspliced	22928	19	RIGEL_NRNA_chr9_1_76704847_76710661		RIGEL_NRNA_chr9_1_76704847_76710661	nrna
A00839:75:H7MFFDSXY:3:1329:12717:10019	chr9	76708645	76708794	True	-292	150M	255	0	25	0.9513380527496338	ambig_opp_strand	unspliced	22928	19	RIGEL_NRNA_chr9_1_76704847_76710661		RIGEL_NRNA_chr9_1_76704847_76710661	nrna
A00839:75:H7MFFDSXY:3:1401:18340:1251	chr9	76703833	76703982	False	381	150M	255	0	5	0.9976352453231812	ambig_opp_strand	unspliced	-1	12	.	.	.	mrna
A00839:75:H7MFFDSXY:3:1531:22064:26866	chr9	76707425	76707574	True	-236	150M	255	0	25	0.9663633108139038	ambig_opp_strand	unspliced	22928	19	RIGEL_NRNA_chr9_1_76704847_76710661		RIGEL_NRNA_chr9_1_76704847_76710661	nrna
A00839:75:H7MFFDSXY:3:1262:5385:26224	chr9	76708111	76708260	False	306	150M	255	0	3	0.20486298203468323	ambig_opp_strand	unspliced	22928	19	ENST00000428286.5	PRUNE2	ENSG00000106772.19	mrna
A00839:75:H7MFFDSXY:3:2646:3956:23844	chr9	76706195	76706344	True	-483	150M	255	1	25	0.4125855565071106	ambig_opp_strand	unspliced	22928	19	RIGEL_NRNA_chr9_1_76704847_76710661		RIGEL_NRNA_chr9_1_76704847_76710661	nrna
A00839:75:H7MFFDSXY:3:1453:20781:35383	chr9	76709809	76709958	True	-331	150M	255	1	25	0.9030069708824158	ambig_opp_strand	unspliced	22928	19	RIGEL_NRNA_chr9_1_76704847_76710661		RIGEL_NRNA_chr9_1_76704847_76710661	nrna
A00839:75:H7MFFDSXY:3:2355:22968:24330	chr9	76708569	76708718	False	369	150M	255	0	3	0.09946569800376892	ambig_opp_strand	unspliced	22928	19	ENST00000376718.8	PRUNE2	ENSG00000106772.19	mrna
A00839:75:H7MFFDSXY:3:2419:3468:8437	chr9	76700859	76701008	False	411	150M	255	1	5	0.9986916780471802	ambig_opp_strand	unspliced	-1	9	.	.	.	mrna
A00839:75:H7MFFDSXY:3:1117:5195:5760	chr9	76704864	76705013	False	380	150M	255	0	3	0.19339841604232788	ambig_opp_strand	unspliced	22928	22	ENST00000428286.5	PRUNE2	ENSG00000106772.19	mrna
A00839:75:H7MFFDSXY:3:2171:12237:13886	chr9	76707685	76707834	True	-344	150M	255	2	25	0.8563162684440613	ambig_opp_strand	unspliced	22928	19	RIGEL_NRNA_chr9_1_76704847_76710661		RIGEL_NRNA_chr9_1_76704847_76710661	nrna
A00839:75:H7MFFDSXY:3:2132:23466:20275	chr9	76707117	76707266	True	-217	150M	255	1	25	0.9669448137283325	ambig_opp_strand	unspliced	22928	19	RIGEL_NRNA_chr9_1_76704847_76710661		RIGEL_NRNA_chr9_1_76704847_76710661	nrna
A00839:75:H7MFFDSXY:3:1144:21875:18051	chr9	76707412	76707561	False	271	150M	255	0	3	0.687349796295166	ambig_opp_strand	unspliced	22928	19	ENST00000426088.5	PRUNE2	ENSG00000106772.19	mrna
A00839:75:H7MFFDSXY:3:2177:20627:26036	chr9	76709823	76709972	False	364	150M	255	1	3	0.10027076303958893	ambig_opp_strand	unspliced	22928	19	ENST00000376718.8	PRUNE2	ENSG00000106772.19	mrna
A00839:75:H7MFFDSXY:3:1274:15130:22529	chr9	76705102	76705251	False	269	150M	255	0	3	0.2051704376935959	ambig_opp_strand	unspliced	22928	26	ENST00000428286.5	PRUNE2	ENSG00000106772.19	mrna
A00839:75:H7MFFDSXY:3:1515:11207:34867	chr9	76706556	76706705	False	270	150M	255	0	3	0.6873641014099121	ambig_opp_strand	unspliced	22928	19	ENST00000426088.5	PRUNE2	ENSG00000106772.19	mrna
A00839:75:H7MFFDSXY:3:2664:29921:3020	chr9	76709707	76709856	False	273	150M	255	1	3	0.6873223185539246	ambig_opp_strand	unspliced	22928	19	ENST00000426088.5	PRUNE2	ENSG00000106772.19	mrna
A00839:75:H7MFFDSXY:3:1264:25211:20353	chr9	76705046	76705195	False	255	150M	255	0	3	0.10263938456773758	ambig_opp_strand	unspliced	22928	22	ENST00000376718.8	PRUNE2	ENSG00000106772.19	mrna
A00839:75:H7MFFDSXY:3:1347:2202:32362	chr9	76707967	76708116	False	301	150M	255	0	3	0.6865760087966919	ambig_opp_strand	unspliced	22928	19	ENST00000426088.5	PRUNE2	ENSG00000106772.19	mrna
A00839:75:H7MFFDSXY:3:2601:19804:16501	chr9	76709358	76709507	True	-284	150M	255	0	25	0.955115020275116	ambig_opp_strand	unspliced	22928	19	RIGEL_NRNA_chr9_1_76704847_76710661		RIGEL_NRNA_chr9_1_76704847_76710661	nrna
A00839:75:H7MFFDSXY:3:2635:30192:11788	chr9	76708804	76708953	True	-368	150M	255	0	25	0.6756607890129089	ambig_opp_strand	unspliced	22928	19	RIGEL_NRNA_chr9_1_76704847_76710661		RIGEL_NRNA_chr9_1_76704847_76710661	nrna
A00839:75:H7MFFDSXY:3:2213:22688:33176	chr9	76704927	76705076	False	188	150M	255	0	3	0.6876000761985779	ambig_opp_strand	unspliced	22928	22	ENST00000426088.5	PRUNE2	ENSG00000106772.19	mrna
A00839:75:H7MFFDSXY:3:2405:17689:26553	chr9	76706245	76706394	False	307	150M	255	1	3	0.6862872838973999	ambig_opp_strand	unspliced	22928	19	ENST00000426088.5	PRUNE2	ENSG00000106772.19	mrna
A00839:75:H7MFFDSXY:3:1247:1759:17221	chr9	76703104	76703251	False	346	12M2I136M	255	2	5	0.9857978820800781	ambig_opp_strand	unspliced	-1	12	.	.	.	mrna
A00839:75:H7MFFDSXY:3:2468:15157:26365	chr9	76706950	76707099	False	419	150M	255	1	3	0.09240732342004776	ambig_opp_strand	unspliced	22928	19	ENST00000376718.8	PRUNE2	ENSG00000106772.19	mrna
A00839:75:H7MFFDSXY:3:1110:18168:5744	chr9	76706367	76706516	False	348	150M	255	0	3	0.10159438103437424	ambig_opp_strand	unspliced	22928	19	ENST00000376718.8	PRUNE2	ENSG00000106772.19	mrna
A00839:75:H7MFFDSXY:3:2402:11568:18114	chr9	76709149	76709286	False	168	89M12I49M	255	13	3	0.6873999238014221	ambig_opp_strand	unspliced	22928	19	ENST00000426088.5	PRUNE2	ENSG00000106772.19	mrna
A00839:75:H7MFFDSXY:3:2158:2691:29825	chr9	76709384	76709533	True	-442	150M	255	0	5	0.6014627814292908	ambig_opp_strand	unspliced	-1	19	.	.	.	mrna
A00839:75:H7MFFDSXY:3:1319:8811:22200	chr9	76703100	76703247	False	368	16M2I132M	255	2	5	0.9950916171073914	ambig_opp_strand	unspliced	-1	12	.	.	.	mrna
A00839:75:H7MFFDSXY:3:2252:24306:36198	chr9	76709923	76710072	True	-400	150M	255	0	5	0.592392086982727	ambig_opp_strand	unspliced	-1	19	.	.	.	mrna
A00839:75:H7MFFDSXY:3:2658:12997:15922	chr9	76708559	76708708	False	309	150M	255	0	3	0.6861549019813538	ambig_opp_strand	unspliced	22928	19	ENST00000426088.5	PRUNE2	ENSG00000106772.19	mrna
A00839:75:H7MFFDSXY:3:1245:7997:16031	chr9	76707458	76707607	False	307	150M	255	0	3	0.20484650135040283	ambig_opp_strand	unspliced	22928	19	ENST00000428286.5	PRUNE2	ENSG00000106772.19	mrna
A00839:75:H7MFFDSXY:3:2427:5439:31203	chr9	76709272	76709421	False	228	150M	255	0	3	0.6876872181892395	ambig_opp_strand	unspliced	22928	19	ENST00000426088.5	PRUNE2	ENSG00000106772.19	mrna
A00839:75:H7MFFDSXY:3:2229:15157:18129	chr9	76705043	76705192	True	-388	150M	255	0	5	0.9571203589439392	ambig_opp_strand	unspliced	-1	14	.	.	.	mrna
A00839:75:H7MFFDSXY:3:1657:15908:25160	chr9	76705445	76705594	True	-357	150M	255	0	25	0.7825691103935242	ambig_opp_strand	unspliced	22928	19	RIGEL_NRNA_chr9_1_76704847_76710661		RIGEL_NRNA_chr9_1_76704847_76710661	nrna
A00839:75:H7MFFDSXY:3:1628:14552:16297	chr9	76709147	76709284	False	310	91M12I47M	255	13	3	0.6861334443092346	ambig_opp_strand	unspliced	22928	19	ENST00000426088.5	PRUNE2	ENSG00000106772.19	mrna
A00839:75:H7MFFDSXY:3:2109:1199:34945	chr9	76705301	76705450	True	-364	150M	255	1	25	0.6915459632873535	ambig_opp_strand	unspliced	22928	24	RIGEL_NRNA_chr9_1_76704847_76710661		RIGEL_NRNA_chr9_1_76704847_76710661	nrna
A00839:75:H7MFFDSXY:3:1541:7518:19116	chr9	76708186	76708335	True	-231	150M	255	0	25	0.9665057063102722	ambig_opp_strand	unspliced	22928	19	RIGEL_NRNA_chr9_1_76704847_76710661		RIGEL_NRNA_chr9_1_76704847_76710661	nrna
A00839:75:H7MFFDSXY:3:1675:15781:1204	chr9	76706329	76706478	False	367	150M	255	1	3	0.6685597896575928	ambig_opp_strand	unspliced	22928	19	ENST00000426088.5	PRUNE2	ENSG00000106772.19	mrna
A00839:75:H7MFFDSXY:3:1475:13593:30733	chr9	76708778	76708927	False	357	150M	255	0	3	0.10100627690553665	ambig_opp_strand	unspliced	22928	19	ENST00000376718.8	PRUNE2	ENSG00000106772.19	mrna
A00839:75:H7MFFDSXY:3:2216:30463:32831	chr9	76709389	76709538	True	-266	150M	255	1	25	0.9614627361297607	ambig_opp_strand	unspliced	22928	19	RIGEL_NRNA_chr9_1_76704847_76710661		RIGEL_NRNA_chr9_1_76704847_76710661	nrna
A00839:75:H7MFFDSXY:3:2537:23800:27211	chr9	76709435	76709584	True	-408	150M	255	1	25	0.373765230178833	ambig_opp_strand	unspliced	22928	19	RIGEL_NRNA_chr9_1_76704847_76710661		RIGEL_NRNA_chr9_1_76704847_76710661	nrna
A00839:75:H7MFFDSXY:3:2109:23520:10347	chr9	76707564	76707713	True	-237	150M	255	1	25	0.9662676453590393	ambig_opp_strand	unspliced	22928	19	RIGEL_NRNA_chr9_1_76704847_76710661		RIGEL_NRNA_chr9_1_76704847_76710661	nrna
A00839:75:H7MFFDSXY:3:2115:31069:30154	chr9	76709950	76710099	False	295	150M	255	0	3	0.6548038125038147	ambig_opp_strand	unspliced	22928	17	ENST00000428286.5	PRUNE2	ENSG00000106772.19	mrna
A00839:75:H7MFFDSXY:3:1352:32904:12602	chr9	76703408	76703572	False	367	52M15D98M	255	19	3	0.19956490397453308	ambig_opp_strand	unspliced	22928	12	ENST00000428286.5	PRUNE2	ENSG00000106772.19	mrna
A00839:75:H7MFFDSXY:3:2169:31693:25504	chr9	76709112	76709237	True	-286	126M24S	255	0	25	0.9541400671005249	ambig_opp_strand	unspliced	22928	19	RIGEL_NRNA_chr9_1_76704847_76710661		RIGEL_NRNA_chr9_1_76704847_76710661	nrna
A00839:75:H7MFFDSXY:3:1139:17436:33191	chr9	76709433	76709582	False	387	150M	255	0	3	0.6322405934333801	ambig_opp_strand	unspliced	22928	19	ENST00000426088.5	PRUNE2	ENSG00000106772.19	mrna
A00839:75:H7MFFDSXY:3:1471:24668:8954	chr9	76704696	76704845	False	373	150M	255	0	5	0.9964151978492737	ambig_opp_strand	unspliced	-1	12	.	.	.	mrna
A00839:75:H7MFFDSXY:3:2222:23981:20259	chr9	76705421	76705570	False	312	150M	255	0	3	0.685969889163971	ambig_opp_strand	unspliced	22928	19	ENST00000426088.5	PRUNE2	ENSG00000106772.19	mrna
A00839:75:H7MFFDSXY:3:1662:5773:32346	chr9	76707092	76707241	True	-436	150M	255	1	5	0.5861430168151855	ambig_opp_strand	unspliced	-1	19	.	.	.	mrna
A00839:75:H7MFFDSXY:3:1319:22715:11804	chr9	76706693	76706840	True	-148	148M	255	1	25	0.9508317112922668	ambig_opp_strand	unspliced	22928	19	RIGEL_NRNA_chr9_1_76704847_76710661		RIGEL_NRNA_chr9_1_76704847_76710661	nrna
A00839:75:H7MFFDSXY:3:1658:5466:20165	chr9	76706755	76706904	True	-201	150M	255	0	25	0.9661571979522705	ambig_opp_strand	unspliced	22928	19	RIGEL_NRNA_chr9_1_76704847_76710661		RIGEL_NRNA_chr9_1_76704847_76710661	nrna
A00839:75:H7MFFDSXY:3:1223:9778:1705	chr9	76708613	76708762	False	284	150M	255	0	3	0.6871089339256287	ambig_opp_strand	unspliced	22928	19	ENST00000426088.5	PRUNE2	ENSG00000106772.19	mrna
A00839:75:H7MFFDSXY:3:2424:8684:29559	chr9	76708846	76708995	True	-342	150M	255	0	25	0.8686904907226562	ambig_opp_strand	unspliced	22928	19	RIGEL_NRNA_chr9_1_76704847_76710661		RIGEL_NRNA_chr9_1_76704847_76710661	nrna
A00839:75:H7MFFDSXY:3:2454:18322:22701	chr9	76705873	76706022	True	-302	150M	255	0	25	0.9437927603721619	ambig_opp_strand	unspliced	22928	19	RIGEL_NRNA_chr9_1_76704847_76710661		RIGEL_NRNA_chr9_1_76704847_76710661	nrna
A00839:75:H7MFFDSXY:3:2143:18548:36808	chr9	76707936	76708085	False	223	150M	255	0	3	0.10266202688217163	ambig_opp_strand	unspliced	22928	19	ENST00000376718.8	PRUNE2	ENSG00000106772.19	mrna
A00839:75:H7MFFDSXY:3:1349:4824:31015	chr9	76706627	76706776	False	184	150M	255	0	3	0.6875836253166199	ambig_opp_strand	unspliced	22928	19	ENST00000426088.5	PRUNE2	ENSG00000106772.19	mrna
A00839:75:H7MFFDSXY:3:1677:7690:27649	chr9	76708604	76708753	False	252	150M	255	0	3	0.6875958442687988	ambig_opp_strand	unspliced	22928	19	ENST00000426088.5	PRUNE2	ENSG00000106772.19	mrna
A00839:75:H7MFFDSXY:3:2552:8504:1188	chr9	76707089	76707238	True	-351	150M	255	1	25	0.8200932145118713	ambig_opp_strand	unspliced	22928	19	RIGEL_NRNA_chr9_1_76704847_76710661		RIGEL_NRNA_chr9_1_76704847_76710661	nrna
A00839:75:H7MFFDSXY:3:1513:18828:32816	chr9	76708136	76708285	True	-211	150M	255	0	25	0.966702938079834	ambig_opp_strand	unspliced	22928	19	RIGEL_NRNA_chr9_1_76704847_76710661		RIGEL_NRNA_chr9_1_76704847_76710661	nrna
A00839:75:H7MFFDSXY:3:2337:31430:28995	chr9	76705299	76705448	True	-354	150M	255	0	5	0.17705053091049194	ambig_opp_strand	unspliced	-1	26	.	.	.	mrna
A00839:75:H7MFFDSXY:3:1563:21350:3991	chr9	76709988	76710137	False	277	150M	255	0	3	0.3281424641609192	ambig_opp_strand	unspliced	22928	17	ENST00000376718.8	PRUNE2	ENSG00000106772.19	mrna
A00839:75:H7MFFDSXY:3:1176:16333:3192	chr9	76706498	76706647	False	443	150M	255	0	3	0.6069962978363037	ambig_opp_strand	unspliced	22928	19	ENST00000426088.5	PRUNE2	ENSG00000106772.19	mrna
A00839:75:H7MFFDSXY:3:1215:12644:26522	chr9	76709524	76709673	True	-275	150M	255	0	25	0.9583810567855835	ambig_opp_strand	unspliced	22928	19	RIGEL_NRNA_chr9_1_76704847_76710661		RIGEL_NRNA_chr9_1_76704847_76710661	nrna
A00839:75:H7MFFDSXY:3:1503:16251:36307	chr9	76705764	76705913	False	299	150M	255	0	3	0.6866758465766907	ambig_opp_strand	unspliced	22928	19	ENST00000426088.5	PRUNE2	ENSG00000106772.19	mrna
A00839:75:H7MFFDSXY:3:1566:8368:9846	chr9	76708021	76708170	False	425	150M	255	0	3	0.6305360794067383	ambig_opp_strand	unspliced	22928	19	ENST00000426088.5	PRUNE2	ENSG00000106772.19	mrna
A00839:75:H7MFFDSXY:3:2509:17508:22670	chr9	76706712	76706861	False	271	150M	255	0	3	0.687349796295166	ambig_opp_strand	unspliced	22928	19	ENST00000426088.5	PRUNE2	ENSG00000106772.19	mrna
A00839:75:H7MFFDSXY:3:2532:16288:15139	chr9	76706256	76706405	False	197	150M	255	1	3	0.6876515746116638	ambig_opp_strand	unspliced	22928	19	ENST00000426088.5	PRUNE2	ENSG00000106772.19	mrna
A00839:75:H7MFFDSXY:3:1428:17427:16892	chr9	76703203	76703352	False	251	150M	255	0	64	0.0	.	unspliced	-1	0	.	.	.	mrna
A00839:75:H7MFFDSXY:3:1139:28700:13808	chr9	76708524	76708673	False	314	150M	255	0	3	0.6858598589897156	ambig_opp_strand	unspliced	22928	19	ENST00000426088.5	PRUNE2	ENSG00000106772.19	mrna
A00839:75:H7MFFDSXY:3:2446:22625:23641	chr9	76708704	76708853	True	-251	150M	255	0	25	0.9646784663200378	ambig_opp_strand	unspliced	22928	19	RIGEL_NRNA_chr9_1_76704847_76710661		RIGEL_NRNA_chr9_1_76704847_76710661	nrna
A00839:75:H7MFFDSXY:3:1348:16034:26913	chr9	76703539	76703688	False	448	150M	255	1	3	0.625842809677124	ambig_opp_strand	unspliced	22928	12	ENST00000426088.5	PRUNE2	ENSG00000106772.19	mrna
A00839:75:H7MFFDSXY:3:2104:22101:4539	chr9	76708591	76708740	True	-164	150M	255	2	25	0.959511935710907	ambig_opp_strand	unspliced	22928	19	RIGEL_NRNA_chr9_1_76704847_76710661		RIGEL_NRNA_chr9_1_76704847_76710661	nrna
A00839:75:H7MFFDSXY:3:2374:1741:1282	chr9	76709154	76709291	False	302	84M12I54M	255	13	3	0.2049187421798706	ambig_opp_strand	unspliced	22928	19	ENST00000428286.5	PRUNE2	ENSG00000106772.19	mrna
A00839:75:H7MFFDSXY:3:2622:22724:21809	chr9	76706418	76706566	False	223	149M	255	1	3	0.6877014636993408	ambig_opp_strand	unspliced	22928	19	ENST00000426088.5	PRUNE2	ENSG00000106772.19	mrna
A00839:75:H7MFFDSXY:3:2611:18032:3724	chr9	76707201	76707350	False	241	150M	255	0	3	0.6876555681228638	ambig_opp_strand	unspliced	22928	19	ENST00000426088.5	PRUNE2	ENSG00000106772.19	mrna
A00839:75:H7MFFDSXY:3:1556:28302:18067	chr9	76706341	76706490	True	-427	150M	255	1	5	0.6008408069610596	ambig_opp_strand	unspliced	-1	19	.	.	.	mrna
A00839:75:H7MFFDSXY:3:1659:7771:10567	chr9	76709061	76709210	False	350	150M	255	0	3	0.10145683586597443	ambig_opp_strand	unspliced	22928	19	ENST00000376718.8	PRUNE2	ENSG00000106772.19	mrna
A00839:75:H7MFFDSXY:3:1245:8703:15217	chr9	76708762	76708904	True	-143	143M	255	1	25	0.9457275867462158	ambig_opp_strand	unspliced	22928	19	RIGEL_NRNA_chr9_1_76704847_76710661		RIGEL_NRNA_chr9_1_76704847_76710661	nrna
A00839:75:H7MFFDSXY:3:1111:22788:17409	chr9	76707612	76707761	True	-424	150M	255	1	25	0.38369420170783997	ambig_opp_strand	unspliced	22928	19	RIGEL_NRNA_chr9_1_76704847_76710661		RIGEL_NRNA_chr9_1_76704847_76710661	nrna
A00839:75:H7MFFDSXY:3:1414:3766:22639	chr9	76708448	76708597	False	339	150M	255	0	3	0.10196415334939957	ambig_opp_strand	unspliced	22928	19	ENST00000376718.8	PRUNE2	ENSG00000106772.19	mrna
A00839:75:H7MFFDSXY:3:1663:16486:15640	chr9	76709838	76709987	False	305	150M	255	0	3	0.6864070296287537	ambig_opp_strand	unspliced	22928	19	ENST00000426088.5	PRUNE2	ENSG00000106772.19	mrna
A00839:75:H7MFFDSXY:3:2373:21359:36198	chr9	76704720	76704869	False	273	150M	255	0	5	0.902775764465332	ambig_opp_strand	unspliced	-1	12	.	.	.	mrna
A00839:75:H7MFFDSXY:3:2312:14570:14418	chr9	76708181	76708330	False	170	150M	255	0	3	0.6874341368675232	ambig_opp_strand	unspliced	22928	19	ENST00000426088.5	PRUNE2	ENSG00000106772.19	mrna
A00839:75:H7MFFDSXY:3:2604:29541:6026	chr9	76707569	76707718	True	-368	150M	255	0	25	0.6756607890129089	ambig_opp_strand	unspliced	22928	19	RIGEL_NRNA_chr9_1_76704847_76710661		RIGEL_NRNA_chr9_1_76704847_76710661	nrna
A00839:75:H7MFFDSXY:3:1176:18548:26976	chr9	76705607	76705756	True	-247	150M	255	1	25	0.9654025435447693	ambig_opp_strand	unspliced	22928	19	RIGEL_NRNA_chr9_1_76704847_76710661		RIGEL_NRNA_chr9_1_76704847_76710661	nrna
A00839:75:H7MFFDSXY:3:2629:4435:23516	chr9	76708629	76708778	False	207	150M	255	0	3	0.687678337097168	ambig_opp_strand	unspliced	22928	19	ENST00000426088.5	PRUNE2	ENSG00000106772.19	mrna
A00839:75:H7MFFDSXY:3:1267:29695:28275	chr9	76708980	76709129	True	-288	150M	255	0	25	0.9536059498786926	ambig_opp_strand	unspliced	22928	19	RIGEL_NRNA_chr9_1_76704847_76710661		RIGEL_NRNA_chr9_1_76704847_76710661	nrna
A00839:75:H7MFFDSXY:3:2442:12626:8359	chr9	76709478	76709627	False	280	150M	255	1	3	0.6871975064277649	ambig_opp_strand	unspliced	22928	19	ENST00000426088.5	PRUNE2	ENSG00000106772.19	mrna
A00839:75:H7MFFDSXY:3:1447:11071:23985	chr9	76709541	76709690	False	158	150M	255	0	3	0.6871842741966248	ambig_opp_strand	unspliced	22928	19	ENST00000426088.5	PRUNE2	ENSG00000106772.19	mrna
A00839:75:H7MFFDSXY:3:2356:26711:12179	chr9	76705942	76706091	True	-317	150M	255	1	25	0.9275355339050293	ambig_opp_strand	unspliced	22928	19	RIGEL_NRNA_chr9_1_76704847_76710661		RIGEL_NRNA_chr9_1_76704847_76710661	nrna
A00839:75:H7MFFDSXY:3:1476:28745:2675	chr9	76703550	76703699	False	330	150M	255	1	3	0.684524416923523	ambig_opp_strand	unspliced	22928	12	ENST00000426088.5	PRUNE2	ENSG00000106772.19	mrna
A00839:75:H7MFFDSXY:3:2371:15411:18035	chr9	76708953	76709102	False	341	150M	255	0	3	0.6824187636375427	ambig_opp_strand	unspliced	22928	19	ENST00000426088.5	PRUNE2	ENSG00000106772.19	mrna
A00839:75:H7MFFDSXY:3:2322:10086:18145	chr9	76708390	76708539	False	284	150M	255	0	3	0.20509175956249237	ambig_opp_strand	unspliced	22928	19	ENST00000428286.5	PRUNE2	ENSG00000106772.19	mrna
A00839:75:H7MFFDSXY:3:2368:11053:16407	chr9	76706224	76706373	True	-359	150M	255	2	25	0.7650921940803528	ambig_opp_strand	unspliced	22928	19	RIGEL_NRNA_chr9_1_76704847_76710661		RIGEL_NRNA_chr9_1_76704847_76710661	nrna
A00839:75:H7MFFDSXY:3:1309:14335:25567	chr9	76709354	76709503	True	-284	150M	255	1	25	0.955115020275116	ambig_opp_strand	unspliced	22928	19	RIGEL_NRNA_chr9_1_76704847_76710661		RIGEL_NRNA_chr9_1_76704847_76710661	nrna
A00839:75:H7MFFDSXY:3:2648:18005:33019	chr9	76704645	76704793	False	393	1S149M	255	0	5	0.9985404014587402	ambig_opp_strand	unspliced	-1	12	.	.	.	mrna
A00839:75:H7MFFDSXY:3:1624:16721:29168	chr9	76707915	76708064	False	350	150M	255	0	3	0.6796282529830933	ambig_opp_strand	unspliced	22928	19	ENST00000426088.5	PRUNE2	ENSG00000106772.19	mrna
A00839:75:H7MFFDSXY:3:1642:3206:19946	chr9	76709118	76709237	True	-217	120M30S	255	0	25	0.9663810133934021	ambig_opp_strand	unspliced	22928	19	RIGEL_NRNA_chr9_1_76704847_76710661		RIGEL_NRNA_chr9_1_76704847_76710661	nrna
A00839:75:H7MFFDSXY:3:1468:29197:2080	chr9	76705176	76705325	True	-300	150M	255	0	25	0.8980106711387634	ambig_opp_strand	unspliced	22928	22	RIGEL_NRNA_chr9_1_76704847_76710661		RIGEL_NRNA_chr9_1_76704847_76710661	nrna
A00839:75:H7MFFDSXY:3:2103:10493:25426	chr9	76709432	76709581	True	-330	150M	255	0	25	0.9058647155761719	ambig_opp_strand	unspliced	22928	19	RIGEL_NRNA_chr9_1_76704847_76710661		RIGEL_NRNA_chr9_1_76704847_76710661	nrna
A00839:75:H7MFFDSXY:3:1475:23104:27978	chr9	76703875	76704024	False	204	150M	255	1	3	0.6877153515815735	ambig_opp_strand	unspliced	22928	12	ENST00000426088.5	PRUNE2	ENSG00000106772.19	mrna
A00839:75:H7MFFDSXY:3:1612:1940:10081	chr9	76707498	76707643	False	146	146M	255	0	3	0.6867371201515198	ambig_opp_strand	unspliced	22928	19	ENST00000426088.5	PRUNE2	ENSG00000106772.19	mrna
A00839:75:H7MFFDSXY:3:1205:13684:3803	chr9	76708890	76709039	False	348	150M	3	0	128	0.0	.	unknown	-1	0	.	.	.	mrna
A00839:75:H7MFFDSXY:3:2254:13033:26443	chr9	76709781	76709930	True	-252	150M	255	1	25	0.9648229479789734	ambig_opp_strand	unspliced	22928	19	RIGEL_NRNA_chr9_1_76704847_76710661		RIGEL_NRNA_chr9_1_76704847_76710661	nrna
A00839:75:H7MFFDSXY:3:1508:14326:24518	chr9	76708599	76708748	False	276	150M	255	0	3	0.6872606873512268	ambig_opp_strand	unspliced	22928	19	ENST00000426088.5	PRUNE2	ENSG00000106772.19	mrna
A00839:75:H7MFFDSXY:3:1527:4363:21010	chr9	76704740	76704889	True	-327	150M	255	0	5	0.884818971157074	ambig_opp_strand	unspliced	-1	12	.	.	.	mrna
A00839:75:H7MFFDSXY:3:1131:20925:17942	chr9	76703964	76704113	True	-435	150M	255	2	5	0.9927717447280884	ambig_opp_strand	unspliced	-1	12	.	.	.	mrna
A00839:75:H7MFFDSXY:3:1451:31403:14074	chr9	76706152	76706301	True	-367	150M	255	0	25	0.685042679309845	ambig_opp_strand	unspliced	22928	19	RIGEL_NRNA_chr9_1_76704847_76710661		RIGEL_NRNA_chr9_1_76704847_76710661	nrna
A00839:75:H7MFFDSXY:3:1555:2175:19038	chr9	76705974	76706123	True	-268	150M	255	0	25	0.9607782363891602	ambig_opp_strand	unspliced	22928	19	RIGEL_NRNA_chr9_1_76704847_76710661		RIGEL_NRNA_chr9_1_76704847_76710661	nrna
A00839:75:H7MFFDSXY:3:1209:14751:9345	chr9	76705254	76705380	False	127	127M	255	0	3	0.2044205218553543	ambig_opp_strand	unspliced	22928	26	ENST00000428286.5	PRUNE2	ENSG00000106772.19	mrna
A00839:75:H7MFFDSXY:3:1206:14705:31720	chr9	76708821	76708970	False	283	150M	255	0	3	0.20509690046310425	ambig_opp_strand	unspliced	22928	19	ENST00000428286.5	PRUNE2	ENSG00000106772.19	mrna
A00839:75:H7MFFDSXY:3:2135:19596:28792	chr9	76703311	76703475	False	241	149M15D1M	255	15	5	0.8591398596763611	ambig_opp_strand	unspliced	-1	12	.	.	.	mrna
A00839:75:H7MFFDSXY:3:1107:1136:16485	chr9	76705612	76705761	False	291	150M	255	1	3	0.6869463324546814	ambig_opp_strand	unspliced	22928	19	ENST00000426088.5	PRUNE2	ENSG00000106772.19	mrna
A00839:75:H7MFFDSXY:3:2339:30165:30123	chr9	76705144	76705293	True	-206	150M	255	1	25	0.9157096743583679	ambig_opp_strand	unspliced	22928	24	RIGEL_NRNA_chr9_1_76704847_76710661		RIGEL_NRNA_chr9_1_76704847_76710661	nrna
A00839:75:H7MFFDSXY:3:2337:2971:13401	chr9	76708792	76708941	False	306	150M	255	1	3	0.6863425374031067	ambig_opp_strand	unspliced	22928	19	ENST00000426088.5	PRUNE2	ENSG00000106772.19	mrna
A00839:75:H7MFFDSXY:3:1601:2736:25019	chr9	76707794	76707943	False	352	150M	255	1	3	0.678833544254303	ambig_opp_strand	unspliced	22928	19	ENST00000426088.5	PRUNE2	ENSG00000106772.19	mrna
A00839:75:H7MFFDSXY:3:1103:20446:36839	chr9	76708150	76708299	True	-305	150M	255	0	25	0.9414352774620056	ambig_opp_strand	unspliced	22928	19	RIGEL_NRNA_chr9_1_76704847_76710661		RIGEL_NRNA_chr9_1_76704847_76710661	nrna
A00839:75:H7MFFDSXY:3:1504:29125:22748	chr9	76706562	76706711	True	-366	150M	255	0	5	0.2902640104293823	ambig_opp_strand	unspliced	-1	19	.	.	.	mrna
A00839:75:H7MFFDSXY:3:2414:6831:29199	chr9	76708645	76708794	True	-334	150M	255	1	25	0.8956617116928101	ambig_opp_strand	unspliced	22928	19	RIGEL_NRNA_chr9_1_76704847_76710661		RIGEL_NRNA_chr9_1_76704847_76710661	nrna
A00839:75:H7MFFDSXY:3:1329:19361:36683	chr9	76708354	76708503	False	274	150M	255	0	3	0.6872929334640503	ambig_opp_strand	unspliced	22928	19	ENST00000426088.5	PRUNE2	ENSG00000106772.19	mrna
A00839:75:H7MFFDSXY:3:1523:15718:29528	chr9	76709335	76709484	True	-182	150M	255	0	25	0.9640100002288818	ambig_opp_strand	unspliced	22928	19	RIGEL_NRNA_chr9_1_76704847_76710661		RIGEL_NRNA_chr9_1_76704847_76710661	nrna
A00839:75:H7MFFDSXY:3:1122:2492:28729	chr9	76708989	76709138	False	292	150M	255	0	3	0.6869170069694519	ambig_opp_strand	unspliced	22928	19	ENST00000426088.5	PRUNE2	ENSG00000106772.19	mrna
A00839:75:H7MFFDSXY:3:1376:29134:23077	chr9	76703722	76703871	True	-262	150M	255	1	25	0.2484423667192459	ambig_opp_strand	unspliced	22928	12	RIGEL_NRNA_chr9_1_76700179_76740086		RIGEL_NRNA_chr9_1_76700179_76740086	nrna
A00839:75:H7MFFDSXY:3:2168:19479:33473	chr9	76708735	76708884	False	389	150M	255	0	3	0.6225248575210571	ambig_opp_strand	unspliced	22928	19	ENST00000426088.5	PRUNE2	ENSG00000106772.19	mrna
A00839:75:H7MFFDSXY:3:2549:30011:7717	chr9	76707900	76708049	True	-334	150M	255	0	25	0.8956617116928101	ambig_opp_strand	unspliced	22928	19	RIGEL_NRNA_chr9_1_76704847_76710661		RIGEL_NRNA_chr9_1_76704847_76710661	nrna
A00839:75:H7MFFDSXY:3:2501:13150:14967	chr9	76707683	76707803	True	-311	6S121M23S	255	2	25	0.9347026944160461	ambig_opp_strand	unspliced	22928	19	RIGEL_NRNA_chr9_1_76704847_76710661		RIGEL_NRNA_chr9_1_76704847_76710661	nrna
A00839:75:H7MFFDSXY:3:1205:29243:15154	chr9	76707417	76707566	True	-355	150M	255	0	25	0.7929695248603821	ambig_opp_strand	unspliced	22928	19	RIGEL_NRNA_chr9_1_76704847_76710661		RIGEL_NRNA_chr9_1_76704847_76710661	nrna
A00839:75:H7MFFDSXY:3:2362:6406:31407	chr9	76709274	76709423	False	388	150M	255	2	5	0.08674028515815735	ambig_opp_strand	unspliced	-1	19	.	.	.	mrna
A00839:75:H7MFFDSXY:3:2103:20509:20290	chr9	76705725	76705874	False	224	150M	255	0	3	0.20526622235774994	ambig_opp_strand	unspliced	22928	19	ENST00000428286.5	PRUNE2	ENSG00000106772.19	mrna
A00839:75:H7MFFDSXY:3:1273:23845:17895	chr9	76705045	76705194	False	402	150M	255	0	5	0.0955614447593689	ambig_opp_strand	unspliced	-1	22	.	.	.	mrna
A00839:75:H7MFFDSXY:3:1471:6072:16986	chr9	76703634	76703783	True	-379	150M	255	1	5	0.9773117899894714	ambig_opp_strand	unspliced	-1	12	.	.	.	mrna
A00839:75:H7MFFDSXY:3:1216:32624:18975	chr9	76703364	76703528	True	-257	96M15D54M	255	15	25	0.36619675159454346	ambig_opp_strand	unspliced	22928	12	RIGEL_NRNA_chr9_1_76700179_76740086		RIGEL_NRNA_chr9_1_76700179_76740086	nrna
A00839:75:H7MFFDSXY:3:2654:15609:11741	chr9	76705384	76705533	True	-237	150M	255	0	25	0.9105939865112305	ambig_opp_strand	unspliced	22928	26	RIGEL_NRNA_chr9_1_76704847_76710661		RIGEL_NRNA_chr9_1_76704847_76710661	nrna
A00839:75:H7MFFDSXY:3:1526:32154:20415	chr9	76704901	76705046	True	-146	146M	255	0	25	0.9002227783203125	ambig_opp_strand	unspliced	22928	22	RIGEL_NRNA_chr9_1_76704847_76710661		RIGEL_NRNA_chr9_1_76704847_76710661	nrna
A00839:75:H7MFFDSXY:3:2204:26729:5447	chr9	76708298	76708447	True	-348	150M	255	0	5	0.141984760761261	ambig_opp_strand	unspliced	-1	19	.	.	.	mrna
A00839:75:H7MFFDSXY:3:1236:26160:6339	chr9	76704859	76705008	False	286	150M	255	0	3	0.687057614326477	ambig_opp_strand	unspliced	22928	22	ENST00000426088.5	PRUNE2	ENSG00000106772.19	mrna
A00839:75:H7MFFDSXY:3:2625:4761:17284	chr9	76703923	76704072	True	-217	150M	255	4	3	0.22671329975128174	ambig_opp_strand	unspliced	22928	12	ENST00000426088.5	PRUNE2	ENSG00000106772.19	mrna
A00839:75:H7MFFDSXY:3:2608:5945:5619	chr9	76704961	76705110	False	321	150M	255	0	3	0.6853572130203247	ambig_opp_strand	unspliced	22928	22	ENST00000426088.5	PRUNE2	ENSG00000106772.19	mrna
A00839:75:H7MFFDSXY:3:1405:32796:34115	chr9	76705846	76705995	False	280	150M	255	0	3	0.6871975064277649	ambig_opp_strand	unspliced	22928	19	ENST00000426088.5	PRUNE2	ENSG00000106772.19	mrna
A00839:75:H7MFFDSXY:3:1277:14244:16172	chr9	76709010	76709159	True	-198	150M	255	0	25	0.9661478996276855	ambig_opp_strand	unspliced	22928	19	RIGEL_NRNA_chr9_1_76704847_76710661		RIGEL_NRNA_chr9_1_76704847_76710661	nrna
A00839:75:H7MFFDSXY:3:1558:15139:3223	chr9	76709481	76709630	True	-294	150M	255	1	25	0.9499852657318115	ambig_opp_strand	unspliced	22928	19	RIGEL_NRNA_chr9_1_76704847_76710661		RIGEL_NRNA_chr9_1_76704847_76710661	nrna
A00839:75:H7MFFDSXY:3:1426:32461:11021	chr9	76708325	76708474	True	-162	150M	255	0	25	0.9589009284973145	ambig_opp_strand	unspliced	22928	19	RIGEL_NRNA_chr9_1_76704847_76710661		RIGEL_NRNA_chr9_1_76704847_76710661	nrna
A00839:75:H7MFFDSXY:3:1631:1787:17268	chr9	76704881	76705030	False	348	150M	255	0	3	0.10159409791231155	ambig_opp_strand	unspliced	22928	22	ENST00000376718.8	PRUNE2	ENSG00000106772.19	mrna
A00839:75:H7MFFDSXY:3:1619:8088:26209	chr9	76705705	76705854	False	198	150M	255	1	3	0.6876615881919861	ambig_opp_strand	unspliced	22928	19	ENST00000426088.5	PRUNE2	ENSG00000106772.19	mrna
A00839:75:H7MFFDSXY:3:1312:26521:36088	chr9	76705391	76705540	False	407	150M	255	0	3	0.09345537424087524	ambig_opp_strand	unspliced	22928	19	ENST00000376718.8	PRUNE2	ENSG00000106772.19	mrna
A00839:75:H7MFFDSXY:3:2433:24731:13636	chr9	76706772	76706921	True	-320	150M	255	0	25	0.9231412410736084	ambig_opp_strand	unspliced	22928	19	RIGEL_NRNA_chr9_1_76704847_76710661		RIGEL_NRNA_chr9_1_76704847_76710661	nrna
A00839:75:H7MFFDSXY:3:2144:21549:15890	chr9	76707419	76707568	True	-468	150M	255	0	5	0.6213935017585754	ambig_opp_strand	unspliced	-1	19	.	.	.	mrna
A00839:75:H7MFFDSXY:3:2244:1362:28620	chr9	76705621	76705770	False	244	150M	255	1	3	0.10265277326107025	ambig_opp_strand	unspliced	22928	19	ENST00000376718.8	PRUNE2	ENSG00000106772.19	mrna
A00839:75:H7MFFDSXY:3:1251:14760:35571	chr9	76706070	76706219	True	-272	150M	255	0	25	0.959537148475647	ambig_opp_strand	unspliced	22928	19	RIGEL_NRNA_chr9_1_76704847_76710661		RIGEL_NRNA_chr9_1_76704847_76710661	nrna
A00839:75:H7MFFDSXY:3:2244:10411:22999	chr9	76706130	76706279	False	266	150M	255	0	3	0.68742835521698	ambig_opp_strand	unspliced	22928	19	ENST00000426088.5	PRUNE2	ENSG00000106772.19	mrna
A00839:75:H7MFFDSXY:3:2630:23393:23469	chr9	76707775	76707924	True	-456	150M	255	1	5	0.6187203526496887	ambig_opp_strand	unspliced	-1	19	.	.	.	mrna
A00839:75:H7MFFDSXY:3:2166:27118:23625	chr9	76704705	76704854	True	-155	150M	255	0	25	0.2709336578845978	ambig_opp_strand	unspliced	22928	12	RIGEL_NRNA_chr9_1_76700179_76740086		RIGEL_NRNA_chr9_1_76700179_76740086	nrna
A00839:75:H7MFFDSXY:3:2157:14290:34945	chr9	76709220	76709367	False	289	2S148M	255	1	3	0.6869972348213196	ambig_opp_strand	unspliced	22928	19	ENST00000426088.5	PRUNE2	ENSG00000106772.19	mrna
A00839:75:H7MFFDSXY:3:2654:31530:27571	chr9	76709401	76709550	False	305	150M	255	2	3	0.20488223433494568	ambig_opp_strand	unspliced	22928	19	ENST00000428286.5	PRUNE2	ENSG00000106772.19	mrna
A00839:75:H7MFFDSXY:3:1332:29839:33348	chr9	76706889	76707038	False	308	150M	255	1	3	0.6862510442733765	ambig_opp_strand	unspliced	22928	19	ENST00000426088.5	PRUNE2	ENSG00000106772.19	mrna
A00839:75:H7MFFDSXY:3:2509:22498:22576	chr9	76706863	76707012	False	422	150M	255	1	3	0.0922461673617363	ambig_opp_strand	unspliced	22928	19	ENST00000376718.8	PRUNE2	ENSG00000106772.19	mrna
A00839:75:H7MFFDSXY:3:1278:16324:21057	chr9	76708092	76708241	True	-185	150M	255	0	25	0.9646268486976624	ambig_opp_strand	unspliced	22928	19	RIGEL_NRNA_chr9_1_76704847_76710661		RIGEL_NRNA_chr9_1_76704847_76710661	nrna
A00839:75:H7MFFDSXY:3:1251:25075:6872	chr9	76703610	76703743	False	134	134M	255	0	3	0.6859131455421448	ambig_opp_strand	unspliced	22928	12	ENST00000426088.5	PRUNE2	ENSG00000106772.19	mrna
A00839:75:H7MFFDSXY:3:2418:8585:25535	chr9	76705976	76706125	False	262	150M	255	0	3	0.6874751448631287	ambig_opp_strand	unspliced	22928	19	ENST00000426088.5	PRUNE2	ENSG00000106772.19	mrna
A00839:75:H7MFFDSXY:3:1101:21097:19210	chr9	76709351	76709500	True	-281	150M	255	1	25	0.9562086462974548	ambig_opp_strand	unspliced	22928	19	RIGEL_NRNA_chr9_1_76704847_76710661		RIGEL_NRNA_chr9_1_76704847_76710661	nrna
A00839:75:H7MFFDSXY:3:1164:4435:34945	chr9	76709249	76709398	False	253	150M	255	1	3	0.1026434451341629	ambig_opp_strand	unspliced	22928	19	ENST00000376718.8	PRUNE2	ENSG00000106772.19	mrna
A00839:75:H7MFFDSXY:3:2625:22336:8453	chr9	76708868	76709017	True	-420	150M	255	0	25	0.4115047752857208	ambig_opp_strand	unspliced	22928	19	RIGEL_NRNA_chr9_1_76704847_76710661		RIGEL_NRNA_chr9_1_76704847_76710661	nrna
A00839:75:H7MFFDSXY:3:1135:7184:8797	chr9	76705633	76705782	True	-272	150M	255	1	25	0.959537148475647	ambig_opp_strand	unspliced	22928	19	RIGEL_NRNA_chr9_1_76704847_76710661		RIGEL_NRNA_chr9_1_76704847_76710661	nrna
A00839:75:H7MFFDSXY:3:2332:32606:26490	chr9	76707878	76708022	True	-390	5S145M	255	0	5	0.5713198184967041	ambig_opp_strand	unspliced	-1	19	.	.	.	mrna
A00839:75:H7MFFDSXY:3:2129:17110:25958	chr9	76706883	76707032	False	215	150M	255	1	3	0.2052682638168335	ambig_opp_strand	unspliced	22928	19	ENST00000428286.5	PRUNE2	ENSG00000106772.19	mrna
A00839:75:H7MFFDSXY:3:1447:8956:23547	chr9	76706258	76706407	False	294	150M	255	1	3	0.10253461450338364	ambig_opp_strand	unspliced	22928	19	ENST00000376718.8	PRUNE2	ENSG00000106772.19	mrna
A00839:75:H7MFFDSXY:3:1630:1976:15060	chr9	76706501	76706650	False	233	150M	255	0	3	0.6876754760742188	ambig_opp_strand	unspliced	22928	19	ENST00000426088.5	PRUNE2	ENSG00000106772.19	mrna
A00839:75:H7MFFDSXY:3:2536:28745:12665	chr9	76706681	76706830	True	-353	150M	255	0	25	0.8048648834228516	ambig_opp_strand	unspliced	22928	19	RIGEL_NRNA_chr9_1_76704847_76710661		RIGEL_NRNA_chr9_1_76704847_76710661	nrna
A00839:75:H7MFFDSXY:3:2256:31774:12868	chr9	76705236	76705385	False	351	150M	255	0	3	0.6792387962341309	ambig_opp_strand	unspliced	22928	19	ENST00000426088.5	PRUNE2	ENSG00000106772.19	mrna
A00839:75:H7MFFDSXY:3:1512:2591:5008	chr9	76705581	76705730	True	-431	150M	255	1	5	0.5865440964698792	ambig_opp_strand	unspliced	-1	19	.	.	.	mrna
A00839:75:H7MFFDSXY:3:2405:22788:21230	chr9	76708317	76708466	False	285	150M	255	0	3	0.6870914697647095	ambig_opp_strand	unspliced	22928	19	ENST00000426088.5	PRUNE2	ENSG00000106772.19	mrna
A00839:75:H7MFFDSXY:3:1460:31955:2879	chr9	76703815	76703964	True	-481	150M	255	0	64	0.0	.	unspliced	-1	0	.	.	.	mrna
A00839:75:H7MFFDSXY:3:2170:30318:29606	chr9	76705984	76706133	True	-324	150M	255	0	25	0.9173480868339539	ambig_opp_strand	unspliced	22928	19	RIGEL_NRNA_chr9_1_76704847_76710661		RIGEL_NRNA_chr9_1_76704847_76710661	nrna
A00839:75:H7MFFDSXY:3:1135:28456:2801	chr9	76709615	76709764	True	-272	150M	255	2	25	0.959537148475647	ambig_opp_strand	unspliced	22928	19	RIGEL_NRNA_chr9_1_76704847_76710661		RIGEL_NRNA_chr9_1_76704847_76710661	nrna
A00839:75:H7MFFDSXY:3:2407:5855:35243	chr9	76707854	76708003	False	330	150M	255	0	3	0.6844899654388428	ambig_opp_strand	unspliced	22928	19	ENST00000426088.5	PRUNE2	ENSG00000106772.19	mrna
A00839:75:H7MFFDSXY:3:1506:11053:36949	chr9	76705944	76706093	True	-185	150M	255	1	25	0.9646268486976624	ambig_opp_strand	unspliced	22928	19	RIGEL_NRNA_chr9_1_76704847_76710661		RIGEL_NRNA_chr9_1_76704847_76710661	nrna
A00839:75:H7MFFDSXY:3:2321:19777:30076	chr9	76705829	76705978	True	-373	150M	255	0	25	0.6059832572937012	ambig_opp_strand	unspliced	22928	19	RIGEL_NRNA_chr9_1_76704847_76710661		RIGEL_NRNA_chr9_1_76704847_76710661	nrna
A00839:75:H7MFFDSXY:3:2331:7039:24706	chr9	76707448	76707597	False	405	150M	255	1	3	0.6192970275878906	ambig_opp_strand	unspliced	22928	19	ENST00000426088.5	PRUNE2	ENSG00000106772.19	mrna
A00839:75:H7MFFDSXY:3:2248:20311:9768	chr9	76708344	76708454	True	-215	39S111M	255	6	25	0.9669297337532043	ambig_opp_strand	unspliced	22928	19	RIGEL_NRNA_chr9_1_76704847_76710661		RIGEL_NRNA_chr9_1_76704847_76710661	nrna
A00839:75:H7MFFDSXY:3:1603:14832:32377	chr9	76707549	76707698	True	-502	150M	255	0	25	0.4178612232208252	ambig_opp_strand	unspliced	22928	19	RIGEL_NRNA_chr9_1_76704847_76710661		RIGEL_NRNA_chr9_1_76704847_76710661	nrna
A00839:75:H7MFFDSXY:3:2404:10682:5400	chr9	76705037	76705186	False	281	150M	255	0	3	0.10258154571056366	ambig_opp_strand	unspliced	22928	22	ENST00000376718.8	PRUNE2	ENSG00000106772.19	mrna
A00839:75:H7MFFDSXY:3:1444:11162:7075	chr9	76703771	76703920	True	-189	150M	255	1	5	0.41099733114242554	ambig_opp_strand	unspliced	-1	12	.	.	.	mrna
A00839:75:H7MFFDSXY:3:1351:9118:22858	chr9	76706489	76706638	True	-270	150M	255	0	25	0.9601799249649048	ambig_opp_strand	unspliced	22928	19	RIGEL_NRNA_chr9_1_76704847_76710661		RIGEL_NRNA_chr9_1_76704847_76710661	nrna
A00839:75:H7MFFDSXY:3:2220:5132:18302	chr9	76708593	76708742	True	-238	150M	255	1	25	0.9663636684417725	ambig_opp_strand	unspliced	22928	19	RIGEL_NRNA_chr9_1_76704847_76710661		RIGEL_NRNA_chr9_1_76704847_76710661	nrna
A00839:75:H7MFFDSXY:3:2249:14904:16532	chr9	76708605	76708754	False	469	150M	255	2	3	0.18678101897239685	ambig_opp_strand	unspliced	22928	19	ENST00000428286.5	PRUNE2	ENSG00000106772.19	mrna
A00839:75:H7MFFDSXY:3:2175:13223:28808	chr9	76707857	76708006	False	272	150M	255	0	3	0.6873318552970886	ambig_opp_strand	unspliced	22928	19	ENST00000426088.5	PRUNE2	ENSG00000106772.19	mrna
A00839:75:H7MFFDSXY:3:2261:22146:3552	chr9	76703872	76704021	False	257	150M	255	2	5	0.8787243366241455	ambig_opp_strand	unspliced	-1	12	.	.	.	mrna
A00839:75:H7MFFDSXY:3:1416:27832:15154	chr9	76707249	76707398	False	271	150M	255	0	3	0.2051636427640915	ambig_opp_strand	unspliced	22928	19	ENST00000428286.5	PRUNE2	ENSG00000106772.19	mrna
A00839:75:H7MFFDSXY:3:2370:1814:34068	chr9	76703293	76703442	False	321	150M	255	0	5	0.9656543135643005	ambig_opp_strand	unspliced	-1	12	.	.	.	mrna
A00839:75:H7MFFDSXY:3:2450:27787:25160	chr9	76709057	76709206	True	-355	150M	255	0	25	0.7929695844650269	ambig_opp_strand	unspliced	22928	19	RIGEL_NRNA_chr9_1_76704847_76710661		RIGEL_NRNA_chr9_1_76704847_76710661	nrna
A00839:75:H7MFFDSXY:3:1607:18837:5776	chr9	76705715	76705864	True	-343	150M	255	1	25	0.8618380427360535	ambig_opp_strand	unspliced	22928	19	RIGEL_NRNA_chr9_1_76704847_76710661		RIGEL_NRNA_chr9_1_76704847_76710661	nrna
A00839:75:H7MFFDSXY:3:1452:8178:24424	chr9	76704832	76704981	True	-347	150M	255	0	5	0.9438661336898804	ambig_opp_strand	unspliced	-1	12	.	.	.	mrna
A00839:75:H7MFFDSXY:3:2468:11776:1470	chr9	76703961	76704110	True	-298	150M	255	2	25	0.21804498136043549	ambig_opp_strand	unspliced	22928	12	RIGEL_NRNA_chr9_1_76700179_76740086		RIGEL_NRNA_chr9_1_76700179_76740086	nrna
A00839:75:H7MFFDSXY:3:2229:4752:2895	chr9	76703621	76703770	False	257	150M	255	1	3	0.6875703930854797	ambig_opp_strand	unspliced	22928	12	ENST00000426088.5	PRUNE2	ENSG00000106772.19	mrna
A00839:75:H7MFFDSXY:3:1557:5547:29700	chr9	76707544	76707685	True	-341	8S142M	255	0	25	0.8701373934745789	ambig_opp_strand	unspliced	22928	19	RIGEL_NRNA_chr9_1_76704847_76710661		RIGEL_NRNA_chr9_1_76704847_76710661	nrna
A00839:75:H7MFFDSXY:3:2637:26738:8844	chr9	76709220	76709334	True	-293	35S115M	255	1	25	0.9507495760917664	ambig_opp_strand	unspliced	22928	19	RIGEL_NRNA_chr9_1_76704847_76710661		RIGEL_NRNA_chr9_1_76704847_76710661	nrna
A00839:75:H7MFFDSXY:3:1533:21694:15013	chr9	76706802	76706951	False	440	150M	255	0	3	0.625857412815094	ambig_opp_strand	unspliced	22928	19	ENST00000426088.5	PRUNE2	ENSG00000106772.19	mrna
A00839:75:H7MFFDSXY:3:1226:30056:26459	chr9	76708092	76708241	False	425	150M	255	0	5	0.08391529321670532	ambig_opp_strand	unspliced	-1	19	.	.	.	mrna
A00839:75:H7MFFDSXY:3:2369:31864:2879	chr9	76708736	76708885	True	-232	150M	255	0	25	0.9666115045547485	ambig_opp_strand	unspliced	22928	19	RIGEL_NRNA_chr9_1_76704847_76710661		RIGEL_NRNA_chr9_1_76704847_76710661	nrna
A00839:75:H7MFFDSXY:3:2354:1118:24909	chr9	76708328	76708476	False	317	149M	255	0	3	0.6856741309165955	ambig_opp_strand	unspliced	22928	19	ENST00000426088.5	PRUNE2	ENSG00000106772.19	mrna
A00839:75:H7MFFDSXY:3:1328:19144:36652	chr9	76708667	76708816	False	239	150M	255	0	3	0.10265664756298065	ambig_opp_strand	unspliced	22928	19	ENST00000376718.8	PRUNE2	ENSG00000106772.19	mrna
A00839:75:H7MFFDSXY:3:1478:9625:22044	chr9	76707458	76707607	False	376	150M	255	0	3	0.6557564735412598	ambig_opp_strand	unspliced	22928	19	ENST00000426088.5	PRUNE2	ENSG00000106772.19	mrna
A00839:75:H7MFFDSXY:3:1559:25518:26052	chr9	76709295	76709444	False	283	150M	255	0	3	0.10257614403963089	ambig_opp_strand	unspliced	22928	19	ENST00000376718.8	PRUNE2	ENSG00000106772.19	mrna
A00839:75:H7MFFDSXY:3:1247:22652:35744	chr9	76708068	76708217	False	262	150M	255	0	3	0.20520105957984924	ambig_opp_strand	unspliced	22928	19	ENST00000428286.5	PRUNE2	ENSG00000106772.19	mrna
A00839:75:H7MFFDSXY:3:1361:31024:32174	chr9	76708861	76709010	False	298	150M	255	0	3	0.6867106556892395	ambig_opp_strand	unspliced	22928	19	ENST00000426088.5	PRUNE2	ENSG00000106772.19	mrna
A00839:75:H7MFFDSXY:3:2643:22281:14152	chr9	76707569	76707718	True	-258	150M	255	0	25	0.9633492827415466	ambig_opp_strand	unspliced	22928	19	RIGEL_NRNA_chr9_1_76704847_76710661		RIGEL_NRNA_chr9_1_76704847_76710661	nrna
A00839:75:H7MFFDSXY:3:1317:9209:4351	chr9	76703293	76703442	False	302	150M	255	0	5	0.9440664649009705	ambig_opp_strand	unspliced	-1	12	.	.	.	mrna
A00839:75:H7MFFDSXY:3:1361:27154:19523	chr9	76705069	76705218	True	-431	150M	255	0	5	0.9856808185577393	ambig_opp_strand	unspliced	-1	13	.	.	.	mrna
A00839:75:H7MFFDSXY:3:2270:15022:3834	chr9	76708873	76709022	True	-346	150M	255	0	25	0.8486033082008362	ambig_opp_strand	unspliced	22928	19	RIGEL_NRNA_chr9_1_76704847_76710661		RIGEL_NRNA_chr9_1_76704847_76710661	nrna
A00839:75:H7MFFDSXY:3:2173:24903:26553	chr9	76705953	76706102	True	-179	150M	255	0	25	0.9634842276573181	ambig_opp_strand	unspliced	22928	19	RIGEL_NRNA_chr9_1_76704847_76710661		RIGEL_NRNA_chr9_1_76704847_76710661	nrna
A00839:75:H7MFFDSXY:3:2476:17716:13135	chr9	76705709	76705858	False	262	150M	255	1	3	0.6874751448631287	ambig_opp_strand	unspliced	22928	19	ENST00000426088.5	PRUNE2	ENSG00000106772.19	mrna
A00839:75:H7MFFDSXY:3:2453:11849:28682	chr9	76709244	76709393	False	362	150M	255	1	5	0.02229558490216732	ambig_opp_strand	unspliced	-1	19	.	.	.	mrna
A00839:75:H7MFFDSXY:3:1268:13774:34303	chr9	76704947	76705096	False	246	150M	255	0	3	0.6876310110092163	ambig_opp_strand	unspliced	22928	22	ENST00000426088.5	PRUNE2	ENSG00000106772.19	mrna
A00839:75:H7MFFDSXY:3:1345:27950:27571	chr9	76705851	76706000	False	297	150M	255	0	3	0.6867516040802002	ambig_opp_strand	unspliced	22928	19	ENST00000426088.5	PRUNE2	ENSG00000106772.19	mrna
A00839:75:H7MFFDSXY:3:2238:17002:4288	chr9	76704971	76705120	True	-323	150M	255	0	5	0.5176341533660889	ambig_opp_strand	unspliced	-1	14	.	.	.	mrna
A00839:75:H7MFFDSXY:3:1258:29026:32095	chr9	76708486	76708635	False	353	150M	255	0	3	0.6781991124153137	ambig_opp_strand	unspliced	22928	19	ENST00000426088.5	PRUNE2	ENSG00000106772.19	mrna
A00839:75:H7MFFDSXY:3:1403:27227:35055	chr9	76707044	76707193	False	553	150M	255	1	3	0.6685228943824768	ambig_opp_strand	unspliced	22928	19	ENST00000426088.5	PRUNE2	ENSG00000106772.19	mrna
A00839:75:H7MFFDSXY:3:2559:6298:27899	chr9	76708411	76708560	False	373	150M	255	0	3	0.6603348851203918	ambig_opp_strand	unspliced	22928	19	ENST00000426088.5	PRUNE2	ENSG00000106772.19	mrna
A00839:75:H7MFFDSXY:3:1145:9444:34381	chr9	76708003	76708152	False	342	150M	255	0	3	0.6823315620422363	ambig_opp_strand	unspliced	22928	19	ENST00000426088.5	PRUNE2	ENSG00000106772.19	mrna
A00839:75:H7MFFDSXY:3:1238:28221:3615	chr9	76703320	76703484	False	235	140M15D10M	255	15	5	0.8557322025299072	ambig_opp_strand	unspliced	-1	12	.	.	.	mrna
A00839:75:H7MFFDSXY:3:2635:30870:21136	chr9	76705435	76705584	True	-491	150M	255	0	5	0.5903034210205078	ambig_opp_strand	unspliced	-1	19	.	.	.	mrna
A00839:75:H7MFFDSXY:3:1268:28302:30279	chr9	76706450	76706599	True	-332	150M	255	0	25	0.9001354575157166	ambig_opp_strand	unspliced	22928	19	RIGEL_NRNA_chr9_1_76704847_76710661		RIGEL_NRNA_chr9_1_76704847_76710661	nrna
A00839:75:H7MFFDSXY:3:2672:18954:2347	chr9	76705570	76705719	False	430	150M	255	0	3	0.619606614112854	ambig_opp_strand	unspliced	22928	19	ENST00000426088.5	PRUNE2	ENSG00000106772.19	mrna
A00839:75:H7MFFDSXY:3:2176:21748:15922	chr9	76705633	76705782	False	428	150M	255	1	3	0.6233930587768555	ambig_opp_strand	unspliced	22928	19	ENST00000426088.5	PRUNE2	ENSG00000106772.19	mrna
A00839:75:H7MFFDSXY:3:1542:2962:18145	chr9	76707235	76707384	False	375	150M	255	0	3	0.6573969125747681	ambig_opp_strand	unspliced	22928	19	ENST00000426088.5	PRUNE2	ENSG00000106772.19	mrna
A00839:75:H7MFFDSXY:3:1232:19343:25316	chr9	76705383	76705532	False	228	150M	255	0	3	0.2052643597126007	ambig_opp_strand	unspliced	22928	19	ENST00000428286.5	PRUNE2	ENSG00000106772.19	mrna
A00839:75:H7MFFDSXY:3:1374:26187:7169	chr9	76703836	76703985	False	318	150M	255	0	5	0.9626610279083252	ambig_opp_strand	unspliced	-1	12	.	.	.	mrna
A00839:75:H7MFFDSXY:3:2648:31747:35305	chr9	76709828	76709977	False	337	150M	255	0	3	0.6832884550094604	ambig_opp_strand	unspliced	22928	19	ENST00000426088.5	PRUNE2	ENSG00000106772.19	mrna
A00839:75:H7MFFDSXY:3:2330:29215:15577	chr9	76709871	76710020	True	-286	150M	255	0	25	0.9541400671005249	ambig_opp_strand	unspliced	22928	19	RIGEL_NRNA_chr9_1_76704847_76710661		RIGEL_NRNA_chr9_1_76704847_76710661	nrna
A00839:75:H7MFFDSXY:3:2239:7563:7921	chr9	76704795	76704944	False	305	150M	255	0	3	0.2048921436071396	ambig_opp_strand	unspliced	22928	14	ENST00000428286.5	PRUNE2	ENSG00000106772.19	mrna
A00839:75:H7MFFDSXY:3:2318:10972:14920	chr9	76708987	76709136	True	-484	150M	255	0	5	0.6015862226486206	ambig_opp_strand	unspliced	-1	19	.	.	.	mrna
A00839:75:H7MFFDSXY:3:1674:17201:13401	chr9	76703378	76703542	True	-388	82M15D68M	255	15	5	0.9930330514907837	ambig_opp_strand	unspliced	-1	12	.	.	.	mrna
A00839:75:H7MFFDSXY:3:2222:6967:28526	chr9	76707882	76708031	False	331	150M	255	0	3	0.6843298673629761	ambig_opp_strand	unspliced	22928	19	ENST00000426088.5	PRUNE2	ENSG00000106772.19	mrna
A00839:75:H7MFFDSXY:3:1619:10267:6778	chr9	76708707	76708856	True	-383	150M	255	0	5	0.5260845422744751	ambig_opp_strand	unspliced	-1	19	.	.	.	mrna
A00839:75:H7MFFDSXY:3:1320:6777:36119	chr9	76709533	76709682	False	281	150M	255	0	3	0.6871642470359802	ambig_opp_strand	unspliced	22928	19	ENST00000426088.5	PRUNE2	ENSG00000106772.19	mrna
A00839:75:H7MFFDSXY:3:1523:1244:21809	chr9	76706562	76706711	False	322	150M	255	0	3	0.20454120635986328	ambig_opp_strand	unspliced	22928	19	ENST00000428286.5	PRUNE2	ENSG00000106772.19	mrna
A00839:75:H7MFFDSXY:3:2250:3631:20306	chr9	76707220	76707369	False	469	150M	255	0	5	0.09084945917129517	ambig_opp_strand	unspliced	-1	19	.	.	.	mrna
A00839:75:H7MFFDSXY:3:2334:3441:7576	chr9	76705040	76705189	True	-160	150M	255	0	25	0.9094147682189941	ambig_opp_strand	unspliced	22928	22	RIGEL_NRNA_chr9_1_76704847_76710661		RIGEL_NRNA_chr9_1_76704847_76710661	nrna
A00839:75:H7MFFDSXY:3:2370:28610:21136	chr9	76706114	76706263	True	-228	150M	255	0	25	0.9666654467582703	ambig_opp_strand	unspliced	22928	19	RIGEL_NRNA_chr9_1_76704847_76710661		RIGEL_NRNA_chr9_1_76704847_76710661	nrna
A00839:75:H7MFFDSXY:3:1318:12653:26600	chr9	76705266	76705415	False	317	150M	255	0	3	0.6856741309165955	ambig_opp_strand	unspliced	22928	19	ENST00000426088.5	PRUNE2	ENSG00000106772.19	mrna
A00839:75:H7MFFDSXY:3:1624:6858:31688	chr9	76706581	76706730	True	-373	150M	255	0	25	0.6059832572937012	ambig_opp_strand	unspliced	22928	19	RIGEL_NRNA_chr9_1_76704847_76710661		RIGEL_NRNA_chr9_1_76704847_76710661	nrna
A00839:75:H7MFFDSXY:3:2567:31096:24752	chr9	76709425	76709574	True	-323	150M	255	1	25	0.9181177020072937	ambig_opp_strand	unspliced	22928	19	RIGEL_NRNA_chr9_1_76704847_76710661		RIGEL_NRNA_chr9_1_76704847_76710661	nrna
A00839:75:H7MFFDSXY:3:1645:25464:20478	chr9	76708463	76708612	True	-240	150M	255	0	25	0.9661750197410583	ambig_opp_strand	unspliced	22928	19	RIGEL_NRNA_chr9_1_76704847_76710661		RIGEL_NRNA_chr9_1_76704847_76710661	nrna
A00839:75:H7MFFDSXY:3:2477:7301:22905	chr9	76708172	76708321	True	-298	150M	255	0	25	0.9473071098327637	ambig_opp_strand	unspliced	22928	19	RIGEL_NRNA_chr9_1_76704847_76710661		RIGEL_NRNA_chr9_1_76704847_76710661	nrna
A00839:75:H7MFFDSXY:3:1648:12943:35149	chr9	76707749	76707898	False	416	150M	255	2	3	0.6231619715690613	ambig_opp_strand	unspliced	22928	19	ENST00000426088.5	PRUNE2	ENSG00000106772.19	mrna
A00839:75:H7MFFDSXY:3:2478:17598:11209	chr9	76708587	76708736	True	-303	150M	255	0	25	0.9432214498519897	ambig_opp_strand	unspliced	22928	19	RIGEL_NRNA_chr9_1_76704847_76710661		RIGEL_NRNA_chr9_1_76704847_76710661	nrna
A00839:75:H7MFFDSXY:3:2541:21305:23046	chr9	76707309	76707458	True	-219	150M	255	0	25	0.9669434428215027	ambig_opp_strand	unspliced	22928	19	RIGEL_NRNA_chr9_1_76704847_76710661		RIGEL_NRNA_chr9_1_76704847_76710661	nrna
A00839:75:H7MFFDSXY:3:2513:2754:11929	chr9	76705051	76705200	False	246	150M	255	1	3	0.6876310110092163	ambig_opp_strand	unspliced	22928	22	ENST00000426088.5	PRUNE2	ENSG00000106772.19	mrna
A00839:75:H7MFFDSXY:3:1231:1000:6480	chr9	76709243	76709392	False	340	150M	255	2	3	0.6826776266098022	ambig_opp_strand	unspliced	22928	19	ENST00000426088.5	PRUNE2	ENSG00000106772.19	mrna
A00839:75:H7MFFDSXY:3:2363:32434:23406	chr9	76705928	76706077	False	432	150M	255	0	3	0.6252403855323792	ambig_opp_strand	unspliced	22928	19	ENST00000426088.5	PRUNE2	ENSG00000106772.19	mrna
A00839:75:H7MFFDSXY:3:1328:7365:16626	chr9	76706025	76706174	False	526	150M	255	0	3	0.6357415914535522	ambig_opp_strand	unspliced	22928	19	ENST00000426088.5	PRUNE2	ENSG00000106772.19	mrna
A00839:75:H7MFFDSXY:3:2360:2672:29450	chr9	76706472	76706621	False	297	150M	255	0	3	0.6867516040802002	ambig_opp_strand	unspliced	22928	19	ENST00000426088.5	PRUNE2	ENSG00000106772.19	mrna
A00839:75:H7MFFDSXY:3:1435:19135:27242	chr9	76708792	76708941	False	281	150M	255	0	3	0.6871642470359802	ambig_opp_strand	unspliced	22928	19	ENST00000426088.5	PRUNE2	ENSG00000106772.19	mrna
A00839:75:H7MFFDSXY:3:2516:31340:6292	chr9	76709220	76709349	False	351	20S130M	255	1	3	0.6792387962341309	ambig_opp_strand	unspliced	22928	19	ENST00000426088.5	PRUNE2	ENSG00000106772.19	mrna
A00839:75:H7MFFDSXY:3:2201:5502:17002	chr9	76706081	76706230	False	239	150M	255	0	3	0.6876654028892517	ambig_opp_strand	unspliced	22928	19	ENST00000426088.5	PRUNE2	ENSG00000106772.19	mrna
A00839:75:H7MFFDSXY:3:1332:9896:20008	chr9	76708094	76708243	False	213	150M	255	0	3	0.6876903176307678	ambig_opp_strand	unspliced	22928	19	ENST00000426088.5	PRUNE2	ENSG00000106772.19	mrna
A00839:75:H7MFFDSXY:3:1169:19117:18098	chr9	76709789	76709932	True	-144	144M	255	1	25	0.9464673399925232	ambig_opp_strand	unspliced	22928	19	RIGEL_NRNA_chr9_1_76704847_76710661		RIGEL_NRNA_chr9_1_76704847_76710661	nrna
A00839:75:H7MFFDSXY:3:2376:4444:4210	chr9	76707488	76707637	True	-228	150M	255	0	25	0.9666654467582703	ambig_opp_strand	unspliced	22928	19	RIGEL_NRNA_chr9_1_76704847_76710661		RIGEL_NRNA_chr9_1_76704847_76710661	nrna
A00839:75:H7MFFDSXY:3:1248:16125:32393	chr9	76703991	76704136	True	-365	146M	255	3	5	0.9746795892715454	ambig_opp_strand	unspliced	-1	12	.	.	.	mrna
A00839:75:H7MFFDSXY:3:2564:27416:35070	chr9	76703605	76703754	False	375	150M	255	1	3	0.0981428250670433	ambig_opp_strand	unspliced	22928	12	ENST00000376718.8	PRUNE2	ENSG00000106772.19	mrna
A00839:75:H7MFFDSXY:3:1531:27796:30655	chr9	76709193	76709330	True	-352	45M12I93M	3	13	128	0.0	.	unknown	-1	0	.	.	.	mrna
A00839:75:H7MFFDSXY:3:2408:8603:14794	chr9	76707280	76707429	False	390	150M	255	1	3	0.6305057406425476	ambig_opp_strand	unspliced	22928	19	ENST00000426088.5	PRUNE2	ENSG00000106772.19	mrna
A00839:75:H7MFFDSXY:3:1326:4878:8093	chr9	76705407	76705556	True	-258	150M	255	0	25	0.9080017805099487	ambig_opp_strand	unspliced	22928	26	RIGEL_NRNA_chr9_1_76704847_76710661		RIGEL_NRNA_chr9_1_76704847_76710661	nrna
A00839:75:H7MFFDSXY:3:2254:25455:17456	chr9	76709430	76709579	False	314	150M	255	1	3	0.6858598589897156	ambig_opp_strand	unspliced	22928	19	ENST00000426088.5	PRUNE2	ENSG00000106772.19	mrna
A00839:75:H7MFFDSXY:3:1543:3875:24706	chr9	76708099	76708248	True	-222	150M	255	0	25	0.9667351841926575	ambig_opp_strand	unspliced	22928	19	RIGEL_NRNA_chr9_1_76704847_76710661		RIGEL_NRNA_chr9_1_76704847_76710661	nrna
A00839:75:H7MFFDSXY:3:2213:29749:26616	chr9	76705245	76705394	True	-294	150M	255	2	25	0.8961198329925537	ambig_opp_strand	unspliced	22928	26	RIGEL_NRNA_chr9_1_76704847_76710661		RIGEL_NRNA_chr9_1_76704847_76710661	nrna
A00839:75:H7MFFDSXY:3:2110:1497:26224	chr9	76708257	76708406	False	214	150M	255	1	3	0.20526577532291412	ambig_opp_strand	unspliced	22928	19	ENST00000428286.5	PRUNE2	ENSG00000106772.19	mrna
A00839:75:H7MFFDSXY:3:2566:23981:32878	chr9	76705656	76705805	False	268	150M	255	1	3	0.20517686009407043	ambig_opp_strand	unspliced	22928	19	ENST00000428286.5	PRUNE2	ENSG00000106772.19	mrna
A00839:75:H7MFFDSXY:3:2242:7997:20478	chr9	76708130	76708279	False	613	150M	255	0	3	0.10144846886396408	ambig_opp_strand	unspliced	22928	19	ENST00000376718.8	PRUNE2	ENSG00000106772.19	mrna
A00839:75:H7MFFDSXY:3:1565:3794:13009	chr9	76704615	76704764	False	292	150M	255	1	5	0.9293980002403259	ambig_opp_strand	unspliced	-1	12	.	.	.	mrna
A00839:75:H7MFFDSXY:3:1269:26937:15515	chr9	76706542	76706691	False	260	150M	255	0	3	0.6874977946281433	ambig_opp_strand	unspliced	22928	19	ENST00000426088.5	PRUNE2	ENSG00000106772.19	mrna
A00839:75:H7MFFDSXY:3:1475:20808:17456	chr9	76705494	76705643	True	-300	150M	255	0	25	0.9453703761100769	ambig_opp_strand	unspliced	22928	19	RIGEL_NRNA_chr9_1_76704847_76710661		RIGEL_NRNA_chr9_1_76704847_76710661	nrna
A00839:75:H7MFFDSXY:3:1435:4119:28260	chr9	76707087	76707236	True	-320	150M	255	1	25	0.9231412410736084	ambig_opp_strand	unspliced	22928	19	RIGEL_NRNA_chr9_1_76704847_76710661		RIGEL_NRNA_chr9_1_76704847_76710661	nrna
A00839:75:H7MFFDSXY:3:1151:9019:32456	chr9	76709415	76709564	False	379	150M	255	1	3	0.09683854877948761	ambig_opp_strand	unspliced	22928	19	ENST00000376718.8	PRUNE2	ENSG00000106772.19	mrna
A00839:75:H7MFFDSXY:3:2644:4788:8218	chr9	76706098	76706247	True	-398	150M	255	0	5	0.5953910946846008	ambig_opp_strand	unspliced	-1	19	.	.	.	mrna
A00839:75:H7MFFDSXY:3:2410:4896:19867	chr9	76708451	76708600	True	-413	150M	255	0	25	0.3617347180843353	ambig_opp_strand	unspliced	22928	19	RIGEL_NRNA_chr9_1_76704847_76710661		RIGEL_NRNA_chr9_1_76704847_76710661	nrna
A00839:75:H7MFFDSXY:3:1132:30960:1094	chr9	76707712	76707861	True	-365	150M	255	2	25	0.7131028771400452	ambig_opp_strand	unspliced	22928	19	RIGEL_NRNA_chr9_1_76704847_76710661		RIGEL_NRNA_chr9_1_76704847_76710661	nrna
A00839:75:H7MFFDSXY:3:1419:15745:3020	chr9	76703936	76704085	True	-397	150M	255	2	5	0.9864791631698608	ambig_opp_strand	unspliced	-1	12	.	.	.	mrna
A00839:75:H7MFFDSXY:3:1316:20175:21433	chr9	76704937	76705086	False	251	150M	255	0	3	0.6875867247581482	ambig_opp_strand	unspliced	22928	22	ENST00000426088.5	PRUNE2	ENSG00000106772.19	mrna
A00839:75:H7MFFDSXY:3:2342:11360:20823	chr9	76709220	76709364	True	-417	5S145M	255	1	5	0.6278789639472961	ambig_opp_strand	unspliced	-1	19	.	.	.	mrna
A00839:75:H7MFFDSXY:3:2270:3667:17049	chr9	76705149	76705298	True	-428	150M	255	0	3	0.016053780913352966	ambig_opp_strand	unspliced	22928	22	ENST00000643823.1	PCA3	ENSG00000225937.3	mrna
A00839:75:H7MFFDSXY:3:2248:6017:18803	chr9	76705666	76705815	False	218	150M	255	1	3	0.6876955628395081	ambig_opp_strand	unspliced	22928	19	ENST00000426088.5	PRUNE2	ENSG00000106772.19	mrna
A00839:75:H7MFFDSXY:3:2413:8124:35008	chr9	76706855	76707004	False	371	150M	255	1	3	0.6625149250030518	ambig_opp_strand	unspliced	22928	19	ENST00000426088.5	PRUNE2	ENSG00000106772.19	mrna
A00839:75:H7MFFDSXY:3:2454:29324:24846	chr9	76705503	76705652	True	-354	150M	255	1	25	0.7969900369644165	ambig_opp_strand	unspliced	22928	19	RIGEL_NRNA_chr9_1_76704847_76710661		RIGEL_NRNA_chr9_1_76704847_76710661	nrna
A00839:75:H7MFFDSXY:3:1346:1000:1626	chr9	76708811	76708960	True	-333	150M	255	1	25	0.8970156908035278	ambig_opp_strand	unspliced	22928	19	RIGEL_NRNA_chr9_1_76704847_76710661		RIGEL_NRNA_chr9_1_76704847_76710661	nrna
A00839:75:H7MFFDSXY:3:2377:4110:2033	chr9	76707608	76707757	False	326	150M	255	0	3	0.6848673820495605	ambig_opp_strand	unspliced	22928	19	ENST00000426088.5	PRUNE2	ENSG00000106772.19	mrna
A00839:75:H7MFFDSXY:3:1339:9417:14888	chr9	76708447	76708596	False	311	150M	255	0	3	0.10241617262363434	ambig_opp_strand	unspliced	22928	19	ENST00000376718.8	PRUNE2	ENSG00000106772.19	mrna
A00839:75:H7MFFDSXY:3:1424:30147:12117	chr9	76705949	76706098	True	-417	150M	255	0	5	0.6278789639472961	ambig_opp_strand	unspliced	-1	19	.	.	.	mrna
A00839:75:H7MFFDSXY:3:2150:27823:6527	chr9	76708278	76708427	True	-185	150M	255	0	25	0.9646268486976624	ambig_opp_strand	unspliced	22928	19	RIGEL_NRNA_chr9_1_76704847_76710661		RIGEL_NRNA_chr9_1_76704847_76710661	nrna
A00839:75:H7MFFDSXY:3:1206:7211:4085	chr9	76705940	76706089	True	-429	150M	255	0	5	0.5941950678825378	ambig_opp_strand	unspliced	-1	19	.	.	.	mrna
A00839:75:H7MFFDSXY:3:1241:26503:8594	chr9	76703667	76703816	False	371	150M	255	1	3	0.6625471711158752	ambig_opp_strand	unspliced	22928	12	ENST00000426088.5	PRUNE2	ENSG00000106772.19	mrna
A00839:75:H7MFFDSXY:3:1224:21025:13416	chr9	76707570	76707719	True	-328	150M	255	0	25	0.9095603227615356	ambig_opp_strand	unspliced	22928	19	RIGEL_NRNA_chr9_1_76704847_76710661		RIGEL_NRNA_chr9_1_76704847_76710661	nrna
A00839:75:H7MFFDSXY:3:1413:24876:22310	chr9	76706926	76707075	True	-385	150M	255	1	5	0.5516493916511536	ambig_opp_strand	unspliced	-1	19	.	.	.	mrna
A00839:75:H7MFFDSXY:3:1309:28854:16016	chr9	76707627	76707776	False	174	150M	255	1	3	0.6874939799308777	ambig_opp_strand	unspliced	22928	19	ENST00000426088.5	PRUNE2	ENSG00000106772.19	mrna
A00839:75:H7MFFDSXY:3:1520:4453:18411	chr9	76705800	76705949	False	305	150M	255	0	3	0.20488223433494568	ambig_opp_strand	unspliced	22928	19	ENST00000428286.5	PRUNE2	ENSG00000106772.19	mrna
A00839:75:H7MFFDSXY:3:1458:22869:18490	chr9	76708254	76708403	False	301	150M	255	0	3	0.20493267476558685	ambig_opp_strand	unspliced	22928	19	ENST00000428286.5	PRUNE2	ENSG00000106772.19	mrna
A00839:75:H7MFFDSXY:3:1433:9417:5337	chr9	76703742	76703891	False	308	150M	255	1	3	0.6862856149673462	ambig_opp_strand	unspliced	22928	12	ENST00000426088.5	PRUNE2	ENSG00000106772.19	mrna
A00839:75:H7MFFDSXY:3:1504:5457:23187	chr9	76709220	76709349	True	-283	20S130M	255	1	25	0.9554553627967834	ambig_opp_strand	unspliced	22928	19	RIGEL_NRNA_chr9_1_76704847_76710661		RIGEL_NRNA_chr9_1_76704847_76710661	nrna
A00839:75:H7MFFDSXY:3:1269:14814:10708	chr9	76708887	76709036	True	-259	150M	255	0	25	0.9631220698356628	ambig_opp_strand	unspliced	22928	19	RIGEL_NRNA_chr9_1_76704847_76710661		RIGEL_NRNA_chr9_1_76704847_76710661	nrna
A00839:75:H7MFFDSXY:3:1349:24252:3474	chr9	76705673	76705822	True	-563	150M	255	1	25	0.5939463973045349	ambig_opp_strand	unspliced	22928	19	RIGEL_NRNA_chr9_1_76704847_76710661		RIGEL_NRNA_chr9_1_76704847_76710661	nrna
A00839:75:H7MFFDSXY:3:2572:19895:36072	chr9	76704608	76704757	False	355	150M	255	1	5	0.9906502962112427	ambig_opp_strand	unspliced	-1	12	.	.	.	mrna
A00839:75:H7MFFDSXY:3:1421:13856:9048	chr9	76703762	76703909	False	227	2S148M	255	0	3	0.6877256035804749	ambig_opp_strand	unspliced	22928	12	ENST00000426088.5	PRUNE2	ENSG00000106772.19	mrna
A00839:75:H7MFFDSXY:3:1631:21513:9032	chr9	76708822	76708971	True	-362	150M	255	0	25	0.7352691888809204	ambig_opp_strand	unspliced	22928	19	RIGEL_NRNA_chr9_1_76704847_76710661		RIGEL_NRNA_chr9_1_76704847_76710661	nrna
A00839:75:H7MFFDSXY:3:2320:8712:21245	chr9	76706529	76706678	True	-257	150M	255	0	25	0.96361243724823	ambig_opp_strand	unspliced	22928	19	RIGEL_NRNA_chr9_1_76704847_76710661		RIGEL_NRNA_chr9_1_76704847_76710661	nrna
A00839:75:H7MFFDSXY:3:1562:28384:6840	chr9	76708799	76708948	False	249	150M	255	0	3	0.6876132488250732	ambig_opp_strand	unspliced	22928	19	ENST00000426088.5	PRUNE2	ENSG00000106772.19	mrna
A00839:75:H7MFFDSXY:3:1215:12988:19820	chr9	76705639	76705788	False	307	150M	255	2	3	0.20484650135040283	ambig_opp_strand	unspliced	22928	19	ENST00000428286.5	PRUNE2	ENSG00000106772.19	mrna
A00839:75:H7MFFDSXY:3:2160:8838:3114	chr9	76708997	76709146	True	-271	150M	255	0	25	0.9598947763442993	ambig_opp_strand	unspliced	22928	19	RIGEL_NRNA_chr9_1_76704847_76710661		RIGEL_NRNA_chr9_1_76704847_76710661	nrna
A00839:75:H7MFFDSXY:3:1234:1262:16485	chr9	76706300	76706449	False	408	150M	255	1	3	0.619317889213562	ambig_opp_strand	unspliced	22928	19	ENST00000426088.5	PRUNE2	ENSG00000106772.19	mrna
A00839:75:H7MFFDSXY:3:1174:23086:20713	chr9	76705907	76706056	True	-329	150M	255	0	25	0.9072381258010864	ambig_opp_strand	unspliced	22928	19	RIGEL_NRNA_chr9_1_76704847_76710661		RIGEL_NRNA_chr9_1_76704847_76710661	nrna
A00839:75:H7MFFDSXY:3:2512:27642:28354	chr9	76709282	76709431	True	-294	150M	255	0	25	0.9499852061271667	ambig_opp_strand	unspliced	22928	19	RIGEL_NRNA_chr9_1_76704847_76710661		RIGEL_NRNA_chr9_1_76704847_76710661	nrna
A00839:75:H7MFFDSXY:3:2552:31801:11130	chr9	76705719	76705868	False	388	150M	255	1	3	0.6285915970802307	ambig_opp_strand	unspliced	22928	19	ENST00000426088.5	PRUNE2	ENSG00000106772.19	mrna
A00839:75:H7MFFDSXY:3:1349:17716:4773	chr9	76708757	76708906	True	-378	150M	255	0	5	0.4511343538761139	ambig_opp_strand	unspliced	-1	19	.	.	.	mrna
A00839:75:H7MFFDSXY:3:1475:13612:13322	chr9	76706772	76706921	False	347	150M	255	0	3	0.6806679964065552	ambig_opp_strand	unspliced	22928	19	ENST00000426088.5	PRUNE2	ENSG00000106772.19	mrna
A00839:75:H7MFFDSXY:3:2604:2347:29543	chr9	76705182	76705331	False	208	150M	255	0	3	0.6876896023750305	ambig_opp_strand	unspliced	22928	26	ENST00000426088.5	PRUNE2	ENSG00000106772.19	mrna
A00839:75:H7MFFDSXY:3:2538:30590:27946	chr9	76709816	76709965	True	-446	150M	255	1	5	0.5951547622680664	ambig_opp_strand	unspliced	-1	19	.	.	.	mrna
A00839:75:H7MFFDSXY:3:2169:19135:5666	chr9	76705752	76705901	False	374	150M	255	0	3	0.6585134863853455	ambig_opp_strand	unspliced	22928	19	ENST00000426088.5	PRUNE2	ENSG00000106772.19	mrna
A00839:75:H7MFFDSXY:3:1508:1316:30044	chr9	76703708	76703857	True	-383	150M	255	1	5	0.9817736148834229	ambig_opp_strand	unspliced	-1	12	.	.	.	mrna
A00839:75:H7MFFDSXY:3:2150:27380:16250	chr9	76709681	76709830	True	-261	150M	255	1	25	0.9627822041511536	ambig_opp_strand	unspliced	22928	19	RIGEL_NRNA_chr9_1_76704847_76710661		RIGEL_NRNA_chr9_1_76704847_76710661	nrna
A00839:75:H7MFFDSXY:3:1348:5294:21527	chr9	76706351	76706500	True	-231	150M	255	1	25	0.9665057063102722	ambig_opp_strand	unspliced	22928	19	RIGEL_NRNA_chr9_1_76704847_76710661		RIGEL_NRNA_chr9_1_76704847_76710661	nrna
A00839:75:H7MFFDSXY:3:1470:22598:26318	chr9	76702517	76702644	True	-331	128M22S	255	4	25	0.10034523159265518	ambig_opp_strand	unspliced	22928	9	RIGEL_NRNA_chr9_1_76700179_76740086		RIGEL_NRNA_chr9_1_76700179_76740086	nrna
A00839:75:H7MFFDSXY:3:1452:17969:16955	chr9	76702699	76702848	True	-326	150M	255	1	5	0.8824847340583801	ambig_opp_strand	unspliced	-1	9	.	.	.	mrna
A00839:75:H7MFFDSXY:3:2212:12156:23703	chr9	76705673	76705822	True	-179	150M	255	1	25	0.9634842276573181	ambig_opp_strand	unspliced	22928	19	RIGEL_NRNA_chr9_1_76704847_76710661		RIGEL_NRNA_chr9_1_76704847_76710661	nrna
A00839:75:H7MFFDSXY:3:2669:17255:34976	chr9	76709220	76709354	False	398	15S135M	0	1	128	0.0	.	unknown	-1	0	.	.	.	mrna
A00839:75:H7MFFDSXY:3:2339:20076:19069	chr9	76708279	76708428	False	317	150M	255	0	3	0.6856741309165955	ambig_opp_strand	unspliced	22928	19	ENST00000426088.5	PRUNE2	ENSG00000106772.19	mrna
A00839:75:H7MFFDSXY:3:1358:6885:1391	chr9	76706790	76706939	False	282	150M	255	0	3	0.20510336756706238	ambig_opp_strand	unspliced	22928	19	ENST00000428286.5	PRUNE2	ENSG00000106772.19	mrna
A00839:75:H7MFFDSXY:3:1511:4661:1078	chr9	76705503	76705652	False	310	150M	255	0	3	0.6861334443092346	ambig_opp_strand	unspliced	22928	19	ENST00000426088.5	PRUNE2	ENSG00000106772.19	mrna
A00839:75:H7MFFDSXY:3:1511:27001:31156	chr9	76706095	76706244	True	-417	150M	255	0	25	0.36433541774749756	ambig_opp_strand	unspliced	22928	19	RIGEL_NRNA_chr9_1_76704847_76710661		RIGEL_NRNA_chr9_1_76704847_76710661	nrna
A00839:75:H7MFFDSXY:3:1273:22435:34522	chr9	76705301	76705450	True	-197	150M	255	0	25	0.9103085994720459	ambig_opp_strand	unspliced	22928	26	RIGEL_NRNA_chr9_1_76704847_76710661		RIGEL_NRNA_chr9_1_76704847_76710661	nrna
A00839:75:H7MFFDSXY:3:1327:2202:17143	chr9	76708588	76708737	True	-423	150M	255	0	5	0.6144644618034363	ambig_opp_strand	unspliced	-1	19	.	.	.	mrna
A00839:75:H7MFFDSXY:3:1173:18078:35336	chr9	76709934	76710083	True	-307	150M	255	0	25	0.939137876033783	ambig_opp_strand	unspliced	22928	19	RIGEL_NRNA_chr9_1_76704847_76710661		RIGEL_NRNA_chr9_1_76704847_76710661	nrna
A00839:75:H7MFFDSXY:3:1447:29559:36589	chr9	76703800	76703949	False	280	150M	255	0	3	0.6872321963310242	ambig_opp_strand	unspliced	22928	12	ENST00000426088.5	PRUNE2	ENSG00000106772.19	mrna
A00839:75:H7MFFDSXY:3:1630:17978:21762	chr9	76707271	76707420	False	447	150M	255	0	3	0.18577255308628082	ambig_opp_strand	unspliced	22928	19	ENST00000428286.5	PRUNE2	ENSG00000106772.19	mrna
A00839:75:H7MFFDSXY:3:1324:7120:31986	chr9	76704894	76705043	False	349	150M	255	0	3	0.679847240447998	ambig_opp_strand	unspliced	22928	22	ENST00000426088.5	PRUNE2	ENSG00000106772.19	mrna
A00839:75:H7MFFDSXY:3:2613:6488:14231	chr9	76708666	76708815	True	-362	150M	255	0	5	0.2490188479423523	ambig_opp_strand	unspliced	-1	19	.	.	.	mrna
A00839:75:H7MFFDSXY:3:1401:19515:12085	chr9	76706956	76707104	True	-333	1S149M	255	0	25	0.8970156908035278	ambig_opp_strand	unspliced	22928	19	RIGEL_NRNA_chr9_1_76704847_76710661		RIGEL_NRNA_chr9_1_76704847_76710661	nrna
A00839:75:H7MFFDSXY:3:1662:26883:33552	chr9	76706854	76707003	False	344	150M	255	1	3	0.6815747618675232	ambig_opp_strand	unspliced	22928	19	ENST00000426088.5	PRUNE2	ENSG00000106772.19	mrna
A00839:75:H7MFFDSXY:3:1171:10447:16141	chr9	76708226	76708375	True	-186	150M	255	0	25	0.9645472764968872	ambig_opp_strand	unspliced	22928	19	RIGEL_NRNA_chr9_1_76704847_76710661		RIGEL_NRNA_chr9_1_76704847_76710661	nrna
A00839:75:H7MFFDSXY:3:2350:25635:9909	chr9	76709871	76710020	True	-415	150M	255	0	5	0.6036198139190674	ambig_opp_strand	unspliced	-1	19	.	.	.	mrna
A00839:75:H7MFFDSXY:3:1471:13865:17613	chr9	76708966	76709115	True	-460	150M	255	0	5	0.6058231592178345	ambig_opp_strand	unspliced	-1	19	.	.	.	mrna
A00839:75:H7MFFDSXY:3:2635:12246:36166	chr9	76703318	76703467	True	-190	150M	255	3	5	0.5979859232902527	ambig_opp_strand	unspliced	-1	12	.	.	.	mrna
A00839:75:H7MFFDSXY:3:1106:25617:4961	chr9	76705282	76705431	True	-319	150M	255	0	25	0.8730536103248596	ambig_opp_strand	unspliced	22928	26	RIGEL_NRNA_chr9_1_76704847_76710661		RIGEL_NRNA_chr9_1_76704847_76710661	nrna
A00839:75:H7MFFDSXY:3:1356:31024:16517	chr9	76706276	76706425	False	314	150M	255	1	3	0.6858598589897156	ambig_opp_strand	unspliced	22928	19	ENST00000426088.5	PRUNE2	ENSG00000106772.19	mrna
A00839:75:H7MFFDSXY:3:2246:18403:25848	chr9	76709316	76709465	True	-196	150M	255	0	25	0.9659369587898254	ambig_opp_strand	unspliced	22928	19	RIGEL_NRNA_chr9_1_76704847_76710661		RIGEL_NRNA_chr9_1_76704847_76710661	nrna
A00839:75:H7MFFDSXY:3:1659:24478:18771	chr9	76709967	76710116	False	302	150M	255	0	3	0.653948962688446	ambig_opp_strand	unspliced	22928	17	ENST00000428286.5	PRUNE2	ENSG00000106772.19	mrna
A00839:75:H7MFFDSXY:3:1111:3640:4131	chr9	76708806	76708955	False	333	150M	255	0	3	0.6839911937713623	ambig_opp_strand	unspliced	22928	19	ENST00000426088.5	PRUNE2	ENSG00000106772.19	mrna
A00839:75:H7MFFDSXY:3:1475:20853:19006	chr9	76708374	76708523	False	371	150M	255	0	3	0.19775080680847168	ambig_opp_strand	unspliced	22928	19	ENST00000428286.5	PRUNE2	ENSG00000106772.19	mrna
A00839:75:H7MFFDSXY:3:1411:9525:12383	chr9	76705938	76706087	True	-178	150M	255	0	25	0.9634078741073608	ambig_opp_strand	unspliced	22928	19	RIGEL_NRNA_chr9_1_76704847_76710661		RIGEL_NRNA_chr9_1_76704847_76710661	nrna
A00839:75:H7MFFDSXY:3:2212:18041:6214	chr9	76706791	76706940	True	-402	150M	255	0	5	0.6057361364364624	ambig_opp_strand	unspliced	-1	19	.	.	.	mrna
A00839:75:H7MFFDSXY:3:2330:2293:26318	chr9	76706750	76706899	True	-432	150M	255	0	25	0.3969634175300598	ambig_opp_strand	unspliced	22928	19	RIGEL_NRNA_chr9_1_76704847_76710661		RIGEL_NRNA_chr9_1_76704847_76710661	nrna
A00839:75:H7MFFDSXY:3:2160:5547:28604	chr9	76703973	76704122	True	-308	150M	255	2	25	0.17787957191467285	ambig_opp_strand	unspliced	22928	12	RIGEL_NRNA_chr9_1_76700179_76740086		RIGEL_NRNA_chr9_1_76700179_76740086	nrna
A00839:75:H7MFFDSXY:3:2459:15447:27555	chr9	76707171	76707320	False	301	150M	255	0	3	0.6865760087966919	ambig_opp_strand	unspliced	22928	19	ENST00000426088.5	PRUNE2	ENSG00000106772.19	mrna
A00839:75:H7MFFDSXY:3:1548:14904:22294	chr9	76708524	76708673	True	-551	150M	255	0	5	0.49034544825553894	ambig_opp_strand	unspliced	-1	19	.	.	.	mrna
A00839:75:H7MFFDSXY:3:2140:13259:23610	chr9	76704928	76705077	False	364	150M	255	0	3	0.67168128490448	ambig_opp_strand	unspliced	22928	22	ENST00000426088.5	PRUNE2	ENSG00000106772.19	mrna
A00839:75:H7MFFDSXY:3:1476:31521:25426	chr9	76705346	76705495	False	288	150M	255	0	3	0.6870324611663818	ambig_opp_strand	unspliced	22928	19	ENST00000426088.5	PRUNE2	ENSG00000106772.19	mrna
A00839:75:H7MFFDSXY:3:1229:19741:13072	chr9	76707986	76708135	False	492	150M	255	0	3	0.1873275637626648	ambig_opp_strand	unspliced	22928	19	ENST00000428286.5	PRUNE2	ENSG00000106772.19	mrna
A00839:75:H7MFFDSXY:3:1374:18087:19727	chr9	76707973	76708122	False	333	150M	255	0	3	0.6839911937713623	ambig_opp_strand	unspliced	22928	19	ENST00000426088.5	PRUNE2	ENSG00000106772.19	mrna
A00839:75:H7MFFDSXY:3:1601:2880:23077	chr9	76708237	76708386	True	-284	150M	255	0	25	0.955115020275116	ambig_opp_strand	unspliced	22928	19	RIGEL_NRNA_chr9_1_76704847_76710661		RIGEL_NRNA_chr9_1_76704847_76710661	nrna
A00839:75:H7MFFDSXY:3:1124:18240:18082	chr9	76704697	76704846	False	295	150M	255	0	5	0.9341505169868469	ambig_opp_strand	unspliced	-1	12	.	.	.	mrna
A00839:75:H7MFFDSXY:3:2249:8187:3991	chr9	76706119	76706268	False	381	150M	255	0	3	0.6467316150665283	ambig_opp_strand	unspliced	22928	19	ENST00000426088.5	PRUNE2	ENSG00000106772.19	mrna
A00839:75:H7MFFDSXY:3:2467:30291:10833	chr9	76707150	76707299	False	370	150M	255	1	3	0.6645620465278625	ambig_opp_strand	unspliced	22928	19	ENST00000426088.5	PRUNE2	ENSG00000106772.19	mrna
A00839:75:H7MFFDSXY:3:1432:2926:33301	chr9	76706073	76706222	False	396	150M	255	0	3	0.6214821934700012	ambig_opp_strand	unspliced	22928	19	ENST00000426088.5	PRUNE2	ENSG00000106772.19	mrna
A00839:75:H7MFFDSXY:3:1308:20862:13416	chr9	76708729	76708878	False	402	150M	255	0	5	0.095561683177948	ambig_opp_strand	unspliced	-1	19	.	.	.	mrna
A00839:75:H7MFFDSXY:3:1533:16107:2362	chr9	76709095	76709184	True	-403	90M60S	255	1	25	0.384796679019928	ambig_opp_strand	unspliced	22928	19	RIGEL_NRNA_chr9_1_76704847_76710661		RIGEL_NRNA_chr9_1_76704847_76710661	nrna
A00839:75:H7MFFDSXY:3:1454:31069:33411	chr9	76707144	76707293	True	-405	150M	255	1	5	0.6183267831802368	ambig_opp_strand	unspliced	-1	19	.	.	.	mrna
A00839:75:H7MFFDSXY:3:2546:2076:6840	chr9	76708405	76708554	False	411	150M	255	0	3	0.09169162064790726	ambig_opp_strand	unspliced	22928	19	ENST00000376718.8	PRUNE2	ENSG00000106772.19	mrna
A00839:75:H7MFFDSXY:3:2573:32877:23265	chr9	76705245	76705394	False	264	150M	255	0	3	0.6874508261680603	ambig_opp_strand	unspliced	22928	26	ENST00000426088.5	PRUNE2	ENSG00000106772.19	mrna
A00839:75:H7MFFDSXY:3:2544:23122:18270	chr9	76706920	76707069	False	420	150M	255	1	3	0.6286632418632507	ambig_opp_strand	unspliced	22928	19	ENST00000426088.5	PRUNE2	ENSG00000106772.19	mrna
A00839:75:H7MFFDSXY:3:2131:20600:24142	chr9	76708585	76708734	False	394	150M	255	0	5	0.08827392011880875	ambig_opp_strand	unspliced	-1	19	.	.	.	mrna
A00839:75:H7MFFDSXY:3:1316:25834:23312	chr9	76707849	76707998	False	469	150M	255	0	3	0.6257632970809937	ambig_opp_strand	unspliced	22928	19	ENST00000426088.5	PRUNE2	ENSG00000106772.19	mrna
A00839:75:H7MFFDSXY:3:1369:12744:32675	chr9	76705463	76705612	False	419	150M	255	0	3	0.6190083622932434	ambig_opp_strand	unspliced	22928	19	ENST00000426088.5	PRUNE2	ENSG00000106772.19	mrna
A00839:75:H7MFFDSXY:3:1237:4435:4038	chr9	76708656	76708805	True	-292	150M	255	0	25	0.9513380527496338	ambig_opp_strand	unspliced	22928	19	RIGEL_NRNA_chr9_1_76704847_76710661		RIGEL_NRNA_chr9_1_76704847_76710661	nrna
A00839:75:H7MFFDSXY:3:1420:28791:1971	chr9	76707570	76707718	False	188	1S149M	255	0	3	0.6876020431518555	ambig_opp_strand	unspliced	22928	19	ENST00000426088.5	PRUNE2	ENSG00000106772.19	mrna
A00839:75:H7MFFDSXY:3:2532:8603:36871	chr9	76703839	76703988	True	-368	150M	255	0	5	0.9561219811439514	ambig_opp_strand	unspliced	-1	12	.	.	.	mrna
A00839:75:H7MFFDSXY:3:2307:12237:25848	chr9	76708632	76708781	False	452	150M	255	1	3	0.6184021830558777	ambig_opp_strand	unspliced	22928	19	ENST00000426088.5	PRUNE2	ENSG00000106772.19	mrna
A00839:75:H7MFFDSXY:3:1243:7419:29935	chr9	76706833	76706982	True	-232	150M	255	1	25	0.9666115045547485	ambig_opp_strand	unspliced	22928	19	RIGEL_NRNA_chr9_1_76704847_76710661		RIGEL_NRNA_chr9_1_76704847_76710661	nrna
A00839:75:H7MFFDSXY:3:2175:25174:27712	chr9	76707882	76708031	False	258	150M	255	0	3	0.6875225305557251	ambig_opp_strand	unspliced	22928	19	ENST00000426088.5	PRUNE2	ENSG00000106772.19	mrna
A00839:75:H7MFFDSXY:3:1250:2248:5321	chr9	76709730	76709879	True	-298	150M	255	2	25	0.9473071098327637	ambig_opp_strand	unspliced	22928	19	RIGEL_NRNA_chr9_1_76704847_76710661		RIGEL_NRNA_chr9_1_76704847_76710661	nrna
A00839:75:H7MFFDSXY:3:1470:16342:21652	chr9	76707845	76707994	True	-341	150M	255	0	5	0.11126863211393356	ambig_opp_strand	unspliced	-1	19	.	.	.	mrna
A00839:75:H7MFFDSXY:3:2541:5683:13119	chr9	76709160	76709297	True	-335	78M12I60M	255	13	25	0.8909633159637451	ambig_opp_strand	unspliced	22928	19	RIGEL_NRNA_chr9_1_76704847_76710661		RIGEL_NRNA_chr9_1_76704847_76710661	nrna
A00839:75:H7MFFDSXY:3:1137:18665:10614	chr9	76703345	76703509	False	261	115M15D35M	255	15	3	0.6875289678573608	ambig_opp_strand	unspliced	22928	12	ENST00000426088.5	PRUNE2	ENSG00000106772.19	mrna
A00839:75:H7MFFDSXY:3:1669:3432:33927	chr9	76705947	76706096	False	353	150M	255	0	3	0.2024322897195816	ambig_opp_strand	unspliced	22928	19	ENST00000428286.5	PRUNE2	ENSG00000106772.19	mrna
A00839:75:H7MFFDSXY:3:1515:30608:18020	chr9	76707434	76707583	False	272	150M	255	4	3	0.6873318552970886	ambig_opp_strand	unspliced	22928	19	ENST00000426088.5	PRUNE2	ENSG00000106772.19	mrna
A00839:75:H7MFFDSXY:3:1159:16333:11240	chr9	76705547	76705696	False	338	150M	255	0	3	0.10198932141065598	ambig_opp_strand	unspliced	22928	19	ENST00000376718.8	PRUNE2	ENSG00000106772.19	mrna
A00839:75:H7MFFDSXY:3:1457:13666:15828	chr9	76709778	76709927	True	-362	150M	255	1	5	0.24901893734931946	ambig_opp_strand	unspliced	-1	19	.	.	.	mrna
A00839:75:H7MFFDSXY:3:2631:5294:10598	chr9	76708559	76708708	True	-221	150M	255	0	25	0.9667903184890747	ambig_opp_strand	unspliced	22928	19	RIGEL_NRNA_chr9_1_76704847_76710661		RIGEL_NRNA_chr9_1_76704847_76710661	nrna
A00839:75:H7MFFDSXY:3:2145:25762:34522	chr9	76706246	76706395	True	-389	150M	255	1	5	0.6057165861129761	ambig_opp_strand	unspliced	-1	19	.	.	.	mrna
A00839:75:H7MFFDSXY:3:2644:29686:12790	chr9	76705112	76705261	False	178	150M	255	0	3	0.6875232458114624	ambig_opp_strand	unspliced	22928	26	ENST00000426088.5	PRUNE2	ENSG00000106772.19	mrna
A00839:75:H7MFFDSXY:3:2363:2962:2769	chr9	76709880	76710029	False	342	150M	255	0	3	0.6823315620422363	ambig_opp_strand	unspliced	22928	19	ENST00000426088.5	PRUNE2	ENSG00000106772.19	mrna
A00839:75:H7MFFDSXY:3:2144:10176:24627	chr9	76705074	76705223	True	-243	150M	255	0	25	0.9164111018180847	ambig_opp_strand	unspliced	22928	22	RIGEL_NRNA_chr9_1_76704847_76710661		RIGEL_NRNA_chr9_1_76704847_76710661	nrna
A00839:75:H7MFFDSXY:3:1114:30689:2566	chr9	76708105	76708254	False	263	150M	255	0	3	0.6874697804450989	ambig_opp_strand	unspliced	22928	19	ENST00000426088.5	PRUNE2	ENSG00000106772.19	mrna
A00839:75:H7MFFDSXY:3:1142:28022:32800	chr9	76707011	76707160	True	-276	150M	255	1	25	0.9581211805343628	ambig_opp_strand	unspliced	22928	19	RIGEL_NRNA_chr9_1_76704847_76710661		RIGEL_NRNA_chr9_1_76704847_76710661	nrna
A00839:75:H7MFFDSXY:3:1111:23891:14121	chr9	76705604	76705753	True	-314	150M	255	1	25	0.9310217499732971	ambig_opp_strand	unspliced	22928	19	RIGEL_NRNA_chr9_1_76704847_76710661		RIGEL_NRNA_chr9_1_76704847_76710661	nrna
A00839:75:H7MFFDSXY:3:1468:28899:20948	chr9	76703475	76703606	True	-359	18S132M	255	1	5	0.9665161967277527	ambig_opp_strand	unspliced	-1	12	.	.	.	mrna
A00839:75:H7MFFDSXY:3:2206:16559:36307	chr9	76706520	76706669	True	-301	150M	255	1	25	0.9446953535079956	ambig_opp_strand	unspliced	22928	19	RIGEL_NRNA_chr9_1_76704847_76710661		RIGEL_NRNA_chr9_1_76704847_76710661	nrna
A00839:75:H7MFFDSXY:3:2353:24261:30452	chr9	76705034	76705183	True	-443	150M	255	0	5	0.9950494170188904	ambig_opp_strand	unspliced	-1	12	.	.	.	mrna
A00839:75:H7MFFDSXY:3:1632:6180:31704	chr9	76707294	76707443	False	443	150M	255	0	3	0.18117934465408325	ambig_opp_strand	unspliced	22928	19	ENST00000428286.5	PRUNE2	ENSG00000106772.19	mrna
A00839:75:H7MFFDSXY:3:2403:10908:35258	chr9	76706809	76706958	True	-352	150M	255	2	25	0.8140949010848999	ambig_opp_strand	unspliced	22928	19	RIGEL_NRNA_chr9_1_76704847_76710661		RIGEL_NRNA_chr9_1_76704847_76710661	nrna
A00839:75:H7MFFDSXY:3:1344:27597:9298	chr9	76704941	76705090	False	448	150M	255	0	3	0.18679563701152802	ambig_opp_strand	unspliced	22928	22	ENST00000428286.5	PRUNE2	ENSG00000106772.19	mrna
A00839:75:H7MFFDSXY:3:1345:18611:29653	chr9	76708459	76708608	True	-343	150M	255	0	5	0.11974532157182693	ambig_opp_strand	unspliced	-1	19	.	.	.	mrna
A00839:75:H7MFFDSXY:3:2357:26666:23281	chr9	76703186	76703335	False	378	150M	255	0	5	0.9973123073577881	ambig_opp_strand	unspliced	-1	12	.	.	.	mrna
A00839:75:H7MFFDSXY:3:1662:5620:26318	chr9	76703302	76703451	False	315	150M	255	0	5	0.9591467976570129	ambig_opp_strand	unspliced	-1	12	.	.	.	mrna
A00839:75:H7MFFDSXY:3:1226:1705:1470	chr9	76706656	76706805	True	-350	150M	255	0	25	0.8259350061416626	ambig_opp_strand	unspliced	22928	19	RIGEL_NRNA_chr9_1_76704847_76710661		RIGEL_NRNA_chr9_1_76704847_76710661	nrna
A00839:75:H7MFFDSXY:3:1156:19895:8422	chr9	76705163	76705312	False	160	150M	255	0	3	0.20513483881950378	ambig_opp_strand	unspliced	22928	26	ENST00000428286.5	PRUNE2	ENSG00000106772.19	mrna
A00839:75:H7MFFDSXY:3:1257:4010:16861	chr9	76707722	76707871	True	-395	150M	255	2	5	0.6076340079307556	ambig_opp_strand	unspliced	-1	19	.	.	.	mrna
A00839:75:H7MFFDSXY:3:2675:7609:17613	chr9	76708111	76708260	False	327	150M	255	0	3	0.20439931750297546	ambig_opp_strand	unspliced	22928	19	ENST00000428286.5	PRUNE2	ENSG00000106772.19	mrna
A00839:75:H7MFFDSXY:3:2306:2121:8516	chr9	76703767	76703916	True	-234	150M	255	0	25	0.2791703939437866	ambig_opp_strand	unspliced	22928	12	RIGEL_NRNA_chr9_1_76700179_76740086		RIGEL_NRNA_chr9_1_76700179_76740086	nrna
A00839:75:H7MFFDSXY:3:1366:27896:13103	chr9	76705992	76706141	False	413	150M	255	0	3	0.18386588990688324	ambig_opp_strand	unspliced	22928	19	ENST00000428286.5	PRUNE2	ENSG00000106772.19	mrna
A00839:75:H7MFFDSXY:3:2144:15745:21057	chr9	76703312	76703447	False	136	136M	255	0	5	0.9536165595054626	ambig_opp_strand	unspliced	-1	12	.	.	.	mrna
A00839:75:H7MFFDSXY:3:2463:6542:4272	chr9	76703280	76703429	True	-240	150M	255	0	5	0.5795274972915649	ambig_opp_strand	unspliced	-1	14	.	.	.	mrna
A00839:75:H7MFFDSXY:3:1320:1398:29309	chr9	76706276	76706425	False	386	150M	255	1	3	0.6346632838249207	ambig_opp_strand	unspliced	22928	19	ENST00000426088.5	PRUNE2	ENSG00000106772.19	mrna
A00839:75:H7MFFDSXY:3:1566:5439:1767	chr9	76704844	76704993	False	368	150M	255	0	3	0.6677059531211853	ambig_opp_strand	unspliced	22928	20	ENST00000426088.5	PRUNE2	ENSG00000106772.19	mrna
A00839:75:H7MFFDSXY:3:2674:21549:18082	chr9	76705282	76705431	False	385	150M	255	0	3	0.18941780924797058	ambig_opp_strand	unspliced	22928	19	ENST00000428286.5	PRUNE2	ENSG00000106772.19	mrna
A00839:75:H7MFFDSXY:3:2655:18674:3176	chr9	76704728	76704877	False	343	150M	255	0	5	0.9839777946472168	ambig_opp_strand	unspliced	-1	12	.	.	.	mrna
A00839:75:H7MFFDSXY:3:2424:30355:22341	chr9	76704995	76705144	False	270	150M	255	0	3	0.6873621940612793	ambig_opp_strand	unspliced	22928	22	ENST00000426088.5	PRUNE2	ENSG00000106772.19	mrna
A00839:75:H7MFFDSXY:3:2626:6153:28056	chr9	76709778	76709927	True	-335	150M	255	1	25	0.8909632563591003	ambig_opp_strand	unspliced	22928	19	RIGEL_NRNA_chr9_1_76704847_76710661		RIGEL_NRNA_chr9_1_76704847_76710661	nrna
A00839:75:H7MFFDSXY:3:2327:16125:8155	chr9	76703730	76703879	True	-474	150M	255	1	5	0.9868456125259399	ambig_opp_strand	unspliced	-1	12	.	.	.	mrna
A00839:75:H7MFFDSXY:3:1248:6072:26287	chr9	76704969	76705118	True	-199	150M	255	0	25	0.9166882038116455	ambig_opp_strand	unspliced	22928	22	RIGEL_NRNA_chr9_1_76704847_76710661		RIGEL_NRNA_chr9_1_76704847_76710661	nrna
A00839:75:H7MFFDSXY:3:1208:9652:1861	chr9	76708267	76708416	True	-202	150M	255	0	25	0.966254472732544	ambig_opp_strand	unspliced	22928	19	RIGEL_NRNA_chr9_1_76704847_76710661		RIGEL_NRNA_chr9_1_76704847_76710661	nrna
A00839:75:H7MFFDSXY:3:2440:28447:23610	chr9	76708127	76708276	False	378	150M	255	0	3	0.19445392489433289	ambig_opp_strand	unspliced	22928	19	ENST00000428286.5	PRUNE2	ENSG00000106772.19	mrna
A00839:75:H7MFFDSXY:3:1174:3577:17769	chr9	76708548	76708697	True	-304	150M	255	0	25	0.9421267509460449	ambig_opp_strand	unspliced	22928	19	RIGEL_NRNA_chr9_1_76704847_76710661		RIGEL_NRNA_chr9_1_76704847_76710661	nrna
A00839:75:H7MFFDSXY:3:1406:22860:5259	chr9	76709160	76709297	True	-435	78M12I60M	255	13	5	0.5709642767906189	ambig_opp_strand	unspliced	-1	19	.	.	.	mrna
A00839:75:H7MFFDSXY:3:2444:25654:4053	chr9	76709081	76709230	False	257	150M	255	0	3	0.6875356435775757	ambig_opp_strand	unspliced	22928	19	ENST00000426088.5	PRUNE2	ENSG00000106772.19	mrna
A00839:75:H7MFFDSXY:3:2607:28149:28792	chr9	76707682	76707831	True	-493	150M	255	2	5	0.5905548334121704	ambig_opp_strand	unspliced	-1	19	.	.	.	mrna
A00839:75:H7MFFDSXY:3:1564:7735:13792	chr9	76704823	76704972	False	354	150M	255	0	3	0.20227715373039246	ambig_opp_strand	unspliced	22928	20	ENST00000428286.5	PRUNE2	ENSG00000106772.19	mrna
A00839:75:H7MFFDSXY:3:1607:13349:21981	chr9	76707664	76707813	True	-202	150M	255	2	25	0.966254472732544	ambig_opp_strand	unspliced	22928	19	RIGEL_NRNA_chr9_1_76704847_76710661		RIGEL_NRNA_chr9_1_76704847_76710661	nrna
A00839:75:H7MFFDSXY:3:1638:25925:14857	chr9	76703647	76703796	False	152	150M	255	1	3	0.10256722569465637	ambig_opp_strand	unspliced	22928	12	ENST00000376718.8	PRUNE2	ENSG00000106772.19	mrna
A00839:75:H7MFFDSXY:3:2519:12382:36714	chr9	76704924	76705073	True	-204	150M	255	0	25	0.9170836210250854	ambig_opp_strand	unspliced	22928	22	RIGEL_NRNA_chr9_1_76704847_76710661		RIGEL_NRNA_chr9_1_76704847_76710661	nrna
A00839:75:H7MFFDSXY:3:2424:13422:18505	chr9	76707073	76707222	False	304	150M	255	1	3	0.6864429712295532	ambig_opp_strand	unspliced	22928	19	ENST00000426088.5	PRUNE2	ENSG00000106772.19	mrna
A00839:75:H7MFFDSXY:3:1567:30644:16705	chr9	76709782	76709931	False	291	150M	255	2	3	0.205043226480484	ambig_opp_strand	unspliced	22928	19	ENST00000428286.5	PRUNE2	ENSG00000106772.19	mrna
A00839:75:H7MFFDSXY:3:1235:9833:34491	chr9	76708549	76708698	True	-312	150M	255	0	25	0.9330980777740479	ambig_opp_strand	unspliced	22928	19	RIGEL_NRNA_chr9_1_76704847_76710661		RIGEL_NRNA_chr9_1_76704847_76710661	nrna
A00839:75:H7MFFDSXY:3:2521:24017:20165	chr9	76706065	76706214	False	210	150M	255	0	3	0.20526593923568726	ambig_opp_strand	unspliced	22928	19	ENST00000428286.5	PRUNE2	ENSG00000106772.19	mrna
A00839:75:H7MFFDSXY:3:1556:28176:24111	chr9	76703881	76704030	True	-319	150M	255	1	5	0.7427127957344055	ambig_opp_strand	unspliced	-1	12	.	.	.	mrna
A00839:75:H7MFFDSXY:3:1457:25437:12540	chr9	76705940	76706089	True	-275	150M	255	1	25	0.9583810567855835	ambig_opp_strand	unspliced	22928	19	RIGEL_NRNA_chr9_1_76704847_76710661		RIGEL_NRNA_chr9_1_76704847_76710661	nrna
A00839:75:H7MFFDSXY:3:1653:4282:32393	chr9	76703330	76703467	True	-188	138M12S	255	2	25	0.387350857257843	ambig_opp_strand	unspliced	22928	12	RIGEL_NRNA_chr9_1_76700179_76740086		RIGEL_NRNA_chr9_1_76700179_76740086	nrna
A00839:75:H7MFFDSXY:3:2363:7328:33004	chr9	76707372	76707521	True	-479	150M	255	0	5	0.5766290426254272	ambig_opp_strand	unspliced	-1	19	.	.	.	mrna
A00839:75:H7MFFDSXY:3:2361:3549:20040	chr9	76705566	76705715	False	271	150M	255	0	3	0.1026095300912857	ambig_opp_strand	unspliced	22928	19	ENST00000376718.8	PRUNE2	ENSG00000106772.19	mrna
A00839:75:H7MFFDSXY:3:2312:3531:32784	chr9	76708041	76708190	True	-293	150M	255	0	25	0.9507495760917664	ambig_opp_strand	unspliced	22928	19	RIGEL_NRNA_chr9_1_76704847_76710661		RIGEL_NRNA_chr9_1_76704847_76710661	nrna
A00839:75:H7MFFDSXY:3:2206:26106:26318	chr9	76708469	76708589	True	-121	121M	255	0	25	0.893692672252655	ambig_opp_strand	unspliced	22928	19	RIGEL_NRNA_chr9_1_76704847_76710661		RIGEL_NRNA_chr9_1_76704847_76710661	nrna
A00839:75:H7MFFDSXY:3:1410:18448:20478	chr9	76705256	76705405	True	-275	150M	255	0	25	0.903586745262146	ambig_opp_strand	unspliced	22928	26	RIGEL_NRNA_chr9_1_76704847_76710661		RIGEL_NRNA_chr9_1_76704847_76710661	nrna
A00839:75:H7MFFDSXY:3:2158:31015:7263	chr9	76705093	76705242	True	-156	150M	255	0	25	0.9061224460601807	ambig_opp_strand	unspliced	22928	24	RIGEL_NRNA_chr9_1_76704847_76710661		RIGEL_NRNA_chr9_1_76704847_76710661	nrna
A00839:75:H7MFFDSXY:3:1531:27805:8594	chr9	76706084	76706233	True	-196	150M	255	0	25	0.9659369587898254	ambig_opp_strand	unspliced	22928	19	RIGEL_NRNA_chr9_1_76704847_76710661		RIGEL_NRNA_chr9_1_76704847_76710661	nrna
A00839:75:H7MFFDSXY:3:2542:5150:16986	chr9	76707473	76707622	True	-340	150M	255	0	5	0.10685507208108902	ambig_opp_strand	unspliced	-1	19	.	.	.	mrna
A00839:75:H7MFFDSXY:3:2629:17951:36996	chr9	76705558	76705707	False	326	150M	255	0	3	0.20442268252372742	ambig_opp_strand	unspliced	22928	19	ENST00000428286.5	PRUNE2	ENSG00000106772.19	mrna
A00839:75:H7MFFDSXY:3:1459:6424:33786	chr9	76705084	76705233	False	281	150M	255	0	3	0.6871622800827026	ambig_opp_strand	unspliced	22928	24	ENST00000426088.5	PRUNE2	ENSG00000106772.19	mrna
A00839:75:H7MFFDSXY:3:2369:31919:31438	chr9	76709244	76709393	True	-174	150M	1	1	128	0.0	.	unknown	-1	0	.	.	.	mrna
A00839:75:H7MFFDSXY:3:1262:29713:25739	chr9	76705115	76705264	False	303	150M	255	0	3	0.6864975690841675	ambig_opp_strand	unspliced	22928	26	ENST00000426088.5	PRUNE2	ENSG00000106772.19	mrna
A00839:75:H7MFFDSXY:3:1669:18249:27117	chr9	76706161	76706310	True	-286	150M	255	0	25	0.9541400671005249	ambig_opp_strand	unspliced	22928	19	RIGEL_NRNA_chr9_1_76704847_76710661		RIGEL_NRNA_chr9_1_76704847_76710661	nrna
A00839:75:H7MFFDSXY:3:1216:31638:20243	chr9	76708877	76709026	True	-263	150M	255	0	25	0.9622918367385864	ambig_opp_strand	unspliced	22928	19	RIGEL_NRNA_chr9_1_76704847_76710661		RIGEL_NRNA_chr9_1_76704847_76710661	nrna
A00839:75:H7MFFDSXY:3:2317:4101:13855	chr9	76708506	76708655	True	-212	150M	255	0	25	0.9667470455169678	ambig_opp_strand	unspliced	22928	19	RIGEL_NRNA_chr9_1_76704847_76710661		RIGEL_NRNA_chr9_1_76704847_76710661	nrna
A00839:75:H7MFFDSXY:3:1612:14326:10488	chr9	76708615	76708764	True	-613	150M	255	0	25	0.8250894546508789	ambig_opp_strand	unspliced	22928	19	RIGEL_NRNA_chr9_1_76704847_76710661		RIGEL_NRNA_chr9_1_76704847_76710661	nrna
A00839:75:H7MFFDSXY:3:1670:7988:8750	chr9	76704954	76705103	False	270	150M	255	0	3	0.10261137783527374	ambig_opp_strand	unspliced	22928	22	ENST00000376718.8	PRUNE2	ENSG00000106772.19	mrna
A00839:75:H7MFFDSXY:3:1356:1380:12148	chr9	76706177	76706326	True	-277	150M	255	0	25	0.9576678276062012	ambig_opp_strand	unspliced	22928	19	RIGEL_NRNA_chr9_1_76704847_76710661		RIGEL_NRNA_chr9_1_76704847_76710661	nrna
A00839:75:H7MFFDSXY:3:2412:23719:21934	chr9	76708903	76709052	False	230	150M	255	0	3	0.6876931190490723	ambig_opp_strand	unspliced	22928	19	ENST00000426088.5	PRUNE2	ENSG00000106772.19	mrna
A00839:75:H7MFFDSXY:3:1162:21730:32957	chr9	76708314	76708463	False	432	150M	255	1	5	0.09160923957824707	ambig_opp_strand	unspliced	-1	19	.	.	.	mrna
A00839:75:H7MFFDSXY:3:1611:27046:11663	chr9	76706470	76706619	False	503	150M	255	0	5	0.08399725705385208	ambig_opp_strand	unspliced	-1	19	.	.	.	mrna
A00839:75:H7MFFDSXY:3:2341:8359:10645	chr9	76706302	76706451	True	-376	150M	255	1	5	0.41911381483078003	ambig_opp_strand	unspliced	-1	19	.	.	.	mrna
A00839:75:H7MFFDSXY:3:2525:17183:10864	chr9	76703302	76703432	False	131	131M	255	0	5	0.9642244577407837	ambig_opp_strand	unspliced	-1	14	.	.	.	mrna
A00839:75:H7MFFDSXY:3:2324:27760:31720	chr9	76709347	76709496	False	414	150M	255	1	3	0.09253477305173874	ambig_opp_strand	unspliced	22928	19	ENST00000376718.8	PRUNE2	ENSG00000106772.19	mrna
A00839:75:H7MFFDSXY:3:2518:27841:9972	chr9	76705484	76705633	False	349	150M	255	1	3	0.6798491477966309	ambig_opp_strand	unspliced	22928	19	ENST00000426088.5	PRUNE2	ENSG00000106772.19	mrna
A00839:75:H7MFFDSXY:3:1349:7808:13730	chr9	76707379	76707528	False	333	150M	255	0	3	0.6839911937713623	ambig_opp_strand	unspliced	22928	19	ENST00000426088.5	PRUNE2	ENSG00000106772.19	mrna
A00839:75:H7MFFDSXY:3:2651:20853:9518	chr9	76707596	76707745	True	-175	150M	255	0	25	0.9627386331558228	ambig_opp_strand	unspliced	22928	19	RIGEL_NRNA_chr9_1_76704847_76710661		RIGEL_NRNA_chr9_1_76704847_76710661	nrna
A00839:75:H7MFFDSXY:3:1125:18385:16892	chr9	76707614	76707763	False	181	150M	255	2	3	0.10263766348361969	ambig_opp_strand	unspliced	22928	19	ENST00000376718.8	PRUNE2	ENSG00000106772.19	mrna
A00839:75:H7MFFDSXY:3:2329:17635:32847	chr9	76707777	76707926	True	-361	150M	255	1	25	0.750933051109314	ambig_opp_strand	unspliced	22928	19	RIGEL_NRNA_chr9_1_76704847_76710661		RIGEL_NRNA_chr9_1_76704847_76710661	nrna
A00839:75:H7MFFDSXY:3:2107:29975:1485	chr9	76707653	76707802	False	268	150M	255	1	3	0.20517686009407043	ambig_opp_strand	unspliced	22928	19	ENST00000428286.5	PRUNE2	ENSG00000106772.19	mrna
A00839:75:H7MFFDSXY:3:2234:4698:5588	chr9	76708853	76709002	False	365	150M	255	0	3	0.20030762255191803	ambig_opp_strand	unspliced	22928	19	ENST00000428286.5	PRUNE2	ENSG00000106772.19	mrna
A00839:75:H7MFFDSXY:3:1206:4689:16188	chr9	76705633	76705782	True	-180	150M	255	1	25	0.9639304280281067	ambig_opp_strand	unspliced	22928	19	RIGEL_NRNA_chr9_1_76704847_76710661		RIGEL_NRNA_chr9_1_76704847_76710661	nrna
A00839:75:H7MFFDSXY:3:2321:15402:1266	chr9	76709724	76709873	True	-160	150M	255	1	25	0.9580175280570984	ambig_opp_strand	unspliced	22928	19	RIGEL_NRNA_chr9_1_76704847_76710661		RIGEL_NRNA_chr9_1_76704847_76710661	nrna
A00839:75:H7MFFDSXY:3:1308:23710:19069	chr9	76705410	76705559	False	241	150M	255	0	3	0.6876555681228638	ambig_opp_strand	unspliced	22928	19	ENST00000426088.5	PRUNE2	ENSG00000106772.19	mrna
A00839:75:H7MFFDSXY:3:2605:19470:4492	chr9	76707128	76707277	False	310	150M	255	1	3	0.6861334443092346	ambig_opp_strand	unspliced	22928	19	ENST00000426088.5	PRUNE2	ENSG00000106772.19	mrna
A00839:75:H7MFFDSXY:3:2122:13657:34914	chr9	76707646	76707795	False	378	150M	255	1	3	0.6514695882797241	ambig_opp_strand	unspliced	22928	19	ENST00000426088.5	PRUNE2	ENSG00000106772.19	mrna
A00839:75:H7MFFDSXY:3:1545:28275:25379	chr9	76703891	76704040	True	-302	150M	255	1	5	0.6446526646614075	ambig_opp_strand	unspliced	-1	12	.	.	.	mrna
A00839:75:H7MFFDSXY:3:1324:12481:3129	chr9	76707476	76707625	True	-321	150M	255	0	25	0.9216776490211487	ambig_opp_strand	unspliced	22928	19	RIGEL_NRNA_chr9_1_76704847_76710661		RIGEL_NRNA_chr9_1_76704847_76710661	nrna
A00839:75:H7MFFDSXY:3:2657:20745:34162	chr9	76705157	76705306	False	301	150M	255	2	3	0.20493201911449432	ambig_opp_strand	unspliced	22928	26	ENST00000428286.5	PRUNE2	ENSG00000106772.19	mrna
A00839:75:H7MFFDSXY:3:1463:22381:3583	chr9	76705792	76705941	False	364	150M	255	0	3	0.671683132648468	ambig_opp_strand	unspliced	22928	19	ENST00000426088.5	PRUNE2	ENSG00000106772.19	mrna
A00839:75:H7MFFDSXY:3:2667:23493:25864	chr9	76709129	76709266	False	391	109M12I29M	255	13	3	0.620851457118988	ambig_opp_strand	unspliced	22928	19	ENST00000426088.5	PRUNE2	ENSG00000106772.19	mrna
A00839:75:H7MFFDSXY:3:2540:27254:16344	chr9	76705209	76705358	True	-272	150M	255	1	25	0.9094710350036621	ambig_opp_strand	unspliced	22928	24	RIGEL_NRNA_chr9_1_76704847_76710661		RIGEL_NRNA_chr9_1_76704847_76710661	nrna
A00839:75:H7MFFDSXY:3:1141:14470:18818	chr9	76708461	76708610	True	-356	150M	255	0	25	0.7874397039413452	ambig_opp_strand	unspliced	22928	19	RIGEL_NRNA_chr9_1_76704847_76710661		RIGEL_NRNA_chr9_1_76704847_76710661	nrna
A00839:75:H7MFFDSXY:3:1272:7618:3192	chr9	76707941	76708090	True	-474	150M	255	0	25	0.3845478892326355	ambig_opp_strand	unspliced	22928	19	RIGEL_NRNA_chr9_1_76704847_76710661		RIGEL_NRNA_chr9_1_76704847_76710661	nrna
A00839:75:H7MFFDSXY:3:1412:17987:18302	chr9	76708114	76708263	False	357	150M	255	0	3	0.20195800065994263	ambig_opp_strand	unspliced	22928	19	ENST00000428286.5	PRUNE2	ENSG00000106772.19	mrna
A00839:75:H7MFFDSXY:3:2561:4218:5666	chr9	76707579	76707728	False	440	150M	255	2	5	0.09071285277605057	ambig_opp_strand	unspliced	-1	19	.	.	.	mrna
A00839:75:H7MFFDSXY:3:2120:20672:26991	chr9	76706538	76706687	True	-200	150M	255	1	25	0.9662058353424072	ambig_opp_strand	unspliced	22928	19	RIGEL_NRNA_chr9_1_76704847_76710661		RIGEL_NRNA_chr9_1_76704847_76710661	nrna
A00839:75:H7MFFDSXY:3:2529:25608:6793	chr9	76708806	76708955	True	-302	150M	255	1	25	0.9437927603721619	ambig_opp_strand	unspliced	22928	19	RIGEL_NRNA_chr9_1_76704847_76710661		RIGEL_NRNA_chr9_1_76704847_76710661	nrna
A00839:75:H7MFFDSXY:3:1153:12707:25128	chr9	76708921	76709070	False	317	150M	255	0	3	0.6856741309165955	ambig_opp_strand	unspliced	22928	19	ENST00000426088.5	PRUNE2	ENSG00000106772.19	mrna
A00839:75:H7MFFDSXY:3:1220:1199:7200	chr9	76707783	76707932	True	-181	150M	255	1	25	0.9636655449867249	ambig_opp_strand	unspliced	22928	19	RIGEL_NRNA_chr9_1_76704847_76710661		RIGEL_NRNA_chr9_1_76704847_76710661	nrna
A00839:75:H7MFFDSXY:3:2677:16893:33285	chr9	76707029	76707178	False	425	150M	255	1	3	0.6305360198020935	ambig_opp_strand	unspliced	22928	19	ENST00000426088.5	PRUNE2	ENSG00000106772.19	mrna
A00839:75:H7MFFDSXY:3:1673:22092:16955	chr9	76704996	76705145	False	322	150M	255	0	3	0.6852625608444214	ambig_opp_strand	unspliced	22928	22	ENST00000426088.5	PRUNE2	ENSG00000106772.19	mrna
A00839:75:H7MFFDSXY:3:2424:31774:27085	chr9	76705304	76705453	False	207	150M	255	0	3	0.6876761317253113	ambig_opp_strand	unspliced	22928	26	ENST00000426088.5	PRUNE2	ENSG00000106772.19	mrna
A00839:75:H7MFFDSXY:3:1161:32045:6230	chr9	76708829	76708978	False	256	150M	255	0	3	0.6875466108322144	ambig_opp_strand	unspliced	22928	19	ENST00000426088.5	PRUNE2	ENSG00000106772.19	mrna
A00839:75:H7MFFDSXY:3:1654:28257:11475	chr9	76709055	76709204	False	276	150M	255	1	3	0.1025962308049202	ambig_opp_strand	unspliced	22928	19	ENST00000376718.8	PRUNE2	ENSG00000106772.19	mrna
A00839:75:H7MFFDSXY:3:2650:7346:5760	chr9	76705168	76705317	True	-265	150M	255	0	25	0.9125254154205322	ambig_opp_strand	unspliced	22928	22	RIGEL_NRNA_chr9_1_76704847_76710661		RIGEL_NRNA_chr9_1_76704847_76710661	nrna
A00839:75:H7MFFDSXY:3:2204:18629:18255	chr9	76706926	76707075	False	334	150M	255	1	3	0.2041381299495697	ambig_opp_strand	unspliced	22928	19	ENST00000428286.5	PRUNE2	ENSG00000106772.19	mrna
A00839:75:H7MFFDSXY:3:1107:19723:28197	chr9	76708108	76708257	False	512	150M	255	0	3	0.603499710559845	ambig_opp_strand	unspliced	22928	19	ENST00000426088.5	PRUNE2	ENSG00000106772.19	mrna
A00839:75:H7MFFDSXY:3:1543:1072:23891	chr9	76705199	76705348	False	210	150M	255	0	3	0.6876903176307678	ambig_opp_strand	unspliced	22928	26	ENST00000426088.5	PRUNE2	ENSG00000106772.19	mrna
A00839:75:H7MFFDSXY:3:2241:4246:2394	chr9	76703616	76703765	True	-280	150M	255	1	25	0.21509145200252533	ambig_opp_strand	unspliced	22928	12	RIGEL_NRNA_chr9_1_76700179_76740086		RIGEL_NRNA_chr9_1_76700179_76740086	nrna
A00839:75:H7MFFDSXY:3:1254:8802:15358	chr9	76705531	76705680	True	-291	150M	255	0	25	0.9519134759902954	ambig_opp_strand	unspliced	22928	19	RIGEL_NRNA_chr9_1_76704847_76710661		RIGEL_NRNA_chr9_1_76704847_76710661	nrna
A00839:75:H7MFFDSXY:3:1662:21296:4460	chr9	76709172	76709309	False	332	66M12I72M	255	14	3	0.6841680407524109	ambig_opp_strand	unspliced	22928	19	ENST00000426088.5	PRUNE2	ENSG00000106772.19	mrna
A00839:75:H7MFFDSXY:3:2556:5484:7921	chr9	76708326	76708475	False	289	150M	255	3	3	0.6869972348213196	ambig_opp_strand	unspliced	22928	19	ENST00000426088.5	PRUNE2	ENSG00000106772.19	mrna
A00839:75:H7MFFDSXY:3:1569:23059:36855	chr9	76706024	76706173	True	-349	150M	255	0	25	0.8292824625968933	ambig_opp_strand	unspliced	22928	19	RIGEL_NRNA_chr9_1_76704847_76710661		RIGEL_NRNA_chr9_1_76704847_76710661	nrna
A00839:75:H7MFFDSXY:3:1163:18548:31829	chr9	76707885	76708034	True	-345	150M	255	0	5	0.1288200169801712	ambig_opp_strand	unspliced	-1	19	.	.	.	mrna
A00839:75:H7MFFDSXY:3:2534:32018:20275	chr9	76706318	76706467	False	233	150M	255	1	3	0.20526085793972015	ambig_opp_strand	unspliced	22928	19	ENST00000428286.5	PRUNE2	ENSG00000106772.19	mrna
A00839:75:H7MFFDSXY:3:1451:5674:9878	chr9	76709893	76710042	True	-417	150M	255	0	5	0.6278790831565857	ambig_opp_strand	unspliced	-1	19	.	.	.	mrna
A00839:75:H7MFFDSXY:3:1174:23547:15969	chr9	76708819	76708968	False	382	150M	255	2	5	0.069697305560112	ambig_opp_strand	unspliced	-1	19	.	.	.	mrna
A00839:75:H7MFFDSXY:3:1620:27841:12289	chr9	76709315	76709464	True	-332	150M	255	0	25	0.9001352787017822	ambig_opp_strand	unspliced	22928	19	RIGEL_NRNA_chr9_1_76704847_76710661		RIGEL_NRNA_chr9_1_76704847_76710661	nrna
A00839:75:H7MFFDSXY:3:1607:14100:17237	chr9	76708483	76708632	True	-186	150M	255	0	25	0.9645472764968872	ambig_opp_strand	unspliced	22928	19	RIGEL_NRNA_chr9_1_76704847_76710661		RIGEL_NRNA_chr9_1_76704847_76710661	nrna
A00839:75:H7MFFDSXY:3:2676:32027:18286	chr9	76705231	76705380	False	312	150M	255	0	3	0.6859676837921143	ambig_opp_strand	unspliced	22928	26	ENST00000426088.5	PRUNE2	ENSG00000106772.19	mrna
A00839:75:H7MFFDSXY:3:1449:18629:12023	chr9	76704812	76704961	True	-382	150M	255	0	5	0.9911840558052063	ambig_opp_strand	unspliced	-1	12	.	.	.	mrna
A00839:75:H7MFFDSXY:3:1246:4453:10488	chr9	76704743	76704892	False	251	150M	255	0	25	0.09762956947088242	ambig_opp_strand	unspliced	22928	12	RIGEL_NRNA_chr9_2_76614288_76710237		RIGEL_NRNA_chr9_2_76614288_76710237	nrna
A00839:75:H7MFFDSXY:3:1202:16143:9627	chr9	76706498	76706647	False	457	150M	255	0	3	0.185687854886055	ambig_opp_strand	unspliced	22928	19	ENST00000428286.5	PRUNE2	ENSG00000106772.19	mrna
A00839:75:H7MFFDSXY:3:2550:31503:21825	chr9	76709335	76709484	True	-451	150M	255	0	5	0.6138246655464172	ambig_opp_strand	unspliced	-1	19	.	.	.	mrna
A00839:75:H7MFFDSXY:3:1116:12554:4633	chr9	76703599	76703748	True	-357	150M	255	0	5	0.92415452003479	ambig_opp_strand	unspliced	-1	12	.	.	.	mrna
A00839:75:H7MFFDSXY:3:1374:22363:24283	chr9	76709264	76709413	True	-194	150M	1	0	128	0.0	.	unknown	-1	0	.	.	.	mrna
A00839:75:H7MFFDSXY:3:2559:3396:27633	chr9	76708180	76708329	False	344	150M	255	1	3	0.6815747618675232	ambig_opp_strand	unspliced	22928	19	ENST00000426088.5	PRUNE2	ENSG00000106772.19	mrna
A00839:75:H7MFFDSXY:3:2628:12500:35477	chr9	76708167	76708316	True	-319	150M	255	0	25	0.9241028428077698	ambig_opp_strand	unspliced	22928	19	RIGEL_NRNA_chr9_1_76704847_76710661		RIGEL_NRNA_chr9_1_76704847_76710661	nrna
A00839:75:H7MFFDSXY:3:2368:28004:8061	chr9	76703169	76703318	False	375	150M	255	0	5	0.9967693090438843	ambig_opp_strand	unspliced	-1	12	.	.	.	mrna
A00839:75:H7MFFDSXY:3:2107:24749:13228	chr9	76706367	76706516	False	246	150M	255	0	3	0.6876329183578491	ambig_opp_strand	unspliced	22928	19	ENST00000426088.5	PRUNE2	ENSG00000106772.19	mrna
A00839:75:H7MFFDSXY:3:1227:12735:14027	chr9	76709371	76709520	True	-359	150M	255	0	25	0.7650920152664185	ambig_opp_strand	unspliced	22928	19	RIGEL_NRNA_chr9_1_76704847_76710661		RIGEL_NRNA_chr9_1_76704847_76710661	nrna
A00839:75:H7MFFDSXY:3:2227:29821:8328	chr9	76709739	76709888	False	324	150M	255	1	3	0.6851239204406738	ambig_opp_strand	unspliced	22928	19	ENST00000426088.5	PRUNE2	ENSG00000106772.19	mrna
A00839:75:H7MFFDSXY:3:2375:4291:14090	chr9	76707741	76707890	True	-284	150M	255	2	25	0.955115020275116	ambig_opp_strand	unspliced	22928	19	RIGEL_NRNA_chr9_1_76704847_76710661		RIGEL_NRNA_chr9_1_76704847_76710661	nrna
A00839:75:H7MFFDSXY:3:1677:7066:35618	chr9	76708164	76708313	True	-277	150M	255	0	25	0.9576678276062012	ambig_opp_strand	unspliced	22928	19	RIGEL_NRNA_chr9_1_76704847_76710661		RIGEL_NRNA_chr9_1_76704847_76710661	nrna
A00839:75:H7MFFDSXY:3:2319:4426:22247	chr9	76708735	76708884	False	306	150M	255	0	3	0.6863425374031067	ambig_opp_strand	unspliced	22928	19	ENST00000426088.5	PRUNE2	ENSG00000106772.19	mrna
A00839:75:H7MFFDSXY:3:2360:19958:17926	chr9	76708653	76708802	False	351	150M	255	1	3	0.6792387962341309	ambig_opp_strand	unspliced	22928	19	ENST00000426088.5	PRUNE2	ENSG00000106772.19	mrna
A00839:75:H7MFFDSXY:3:1638:17680:11631	chr9	76709186	76709323	True	-257	52M12I86M	255	13	25	0.96361243724823	ambig_opp_strand	unspliced	22928	19	RIGEL_NRNA_chr9_1_76704847_76710661		RIGEL_NRNA_chr9_1_76704847_76710661	nrna
A00839:75:H7MFFDSXY:3:2527:20808:15358	chr9	76706709	76706858	False	388	150M	255	0	3	0.09383793920278549	ambig_opp_strand	unspliced	22928	19	ENST00000376718.8	PRUNE2	ENSG00000106772.19	mrna
A00839:75:H7MFFDSXY:3:1325:23059:4883	chr9	76707030	76707179	False	340	150M	255	1	3	0.6826776266098022	ambig_opp_strand	unspliced	22928	19	ENST00000426088.5	PRUNE2	ENSG00000106772.19	mrna
A00839:75:H7MFFDSXY:3:1165:1624:8531	chr9	76708689	76708838	True	-306	150M	255	0	25	0.9401962757110596	ambig_opp_strand	unspliced	22928	19	RIGEL_NRNA_chr9_1_76704847_76710661		RIGEL_NRNA_chr9_1_76704847_76710661	nrna
A00839:75:H7MFFDSXY:3:2669:23330:11553	chr9	76703362	76703526	False	232	98M15D52M	255	15	3	0.20527394115924835	ambig_opp_strand	unspliced	22928	12	ENST00000428286.5	PRUNE2	ENSG00000106772.19	mrna
A00839:75:H7MFFDSXY:3:1165:29631:18239	chr9	76707000	76707149	False	411	150M	255	0	3	0.6142140626907349	ambig_opp_strand	unspliced	22928	19	ENST00000426088.5	PRUNE2	ENSG00000106772.19	mrna
A00839:75:H7MFFDSXY:3:2141:22571:15217	chr9	76706480	76706629	True	-406	150M	255	0	5	0.6156941056251526	ambig_opp_strand	unspliced	-1	19	.	.	.	mrna
A00839:75:H7MFFDSXY:3:2335:15483:4789	chr9	76709389	76709538	True	-206	150M	255	1	25	0.9664841890335083	ambig_opp_strand	unspliced	22928	19	RIGEL_NRNA_chr9_1_76704847_76710661		RIGEL_NRNA_chr9_1_76704847_76710661	nrna
A00839:75:H7MFFDSXY:3:2507:30508:33818	chr9	76709418	76709567	False	303	150M	255	0	3	0.6864997744560242	ambig_opp_strand	unspliced	22928	19	ENST00000426088.5	PRUNE2	ENSG00000106772.19	mrna
A00839:75:H7MFFDSXY:3:2309:15257:15483	chr9	76705524	76705673	False	238	150M	255	0	3	0.6876722574234009	ambig_opp_strand	unspliced	22928	19	ENST00000426088.5	PRUNE2	ENSG00000106772.19	mrna
A00839:75:H7MFFDSXY:3:1412:19524:26287	chr9	76707909	76708058	False	426	150M	255	0	3	0.6219980716705322	ambig_opp_strand	unspliced	22928	19	ENST00000426088.5	PRUNE2	ENSG00000106772.19	mrna
A00839:75:H7MFFDSXY:3:2334:23068:32236	chr9	76706590	76706739	False	322	150M	255	0	3	0.20454120635986328	ambig_opp_strand	unspliced	22928	19	ENST00000428286.5	PRUNE2	ENSG00000106772.19	mrna
A00839:75:H7MFFDSXY:3:1377:2573:8954	chr9	76709579	76709728	True	-417	150M	255	0	5	0.6278790831565857	ambig_opp_strand	unspliced	-1	19	.	.	.	mrna
A00839:75:H7MFFDSXY:3:1377:7997:2096	chr9	76708859	76709008	True	-219	150M	255	0	25	0.9669434428215027	ambig_opp_strand	unspliced	22928	19	RIGEL_NRNA_chr9_1_76704847_76710661		RIGEL_NRNA_chr9_1_76704847_76710661	nrna
A00839:75:H7MFFDSXY:3:1247:2962:5431	chr9	76705817	76705966	True	-309	150M	255	0	25	0.93660968542099	ambig_opp_strand	unspliced	22928	19	RIGEL_NRNA_chr9_1_76704847_76710661		RIGEL_NRNA_chr9_1_76704847_76710661	nrna
A00839:75:H7MFFDSXY:3:2571:13322:36119	chr9	76709033	76709182	False	205	150M	255	0	3	0.68767911195755	ambig_opp_strand	unspliced	22928	19	ENST00000426088.5	PRUNE2	ENSG00000106772.19	mrna
A00839:75:H7MFFDSXY:3:1117:18249:6699	chr9	76703744	76703893	False	358	150M	255	1	3	0.07138984650373459	ambig_opp_strand	unspliced	22928	12	ENST00000428286.5	PRUNE2	ENSG00000106772.19	mrna
A00839:75:H7MFFDSXY:3:2420:8838:12727	chr9	76704918	76705067	False	258	150M	255	1	3	0.6875205636024475	ambig_opp_strand	unspliced	22928	22	ENST00000426088.5	PRUNE2	ENSG00000106772.19	mrna
A00839:75:H7MFFDSXY:3:2206:26603:26584	chr9	76705311	76705460	True	-289	150M	255	0	25	0.8987243175506592	ambig_opp_strand	unspliced	22928	26	RIGEL_NRNA_chr9_1_76704847_76710661		RIGEL_NRNA_chr9_1_76704847_76710661	nrna
A00839:75:H7MFFDSXY:3:2245:17580:4413	chr9	76706692	76706841	False	401	150M	255	0	3	0.6244333386421204	ambig_opp_strand	unspliced	22928	19	ENST00000426088.5	PRUNE2	ENSG00000106772.19	mrna
A00839:75:H7MFFDSXY:3:2553:27109:32095	chr9	76707582	76707731	True	-280	150M	255	0	25	0.9568665623664856	ambig_opp_strand	unspliced	22928	19	RIGEL_NRNA_chr9_1_76704847_76710661		RIGEL_NRNA_chr9_1_76704847_76710661	nrna
A00839:75:H7MFFDSXY:3:1205:32226:15468	chr9	76706014	76706163	True	-260	150M	255	0	25	0.9628530740737915	ambig_opp_strand	unspliced	22928	19	RIGEL_NRNA_chr9_1_76704847_76710661		RIGEL_NRNA_chr9_1_76704847_76710661	nrna
A00839:75:H7MFFDSXY:3:1108:31955:28714	chr9	76704815	76704964	True	-353	150M	255	0	5	0.9571529626846313	ambig_opp_strand	unspliced	-1	12	.	.	.	mrna
A00839:75:H7MFFDSXY:3:1503:7075:18975	chr9	76706002	76706151	True	-235	150M	255	0	25	0.9663810133934021	ambig_opp_strand	unspliced	22928	19	RIGEL_NRNA_chr9_1_76704847_76710661		RIGEL_NRNA_chr9_1_76704847_76710661	nrna
A00839:75:H7MFFDSXY:3:2116:29324:16360	chr9	76705709	76705858	False	312	150M	255	1	3	0.685969889163971	ambig_opp_strand	unspliced	22928	19	ENST00000426088.5	PRUNE2	ENSG00000106772.19	mrna
A00839:75:H7MFFDSXY:3:1268:2166:28479	chr9	76705748	76705897	True	-332	150M	255	0	25	0.9001354575157166	ambig_opp_strand	unspliced	22928	19	RIGEL_NRNA_chr9_1_76704847_76710661		RIGEL_NRNA_chr9_1_76704847_76710661	nrna
A00839:75:H7MFFDSXY:3:1360:18828:18192	chr9	76705310	76705459	True	-346	150M	255	0	25	0.8053596615791321	ambig_opp_strand	unspliced	22928	26	RIGEL_NRNA_chr9_1_76704847_76710661		RIGEL_NRNA_chr9_1_76704847_76710661	nrna
A00839:75:H7MFFDSXY:3:2434:27199:29277	chr9	76706403	76706552	True	-410	150M	255	0	5	0.5974540710449219	ambig_opp_strand	unspliced	-1	19	.	.	.	mrna
A00839:75:H7MFFDSXY:3:2210:2121:32440	chr9	76706298	76706447	False	303	150M	255	1	3	0.6864997744560242	ambig_opp_strand	unspliced	22928	19	ENST00000426088.5	PRUNE2	ENSG00000106772.19	mrna
A00839:75:H7MFFDSXY:3:2636:26078:24017	chr9	76709142	76709279	False	306	96M12I42M	255	13	3	0.6863425374031067	ambig_opp_strand	unspliced	22928	19	ENST00000426088.5	PRUNE2	ENSG00000106772.19	mrna
A00839:75:H7MFFDSXY:3:1169:5403:22153	chr9	76709776	76709925	True	-445	150M	255	1	5	0.5458751320838928	ambig_opp_strand	unspliced	-1	19	.	.	.	mrna
A00839:75:H7MFFDSXY:3:2130:22923:12665	chr9	76703298	76703447	False	292	150M	3	0	128	0.0	.	unknown	-1	0	.	.	.	mrna
A00839:75:H7MFFDSXY:3:1531:24975:24956	chr9	76705545	76705694	True	-252	150M	255	0	25	0.9648228883743286	ambig_opp_strand	unspliced	22928	19	RIGEL_NRNA_chr9_1_76704847_76710661		RIGEL_NRNA_chr9_1_76704847_76710661	nrna
A00839:75:H7MFFDSXY:3:1414:15637:20901	chr9	76709181	76709318	False	325	57M12I81M	255	13	3	0.10225754976272583	ambig_opp_strand	unspliced	22928	19	ENST00000376718.8	PRUNE2	ENSG00000106772.19	mrna
A00839:75:H7MFFDSXY:3:1352:15049:31720	chr9	76706128	76706277	False	176	150M	255	0	3	0.6874883770942688	ambig_opp_strand	unspliced	22928	19	ENST00000426088.5	PRUNE2	ENSG00000106772.19	mrna
A00839:75:H7MFFDSXY:3:1677:23999:33348	chr9	76707634	76707783	True	-257	150M	255	1	5	0.015796126797795296	ambig_opp_strand	unspliced	-1	19	.	.	.	mrna
A00839:75:H7MFFDSXY:3:1159:10755:15828	chr9	76708509	76708658	True	-342	150M	255	0	25	0.8686904907226562	ambig_opp_strand	unspliced	22928	19	RIGEL_NRNA_chr9_1_76704847_76710661		RIGEL_NRNA_chr9_1_76704847_76710661	nrna
A00839:75:H7MFFDSXY:3:2429:21160:26146	chr9	76703423	76703587	True	-280	37M15D113M	255	16	5	0.7055084109306335	ambig_opp_strand	unspliced	-1	12	.	.	.	mrna
A00839:75:H7MFFDSXY:3:1626:11369:10034	chr9	76708643	76708792	False	354	150M	255	0	3	0.20226755738258362	ambig_opp_strand	unspliced	22928	19	ENST00000428286.5	PRUNE2	ENSG00000106772.19	mrna
A00839:75:H7MFFDSXY:3:1360:19804:20572	chr9	76709596	76709745	False	359	150M	255	0	3	0.20156855881214142	ambig_opp_strand	unspliced	22928	19	ENST00000428286.5	PRUNE2	ENSG00000106772.19	mrna
A00839:75:H7MFFDSXY:3:2670:17427:25661	chr9	76703522	76703671	True	-431	150M	255	1	5	0.9932162761688232	ambig_opp_strand	unspliced	-1	12	.	.	.	mrna
A00839:75:H7MFFDSXY:3:2610:23882:4053	chr9	76709149	76709286	True	-416	89M12I49M	255	13	5	0.6031442880630493	ambig_opp_strand	unspliced	-1	19	.	.	.	mrna
A00839:75:H7MFFDSXY:3:1363:27028:28855	chr9	76707819	76707968	True	-279	150M	255	0	25	0.9571433067321777	ambig_opp_strand	unspliced	22928	19	RIGEL_NRNA_chr9_1_76704847_76710661		RIGEL_NRNA_chr9_1_76704847_76710661	nrna
A00839:75:H7MFFDSXY:3:1168:25997:20525	chr9	76705494	76705643	False	306	150M	255	0	3	0.6863425374031067	ambig_opp_strand	unspliced	22928	19	ENST00000426088.5	PRUNE2	ENSG00000106772.19	mrna
A00839:75:H7MFFDSXY:3:1110:15465:12430	chr9	76703114	76703261	False	439	2S148M	255	0	5	0.9986073970794678	ambig_opp_strand	unspliced	-1	12	.	.	.	mrna
A00839:75:H7MFFDSXY:3:2312:31783:21715	chr9	76706115	76706238	True	-124	124M	255	0	25	0.9070166945457458	ambig_opp_strand	unspliced	22928	19	RIGEL_NRNA_chr9_1_76704847_76710661		RIGEL_NRNA_chr9_1_76704847_76710661	nrna
A00839:75:H7MFFDSXY:3:1447:4806:18364	chr9	76705886	76706035	False	212	150M	255	1	3	0.10266050696372986	ambig_opp_strand	unspliced	22928	19	ENST00000376718.8	PRUNE2	ENSG00000106772.19	mrna
A00839:75:H7MFFDSXY:3:2354:17951:5838	chr9	76706724	76706873	True	-374	150M	255	0	25	0.5906575322151184	ambig_opp_strand	unspliced	22928	19	RIGEL_NRNA_chr9_1_76704847_76710661		RIGEL_NRNA_chr9_1_76704847_76710661	nrna
A00839:75:H7MFFDSXY:3:1144:16071:13823	chr9	76705465	76705614	False	428	150M	255	0	5	0.09429308772087097	ambig_opp_strand	unspliced	-1	19	.	.	.	mrna
A00839:75:H7MFFDSXY:3:1611:31738:3944	chr9	76706555	76706704	False	396	150M	255	0	3	0.6214821338653564	ambig_opp_strand	unspliced	22928	19	ENST00000426088.5	PRUNE2	ENSG00000106772.19	mrna
A00839:75:H7MFFDSXY:3:1277:21712:7404	chr9	76709834	76709983	True	-378	150M	255	0	5	0.4511343538761139	ambig_opp_strand	unspliced	-1	19	.	.	.	mrna
A00839:75:H7MFFDSXY:3:2116:3197:22623	chr9	76709543	76709692	False	216	150M	255	1	3	0.10266148298978806	ambig_opp_strand	unspliced	22928	19	ENST00000376718.8	PRUNE2	ENSG00000106772.19	mrna
A00839:75:H7MFFDSXY:3:1373:3260:8265	chr9	76706817	76706966	False	400	150M	255	1	3	0.09341399371623993	ambig_opp_strand	unspliced	22928	19	ENST00000376718.8	PRUNE2	ENSG00000106772.19	mrna
A00839:75:H7MFFDSXY:3:2136:17508:28056	chr9	76707787	76707936	False	361	150M	255	1	3	0.6742077469825745	ambig_opp_strand	unspliced	22928	19	ENST00000426088.5	PRUNE2	ENSG00000106772.19	mrna
A00839:75:H7MFFDSXY:3:1121:12979:20275	chr9	76708225	76708374	True	-282	150M	255	0	25	0.9558839797973633	ambig_opp_strand	unspliced	22928	19	RIGEL_NRNA_chr9_1_76704847_76710661		RIGEL_NRNA_chr9_1_76704847_76710661	nrna
A00839:75:H7MFFDSXY:3:1378:8269:14528	chr9	76706588	76706737	True	-152	150M	255	0	25	0.9535916447639465	ambig_opp_strand	unspliced	22928	19	RIGEL_NRNA_chr9_1_76704847_76710661		RIGEL_NRNA_chr9_1_76704847_76710661	nrna
A00839:75:H7MFFDSXY:3:1649:24505:8703	chr9	76706303	76706452	False	225	150M	255	1	3	0.6876979470252991	ambig_opp_strand	unspliced	22928	19	ENST00000426088.5	PRUNE2	ENSG00000106772.19	mrna
A00839:75:H7MFFDSXY:3:2566:22788:35321	chr9	76709935	76710084	True	-466	150M	255	0	5	0.623689591884613	ambig_opp_strand	unspliced	-1	19	.	.	.	mrna
A00839:75:H7MFFDSXY:3:2456:25789:32002	chr9	76708228	76708377	True	-405	150M	255	0	25	0.3736880123615265	ambig_opp_strand	unspliced	22928	19	RIGEL_NRNA_chr9_1_76704847_76710661		RIGEL_NRNA_chr9_1_76704847_76710661	nrna
A00839:75:H7MFFDSXY:3:2345:20582:21919	chr9	76706236	76706385	True	-247	150M	255	1	25	0.9654025435447693	ambig_opp_strand	unspliced	22928	19	RIGEL_NRNA_chr9_1_76704847_76710661		RIGEL_NRNA_chr9_1_76704847_76710661	nrna
A00839:75:H7MFFDSXY:3:2270:21920:21793	chr9	76707045	76707194	True	-474	150M	255	1	25	0.3845478892326355	ambig_opp_strand	unspliced	22928	19	RIGEL_NRNA_chr9_1_76704847_76710661		RIGEL_NRNA_chr9_1_76704847_76710661	nrna
A00839:75:H7MFFDSXY:3:2545:15194:12649	chr9	76707085	76707234	True	-293	150M	255	1	5	0.02893385849893093	ambig_opp_strand	unspliced	-1	19	.	.	.	mrna
A00839:75:H7MFFDSXY:3:1208:21052:35321	chr9	76707944	76708093	False	337	150M	255	0	3	0.6832884550094604	ambig_opp_strand	unspliced	22928	19	ENST00000426088.5	PRUNE2	ENSG00000106772.19	mrna
A00839:75:H7MFFDSXY:3:2135:16486:31986	chr9	76709357	76709506	False	410	150M	255	2	3	0.6245471239089966	ambig_opp_strand	unspliced	22928	19	ENST00000426088.5	PRUNE2	ENSG00000106772.19	mrna
A00839:75:H7MFFDSXY:3:1218:27859:9001	chr9	76708536	76708685	True	-290	150M	255	0	25	0.9520738124847412	ambig_opp_strand	unspliced	22928	19	RIGEL_NRNA_chr9_1_76704847_76710661		RIGEL_NRNA_chr9_1_76704847_76710661	nrna
A00839:75:H7MFFDSXY:3:1176:24867:7607	chr9	76706446	76706595	True	-223	150M	255	0	25	0.9669535160064697	ambig_opp_strand	unspliced	22928	19	RIGEL_NRNA_chr9_1_76704847_76710661		RIGEL_NRNA_chr9_1_76704847_76710661	nrna
A00839:75:H7MFFDSXY:3:1235:19452:31109	chr9	76708367	76708516	False	480	150M	255	0	3	0.6086612939834595	ambig_opp_strand	unspliced	22928	19	ENST00000426088.5	PRUNE2	ENSG00000106772.19	mrna
A00839:75:H7MFFDSXY:3:1514:4942:19069	chr9	76707861	76708010	False	240	150M	255	0	3	0.6876629590988159	ambig_opp_strand	unspliced	22928	19	ENST00000426088.5	PRUNE2	ENSG00000106772.19	mrna
A00839:75:H7MFFDSXY:3:2562:16721:13448	chr9	76709087	76709231	False	145	145M5S	255	0	3	0.6873999238014221	ambig_opp_strand	unspliced	22928	19	ENST00000426088.5	PRUNE2	ENSG00000106772.19	mrna
A00839:75:H7MFFDSXY:3:2338:12138:1313	chr9	76706332	76706481	True	-369	150M	255	1	25	0.6614436507225037	ambig_opp_strand	unspliced	22928	19	RIGEL_NRNA_chr9_1_76704847_76710661		RIGEL_NRNA_chr9_1_76704847_76710661	nrna
A00839:75:H7MFFDSXY:3:1108:18837:4867	chr9	76706471	76706620	True	-369	150M	255	0	5	0.3244220018386841	ambig_opp_strand	unspliced	-1	19	.	.	.	mrna
A00839:75:H7MFFDSXY:3:1502:24659:15170	chr9	76705260	76705409	False	346	150M	255	0	3	0.6810927987098694	ambig_opp_strand	unspliced	22928	19	ENST00000426088.5	PRUNE2	ENSG00000106772.19	mrna
A00839:75:H7MFFDSXY:3:1565:20934:28573	chr9	76709220	76709353	False	134	7S134M	255	1	3	0.2047244906425476	ambig_opp_strand	unspliced	22928	19	ENST00000428286.5	PRUNE2	ENSG00000106772.19	mrna
A00839:75:H7MFFDSXY:3:1507:23674:21762	chr9	76708810	76708959	True	-345	150M	255	1	25	0.8529533743858337	ambig_opp_strand	unspliced	22928	19	RIGEL_NRNA_chr9_1_76704847_76710661		RIGEL_NRNA_chr9_1_76704847_76710661	nrna
A00839:75:H7MFFDSXY:3:1540:2248:27649	chr9	76707816	76707956	False	141	141M	255	0	3	0.6864632964134216	ambig_opp_strand	unspliced	22928	19	ENST00000426088.5	PRUNE2	ENSG00000106772.19	mrna
A00839:75:H7MFFDSXY:3:1142:9308:28134	chr9	76709646	76709795	True	-383	150M	255	3	5	0.5260847806930542	ambig_opp_strand	unspliced	-1	19	.	.	.	mrna
A00839:75:H7MFFDSXY:3:1217:11677:29669	chr9	76709905	76710054	False	376	150M	255	0	5	0.1373692899942398	ambig_opp_strand	unspliced	-1	17	.	.	.	mrna
A00839:75:H7MFFDSXY:3:2144:23005:20290	chr9	76705573	76705722	False	245	150M	255	0	3	0.6876381039619446	ambig_opp_strand	unspliced	22928	19	ENST00000426088.5	PRUNE2	ENSG00000106772.19	mrna
A00839:75:H7MFFDSXY:3:1163:6008:6637	chr9	76706854	76707003	False	191	150M	255	1	3	0.6876116991043091	ambig_opp_strand	unspliced	22928	19	ENST00000426088.5	PRUNE2	ENSG00000106772.19	mrna
A00839:75:H7MFFDSXY:3:2407:19117:34350	chr9	76708753	76708902	False	333	150M	255	0	3	0.2041611522436142	ambig_opp_strand	unspliced	22928	19	ENST00000428286.5	PRUNE2	ENSG00000106772.19	mrna
A00839:75:H7MFFDSXY:3:1145:10221:2409	chr9	76709702	76709851	True	-297	150M	255	1	25	0.948104739189148	ambig_opp_strand	unspliced	22928	19	RIGEL_NRNA_chr9_1_76704847_76710661		RIGEL_NRNA_chr9_1_76704847_76710661	nrna
A00839:75:H7MFFDSXY:3:1430:7283:21746	chr9	76708036	76708185	False	360	150M	255	0	3	0.6748056411743164	ambig_opp_strand	unspliced	22928	19	ENST00000426088.5	PRUNE2	ENSG00000106772.19	mrna
A00839:75:H7MFFDSXY:3:1147:6958:4210	chr9	76706743	76706892	True	-189	150M	255	0	25	0.9651983380317688	ambig_opp_strand	unspliced	22928	19	RIGEL_NRNA_chr9_1_76704847_76710661		RIGEL_NRNA_chr9_1_76704847_76710661	nrna
A00839:75:H7MFFDSXY:3:1331:32886:14325	chr9	76703285	76703434	False	244	150M	255	0	5	0.8621352314949036	ambig_opp_strand	unspliced	-1	12	.	.	.	mrna
A00839:75:H7MFFDSXY:3:2417:21034:3818	chr9	76709561	76709710	True	-392	150M	255	0	5	0.5952726602554321	ambig_opp_strand	unspliced	-1	19	.	.	.	mrna
A00839:75:H7MFFDSXY:3:1622:3848:14199	chr9	76707867	76708016	True	-357	150M	255	0	25	0.7825691103935242	ambig_opp_strand	unspliced	22928	19	RIGEL_NRNA_chr9_1_76704847_76710661		RIGEL_NRNA_chr9_1_76704847_76710661	nrna
A00839:75:H7MFFDSXY:3:1437:11586:18865	chr9	76703394	76703538	True	-145	66M15D64M	255	15	5	0.6264491677284241	ambig_opp_strand	unspliced	-1	12	.	.	.	mrna
A00839:75:H7MFFDSXY:3:1402:19515:34569	chr9	76703028	76703175	False	376	88M2I60M	255	2	5	0.9968257546424866	ambig_opp_strand	unspliced	-1	14	.	.	.	mrna
A00839:75:H7MFFDSXY:3:2667:13792:6245	chr9	76704606	76704755	False	450	150M	255	1	5	0.9985271692276001	ambig_opp_strand	unspliced	-1	12	.	.	.	mrna
A00839:75:H7MFFDSXY:3:2448:23764:31782	chr9	76703705	76703854	True	-360	150M	255	1	5	0.9337925910949707	ambig_opp_strand	unspliced	-1	12	.	.	.	mrna
A00839:75:H7MFFDSXY:3:1576:1877:35305	chr9	76705016	76705165	True	-306	150M	255	0	25	0.8933407068252563	ambig_opp_strand	unspliced	22928	22	RIGEL_NRNA_chr9_1_76704847_76710661		RIGEL_NRNA_chr9_1_76704847_76710661	nrna
A00839:75:H7MFFDSXY:3:1110:10176:24439	chr9	76707002	76707151	False	382	150M	255	1	3	0.19112661480903625	ambig_opp_strand	unspliced	22928	19	ENST00000428286.5	PRUNE2	ENSG00000106772.19	mrna
A00839:75:H7MFFDSXY:3:2653:29993:32925	chr9	76706084	76706233	True	-229	150M	255	0	25	0.9665833711624146	ambig_opp_strand	unspliced	22928	19	RIGEL_NRNA_chr9_1_76704847_76710661		RIGEL_NRNA_chr9_1_76704847_76710661	nrna
A00839:75:H7MFFDSXY:3:2350:19388:24987	chr9	76705042	76705191	False	277	150M	255	0	3	0.687235951423645	ambig_opp_strand	unspliced	22928	22	ENST00000426088.5	PRUNE2	ENSG00000106772.19	mrna
A00839:75:H7MFFDSXY:3:1226:14714:34522	chr9	76705371	76705520	False	278	150M	255	0	3	0.1025908812880516	ambig_opp_strand	unspliced	22928	19	ENST00000376718.8	PRUNE2	ENSG00000106772.19	mrna
A00839:75:H7MFFDSXY:3:2310:23176:31861	chr9	76707636	76707785	True	-308	150M	255	1	25	0.9384443759918213	ambig_opp_strand	unspliced	22928	19	RIGEL_NRNA_chr9_1_76704847_76710661		RIGEL_NRNA_chr9_1_76704847_76710661	nrna
A00839:75:H7MFFDSXY:3:2362:5565:18396	chr9	76703843	76703992	False	310	150M	255	0	5	0.9538652896881104	ambig_opp_strand	unspliced	-1	12	.	.	.	mrna
A00839:75:H7MFFDSXY:3:1241:3269:4429	chr9	76706225	76706374	False	270	150M	255	1	3	0.20516791939735413	ambig_opp_strand	unspliced	22928	19	ENST00000428286.5	PRUNE2	ENSG00000106772.19	mrna
A00839:75:H7MFFDSXY:3:2353:32371:6668	chr9	76709643	76709792	False	405	150M	255	0	3	0.6192969679832458	ambig_opp_strand	unspliced	22928	19	ENST00000426088.5	PRUNE2	ENSG00000106772.19	mrna
A00839:75:H7MFFDSXY:3:2522:20808:22811	chr9	76706021	76706170	False	288	150M	255	0	3	0.6870324611663818	ambig_opp_strand	unspliced	22928	19	ENST00000426088.5	PRUNE2	ENSG00000106772.19	mrna
A00839:75:H7MFFDSXY:3:1528:29631:13354	chr9	76708945	76709094	True	-331	150M	255	0	25	0.9030069708824158	ambig_opp_strand	unspliced	22928	19	RIGEL_NRNA_chr9_1_76704847_76710661		RIGEL_NRNA_chr9_1_76704847_76710661	nrna
A00839:75:H7MFFDSXY:3:2156:10321:37027	chr9	76709220	76709348	False	225	21S129M	255	1	3	0.20526756346225739	ambig_opp_strand	unspliced	22928	19	ENST00000428286.5	PRUNE2	ENSG00000106772.19	mrna
A00839:75:H7MFFDSXY:3:2544:9815:17519	chr9	76705617	76705766	False	437	150M	255	1	3	0.6201856136322021	ambig_opp_strand	unspliced	22928	19	ENST00000426088.5	PRUNE2	ENSG00000106772.19	mrna
A00839:75:H7MFFDSXY:3:1465:13720:29857	chr9	76706704	76706853	True	-361	150M	255	0	25	0.750933051109314	ambig_opp_strand	unspliced	22928	19	RIGEL_NRNA_chr9_1_76704847_76710661		RIGEL_NRNA_chr9_1_76704847_76710661	nrna
A00839:75:H7MFFDSXY:3:1526:27597:36949	chr9	76706949	76707098	True	-273	150M	255	1	25	0.9593462944030762	ambig_opp_strand	unspliced	22928	19	RIGEL_NRNA_chr9_1_76704847_76710661		RIGEL_NRNA_chr9_1_76704847_76710661	nrna
A00839:75:H7MFFDSXY:3:1269:30472:5384	chr9	76703244	76703393	False	224	150M	255	0	5	0.851568341255188	ambig_opp_strand	unspliced	-1	12	.	.	.	mrna
A00839:75:H7MFFDSXY:3:2256:25690:12320	chr9	76707071	76707220	True	-238	150M	255	1	25	0.9663636684417725	ambig_opp_strand	unspliced	22928	19	RIGEL_NRNA_chr9_1_76704847_76710661		RIGEL_NRNA_chr9_1_76704847_76710661	nrna
A00839:75:H7MFFDSXY:3:1662:15212:12524	chr9	76708773	76708922	True	-340	150M	255	0	25	0.8744586110115051	ambig_opp_strand	unspliced	22928	19	RIGEL_NRNA_chr9_1_76704847_76710661		RIGEL_NRNA_chr9_1_76704847_76710661	nrna
A00839:75:H7MFFDSXY:3:2629:18457:1642	chr9	76709073	76709222	False	363	150M	255	2	3	0.6725912690162659	ambig_opp_strand	unspliced	22928	19	ENST00000426088.5	PRUNE2	ENSG00000106772.19	mrna
A00839:75:H7MFFDSXY:3:2258:27471:26897	chr9	76705913	76706062	True	-337	150M	255	0	25	0.88481605052948	ambig_opp_strand	unspliced	22928	19	RIGEL_NRNA_chr9_1_76704847_76710661		RIGEL_NRNA_chr9_1_76704847_76710661	nrna
A00839:75:H7MFFDSXY:3:2458:8793:35509	chr9	76705667	76705816	True	-195	150M	255	1	25	0.9656504392623901	ambig_opp_strand	unspliced	22928	19	RIGEL_NRNA_chr9_1_76704847_76710661		RIGEL_NRNA_chr9_1_76704847_76710661	nrna
A00839:75:H7MFFDSXY:3:1412:16577:18208	chr9	76703225	76703374	False	240	150M	255	0	5	0.8577336072921753	ambig_opp_strand	unspliced	-1	12	.	.	.	mrna
A00839:75:H7MFFDSXY:3:2151:10791:5431	chr9	76705816	76705965	True	-261	150M	255	0	25	0.9627822041511536	ambig_opp_strand	unspliced	22928	19	RIGEL_NRNA_chr9_1_76704847_76710661		RIGEL_NRNA_chr9_1_76704847_76710661	nrna
A00839:75:H7MFFDSXY:3:1650:4083:21402	chr9	76704988	76705137	False	412	150M	255	0	3	0.6235727667808533	ambig_opp_strand	unspliced	22928	22	ENST00000426088.5	PRUNE2	ENSG00000106772.19	mrna
A00839:75:H7MFFDSXY:3:2649:13395:2644	chr9	76706649	76706798	False	385	150M	255	0	3	0.1894177943468094	ambig_opp_strand	unspliced	22928	19	ENST00000428286.5	PRUNE2	ENSG00000106772.19	mrna
A00839:75:H7MFFDSXY:3:2526:28375:3286	chr9	76705385	76705534	False	331	150M	255	1	3	0.6843298673629761	ambig_opp_strand	unspliced	22928	19	ENST00000426088.5	PRUNE2	ENSG00000106772.19	mrna
A00839:75:H7MFFDSXY:3:2468:24939:29496	chr9	76708557	76708706	True	-379	150M	255	0	5	0.47026199102401733	ambig_opp_strand	unspliced	-1	19	.	.	.	mrna
A00839:75:H7MFFDSXY:3:2122:24930:4460	chr9	76709511	76709660	False	184	150M	255	0	3	0.6875836253166199	ambig_opp_strand	unspliced	22928	19	ENST00000426088.5	PRUNE2	ENSG00000106772.19	mrna
A00839:75:H7MFFDSXY:3:2109:21187:15828	chr9	76709369	76709518	True	-156	150M	255	2	25	0.9558104872703552	ambig_opp_strand	unspliced	22928	19	RIGEL_NRNA_chr9_1_76704847_76710661		RIGEL_NRNA_chr9_1_76704847_76710661	nrna
A00839:75:H7MFFDSXY:3:2317:22146:30702	chr9	76705878	76706027	True	-298	150M	255	0	25	0.9473071098327637	ambig_opp_strand	unspliced	22928	19	RIGEL_NRNA_chr9_1_76704847_76710661		RIGEL_NRNA_chr9_1_76704847_76710661	nrna
A00839:75:H7MFFDSXY:3:1509:5746:5494	chr9	76706134	76706283	False	276	150M	255	0	3	0.6872606873512268	ambig_opp_strand	unspliced	22928	19	ENST00000426088.5	PRUNE2	ENSG00000106772.19	mrna
A00839:75:H7MFFDSXY:3:2438:21884:20384	chr9	76706390	76706539	True	-240	150M	255	0	25	0.9661750793457031	ambig_opp_strand	unspliced	22928	19	RIGEL_NRNA_chr9_1_76704847_76710661		RIGEL_NRNA_chr9_1_76704847_76710661	nrna
A00839:75:H7MFFDSXY:3:2524:17969:19210	chr9	76706984	76707133	True	-187	150M	255	0	25	0.9648666381835938	ambig_opp_strand	unspliced	22928	19	RIGEL_NRNA_chr9_1_76704847_76710661		RIGEL_NRNA_chr9_1_76704847_76710661	nrna
A00839:75:H7MFFDSXY:3:1359:16577:9596	chr9	76703827	76703976	False	304	150M	255	0	25	0.012205899693071842	ambig_opp_strand	unspliced	22928	12	RIGEL_NRNA_chr9_2_76611375_76906114		RIGEL_NRNA_chr9_2_76611375_76906114	nrna
A00839:75:H7MFFDSXY:3:1568:19497:6950	chr9	76709174	76709311	True	-181	64M12I74M	255	13	25	0.9636655449867249	ambig_opp_strand	unspliced	22928	19	RIGEL_NRNA_chr9_1_76704847_76710661		RIGEL_NRNA_chr9_1_76704847_76710661	nrna
A00839:75:H7MFFDSXY:3:1305:3486:24001	chr9	76705842	76705991	True	-375	150M	255	0	5	0.40597158670425415	ambig_opp_strand	unspliced	-1	19	.	.	.	mrna
A00839:75:H7MFFDSXY:3:1475:4933:13792	chr9	76706908	76707057	True	-489	150M	255	1	25	0.36415642499923706	ambig_opp_strand	unspliced	22928	19	RIGEL_NRNA_chr9_1_76704847_76710661		RIGEL_NRNA_chr9_1_76704847_76710661	nrna
A00839:75:H7MFFDSXY:3:1466:15510:9095	chr9	76703642	76703791	False	412	150M	255	1	3	0.6236029863357544	ambig_opp_strand	unspliced	22928	12	ENST00000426088.5	PRUNE2	ENSG00000106772.19	mrna
A00839:75:H7MFFDSXY:3:2616:2013:23359	chr9	76705073	76705222	False	231	150M	255	0	3	0.6876773238182068	ambig_opp_strand	unspliced	22928	24	ENST00000426088.5	PRUNE2	ENSG00000106772.19	mrna
A00839:75:H7MFFDSXY:3:1178:25120:5196	chr9	76708801	76708950	False	197	150M	255	0	3	0.2052537202835083	ambig_opp_strand	unspliced	22928	19	ENST00000428286.5	PRUNE2	ENSG00000106772.19	mrna
A00839:75:H7MFFDSXY:3:1343:29152:36918	chr9	76709946	76710095	True	-339	150M	255	0	25	0.8803491592407227	ambig_opp_strand	unspliced	22928	19	RIGEL_NRNA_chr9_1_76704847_76710661		RIGEL_NRNA_chr9_1_76704847_76710661	nrna
A00839:75:H7MFFDSXY:3:1466:2492:11976	chr9	76704895	76705044	True	-255	150M	255	0	25	0.25924068689346313	ambig_opp_strand	unspliced	22928	14	RIGEL_NRNA_chr9_1_76700179_76740086		RIGEL_NRNA_chr9_1_76700179_76740086	nrna
A00839:75:H7MFFDSXY:3:2505:10041:3850	chr9	76708839	76708988	True	-213	150M	255	0	25	0.9667282104492188	ambig_opp_strand	unspliced	22928	19	RIGEL_NRNA_chr9_1_76704847_76710661		RIGEL_NRNA_chr9_1_76704847_76710661	nrna
A00839:75:H7MFFDSXY:3:2613:7717:34522	chr9	76709533	76709682	True	-342	150M	255	0	25	0.8686904907226562	ambig_opp_strand	unspliced	22928	19	RIGEL_NRNA_chr9_1_76704847_76710661		RIGEL_NRNA_chr9_1_76704847_76710661	nrna
A00839:75:H7MFFDSXY:3:2216:6334:2973	chr9	76705247	76705396	True	-267	150M	255	0	25	0.9058685898780823	ambig_opp_strand	unspliced	22928	26	RIGEL_NRNA_chr9_1_76704847_76710661		RIGEL_NRNA_chr9_1_76704847_76710661	nrna
A00839:75:H7MFFDSXY:3:2239:12292:32581	chr9	76703855	76704004	False	206	150M	255	0	3	0.6877130270004272	ambig_opp_strand	unspliced	22928	12	ENST00000426088.5	PRUNE2	ENSG00000106772.19	mrna
A00839:75:H7MFFDSXY:3:1630:13783:35853	chr9	76705150	76705299	True	-288	150M	255	1	25	0.9054384827613831	ambig_opp_strand	unspliced	22928	22	RIGEL_NRNA_chr9_1_76704847_76710661		RIGEL_NRNA_chr9_1_76704847_76710661	nrna
A00839:75:H7MFFDSXY:3:2140:28827:19601	chr9	76706987	76707136	True	-516	150M	255	0	25	0.4860558807849884	ambig_opp_strand	unspliced	22928	19	RIGEL_NRNA_chr9_1_76704847_76710661		RIGEL_NRNA_chr9_1_76704847_76710661	nrna
A00839:75:H7MFFDSXY:3:2246:2040:24972	chr9	76709500	76709649	True	-320	150M	255	0	25	0.9231412410736084	ambig_opp_strand	unspliced	22928	19	RIGEL_NRNA_chr9_1_76704847_76710661		RIGEL_NRNA_chr9_1_76704847_76710661	nrna
A00839:75:H7MFFDSXY:3:1549:25735:19789	chr9	76708086	76708235	True	-328	150M	255	0	25	0.9095602631568909	ambig_opp_strand	unspliced	22928	19	RIGEL_NRNA_chr9_1_76704847_76710661		RIGEL_NRNA_chr9_1_76704847_76710661	nrna
A00839:75:H7MFFDSXY:3:1541:19678:22420	chr9	76709463	76709612	False	286	150M	255	0	3	0.6870595216751099	ambig_opp_strand	unspliced	22928	19	ENST00000426088.5	PRUNE2	ENSG00000106772.19	mrna
A00839:75:H7MFFDSXY:3:1342:23656:5541	chr9	76705298	76705447	True	-269	150M	255	0	25	0.9053740501403809	ambig_opp_strand	unspliced	22928	26	RIGEL_NRNA_chr9_1_76704847_76710661		RIGEL_NRNA_chr9_1_76704847_76710661	nrna
A00839:75:H7MFFDSXY:3:2377:17906:3192	chr9	76708359	76708508	True	-348	150M	255	0	25	0.8400639295578003	ambig_opp_strand	unspliced	22928	19	RIGEL_NRNA_chr9_1_76704847_76710661		RIGEL_NRNA_chr9_1_76704847_76710661	nrna
A00839:75:H7MFFDSXY:3:2405:10122:9502	chr9	76705527	76705676	False	309	150M	255	0	3	0.6861549019813538	ambig_opp_strand	unspliced	22928	19	ENST00000426088.5	PRUNE2	ENSG00000106772.19	mrna
A00839:75:H7MFFDSXY:3:1330:15637:12132	chr9	76706330	76706479	True	-184	150M	255	1	5	0.014810780063271523	ambig_opp_strand	unspliced	-1	19	.	.	.	mrna
A00839:75:H7MFFDSXY:3:2304:6144:24596	chr9	76705341	76705490	True	-436	150M	255	0	5	0.5731860995292664	ambig_opp_strand	unspliced	-1	24	.	.	.	mrna
A00839:75:H7MFFDSXY:3:2278:13395:7968	chr9	76709387	76709536	True	-315	150M	255	1	25	0.930678129196167	ambig_opp_strand	unspliced	22928	19	RIGEL_NRNA_chr9_1_76704847_76710661		RIGEL_NRNA_chr9_1_76704847_76710661	nrna
A00839:75:H7MFFDSXY:3:2149:18150:6809	chr9	76709100	76709237	True	-178	138M12S	255	0	25	0.9634078741073608	ambig_opp_strand	unspliced	22928	19	RIGEL_NRNA_chr9_1_76704847_76710661		RIGEL_NRNA_chr9_1_76704847_76710661	nrna
A00839:75:H7MFFDSXY:3:2549:21133:23531	chr9	76709020	76709169	True	-447	150M	255	0	25	0.385484516620636	ambig_opp_strand	unspliced	22928	19	RIGEL_NRNA_chr9_1_76704847_76710661		RIGEL_NRNA_chr9_1_76704847_76710661	nrna
A00839:75:H7MFFDSXY:3:2327:4490:27023	chr9	76708081	76708230	True	-215	150M	255	0	25	0.9669297337532043	ambig_opp_strand	unspliced	22928	19	RIGEL_NRNA_chr9_1_76704847_76710661		RIGEL_NRNA_chr9_1_76704847_76710661	nrna
A00839:75:H7MFFDSXY:3:2132:17228:35493	chr9	76707582	76707731	True	-283	150M	255	0	25	0.9554553627967834	ambig_opp_strand	unspliced	22928	19	RIGEL_NRNA_chr9_1_76704847_76710661		RIGEL_NRNA_chr9_1_76704847_76710661	nrna
A00839:75:H7MFFDSXY:3:1648:3170:21825	chr9	76705335	76705484	True	-287	150M	255	0	3	0.03788464143872261	ambig_opp_strand	unspliced	22928	26	ENST00000643823.1	PCA3	ENSG00000225937.3	mrna
A00839:75:H7MFFDSXY:3:2629:5086:20854	chr9	76709389	76709538	True	-424	150M	255	1	25	0.38369420170783997	ambig_opp_strand	unspliced	22928	19	RIGEL_NRNA_chr9_1_76704847_76710661		RIGEL_NRNA_chr9_1_76704847_76710661	nrna
A00839:75:H7MFFDSXY:3:1274:25726:8594	chr9	76704879	76705028	False	591	150M	255	0	3	0.671614944934845	ambig_opp_strand	unspliced	22928	22	ENST00000426088.5	PRUNE2	ENSG00000106772.19	mrna
A00839:75:H7MFFDSXY:3:2663:24442:4711	chr9	76703702	76703851	False	306	150M	255	1	3	0.10246432572603226	ambig_opp_strand	unspliced	22928	12	ENST00000376718.8	PRUNE2	ENSG00000106772.19	mrna
A00839:75:H7MFFDSXY:3:2563:2013:7138	chr9	76708213	76708362	False	328	150M	255	4	3	0.1022133007645607	ambig_opp_strand	unspliced	22928	19	ENST00000376718.8	PRUNE2	ENSG00000106772.19	mrna
A00839:75:H7MFFDSXY:3:2346:1859:1110	chr9	76707405	76707554	True	-388	150M	255	0	5	0.5800222754478455	ambig_opp_strand	unspliced	-1	19	.	.	.	mrna
A00839:75:H7MFFDSXY:3:1438:7003:27993	chr9	76709264	76709411	False	356	2S148M	255	0	3	0.676964282989502	ambig_opp_strand	unspliced	22928	19	ENST00000426088.5	PRUNE2	ENSG00000106772.19	mrna
A00839:75:H7MFFDSXY:3:2661:18295:13228	chr9	76709569	76709718	True	-499	150M	255	0	5	0.5610116124153137	ambig_opp_strand	unspliced	-1	19	.	.	.	mrna
A00839:75:H7MFFDSXY:3:1478:2058:34522	chr9	76707115	76707250	True	-136	136M	255	1	25	0.9364326000213623	ambig_opp_strand	unspliced	22928	19	RIGEL_NRNA_chr9_1_76704847_76710661		RIGEL_NRNA_chr9_1_76704847_76710661	nrna
A00839:75:H7MFFDSXY:3:2336:24804:26287	chr9	76706299	76706448	True	-501	150M	255	1	5	0.5449506044387817	ambig_opp_strand	unspliced	-1	19	.	.	.	mrna
A00839:75:H7MFFDSXY:3:1229:8621:6809	chr9	76703769	76703918	True	-315	150M	255	0	5	0.7161901593208313	ambig_opp_strand	unspliced	-1	12	.	.	.	mrna
A00839:75:H7MFFDSXY:3:2378:16875:23891	chr9	76708849	76708998	False	389	150M	255	0	3	0.6225247979164124	ambig_opp_strand	unspliced	22928	19	ENST00000426088.5	PRUNE2	ENSG00000106772.19	mrna
A00839:75:H7MFFDSXY:3:1509:5575:3411	chr9	76709017	76709166	True	-324	150M	255	0	25	0.9173480868339539	ambig_opp_strand	unspliced	22928	19	RIGEL_NRNA_chr9_1_76704847_76710661		RIGEL_NRNA_chr9_1_76704847_76710661	nrna
A00839:75:H7MFFDSXY:3:2249:19633:13228	chr9	76708231	76708380	True	-177	150M	255	0	25	0.9632415175437927	ambig_opp_strand	unspliced	22928	19	RIGEL_NRNA_chr9_1_76704847_76710661		RIGEL_NRNA_chr9_1_76704847_76710661	nrna
A00839:75:H7MFFDSXY:3:1422:27805:11600	chr9	76706193	76706342	False	465	150M	255	0	3	0.18692535161972046	ambig_opp_strand	unspliced	22928	19	ENST00000428286.5	PRUNE2	ENSG00000106772.19	mrna
A00839:75:H7MFFDSXY:3:1340:17255:4069	chr9	76708502	76708651	True	-394	150M	255	0	25	0.4066174030303955	ambig_opp_strand	unspliced	22928	19	RIGEL_NRNA_chr9_1_76704847_76710661		RIGEL_NRNA_chr9_1_76704847_76710661	nrna
A00839:75:H7MFFDSXY:3:1340:31213:27273	chr9	76703341	76703467	False	397	127M23S	255	2	3	0.09312567859888077	ambig_opp_strand	unspliced	22928	12	ENST00000376718.8	PRUNE2	ENSG00000106772.19	mrna
A00839:75:H7MFFDSXY:3:2442:17029:28948	chr9	76705620	76705769	False	208	150M	255	1	3	0.6876918077468872	ambig_opp_strand	unspliced	22928	19	ENST00000426088.5	PRUNE2	ENSG00000106772.19	mrna
A00839:75:H7MFFDSXY:3:2668:24623:22748	chr9	76708051	76708200	True	-296	150M	255	0	5	0.031030762940645218	ambig_opp_strand	unspliced	-1	19	.	.	.	mrna
A00839:75:H7MFFDSXY:3:2451:22752:8015	chr9	76708871	76709020	True	-342	150M	255	0	25	0.8686904907226562	ambig_opp_strand	unspliced	22928	19	RIGEL_NRNA_chr9_1_76704847_76710661		RIGEL_NRNA_chr9_1_76704847_76710661	nrna
A00839:75:H7MFFDSXY:3:1145:14326:5760	chr9	76705175	76705324	True	-255	150M	255	0	25	0.9134218096733093	ambig_opp_strand	unspliced	22928	24	RIGEL_NRNA_chr9_1_76704847_76710661		RIGEL_NRNA_chr9_1_76704847_76710661	nrna
A00839:75:H7MFFDSXY:3:2278:25780:13260	chr9	76709127	76709237	True	-270	111M39S	3	0	128	0.0	.	unknown	-1	0	.	.	.	mrna
A00839:75:H7MFFDSXY:3:2235:28537:8797	chr9	76707975	76708124	False	200	150M	255	0	3	0.6876644492149353	ambig_opp_strand	unspliced	22928	19	ENST00000426088.5	PRUNE2	ENSG00000106772.19	mrna
A00839:75:H7MFFDSXY:3:1457:29441:2378	chr9	76706916	76707065	True	-225	150M	255	1	25	0.9668821096420288	ambig_opp_strand	unspliced	22928	19	RIGEL_NRNA_chr9_1_76704847_76710661		RIGEL_NRNA_chr9_1_76704847_76710661	nrna
A00839:75:H7MFFDSXY:3:2159:11803:9157	chr9	76708540	76708689	False	446	150M	255	0	3	0.6250974535942078	ambig_opp_strand	unspliced	22928	19	ENST00000426088.5	PRUNE2	ENSG00000106772.19	mrna
A00839:75:H7MFFDSXY:3:1159:16450:8782	chr9	76705285	76705434	False	185	150M	255	0	3	0.6875839233398438	ambig_opp_strand	unspliced	22928	26	ENST00000426088.5	PRUNE2	ENSG00000106772.19	mrna
A00839:75:H7MFFDSXY:3:1222:32588:17816	chr9	76705210	76705359	True	-156	150M	255	0	25	0.901301383972168	ambig_opp_strand	unspliced	22928	26	RIGEL_NRNA_chr9_1_76704847_76710661		RIGEL_NRNA_chr9_1_76704847_76710661	nrna
A00839:75:H7MFFDSXY:3:2439:16523:15483	chr9	76707116	76707265	True	-418	150M	255	1	25	0.36773914098739624	ambig_opp_strand	unspliced	22928	19	RIGEL_NRNA_chr9_1_76704847_76710661		RIGEL_NRNA_chr9_1_76704847_76710661	nrna
A00839:75:H7MFFDSXY:3:1437:6894:6167	chr9	76704761	76704910	False	222	150M	255	0	3	0.6877254247665405	ambig_opp_strand	unspliced	22928	12	ENST00000426088.5	PRUNE2	ENSG00000106772.19	mrna
A00839:75:H7MFFDSXY:3:1277:29496:14340	chr9	76705146	76705295	True	-328	150M	255	0	25	0.8656371831893921	ambig_opp_strand	unspliced	22928	22	RIGEL_NRNA_chr9_1_76704847_76710661		RIGEL_NRNA_chr9_1_76704847_76710661	nrna
A00839:75:H7MFFDSXY:3:2244:19786:28244	chr9	76703939	76704088	True	-375	150M	255	4	5	0.9707278609275818	ambig_opp_strand	unspliced	-1	12	.	.	.	mrna
A00839:75:H7MFFDSXY:3:2123:15582:18490	chr9	76705387	76705536	True	-204	150M	255	2	25	0.9108286499977112	ambig_opp_strand	unspliced	22928	26	RIGEL_NRNA_chr9_1_76704847_76710661		RIGEL_NRNA_chr9_1_76704847_76710661	nrna
A00839:75:H7MFFDSXY:3:1636:3125:29731	chr9	76708826	76708975	True	-264	150M	255	0	25	0.9619561433792114	ambig_opp_strand	unspliced	22928	19	RIGEL_NRNA_chr9_1_76704847_76710661		RIGEL_NRNA_chr9_1_76704847_76710661	nrna
A00839:75:H7MFFDSXY:3:2532:29903:31234	chr9	76708570	76708689	True	-120	120M	255	0	25	0.8921515941619873	ambig_opp_strand	unspliced	22928	19	RIGEL_NRNA_chr9_1_76704847_76710661		RIGEL_NRNA_chr9_1_76704847_76710661	nrna
A00839:75:H7MFFDSXY:3:2551:7184:18098	chr9	76703486	76703635	False	292	150M	255	1	3	0.20504482090473175	ambig_opp_strand	unspliced	22928	12	ENST00000428286.5	PRUNE2	ENSG00000106772.19	mrna
A00839:75:H7MFFDSXY:3:2504:19244:26584	chr9	76708046	76708195	False	433	150M	255	0	3	0.18702024221420288	ambig_opp_strand	unspliced	22928	19	ENST00000428286.5	PRUNE2	ENSG00000106772.19	mrna
A00839:75:H7MFFDSXY:3:2316:16468:3396	chr9	76708615	76708764	False	249	150M	255	0	3	0.6876132488250732	ambig_opp_strand	unspliced	22928	19	ENST00000426088.5	PRUNE2	ENSG00000106772.19	mrna
A00839:75:H7MFFDSXY:3:2556:22842:21762	chr9	76704896	76705045	True	-303	150M	255	0	5	0.796886682510376	ambig_opp_strand	unspliced	-1	12	.	.	.	mrna
A00839:75:H7MFFDSXY:3:1663:13747:21449	chr9	76706261	76706410	False	460	150M	255	1	5	0.09559309482574463	ambig_opp_strand	unspliced	-1	19	.	.	.	mrna
A00839:75:H7MFFDSXY:3:2114:21414:22858	chr9	76707332	76707481	True	-270	150M	255	0	25	0.9601799249649048	ambig_opp_strand	unspliced	22928	19	RIGEL_NRNA_chr9_1_76704847_76710661		RIGEL_NRNA_chr9_1_76704847_76710661	nrna
A00839:75:H7MFFDSXY:3:2276:22507:7592	chr9	76703417	76703581	True	-165	43M15D107M	255	16	3	0.18578055500984192	ambig_opp_strand	unspliced	22928	12	ENST00000426088.5	PRUNE2	ENSG00000106772.19	mrna
A00839:75:H7MFFDSXY:3:1402:17743:26303	chr9	76703888	76704037	True	-301	150M	255	1	5	0.6384740471839905	ambig_opp_strand	unspliced	-1	12	.	.	.	mrna
A00839:75:H7MFFDSXY:3:2514:3468:5181	chr9	76709380	76709529	False	345	150M	255	1	3	0.6813656091690063	ambig_opp_strand	unspliced	22928	19	ENST00000426088.5	PRUNE2	ENSG00000106772.19	mrna
A00839:75:H7MFFDSXY:3:1406:8196:34037	chr9	76709054	76709203	True	-162	150M	255	0	25	0.9589009284973145	ambig_opp_strand	unspliced	22928	19	RIGEL_NRNA_chr9_1_76704847_76710661		RIGEL_NRNA_chr9_1_76704847_76710661	nrna
A00839:75:H7MFFDSXY:3:1544:5104:29841	chr9	76709487	76709636	True	-297	150M	255	0	25	0.948104739189148	ambig_opp_strand	unspliced	22928	19	RIGEL_NRNA_chr9_1_76704847_76710661		RIGEL_NRNA_chr9_1_76704847_76710661	nrna
A00839:75:H7MFFDSXY:3:2535:29722:35149	chr9	76703585	76703734	True	-390	150M	3	0	128	0.0	.	unknown	-1	0	.	.	.	mrna
A00839:75:H7MFFDSXY:3:2508:10556:11537	chr9	76706223	76706372	False	296	150M	255	1	3	0.20499414205551147	ambig_opp_strand	unspliced	22928	19	ENST00000428286.5	PRUNE2	ENSG00000106772.19	mrna
A00839:75:H7MFFDSXY:3:1514:29234:13479	chr9	76706169	76706318	True	-430	150M	255	0	25	0.3748433589935303	ambig_opp_strand	unspliced	22928	19	RIGEL_NRNA_chr9_1_76704847_76710661		RIGEL_NRNA_chr9_1_76704847_76710661	nrna
A00839:75:H7MFFDSXY:3:2119:32181:13855	chr9	76709111	76709237	False	328	127M23S	255	0	3	0.6846956014633179	ambig_opp_strand	unspliced	22928	19	ENST00000426088.5	PRUNE2	ENSG00000106772.19	mrna
A00839:75:H7MFFDSXY:3:1407:13069:3239	chr9	76708010	76708159	True	-404	150M	255	0	5	0.6090262532234192	ambig_opp_strand	unspliced	-1	19	.	.	.	mrna
A00839:75:H7MFFDSXY:3:1173:2392:1313	chr9	76706131	76706280	True	-436	150M	255	1	25	0.4051980972290039	ambig_opp_strand	unspliced	22928	19	RIGEL_NRNA_chr9_1_76704847_76710661		RIGEL_NRNA_chr9_1_76704847_76710661	nrna
A00839:75:H7MFFDSXY:3:2443:4933:17237	chr9	76707720	76707869	True	-395	150M	255	2	25	0.3841569125652313	ambig_opp_strand	unspliced	22928	19	RIGEL_NRNA_chr9_1_76704847_76710661		RIGEL_NRNA_chr9_1_76704847_76710661	nrna
A00839:75:H7MFFDSXY:3:1520:27416:11240	chr9	76707895	76708044	True	-204	150M	255	0	25	0.9665318727493286	ambig_opp_strand	unspliced	22928	19	RIGEL_NRNA_chr9_1_76704847_76710661		RIGEL_NRNA_chr9_1_76704847_76710661	nrna
A00839:75:H7MFFDSXY:3:2421:20763:6417	chr9	76703595	76703744	True	-429	150M	255	0	5	0.9934261441230774	ambig_opp_strand	unspliced	-1	12	.	.	.	mrna
A00839:75:H7MFFDSXY:3:1651:2682:22952	chr9	76709310	76709458	True	-149	149M	255	0	5	0.02858578786253929	ambig_opp_strand	unspliced	-1	19	.	.	.	mrna
A00839:75:H7MFFDSXY:3:1444:21233:18505	chr9	76705344	76705493	True	-273	150M	255	0	25	0.904444694519043	ambig_opp_strand	unspliced	22928	26	RIGEL_NRNA_chr9_1_76704847_76710661		RIGEL_NRNA_chr9_1_76704847_76710661	nrna
A00839:75:H7MFFDSXY:3:1361:6587:14090	chr9	76708396	76708545	True	-385	150M	255	0	5	0.551649272441864	ambig_opp_strand	unspliced	-1	19	.	.	.	mrna
A00839:75:H7MFFDSXY:3:1469:3070:33270	chr9	76704928	76705077	False	236	150M	255	0	3	0.6876703500747681	ambig_opp_strand	unspliced	22928	22	ENST00000426088.5	PRUNE2	ENSG00000106772.19	mrna
A00839:75:H7MFFDSXY:3:2410:17788:30264	chr9	76709275	76709424	True	-240	150M	255	0	25	0.9661750197410583	ambig_opp_strand	unspliced	22928	19	RIGEL_NRNA_chr9_1_76704847_76710661		RIGEL_NRNA_chr9_1_76704847_76710661	nrna
A00839:75:H7MFFDSXY:3:2312:32407:36104	chr9	76706523	76706672	True	-482	150M	255	2	25	0.3898918032646179	ambig_opp_strand	unspliced	22928	19	RIGEL_NRNA_chr9_1_76704847_76710661		RIGEL_NRNA_chr9_1_76704847_76710661	nrna
A00839:75:H7MFFDSXY:3:2319:3007:14747	chr9	76703680	76703829	True	-257	150M	255	3	5	0.4378200173377991	ambig_opp_strand	unspliced	-1	12	.	.	.	mrna
A00839:75:H7MFFDSXY:3:2449:14841:36276	chr9	76708373	76708522	False	219	150M	255	0	3	0.2052684724330902	ambig_opp_strand	unspliced	22928	19	ENST00000428286.5	PRUNE2	ENSG00000106772.19	mrna
A00839:75:H7MFFDSXY:3:2649:30617:31250	chr9	76709341	76709490	False	297	150M	255	1	3	0.6867516040802002	ambig_opp_strand	unspliced	22928	19	ENST00000426088.5	PRUNE2	ENSG00000106772.19	mrna
A00839:75:H7MFFDSXY:3:1243:27941:7795	chr9	76706561	76706710	True	-337	150M	255	1	25	0.8848161101341248	ambig_opp_strand	unspliced	22928	19	RIGEL_NRNA_chr9_1_76704847_76710661		RIGEL_NRNA_chr9_1_76704847_76710661	nrna
A00839:75:H7MFFDSXY:3:1330:16740:20619	chr9	76708098	76708247	True	-319	150M	255	0	25	0.924102783203125	ambig_opp_strand	unspliced	22928	19	RIGEL_NRNA_chr9_1_76704847_76710661		RIGEL_NRNA_chr9_1_76704847_76710661	nrna
A00839:75:H7MFFDSXY:3:1317:17228:21621	chr9	76709355	76709504	True	-411	150M	255	1	5	0.6368629336357117	ambig_opp_strand	unspliced	-1	19	.	.	.	mrna
A00839:75:H7MFFDSXY:3:2146:10131:26772	chr9	76709822	76709971	False	441	150M	255	1	3	0.4884469211101532	ambig_opp_strand	unspliced	22928	17	ENST00000428286.5	PRUNE2	ENSG00000106772.19	mrna
A00839:75:H7MFFDSXY:3:1222:12888:21746	chr9	76705076	76705225	False	277	150M	255	0	3	0.6872358918190002	ambig_opp_strand	unspliced	22928	24	ENST00000426088.5	PRUNE2	ENSG00000106772.19	mrna
A00839:75:H7MFFDSXY:3:1618:6551:29434	chr9	76705268	76705417	True	-317	150M	255	0	25	0.8761169910430908	ambig_opp_strand	unspliced	22928	26	RIGEL_NRNA_chr9_1_76704847_76710661		RIGEL_NRNA_chr9_1_76704847_76710661	nrna
A00839:75:H7MFFDSXY:3:1565:25500:30029	chr9	76709474	76709622	True	-242	149M	255	1	25	0.9660055637359619	ambig_opp_strand	unspliced	22928	19	RIGEL_NRNA_chr9_1_76704847_76710661		RIGEL_NRNA_chr9_1_76704847_76710661	nrna
A00839:75:H7MFFDSXY:3:2423:12536:6825	chr9	76705094	76705243	False	367	150M	255	0	3	0.6685577034950256	ambig_opp_strand	unspliced	22928	26	ENST00000426088.5	PRUNE2	ENSG00000106772.19	mrna
A00839:75:H7MFFDSXY:3:2578:11125:7294	chr9	76707639	76707757	True	-119	119M	255	0	25	0.8881289958953857	ambig_opp_strand	unspliced	22928	19	RIGEL_NRNA_chr9_1_76704847_76710661		RIGEL_NRNA_chr9_1_76704847_76710661	nrna
A00839:75:H7MFFDSXY:3:2503:20717:27132	chr9	76706216	76706365	True	-216	150M	255	1	25	0.9668790698051453	ambig_opp_strand	unspliced	22928	19	RIGEL_NRNA_chr9_1_76704847_76710661		RIGEL_NRNA_chr9_1_76704847_76710661	nrna
A00839:75:H7MFFDSXY:3:1335:20283:17957	chr9	76704969	76705118	False	338	150M	255	0	3	0.10198903828859329	ambig_opp_strand	unspliced	22928	22	ENST00000376718.8	PRUNE2	ENSG00000106772.19	mrna
A00839:75:H7MFFDSXY:3:2355:29423:30342	chr9	76703603	76703752	True	-345	150M	255	0	5	0.8776777982711792	ambig_opp_strand	unspliced	-1	12	.	.	.	mrna
A00839:75:H7MFFDSXY:3:2441:8368:33520	chr9	76708629	76708778	True	-405	150M	255	0	5	0.6183265447616577	ambig_opp_strand	unspliced	-1	19	.	.	.	mrna
A00839:75:H7MFFDSXY:3:2546:29107:8469	chr9	76709065	76709214	True	-330	150M	255	0	25	0.9058646559715271	ambig_opp_strand	unspliced	22928	19	RIGEL_NRNA_chr9_1_76704847_76710661		RIGEL_NRNA_chr9_1_76704847_76710661	nrna
A00839:75:H7MFFDSXY:3:2635:6985:22545	chr9	76704895	76705044	False	380	150M	255	0	3	0.647933304309845	ambig_opp_strand	unspliced	22928	22	ENST00000426088.5	PRUNE2	ENSG00000106772.19	mrna
A00839:75:H7MFFDSXY:3:1307:15438:24533	chr9	76709179	76709316	False	402	59M12I79M	255	13	3	0.622519850730896	ambig_opp_strand	unspliced	22928	19	ENST00000426088.5	PRUNE2	ENSG00000106772.19	mrna
A00839:75:H7MFFDSXY:3:2655:7952:25379	chr9	76707191	76707340	True	-246	150M	255	0	25	0.9655700922012329	ambig_opp_strand	unspliced	22928	19	RIGEL_NRNA_chr9_1_76704847_76710661		RIGEL_NRNA_chr9_1_76704847_76710661	nrna
A00839:75:H7MFFDSXY:3:2118:25464:29841	chr9	76706181	76706330	True	-308	150M	255	0	25	0.9384443163871765	ambig_opp_strand	unspliced	22928	19	RIGEL_NRNA_chr9_1_76704847_76710661		RIGEL_NRNA_chr9_1_76704847_76710661	nrna
A00839:75:H7MFFDSXY:3:1249:20392:9815	chr9	76707920	76708069	False	323	150M	255	0	3	0.10228350758552551	ambig_opp_strand	unspliced	22928	19	ENST00000376718.8	PRUNE2	ENSG00000106772.19	mrna
A00839:75:H7MFFDSXY:3:1319:9444:8735	chr9	76708450	76708599	True	-319	150M	255	0	25	0.924102783203125	ambig_opp_strand	unspliced	22928	19	RIGEL_NRNA_chr9_1_76704847_76710661		RIGEL_NRNA_chr9_1_76704847_76710661	nrna
A00839:75:H7MFFDSXY:3:2154:14714:35023	chr9	76704710	76704859	True	-55635210	150M	255	0	3	0.8364878296852112	ambig_opp_strand	spliced_implicit	22928	11	ENST00000426088.5	PRUNE2	ENSG00000106772.19	mrna
A00839:75:H7MFFDSXY:3:2139:30924:34507	chr9	76707287	76707420	False	134	134M	255	0	3	0.685878574848175	ambig_opp_strand	unspliced	22928	19	ENST00000426088.5	PRUNE2	ENSG00000106772.19	mrna
A00839:75:H7MFFDSXY:3:2108:6759:7811	chr9	76708205	76708354	True	-237	150M	255	0	25	0.9662676453590393	ambig_opp_strand	unspliced	22928	19	RIGEL_NRNA_chr9_1_76704847_76710661		RIGEL_NRNA_chr9_1_76704847_76710661	nrna
A00839:75:H7MFFDSXY:3:2447:11469:32409	chr9	76705855	76706004	True	-399	150M	255	0	5	0.6295221447944641	ambig_opp_strand	unspliced	-1	19	.	.	.	mrna
A00839:75:H7MFFDSXY:3:1520:17119:9189	chr9	76705298	76705447	False	294	150M	255	0	3	0.6868479251861572	ambig_opp_strand	unspliced	22928	19	ENST00000426088.5	PRUNE2	ENSG00000106772.19	mrna
A00839:75:H7MFFDSXY:3:2157:26142:25598	chr9	76706499	76706648	True	-286	150M	255	0	25	0.9541400671005249	ambig_opp_strand	unspliced	22928	19	RIGEL_NRNA_chr9_1_76704847_76710661		RIGEL_NRNA_chr9_1_76704847_76710661	nrna
A00839:75:H7MFFDSXY:3:1242:4860:14669	chr9	76706746	76706895	True	-188	150M	255	0	25	0.9649474024772644	ambig_opp_strand	unspliced	22928	19	RIGEL_NRNA_chr9_1_76704847_76710661		RIGEL_NRNA_chr9_1_76704847_76710661	nrna
A00839:75:H7MFFDSXY:3:2260:22146:8719	chr9	76705652	76705801	False	423	150M	255	1	3	0.6203044056892395	ambig_opp_strand	unspliced	22928	19	ENST00000426088.5	PRUNE2	ENSG00000106772.19	mrna
A00839:75:H7MFFDSXY:3:1267:7627:22373	chr9	76705200	76705349	True	-353	150M	255	0	25	0.7702792286872864	ambig_opp_strand	unspliced	22928	22	RIGEL_NRNA_chr9_1_76704847_76710661		RIGEL_NRNA_chr9_1_76704847_76710661	nrna
A00839:75:H7MFFDSXY:3:1634:11858:3176	chr9	76705377	76705526	False	437	150M	255	0	3	0.6201856136322021	ambig_opp_strand	unspliced	22928	19	ENST00000426088.5	PRUNE2	ENSG00000106772.19	mrna
A00839:75:H7MFFDSXY:3:2211:17499:9471	chr9	76707368	76707517	True	-350	150M	255	0	25	0.8259350061416626	ambig_opp_strand	unspliced	22928	19	RIGEL_NRNA_chr9_1_76704847_76710661		RIGEL_NRNA_chr9_1_76704847_76710661	nrna
A00839:75:H7MFFDSXY:3:2355:2528:10316	chr9	76708757	76708906	True	-302	150M	255	0	25	0.9437927603721619	ambig_opp_strand	unspliced	22928	19	RIGEL_NRNA_chr9_1_76704847_76710661		RIGEL_NRNA_chr9_1_76704847_76710661	nrna
A00839:75:H7MFFDSXY:3:2542:4101:13604	chr9	76708740	76708889	True	-437	150M	255	0	5	0.6149234175682068	ambig_opp_strand	unspliced	-1	19	.	.	.	mrna
A00839:75:H7MFFDSXY:3:1463:14931:10379	chr9	76705006	76705155	True	-356	150M	255	0	5	0.7972977757453918	ambig_opp_strand	unspliced	-1	14	.	.	.	mrna
A00839:75:H7MFFDSXY:3:1224:1768:32831	chr9	76706941	76707090	False	239	150M	255	1	3	0.6876654028892517	ambig_opp_strand	unspliced	22928	19	ENST00000426088.5	PRUNE2	ENSG00000106772.19	mrna
A00839:75:H7MFFDSXY:3:1253:3531:34319	chr9	76708736	76708885	False	342	150M	255	0	3	0.6823315620422363	ambig_opp_strand	unspliced	22928	19	ENST00000426088.5	PRUNE2	ENSG00000106772.19	mrna
A00839:75:H7MFFDSXY:3:1528:27136:28072	chr9	76708520	76708669	False	427	150M	255	0	3	0.6237267255783081	ambig_opp_strand	unspliced	22928	19	ENST00000426088.5	PRUNE2	ENSG00000106772.19	mrna
A00839:75:H7MFFDSXY:3:2632:24080:31923	chr9	76708041	76708190	True	-225	150M	255	0	25	0.9668821096420288	ambig_opp_strand	unspliced	22928	19	RIGEL_NRNA_chr9_1_76704847_76710661		RIGEL_NRNA_chr9_1_76704847_76710661	nrna
A00839:75:H7MFFDSXY:3:1276:31006:19648	chr9	76705774	76705923	True	-319	150M	255	0	5	0.056150052696466446	ambig_opp_strand	unspliced	-1	19	.	.	.	mrna
A00839:75:H7MFFDSXY:3:2619:3206:11490	chr9	76706399	76706548	False	188	150M	255	0	3	0.10264718532562256	ambig_opp_strand	unspliced	22928	19	ENST00000376718.8	PRUNE2	ENSG00000106772.19	mrna
A00839:75:H7MFFDSXY:3:2520:6280:24987	chr9	76705867	76706016	False	374	150M	255	1	5	0.04326783865690231	ambig_opp_strand	unspliced	-1	19	.	.	.	mrna
A00839:75:H7MFFDSXY:3:2249:9001:34992	chr9	76707241	76707390	False	366	150M	255	0	3	0.6694652438163757	ambig_opp_strand	unspliced	22928	19	ENST00000426088.5	PRUNE2	ENSG00000106772.19	mrna
A00839:75:H7MFFDSXY:3:1230:14588:7341	chr9	76708992	76709141	False	364	150M	255	0	3	0.10027076303958893	ambig_opp_strand	unspliced	22928	19	ENST00000376718.8	PRUNE2	ENSG00000106772.19	mrna
A00839:75:H7MFFDSXY:3:2106:28971:35383	chr9	76703503	76703652	False	168	150M	255	1	3	0.6874346733093262	ambig_opp_strand	unspliced	22928	12	ENST00000426088.5	PRUNE2	ENSG00000106772.19	mrna
A00839:75:H7MFFDSXY:3:1541:29631:4711	chr9	76703428	76703592	True	-253	32M15D118M	255	16	3	0.210074320435524	ambig_opp_strand	unspliced	22928	12	ENST00000426088.5	PRUNE2	ENSG00000106772.19	mrna
A00839:75:H7MFFDSXY:3:1521:15944:13604	chr9	76707955	76708104	False	328	150M	255	0	3	0.6846956014633179	ambig_opp_strand	unspliced	22928	19	ENST00000426088.5	PRUNE2	ENSG00000106772.19	mrna
A00839:75:H7MFFDSXY:3:1117:18629:34037	chr9	76709120	76709237	False	284	118M32S	255	0	3	0.6871089339256287	ambig_opp_strand	unspliced	22928	19	ENST00000426088.5	PRUNE2	ENSG00000106772.19	mrna
A00839:75:H7MFFDSXY:3:2151:10330:14215	chr9	76705743	76705892	True	-255	150M	255	0	25	0.963935911655426	ambig_opp_strand	unspliced	22928	19	RIGEL_NRNA_chr9_1_76704847_76710661		RIGEL_NRNA_chr9_1_76704847_76710661	nrna
A00839:75:H7MFFDSXY:3:2636:10954:10974	chr9	76708207	76708356	False	372	150M	255	0	3	0.6626572608947754	ambig_opp_strand	unspliced	22928	19	ENST00000426088.5	PRUNE2	ENSG00000106772.19	mrna
A00839:75:H7MFFDSXY:3:2620:19533:32471	chr9	76707718	76707867	True	-328	150M	255	2	25	0.9095602631568909	ambig_opp_strand	unspliced	22928	19	RIGEL_NRNA_chr9_1_76704847_76710661		RIGEL_NRNA_chr9_1_76704847_76710661	nrna
A00839:75:H7MFFDSXY:3:1246:2230:10614	chr9	76703475	76703605	False	362	19S131M	255	1	3	0.672981858253479	ambig_opp_strand	unspliced	22928	12	ENST00000426088.5	PRUNE2	ENSG00000106772.19	mrna
A00839:75:H7MFFDSXY:3:2551:4752:18928	chr9	76709385	76709534	True	-351	150M	255	0	25	0.8200932145118713	ambig_opp_strand	unspliced	22928	19	RIGEL_NRNA_chr9_1_76704847_76710661		RIGEL_NRNA_chr9_1_76704847_76710661	nrna
A00839:75:H7MFFDSXY:3:1412:18096:1110	chr9	76709333	76709482	True	-319	150M	255	0	25	0.9241029024124146	ambig_opp_strand	unspliced	22928	19	RIGEL_NRNA_chr9_1_76704847_76710661		RIGEL_NRNA_chr9_1_76704847_76710661	nrna
A00839:75:H7MFFDSXY:3:1278:12481:25363	chr9	76705035	76705184	False	327	150M	255	0	3	0.6847872138023376	ambig_opp_strand	unspliced	22928	22	ENST00000426088.5	PRUNE2	ENSG00000106772.19	mrna
A00839:75:H7MFFDSXY:3:1352:27326:1908	chr9	76709066	76709215	True	-211	150M	255	0	25	0.966702938079834	ambig_opp_strand	unspliced	22928	19	RIGEL_NRNA_chr9_1_76704847_76710661		RIGEL_NRNA_chr9_1_76704847_76710661	nrna
A00839:75:H7MFFDSXY:3:1362:26404:2378	chr9	76708288	76708437	False	373	150M	255	0	3	0.19710008800029755	ambig_opp_strand	unspliced	22928	19	ENST00000428286.5	PRUNE2	ENSG00000106772.19	mrna
A00839:75:H7MFFDSXY:3:2661:9607:34444	chr9	76703762	76703910	False	230	1S149M	255	0	3	0.2052764892578125	ambig_opp_strand	unspliced	22928	12	ENST00000428286.5	PRUNE2	ENSG00000106772.19	mrna
A00839:75:H7MFFDSXY:3:1661:5430:31939	chr9	76706027	76706176	False	232	150M	255	1	3	0.6876845359802246	ambig_opp_strand	unspliced	22928	19	ENST00000426088.5	PRUNE2	ENSG00000106772.19	mrna
A00839:75:H7MFFDSXY:3:2453:21847:7169	chr9	76708120	76708269	False	332	150M	255	0	3	0.204213947057724	ambig_opp_strand	unspliced	22928	19	ENST00000428286.5	PRUNE2	ENSG00000106772.19	mrna
A00839:75:H7MFFDSXY:3:1145:12310:34428	chr9	76705400	76705549	False	432	150M	255	0	3	0.18662488460540771	ambig_opp_strand	unspliced	22928	19	ENST00000428286.5	PRUNE2	ENSG00000106772.19	mrna
A00839:75:H7MFFDSXY:3:1547:18738:11898	chr9	76705811	76705960	False	391	150M	255	0	3	0.620851457118988	ambig_opp_strand	unspliced	22928	19	ENST00000426088.5	PRUNE2	ENSG00000106772.19	mrna
A00839:75:H7MFFDSXY:3:2304:15257:6308	chr9	76708459	76708608	False	277	150M	255	0	3	0.6872378587722778	ambig_opp_strand	unspliced	22928	19	ENST00000426088.5	PRUNE2	ENSG00000106772.19	mrna
A00839:75:H7MFFDSXY:3:2105:3070:18458	chr9	76708613	76708762	True	-295	150M	255	0	25	0.9492495656013489	ambig_opp_strand	unspliced	22928	19	RIGEL_NRNA_chr9_1_76704847_76710661		RIGEL_NRNA_chr9_1_76704847_76710661	nrna
A00839:75:H7MFFDSXY:3:1175:6262:14967	chr9	76709176	76709313	True	-421	62M12I76M	255	13	5	0.630238950252533	ambig_opp_strand	unspliced	-1	19	.	.	.	mrna
A00839:75:H7MFFDSXY:3:2237:15899:7576	chr9	76708826	76708975	True	-336	150M	255	0	25	0.890399158000946	ambig_opp_strand	unspliced	22928	19	RIGEL_NRNA_chr9_1_76704847_76710661		RIGEL_NRNA_chr9_1_76704847_76710661	nrna
A00839:75:H7MFFDSXY:3:2646:10782:31657	chr9	76709690	76709839	False	400	150M	255	1	3	0.6257517337799072	ambig_opp_strand	unspliced	22928	19	ENST00000426088.5	PRUNE2	ENSG00000106772.19	mrna
A00839:75:H7MFFDSXY:3:1403:9390:17973	chr9	76705835	76705984	False	305	150M	255	0	3	0.6864070296287537	ambig_opp_strand	unspliced	22928	19	ENST00000426088.5	PRUNE2	ENSG00000106772.19	mrna
A00839:75:H7MFFDSXY:3:1514:28637:26663	chr9	76708468	76708617	False	178	150M	255	0	3	0.20521606504917145	ambig_opp_strand	unspliced	22928	19	ENST00000428286.5	PRUNE2	ENSG00000106772.19	mrna
A00839:75:H7MFFDSXY:3:2475:7383:3192	chr9	76706715	76706864	False	202	150M	255	0	3	0.6876668930053711	ambig_opp_strand	unspliced	22928	19	ENST00000426088.5	PRUNE2	ENSG00000106772.19	mrna
A00839:75:H7MFFDSXY:3:1669:1949:21151	chr9	76705582	76705731	False	381	150M	255	1	3	0.6467316150665283	ambig_opp_strand	unspliced	22928	19	ENST00000426088.5	PRUNE2	ENSG00000106772.19	mrna
A00839:75:H7MFFDSXY:3:2671:18882:3912	chr9	76708838	76708987	True	-206	150M	255	0	25	0.9664841890335083	ambig_opp_strand	unspliced	22928	19	RIGEL_NRNA_chr9_1_76704847_76710661		RIGEL_NRNA_chr9_1_76704847_76710661	nrna
A00839:75:H7MFFDSXY:3:2118:21856:9627	chr9	76703500	76703649	True	-382	150M	255	1	5	0.9911840558052063	ambig_opp_strand	unspliced	-1	12	.	.	.	mrna
A00839:75:H7MFFDSXY:3:1270:16523:31610	chr9	76703162	76703311	False	306	150M	255	0	5	0.9491608142852783	ambig_opp_strand	unspliced	-1	12	.	.	.	mrna
A00839:75:H7MFFDSXY:3:2142:6994:32268	chr9	76709769	76709918	False	390	150M	255	3	3	0.1881965696811676	ambig_opp_strand	unspliced	22928	19	ENST00000428286.5	PRUNE2	ENSG00000106772.19	mrna
A00839:75:H7MFFDSXY:3:1470:20699:18458	chr9	76708322	76708471	False	388	150M	255	0	3	0.6285915970802307	ambig_opp_strand	unspliced	22928	19	ENST00000426088.5	PRUNE2	ENSG00000106772.19	mrna
A00839:75:H7MFFDSXY:3:2211:28122:30874	chr9	76709303	76709452	False	279	150M	255	0	3	0.6872114539146423	ambig_opp_strand	unspliced	22928	19	ENST00000426088.5	PRUNE2	ENSG00000106772.19	mrna
A00839:75:H7MFFDSXY:3:2477:2437:33238	chr9	76708847	76708996	True	-199	150M	255	0	25	0.9660926461219788	ambig_opp_strand	unspliced	22928	19	RIGEL_NRNA_chr9_1_76704847_76710661		RIGEL_NRNA_chr9_1_76704847_76710661	nrna
A00839:75:H7MFFDSXY:3:2652:22336:36010	chr9	76708879	76709028	True	-435	150M	255	0	25	0.4200596809387207	ambig_opp_strand	unspliced	22928	19	RIGEL_NRNA_chr9_1_76704847_76710661		RIGEL_NRNA_chr9_1_76704847_76710661	nrna
A00839:75:H7MFFDSXY:3:1376:18521:2159	chr9	76705580	76705729	True	-178	150M	255	1	25	0.9634078741073608	ambig_opp_strand	unspliced	22928	19	RIGEL_NRNA_chr9_1_76704847_76710661		RIGEL_NRNA_chr9_1_76704847_76710661	nrna
A00839:75:H7MFFDSXY:3:2418:2157:26616	chr9	76709025	76709174	False	251	150M	255	0	3	0.6875886917114258	ambig_opp_strand	unspliced	22928	19	ENST00000426088.5	PRUNE2	ENSG00000106772.19	mrna
A00839:75:H7MFFDSXY:3:1430:19895:21324	chr9	76703775	76703924	False	233	150M	255	0	3	0.20527122914791107	ambig_opp_strand	unspliced	22928	12	ENST00000428286.5	PRUNE2	ENSG00000106772.19	mrna
A00839:75:H7MFFDSXY:3:1262:7871:18537	chr9	76705656	76705805	True	-311	150M	255	1	25	0.9347026944160461	ambig_opp_strand	unspliced	22928	19	RIGEL_NRNA_chr9_1_76704847_76710661		RIGEL_NRNA_chr9_1_76704847_76710661	nrna
A00839:75:H7MFFDSXY:3:2178:2528:1986	chr9	76708588	76708737	False	318	150M	255	0	3	0.6856018900871277	ambig_opp_strand	unspliced	22928	19	ENST00000426088.5	PRUNE2	ENSG00000106772.19	mrna
A00839:75:H7MFFDSXY:3:2452:1597:7513	chr9	76709639	76709788	True	-223	150M	255	0	25	0.9669535160064697	ambig_opp_strand	unspliced	22928	19	RIGEL_NRNA_chr9_1_76704847_76710661		RIGEL_NRNA_chr9_1_76704847_76710661	nrna
A00839:75:H7MFFDSXY:3:1565:21621:15045	chr9	76706075	76706224	True	-525	150M	255	0	5	0.5483319759368896	ambig_opp_strand	unspliced	-1	19	.	.	.	mrna
A00839:75:H7MFFDSXY:3:1124:4390:7028	chr9	76708100	76708249	False	356	150M	255	0	3	0.676964282989502	ambig_opp_strand	unspliced	22928	19	ENST00000426088.5	PRUNE2	ENSG00000106772.19	mrna
A00839:75:H7MFFDSXY:3:2238:8205:18020	chr9	76703991	76704136	True	-366	146M	255	3	5	0.9768563508987427	ambig_opp_strand	unspliced	-1	12	.	.	.	mrna
A00839:75:H7MFFDSXY:3:1557:26377:7028	chr9	76703807	76703956	True	-329	150M	255	0	3	0.07532553374767303	ambig_opp_strand	unspliced	22928	12	ENST00000426088.5	PRUNE2	ENSG00000106772.19	mrna
A00839:75:H7MFFDSXY:3:2614:11189:19272	chr9	76705671	76705820	True	-255	150M	255	1	25	0.963935911655426	ambig_opp_strand	unspliced	22928	19	RIGEL_NRNA_chr9_1_76704847_76710661		RIGEL_NRNA_chr9_1_76704847_76710661	nrna
A00839:75:H7MFFDSXY:3:2437:24731:20619	chr9	76709780	76709929	True	-397	150M	255	1	5	0.6005738973617554	ambig_opp_strand	unspliced	-1	19	.	.	.	mrna
A00839:75:H7MFFDSXY:3:1646:27525:11303	chr9	76709286	76709435	False	384	150M	255	3	3	0.6394971013069153	ambig_opp_strand	unspliced	22928	19	ENST00000426088.5	PRUNE2	ENSG00000106772.19	mrna
A00839:75:H7MFFDSXY:3:2378:5674:34334	chr9	76706390	76706539	True	-313	150M	255	0	25	0.9326575994491577	ambig_opp_strand	unspliced	22928	19	RIGEL_NRNA_chr9_1_76704847_76710661		RIGEL_NRNA_chr9_1_76704847_76710661	nrna
A00839:75:H7MFFDSXY:3:1204:20817:26772	chr9	76705585	76705734	True	-301	150M	255	1	25	0.9446953535079956	ambig_opp_strand	unspliced	22928	19	RIGEL_NRNA_chr9_1_76704847_76710661		RIGEL_NRNA_chr9_1_76704847_76710661	nrna
A00839:75:H7MFFDSXY:3:1206:26142:34835	chr9	76709051	76709200	False	187	150M	255	0	3	0.2052377313375473	ambig_opp_strand	unspliced	22928	19	ENST00000428286.5	PRUNE2	ENSG00000106772.19	mrna
A00839:75:H7MFFDSXY:3:2323:23909:35853	chr9	76708484	76708633	True	-188	150M	255	0	25	0.9649474024772644	ambig_opp_strand	unspliced	22928	19	RIGEL_NRNA_chr9_1_76704847_76710661		RIGEL_NRNA_chr9_1_76704847_76710661	nrna
A00839:75:H7MFFDSXY:3:2533:24804:1266	chr9	76705624	76705773	False	291	150M	255	1	3	0.6869463324546814	ambig_opp_strand	unspliced	22928	19	ENST00000426088.5	PRUNE2	ENSG00000106772.19	mrna
A00839:75:H7MFFDSXY:3:2173:14009:6026	chr9	76707387	76707536	False	206	150M	255	0	3	0.6876782774925232	ambig_opp_strand	unspliced	22928	19	ENST00000426088.5	PRUNE2	ENSG00000106772.19	mrna
A00839:75:H7MFFDSXY:3:2355:13187:34319	chr9	76708932	76709081	True	-215	150M	255	0	25	0.9669297337532043	ambig_opp_strand	unspliced	22928	19	RIGEL_NRNA_chr9_1_76704847_76710661		RIGEL_NRNA_chr9_1_76704847_76710661	nrna
A00839:75:H7MFFDSXY:3:2660:8748:27195	chr9	76708100	76708249	True	-330	150M	255	0	25	0.9058646559715271	ambig_opp_strand	unspliced	22928	19	RIGEL_NRNA_chr9_1_76704847_76710661		RIGEL_NRNA_chr9_1_76704847_76710661	nrna
A00839:75:H7MFFDSXY:3:1354:17644:25254	chr9	76703646	76703795	True	-269	150M	255	1	3	0.1876198798418045	ambig_opp_strand	unspliced	22928	12	ENST00000426088.5	PRUNE2	ENSG00000106772.19	mrna
A00839:75:H7MFFDSXY:3:1438:12689:4085	chr9	76709373	76709522	True	-352	150M	255	1	25	0.8140947818756104	ambig_opp_strand	unspliced	22928	19	RIGEL_NRNA_chr9_1_76704847_76710661		RIGEL_NRNA_chr9_1_76704847_76710661	nrna
A00839:75:H7MFFDSXY:3:1229:13883:33019	chr9	76710000	76710147	True	-485	2S148M	255	0	5	0.5926771759986877	ambig_opp_strand	unspliced	-1	19	.	.	.	mrna
A00839:75:H7MFFDSXY:3:2678:24985:19116	chr9	76706946	76707095	True	-197	150M	255	1	25	0.9659462571144104	ambig_opp_strand	unspliced	22928	19	RIGEL_NRNA_chr9_1_76704847_76710661		RIGEL_NRNA_chr9_1_76704847_76710661	nrna
A00839:75:H7MFFDSXY:3:1139:19407:1282	chr9	76705803	76705952	False	402	150M	255	0	3	0.18581287562847137	ambig_opp_strand	unspliced	22928	19	ENST00000428286.5	PRUNE2	ENSG00000106772.19	mrna
A00839:75:H7MFFDSXY:3:1559:30707:17973	chr9	76706399	76706548	False	347	150M	255	0	3	0.6806679964065552	ambig_opp_strand	unspliced	22928	19	ENST00000426088.5	PRUNE2	ENSG00000106772.19	mrna
A00839:75:H7MFFDSXY:3:1668:19343:18239	chr9	76709251	76709400	True	-326	150M	255	1	25	0.9126690626144409	ambig_opp_strand	unspliced	22928	19	RIGEL_NRNA_chr9_1_76704847_76710661		RIGEL_NRNA_chr9_1_76704847_76710661	nrna
A00839:75:H7MFFDSXY:3:2135:28655:36808	chr9	76706659	76706808	False	240	150M	255	0	3	0.6876629590988159	ambig_opp_strand	unspliced	22928	19	ENST00000426088.5	PRUNE2	ENSG00000106772.19	mrna
A00839:75:H7MFFDSXY:3:2539:26865:7404	chr9	76703409	76703573	True	-226	51M15D99M	255	16	25	0.2827061116695404	ambig_opp_strand	unspliced	22928	12	RIGEL_NRNA_chr9_1_76700179_76740086		RIGEL_NRNA_chr9_1_76700179_76740086	nrna
A00839:75:H7MFFDSXY:3:2465:26458:3912	chr9	76706524	76706673	True	-331	150M	255	0	25	0.9030069708824158	ambig_opp_strand	unspliced	22928	19	RIGEL_NRNA_chr9_1_76704847_76710661		RIGEL_NRNA_chr9_1_76704847_76710661	nrna
A00839:75:H7MFFDSXY:3:2652:15790:29027	chr9	76709669	76709818	True	-294	150M	255	0	25	0.9499852657318115	ambig_opp_strand	unspliced	22928	19	RIGEL_NRNA_chr9_1_76704847_76710661		RIGEL_NRNA_chr9_1_76704847_76710661	nrna
A00839:75:H7MFFDSXY:3:2606:26359:16642	chr9	76705670	76705819	False	251	150M	255	1	3	0.6875886917114258	ambig_opp_strand	unspliced	22928	19	ENST00000426088.5	PRUNE2	ENSG00000106772.19	mrna
A00839:75:H7MFFDSXY:3:2670:16206:13620	chr9	76705462	76705611	True	-346	150M	255	0	25	0.8486033082008362	ambig_opp_strand	unspliced	22928	19	RIGEL_NRNA_chr9_1_76704847_76710661		RIGEL_NRNA_chr9_1_76704847_76710661	nrna
A00839:75:H7MFFDSXY:3:2468:6081:32158	chr9	76705279	76705428	False	190	150M	255	0	3	0.20524153113365173	ambig_opp_strand	unspliced	22928	26	ENST00000428286.5	PRUNE2	ENSG00000106772.19	mrna
A00839:75:H7MFFDSXY:3:1669:22905:9157	chr9	76708898	76709047	True	-406	150M	255	0	5	0.615693986415863	ambig_opp_strand	unspliced	-1	19	.	.	.	mrna
A00839:75:H7MFFDSXY:3:2640:22842:34726	chr9	76707290	76707439	False	362	150M	255	0	3	0.6729485988616943	ambig_opp_strand	unspliced	22928	19	ENST00000426088.5	PRUNE2	ENSG00000106772.19	mrna
A00839:75:H7MFFDSXY:3:1565:12753:1595	chr9	76709944	76710093	True	-368	150M	255	0	5	0.30990082025527954	ambig_opp_strand	unspliced	-1	19	.	.	.	mrna
A00839:75:H7MFFDSXY:3:2457:7030:13291	chr9	76705699	76705848	False	370	150M	255	1	3	0.09920771420001984	ambig_opp_strand	unspliced	22928	19	ENST00000376718.8	PRUNE2	ENSG00000106772.19	mrna
A00839:75:H7MFFDSXY:3:2463:22055:6872	chr9	76705296	76705445	True	-290	150M	255	0	25	0.8979779481887817	ambig_opp_strand	unspliced	22928	26	RIGEL_NRNA_chr9_1_76704847_76710661		RIGEL_NRNA_chr9_1_76704847_76710661	nrna
A00839:75:H7MFFDSXY:3:2553:13612:25441	chr9	76709606	76709755	True	-334	150M	255	0	5	0.08519887924194336	ambig_opp_strand	unspliced	-1	19	.	.	.	mrna
A00839:75:H7MFFDSXY:3:1478:28167:12132	chr9	76706904	76707053	True	-240	150M	255	1	25	0.9661750793457031	ambig_opp_strand	unspliced	22928	19	RIGEL_NRNA_chr9_1_76704847_76710661		RIGEL_NRNA_chr9_1_76704847_76710661	nrna
A00839:75:H7MFFDSXY:3:1214:16740:2018	chr9	76706463	76706612	False	289	150M	255	0	3	0.6869972348213196	ambig_opp_strand	unspliced	22928	19	ENST00000426088.5	PRUNE2	ENSG00000106772.19	mrna
A00839:75:H7MFFDSXY:3:1568:32271:26381	chr9	76706626	76706775	True	-276	150M	255	0	25	0.958121120929718	ambig_opp_strand	unspliced	22928	19	RIGEL_NRNA_chr9_1_76704847_76710661		RIGEL_NRNA_chr9_1_76704847_76710661	nrna
A00839:75:H7MFFDSXY:3:1665:10375:7028	chr9	76703682	76703831	False	257	150M	255	2	3	0.6875703930854797	ambig_opp_strand	unspliced	22928	12	ENST00000426088.5	PRUNE2	ENSG00000106772.19	mrna
A00839:75:H7MFFDSXY:3:2243:31620:2487	chr9	76707422	76707571	True	-253	150M	255	0	25	0.9644434452056885	ambig_opp_strand	unspliced	22928	19	RIGEL_NRNA_chr9_1_76704847_76710661		RIGEL_NRNA_chr9_1_76704847_76710661	nrna
A00839:75:H7MFFDSXY:3:2273:28330:20995	chr9	76703284	76703433	False	265	150M	255	0	5	0.8920986652374268	ambig_opp_strand	unspliced	-1	12	.	.	.	mrna
A00839:75:H7MFFDSXY:3:2648:30110:32471	chr9	76709834	76709983	False	297	150M	255	0	3	0.6867516040802002	ambig_opp_strand	unspliced	22928	19	ENST00000426088.5	PRUNE2	ENSG00000106772.19	mrna
A00839:75:H7MFFDSXY:3:2634:14687:25238	chr9	76709712	76709861	False	325	150M	255	1	3	0.6849919557571411	ambig_opp_strand	unspliced	22928	19	ENST00000426088.5	PRUNE2	ENSG00000106772.19	mrna
A00839:75:H7MFFDSXY:3:2124:18412:29622	chr9	76707640	76707789	True	-407	150M	255	1	25	0.40023529529571533	ambig_opp_strand	unspliced	22928	19	RIGEL_NRNA_chr9_1_76704847_76710661		RIGEL_NRNA_chr9_1_76704847_76710661	nrna
A00839:75:H7MFFDSXY:3:2269:27380:30718	chr9	76709112	76709237	True	-350	126M24S	255	1	25	0.8259350061416626	ambig_opp_strand	unspliced	22928	19	RIGEL_NRNA_chr9_1_76704847_76710661		RIGEL_NRNA_chr9_1_76704847_76710661	nrna
A00839:75:H7MFFDSXY:3:1306:14299:19836	chr9	76709232	76709369	True	-216	6M12I132M	255	13	25	0.96687912940979	ambig_opp_strand	unspliced	22928	19	RIGEL_NRNA_chr9_1_76704847_76710661		RIGEL_NRNA_chr9_1_76704847_76710661	nrna
A00839:75:H7MFFDSXY:3:1322:24071:26522	chr9	76709870	76710019	True	-339	150M	255	0	5	0.10083865374326706	ambig_opp_strand	unspliced	-1	19	.	.	.	mrna
A00839:75:H7MFFDSXY:3:1327:5430:24455	chr9	76708249	76708398	False	350	150M	255	0	3	0.6796282529830933	ambig_opp_strand	unspliced	22928	19	ENST00000426088.5	PRUNE2	ENSG00000106772.19	mrna
A00839:75:H7MFFDSXY:3:2123:1633:10113	chr9	76705590	76705739	True	-193	150M	255	1	5	0.013960479758679867	ambig_opp_strand	unspliced	-1	19	.	.	.	mrna
A00839:75:H7MFFDSXY:3:1273:6551:7044	chr9	76709482	76709631	False	254	150M	255	1	3	0.10264192521572113	ambig_opp_strand	unspliced	22928	19	ENST00000376718.8	PRUNE2	ENSG00000106772.19	mrna
A00839:75:H7MFFDSXY:3:2676:19994:17832	chr9	76706191	76706306	True	-116	116M	255	1	25	0.8773041367530823	ambig_opp_strand	unspliced	22928	19	RIGEL_NRNA_chr9_1_76704847_76710661		RIGEL_NRNA_chr9_1_76704847_76710661	nrna
A00839:75:H7MFFDSXY:3:2465:1741:16532	chr9	76707161	76707310	True	-258	150M	255	0	25	0.9633492827415466	ambig_opp_strand	unspliced	22928	19	RIGEL_NRNA_chr9_1_76704847_76710661		RIGEL_NRNA_chr9_1_76704847_76710661	nrna
A00839:75:H7MFFDSXY:3:1619:4426:18145	chr9	76709222	76709371	False	350	150M	255	1	3	0.6796282529830933	ambig_opp_strand	unspliced	22928	19	ENST00000426088.5	PRUNE2	ENSG00000106772.19	mrna
A00839:75:H7MFFDSXY:3:2456:28113:7467	chr9	76709643	76709792	False	239	150M	255	0	3	0.10265664756298065	ambig_opp_strand	unspliced	22928	19	ENST00000376718.8	PRUNE2	ENSG00000106772.19	mrna
A00839:75:H7MFFDSXY:3:1504:22770:24674	chr9	76706035	76706184	True	-475	150M	255	0	5	0.5992318391799927	ambig_opp_strand	unspliced	-1	19	.	.	.	mrna
A00839:75:H7MFFDSXY:3:2314:20943:22263	chr9	76705864	76706013	False	300	150M	255	0	3	0.6866108775138855	ambig_opp_strand	unspliced	22928	19	ENST00000426088.5	PRUNE2	ENSG00000106772.19	mrna
A00839:75:H7MFFDSXY:3:1125:10981:26960	chr9	76707329	76707478	False	261	150M	255	0	3	0.6874942779541016	ambig_opp_strand	unspliced	22928	19	ENST00000426088.5	PRUNE2	ENSG00000106772.19	mrna
A00839:75:H7MFFDSXY:3:2204:21459:3834	chr9	76706747	76706896	False	311	150M	255	0	3	0.6860545873641968	ambig_opp_strand	unspliced	22928	19	ENST00000426088.5	PRUNE2	ENSG00000106772.19	mrna
A00839:75:H7MFFDSXY:3:1649:16179:34303	chr9	76706801	76706950	True	-352	150M	255	0	5	0.16850869357585907	ambig_opp_strand	unspliced	-1	19	.	.	.	mrna
A00839:75:H7MFFDSXY:3:1634:8612:25050	chr9	76707386	76707535	True	-401	150M	255	0	5	0.5979265570640564	ambig_opp_strand	unspliced	-1	19	.	.	.	mrna
A00839:75:H7MFFDSXY:3:2564:13711:36511	chr9	76703289	76703438	False	167	150M	255	0	5	0.8968635201454163	ambig_opp_strand	unspliced	-1	12	.	.	.	mrna
A00839:75:H7MFFDSXY:3:2619:17110:1939	chr9	76707073	76707222	True	-260	150M	255	3	25	0.9628530740737915	ambig_opp_strand	unspliced	22928	19	RIGEL_NRNA_chr9_1_76704847_76710661		RIGEL_NRNA_chr9_1_76704847_76710661	nrna
A00839:75:H7MFFDSXY:3:2342:13196:19554	chr9	76705388	76705537	True	-233	150M	255	0	25	0.9107369780540466	ambig_opp_strand	unspliced	22928	26	RIGEL_NRNA_chr9_1_76704847_76710661		RIGEL_NRNA_chr9_1_76704847_76710661	nrna
A00839:75:H7MFFDSXY:3:2372:12120:17190	chr9	76703487	76703636	True	-488	150M	255	1	5	0.9925820231437683	ambig_opp_strand	unspliced	-1	12	.	.	.	mrna
A00839:75:H7MFFDSXY:3:1230:21088:23797	chr9	76707406	76707555	False	380	150M	255	0	3	0.6479350328445435	ambig_opp_strand	unspliced	22928	19	ENST00000426088.5	PRUNE2	ENSG00000106772.19	mrna
A00839:75:H7MFFDSXY:3:1344:22019:21151	chr9	76709133	76709270	True	-211	105M12I33M	255	13	25	0.9667028784751892	ambig_opp_strand	unspliced	22928	19	RIGEL_NRNA_chr9_1_76704847_76710661		RIGEL_NRNA_chr9_1_76704847_76710661	nrna
A00839:75:H7MFFDSXY:3:2219:9905:13855	chr9	76708219	76708368	True	-167	150M	255	0	25	0.960575520992279	ambig_opp_strand	unspliced	22928	19	RIGEL_NRNA_chr9_1_76704847_76710661		RIGEL_NRNA_chr9_1_76704847_76710661	nrna
A00839:75:H7MFFDSXY:3:1110:20419:24079	chr9	76708045	76708194	True	-172	150M	255	0	25	0.9619454741477966	ambig_opp_strand	unspliced	22928	19	RIGEL_NRNA_chr9_1_76704847_76710661		RIGEL_NRNA_chr9_1_76704847_76710661	nrna
A00839:75:H7MFFDSXY:3:2227:19334:6167	chr9	76703748	76703897	True	-299	150M	255	1	25	0.17173358798027039	ambig_opp_strand	unspliced	22928	12	RIGEL_NRNA_chr9_1_76700179_76740086		RIGEL_NRNA_chr9_1_76700179_76740086	nrna
A00839:75:H7MFFDSXY:3:2469:4499:15076	chr9	76706141	76706290	True	-323	150M	255	3	25	0.9181177616119385	ambig_opp_strand	unspliced	22928	19	RIGEL_NRNA_chr9_1_76704847_76710661		RIGEL_NRNA_chr9_1_76704847_76710661	nrna
A00839:75:H7MFFDSXY:3:1324:2817:9627	chr9	76703203	76703352	False	392	150M	255	0	5	0.9984962344169617	ambig_opp_strand	unspliced	-1	12	.	.	.	mrna
A00839:75:H7MFFDSXY:3:2241:6605:6605	chr9	76706452	76706601	True	-256	150M	255	0	25	0.9638327956199646	ambig_opp_strand	unspliced	22928	19	RIGEL_NRNA_chr9_1_76704847_76710661		RIGEL_NRNA_chr9_1_76704847_76710661	nrna
A00839:75:H7MFFDSXY:3:1101:20582:31594	chr9	76705488	76705637	False	319	150M	255	0	3	0.6854900121688843	ambig_opp_strand	unspliced	22928	19	ENST00000426088.5	PRUNE2	ENSG00000106772.19	mrna
A00839:75:H7MFFDSXY:3:1114:23782:1407	chr9	76708031	76708180	True	-301	150M	255	0	25	0.9446953535079956	ambig_opp_strand	unspliced	22928	19	RIGEL_NRNA_chr9_1_76704847_76710661		RIGEL_NRNA_chr9_1_76704847_76710661	nrna
A00839:75:H7MFFDSXY:3:1670:26874:5697	chr9	76703874	76704023	True	-435	150M	255	1	5	0.984750509262085	ambig_opp_strand	unspliced	-1	12	.	.	.	mrna
A00839:75:H7MFFDSXY:3:2231:7817:23547	chr9	76707691	76707840	False	248	150M	255	2	3	0.6876198053359985	ambig_opp_strand	unspliced	22928	19	ENST00000426088.5	PRUNE2	ENSG00000106772.19	mrna
A00839:75:H7MFFDSXY:3:2444:28293:9784	chr9	76704944	76705093	False	512	150M	255	0	3	0.09009192883968353	ambig_opp_strand	unspliced	22928	22	ENST00000376718.8	PRUNE2	ENSG00000106772.19	mrna
A00839:75:H7MFFDSXY:3:2470:4191:9471	chr9	76705739	76705886	True	-398	148M2S	255	3	5	0.5953907370567322	ambig_opp_strand	unspliced	-1	19	.	.	.	mrna
A00839:75:H7MFFDSXY:3:1529:12961:11537	chr9	76708155	76708304	True	-161	150M	255	0	25	0.958319902420044	ambig_opp_strand	unspliced	22928	19	RIGEL_NRNA_chr9_1_76704847_76710661		RIGEL_NRNA_chr9_1_76704847_76710661	nrna
A00839:75:H7MFFDSXY:3:1206:13467:13135	chr9	76707555	76707704	True	-412	150M	255	0	5	0.6014643907546997	ambig_opp_strand	unspliced	-1	19	.	.	.	mrna
A00839:75:H7MFFDSXY:3:1356:4282:25567	chr9	76706035	76706184	True	-289	150M	255	0	25	0.9529128074645996	ambig_opp_strand	unspliced	22928	19	RIGEL_NRNA_chr9_1_76704847_76710661		RIGEL_NRNA_chr9_1_76704847_76710661	nrna
A00839:75:H7MFFDSXY:3:2553:18041:1329	chr9	76709385	76709534	True	-349	150M	255	1	25	0.829282283782959	ambig_opp_strand	unspliced	22928	19	RIGEL_NRNA_chr9_1_76704847_76710661		RIGEL_NRNA_chr9_1_76704847_76710661	nrna
A00839:75:H7MFFDSXY:3:2327:9986:26490	chr9	76705262	76705411	True	-420	150M	255	0	5	0.5666927695274353	ambig_opp_strand	unspliced	-1	22	.	.	.	mrna
A00839:75:H7MFFDSXY:3:1145:8612:20040	chr9	76706346	76706495	True	-346	150M	255	1	25	0.8486033082008362	ambig_opp_strand	unspliced	22928	19	RIGEL_NRNA_chr9_1_76704847_76710661		RIGEL_NRNA_chr9_1_76704847_76710661	nrna
A00839:75:H7MFFDSXY:3:1154:24722:36980	chr9	76707459	76707608	False	252	150M	255	0	3	0.6875958442687988	ambig_opp_strand	unspliced	22928	19	ENST00000426088.5	PRUNE2	ENSG00000106772.19	mrna
A00839:75:H7MFFDSXY:3:1130:11623:32424	chr9	76703488	76703637	False	362	150M	255	1	5	0.022296687588095665	ambig_opp_strand	unspliced	-1	12	.	.	.	mrna
A00839:75:H7MFFDSXY:3:2176:31593:12618	chr9	76709036	76709185	False	248	150M	255	0	3	0.6876198053359985	ambig_opp_strand	unspliced	22928	19	ENST00000426088.5	PRUNE2	ENSG00000106772.19	mrna
A00839:75:H7MFFDSXY:3:1607:14597:3944	chr9	76706580	76706729	True	-275	150M	255	1	25	0.9583810567855835	ambig_opp_strand	unspliced	22928	19	RIGEL_NRNA_chr9_1_76704847_76710661		RIGEL_NRNA_chr9_1_76704847_76710661	nrna
A00839:75:H7MFFDSXY:3:2351:16685:32581	chr9	76705085	76705234	True	-309	150M	255	0	25	0.8901020288467407	ambig_opp_strand	unspliced	22928	22	RIGEL_NRNA_chr9_1_76704847_76710661		RIGEL_NRNA_chr9_1_76704847_76710661	nrna
A00839:75:H7MFFDSXY:3:1339:7473:12399	chr9	76707022	76707171	True	-334	150M	255	1	25	0.8956617116928101	ambig_opp_strand	unspliced	22928	19	RIGEL_NRNA_chr9_1_76704847_76710661		RIGEL_NRNA_chr9_1_76704847_76710661	nrna
A00839:75:H7MFFDSXY:3:1617:20392:3396	chr9	76705032	76705181	False	444	150M	255	0	3	0.18538428843021393	ambig_opp_strand	unspliced	22928	22	ENST00000428286.5	PRUNE2	ENSG00000106772.19	mrna
A00839:75:H7MFFDSXY:3:2554:23077:1595	chr9	76707532	76707681	True	-355	150M	255	0	25	0.7929695844650269	ambig_opp_strand	unspliced	22928	19	RIGEL_NRNA_chr9_1_76704847_76710661		RIGEL_NRNA_chr9_1_76704847_76710661	nrna
A00839:75:H7MFFDSXY:3:1335:32750:37012	chr9	76706193	76706342	True	-241	150M	255	0	25	0.9660268425941467	ambig_opp_strand	unspliced	22928	19	RIGEL_NRNA_chr9_1_76704847_76710661		RIGEL_NRNA_chr9_1_76704847_76710661	nrna
A00839:75:H7MFFDSXY:3:2649:30083:24690	chr9	76706221	76706370	False	348	150M	255	1	3	0.6805496215820312	ambig_opp_strand	unspliced	22928	19	ENST00000426088.5	PRUNE2	ENSG00000106772.19	mrna
A00839:75:H7MFFDSXY:3:2660:20302:34209	chr9	76705887	76706036	True	-312	150M	255	1	25	0.9330980181694031	ambig_opp_strand	unspliced	22928	19	RIGEL_NRNA_chr9_1_76704847_76710661		RIGEL_NRNA_chr9_1_76704847_76710661	nrna
A00839:75:H7MFFDSXY:3:1517:11541:7044	chr9	76706067	76706216	False	275	150M	255	0	3	0.6872738003730774	ambig_opp_strand	unspliced	22928	19	ENST00000426088.5	PRUNE2	ENSG00000106772.19	mrna
A00839:75:H7MFFDSXY:3:1559:20256:7106	chr9	76708219	76708368	False	227	150M	255	0	3	0.6876908540725708	ambig_opp_strand	unspliced	22928	19	ENST00000426088.5	PRUNE2	ENSG00000106772.19	mrna
A00839:75:H7MFFDSXY:3:1472:14018:14215	chr9	76708120	76708269	False	269	150M	255	0	3	0.20517109334468842	ambig_opp_strand	unspliced	22928	19	ENST00000428286.5	PRUNE2	ENSG00000106772.19	mrna
A00839:75:H7MFFDSXY:3:2536:14832:19163	chr9	76705780	76705929	False	291	150M	255	0	3	0.6869463324546814	ambig_opp_strand	unspliced	22928	19	ENST00000426088.5	PRUNE2	ENSG00000106772.19	mrna
A00839:75:H7MFFDSXY:3:2631:27109:27367	chr9	76705697	76705846	True	-201	150M	255	1	25	0.9661571979522705	ambig_opp_strand	unspliced	22928	19	RIGEL_NRNA_chr9_1_76704847_76710661		RIGEL_NRNA_chr9_1_76704847_76710661	nrna
A00839:75:H7MFFDSXY:3:1147:7979:18537	chr9	76703721	76703870	False	250	150M	255	1	3	0.6876459717750549	ambig_opp_strand	unspliced	22928	12	ENST00000426088.5	PRUNE2	ENSG00000106772.19	mrna
A00839:75:H7MFFDSXY:3:1367:17463:34648	chr9	76705782	76705931	False	369	150M	255	0	3	0.19887767732143402	ambig_opp_strand	unspliced	22928	19	ENST00000428286.5	PRUNE2	ENSG00000106772.19	mrna
A00839:75:H7MFFDSXY:3:1239:14055:28056	chr9	76706376	76706525	True	-301	150M	255	0	25	0.9446953535079956	ambig_opp_strand	unspliced	22928	19	RIGEL_NRNA_chr9_1_76704847_76710661		RIGEL_NRNA_chr9_1_76704847_76710661	nrna
A00839:75:H7MFFDSXY:3:2218:9046:23171	chr9	76703265	76703414	True	-269	150M	255	0	5	0.6675565838813782	ambig_opp_strand	unspliced	-1	14	.	.	.	mrna
A00839:75:H7MFFDSXY:3:1401:8639:23281	chr9	76706527	76706676	False	390	150M	255	0	3	0.6305058598518372	ambig_opp_strand	unspliced	22928	19	ENST00000426088.5	PRUNE2	ENSG00000106772.19	mrna
A00839:75:H7MFFDSXY:3:1270:31792:14716	chr9	76705114	76705262	False	246	149M	255	2	3	0.6876307725906372	ambig_opp_strand	unspliced	22928	26	ENST00000426088.5	PRUNE2	ENSG00000106772.19	mrna
A00839:75:H7MFFDSXY:3:1528:13602:32722	chr9	76705515	76705664	True	-359	150M	255	0	25	0.7650921940803528	ambig_opp_strand	unspliced	22928	19	RIGEL_NRNA_chr9_1_76704847_76710661		RIGEL_NRNA_chr9_1_76704847_76710661	nrna
A00839:75:H7MFFDSXY:3:1176:6641:13025	chr9	76706522	76706671	True	-337	150M	255	0	25	0.8848161101341248	ambig_opp_strand	unspliced	22928	19	RIGEL_NRNA_chr9_1_76704847_76710661		RIGEL_NRNA_chr9_1_76704847_76710661	nrna
A00839:75:H7MFFDSXY:3:2404:19407:29966	chr9	76708887	76709036	True	-335	150M	255	0	25	0.8909631967544556	ambig_opp_strand	unspliced	22928	19	RIGEL_NRNA_chr9_1_76704847_76710661		RIGEL_NRNA_chr9_1_76704847_76710661	nrna
A00839:75:H7MFFDSXY:3:1663:9552:36166	chr9	76709407	76709556	True	-448	150M	255	1	25	0.39933905005455017	ambig_opp_strand	unspliced	22928	19	RIGEL_NRNA_chr9_1_76704847_76710661		RIGEL_NRNA_chr9_1_76704847_76710661	nrna
A00839:75:H7MFFDSXY:3:2544:29559:23218	chr9	76709619	76709768	True	-282	150M	255	1	25	0.9558839201927185	ambig_opp_strand	unspliced	22928	19	RIGEL_NRNA_chr9_1_76704847_76710661		RIGEL_NRNA_chr9_1_76704847_76710661	nrna
A00839:75:H7MFFDSXY:3:1354:4128:14716	chr9	76703724	76703873	False	261	150M	255	1	3	0.6875289678573608	ambig_opp_strand	unspliced	22928	12	ENST00000426088.5	PRUNE2	ENSG00000106772.19	mrna
A00839:75:H7MFFDSXY:3:2226:25238:5963	chr9	76707278	76707427	True	-294	150M	255	0	25	0.9499852657318115	ambig_opp_strand	unspliced	22928	19	RIGEL_NRNA_chr9_1_76704847_76710661		RIGEL_NRNA_chr9_1_76704847_76710661	nrna
A00839:75:H7MFFDSXY:3:1511:23873:21042	chr9	76707291	76707440	False	225	150M	255	0	3	0.6876979470252991	ambig_opp_strand	unspliced	22928	19	ENST00000426088.5	PRUNE2	ENSG00000106772.19	mrna
A00839:75:H7MFFDSXY:3:2648:32244:11741	chr9	76704032	76704181	True	-361	150M	255	2	5	0.9690932631492615	ambig_opp_strand	unspliced	-1	12	.	.	.	mrna
A00839:75:H7MFFDSXY:3:2252:27543:10582	chr9	76705081	76705230	True	-346	150M	255	0	3	0.034123361110687256	ambig_opp_strand	unspliced	22928	22	ENST00000643823.1	PCA3	ENSG00000225937.3	mrna
A00839:75:H7MFFDSXY:3:2147:17201:36605	chr9	76707487	76707636	False	202	150M	255	0	3	0.6876668930053711	ambig_opp_strand	unspliced	22928	19	ENST00000426088.5	PRUNE2	ENSG00000106772.19	mrna
A00839:75:H7MFFDSXY:3:2625:22643:8453	chr9	76705294	76705443	False	388	150M	255	0	3	0.6285915970802307	ambig_opp_strand	unspliced	22928	19	ENST00000426088.5	PRUNE2	ENSG00000106772.19	mrna
A00839:75:H7MFFDSXY:3:2218:9272:26475	chr9	76706188	76706337	True	-235	150M	255	0	25	0.9663810133934021	ambig_opp_strand	unspliced	22928	19	RIGEL_NRNA_chr9_1_76704847_76710661		RIGEL_NRNA_chr9_1_76704847_76710661	nrna
A00839:75:H7MFFDSXY:3:2105:2980:28886	chr9	76705800	76705949	False	245	150M	255	0	3	0.6876381039619446	ambig_opp_strand	unspliced	22928	19	ENST00000426088.5	PRUNE2	ENSG00000106772.19	mrna
A00839:75:H7MFFDSXY:3:2507:3938:22279	chr9	76706883	76707032	False	365	150M	255	1	3	0.6710808873176575	ambig_opp_strand	unspliced	22928	19	ENST00000426088.5	PRUNE2	ENSG00000106772.19	mrna
A00839:75:H7MFFDSXY:3:1602:16034:6496	chr9	76704846	76704995	False	374	150M	255	0	3	0.19656549394130707	ambig_opp_strand	unspliced	22928	20	ENST00000428286.5	PRUNE2	ENSG00000106772.19	mrna
A00839:75:H7MFFDSXY:3:2310:12120:13338	chr9	76709793	76709942	False	243	150M	255	1	3	0.6876435875892639	ambig_opp_strand	unspliced	22928	19	ENST00000426088.5	PRUNE2	ENSG00000106772.19	mrna
A00839:75:H7MFFDSXY:3:2513:23113:21762	chr9	76706075	76706224	True	-287	150M	255	0	25	0.9538480639457703	ambig_opp_strand	unspliced	22928	19	RIGEL_NRNA_chr9_1_76704847_76710661		RIGEL_NRNA_chr9_1_76704847_76710661	nrna
A00839:75:H7MFFDSXY:3:2617:21169:12132	chr9	76706368	76706517	False	212	150M	255	1	3	0.6876912713050842	ambig_opp_strand	unspliced	22928	19	ENST00000426088.5	PRUNE2	ENSG00000106772.19	mrna
A00839:75:H7MFFDSXY:3:2404:27896:34084	chr9	76705443	76705592	False	271	150M	255	0	3	0.687349796295166	ambig_opp_strand	unspliced	22928	19	ENST00000426088.5	PRUNE2	ENSG00000106772.19	mrna
A00839:75:H7MFFDSXY:3:2250:8901:9486	chr9	76708292	76708441	False	203	150M	255	0	3	0.6876695156097412	ambig_opp_strand	unspliced	22928	19	ENST00000426088.5	PRUNE2	ENSG00000106772.19	mrna
A00839:75:H7MFFDSXY:3:2305:6515:8296	chr9	76708970	76709119	False	395	150M	255	0	3	0.6220452189445496	ambig_opp_strand	unspliced	22928	19	ENST00000426088.5	PRUNE2	ENSG00000106772.19	mrna
A00839:75:H7MFFDSXY:3:2147:4896:19648	chr9	76707310	76707459	True	-388	150M	255	0	25	0.41119086742401123	ambig_opp_strand	unspliced	22928	19	RIGEL_NRNA_chr9_1_76704847_76710661		RIGEL_NRNA_chr9_1_76704847_76710661	nrna
A00839:75:H7MFFDSXY:3:1415:10836:3912	chr9	76703173	76703322	False	408	150M	255	0	5	0.9986340999603271	ambig_opp_strand	unspliced	-1	12	.	.	.	mrna
A00839:75:H7MFFDSXY:3:1622:29514:25739	chr9	76703412	76703576	True	-173	48M15D102M	255	16	5	0.4550160765647888	ambig_opp_strand	unspliced	-1	12	.	.	.	mrna
A00839:75:H7MFFDSXY:3:2535:13440:8171	chr9	76705672	76705821	False	314	150M	255	1	3	0.6858598589897156	ambig_opp_strand	unspliced	22928	19	ENST00000426088.5	PRUNE2	ENSG00000106772.19	mrna
A00839:75:H7MFFDSXY:3:2109:8693:35368	chr9	76708791	76708940	False	221	150M	255	1	3	0.6876934170722961	ambig_opp_strand	unspliced	22928	19	ENST00000426088.5	PRUNE2	ENSG00000106772.19	mrna
A00839:75:H7MFFDSXY:3:1644:8431:17440	chr9	76704847	76704996	False	534	150M	255	0	3	0.19059619307518005	ambig_opp_strand	unspliced	22928	20	ENST00000428286.5	PRUNE2	ENSG00000106772.19	mrna
A00839:75:H7MFFDSXY:3:1674:24117:19993	chr9	76708995	76709144	True	-181	150M	255	0	25	0.9636655449867249	ambig_opp_strand	unspliced	22928	19	RIGEL_NRNA_chr9_1_76704847_76710661		RIGEL_NRNA_chr9_1_76704847_76710661	nrna
A00839:75:H7MFFDSXY:3:1306:23764:8609	chr9	76703728	76703877	False	214	150M	255	1	3	0.20527614653110504	ambig_opp_strand	unspliced	22928	12	ENST00000428286.5	PRUNE2	ENSG00000106772.19	mrna
A00839:75:H7MFFDSXY:3:2225:4010:14606	chr9	76705991	76706140	True	-444	150M	255	0	5	0.6114243268966675	ambig_opp_strand	unspliced	-1	19	.	.	.	mrna
A00839:75:H7MFFDSXY:3:1305:26530:12806	chr9	76708987	76709136	True	-353	150M	255	0	25	0.8048650026321411	ambig_opp_strand	unspliced	22928	19	RIGEL_NRNA_chr9_1_76704847_76710661		RIGEL_NRNA_chr9_1_76704847_76710661	nrna
A00839:75:H7MFFDSXY:3:1316:2003:15984	chr9	76705193	76705342	False	360	150M	255	0	3	0.6748034954071045	ambig_opp_strand	unspliced	22928	26	ENST00000426088.5	PRUNE2	ENSG00000106772.19	mrna
A00839:75:H7MFFDSXY:3:2646:22914:32002	chr9	76709266	76709415	False	358	150M	255	0	3	0.6757076382637024	ambig_opp_strand	unspliced	22928	19	ENST00000426088.5	PRUNE2	ENSG00000106772.19	mrna
A00839:75:H7MFFDSXY:3:1674:11514:6558	chr9	76707963	76708112	False	276	150M	255	1	3	0.1025962308049202	ambig_opp_strand	unspliced	22928	19	ENST00000376718.8	PRUNE2	ENSG00000106772.19	mrna
A00839:75:H7MFFDSXY:3:1338:32235:22060	chr9	76709391	76709540	True	-222	150M	255	1	25	0.9667351841926575	ambig_opp_strand	unspliced	22928	19	RIGEL_NRNA_chr9_1_76704847_76710661		RIGEL_NRNA_chr9_1_76704847_76710661	nrna
A00839:75:H7MFFDSXY:3:2551:27127:14058	chr9	76708822	76708971	True	-250	150M	255	0	25	0.9651318788528442	ambig_opp_strand	unspliced	22928	19	RIGEL_NRNA_chr9_1_76704847_76710661		RIGEL_NRNA_chr9_1_76704847_76710661	nrna
A00839:75:H7MFFDSXY:3:2677:27859:31923	chr9	76707459	76707608	True	-307	150M	255	0	25	0.939137876033783	ambig_opp_strand	unspliced	22928	19	RIGEL_NRNA_chr9_1_76704847_76710661		RIGEL_NRNA_chr9_1_76704847_76710661	nrna
A00839:75:H7MFFDSXY:3:2305:17056:21605	chr9	76709559	76709708	True	-180	150M	255	0	25	0.9639304280281067	ambig_opp_strand	unspliced	22928	19	RIGEL_NRNA_chr9_1_76704847_76710661		RIGEL_NRNA_chr9_1_76704847_76710661	nrna
A00839:75:H7MFFDSXY:3:2338:7012:20462	chr9	76706486	76706635	False	579	150M	255	0	3	0.6688576936721802	ambig_opp_strand	unspliced	22928	19	ENST00000426088.5	PRUNE2	ENSG00000106772.19	mrna
A00839:75:H7MFFDSXY:3:1668:11532:5337	chr9	76708106	76708253	True	-148	148M	255	1	25	0.9508317708969116	ambig_opp_strand	unspliced	22928	19	RIGEL_NRNA_chr9_1_76704847_76710661		RIGEL_NRNA_chr9_1_76704847_76710661	nrna
A00839:75:H7MFFDSXY:3:1177:31783:30295	chr9	76707958	76708107	True	-190	150M	255	0	25	0.9651673436164856	ambig_opp_strand	unspliced	22928	19	RIGEL_NRNA_chr9_1_76704847_76710661		RIGEL_NRNA_chr9_1_76704847_76710661	nrna
A00839:75:H7MFFDSXY:3:1670:17291:30843	chr9	76708559	76708708	True	-323	150M	255	0	25	0.9181177020072937	ambig_opp_strand	unspliced	22928	19	RIGEL_NRNA_chr9_1_76704847_76710661		RIGEL_NRNA_chr9_1_76704847_76710661	nrna
A00839:75:H7MFFDSXY:3:1226:20410:14920	chr9	76705033	76705182	True	-330	150M	255	0	25	0.8622891902923584	ambig_opp_strand	unspliced	22928	22	RIGEL_NRNA_chr9_1_76704847_76710661		RIGEL_NRNA_chr9_1_76704847_76710661	nrna
A00839:75:H7MFFDSXY:3:1358:7428:6120	chr9	76708351	76708500	True	-252	150M	255	0	25	0.9648229479789734	ambig_opp_strand	unspliced	22928	19	RIGEL_NRNA_chr9_1_76704847_76710661		RIGEL_NRNA_chr9_1_76704847_76710661	nrna
A00839:75:H7MFFDSXY:3:1408:5240:1047	chr9	76704965	76705114	True	-385	150M	255	0	5	0.9921864867210388	ambig_opp_strand	unspliced	-1	12	.	.	.	mrna
A00839:75:H7MFFDSXY:3:2639:21884:6731	chr9	76709076	76709225	True	-440	150M	255	0	25	0.399519681930542	ambig_opp_strand	unspliced	22928	19	RIGEL_NRNA_chr9_1_76704847_76710661		RIGEL_NRNA_chr9_1_76704847_76710661	nrna
A00839:75:H7MFFDSXY:3:2246:17173:33176	chr9	76709937	76710086	False	389	150M	255	1	3	0.492391437292099	ambig_opp_strand	unspliced	22928	17	ENST00000428286.5	PRUNE2	ENSG00000106772.19	mrna
A00839:75:H7MFFDSXY:3:1463:28574:7983	chr9	76707125	76707274	False	261	150M	255	1	3	0.6874942779541016	ambig_opp_strand	unspliced	22928	19	ENST00000426088.5	PRUNE2	ENSG00000106772.19	mrna
A00839:75:H7MFFDSXY:3:2356:12400:10567	chr9	76706916	76707065	True	-211	150M	255	1	25	0.966702938079834	ambig_opp_strand	unspliced	22928	19	RIGEL_NRNA_chr9_1_76704847_76710661		RIGEL_NRNA_chr9_1_76704847_76710661	nrna
A00839:75:H7MFFDSXY:3:2216:14742:21762	chr9	76708743	76708892	False	289	150M	255	0	3	0.6869972348213196	ambig_opp_strand	unspliced	22928	19	ENST00000426088.5	PRUNE2	ENSG00000106772.19	mrna
A00839:75:H7MFFDSXY:3:1640:7102:12320	chr9	76705866	76706015	True	-159	150M	255	0	25	0.9573859572410583	ambig_opp_strand	unspliced	22928	19	RIGEL_NRNA_chr9_1_76704847_76710661		RIGEL_NRNA_chr9_1_76704847_76710661	nrna
A00839:75:H7MFFDSXY:3:1413:9625:13557	chr9	76703394	76703558	True	-415	66M15D84M	255	16	5	0.9936774373054504	ambig_opp_strand	unspliced	-1	12	.	.	.	mrna
A00839:75:H7MFFDSXY:3:1546:15203:15358	chr9	76705137	76705286	False	274	150M	255	0	3	0.20514601469039917	ambig_opp_strand	unspliced	22928	26	ENST00000428286.5	PRUNE2	ENSG00000106772.19	mrna
A00839:75:H7MFFDSXY:3:1568:17047:27132	chr9	76705695	76705844	True	-447	150M	255	1	25	0.385484516620636	ambig_opp_strand	unspliced	22928	19	RIGEL_NRNA_chr9_1_76704847_76710661		RIGEL_NRNA_chr9_1_76704847_76710661	nrna
A00839:75:H7MFFDSXY:3:2239:24758:7607	chr9	76707367	76707516	False	302	150M	255	0	3	0.6865293383598328	ambig_opp_strand	unspliced	22928	19	ENST00000426088.5	PRUNE2	ENSG00000106772.19	mrna
A00839:75:H7MFFDSXY:3:2222:5918:35634	chr9	76704831	76704980	False	449	150M	255	2	3	0.18710148334503174	ambig_opp_strand	unspliced	22928	20	ENST00000428286.5	PRUNE2	ENSG00000106772.19	mrna
A00839:75:H7MFFDSXY:3:1276:11342:32409	chr9	76705198	76705347	True	-409	150M	255	0	5	0.5932717323303223	ambig_opp_strand	unspliced	-1	22	.	.	.	mrna
A00839:75:H7MFFDSXY:3:1240:1714:19805	chr9	76706694	76706843	False	471	150M	255	0	3	0.6228499412536621	ambig_opp_strand	unspliced	22928	19	ENST00000426088.5	PRUNE2	ENSG00000106772.19	mrna
A00839:75:H7MFFDSXY:3:2317:4689:32816	chr9	76706584	76706733	False	339	150M	255	0	3	0.6830266118049622	ambig_opp_strand	unspliced	22928	19	ENST00000426088.5	PRUNE2	ENSG00000106772.19	mrna
A00839:75:H7MFFDSXY:3:1107:12970:5228	chr9	76709006	76709155	False	310	150M	255	0	3	0.6861334443092346	ambig_opp_strand	unspliced	22928	19	ENST00000426088.5	PRUNE2	ENSG00000106772.19	mrna
A00839:75:H7MFFDSXY:3:2210:14443:8249	chr9	76703278	76703427	False	366	150M	255	0	5	0.9946130514144897	ambig_opp_strand	unspliced	-1	12	.	.	.	mrna
A00839:75:H7MFFDSXY:3:2648:6081:34381	chr9	76703344	76703467	False	352	124M26S	255	2	3	0.6788673996925354	ambig_opp_strand	unspliced	22928	12	ENST00000426088.5	PRUNE2	ENSG00000106772.19	mrna
A00839:75:H7MFFDSXY:3:2422:6325:33614	chr9	76707167	76707316	True	-359	150M	255	0	25	0.7650921940803528	ambig_opp_strand	unspliced	22928	19	RIGEL_NRNA_chr9_1_76704847_76710661		RIGEL_NRNA_chr9_1_76704847_76710661	nrna
A00839:75:H7MFFDSXY:3:2459:13982:27993	chr9	76704856	76705005	False	268	150M	255	0	3	0.6873921751976013	ambig_opp_strand	unspliced	22928	22	ENST00000426088.5	PRUNE2	ENSG00000106772.19	mrna
A00839:75:H7MFFDSXY:3:2466:7120:23156	chr9	76706838	76706987	True	-161	150M	255	1	25	0.958319902420044	ambig_opp_strand	unspliced	22928	19	RIGEL_NRNA_chr9_1_76704847_76710661		RIGEL_NRNA_chr9_1_76704847_76710661	nrna
A00839:75:H7MFFDSXY:3:1441:11297:6903	chr9	76708907	76709056	False	331	150M	255	0	3	0.6843298673629761	ambig_opp_strand	unspliced	22928	19	ENST00000426088.5	PRUNE2	ENSG00000106772.19	mrna
A00839:75:H7MFFDSXY:3:2120:5846:13683	chr9	76705450	76705599	True	-436	150M	255	0	5	0.5861432552337646	ambig_opp_strand	unspliced	-1	19	.	.	.	mrna
A00839:75:H7MFFDSXY:3:2428:26657:21731	chr9	76706546	76706695	True	-280	150M	255	0	25	0.9568665623664856	ambig_opp_strand	unspliced	22928	19	RIGEL_NRNA_chr9_1_76704847_76710661		RIGEL_NRNA_chr9_1_76704847_76710661	nrna
A00839:75:H7MFFDSXY:3:2633:26684:9251	chr9	76708436	76708585	True	-285	150M	255	0	25	0.9547692537307739	ambig_opp_strand	unspliced	22928	19	RIGEL_NRNA_chr9_1_76704847_76710661		RIGEL_NRNA_chr9_1_76704847_76710661	nrna
A00839:75:H7MFFDSXY:3:1652:24008:35336	chr9	76705582	76705731	False	365	150M	255	1	3	0.6710808873176575	ambig_opp_strand	unspliced	22928	19	ENST00000426088.5	PRUNE2	ENSG00000106772.19	mrna
A00839:75:H7MFFDSXY:3:2615:15085:35070	chr9	76707137	76707261	True	-125	125M	255	2	25	0.9157810211181641	ambig_opp_strand	unspliced	22928	19	RIGEL_NRNA_chr9_1_76704847_76710661		RIGEL_NRNA_chr9_1_76704847_76710661	nrna
A00839:75:H7MFFDSXY:3:2317:15944:6245	chr9	76704034	76704183	True	-336	150M	255	2	5	0.9113373160362244	ambig_opp_strand	unspliced	-1	12	.	.	.	mrna
A00839:75:H7MFFDSXY:3:2553:25807:15092	chr9	76705594	76705743	False	289	150M	255	1	3	0.6869972348213196	ambig_opp_strand	unspliced	22928	19	ENST00000426088.5	PRUNE2	ENSG00000106772.19	mrna
A00839:75:H7MFFDSXY:3:1232:32967:28401	chr9	76708209	76708356	True	-148	148M	255	0	25	0.9508317708969116	ambig_opp_strand	unspliced	22928	19	RIGEL_NRNA_chr9_1_76704847_76710661		RIGEL_NRNA_chr9_1_76704847_76710661	nrna
A00839:75:H7MFFDSXY:3:2249:31286:25488	chr9	76709470	76709619	False	247	150M	255	0	3	0.6876246333122253	ambig_opp_strand	unspliced	22928	19	ENST00000426088.5	PRUNE2	ENSG00000106772.19	mrna
A00839:75:H7MFFDSXY:3:2256:9335:15781	chr9	76708955	76709104	True	-308	150M	255	0	25	0.9384443759918213	ambig_opp_strand	unspliced	22928	19	RIGEL_NRNA_chr9_1_76704847_76710661		RIGEL_NRNA_chr9_1_76704847_76710661	nrna
A00839:75:H7MFFDSXY:3:1573:6614:24158	chr9	76707384	76707533	False	466	150M	255	0	3	0.6178694367408752	ambig_opp_strand	unspliced	22928	19	ENST00000426088.5	PRUNE2	ENSG00000106772.19	mrna
A00839:75:H7MFFDSXY:3:2243:11496:30420	chr9	76708161	76708310	False	305	150M	255	0	3	0.6864070296287537	ambig_opp_strand	unspliced	22928	19	ENST00000426088.5	PRUNE2	ENSG00000106772.19	mrna
A00839:75:H7MFFDSXY:3:1345:30264:26819	chr9	76708624	76708773	True	-262	150M	255	0	25	0.9623994827270508	ambig_opp_strand	unspliced	22928	19	RIGEL_NRNA_chr9_1_76704847_76710661		RIGEL_NRNA_chr9_1_76704847_76710661	nrna
A00839:75:H7MFFDSXY:3:2665:18222:1235	chr9	76707911	76708060	True	-461	150M	255	0	5	0.6033033728599548	ambig_opp_strand	unspliced	-1	19	.	.	.	mrna
A00839:75:H7MFFDSXY:3:1109:16884:18490	chr9	76704800	76704949	False	383	150M	255	0	3	0.6395044922828674	ambig_opp_strand	unspliced	22928	14	ENST00000426088.5	PRUNE2	ENSG00000106772.19	mrna
A00839:75:H7MFFDSXY:3:2671:18855:9251	chr9	76709187	76709324	False	464	51M12I87M	255	13	3	0.6213542819023132	ambig_opp_strand	unspliced	22928	19	ENST00000426088.5	PRUNE2	ENSG00000106772.19	mrna
A00839:75:H7MFFDSXY:3:2558:1723:5854	chr9	76708666	76708815	False	394	150M	255	0	3	0.6275360584259033	ambig_opp_strand	unspliced	22928	19	ENST00000426088.5	PRUNE2	ENSG00000106772.19	mrna
A00839:75:H7MFFDSXY:3:1601:7961:7451	chr9	76703368	76703532	True	-247	92M15D58M	255	16	5	0.5938208699226379	ambig_opp_strand	unspliced	-1	12	.	.	.	mrna
A00839:75:H7MFFDSXY:3:2362:22905:28980	chr9	76709235	76709384	False	304	150M	255	1	3	0.6864429712295532	ambig_opp_strand	unspliced	22928	19	ENST00000426088.5	PRUNE2	ENSG00000106772.19	mrna
A00839:75:H7MFFDSXY:3:2316:32976:8782	chr9	76706438	76706587	False	366	150M	255	0	3	0.6694652438163757	ambig_opp_strand	unspliced	22928	19	ENST00000426088.5	PRUNE2	ENSG00000106772.19	mrna
A00839:75:H7MFFDSXY:3:2401:4906:24017	chr9	76709161	76709298	False	375	77M12I61M	255	13	3	0.6573968529701233	ambig_opp_strand	unspliced	22928	19	ENST00000426088.5	PRUNE2	ENSG00000106772.19	mrna
A00839:75:H7MFFDSXY:3:2144:16966:15092	chr9	76708114	76708263	False	375	150M	255	0	3	0.1962231546640396	ambig_opp_strand	unspliced	22928	19	ENST00000428286.5	PRUNE2	ENSG00000106772.19	mrna
A00839:75:H7MFFDSXY:3:1368:4851:5040	chr9	76708086	76708235	False	252	150M	255	0	3	0.6875958442687988	ambig_opp_strand	unspliced	22928	19	ENST00000426088.5	PRUNE2	ENSG00000106772.19	mrna
A00839:75:H7MFFDSXY:3:1477:22932:8108	chr9	76707877	76708026	True	-430	150M	255	1	25	0.3748434782028198	ambig_opp_strand	unspliced	22928	19	RIGEL_NRNA_chr9_1_76704847_76710661		RIGEL_NRNA_chr9_1_76704847_76710661	nrna
A00839:75:H7MFFDSXY:3:2164:21992:10927	chr9	76705178	76705327	True	-229	150M	255	0	25	0.9108744263648987	ambig_opp_strand	unspliced	22928	26	RIGEL_NRNA_chr9_1_76704847_76710661		RIGEL_NRNA_chr9_1_76704847_76710661	nrna
A00839:75:H7MFFDSXY:3:1655:1949:17801	chr9	76704977	76705126	False	308	150M	255	0	3	0.6862490773200989	ambig_opp_strand	unspliced	22928	22	ENST00000426088.5	PRUNE2	ENSG00000106772.19	mrna
A00839:75:H7MFFDSXY:3:2526:14154:12289	chr9	76706404	76706553	False	319	150M	255	0	3	0.2046085149049759	ambig_opp_strand	unspliced	22928	19	ENST00000428286.5	PRUNE2	ENSG00000106772.19	mrna
A00839:75:H7MFFDSXY:3:2425:22236:33614	chr9	76706362	76706511	True	-422	150M	255	0	5	0.6234692931175232	ambig_opp_strand	unspliced	-1	19	.	.	.	mrna
A00839:75:H7MFFDSXY:3:1411:6686:28103	chr9	76709023	76709172	False	303	150M	255	0	3	0.6864997744560242	ambig_opp_strand	unspliced	22928	19	ENST00000426088.5	PRUNE2	ENSG00000106772.19	mrna
A00839:75:H7MFFDSXY:3:2175:4716:31892	chr9	76703666	76703814	False	337	1S149M	255	1	3	0.6833227872848511	ambig_opp_strand	unspliced	22928	12	ENST00000426088.5	PRUNE2	ENSG00000106772.19	mrna
A00839:75:H7MFFDSXY:3:1673:32506:33426	chr9	76708572	76708721	False	414	150M	255	0	3	0.6198620796203613	ambig_opp_strand	unspliced	22928	19	ENST00000426088.5	PRUNE2	ENSG00000106772.19	mrna
A00839:75:H7MFFDSXY:3:1344:10239:22889	chr9	76709424	76709573	True	-343	150M	255	1	25	0.8618380427360535	ambig_opp_strand	unspliced	22928	19	RIGEL_NRNA_chr9_1_76704847_76710661		RIGEL_NRNA_chr9_1_76704847_76710661	nrna
A00839:75:H7MFFDSXY:3:1458:26847:35994	chr9	76706887	76707036	False	251	150M	255	1	3	0.20523494482040405	ambig_opp_strand	unspliced	22928	19	ENST00000428286.5	PRUNE2	ENSG00000106772.19	mrna
A00839:75:H7MFFDSXY:3:1271:10384:36542	chr9	76707194	76707343	False	180	150M	255	0	3	0.6875514388084412	ambig_opp_strand	unspliced	22928	19	ENST00000426088.5	PRUNE2	ENSG00000106772.19	mrna
A00839:75:H7MFFDSXY:3:2566:13612:11005	chr9	76707661	76707810	False	425	150M	255	2	3	0.6305360794067383	ambig_opp_strand	unspliced	22928	19	ENST00000426088.5	PRUNE2	ENSG00000106772.19	mrna
A00839:75:H7MFFDSXY:3:2178:5502:25927	chr9	76703579	76703728	False	284	150M	255	0	3	0.6871436834335327	ambig_opp_strand	unspliced	22928	12	ENST00000426088.5	PRUNE2	ENSG00000106772.19	mrna
A00839:75:H7MFFDSXY:3:2233:2311:21590	chr9	76708833	76708982	False	297	150M	255	0	3	0.20498508214950562	ambig_opp_strand	unspliced	22928	19	ENST00000428286.5	PRUNE2	ENSG00000106772.19	mrna
A00839:75:H7MFFDSXY:3:1574:10773:27853	chr9	76708519	76708668	True	-351	150M	255	0	5	0.16238215565681458	ambig_opp_strand	unspliced	-1	19	.	.	.	mrna
A00839:75:H7MFFDSXY:3:1539:5448:28244	chr9	76705930	76706079	True	-341	150M	255	0	25	0.8701373338699341	ambig_opp_strand	unspliced	22928	19	RIGEL_NRNA_chr9_1_76704847_76710661		RIGEL_NRNA_chr9_1_76704847_76710661	nrna
A00839:75:H7MFFDSXY:3:2168:3649:29387	chr9	76707944	76708093	True	-245	150M	255	0	5	0.013690654188394547	ambig_opp_strand	unspliced	-1	19	.	.	.	mrna
A00839:75:H7MFFDSXY:3:2314:18837:7560	chr9	76709132	76709269	False	213	106M12I32M	255	13	3	0.6876903176307678	ambig_opp_strand	unspliced	22928	19	ENST00000426088.5	PRUNE2	ENSG00000106772.19	mrna
A00839:75:H7MFFDSXY:3:2656:23583:20635	chr9	76705451	76705600	False	309	150M	255	0	3	0.6861549019813538	ambig_opp_strand	unspliced	22928	19	ENST00000426088.5	PRUNE2	ENSG00000106772.19	mrna
A00839:75:H7MFFDSXY:3:2261:5918:2534	chr9	76706560	76706709	True	-272	150M	255	0	25	0.959537148475647	ambig_opp_strand	unspliced	22928	19	RIGEL_NRNA_chr9_1_76704847_76710661		RIGEL_NRNA_chr9_1_76704847_76710661	nrna
A00839:75:H7MFFDSXY:3:2371:31765:19116	chr9	76707904	76708053	False	237	150M	255	0	3	0.6876675486564636	ambig_opp_strand	unspliced	22928	19	ENST00000426088.5	PRUNE2	ENSG00000106772.19	mrna
A00839:75:H7MFFDSXY:3:1476:10348:24330	chr9	76709406	76709555	False	264	150M	255	1	3	0.10262493789196014	ambig_opp_strand	unspliced	22928	19	ENST00000376718.8	PRUNE2	ENSG00000106772.19	mrna
A00839:75:H7MFFDSXY:3:1405:22878:24267	chr9	76708156	76708305	True	-213	150M	255	0	25	0.9667282104492188	ambig_opp_strand	unspliced	22928	19	RIGEL_NRNA_chr9_1_76704847_76710661		RIGEL_NRNA_chr9_1_76704847_76710661	nrna
A00839:75:H7MFFDSXY:3:2468:3604:31563	chr9	76706524	76706673	False	351	150M	255	0	3	0.6792387962341309	ambig_opp_strand	unspliced	22928	19	ENST00000426088.5	PRUNE2	ENSG00000106772.19	mrna
A00839:75:H7MFFDSXY:3:2367:10393:4366	chr9	76709338	76709487	True	-207	150M	255	0	25	0.9664853811264038	ambig_opp_strand	unspliced	22928	19	RIGEL_NRNA_chr9_1_76704847_76710661		RIGEL_NRNA_chr9_1_76704847_76710661	nrna
A00839:75:H7MFFDSXY:3:2658:22625:22545	chr9	76703372	76703536	False	333	88M15D62M	255	15	3	0.1021132841706276	ambig_opp_strand	unspliced	22928	12	ENST00000376718.8	PRUNE2	ENSG00000106772.19	mrna
A00839:75:H7MFFDSXY:3:1564:29044:12179	chr9	76705381	76705530	True	-375	150M	255	0	25	0.5609567165374756	ambig_opp_strand	unspliced	22928	26	RIGEL_NRNA_chr9_1_76704847_76710661		RIGEL_NRNA_chr9_1_76704847_76710661	nrna
A00839:75:H7MFFDSXY:3:1557:1407:23563	chr9	76708315	76708464	True	-324	150M	255	0	25	0.9173480868339539	ambig_opp_strand	unspliced	22928	19	RIGEL_NRNA_chr9_1_76704847_76710661		RIGEL_NRNA_chr9_1_76704847_76710661	nrna
A00839:75:H7MFFDSXY:3:1224:31177:1908	chr9	76708990	76709139	False	321	150M	255	0	3	0.6853591203689575	ambig_opp_strand	unspliced	22928	19	ENST00000426088.5	PRUNE2	ENSG00000106772.19	mrna
A00839:75:H7MFFDSXY:3:1177:17363:20760	chr9	76705375	76705524	False	444	150M	255	0	3	0.18538475036621094	ambig_opp_strand	unspliced	22928	19	ENST00000428286.5	PRUNE2	ENSG00000106772.19	mrna
A00839:75:H7MFFDSXY:3:1311:10655:24267	chr9	76707635	76707784	True	-401	150M	255	1	5	0.5979265570640564	ambig_opp_strand	unspliced	-1	19	.	.	.	mrna
A00839:75:H7MFFDSXY:3:2634:7365:16438	chr9	76705423	76705572	True	-252	150M	255	0	25	0.9648229479789734	ambig_opp_strand	unspliced	22928	19	RIGEL_NRNA_chr9_1_76704847_76710661		RIGEL_NRNA_chr9_1_76704847_76710661	nrna
A00839:75:H7MFFDSXY:3:1344:3115:34381	chr9	76704818	76704967	True	-278	150M	255	0	5	0.7002149224281311	ambig_opp_strand	unspliced	-1	12	.	.	.	mrna
A00839:75:H7MFFDSXY:3:2112:29668:1172	chr9	76709465	76709614	False	303	150M	255	0	3	0.6864997744560242	ambig_opp_strand	unspliced	22928	19	ENST00000426088.5	PRUNE2	ENSG00000106772.19	mrna
A00839:75:H7MFFDSXY:3:1608:28574:8484	chr9	76707023	76707172	False	324	150M	255	1	3	0.6851239204406738	ambig_opp_strand	unspliced	22928	19	ENST00000426088.5	PRUNE2	ENSG00000106772.19	mrna
A00839:75:H7MFFDSXY:3:1531:10782:32503	chr9	76703400	76703564	False	345	60M15D90M	255	16	3	0.6813997626304626	ambig_opp_strand	unspliced	22928	12	ENST00000426088.5	PRUNE2	ENSG00000106772.19	mrna
A00839:75:H7MFFDSXY:3:2414:12563:6621	chr9	76705230	76705379	False	399	150M	255	0	3	0.6162776947021484	ambig_opp_strand	unspliced	22928	19	ENST00000426088.5	PRUNE2	ENSG00000106772.19	mrna
A00839:75:H7MFFDSXY:3:2547:2275:32080	chr9	76705291	76705440	True	-371	150M	255	0	5	0.34883949160575867	ambig_opp_strand	unspliced	-1	24	.	.	.	mrna
A00839:75:H7MFFDSXY:3:2662:9353:27774	chr9	76705149	76705298	True	-224	150M	255	0	25	0.9159860014915466	ambig_opp_strand	unspliced	22928	24	RIGEL_NRNA_chr9_1_76704847_76710661		RIGEL_NRNA_chr9_1_76704847_76710661	nrna
A00839:75:H7MFFDSXY:3:1643:28122:20353	chr9	76703940	76704089	True	-305	150M	255	2	5	0.6598870158195496	ambig_opp_strand	unspliced	-1	12	.	.	.	mrna
A00839:75:H7MFFDSXY:3:2424:7419:35665	chr9	76708434	76708583	True	-268	150M	255	0	25	0.9607782363891602	ambig_opp_strand	unspliced	22928	19	RIGEL_NRNA_chr9_1_76704847_76710661		RIGEL_NRNA_chr9_1_76704847_76710661	nrna
A00839:75:H7MFFDSXY:3:1526:18069:14184	chr9	76706278	76706427	False	375	150M	255	1	3	0.09813807904720306	ambig_opp_strand	unspliced	22928	19	ENST00000376718.8	PRUNE2	ENSG00000106772.19	mrna
A00839:75:H7MFFDSXY:3:2348:25726:36933	chr9	76709402	76709551	True	-428	150M	255	0	25	0.38947299122810364	ambig_opp_strand	unspliced	22928	19	RIGEL_NRNA_chr9_1_76704847_76710661		RIGEL_NRNA_chr9_1_76704847_76710661	nrna
A00839:75:H7MFFDSXY:3:1221:13657:11929	chr9	76707448	76707597	True	-299	150M	255	0	25	0.9466310143470764	ambig_opp_strand	unspliced	22928	19	RIGEL_NRNA_chr9_1_76704847_76710661		RIGEL_NRNA_chr9_1_76704847_76710661	nrna
A00839:75:H7MFFDSXY:3:2536:23104:2394	chr9	76706633	76706782	False	385	150M	255	0	3	0.09473448991775513	ambig_opp_strand	unspliced	22928	19	ENST00000376718.8	PRUNE2	ENSG00000106772.19	mrna
A00839:75:H7MFFDSXY:3:2559:24532:14669	chr9	76708314	76708463	True	-369	150M	255	1	25	0.6614435911178589	ambig_opp_strand	unspliced	22928	19	RIGEL_NRNA_chr9_1_76704847_76710661		RIGEL_NRNA_chr9_1_76704847_76710661	nrna
A00839:75:H7MFFDSXY:3:1161:8974:3255	chr9	76709126	76709237	True	-326	112M38S	3	0	128	0.0	.	unknown	-1	0	.	.	.	mrna
A00839:75:H7MFFDSXY:3:1440:2419:11162	chr9	76705239	76705388	True	-280	150M	255	0	25	0.9022403359413147	ambig_opp_strand	unspliced	22928	26	RIGEL_NRNA_chr9_1_76704847_76710661		RIGEL_NRNA_chr9_1_76704847_76710661	nrna
A00839:75:H7MFFDSXY:3:2278:28302:28150	chr9	76705484	76705633	False	318	150M	255	0	3	0.2046419084072113	ambig_opp_strand	unspliced	22928	19	ENST00000428286.5	PRUNE2	ENSG00000106772.19	mrna
A00839:75:H7MFFDSXY:3:1657:15835:29825	chr9	76708582	76708731	True	-209	150M	255	0	25	0.9666497707366943	ambig_opp_strand	unspliced	22928	19	RIGEL_NRNA_chr9_1_76704847_76710661		RIGEL_NRNA_chr9_1_76704847_76710661	nrna
A00839:75:H7MFFDSXY:3:1562:23321:19899	chr9	76705292	76705441	True	-314	150M	255	0	25	0.8792267441749573	ambig_opp_strand	unspliced	22928	26	RIGEL_NRNA_chr9_1_76704847_76710661		RIGEL_NRNA_chr9_1_76704847_76710661	nrna
A00839:75:H7MFFDSXY:3:2535:12048:6668	chr9	76706807	76706954	False	357	148M2S	255	0	3	0.6766101121902466	ambig_opp_strand	unspliced	22928	19	ENST00000426088.5	PRUNE2	ENSG00000106772.19	mrna
A00839:75:H7MFFDSXY:3:1330:30563:33160	chr9	76706697	76706846	False	392	150M	255	0	3	0.6250693202018738	ambig_opp_strand	unspliced	22928	19	ENST00000426088.5	PRUNE2	ENSG00000106772.19	mrna
A00839:75:H7MFFDSXY:3:1642:14823:7435	chr9	76705185	76705334	True	-394	150M	255	0	5	0.5717248320579529	ambig_opp_strand	unspliced	-1	22	.	.	.	mrna
A00839:75:H7MFFDSXY:3:2662:8956:20290	chr9	76709981	76710130	False	358	150M	255	0	3	0.3111596703529358	ambig_opp_strand	unspliced	22928	17	ENST00000376718.8	PRUNE2	ENSG00000106772.19	mrna
A00839:75:H7MFFDSXY:3:2113:13675:3787	chr9	76706846	76706995	False	352	150M	255	1	3	0.10133820027112961	ambig_opp_strand	unspliced	22928	19	ENST00000376718.8	PRUNE2	ENSG00000106772.19	mrna
A00839:75:H7MFFDSXY:3:1307:12563:16830	chr9	76703318	76703467	False	327	150M	255	2	5	0.9711011648178101	ambig_opp_strand	unspliced	-1	12	.	.	.	mrna
A00839:75:H7MFFDSXY:3:1248:25491:17550	chr9	76704866	76705015	False	355	150M	255	0	3	0.6773596405982971	ambig_opp_strand	unspliced	22928	22	ENST00000426088.5	PRUNE2	ENSG00000106772.19	mrna
A00839:75:H7MFFDSXY:3:1234:21884:23985	chr9	76706230	76706379	True	-450	150M	255	1	25	0.39136260747909546	ambig_opp_strand	unspliced	22928	19	RIGEL_NRNA_chr9_1_76704847_76710661		RIGEL_NRNA_chr9_1_76704847_76710661	nrna
A00839:75:H7MFFDSXY:3:2147:6063:24361	chr9	76706657	76706806	True	-185	150M	255	0	25	0.9646268486976624	ambig_opp_strand	unspliced	22928	19	RIGEL_NRNA_chr9_1_76704847_76710661		RIGEL_NRNA_chr9_1_76704847_76710661	nrna
A00839:75:H7MFFDSXY:3:2559:17146:22044	chr9	76706470	76706619	False	245	150M	255	1	3	0.20524969696998596	ambig_opp_strand	unspliced	22928	19	ENST00000428286.5	PRUNE2	ENSG00000106772.19	mrna
A00839:75:H7MFFDSXY:3:2276:16378:26725	chr9	76703388	76703552	True	-323	72M15D78M	255	16	5	0.8726528882980347	ambig_opp_strand	unspliced	-1	12	.	.	.	mrna
A00839:75:H7MFFDSXY:3:2566:26386:26083	chr9	76706155	76706304	True	-341	150M	255	0	25	0.8701373338699341	ambig_opp_strand	unspliced	22928	19	RIGEL_NRNA_chr9_1_76704847_76710661		RIGEL_NRNA_chr9_1_76704847_76710661	nrna
A00839:75:H7MFFDSXY:3:1355:4164:4695	chr9	76707006	76707155	True	-331	150M	255	1	25	0.9030070900917053	ambig_opp_strand	unspliced	22928	19	RIGEL_NRNA_chr9_1_76704847_76710661		RIGEL_NRNA_chr9_1_76704847_76710661	nrna
A00839:75:H7MFFDSXY:3:2538:26304:23813	chr9	76708083	76708232	False	343	150M	255	0	3	0.6819149851799011	ambig_opp_strand	unspliced	22928	19	ENST00000426088.5	PRUNE2	ENSG00000106772.19	mrna
A00839:75:H7MFFDSXY:3:1621:17589:20556	chr9	76709004	76709153	True	-477	150M	255	0	25	0.4250551164150238	ambig_opp_strand	unspliced	22928	19	RIGEL_NRNA_chr9_1_76704847_76710661		RIGEL_NRNA_chr9_1_76704847_76710661	nrna
A00839:75:H7MFFDSXY:3:1212:20735:27915	chr9	76705802	76705951	True	-243	150M	255	0	25	0.9657849073410034	ambig_opp_strand	unspliced	22928	19	RIGEL_NRNA_chr9_1_76704847_76710661		RIGEL_NRNA_chr9_1_76704847_76710661	nrna
A00839:75:H7MFFDSXY:3:1342:31647:12931	chr9	76707556	76707705	False	366	150M	255	0	3	0.6694652438163757	ambig_opp_strand	unspliced	22928	19	ENST00000426088.5	PRUNE2	ENSG00000106772.19	mrna
A00839:75:H7MFFDSXY:3:2215:12970:7889	chr9	76706199	76706348	False	349	150M	255	0	3	0.6798491477966309	ambig_opp_strand	unspliced	22928	19	ENST00000426088.5	PRUNE2	ENSG00000106772.19	mrna
A00839:75:H7MFFDSXY:3:1302:25265:24079	chr9	76708781	76708930	True	-382	150M	255	0	5	0.5213912725448608	ambig_opp_strand	unspliced	-1	19	.	.	.	mrna
A00839:75:H7MFFDSXY:3:1376:23945:13933	chr9	76706345	76706494	True	-365	150M	255	1	25	0.7131028175354004	ambig_opp_strand	unspliced	22928	19	RIGEL_NRNA_chr9_1_76704847_76710661		RIGEL_NRNA_chr9_1_76704847_76710661	nrna
A00839:75:H7MFFDSXY:3:2610:16197:23531	chr9	76705243	76705392	True	-384	150M	255	0	5	0.5126921534538269	ambig_opp_strand	unspliced	-1	22	.	.	.	mrna
A00839:75:H7MFFDSXY:3:2262:31530:36464	chr9	76709132	76709269	True	-222	88M12I50M	3	14	128	0.0	.	unknown	-1	0	.	.	.	mrna
A00839:75:H7MFFDSXY:3:2516:29514:12085	chr9	76705485	76705634	True	-260	150M	255	0	25	0.9628530740737915	ambig_opp_strand	unspliced	22928	19	RIGEL_NRNA_chr9_1_76704847_76710661		RIGEL_NRNA_chr9_1_76704847_76710661	nrna
A00839:75:H7MFFDSXY:3:2662:2139:35822	chr9	76708908	76709057	True	-380	150M	255	0	5	0.4752706289291382	ambig_opp_strand	unspliced	-1	19	.	.	.	mrna
A00839:75:H7MFFDSXY:3:1444:20302:34303	chr9	76707089	76707238	False	174	150M	255	1	3	0.6874939799308777	ambig_opp_strand	unspliced	22928	19	ENST00000426088.5	PRUNE2	ENSG00000106772.19	mrna
A00839:75:H7MFFDSXY:3:1446:14326:33599	chr9	76708572	76708721	False	358	150M	255	0	3	0.6757076382637024	ambig_opp_strand	unspliced	22928	19	ENST00000426088.5	PRUNE2	ENSG00000106772.19	mrna
A00839:75:H7MFFDSXY:3:2540:28501:12900	chr9	76709385	76709534	True	-369	150M	255	0	25	0.6614435911178589	ambig_opp_strand	unspliced	22928	19	RIGEL_NRNA_chr9_1_76704847_76710661		RIGEL_NRNA_chr9_1_76704847_76710661	nrna
A00839:75:H7MFFDSXY:3:2454:6198:3082	chr9	76704936	76705085	False	179	150M	255	0	3	0.6875272989273071	ambig_opp_strand	unspliced	22928	22	ENST00000426088.5	PRUNE2	ENSG00000106772.19	mrna
A00839:75:H7MFFDSXY:3:1169:2754:8516	chr9	76706157	76706306	True	-298	150M	255	0	25	0.9473071098327637	ambig_opp_strand	unspliced	22928	19	RIGEL_NRNA_chr9_1_76704847_76710661		RIGEL_NRNA_chr9_1_76704847_76710661	nrna
A00839:75:H7MFFDSXY:3:2629:11975:4257	chr9	76705774	76705923	False	281	150M	255	0	3	0.10258182883262634	ambig_opp_strand	unspliced	22928	19	ENST00000376718.8	PRUNE2	ENSG00000106772.19	mrna
A00839:75:H7MFFDSXY:3:1554:30445:24784	chr9	76706821	76706970	False	262	150M	255	1	3	0.6874751448631287	ambig_opp_strand	unspliced	22928	19	ENST00000426088.5	PRUNE2	ENSG00000106772.19	mrna
A00839:75:H7MFFDSXY:3:2170:2094:29700	chr9	76707866	76708015	False	296	150M	255	0	3	0.6867819428443909	ambig_opp_strand	unspliced	22928	19	ENST00000426088.5	PRUNE2	ENSG00000106772.19	mrna
A00839:75:H7MFFDSXY:3:2313:19199:34554	chr9	76706069	76706218	False	294	150M	255	0	3	0.6868479251861572	ambig_opp_strand	unspliced	22928	19	ENST00000426088.5	PRUNE2	ENSG00000106772.19	mrna
A00839:75:H7MFFDSXY:3:2469:10637:11929	chr9	76705665	76705814	False	156	150M	255	3	3	0.6871441602706909	ambig_opp_strand	unspliced	22928	19	ENST00000426088.5	PRUNE2	ENSG00000106772.19	mrna
A00839:75:H7MFFDSXY:3:2119:3549:21355	chr9	76705855	76706004	False	401	150M	255	0	3	0.6244333386421204	ambig_opp_strand	unspliced	22928	19	ENST00000426088.5	PRUNE2	ENSG00000106772.19	mrna
A00839:75:H7MFFDSXY:3:1244:29604:31532	chr9	76708830	76708979	True	-224	150M	255	0	25	0.9667920470237732	ambig_opp_strand	unspliced	22928	19	RIGEL_NRNA_chr9_1_76704847_76710661		RIGEL_NRNA_chr9_1_76704847_76710661	nrna
A00839:75:H7MFFDSXY:3:2265:6668:27508	chr9	76703235	76703384	False	230	150M	255	0	5	0.8516446352005005	ambig_opp_strand	unspliced	-1	12	.	.	.	mrna
A00839:75:H7MFFDSXY:3:2448:25165:19899	chr9	76705004	76705153	False	353	150M	255	0	3	0.6781972050666809	ambig_opp_strand	unspliced	22928	22	ENST00000426088.5	PRUNE2	ENSG00000106772.19	mrna
A00839:75:H7MFFDSXY:3:1374:4300:34929	chr9	76706572	76706721	False	361	150M	255	0	3	0.10064764320850372	ambig_opp_strand	unspliced	22928	19	ENST00000376718.8	PRUNE2	ENSG00000106772.19	mrna
A00839:75:H7MFFDSXY:3:2414:8431:10457	chr9	76705227	76705376	False	277	150M	255	0	3	0.6872356534004211	ambig_opp_strand	unspliced	22928	26	ENST00000426088.5	PRUNE2	ENSG00000106772.19	mrna
A00839:75:H7MFFDSXY:3:1506:28980:5838	chr9	76706827	76706976	False	325	150M	255	1	3	0.10225754231214523	ambig_opp_strand	unspliced	22928	19	ENST00000376718.8	PRUNE2	ENSG00000106772.19	mrna
A00839:75:H7MFFDSXY:3:2220:12066:20259	chr9	76705252	76705401	False	322	150M	255	0	3	0.10229822248220444	ambig_opp_strand	unspliced	22928	19	ENST00000376718.8	PRUNE2	ENSG00000106772.19	mrna
A00839:75:H7MFFDSXY:3:2161:30879:36401	chr9	76703386	76703550	True	-338	74M15D76M	255	15	5	0.918039858341217	ambig_opp_strand	unspliced	-1	12	.	.	.	mrna
A00839:75:H7MFFDSXY:3:1346:8232:32722	chr9	76706714	76706863	True	-360	150M	255	0	25	0.7585858702659607	ambig_opp_strand	unspliced	22928	19	RIGEL_NRNA_chr9_1_76704847_76710661		RIGEL_NRNA_chr9_1_76704847_76710661	nrna
A00839:75:H7MFFDSXY:3:2560:2645:22701	chr9	76705021	76705170	False	301	150M	255	0	3	0.6865741014480591	ambig_opp_strand	unspliced	22928	22	ENST00000426088.5	PRUNE2	ENSG00000106772.19	mrna
A00839:75:H7MFFDSXY:3:2640:20473:33191	chr9	76705288	76705437	True	-187	150M	255	0	25	0.9093496799468994	ambig_opp_strand	unspliced	22928	26	RIGEL_NRNA_chr9_1_76704847_76710661		RIGEL_NRNA_chr9_1_76704847_76710661	nrna
A00839:75:H7MFFDSXY:3:1627:1298:15953	chr9	76704821	76704970	True	-257	150M	255	0	25	0.366196870803833	ambig_opp_strand	unspliced	22928	12	RIGEL_NRNA_chr9_1_76700179_76740086		RIGEL_NRNA_chr9_1_76700179_76740086	nrna
A00839:75:H7MFFDSXY:3:1308:20681:2895	chr9	76707149	76707298	True	-297	150M	255	1	25	0.9481046795845032	ambig_opp_strand	unspliced	22928	19	RIGEL_NRNA_chr9_1_76704847_76710661		RIGEL_NRNA_chr9_1_76704847_76710661	nrna
A00839:75:H7MFFDSXY:3:2106:30020:8453	chr9	76708940	76709089	False	298	150M	255	0	3	0.6867106556892395	ambig_opp_strand	unspliced	22928	19	ENST00000426088.5	PRUNE2	ENSG00000106772.19	mrna
A00839:75:H7MFFDSXY:3:1607:13205:20791	chr9	76709103	76709237	True	-350	135M15S	255	0	25	0.8259350061416626	ambig_opp_strand	unspliced	22928	19	RIGEL_NRNA_chr9_1_76704847_76710661		RIGEL_NRNA_chr9_1_76704847_76710661	nrna
A00839:75:H7MFFDSXY:3:2511:13349:27398	chr9	76706424	76706573	True	-364	150M	255	0	25	0.7201164364814758	ambig_opp_strand	unspliced	22928	19	RIGEL_NRNA_chr9_1_76704847_76710661		RIGEL_NRNA_chr9_1_76704847_76710661	nrna
A00839:75:H7MFFDSXY:3:1678:8458:11193	chr9	76708832	76708981	False	439	150M	255	0	3	0.6205116510391235	ambig_opp_strand	unspliced	22928	19	ENST00000426088.5	PRUNE2	ENSG00000106772.19	mrna
A00839:75:H7MFFDSXY:3:1126:9869:3176	chr9	76703901	76704050	False	167	150M	255	1	3	0.10261981189250946	ambig_opp_strand	unspliced	22928	12	ENST00000376718.8	PRUNE2	ENSG00000106772.19	mrna
A00839:75:H7MFFDSXY:3:2421:25427:10081	chr9	76707998	76708147	True	-305	150M	255	0	25	0.9414353370666504	ambig_opp_strand	unspliced	22928	19	RIGEL_NRNA_chr9_1_76704847_76710661		RIGEL_NRNA_chr9_1_76704847_76710661	nrna
A00839:75:H7MFFDSXY:3:1145:4182:35383	chr9	76708887	76709036	False	324	150M	255	0	3	0.1022772416472435	ambig_opp_strand	unspliced	22928	19	ENST00000376718.8	PRUNE2	ENSG00000106772.19	mrna
A00839:75:H7MFFDSXY:3:1305:1461:29543	chr9	76705680	76705829	False	267	150M	255	1	3	0.20517940819263458	ambig_opp_strand	unspliced	22928	19	ENST00000428286.5	PRUNE2	ENSG00000106772.19	mrna
A00839:75:H7MFFDSXY:3:2276:22715:23109	chr9	76709887	76710036	True	-249	150M	255	0	25	0.9651727676391602	ambig_opp_strand	unspliced	22928	19	RIGEL_NRNA_chr9_1_76704847_76710661		RIGEL_NRNA_chr9_1_76704847_76710661	nrna
A00839:75:H7MFFDSXY:3:1227:30427:4554	chr9	76706087	76706236	True	-287	150M	255	0	25	0.9538480639457703	ambig_opp_strand	unspliced	22928	19	RIGEL_NRNA_chr9_1_76704847_76710661		RIGEL_NRNA_chr9_1_76704847_76710661	nrna
A00839:75:H7MFFDSXY:3:2356:21151:16642	chr9	76708449	76708598	False	293	150M	255	0	3	0.6868870258331299	ambig_opp_strand	unspliced	22928	19	ENST00000426088.5	PRUNE2	ENSG00000106772.19	mrna
A00839:75:H7MFFDSXY:3:2246:20392:26819	chr9	76708716	76708865	True	-320	150M	255	0	25	0.9231412410736084	ambig_opp_strand	unspliced	22928	19	RIGEL_NRNA_chr9_1_76704847_76710661		RIGEL_NRNA_chr9_1_76704847_76710661	nrna
A00839:75:H7MFFDSXY:3:1360:9607:7983	chr9	76705918	76706067	False	295	150M	255	0	3	0.20500260591506958	ambig_opp_strand	unspliced	22928	19	ENST00000428286.5	PRUNE2	ENSG00000106772.19	mrna
A00839:75:H7MFFDSXY:3:2670:18656:11663	chr9	76703398	76703562	False	351	62M15D88M	255	16	3	0.6792727112770081	ambig_opp_strand	unspliced	22928	12	ENST00000426088.5	PRUNE2	ENSG00000106772.19	mrna
A00839:75:H7MFFDSXY:3:2334:17698:29450	chr9	76703637	76703786	True	-439	150M	255	1	5	0.987191915512085	ambig_opp_strand	unspliced	-1	12	.	.	.	mrna
A00839:75:H7MFFDSXY:3:2440:21585:25567	chr9	76705810	76705959	True	-208	150M	255	0	25	0.9667582511901855	ambig_opp_strand	unspliced	22928	19	RIGEL_NRNA_chr9_1_76704847_76710661		RIGEL_NRNA_chr9_1_76704847_76710661	nrna
A00839:75:H7MFFDSXY:3:2307:21938:5854	chr9	76707510	76707659	True	-291	150M	255	0	25	0.9519134759902954	ambig_opp_strand	unspliced	22928	19	RIGEL_NRNA_chr9_1_76704847_76710661		RIGEL_NRNA_chr9_1_76704847_76710661	nrna
A00839:75:H7MFFDSXY:3:2240:13684:22060	chr9	76707325	76707474	True	-365	150M	255	0	25	0.7131028175354004	ambig_opp_strand	unspliced	22928	19	RIGEL_NRNA_chr9_1_76704847_76710661		RIGEL_NRNA_chr9_1_76704847_76710661	nrna
A00839:75:H7MFFDSXY:3:1604:22064:10676	chr9	76709717	76709866	False	338	150M	255	1	3	0.6831952333450317	ambig_opp_strand	unspliced	22928	19	ENST00000426088.5	PRUNE2	ENSG00000106772.19	mrna
A00839:75:H7MFFDSXY:3:2474:30300:7811	chr9	76706653	76706802	True	-215	150M	255	0	25	0.9669297337532043	ambig_opp_strand	unspliced	22928	19	RIGEL_NRNA_chr9_1_76704847_76710661		RIGEL_NRNA_chr9_1_76704847_76710661	nrna
A00839:75:H7MFFDSXY:3:1517:29658:17534	chr9	76709268	76709417	False	390	150M	255	0	3	0.6305058002471924	ambig_opp_strand	unspliced	22928	19	ENST00000426088.5	PRUNE2	ENSG00000106772.19	mrna
A00839:75:H7MFFDSXY:3:2132:5104:14340	chr9	76707018	76707167	True	-270	150M	255	1	25	0.9601799249649048	ambig_opp_strand	unspliced	22928	19	RIGEL_NRNA_chr9_1_76704847_76710661		RIGEL_NRNA_chr9_1_76704847_76710661	nrna
A00839:75:H7MFFDSXY:3:1449:1136:15452	chr9	76709719	76709868	False	310	150M	255	1	3	0.6861334443092346	ambig_opp_strand	unspliced	22928	19	ENST00000426088.5	PRUNE2	ENSG00000106772.19	mrna
A00839:75:H7MFFDSXY:3:1171:29017:15984	chr9	76708817	76708966	True	-486	150M	255	0	25	0.3787500560283661	ambig_opp_strand	unspliced	22928	19	RIGEL_NRNA_chr9_1_76704847_76710661		RIGEL_NRNA_chr9_1_76704847_76710661	nrna
A00839:75:H7MFFDSXY:3:1558:31340:21919	chr9	76703646	76703795	True	-474	150M	255	1	5	0.9937717914581299	ambig_opp_strand	unspliced	-1	12	.	.	.	mrna
A00839:75:H7MFFDSXY:3:1666:12563:30138	chr9	76705231	76705380	False	341	150M	255	0	3	0.6824187636375427	ambig_opp_strand	unspliced	22928	19	ENST00000426088.5	PRUNE2	ENSG00000106772.19	mrna
A00839:75:H7MFFDSXY:3:1401:4996:13463	chr9	76709102	76709237	True	-247	136M14S	255	0	25	0.9654025435447693	ambig_opp_strand	unspliced	22928	19	RIGEL_NRNA_chr9_1_76704847_76710661		RIGEL_NRNA_chr9_1_76704847_76710661	nrna
A00839:75:H7MFFDSXY:3:2354:21160:17942	chr9	76708692	76708841	False	287	150M	255	0	3	0.6870447397232056	ambig_opp_strand	unspliced	22928	19	ENST00000426088.5	PRUNE2	ENSG00000106772.19	mrna
A00839:75:H7MFFDSXY:3:1432:7826:5682	chr9	76705195	76705344	False	401	150M	255	0	3	0.09321717917919159	ambig_opp_strand	unspliced	22928	19	ENST00000376718.8	PRUNE2	ENSG00000106772.19	mrna
A00839:75:H7MFFDSXY:3:1436:7193:23218	chr9	76708819	76708968	True	-215	150M	255	0	25	0.9669297337532043	ambig_opp_strand	unspliced	22928	19	RIGEL_NRNA_chr9_1_76704847_76710661		RIGEL_NRNA_chr9_1_76704847_76710661	nrna
A00839:75:H7MFFDSXY:3:1421:29550:19100	chr9	76707875	76708024	False	217	150M	255	0	3	0.6877010464668274	ambig_opp_strand	unspliced	22928	19	ENST00000426088.5	PRUNE2	ENSG00000106772.19	mrna
A00839:75:H7MFFDSXY:3:2545:2980:8030	chr9	76709507	76709656	True	-158	150M	255	0	25	0.9566044211387634	ambig_opp_strand	unspliced	22928	19	RIGEL_NRNA_chr9_1_76704847_76710661		RIGEL_NRNA_chr9_1_76704847_76710661	nrna
A00839:75:H7MFFDSXY:3:1166:28465:22451	chr9	76708502	76708651	True	-265	150M	255	0	25	0.9614701867103577	ambig_opp_strand	unspliced	22928	19	RIGEL_NRNA_chr9_1_76704847_76710661		RIGEL_NRNA_chr9_1_76704847_76710661	nrna
A00839:75:H7MFFDSXY:3:1144:20781:8328	chr9	76708468	76708617	False	197	150M	255	1	3	0.6876515746116638	ambig_opp_strand	unspliced	22928	19	ENST00000426088.5	PRUNE2	ENSG00000106772.19	mrna
A00839:75:H7MFFDSXY:3:1655:13458:5196	chr9	76707705	76707854	True	-327	150M	255	2	25	0.9112501740455627	ambig_opp_strand	unspliced	22928	19	RIGEL_NRNA_chr9_1_76704847_76710661		RIGEL_NRNA_chr9_1_76704847_76710661	nrna
A00839:75:H7MFFDSXY:3:1252:23095:13902	chr9	76708965	76709114	False	273	150M	255	0	3	0.6873223185539246	ambig_opp_strand	unspliced	22928	19	ENST00000426088.5	PRUNE2	ENSG00000106772.19	mrna
A00839:75:H7MFFDSXY:3:2211:9236:2957	chr9	76707412	76707561	False	292	150M	255	0	3	0.20503446459770203	ambig_opp_strand	unspliced	22928	19	ENST00000428286.5	PRUNE2	ENSG00000106772.19	mrna
A00839:75:H7MFFDSXY:3:1119:17815:31563	chr9	76705944	76706093	True	-281	150M	255	0	25	0.9562086462974548	ambig_opp_strand	unspliced	22928	19	RIGEL_NRNA_chr9_1_76704847_76710661		RIGEL_NRNA_chr9_1_76704847_76710661	nrna
A00839:75:H7MFFDSXY:3:2256:21576:23202	chr9	76709091	76709237	False	317	147M3S	255	0	3	0.20466348528862	ambig_opp_strand	unspliced	22928	19	ENST00000428286.5	PRUNE2	ENSG00000106772.19	mrna
A00839:75:H7MFFDSXY:3:1646:2465:1344	chr9	76706884	76707033	False	343	150M	255	1	3	0.6819149851799011	ambig_opp_strand	unspliced	22928	19	ENST00000426088.5	PRUNE2	ENSG00000106772.19	mrna
A00839:75:H7MFFDSXY:3:1421:28800:2143	chr9	76705903	76706052	False	239	150M	255	0	3	0.6876654028892517	ambig_opp_strand	unspliced	22928	19	ENST00000426088.5	PRUNE2	ENSG00000106772.19	mrna
A00839:75:H7MFFDSXY:3:2445:26467:3333	chr9	76709121	76709237	False	285	117M33S	255	0	3	0.6870914697647095	ambig_opp_strand	unspliced	22928	19	ENST00000426088.5	PRUNE2	ENSG00000106772.19	mrna
A00839:75:H7MFFDSXY:3:1404:15564:24377	chr9	76705385	76705534	True	-421	150M	255	0	5	0.616125226020813	ambig_opp_strand	unspliced	-1	26	.	.	.	mrna
A00839:75:H7MFFDSXY:3:1631:26928:27179	chr9	76706089	76706238	False	368	150M	255	0	3	0.667674720287323	ambig_opp_strand	unspliced	22928	19	ENST00000426088.5	PRUNE2	ENSG00000106772.19	mrna
A00839:75:H7MFFDSXY:3:1655:26304:3552	chr9	76707732	76707881	False	437	150M	255	2	3	0.6201856732368469	ambig_opp_strand	unspliced	22928	19	ENST00000426088.5	PRUNE2	ENSG00000106772.19	mrna
A00839:75:H7MFFDSXY:3:2160:13639:31845	chr9	76706370	76706519	False	205	150M	255	0	3	0.68767911195755	ambig_opp_strand	unspliced	22928	19	ENST00000426088.5	PRUNE2	ENSG00000106772.19	mrna
A00839:75:H7MFFDSXY:3:2143:15139:11490	chr9	76707120	76707269	False	538	150M	255	1	3	0.09565967321395874	ambig_opp_strand	unspliced	22928	19	ENST00000376718.8	PRUNE2	ENSG00000106772.19	mrna
A00839:75:H7MFFDSXY:3:1661:28085:36448	chr9	76703517	76703666	True	-281	150M	255	1	3	0.1688256859779358	ambig_opp_strand	unspliced	22928	12	ENST00000426088.5	PRUNE2	ENSG00000106772.19	mrna
A00839:75:H7MFFDSXY:3:1452:23032:9878	chr9	76707589	76707738	False	226	150M	255	0	3	0.6876923441886902	ambig_opp_strand	unspliced	22928	19	ENST00000426088.5	PRUNE2	ENSG00000106772.19	mrna
A00839:75:H7MFFDSXY:3:1211:18322:8484	chr9	76708899	76709048	True	-263	150M	255	0	25	0.9622918367385864	ambig_opp_strand	unspliced	22928	19	RIGEL_NRNA_chr9_1_76704847_76710661		RIGEL_NRNA_chr9_1_76704847_76710661	nrna
A00839:75:H7MFFDSXY:3:2178:32461:31845	chr9	76708611	76708760	False	288	150M	255	0	3	0.6870324611663818	ambig_opp_strand	unspliced	22928	19	ENST00000426088.5	PRUNE2	ENSG00000106772.19	mrna
A00839:75:H7MFFDSXY:3:1446:24135:29951	chr9	76708565	76708714	True	-357	150M	255	0	25	0.7825691103935242	ambig_opp_strand	unspliced	22928	19	RIGEL_NRNA_chr9_1_76704847_76710661		RIGEL_NRNA_chr9_1_76704847_76710661	nrna
A00839:75:H7MFFDSXY:3:1465:7952:26068	chr9	76708680	76708829	False	297	150M	255	0	3	0.6867516040802002	ambig_opp_strand	unspliced	22928	19	ENST00000426088.5	PRUNE2	ENSG00000106772.19	mrna
A00839:75:H7MFFDSXY:3:1367:31882:36479	chr9	76708101	76708250	True	-347	150M	255	0	25	0.8419111371040344	ambig_opp_strand	unspliced	22928	19	RIGEL_NRNA_chr9_1_76704847_76710661		RIGEL_NRNA_chr9_1_76704847_76710661	nrna
A00839:75:H7MFFDSXY:3:2168:14624:4617	chr9	76709100	76709237	True	-232	138M12S	255	0	25	0.9666115045547485	ambig_opp_strand	unspliced	22928	19	RIGEL_NRNA_chr9_1_76704847_76710661		RIGEL_NRNA_chr9_1_76704847_76710661	nrna
A00839:75:H7MFFDSXY:3:1443:11288:9549	chr9	76707585	76707734	True	-308	150M	255	0	25	0.9384443163871765	ambig_opp_strand	unspliced	22928	19	RIGEL_NRNA_chr9_1_76704847_76710661		RIGEL_NRNA_chr9_1_76704847_76710661	nrna
A00839:75:H7MFFDSXY:3:1324:10041:20353	chr9	76709977	76710126	True	-264	150M	255	0	25	0.9619561433792114	ambig_opp_strand	unspliced	22928	19	RIGEL_NRNA_chr9_1_76704847_76710661		RIGEL_NRNA_chr9_1_76704847_76710661	nrna
A00839:75:H7MFFDSXY:3:1353:1099:16172	chr9	76708485	76708634	True	-463	150M	255	0	25	0.38074901700019836	ambig_opp_strand	unspliced	22928	19	RIGEL_NRNA_chr9_1_76704847_76710661		RIGEL_NRNA_chr9_1_76704847_76710661	nrna
A00839:75:H7MFFDSXY:3:1512:23421:34381	chr9	76709901	76710050	False	345	150M	255	0	3	0.3193396031856537	ambig_opp_strand	unspliced	22928	17	ENST00000376718.8	PRUNE2	ENSG00000106772.19	mrna
A00839:75:H7MFFDSXY:3:1504:30671:33285	chr9	76707058	76707207	False	394	150M	255	1	3	0.6275359988212585	ambig_opp_strand	unspliced	22928	19	ENST00000426088.5	PRUNE2	ENSG00000106772.19	mrna
A00839:75:H7MFFDSXY:3:2236:3459:28995	chr9	76704660	76704809	False	423	150M	255	0	5	0.998612105846405	ambig_opp_strand	unspliced	-1	12	.	.	.	mrna
A00839:75:H7MFFDSXY:3:1520:5999:1673	chr9	76704039	76704188	True	-342	150M	255	2	25	0.06891898810863495	ambig_opp_strand	unspliced	22928	12	RIGEL_NRNA_chr9_1_76700179_76740086		RIGEL_NRNA_chr9_1_76700179_76740086	nrna
A00839:75:H7MFFDSXY:3:1320:14886:6042	chr9	76709644	76709793	False	307	150M	255	6	3	0.6862872838973999	ambig_opp_strand	unspliced	22928	19	ENST00000426088.5	PRUNE2	ENSG00000106772.19	mrna
A00839:75:H7MFFDSXY:3:2240:3622:8140	chr9	76705638	76705787	False	354	150M	255	1	3	0.6776471734046936	ambig_opp_strand	unspliced	22928	19	ENST00000426088.5	PRUNE2	ENSG00000106772.19	mrna
A00839:75:H7MFFDSXY:3:1450:24786:9189	chr9	76704830	76704972	True	-143	143M	255	0	3	0.4042588770389557	ambig_opp_strand	unspliced	22928	20	ENST00000643823.1	PCA3	ENSG00000225937.3	mrna
A00839:75:H7MFFDSXY:3:2623:7961:10394	chr9	76709173	76709310	True	-246	65M12I73M	255	13	25	0.9655701518058777	ambig_opp_strand	unspliced	22928	19	RIGEL_NRNA_chr9_1_76704847_76710661		RIGEL_NRNA_chr9_1_76704847_76710661	nrna
A00839:75:H7MFFDSXY:3:1313:13250:9220	chr9	76705840	76705989	False	369	150M	255	0	3	0.6662902235984802	ambig_opp_strand	unspliced	22928	19	ENST00000426088.5	PRUNE2	ENSG00000106772.19	mrna
A00839:75:H7MFFDSXY:3:1464:21007:2425	chr9	76705152	76705301	False	502	150M	255	0	3	0.6300957202911377	ambig_opp_strand	unspliced	22928	19	ENST00000426088.5	PRUNE2	ENSG00000106772.19	mrna
A00839:75:H7MFFDSXY:3:2626:24722:30624	chr9	76705502	76705651	True	-192	150M	255	0	25	0.9652768969535828	ambig_opp_strand	unspliced	22928	19	RIGEL_NRNA_chr9_1_76704847_76710661		RIGEL_NRNA_chr9_1_76704847_76710661	nrna
A00839:75:H7MFFDSXY:3:2459:1262:4993	chr9	76706395	76706544	True	-380	150M	255	0	5	0.4752706289291382	ambig_opp_strand	unspliced	-1	19	.	.	.	mrna
A00839:75:H7MFFDSXY:3:1626:21016:5102	chr9	76706386	76706535	False	387	150M	255	0	3	0.09438267350196838	ambig_opp_strand	unspliced	22928	19	ENST00000376718.8	PRUNE2	ENSG00000106772.19	mrna
A00839:75:H7MFFDSXY:3:1638:29170:2754	chr9	76707837	76707986	False	371	150M	255	0	3	0.6625149250030518	ambig_opp_strand	unspliced	22928	19	ENST00000426088.5	PRUNE2	ENSG00000106772.19	mrna
A00839:75:H7MFFDSXY:3:1351:30888:12023	chr9	76705266	76705415	False	369	150M	255	0	3	0.6662902235984802	ambig_opp_strand	unspliced	22928	19	ENST00000426088.5	PRUNE2	ENSG00000106772.19	mrna
A00839:75:H7MFFDSXY:3:2247:13738:4366	chr9	76707063	76707212	False	218	150M	255	1	3	0.20526684820652008	ambig_opp_strand	unspliced	22928	19	ENST00000428286.5	PRUNE2	ENSG00000106772.19	mrna
A00839:75:H7MFFDSXY:3:2310:21730:18615	chr9	76705456	76705605	True	-192	150M	255	0	25	0.9652768969535828	ambig_opp_strand	unspliced	22928	19	RIGEL_NRNA_chr9_1_76704847_76710661		RIGEL_NRNA_chr9_1_76704847_76710661	nrna
A00839:75:H7MFFDSXY:3:1428:6632:26130	chr9	76705254	76705403	True	-288	150M	255	0	25	0.8993408679962158	ambig_opp_strand	unspliced	22928	26	RIGEL_NRNA_chr9_1_76704847_76710661		RIGEL_NRNA_chr9_1_76704847_76710661	nrna
A00839:75:H7MFFDSXY:3:2239:3296:4695	chr9	76708355	76708504	False	343	150M	255	0	3	0.6819149851799011	ambig_opp_strand	unspliced	22928	19	ENST00000426088.5	PRUNE2	ENSG00000106772.19	mrna
A00839:75:H7MFFDSXY:3:2165:12707:36495	chr9	76706950	76707098	True	-316	1S149M	255	1	25	0.9289258122444153	ambig_opp_strand	unspliced	22928	19	RIGEL_NRNA_chr9_1_76704847_76710661		RIGEL_NRNA_chr9_1_76704847_76710661	nrna
A00839:75:H7MFFDSXY:3:1530:21296:18740	chr9	76707855	76708004	False	223	150M	255	0	3	0.6877014636993408	ambig_opp_strand	unspliced	22928	19	ENST00000426088.5	PRUNE2	ENSG00000106772.19	mrna
A00839:75:H7MFFDSXY:3:1439:32371:24392	chr9	76707000	76707149	False	447	150M	255	0	3	0.622384786605835	ambig_opp_strand	unspliced	22928	19	ENST00000426088.5	PRUNE2	ENSG00000106772.19	mrna
A00839:75:H7MFFDSXY:3:2312:29080:35603	chr9	76709072	76709221	False	232	150M	255	0	3	0.6876845359802246	ambig_opp_strand	unspliced	22928	19	ENST00000426088.5	PRUNE2	ENSG00000106772.19	mrna
A00839:75:H7MFFDSXY:3:1617:2401:18552	chr9	76706177	76706326	False	411	150M	255	0	3	0.18333370983600616	ambig_opp_strand	unspliced	22928	19	ENST00000428286.5	PRUNE2	ENSG00000106772.19	mrna
A00839:75:H7MFFDSXY:3:2241:6442:22263	chr9	76703887	76704036	True	-411	150M	255	1	5	0.9883856177330017	ambig_opp_strand	unspliced	-1	12	.	.	.	mrna
A00839:75:H7MFFDSXY:3:1663:14479:5181	chr9	76709236	76709385	False	236	150M	255	1	3	0.6876722574234009	ambig_opp_strand	unspliced	22928	19	ENST00000426088.5	PRUNE2	ENSG00000106772.19	mrna
A00839:75:H7MFFDSXY:3:1122:1796:32252	chr9	76706408	76706557	False	157	150M	255	0	3	0.6871610283851624	ambig_opp_strand	unspliced	22928	19	ENST00000426088.5	PRUNE2	ENSG00000106772.19	mrna
A00839:75:H7MFFDSXY:3:1142:9905:21151	chr9	76709562	76709711	False	250	150M	255	0	3	0.6876111626625061	ambig_opp_strand	unspliced	22928	19	ENST00000426088.5	PRUNE2	ENSG00000106772.19	mrna
A00839:75:H7MFFDSXY:3:2548:14136:9001	chr9	76708729	76708878	True	-423	150M	255	0	25	0.37746939063072205	ambig_opp_strand	unspliced	22928	19	RIGEL_NRNA_chr9_1_76704847_76710661		RIGEL_NRNA_chr9_1_76704847_76710661	nrna
A00839:75:H7MFFDSXY:3:1357:25328:18521	chr9	76706705	76706854	False	183	150M	255	0	3	0.6875614523887634	ambig_opp_strand	unspliced	22928	19	ENST00000426088.5	PRUNE2	ENSG00000106772.19	mrna
A00839:75:H7MFFDSXY:3:2137:9941:27226	chr9	76705749	76705898	False	160	150M	255	1	3	0.2051354944705963	ambig_opp_strand	unspliced	22928	19	ENST00000428286.5	PRUNE2	ENSG00000106772.19	mrna
A00839:75:H7MFFDSXY:3:1327:30680:25786	chr9	76704744	76704893	True	-297	150M	255	0	25	0.2225208431482315	ambig_opp_strand	unspliced	22928	12	RIGEL_NRNA_chr9_1_76700179_76740086		RIGEL_NRNA_chr9_1_76700179_76740086	nrna
A00839:75:H7MFFDSXY:3:2409:9579:25786	chr9	76703370	76703534	False	385	90M15D60M	255	15	5	0.07801855355501175	ambig_opp_strand	unspliced	-1	12	.	.	.	mrna
A00839:75:H7MFFDSXY:3:2513:9344:31579	chr9	76707375	76707524	False	211	150M	255	0	3	0.6876890659332275	ambig_opp_strand	unspliced	22928	19	ENST00000426088.5	PRUNE2	ENSG00000106772.19	mrna
A00839:75:H7MFFDSXY:3:1336:5556:34507	chr9	76703165	76703314	False	491	150M	255	0	5	0.9984650015830994	ambig_opp_strand	unspliced	-1	12	.	.	.	mrna
A00839:75:H7MFFDSXY:3:1616:2311:14450	chr9	76706656	76706805	False	314	150M	255	0	3	0.2047189176082611	ambig_opp_strand	unspliced	22928	19	ENST00000428286.5	PRUNE2	ENSG00000106772.19	mrna
A00839:75:H7MFFDSXY:3:2562:18954:28463	chr9	76706879	76707028	False	290	150M	255	1	3	0.2050456553697586	ambig_opp_strand	unspliced	22928	19	ENST00000428286.5	PRUNE2	ENSG00000106772.19	mrna
A00839:75:H7MFFDSXY:3:2111:9055:23124	chr9	76709713	76709862	False	277	150M	255	1	3	0.6872378587722778	ambig_opp_strand	unspliced	22928	19	ENST00000426088.5	PRUNE2	ENSG00000106772.19	mrna
A00839:75:H7MFFDSXY:3:1140:23402:20165	chr9	76709451	76709600	False	317	150M	255	1	3	0.6856741309165955	ambig_opp_strand	unspliced	22928	19	ENST00000426088.5	PRUNE2	ENSG00000106772.19	mrna
A00839:75:H7MFFDSXY:3:2419:26594:35055	chr9	76705566	76705665	True	-100	100M	255	0	25	0.8811777830123901	ambig_opp_strand	unspliced	22928	19	RIGEL_NRNA_chr9_1_76704847_76710661		RIGEL_NRNA_chr9_1_76704847_76710661	nrna
A00839:75:H7MFFDSXY:3:2210:14931:4304	chr9	76707078	76707227	True	-246	150M	255	1	25	0.9655700922012329	ambig_opp_strand	unspliced	22928	19	RIGEL_NRNA_chr9_1_76704847_76710661		RIGEL_NRNA_chr9_1_76704847_76710661	nrna
A00839:75:H7MFFDSXY:3:1110:5231:5008	chr9	76707858	76708007	True	-181	150M	255	0	25	0.9636655449867249	ambig_opp_strand	unspliced	22928	19	RIGEL_NRNA_chr9_1_76704847_76710661		RIGEL_NRNA_chr9_1_76704847_76710661	nrna
A00839:75:H7MFFDSXY:3:1431:26006:9799	chr9	76705451	76705594	False	391	33M1D110M7S	255	11	3	0.620851457118988	ambig_opp_strand	unspliced	22928	19	ENST00000426088.5	PRUNE2	ENSG00000106772.19	mrna
A00839:75:H7MFFDSXY:3:2378:7220:21167	chr9	76705783	76705932	True	-162	150M	255	0	25	0.9589009284973145	ambig_opp_strand	unspliced	22928	19	RIGEL_NRNA_chr9_1_76704847_76710661		RIGEL_NRNA_chr9_1_76704847_76710661	nrna
A00839:75:H7MFFDSXY:3:1663:28339:30686	chr9	76707957	76708106	True	-175	150M	255	0	25	0.9627386331558228	ambig_opp_strand	unspliced	22928	19	RIGEL_NRNA_chr9_1_76704847_76710661		RIGEL_NRNA_chr9_1_76704847_76710661	nrna
A00839:75:H7MFFDSXY:3:2129:29215:25066	chr9	76709666	76709815	True	-486	150M	255	0	5	0.6131564378738403	ambig_opp_strand	unspliced	-1	19	.	.	.	mrna
A00839:75:H7MFFDSXY:3:2135:29134:26772	chr9	76707623	76707772	False	454	150M	255	1	3	0.6222772598266602	ambig_opp_strand	unspliced	22928	19	ENST00000426088.5	PRUNE2	ENSG00000106772.19	mrna
A00839:75:H7MFFDSXY:3:2665:30499:17456	chr9	76707989	76708138	True	-199	150M	255	0	25	0.9660926461219788	ambig_opp_strand	unspliced	22928	19	RIGEL_NRNA_chr9_1_76704847_76710661		RIGEL_NRNA_chr9_1_76704847_76710661	nrna
A00839:75:H7MFFDSXY:3:2525:7256:30436	chr9	76706053	76706202	False	256	150M	255	0	3	0.6875466108322144	ambig_opp_strand	unspliced	22928	19	ENST00000426088.5	PRUNE2	ENSG00000106772.19	mrna
A00839:75:H7MFFDSXY:3:2261:30110:31908	chr9	76708583	76708732	False	424	150M	255	0	5	0.09642402082681656	ambig_opp_strand	unspliced	-1	19	.	.	.	mrna
A00839:75:H7MFFDSXY:3:1672:2636:23281	chr9	76707760	76707909	False	254	150M	255	1	3	0.6875668168067932	ambig_opp_strand	unspliced	22928	19	ENST00000426088.5	PRUNE2	ENSG00000106772.19	mrna
A00839:75:H7MFFDSXY:3:2267:18530:12665	chr9	76705278	76705427	True	-381	150M	255	0	25	0.49222034215927124	ambig_opp_strand	unspliced	22928	22	RIGEL_NRNA_chr9_1_76704847_76710661		RIGEL_NRNA_chr9_1_76704847_76710661	nrna
A00839:75:H7MFFDSXY:3:2140:3757:19335	chr9	76706809	76706958	False	493	150M	255	1	3	0.6261826753616333	ambig_opp_strand	unspliced	22928	19	ENST00000426088.5	PRUNE2	ENSG00000106772.19	mrna
A00839:75:H7MFFDSXY:3:2555:29731:18098	chr9	76705706	76705855	True	-269	150M	255	1	25	0.9603919982910156	ambig_opp_strand	unspliced	22928	19	RIGEL_NRNA_chr9_1_76704847_76710661		RIGEL_NRNA_chr9_1_76704847_76710661	nrna
A00839:75:H7MFFDSXY:3:1213:28772:20228	chr9	76706165	76706314	False	272	150M	255	0	3	0.6873318552970886	ambig_opp_strand	unspliced	22928	19	ENST00000426088.5	PRUNE2	ENSG00000106772.19	mrna
A00839:75:H7MFFDSXY:3:2335:10800:13275	chr9	76704857	76705006	False	214	150M	255	0	3	0.687690019607544	ambig_opp_strand	unspliced	22928	22	ENST00000426088.5	PRUNE2	ENSG00000106772.19	mrna
A00839:75:H7MFFDSXY:3:2429:15248:36198	chr9	76708199	76708348	False	239	150M	255	0	3	0.6876654028892517	ambig_opp_strand	unspliced	22928	19	ENST00000426088.5	PRUNE2	ENSG00000106772.19	mrna
A00839:75:H7MFFDSXY:3:1177:31855:32049	chr9	76706926	76707075	False	159	150M	255	2	3	0.20512598752975464	ambig_opp_strand	unspliced	22928	19	ENST00000428286.5	PRUNE2	ENSG00000106772.19	mrna
A00839:75:H7MFFDSXY:3:1478:9724:8375	chr9	76703705	76703854	True	-483	150M	255	1	5	0.985212504863739	ambig_opp_strand	unspliced	-1	12	.	.	.	mrna
A00839:75:H7MFFDSXY:3:1516:5891:3208	chr9	76709220	76709352	False	176	17S133M	255	1	3	0.6874883770942688	ambig_opp_strand	unspliced	22928	19	ENST00000426088.5	PRUNE2	ENSG00000106772.19	mrna
A00839:75:H7MFFDSXY:3:1361:13205:6198	chr9	76705790	76705939	True	-222	150M	255	0	25	0.9667351841926575	ambig_opp_strand	unspliced	22928	19	RIGEL_NRNA_chr9_1_76704847_76710661		RIGEL_NRNA_chr9_1_76704847_76710661	nrna
A00839:75:H7MFFDSXY:3:2457:27127:10332	chr9	76705781	76705930	True	-417	150M	255	0	25	0.36433541774749756	ambig_opp_strand	unspliced	22928	19	RIGEL_NRNA_chr9_1_76704847_76710661		RIGEL_NRNA_chr9_1_76704847_76710661	nrna
A00839:75:H7MFFDSXY:3:1656:30969:21433	chr9	76706057	76706206	True	-172	150M	255	1	25	0.9619454741477966	ambig_opp_strand	unspliced	22928	19	RIGEL_NRNA_chr9_1_76704847_76710661		RIGEL_NRNA_chr9_1_76704847_76710661	nrna
A00839:75:H7MFFDSXY:3:1376:28763:3364	chr9	76705116	76705265	True	-220	150M	255	0	25	0.9173453450202942	ambig_opp_strand	unspliced	22928	22	RIGEL_NRNA_chr9_1_76704847_76710661		RIGEL_NRNA_chr9_1_76704847_76710661	nrna
A00839:75:H7MFFDSXY:3:1353:4716:6370	chr9	76705213	76705362	True	-398	150M	255	0	5	0.5825178623199463	ambig_opp_strand	unspliced	-1	22	.	.	.	mrna
A00839:75:H7MFFDSXY:3:1140:24939:23891	chr9	76708599	76708748	False	315	150M	255	0	3	0.6858416199684143	ambig_opp_strand	unspliced	22928	19	ENST00000426088.5	PRUNE2	ENSG00000106772.19	mrna
A00839:75:H7MFFDSXY:3:1445:31638:24001	chr9	76707827	76707976	False	343	150M	255	0	3	0.6819149851799011	ambig_opp_strand	unspliced	22928	19	ENST00000426088.5	PRUNE2	ENSG00000106772.19	mrna
A00839:75:H7MFFDSXY:3:2222:11089:31093	chr9	76709973	76710122	False	337	150M	255	0	3	0.6441981196403503	ambig_opp_strand	unspliced	22928	17	ENST00000428286.5	PRUNE2	ENSG00000106772.19	mrna
A00839:75:H7MFFDSXY:3:2337:8947:2425	chr9	76708987	76709136	True	-304	150M	255	0	25	0.9421267509460449	ambig_opp_strand	unspliced	22928	19	RIGEL_NRNA_chr9_1_76704847_76710661		RIGEL_NRNA_chr9_1_76704847_76710661	nrna
A00839:75:H7MFFDSXY:3:2524:16541:3114	chr9	76709901	76710050	True	-230	150M	255	0	25	0.9667847156524658	ambig_opp_strand	unspliced	22928	19	RIGEL_NRNA_chr9_1_76704847_76710661		RIGEL_NRNA_chr9_1_76704847_76710661	nrna
A00839:75:H7MFFDSXY:3:1235:24560:12680	chr9	76706925	76707074	False	242	150M	255	1	3	0.10265502333641052	ambig_opp_strand	unspliced	22928	19	ENST00000376718.8	PRUNE2	ENSG00000106772.19	mrna
A00839:75:H7MFFDSXY:3:1456:31611:33348	chr9	76705468	76705617	False	388	150M	255	0	3	0.6285915970802307	ambig_opp_strand	unspliced	22928	19	ENST00000426088.5	PRUNE2	ENSG00000106772.19	mrna
A00839:75:H7MFFDSXY:3:1321:4996:12179	chr9	76704758	76704907	False	261	150M	255	0	5	0.5025651454925537	ambig_opp_strand	unspliced	-1	12	.	.	.	mrna
A00839:75:H7MFFDSXY:3:1509:3441:3568	chr9	76703141	76703290	False	327	150M	255	0	5	0.9711011648178101	ambig_opp_strand	unspliced	-1	12	.	.	.	mrna
A00839:75:H7MFFDSXY:3:2346:3468:7654	chr9	76703762	76703910	False	206	1S149M	255	0	3	0.6877130270004272	ambig_opp_strand	unspliced	22928	12	ENST00000426088.5	PRUNE2	ENSG00000106772.19	mrna
A00839:75:H7MFFDSXY:3:1433:16459:1908	chr9	76708975	76709124	True	-381	150M	255	0	25	0.5061178803443909	ambig_opp_strand	unspliced	22928	19	RIGEL_NRNA_chr9_1_76704847_76710661		RIGEL_NRNA_chr9_1_76704847_76710661	nrna
A00839:75:H7MFFDSXY:3:2165:12870:12320	chr9	76705454	76705603	True	-265	150M	255	0	25	0.9614701867103577	ambig_opp_strand	unspliced	22928	19	RIGEL_NRNA_chr9_1_76704847_76710661		RIGEL_NRNA_chr9_1_76704847_76710661	nrna
A00839:75:H7MFFDSXY:3:2125:21739:25363	chr9	76709343	76709492	True	-360	150M	3	0	128	0.0	.	unknown	-1	0	.	.	.	mrna
A00839:75:H7MFFDSXY:3:2527:11153:8312	chr9	76709264	76709411	True	-289	2S148M	255	0	25	0.9529128074645996	ambig_opp_strand	unspliced	22928	19	RIGEL_NRNA_chr9_1_76704847_76710661		RIGEL_NRNA_chr9_1_76704847_76710661	nrna
A00839:75:H7MFFDSXY:3:2149:31033:33035	chr9	76706632	76706781	True	-353	150M	255	0	25	0.8048650026321411	ambig_opp_strand	unspliced	22928	19	RIGEL_NRNA_chr9_1_76704847_76710661		RIGEL_NRNA_chr9_1_76704847_76710661	nrna
A00839:75:H7MFFDSXY:3:1426:7310:29747	chr9	76705868	76706017	False	262	150M	255	0	3	0.6874751448631287	ambig_opp_strand	unspliced	22928	19	ENST00000426088.5	PRUNE2	ENSG00000106772.19	mrna
A00839:75:H7MFFDSXY:3:1369:9824:2159	chr9	76705101	76705250	True	-313	150M	255	0	25	0.8865320086479187	ambig_opp_strand	unspliced	22928	22	RIGEL_NRNA_chr9_1_76704847_76710661		RIGEL_NRNA_chr9_1_76704847_76710661	nrna
A00839:75:H7MFFDSXY:3:2658:5448:9580	chr9	76706424	76706573	False	267	150M	255	0	3	0.687402606010437	ambig_opp_strand	unspliced	22928	19	ENST00000426088.5	PRUNE2	ENSG00000106772.19	mrna
A00839:75:H7MFFDSXY:3:2610:20130:12461	chr9	76705015	76705164	False	300	150M	255	0	3	0.2049425095319748	ambig_opp_strand	unspliced	22928	22	ENST00000428286.5	PRUNE2	ENSG00000106772.19	mrna
A00839:75:H7MFFDSXY:3:1473:26286:32957	chr9	76705950	76706099	True	-407	150M	255	0	5	0.5912123322486877	ambig_opp_strand	unspliced	-1	19	.	.	.	mrna
A00839:75:H7MFFDSXY:3:2145:5918:14841	chr9	76703393	76703557	False	314	67M15D83M	255	16	3	0.6858944296836853	ambig_opp_strand	unspliced	22928	12	ENST00000426088.5	PRUNE2	ENSG00000106772.19	mrna
A00839:75:H7MFFDSXY:3:1452:9751:1188	chr9	76707256	76707405	False	372	150M	255	0	3	0.09892335534095764	ambig_opp_strand	unspliced	22928	19	ENST00000376718.8	PRUNE2	ENSG00000106772.19	mrna
A00839:75:H7MFFDSXY:3:1539:13422:33974	chr9	76705199	76705348	True	-222	150M	255	0	25	0.9110091924667358	ambig_opp_strand	unspliced	22928	26	RIGEL_NRNA_chr9_1_76704847_76710661		RIGEL_NRNA_chr9_1_76704847_76710661	nrna
A00839:75:H7MFFDSXY:3:2318:27543:25551	chr9	76705103	76705252	False	156	150M	255	0	3	0.6871419548988342	ambig_opp_strand	unspliced	22928	26	ENST00000426088.5	PRUNE2	ENSG00000106772.19	mrna
A00839:75:H7MFFDSXY:3:1552:24966:23688	chr9	76707632	76707781	True	-243	150M	255	1	25	0.9657849073410034	ambig_opp_strand	unspliced	22928	19	RIGEL_NRNA_chr9_1_76704847_76710661		RIGEL_NRNA_chr9_1_76704847_76710661	nrna
A00839:75:H7MFFDSXY:3:2165:3794:28761	chr9	76708140	76708289	False	291	150M	255	0	3	0.6869463324546814	ambig_opp_strand	unspliced	22928	19	ENST00000426088.5	PRUNE2	ENSG00000106772.19	mrna
A00839:75:H7MFFDSXY:3:2214:23059:9048	chr9	76705637	76705786	True	-192	150M	255	1	25	0.9652768969535828	ambig_opp_strand	unspliced	22928	19	RIGEL_NRNA_chr9_1_76704847_76710661		RIGEL_NRNA_chr9_1_76704847_76710661	nrna
A00839:75:H7MFFDSXY:3:2518:17400:6511	chr9	76706974	76707123	False	355	150M	255	0	3	0.20218229293823242	ambig_opp_strand	unspliced	22928	19	ENST00000428286.5	PRUNE2	ENSG00000106772.19	mrna
A00839:75:H7MFFDSXY:3:1373:18430:22921	chr9	76709882	76710031	False	393	150M	255	0	3	0.4940911829471588	ambig_opp_strand	unspliced	22928	17	ENST00000428286.5	PRUNE2	ENSG00000106772.19	mrna
A00839:75:H7MFFDSXY:3:1211:14922:9079	chr9	76705272	76705421	False	444	150M	255	0	3	0.6210855841636658	ambig_opp_strand	unspliced	22928	19	ENST00000426088.5	PRUNE2	ENSG00000106772.19	mrna
A00839:75:H7MFFDSXY:3:1678:22263:32941	chr9	76709159	76709296	False	312	79M12I59M	255	13	3	0.685969889163971	ambig_opp_strand	unspliced	22928	19	ENST00000426088.5	PRUNE2	ENSG00000106772.19	mrna
A00839:75:H7MFFDSXY:3:2637:11189:8594	chr9	76705556	76705705	True	-524	150M	255	1	25	0.4194932281970978	ambig_opp_strand	unspliced	22928	19	RIGEL_NRNA_chr9_1_76704847_76710661		RIGEL_NRNA_chr9_1_76704847_76710661	nrna
A00839:75:H7MFFDSXY:3:1654:2573:13307	chr9	76707981	76708130	True	-369	150M	255	0	25	0.6614435911178589	ambig_opp_strand	unspliced	22928	19	RIGEL_NRNA_chr9_1_76704847_76710661		RIGEL_NRNA_chr9_1_76704847_76710661	nrna
A00839:75:H7MFFDSXY:3:2223:27507:14027	chr9	76705313	76705462	False	279	150M	255	0	3	0.20512233674526215	ambig_opp_strand	unspliced	22928	19	ENST00000428286.5	PRUNE2	ENSG00000106772.19	mrna
A00839:75:H7MFFDSXY:3:2306:28465:1376	chr9	76704959	76705108	False	410	150M	255	0	3	0.09323392063379288	ambig_opp_strand	unspliced	22928	22	ENST00000376718.8	PRUNE2	ENSG00000106772.19	mrna
A00839:75:H7MFFDSXY:3:2634:2338:25864	chr9	76708430	76708579	True	-325	150M	255	0	25	0.9149357676506042	ambig_opp_strand	unspliced	22928	19	RIGEL_NRNA_chr9_1_76704847_76710661		RIGEL_NRNA_chr9_1_76704847_76710661	nrna
A00839:75:H7MFFDSXY:3:2638:7292:36479	chr9	76709084	76709233	False	236	150M	255	0	3	0.6876722574234009	ambig_opp_strand	unspliced	22928	19	ENST00000426088.5	PRUNE2	ENSG00000106772.19	mrna
A00839:75:H7MFFDSXY:3:2240:23321:34773	chr9	76703475	76703607	True	-399	17S133M	255	1	5	0.9943300485610962	ambig_opp_strand	unspliced	-1	12	.	.	.	mrna
A00839:75:H7MFFDSXY:3:2278:12979:23187	chr9	76705433	76705582	True	-295	150M	255	0	25	0.9492495656013489	ambig_opp_strand	unspliced	22928	19	RIGEL_NRNA_chr9_1_76704847_76710661		RIGEL_NRNA_chr9_1_76704847_76710661	nrna
A00839:75:H7MFFDSXY:3:2263:11831:1094	chr9	76707477	76707626	False	263	150M	255	0	3	0.6874697804450989	ambig_opp_strand	unspliced	22928	19	ENST00000426088.5	PRUNE2	ENSG00000106772.19	mrna
A00839:75:H7MFFDSXY:3:2107:27805:24032	chr9	76706075	76706224	False	460	150M	255	0	5	0.09559309482574463	ambig_opp_strand	unspliced	-1	19	.	.	.	mrna
A00839:75:H7MFFDSXY:3:2614:4001:21136	chr9	76709321	76709470	True	-251	150M	255	0	25	0.9646784663200378	ambig_opp_strand	unspliced	22928	19	RIGEL_NRNA_chr9_1_76704847_76710661		RIGEL_NRNA_chr9_1_76704847_76710661	nrna
A00839:75:H7MFFDSXY:3:2418:32461:2347	chr9	76705167	76705316	False	278	150M	255	0	3	0.10259055346250534	ambig_opp_strand	unspliced	22928	26	ENST00000376718.8	PRUNE2	ENSG00000106772.19	mrna
A00839:75:H7MFFDSXY:3:1206:20473:33599	chr9	76707848	76707997	False	312	150M	255	0	3	0.685969889163971	ambig_opp_strand	unspliced	22928	19	ENST00000426088.5	PRUNE2	ENSG00000106772.19	mrna
A00839:75:H7MFFDSXY:3:1148:8377:14873	chr9	76708428	76708577	True	-322	150M	255	0	25	0.9199305176734924	ambig_opp_strand	unspliced	22928	19	RIGEL_NRNA_chr9_1_76704847_76710661		RIGEL_NRNA_chr9_1_76704847_76710661	nrna
A00839:75:H7MFFDSXY:3:2270:9308:33082	chr9	76708194	76708343	True	-264	150M	255	0	25	0.9619561433792114	ambig_opp_strand	unspliced	22928	19	RIGEL_NRNA_chr9_1_76704847_76710661		RIGEL_NRNA_chr9_1_76704847_76710661	nrna
A00839:75:H7MFFDSXY:3:1675:6768:33191	chr9	76706173	76706322	True	-355	150M	255	1	5	0.1900855451822281	ambig_opp_strand	unspliced	-1	19	.	.	.	mrna
A00839:75:H7MFFDSXY:3:1317:12264:2722	chr9	76709098	76709237	True	-326	140M10S	255	0	25	0.9126691222190857	ambig_opp_strand	unspliced	22928	19	RIGEL_NRNA_chr9_1_76704847_76710661		RIGEL_NRNA_chr9_1_76704847_76710661	nrna
A00839:75:H7MFFDSXY:3:2468:22083:2315	chr9	76707409	76707558	True	-258	150M	255	0	25	0.9633492827415466	ambig_opp_strand	unspliced	22928	19	RIGEL_NRNA_chr9_1_76704847_76710661		RIGEL_NRNA_chr9_1_76704847_76710661	nrna
A00839:75:H7MFFDSXY:3:1224:24650:25426	chr9	76708828	76708977	True	-341	150M	255	0	5	0.11126863211393356	ambig_opp_strand	unspliced	-1	19	.	.	.	mrna
A00839:75:H7MFFDSXY:3:2133:14895:34053	chr9	76706616	76706765	False	329	150M	255	2	3	0.6845665574073792	ambig_opp_strand	unspliced	22928	19	ENST00000426088.5	PRUNE2	ENSG00000106772.19	mrna
A00839:75:H7MFFDSXY:3:1507:32425:16658	chr9	76705557	76705706	False	424	150M	255	0	3	0.1856357455253601	ambig_opp_strand	unspliced	22928	19	ENST00000428286.5	PRUNE2	ENSG00000106772.19	mrna
A00839:75:H7MFFDSXY:3:1661:29342:2926	chr9	76707916	76708065	True	-335	150M	255	0	25	0.8909631967544556	ambig_opp_strand	unspliced	22928	19	RIGEL_NRNA_chr9_1_76704847_76710661		RIGEL_NRNA_chr9_1_76704847_76710661	nrna
A00839:75:H7MFFDSXY:3:2361:3323:22999	chr9	76706041	76706190	True	-157	150M	255	0	25	0.9561446309089661	ambig_opp_strand	unspliced	22928	19	RIGEL_NRNA_chr9_1_76704847_76710661		RIGEL_NRNA_chr9_1_76704847_76710661	nrna
A00839:75:H7MFFDSXY:3:1228:6705:14043	chr9	76708077	76708226	False	463	150M	255	0	3	0.6211645603179932	ambig_opp_strand	unspliced	22928	19	ENST00000426088.5	PRUNE2	ENSG00000106772.19	mrna
A00839:75:H7MFFDSXY:3:1273:23873:33473	chr9	76707024	76707173	False	375	150M	255	1	3	0.6573969125747681	ambig_opp_strand	unspliced	22928	19	ENST00000426088.5	PRUNE2	ENSG00000106772.19	mrna
A00839:75:H7MFFDSXY:3:2309:13847:20838	chr9	76708670	76708819	False	389	150M	255	0	3	0.6225248575210571	ambig_opp_strand	unspliced	22928	19	ENST00000426088.5	PRUNE2	ENSG00000106772.19	mrna
A00839:75:H7MFFDSXY:3:1330:4625:13322	chr9	76703774	76703923	True	-341	150M	255	0	5	0.8586605191230774	ambig_opp_strand	unspliced	-1	12	.	.	.	mrna
A00839:75:H7MFFDSXY:3:1642:32217:34303	chr9	76705203	76705352	False	384	150M	255	0	3	0.19088035821914673	ambig_opp_strand	unspliced	22928	19	ENST00000428286.5	PRUNE2	ENSG00000106772.19	mrna
A00839:75:H7MFFDSXY:3:1601:3803:9831	chr9	76706319	76706468	True	-256	150M	255	1	25	0.9638327956199646	ambig_opp_strand	unspliced	22928	19	RIGEL_NRNA_chr9_1_76704847_76710661		RIGEL_NRNA_chr9_1_76704847_76710661	nrna
A00839:75:H7MFFDSXY:3:2535:23529:2973	chr9	76704781	76704930	False	327	150M	255	0	3	0.6848235726356506	ambig_opp_strand	unspliced	22928	12	ENST00000426088.5	PRUNE2	ENSG00000106772.19	mrna
A00839:75:H7MFFDSXY:3:1102:14045:4805	chr9	76706520	76706669	False	220	150M	255	1	3	0.6876950263977051	ambig_opp_strand	unspliced	22928	19	ENST00000426088.5	PRUNE2	ENSG00000106772.19	mrna
A00839:75:H7MFFDSXY:3:1361:9995:6621	chr9	76706040	76706189	True	-241	150M	255	1	25	0.9660268425941467	ambig_opp_strand	unspliced	22928	19	RIGEL_NRNA_chr9_1_76704847_76710661		RIGEL_NRNA_chr9_1_76704847_76710661	nrna
A00839:75:H7MFFDSXY:3:1110:8260:33927	chr9	76705653	76705802	True	-333	150M	255	1	25	0.8970156908035278	ambig_opp_strand	unspliced	22928	19	RIGEL_NRNA_chr9_1_76704847_76710661		RIGEL_NRNA_chr9_1_76704847_76710661	nrna
A00839:75:H7MFFDSXY:3:2612:14850:35258	chr9	76709171	76709308	False	272	67M12I71M	255	13	3	0.2051582932472229	ambig_opp_strand	unspliced	22928	19	ENST00000428286.5	PRUNE2	ENSG00000106772.19	mrna
A00839:75:H7MFFDSXY:3:1130:8567:28635	chr9	76709568	76709717	False	216	150M	255	0	3	0.6876978278160095	ambig_opp_strand	unspliced	22928	19	ENST00000426088.5	PRUNE2	ENSG00000106772.19	mrna
A00839:75:H7MFFDSXY:3:1552:17119:24972	chr9	76705492	76705641	True	-332	150M	255	0	25	0.9001354575157166	ambig_opp_strand	unspliced	22928	19	RIGEL_NRNA_chr9_1_76704847_76710661		RIGEL_NRNA_chr9_1_76704847_76710661	nrna
A00839:75:H7MFFDSXY:3:1205:17463:32894	chr9	76709826	76709975	False	355	150M	255	0	3	0.6773615479469299	ambig_opp_strand	unspliced	22928	19	ENST00000426088.5	PRUNE2	ENSG00000106772.19	mrna
A00839:75:H7MFFDSXY:3:1526:25536:6825	chr9	76704901	76705050	True	-206	150M	255	0	3	0.5106192827224731	ambig_opp_strand	unspliced	22928	22	ENST00000643823.1	PCA3	ENSG00000225937.3	mrna
A00839:75:H7MFFDSXY:3:2319:17996:10708	chr9	76708704	76708853	False	423	150M	255	0	3	0.6203044056892395	ambig_opp_strand	unspliced	22928	19	ENST00000426088.5	PRUNE2	ENSG00000106772.19	mrna
A00839:75:H7MFFDSXY:3:1174:20229:3803	chr9	76707617	76707766	False	287	150M	255	1	3	0.6870447397232056	ambig_opp_strand	unspliced	22928	19	ENST00000426088.5	PRUNE2	ENSG00000106772.19	mrna
A00839:75:H7MFFDSXY:3:2406:19660:9987	chr9	76707336	76707485	False	227	150M	255	0	3	0.20526543259620667	ambig_opp_strand	unspliced	22928	19	ENST00000428286.5	PRUNE2	ENSG00000106772.19	mrna
A00839:75:H7MFFDSXY:3:1522:15546:24345	chr9	76709852	76710001	True	-436	150M	255	0	25	0.4051983058452606	ambig_opp_strand	unspliced	22928	19	RIGEL_NRNA_chr9_1_76704847_76710661		RIGEL_NRNA_chr9_1_76704847_76710661	nrna
A00839:75:H7MFFDSXY:3:2341:5457:23343	chr9	76705553	76705702	False	362	150M	255	0	5	0.022295596078038216	ambig_opp_strand	unspliced	-1	19	.	.	.	mrna
A00839:75:H7MFFDSXY:3:2250:19298:36166	chr9	76709468	76709617	True	-459	150M	255	0	25	0.38019973039627075	ambig_opp_strand	unspliced	22928	19	RIGEL_NRNA_chr9_1_76704847_76710661		RIGEL_NRNA_chr9_1_76704847_76710661	nrna
A00839:75:H7MFFDSXY:3:1355:31259:4147	chr9	76705586	76705735	False	389	150M	255	2	3	0.6225247979164124	ambig_opp_strand	unspliced	22928	19	ENST00000426088.5	PRUNE2	ENSG00000106772.19	mrna
A00839:75:H7MFFDSXY:3:1353:32127:12101	chr9	76705774	76705923	True	-196	150M	255	0	25	0.9659369587898254	ambig_opp_strand	unspliced	22928	19	RIGEL_NRNA_chr9_1_76704847_76710661		RIGEL_NRNA_chr9_1_76704847_76710661	nrna
A00839:75:H7MFFDSXY:3:1515:19352:18693	chr9	76706821	76706970	True	-272	150M	255	1	25	0.959537148475647	ambig_opp_strand	unspliced	22928	19	RIGEL_NRNA_chr9_1_76704847_76710661		RIGEL_NRNA_chr9_1_76704847_76710661	nrna
A00839:75:H7MFFDSXY:3:2564:32054:18396	chr9	76709487	76709636	True	-228	150M	255	1	25	0.9666654467582703	ambig_opp_strand	unspliced	22928	19	RIGEL_NRNA_chr9_1_76704847_76710661		RIGEL_NRNA_chr9_1_76704847_76710661	nrna
A00839:75:H7MFFDSXY:3:2376:24731:11068	chr9	76704795	76704895	False	101	101M	255	0	3	0.6836254000663757	ambig_opp_strand	unspliced	22928	14	ENST00000426088.5	PRUNE2	ENSG00000106772.19	mrna
A00839:75:H7MFFDSXY:3:1456:8901:1658	chr9	76709684	76709833	False	187	150M	255	1	3	0.6875979900360107	ambig_opp_strand	unspliced	22928	19	ENST00000426088.5	PRUNE2	ENSG00000106772.19	mrna
A00839:75:H7MFFDSXY:3:1224:31213:34131	chr9	76707854	76708003	True	-340	150M	255	0	25	0.8744586706161499	ambig_opp_strand	unspliced	22928	19	RIGEL_NRNA_chr9_1_76704847_76710661		RIGEL_NRNA_chr9_1_76704847_76710661	nrna
A00839:75:H7MFFDSXY:3:2620:22119:17691	chr9	76705877	76706026	True	-263	150M	255	0	25	0.9622918367385864	ambig_opp_strand	unspliced	22928	19	RIGEL_NRNA_chr9_1_76704847_76710661		RIGEL_NRNA_chr9_1_76704847_76710661	nrna
A00839:75:H7MFFDSXY:3:1669:11876:27539	chr9	76709817	76709966	False	288	150M	255	1	3	0.6870324611663818	ambig_opp_strand	unspliced	22928	19	ENST00000426088.5	PRUNE2	ENSG00000106772.19	mrna
A00839:75:H7MFFDSXY:3:2420:30047:13260	chr9	76705661	76705810	False	377	150M	255	1	3	0.19529582560062408	ambig_opp_strand	unspliced	22928	19	ENST00000428286.5	PRUNE2	ENSG00000106772.19	mrna
A00839:75:H7MFFDSXY:3:2529:26775:32236	chr9	76703814	76703963	True	-360	150M	255	0	5	0.9337925910949707	ambig_opp_strand	unspliced	-1	12	.	.	.	mrna
A00839:75:H7MFFDSXY:3:1158:31494:15984	chr9	76705766	76705915	False	306	150M	255	0	3	0.6863425374031067	ambig_opp_strand	unspliced	22928	19	ENST00000426088.5	PRUNE2	ENSG00000106772.19	mrna
A00839:75:H7MFFDSXY:3:2555:28890:8469	chr9	76707183	76707332	False	222	150M	255	0	3	0.6876906752586365	ambig_opp_strand	unspliced	22928	19	ENST00000426088.5	PRUNE2	ENSG00000106772.19	mrna
A00839:75:H7MFFDSXY:3:1252:2817:6527	chr9	76709614	76709763	True	-312	150M	255	0	25	0.9330980181694031	ambig_opp_strand	unspliced	22928	19	RIGEL_NRNA_chr9_1_76704847_76710661		RIGEL_NRNA_chr9_1_76704847_76710661	nrna
A00839:75:H7MFFDSXY:3:2201:23068:31704	chr9	76709880	76710029	False	323	150M	255	0	3	0.6851658821105957	ambig_opp_strand	unspliced	22928	19	ENST00000426088.5	PRUNE2	ENSG00000106772.19	mrna
A00839:75:H7MFFDSXY:3:1529:1371:12633	chr9	76709613	76709762	True	-364	150M	255	0	25	0.7201164364814758	ambig_opp_strand	unspliced	22928	19	RIGEL_NRNA_chr9_1_76704847_76710661		RIGEL_NRNA_chr9_1_76704847_76710661	nrna
A00839:75:H7MFFDSXY:3:1355:27001:1094	chr9	76705203	76705352	False	290	150M	255	0	3	0.20504499971866608	ambig_opp_strand	unspliced	22928	26	ENST00000428286.5	PRUNE2	ENSG00000106772.19	mrna
A00839:75:H7MFFDSXY:3:2331:18945:29105	chr9	76709138	76709275	True	-370	100M12I38M	255	13	25	0.6444369554519653	ambig_opp_strand	unspliced	22928	19	RIGEL_NRNA_chr9_1_76704847_76710661		RIGEL_NRNA_chr9_1_76704847_76710661	nrna
A00839:75:H7MFFDSXY:3:1122:7464:11851	chr9	76704938	76705087	False	275	150M	255	0	3	0.6872718334197998	ambig_opp_strand	unspliced	22928	22	ENST00000426088.5	PRUNE2	ENSG00000106772.19	mrna
A00839:75:H7MFFDSXY:3:1477:13413:15327	chr9	76703332	76703467	True	-301	136M14S	255	2	5	0.7897490859031677	ambig_opp_strand	unspliced	-1	12	.	.	.	mrna
A00839:75:H7MFFDSXY:3:2274:22381:21903	chr9	76708794	76708943	True	-292	150M	255	0	25	0.9513380527496338	ambig_opp_strand	unspliced	22928	19	RIGEL_NRNA_chr9_1_76704847_76710661		RIGEL_NRNA_chr9_1_76704847_76710661	nrna
A00839:75:H7MFFDSXY:3:1325:12011:23860	chr9	76707395	76707544	True	-350	150M	255	0	25	0.8259350061416626	ambig_opp_strand	unspliced	22928	19	RIGEL_NRNA_chr9_1_76704847_76710661		RIGEL_NRNA_chr9_1_76704847_76710661	nrna
A00839:75:H7MFFDSXY:3:2527:1561:5822	chr9	76706402	76706551	False	256	150M	255	0	3	0.20522238314151764	ambig_opp_strand	unspliced	22928	19	ENST00000428286.5	PRUNE2	ENSG00000106772.19	mrna
A00839:75:H7MFFDSXY:3:2607:2663:35509	chr9	76705415	76705564	True	-504	150M	255	1	25	0.4764472246170044	ambig_opp_strand	unspliced	22928	18	RIGEL_NRNA_chr9_1_76704847_76710661		RIGEL_NRNA_chr9_1_76704847_76710661	nrna
A00839:75:H7MFFDSXY:3:1269:31458:15327	chr9	76709073	76709222	False	357	150M	255	1	3	0.6766101121902466	ambig_opp_strand	unspliced	22928	19	ENST00000426088.5	PRUNE2	ENSG00000106772.19	mrna
A00839:75:H7MFFDSXY:3:2256:25003:6778	chr9	76705338	76705487	True	-377	150M	255	0	5	0.4157600402832031	ambig_opp_strand	unspliced	-1	26	.	.	.	mrna
A00839:75:H7MFFDSXY:3:1334:32081:34131	chr9	76709598	76709747	True	-300	150M	255	0	25	0.9453703761100769	ambig_opp_strand	unspliced	22928	19	RIGEL_NRNA_chr9_1_76704847_76710661		RIGEL_NRNA_chr9_1_76704847_76710661	nrna
A00839:75:H7MFFDSXY:3:1350:27534:10911	chr9	76708276	76708425	False	320	150M	255	0	3	0.6854382157325745	ambig_opp_strand	unspliced	22928	19	ENST00000426088.5	PRUNE2	ENSG00000106772.19	mrna
A00839:75:H7MFFDSXY:3:1634:30264:1204	chr9	76708063	76708212	True	-379	150M	255	0	25	0.5186548829078674	ambig_opp_strand	unspliced	22928	19	RIGEL_NRNA_chr9_1_76704847_76710661		RIGEL_NRNA_chr9_1_76704847_76710661	nrna
A00839:75:H7MFFDSXY:3:1249:26892:28056	chr9	76707189	76707338	False	295	150M	255	0	3	0.686810314655304	ambig_opp_strand	unspliced	22928	19	ENST00000426088.5	PRUNE2	ENSG00000106772.19	mrna
A00839:75:H7MFFDSXY:3:1652:17092:12242	chr9	76705519	76705668	True	-366	150M	255	0	5	0.2902640104293823	ambig_opp_strand	unspliced	-1	19	.	.	.	mrna
A00839:75:H7MFFDSXY:3:1544:14217:5979	chr9	76703762	76703892	False	131	1S131M	255	0	3	0.10232000052928925	ambig_opp_strand	unspliced	22928	12	ENST00000376718.8	PRUNE2	ENSG00000106772.19	mrna
A00839:75:H7MFFDSXY:3:1646:2085:6950	chr9	76709465	76709614	False	352	150M	255	1	3	0.20262165367603302	ambig_opp_strand	unspliced	22928	19	ENST00000428286.5	PRUNE2	ENSG00000106772.19	mrna
A00839:75:H7MFFDSXY:3:1668:21477:4085	chr9	76709936	76710085	False	433	150M	255	0	5	0.2402295023202896	ambig_opp_strand	unspliced	-1	17	.	.	.	mrna
A00839:75:H7MFFDSXY:3:2304:17725:12211	chr9	76708484	76708633	False	231	150M	255	0	3	0.6876792907714844	ambig_opp_strand	unspliced	22928	19	ENST00000426088.5	PRUNE2	ENSG00000106772.19	mrna
A00839:75:H7MFFDSXY:3:2211:16595:33332	chr9	76706610	76706759	False	276	150M	255	1	3	0.6872606873512268	ambig_opp_strand	unspliced	22928	19	ENST00000426088.5	PRUNE2	ENSG00000106772.19	mrna
A00839:75:H7MFFDSXY:3:1473:2248:5791	chr9	76708171	76708320	True	-293	150M	255	0	25	0.9507495760917664	ambig_opp_strand	unspliced	22928	19	RIGEL_NRNA_chr9_1_76704847_76710661		RIGEL_NRNA_chr9_1_76704847_76710661	nrna
A00839:75:H7MFFDSXY:3:1235:11605:6903	chr9	76707773	76707922	True	-372	150M	255	1	5	0.3600276708602905	ambig_opp_strand	unspliced	-1	19	.	.	.	mrna
A00839:75:H7MFFDSXY:3:2562:28546:33458	chr9	76709763	76709912	False	294	150M	255	1	3	0.20501384139060974	ambig_opp_strand	unspliced	22928	19	ENST00000428286.5	PRUNE2	ENSG00000106772.19	mrna
A00839:75:H7MFFDSXY:3:2648:11514:14231	chr9	76706011	76706160	True	-410	150M	255	0	5	0.5974540710449219	ambig_opp_strand	unspliced	-1	19	.	.	.	mrna
A00839:75:H7MFFDSXY:3:1141:16649:12633	chr9	76703390	76703554	True	-233	70M15D80M	255	15	5	0.5746185183525085	ambig_opp_strand	unspliced	-1	12	.	.	.	mrna
A00839:75:H7MFFDSXY:3:1128:29161:21934	chr9	76705564	76705713	False	331	150M	255	1	3	0.6843298673629761	ambig_opp_strand	unspliced	22928	19	ENST00000426088.5	PRUNE2	ENSG00000106772.19	mrna
A00839:75:H7MFFDSXY:3:1360:6650:21809	chr9	76709435	76709584	True	-153	150M	255	1	25	0.9536914825439453	ambig_opp_strand	unspliced	22928	19	RIGEL_NRNA_chr9_1_76704847_76710661		RIGEL_NRNA_chr9_1_76704847_76710661	nrna
A00839:75:H7MFFDSXY:3:2509:32949:3192	chr9	76706615	76706764	True	-317	150M	255	0	25	0.9275355339050293	ambig_opp_strand	unspliced	22928	19	RIGEL_NRNA_chr9_1_76704847_76710661		RIGEL_NRNA_chr9_1_76704847_76710661	nrna
A00839:75:H7MFFDSXY:3:2406:30852:26146	chr9	76709118	76709255	False	230	120M12I18M	255	12	3	0.6876931190490723	ambig_opp_strand	unspliced	22928	19	ENST00000426088.5	PRUNE2	ENSG00000106772.19	mrna
A00839:75:H7MFFDSXY:3:1414:21025:24251	chr9	76705965	76706114	False	369	150M	255	0	3	0.6662902235984802	ambig_opp_strand	unspliced	22928	19	ENST00000426088.5	PRUNE2	ENSG00000106772.19	mrna
A00839:75:H7MFFDSXY:3:2271:24496:1986	chr9	76706665	76706814	False	439	150M	255	4	3	0.6205116510391235	ambig_opp_strand	unspliced	22928	19	ENST00000426088.5	PRUNE2	ENSG00000106772.19	mrna
A00839:75:H7MFFDSXY:3:1267:16333:30937	chr9	76704863	76705012	True	-305	150M	255	1	5	0.8049395084381104	ambig_opp_strand	unspliced	-1	12	.	.	.	mrna
A00839:75:H7MFFDSXY:3:1550:14534:31422	chr9	76705019	76705168	True	-251	150M	255	0	25	0.9154148697853088	ambig_opp_strand	unspliced	22928	22	RIGEL_NRNA_chr9_1_76704847_76710661		RIGEL_NRNA_chr9_1_76704847_76710661	nrna
A00839:75:H7MFFDSXY:3:1312:26332:18317	chr9	76706884	76707033	True	-212	150M	255	1	25	0.9667470455169678	ambig_opp_strand	unspliced	22928	19	RIGEL_NRNA_chr9_1_76704847_76710661		RIGEL_NRNA_chr9_1_76704847_76710661	nrna
A00839:75:H7MFFDSXY:3:1611:32859:25958	chr9	76709104	76709237	True	-479	134M16S	255	0	5	0.5766290426254272	ambig_opp_strand	unspliced	-1	19	.	.	.	mrna
A00839:75:H7MFFDSXY:3:2463:18548:18114	chr9	76708644	76708793	True	-350	150M	255	0	25	0.8259350061416626	ambig_opp_strand	unspliced	22928	19	RIGEL_NRNA_chr9_1_76704847_76710661		RIGEL_NRNA_chr9_1_76704847_76710661	nrna
A00839:75:H7MFFDSXY:3:1176:11614:15499	chr9	76703397	76703561	False	367	63M15D87M	255	16	3	0.6685926914215088	ambig_opp_strand	unspliced	22928	12	ENST00000426088.5	PRUNE2	ENSG00000106772.19	mrna
A00839:75:H7MFFDSXY:3:2233:11505:26459	chr9	76708925	76709074	False	178	150M	255	0	3	0.20521606504917145	ambig_opp_strand	unspliced	22928	19	ENST00000428286.5	PRUNE2	ENSG00000106772.19	mrna
A00839:75:H7MFFDSXY:3:2227:28131:22341	chr9	76707558	76707680	True	-323	123M27S	255	2	5	0.06226300448179245	ambig_opp_strand	unspliced	-1	19	.	.	.	mrna
A00839:75:H7MFFDSXY:3:1378:22923:29168	chr9	76704568	76704717	False	470	150M	255	1	5	0.9985242486000061	ambig_opp_strand	unspliced	-1	12	.	.	.	mrna
A00839:75:H7MFFDSXY:3:1314:13838:5384	chr9	76704663	76704812	False	358	150M	255	0	5	0.9918885231018066	ambig_opp_strand	unspliced	-1	12	.	.	.	mrna
A00839:75:H7MFFDSXY:3:1239:27335:12352	chr9	76709494	76709643	False	326	150M	255	0	3	0.6848673820495605	ambig_opp_strand	unspliced	22928	19	ENST00000426088.5	PRUNE2	ENSG00000106772.19	mrna
A00839:75:H7MFFDSXY:3:1555:18891:13385	chr9	76709127	76709237	True	-415	111M39S	3	0	128	0.0	.	unknown	-1	0	.	.	.	mrna
A00839:75:H7MFFDSXY:3:1615:31593:22294	chr9	76707578	76707727	True	-322	150M	255	0	25	0.9199305176734924	ambig_opp_strand	unspliced	22928	19	RIGEL_NRNA_chr9_1_76704847_76710661		RIGEL_NRNA_chr9_1_76704847_76710661	nrna
A00839:75:H7MFFDSXY:3:2569:18548:19961	chr9	76707101	76707250	False	325	150M	255	1	3	0.6849919557571411	ambig_opp_strand	unspliced	22928	19	ENST00000426088.5	PRUNE2	ENSG00000106772.19	mrna
A00839:75:H7MFFDSXY:3:1315:6117:30843	chr9	76709979	76710128	True	-239	150M	255	0	25	0.966225266456604	ambig_opp_strand	unspliced	22928	19	RIGEL_NRNA_chr9_1_76704847_76710661		RIGEL_NRNA_chr9_1_76704847_76710661	nrna
A00839:75:H7MFFDSXY:3:1556:23185:7576	chr9	76708814	76708963	False	270	150M	255	0	3	0.6873641014099121	ambig_opp_strand	unspliced	22928	19	ENST00000426088.5	PRUNE2	ENSG00000106772.19	mrna
A00839:75:H7MFFDSXY:3:1355:19705:33113	chr9	76708664	76708813	True	-367	150M	255	0	5	0.3003186285495758	ambig_opp_strand	unspliced	-1	19	.	.	.	mrna
A00839:75:H7MFFDSXY:3:2505:21712:31297	chr9	76708511	76708660	True	-324	150M	255	0	25	0.9173480868339539	ambig_opp_strand	unspliced	22928	19	RIGEL_NRNA_chr9_1_76704847_76710661		RIGEL_NRNA_chr9_1_76704847_76710661	nrna
A00839:75:H7MFFDSXY:3:2442:2908:35055	chr9	76708560	76708709	True	-338	150M	255	0	25	0.883220911026001	ambig_opp_strand	unspliced	22928	19	RIGEL_NRNA_chr9_1_76704847_76710661		RIGEL_NRNA_chr9_1_76704847_76710661	nrna
A00839:75:H7MFFDSXY:3:1613:1814:22138	chr9	76706550	76706699	True	-396	150M	255	1	25	0.38197219371795654	ambig_opp_strand	unspliced	22928	19	RIGEL_NRNA_chr9_1_76704847_76710661		RIGEL_NRNA_chr9_1_76704847_76710661	nrna
A00839:75:H7MFFDSXY:3:1176:24975:3505	chr9	76707033	76707182	False	255	150M	255	1	3	0.687551736831665	ambig_opp_strand	unspliced	22928	19	ENST00000426088.5	PRUNE2	ENSG00000106772.19	mrna
A00839:75:H7MFFDSXY:3:2545:14027:15765	chr9	76704898	76705047	True	-335	150M	255	0	5	0.9107688665390015	ambig_opp_strand	unspliced	-1	12	.	.	.	mrna
A00839:75:H7MFFDSXY:3:1364:8269:8547	chr9	76703419	76703583	True	-241	41M15D109M	255	16	3	0.22032085061073303	ambig_opp_strand	unspliced	22928	12	ENST00000426088.5	PRUNE2	ENSG00000106772.19	mrna
A00839:75:H7MFFDSXY:3:1315:26250:7216	chr9	76708219	76708368	True	-407	150M	255	0	5	0.5912123322486877	ambig_opp_strand	unspliced	-1	19	.	.	.	mrna
A00839:75:H7MFFDSXY:3:1667:3893:34444	chr9	76709432	76709581	True	-358	150M	255	1	5	0.21313361823558807	ambig_opp_strand	unspliced	-1	19	.	.	.	mrna
A00839:75:H7MFFDSXY:3:1318:15067:7294	chr9	76706847	76706996	True	-237	150M	255	1	25	0.9662676453590393	ambig_opp_strand	unspliced	22928	19	RIGEL_NRNA_chr9_1_76704847_76710661		RIGEL_NRNA_chr9_1_76704847_76710661	nrna
A00839:75:H7MFFDSXY:3:1116:16224:2409	chr9	76703560	76703709	False	302	150M	255	0	3	0.10249222069978714	ambig_opp_strand	unspliced	22928	12	ENST00000376718.8	PRUNE2	ENSG00000106772.19	mrna
A00839:75:H7MFFDSXY:3:2629:25473:19241	chr9	76706200	76706349	False	392	150M	255	0	5	0.09185770899057388	ambig_opp_strand	unspliced	-1	19	.	.	.	mrna
A00839:75:H7MFFDSXY:3:2665:15492:17174	chr9	76706454	76706603	True	-524	150M	255	0	25	0.4194932281970978	ambig_opp_strand	unspliced	22928	19	RIGEL_NRNA_chr9_1_76704847_76710661		RIGEL_NRNA_chr9_1_76704847_76710661	nrna
A00839:75:H7MFFDSXY:3:2621:29604:30029	chr9	76709334	76709483	False	305	150M	255	0	3	0.20488223433494568	ambig_opp_strand	unspliced	22928	19	ENST00000428286.5	PRUNE2	ENSG00000106772.19	mrna
A00839:75:H7MFFDSXY:3:1110:29333:4351	chr9	76709064	76709213	False	455	150M	255	0	3	0.6146223545074463	ambig_opp_strand	unspliced	22928	19	ENST00000426088.5	PRUNE2	ENSG00000106772.19	mrna
A00839:75:H7MFFDSXY:3:2554:30906:14559	chr9	76705096	76705245	False	376	150M	255	0	3	0.6557544469833374	ambig_opp_strand	unspliced	22928	26	ENST00000426088.5	PRUNE2	ENSG00000106772.19	mrna
A00839:75:H7MFFDSXY:3:1212:20808:4554	chr9	76708784	76708933	False	231	150M	255	0	3	0.1026587188243866	ambig_opp_strand	unspliced	22928	19	ENST00000376718.8	PRUNE2	ENSG00000106772.19	mrna
A00839:75:H7MFFDSXY:3:2123:21558:23015	chr9	76703741	76703890	False	268	150M	255	1	3	0.6874288320541382	ambig_opp_strand	unspliced	22928	12	ENST00000426088.5	PRUNE2	ENSG00000106772.19	mrna
A00839:75:H7MFFDSXY:3:1613:9805:22451	chr9	76708787	76708936	True	-286	150M	255	0	25	0.9541400671005249	ambig_opp_strand	unspliced	22928	19	RIGEL_NRNA_chr9_1_76704847_76710661		RIGEL_NRNA_chr9_1_76704847_76710661	nrna
A00839:75:H7MFFDSXY:3:1261:18927:5901	chr9	76705833	76705982	False	222	150M	255	0	3	0.6876906752586365	ambig_opp_strand	unspliced	22928	19	ENST00000426088.5	PRUNE2	ENSG00000106772.19	mrna
A00839:75:H7MFFDSXY:3:1515:9769:24267	chr9	76705643	76705792	True	-298	150M	255	1	25	0.9473071098327637	ambig_opp_strand	unspliced	22928	19	RIGEL_NRNA_chr9_1_76704847_76710661		RIGEL_NRNA_chr9_1_76704847_76710661	nrna
A00839:75:H7MFFDSXY:3:1244:19253:29293	chr9	76707928	76708077	True	-254	150M	255	0	25	0.964239239692688	ambig_opp_strand	unspliced	22928	19	RIGEL_NRNA_chr9_1_76704847_76710661		RIGEL_NRNA_chr9_1_76704847_76710661	nrna
A00839:75:H7MFFDSXY:3:1136:25238:33771	chr9	76709437	76709586	False	341	150M	255	1	3	0.20369181036949158	ambig_opp_strand	unspliced	22928	19	ENST00000428286.5	PRUNE2	ENSG00000106772.19	mrna
A00839:75:H7MFFDSXY:3:2210:14290:4726	chr9	76706492	76706641	False	474	150M	255	0	3	0.622145414352417	ambig_opp_strand	unspliced	22928	19	ENST00000426088.5	PRUNE2	ENSG00000106772.19	mrna
A00839:75:H7MFFDSXY:3:2354:24189:30514	chr9	76706978	76707127	True	-202	150M	255	0	25	0.966254472732544	ambig_opp_strand	unspliced	22928	19	RIGEL_NRNA_chr9_1_76704847_76710661		RIGEL_NRNA_chr9_1_76704847_76710661	nrna
A00839:75:H7MFFDSXY:3:2423:21025:29575	chr9	76704684	76704833	False	404	150M	255	1	5	0.9985800385475159	ambig_opp_strand	unspliced	-1	12	.	.	.	mrna
A00839:75:H7MFFDSXY:3:2405:16631:3302	chr9	76706052	76706201	True	-310	150M	255	0	25	0.9362019896507263	ambig_opp_strand	unspliced	22928	19	RIGEL_NRNA_chr9_1_76704847_76710661		RIGEL_NRNA_chr9_1_76704847_76710661	nrna
A00839:75:H7MFFDSXY:3:1124:21730:31046	chr9	76705840	76705989	False	311	150M	255	0	3	0.6860545873641968	ambig_opp_strand	unspliced	22928	19	ENST00000426088.5	PRUNE2	ENSG00000106772.19	mrna
A00839:75:H7MFFDSXY:3:2252:5547:17394	chr9	76708719	76708868	False	229	150M	255	0	3	0.6876831650733948	ambig_opp_strand	unspliced	22928	19	ENST00000426088.5	PRUNE2	ENSG00000106772.19	mrna
A00839:75:H7MFFDSXY:3:1624:27100:24784	chr9	76706094	76706243	True	-242	150M	255	0	25	0.9660055637359619	ambig_opp_strand	unspliced	22928	19	RIGEL_NRNA_chr9_1_76704847_76710661		RIGEL_NRNA_chr9_1_76704847_76710661	nrna
A00839:75:H7MFFDSXY:3:1241:2618:11506	chr9	76709599	76709748	False	201	150M	255	0	3	0.6876620650291443	ambig_opp_strand	unspliced	22928	19	ENST00000426088.5	PRUNE2	ENSG00000106772.19	mrna
A00839:75:H7MFFDSXY:3:2514:5683:23547	chr9	76708218	76708367	True	-276	150M	255	0	25	0.958121120929718	ambig_opp_strand	unspliced	22928	19	RIGEL_NRNA_chr9_1_76704847_76710661		RIGEL_NRNA_chr9_1_76704847_76710661	nrna
A00839:75:H7MFFDSXY:3:1564:9697:27336	chr9	76707968	76708117	True	-190	150M	255	0	25	0.9651673436164856	ambig_opp_strand	unspliced	22928	19	RIGEL_NRNA_chr9_1_76704847_76710661		RIGEL_NRNA_chr9_1_76704847_76710661	nrna
A00839:75:H7MFFDSXY:3:1326:20446:19648	chr9	76705135	76705284	True	-375	150M	255	0	3	0.02372424304485321	ambig_opp_strand	unspliced	22928	22	ENST00000643823.1	PCA3	ENSG00000225937.3	mrna
A00839:75:H7MFFDSXY:3:1155:29125:22060	chr9	76703598	76703747	True	-243	150M	255	0	5	0.4004395604133606	ambig_opp_strand	unspliced	-1	12	.	.	.	mrna
A00839:75:H7MFFDSXY:3:1120:26485:2550	chr9	76702445	76702594	False	473	150M	255	0	5	0.9984691739082336	ambig_opp_strand	unspliced	-1	9	.	.	.	mrna
A00839:75:H7MFFDSXY:3:2541:2908:23657	chr9	76705277	76705426	True	-262	150M	255	0	25	0.9071579575538635	ambig_opp_strand	unspliced	22928	26	RIGEL_NRNA_chr9_1_76704847_76710661		RIGEL_NRNA_chr9_1_76704847_76710661	nrna
A00839:75:H7MFFDSXY:3:1161:2844:15843	chr9	76708284	76708433	False	369	150M	255	0	3	0.6662902235984802	ambig_opp_strand	unspliced	22928	19	ENST00000426088.5	PRUNE2	ENSG00000106772.19	mrna
A00839:75:H7MFFDSXY:3:2355:9598:28510	chr9	76709844	76709993	True	-293	150M	255	1	25	0.9507495760917664	ambig_opp_strand	unspliced	22928	19	RIGEL_NRNA_chr9_1_76704847_76710661		RIGEL_NRNA_chr9_1_76704847_76710661	nrna
A00839:75:H7MFFDSXY:3:2154:27055:16376	chr9	76709372	76709521	True	-394	150M	3	1	128	0.0	.	unknown	-1	0	.	.	.	mrna
A00839:75:H7MFFDSXY:3:1361:16911:3756	chr9	76708737	76708886	False	307	150M	255	0	3	0.6862872838973999	ambig_opp_strand	unspliced	22928	19	ENST00000426088.5	PRUNE2	ENSG00000106772.19	mrna
A00839:75:H7MFFDSXY:3:1258:30065:3928	chr9	76706362	76706511	False	337	150M	255	1	3	0.6832884550094604	ambig_opp_strand	unspliced	22928	19	ENST00000426088.5	PRUNE2	ENSG00000106772.19	mrna
A00839:75:H7MFFDSXY:3:1454:10809:23719	chr9	76709230	76709367	True	-237	8M12I130M	255	13	25	0.9662677049636841	ambig_opp_strand	unspliced	22928	19	RIGEL_NRNA_chr9_1_76704847_76710661		RIGEL_NRNA_chr9_1_76704847_76710661	nrna
A00839:75:H7MFFDSXY:3:2164:24334:27602	chr9	76705075	76705224	False	411	150M	255	0	3	0.09169138222932816	ambig_opp_strand	unspliced	22928	24	ENST00000376718.8	PRUNE2	ENSG00000106772.19	mrna
A00839:75:H7MFFDSXY:3:2673:15157:8202	chr9	76706411	76706560	False	163	150M	255	0	3	0.20515283942222595	ambig_opp_strand	unspliced	22928	19	ENST00000428286.5	PRUNE2	ENSG00000106772.19	mrna
A00839:75:H7MFFDSXY:3:1543:9055:11506	chr9	76706309	76706458	False	324	150M	255	1	3	0.6851239204406738	ambig_opp_strand	unspliced	22928	19	ENST00000426088.5	PRUNE2	ENSG00000106772.19	mrna
A00839:75:H7MFFDSXY:3:2646:10646:36965	chr9	76709102	76709237	False	306	136M14S	255	0	3	0.20486298203468323	ambig_opp_strand	unspliced	22928	19	ENST00000428286.5	PRUNE2	ENSG00000106772.19	mrna
A00839:75:H7MFFDSXY:3:1165:24758:15154	chr9	76706675	76706824	False	176	150M	255	0	3	0.6874883770942688	ambig_opp_strand	unspliced	22928	19	ENST00000426088.5	PRUNE2	ENSG00000106772.19	mrna
A00839:75:H7MFFDSXY:3:2267:27823:26068	chr9	76705637	76705786	False	322	150M	255	1	3	0.6852644681930542	ambig_opp_strand	unspliced	22928	19	ENST00000426088.5	PRUNE2	ENSG00000106772.19	mrna
A00839:75:H7MFFDSXY:3:1208:3459:21480	chr9	76707581	76707730	True	-367	150M	255	0	5	0.30031853914260864	ambig_opp_strand	unspliced	-1	19	.	.	.	mrna
A00839:75:H7MFFDSXY:3:2176:18367:25598	chr9	76706875	76707024	True	-437	150M	255	1	5	0.6149234175682068	ambig_opp_strand	unspliced	-1	19	.	.	.	mrna
A00839:75:H7MFFDSXY:3:1403:11921:26522	chr9	76706346	76706495	True	-262	150M	255	2	25	0.9623995423316956	ambig_opp_strand	unspliced	22928	19	RIGEL_NRNA_chr9_1_76704847_76710661		RIGEL_NRNA_chr9_1_76704847_76710661	nrna
A00839:75:H7MFFDSXY:3:1408:20609:14105	chr9	76706892	76707026	False	135	135M	255	1	3	0.10240385681390762	ambig_opp_strand	unspliced	22928	19	ENST00000376718.8	PRUNE2	ENSG00000106772.19	mrna
A00839:75:H7MFFDSXY:3:2230:24614:19883	chr9	76708352	76708491	False	140	140M	255	0	3	0.20489248633384705	ambig_opp_strand	unspliced	22928	19	ENST00000428286.5	PRUNE2	ENSG00000106772.19	mrna
A00839:75:H7MFFDSXY:3:1572:27462:30859	chr9	76703341	76703505	False	291	119M15D31M	255	15	3	0.6869810223579407	ambig_opp_strand	unspliced	22928	12	ENST00000426088.5	PRUNE2	ENSG00000106772.19	mrna
A00839:75:H7MFFDSXY:3:2242:4029:31641	chr9	76704964	76705113	True	-275	150M	255	0	3	0.46681609749794006	ambig_opp_strand	unspliced	22928	20	ENST00000643823.1	PCA3	ENSG00000225937.3	mrna
A00839:75:H7MFFDSXY:3:1318:9833:12633	chr9	76708615	76708764	True	-376	150M	255	0	25	0.5687329173088074	ambig_opp_strand	unspliced	22928	19	RIGEL_NRNA_chr9_1_76704847_76710661		RIGEL_NRNA_chr9_1_76704847_76710661	nrna
A00839:75:H7MFFDSXY:3:2101:8314:36495	chr9	76709528	76709677	False	416	150M	255	1	3	0.6231619715690613	ambig_opp_strand	unspliced	22928	19	ENST00000426088.5	PRUNE2	ENSG00000106772.19	mrna
A00839:75:H7MFFDSXY:3:2623:31973:34788	chr9	76707211	76707360	True	-246	150M	255	0	25	0.9655700922012329	ambig_opp_strand	unspliced	22928	19	RIGEL_NRNA_chr9_1_76704847_76710661		RIGEL_NRNA_chr9_1_76704847_76710661	nrna
A00839:75:H7MFFDSXY:3:1610:4779:16063	chr9	76704967	76705116	False	268	150M	255	1	3	0.20517627894878387	ambig_opp_strand	unspliced	22928	22	ENST00000428286.5	PRUNE2	ENSG00000106772.19	mrna
A00839:75:H7MFFDSXY:3:2209:12527:33833	chr9	76707902	76708051	False	416	150M	255	0	3	0.18600453436374664	ambig_opp_strand	unspliced	22928	19	ENST00000428286.5	PRUNE2	ENSG00000106772.19	mrna
A00839:75:H7MFFDSXY:3:1247:1669:4852	chr9	76704932	76705081	True	-300	150M	255	0	25	0.16752400994300842	ambig_opp_strand	unspliced	22928	12	RIGEL_NRNA_chr9_1_76700179_76740086		RIGEL_NRNA_chr9_1_76700179_76740086	nrna
A00839:75:H7MFFDSXY:3:1142:30825:28009	chr9	76708298	76708447	True	-396	150M	255	0	5	0.6098655462265015	ambig_opp_strand	unspliced	-1	19	.	.	.	mrna
A00839:75:H7MFFDSXY:3:1312:18728:33051	chr9	76706436	76706585	True	-342	150M	255	0	25	0.868690550327301	ambig_opp_strand	unspliced	22928	19	RIGEL_NRNA_chr9_1_76704847_76710661		RIGEL_NRNA_chr9_1_76704847_76710661	nrna
A00839:75:H7MFFDSXY:3:2365:10041:29684	chr9	76705465	76705614	True	-417	150M	255	1	5	0.6278789639472961	ambig_opp_strand	unspliced	-1	19	.	.	.	mrna
A00839:75:H7MFFDSXY:3:1124:27887:20040	chr9	76705982	76706131	True	-228	150M	255	0	25	0.9666654467582703	ambig_opp_strand	unspliced	22928	19	RIGEL_NRNA_chr9_1_76704847_76710661		RIGEL_NRNA_chr9_1_76704847_76710661	nrna
A00839:75:H7MFFDSXY:3:2437:14940:4601	chr9	76706064	76706213	False	293	150M	255	1	3	0.6868870258331299	ambig_opp_strand	unspliced	22928	19	ENST00000426088.5	PRUNE2	ENSG00000106772.19	mrna
A00839:75:H7MFFDSXY:3:1666:27760:12555	chr9	76708884	76709033	False	394	150M	255	0	3	0.1873101145029068	ambig_opp_strand	unspliced	22928	19	ENST00000428286.5	PRUNE2	ENSG00000106772.19	mrna
A00839:75:H7MFFDSXY:3:2641:2844:19069	chr9	76706459	76706608	True	-301	150M	255	0	25	0.9446953535079956	ambig_opp_strand	unspliced	22928	19	RIGEL_NRNA_chr9_1_76704847_76710661		RIGEL_NRNA_chr9_1_76704847_76710661	nrna
A00839:75:H7MFFDSXY:3:1564:29830:21433	chr9	76708474	76708623	True	-321	150M	255	1	25	0.9216777086257935	ambig_opp_strand	unspliced	22928	19	RIGEL_NRNA_chr9_1_76704847_76710661		RIGEL_NRNA_chr9_1_76704847_76710661	nrna
A00839:75:H7MFFDSXY:3:1363:3721:8907	chr9	76708815	76708964	True	-294	150M	255	0	25	0.9499852657318115	ambig_opp_strand	unspliced	22928	19	RIGEL_NRNA_chr9_1_76704847_76710661		RIGEL_NRNA_chr9_1_76704847_76710661	nrna
A00839:75:H7MFFDSXY:3:2413:30228:21934	chr9	76706504	76706653	False	256	150M	255	0	3	0.20522238314151764	ambig_opp_strand	unspliced	22928	19	ENST00000428286.5	PRUNE2	ENSG00000106772.19	mrna
A00839:75:H7MFFDSXY:3:2659:10737:13103	chr9	76706324	76706473	True	-255	150M	255	1	25	0.9639359712600708	ambig_opp_strand	unspliced	22928	19	RIGEL_NRNA_chr9_1_76704847_76710661		RIGEL_NRNA_chr9_1_76704847_76710661	nrna
A00839:75:H7MFFDSXY:3:1302:15872:4429	chr9	76703603	76703752	False	256	150M	255	0	3	0.6875813603401184	ambig_opp_strand	unspliced	22928	12	ENST00000426088.5	PRUNE2	ENSG00000106772.19	mrna
A00839:75:H7MFFDSXY:3:1423:31964:36558	chr9	76706599	76706748	False	325	150M	255	0	3	0.10225754976272583	ambig_opp_strand	unspliced	22928	19	ENST00000376718.8	PRUNE2	ENSG00000106772.19	mrna
A00839:75:H7MFFDSXY:3:2659:20220:30123	chr9	76708100	76708249	True	-256	150M	255	0	25	0.9638327956199646	ambig_opp_strand	unspliced	22928	19	RIGEL_NRNA_chr9_1_76704847_76710661		RIGEL_NRNA_chr9_1_76704847_76710661	nrna
A00839:75:H7MFFDSXY:3:1334:13404:30373	chr9	76707132	76707281	True	-217	150M	255	1	25	0.9669448137283325	ambig_opp_strand	unspliced	22928	19	RIGEL_NRNA_chr9_1_76704847_76710661		RIGEL_NRNA_chr9_1_76704847_76710661	nrna
A00839:75:H7MFFDSXY:3:1276:23375:29857	chr9	76703738	76703887	False	257	150M	255	2	3	0.2052294760942459	ambig_opp_strand	unspliced	22928	12	ENST00000428286.5	PRUNE2	ENSG00000106772.19	mrna
A00839:75:H7MFFDSXY:3:2634:19352:35321	chr9	76709220	76709352	False	233	17S133M	255	1	3	0.6876754760742188	ambig_opp_strand	unspliced	22928	19	ENST00000426088.5	PRUNE2	ENSG00000106772.19	mrna
A00839:75:H7MFFDSXY:3:1103:26015:13980	chr9	76708653	76708802	False	381	150M	255	0	3	0.6467316746711731	ambig_opp_strand	unspliced	22928	19	ENST00000426088.5	PRUNE2	ENSG00000106772.19	mrna
A00839:75:H7MFFDSXY:3:1216:19777:19335	chr9	76708488	76708637	False	327	150M	255	0	3	0.6847891211509705	ambig_opp_strand	unspliced	22928	19	ENST00000426088.5	PRUNE2	ENSG00000106772.19	mrna
A00839:75:H7MFFDSXY:3:2362:17128:23296	chr9	76707342	76707491	False	380	150M	255	0	3	0.6479350328445435	ambig_opp_strand	unspliced	22928	19	ENST00000426088.5	PRUNE2	ENSG00000106772.19	mrna
A00839:75:H7MFFDSXY:3:1423:11433:16564	chr9	76709137	76709274	True	-268	101M12I37M	255	13	25	0.9607781767845154	ambig_opp_strand	unspliced	22928	19	RIGEL_NRNA_chr9_1_76704847_76710661		RIGEL_NRNA_chr9_1_76704847_76710661	nrna
A00839:75:H7MFFDSXY:3:2520:28510:34303	chr9	76709060	76709209	True	-194	150M	255	0	25	0.9658435583114624	ambig_opp_strand	unspliced	22928	19	RIGEL_NRNA_chr9_1_76704847_76710661		RIGEL_NRNA_chr9_1_76704847_76710661	nrna
A00839:75:H7MFFDSXY:3:2329:4987:13041	chr9	76705937	76706086	False	301	150M	255	0	3	0.6865760087966919	ambig_opp_strand	unspliced	22928	19	ENST00000426088.5	PRUNE2	ENSG00000106772.19	mrna
A00839:75:H7MFFDSXY:3:1466:16297:4257	chr9	76707107	76707256	False	331	150M	255	2	3	0.6843298673629761	ambig_opp_strand	unspliced	22928	19	ENST00000426088.5	PRUNE2	ENSG00000106772.19	mrna
A00839:75:H7MFFDSXY:3:2128:30743:14497	chr9	76706603	76706752	False	193	150M	255	0	3	0.687624990940094	ambig_opp_strand	unspliced	22928	19	ENST00000426088.5	PRUNE2	ENSG00000106772.19	mrna
A00839:75:H7MFFDSXY:3:2542:14127:20478	chr9	76706090	76706239	False	436	150M	255	0	3	0.18721114099025726	ambig_opp_strand	unspliced	22928	19	ENST00000428286.5	PRUNE2	ENSG00000106772.19	mrna
A00839:75:H7MFFDSXY:3:2552:4996:25833	chr9	76707080	76707229	True	-347	150M	255	1	25	0.8419110774993896	ambig_opp_strand	unspliced	22928	19	RIGEL_NRNA_chr9_1_76704847_76710661		RIGEL_NRNA_chr9_1_76704847_76710661	nrna
A00839:75:H7MFFDSXY:3:2253:29107:10160	chr9	76704809	76704958	False	302	150M	255	8	3	0.20492865145206451	ambig_opp_strand	unspliced	22928	14	ENST00000428286.5	PRUNE2	ENSG00000106772.19	mrna
A00839:75:H7MFFDSXY:3:2621:11379:33912	chr9	76709526	76709675	True	-177	150M	255	0	25	0.9632415175437927	ambig_opp_strand	unspliced	22928	19	RIGEL_NRNA_chr9_1_76704847_76710661		RIGEL_NRNA_chr9_1_76704847_76710661	nrna
A00839:75:H7MFFDSXY:3:1309:18240:11788	chr9	76703791	76703940	True	-318	150M	255	0	5	0.7348256707191467	ambig_opp_strand	unspliced	-1	12	.	.	.	mrna
A00839:75:H7MFFDSXY:3:2216:32334:32315	chr9	76704858	76705007	False	373	150M	255	0	3	0.6603330969810486	ambig_opp_strand	unspliced	22928	22	ENST00000426088.5	PRUNE2	ENSG00000106772.19	mrna
A00839:75:H7MFFDSXY:3:1253:29206:3944	chr9	76707420	76707569	False	344	150M	255	0	3	0.6815747618675232	ambig_opp_strand	unspliced	22928	19	ENST00000426088.5	PRUNE2	ENSG00000106772.19	mrna
A00839:75:H7MFFDSXY:3:1233:22742:9095	chr9	76703920	76704069	True	-499	150M	255	2	5	0.9841299057006836	ambig_opp_strand	unspliced	-1	12	.	.	.	mrna
A00839:75:H7MFFDSXY:3:1243:12635:15201	chr9	76706589	76706738	False	155	150M	255	0	3	0.6871084570884705	ambig_opp_strand	unspliced	22928	19	ENST00000426088.5	PRUNE2	ENSG00000106772.19	mrna
A00839:75:H7MFFDSXY:3:2627:30038:11459	chr9	76709274	76709423	False	250	150M	255	0	3	0.20524166524410248	ambig_opp_strand	unspliced	22928	19	ENST00000428286.5	PRUNE2	ENSG00000106772.19	mrna
A00839:75:H7MFFDSXY:3:1218:16251:31923	chr9	76707538	76707687	False	335	150M	255	0	3	0.6836447715759277	ambig_opp_strand	unspliced	22928	19	ENST00000426088.5	PRUNE2	ENSG00000106772.19	mrna
A00839:75:H7MFFDSXY:3:1670:23312:12994	chr9	76709327	76709461	False	135	135M	255	0	3	0.6859720349311829	ambig_opp_strand	unspliced	22928	19	ENST00000426088.5	PRUNE2	ENSG00000106772.19	mrna
A00839:75:H7MFFDSXY:3:1629:32850:25629	chr9	76708136	76708255	True	-120	120M	255	0	25	0.8921515941619873	ambig_opp_strand	unspliced	22928	19	RIGEL_NRNA_chr9_1_76704847_76710661		RIGEL_NRNA_chr9_1_76704847_76710661	nrna
A00839:75:H7MFFDSXY:3:2243:29496:11115	chr9	76707229	76707377	False	167	149M	255	0	3	0.6873839497566223	ambig_opp_strand	unspliced	22928	19	ENST00000426088.5	PRUNE2	ENSG00000106772.19	mrna
A00839:75:H7MFFDSXY:3:1556:10628:9690	chr9	76703887	76704036	False	285	150M	255	1	5	0.919963002204895	ambig_opp_strand	unspliced	-1	12	.	.	.	mrna
A00839:75:H7MFFDSXY:3:1618:17481:3865	chr9	76704868	76705017	True	-156	150M	255	0	25	0.9074257612228394	ambig_opp_strand	unspliced	22928	22	RIGEL_NRNA_chr9_1_76704847_76710661		RIGEL_NRNA_chr9_1_76704847_76710661	nrna
A00839:75:H7MFFDSXY:3:2111:27281:1172	chr9	76706668	76706817	True	-218	150M	255	0	25	0.9668340682983398	ambig_opp_strand	unspliced	22928	19	RIGEL_NRNA_chr9_1_76704847_76710661		RIGEL_NRNA_chr9_1_76704847_76710661	nrna
A00839:75:H7MFFDSXY:3:2614:6099:30843	chr9	76706277	76706426	True	-195	150M	255	1	25	0.9656504392623901	ambig_opp_strand	unspliced	22928	19	RIGEL_NRNA_chr9_1_76704847_76710661		RIGEL_NRNA_chr9_1_76704847_76710661	nrna
A00839:75:H7MFFDSXY:3:1572:16107:14262	chr9	76709732	76709881	False	265	150M	255	1	3	0.6874287128448486	ambig_opp_strand	unspliced	22928	19	ENST00000426088.5	PRUNE2	ENSG00000106772.19	mrna
A00839:75:H7MFFDSXY:3:1551:4327:11522	chr9	76706269	76706418	True	-202	150M	255	1	25	0.966254472732544	ambig_opp_strand	unspliced	22928	19	RIGEL_NRNA_chr9_1_76704847_76710661		RIGEL_NRNA_chr9_1_76704847_76710661	nrna
A00839:75:H7MFFDSXY:3:2508:18475:1297	chr9	76706690	76706839	True	-347	150M	255	0	25	0.8419111371040344	ambig_opp_strand	unspliced	22928	19	RIGEL_NRNA_chr9_1_76704847_76710661		RIGEL_NRNA_chr9_1_76704847_76710661	nrna
A00839:75:H7MFFDSXY:3:1440:9742:15389	chr9	76709557	76709706	True	-235	150M	255	0	25	0.9663810133934021	ambig_opp_strand	unspliced	22928	19	RIGEL_NRNA_chr9_1_76704847_76710661		RIGEL_NRNA_chr9_1_76704847_76710661	nrna
A00839:75:H7MFFDSXY:3:1355:11116:36871	chr9	76703594	76703743	True	-269	150M	255	0	5	0.48562783002853394	ambig_opp_strand	unspliced	-1	12	.	.	.	mrna
A00839:75:H7MFFDSXY:3:2145:20229:18521	chr9	76705626	76705775	True	-257	150M	255	1	25	0.96361243724823	ambig_opp_strand	unspliced	22928	19	RIGEL_NRNA_chr9_1_76704847_76710661		RIGEL_NRNA_chr9_1_76704847_76710661	nrna
A00839:75:H7MFFDSXY:3:1560:32497:27305	chr9	76706901	76707050	False	256	150M	255	1	3	0.6875466108322144	ambig_opp_strand	unspliced	22928	19	ENST00000426088.5	PRUNE2	ENSG00000106772.19	mrna
A00839:75:H7MFFDSXY:3:2416:31783:7874	chr9	76707053	76707202	False	304	150M	255	1	3	0.6864429712295532	ambig_opp_strand	unspliced	22928	19	ENST00000426088.5	PRUNE2	ENSG00000106772.19	mrna
A00839:75:H7MFFDSXY:3:2569:15591:9142	chr9	76705861	76706010	False	477	150M	255	1	3	0.6316727995872498	ambig_opp_strand	unspliced	22928	19	ENST00000426088.5	PRUNE2	ENSG00000106772.19	mrna
A00839:75:H7MFFDSXY:3:1527:32768:6261	chr9	76709090	76709237	False	244	148M2S	255	0	3	0.6876394748687744	ambig_opp_strand	unspliced	22928	19	ENST00000426088.5	PRUNE2	ENSG00000106772.19	mrna
A00839:75:H7MFFDSXY:3:1346:10077:25864	chr9	76709822	76709971	False	467	150M	255	1	3	0.4828478991985321	ambig_opp_strand	unspliced	22928	17	ENST00000428286.5	PRUNE2	ENSG00000106772.19	mrna
A00839:75:H7MFFDSXY:3:2539:11822:21245	chr9	76707805	76707954	False	290	150M	255	2	3	0.2050456553697586	ambig_opp_strand	unspliced	22928	19	ENST00000428286.5	PRUNE2	ENSG00000106772.19	mrna
A00839:75:H7MFFDSXY:3:2427:23710:5228	chr9	76707048	76707197	True	-365	150M	255	1	25	0.7131028771400452	ambig_opp_strand	unspliced	22928	19	RIGEL_NRNA_chr9_1_76704847_76710661		RIGEL_NRNA_chr9_1_76704847_76710661	nrna
A00839:75:H7MFFDSXY:3:1631:31114:13730	chr9	76703775	76703924	False	436	150M	255	0	5	0.9984384775161743	ambig_opp_strand	unspliced	-1	12	.	.	.	mrna
A00839:75:H7MFFDSXY:3:1605:28185:16799	chr9	76708403	76708552	True	-277	150M	255	0	25	0.9576678276062012	ambig_opp_strand	unspliced	22928	19	RIGEL_NRNA_chr9_1_76704847_76710661		RIGEL_NRNA_chr9_1_76704847_76710661	nrna
A00839:75:H7MFFDSXY:3:1435:14570:14857	chr9	76705072	76705221	True	-377	150M	255	0	5	0.9177567958831787	ambig_opp_strand	unspliced	-1	22	.	.	.	mrna
A00839:75:H7MFFDSXY:3:1253:23755:30170	chr9	76709509	76709658	True	-358	150M	255	0	5	0.2131335437297821	ambig_opp_strand	unspliced	-1	19	.	.	.	mrna
A00839:75:H7MFFDSXY:3:1256:13232:6997	chr9	76705280	76705429	True	-280	150M	255	1	25	0.9022403359413147	ambig_opp_strand	unspliced	22928	26	RIGEL_NRNA_chr9_1_76704847_76710661		RIGEL_NRNA_chr9_1_76704847_76710661	nrna
A00839:75:H7MFFDSXY:3:1421:3206:17816	chr9	76709908	76710057	False	436	150M	255	0	3	0.5023230910301208	ambig_opp_strand	unspliced	22928	17	ENST00000428286.5	PRUNE2	ENSG00000106772.19	mrna
A00839:75:H7MFFDSXY:3:1532:22137:17221	chr9	76709028	76709177	False	414	150M	255	0	3	0.6198620200157166	ambig_opp_strand	unspliced	22928	19	ENST00000426088.5	PRUNE2	ENSG00000106772.19	mrna
A00839:75:H7MFFDSXY:3:1166:18973:18912	chr9	76707030	76707179	False	395	150M	255	1	5	0.09625133126974106	ambig_opp_strand	unspliced	-1	19	.	.	.	mrna
A00839:75:H7MFFDSXY:3:2533:20618:31657	chr9	76709814	76709963	True	-212	150M	255	2	25	0.9667470455169678	ambig_opp_strand	unspliced	22928	19	RIGEL_NRNA_chr9_1_76704847_76710661		RIGEL_NRNA_chr9_1_76704847_76710661	nrna
A00839:75:H7MFFDSXY:3:1375:21269:25394	chr9	76704011	76704160	True	-379	150M	255	2	5	0.9892029762268066	ambig_opp_strand	unspliced	-1	12	.	.	.	mrna
A00839:75:H7MFFDSXY:3:2160:4707:33505	chr9	76707054	76707203	True	-357	150M	255	1	25	0.7825691103935242	ambig_opp_strand	unspliced	22928	19	RIGEL_NRNA_chr9_1_76704847_76710661		RIGEL_NRNA_chr9_1_76704847_76710661	nrna
A00839:75:H7MFFDSXY:3:2112:30933:31892	chr9	76707027	76707176	False	210	150M	255	1	3	0.6876925230026245	ambig_opp_strand	unspliced	22928	19	ENST00000426088.5	PRUNE2	ENSG00000106772.19	mrna
A00839:75:H7MFFDSXY:3:1374:25590:19413	chr9	76705604	76705753	False	209	150M	255	1	3	0.6876864433288574	ambig_opp_strand	unspliced	22928	19	ENST00000426088.5	PRUNE2	ENSG00000106772.19	mrna
A00839:75:H7MFFDSXY:3:1625:20564:8703	chr9	76703495	76703644	True	-312	150M	255	1	5	0.8356784582138062	ambig_opp_strand	unspliced	-1	12	.	.	.	mrna
A00839:75:H7MFFDSXY:3:1172:22209:13808	chr9	76705286	76705435	False	292	150M	255	0	3	0.20503446459770203	ambig_opp_strand	unspliced	22928	19	ENST00000428286.5	PRUNE2	ENSG00000106772.19	mrna
A00839:75:H7MFFDSXY:3:1648:29821:25394	chr9	76708331	76708449	False	119	119M	255	0	3	0.6834810376167297	ambig_opp_strand	unspliced	22928	19	ENST00000426088.5	PRUNE2	ENSG00000106772.19	mrna
A00839:75:H7MFFDSXY:3:2168:31901:13119	chr9	76704887	76705036	True	-333	150M	255	3	5	0.904229462146759	ambig_opp_strand	unspliced	-1	12	.	.	.	mrna
A00839:75:H7MFFDSXY:3:2441:21287:4163	chr9	76706716	76706865	True	-233	150M	255	0	25	0.9664286375045776	ambig_opp_strand	unspliced	22928	19	RIGEL_NRNA_chr9_1_76704847_76710661		RIGEL_NRNA_chr9_1_76704847_76710661	nrna
A00839:75:H7MFFDSXY:3:2236:6641:22764	chr9	76705191	76705340	False	381	150M	255	0	3	0.19303973019123077	ambig_opp_strand	unspliced	22928	19	ENST00000428286.5	PRUNE2	ENSG00000106772.19	mrna
A00839:75:H7MFFDSXY:3:1426:28194:13839	chr9	76703274	76703423	False	502	150M	255	0	5	0.9983534812927246	ambig_opp_strand	unspliced	-1	12	.	.	.	mrna
A00839:75:H7MFFDSXY:3:2244:3314:24737	chr9	76703644	76703793	False	199	150M	255	1	3	0.6876935958862305	ambig_opp_strand	unspliced	22928	12	ENST00000426088.5	PRUNE2	ENSG00000106772.19	mrna
A00839:75:H7MFFDSXY:3:1436:11116:26162	chr9	76706107	76706256	True	-249	150M	255	0	25	0.9651727676391602	ambig_opp_strand	unspliced	22928	19	RIGEL_NRNA_chr9_1_76704847_76710661		RIGEL_NRNA_chr9_1_76704847_76710661	nrna
A00839:75:H7MFFDSXY:3:1564:7446:22968	chr9	76707746	76707895	True	-304	150M	255	2	25	0.9421267509460449	ambig_opp_strand	unspliced	22928	19	RIGEL_NRNA_chr9_1_76704847_76710661		RIGEL_NRNA_chr9_1_76704847_76710661	nrna
A00839:75:H7MFFDSXY:3:2423:7084:36307	chr9	76704876	76705025	False	336	150M	255	0	3	0.6836103200912476	ambig_opp_strand	unspliced	22928	22	ENST00000426088.5	PRUNE2	ENSG00000106772.19	mrna
A00839:75:H7MFFDSXY:3:2341:17824:7748	chr9	76709465	76709614	True	-276	150M	255	1	25	0.958121120929718	ambig_opp_strand	unspliced	22928	19	RIGEL_NRNA_chr9_1_76704847_76710661		RIGEL_NRNA_chr9_1_76704847_76710661	nrna
A00839:75:H7MFFDSXY:3:2270:28474:26506	chr9	76708410	76708559	False	284	150M	255	1	3	0.6871089339256287	ambig_opp_strand	unspliced	22928	19	ENST00000426088.5	PRUNE2	ENSG00000106772.19	mrna
A00839:75:H7MFFDSXY:3:2137:13783:17660	chr9	76703243	76703392	True	-245	150M	255	0	5	0.5889093279838562	ambig_opp_strand	unspliced	-1	14	.	.	.	mrna
A00839:75:H7MFFDSXY:3:1627:27814:20196	chr9	76704921	76705070	False	398	150M	255	0	3	0.6250395178794861	ambig_opp_strand	unspliced	22928	22	ENST00000426088.5	PRUNE2	ENSG00000106772.19	mrna
A00839:75:H7MFFDSXY:3:2440:29984:14403	chr9	76704802	76704951	True	-266	150M	255	0	5	0.654083251953125	ambig_opp_strand	unspliced	-1	12	.	.	.	mrna
A00839:75:H7MFFDSXY:3:1277:2175:34475	chr9	76706454	76706603	False	161	150M	255	0	3	0.20514003932476044	ambig_opp_strand	unspliced	22928	19	ENST00000428286.5	PRUNE2	ENSG00000106772.19	mrna
A00839:75:H7MFFDSXY:3:1510:3902:36965	chr9	76705660	76705809	False	294	150M	255	1	3	0.6868479251861572	ambig_opp_strand	unspliced	22928	19	ENST00000426088.5	PRUNE2	ENSG00000106772.19	mrna
A00839:75:H7MFFDSXY:3:2636:14271:18317	chr9	76708779	76708928	False	308	150M	255	0	3	0.6862510442733765	ambig_opp_strand	unspliced	22928	19	ENST00000426088.5	PRUNE2	ENSG00000106772.19	mrna
A00839:75:H7MFFDSXY:3:1372:17436:2597	chr9	76703154	76703303	False	288	150M	255	1	5	0.9234215617179871	ambig_opp_strand	unspliced	-1	14	.	.	.	mrna
A00839:75:H7MFFDSXY:3:1550:11261:17769	chr9	76706449	76706598	True	-302	150M	255	0	25	0.9437927603721619	ambig_opp_strand	unspliced	22928	19	RIGEL_NRNA_chr9_1_76704847_76710661		RIGEL_NRNA_chr9_1_76704847_76710661	nrna
A00839:75:H7MFFDSXY:3:2562:21441:30890	chr9	76706125	76706274	False	240	150M	255	0	3	0.6876629590988159	ambig_opp_strand	unspliced	22928	19	ENST00000426088.5	PRUNE2	ENSG00000106772.19	mrna
A00839:75:H7MFFDSXY:3:1323:1425:5932	chr9	76705381	76705530	True	-268	150M	255	0	25	0.9057173132896423	ambig_opp_strand	unspliced	22928	26	RIGEL_NRNA_chr9_1_76704847_76710661		RIGEL_NRNA_chr9_1_76704847_76710661	nrna
A00839:75:H7MFFDSXY:3:2651:11035:31594	chr9	76707145	76707294	True	-218	150M	255	1	25	0.9668340086936951	ambig_opp_strand	unspliced	22928	19	RIGEL_NRNA_chr9_1_76704847_76710661		RIGEL_NRNA_chr9_1_76704847_76710661	nrna
A00839:75:H7MFFDSXY:3:1117:2871:23469	chr9	76706691	76706840	True	-307	150M	255	0	25	0.939137876033783	ambig_opp_strand	unspliced	22928	19	RIGEL_NRNA_chr9_1_76704847_76710661		RIGEL_NRNA_chr9_1_76704847_76710661	nrna
A00839:75:H7MFFDSXY:3:2448:14868:8202	chr9	76707034	76707183	False	384	150M	255	1	3	0.6394971609115601	ambig_opp_strand	unspliced	22928	19	ENST00000426088.5	PRUNE2	ENSG00000106772.19	mrna
A00839:75:H7MFFDSXY:3:1470:10628:26005	chr9	76705299	76705448	True	-327	150M	255	0	25	0.8615729212760925	ambig_opp_strand	unspliced	22928	26	RIGEL_NRNA_chr9_1_76704847_76710661		RIGEL_NRNA_chr9_1_76704847_76710661	nrna
A00839:75:H7MFFDSXY:3:2670:18964:28604	chr9	76704771	76704920	True	-328	150M	255	0	25	0.10944749414920807	ambig_opp_strand	unspliced	22928	12	RIGEL_NRNA_chr9_1_76700179_76740086		RIGEL_NRNA_chr9_1_76700179_76740086	nrna
A00839:75:H7MFFDSXY:3:1136:18249:7012	chr9	76709517	76709666	False	513	150M	255	0	3	0.6263735890388489	ambig_opp_strand	unspliced	22928	19	ENST00000426088.5	PRUNE2	ENSG00000106772.19	mrna
A00839:75:H7MFFDSXY:3:1340:9733:29089	chr9	76705061	76705210	True	-153	150M	255	0	25	0.9042177796363831	ambig_opp_strand	unspliced	22928	24	RIGEL_NRNA_chr9_1_76704847_76710661		RIGEL_NRNA_chr9_1_76704847_76710661	nrna
A00839:75:H7MFFDSXY:3:1455:7238:2816	chr9	76704018	76704167	True	-345	150M	255	2	5	0.9385024905204773	ambig_opp_strand	unspliced	-1	12	.	.	.	mrna
A00839:75:H7MFFDSXY:3:2311:31286:25895	chr9	76703404	76703568	True	-170	56M15D94M	255	16	5	0.4689588248729706	ambig_opp_strand	unspliced	-1	12	.	.	.	mrna
A00839:75:H7MFFDSXY:3:1618:10059:21292	chr9	76704692	76704841	False	369	150M	255	0	5	0.9954085350036621	ambig_opp_strand	unspliced	-1	12	.	.	.	mrna
A00839:75:H7MFFDSXY:3:2342:1353:31610	chr9	76703231	76703380	False	315	150M	255	0	5	0.9591468572616577	ambig_opp_strand	unspliced	-1	12	.	.	.	mrna
A00839:75:H7MFFDSXY:3:1313:15555:10488	chr9	76708585	76708734	False	544	150M	255	0	3	0.6426066160202026	ambig_opp_strand	unspliced	22928	19	ENST00000426088.5	PRUNE2	ENSG00000106772.19	mrna
A00839:75:H7MFFDSXY:3:1664:28953:10864	chr9	76704819	76704968	False	394	150M	255	0	3	0.6275637745857239	ambig_opp_strand	unspliced	22928	14	ENST00000426088.5	PRUNE2	ENSG00000106772.19	mrna
A00839:75:H7MFFDSXY:3:2465:6560:12978	chr9	76705909	76706058	True	-223	150M	255	0	25	0.9669535160064697	ambig_opp_strand	unspliced	22928	19	RIGEL_NRNA_chr9_1_76704847_76710661		RIGEL_NRNA_chr9_1_76704847_76710661	nrna
A00839:75:H7MFFDSXY:3:1454:13015:1924	chr9	76703260	76703409	False	193	150M	255	0	5	0.8647139072418213	ambig_opp_strand	unspliced	-1	12	.	.	.	mrna
A00839:75:H7MFFDSXY:3:1674:17309:5321	chr9	76705073	76705222	True	-409	150M	255	0	5	0.961333692073822	ambig_opp_strand	unspliced	-1	14	.	.	.	mrna
A00839:75:H7MFFDSXY:3:2219:11026:32581	chr9	76709258	76709407	True	-280	150M	3	1	128	0.0	.	unknown	-1	0	.	.	.	mrna
A00839:75:H7MFFDSXY:3:1335:30933:28980	chr9	76703561	76703710	True	-393	150M	255	0	5	0.9936465620994568	ambig_opp_strand	unspliced	-1	12	.	.	.	mrna
A00839:75:H7MFFDSXY:3:2612:21938:29935	chr9	76709788	76709937	False	369	150M	255	1	3	0.666290283203125	ambig_opp_strand	unspliced	22928	19	ENST00000426088.5	PRUNE2	ENSG00000106772.19	mrna
A00839:75:H7MFFDSXY:3:1554:27877:22310	chr9	76706775	76706924	False	165	150M	255	0	3	0.6873559951782227	ambig_opp_strand	unspliced	22928	19	ENST00000426088.5	PRUNE2	ENSG00000106772.19	mrna
A00839:75:H7MFFDSXY:3:1248:3613:19210	chr9	76704886	76705035	False	291	150M	255	0	3	0.6869444251060486	ambig_opp_strand	unspliced	22928	22	ENST00000426088.5	PRUNE2	ENSG00000106772.19	mrna
A00839:75:H7MFFDSXY:3:2533:28158:23923	chr9	76709311	76709460	True	-375	150M	255	0	25	0.5816000699996948	ambig_opp_strand	unspliced	22928	19	RIGEL_NRNA_chr9_1_76704847_76710661		RIGEL_NRNA_chr9_1_76704847_76710661	nrna
A00839:75:H7MFFDSXY:3:2509:11668:25927	chr9	76707430	76707579	True	-238	150M	255	0	25	0.9663636684417725	ambig_opp_strand	unspliced	22928	19	RIGEL_NRNA_chr9_1_76704847_76710661		RIGEL_NRNA_chr9_1_76704847_76710661	nrna
A00839:75:H7MFFDSXY:3:1467:3097:5572	chr9	76703781	76703930	False	254	150M	255	0	3	0.6876015663146973	ambig_opp_strand	unspliced	22928	12	ENST00000426088.5	PRUNE2	ENSG00000106772.19	mrna
A00839:75:H7MFFDSXY:3:2136:25473:18145	chr9	76707127	76707276	True	-280	150M	255	1	25	0.9568665623664856	ambig_opp_strand	unspliced	22928	19	RIGEL_NRNA_chr9_1_76704847_76710661		RIGEL_NRNA_chr9_1_76704847_76710661	nrna
A00839:75:H7MFFDSXY:3:2339:10194:28322	chr9	76707913	76708042	True	-130	130M	255	0	25	0.9217378497123718	ambig_opp_strand	unspliced	22928	19	RIGEL_NRNA_chr9_1_76704847_76710661		RIGEL_NRNA_chr9_1_76704847_76710661	nrna
A00839:75:H7MFFDSXY:3:1357:20437:36699	chr9	76705529	76705678	False	328	150M	255	2	3	0.2043714076280594	ambig_opp_strand	unspliced	22928	19	ENST00000428286.5	PRUNE2	ENSG00000106772.19	mrna
A00839:75:H7MFFDSXY:3:1539:1967:10661	chr9	76707655	76707803	False	390	149M1S	255	1	3	0.6305058002471924	ambig_opp_strand	unspliced	22928	19	ENST00000426088.5	PRUNE2	ENSG00000106772.19	mrna
A00839:75:H7MFFDSXY:3:2575:3875:8046	chr9	76707293	76707442	False	332	150M	255	0	3	0.6841681003570557	ambig_opp_strand	unspliced	22928	19	ENST00000426088.5	PRUNE2	ENSG00000106772.19	mrna
A00839:75:H7MFFDSXY:3:1501:17463:31046	chr9	76707853	76708002	False	302	150M	255	0	3	0.2049187421798706	ambig_opp_strand	unspliced	22928	19	ENST00000428286.5	PRUNE2	ENSG00000106772.19	mrna
A00839:75:H7MFFDSXY:3:1141:32904:21934	chr9	76706306	76706455	False	265	150M	255	1	3	0.20518720149993896	ambig_opp_strand	unspliced	22928	19	ENST00000428286.5	PRUNE2	ENSG00000106772.19	mrna
A00839:75:H7MFFDSXY:3:2346:11586:36088	chr9	76703835	76703984	True	-316	150M	255	0	5	0.7237403392791748	ambig_opp_strand	unspliced	-1	12	.	.	.	mrna
A00839:75:H7MFFDSXY:3:1516:14045:27038	chr9	76709308	76709457	True	-328	150M	255	0	25	0.9095603823661804	ambig_opp_strand	unspliced	22928	19	RIGEL_NRNA_chr9_1_76704847_76710661		RIGEL_NRNA_chr9_1_76704847_76710661	nrna
A00839:75:H7MFFDSXY:3:2374:7916:18458	chr9	76705111	76705260	True	-199	150M	255	0	25	0.9153581857681274	ambig_opp_strand	unspliced	22928	24	RIGEL_NRNA_chr9_1_76704847_76710661		RIGEL_NRNA_chr9_1_76704847_76710661	nrna
A00839:75:H7MFFDSXY:3:1537:27380:34569	chr9	76705710	76705859	False	341	150M	255	1	3	0.6824187636375427	ambig_opp_strand	unspliced	22928	19	ENST00000426088.5	PRUNE2	ENSG00000106772.19	mrna
A00839:75:H7MFFDSXY:3:2301:25048:11490	chr9	76705779	76705928	True	-235	150M	255	0	25	0.9663810133934021	ambig_opp_strand	unspliced	22928	19	RIGEL_NRNA_chr9_1_76704847_76710661		RIGEL_NRNA_chr9_1_76704847_76710661	nrna
A00839:75:H7MFFDSXY:3:2169:6054:27665	chr9	76708176	76708325	False	561	150M	255	0	3	0.6511891484260559	ambig_opp_strand	unspliced	22928	19	ENST00000426088.5	PRUNE2	ENSG00000106772.19	mrna
A00839:75:H7MFFDSXY:3:2427:6840:32377	chr9	76706333	76706482	False	425	150M	255	1	5	0.0839153304696083	ambig_opp_strand	unspliced	-1	19	.	.	.	mrna
A00839:75:H7MFFDSXY:3:1440:3757:20776	chr9	76706769	76706918	True	-259	150M	255	0	25	0.9631220698356628	ambig_opp_strand	unspliced	22928	19	RIGEL_NRNA_chr9_1_76704847_76710661		RIGEL_NRNA_chr9_1_76704847_76710661	nrna
A00839:75:H7MFFDSXY:3:2556:8576:26741	chr9	76708028	76708177	True	-328	150M	255	0	25	0.9095603227615356	ambig_opp_strand	unspliced	22928	19	RIGEL_NRNA_chr9_1_76704847_76710661		RIGEL_NRNA_chr9_1_76704847_76710661	nrna
A00839:75:H7MFFDSXY:3:1643:10963:13557	chr9	76708541	76708690	True	-208	150M	255	0	25	0.9667582511901855	ambig_opp_strand	unspliced	22928	19	RIGEL_NRNA_chr9_1_76704847_76710661		RIGEL_NRNA_chr9_1_76704847_76710661	nrna
A00839:75:H7MFFDSXY:3:2201:17607:6089	chr9	76703949	76704098	True	-260	150M	255	2	5	0.4498465061187744	ambig_opp_strand	unspliced	-1	12	.	.	.	mrna
A00839:75:H7MFFDSXY:3:1164:32696:28119	chr9	76708181	76708330	True	-276	150M	255	0	25	0.958121120929718	ambig_opp_strand	unspliced	22928	19	RIGEL_NRNA_chr9_1_76704847_76710661		RIGEL_NRNA_chr9_1_76704847_76710661	nrna
A00839:75:H7MFFDSXY:3:1310:30201:15374	chr9	76708604	76708753	False	234	150M	255	0	3	0.6876724362373352	ambig_opp_strand	unspliced	22928	19	ENST00000426088.5	PRUNE2	ENSG00000106772.19	mrna
A00839:75:H7MFFDSXY:3:2662:6343:32894	chr9	76705962	76706111	False	328	150M	255	0	3	0.6846956014633179	ambig_opp_strand	unspliced	22928	19	ENST00000426088.5	PRUNE2	ENSG00000106772.19	mrna
A00839:75:H7MFFDSXY:3:2604:5213:6825	chr9	76703348	76703512	False	298	112M15D38M	255	15	3	0.10251928865909576	ambig_opp_strand	unspliced	22928	12	ENST00000376718.8	PRUNE2	ENSG00000106772.19	mrna
A00839:75:H7MFFDSXY:3:1263:12825:9204	chr9	76707181	76707330	True	-236	150M	255	0	25	0.9663633108139038	ambig_opp_strand	unspliced	22928	19	RIGEL_NRNA_chr9_1_76704847_76710661		RIGEL_NRNA_chr9_1_76704847_76710661	nrna
A00839:75:H7MFFDSXY:3:1218:22616:11412	chr9	76706027	76706176	True	-342	150M	255	0	25	0.868690550327301	ambig_opp_strand	unspliced	22928	19	RIGEL_NRNA_chr9_1_76704847_76710661		RIGEL_NRNA_chr9_1_76704847_76710661	nrna
A00839:75:H7MFFDSXY:3:1616:15854:5243	chr9	76708260	76708409	False	263	150M	255	0	3	0.2051994502544403	ambig_opp_strand	unspliced	22928	19	ENST00000428286.5	PRUNE2	ENSG00000106772.19	mrna
A00839:75:H7MFFDSXY:3:1447:15890:2331	chr9	76706552	76706701	True	-211	150M	255	0	25	0.966702938079834	ambig_opp_strand	unspliced	22928	19	RIGEL_NRNA_chr9_1_76704847_76710661		RIGEL_NRNA_chr9_1_76704847_76710661	nrna
A00839:75:H7MFFDSXY:3:2643:18322:26459	chr9	76703475	76703597	False	152	27S123M	255	1	3	0.687681257724762	ambig_opp_strand	unspliced	22928	12	ENST00000426088.5	PRUNE2	ENSG00000106772.19	mrna
A00839:75:H7MFFDSXY:3:1312:28565:14638	chr9	76705461	76705610	False	230	150M	255	0	3	0.20526611804962158	ambig_opp_strand	unspliced	22928	19	ENST00000428286.5	PRUNE2	ENSG00000106772.19	mrna
A00839:75:H7MFFDSXY:3:1301:18647:29747	chr9	76705661	76705810	False	361	150M	255	1	3	0.6742077469825745	ambig_opp_strand	unspliced	22928	19	ENST00000426088.5	PRUNE2	ENSG00000106772.19	mrna
A00839:75:H7MFFDSXY:3:1178:1416:27712	chr9	76707554	76707703	False	383	150M	255	0	3	0.6394756436347961	ambig_opp_strand	unspliced	22928	19	ENST00000426088.5	PRUNE2	ENSG00000106772.19	mrna
A00839:75:H7MFFDSXY:3:1220:32018:16579	chr9	76703886	76704035	True	-408	150M	255	1	5	0.9874346852302551	ambig_opp_strand	unspliced	-1	12	.	.	.	mrna
A00839:75:H7MFFDSXY:3:1448:7039:8985	chr9	76704988	76705137	True	-310	150M	255	0	3	0.3664182722568512	ambig_opp_strand	unspliced	22928	20	ENST00000643823.1	PCA3	ENSG00000225937.3	mrna
A00839:75:H7MFFDSXY:3:1159:20283:2738	chr9	76707078	76707227	True	-212	150M	255	1	25	0.9667470455169678	ambig_opp_strand	unspliced	22928	19	RIGEL_NRNA_chr9_1_76704847_76710661		RIGEL_NRNA_chr9_1_76704847_76710661	nrna
A00839:75:H7MFFDSXY:3:1336:4598:14309	chr9	76705225	76705374	True	-330	150M	255	0	25	0.8622891902923584	ambig_opp_strand	unspliced	22928	22	RIGEL_NRNA_chr9_1_76704847_76710661		RIGEL_NRNA_chr9_1_76704847_76710661	nrna
A00839:75:H7MFFDSXY:3:1438:6216:9752	chr9	76709696	76709845	False	307	150M	255	1	3	0.6862872838973999	ambig_opp_strand	unspliced	22928	19	ENST00000426088.5	PRUNE2	ENSG00000106772.19	mrna
A00839:75:H7MFFDSXY:3:1122:30110:8108	chr9	76708009	76708158	False	253	150M	255	0	3	0.6875770092010498	ambig_opp_strand	unspliced	22928	19	ENST00000426088.5	PRUNE2	ENSG00000106772.19	mrna
A00839:75:H7MFFDSXY:3:1471:14995:19633	chr9	76706305	76706454	True	-319	150M	255	1	25	0.924102783203125	ambig_opp_strand	unspliced	22928	19	RIGEL_NRNA_chr9_1_76704847_76710661		RIGEL_NRNA_chr9_1_76704847_76710661	nrna
A00839:75:H7MFFDSXY:3:1163:13376:6652	chr9	76708863	76709012	True	-255	150M	255	0	25	0.9639359712600708	ambig_opp_strand	unspliced	22928	19	RIGEL_NRNA_chr9_1_76704847_76710661		RIGEL_NRNA_chr9_1_76704847_76710661	nrna
A00839:75:H7MFFDSXY:3:1469:3974:30044	chr9	76708465	76708614	False	253	150M	255	0	3	0.6875770092010498	ambig_opp_strand	unspliced	22928	19	ENST00000426088.5	PRUNE2	ENSG00000106772.19	mrna
A00839:75:H7MFFDSXY:3:1371:30843:10692	chr9	76708365	76708514	False	278	150M	255	0	3	0.20512636005878448	ambig_opp_strand	unspliced	22928	19	ENST00000428286.5	PRUNE2	ENSG00000106772.19	mrna
A00839:75:H7MFFDSXY:3:1442:29586:30937	chr9	76705907	76706056	True	-305	150M	255	0	25	0.9414353370666504	ambig_opp_strand	unspliced	22928	19	RIGEL_NRNA_chr9_1_76704847_76710661		RIGEL_NRNA_chr9_1_76704847_76710661	nrna
A00839:75:H7MFFDSXY:3:1549:8992:18286	chr9	76703483	76703602	True	-120	120M	255	1	5	0.825416088104248	ambig_opp_strand	unspliced	-1	12	.	.	.	mrna
A00839:75:H7MFFDSXY:3:1613:22770:1626	chr9	76703402	76703566	False	345	58M15D92M	255	17	3	0.20338763296604156	ambig_opp_strand	unspliced	22928	12	ENST00000428286.5	PRUNE2	ENSG00000106772.19	mrna
A00839:75:H7MFFDSXY:3:2602:16984:9737	chr9	76705792	76705941	True	-275	150M	255	0	25	0.9583810567855835	ambig_opp_strand	unspliced	22928	19	RIGEL_NRNA_chr9_1_76704847_76710661		RIGEL_NRNA_chr9_1_76704847_76710661	nrna
A00839:75:H7MFFDSXY:3:2358:28320:23954	chr9	76703818	76703967	True	-400	150M	255	0	5	0.986018180847168	ambig_opp_strand	unspliced	-1	12	.	.	.	mrna
A00839:75:H7MFFDSXY:3:2510:16468:18959	chr9	76708843	76708992	True	-381	150M	255	0	5	0.4830669164657593	ambig_opp_strand	unspliced	-1	19	.	.	.	mrna
A00839:75:H7MFFDSXY:3:2352:17508:22106	chr9	76707063	76707212	False	337	150M	255	1	3	0.6832884550094604	ambig_opp_strand	unspliced	22928	19	ENST00000426088.5	PRUNE2	ENSG00000106772.19	mrna
A00839:75:H7MFFDSXY:3:2555:30138:14826	chr9	76709270	76709419	True	-193	150M	255	0	25	0.9654096961021423	ambig_opp_strand	unspliced	22928	19	RIGEL_NRNA_chr9_1_76704847_76710661		RIGEL_NRNA_chr9_1_76704847_76710661	nrna
A00839:75:H7MFFDSXY:3:2223:25825:25488	chr9	76709554	76709703	True	-258	150M	255	0	25	0.9633492231369019	ambig_opp_strand	unspliced	22928	19	RIGEL_NRNA_chr9_1_76704847_76710661		RIGEL_NRNA_chr9_1_76704847_76710661	nrna
A00839:75:H7MFFDSXY:3:1258:5593:20729	chr9	76708062	76708211	True	-210	150M	255	0	25	0.9667727947235107	ambig_opp_strand	unspliced	22928	19	RIGEL_NRNA_chr9_1_76704847_76710661		RIGEL_NRNA_chr9_1_76704847_76710661	nrna
A00839:75:H7MFFDSXY:3:1178:12111:12289	chr9	76707070	76707219	False	269	150M	255	1	3	0.6873747706413269	ambig_opp_strand	unspliced	22928	19	ENST00000426088.5	PRUNE2	ENSG00000106772.19	mrna
A00839:75:H7MFFDSXY:3:2552:8052:36855	chr9	76703732	76703881	True	-407	150M	255	1	5	0.9859507083892822	ambig_opp_strand	unspliced	-1	12	.	.	.	mrna
A00839:75:H7MFFDSXY:3:2556:23421:35258	chr9	76706442	76706591	False	210	150M	255	0	3	0.6876925230026245	ambig_opp_strand	unspliced	22928	19	ENST00000426088.5	PRUNE2	ENSG00000106772.19	mrna
A00839:75:H7MFFDSXY:3:1656:23701:32080	chr9	76705985	76706134	False	324	150M	255	0	3	0.6851239204406738	ambig_opp_strand	unspliced	22928	19	ENST00000426088.5	PRUNE2	ENSG00000106772.19	mrna
A00839:75:H7MFFDSXY:3:1477:4463:30170	chr9	76709710	76709859	True	-301	150M	255	1	25	0.9446953535079956	ambig_opp_strand	unspliced	22928	19	RIGEL_NRNA_chr9_1_76704847_76710661		RIGEL_NRNA_chr9_1_76704847_76710661	nrna
A00839:75:H7MFFDSXY:3:1661:23936:3490	chr9	76706675	76706824	True	-319	150M	255	0	25	0.924102783203125	ambig_opp_strand	unspliced	22928	19	RIGEL_NRNA_chr9_1_76704847_76710661		RIGEL_NRNA_chr9_1_76704847_76710661	nrna
A00839:75:H7MFFDSXY:3:2242:3016:22780	chr9	76708784	76708933	False	250	150M	255	0	3	0.6876111626625061	ambig_opp_strand	unspliced	22928	19	ENST00000426088.5	PRUNE2	ENSG00000106772.19	mrna
A00839:75:H7MFFDSXY:3:2103:20862:16297	chr9	76703817	76703966	True	-277	150M	255	0	25	0.21937738358974457	ambig_opp_strand	unspliced	22928	12	RIGEL_NRNA_chr9_1_76700179_76740086		RIGEL_NRNA_chr9_1_76700179_76740086	nrna
A00839:75:H7MFFDSXY:3:2470:6497:11303	chr9	76705152	76705301	False	219	150M	255	0	3	0.1026616245508194	ambig_opp_strand	unspliced	22928	26	ENST00000376718.8	PRUNE2	ENSG00000106772.19	mrna
A00839:75:H7MFFDSXY:3:1122:24867:19633	chr9	76706320	76706469	False	265	150M	255	1	3	0.6874287128448486	ambig_opp_strand	unspliced	22928	19	ENST00000426088.5	PRUNE2	ENSG00000106772.19	mrna
A00839:75:H7MFFDSXY:3:2354:16703:8406	chr9	76703394	76703558	True	-232	66M15D84M	255	16	25	0.417308509349823	ambig_opp_strand	unspliced	22928	12	RIGEL_NRNA_chr9_1_76700179_76740086		RIGEL_NRNA_chr9_1_76700179_76740086	nrna
A00839:75:H7MFFDSXY:3:2476:21160:30248	chr9	76706622	76706762	True	-141	141M	255	0	25	0.9425186514854431	ambig_opp_strand	unspliced	22928	19	RIGEL_NRNA_chr9_1_76704847_76710661		RIGEL_NRNA_chr9_1_76704847_76710661	nrna
A00839:75:H7MFFDSXY:3:1641:21486:23672	chr9	76708583	76708732	True	-252	150M	255	0	25	0.9648228883743286	ambig_opp_strand	unspliced	22928	19	RIGEL_NRNA_chr9_1_76704847_76710661		RIGEL_NRNA_chr9_1_76704847_76710661	nrna
A00839:75:H7MFFDSXY:3:1644:29631:10034	chr9	76708433	76708582	False	270	150M	255	0	3	0.20516791939735413	ambig_opp_strand	unspliced	22928	19	ENST00000428286.5	PRUNE2	ENSG00000106772.19	mrna
A00839:75:H7MFFDSXY:3:2573:7591:1235	chr9	76706031	76706180	True	-336	150M	255	0	25	0.890399158000946	ambig_opp_strand	unspliced	22928	19	RIGEL_NRNA_chr9_1_76704847_76710661		RIGEL_NRNA_chr9_1_76704847_76710661	nrna
A00839:75:H7MFFDSXY:3:1302:22435:12727	chr9	76705048	76705197	False	202	150M	255	0	3	0.6876649260520935	ambig_opp_strand	unspliced	22928	22	ENST00000426088.5	PRUNE2	ENSG00000106772.19	mrna
A00839:75:H7MFFDSXY:3:2509:1208:29700	chr9	76706896	76707045	True	-240	150M	255	1	25	0.9661750793457031	ambig_opp_strand	unspliced	22928	19	RIGEL_NRNA_chr9_1_76704847_76710661		RIGEL_NRNA_chr9_1_76704847_76710661	nrna
A00839:75:H7MFFDSXY:3:1445:11731:22310	chr9	76703809	76703958	True	-367	150M	255	0	5	0.9541862607002258	ambig_opp_strand	unspliced	-1	12	.	.	.	mrna
A00839:75:H7MFFDSXY:3:1354:20500:33489	chr9	76706172	76706321	True	-350	150M	255	0	25	0.8259350061416626	ambig_opp_strand	unspliced	22928	19	RIGEL_NRNA_chr9_1_76704847_76710661		RIGEL_NRNA_chr9_1_76704847_76710661	nrna
A00839:75:H7MFFDSXY:3:1578:24722:18662	chr9	76705928	76706077	False	206	150M	255	0	3	0.20526167750358582	ambig_opp_strand	unspliced	22928	19	ENST00000428286.5	PRUNE2	ENSG00000106772.19	mrna
A00839:75:H7MFFDSXY:3:1461:7211:22435	chr9	76704722	76704871	True	-328	150M	255	0	5	0.8874887228012085	ambig_opp_strand	unspliced	-1	12	.	.	.	mrna
A00839:75:H7MFFDSXY:3:1371:10167:28964	chr9	76708478	76708627	False	242	150M	255	0	3	0.10265502333641052	ambig_opp_strand	unspliced	22928	19	ENST00000376718.8	PRUNE2	ENSG00000106772.19	mrna
A00839:75:H7MFFDSXY:3:1369:26368:19476	chr9	76705256	76705400	False	145	145M	255	0	3	0.6866602897644043	ambig_opp_strand	unspliced	22928	26	ENST00000426088.5	PRUNE2	ENSG00000106772.19	mrna
A00839:75:H7MFFDSXY:3:2143:9136:22294	chr9	76706899	76707028	False	130	130M	255	1	3	0.20457042753696442	ambig_opp_strand	unspliced	22928	19	ENST00000428286.5	PRUNE2	ENSG00000106772.19	mrna
A00839:75:H7MFFDSXY:3:1237:3079:29559	chr9	76707263	76707412	False	346	150M	255	0	3	0.10167546570301056	ambig_opp_strand	unspliced	22928	19	ENST00000376718.8	PRUNE2	ENSG00000106772.19	mrna
A00839:75:H7MFFDSXY:3:1524:32099:3380	chr9	76705913	76706062	False	225	150M	255	1	3	0.20526756346225739	ambig_opp_strand	unspliced	22928	19	ENST00000428286.5	PRUNE2	ENSG00000106772.19	mrna
A00839:75:H7MFFDSXY:3:1468:7907:5447	chr9	76705640	76705789	True	-164	150M	255	2	25	0.9595118761062622	ambig_opp_strand	unspliced	22928	19	RIGEL_NRNA_chr9_1_76704847_76710661		RIGEL_NRNA_chr9_1_76704847_76710661	nrna
A00839:75:H7MFFDSXY:3:1578:1551:1830	chr9	76707074	76707223	False	459	150M	255	1	3	0.6210213899612427	ambig_opp_strand	unspliced	22928	19	ENST00000426088.5	PRUNE2	ENSG00000106772.19	mrna
A00839:75:H7MFFDSXY:3:2610:21685:10457	chr9	76708908	76709057	True	-243	150M	255	0	25	0.9657849073410034	ambig_opp_strand	unspliced	22928	19	RIGEL_NRNA_chr9_1_76704847_76710661		RIGEL_NRNA_chr9_1_76704847_76710661	nrna
A00839:75:H7MFFDSXY:3:2232:14705:6010	chr9	76709238	76709387	True	-168	150M	255	1	25	0.9608948826789856	ambig_opp_strand	unspliced	22928	19	RIGEL_NRNA_chr9_1_76704847_76710661		RIGEL_NRNA_chr9_1_76704847_76710661	nrna
A00839:75:H7MFFDSXY:3:1674:27145:4883	chr9	76706554	76706703	True	-202	150M	255	0	25	0.966254472732544	ambig_opp_strand	unspliced	22928	19	RIGEL_NRNA_chr9_1_76704847_76710661		RIGEL_NRNA_chr9_1_76704847_76710661	nrna
A00839:75:H7MFFDSXY:3:2650:25988:28557	chr9	76708890	76709039	False	380	150M	255	1	5	0.05863712355494499	ambig_opp_strand	unspliced	-1	19	.	.	.	mrna
A00839:75:H7MFFDSXY:3:1414:16740:3427	chr9	76709429	76709578	True	-312	150M	255	1	5	0.04696259647607803	ambig_opp_strand	unspliced	-1	19	.	.	.	mrna
A00839:75:H7MFFDSXY:3:1633:3721:27007	chr9	76706347	76706496	False	322	150M	255	1	3	0.6852644681930542	ambig_opp_strand	unspliced	22928	19	ENST00000426088.5	PRUNE2	ENSG00000106772.19	mrna
A00839:75:H7MFFDSXY:3:1443:16396:25347	chr9	76703327	76703467	False	141	141M9S	255	2	5	0.9459794759750366	ambig_opp_strand	unspliced	-1	12	.	.	.	mrna
A00839:75:H7MFFDSXY:3:1544:21079:1986	chr9	76706065	76706214	True	-309	150M	255	0	25	0.93660968542099	ambig_opp_strand	unspliced	22928	19	RIGEL_NRNA_chr9_1_76704847_76710661		RIGEL_NRNA_chr9_1_76704847_76710661	nrna
A00839:75:H7MFFDSXY:3:1420:28565:10786	chr9	76708666	76708815	False	327	150M	255	0	3	0.6847891211509705	ambig_opp_strand	unspliced	22928	19	ENST00000426088.5	PRUNE2	ENSG00000106772.19	mrna
A00839:75:H7MFFDSXY:3:2413:12445:22200	chr9	76703529	76703678	True	-287	150M	255	1	5	0.5620746612548828	ambig_opp_strand	unspliced	-1	12	.	.	.	mrna
A00839:75:H7MFFDSXY:3:2336:11053:9987	chr9	76709720	76709869	False	205	150M	255	1	3	0.68767911195755	ambig_opp_strand	unspliced	22928	19	ENST00000426088.5	PRUNE2	ENSG00000106772.19	mrna
A00839:75:H7MFFDSXY:3:2532:8043:36839	chr9	76708611	76708760	True	-285	150M	255	0	25	0.9547692537307739	ambig_opp_strand	unspliced	22928	19	RIGEL_NRNA_chr9_1_76704847_76710661		RIGEL_NRNA_chr9_1_76704847_76710661	nrna
A00839:75:H7MFFDSXY:3:1473:21477:3865	chr9	76706108	76706257	False	243	150M	255	0	3	0.6876435875892639	ambig_opp_strand	unspliced	22928	19	ENST00000426088.5	PRUNE2	ENSG00000106772.19	mrna
A00839:75:H7MFFDSXY:3:1335:14660:24126	chr9	76705685	76705834	True	-340	150M	255	1	25	0.8744585514068604	ambig_opp_strand	unspliced	22928	19	RIGEL_NRNA_chr9_1_76704847_76710661		RIGEL_NRNA_chr9_1_76704847_76710661	nrna
A00839:75:H7MFFDSXY:3:1170:2636:15515	chr9	76705449	76705598	False	301	150M	255	0	3	0.6865760087966919	ambig_opp_strand	unspliced	22928	19	ENST00000426088.5	PRUNE2	ENSG00000106772.19	mrna
A00839:75:H7MFFDSXY:3:1369:4237:22576	chr9	76708939	76709088	False	299	150M	255	0	3	0.6866758465766907	ambig_opp_strand	unspliced	22928	19	ENST00000426088.5	PRUNE2	ENSG00000106772.19	mrna
A00839:75:H7MFFDSXY:3:2415:32832:32988	chr9	76708606	76708755	False	237	150M	255	0	3	0.6876675486564636	ambig_opp_strand	unspliced	22928	19	ENST00000426088.5	PRUNE2	ENSG00000106772.19	mrna
A00839:75:H7MFFDSXY:3:2208:20455:27962	chr9	76706838	76706987	False	390	150M	255	1	3	0.6305058002471924	ambig_opp_strand	unspliced	22928	19	ENST00000426088.5	PRUNE2	ENSG00000106772.19	mrna
A00839:75:H7MFFDSXY:3:1609:8558:18693	chr9	76708211	76708360	False	294	150M	255	0	3	0.6868479251861572	ambig_opp_strand	unspliced	22928	19	ENST00000426088.5	PRUNE2	ENSG00000106772.19	mrna
A00839:75:H7MFFDSXY:3:2222:19018:24909	chr9	76705429	76705578	False	337	150M	255	0	3	0.6832884550094604	ambig_opp_strand	unspliced	22928	19	ENST00000426088.5	PRUNE2	ENSG00000106772.19	mrna
A00839:75:H7MFFDSXY:3:1272:4589:17707	chr9	76706998	76707147	False	221	150M	255	0	3	0.6876934170722961	ambig_opp_strand	unspliced	22928	19	ENST00000426088.5	PRUNE2	ENSG00000106772.19	mrna
A00839:75:H7MFFDSXY:3:1409:15212:36699	chr9	76707759	76707907	False	260	1S149M	255	1	3	0.6874977946281433	ambig_opp_strand	unspliced	22928	19	ENST00000426088.5	PRUNE2	ENSG00000106772.19	mrna
A00839:75:H7MFFDSXY:3:1636:23999:36511	chr9	76706181	76706330	False	171	150M	255	0	3	0.10262278467416763	ambig_opp_strand	unspliced	22928	19	ENST00000376718.8	PRUNE2	ENSG00000106772.19	mrna
A00839:75:H7MFFDSXY:3:1361:7907:21418	chr9	76707447	76707596	True	-222	150M	255	0	25	0.9667351841926575	ambig_opp_strand	unspliced	22928	19	RIGEL_NRNA_chr9_1_76704847_76710661		RIGEL_NRNA_chr9_1_76704847_76710661	nrna
A00839:75:H7MFFDSXY:3:1364:17797:22608	chr9	76707821	76707970	True	-313	150M	255	0	25	0.9326575994491577	ambig_opp_strand	unspliced	22928	19	RIGEL_NRNA_chr9_1_76704847_76710661		RIGEL_NRNA_chr9_1_76704847_76710661	nrna
A00839:75:H7MFFDSXY:3:2335:27588:17237	chr9	76709527	76709676	False	192	150M	255	0	3	0.2052438110113144	ambig_opp_strand	unspliced	22928	19	ENST00000428286.5	PRUNE2	ENSG00000106772.19	mrna
A00839:75:H7MFFDSXY:3:1640:21856:8406	chr9	76709718	76709867	True	-302	150M	255	1	25	0.9437927603721619	ambig_opp_strand	unspliced	22928	19	RIGEL_NRNA_chr9_1_76704847_76710661		RIGEL_NRNA_chr9_1_76704847_76710661	nrna
A00839:75:H7MFFDSXY:3:1549:8919:17284	chr9	76705383	76705532	True	-317	150M	255	0	25	0.8761169910430908	ambig_opp_strand	unspliced	22928	26	RIGEL_NRNA_chr9_1_76704847_76710661		RIGEL_NRNA_chr9_1_76704847_76710661	nrna
A00839:75:H7MFFDSXY:3:2274:14931:29825	chr9	76703531	76703680	True	-344	150M	255	1	25	0.057483918964862823	ambig_opp_strand	unspliced	22928	12	RIGEL_NRNA_chr9_1_76700179_76740086		RIGEL_NRNA_chr9_1_76700179_76740086	nrna
A00839:75:H7MFFDSXY:3:1246:12029:16845	chr9	76706381	76706530	True	-220	150M	255	0	25	0.9668225646018982	ambig_opp_strand	unspliced	22928	19	RIGEL_NRNA_chr9_1_76704847_76710661		RIGEL_NRNA_chr9_1_76704847_76710661	nrna
A00839:75:H7MFFDSXY:3:1249:30725:25457	chr9	76709220	76709333	False	268	36S114M	255	1	3	0.20517686009407043	ambig_opp_strand	unspliced	22928	19	ENST00000428286.5	PRUNE2	ENSG00000106772.19	mrna
A00839:75:H7MFFDSXY:3:1613:10601:8923	chr9	76709268	76709417	True	-198	150M	0	0	128	0.0	.	unknown	-1	0	.	.	.	mrna
A00839:75:H7MFFDSXY:3:1307:26747:13902	chr9	76703614	76703763	False	330	150M	255	1	3	0.10218774527311325	ambig_opp_strand	unspliced	22928	12	ENST00000376718.8	PRUNE2	ENSG00000106772.19	mrna
A00839:75:H7MFFDSXY:3:1619:5412:27806	chr9	76708547	76708696	False	431	150M	255	0	3	0.6271123290061951	ambig_opp_strand	unspliced	22928	19	ENST00000426088.5	PRUNE2	ENSG00000106772.19	mrna
A00839:75:H7MFFDSXY:3:1424:20690:22795	chr9	76706088	76706237	True	-345	150M	255	0	25	0.852953314781189	ambig_opp_strand	unspliced	22928	19	RIGEL_NRNA_chr9_1_76704847_76710661		RIGEL_NRNA_chr9_1_76704847_76710661	nrna
A00839:75:H7MFFDSXY:3:2352:14823:13949	chr9	76707734	76707868	True	-135	135M	255	2	25	0.9331395626068115	ambig_opp_strand	unspliced	22928	19	RIGEL_NRNA_chr9_1_76704847_76710661		RIGEL_NRNA_chr9_1_76704847_76710661	nrna
A00839:75:H7MFFDSXY:3:1539:24677:7373	chr9	76703700	76703849	False	262	150M	255	1	3	0.10263343155384064	ambig_opp_strand	unspliced	22928	12	ENST00000376718.8	PRUNE2	ENSG00000106772.19	mrna
A00839:75:H7MFFDSXY:3:2542:20772:10755	chr9	76706018	76706167	False	376	150M	255	3	3	0.655756413936615	ambig_opp_strand	unspliced	22928	19	ENST00000426088.5	PRUNE2	ENSG00000106772.19	mrna
A00839:75:H7MFFDSXY:3:2109:14443:33458	chr9	76706165	76706314	False	450	150M	255	1	3	0.6238647699356079	ambig_opp_strand	unspliced	22928	19	ENST00000426088.5	PRUNE2	ENSG00000106772.19	mrna
A00839:75:H7MFFDSXY:3:1660:20274:31908	chr9	76708317	76708466	True	-257	150M	255	0	25	0.96361243724823	ambig_opp_strand	unspliced	22928	19	RIGEL_NRNA_chr9_1_76704847_76710661		RIGEL_NRNA_chr9_1_76704847_76710661	nrna
A00839:75:H7MFFDSXY:3:2361:32425:16313	chr9	76708033	76708182	True	-185	150M	255	0	25	0.9646268486976624	ambig_opp_strand	unspliced	22928	19	RIGEL_NRNA_chr9_1_76704847_76710661		RIGEL_NRNA_chr9_1_76704847_76710661	nrna
A00839:75:H7MFFDSXY:3:2140:30499:9659	chr9	76708815	76708964	True	-383	150M	255	0	5	0.5260846614837646	ambig_opp_strand	unspliced	-1	19	.	.	.	mrna
A00839:75:H7MFFDSXY:3:1217:6822:17566	chr9	76704591	76704740	False	320	150M	255	1	5	0.964733362197876	ambig_opp_strand	unspliced	-1	12	.	.	.	mrna
A00839:75:H7MFFDSXY:3:2454:26033:37027	chr9	76707127	76707276	True	-421	150M	255	1	25	0.3620251417160034	ambig_opp_strand	unspliced	22928	19	RIGEL_NRNA_chr9_1_76704847_76710661		RIGEL_NRNA_chr9_1_76704847_76710661	nrna
A00839:75:H7MFFDSXY:3:2160:17797:21793	chr9	76708122	76708271	True	-177	150M	255	0	25	0.9632415175437927	ambig_opp_strand	unspliced	22928	19	RIGEL_NRNA_chr9_1_76704847_76710661		RIGEL_NRNA_chr9_1_76704847_76710661	nrna
A00839:75:H7MFFDSXY:3:1533:28700:25457	chr9	76708134	76708283	True	-258	150M	255	0	25	0.9633492827415466	ambig_opp_strand	unspliced	22928	19	RIGEL_NRNA_chr9_1_76704847_76710661		RIGEL_NRNA_chr9_1_76704847_76710661	nrna
A00839:75:H7MFFDSXY:3:2304:17879:11757	chr9	76709801	76709950	True	-228	150M	255	1	25	0.9666654467582703	ambig_opp_strand	unspliced	22928	19	RIGEL_NRNA_chr9_1_76704847_76710661		RIGEL_NRNA_chr9_1_76704847_76710661	nrna
A00839:75:H7MFFDSXY:3:1427:24994:30279	chr9	76703822	76703957	True	-136	136M	255	0	25	0.1424902081489563	ambig_opp_strand	unspliced	22928	12	RIGEL_NRNA_chr9_1_76700179_76740086		RIGEL_NRNA_chr9_1_76700179_76740086	nrna
A00839:75:H7MFFDSXY:3:1233:11550:20149	chr9	76707221	76707370	True	-221	150M	0	1	128	0.0	.	unknown	-1	0	.	.	.	mrna
A00839:75:H7MFFDSXY:3:2255:27245:36777	chr9	76709194	76709331	True	-307	44M12I94M	3	13	128	0.0	.	unknown	-1	0	.	.	.	mrna
A00839:75:H7MFFDSXY:3:1643:6596:31641	chr9	76709534	76709683	True	-350	150M	255	0	25	0.8259350061416626	ambig_opp_strand	unspliced	22928	19	RIGEL_NRNA_chr9_1_76704847_76710661		RIGEL_NRNA_chr9_1_76704847_76710661	nrna
A00839:75:H7MFFDSXY:3:1345:14018:20885	chr9	76709784	76709933	False	300	150M	255	1	3	0.6866108775138855	ambig_opp_strand	unspliced	22928	19	ENST00000426088.5	PRUNE2	ENSG00000106772.19	mrna
A00839:75:H7MFFDSXY:3:1523:18747:18082	chr9	76706950	76707099	True	-205	150M	255	1	25	0.9665018916130066	ambig_opp_strand	unspliced	22928	19	RIGEL_NRNA_chr9_1_76704847_76710661		RIGEL_NRNA_chr9_1_76704847_76710661	nrna
A00839:75:H7MFFDSXY:3:1549:25825:12994	chr9	76707620	76707769	True	-261	150M	255	1	25	0.9627822041511536	ambig_opp_strand	unspliced	22928	19	RIGEL_NRNA_chr9_1_76704847_76710661		RIGEL_NRNA_chr9_1_76704847_76710661	nrna
A00839:75:H7MFFDSXY:3:2534:32922:17268	chr9	76706806	76706954	False	587	149M1S	255	0	3	0.6618654131889343	ambig_opp_strand	unspliced	22928	19	ENST00000426088.5	PRUNE2	ENSG00000106772.19	mrna
A00839:75:H7MFFDSXY:3:2641:3468:17206	chr9	76705995	76706144	False	327	150M	255	0	3	0.6847891211509705	ambig_opp_strand	unspliced	22928	19	ENST00000426088.5	PRUNE2	ENSG00000106772.19	mrna
A00839:75:H7MFFDSXY:3:1361:22119:6480	chr9	76708560	76708709	False	308	150M	255	0	3	0.6862510442733765	ambig_opp_strand	unspliced	22928	19	ENST00000426088.5	PRUNE2	ENSG00000106772.19	mrna
A00839:75:H7MFFDSXY:3:2557:18873:17801	chr9	76703680	76703829	False	278	150M	255	1	3	0.6872596144676208	ambig_opp_strand	unspliced	22928	12	ENST00000426088.5	PRUNE2	ENSG00000106772.19	mrna
A00839:75:H7MFFDSXY:3:2636:21549:13949	chr9	76708793	76708942	True	-275	150M	255	0	25	0.9583810567855835	ambig_opp_strand	unspliced	22928	19	RIGEL_NRNA_chr9_1_76704847_76710661		RIGEL_NRNA_chr9_1_76704847_76710661	nrna
A00839:75:H7MFFDSXY:3:2534:9878:33160	chr9	76709339	76709488	True	-424	150M	255	0	5	0.6081068515777588	ambig_opp_strand	unspliced	-1	19	.	.	.	mrna
A00839:75:H7MFFDSXY:3:1264:24994:34194	chr9	76705489	76705638	False	304	150M	255	1	3	0.6864429712295532	ambig_opp_strand	unspliced	22928	19	ENST00000426088.5	PRUNE2	ENSG00000106772.19	mrna
A00839:75:H7MFFDSXY:3:1436:20012:2362	chr9	76704612	76704761	False	374	150M	255	1	5	0.9966429471969604	ambig_opp_strand	unspliced	-1	12	.	.	.	mrna
A00839:75:H7MFFDSXY:3:1109:28528:10786	chr9	76707444	76707593	False	443	150M	255	0	5	0.11811535060405731	ambig_opp_strand	unspliced	-1	19	.	.	.	mrna
A00839:75:H7MFFDSXY:3:1434:26630:30138	chr9	76705253	76705402	True	-348	150M	255	0	25	0.8024566173553467	ambig_opp_strand	unspliced	22928	24	RIGEL_NRNA_chr9_1_76704847_76710661		RIGEL_NRNA_chr9_1_76704847_76710661	nrna
A00839:75:H7MFFDSXY:3:2173:4661:21089	chr9	76704718	76704867	False	339	150M	255	0	5	0.9806311726570129	ambig_opp_strand	unspliced	-1	12	.	.	.	mrna
A00839:75:H7MFFDSXY:3:2576:11912:28228	chr9	76708433	76708582	True	-301	150M	255	0	25	0.9446953535079956	ambig_opp_strand	unspliced	22928	19	RIGEL_NRNA_chr9_1_76704847_76710661		RIGEL_NRNA_chr9_1_76704847_76710661	nrna
A00839:75:H7MFFDSXY:3:2637:7374:26976	chr9	76707768	76707917	True	-258	150M	255	1	25	0.9633492827415466	ambig_opp_strand	unspliced	22928	19	RIGEL_NRNA_chr9_1_76704847_76710661		RIGEL_NRNA_chr9_1_76704847_76710661	nrna
A00839:75:H7MFFDSXY:3:1572:8865:29684	chr9	76704955	76705104	True	-337	150M	255	0	5	0.8379094004631042	ambig_opp_strand	unspliced	-1	12	.	.	.	mrna
A00839:75:H7MFFDSXY:3:2157:22869:33238	chr9	76706114	76706263	False	270	150M	255	0	3	0.6873641014099121	ambig_opp_strand	unspliced	22928	19	ENST00000426088.5	PRUNE2	ENSG00000106772.19	mrna
A00839:75:H7MFFDSXY:3:1178:32786:32816	chr9	76706551	76706700	True	-230	150M	255	0	25	0.9667847156524658	ambig_opp_strand	unspliced	22928	19	RIGEL_NRNA_chr9_1_76704847_76710661		RIGEL_NRNA_chr9_1_76704847_76710661	nrna
A00839:75:H7MFFDSXY:3:2540:7645:4961	chr9	76707181	76707330	False	214	150M	255	0	3	0.10266061127185822	ambig_opp_strand	unspliced	22928	19	ENST00000376718.8	PRUNE2	ENSG00000106772.19	mrna
A00839:75:H7MFFDSXY:3:2564:17689:29778	chr9	76707840	76707989	False	359	150M	255	1	3	0.6753053665161133	ambig_opp_strand	unspliced	22928	19	ENST00000426088.5	PRUNE2	ENSG00000106772.19	mrna
A00839:75:H7MFFDSXY:3:2102:12545:24251	chr9	76709528	76709677	True	-338	150M	255	1	25	0.883220911026001	ambig_opp_strand	unspliced	22928	19	RIGEL_NRNA_chr9_1_76704847_76710661		RIGEL_NRNA_chr9_1_76704847_76710661	nrna
A00839:75:H7MFFDSXY:3:1230:22462:27179	chr9	76709382	76709531	False	421	150M	255	1	3	0.6160792708396912	ambig_opp_strand	unspliced	22928	19	ENST00000426088.5	PRUNE2	ENSG00000106772.19	mrna
A00839:75:H7MFFDSXY:3:1544:14950:12007	chr9	76705898	76706047	True	-240	150M	255	0	25	0.9661750197410583	ambig_opp_strand	unspliced	22928	19	RIGEL_NRNA_chr9_1_76704847_76710661		RIGEL_NRNA_chr9_1_76704847_76710661	nrna
A00839:75:H7MFFDSXY:3:1415:9362:3803	chr9	76707156	76707305	True	-223	150M	255	0	25	0.9669535160064697	ambig_opp_strand	unspliced	22928	19	RIGEL_NRNA_chr9_1_76704847_76710661		RIGEL_NRNA_chr9_1_76704847_76710661	nrna
A00839:75:H7MFFDSXY:3:1404:24071:3944	chr9	76707993	76708142	True	-372	150M	255	0	25	0.6265829205513	ambig_opp_strand	unspliced	22928	19	RIGEL_NRNA_chr9_1_76704847_76710661		RIGEL_NRNA_chr9_1_76704847_76710661	nrna
A00839:75:H7MFFDSXY:3:1639:26440:15374	chr9	76709126	76709237	False	315	112M38S	3	0	128	0.0	.	unknown	-1	0	.	.	.	mrna
A00839:75:H7MFFDSXY:3:2273:1398:20290	chr9	76708265	76708414	False	187	150M	255	0	3	0.6875979900360107	ambig_opp_strand	unspliced	22928	19	ENST00000426088.5	PRUNE2	ENSG00000106772.19	mrna
A00839:75:H7MFFDSXY:3:1223:4779:31156	chr9	76709730	76709879	False	277	150M	255	1	3	0.6872378587722778	ambig_opp_strand	unspliced	22928	19	ENST00000426088.5	PRUNE2	ENSG00000106772.19	mrna
A00839:75:H7MFFDSXY:3:2510:24786:18677	chr9	76707683	76707832	False	224	150M	255	2	3	0.6876934766769409	ambig_opp_strand	unspliced	22928	19	ENST00000426088.5	PRUNE2	ENSG00000106772.19	mrna
A00839:75:H7MFFDSXY:3:1306:22535:1313	chr9	76709561	76709710	True	-259	150M	255	0	25	0.9631220698356628	ambig_opp_strand	unspliced	22928	19	RIGEL_NRNA_chr9_1_76704847_76710661		RIGEL_NRNA_chr9_1_76704847_76710661	nrna
A00839:75:H7MFFDSXY:3:2258:18385:35430	chr9	76709078	76709227	True	-167	150M	255	0	25	0.960575520992279	ambig_opp_strand	unspliced	22928	19	RIGEL_NRNA_chr9_1_76704847_76710661		RIGEL_NRNA_chr9_1_76704847_76710661	nrna
A00839:75:H7MFFDSXY:3:2520:29478:10050	chr9	76706124	76706273	False	331	150M	255	0	3	0.20426224172115326	ambig_opp_strand	unspliced	22928	19	ENST00000428286.5	PRUNE2	ENSG00000106772.19	mrna
A00839:75:H7MFFDSXY:3:1451:20925:34914	chr9	76705513	76705662	True	-441	150M	255	0	5	0.6131892204284668	ambig_opp_strand	unspliced	-1	19	.	.	.	mrna
A00839:75:H7MFFDSXY:3:2262:29875:11303	chr9	76708983	76709132	False	313	150M	255	0	3	0.20474480092525482	ambig_opp_strand	unspliced	22928	19	ENST00000428286.5	PRUNE2	ENSG00000106772.19	mrna
A00839:75:H7MFFDSXY:3:2437:9815:10191	chr9	76709418	76709567	False	374	150M	255	0	3	0.6585134863853455	ambig_opp_strand	unspliced	22928	19	ENST00000426088.5	PRUNE2	ENSG00000106772.19	mrna
A00839:75:H7MFFDSXY:3:1645:11487:31375	chr9	76708679	76708828	True	-257	150M	255	0	25	0.96361243724823	ambig_opp_strand	unspliced	22928	19	RIGEL_NRNA_chr9_1_76704847_76710661		RIGEL_NRNA_chr9_1_76704847_76710661	nrna
A00839:75:H7MFFDSXY:3:2311:25247:30906	chr9	76703088	76703235	False	428	28M2I120M	255	2	5	0.9985389113426208	ambig_opp_strand	unspliced	-1	12	.	.	.	mrna
A00839:75:H7MFFDSXY:3:2313:1732:13197	chr9	76708276	76708425	True	-211	150M	255	0	25	0.966702938079834	ambig_opp_strand	unspliced	22928	19	RIGEL_NRNA_chr9_1_76704847_76710661		RIGEL_NRNA_chr9_1_76704847_76710661	nrna
A00839:75:H7MFFDSXY:3:1105:25690:19554	chr9	76707531	76707680	True	-366	150M	255	0	25	0.6948869824409485	ambig_opp_strand	unspliced	22928	19	RIGEL_NRNA_chr9_1_76704847_76710661		RIGEL_NRNA_chr9_1_76704847_76710661	nrna
A00839:75:H7MFFDSXY:3:1244:25400:17331	chr9	76707156	76707305	True	-251	150M	255	0	25	0.9646784663200378	ambig_opp_strand	unspliced	22928	19	RIGEL_NRNA_chr9_1_76704847_76710661		RIGEL_NRNA_chr9_1_76704847_76710661	nrna
A00839:75:H7MFFDSXY:3:2107:16098:18255	chr9	76709038	76709187	True	-335	150M	255	0	25	0.8909632563591003	ambig_opp_strand	unspliced	22928	19	RIGEL_NRNA_chr9_1_76704847_76710661		RIGEL_NRNA_chr9_1_76704847_76710661	nrna
A00839:75:H7MFFDSXY:3:1675:14018:18411	chr9	76709261	76709410	True	-331	150M	255	1	25	0.9030069708824158	ambig_opp_strand	unspliced	22928	19	RIGEL_NRNA_chr9_1_76704847_76710661		RIGEL_NRNA_chr9_1_76704847_76710661	nrna
A00839:75:H7MFFDSXY:3:2424:30264:27320	chr9	76709615	76709764	False	417	150M	255	0	3	0.6167303323745728	ambig_opp_strand	unspliced	22928	19	ENST00000426088.5	PRUNE2	ENSG00000106772.19	mrna
A00839:75:H7MFFDSXY:3:2663:16857:30624	chr9	76704797	76704946	True	-315	150M	255	0	5	0.8429453372955322	ambig_opp_strand	unspliced	-1	12	.	.	.	mrna
A00839:75:H7MFFDSXY:3:1205:19379:2174	chr9	76709357	76709506	False	302	150M	255	1	3	0.6865293383598328	ambig_opp_strand	unspliced	22928	19	ENST00000426088.5	PRUNE2	ENSG00000106772.19	mrna
A00839:75:H7MFFDSXY:3:1309:12391:11083	chr9	76705565	76705714	True	-319	150M	255	0	25	0.924102783203125	ambig_opp_strand	unspliced	22928	19	RIGEL_NRNA_chr9_1_76704847_76710661		RIGEL_NRNA_chr9_1_76704847_76710661	nrna
A00839:75:H7MFFDSXY:3:1639:19470:36464	chr9	76703696	76703845	True	-371	150M	255	1	5	0.9648572206497192	ambig_opp_strand	unspliced	-1	12	.	.	.	mrna
A00839:75:H7MFFDSXY:3:1578:31882:1438	chr9	76708836	76708985	True	-406	150M	255	0	5	0.615693986415863	ambig_opp_strand	unspliced	-1	19	.	.	.	mrna
A00839:75:H7MFFDSXY:3:1229:14154:24878	chr9	76705839	76705988	True	-289	150M	255	0	25	0.9529128074645996	ambig_opp_strand	unspliced	22928	19	RIGEL_NRNA_chr9_1_76704847_76710661		RIGEL_NRNA_chr9_1_76704847_76710661	nrna
A00839:75:H7MFFDSXY:3:2635:30382:27305	chr9	76706183	76706332	True	-370	150M	255	0	5	0.34179171919822693	ambig_opp_strand	unspliced	-1	19	.	.	.	mrna
A00839:75:H7MFFDSXY:3:1540:29333:23453	chr9	76707033	76707182	True	-274	150M	255	1	25	0.9587619304656982	ambig_opp_strand	unspliced	22928	19	RIGEL_NRNA_chr9_1_76704847_76710661		RIGEL_NRNA_chr9_1_76704847_76710661	nrna
A00839:75:H7MFFDSXY:3:1126:1615:5040	chr9	76707405	76707554	True	-287	150M	255	0	25	0.9538480639457703	ambig_opp_strand	unspliced	22928	19	RIGEL_NRNA_chr9_1_76704847_76710661		RIGEL_NRNA_chr9_1_76704847_76710661	nrna
A00839:75:H7MFFDSXY:3:1170:5330:30984	chr9	76708258	76708407	True	-419	150M	255	1	5	0.6194213628768921	ambig_opp_strand	unspliced	-1	19	.	.	.	mrna
A00839:75:H7MFFDSXY:3:2242:20121:3176	chr9	76709264	76709411	False	302	2S148M	255	0	3	0.2049187421798706	ambig_opp_strand	unspliced	22928	19	ENST00000428286.5	PRUNE2	ENSG00000106772.19	mrna
A00839:75:H7MFFDSXY:3:2376:16342:12007	chr9	76706004	76706153	True	-435	150M	255	0	25	0.4200596809387207	ambig_opp_strand	unspliced	22928	19	RIGEL_NRNA_chr9_1_76704847_76710661		RIGEL_NRNA_chr9_1_76704847_76710661	nrna
A00839:75:H7MFFDSXY:3:1364:32362:5650	chr9	76703400	76703564	False	188	60M15D90M	255	17	3	0.6876367926597595	ambig_opp_strand	unspliced	22928	12	ENST00000426088.5	PRUNE2	ENSG00000106772.19	mrna
A00839:75:H7MFFDSXY:3:2578:32108:30953	chr9	76706313	76706462	True	-415	150M	255	1	25	0.38808706402778625	ambig_opp_strand	unspliced	22928	19	RIGEL_NRNA_chr9_1_76704847_76710661		RIGEL_NRNA_chr9_1_76704847_76710661	nrna
A00839:75:H7MFFDSXY:3:2636:19497:5791	chr9	76705629	76705778	True	-193	150M	255	1	25	0.9654096961021423	ambig_opp_strand	unspliced	22928	19	RIGEL_NRNA_chr9_1_76704847_76710661		RIGEL_NRNA_chr9_1_76704847_76710661	nrna
A00839:75:H7MFFDSXY:3:1628:15194:6449	chr9	76705825	76705974	False	210	150M	255	0	3	0.20526593923568726	ambig_opp_strand	unspliced	22928	19	ENST00000428286.5	PRUNE2	ENSG00000106772.19	mrna
A00839:75:H7MFFDSXY:3:1329:19443:4883	chr9	76705848	76705997	True	-304	150M	255	1	25	0.9421267509460449	ambig_opp_strand	unspliced	22928	19	RIGEL_NRNA_chr9_1_76704847_76710661		RIGEL_NRNA_chr9_1_76704847_76710661	nrna
A00839:75:H7MFFDSXY:3:1225:2293:35900	chr9	76705191	76705340	False	228	150M	255	0	3	0.6876850128173828	ambig_opp_strand	unspliced	22928	26	ENST00000426088.5	PRUNE2	ENSG00000106772.19	mrna
A00839:75:H7MFFDSXY:3:2251:28845:5729	chr9	76706038	76706187	True	-408	150M	255	0	5	0.6182475686073303	ambig_opp_strand	unspliced	-1	19	.	.	.	mrna
A00839:75:H7MFFDSXY:3:1526:20672:22075	chr9	76705989	76706138	False	376	150M	255	0	3	0.09789318591356277	ambig_opp_strand	unspliced	22928	19	ENST00000376718.8	PRUNE2	ENSG00000106772.19	mrna
A00839:75:H7MFFDSXY:3:2365:22399:4805	chr9	76708030	76708179	True	-432	150M	255	2	25	0.39696353673934937	ambig_opp_strand	unspliced	22928	19	RIGEL_NRNA_chr9_1_76704847_76710661		RIGEL_NRNA_chr9_1_76704847_76710661	nrna
A00839:75:H7MFFDSXY:3:2139:24487:17754	chr9	76709668	76709817	False	407	150M	255	0	3	0.09345537424087524	ambig_opp_strand	unspliced	22928	19	ENST00000376718.8	PRUNE2	ENSG00000106772.19	mrna
A00839:75:H7MFFDSXY:3:1257:32235:32487	chr9	76707877	76708026	False	416	150M	255	1	3	0.6231619715690613	ambig_opp_strand	unspliced	22928	19	ENST00000426088.5	PRUNE2	ENSG00000106772.19	mrna
A00839:75:H7MFFDSXY:3:1654:15772:23359	chr9	76709559	76709708	False	312	150M	255	0	3	0.685969889163971	ambig_opp_strand	unspliced	22928	19	ENST00000426088.5	PRUNE2	ENSG00000106772.19	mrna
A00839:75:H7MFFDSXY:3:1613:28971:11115	chr9	76705640	76705789	True	-410	150M	255	1	25	0.39412400126457214	ambig_opp_strand	unspliced	22928	19	RIGEL_NRNA_chr9_1_76704847_76710661		RIGEL_NRNA_chr9_1_76704847_76710661	nrna
A00839:75:H7MFFDSXY:3:2501:12328:30107	chr9	76706411	76706560	False	244	150M	255	0	3	0.6876394748687744	ambig_opp_strand	unspliced	22928	19	ENST00000426088.5	PRUNE2	ENSG00000106772.19	mrna
A00839:75:H7MFFDSXY:3:2555:22191:24392	chr9	76708767	76708916	True	-436	150M	255	0	25	0.4051983058452606	ambig_opp_strand	unspliced	22928	19	RIGEL_NRNA_chr9_1_76704847_76710661		RIGEL_NRNA_chr9_1_76704847_76710661	nrna
A00839:75:H7MFFDSXY:3:1151:9417:3490	chr9	76704829	76704978	False	396	150M	255	0	3	0.6215091943740845	ambig_opp_strand	unspliced	22928	20	ENST00000426088.5	PRUNE2	ENSG00000106772.19	mrna
A00839:75:H7MFFDSXY:3:2536:13404:1094	chr9	76708561	76708710	True	-339	150M	255	0	25	0.8803491592407227	ambig_opp_strand	unspliced	22928	19	RIGEL_NRNA_chr9_1_76704847_76710661		RIGEL_NRNA_chr9_1_76704847_76710661	nrna
A00839:75:H7MFFDSXY:3:2557:24062:32330	chr9	76708184	76708333	True	-267	150M	255	0	5	0.018517091870307922	ambig_opp_strand	unspliced	-1	19	.	.	.	mrna
A00839:75:H7MFFDSXY:3:2253:24840:24596	chr9	76709529	76709678	True	-308	150M	255	0	25	0.9384443759918213	ambig_opp_strand	unspliced	22928	19	RIGEL_NRNA_chr9_1_76704847_76710661		RIGEL_NRNA_chr9_1_76704847_76710661	nrna
A00839:75:H7MFFDSXY:3:2646:28637:22686	chr9	76703475	76703624	True	-370	150M	255	1	5	0.9816823601722717	ambig_opp_strand	unspliced	-1	12	.	.	.	mrna
A00839:75:H7MFFDSXY:3:2649:11116:17112	chr9	76705879	76706028	False	237	150M	255	0	3	0.10265696048736572	ambig_opp_strand	unspliced	22928	19	ENST00000376718.8	PRUNE2	ENSG00000106772.19	mrna
A00839:75:H7MFFDSXY:3:1416:19922:2519	chr9	76708367	76708516	True	-305	150M	255	0	25	0.9414353370666504	ambig_opp_strand	unspliced	22928	19	RIGEL_NRNA_chr9_1_76704847_76710661		RIGEL_NRNA_chr9_1_76704847_76710661	nrna
A00839:75:H7MFFDSXY:3:1152:20889:8265	chr9	76704940	76705089	True	-316	150M	255	0	25	0.126351460814476	ambig_opp_strand	unspliced	22928	12	RIGEL_NRNA_chr9_1_76700179_76740086		RIGEL_NRNA_chr9_1_76700179_76740086	nrna
A00839:75:H7MFFDSXY:3:1631:13458:23202	chr9	76706160	76706309	True	-334	150M	255	0	25	0.8956617712974548	ambig_opp_strand	unspliced	22928	19	RIGEL_NRNA_chr9_1_76704847_76710661		RIGEL_NRNA_chr9_1_76704847_76710661	nrna
A00839:75:H7MFFDSXY:3:1407:23529:17002	chr9	76703574	76703723	False	393	150M	255	0	5	0.09438332915306091	ambig_opp_strand	unspliced	-1	12	.	.	.	mrna
A00839:75:H7MFFDSXY:3:2156:29225:15311	chr9	76709707	76709856	False	316	150M	255	1	3	0.20468562841415405	ambig_opp_strand	unspliced	22928	19	ENST00000428286.5	PRUNE2	ENSG00000106772.19	mrna
A00839:75:H7MFFDSXY:3:2421:22896:21042	chr9	76706862	76707011	False	423	150M	255	2	3	0.6203043460845947	ambig_opp_strand	unspliced	22928	19	ENST00000426088.5	PRUNE2	ENSG00000106772.19	mrna
A00839:75:H7MFFDSXY:3:1171:21061:16673	chr9	76705120	76705269	True	-379	150M	255	0	5	0.45703816413879395	ambig_opp_strand	unspliced	-1	22	.	.	.	mrna
A00839:75:H7MFFDSXY:3:1123:9733:21919	chr9	76704832	76704981	False	243	150M	255	0	3	0.2052612155675888	ambig_opp_strand	unspliced	22928	20	ENST00000428286.5	PRUNE2	ENSG00000106772.19	mrna
A00839:75:H7MFFDSXY:3:1527:20636:20603	chr9	76707450	76707599	False	359	150M	255	3	3	0.6753053665161133	ambig_opp_strand	unspliced	22928	19	ENST00000426088.5	PRUNE2	ENSG00000106772.19	mrna
A00839:75:H7MFFDSXY:3:2261:27868:12242	chr9	76703998	76704147	True	-342	150M	255	3	5	0.9291517734527588	ambig_opp_strand	unspliced	-1	12	.	.	.	mrna
A00839:75:H7MFFDSXY:3:1318:4698:16016	chr9	76705071	76705220	False	282	150M	255	0	3	0.6871458888053894	ambig_opp_strand	unspliced	22928	24	ENST00000426088.5	PRUNE2	ENSG00000106772.19	mrna
A00839:75:H7MFFDSXY:3:1252:6641:35164	chr9	76705389	76705538	False	301	150M	255	2	3	0.6865760087966919	ambig_opp_strand	unspliced	22928	19	ENST00000426088.5	PRUNE2	ENSG00000106772.19	mrna
A00839:75:H7MFFDSXY:3:2230:15962:33144	chr9	76709506	76709655	False	449	150M	255	0	5	0.0893295630812645	ambig_opp_strand	unspliced	-1	19	.	.	.	mrna
A00839:75:H7MFFDSXY:3:1610:2519:6668	chr9	76709170	76709307	False	341	68M12I70M	255	13	3	0.6824187636375427	ambig_opp_strand	unspliced	22928	19	ENST00000426088.5	PRUNE2	ENSG00000106772.19	mrna
A00839:75:H7MFFDSXY:3:2350:22309:32205	chr9	76708376	76708525	False	320	150M	255	0	3	0.6854382157325745	ambig_opp_strand	unspliced	22928	19	ENST00000426088.5	PRUNE2	ENSG00000106772.19	mrna
A00839:75:H7MFFDSXY:3:2333:23402:29152	chr9	76705547	76705696	True	-216	150M	255	0	25	0.9668790698051453	ambig_opp_strand	unspliced	22928	19	RIGEL_NRNA_chr9_1_76704847_76710661		RIGEL_NRNA_chr9_1_76704847_76710661	nrna
A00839:75:H7MFFDSXY:3:1316:12491:10598	chr9	76705320	76705469	False	385	150M	255	0	3	0.6345973014831543	ambig_opp_strand	unspliced	22928	19	ENST00000426088.5	PRUNE2	ENSG00000106772.19	mrna
A00839:75:H7MFFDSXY:3:1165:1461:7185	chr9	76705225	76705374	True	-228	150M	255	0	25	0.9109472632408142	ambig_opp_strand	unspliced	22928	26	RIGEL_NRNA_chr9_1_76704847_76710661		RIGEL_NRNA_chr9_1_76704847_76710661	nrna
A00839:75:H7MFFDSXY:3:1403:7319:3771	chr9	76703896	76704045	True	-290	150M	255	1	3	0.15349605679512024	ambig_opp_strand	unspliced	22928	12	ENST00000426088.5	PRUNE2	ENSG00000106772.19	mrna
A00839:75:H7MFFDSXY:3:1446:25898:17534	chr9	76707020	76707130	True	-111	111M	255	0	25	0.8772060871124268	ambig_opp_strand	unspliced	22928	19	RIGEL_NRNA_chr9_1_76704847_76710661		RIGEL_NRNA_chr9_1_76704847_76710661	nrna
A00839:75:H7MFFDSXY:3:1464:9805:4194	chr9	76704027	76704176	True	-335	150M	255	2	5	0.9107689261436462	ambig_opp_strand	unspliced	-1	12	.	.	.	mrna
A00839:75:H7MFFDSXY:3:1242:30508:6543	chr9	76707164	76707313	True	-460	150M	255	0	25	0.3859299123287201	ambig_opp_strand	unspliced	22928	19	RIGEL_NRNA_chr9_1_76704847_76710661		RIGEL_NRNA_chr9_1_76704847_76710661	nrna
A00839:75:H7MFFDSXY:3:1148:20094:7294	chr9	76704920	76705069	True	-404	150M	255	0	5	0.9938181638717651	ambig_opp_strand	unspliced	-1	12	.	.	.	mrna
A00839:75:H7MFFDSXY:3:2167:15817:24752	chr9	76708678	76708827	True	-297	150M	255	0	25	0.948104739189148	ambig_opp_strand	unspliced	22928	19	RIGEL_NRNA_chr9_1_76704847_76710661		RIGEL_NRNA_chr9_1_76704847_76710661	nrna
A00839:75:H7MFFDSXY:3:1525:24749:13322	chr9	76705306	76705455	True	-492	150M	255	0	5	0.5714665651321411	ambig_opp_strand	unspliced	-1	22	.	.	.	mrna
A00839:75:H7MFFDSXY:3:2550:4282:10974	chr9	76709140	76709277	True	-308	98M12I40M	255	13	25	0.9384443759918213	ambig_opp_strand	unspliced	22928	19	RIGEL_NRNA_chr9_1_76704847_76710661		RIGEL_NRNA_chr9_1_76704847_76710661	nrna
A00839:75:H7MFFDSXY:3:1558:21621:16360	chr9	76707372	76707521	True	-189	150M	255	1	25	0.9651983380317688	ambig_opp_strand	unspliced	22928	19	RIGEL_NRNA_chr9_1_76704847_76710661		RIGEL_NRNA_chr9_1_76704847_76710661	nrna
A00839:75:H7MFFDSXY:3:1437:28013:20635	chr9	76709005	76709154	False	224	150M	255	0	3	0.6876934766769409	ambig_opp_strand	unspliced	22928	19	ENST00000426088.5	PRUNE2	ENSG00000106772.19	mrna
A00839:75:H7MFFDSXY:3:2463:30490:15937	chr9	76705104	76705253	False	157	150M	255	0	3	0.6871588230133057	ambig_opp_strand	unspliced	22928	26	ENST00000426088.5	PRUNE2	ENSG00000106772.19	mrna
A00839:75:H7MFFDSXY:3:1159:3586:6230	chr9	76707946	76708095	False	329	150M	255	0	3	0.6845665574073792	ambig_opp_strand	unspliced	22928	19	ENST00000426088.5	PRUNE2	ENSG00000106772.19	mrna
A00839:75:H7MFFDSXY:3:2216:8666:2159	chr9	76704972	76705121	False	204	150M	255	0	3	0.6876786947250366	ambig_opp_strand	unspliced	22928	22	ENST00000426088.5	PRUNE2	ENSG00000106772.19	mrna
A00839:75:H7MFFDSXY:3:2475:7627:3114	chr9	76707828	76707977	False	312	150M	255	0	3	0.10240352898836136	ambig_opp_strand	unspliced	22928	19	ENST00000376718.8	PRUNE2	ENSG00000106772.19	mrna
A00839:75:H7MFFDSXY:3:1647:6479:7420	chr9	76707465	76707614	False	221	150M	255	0	3	0.6876934170722961	ambig_opp_strand	unspliced	22928	19	ENST00000426088.5	PRUNE2	ENSG00000106772.19	mrna
A00839:75:H7MFFDSXY:3:1465:2347:26068	chr9	76709465	76709614	True	-230	150M	255	0	25	0.9667847156524658	ambig_opp_strand	unspliced	22928	19	RIGEL_NRNA_chr9_1_76704847_76710661		RIGEL_NRNA_chr9_1_76704847_76710661	nrna
A00839:75:H7MFFDSXY:3:2201:21784:25441	chr9	76706125	76706274	False	154	150M	255	0	3	0.6870932579040527	ambig_opp_strand	unspliced	22928	19	ENST00000426088.5	PRUNE2	ENSG00000106772.19	mrna
A00839:75:H7MFFDSXY:3:1549:17038:25488	chr9	76708840	76708989	True	-316	150M	255	0	25	0.9289258122444153	ambig_opp_strand	unspliced	22928	19	RIGEL_NRNA_chr9_1_76704847_76710661		RIGEL_NRNA_chr9_1_76704847_76710661	nrna
A00839:75:H7MFFDSXY:3:2175:4291:11866	chr9	76704742	76704891	True	-280	150M	255	1	25	0.286472350358963	ambig_opp_strand	unspliced	22928	12	RIGEL_NRNA_chr9_1_76700179_76740086		RIGEL_NRNA_chr9_1_76700179_76740086	nrna
A00839:75:H7MFFDSXY:3:1502:29912:14403	chr9	76709145	76709282	True	-323	93M12I45M	255	13	25	0.918117880821228	ambig_opp_strand	unspliced	22928	19	RIGEL_NRNA_chr9_1_76704847_76710661		RIGEL_NRNA_chr9_1_76704847_76710661	nrna
A00839:75:H7MFFDSXY:3:1526:6162:15859	chr9	76709869	76710009	False	141	141M	255	1	3	0.6864632964134216	ambig_opp_strand	unspliced	22928	19	ENST00000426088.5	PRUNE2	ENSG00000106772.19	mrna
A00839:75:H7MFFDSXY:3:1273:27579:32753	chr9	76707630	76707779	True	-368	150M	255	1	25	0.6756609678268433	ambig_opp_strand	unspliced	22928	19	RIGEL_NRNA_chr9_1_76704847_76710661		RIGEL_NRNA_chr9_1_76704847_76710661	nrna
A00839:75:H7MFFDSXY:3:2449:3332:35352	chr9	76708102	76708218	True	-117	117M	255	0	25	0.8762386441230774	ambig_opp_strand	unspliced	22928	19	RIGEL_NRNA_chr9_1_76704847_76710661		RIGEL_NRNA_chr9_1_76704847_76710661	nrna
A00839:75:H7MFFDSXY:3:1240:30563:2816	chr9	76709457	76709606	True	-320	150M	255	1	25	0.9231412410736084	ambig_opp_strand	unspliced	22928	19	RIGEL_NRNA_chr9_1_76704847_76710661		RIGEL_NRNA_chr9_1_76704847_76710661	nrna
A00839:75:H7MFFDSXY:3:2122:10357:25755	chr9	76706304	76706453	False	221	150M	255	1	3	0.6876934170722961	ambig_opp_strand	unspliced	22928	19	ENST00000426088.5	PRUNE2	ENSG00000106772.19	mrna
A00839:75:H7MFFDSXY:3:1307:14389:13322	chr9	76709140	76709277	False	415	98M12I40M	255	13	3	0.09300988167524338	ambig_opp_strand	unspliced	22928	19	ENST00000376718.8	PRUNE2	ENSG00000106772.19	mrna
A00839:75:H7MFFDSXY:3:1614:15600:16110	chr9	76704994	76705143	True	-370	150M	255	0	5	0.9618281126022339	ambig_opp_strand	unspliced	-1	12	.	.	.	mrna
A00839:75:H7MFFDSXY:3:2178:10420:10426	chr9	76705056	76705203	False	203	148M	255	0	3	0.6876675486564636	ambig_opp_strand	unspliced	22928	22	ENST00000426088.5	PRUNE2	ENSG00000106772.19	mrna
A00839:75:H7MFFDSXY:3:1433:28528:4805	chr9	76705184	76705333	False	413	150M	255	0	3	0.6159969568252563	ambig_opp_strand	unspliced	22928	19	ENST00000426088.5	PRUNE2	ENSG00000106772.19	mrna
A00839:75:H7MFFDSXY:3:1111:15573:18537	chr9	76708226	76708361	True	-135	136M	255	0	25	0.9364325404167175	ambig_opp_strand	unspliced	22928	19	RIGEL_NRNA_chr9_1_76704847_76710661		RIGEL_NRNA_chr9_1_76704847_76710661	nrna
A00839:75:H7MFFDSXY:3:2536:15908:12602	chr9	76705209	76705358	False	307	150M	255	0	3	0.6862850785255432	ambig_opp_strand	unspliced	22928	26	ENST00000426088.5	PRUNE2	ENSG00000106772.19	mrna
A00839:75:H7MFFDSXY:3:1424:27082:24439	chr9	76709849	76709998	False	378	150M	255	0	3	0.6514695286750793	ambig_opp_strand	unspliced	22928	19	ENST00000426088.5	PRUNE2	ENSG00000106772.19	mrna
A00839:75:H7MFFDSXY:3:1475:29161:15546	chr9	76708137	76708286	False	276	150M	255	0	3	0.20513704419136047	ambig_opp_strand	unspliced	22928	19	ENST00000428286.5	PRUNE2	ENSG00000106772.19	mrna
A00839:75:H7MFFDSXY:3:1123:1958:31125	chr9	76707312	76707461	True	-255	150M	255	0	25	0.9639359712600708	ambig_opp_strand	unspliced	22928	19	RIGEL_NRNA_chr9_1_76704847_76710661		RIGEL_NRNA_chr9_1_76704847_76710661	nrna
A00839:75:H7MFFDSXY:3:2509:15329:24032	chr9	76709966	76710115	True	-307	150M	255	0	25	0.939137876033783	ambig_opp_strand	unspliced	22928	19	RIGEL_NRNA_chr9_1_76704847_76710661		RIGEL_NRNA_chr9_1_76704847_76710661	nrna
A00839:75:H7MFFDSXY:3:2327:11632:28338	chr9	76705857	76706006	True	-225	150M	255	0	25	0.9668821096420288	ambig_opp_strand	unspliced	22928	19	RIGEL_NRNA_chr9_1_76704847_76710661		RIGEL_NRNA_chr9_1_76704847_76710661	nrna
A00839:75:H7MFFDSXY:3:1518:17255:3568	chr9	76707880	76708029	False	376	150M	255	0	3	0.19573348760604858	ambig_opp_strand	unspliced	22928	19	ENST00000428286.5	PRUNE2	ENSG00000106772.19	mrna
A00839:75:H7MFFDSXY:3:2270:15971:7701	chr9	76704840	76704989	True	-185	150M	255	0	3	0.09780851006507874	ambig_opp_strand	unspliced	22928	14	ENST00000426088.5	PRUNE2	ENSG00000106772.19	mrna
A00839:75:H7MFFDSXY:3:1671:1497:27383	chr9	76707762	76707911	True	-291	150M	255	1	25	0.9519134759902954	ambig_opp_strand	unspliced	22928	19	RIGEL_NRNA_chr9_1_76704847_76710661		RIGEL_NRNA_chr9_1_76704847_76710661	nrna
A00839:75:H7MFFDSXY:3:2575:20871:16814	chr9	76708456	76708605	True	-342	150M	255	0	5	0.11274643987417221	ambig_opp_strand	unspliced	-1	19	.	.	.	mrna
A00839:75:H7MFFDSXY:3:1571:18584:25128	chr9	76705927	76706076	False	376	150M	255	0	3	0.19573350250720978	ambig_opp_strand	unspliced	22928	19	ENST00000428286.5	PRUNE2	ENSG00000106772.19	mrna
A00839:75:H7MFFDSXY:3:2401:8666:36886	chr9	76709063	76709212	True	-156	150M	255	0	25	0.9558104872703552	ambig_opp_strand	unspliced	22928	19	RIGEL_NRNA_chr9_1_76704847_76710661		RIGEL_NRNA_chr9_1_76704847_76710661	nrna
A00839:75:H7MFFDSXY:3:2670:7898:33739	chr9	76706081	76706230	False	323	150M	255	1	3	0.20451177656650543	ambig_opp_strand	unspliced	22928	19	ENST00000428286.5	PRUNE2	ENSG00000106772.19	mrna
A00839:75:H7MFFDSXY:3:2319:19569:26804	chr9	76707302	76707451	False	389	150M	255	0	3	0.6225248575210571	ambig_opp_strand	unspliced	22928	19	ENST00000426088.5	PRUNE2	ENSG00000106772.19	mrna
A00839:75:H7MFFDSXY:3:1578:18738:19257	chr9	76706361	76706509	True	-311	1S149M	255	0	25	0.9347026348114014	ambig_opp_strand	unspliced	22928	19	RIGEL_NRNA_chr9_1_76704847_76710661		RIGEL_NRNA_chr9_1_76704847_76710661	nrna
A00839:75:H7MFFDSXY:3:2351:17689:5321	chr9	76705736	76705885	True	-400	150M	255	0	5	0.592392086982727	ambig_opp_strand	unspliced	-1	19	.	.	.	mrna
A00839:75:H7MFFDSXY:3:2301:10122:34929	chr9	76709636	76709785	False	440	150M	255	0	3	0.625857412815094	ambig_opp_strand	unspliced	22928	19	ENST00000426088.5	PRUNE2	ENSG00000106772.19	mrna
A00839:75:H7MFFDSXY:3:1312:23366:26678	chr9	76707048	76707197	True	-289	150M	255	1	25	0.9529128074645996	ambig_opp_strand	unspliced	22928	19	RIGEL_NRNA_chr9_1_76704847_76710661		RIGEL_NRNA_chr9_1_76704847_76710661	nrna
A00839:75:H7MFFDSXY:3:1248:7410:31548	chr9	76709034	76709183	False	191	150M	255	0	3	0.6876116991043091	ambig_opp_strand	unspliced	22928	19	ENST00000426088.5	PRUNE2	ENSG00000106772.19	mrna
A00839:75:H7MFFDSXY:3:1647:27751:24721	chr9	76706028	76706177	False	338	150M	255	0	3	0.6831952333450317	ambig_opp_strand	unspliced	22928	19	ENST00000426088.5	PRUNE2	ENSG00000106772.19	mrna
A00839:75:H7MFFDSXY:3:1672:22589:25426	chr9	76707716	76707865	True	-483	150M	255	2	5	0.578597903251648	ambig_opp_strand	unspliced	-1	19	.	.	.	mrna
A00839:75:H7MFFDSXY:3:1225:7256:24737	chr9	76706251	76706400	True	-177	150M	255	1	25	0.9632415175437927	ambig_opp_strand	unspliced	22928	19	RIGEL_NRNA_chr9_1_76704847_76710661		RIGEL_NRNA_chr9_1_76704847_76710661	nrna
A00839:75:H7MFFDSXY:3:1310:28800:17174	chr9	76708823	76708972	True	-340	150M	255	1	25	0.8744585514068604	ambig_opp_strand	unspliced	22928	19	RIGEL_NRNA_chr9_1_76704847_76710661		RIGEL_NRNA_chr9_1_76704847_76710661	nrna
A00839:75:H7MFFDSXY:3:1435:18249:10645	chr9	76709220	76709361	False	302	8S142M	255	2	3	0.6865293383598328	ambig_opp_strand	unspliced	22928	19	ENST00000426088.5	PRUNE2	ENSG00000106772.19	mrna
A00839:75:H7MFFDSXY:3:1642:21712:24126	chr9	76706219	76706368	False	328	150M	255	1	3	0.2043714076280594	ambig_opp_strand	unspliced	22928	19	ENST00000428286.5	PRUNE2	ENSG00000106772.19	mrna
A00839:75:H7MFFDSXY:3:1424:20844:15045	chr9	76703773	76703922	False	361	150M	255	0	5	0.9927619695663452	ambig_opp_strand	unspliced	-1	12	.	.	.	mrna
A00839:75:H7MFFDSXY:3:2434:5122:28745	chr9	76709318	76709467	False	285	150M	255	0	3	0.6870914697647095	ambig_opp_strand	unspliced	22928	19	ENST00000426088.5	PRUNE2	ENSG00000106772.19	mrna
A00839:75:H7MFFDSXY:3:1657:7744:16971	chr9	76709040	76709189	True	-198	150M	255	0	25	0.9661478996276855	ambig_opp_strand	unspliced	22928	19	RIGEL_NRNA_chr9_1_76704847_76710661		RIGEL_NRNA_chr9_1_76704847_76710661	nrna
A00839:75:H7MFFDSXY:3:2225:10963:7701	chr9	76708895	76709044	False	343	150M	255	0	3	0.6819149851799011	ambig_opp_strand	unspliced	22928	19	ENST00000426088.5	PRUNE2	ENSG00000106772.19	mrna
A00839:75:H7MFFDSXY:3:2567:30906:16626	chr9	76704855	76705004	False	331	150M	255	0	3	0.2042616605758667	ambig_opp_strand	unspliced	22928	22	ENST00000428286.5	PRUNE2	ENSG00000106772.19	mrna
A00839:75:H7MFFDSXY:3:2224:27805:17300	chr9	76703475	76703594	False	292	30S120M	255	1	64	0.0	.	unspliced	-1	0	.	.	.	mrna
A00839:75:H7MFFDSXY:3:2562:12264:3630	chr9	76708966	76709115	True	-330	150M	255	0	25	0.9058646559715271	ambig_opp_strand	unspliced	22928	19	RIGEL_NRNA_chr9_1_76704847_76710661		RIGEL_NRNA_chr9_1_76704847_76710661	nrna
