condition	locus_id	true_pool	pred_pool	count
gdna_zero_ss_0.50_nrna_zero	23	mrna	mrna	111477
gdna_zero_ss_0.50_nrna_zero	26	mrna	mrna	72873
gdna_zero_ss_0.50_nrna_zero	28	mrna	mrna	35073
gdna_zero_ss_0.50_nrna_zero	41	mrna	mrna	94484
gdna_zero_ss_0.50_nrna_zero	5	mrna	mrna	10870
gdna_zero_ss_0.50_nrna_zero	9	mrna	mrna	7067
gdna_zero_ss_0.50_nrna_zero	6	mrna	mrna	12567
gdna_zero_ss_0.50_nrna_zero	3	mrna	mrna	3921
gdna_zero_ss_0.50_nrna_zero	33	mrna	mrna	2499
gdna_zero_ss_0.50_nrna_zero	42	mrna	mrna	35000
gdna_zero_ss_0.50_nrna_zero	12	mrna	mrna	572
gdna_zero_ss_0.50_nrna_zero	0	mrna	mrna	431
gdna_zero_ss_0.50_nrna_zero	47	mrna	mrna	69886
gdna_zero_ss_0.50_nrna_zero	8	mrna	mrna	163
gdna_zero_ss_0.50_nrna_zero	46	mrna	mrna	64
gdna_zero_ss_0.50_nrna_zero	45	mrna	mrna	32
gdna_zero_ss_0.50_nrna_zero	39	mrna	nrna	983
gdna_zero_ss_0.50_nrna_zero	4	mrna	mrna	84278
gdna_zero_ss_0.50_nrna_zero	22	mrna	nrna	7
gdna_zero_ss_0.50_nrna_zero	34	mrna	mrna	1239
gdna_zero_ss_0.50_nrna_zero	32	mrna	mrna	36865
gdna_zero_ss_0.50_nrna_zero	40	mrna	mrna	15263
gdna_zero_ss_0.50_nrna_zero	25	mrna	mrna	9905
gdna_zero_ss_0.50_nrna_zero	10	mrna	mrna	8645
gdna_zero_ss_0.50_nrna_zero	16	mrna	mrna	4807
gdna_zero_ss_0.50_nrna_zero	19	mrna	nrna	3623
gdna_zero_ss_0.50_nrna_zero	7	mrna	nrna	2252
gdna_zero_ss_0.50_nrna_zero	18	mrna	mrna	1561
gdna_zero_ss_0.50_nrna_zero	24	mrna	mrna	1797
gdna_zero_ss_0.50_nrna_zero	14	mrna	mrna	225
gdna_zero_ss_0.50_nrna_zero	15	mrna	mrna	178717
gdna_zero_ss_0.50_nrna_zero	27	mrna	mrna	92
gdna_zero_ss_0.50_nrna_zero	37	mrna	mrna	66533
gdna_zero_ss_0.50_nrna_zero	13	mrna	mrna	57
gdna_zero_ss_0.50_nrna_zero	1	mrna	mrna	4826
gdna_zero_ss_0.50_nrna_zero	17	mrna	mrna	46
gdna_zero_ss_0.50_nrna_zero	2	mrna	mrna	323
gdna_zero_ss_0.50_nrna_zero	38	mrna	mrna	6731
gdna_zero_ss_0.50_nrna_zero	20	mrna	mrna	79834
gdna_zero_ss_0.50_nrna_zero	21	mrna	mrna	4465
gdna_zero_ss_0.50_nrna_zero	29	mrna	nrna	4267
gdna_zero_ss_0.50_nrna_zero	30	mrna	mrna	23600
gdna_zero_ss_0.50_nrna_zero	31	mrna	mrna	481
gdna_zero_ss_0.50_nrna_zero	44	mrna	mrna	315
gdna_zero_ss_0.50_nrna_zero	36	mrna	mrna	43
gdna_zero_ss_0.50_nrna_zero	35	mrna	mrna	996
gdna_zero_ss_0.50_nrna_zero	43	mrna	mrna	243
gdna_zero_ss_0.50_nrna_zero	11	mrna	mrna	2
gdna_zero_ss_0.99_nrna_zero	23	mrna	mrna	111477
gdna_zero_ss_0.99_nrna_zero	26	mrna	mrna	72873
gdna_zero_ss_0.99_nrna_zero	28	mrna	mrna	35073
gdna_zero_ss_0.99_nrna_zero	41	mrna	mrna	94484
gdna_zero_ss_0.99_nrna_zero	5	mrna	mrna	10870
gdna_zero_ss_0.99_nrna_zero	9	mrna	mrna	7067
gdna_zero_ss_0.99_nrna_zero	6	mrna	mrna	12567
gdna_zero_ss_0.99_nrna_zero	3	mrna	mrna	3921
gdna_zero_ss_0.99_nrna_zero	33	mrna	mrna	2499
gdna_zero_ss_0.99_nrna_zero	42	mrna	mrna	35000
gdna_zero_ss_0.99_nrna_zero	12	mrna	mrna	572
gdna_zero_ss_0.99_nrna_zero	0	mrna	mrna	431
gdna_zero_ss_0.99_nrna_zero	47	mrna	mrna	69886
gdna_zero_ss_0.99_nrna_zero	8	mrna	mrna	163
gdna_zero_ss_0.99_nrna_zero	46	mrna	mrna	64
gdna_zero_ss_0.99_nrna_zero	45	mrna	mrna	32
gdna_zero_ss_0.99_nrna_zero	39	mrna	nrna	983
gdna_zero_ss_0.99_nrna_zero	4	mrna	mrna	84278
gdna_zero_ss_0.99_nrna_zero	22	mrna	nrna	7
gdna_zero_ss_0.99_nrna_zero	34	mrna	mrna	1239
gdna_zero_ss_0.99_nrna_zero	32	mrna	mrna	36865
gdna_zero_ss_0.99_nrna_zero	40	mrna	mrna	15263
gdna_zero_ss_0.99_nrna_zero	25	mrna	mrna	9905
gdna_zero_ss_0.99_nrna_zero	10	mrna	mrna	8645
gdna_zero_ss_0.99_nrna_zero	16	mrna	mrna	4807
gdna_zero_ss_0.99_nrna_zero	19	mrna	nrna	3623
gdna_zero_ss_0.99_nrna_zero	7	mrna	nrna	2252
gdna_zero_ss_0.99_nrna_zero	18	mrna	mrna	1561
gdna_zero_ss_0.99_nrna_zero	24	mrna	mrna	1797
gdna_zero_ss_0.99_nrna_zero	14	mrna	mrna	225
gdna_zero_ss_0.99_nrna_zero	15	mrna	mrna	178717
gdna_zero_ss_0.99_nrna_zero	27	mrna	mrna	92
gdna_zero_ss_0.99_nrna_zero	37	mrna	mrna	66533
gdna_zero_ss_0.99_nrna_zero	13	mrna	mrna	57
gdna_zero_ss_0.99_nrna_zero	1	mrna	mrna	4826
gdna_zero_ss_0.99_nrna_zero	17	mrna	mrna	46
gdna_zero_ss_0.99_nrna_zero	2	mrna	mrna	323
gdna_zero_ss_0.99_nrna_zero	38	mrna	mrna	6731
gdna_zero_ss_0.99_nrna_zero	20	mrna	mrna	79834
gdna_zero_ss_0.99_nrna_zero	21	mrna	mrna	4465
gdna_zero_ss_0.99_nrna_zero	29	mrna	nrna	4267
gdna_zero_ss_0.99_nrna_zero	30	mrna	mrna	23600
gdna_zero_ss_0.99_nrna_zero	31	mrna	mrna	481
gdna_zero_ss_0.99_nrna_zero	44	mrna	mrna	315
gdna_zero_ss_0.99_nrna_zero	36	mrna	mrna	43
gdna_zero_ss_0.99_nrna_zero	35	mrna	mrna	996
gdna_zero_ss_0.99_nrna_zero	43	mrna	mrna	243
gdna_zero_ss_0.99_nrna_zero	11	mrna	nrna	1
gdna_zero_ss_0.99_nrna_zero	11	mrna	mrna	1
gdna_low_ss_0.50_nrna_zero	24	mrna	mrna	111396
gdna_low_ss_0.50_nrna_zero	-1	mrna	gdna	2828
gdna_low_ss_0.50_nrna_zero	27	mrna	mrna	72809
gdna_low_ss_0.50_nrna_zero	30	mrna	mrna	35068
gdna_low_ss_0.50_nrna_zero	44	mrna	mrna	94453
gdna_low_ss_0.50_nrna_zero	5	mrna	mrna	10781
gdna_low_ss_0.50_nrna_zero	9	mrna	mrna	7034
gdna_low_ss_0.50_nrna_zero	6	mrna	mrna	12443
gdna_low_ss_0.50_nrna_zero	3	mrna	mrna	3912
gdna_low_ss_0.50_nrna_zero	35	mrna	mrna	2389
gdna_low_ss_0.50_nrna_zero	45	mrna	mrna	34985
gdna_low_ss_0.50_nrna_zero	12	mrna	mrna	556
gdna_low_ss_0.50_nrna_zero	0	mrna	mrna	395
gdna_low_ss_0.50_nrna_zero	52	mrna	mrna	69797
gdna_low_ss_0.50_nrna_zero	8	mrna	mrna	150
gdna_low_ss_0.50_nrna_zero	49	mrna	mrna	47
gdna_low_ss_0.50_nrna_zero	48	mrna	mrna	16
gdna_low_ss_0.50_nrna_zero	42	mrna	nrna	965
gdna_low_ss_0.50_nrna_zero	4	mrna	mrna	84217
gdna_low_ss_0.50_nrna_zero	23	mrna	nrna	3
gdna_low_ss_0.50_nrna_zero	36	mrna	mrna	1211
gdna_low_ss_0.50_nrna_zero	-1	gdna	gdna	247764
gdna_low_ss_0.50_nrna_zero	44	gdna	mrna	71
gdna_low_ss_0.50_nrna_zero	26	gdna	mrna	101
gdna_low_ss_0.50_nrna_zero	1	gdna	mrna	42
gdna_low_ss_0.50_nrna_zero	41	gdna	mrna	105
gdna_low_ss_0.50_nrna_zero	19	gdna	mrna	36
gdna_low_ss_0.50_nrna_zero	24	gdna	mrna	125
gdna_low_ss_0.50_nrna_zero	6	gdna	mrna	94
gdna_low_ss_0.50_nrna_zero	14	gdna	mrna	24
gdna_low_ss_0.50_nrna_zero	32	gdna	mrna	95
gdna_low_ss_0.50_nrna_zero	7	gdna	nrna	15
gdna_low_ss_0.50_nrna_zero	18	gdna	mrna	8
gdna_low_ss_0.50_nrna_zero	4	gdna	mrna	88
gdna_low_ss_0.50_nrna_zero	21	gdna	mrna	200
gdna_low_ss_0.50_nrna_zero	34	gdna	mrna	85
gdna_low_ss_0.50_nrna_zero	10	gdna	mrna	33
gdna_low_ss_0.50_nrna_zero	5	gdna	mrna	63
gdna_low_ss_0.50_nrna_zero	47	gdna	mrna	20
gdna_low_ss_0.50_nrna_zero	15	gdna	mrna	108
gdna_low_ss_0.50_nrna_zero	52	gdna	mrna	117
gdna_low_ss_0.50_nrna_zero	43	gdna	mrna	102
gdna_low_ss_0.50_nrna_zero	27	gdna	mrna	81
gdna_low_ss_0.50_nrna_zero	35	gdna	mrna	35
gdna_low_ss_0.50_nrna_zero	45	gdna	mrna	36
gdna_low_ss_0.50_nrna_zero	37	gdna	mrna	54
gdna_low_ss_0.50_nrna_zero	33	gdna	mrna	12
gdna_low_ss_0.50_nrna_zero	42	gdna	nrna	17
gdna_low_ss_0.50_nrna_zero	39	gdna	mrna	98
gdna_low_ss_0.50_nrna_zero	31	gdna	nrna	31
gdna_low_ss_0.50_nrna_zero	36	gdna	mrna	16
gdna_low_ss_0.50_nrna_zero	9	gdna	mrna	28
gdna_low_ss_0.50_nrna_zero	28	gdna	mrna	16
gdna_low_ss_0.50_nrna_zero	22	gdna	mrna	18
gdna_low_ss_0.50_nrna_zero	30	gdna	mrna	24
gdna_low_ss_0.50_nrna_zero	25	gdna	mrna	62
gdna_low_ss_0.50_nrna_zero	46	gdna	mrna	39
gdna_low_ss_0.50_nrna_zero	20	gdna	nrna	13
gdna_low_ss_0.50_nrna_zero	-1	gdna	unresolved	23
gdna_low_ss_0.50_nrna_zero	12	gdna	mrna	8
gdna_low_ss_0.50_nrna_zero	48	gdna	mrna	2
gdna_low_ss_0.50_nrna_zero	2	gdna	mrna	17
gdna_low_ss_0.50_nrna_zero	17	gdna	mrna	31
gdna_low_ss_0.50_nrna_zero	3	gdna	mrna	4
gdna_low_ss_0.50_nrna_zero	0	gdna	mrna	17
gdna_low_ss_0.50_nrna_zero	34	mrna	mrna	36797
gdna_low_ss_0.50_nrna_zero	43	mrna	mrna	15142
gdna_low_ss_0.50_nrna_zero	26	mrna	mrna	9710
gdna_low_ss_0.50_nrna_zero	10	mrna	mrna	8610
gdna_low_ss_0.50_nrna_zero	17	mrna	mrna	4757
gdna_low_ss_0.50_nrna_zero	20	mrna	nrna	3606
gdna_low_ss_0.50_nrna_zero	7	mrna	nrna	2236
gdna_low_ss_0.50_nrna_zero	19	mrna	mrna	1449
gdna_low_ss_0.50_nrna_zero	25	mrna	mrna	1680
gdna_low_ss_0.50_nrna_zero	14	mrna	mrna	173
gdna_low_ss_0.50_nrna_zero	15	mrna	mrna	178656
gdna_low_ss_0.50_nrna_zero	28	mrna	mrna	58
gdna_low_ss_0.50_nrna_zero	39	mrna	mrna	66470
gdna_low_ss_0.50_nrna_zero	13	mrna	mrna	42
gdna_low_ss_0.50_nrna_zero	1	mrna	mrna	4762
gdna_low_ss_0.50_nrna_zero	18	mrna	mrna	30
gdna_low_ss_0.50_nrna_zero	2	mrna	mrna	283
gdna_low_ss_0.50_nrna_zero	41	mrna	mrna	6476
gdna_low_ss_0.50_nrna_zero	13	gdna	mrna	6
gdna_low_ss_0.50_nrna_zero	49	gdna	mrna	7
gdna_low_ss_0.50_nrna_zero	38	gdna	mrna	3
gdna_low_ss_0.50_nrna_zero	29	gdna	mrna	1
gdna_low_ss_0.50_nrna_zero	8	gdna	mrna	5
gdna_low_ss_0.50_nrna_zero	21	mrna	mrna	79684
gdna_low_ss_0.50_nrna_zero	22	mrna	mrna	4454
gdna_low_ss_0.50_nrna_zero	31	mrna	nrna	4221
gdna_low_ss_0.50_nrna_zero	32	mrna	mrna	23493
gdna_low_ss_0.50_nrna_zero	33	mrna	mrna	464
gdna_low_ss_0.50_nrna_zero	47	mrna	mrna	275
gdna_low_ss_0.50_nrna_zero	38	mrna	mrna	12
gdna_low_ss_0.50_nrna_zero	37	mrna	mrna	844
gdna_low_ss_0.50_nrna_zero	46	mrna	mrna	161
gdna_low_ss_0.99_nrna_zero	24	mrna	mrna	111344
gdna_low_ss_0.99_nrna_zero	-1	mrna	gdna	2327
gdna_low_ss_0.99_nrna_zero	27	mrna	mrna	72794
gdna_low_ss_0.99_nrna_zero	30	mrna	mrna	35056
gdna_low_ss_0.99_nrna_zero	44	mrna	mrna	94431
gdna_low_ss_0.99_nrna_zero	5	mrna	mrna	10826
gdna_low_ss_0.99_nrna_zero	9	mrna	mrna	7035
gdna_low_ss_0.99_nrna_zero	6	mrna	mrna	12479
gdna_low_ss_0.99_nrna_zero	3	mrna	mrna	3916
gdna_low_ss_0.99_nrna_zero	35	mrna	mrna	2442
gdna_low_ss_0.99_nrna_zero	45	mrna	mrna	34971
gdna_low_ss_0.99_nrna_zero	12	mrna	mrna	563
gdna_low_ss_0.99_nrna_zero	0	mrna	mrna	410
gdna_low_ss_0.99_nrna_zero	52	mrna	mrna	69802
gdna_low_ss_0.99_nrna_zero	8	mrna	mrna	151
gdna_low_ss_0.99_nrna_zero	49	mrna	mrna	49
gdna_low_ss_0.99_nrna_zero	48	mrna	mrna	22
gdna_low_ss_0.99_nrna_zero	42	mrna	nrna	976
gdna_low_ss_0.99_nrna_zero	4	mrna	mrna	84173
gdna_low_ss_0.99_nrna_zero	36	mrna	mrna	1221
gdna_low_ss_0.99_nrna_zero	-1	gdna	gdna	248214
gdna_low_ss_0.99_nrna_zero	46	gdna	mrna	25
gdna_low_ss_0.99_nrna_zero	44	gdna	mrna	56
gdna_low_ss_0.99_nrna_zero	35	gdna	mrna	27
gdna_low_ss_0.99_nrna_zero	26	gdna	mrna	74
gdna_low_ss_0.99_nrna_zero	19	gdna	mrna	22
gdna_low_ss_0.99_nrna_zero	24	gdna	mrna	111
gdna_low_ss_0.99_nrna_zero	6	gdna	mrna	70
gdna_low_ss_0.99_nrna_zero	7	gdna	nrna	10
gdna_low_ss_0.99_nrna_zero	21	gdna	mrna	163
gdna_low_ss_0.99_nrna_zero	34	gdna	mrna	72
gdna_low_ss_0.99_nrna_zero	47	gdna	mrna	10
gdna_low_ss_0.99_nrna_zero	15	gdna	mrna	93
gdna_low_ss_0.99_nrna_zero	41	gdna	mrna	78
gdna_low_ss_0.99_nrna_zero	4	gdna	mrna	82
gdna_low_ss_0.99_nrna_zero	52	gdna	mrna	108
gdna_low_ss_0.99_nrna_zero	43	gdna	mrna	69
gdna_low_ss_0.99_nrna_zero	45	gdna	mrna	35
gdna_low_ss_0.99_nrna_zero	32	gdna	mrna	74
gdna_low_ss_0.99_nrna_zero	42	gdna	nrna	11
gdna_low_ss_0.99_nrna_zero	1	gdna	mrna	37
gdna_low_ss_0.99_nrna_zero	5	gdna	mrna	44
gdna_low_ss_0.99_nrna_zero	39	gdna	mrna	95
gdna_low_ss_0.99_nrna_zero	18	gdna	mrna	5
gdna_low_ss_0.99_nrna_zero	10	gdna	mrna	26
gdna_low_ss_0.99_nrna_zero	22	gdna	mrna	11
gdna_low_ss_0.99_nrna_zero	27	gdna	mrna	68
gdna_low_ss_0.99_nrna_zero	31	gdna	nrna	26
gdna_low_ss_0.99_nrna_zero	25	gdna	mrna	48
gdna_low_ss_0.99_nrna_zero	37	gdna	mrna	33
gdna_low_ss_0.99_nrna_zero	28	gdna	mrna	6
gdna_low_ss_0.99_nrna_zero	20	gdna	nrna	14
gdna_low_ss_0.99_nrna_zero	9	gdna	mrna	18
gdna_low_ss_0.99_nrna_zero	-1	gdna	unresolved	23
gdna_low_ss_0.99_nrna_zero	0	gdna	mrna	16
gdna_low_ss_0.99_nrna_zero	48	gdna	mrna	7
gdna_low_ss_0.99_nrna_zero	30	gdna	mrna	21
gdna_low_ss_0.99_nrna_zero	12	gdna	mrna	5
gdna_low_ss_0.99_nrna_zero	38	gdna	mrna	9
gdna_low_ss_0.99_nrna_zero	36	gdna	mrna	13
gdna_low_ss_0.99_nrna_zero	17	gdna	mrna	25
gdna_low_ss_0.99_nrna_zero	2	gdna	mrna	10
gdna_low_ss_0.99_nrna_zero	3	gdna	mrna	4
gdna_low_ss_0.99_nrna_zero	14	gdna	mrna	17
gdna_low_ss_0.99_nrna_zero	16	gdna	mrna	1
gdna_low_ss_0.99_nrna_zero	49	gdna	mrna	4
gdna_low_ss_0.99_nrna_zero	34	mrna	mrna	36787
gdna_low_ss_0.99_nrna_zero	43	mrna	mrna	15144
gdna_low_ss_0.99_nrna_zero	26	mrna	mrna	9804
gdna_low_ss_0.99_nrna_zero	10	mrna	mrna	8619
gdna_low_ss_0.99_nrna_zero	17	mrna	mrna	4759
gdna_low_ss_0.99_nrna_zero	20	mrna	nrna	3610
gdna_low_ss_0.99_nrna_zero	7	mrna	nrna	2234
gdna_low_ss_0.99_nrna_zero	19	mrna	mrna	1494
gdna_low_ss_0.99_nrna_zero	25	mrna	mrna	1718
gdna_low_ss_0.99_nrna_zero	14	mrna	mrna	195
gdna_low_ss_0.99_nrna_zero	15	mrna	mrna	178604
gdna_low_ss_0.99_nrna_zero	28	mrna	mrna	64
gdna_low_ss_0.99_nrna_zero	39	mrna	mrna	66454
gdna_low_ss_0.99_nrna_zero	13	mrna	mrna	47
gdna_low_ss_0.99_nrna_zero	1	mrna	mrna	4787
gdna_low_ss_0.99_nrna_zero	18	mrna	mrna	32
gdna_low_ss_0.99_nrna_zero	2	mrna	mrna	296
gdna_low_ss_0.99_nrna_zero	41	mrna	mrna	6578
gdna_low_ss_0.99_nrna_zero	50	gdna	nrna	1
gdna_low_ss_0.99_nrna_zero	21	mrna	mrna	79679
gdna_low_ss_0.99_nrna_zero	22	mrna	mrna	4458
gdna_low_ss_0.99_nrna_zero	31	mrna	nrna	4243
gdna_low_ss_0.99_nrna_zero	32	mrna	mrna	23537
gdna_low_ss_0.99_nrna_zero	33	mrna	mrna	467
gdna_low_ss_0.99_nrna_zero	47	mrna	mrna	290
gdna_low_ss_0.99_nrna_zero	38	mrna	mrna	14
gdna_low_ss_0.99_nrna_zero	8	gdna	mrna	2
gdna_low_ss_0.99_nrna_zero	13	gdna	mrna	4
gdna_low_ss_0.99_nrna_zero	45	gdna	nrna	1
gdna_low_ss_0.99_nrna_zero	37	mrna	mrna	914
gdna_low_ss_0.99_nrna_zero	46	mrna	mrna	184
gdna_low_ss_0.99_nrna_zero	33	gdna	mrna	2
gdna_med_ss_0.50_nrna_zero	24	mrna	mrna	110980
gdna_med_ss_0.50_nrna_zero	-1	mrna	gdna	11629
gdna_med_ss_0.50_nrna_zero	27	mrna	mrna	72551
gdna_med_ss_0.50_nrna_zero	30	mrna	mrna	34990
gdna_med_ss_0.50_nrna_zero	44	mrna	mrna	94283
gdna_med_ss_0.50_nrna_zero	5	mrna	mrna	10442
gdna_med_ss_0.50_nrna_zero	9	mrna	mrna	6878
gdna_med_ss_0.50_nrna_zero	6	mrna	mrna	11965
gdna_med_ss_0.50_nrna_zero	3	mrna	mrna	3876
gdna_med_ss_0.50_nrna_zero	35	mrna	mrna	2174
gdna_med_ss_0.50_nrna_zero	45	mrna	mrna	34884
gdna_med_ss_0.50_nrna_zero	12	mrna	mrna	532
gdna_med_ss_0.50_nrna_zero	0	mrna	mrna	361
gdna_med_ss_0.50_nrna_zero	52	mrna	mrna	69306
gdna_med_ss_0.50_nrna_zero	8	mrna	mrna	135
gdna_med_ss_0.50_nrna_zero	49	mrna	mrna	32
gdna_med_ss_0.50_nrna_zero	48	mrna	mrna	12
gdna_med_ss_0.50_nrna_zero	42	mrna	nrna	888
gdna_med_ss_0.50_nrna_zero	4	mrna	mrna	83950
gdna_med_ss_0.50_nrna_zero	36	mrna	mrna	1140
gdna_med_ss_0.50_nrna_zero	-1	gdna	gdna	992799
gdna_med_ss_0.50_nrna_zero	42	gdna	nrna	47
gdna_med_ss_0.50_nrna_zero	5	gdna	mrna	205
gdna_med_ss_0.50_nrna_zero	45	gdna	mrna	126
gdna_med_ss_0.50_nrna_zero	6	gdna	mrna	276
gdna_med_ss_0.50_nrna_zero	17	gdna	mrna	109
gdna_med_ss_0.50_nrna_zero	39	gdna	mrna	284
gdna_med_ss_0.50_nrna_zero	41	gdna	mrna	347
gdna_med_ss_0.50_nrna_zero	15	gdna	mrna	442
gdna_med_ss_0.50_nrna_zero	44	gdna	mrna	256
gdna_med_ss_0.50_nrna_zero	52	gdna	mrna	449
gdna_med_ss_0.50_nrna_zero	4	gdna	mrna	324
gdna_med_ss_0.50_nrna_zero	30	gdna	mrna	90
gdna_med_ss_0.50_nrna_zero	21	gdna	mrna	682
gdna_med_ss_0.50_nrna_zero	26	gdna	mrna	308
gdna_med_ss_0.50_nrna_zero	35	gdna	mrna	162
gdna_med_ss_0.50_nrna_zero	32	gdna	mrna	275
gdna_med_ss_0.50_nrna_zero	34	gdna	mrna	261
gdna_med_ss_0.50_nrna_zero	20	gdna	nrna	69
gdna_med_ss_0.50_nrna_zero	27	gdna	mrna	319
gdna_med_ss_0.50_nrna_zero	24	gdna	mrna	453
gdna_med_ss_0.50_nrna_zero	36	gdna	mrna	59
gdna_med_ss_0.50_nrna_zero	43	gdna	mrna	270
gdna_med_ss_0.50_nrna_zero	7	gdna	nrna	48
gdna_med_ss_0.50_nrna_zero	-1	gdna	unresolved	128
gdna_med_ss_0.50_nrna_zero	14	gdna	mrna	39
gdna_med_ss_0.50_nrna_zero	31	gdna	nrna	92
gdna_med_ss_0.50_nrna_zero	1	gdna	mrna	123
gdna_med_ss_0.50_nrna_zero	10	gdna	mrna	138
gdna_med_ss_0.50_nrna_zero	25	gdna	mrna	154
gdna_med_ss_0.50_nrna_zero	9	gdna	mrna	96
gdna_med_ss_0.50_nrna_zero	19	gdna	mrna	132
gdna_med_ss_0.50_nrna_zero	37	gdna	mrna	121
gdna_med_ss_0.50_nrna_zero	0	gdna	mrna	22
gdna_med_ss_0.50_nrna_zero	46	gdna	mrna	40
gdna_med_ss_0.50_nrna_zero	47	gdna	mrna	51
gdna_med_ss_0.50_nrna_zero	2	gdna	mrna	37
gdna_med_ss_0.50_nrna_zero	8	gdna	mrna	14
gdna_med_ss_0.50_nrna_zero	22	gdna	mrna	35
gdna_med_ss_0.50_nrna_zero	3	gdna	mrna	16
gdna_med_ss_0.50_nrna_zero	33	gdna	mrna	27
gdna_med_ss_0.50_nrna_zero	12	gdna	mrna	21
gdna_med_ss_0.50_nrna_zero	49	gdna	mrna	8
gdna_med_ss_0.50_nrna_zero	28	gdna	mrna	15
gdna_med_ss_0.50_nrna_zero	38	gdna	mrna	10
gdna_med_ss_0.50_nrna_zero	48	gdna	mrna	9
gdna_med_ss_0.50_nrna_zero	34	mrna	mrna	36510
gdna_med_ss_0.50_nrna_zero	43	mrna	mrna	14657
gdna_med_ss_0.50_nrna_zero	26	mrna	mrna	9254
gdna_med_ss_0.50_nrna_zero	10	mrna	mrna	8431
gdna_med_ss_0.50_nrna_zero	17	mrna	mrna	4586
gdna_med_ss_0.50_nrna_zero	20	mrna	nrna	3503
gdna_med_ss_0.50_nrna_zero	7	mrna	nrna	2190
gdna_med_ss_0.50_nrna_zero	19	mrna	mrna	1248
gdna_med_ss_0.50_nrna_zero	25	mrna	mrna	1463
gdna_med_ss_0.50_nrna_zero	14	mrna	mrna	138
gdna_med_ss_0.50_nrna_zero	15	mrna	mrna	178374
gdna_med_ss_0.50_nrna_zero	28	mrna	mrna	34
gdna_med_ss_0.50_nrna_zero	39	mrna	mrna	66186
gdna_med_ss_0.50_nrna_zero	13	mrna	mrna	31
gdna_med_ss_0.50_nrna_zero	1	mrna	mrna	4585
gdna_med_ss_0.50_nrna_zero	18	mrna	mrna	17
gdna_med_ss_0.50_nrna_zero	2	mrna	mrna	230
gdna_med_ss_0.50_nrna_zero	41	mrna	mrna	5993
gdna_med_ss_0.50_nrna_zero	13	gdna	mrna	10
gdna_med_ss_0.50_nrna_zero	18	gdna	mrna	2
gdna_med_ss_0.50_nrna_zero	21	mrna	mrna	78820
gdna_med_ss_0.50_nrna_zero	22	mrna	mrna	4389
gdna_med_ss_0.50_nrna_zero	31	mrna	nrna	4048
gdna_med_ss_0.50_nrna_zero	32	mrna	mrna	22923
gdna_med_ss_0.50_nrna_zero	33	mrna	mrna	430
gdna_med_ss_0.50_nrna_zero	47	mrna	mrna	216
gdna_med_ss_0.50_nrna_zero	38	mrna	mrna	12
gdna_med_ss_0.50_nrna_zero	37	mrna	mrna	649
gdna_med_ss_0.50_nrna_zero	46	mrna	mrna	75
gdna_med_ss_0.99_nrna_zero	24	mrna	mrna	111072
gdna_med_ss_0.99_nrna_zero	-1	mrna	gdna	8013
gdna_med_ss_0.99_nrna_zero	27	mrna	mrna	72599
gdna_med_ss_0.99_nrna_zero	30	mrna	mrna	34996
gdna_med_ss_0.99_nrna_zero	44	mrna	mrna	94261
gdna_med_ss_0.99_nrna_zero	5	mrna	mrna	10584
gdna_med_ss_0.99_nrna_zero	9	mrna	mrna	6952
gdna_med_ss_0.99_nrna_zero	6	mrna	mrna	12240
gdna_med_ss_0.99_nrna_zero	3	mrna	mrna	3887
gdna_med_ss_0.99_nrna_zero	35	mrna	mrna	2301
gdna_med_ss_0.99_nrna_zero	45	mrna	mrna	34889
gdna_med_ss_0.99_nrna_zero	12	mrna	mrna	544
gdna_med_ss_0.99_nrna_zero	0	mrna	mrna	376
gdna_med_ss_0.99_nrna_zero	52	mrna	mrna	69431
gdna_med_ss_0.99_nrna_zero	8	mrna	mrna	144
gdna_med_ss_0.99_nrna_zero	49	mrna	mrna	36
gdna_med_ss_0.99_nrna_zero	48	mrna	mrna	17
gdna_med_ss_0.99_nrna_zero	42	mrna	nrna	917
gdna_med_ss_0.99_nrna_zero	4	mrna	mrna	83964
gdna_med_ss_0.99_nrna_zero	23	mrna	nrna	1
gdna_med_ss_0.99_nrna_zero	36	mrna	mrna	1168
gdna_med_ss_0.99_nrna_zero	-1	gdna	gdna	994707
gdna_med_ss_0.99_nrna_zero	42	gdna	nrna	35
gdna_med_ss_0.99_nrna_zero	45	gdna	mrna	94
gdna_med_ss_0.99_nrna_zero	43	gdna	mrna	192
gdna_med_ss_0.99_nrna_zero	39	gdna	mrna	213
gdna_med_ss_0.99_nrna_zero	15	gdna	mrna	353
gdna_med_ss_0.99_nrna_zero	44	gdna	mrna	195
gdna_med_ss_0.99_nrna_zero	52	gdna	mrna	328
gdna_med_ss_0.99_nrna_zero	4	gdna	mrna	263
gdna_med_ss_0.99_nrna_zero	30	gdna	mrna	75
gdna_med_ss_0.99_nrna_zero	41	gdna	mrna	204
gdna_med_ss_0.99_nrna_zero	37	gdna	mrna	106
gdna_med_ss_0.99_nrna_zero	35	gdna	mrna	97
gdna_med_ss_0.99_nrna_zero	1	gdna	mrna	83
gdna_med_ss_0.99_nrna_zero	21	gdna	mrna	516
gdna_med_ss_0.99_nrna_zero	8	gdna	mrna	9
gdna_med_ss_0.99_nrna_zero	34	gdna	mrna	179
gdna_med_ss_0.99_nrna_zero	32	gdna	mrna	197
gdna_med_ss_0.99_nrna_zero	20	gdna	nrna	56
gdna_med_ss_0.99_nrna_zero	27	gdna	mrna	248
gdna_med_ss_0.99_nrna_zero	24	gdna	mrna	352
gdna_med_ss_0.99_nrna_zero	6	gdna	mrna	191
gdna_med_ss_0.99_nrna_zero	17	gdna	mrna	65
gdna_med_ss_0.99_nrna_zero	-1	gdna	unresolved	128
gdna_med_ss_0.99_nrna_zero	31	gdna	nrna	63
gdna_med_ss_0.99_nrna_zero	28	gdna	mrna	19
gdna_med_ss_0.99_nrna_zero	10	gdna	mrna	91
gdna_med_ss_0.99_nrna_zero	2	gdna	mrna	26
gdna_med_ss_0.99_nrna_zero	9	gdna	mrna	59
gdna_med_ss_0.99_nrna_zero	19	gdna	mrna	95
gdna_med_ss_0.99_nrna_zero	26	gdna	mrna	215
gdna_med_ss_0.99_nrna_zero	47	gdna	mrna	32
gdna_med_ss_0.99_nrna_zero	36	gdna	mrna	38
gdna_med_ss_0.99_nrna_zero	7	gdna	nrna	36
gdna_med_ss_0.99_nrna_zero	25	gdna	mrna	104
gdna_med_ss_0.99_nrna_zero	5	gdna	mrna	129
gdna_med_ss_0.99_nrna_zero	0	gdna	mrna	18
gdna_med_ss_0.99_nrna_zero	22	gdna	mrna	19
gdna_med_ss_0.99_nrna_zero	46	gdna	mrna	42
gdna_med_ss_0.99_nrna_zero	33	gdna	mrna	26
gdna_med_ss_0.99_nrna_zero	14	gdna	mrna	31
gdna_med_ss_0.99_nrna_zero	38	gdna	mrna	7
gdna_med_ss_0.99_nrna_zero	3	gdna	mrna	12
gdna_med_ss_0.99_nrna_zero	18	gdna	mrna	4
gdna_med_ss_0.99_nrna_zero	12	gdna	mrna	19
gdna_med_ss_0.99_nrna_zero	49	gdna	mrna	15
gdna_med_ss_0.99_nrna_zero	13	gdna	mrna	10
gdna_med_ss_0.99_nrna_zero	48	gdna	mrna	4
gdna_med_ss_0.99_nrna_zero	34	mrna	mrna	36606
gdna_med_ss_0.99_nrna_zero	43	mrna	mrna	14942
gdna_med_ss_0.99_nrna_zero	26	mrna	mrna	9501
gdna_med_ss_0.99_nrna_zero	10	mrna	mrna	8527
gdna_med_ss_0.99_nrna_zero	17	mrna	mrna	4647
gdna_med_ss_0.99_nrna_zero	20	mrna	nrna	3548
gdna_med_ss_0.99_nrna_zero	7	mrna	nrna	2217
gdna_med_ss_0.99_nrna_zero	19	mrna	mrna	1378
gdna_med_ss_0.99_nrna_zero	25	mrna	mrna	1592
gdna_med_ss_0.99_nrna_zero	14	mrna	mrna	152
gdna_med_ss_0.99_nrna_zero	15	mrna	mrna	178311
gdna_med_ss_0.99_nrna_zero	28	mrna	mrna	52
gdna_med_ss_0.99_nrna_zero	39	mrna	mrna	66282
gdna_med_ss_0.99_nrna_zero	13	mrna	mrna	30
gdna_med_ss_0.99_nrna_zero	1	mrna	mrna	4698
gdna_med_ss_0.99_nrna_zero	18	mrna	mrna	17
gdna_med_ss_0.99_nrna_zero	2	mrna	mrna	260
gdna_med_ss_0.99_nrna_zero	41	mrna	mrna	6301
gdna_med_ss_0.99_nrna_zero	21	mrna	mrna	79135
gdna_med_ss_0.99_nrna_zero	22	mrna	mrna	4419
gdna_med_ss_0.99_nrna_zero	31	mrna	nrna	4155
gdna_med_ss_0.99_nrna_zero	32	mrna	mrna	23266
gdna_med_ss_0.99_nrna_zero	33	mrna	mrna	451
gdna_med_ss_0.99_nrna_zero	47	mrna	mrna	252
gdna_med_ss_0.99_nrna_zero	38	mrna	mrna	12
gdna_med_ss_0.99_nrna_zero	37	mrna	mrna	757
gdna_med_ss_0.99_nrna_zero	46	mrna	mrna	100
gdna_high_ss_0.50_nrna_zero	24	mrna	mrna	110252
gdna_high_ss_0.50_nrna_zero	-1	mrna	gdna	23434
gdna_high_ss_0.50_nrna_zero	27	mrna	mrna	71978
gdna_high_ss_0.50_nrna_zero	30	mrna	mrna	34832
gdna_high_ss_0.50_nrna_zero	44	mrna	mrna	93939
gdna_high_ss_0.50_nrna_zero	5	mrna	mrna	10120
gdna_high_ss_0.50_nrna_zero	9	mrna	mrna	6699
gdna_high_ss_0.50_nrna_zero	6	mrna	mrna	11528
gdna_high_ss_0.50_nrna_zero	3	mrna	mrna	3845
gdna_high_ss_0.50_nrna_zero	35	mrna	mrna	1972
gdna_high_ss_0.50_nrna_zero	45	mrna	mrna	34690
gdna_high_ss_0.50_nrna_zero	12	mrna	mrna	479
gdna_high_ss_0.50_nrna_zero	0	mrna	mrna	334
gdna_high_ss_0.50_nrna_zero	52	mrna	mrna	68287
gdna_high_ss_0.50_nrna_zero	8	mrna	mrna	116
gdna_high_ss_0.50_nrna_zero	49	mrna	mrna	32
gdna_high_ss_0.50_nrna_zero	48	mrna	mrna	8
gdna_high_ss_0.50_nrna_zero	42	mrna	nrna	858
gdna_high_ss_0.50_nrna_zero	4	mrna	mrna	83376
gdna_high_ss_0.50_nrna_zero	36	mrna	mrna	1075
gdna_high_ss_0.50_nrna_zero	-1	gdna	gdna	1987517
gdna_high_ss_0.50_nrna_zero	39	gdna	mrna	531
gdna_high_ss_0.50_nrna_zero	24	gdna	mrna	861
gdna_high_ss_0.50_nrna_zero	31	gdna	nrna	166
gdna_high_ss_0.50_nrna_zero	52	gdna	mrna	770
gdna_high_ss_0.50_nrna_zero	27	gdna	mrna	596
gdna_high_ss_0.50_nrna_zero	32	gdna	mrna	547
gdna_high_ss_0.50_nrna_zero	12	gdna	mrna	42
gdna_high_ss_0.50_nrna_zero	17	gdna	mrna	166
gdna_high_ss_0.50_nrna_zero	10	gdna	mrna	228
gdna_high_ss_0.50_nrna_zero	26	gdna	mrna	561
gdna_high_ss_0.50_nrna_zero	19	gdna	mrna	195
gdna_high_ss_0.50_nrna_zero	37	gdna	mrna	170
gdna_high_ss_0.50_nrna_zero	45	gdna	mrna	250
gdna_high_ss_0.50_nrna_zero	20	gdna	nrna	121
gdna_high_ss_0.50_nrna_zero	9	gdna	mrna	186
gdna_high_ss_0.50_nrna_zero	41	gdna	mrna	565
gdna_high_ss_0.50_nrna_zero	34	gdna	mrna	536
gdna_high_ss_0.50_nrna_zero	1	gdna	mrna	211
gdna_high_ss_0.50_nrna_zero	6	gdna	mrna	471
gdna_high_ss_0.50_nrna_zero	21	gdna	mrna	1181
gdna_high_ss_0.50_nrna_zero	4	gdna	mrna	599
gdna_high_ss_0.50_nrna_zero	36	gdna	mrna	93
gdna_high_ss_0.50_nrna_zero	15	gdna	mrna	771
gdna_high_ss_0.50_nrna_zero	43	gdna	mrna	457
gdna_high_ss_0.50_nrna_zero	30	gdna	mrna	177
gdna_high_ss_0.50_nrna_zero	44	gdna	mrna	493
gdna_high_ss_0.50_nrna_zero	-1	gdna	unresolved	202
gdna_high_ss_0.50_nrna_zero	42	gdna	nrna	82
gdna_high_ss_0.50_nrna_zero	35	gdna	mrna	237
gdna_high_ss_0.50_nrna_zero	5	gdna	mrna	386
gdna_high_ss_0.50_nrna_zero	22	gdna	mrna	59
gdna_high_ss_0.50_nrna_zero	14	gdna	mrna	33
gdna_high_ss_0.50_nrna_zero	25	gdna	mrna	187
gdna_high_ss_0.50_nrna_zero	0	gdna	mrna	24
gdna_high_ss_0.50_nrna_zero	7	gdna	nrna	68
gdna_high_ss_0.50_nrna_zero	13	gdna	mrna	8
gdna_high_ss_0.50_nrna_zero	3	gdna	mrna	36
gdna_high_ss_0.50_nrna_zero	2	gdna	mrna	45
gdna_high_ss_0.50_nrna_zero	47	gdna	mrna	61
gdna_high_ss_0.50_nrna_zero	33	gdna	mrna	31
gdna_high_ss_0.50_nrna_zero	18	gdna	mrna	7
gdna_high_ss_0.50_nrna_zero	46	gdna	mrna	37
gdna_high_ss_0.50_nrna_zero	28	gdna	mrna	11
gdna_high_ss_0.50_nrna_zero	48	gdna	mrna	6
gdna_high_ss_0.50_nrna_zero	49	gdna	mrna	10
gdna_high_ss_0.50_nrna_zero	34	mrna	mrna	35879
gdna_high_ss_0.50_nrna_zero	43	mrna	mrna	14260
gdna_high_ss_0.50_nrna_zero	26	mrna	mrna	8662
gdna_high_ss_0.50_nrna_zero	10	mrna	mrna	8226
gdna_high_ss_0.50_nrna_zero	17	mrna	mrna	4424
gdna_high_ss_0.50_nrna_zero	20	mrna	nrna	3365
gdna_high_ss_0.50_nrna_zero	7	mrna	nrna	2109
gdna_high_ss_0.50_nrna_zero	19	mrna	mrna	1052
gdna_high_ss_0.50_nrna_zero	25	mrna	mrna	1276
gdna_high_ss_0.50_nrna_zero	14	mrna	mrna	102
gdna_high_ss_0.50_nrna_zero	15	mrna	mrna	177828
gdna_high_ss_0.50_nrna_zero	28	mrna	mrna	20
gdna_high_ss_0.50_nrna_zero	39	mrna	mrna	65545
gdna_high_ss_0.50_nrna_zero	13	mrna	mrna	11
gdna_high_ss_0.50_nrna_zero	1	mrna	mrna	4392
gdna_high_ss_0.50_nrna_zero	18	mrna	mrna	25
gdna_high_ss_0.50_nrna_zero	2	mrna	mrna	210
gdna_high_ss_0.50_nrna_zero	41	mrna	mrna	5480
gdna_high_ss_0.50_nrna_zero	8	gdna	mrna	7
gdna_high_ss_0.50_nrna_zero	21	mrna	mrna	77440
gdna_high_ss_0.50_nrna_zero	22	mrna	mrna	4328
gdna_high_ss_0.50_nrna_zero	31	mrna	nrna	3928
gdna_high_ss_0.50_nrna_zero	32	mrna	mrna	22485
gdna_high_ss_0.50_nrna_zero	33	mrna	mrna	406
gdna_high_ss_0.50_nrna_zero	47	mrna	mrna	132
gdna_high_ss_0.50_nrna_zero	38	mrna	mrna	9
gdna_high_ss_0.50_nrna_zero	38	gdna	mrna	2
gdna_high_ss_0.50_nrna_zero	37	mrna	mrna	478
gdna_high_ss_0.50_nrna_zero	46	mrna	mrna	74
gdna_high_ss_0.99_nrna_zero	24	mrna	mrna	110629
gdna_high_ss_0.99_nrna_zero	-1	mrna	gdna	15043
gdna_high_ss_0.99_nrna_zero	27	mrna	mrna	72312
gdna_high_ss_0.99_nrna_zero	30	mrna	mrna	34901
gdna_high_ss_0.99_nrna_zero	44	mrna	mrna	94067
gdna_high_ss_0.99_nrna_zero	5	mrna	mrna	10406
gdna_high_ss_0.99_nrna_zero	9	mrna	mrna	6815
gdna_high_ss_0.99_nrna_zero	6	mrna	mrna	11915
gdna_high_ss_0.99_nrna_zero	3	mrna	mrna	3861
gdna_high_ss_0.99_nrna_zero	35	mrna	mrna	2157
gdna_high_ss_0.99_nrna_zero	45	mrna	mrna	34780
gdna_high_ss_0.99_nrna_zero	12	mrna	mrna	525
gdna_high_ss_0.99_nrna_zero	0	mrna	mrna	365
gdna_high_ss_0.99_nrna_zero	52	mrna	mrna	69072
gdna_high_ss_0.99_nrna_zero	8	mrna	mrna	133
gdna_high_ss_0.99_nrna_zero	49	mrna	mrna	37
gdna_high_ss_0.99_nrna_zero	48	mrna	mrna	9
gdna_high_ss_0.99_nrna_zero	42	mrna	nrna	911
gdna_high_ss_0.99_nrna_zero	4	mrna	mrna	83701
gdna_high_ss_0.99_nrna_zero	36	mrna	mrna	1131
gdna_high_ss_0.99_nrna_zero	-1	gdna	gdna	1991040
gdna_high_ss_0.99_nrna_zero	39	gdna	mrna	379
gdna_high_ss_0.99_nrna_zero	24	gdna	mrna	643
gdna_high_ss_0.99_nrna_zero	52	gdna	mrna	551
gdna_high_ss_0.99_nrna_zero	27	gdna	mrna	447
gdna_high_ss_0.99_nrna_zero	32	gdna	mrna	345
gdna_high_ss_0.99_nrna_zero	10	gdna	mrna	154
gdna_high_ss_0.99_nrna_zero	35	gdna	mrna	174
gdna_high_ss_0.99_nrna_zero	45	gdna	mrna	198
gdna_high_ss_0.99_nrna_zero	17	gdna	mrna	119
gdna_high_ss_0.99_nrna_zero	19	gdna	mrna	154
gdna_high_ss_0.99_nrna_zero	34	gdna	mrna	359
gdna_high_ss_0.99_nrna_zero	41	gdna	mrna	391
gdna_high_ss_0.99_nrna_zero	21	gdna	mrna	843
gdna_high_ss_0.99_nrna_zero	5	gdna	mrna	239
gdna_high_ss_0.99_nrna_zero	4	gdna	mrna	445
gdna_high_ss_0.99_nrna_zero	26	gdna	mrna	352
gdna_high_ss_0.99_nrna_zero	15	gdna	mrna	615
gdna_high_ss_0.99_nrna_zero	43	gdna	mrna	343
gdna_high_ss_0.99_nrna_zero	31	gdna	nrna	108
gdna_high_ss_0.99_nrna_zero	8	gdna	mrna	12
gdna_high_ss_0.99_nrna_zero	44	gdna	mrna	363
gdna_high_ss_0.99_nrna_zero	6	gdna	mrna	314
gdna_high_ss_0.99_nrna_zero	2	gdna	mrna	34
gdna_high_ss_0.99_nrna_zero	25	gdna	mrna	134
gdna_high_ss_0.99_nrna_zero	37	gdna	mrna	124
gdna_high_ss_0.99_nrna_zero	-1	gdna	unresolved	202
gdna_high_ss_0.99_nrna_zero	12	gdna	mrna	25
gdna_high_ss_0.99_nrna_zero	1	gdna	mrna	127
gdna_high_ss_0.99_nrna_zero	42	gdna	nrna	52
gdna_high_ss_0.99_nrna_zero	22	gdna	mrna	41
gdna_high_ss_0.99_nrna_zero	20	gdna	nrna	77
gdna_high_ss_0.99_nrna_zero	49	gdna	mrna	12
gdna_high_ss_0.99_nrna_zero	36	gdna	mrna	54
gdna_high_ss_0.99_nrna_zero	30	gdna	mrna	132
gdna_high_ss_0.99_nrna_zero	46	gdna	mrna	45
gdna_high_ss_0.99_nrna_zero	7	gdna	nrna	44
gdna_high_ss_0.99_nrna_zero	0	gdna	mrna	25
gdna_high_ss_0.99_nrna_zero	9	gdna	mrna	109
gdna_high_ss_0.99_nrna_zero	13	gdna	mrna	8
gdna_high_ss_0.99_nrna_zero	47	gdna	mrna	41
gdna_high_ss_0.99_nrna_zero	3	gdna	mrna	27
gdna_high_ss_0.99_nrna_zero	28	gdna	mrna	22
gdna_high_ss_0.99_nrna_zero	33	gdna	mrna	25
gdna_high_ss_0.99_nrna_zero	14	gdna	mrna	36
gdna_high_ss_0.99_nrna_zero	48	gdna	mrna	6
gdna_high_ss_0.99_nrna_zero	18	gdna	mrna	7
gdna_high_ss_0.99_nrna_zero	34	mrna	mrna	36350
gdna_high_ss_0.99_nrna_zero	43	mrna	mrna	14589
gdna_high_ss_0.99_nrna_zero	26	mrna	mrna	9176
gdna_high_ss_0.99_nrna_zero	10	mrna	mrna	8395
gdna_high_ss_0.99_nrna_zero	17	mrna	mrna	4552
gdna_high_ss_0.99_nrna_zero	20	mrna	nrna	3466
gdna_high_ss_0.99_nrna_zero	7	mrna	nrna	2156
gdna_high_ss_0.99_nrna_zero	19	mrna	mrna	1260
gdna_high_ss_0.99_nrna_zero	25	mrna	mrna	1451
gdna_high_ss_0.99_nrna_zero	14	mrna	mrna	126
gdna_high_ss_0.99_nrna_zero	15	mrna	mrna	177942
gdna_high_ss_0.99_nrna_zero	28	mrna	mrna	33
gdna_high_ss_0.99_nrna_zero	39	mrna	mrna	65987
gdna_high_ss_0.99_nrna_zero	13	mrna	mrna	20
gdna_high_ss_0.99_nrna_zero	1	mrna	mrna	4559
gdna_high_ss_0.99_nrna_zero	18	mrna	mrna	24
gdna_high_ss_0.99_nrna_zero	2	mrna	mrna	247
gdna_high_ss_0.99_nrna_zero	41	mrna	mrna	5923
gdna_high_ss_0.99_nrna_zero	38	gdna	mrna	3
gdna_high_ss_0.99_nrna_zero	21	mrna	mrna	78437
gdna_high_ss_0.99_nrna_zero	22	mrna	mrna	4375
gdna_high_ss_0.99_nrna_zero	31	mrna	nrna	4020
gdna_high_ss_0.99_nrna_zero	32	mrna	mrna	22816
gdna_high_ss_0.99_nrna_zero	33	mrna	mrna	424
gdna_high_ss_0.99_nrna_zero	47	mrna	mrna	191
gdna_high_ss_0.99_nrna_zero	38	mrna	mrna	9
gdna_high_ss_0.99_nrna_zero	37	mrna	mrna	614
gdna_high_ss_0.99_nrna_zero	46	mrna	mrna	88
gdna_zero_ss_0.50_nrna_low	-1	mrna	gdna	15926
gdna_zero_ss_0.50_nrna_low	23	mrna	mrna	107775
gdna_zero_ss_0.50_nrna_low	26	mrna	mrna	72872
gdna_zero_ss_0.50_nrna_low	28	mrna	mrna	35073
gdna_zero_ss_0.50_nrna_low	41	mrna	mrna	92208
gdna_zero_ss_0.50_nrna_low	5	mrna	mrna	10304
gdna_zero_ss_0.50_nrna_low	9	mrna	mrna	7067
gdna_zero_ss_0.50_nrna_low	6	mrna	mrna	12109
gdna_zero_ss_0.50_nrna_low	3	mrna	mrna	3919
gdna_zero_ss_0.50_nrna_low	33	mrna	mrna	2498
gdna_zero_ss_0.50_nrna_low	42	mrna	mrna	34993
gdna_zero_ss_0.50_nrna_low	12	mrna	mrna	572
gdna_zero_ss_0.50_nrna_low	0	mrna	mrna	410
gdna_zero_ss_0.50_nrna_low	47	mrna	mrna	69736
gdna_zero_ss_0.50_nrna_low	8	mrna	mrna	138
gdna_zero_ss_0.50_nrna_low	46	mrna	mrna	61
gdna_zero_ss_0.50_nrna_low	45	mrna	mrna	26
gdna_zero_ss_0.50_nrna_low	39	mrna	nrna	928
gdna_zero_ss_0.50_nrna_low	4	mrna	mrna	84278
gdna_zero_ss_0.50_nrna_low	34	mrna	mrna	1167
gdna_zero_ss_0.50_nrna_low	-1	nrna	gdna	48616
gdna_zero_ss_0.50_nrna_low	23	nrna	mrna	3066
gdna_zero_ss_0.50_nrna_low	10	nrna	mrna	102
gdna_zero_ss_0.50_nrna_low	25	nrna	mrna	129
gdna_zero_ss_0.50_nrna_low	34	nrna	mrna	16
gdna_zero_ss_0.50_nrna_low	5	nrna	mrna	333
gdna_zero_ss_0.50_nrna_low	35	nrna	mrna	6
gdna_zero_ss_0.50_nrna_low	44	nrna	mrna	3
gdna_zero_ss_0.50_nrna_low	-1	nrna	unresolved	7
gdna_zero_ss_0.50_nrna_low	43	nrna	mrna	2
gdna_zero_ss_0.50_nrna_low	4	nrna	mrna	29
gdna_zero_ss_0.50_nrna_low	32	mrna	mrna	36865
gdna_zero_ss_0.50_nrna_low	40	mrna	mrna	14601
gdna_zero_ss_0.50_nrna_low	25	mrna	mrna	9399
gdna_zero_ss_0.50_nrna_low	10	mrna	mrna	8417
gdna_zero_ss_0.50_nrna_low	16	mrna	mrna	4581
gdna_zero_ss_0.50_nrna_low	19	mrna	nrna	3523
gdna_zero_ss_0.50_nrna_low	7	mrna	nrna	2203
gdna_zero_ss_0.50_nrna_low	18	mrna	mrna	1555
gdna_zero_ss_0.50_nrna_low	24	mrna	mrna	1788
gdna_zero_ss_0.50_nrna_low	14	mrna	mrna	216
gdna_zero_ss_0.50_nrna_low	15	mrna	mrna	176158
gdna_zero_ss_0.50_nrna_low	27	mrna	mrna	88
gdna_zero_ss_0.50_nrna_low	37	mrna	mrna	66531
gdna_zero_ss_0.50_nrna_low	13	mrna	mrna	54
gdna_zero_ss_0.50_nrna_low	1	mrna	mrna	4636
gdna_zero_ss_0.50_nrna_low	17	mrna	mrna	41
gdna_zero_ss_0.50_nrna_low	2	mrna	mrna	264
gdna_zero_ss_0.50_nrna_low	38	mrna	mrna	6731
gdna_zero_ss_0.50_nrna_low	41	nrna	mrna	2063
gdna_zero_ss_0.50_nrna_low	20	nrna	mrna	1682
gdna_zero_ss_0.50_nrna_low	30	nrna	mrna	449
gdna_zero_ss_0.50_nrna_low	6	nrna	mrna	98
gdna_zero_ss_0.50_nrna_low	42	nrna	mrna	36
gdna_zero_ss_0.50_nrna_low	2	nrna	mrna	1
gdna_zero_ss_0.50_nrna_low	37	nrna	mrna	3
gdna_zero_ss_0.50_nrna_low	16	nrna	mrna	108
gdna_zero_ss_0.50_nrna_low	20	mrna	mrna	77341
gdna_zero_ss_0.50_nrna_low	21	mrna	mrna	4465
gdna_zero_ss_0.50_nrna_low	29	mrna	nrna	4080
gdna_zero_ss_0.50_nrna_low	30	mrna	mrna	22761
gdna_zero_ss_0.50_nrna_low	31	mrna	mrna	480
gdna_zero_ss_0.50_nrna_low	44	mrna	mrna	210
gdna_zero_ss_0.50_nrna_low	36	mrna	mrna	30
gdna_zero_ss_0.50_nrna_low	15	nrna	mrna	2085
gdna_zero_ss_0.50_nrna_low	47	nrna	mrna	119
gdna_zero_ss_0.50_nrna_low	8	nrna	mrna	4
gdna_zero_ss_0.50_nrna_low	46	nrna	mrna	2
gdna_zero_ss_0.50_nrna_low	35	mrna	mrna	776
gdna_zero_ss_0.50_nrna_low	43	mrna	mrna	145
gdna_zero_ss_0.50_nrna_low	11	mrna	mrna	1
gdna_zero_ss_0.50_nrna_low	1	nrna	mrna	102
gdna_zero_ss_0.50_nrna_low	40	nrna	mrna	193
gdna_zero_ss_0.50_nrna_low	0	nrna	mrna	5
gdna_zero_ss_0.50_nrna_low	27	nrna	mrna	1
gdna_zero_ss_0.50_nrna_low	3	nrna	mrna	1
gdna_zero_ss_0.99_nrna_low	23	mrna	mrna	108637
gdna_zero_ss_0.99_nrna_low	23	mrna	nrna	2789
gdna_zero_ss_0.99_nrna_low	-1	mrna	gdna	769
gdna_zero_ss_0.99_nrna_low	26	mrna	mrna	72869
gdna_zero_ss_0.99_nrna_low	28	mrna	mrna	35072
gdna_zero_ss_0.99_nrna_low	41	mrna	mrna	93528
gdna_zero_ss_0.99_nrna_low	41	mrna	nrna	928
gdna_zero_ss_0.99_nrna_low	5	mrna	mrna	10553
gdna_zero_ss_0.99_nrna_low	5	mrna	nrna	297
gdna_zero_ss_0.99_nrna_low	9	mrna	mrna	7061
gdna_zero_ss_0.99_nrna_low	6	mrna	mrna	12545
gdna_zero_ss_0.99_nrna_low	3	mrna	mrna	3919
gdna_zero_ss_0.99_nrna_low	33	mrna	mrna	2494
gdna_zero_ss_0.99_nrna_low	42	mrna	mrna	34989
gdna_zero_ss_0.99_nrna_low	42	mrna	nrna	2
gdna_zero_ss_0.99_nrna_low	12	mrna	mrna	571
gdna_zero_ss_0.99_nrna_low	0	mrna	mrna	421
gdna_zero_ss_0.99_nrna_low	0	mrna	nrna	5
gdna_zero_ss_0.99_nrna_low	47	mrna	mrna	69852
gdna_zero_ss_0.99_nrna_low	8	mrna	mrna	159
gdna_zero_ss_0.99_nrna_low	46	mrna	mrna	62
gdna_zero_ss_0.99_nrna_low	45	mrna	mrna	26
gdna_zero_ss_0.99_nrna_low	8	mrna	nrna	1
gdna_zero_ss_0.99_nrna_low	39	mrna	nrna	970
gdna_zero_ss_0.99_nrna_low	4	mrna	mrna	84250
gdna_zero_ss_0.99_nrna_low	22	mrna	nrna	3
gdna_zero_ss_0.99_nrna_low	34	mrna	mrna	1221
gdna_zero_ss_0.99_nrna_low	23	nrna	nrna	11118
gdna_zero_ss_0.99_nrna_low	-1	nrna	gdna	3188
gdna_zero_ss_0.99_nrna_low	23	nrna	mrna	3101
gdna_zero_ss_0.99_nrna_low	10	nrna	nrna	486
gdna_zero_ss_0.99_nrna_low	10	nrna	mrna	104
gdna_zero_ss_0.99_nrna_low	25	nrna	nrna	722
gdna_zero_ss_0.99_nrna_low	25	nrna	mrna	141
gdna_zero_ss_0.99_nrna_low	34	nrna	mrna	17
gdna_zero_ss_0.99_nrna_low	34	nrna	nrna	213
gdna_zero_ss_0.99_nrna_low	5	nrna	nrna	2873
gdna_zero_ss_0.99_nrna_low	5	nrna	mrna	350
gdna_zero_ss_0.99_nrna_low	35	nrna	mrna	7
gdna_zero_ss_0.99_nrna_low	44	nrna	nrna	30
gdna_zero_ss_0.99_nrna_low	44	nrna	mrna	5
gdna_zero_ss_0.99_nrna_low	-1	nrna	unresolved	7
gdna_zero_ss_0.99_nrna_low	43	nrna	mrna	7
gdna_zero_ss_0.99_nrna_low	41	nrna	nrna	9696
gdna_zero_ss_0.99_nrna_low	4	nrna	mrna	29
gdna_zero_ss_0.99_nrna_low	32	mrna	mrna	36854
gdna_zero_ss_0.99_nrna_low	40	mrna	mrna	15174
gdna_zero_ss_0.99_nrna_low	25	mrna	mrna	9884
gdna_zero_ss_0.99_nrna_low	10	mrna	mrna	8635
gdna_zero_ss_0.99_nrna_low	16	mrna	mrna	4750
gdna_zero_ss_0.99_nrna_low	16	mrna	nrna	54
gdna_zero_ss_0.99_nrna_low	19	mrna	nrna	3618
gdna_zero_ss_0.99_nrna_low	7	mrna	nrna	2246
gdna_zero_ss_0.99_nrna_low	18	mrna	mrna	1550
gdna_zero_ss_0.99_nrna_low	24	mrna	mrna	1786
gdna_zero_ss_0.99_nrna_low	14	mrna	mrna	221
gdna_zero_ss_0.99_nrna_low	15	mrna	mrna	178661
gdna_zero_ss_0.99_nrna_low	27	mrna	mrna	85
gdna_zero_ss_0.99_nrna_low	37	mrna	mrna	66517
gdna_zero_ss_0.99_nrna_low	13	mrna	mrna	56
gdna_zero_ss_0.99_nrna_low	1	mrna	mrna	4741
gdna_zero_ss_0.99_nrna_low	1	mrna	nrna	78
gdna_zero_ss_0.99_nrna_low	17	mrna	mrna	41
gdna_zero_ss_0.99_nrna_low	2	mrna	mrna	315
gdna_zero_ss_0.99_nrna_low	38	mrna	mrna	6711
gdna_zero_ss_0.99_nrna_low	41	nrna	mrna	2104
gdna_zero_ss_0.99_nrna_low	20	nrna	nrna	3633
gdna_zero_ss_0.99_nrna_low	20	nrna	mrna	1403
gdna_zero_ss_0.99_nrna_low	30	nrna	nrna	1692
gdna_zero_ss_0.99_nrna_low	30	nrna	mrna	466
gdna_zero_ss_0.99_nrna_low	6	nrna	mrna	100
gdna_zero_ss_0.99_nrna_low	6	nrna	nrna	211
gdna_zero_ss_0.99_nrna_low	42	nrna	nrna	100
gdna_zero_ss_0.99_nrna_low	42	nrna	mrna	36
gdna_zero_ss_0.99_nrna_low	2	nrna	mrna	1
gdna_zero_ss_0.99_nrna_low	37	nrna	mrna	3
gdna_zero_ss_0.99_nrna_low	16	nrna	mrna	110
gdna_zero_ss_0.99_nrna_low	16	nrna	nrna	422
gdna_zero_ss_0.99_nrna_low	37	nrna	nrna	1
gdna_zero_ss_0.99_nrna_low	20	mrna	mrna	78617
gdna_zero_ss_0.99_nrna_low	20	mrna	nrna	1060
gdna_zero_ss_0.99_nrna_low	15	mrna	nrna	22
gdna_zero_ss_0.99_nrna_low	21	mrna	mrna	4463
gdna_zero_ss_0.99_nrna_low	29	mrna	nrna	4248
gdna_zero_ss_0.99_nrna_low	30	mrna	mrna	23291
gdna_zero_ss_0.99_nrna_low	30	mrna	nrna	277
gdna_zero_ss_0.99_nrna_low	10	mrna	nrna	3
gdna_zero_ss_0.99_nrna_low	34	mrna	nrna	15
gdna_zero_ss_0.99_nrna_low	31	mrna	mrna	478
gdna_zero_ss_0.99_nrna_low	44	mrna	mrna	299
gdna_zero_ss_0.99_nrna_low	44	mrna	nrna	12
gdna_zero_ss_0.99_nrna_low	36	mrna	mrna	33
gdna_zero_ss_0.99_nrna_low	15	nrna	nrna	12969
gdna_zero_ss_0.99_nrna_low	15	nrna	mrna	2123
gdna_zero_ss_0.99_nrna_low	47	nrna	nrna	219
gdna_zero_ss_0.99_nrna_low	47	nrna	mrna	118
gdna_zero_ss_0.99_nrna_low	4	nrna	nrna	2
gdna_zero_ss_0.99_nrna_low	8	nrna	nrna	23
gdna_zero_ss_0.99_nrna_low	8	nrna	mrna	6
gdna_zero_ss_0.99_nrna_low	46	nrna	mrna	2
gdna_zero_ss_0.99_nrna_low	40	mrna	nrna	3
gdna_zero_ss_0.99_nrna_low	35	mrna	mrna	973
gdna_zero_ss_0.99_nrna_low	43	mrna	mrna	235
gdna_zero_ss_0.99_nrna_low	11	mrna	mrna	1
gdna_zero_ss_0.99_nrna_low	1	nrna	mrna	103
gdna_zero_ss_0.99_nrna_low	1	nrna	nrna	747
gdna_zero_ss_0.99_nrna_low	40	nrna	nrna	316
gdna_zero_ss_0.99_nrna_low	40	nrna	mrna	157
gdna_zero_ss_0.99_nrna_low	0	nrna	nrna	91
gdna_zero_ss_0.99_nrna_low	0	nrna	mrna	5
gdna_zero_ss_0.99_nrna_low	27	nrna	mrna	1
gdna_zero_ss_0.99_nrna_low	3	nrna	mrna	1
gdna_zero_ss_0.99_nrna_low	3	nrna	nrna	1
gdna_zero_ss_0.99_nrna_low	17	nrna	nrna	1
gdna_low_ss_0.50_nrna_low	24	mrna	mrna	108636
gdna_low_ss_0.50_nrna_low	24	mrna	nrna	2394
gdna_low_ss_0.50_nrna_low	-1	mrna	gdna	8641
gdna_low_ss_0.50_nrna_low	27	mrna	mrna	72745
gdna_low_ss_0.50_nrna_low	30	mrna	mrna	35035
gdna_low_ss_0.50_nrna_low	44	mrna	mrna	94284
gdna_low_ss_0.50_nrna_low	44	mrna	nrna	25
gdna_low_ss_0.50_nrna_low	5	mrna	mrna	10452
gdna_low_ss_0.50_nrna_low	9	mrna	mrna	6954
gdna_low_ss_0.50_nrna_low	6	mrna	mrna	12175
gdna_low_ss_0.50_nrna_low	3	mrna	mrna	3889
gdna_low_ss_0.50_nrna_low	35	mrna	mrna	2301
gdna_low_ss_0.50_nrna_low	45	mrna	mrna	34946
gdna_low_ss_0.50_nrna_low	12	mrna	mrna	548
gdna_low_ss_0.50_nrna_low	0	mrna	mrna	365
gdna_low_ss_0.50_nrna_low	52	mrna	mrna	69629
gdna_low_ss_0.50_nrna_low	8	mrna	mrna	146
gdna_low_ss_0.50_nrna_low	49	mrna	mrna	30
gdna_low_ss_0.50_nrna_low	48	mrna	mrna	10
gdna_low_ss_0.50_nrna_low	42	mrna	nrna	926
gdna_low_ss_0.50_nrna_low	4	mrna	mrna	84149
gdna_low_ss_0.50_nrna_low	36	mrna	mrna	1162
gdna_low_ss_0.50_nrna_low	-1	nrna	gdna	19141
gdna_low_ss_0.50_nrna_low	24	nrna	nrna	9081
gdna_low_ss_0.50_nrna_low	24	nrna	mrna	2930
gdna_low_ss_0.50_nrna_low	10	nrna	mrna	107
gdna_low_ss_0.50_nrna_low	26	nrna	mrna	120
gdna_low_ss_0.50_nrna_low	36	nrna	mrna	15
gdna_low_ss_0.50_nrna_low	5	nrna	mrna	327
gdna_low_ss_0.50_nrna_low	5	nrna	nrna	287
gdna_low_ss_0.50_nrna_low	37	nrna	mrna	9
gdna_low_ss_0.50_nrna_low	47	nrna	mrna	7
gdna_low_ss_0.50_nrna_low	-1	nrna	unresolved	5
gdna_low_ss_0.50_nrna_low	46	nrna	mrna	1
gdna_low_ss_0.50_nrna_low	44	nrna	mrna	2032
gdna_low_ss_0.50_nrna_low	44	nrna	nrna	8037
gdna_low_ss_0.50_nrna_low	-1	gdna	gdna	247019
gdna_low_ss_0.50_nrna_low	32	gdna	mrna	95
gdna_low_ss_0.50_nrna_low	4	gdna	mrna	89
gdna_low_ss_0.50_nrna_low	37	gdna	mrna	61
gdna_low_ss_0.50_nrna_low	26	gdna	mrna	67
gdna_low_ss_0.50_nrna_low	34	gdna	mrna	89
gdna_low_ss_0.50_nrna_low	44	gdna	nrna	185
gdna_low_ss_0.50_nrna_low	-1	gdna	unresolved	21
gdna_low_ss_0.50_nrna_low	39	gdna	mrna	85
gdna_low_ss_0.50_nrna_low	41	gdna	mrna	115
gdna_low_ss_0.50_nrna_low	31	gdna	nrna	26
gdna_low_ss_0.50_nrna_low	21	gdna	nrna	154
gdna_low_ss_0.50_nrna_low	1	gdna	mrna	35
gdna_low_ss_0.50_nrna_low	6	gdna	mrna	78
gdna_low_ss_0.50_nrna_low	24	gdna	nrna	254
gdna_low_ss_0.50_nrna_low	22	gdna	mrna	7
gdna_low_ss_0.50_nrna_low	15	gdna	nrna	336
gdna_low_ss_0.50_nrna_low	12	gdna	mrna	12
gdna_low_ss_0.50_nrna_low	43	gdna	mrna	78
gdna_low_ss_0.50_nrna_low	27	gdna	mrna	82
gdna_low_ss_0.50_nrna_low	52	gdna	mrna	118
gdna_low_ss_0.50_nrna_low	21	gdna	mrna	164
gdna_low_ss_0.50_nrna_low	36	gdna	mrna	22
gdna_low_ss_0.50_nrna_low	5	gdna	mrna	57
gdna_low_ss_0.50_nrna_low	42	gdna	nrna	17
gdna_low_ss_0.50_nrna_low	5	gdna	nrna	28
gdna_low_ss_0.50_nrna_low	15	gdna	mrna	105
gdna_low_ss_0.50_nrna_low	24	gdna	mrna	121
gdna_low_ss_0.50_nrna_low	35	gdna	mrna	46
gdna_low_ss_0.50_nrna_low	20	gdna	nrna	19
gdna_low_ss_0.50_nrna_low	25	gdna	mrna	53
gdna_low_ss_0.50_nrna_low	44	gdna	mrna	68
gdna_low_ss_0.50_nrna_low	17	gdna	mrna	24
gdna_low_ss_0.50_nrna_low	30	gdna	mrna	18
gdna_low_ss_0.50_nrna_low	45	gdna	mrna	22
gdna_low_ss_0.50_nrna_low	28	gdna	mrna	2
gdna_low_ss_0.50_nrna_low	49	gdna	mrna	8
gdna_low_ss_0.50_nrna_low	46	gdna	mrna	15
gdna_low_ss_0.50_nrna_low	10	gdna	mrna	29
gdna_low_ss_0.50_nrna_low	19	gdna	mrna	35
gdna_low_ss_0.50_nrna_low	13	gdna	mrna	2
gdna_low_ss_0.50_nrna_low	2	gdna	mrna	16
gdna_low_ss_0.50_nrna_low	8	gdna	mrna	7
gdna_low_ss_0.50_nrna_low	38	gdna	mrna	3
gdna_low_ss_0.50_nrna_low	23	gdna	nrna	1
gdna_low_ss_0.50_nrna_low	33	gdna	mrna	4
gdna_low_ss_0.50_nrna_low	3	gdna	mrna	7
gdna_low_ss_0.50_nrna_low	47	gdna	mrna	17
gdna_low_ss_0.50_nrna_low	17	gdna	nrna	17
gdna_low_ss_0.50_nrna_low	9	gdna	mrna	19
gdna_low_ss_0.50_nrna_low	7	gdna	nrna	14
gdna_low_ss_0.50_nrna_low	48	gdna	mrna	4
gdna_low_ss_0.50_nrna_low	18	gdna	mrna	3
gdna_low_ss_0.50_nrna_low	32	gdna	nrna	17
gdna_low_ss_0.50_nrna_low	14	gdna	mrna	6
gdna_low_ss_0.50_nrna_low	34	mrna	mrna	36764
gdna_low_ss_0.50_nrna_low	43	mrna	mrna	14736
gdna_low_ss_0.50_nrna_low	26	mrna	mrna	9412
gdna_low_ss_0.50_nrna_low	10	mrna	mrna	8423
gdna_low_ss_0.50_nrna_low	17	mrna	mrna	4659
gdna_low_ss_0.50_nrna_low	20	mrna	nrna	3557
gdna_low_ss_0.50_nrna_low	7	mrna	nrna	2200
gdna_low_ss_0.50_nrna_low	19	mrna	mrna	1318
gdna_low_ss_0.50_nrna_low	25	mrna	mrna	1557
gdna_low_ss_0.50_nrna_low	14	mrna	mrna	129
gdna_low_ss_0.50_nrna_low	15	mrna	mrna	178477
gdna_low_ss_0.50_nrna_low	28	mrna	mrna	28
gdna_low_ss_0.50_nrna_low	39	mrna	mrna	66453
gdna_low_ss_0.50_nrna_low	13	mrna	mrna	30
gdna_low_ss_0.50_nrna_low	1	mrna	mrna	4641
gdna_low_ss_0.50_nrna_low	18	mrna	mrna	29
gdna_low_ss_0.50_nrna_low	2	mrna	mrna	234
gdna_low_ss_0.50_nrna_low	41	mrna	mrna	6310
gdna_low_ss_0.50_nrna_low	21	nrna	nrna	2149
gdna_low_ss_0.50_nrna_low	21	nrna	mrna	1672
gdna_low_ss_0.50_nrna_low	32	nrna	mrna	487
gdna_low_ss_0.50_nrna_low	32	nrna	nrna	178
gdna_low_ss_0.50_nrna_low	6	nrna	mrna	97
gdna_low_ss_0.50_nrna_low	45	nrna	mrna	46
gdna_low_ss_0.50_nrna_low	39	nrna	mrna	3
gdna_low_ss_0.50_nrna_low	4	nrna	mrna	29
gdna_low_ss_0.50_nrna_low	17	nrna	mrna	103
gdna_low_ss_0.50_nrna_low	0	gdna	mrna	4
gdna_low_ss_0.50_nrna_low	21	mrna	mrna	78392
gdna_low_ss_0.50_nrna_low	21	mrna	nrna	226
gdna_low_ss_0.50_nrna_low	22	mrna	mrna	4416
gdna_low_ss_0.50_nrna_low	31	mrna	nrna	4136
gdna_low_ss_0.50_nrna_low	32	mrna	mrna	22963
gdna_low_ss_0.50_nrna_low	33	mrna	mrna	451
gdna_low_ss_0.50_nrna_low	47	mrna	mrna	223
gdna_low_ss_0.50_nrna_low	38	mrna	mrna	14
gdna_low_ss_0.50_nrna_low	15	nrna	nrna	9866
gdna_low_ss_0.50_nrna_low	15	nrna	mrna	2046
gdna_low_ss_0.50_nrna_low	17	nrna	nrna	96
gdna_low_ss_0.50_nrna_low	52	nrna	mrna	104
gdna_low_ss_0.50_nrna_low	8	nrna	mrna	3
gdna_low_ss_0.50_nrna_low	22	nrna	mrna	1
gdna_low_ss_0.50_nrna_low	37	mrna	mrna	699
gdna_low_ss_0.50_nrna_low	46	mrna	mrna	80
gdna_low_ss_0.50_nrna_low	11	mrna	mrna	1
gdna_low_ss_0.50_nrna_low	1	nrna	mrna	85
gdna_low_ss_0.50_nrna_low	43	nrna	mrna	196
gdna_low_ss_0.50_nrna_low	0	nrna	mrna	1
gdna_low_ss_0.99_nrna_low	24	mrna	mrna	108304
gdna_low_ss_0.99_nrna_low	24	mrna	nrna	2998
gdna_low_ss_0.99_nrna_low	-1	mrna	gdna	3115
gdna_low_ss_0.99_nrna_low	27	mrna	mrna	72761
gdna_low_ss_0.99_nrna_low	30	mrna	mrna	35053
gdna_low_ss_0.99_nrna_low	44	mrna	mrna	94353
gdna_low_ss_0.99_nrna_low	44	mrna	nrna	37
gdna_low_ss_0.99_nrna_low	5	mrna	mrna	10576
gdna_low_ss_0.99_nrna_low	5	mrna	nrna	203
gdna_low_ss_0.99_nrna_low	9	mrna	mrna	7036
gdna_low_ss_0.99_nrna_low	6	mrna	mrna	12437
gdna_low_ss_0.99_nrna_low	3	mrna	mrna	3911
gdna_low_ss_0.99_nrna_low	35	mrna	mrna	2420
gdna_low_ss_0.99_nrna_low	45	mrna	mrna	34954
gdna_low_ss_0.99_nrna_low	12	mrna	mrna	561
gdna_low_ss_0.99_nrna_low	0	mrna	mrna	400
gdna_low_ss_0.99_nrna_low	0	mrna	nrna	3
gdna_low_ss_0.99_nrna_low	52	mrna	mrna	69743
gdna_low_ss_0.99_nrna_low	8	mrna	mrna	155
gdna_low_ss_0.99_nrna_low	49	mrna	mrna	48
gdna_low_ss_0.99_nrna_low	48	mrna	mrna	12
gdna_low_ss_0.99_nrna_low	42	mrna	nrna	963
gdna_low_ss_0.99_nrna_low	4	mrna	mrna	84177
gdna_low_ss_0.99_nrna_low	23	mrna	nrna	1
gdna_low_ss_0.99_nrna_low	36	mrna	mrna	1207
gdna_low_ss_0.99_nrna_low	24	nrna	nrna	10891
gdna_low_ss_0.99_nrna_low	24	nrna	mrna	2937
gdna_low_ss_0.99_nrna_low	-1	nrna	gdna	6995
gdna_low_ss_0.99_nrna_low	10	nrna	nrna	356
gdna_low_ss_0.99_nrna_low	10	nrna	mrna	108
gdna_low_ss_0.99_nrna_low	26	nrna	nrna	258
gdna_low_ss_0.99_nrna_low	26	nrna	mrna	131
gdna_low_ss_0.99_nrna_low	36	nrna	nrna	71
gdna_low_ss_0.99_nrna_low	36	nrna	mrna	15
gdna_low_ss_0.99_nrna_low	5	nrna	nrna	2360
gdna_low_ss_0.99_nrna_low	5	nrna	mrna	338
gdna_low_ss_0.99_nrna_low	37	nrna	mrna	14
gdna_low_ss_0.99_nrna_low	47	nrna	mrna	10
gdna_low_ss_0.99_nrna_low	-1	nrna	unresolved	5
gdna_low_ss_0.99_nrna_low	46	nrna	mrna	3
gdna_low_ss_0.99_nrna_low	44	nrna	mrna	2040
gdna_low_ss_0.99_nrna_low	44	nrna	nrna	9447
gdna_low_ss_0.99_nrna_low	-1	gdna	gdna	246857
gdna_low_ss_0.99_nrna_low	32	gdna	mrna	69
gdna_low_ss_0.99_nrna_low	4	gdna	mrna	75
gdna_low_ss_0.99_nrna_low	34	gdna	mrna	72
gdna_low_ss_0.99_nrna_low	44	gdna	nrna	144
gdna_low_ss_0.99_nrna_low	-1	gdna	unresolved	21
gdna_low_ss_0.99_nrna_low	39	gdna	mrna	69
gdna_low_ss_0.99_nrna_low	10	gdna	nrna	47
gdna_low_ss_0.99_nrna_low	1	gdna	nrna	82
gdna_low_ss_0.99_nrna_low	24	gdna	nrna	210
gdna_low_ss_0.99_nrna_low	5	gdna	nrna	185
gdna_low_ss_0.99_nrna_low	31	gdna	nrna	16
gdna_low_ss_0.99_nrna_low	1	gdna	mrna	29
gdna_low_ss_0.99_nrna_low	26	gdna	mrna	44
gdna_low_ss_0.99_nrna_low	21	gdna	nrna	245
gdna_low_ss_0.99_nrna_low	32	gdna	nrna	85
gdna_low_ss_0.99_nrna_low	6	gdna	mrna	70
gdna_low_ss_0.99_nrna_low	6	gdna	nrna	26
gdna_low_ss_0.99_nrna_low	43	gdna	mrna	67
gdna_low_ss_0.99_nrna_low	27	gdna	mrna	72
gdna_low_ss_0.99_nrna_low	15	gdna	nrna	287
gdna_low_ss_0.99_nrna_low	21	gdna	mrna	133
gdna_low_ss_0.99_nrna_low	47	gdna	mrna	12
gdna_low_ss_0.99_nrna_low	5	gdna	mrna	52
gdna_low_ss_0.99_nrna_low	42	gdna	nrna	11
gdna_low_ss_0.99_nrna_low	19	gdna	mrna	25
gdna_low_ss_0.99_nrna_low	45	gdna	nrna	14
gdna_low_ss_0.99_nrna_low	37	gdna	mrna	46
gdna_low_ss_0.99_nrna_low	0	gdna	mrna	9
gdna_low_ss_0.99_nrna_low	36	gdna	mrna	18
gdna_low_ss_0.99_nrna_low	52	gdna	mrna	105
gdna_low_ss_0.99_nrna_low	15	gdna	mrna	94
gdna_low_ss_0.99_nrna_low	24	gdna	mrna	111
gdna_low_ss_0.99_nrna_low	20	gdna	nrna	15
gdna_low_ss_0.99_nrna_low	43	gdna	nrna	26
gdna_low_ss_0.99_nrna_low	17	gdna	mrna	17
gdna_low_ss_0.99_nrna_low	44	gdna	mrna	57
gdna_low_ss_0.99_nrna_low	41	gdna	mrna	70
gdna_low_ss_0.99_nrna_low	30	gdna	mrna	13
gdna_low_ss_0.99_nrna_low	45	gdna	mrna	19
gdna_low_ss_0.99_nrna_low	26	gdna	nrna	70
gdna_low_ss_0.99_nrna_low	33	gdna	mrna	6
gdna_low_ss_0.99_nrna_low	22	gdna	mrna	4
gdna_low_ss_0.99_nrna_low	46	gdna	mrna	22
gdna_low_ss_0.99_nrna_low	28	gdna	mrna	9
gdna_low_ss_0.99_nrna_low	17	gdna	nrna	42
gdna_low_ss_0.99_nrna_low	2	gdna	mrna	10
gdna_low_ss_0.99_nrna_low	25	gdna	mrna	40
gdna_low_ss_0.99_nrna_low	38	gdna	mrna	5
gdna_low_ss_0.99_nrna_low	36	gdna	nrna	18
gdna_low_ss_0.99_nrna_low	10	gdna	mrna	26
gdna_low_ss_0.99_nrna_low	14	gdna	mrna	8
gdna_low_ss_0.99_nrna_low	3	gdna	mrna	6
gdna_low_ss_0.99_nrna_low	9	gdna	mrna	18
gdna_low_ss_0.99_nrna_low	52	gdna	nrna	15
gdna_low_ss_0.99_nrna_low	12	gdna	mrna	7
gdna_low_ss_0.99_nrna_low	35	gdna	mrna	23
gdna_low_ss_0.99_nrna_low	18	gdna	mrna	5
gdna_low_ss_0.99_nrna_low	48	gdna	mrna	5
gdna_low_ss_0.99_nrna_low	8	gdna	mrna	4
gdna_low_ss_0.99_nrna_low	7	gdna	nrna	13
gdna_low_ss_0.99_nrna_low	34	mrna	mrna	36796
gdna_low_ss_0.99_nrna_low	43	mrna	mrna	15010
gdna_low_ss_0.99_nrna_low	43	mrna	nrna	106
gdna_low_ss_0.99_nrna_low	26	mrna	mrna	9700
gdna_low_ss_0.99_nrna_low	10	mrna	mrna	8593
gdna_low_ss_0.99_nrna_low	17	mrna	mrna	4721
gdna_low_ss_0.99_nrna_low	17	mrna	nrna	47
gdna_low_ss_0.99_nrna_low	20	mrna	nrna	3605
gdna_low_ss_0.99_nrna_low	7	mrna	nrna	2240
gdna_low_ss_0.99_nrna_low	19	mrna	mrna	1480
gdna_low_ss_0.99_nrna_low	25	mrna	mrna	1710
gdna_low_ss_0.99_nrna_low	14	mrna	mrna	191
gdna_low_ss_0.99_nrna_low	15	mrna	mrna	178593
gdna_low_ss_0.99_nrna_low	28	mrna	mrna	70
gdna_low_ss_0.99_nrna_low	39	mrna	mrna	66457
gdna_low_ss_0.99_nrna_low	13	mrna	mrna	44
gdna_low_ss_0.99_nrna_low	1	mrna	mrna	4713
gdna_low_ss_0.99_nrna_low	1	mrna	nrna	60
gdna_low_ss_0.99_nrna_low	18	mrna	mrna	31
gdna_low_ss_0.99_nrna_low	2	mrna	mrna	286
gdna_low_ss_0.99_nrna_low	41	mrna	mrna	6541
gdna_low_ss_0.99_nrna_low	21	nrna	nrna	3586
gdna_low_ss_0.99_nrna_low	21	nrna	mrna	1377
gdna_low_ss_0.99_nrna_low	32	nrna	mrna	494
gdna_low_ss_0.99_nrna_low	32	nrna	nrna	1388
gdna_low_ss_0.99_nrna_low	6	nrna	nrna	91
gdna_low_ss_0.99_nrna_low	6	nrna	mrna	99
gdna_low_ss_0.99_nrna_low	45	nrna	nrna	54
gdna_low_ss_0.99_nrna_low	45	nrna	mrna	46
gdna_low_ss_0.99_nrna_low	2	nrna	mrna	1
gdna_low_ss_0.99_nrna_low	39	nrna	mrna	3
gdna_low_ss_0.99_nrna_low	4	nrna	mrna	29
gdna_low_ss_0.99_nrna_low	17	nrna	mrna	103
gdna_low_ss_0.99_nrna_low	17	nrna	nrna	353
gdna_low_ss_0.99_nrna_low	13	gdna	mrna	3
gdna_low_ss_0.99_nrna_low	0	gdna	nrna	15
gdna_low_ss_0.99_nrna_low	40	gdna	mrna	1
gdna_low_ss_0.99_nrna_low	49	gdna	mrna	5
gdna_low_ss_0.99_nrna_low	21	mrna	mrna	78461
gdna_low_ss_0.99_nrna_low	21	mrna	nrna	1127
gdna_low_ss_0.99_nrna_low	15	mrna	nrna	23
gdna_low_ss_0.99_nrna_low	22	mrna	mrna	4456
gdna_low_ss_0.99_nrna_low	31	mrna	nrna	4223
gdna_low_ss_0.99_nrna_low	32	mrna	mrna	23206
gdna_low_ss_0.99_nrna_low	32	mrna	nrna	248
gdna_low_ss_0.99_nrna_low	10	mrna	nrna	3
gdna_low_ss_0.99_nrna_low	33	mrna	mrna	465
gdna_low_ss_0.99_nrna_low	47	mrna	mrna	292
gdna_low_ss_0.99_nrna_low	38	mrna	mrna	21
gdna_low_ss_0.99_nrna_low	15	nrna	nrna	12353
gdna_low_ss_0.99_nrna_low	15	nrna	mrna	2044
gdna_low_ss_0.99_nrna_low	52	nrna	mrna	104
gdna_low_ss_0.99_nrna_low	52	nrna	nrna	63
gdna_low_ss_0.99_nrna_low	8	nrna	mrna	6
gdna_low_ss_0.99_nrna_low	8	nrna	nrna	3
gdna_low_ss_0.99_nrna_low	22	nrna	mrna	1
gdna_low_ss_0.99_nrna_low	37	mrna	mrna	891
gdna_low_ss_0.99_nrna_low	46	mrna	mrna	161
gdna_low_ss_0.99_nrna_low	11	mrna	mrna	1
gdna_low_ss_0.99_nrna_low	1	nrna	nrna	518
gdna_low_ss_0.99_nrna_low	1	nrna	mrna	85
gdna_low_ss_0.99_nrna_low	43	nrna	mrna	160
gdna_low_ss_0.99_nrna_low	43	nrna	nrna	263
gdna_low_ss_0.99_nrna_low	0	nrna	nrna	55
gdna_low_ss_0.99_nrna_low	0	nrna	mrna	1
gdna_low_ss_0.99_nrna_low	28	nrna	mrna	2
gdna_low_ss_0.99_nrna_low	8	gdna	nrna	1
gdna_med_ss_0.50_nrna_low	24	mrna	mrna	108194
gdna_med_ss_0.50_nrna_low	-1	mrna	gdna	17635
gdna_med_ss_0.50_nrna_low	24	mrna	nrna	2198
gdna_med_ss_0.50_nrna_low	27	mrna	mrna	72426
gdna_med_ss_0.50_nrna_low	30	mrna	mrna	34953
gdna_med_ss_0.50_nrna_low	44	mrna	mrna	93965
gdna_med_ss_0.50_nrna_low	44	mrna	nrna	37
gdna_med_ss_0.50_nrna_low	5	mrna	mrna	10161
gdna_med_ss_0.50_nrna_low	9	mrna	mrna	6859
gdna_med_ss_0.50_nrna_low	6	mrna	mrna	11796
gdna_med_ss_0.50_nrna_low	3	mrna	mrna	3865
gdna_med_ss_0.50_nrna_low	35	mrna	mrna	2111
gdna_med_ss_0.50_nrna_low	45	mrna	mrna	34805
gdna_med_ss_0.50_nrna_low	12	mrna	mrna	510
gdna_med_ss_0.50_nrna_low	0	mrna	mrna	352
gdna_med_ss_0.50_nrna_low	52	mrna	mrna	68768
gdna_med_ss_0.50_nrna_low	8	mrna	mrna	133
gdna_med_ss_0.50_nrna_low	49	mrna	mrna	29
gdna_med_ss_0.50_nrna_low	48	mrna	mrna	7
gdna_med_ss_0.50_nrna_low	42	mrna	nrna	892
gdna_med_ss_0.50_nrna_low	4	mrna	mrna	83762
gdna_med_ss_0.50_nrna_low	36	mrna	mrna	1100
gdna_med_ss_0.50_nrna_low	24	nrna	mrna	3056
gdna_med_ss_0.50_nrna_low	24	nrna	nrna	7638
gdna_med_ss_0.50_nrna_low	-1	nrna	gdna	24760
gdna_med_ss_0.50_nrna_low	10	nrna	mrna	89
gdna_med_ss_0.50_nrna_low	26	nrna	mrna	106
gdna_med_ss_0.50_nrna_low	36	nrna	mrna	17
gdna_med_ss_0.50_nrna_low	5	nrna	mrna	344
gdna_med_ss_0.50_nrna_low	37	nrna	mrna	8
gdna_med_ss_0.50_nrna_low	47	nrna	mrna	6
gdna_med_ss_0.50_nrna_low	-1	nrna	unresolved	10
gdna_med_ss_0.50_nrna_low	44	nrna	mrna	2057
gdna_med_ss_0.50_nrna_low	-1	gdna	gdna	990708
gdna_med_ss_0.50_nrna_low	39	gdna	mrna	301
gdna_med_ss_0.50_nrna_low	15	gdna	mrna	399
gdna_med_ss_0.50_nrna_low	5	gdna	mrna	181
gdna_med_ss_0.50_nrna_low	33	gdna	mrna	23
gdna_med_ss_0.50_nrna_low	15	gdna	nrna	1037
gdna_med_ss_0.50_nrna_low	4	gdna	mrna	324
gdna_med_ss_0.50_nrna_low	10	gdna	mrna	124
gdna_med_ss_0.50_nrna_low	21	gdna	mrna	587
gdna_med_ss_0.50_nrna_low	52	gdna	mrna	446
gdna_med_ss_0.50_nrna_low	44	gdna	mrna	250
gdna_med_ss_0.50_nrna_low	27	gdna	mrna	286
gdna_med_ss_0.50_nrna_low	30	gdna	mrna	94
gdna_med_ss_0.50_nrna_low	0	gdna	mrna	17
gdna_med_ss_0.50_nrna_low	1	gdna	mrna	121
gdna_med_ss_0.50_nrna_low	43	gdna	mrna	210
gdna_med_ss_0.50_nrna_low	44	gdna	nrna	551
gdna_med_ss_0.50_nrna_low	24	gdna	nrna	701
gdna_med_ss_0.50_nrna_low	32	gdna	mrna	264
gdna_med_ss_0.50_nrna_low	9	gdna	mrna	112
gdna_med_ss_0.50_nrna_low	20	gdna	nrna	59
gdna_med_ss_0.50_nrna_low	21	gdna	nrna	271
gdna_med_ss_0.50_nrna_low	35	gdna	mrna	151
gdna_med_ss_0.50_nrna_low	41	gdna	mrna	341
gdna_med_ss_0.50_nrna_low	6	gdna	mrna	247
gdna_med_ss_0.50_nrna_low	17	gdna	mrna	106
gdna_med_ss_0.50_nrna_low	34	gdna	mrna	273
gdna_med_ss_0.50_nrna_low	24	gdna	mrna	422
gdna_med_ss_0.50_nrna_low	19	gdna	mrna	139
gdna_med_ss_0.50_nrna_low	25	gdna	mrna	129
gdna_med_ss_0.50_nrna_low	47	gdna	mrna	44
gdna_med_ss_0.50_nrna_low	42	gdna	nrna	44
gdna_med_ss_0.50_nrna_low	26	gdna	mrna	309
gdna_med_ss_0.50_nrna_low	22	gdna	mrna	36
gdna_med_ss_0.50_nrna_low	36	gdna	mrna	39
gdna_med_ss_0.50_nrna_low	-1	gdna	unresolved	83
gdna_med_ss_0.50_nrna_low	14	gdna	mrna	27
gdna_med_ss_0.50_nrna_low	45	gdna	mrna	133
gdna_med_ss_0.50_nrna_low	37	gdna	mrna	144
gdna_med_ss_0.50_nrna_low	31	gdna	nrna	90
gdna_med_ss_0.50_nrna_low	7	gdna	nrna	47
gdna_med_ss_0.50_nrna_low	8	gdna	mrna	9
gdna_med_ss_0.50_nrna_low	2	gdna	mrna	17
gdna_med_ss_0.50_nrna_low	46	gdna	mrna	37
gdna_med_ss_0.50_nrna_low	12	gdna	mrna	24
gdna_med_ss_0.50_nrna_low	3	gdna	mrna	19
gdna_med_ss_0.50_nrna_low	38	gdna	mrna	5
gdna_med_ss_0.50_nrna_low	48	gdna	mrna	4
gdna_med_ss_0.50_nrna_low	13	gdna	mrna	5
gdna_med_ss_0.50_nrna_low	34	mrna	mrna	36182
gdna_med_ss_0.50_nrna_low	43	mrna	mrna	14457
gdna_med_ss_0.50_nrna_low	26	mrna	mrna	9027
gdna_med_ss_0.50_nrna_low	10	mrna	mrna	8337
gdna_med_ss_0.50_nrna_low	17	mrna	mrna	4559
gdna_med_ss_0.50_nrna_low	20	mrna	nrna	3470
gdna_med_ss_0.50_nrna_low	7	mrna	nrna	2156
gdna_med_ss_0.50_nrna_low	19	mrna	mrna	1187
gdna_med_ss_0.50_nrna_low	25	mrna	mrna	1357
gdna_med_ss_0.50_nrna_low	14	mrna	mrna	103
gdna_med_ss_0.50_nrna_low	15	mrna	mrna	178011
gdna_med_ss_0.50_nrna_low	28	mrna	mrna	18
gdna_med_ss_0.50_nrna_low	39	mrna	mrna	66071
gdna_med_ss_0.50_nrna_low	13	mrna	mrna	16
gdna_med_ss_0.50_nrna_low	1	mrna	mrna	4457
gdna_med_ss_0.50_nrna_low	18	mrna	mrna	20
gdna_med_ss_0.50_nrna_low	2	mrna	mrna	220
gdna_med_ss_0.50_nrna_low	41	mrna	mrna	5827
gdna_med_ss_0.50_nrna_low	44	nrna	nrna	7121
gdna_med_ss_0.50_nrna_low	21	nrna	mrna	1704
gdna_med_ss_0.50_nrna_low	21	nrna	nrna	1220
gdna_med_ss_0.50_nrna_low	32	nrna	mrna	487
gdna_med_ss_0.50_nrna_low	6	nrna	mrna	108
gdna_med_ss_0.50_nrna_low	45	nrna	mrna	32
gdna_med_ss_0.50_nrna_low	2	nrna	mrna	2
gdna_med_ss_0.50_nrna_low	39	nrna	mrna	4
gdna_med_ss_0.50_nrna_low	4	nrna	mrna	26
gdna_med_ss_0.50_nrna_low	21	mrna	mrna	77633
gdna_med_ss_0.50_nrna_low	21	mrna	nrna	78
gdna_med_ss_0.50_nrna_low	22	mrna	mrna	4372
gdna_med_ss_0.50_nrna_low	31	mrna	nrna	4026
gdna_med_ss_0.50_nrna_low	32	mrna	mrna	22615
gdna_med_ss_0.50_nrna_low	33	mrna	mrna	428
gdna_med_ss_0.50_nrna_low	47	mrna	mrna	183
gdna_med_ss_0.50_nrna_low	38	mrna	mrna	12
gdna_med_ss_0.50_nrna_low	15	nrna	mrna	2153
gdna_med_ss_0.50_nrna_low	15	nrna	nrna	7827
gdna_med_ss_0.50_nrna_low	17	nrna	mrna	96
gdna_med_ss_0.50_nrna_low	52	nrna	mrna	106
gdna_med_ss_0.50_nrna_low	8	nrna	mrna	2
gdna_med_ss_0.50_nrna_low	49	gdna	mrna	4
gdna_med_ss_0.50_nrna_low	28	gdna	mrna	5
gdna_med_ss_0.50_nrna_low	37	mrna	mrna	540
gdna_med_ss_0.50_nrna_low	46	mrna	mrna	80
gdna_med_ss_0.50_nrna_low	1	nrna	mrna	78
gdna_med_ss_0.50_nrna_low	43	nrna	mrna	200
gdna_med_ss_0.50_nrna_low	0	nrna	mrna	4
gdna_med_ss_0.50_nrna_low	23	gdna	nrna	1
gdna_med_ss_0.99_nrna_low	24	mrna	mrna	108323
gdna_med_ss_0.99_nrna_low	24	mrna	nrna	2658
gdna_med_ss_0.99_nrna_low	-1	mrna	gdna	9228
gdna_med_ss_0.99_nrna_low	27	mrna	mrna	72590
gdna_med_ss_0.99_nrna_low	30	mrna	mrna	34989
gdna_med_ss_0.99_nrna_low	44	mrna	mrna	94154
gdna_med_ss_0.99_nrna_low	44	mrna	nrna	41
gdna_med_ss_0.99_nrna_low	5	mrna	mrna	10398
gdna_med_ss_0.99_nrna_low	5	mrna	nrna	215
gdna_med_ss_0.99_nrna_low	9	mrna	mrna	6961
gdna_med_ss_0.99_nrna_low	6	mrna	mrna	12146
gdna_med_ss_0.99_nrna_low	3	mrna	mrna	3893
gdna_med_ss_0.99_nrna_low	35	mrna	mrna	2300
gdna_med_ss_0.99_nrna_low	45	mrna	mrna	34866
gdna_med_ss_0.99_nrna_low	12	mrna	mrna	545
gdna_med_ss_0.99_nrna_low	0	mrna	mrna	369
gdna_med_ss_0.99_nrna_low	52	mrna	mrna	69434
gdna_med_ss_0.99_nrna_low	8	mrna	mrna	133
gdna_med_ss_0.99_nrna_low	49	mrna	mrna	40
gdna_med_ss_0.99_nrna_low	48	mrna	mrna	10
gdna_med_ss_0.99_nrna_low	42	mrna	nrna	938
gdna_med_ss_0.99_nrna_low	4	mrna	mrna	83935
gdna_med_ss_0.99_nrna_low	36	mrna	mrna	1177
gdna_med_ss_0.99_nrna_low	24	nrna	mrna	3063
gdna_med_ss_0.99_nrna_low	24	nrna	nrna	9928
gdna_med_ss_0.99_nrna_low	-1	nrna	gdna	13839
gdna_med_ss_0.99_nrna_low	10	nrna	mrna	95
gdna_med_ss_0.99_nrna_low	10	nrna	nrna	190
gdna_med_ss_0.99_nrna_low	26	nrna	mrna	122
gdna_med_ss_0.99_nrna_low	36	nrna	mrna	16
gdna_med_ss_0.99_nrna_low	5	nrna	nrna	1513
gdna_med_ss_0.99_nrna_low	5	nrna	mrna	338
gdna_med_ss_0.99_nrna_low	37	nrna	mrna	9
gdna_med_ss_0.99_nrna_low	47	nrna	mrna	9
gdna_med_ss_0.99_nrna_low	-1	nrna	unresolved	10
gdna_med_ss_0.99_nrna_low	46	nrna	mrna	1
gdna_med_ss_0.99_nrna_low	44	nrna	nrna	8784
gdna_med_ss_0.99_nrna_low	44	nrna	mrna	2062
gdna_med_ss_0.99_nrna_low	-1	gdna	gdna	991813
gdna_med_ss_0.99_nrna_low	15	gdna	mrna	321
gdna_med_ss_0.99_nrna_low	5	gdna	mrna	130
gdna_med_ss_0.99_nrna_low	15	gdna	nrna	845
gdna_med_ss_0.99_nrna_low	10	gdna	mrna	85
gdna_med_ss_0.99_nrna_low	41	gdna	mrna	226
gdna_med_ss_0.99_nrna_low	44	gdna	mrna	215
gdna_med_ss_0.99_nrna_low	27	gdna	mrna	223
gdna_med_ss_0.99_nrna_low	52	gdna	mrna	317
gdna_med_ss_0.99_nrna_low	43	gdna	mrna	173
gdna_med_ss_0.99_nrna_low	44	gdna	nrna	423
gdna_med_ss_0.99_nrna_low	35	gdna	mrna	125
gdna_med_ss_0.99_nrna_low	21	gdna	nrna	457
gdna_med_ss_0.99_nrna_low	9	gdna	mrna	77
gdna_med_ss_0.99_nrna_low	20	gdna	nrna	46
gdna_med_ss_0.99_nrna_low	17	gdna	mrna	78
gdna_med_ss_0.99_nrna_low	10	gdna	nrna	74
gdna_med_ss_0.99_nrna_low	24	gdna	nrna	542
gdna_med_ss_0.99_nrna_low	4	gdna	mrna	272
gdna_med_ss_0.99_nrna_low	21	gdna	mrna	436
gdna_med_ss_0.99_nrna_low	39	gdna	mrna	237
gdna_med_ss_0.99_nrna_low	5	gdna	nrna	367
gdna_med_ss_0.99_nrna_low	32	gdna	nrna	227
gdna_med_ss_0.99_nrna_low	6	gdna	mrna	165
gdna_med_ss_0.99_nrna_low	34	gdna	mrna	192
gdna_med_ss_0.99_nrna_low	24	gdna	mrna	310
gdna_med_ss_0.99_nrna_low	19	gdna	mrna	104
gdna_med_ss_0.99_nrna_low	32	gdna	mrna	196
gdna_med_ss_0.99_nrna_low	1	gdna	mrna	78
gdna_med_ss_0.99_nrna_low	25	gdna	mrna	90
gdna_med_ss_0.99_nrna_low	42	gdna	nrna	29
gdna_med_ss_0.99_nrna_low	26	gdna	mrna	198
gdna_med_ss_0.99_nrna_low	47	gdna	mrna	31
gdna_med_ss_0.99_nrna_low	17	gdna	nrna	67
gdna_med_ss_0.99_nrna_low	43	gdna	nrna	44
gdna_med_ss_0.99_nrna_low	0	gdna	mrna	22
gdna_med_ss_0.99_nrna_low	-1	gdna	unresolved	83
gdna_med_ss_0.99_nrna_low	45	gdna	mrna	98
gdna_med_ss_0.99_nrna_low	12	gdna	mrna	18
gdna_med_ss_0.99_nrna_low	30	gdna	mrna	69
gdna_med_ss_0.99_nrna_low	37	gdna	mrna	103
gdna_med_ss_0.99_nrna_low	31	gdna	nrna	70
gdna_med_ss_0.99_nrna_low	28	gdna	mrna	21
gdna_med_ss_0.99_nrna_low	36	gdna	mrna	32
gdna_med_ss_0.99_nrna_low	33	gdna	mrna	15
gdna_med_ss_0.99_nrna_low	7	gdna	nrna	30
gdna_med_ss_0.99_nrna_low	14	gdna	mrna	28
gdna_med_ss_0.99_nrna_low	1	gdna	nrna	68
gdna_med_ss_0.99_nrna_low	2	gdna	mrna	18
gdna_med_ss_0.99_nrna_low	8	gdna	mrna	10
gdna_med_ss_0.99_nrna_low	46	gdna	mrna	30
gdna_med_ss_0.99_nrna_low	49	gdna	mrna	10
gdna_med_ss_0.99_nrna_low	13	gdna	mrna	6
gdna_med_ss_0.99_nrna_low	3	gdna	mrna	10
gdna_med_ss_0.99_nrna_low	22	gdna	mrna	26
gdna_med_ss_0.99_nrna_low	38	gdna	mrna	7
gdna_med_ss_0.99_nrna_low	23	gdna	nrna	2
gdna_med_ss_0.99_nrna_low	34	mrna	mrna	36578
gdna_med_ss_0.99_nrna_low	43	mrna	mrna	14837
gdna_med_ss_0.99_nrna_low	26	mrna	mrna	9420
gdna_med_ss_0.99_nrna_low	10	mrna	mrna	8513
gdna_med_ss_0.99_nrna_low	17	mrna	mrna	4676
gdna_med_ss_0.99_nrna_low	20	mrna	nrna	3545
gdna_med_ss_0.99_nrna_low	7	mrna	nrna	2198
gdna_med_ss_0.99_nrna_low	19	mrna	mrna	1383
gdna_med_ss_0.99_nrna_low	25	mrna	mrna	1584
gdna_med_ss_0.99_nrna_low	14	mrna	mrna	139
gdna_med_ss_0.99_nrna_low	15	mrna	mrna	178191
gdna_med_ss_0.99_nrna_low	28	mrna	mrna	35
gdna_med_ss_0.99_nrna_low	39	mrna	mrna	66196
gdna_med_ss_0.99_nrna_low	13	mrna	mrna	27
gdna_med_ss_0.99_nrna_low	1	mrna	mrna	4662
gdna_med_ss_0.99_nrna_low	1	mrna	nrna	1
gdna_med_ss_0.99_nrna_low	18	mrna	mrna	20
gdna_med_ss_0.99_nrna_low	2	mrna	mrna	267
gdna_med_ss_0.99_nrna_low	41	mrna	mrna	6215
gdna_med_ss_0.99_nrna_low	21	nrna	mrna	1390
gdna_med_ss_0.99_nrna_low	21	nrna	nrna	2428
gdna_med_ss_0.99_nrna_low	32	nrna	nrna	935
gdna_med_ss_0.99_nrna_low	32	nrna	mrna	502
gdna_med_ss_0.99_nrna_low	6	nrna	mrna	115
gdna_med_ss_0.99_nrna_low	45	nrna	mrna	32
gdna_med_ss_0.99_nrna_low	39	nrna	mrna	4
gdna_med_ss_0.99_nrna_low	4	nrna	mrna	26
gdna_med_ss_0.99_nrna_low	17	nrna	nrna	183
gdna_med_ss_0.99_nrna_low	18	gdna	mrna	6
gdna_med_ss_0.99_nrna_low	21	mrna	mrna	78194
gdna_med_ss_0.99_nrna_low	21	mrna	nrna	743
gdna_med_ss_0.99_nrna_low	15	mrna	nrna	23
gdna_med_ss_0.99_nrna_low	22	mrna	mrna	4429
gdna_med_ss_0.99_nrna_low	31	mrna	nrna	4147
gdna_med_ss_0.99_nrna_low	32	mrna	mrna	23106
gdna_med_ss_0.99_nrna_low	32	mrna	nrna	8
gdna_med_ss_0.99_nrna_low	10	mrna	nrna	1
gdna_med_ss_0.99_nrna_low	33	mrna	mrna	440
gdna_med_ss_0.99_nrna_low	47	mrna	mrna	243
gdna_med_ss_0.99_nrna_low	38	mrna	mrna	15
gdna_med_ss_0.99_nrna_low	15	nrna	mrna	2157
gdna_med_ss_0.99_nrna_low	15	nrna	nrna	10804
gdna_med_ss_0.99_nrna_low	17	nrna	mrna	98
gdna_med_ss_0.99_nrna_low	52	nrna	mrna	106
gdna_med_ss_0.99_nrna_low	8	nrna	mrna	4
gdna_med_ss_0.99_nrna_low	0	gdna	nrna	4
gdna_med_ss_0.99_nrna_low	48	gdna	mrna	1
gdna_med_ss_0.99_nrna_low	43	mrna	nrna	5
gdna_med_ss_0.99_nrna_low	37	mrna	mrna	712
gdna_med_ss_0.99_nrna_low	46	mrna	mrna	104
gdna_med_ss_0.99_nrna_low	1	nrna	nrna	118
gdna_med_ss_0.99_nrna_low	1	nrna	mrna	84
gdna_med_ss_0.99_nrna_low	43	nrna	mrna	164
gdna_med_ss_0.99_nrna_low	43	nrna	nrna	125
gdna_med_ss_0.99_nrna_low	0	nrna	mrna	4
gdna_med_ss_0.99_nrna_low	0	nrna	nrna	3
gdna_high_ss_0.50_nrna_low	24	mrna	mrna	107204
gdna_high_ss_0.50_nrna_low	24	mrna	nrna	1795
gdna_high_ss_0.50_nrna_low	-1	mrna	gdna	30141
gdna_high_ss_0.50_nrna_low	27	mrna	mrna	71653
gdna_high_ss_0.50_nrna_low	30	mrna	mrna	34828
gdna_high_ss_0.50_nrna_low	44	mrna	mrna	93485
gdna_high_ss_0.50_nrna_low	44	mrna	nrna	21
gdna_high_ss_0.50_nrna_low	5	mrna	mrna	9856
gdna_high_ss_0.50_nrna_low	9	mrna	mrna	6637
gdna_high_ss_0.50_nrna_low	6	mrna	mrna	11300
gdna_high_ss_0.50_nrna_low	3	mrna	mrna	3797
gdna_high_ss_0.50_nrna_low	35	mrna	mrna	1878
gdna_high_ss_0.50_nrna_low	45	mrna	mrna	34617
gdna_high_ss_0.50_nrna_low	12	mrna	mrna	492
gdna_high_ss_0.50_nrna_low	0	mrna	mrna	336
gdna_high_ss_0.50_nrna_low	52	mrna	mrna	67978
gdna_high_ss_0.50_nrna_low	8	mrna	mrna	111
gdna_high_ss_0.50_nrna_low	49	mrna	mrna	37
gdna_high_ss_0.50_nrna_low	48	mrna	mrna	9
gdna_high_ss_0.50_nrna_low	42	mrna	nrna	841
gdna_high_ss_0.50_nrna_low	4	mrna	mrna	83166
gdna_high_ss_0.50_nrna_low	36	mrna	mrna	1024
gdna_high_ss_0.50_nrna_low	-1	nrna	gdna	31185
gdna_high_ss_0.50_nrna_low	24	nrna	nrna	5972
gdna_high_ss_0.50_nrna_low	24	nrna	mrna	2946
gdna_high_ss_0.50_nrna_low	10	nrna	mrna	99
gdna_high_ss_0.50_nrna_low	26	nrna	mrna	102
gdna_high_ss_0.50_nrna_low	36	nrna	mrna	12
gdna_high_ss_0.50_nrna_low	5	nrna	mrna	318
gdna_high_ss_0.50_nrna_low	37	nrna	mrna	7
gdna_high_ss_0.50_nrna_low	47	nrna	mrna	1
gdna_high_ss_0.50_nrna_low	44	nrna	mrna	2036
gdna_high_ss_0.50_nrna_low	44	nrna	nrna	5793
gdna_high_ss_0.50_nrna_low	-1	gdna	gdna	1984910
gdna_high_ss_0.50_nrna_low	24	gdna	mrna	807
gdna_high_ss_0.50_nrna_low	21	gdna	mrna	1087
gdna_high_ss_0.50_nrna_low	52	gdna	mrna	760
gdna_high_ss_0.50_nrna_low	39	gdna	mrna	585
gdna_high_ss_0.50_nrna_low	35	gdna	mrna	239
gdna_high_ss_0.50_nrna_low	1	gdna	mrna	211
gdna_high_ss_0.50_nrna_low	15	gdna	mrna	785
gdna_high_ss_0.50_nrna_low	44	gdna	mrna	423
gdna_high_ss_0.50_nrna_low	44	gdna	nrna	826
gdna_high_ss_0.50_nrna_low	45	gdna	mrna	260
gdna_high_ss_0.50_nrna_low	19	gdna	mrna	193
gdna_high_ss_0.50_nrna_low	34	gdna	mrna	457
gdna_high_ss_0.50_nrna_low	31	gdna	nrna	150
gdna_high_ss_0.50_nrna_low	43	gdna	mrna	393
gdna_high_ss_0.50_nrna_low	24	gdna	nrna	967
gdna_high_ss_0.50_nrna_low	15	gdna	nrna	1298
gdna_high_ss_0.50_nrna_low	5	gdna	mrna	353
gdna_high_ss_0.50_nrna_low	25	gdna	mrna	204
gdna_high_ss_0.50_nrna_low	41	gdna	mrna	529
gdna_high_ss_0.50_nrna_low	10	gdna	mrna	185
gdna_high_ss_0.50_nrna_low	4	gdna	mrna	614
gdna_high_ss_0.50_nrna_low	9	gdna	mrna	187
gdna_high_ss_0.50_nrna_low	32	gdna	mrna	511
gdna_high_ss_0.50_nrna_low	27	gdna	mrna	573
gdna_high_ss_0.50_nrna_low	-1	gdna	unresolved	234
gdna_high_ss_0.50_nrna_low	6	gdna	mrna	429
gdna_high_ss_0.50_nrna_low	17	gdna	mrna	184
gdna_high_ss_0.50_nrna_low	7	gdna	nrna	87
gdna_high_ss_0.50_nrna_low	36	gdna	mrna	109
gdna_high_ss_0.50_nrna_low	30	gdna	mrna	154
gdna_high_ss_0.50_nrna_low	26	gdna	mrna	495
gdna_high_ss_0.50_nrna_low	20	gdna	nrna	112
gdna_high_ss_0.50_nrna_low	22	gdna	mrna	54
gdna_high_ss_0.50_nrna_low	47	gdna	mrna	48
gdna_high_ss_0.50_nrna_low	12	gdna	mrna	28
gdna_high_ss_0.50_nrna_low	37	gdna	mrna	124
gdna_high_ss_0.50_nrna_low	14	gdna	mrna	24
gdna_high_ss_0.50_nrna_low	21	gdna	nrna	129
gdna_high_ss_0.50_nrna_low	42	gdna	nrna	68
gdna_high_ss_0.50_nrna_low	8	gdna	mrna	20
gdna_high_ss_0.50_nrna_low	2	gdna	mrna	37
gdna_high_ss_0.50_nrna_low	3	gdna	mrna	35
gdna_high_ss_0.50_nrna_low	46	gdna	mrna	29
gdna_high_ss_0.50_nrna_low	49	gdna	mrna	13
gdna_high_ss_0.50_nrna_low	0	gdna	mrna	22
gdna_high_ss_0.50_nrna_low	33	gdna	mrna	32
gdna_high_ss_0.50_nrna_low	18	gdna	mrna	7
gdna_high_ss_0.50_nrna_low	13	gdna	mrna	5
gdna_high_ss_0.50_nrna_low	28	gdna	mrna	8
gdna_high_ss_0.50_nrna_low	34	mrna	mrna	35706
gdna_high_ss_0.50_nrna_low	43	mrna	mrna	14035
gdna_high_ss_0.50_nrna_low	26	mrna	mrna	8585
gdna_high_ss_0.50_nrna_low	10	mrna	mrna	8140
gdna_high_ss_0.50_nrna_low	17	mrna	mrna	4360
gdna_high_ss_0.50_nrna_low	20	mrna	nrna	3364
gdna_high_ss_0.50_nrna_low	7	mrna	nrna	2098
gdna_high_ss_0.50_nrna_low	19	mrna	mrna	1022
gdna_high_ss_0.50_nrna_low	25	mrna	mrna	1188
gdna_high_ss_0.50_nrna_low	14	mrna	mrna	102
gdna_high_ss_0.50_nrna_low	15	mrna	mrna	177335
gdna_high_ss_0.50_nrna_low	28	mrna	mrna	11
gdna_high_ss_0.50_nrna_low	39	mrna	mrna	65248
gdna_high_ss_0.50_nrna_low	13	mrna	mrna	14
gdna_high_ss_0.50_nrna_low	1	mrna	mrna	4313
gdna_high_ss_0.50_nrna_low	18	mrna	mrna	21
gdna_high_ss_0.50_nrna_low	2	mrna	mrna	204
gdna_high_ss_0.50_nrna_low	41	mrna	mrna	5270
gdna_high_ss_0.50_nrna_low	21	nrna	mrna	1578
gdna_high_ss_0.50_nrna_low	21	nrna	nrna	386
gdna_high_ss_0.50_nrna_low	32	nrna	mrna	468
gdna_high_ss_0.50_nrna_low	6	nrna	mrna	80
gdna_high_ss_0.50_nrna_low	45	nrna	mrna	49
gdna_high_ss_0.50_nrna_low	4	nrna	mrna	31
gdna_high_ss_0.50_nrna_low	38	gdna	mrna	5
gdna_high_ss_0.50_nrna_low	48	gdna	mrna	1
gdna_high_ss_0.50_nrna_low	21	mrna	mrna	76469
gdna_high_ss_0.50_nrna_low	22	mrna	mrna	4320
gdna_high_ss_0.50_nrna_low	31	mrna	nrna	3825
gdna_high_ss_0.50_nrna_low	32	mrna	mrna	22145
gdna_high_ss_0.50_nrna_low	33	mrna	mrna	412
gdna_high_ss_0.50_nrna_low	47	mrna	mrna	130
gdna_high_ss_0.50_nrna_low	38	mrna	mrna	13
gdna_high_ss_0.50_nrna_low	15	nrna	nrna	5690
gdna_high_ss_0.50_nrna_low	15	nrna	mrna	2022
gdna_high_ss_0.50_nrna_low	-1	nrna	unresolved	9
gdna_high_ss_0.50_nrna_low	17	nrna	mrna	95
gdna_high_ss_0.50_nrna_low	52	nrna	mrna	111
gdna_high_ss_0.50_nrna_low	22	nrna	mrna	1
gdna_high_ss_0.50_nrna_low	37	mrna	mrna	379
gdna_high_ss_0.50_nrna_low	46	mrna	mrna	85
gdna_high_ss_0.50_nrna_low	1	nrna	mrna	72
gdna_high_ss_0.50_nrna_low	43	nrna	mrna	195
gdna_high_ss_0.50_nrna_low	0	nrna	mrna	3
gdna_high_ss_0.99_nrna_low	24	mrna	mrna	107902
gdna_high_ss_0.99_nrna_low	24	mrna	nrna	2642
gdna_high_ss_0.99_nrna_low	-1	mrna	gdna	16447
gdna_high_ss_0.99_nrna_low	27	mrna	mrna	72270
gdna_high_ss_0.99_nrna_low	30	mrna	mrna	34906
gdna_high_ss_0.99_nrna_low	44	mrna	mrna	93945
gdna_high_ss_0.99_nrna_low	44	mrna	nrna	33
gdna_high_ss_0.99_nrna_low	5	mrna	mrna	10217
gdna_high_ss_0.99_nrna_low	5	mrna	nrna	114
gdna_high_ss_0.99_nrna_low	9	mrna	mrna	6836
gdna_high_ss_0.99_nrna_low	6	mrna	mrna	11909
gdna_high_ss_0.99_nrna_low	3	mrna	mrna	3857
gdna_high_ss_0.99_nrna_low	35	mrna	mrna	2150
gdna_high_ss_0.99_nrna_low	45	mrna	mrna	34778
gdna_high_ss_0.99_nrna_low	12	mrna	mrna	518
gdna_high_ss_0.99_nrna_low	0	mrna	mrna	350
gdna_high_ss_0.99_nrna_low	52	mrna	mrna	68934
gdna_high_ss_0.99_nrna_low	8	mrna	mrna	132
gdna_high_ss_0.99_nrna_low	49	mrna	mrna	39
gdna_high_ss_0.99_nrna_low	48	mrna	mrna	8
gdna_high_ss_0.99_nrna_low	42	mrna	nrna	882
gdna_high_ss_0.99_nrna_low	4	mrna	mrna	83655
gdna_high_ss_0.99_nrna_low	36	mrna	mrna	1126
gdna_high_ss_0.99_nrna_low	24	nrna	nrna	8993
gdna_high_ss_0.99_nrna_low	-1	nrna	gdna	19927
gdna_high_ss_0.99_nrna_low	24	nrna	mrna	2948
gdna_high_ss_0.99_nrna_low	10	nrna	mrna	102
gdna_high_ss_0.99_nrna_low	10	nrna	nrna	28
gdna_high_ss_0.99_nrna_low	26	nrna	mrna	120
gdna_high_ss_0.99_nrna_low	36	nrna	mrna	13
gdna_high_ss_0.99_nrna_low	5	nrna	nrna	851
gdna_high_ss_0.99_nrna_low	5	nrna	mrna	339
gdna_high_ss_0.99_nrna_low	37	nrna	mrna	5
gdna_high_ss_0.99_nrna_low	47	nrna	mrna	6
gdna_high_ss_0.99_nrna_low	44	nrna	nrna	8002
gdna_high_ss_0.99_nrna_low	44	nrna	mrna	2054
gdna_high_ss_0.99_nrna_low	-1	gdna	gdna	1987255
gdna_high_ss_0.99_nrna_low	24	gdna	mrna	624
gdna_high_ss_0.99_nrna_low	44	gdna	nrna	700
gdna_high_ss_0.99_nrna_low	41	gdna	mrna	363
gdna_high_ss_0.99_nrna_low	10	gdna	mrna	124
gdna_high_ss_0.99_nrna_low	15	gdna	nrna	1333
gdna_high_ss_0.99_nrna_low	39	gdna	mrna	447
gdna_high_ss_0.99_nrna_low	35	gdna	mrna	173
gdna_high_ss_0.99_nrna_low	52	gdna	mrna	568
gdna_high_ss_0.99_nrna_low	1	gdna	mrna	147
gdna_high_ss_0.99_nrna_low	24	gdna	nrna	924
gdna_high_ss_0.99_nrna_low	37	gdna	mrna	112
gdna_high_ss_0.99_nrna_low	21	gdna	nrna	398
gdna_high_ss_0.99_nrna_low	45	gdna	mrna	186
gdna_high_ss_0.99_nrna_low	26	gdna	mrna	306
gdna_high_ss_0.99_nrna_low	34	gdna	mrna	339
gdna_high_ss_0.99_nrna_low	44	gdna	mrna	340
gdna_high_ss_0.99_nrna_low	21	gdna	mrna	749
gdna_high_ss_0.99_nrna_low	15	gdna	mrna	636
gdna_high_ss_0.99_nrna_low	5	gdna	mrna	234
gdna_high_ss_0.99_nrna_low	4	gdna	mrna	481
gdna_high_ss_0.99_nrna_low	32	gdna	mrna	324
gdna_high_ss_0.99_nrna_low	0	gdna	mrna	17
gdna_high_ss_0.99_nrna_low	22	gdna	mrna	37
gdna_high_ss_0.99_nrna_low	27	gdna	mrna	433
gdna_high_ss_0.99_nrna_low	9	gdna	mrna	132
gdna_high_ss_0.99_nrna_low	25	gdna	mrna	169
gdna_high_ss_0.99_nrna_low	-1	gdna	unresolved	234
gdna_high_ss_0.99_nrna_low	17	gdna	mrna	126
gdna_high_ss_0.99_nrna_low	19	gdna	mrna	144
gdna_high_ss_0.99_nrna_low	20	gdna	nrna	71
gdna_high_ss_0.99_nrna_low	30	gdna	mrna	105
gdna_high_ss_0.99_nrna_low	43	gdna	mrna	288
gdna_high_ss_0.99_nrna_low	31	gdna	nrna	96
gdna_high_ss_0.99_nrna_low	6	gdna	mrna	285
gdna_high_ss_0.99_nrna_low	32	gdna	nrna	216
gdna_high_ss_0.99_nrna_low	36	gdna	mrna	58
gdna_high_ss_0.99_nrna_low	13	gdna	mrna	9
gdna_high_ss_0.99_nrna_low	5	gdna	nrna	364
gdna_high_ss_0.99_nrna_low	2	gdna	mrna	45
gdna_high_ss_0.99_nrna_low	7	gdna	nrna	58
gdna_high_ss_0.99_nrna_low	33	gdna	mrna	23
gdna_high_ss_0.99_nrna_low	47	gdna	mrna	50
gdna_high_ss_0.99_nrna_low	14	gdna	mrna	26
gdna_high_ss_0.99_nrna_low	3	gdna	mrna	22
gdna_high_ss_0.99_nrna_low	42	gdna	nrna	47
gdna_high_ss_0.99_nrna_low	17	gdna	nrna	46
gdna_high_ss_0.99_nrna_low	48	gdna	mrna	6
gdna_high_ss_0.99_nrna_low	28	gdna	mrna	14
gdna_high_ss_0.99_nrna_low	38	gdna	mrna	12
gdna_high_ss_0.99_nrna_low	46	gdna	mrna	38
gdna_high_ss_0.99_nrna_low	10	gdna	nrna	28
gdna_high_ss_0.99_nrna_low	8	gdna	mrna	14
gdna_high_ss_0.99_nrna_low	49	gdna	mrna	5
gdna_high_ss_0.99_nrna_low	34	mrna	mrna	36290
gdna_high_ss_0.99_nrna_low	43	mrna	mrna	14497
gdna_high_ss_0.99_nrna_low	26	mrna	mrna	9129
gdna_high_ss_0.99_nrna_low	10	mrna	mrna	8363
gdna_high_ss_0.99_nrna_low	17	mrna	mrna	4553
gdna_high_ss_0.99_nrna_low	20	mrna	nrna	3481
gdna_high_ss_0.99_nrna_low	7	mrna	nrna	2151
gdna_high_ss_0.99_nrna_low	19	mrna	mrna	1244
gdna_high_ss_0.99_nrna_low	25	mrna	mrna	1445
gdna_high_ss_0.99_nrna_low	14	mrna	mrna	127
gdna_high_ss_0.99_nrna_low	15	mrna	mrna	177871
gdna_high_ss_0.99_nrna_low	28	mrna	mrna	23
gdna_high_ss_0.99_nrna_low	39	mrna	mrna	65986
gdna_high_ss_0.99_nrna_low	13	mrna	mrna	22
gdna_high_ss_0.99_nrna_low	1	mrna	mrna	4520
gdna_high_ss_0.99_nrna_low	18	mrna	mrna	22
gdna_high_ss_0.99_nrna_low	2	mrna	mrna	237
gdna_high_ss_0.99_nrna_low	41	mrna	mrna	5926
gdna_high_ss_0.99_nrna_low	21	nrna	mrna	1334
gdna_high_ss_0.99_nrna_low	21	nrna	nrna	1344
gdna_high_ss_0.99_nrna_low	32	nrna	mrna	484
gdna_high_ss_0.99_nrna_low	32	nrna	nrna	479
gdna_high_ss_0.99_nrna_low	6	nrna	mrna	79
gdna_high_ss_0.99_nrna_low	45	nrna	mrna	50
gdna_high_ss_0.99_nrna_low	4	nrna	mrna	31
gdna_high_ss_0.99_nrna_low	17	nrna	nrna	76
gdna_high_ss_0.99_nrna_low	12	gdna	mrna	15
gdna_high_ss_0.99_nrna_low	18	gdna	mrna	2
gdna_high_ss_0.99_nrna_low	21	mrna	mrna	77874
gdna_high_ss_0.99_nrna_low	21	mrna	nrna	26
gdna_high_ss_0.99_nrna_low	15	mrna	nrna	22
gdna_high_ss_0.99_nrna_low	22	mrna	mrna	4376
gdna_high_ss_0.99_nrna_low	31	mrna	nrna	4073
gdna_high_ss_0.99_nrna_low	32	mrna	mrna	22766
gdna_high_ss_0.99_nrna_low	32	mrna	nrna	1
gdna_high_ss_0.99_nrna_low	33	mrna	mrna	436
gdna_high_ss_0.99_nrna_low	47	mrna	mrna	196
gdna_high_ss_0.99_nrna_low	38	mrna	mrna	14
gdna_high_ss_0.99_nrna_low	15	nrna	nrna	9471
gdna_high_ss_0.99_nrna_low	15	nrna	mrna	2044
gdna_high_ss_0.99_nrna_low	-1	nrna	unresolved	9
gdna_high_ss_0.99_nrna_low	17	nrna	mrna	98
gdna_high_ss_0.99_nrna_low	52	nrna	mrna	113
gdna_high_ss_0.99_nrna_low	8	nrna	mrna	2
gdna_high_ss_0.99_nrna_low	22	nrna	mrna	1
gdna_high_ss_0.99_nrna_low	43	gdna	nrna	2
gdna_high_ss_0.99_nrna_low	37	mrna	mrna	569
gdna_high_ss_0.99_nrna_low	46	mrna	mrna	110
gdna_high_ss_0.99_nrna_low	1	nrna	mrna	79
gdna_high_ss_0.99_nrna_low	43	nrna	mrna	174
gdna_high_ss_0.99_nrna_low	43	nrna	nrna	2
gdna_high_ss_0.99_nrna_low	0	nrna	mrna	3
gdna_zero_ss_0.50_nrna_high	-1	mrna	gdna	72812
gdna_zero_ss_0.50_nrna_high	23	mrna	mrna	98866
gdna_zero_ss_0.50_nrna_high	26	mrna	mrna	70156
gdna_zero_ss_0.50_nrna_high	28	mrna	mrna	34635
gdna_zero_ss_0.50_nrna_high	41	mrna	mrna	89919
gdna_zero_ss_0.50_nrna_high	5	mrna	mrna	10035
gdna_zero_ss_0.50_nrna_high	9	mrna	mrna	7067
gdna_zero_ss_0.50_nrna_high	6	mrna	mrna	10246
gdna_zero_ss_0.50_nrna_high	3	mrna	mrna	3800
gdna_zero_ss_0.50_nrna_high	33	mrna	mrna	1590
gdna_zero_ss_0.50_nrna_high	42	mrna	mrna	35000
gdna_zero_ss_0.50_nrna_high	12	mrna	mrna	451
gdna_zero_ss_0.50_nrna_high	0	mrna	mrna	315
gdna_zero_ss_0.50_nrna_high	47	mrna	mrna	63186
gdna_zero_ss_0.50_nrna_high	8	mrna	mrna	109
gdna_zero_ss_0.50_nrna_high	46	mrna	mrna	60
gdna_zero_ss_0.50_nrna_high	45	mrna	mrna	28
gdna_zero_ss_0.50_nrna_high	39	mrna	nrna	689
gdna_zero_ss_0.50_nrna_high	4	mrna	mrna	75868
gdna_zero_ss_0.50_nrna_high	34	mrna	mrna	944
gdna_zero_ss_0.50_nrna_high	-1	nrna	gdna	231897
gdna_zero_ss_0.50_nrna_high	15	nrna	mrna	6570
gdna_zero_ss_0.50_nrna_high	-1	nrna	unresolved	62
gdna_zero_ss_0.50_nrna_high	25	nrna	mrna	832
gdna_zero_ss_0.50_nrna_high	40	nrna	mrna	1459
gdna_zero_ss_0.50_nrna_high	33	nrna	mrna	103
gdna_zero_ss_0.50_nrna_high	34	nrna	mrna	32
gdna_zero_ss_0.50_nrna_high	2	nrna	mrna	4
gdna_zero_ss_0.50_nrna_high	12	nrna	mrna	44
gdna_zero_ss_0.50_nrna_high	3	nrna	mrna	8
gdna_zero_ss_0.50_nrna_high	6	nrna	mrna	896
gdna_zero_ss_0.50_nrna_high	32	mrna	mrna	32473
gdna_zero_ss_0.50_nrna_high	40	mrna	mrna	12289
gdna_zero_ss_0.50_nrna_high	25	mrna	mrna	7528
gdna_zero_ss_0.50_nrna_high	10	mrna	mrna	7708
gdna_zero_ss_0.50_nrna_high	16	mrna	mrna	3972
gdna_zero_ss_0.50_nrna_high	19	mrna	nrna	3012
gdna_zero_ss_0.50_nrna_high	7	mrna	nrna	2001
gdna_zero_ss_0.50_nrna_high	18	mrna	mrna	1555
gdna_zero_ss_0.50_nrna_high	24	mrna	mrna	998
gdna_zero_ss_0.50_nrna_high	14	mrna	mrna	109
gdna_zero_ss_0.50_nrna_high	15	mrna	mrna	170041
gdna_zero_ss_0.50_nrna_high	27	mrna	mrna	90
gdna_zero_ss_0.50_nrna_high	37	mrna	mrna	65409
gdna_zero_ss_0.50_nrna_high	13	mrna	mrna	18
gdna_zero_ss_0.50_nrna_high	1	mrna	mrna	3982
gdna_zero_ss_0.50_nrna_high	17	mrna	mrna	41
gdna_zero_ss_0.50_nrna_high	2	mrna	mrna	184
gdna_zero_ss_0.50_nrna_high	38	mrna	mrna	6727
gdna_zero_ss_0.50_nrna_high	23	nrna	mrna	9933
gdna_zero_ss_0.50_nrna_high	32	nrna	mrna	3413
gdna_zero_ss_0.50_nrna_high	26	nrna	mrna	1496
gdna_zero_ss_0.50_nrna_high	28	nrna	mrna	115
gdna_zero_ss_0.50_nrna_high	0	nrna	mrna	31
gdna_zero_ss_0.50_nrna_high	35	nrna	mrna	12
gdna_zero_ss_0.50_nrna_high	14	nrna	mrna	3
gdna_zero_ss_0.50_nrna_high	8	nrna	mrna	8
gdna_zero_ss_0.50_nrna_high	27	nrna	mrna	9
gdna_zero_ss_0.50_nrna_high	4	nrna	mrna	6988
gdna_zero_ss_0.50_nrna_high	42	nrna	mrna	1
gdna_zero_ss_0.50_nrna_high	20	mrna	mrna	75757
gdna_zero_ss_0.50_nrna_high	21	mrna	mrna	4440
gdna_zero_ss_0.50_nrna_high	29	mrna	nrna	3516
gdna_zero_ss_0.50_nrna_high	30	mrna	mrna	21133
gdna_zero_ss_0.50_nrna_high	31	mrna	mrna	481
gdna_zero_ss_0.50_nrna_high	44	mrna	mrna	315
gdna_zero_ss_0.50_nrna_high	36	mrna	mrna	19
gdna_zero_ss_0.50_nrna_high	41	nrna	mrna	3349
gdna_zero_ss_0.50_nrna_high	10	nrna	mrna	490
gdna_zero_ss_0.50_nrna_high	24	nrna	mrna	39
gdna_zero_ss_0.50_nrna_high	43	nrna	mrna	3
gdna_zero_ss_0.50_nrna_high	35	mrna	mrna	344
gdna_zero_ss_0.50_nrna_high	43	mrna	mrna	82
gdna_zero_ss_0.50_nrna_high	47	nrna	mrna	4668
gdna_zero_ss_0.50_nrna_high	20	nrna	mrna	1706
gdna_zero_ss_0.50_nrna_high	30	nrna	mrna	1046
gdna_zero_ss_0.50_nrna_high	1	nrna	mrna	285
gdna_zero_ss_0.50_nrna_high	16	nrna	mrna	310
gdna_zero_ss_0.50_nrna_high	5	nrna	mrna	33
gdna_zero_ss_0.50_nrna_high	37	nrna	mrna	40
gdna_zero_ss_0.99_nrna_high	23	mrna	mrna	96120
gdna_zero_ss_0.99_nrna_high	23	mrna	nrna	15118
gdna_zero_ss_0.99_nrna_high	-1	mrna	gdna	3873
gdna_zero_ss_0.99_nrna_high	26	mrna	mrna	70396
gdna_zero_ss_0.99_nrna_high	26	mrna	nrna	2370
gdna_zero_ss_0.99_nrna_high	28	mrna	mrna	35036
gdna_zero_ss_0.99_nrna_high	41	mrna	mrna	84111
gdna_zero_ss_0.99_nrna_high	41	mrna	nrna	10239
gdna_zero_ss_0.99_nrna_high	5	mrna	mrna	10835
gdna_zero_ss_0.99_nrna_high	28	mrna	nrna	7
gdna_zero_ss_0.99_nrna_high	9	mrna	mrna	7042
gdna_zero_ss_0.99_nrna_high	6	mrna	mrna	11520
gdna_zero_ss_0.99_nrna_high	6	mrna	nrna	853
gdna_zero_ss_0.99_nrna_high	3	mrna	mrna	3904
gdna_zero_ss_0.99_nrna_high	33	mrna	mrna	2240
gdna_zero_ss_0.99_nrna_high	33	mrna	nrna	179
gdna_zero_ss_0.99_nrna_high	42	mrna	mrna	34966
gdna_zero_ss_0.99_nrna_high	12	mrna	mrna	504
gdna_zero_ss_0.99_nrna_high	12	mrna	nrna	45
gdna_zero_ss_0.99_nrna_high	0	mrna	mrna	353
gdna_zero_ss_0.99_nrna_high	0	mrna	nrna	36
gdna_zero_ss_0.99_nrna_high	47	mrna	mrna	63266
gdna_zero_ss_0.99_nrna_high	47	mrna	nrna	6467
gdna_zero_ss_0.99_nrna_high	8	mrna	mrna	138
gdna_zero_ss_0.99_nrna_high	8	mrna	nrna	6
gdna_zero_ss_0.99_nrna_high	46	mrna	mrna	55
gdna_zero_ss_0.99_nrna_high	45	mrna	mrna	19
gdna_zero_ss_0.99_nrna_high	39	mrna	nrna	929
gdna_zero_ss_0.99_nrna_high	4	mrna	mrna	76947
gdna_zero_ss_0.99_nrna_high	22	mrna	nrna	2
gdna_zero_ss_0.99_nrna_high	34	mrna	mrna	1139
gdna_zero_ss_0.99_nrna_high	15	nrna	nrna	43366
gdna_zero_ss_0.99_nrna_high	15	nrna	mrna	6669
gdna_zero_ss_0.99_nrna_high	-1	nrna	gdna	14279
gdna_zero_ss_0.99_nrna_high	-1	nrna	unresolved	62
gdna_zero_ss_0.99_nrna_high	25	nrna	nrna	8175
gdna_zero_ss_0.99_nrna_high	25	nrna	mrna	940
gdna_zero_ss_0.99_nrna_high	40	nrna	mrna	1400
gdna_zero_ss_0.99_nrna_high	40	nrna	nrna	3578
gdna_zero_ss_0.99_nrna_high	33	nrna	mrna	171
gdna_zero_ss_0.99_nrna_high	33	nrna	nrna	994
gdna_zero_ss_0.99_nrna_high	34	nrna	nrna	799
gdna_zero_ss_0.99_nrna_high	34	nrna	mrna	51
gdna_zero_ss_0.99_nrna_high	2	nrna	mrna	16
gdna_zero_ss_0.99_nrna_high	12	nrna	mrna	54
gdna_zero_ss_0.99_nrna_high	12	nrna	nrna	176
gdna_zero_ss_0.99_nrna_high	3	nrna	mrna	10
gdna_zero_ss_0.99_nrna_high	36	nrna	mrna	1
gdna_zero_ss_0.99_nrna_high	6	nrna	nrna	2853
gdna_zero_ss_0.99_nrna_high	6	nrna	mrna	1020
gdna_zero_ss_0.99_nrna_high	16	nrna	nrna	1405
gdna_zero_ss_0.99_nrna_high	4	mrna	nrna	7158
gdna_zero_ss_0.99_nrna_high	32	mrna	mrna	33319
gdna_zero_ss_0.99_nrna_high	32	mrna	nrna	3421
gdna_zero_ss_0.99_nrna_high	40	mrna	nrna	1191
gdna_zero_ss_0.99_nrna_high	40	mrna	mrna	13625
gdna_zero_ss_0.99_nrna_high	25	mrna	mrna	8592
gdna_zero_ss_0.99_nrna_high	25	mrna	nrna	1120
gdna_zero_ss_0.99_nrna_high	10	mrna	mrna	7842
gdna_zero_ss_0.99_nrna_high	10	mrna	nrna	770
gdna_zero_ss_0.99_nrna_high	16	mrna	mrna	4477
gdna_zero_ss_0.99_nrna_high	16	mrna	nrna	311
gdna_zero_ss_0.99_nrna_high	19	mrna	nrna	3535
gdna_zero_ss_0.99_nrna_high	7	mrna	nrna	2212
gdna_zero_ss_0.99_nrna_high	18	mrna	mrna	1483
gdna_zero_ss_0.99_nrna_high	24	mrna	mrna	1670
gdna_zero_ss_0.99_nrna_high	24	mrna	nrna	23
gdna_zero_ss_0.99_nrna_high	14	mrna	mrna	197
gdna_zero_ss_0.99_nrna_high	15	mrna	mrna	171800
gdna_zero_ss_0.99_nrna_high	15	mrna	nrna	6781
gdna_zero_ss_0.99_nrna_high	27	mrna	mrna	56
gdna_zero_ss_0.99_nrna_high	27	mrna	nrna	13
gdna_zero_ss_0.99_nrna_high	37	mrna	mrna	66450
gdna_zero_ss_0.99_nrna_high	13	mrna	mrna	43
gdna_zero_ss_0.99_nrna_high	1	mrna	mrna	4419
gdna_zero_ss_0.99_nrna_high	1	mrna	nrna	352
gdna_zero_ss_0.99_nrna_high	17	mrna	mrna	23
gdna_zero_ss_0.99_nrna_high	2	mrna	mrna	286
gdna_zero_ss_0.99_nrna_high	38	mrna	mrna	6575
gdna_zero_ss_0.99_nrna_high	23	nrna	nrna	42020
gdna_zero_ss_0.99_nrna_high	23	nrna	mrna	9713
gdna_zero_ss_0.99_nrna_high	32	nrna	nrna	25983
gdna_zero_ss_0.99_nrna_high	32	nrna	mrna	3544
gdna_zero_ss_0.99_nrna_high	26	nrna	nrna	8662
gdna_zero_ss_0.99_nrna_high	26	nrna	mrna	1518
gdna_zero_ss_0.99_nrna_high	28	nrna	nrna	1390
gdna_zero_ss_0.99_nrna_high	28	nrna	mrna	114
gdna_zero_ss_0.99_nrna_high	0	nrna	mrna	45
gdna_zero_ss_0.99_nrna_high	0	nrna	nrna	655
gdna_zero_ss_0.99_nrna_high	35	nrna	nrna	149
gdna_zero_ss_0.99_nrna_high	35	nrna	mrna	76
gdna_zero_ss_0.99_nrna_high	14	nrna	mrna	9
gdna_zero_ss_0.99_nrna_high	8	nrna	nrna	33
gdna_zero_ss_0.99_nrna_high	8	nrna	mrna	17
gdna_zero_ss_0.99_nrna_high	27	nrna	mrna	5
gdna_zero_ss_0.99_nrna_high	27	nrna	nrna	16
gdna_zero_ss_0.99_nrna_high	4	nrna	nrna	23383
gdna_zero_ss_0.99_nrna_high	4	nrna	mrna	7208
gdna_zero_ss_0.99_nrna_high	42	nrna	mrna	1
gdna_zero_ss_0.99_nrna_high	20	mrna	mrna	78526
gdna_zero_ss_0.99_nrna_high	20	mrna	nrna	1078
gdna_zero_ss_0.99_nrna_high	21	mrna	mrna	4458
gdna_zero_ss_0.99_nrna_high	29	mrna	nrna	4129
gdna_zero_ss_0.99_nrna_high	30	mrna	mrna	22380
gdna_zero_ss_0.99_nrna_high	30	mrna	nrna	1033
gdna_zero_ss_0.99_nrna_high	34	mrna	nrna	77
gdna_zero_ss_0.99_nrna_high	31	mrna	mrna	461
gdna_zero_ss_0.99_nrna_high	44	mrna	mrna	294
gdna_zero_ss_0.99_nrna_high	36	mrna	mrna	19
gdna_zero_ss_0.99_nrna_high	41	nrna	nrna	16801
gdna_zero_ss_0.99_nrna_high	41	nrna	mrna	3088
gdna_zero_ss_0.99_nrna_high	10	nrna	nrna	2659
gdna_zero_ss_0.99_nrna_high	10	nrna	mrna	497
gdna_zero_ss_0.99_nrna_high	24	nrna	mrna	115
gdna_zero_ss_0.99_nrna_high	24	nrna	nrna	221
gdna_zero_ss_0.99_nrna_high	43	nrna	mrna	15
gdna_zero_ss_0.99_nrna_high	35	mrna	mrna	871
gdna_zero_ss_0.99_nrna_high	35	mrna	nrna	29
gdna_zero_ss_0.99_nrna_high	43	mrna	mrna	186
gdna_zero_ss_0.99_nrna_high	47	nrna	mrna	4688
gdna_zero_ss_0.99_nrna_high	47	nrna	nrna	19188
gdna_zero_ss_0.99_nrna_high	20	nrna	nrna	7288
gdna_zero_ss_0.99_nrna_high	20	nrna	mrna	1200
gdna_zero_ss_0.99_nrna_high	30	nrna	nrna	3844
gdna_zero_ss_0.99_nrna_high	30	nrna	mrna	1121
gdna_zero_ss_0.99_nrna_high	1	nrna	nrna	3814
gdna_zero_ss_0.99_nrna_high	1	nrna	mrna	334
gdna_zero_ss_0.99_nrna_high	16	nrna	mrna	368
gdna_zero_ss_0.99_nrna_high	5	nrna	mrna	37
gdna_zero_ss_0.99_nrna_high	37	nrna	mrna	41
gdna_zero_ss_0.99_nrna_high	13	nrna	mrna	5
gdna_zero_ss_0.99_nrna_high	13	nrna	nrna	1
gdna_low_ss_0.50_nrna_high	24	mrna	mrna	100648
gdna_low_ss_0.50_nrna_high	-1	mrna	gdna	47025
gdna_low_ss_0.50_nrna_high	24	mrna	nrna	6104
gdna_low_ss_0.50_nrna_high	27	mrna	mrna	70605
gdna_low_ss_0.50_nrna_high	30	mrna	mrna	34652
gdna_low_ss_0.50_nrna_high	44	mrna	mrna	91889
gdna_low_ss_0.50_nrna_high	44	mrna	nrna	10
gdna_low_ss_0.50_nrna_high	5	mrna	mrna	10077
gdna_low_ss_0.50_nrna_high	9	mrna	mrna	6773
gdna_low_ss_0.50_nrna_high	6	mrna	mrna	10710
gdna_low_ss_0.50_nrna_high	3	mrna	mrna	3818
gdna_low_ss_0.50_nrna_high	35	mrna	mrna	1718
gdna_low_ss_0.50_nrna_high	45	mrna	mrna	34775
gdna_low_ss_0.50_nrna_high	12	mrna	mrna	455
gdna_low_ss_0.50_nrna_high	0	mrna	mrna	314
gdna_low_ss_0.50_nrna_high	52	mrna	mrna	64402
gdna_low_ss_0.50_nrna_high	8	mrna	mrna	102
gdna_low_ss_0.50_nrna_high	49	mrna	mrna	33
gdna_low_ss_0.50_nrna_high	48	mrna	mrna	2
gdna_low_ss_0.50_nrna_high	42	mrna	nrna	822
gdna_low_ss_0.50_nrna_high	4	mrna	mrna	76710
gdna_low_ss_0.50_nrna_high	36	mrna	mrna	996
gdna_low_ss_0.50_nrna_high	-1	nrna	gdna	144910
gdna_low_ss_0.50_nrna_high	15	nrna	nrna	25915
gdna_low_ss_0.50_nrna_high	15	nrna	mrna	6689
gdna_low_ss_0.50_nrna_high	-1	nrna	unresolved	52
gdna_low_ss_0.50_nrna_high	26	nrna	mrna	936
gdna_low_ss_0.50_nrna_high	43	nrna	mrna	1592
gdna_low_ss_0.50_nrna_high	43	nrna	nrna	837
gdna_low_ss_0.50_nrna_high	35	nrna	mrna	103
gdna_low_ss_0.50_nrna_high	36	nrna	mrna	60
gdna_low_ss_0.50_nrna_high	2	nrna	mrna	3
gdna_low_ss_0.50_nrna_high	12	nrna	mrna	57
gdna_low_ss_0.50_nrna_high	3	nrna	mrna	8
gdna_low_ss_0.50_nrna_high	6	nrna	mrna	940
gdna_low_ss_0.50_nrna_high	-1	gdna	gdna	247552
gdna_low_ss_0.50_nrna_high	26	gdna	mrna	81
gdna_low_ss_0.50_nrna_high	15	gdna	nrna	325
gdna_low_ss_0.50_nrna_high	6	gdna	mrna	48
gdna_low_ss_0.50_nrna_high	5	gdna	mrna	52
gdna_low_ss_0.50_nrna_high	39	gdna	mrna	81
gdna_low_ss_0.50_nrna_high	44	gdna	mrna	60
gdna_low_ss_0.50_nrna_high	15	gdna	mrna	97
gdna_low_ss_0.50_nrna_high	17	gdna	mrna	35
gdna_low_ss_0.50_nrna_high	21	gdna	mrna	132
gdna_low_ss_0.50_nrna_high	41	gdna	mrna	91
gdna_low_ss_0.50_nrna_high	30	gdna	mrna	23
gdna_low_ss_0.50_nrna_high	52	gdna	mrna	94
gdna_low_ss_0.50_nrna_high	24	gdna	mrna	85
gdna_low_ss_0.50_nrna_high	4	gdna	nrna	114
gdna_low_ss_0.50_nrna_high	24	gdna	nrna	191
gdna_low_ss_0.50_nrna_high	7	gdna	nrna	14
gdna_low_ss_0.50_nrna_high	4	gdna	mrna	85
gdna_low_ss_0.50_nrna_high	32	gdna	mrna	69
gdna_low_ss_0.50_nrna_high	44	gdna	nrna	57
gdna_low_ss_0.50_nrna_high	43	gdna	nrna	21
gdna_low_ss_0.50_nrna_high	47	gdna	mrna	12
gdna_low_ss_0.50_nrna_high	10	gdna	mrna	15
gdna_low_ss_0.50_nrna_high	45	gdna	mrna	37
gdna_low_ss_0.50_nrna_high	34	gdna	nrna	136
gdna_low_ss_0.50_nrna_high	34	gdna	mrna	59
gdna_low_ss_0.50_nrna_high	27	gdna	mrna	79
gdna_low_ss_0.50_nrna_high	1	gdna	mrna	23
gdna_low_ss_0.50_nrna_high	25	gdna	mrna	29
gdna_low_ss_0.50_nrna_high	31	gdna	nrna	32
gdna_low_ss_0.50_nrna_high	35	gdna	mrna	29
gdna_low_ss_0.50_nrna_high	12	gdna	mrna	4
gdna_low_ss_0.50_nrna_high	36	gdna	mrna	16
gdna_low_ss_0.50_nrna_high	9	gdna	mrna	15
gdna_low_ss_0.50_nrna_high	19	gdna	mrna	28
gdna_low_ss_0.50_nrna_high	20	gdna	nrna	13
gdna_low_ss_0.50_nrna_high	-1	gdna	unresolved	21
gdna_low_ss_0.50_nrna_high	43	gdna	mrna	37
gdna_low_ss_0.50_nrna_high	52	gdna	nrna	43
gdna_low_ss_0.50_nrna_high	42	gdna	nrna	4
gdna_low_ss_0.50_nrna_high	28	gdna	mrna	1
gdna_low_ss_0.50_nrna_high	0	gdna	mrna	4
gdna_low_ss_0.50_nrna_high	37	gdna	mrna	15
gdna_low_ss_0.50_nrna_high	22	gdna	mrna	8
gdna_low_ss_0.50_nrna_high	14	gdna	mrna	2
gdna_low_ss_0.50_nrna_high	3	gdna	mrna	8
gdna_low_ss_0.50_nrna_high	4	mrna	nrna	4276
gdna_low_ss_0.50_nrna_high	52	mrna	nrna	865
gdna_low_ss_0.50_nrna_high	34	mrna	mrna	33052
gdna_low_ss_0.50_nrna_high	34	mrna	nrna	1263
gdna_low_ss_0.50_nrna_high	43	mrna	nrna	404
gdna_low_ss_0.50_nrna_high	43	mrna	mrna	12846
gdna_low_ss_0.50_nrna_high	26	mrna	mrna	7971
gdna_low_ss_0.50_nrna_high	10	mrna	mrna	7901
gdna_low_ss_0.50_nrna_high	17	mrna	mrna	4347
gdna_low_ss_0.50_nrna_high	20	mrna	nrna	3331
gdna_low_ss_0.50_nrna_high	7	mrna	nrna	2078
gdna_low_ss_0.50_nrna_high	19	mrna	mrna	962
gdna_low_ss_0.50_nrna_high	25	mrna	mrna	1097
gdna_low_ss_0.50_nrna_high	14	mrna	mrna	114
gdna_low_ss_0.50_nrna_high	15	mrna	mrna	175377
gdna_low_ss_0.50_nrna_high	28	mrna	mrna	11
gdna_low_ss_0.50_nrna_high	39	mrna	mrna	65418
gdna_low_ss_0.50_nrna_high	13	mrna	mrna	20
gdna_low_ss_0.50_nrna_high	1	mrna	mrna	4124
gdna_low_ss_0.50_nrna_high	18	mrna	mrna	13
gdna_low_ss_0.50_nrna_high	41	mrna	mrna	5458
gdna_low_ss_0.50_nrna_high	24	nrna	nrna	25550
gdna_low_ss_0.50_nrna_high	24	nrna	mrna	10253
gdna_low_ss_0.50_nrna_high	34	nrna	mrna	3551
gdna_low_ss_0.50_nrna_high	34	nrna	nrna	9456
gdna_low_ss_0.50_nrna_high	27	nrna	mrna	1473
gdna_low_ss_0.50_nrna_high	30	nrna	mrna	107
gdna_low_ss_0.50_nrna_high	0	nrna	mrna	16
gdna_low_ss_0.50_nrna_high	37	nrna	mrna	13
gdna_low_ss_0.50_nrna_high	14	nrna	mrna	1
gdna_low_ss_0.50_nrna_high	8	nrna	mrna	7
gdna_low_ss_0.50_nrna_high	4	nrna	nrna	14006
gdna_low_ss_0.50_nrna_high	4	nrna	mrna	7402
gdna_low_ss_0.50_nrna_high	45	nrna	mrna	1
gdna_low_ss_0.50_nrna_high	17	nrna	mrna	358
gdna_low_ss_0.50_nrna_high	2	gdna	mrna	10
gdna_low_ss_0.50_nrna_high	21	gdna	nrna	2
gdna_low_ss_0.50_nrna_high	21	mrna	mrna	75472
gdna_low_ss_0.50_nrna_high	15	mrna	nrna	38
gdna_low_ss_0.50_nrna_high	22	mrna	mrna	4350
gdna_low_ss_0.50_nrna_high	31	mrna	nrna	3805
gdna_low_ss_0.50_nrna_high	32	mrna	mrna	21626
gdna_low_ss_0.50_nrna_high	33	mrna	mrna	403
gdna_low_ss_0.50_nrna_high	47	mrna	mrna	116
gdna_low_ss_0.50_nrna_high	38	mrna	mrna	8
gdna_low_ss_0.50_nrna_high	44	nrna	mrna	3489
gdna_low_ss_0.50_nrna_high	44	nrna	nrna	5883
gdna_low_ss_0.50_nrna_high	10	nrna	mrna	522
gdna_low_ss_0.50_nrna_high	25	nrna	mrna	43
gdna_low_ss_0.50_nrna_high	33	gdna	mrna	5
gdna_low_ss_0.50_nrna_high	18	gdna	mrna	1
gdna_low_ss_0.50_nrna_high	13	gdna	mrna	2
gdna_low_ss_0.50_nrna_high	46	gdna	mrna	1
gdna_low_ss_0.50_nrna_high	49	gdna	mrna	2
gdna_low_ss_0.50_nrna_high	37	mrna	mrna	367
gdna_low_ss_0.50_nrna_high	2	mrna	mrna	182
gdna_low_ss_0.50_nrna_high	46	mrna	mrna	65
gdna_low_ss_0.50_nrna_high	52	nrna	mrna	4946
gdna_low_ss_0.50_nrna_high	52	nrna	nrna	3337
gdna_low_ss_0.50_nrna_high	21	nrna	mrna	1738
gdna_low_ss_0.50_nrna_high	21	nrna	nrna	142
gdna_low_ss_0.50_nrna_high	32	nrna	mrna	1056
gdna_low_ss_0.50_nrna_high	1	nrna	mrna	360
gdna_low_ss_0.50_nrna_high	5	nrna	mrna	39
gdna_low_ss_0.50_nrna_high	39	nrna	mrna	34
gdna_low_ss_0.99_nrna_high	24	mrna	nrna	9755
gdna_low_ss_0.99_nrna_high	24	mrna	mrna	101422
gdna_low_ss_0.99_nrna_high	-1	mrna	gdna	5741
gdna_low_ss_0.99_nrna_high	27	mrna	mrna	71683
gdna_low_ss_0.99_nrna_high	27	mrna	nrna	1015
gdna_low_ss_0.99_nrna_high	30	mrna	mrna	35008
gdna_low_ss_0.99_nrna_high	44	mrna	mrna	92191
gdna_low_ss_0.99_nrna_high	44	mrna	nrna	2144
gdna_low_ss_0.99_nrna_high	5	mrna	mrna	10728
gdna_low_ss_0.99_nrna_high	30	mrna	nrna	15
gdna_low_ss_0.99_nrna_high	9	mrna	mrna	7006
gdna_low_ss_0.99_nrna_high	6	mrna	mrna	11479
gdna_low_ss_0.99_nrna_high	6	mrna	nrna	806
gdna_low_ss_0.99_nrna_high	3	mrna	mrna	3902
gdna_low_ss_0.99_nrna_high	35	mrna	mrna	2276
gdna_low_ss_0.99_nrna_high	35	mrna	nrna	74
gdna_low_ss_0.99_nrna_high	45	mrna	mrna	34945
gdna_low_ss_0.99_nrna_high	12	mrna	mrna	509
gdna_low_ss_0.99_nrna_high	12	mrna	nrna	33
gdna_low_ss_0.99_nrna_high	0	mrna	mrna	357
gdna_low_ss_0.99_nrna_high	0	mrna	nrna	21
gdna_low_ss_0.99_nrna_high	52	mrna	mrna	65070
gdna_low_ss_0.99_nrna_high	52	mrna	nrna	4572
gdna_low_ss_0.99_nrna_high	8	mrna	mrna	150
gdna_low_ss_0.99_nrna_high	49	mrna	mrna	45
gdna_low_ss_0.99_nrna_high	48	mrna	mrna	4
gdna_low_ss_0.99_nrna_high	42	mrna	nrna	928
gdna_low_ss_0.99_nrna_high	4	mrna	mrna	77187
gdna_low_ss_0.99_nrna_high	4	mrna	nrna	6881
gdna_low_ss_0.99_nrna_high	36	mrna	mrna	1150
gdna_low_ss_0.99_nrna_high	15	nrna	nrna	42632
gdna_low_ss_0.99_nrna_high	15	nrna	mrna	6728
gdna_low_ss_0.99_nrna_high	-1	nrna	gdna	21094
gdna_low_ss_0.99_nrna_high	-1	nrna	unresolved	52
gdna_low_ss_0.99_nrna_high	26	nrna	nrna	7084
gdna_low_ss_0.99_nrna_high	26	nrna	mrna	1060
gdna_low_ss_0.99_nrna_high	43	nrna	mrna	1415
gdna_low_ss_0.99_nrna_high	43	nrna	nrna	3639
gdna_low_ss_0.99_nrna_high	35	nrna	nrna	615
gdna_low_ss_0.99_nrna_high	35	nrna	mrna	158
gdna_low_ss_0.99_nrna_high	36	nrna	nrna	477
gdna_low_ss_0.99_nrna_high	36	nrna	mrna	81
gdna_low_ss_0.99_nrna_high	2	nrna	mrna	15
gdna_low_ss_0.99_nrna_high	12	nrna	nrna	144
gdna_low_ss_0.99_nrna_high	12	nrna	mrna	62
gdna_low_ss_0.99_nrna_high	3	nrna	mrna	11
gdna_low_ss_0.99_nrna_high	38	nrna	mrna	1
gdna_low_ss_0.99_nrna_high	6	nrna	nrna	2668
gdna_low_ss_0.99_nrna_high	6	nrna	mrna	1043
gdna_low_ss_0.99_nrna_high	17	nrna	nrna	1297
gdna_low_ss_0.99_nrna_high	17	nrna	mrna	368
gdna_low_ss_0.99_nrna_high	-1	gdna	gdna	245576
gdna_low_ss_0.99_nrna_high	52	gdna	nrna	221
gdna_low_ss_0.99_nrna_high	15	gdna	nrna	403
gdna_low_ss_0.99_nrna_high	6	gdna	nrna	68
gdna_low_ss_0.99_nrna_high	6	gdna	mrna	38
gdna_low_ss_0.99_nrna_high	30	gdna	nrna	89
gdna_low_ss_0.99_nrna_high	36	gdna	nrna	61
gdna_low_ss_0.99_nrna_high	43	gdna	nrna	66
gdna_low_ss_0.99_nrna_high	5	gdna	mrna	49
gdna_low_ss_0.99_nrna_high	17	gdna	nrna	51
gdna_low_ss_0.99_nrna_high	10	gdna	nrna	68
gdna_low_ss_0.99_nrna_high	39	gdna	mrna	80
gdna_low_ss_0.99_nrna_high	44	gdna	mrna	65
gdna_low_ss_0.99_nrna_high	15	gdna	mrna	97
gdna_low_ss_0.99_nrna_high	21	gdna	mrna	122
gdna_low_ss_0.99_nrna_high	32	gdna	nrna	134
gdna_low_ss_0.99_nrna_high	30	gdna	mrna	20
gdna_low_ss_0.99_nrna_high	24	gdna	mrna	78
gdna_low_ss_0.99_nrna_high	34	gdna	nrna	261
gdna_low_ss_0.99_nrna_high	26	gdna	nrna	290
gdna_low_ss_0.99_nrna_high	1	gdna	nrna	148
gdna_low_ss_0.99_nrna_high	4	gdna	nrna	147
gdna_low_ss_0.99_nrna_high	25	gdna	mrna	39
gdna_low_ss_0.99_nrna_high	27	gdna	nrna	231
gdna_low_ss_0.99_nrna_high	24	gdna	nrna	230
gdna_low_ss_0.99_nrna_high	43	gdna	mrna	51
gdna_low_ss_0.99_nrna_high	41	gdna	mrna	83
gdna_low_ss_0.99_nrna_high	26	gdna	mrna	58
gdna_low_ss_0.99_nrna_high	37	gdna	mrna	32
gdna_low_ss_0.99_nrna_high	44	gdna	nrna	143
gdna_low_ss_0.99_nrna_high	52	gdna	mrna	90
gdna_low_ss_0.99_nrna_high	21	gdna	nrna	129
gdna_low_ss_0.99_nrna_high	10	gdna	mrna	20
gdna_low_ss_0.99_nrna_high	35	gdna	mrna	31
gdna_low_ss_0.99_nrna_high	45	gdna	mrna	35
gdna_low_ss_0.99_nrna_high	4	gdna	mrna	84
gdna_low_ss_0.99_nrna_high	35	gdna	nrna	82
gdna_low_ss_0.99_nrna_high	0	gdna	nrna	27
gdna_low_ss_0.99_nrna_high	32	gdna	mrna	55
gdna_low_ss_0.99_nrna_high	27	gdna	mrna	82
gdna_low_ss_0.99_nrna_high	1	gdna	mrna	23
gdna_low_ss_0.99_nrna_high	31	gdna	nrna	29
gdna_low_ss_0.99_nrna_high	34	gdna	mrna	59
gdna_low_ss_0.99_nrna_high	2	gdna	mrna	11
gdna_low_ss_0.99_nrna_high	19	gdna	mrna	36
gdna_low_ss_0.99_nrna_high	9	gdna	mrna	14
gdna_low_ss_0.99_nrna_high	28	gdna	mrna	9
gdna_low_ss_0.99_nrna_high	20	gdna	nrna	12
gdna_low_ss_0.99_nrna_high	47	gdna	mrna	11
gdna_low_ss_0.99_nrna_high	-1	gdna	unresolved	21
gdna_low_ss_0.99_nrna_high	12	gdna	nrna	13
gdna_low_ss_0.99_nrna_high	14	gdna	mrna	11
gdna_low_ss_0.99_nrna_high	46	gdna	mrna	16
gdna_low_ss_0.99_nrna_high	13	gdna	mrna	8
gdna_low_ss_0.99_nrna_high	42	gdna	nrna	3
gdna_low_ss_0.99_nrna_high	36	gdna	mrna	13
gdna_low_ss_0.99_nrna_high	49	gdna	mrna	8
gdna_low_ss_0.99_nrna_high	38	gdna	mrna	3
gdna_low_ss_0.99_nrna_high	17	gdna	mrna	27
gdna_low_ss_0.99_nrna_high	22	gdna	mrna	10
gdna_low_ss_0.99_nrna_high	7	gdna	nrna	8
gdna_low_ss_0.99_nrna_high	3	gdna	mrna	5
gdna_low_ss_0.99_nrna_high	12	gdna	mrna	5
gdna_low_ss_0.99_nrna_high	34	mrna	mrna	33257
gdna_low_ss_0.99_nrna_high	34	mrna	nrna	3463
gdna_low_ss_0.99_nrna_high	43	mrna	mrna	13618
gdna_low_ss_0.99_nrna_high	43	mrna	nrna	1251
gdna_low_ss_0.99_nrna_high	26	mrna	mrna	8787
gdna_low_ss_0.99_nrna_high	26	mrna	nrna	827
gdna_low_ss_0.99_nrna_high	10	mrna	mrna	8111
gdna_low_ss_0.99_nrna_high	10	mrna	nrna	461
gdna_low_ss_0.99_nrna_high	17	mrna	nrna	265
gdna_low_ss_0.99_nrna_high	17	mrna	mrna	4468
gdna_low_ss_0.99_nrna_high	20	mrna	nrna	3516
gdna_low_ss_0.99_nrna_high	7	mrna	nrna	2209
gdna_low_ss_0.99_nrna_high	19	mrna	mrna	1426
gdna_low_ss_0.99_nrna_high	25	mrna	mrna	1626
gdna_low_ss_0.99_nrna_high	14	mrna	mrna	177
gdna_low_ss_0.99_nrna_high	15	mrna	mrna	175637
gdna_low_ss_0.99_nrna_high	15	mrna	nrna	2853
gdna_low_ss_0.99_nrna_high	28	mrna	mrna	42
gdna_low_ss_0.99_nrna_high	39	mrna	mrna	66390
gdna_low_ss_0.99_nrna_high	13	mrna	mrna	44
gdna_low_ss_0.99_nrna_high	1	mrna	mrna	4428
gdna_low_ss_0.99_nrna_high	1	mrna	nrna	292
gdna_low_ss_0.99_nrna_high	18	mrna	mrna	21
gdna_low_ss_0.99_nrna_high	41	mrna	mrna	6486
gdna_low_ss_0.99_nrna_high	24	nrna	nrna	40855
gdna_low_ss_0.99_nrna_high	24	nrna	mrna	10349
gdna_low_ss_0.99_nrna_high	34	nrna	mrna	3582
gdna_low_ss_0.99_nrna_high	34	nrna	nrna	25593
gdna_low_ss_0.99_nrna_high	27	nrna	nrna	8045
gdna_low_ss_0.99_nrna_high	27	nrna	mrna	1510
gdna_low_ss_0.99_nrna_high	30	nrna	nrna	1145
gdna_low_ss_0.99_nrna_high	30	nrna	mrna	110
gdna_low_ss_0.99_nrna_high	0	nrna	mrna	22
gdna_low_ss_0.99_nrna_high	0	nrna	nrna	650
gdna_low_ss_0.99_nrna_high	37	nrna	mrna	47
gdna_low_ss_0.99_nrna_high	14	nrna	mrna	12
gdna_low_ss_0.99_nrna_high	8	nrna	mrna	13
gdna_low_ss_0.99_nrna_high	8	nrna	nrna	5
gdna_low_ss_0.99_nrna_high	28	nrna	mrna	3
gdna_low_ss_0.99_nrna_high	4	nrna	nrna	23031
gdna_low_ss_0.99_nrna_high	4	nrna	mrna	7433
gdna_low_ss_0.99_nrna_high	45	nrna	mrna	1
gdna_low_ss_0.99_nrna_high	0	gdna	mrna	3
gdna_low_ss_0.99_nrna_high	33	gdna	mrna	5
gdna_low_ss_0.99_nrna_high	48	gdna	mrna	2
gdna_low_ss_0.99_nrna_high	21	mrna	mrna	78319
gdna_low_ss_0.99_nrna_high	21	mrna	nrna	1105
gdna_low_ss_0.99_nrna_high	22	mrna	mrna	4437
gdna_low_ss_0.99_nrna_high	31	mrna	nrna	4153
gdna_low_ss_0.99_nrna_high	32	mrna	mrna	22295
gdna_low_ss_0.99_nrna_high	32	mrna	nrna	971
gdna_low_ss_0.99_nrna_high	36	mrna	nrna	39
gdna_low_ss_0.99_nrna_high	33	mrna	mrna	454
gdna_low_ss_0.99_nrna_high	47	mrna	mrna	261
gdna_low_ss_0.99_nrna_high	38	mrna	mrna	9
gdna_low_ss_0.99_nrna_high	44	nrna	nrna	15876
gdna_low_ss_0.99_nrna_high	44	nrna	mrna	3480
gdna_low_ss_0.99_nrna_high	10	nrna	mrna	546
gdna_low_ss_0.99_nrna_high	10	nrna	nrna	2374
gdna_low_ss_0.99_nrna_high	25	nrna	mrna	108
gdna_low_ss_0.99_nrna_high	46	nrna	mrna	14
gdna_low_ss_0.99_nrna_high	37	mrna	mrna	810
gdna_low_ss_0.99_nrna_high	2	mrna	mrna	265
gdna_low_ss_0.99_nrna_high	46	mrna	mrna	130
gdna_low_ss_0.99_nrna_high	52	nrna	mrna	4931
gdna_low_ss_0.99_nrna_high	52	nrna	nrna	18427
gdna_low_ss_0.99_nrna_high	21	nrna	mrna	1189
gdna_low_ss_0.99_nrna_high	21	nrna	nrna	7235
gdna_low_ss_0.99_nrna_high	32	nrna	nrna	3665
gdna_low_ss_0.99_nrna_high	32	nrna	mrna	1106
gdna_low_ss_0.99_nrna_high	1	nrna	nrna	3415
gdna_low_ss_0.99_nrna_high	1	nrna	mrna	391
gdna_low_ss_0.99_nrna_high	5	nrna	mrna	41
gdna_low_ss_0.99_nrna_high	39	nrna	mrna	36
gdna_low_ss_0.99_nrna_high	13	nrna	mrna	1
gdna_low_ss_0.99_nrna_high	8	gdna	mrna	1
gdna_med_ss_0.50_nrna_high	24	mrna	mrna	100606
gdna_med_ss_0.50_nrna_high	-1	mrna	gdna	42388
gdna_med_ss_0.50_nrna_high	24	mrna	nrna	7508
gdna_med_ss_0.50_nrna_high	27	mrna	mrna	70551
gdna_med_ss_0.50_nrna_high	30	mrna	mrna	34634
gdna_med_ss_0.50_nrna_high	44	mrna	mrna	92448
gdna_med_ss_0.50_nrna_high	44	mrna	nrna	80
gdna_med_ss_0.50_nrna_high	5	mrna	mrna	9831
gdna_med_ss_0.50_nrna_high	9	mrna	mrna	6628
gdna_med_ss_0.50_nrna_high	6	mrna	mrna	10701
gdna_med_ss_0.50_nrna_high	3	mrna	mrna	3833
gdna_med_ss_0.50_nrna_high	35	mrna	mrna	1693
gdna_med_ss_0.50_nrna_high	45	mrna	mrna	34475
gdna_med_ss_0.50_nrna_high	12	mrna	mrna	468
gdna_med_ss_0.50_nrna_high	0	mrna	mrna	327
gdna_med_ss_0.50_nrna_high	52	mrna	mrna	64269
gdna_med_ss_0.50_nrna_high	52	mrna	nrna	2366
gdna_med_ss_0.50_nrna_high	8	mrna	mrna	115
gdna_med_ss_0.50_nrna_high	49	mrna	mrna	30
gdna_med_ss_0.50_nrna_high	48	mrna	mrna	11
gdna_med_ss_0.50_nrna_high	42	mrna	nrna	812
gdna_med_ss_0.50_nrna_high	4	mrna	mrna	76544
gdna_med_ss_0.50_nrna_high	36	mrna	mrna	962
gdna_med_ss_0.50_nrna_high	15	nrna	nrna	29845
gdna_med_ss_0.50_nrna_high	-1	nrna	gdna	115342
gdna_med_ss_0.50_nrna_high	15	nrna	mrna	6740
gdna_med_ss_0.50_nrna_high	-1	nrna	unresolved	51
gdna_med_ss_0.50_nrna_high	26	nrna	mrna	863
gdna_med_ss_0.50_nrna_high	43	nrna	nrna	1626
gdna_med_ss_0.50_nrna_high	43	nrna	mrna	1636
gdna_med_ss_0.50_nrna_high	35	nrna	mrna	115
gdna_med_ss_0.50_nrna_high	36	nrna	mrna	52
gdna_med_ss_0.50_nrna_high	2	nrna	mrna	6
gdna_med_ss_0.50_nrna_high	12	nrna	mrna	57
gdna_med_ss_0.50_nrna_high	3	nrna	mrna	9
gdna_med_ss_0.50_nrna_high	6	nrna	mrna	924
gdna_med_ss_0.50_nrna_high	17	nrna	mrna	340
gdna_med_ss_0.50_nrna_high	-1	gdna	gdna	989768
gdna_med_ss_0.50_nrna_high	27	gdna	mrna	279
gdna_med_ss_0.50_nrna_high	43	gdna	nrna	114
gdna_med_ss_0.50_nrna_high	24	gdna	nrna	869
gdna_med_ss_0.50_nrna_high	24	gdna	mrna	339
gdna_med_ss_0.50_nrna_high	45	gdna	mrna	128
gdna_med_ss_0.50_nrna_high	34	gdna	nrna	771
gdna_med_ss_0.50_nrna_high	44	gdna	mrna	218
gdna_med_ss_0.50_nrna_high	35	gdna	mrna	115
gdna_med_ss_0.50_nrna_high	34	gdna	mrna	218
gdna_med_ss_0.50_nrna_high	44	gdna	nrna	415
gdna_med_ss_0.50_nrna_high	26	gdna	mrna	240
gdna_med_ss_0.50_nrna_high	15	gdna	nrna	1255
gdna_med_ss_0.50_nrna_high	21	gdna	mrna	515
gdna_med_ss_0.50_nrna_high	41	gdna	mrna	234
gdna_med_ss_0.50_nrna_high	1	gdna	mrna	87
gdna_med_ss_0.50_nrna_high	47	gdna	mrna	14
gdna_med_ss_0.50_nrna_high	32	gdna	mrna	273
gdna_med_ss_0.50_nrna_high	6	gdna	mrna	206
gdna_med_ss_0.50_nrna_high	4	gdna	nrna	552
gdna_med_ss_0.50_nrna_high	21	gdna	nrna	199
gdna_med_ss_0.50_nrna_high	52	gdna	nrna	478
gdna_med_ss_0.50_nrna_high	20	gdna	nrna	60
gdna_med_ss_0.50_nrna_high	22	gdna	mrna	34
gdna_med_ss_0.50_nrna_high	5	gdna	mrna	212
gdna_med_ss_0.50_nrna_high	17	gdna	mrna	74
gdna_med_ss_0.50_nrna_high	52	gdna	mrna	359
gdna_med_ss_0.50_nrna_high	43	gdna	mrna	167
gdna_med_ss_0.50_nrna_high	10	gdna	mrna	96
gdna_med_ss_0.50_nrna_high	15	gdna	mrna	379
gdna_med_ss_0.50_nrna_high	4	gdna	mrna	284
gdna_med_ss_0.50_nrna_high	9	gdna	mrna	90
gdna_med_ss_0.50_nrna_high	31	gdna	nrna	66
gdna_med_ss_0.50_nrna_high	39	gdna	mrna	274
gdna_med_ss_0.50_nrna_high	19	gdna	mrna	82
gdna_med_ss_0.50_nrna_high	-1	gdna	unresolved	135
gdna_med_ss_0.50_nrna_high	30	gdna	mrna	70
gdna_med_ss_0.50_nrna_high	0	gdna	mrna	13
gdna_med_ss_0.50_nrna_high	36	gdna	mrna	34
gdna_med_ss_0.50_nrna_high	25	gdna	mrna	70
gdna_med_ss_0.50_nrna_high	3	gdna	mrna	15
gdna_med_ss_0.50_nrna_high	42	gdna	nrna	33
gdna_med_ss_0.50_nrna_high	12	gdna	mrna	20
gdna_med_ss_0.50_nrna_high	37	gdna	mrna	51
gdna_med_ss_0.50_nrna_high	28	gdna	mrna	4
gdna_med_ss_0.50_nrna_high	2	gdna	mrna	16
gdna_med_ss_0.50_nrna_high	8	gdna	mrna	6
gdna_med_ss_0.50_nrna_high	14	gdna	mrna	11
gdna_med_ss_0.50_nrna_high	13	gdna	mrna	6
gdna_med_ss_0.50_nrna_high	7	gdna	nrna	27
gdna_med_ss_0.50_nrna_high	18	gdna	mrna	1
gdna_med_ss_0.50_nrna_high	46	gdna	mrna	12
gdna_med_ss_0.50_nrna_high	33	gdna	mrna	8
gdna_med_ss_0.50_nrna_high	4	mrna	nrna	5326
gdna_med_ss_0.50_nrna_high	34	mrna	mrna	32930
gdna_med_ss_0.50_nrna_high	34	mrna	nrna	1983
gdna_med_ss_0.50_nrna_high	43	mrna	mrna	12903
gdna_med_ss_0.50_nrna_high	43	mrna	nrna	768
gdna_med_ss_0.50_nrna_high	26	mrna	mrna	8061
gdna_med_ss_0.50_nrna_high	10	mrna	mrna	7888
gdna_med_ss_0.50_nrna_high	17	mrna	mrna	4283
gdna_med_ss_0.50_nrna_high	20	mrna	nrna	3336
gdna_med_ss_0.50_nrna_high	7	mrna	nrna	2085
gdna_med_ss_0.50_nrna_high	19	mrna	mrna	884
gdna_med_ss_0.50_nrna_high	25	mrna	mrna	1053
gdna_med_ss_0.50_nrna_high	14	mrna	mrna	98
gdna_med_ss_0.50_nrna_high	15	mrna	mrna	175825
gdna_med_ss_0.50_nrna_high	28	mrna	mrna	13
gdna_med_ss_0.50_nrna_high	39	mrna	mrna	65244
gdna_med_ss_0.50_nrna_high	13	mrna	mrna	21
gdna_med_ss_0.50_nrna_high	1	mrna	mrna	4143
gdna_med_ss_0.50_nrna_high	18	mrna	mrna	19
gdna_med_ss_0.50_nrna_high	2	mrna	mrna	187
gdna_med_ss_0.50_nrna_high	41	mrna	mrna	5026
gdna_med_ss_0.50_nrna_high	24	nrna	nrna	30897
gdna_med_ss_0.50_nrna_high	24	nrna	mrna	10194
gdna_med_ss_0.50_nrna_high	34	nrna	mrna	3465
gdna_med_ss_0.50_nrna_high	34	nrna	nrna	14964
gdna_med_ss_0.50_nrna_high	27	nrna	mrna	1480
gdna_med_ss_0.50_nrna_high	30	nrna	mrna	107
gdna_med_ss_0.50_nrna_high	0	nrna	mrna	38
gdna_med_ss_0.50_nrna_high	37	nrna	mrna	15
gdna_med_ss_0.50_nrna_high	14	nrna	mrna	1
gdna_med_ss_0.50_nrna_high	8	nrna	mrna	5
gdna_med_ss_0.50_nrna_high	4	nrna	mrna	7380
gdna_med_ss_0.50_nrna_high	4	nrna	nrna	17013
gdna_med_ss_0.50_nrna_high	48	gdna	mrna	3
gdna_med_ss_0.50_nrna_high	21	mrna	mrna	75528
gdna_med_ss_0.50_nrna_high	21	mrna	nrna	496
gdna_med_ss_0.50_nrna_high	15	mrna	nrna	68
gdna_med_ss_0.50_nrna_high	22	mrna	mrna	4277
gdna_med_ss_0.50_nrna_high	31	mrna	nrna	3815
gdna_med_ss_0.50_nrna_high	32	mrna	mrna	21586
gdna_med_ss_0.50_nrna_high	33	mrna	mrna	388
gdna_med_ss_0.50_nrna_high	47	mrna	mrna	83
gdna_med_ss_0.50_nrna_high	38	mrna	mrna	6
gdna_med_ss_0.50_nrna_high	44	nrna	nrna	9530
gdna_med_ss_0.50_nrna_high	44	nrna	mrna	3496
gdna_med_ss_0.50_nrna_high	10	nrna	mrna	501
gdna_med_ss_0.50_nrna_high	25	nrna	mrna	58
gdna_med_ss_0.50_nrna_high	49	gdna	mrna	1
gdna_med_ss_0.50_nrna_high	37	mrna	mrna	340
gdna_med_ss_0.50_nrna_high	46	mrna	mrna	56
gdna_med_ss_0.50_nrna_high	11	mrna	mrna	1
gdna_med_ss_0.50_nrna_high	52	nrna	mrna	4818
gdna_med_ss_0.50_nrna_high	52	nrna	nrna	9061
gdna_med_ss_0.50_nrna_high	21	nrna	nrna	2081
gdna_med_ss_0.50_nrna_high	21	nrna	mrna	1709
gdna_med_ss_0.50_nrna_high	32	nrna	mrna	1058
gdna_med_ss_0.50_nrna_high	1	nrna	mrna	341
gdna_med_ss_0.50_nrna_high	5	nrna	mrna	32
gdna_med_ss_0.50_nrna_high	39	nrna	mrna	35
gdna_med_ss_0.99_nrna_high	24	mrna	mrna	101606
gdna_med_ss_0.99_nrna_high	24	mrna	nrna	9309
gdna_med_ss_0.99_nrna_high	-1	mrna	gdna	11124
gdna_med_ss_0.99_nrna_high	27	mrna	mrna	71359
gdna_med_ss_0.99_nrna_high	27	mrna	nrna	1107
gdna_med_ss_0.99_nrna_high	30	mrna	mrna	34954
gdna_med_ss_0.99_nrna_high	44	mrna	mrna	91860
gdna_med_ss_0.99_nrna_high	44	mrna	nrna	2336
gdna_med_ss_0.99_nrna_high	5	mrna	mrna	10541
gdna_med_ss_0.99_nrna_high	30	mrna	nrna	7
gdna_med_ss_0.99_nrna_high	9	mrna	mrna	6881
gdna_med_ss_0.99_nrna_high	6	mrna	mrna	11365
gdna_med_ss_0.99_nrna_high	6	mrna	nrna	676
gdna_med_ss_0.99_nrna_high	3	mrna	mrna	3892
gdna_med_ss_0.99_nrna_high	35	mrna	mrna	2233
gdna_med_ss_0.99_nrna_high	45	mrna	mrna	34866
gdna_med_ss_0.99_nrna_high	12	mrna	mrna	510
gdna_med_ss_0.99_nrna_high	12	mrna	nrna	23
gdna_med_ss_0.99_nrna_high	0	mrna	mrna	345
gdna_med_ss_0.99_nrna_high	0	mrna	nrna	24
gdna_med_ss_0.99_nrna_high	52	mrna	mrna	64769
gdna_med_ss_0.99_nrna_high	52	mrna	nrna	4573
gdna_med_ss_0.99_nrna_high	8	mrna	mrna	138
gdna_med_ss_0.99_nrna_high	49	mrna	mrna	40
gdna_med_ss_0.99_nrna_high	48	mrna	mrna	10
gdna_med_ss_0.99_nrna_high	42	mrna	nrna	900
gdna_med_ss_0.99_nrna_high	4	mrna	mrna	76908
gdna_med_ss_0.99_nrna_high	4	mrna	nrna	6915
gdna_med_ss_0.99_nrna_high	36	mrna	mrna	1123
gdna_med_ss_0.99_nrna_high	15	nrna	nrna	40869
gdna_med_ss_0.99_nrna_high	15	nrna	mrna	6619
gdna_med_ss_0.99_nrna_high	-1	nrna	gdna	34953
gdna_med_ss_0.99_nrna_high	-1	nrna	unresolved	51
gdna_med_ss_0.99_nrna_high	26	nrna	nrna	5644
gdna_med_ss_0.99_nrna_high	26	nrna	mrna	948
gdna_med_ss_0.99_nrna_high	43	nrna	nrna	3354
gdna_med_ss_0.99_nrna_high	43	nrna	mrna	1418
gdna_med_ss_0.99_nrna_high	35	nrna	mrna	167
gdna_med_ss_0.99_nrna_high	35	nrna	nrna	55
gdna_med_ss_0.99_nrna_high	36	nrna	mrna	65
gdna_med_ss_0.99_nrna_high	36	nrna	nrna	173
gdna_med_ss_0.99_nrna_high	2	nrna	mrna	12
gdna_med_ss_0.99_nrna_high	12	nrna	mrna	57
gdna_med_ss_0.99_nrna_high	12	nrna	nrna	94
gdna_med_ss_0.99_nrna_high	3	nrna	mrna	9
gdna_med_ss_0.99_nrna_high	6	nrna	mrna	992
gdna_med_ss_0.99_nrna_high	6	nrna	nrna	2293
gdna_med_ss_0.99_nrna_high	17	nrna	mrna	337
gdna_med_ss_0.99_nrna_high	17	nrna	nrna	1107
gdna_med_ss_0.99_nrna_high	-1	gdna	gdna	987257
gdna_med_ss_0.99_nrna_high	52	gdna	nrna	671
gdna_med_ss_0.99_nrna_high	27	gdna	mrna	225
gdna_med_ss_0.99_nrna_high	26	gdna	nrna	731
gdna_med_ss_0.99_nrna_high	24	gdna	nrna	777
gdna_med_ss_0.99_nrna_high	34	gdna	nrna	852
gdna_med_ss_0.99_nrna_high	24	gdna	mrna	309
gdna_med_ss_0.99_nrna_high	6	gdna	nrna	258
gdna_med_ss_0.99_nrna_high	2	gdna	mrna	21
gdna_med_ss_0.99_nrna_high	45	gdna	mrna	110
gdna_med_ss_0.99_nrna_high	26	gdna	mrna	192
gdna_med_ss_0.99_nrna_high	25	gdna	mrna	94
gdna_med_ss_0.99_nrna_high	44	gdna	mrna	194
gdna_med_ss_0.99_nrna_high	0	gdna	mrna	17
gdna_med_ss_0.99_nrna_high	4	gdna	nrna	501
gdna_med_ss_0.99_nrna_high	15	gdna	nrna	1183
gdna_med_ss_0.99_nrna_high	41	gdna	mrna	203
gdna_med_ss_0.99_nrna_high	1	gdna	mrna	68
gdna_med_ss_0.99_nrna_high	35	gdna	mrna	95
gdna_med_ss_0.99_nrna_high	27	gdna	nrna	547
gdna_med_ss_0.99_nrna_high	32	gdna	mrna	216
gdna_med_ss_0.99_nrna_high	43	gdna	mrna	145
gdna_med_ss_0.99_nrna_high	6	gdna	mrna	164
gdna_med_ss_0.99_nrna_high	44	gdna	nrna	471
gdna_med_ss_0.99_nrna_high	30	gdna	nrna	171
gdna_med_ss_0.99_nrna_high	5	gdna	mrna	150
gdna_med_ss_0.99_nrna_high	52	gdna	mrna	291
gdna_med_ss_0.99_nrna_high	17	gdna	nrna	145
gdna_med_ss_0.99_nrna_high	1	gdna	nrna	410
gdna_med_ss_0.99_nrna_high	43	gdna	nrna	185
gdna_med_ss_0.99_nrna_high	15	gdna	mrna	304
gdna_med_ss_0.99_nrna_high	21	gdna	nrna	383
gdna_med_ss_0.99_nrna_high	17	gdna	mrna	69
gdna_med_ss_0.99_nrna_high	31	gdna	nrna	45
gdna_med_ss_0.99_nrna_high	39	gdna	mrna	217
gdna_med_ss_0.99_nrna_high	19	gdna	mrna	66
gdna_med_ss_0.99_nrna_high	10	gdna	nrna	177
gdna_med_ss_0.99_nrna_high	21	gdna	mrna	434
gdna_med_ss_0.99_nrna_high	4	gdna	mrna	243
gdna_med_ss_0.99_nrna_high	22	gdna	mrna	24
gdna_med_ss_0.99_nrna_high	37	gdna	mrna	99
gdna_med_ss_0.99_nrna_high	32	gdna	nrna	321
gdna_med_ss_0.99_nrna_high	0	gdna	nrna	66
gdna_med_ss_0.99_nrna_high	-1	gdna	unresolved	135
gdna_med_ss_0.99_nrna_high	30	gdna	mrna	56
gdna_med_ss_0.99_nrna_high	35	gdna	nrna	30
gdna_med_ss_0.99_nrna_high	34	gdna	mrna	187
gdna_med_ss_0.99_nrna_high	46	gdna	mrna	14
gdna_med_ss_0.99_nrna_high	10	gdna	mrna	79
gdna_med_ss_0.99_nrna_high	36	gdna	nrna	70
gdna_med_ss_0.99_nrna_high	14	gdna	mrna	25
gdna_med_ss_0.99_nrna_high	7	gdna	nrna	25
gdna_med_ss_0.99_nrna_high	42	gdna	nrna	27
gdna_med_ss_0.99_nrna_high	3	gdna	mrna	16
gdna_med_ss_0.99_nrna_high	9	gdna	mrna	60
gdna_med_ss_0.99_nrna_high	13	gdna	mrna	7
gdna_med_ss_0.99_nrna_high	20	gdna	nrna	46
gdna_med_ss_0.99_nrna_high	12	gdna	nrna	17
gdna_med_ss_0.99_nrna_high	36	gdna	mrna	28
gdna_med_ss_0.99_nrna_high	12	gdna	mrna	11
gdna_med_ss_0.99_nrna_high	8	gdna	mrna	5
gdna_med_ss_0.99_nrna_high	49	gdna	mrna	7
gdna_med_ss_0.99_nrna_high	47	gdna	mrna	19
gdna_med_ss_0.99_nrna_high	48	gdna	mrna	8
gdna_med_ss_0.99_nrna_high	28	gdna	mrna	11
gdna_med_ss_0.99_nrna_high	33	gdna	mrna	10
gdna_med_ss_0.99_nrna_high	34	mrna	mrna	33239
gdna_med_ss_0.99_nrna_high	34	mrna	nrna	3226
gdna_med_ss_0.99_nrna_high	43	mrna	mrna	13476
gdna_med_ss_0.99_nrna_high	43	mrna	nrna	1180
gdna_med_ss_0.99_nrna_high	26	mrna	mrna	8666
gdna_med_ss_0.99_nrna_high	26	mrna	nrna	699
gdna_med_ss_0.99_nrna_high	10	mrna	mrna	8020
gdna_med_ss_0.99_nrna_high	10	mrna	nrna	421
gdna_med_ss_0.99_nrna_high	17	mrna	mrna	4390
gdna_med_ss_0.99_nrna_high	17	mrna	nrna	252
gdna_med_ss_0.99_nrna_high	20	mrna	nrna	3517
gdna_med_ss_0.99_nrna_high	7	mrna	nrna	2180
gdna_med_ss_0.99_nrna_high	19	mrna	mrna	1323
gdna_med_ss_0.99_nrna_high	25	mrna	mrna	1506
gdna_med_ss_0.99_nrna_high	14	mrna	mrna	133
gdna_med_ss_0.99_nrna_high	15	mrna	mrna	173731
gdna_med_ss_0.99_nrna_high	15	mrna	nrna	4503
gdna_med_ss_0.99_nrna_high	28	mrna	mrna	30
gdna_med_ss_0.99_nrna_high	39	mrna	mrna	66216
gdna_med_ss_0.99_nrna_high	13	mrna	mrna	34
gdna_med_ss_0.99_nrna_high	1	mrna	mrna	4341
gdna_med_ss_0.99_nrna_high	1	mrna	nrna	281
gdna_med_ss_0.99_nrna_high	18	mrna	mrna	22
gdna_med_ss_0.99_nrna_high	2	mrna	mrna	238
gdna_med_ss_0.99_nrna_high	41	mrna	mrna	6128
gdna_med_ss_0.99_nrna_high	24	nrna	nrna	39752
gdna_med_ss_0.99_nrna_high	24	nrna	mrna	10429
gdna_med_ss_0.99_nrna_high	34	nrna	nrna	24438
gdna_med_ss_0.99_nrna_high	34	nrna	mrna	3506
gdna_med_ss_0.99_nrna_high	27	nrna	nrna	7049
gdna_med_ss_0.99_nrna_high	27	nrna	mrna	1497
gdna_med_ss_0.99_nrna_high	30	nrna	nrna	665
gdna_med_ss_0.99_nrna_high	30	nrna	mrna	107
gdna_med_ss_0.99_nrna_high	0	nrna	nrna	498
gdna_med_ss_0.99_nrna_high	0	nrna	mrna	36
gdna_med_ss_0.99_nrna_high	37	nrna	mrna	38
gdna_med_ss_0.99_nrna_high	14	nrna	mrna	9
gdna_med_ss_0.99_nrna_high	8	nrna	mrna	10
gdna_med_ss_0.99_nrna_high	28	nrna	mrna	5
gdna_med_ss_0.99_nrna_high	4	nrna	nrna	22439
gdna_med_ss_0.99_nrna_high	4	nrna	mrna	7378
gdna_med_ss_0.99_nrna_high	21	mrna	mrna	77932
gdna_med_ss_0.99_nrna_high	21	mrna	nrna	985
gdna_med_ss_0.99_nrna_high	22	mrna	mrna	4396
gdna_med_ss_0.99_nrna_high	31	mrna	nrna	4102
gdna_med_ss_0.99_nrna_high	32	mrna	mrna	22163
gdna_med_ss_0.99_nrna_high	32	mrna	nrna	851
gdna_med_ss_0.99_nrna_high	36	mrna	nrna	17
gdna_med_ss_0.99_nrna_high	33	mrna	mrna	438
gdna_med_ss_0.99_nrna_high	47	mrna	mrna	221
gdna_med_ss_0.99_nrna_high	38	mrna	mrna	6
gdna_med_ss_0.99_nrna_high	44	nrna	nrna	15167
gdna_med_ss_0.99_nrna_high	44	nrna	mrna	3461
gdna_med_ss_0.99_nrna_high	10	nrna	nrna	2089
gdna_med_ss_0.99_nrna_high	10	nrna	mrna	508
gdna_med_ss_0.99_nrna_high	25	nrna	mrna	95
gdna_med_ss_0.99_nrna_high	46	nrna	mrna	9
gdna_med_ss_0.99_nrna_high	22	nrna	mrna	1
gdna_med_ss_0.99_nrna_high	18	gdna	mrna	5
gdna_med_ss_0.99_nrna_high	37	mrna	mrna	657
gdna_med_ss_0.99_nrna_high	46	mrna	mrna	85
gdna_med_ss_0.99_nrna_high	11	mrna	mrna	1
gdna_med_ss_0.99_nrna_high	52	nrna	nrna	17585
gdna_med_ss_0.99_nrna_high	52	nrna	mrna	4846
gdna_med_ss_0.99_nrna_high	21	nrna	nrna	6541
gdna_med_ss_0.99_nrna_high	21	nrna	mrna	1192
gdna_med_ss_0.99_nrna_high	32	nrna	nrna	3061
gdna_med_ss_0.99_nrna_high	32	nrna	mrna	1110
gdna_med_ss_0.99_nrna_high	1	nrna	nrna	2712
gdna_med_ss_0.99_nrna_high	1	nrna	mrna	360
gdna_med_ss_0.99_nrna_high	5	nrna	mrna	35
gdna_med_ss_0.99_nrna_high	39	nrna	mrna	37
gdna_med_ss_0.99_nrna_high	13	nrna	mrna	3
gdna_med_ss_0.99_nrna_high	23	gdna	nrna	1
gdna_high_ss_0.50_nrna_high	24	mrna	mrna	100128
gdna_high_ss_0.50_nrna_high	-1	mrna	gdna	49680
gdna_high_ss_0.50_nrna_high	24	mrna	nrna	7419
gdna_high_ss_0.50_nrna_high	27	mrna	mrna	70149
gdna_high_ss_0.50_nrna_high	30	mrna	mrna	34504
gdna_high_ss_0.50_nrna_high	44	mrna	mrna	92117
gdna_high_ss_0.50_nrna_high	44	mrna	nrna	24
gdna_high_ss_0.50_nrna_high	5	mrna	mrna	9602
gdna_high_ss_0.50_nrna_high	9	mrna	mrna	6496
gdna_high_ss_0.50_nrna_high	6	mrna	mrna	10540
gdna_high_ss_0.50_nrna_high	3	mrna	mrna	3790
gdna_high_ss_0.50_nrna_high	35	mrna	mrna	1582
gdna_high_ss_0.50_nrna_high	45	mrna	mrna	34375
gdna_high_ss_0.50_nrna_high	12	mrna	mrna	450
gdna_high_ss_0.50_nrna_high	0	mrna	mrna	313
gdna_high_ss_0.50_nrna_high	52	mrna	mrna	63950
gdna_high_ss_0.50_nrna_high	52	mrna	nrna	2271
gdna_high_ss_0.50_nrna_high	8	mrna	mrna	112
gdna_high_ss_0.50_nrna_high	49	mrna	mrna	32
gdna_high_ss_0.50_nrna_high	48	mrna	mrna	5
gdna_high_ss_0.50_nrna_high	42	mrna	nrna	768
gdna_high_ss_0.50_nrna_high	4	mrna	mrna	76378
gdna_high_ss_0.50_nrna_high	36	mrna	mrna	950
gdna_high_ss_0.50_nrna_high	15	nrna	nrna	27847
gdna_high_ss_0.50_nrna_high	-1	nrna	gdna	121822
gdna_high_ss_0.50_nrna_high	15	nrna	mrna	6746
gdna_high_ss_0.50_nrna_high	-1	nrna	unresolved	52
gdna_high_ss_0.50_nrna_high	26	nrna	mrna	871
gdna_high_ss_0.50_nrna_high	43	nrna	mrna	1523
gdna_high_ss_0.50_nrna_high	43	nrna	nrna	1563
gdna_high_ss_0.50_nrna_high	35	nrna	mrna	106
gdna_high_ss_0.50_nrna_high	36	nrna	mrna	45
gdna_high_ss_0.50_nrna_high	2	nrna	mrna	2
gdna_high_ss_0.50_nrna_high	12	nrna	mrna	43
gdna_high_ss_0.50_nrna_high	3	nrna	mrna	3
gdna_high_ss_0.50_nrna_high	6	nrna	mrna	933
gdna_high_ss_0.50_nrna_high	17	nrna	mrna	329
gdna_high_ss_0.50_nrna_high	-1	gdna	gdna	1981080
gdna_high_ss_0.50_nrna_high	15	gdna	nrna	2221
gdna_high_ss_0.50_nrna_high	27	gdna	mrna	542
gdna_high_ss_0.50_nrna_high	7	gdna	nrna	76
gdna_high_ss_0.50_nrna_high	52	gdna	nrna	1010
gdna_high_ss_0.50_nrna_high	41	gdna	mrna	465
gdna_high_ss_0.50_nrna_high	44	gdna	mrna	413
gdna_high_ss_0.50_nrna_high	2	gdna	mrna	24
gdna_high_ss_0.50_nrna_high	24	gdna	nrna	1552
gdna_high_ss_0.50_nrna_high	6	gdna	mrna	377
gdna_high_ss_0.50_nrna_high	44	gdna	nrna	791
gdna_high_ss_0.50_nrna_high	39	gdna	mrna	543
gdna_high_ss_0.50_nrna_high	26	gdna	mrna	432
gdna_high_ss_0.50_nrna_high	34	gdna	mrna	429
gdna_high_ss_0.50_nrna_high	21	gdna	mrna	1033
gdna_high_ss_0.50_nrna_high	52	gdna	mrna	700
gdna_high_ss_0.50_nrna_high	15	gdna	mrna	697
gdna_high_ss_0.50_nrna_high	30	gdna	mrna	152
gdna_high_ss_0.50_nrna_high	21	gdna	nrna	324
gdna_high_ss_0.50_nrna_high	4	gdna	nrna	921
gdna_high_ss_0.50_nrna_high	4	gdna	mrna	566
gdna_high_ss_0.50_nrna_high	42	gdna	nrna	57
gdna_high_ss_0.50_nrna_high	-1	gdna	unresolved	223
gdna_high_ss_0.50_nrna_high	5	gdna	mrna	344
gdna_high_ss_0.50_nrna_high	1	gdna	mrna	195
gdna_high_ss_0.50_nrna_high	34	gdna	nrna	1320
gdna_high_ss_0.50_nrna_high	24	gdna	mrna	695
gdna_high_ss_0.50_nrna_high	35	gdna	mrna	170
gdna_high_ss_0.50_nrna_high	45	gdna	mrna	250
gdna_high_ss_0.50_nrna_high	32	gdna	mrna	449
gdna_high_ss_0.50_nrna_high	43	gdna	nrna	235
gdna_high_ss_0.50_nrna_high	43	gdna	mrna	314
gdna_high_ss_0.50_nrna_high	19	gdna	mrna	144
gdna_high_ss_0.50_nrna_high	37	gdna	mrna	67
gdna_high_ss_0.50_nrna_high	10	gdna	mrna	181
gdna_high_ss_0.50_nrna_high	20	gdna	nrna	109
gdna_high_ss_0.50_nrna_high	9	gdna	mrna	160
gdna_high_ss_0.50_nrna_high	31	gdna	nrna	138
gdna_high_ss_0.50_nrna_high	25	gdna	mrna	134
gdna_high_ss_0.50_nrna_high	36	gdna	mrna	48
gdna_high_ss_0.50_nrna_high	17	gdna	mrna	162
gdna_high_ss_0.50_nrna_high	33	gdna	mrna	25
gdna_high_ss_0.50_nrna_high	22	gdna	mrna	61
gdna_high_ss_0.50_nrna_high	47	gdna	mrna	21
gdna_high_ss_0.50_nrna_high	8	gdna	mrna	12
gdna_high_ss_0.50_nrna_high	49	gdna	mrna	6
gdna_high_ss_0.50_nrna_high	12	gdna	mrna	28
gdna_high_ss_0.50_nrna_high	0	gdna	mrna	19
gdna_high_ss_0.50_nrna_high	3	gdna	mrna	37
gdna_high_ss_0.50_nrna_high	13	gdna	mrna	3
gdna_high_ss_0.50_nrna_high	28	gdna	mrna	5
gdna_high_ss_0.50_nrna_high	14	gdna	mrna	25
gdna_high_ss_0.50_nrna_high	46	gdna	mrna	13
gdna_high_ss_0.50_nrna_high	4	mrna	nrna	5052
gdna_high_ss_0.50_nrna_high	34	mrna	mrna	32732
gdna_high_ss_0.50_nrna_high	34	mrna	nrna	1975
gdna_high_ss_0.50_nrna_high	43	mrna	mrna	12739
gdna_high_ss_0.50_nrna_high	43	mrna	nrna	762
gdna_high_ss_0.50_nrna_high	26	mrna	mrna	7749
gdna_high_ss_0.50_nrna_high	10	mrna	mrna	7834
gdna_high_ss_0.50_nrna_high	17	mrna	mrna	4191
gdna_high_ss_0.50_nrna_high	20	mrna	nrna	3222
gdna_high_ss_0.50_nrna_high	7	mrna	nrna	2015
gdna_high_ss_0.50_nrna_high	19	mrna	mrna	806
gdna_high_ss_0.50_nrna_high	25	mrna	mrna	981
gdna_high_ss_0.50_nrna_high	14	mrna	mrna	86
gdna_high_ss_0.50_nrna_high	15	mrna	mrna	175155
gdna_high_ss_0.50_nrna_high	28	mrna	mrna	16
gdna_high_ss_0.50_nrna_high	39	mrna	mrna	64782
gdna_high_ss_0.50_nrna_high	13	mrna	mrna	16
gdna_high_ss_0.50_nrna_high	1	mrna	mrna	4038
gdna_high_ss_0.50_nrna_high	18	mrna	mrna	20
gdna_high_ss_0.50_nrna_high	2	mrna	mrna	201
gdna_high_ss_0.50_nrna_high	41	mrna	mrna	4642
gdna_high_ss_0.50_nrna_high	24	nrna	nrna	30056
gdna_high_ss_0.50_nrna_high	24	nrna	mrna	10123
gdna_high_ss_0.50_nrna_high	34	nrna	nrna	13876
gdna_high_ss_0.50_nrna_high	34	nrna	mrna	3594
gdna_high_ss_0.50_nrna_high	27	nrna	mrna	1420
gdna_high_ss_0.50_nrna_high	30	nrna	mrna	109
gdna_high_ss_0.50_nrna_high	0	nrna	mrna	27
gdna_high_ss_0.50_nrna_high	37	nrna	mrna	14
gdna_high_ss_0.50_nrna_high	8	nrna	mrna	5
gdna_high_ss_0.50_nrna_high	28	nrna	mrna	2
gdna_high_ss_0.50_nrna_high	4	nrna	nrna	16456
gdna_high_ss_0.50_nrna_high	4	nrna	mrna	7152
gdna_high_ss_0.50_nrna_high	45	nrna	mrna	1
gdna_high_ss_0.50_nrna_high	18	gdna	mrna	2
gdna_high_ss_0.50_nrna_high	21	mrna	mrna	74666
gdna_high_ss_0.50_nrna_high	21	mrna	nrna	428
gdna_high_ss_0.50_nrna_high	15	mrna	nrna	68
gdna_high_ss_0.50_nrna_high	22	mrna	mrna	4258
gdna_high_ss_0.50_nrna_high	31	mrna	nrna	3725
gdna_high_ss_0.50_nrna_high	32	mrna	mrna	21347
gdna_high_ss_0.50_nrna_high	33	mrna	mrna	402
gdna_high_ss_0.50_nrna_high	47	mrna	mrna	62
gdna_high_ss_0.50_nrna_high	38	mrna	mrna	8
gdna_high_ss_0.50_nrna_high	44	nrna	mrna	3581
gdna_high_ss_0.50_nrna_high	44	nrna	nrna	8931
gdna_high_ss_0.50_nrna_high	10	nrna	mrna	514
gdna_high_ss_0.50_nrna_high	25	nrna	mrna	29
gdna_high_ss_0.50_nrna_high	37	mrna	mrna	320
gdna_high_ss_0.50_nrna_high	46	mrna	mrna	67
gdna_high_ss_0.50_nrna_high	52	nrna	mrna	4856
gdna_high_ss_0.50_nrna_high	52	nrna	nrna	8425
gdna_high_ss_0.50_nrna_high	21	nrna	nrna	1775
gdna_high_ss_0.50_nrna_high	21	nrna	mrna	1593
gdna_high_ss_0.50_nrna_high	32	nrna	mrna	1074
gdna_high_ss_0.50_nrna_high	1	nrna	mrna	322
gdna_high_ss_0.50_nrna_high	5	nrna	mrna	37
gdna_high_ss_0.50_nrna_high	39	nrna	mrna	27
gdna_high_ss_0.50_nrna_high	13	nrna	mrna	1
gdna_high_ss_0.99_nrna_high	24	mrna	mrna	101445
gdna_high_ss_0.99_nrna_high	24	mrna	nrna	9073
gdna_high_ss_0.99_nrna_high	-1	mrna	gdna	18485
gdna_high_ss_0.99_nrna_high	27	mrna	mrna	71416
gdna_high_ss_0.99_nrna_high	27	mrna	nrna	703
gdna_high_ss_0.99_nrna_high	30	mrna	mrna	34877
gdna_high_ss_0.99_nrna_high	44	mrna	mrna	91946
gdna_high_ss_0.99_nrna_high	44	mrna	nrna	1934
gdna_high_ss_0.99_nrna_high	5	mrna	mrna	10316
gdna_high_ss_0.99_nrna_high	9	mrna	mrna	6804
gdna_high_ss_0.99_nrna_high	6	mrna	mrna	11235
gdna_high_ss_0.99_nrna_high	6	mrna	nrna	590
gdna_high_ss_0.99_nrna_high	3	mrna	mrna	3859
gdna_high_ss_0.99_nrna_high	35	mrna	mrna	2096
gdna_high_ss_0.99_nrna_high	45	mrna	mrna	34770
gdna_high_ss_0.99_nrna_high	12	mrna	mrna	484
gdna_high_ss_0.99_nrna_high	12	mrna	nrna	27
gdna_high_ss_0.99_nrna_high	0	mrna	mrna	332
gdna_high_ss_0.99_nrna_high	0	mrna	nrna	13
gdna_high_ss_0.99_nrna_high	52	mrna	mrna	64419
gdna_high_ss_0.99_nrna_high	52	mrna	nrna	4197
gdna_high_ss_0.99_nrna_high	8	mrna	mrna	138
gdna_high_ss_0.99_nrna_high	49	mrna	mrna	34
gdna_high_ss_0.99_nrna_high	48	mrna	mrna	7
gdna_high_ss_0.99_nrna_high	42	mrna	nrna	883
gdna_high_ss_0.99_nrna_high	4	mrna	mrna	76985
gdna_high_ss_0.99_nrna_high	4	mrna	nrna	6584
gdna_high_ss_0.99_nrna_high	36	mrna	mrna	1108
gdna_high_ss_0.99_nrna_high	15	nrna	nrna	38979
gdna_high_ss_0.99_nrna_high	-1	nrna	gdna	48970
gdna_high_ss_0.99_nrna_high	15	nrna	mrna	6677
gdna_high_ss_0.99_nrna_high	-1	nrna	unresolved	52
gdna_high_ss_0.99_nrna_high	26	nrna	nrna	4154
gdna_high_ss_0.99_nrna_high	26	nrna	mrna	1008
gdna_high_ss_0.99_nrna_high	43	nrna	nrna	3171
gdna_high_ss_0.99_nrna_high	43	nrna	mrna	1341
gdna_high_ss_0.99_nrna_high	35	nrna	mrna	140
gdna_high_ss_0.99_nrna_high	36	nrna	mrna	66
gdna_high_ss_0.99_nrna_high	2	nrna	mrna	7
gdna_high_ss_0.99_nrna_high	12	nrna	nrna	92
gdna_high_ss_0.99_nrna_high	12	nrna	mrna	55
gdna_high_ss_0.99_nrna_high	3	nrna	mrna	4
gdna_high_ss_0.99_nrna_high	6	nrna	nrna	1711
gdna_high_ss_0.99_nrna_high	6	nrna	mrna	1017
gdna_high_ss_0.99_nrna_high	17	nrna	nrna	903
gdna_high_ss_0.99_nrna_high	17	nrna	mrna	340
gdna_high_ss_0.99_nrna_high	-1	gdna	gdna	1979297
gdna_high_ss_0.99_nrna_high	52	gdna	nrna	1155
gdna_high_ss_0.99_nrna_high	27	gdna	mrna	437
gdna_high_ss_0.99_nrna_high	10	gdna	nrna	309
gdna_high_ss_0.99_nrna_high	7	gdna	nrna	47
gdna_high_ss_0.99_nrna_high	43	gdna	nrna	264
gdna_high_ss_0.99_nrna_high	44	gdna	nrna	822
gdna_high_ss_0.99_nrna_high	24	gdna	nrna	1280
gdna_high_ss_0.99_nrna_high	6	gdna	mrna	275
gdna_high_ss_0.99_nrna_high	1	gdna	nrna	484
gdna_high_ss_0.99_nrna_high	15	gdna	nrna	1937
gdna_high_ss_0.99_nrna_high	6	gdna	nrna	374
gdna_high_ss_0.99_nrna_high	52	gdna	mrna	536
gdna_high_ss_0.99_nrna_high	10	gdna	mrna	134
gdna_high_ss_0.99_nrna_high	41	gdna	mrna	371
gdna_high_ss_0.99_nrna_high	34	gdna	nrna	1442
gdna_high_ss_0.99_nrna_high	15	gdna	mrna	531
gdna_high_ss_0.99_nrna_high	34	gdna	mrna	312
gdna_high_ss_0.99_nrna_high	26	gdna	nrna	1014
gdna_high_ss_0.99_nrna_high	35	gdna	mrna	127
gdna_high_ss_0.99_nrna_high	26	gdna	mrna	289
gdna_high_ss_0.99_nrna_high	39	gdna	mrna	439
gdna_high_ss_0.99_nrna_high	21	gdna	mrna	776
gdna_high_ss_0.99_nrna_high	32	gdna	nrna	513
gdna_high_ss_0.99_nrna_high	30	gdna	mrna	93
gdna_high_ss_0.99_nrna_high	24	gdna	mrna	534
gdna_high_ss_0.99_nrna_high	4	gdna	mrna	439
gdna_high_ss_0.99_nrna_high	42	gdna	nrna	41
gdna_high_ss_0.99_nrna_high	-1	gdna	unresolved	223
gdna_high_ss_0.99_nrna_high	4	gdna	nrna	864
gdna_high_ss_0.99_nrna_high	27	gdna	nrna	858
gdna_high_ss_0.99_nrna_high	17	gdna	nrna	212
gdna_high_ss_0.99_nrna_high	1	gdna	mrna	134
gdna_high_ss_0.99_nrna_high	32	gdna	mrna	319
gdna_high_ss_0.99_nrna_high	30	gdna	nrna	106
gdna_high_ss_0.99_nrna_high	43	gdna	mrna	295
gdna_high_ss_0.99_nrna_high	45	gdna	mrna	184
gdna_high_ss_0.99_nrna_high	21	gdna	nrna	660
gdna_high_ss_0.99_nrna_high	44	gdna	mrna	343
gdna_high_ss_0.99_nrna_high	37	gdna	mrna	114
gdna_high_ss_0.99_nrna_high	36	gdna	mrna	42
gdna_high_ss_0.99_nrna_high	31	gdna	nrna	100
gdna_high_ss_0.99_nrna_high	5	gdna	mrna	237
gdna_high_ss_0.99_nrna_high	9	gdna	mrna	118
gdna_high_ss_0.99_nrna_high	49	gdna	mrna	10
gdna_high_ss_0.99_nrna_high	17	gdna	mrna	120
gdna_high_ss_0.99_nrna_high	20	gdna	nrna	76
gdna_high_ss_0.99_nrna_high	12	gdna	nrna	31
gdna_high_ss_0.99_nrna_high	22	gdna	mrna	47
gdna_high_ss_0.99_nrna_high	25	gdna	mrna	121
gdna_high_ss_0.99_nrna_high	0	gdna	nrna	99
gdna_high_ss_0.99_nrna_high	46	gdna	mrna	27
gdna_high_ss_0.99_nrna_high	2	gdna	mrna	37
gdna_high_ss_0.99_nrna_high	19	gdna	mrna	145
gdna_high_ss_0.99_nrna_high	14	gdna	mrna	28
gdna_high_ss_0.99_nrna_high	13	gdna	mrna	10
gdna_high_ss_0.99_nrna_high	3	gdna	mrna	22
gdna_high_ss_0.99_nrna_high	38	gdna	mrna	1
gdna_high_ss_0.99_nrna_high	8	gdna	mrna	14
gdna_high_ss_0.99_nrna_high	0	gdna	mrna	23
gdna_high_ss_0.99_nrna_high	12	gdna	mrna	22
gdna_high_ss_0.99_nrna_high	33	gdna	mrna	20
gdna_high_ss_0.99_nrna_high	18	gdna	mrna	5
gdna_high_ss_0.99_nrna_high	47	gdna	mrna	48
gdna_high_ss_0.99_nrna_high	28	gdna	mrna	10
gdna_high_ss_0.99_nrna_high	34	mrna	mrna	32974
gdna_high_ss_0.99_nrna_high	34	mrna	nrna	3051
gdna_high_ss_0.99_nrna_high	43	mrna	mrna	13284
gdna_high_ss_0.99_nrna_high	43	mrna	nrna	1120
gdna_high_ss_0.99_nrna_high	26	mrna	mrna	8544
gdna_high_ss_0.99_nrna_high	26	mrna	nrna	553
gdna_high_ss_0.99_nrna_high	10	mrna	mrna	8002
gdna_high_ss_0.99_nrna_high	10	mrna	nrna	340
gdna_high_ss_0.99_nrna_high	17	mrna	mrna	4282
gdna_high_ss_0.99_nrna_high	17	mrna	nrna	245
gdna_high_ss_0.99_nrna_high	20	mrna	nrna	3426
gdna_high_ss_0.99_nrna_high	7	mrna	nrna	2153
gdna_high_ss_0.99_nrna_high	19	mrna	mrna	1189
gdna_high_ss_0.99_nrna_high	25	mrna	mrna	1366
gdna_high_ss_0.99_nrna_high	14	mrna	mrna	106
gdna_high_ss_0.99_nrna_high	15	mrna	mrna	174218
gdna_high_ss_0.99_nrna_high	15	mrna	nrna	3640
gdna_high_ss_0.99_nrna_high	28	mrna	mrna	28
gdna_high_ss_0.99_nrna_high	39	mrna	mrna	65940
gdna_high_ss_0.99_nrna_high	13	mrna	mrna	24
gdna_high_ss_0.99_nrna_high	1	mrna	nrna	217
gdna_high_ss_0.99_nrna_high	1	mrna	mrna	4347
gdna_high_ss_0.99_nrna_high	18	mrna	mrna	21
gdna_high_ss_0.99_nrna_high	2	mrna	mrna	232
gdna_high_ss_0.99_nrna_high	41	mrna	mrna	5708
gdna_high_ss_0.99_nrna_high	24	nrna	nrna	38640
gdna_high_ss_0.99_nrna_high	24	nrna	mrna	10188
gdna_high_ss_0.99_nrna_high	34	nrna	nrna	22899
gdna_high_ss_0.99_nrna_high	34	nrna	mrna	3630
gdna_high_ss_0.99_nrna_high	27	nrna	nrna	6085
gdna_high_ss_0.99_nrna_high	27	nrna	mrna	1458
gdna_high_ss_0.99_nrna_high	30	nrna	mrna	108
gdna_high_ss_0.99_nrna_high	30	nrna	nrna	224
gdna_high_ss_0.99_nrna_high	0	nrna	nrna	375
gdna_high_ss_0.99_nrna_high	0	nrna	mrna	29
gdna_high_ss_0.99_nrna_high	37	nrna	mrna	37
gdna_high_ss_0.99_nrna_high	14	nrna	mrna	3
gdna_high_ss_0.99_nrna_high	8	nrna	mrna	10
gdna_high_ss_0.99_nrna_high	28	nrna	mrna	2
gdna_high_ss_0.99_nrna_high	4	nrna	nrna	21784
gdna_high_ss_0.99_nrna_high	4	nrna	mrna	7222
gdna_high_ss_0.99_nrna_high	45	nrna	mrna	1
gdna_high_ss_0.99_nrna_high	48	gdna	mrna	3
gdna_high_ss_0.99_nrna_high	21	mrna	mrna	76938
gdna_high_ss_0.99_nrna_high	21	mrna	nrna	930
gdna_high_ss_0.99_nrna_high	22	mrna	mrna	4370
gdna_high_ss_0.99_nrna_high	31	mrna	nrna	4004
gdna_high_ss_0.99_nrna_high	32	mrna	mrna	21972
gdna_high_ss_0.99_nrna_high	32	mrna	nrna	741
gdna_high_ss_0.99_nrna_high	33	mrna	mrna	423
gdna_high_ss_0.99_nrna_high	47	mrna	mrna	187
gdna_high_ss_0.99_nrna_high	38	mrna	mrna	9
gdna_high_ss_0.99_nrna_high	44	nrna	nrna	14402
gdna_high_ss_0.99_nrna_high	44	nrna	mrna	3545
gdna_high_ss_0.99_nrna_high	10	nrna	nrna	1716
gdna_high_ss_0.99_nrna_high	10	nrna	mrna	519
gdna_high_ss_0.99_nrna_high	25	nrna	mrna	67
gdna_high_ss_0.99_nrna_high	46	nrna	mrna	3
gdna_high_ss_0.99_nrna_high	37	mrna	mrna	572
gdna_high_ss_0.99_nrna_high	46	mrna	mrna	84
gdna_high_ss_0.99_nrna_high	52	nrna	mrna	4865
gdna_high_ss_0.99_nrna_high	52	nrna	nrna	16309
gdna_high_ss_0.99_nrna_high	21	nrna	mrna	1104
gdna_high_ss_0.99_nrna_high	21	nrna	nrna	5894
gdna_high_ss_0.99_nrna_high	32	nrna	mrna	1122
gdna_high_ss_0.99_nrna_high	32	nrna	nrna	2482
gdna_high_ss_0.99_nrna_high	1	nrna	nrna	2028
gdna_high_ss_0.99_nrna_high	1	nrna	mrna	376
gdna_high_ss_0.99_nrna_high	5	nrna	mrna	41
gdna_high_ss_0.99_nrna_high	39	nrna	mrna	27
gdna_high_ss_0.99_nrna_high	13	nrna	mrna	3
