condition	locus_id	pool_error_count	gdna_truth	mrna_truth	nrna_truth	locus_span_bp	n_transcripts	n_nrna_entities	n_genes	mrna	nrna	gdna	gdna_rate	gdna_prior	gdna_eff_len_per_bp	pool_error_fraction
gdna_zero_ss_0.99_nrna_high	23	24831	0	111238	51733	28337	15	5	1	105833.0	57138.0	1278.0	0.007780869289919574	0.0031054698061121844	0.7323640181597163	0.15236453111289738
gdna_high_ss_0.99_nrna_high	24	21075	1814	110518	48828	28337	15	5	1	112167.0	48993.0	8766.0	0.051587161470287066	0.03573375070114083	1.0018578712670314	0.13077066269545792
gdna_med_ss_0.99_nrna_high	24	20824	1086	110915	50181	28337	15	5	1	112344.0	49838.0	4942.0	0.0295708575668366	0.01986176507798759	1.0117139016356815	0.12839895919399194
gdna_low_ss_0.99_nrna_high	24	20412	308	111177	51204	28337	15	5	1	111849.0	50840.0	2253.0	0.01365934692194832	0.007924851243545713	1.0106905149325676	0.1254663806403629
gdna_high_ss_0.50_nrna_high	24	19789	2247	107547	40179	28337	15	5	1	110946.0	39027.0	19953.0	0.11742170121111542	0.06758649548644663	1.0120068362152292	0.1319504177418602
gdna_med_ss_0.50_nrna_high	24	18910	1208	108114	41091	28337	15	5	1	111139.0	39274.0	16711.0	0.09999162298652498	0.05214569044675266	1.0117139016356815	0.12572051617878774
gdna_low_ss_0.50_nrna_high	24	16633	276	106752	35803	28337	15	5	1	110986.0	31845.0	22111.0	0.1340531823307587	0.04087935377845824	1.0106905149325676	0.11645231077287144
gdna_high_ss_0.99_nrna_high	4	15109	1303	83569	29006	18721	15	5	1	84646.0	29232.0	5734.0	0.04793833394642678	0.03419756864841022	1.0017017051733557	0.13267707546672755
gdna_med_ss_0.99_nrna_high	4	15037	744	83823	29817	18721	15	5	1	84529.0	29855.0	3196.0	0.027181493451267223	0.01914961068420759	1.0177311494736387	0.13146069380332914
gdna_low_ss_0.99_nrna_high	4	14545	231	84068	30464	18721	15	5	1	84704.0	30059.0	1384.0	0.011915934117971191	0.0076346658684512585	1.0161827795351543	0.12673945435375514
gdna_zero_ss_0.99_nrna_high	4	14366	0	84105	30591	18721	15	5	1	84155.0	30541.0	962.0	0.00831762610454962	0.004171431864939209	1.0133638259499067	0.1252528422961568
gdna_high_ss_0.50_nrna_high	4	13691	1487	81430	23608	18721	15	5	1	84096.0	22429.0	13087.0	0.10941209912048959	0.06522041791219485	1.018174356770875	0.12852382069936635
gdna_med_ss_0.50_nrna_high	4	13542	836	81870	24393	18721	15	5	1	84208.0	22891.0	10481.0	0.08913930940636162	0.05042197658084639	1.0177311494736387	0.12644375764479593
gdna_zero_ss_0.99_nrna_high	15	13450	0	178581	50035	56271	19	8	2	178469.0	50147.0	1289.0	0.005606663621930797	0.0038599875500159096	0.7606948407961562	0.05883227770584736
gdna_zero_ss_0.99_nrna_high	41	13327	0	94350	19889	19206	15	5	1	87199.0	27040.0	453.0	0.003949708785268371	0.0013352024878988764	0.44698451836602526	0.11665893433941124
gdna_high_ss_0.99_nrna_high	15	12785	2468	177858	45656	56271	19	8	2	181426.0	44556.0	15218.0	0.06309286898839138	0.05035486149268491	0.9985352698364994	0.05657530245771787
gdna_med_ss_0.99_nrna_high	15	12609	1487	178234	47488	56271	19	8	2	180654.0	46555.0	8353.0	0.03545987892784065	0.027789764617113445	1.0058984829998552	0.055495160843100404
gdna_low_ss_0.50_nrna_high	4	11877	199	80986	21408	18721	15	5	1	84197.0	18396.0	13554.0	0.11669694438943752	0.03950171863584589	1.0161827795351543	0.11576813232871638
gdna_zero_ss_0.99_nrna_high	47	11155	0	69733	23876	30370	4	1	1	67954.0	25655.0	1003.0	0.010601192237771107	0.006148549379991423	0.7920492683092106	0.11916589216848807
gdna_high_ss_0.99_nrna_high	52	10753	1691	68616	21174	30370	4	1	1	69820.0	21661.0	9331.0	0.09255842558425584	0.06434045197683791	0.9958753273989932	0.11754353362993408
gdna_med_ss_0.99_nrna_high	52	10381	962	69342	22431	30370	4	1	1	69906.0	22829.0	4951.0	0.050682799991810495	0.03645479115981665	1.0109297048192465	0.11194263223162776
gdna_low_ss_0.99_nrna_high	15	10081	500	178490	49360	56271	19	8	2	182462.0	45888.0	3048.0	0.01317211038989101	0.010588692329203524	1.005382470660019	0.04414714254433983
gdna_zero_ss_0.50_nrna_high	23	9933	0	98866	9933	28337	15	5	1	108799.0	0.0	55450.0	0.3375971847621599	0.03863060238811933	1.0088273500967195	0.09129679500730706
gdna_low_ss_0.99_nrna_high	52	9814	311	69642	23358	30370	4	1	1	70091.0	23220.0	2073.0	0.0217332047303531	0.014633036580724327	1.0099747364683334	0.10517516691494036
gdna_high_ss_0.50_nrna_high	15	9732	2918	175223	34593	56271	19	8	2	182598.0	30136.0	28466.0	0.11801824212271973	0.09542463827925851	0.9917055334252003	0.04574727124014027
gdna_high_ss_0.50_nrna_high	52	8837	1710	66221	13281	30370	4	1	1	69506.0	11706.0	19600.0	0.1944212990517002	0.12251768694852118	1.011203055132036	0.10881396837905728
gdna_med_ss_0.50_nrna_high	15	8442	1634	175893	36585	56271	19	8	2	182944.0	31168.0	21450.0	0.09105882952258854	0.07351544690962862	0.9824073480267145	0.03942796293528621
gdna_high_ss_0.99_nrna_high	34	8435	1754	36025	26529	33391	10	4	2	36916.0	27392.0	10210.0	0.13701387584207841	0.10493753191986835	1.008118951055915	0.13116564035578776
gdna_med_ss_0.50_nrna_high	52	8021	837	66635	13879	30370	4	1	1	69446.0	11905.0	16335.0	0.16721945826423437	0.09596565626058905	1.0109297048192465	0.09859743580287889
gdna_med_ss_0.99_nrna_high	34	7771	1039	36465	27944	33391	10	4	2	36932.0	28516.0	5663.0	0.07963606193134677	0.060429389171928194	1.0099407809347294	0.11873548465957706
gdna_low_ss_0.99_nrna_high	34	7365	320	36720	29175	33391	10	4	2	36898.0	29317.0	2367.0	0.03451342917966813	0.025788461460866146	1.0090720926364936	0.11122857358604546
gdna_high_ss_0.50_nrna_high	34	7318	1749	34707	17470	33391	10	4	2	36755.0	17171.0	20592.0	0.2763359188384015	0.19195390204020707	1.010189434196024	0.1357044839224122
gdna_low_ss_0.50_nrna_high	15	7149	422	175415	32604	56271	19	8	2	182163.0	26278.0	22957.0	0.09921001910128868	0.05499154993527748	0.9354112993986129	0.034297475064886465
gdna_high_ss_0.99_nrna_low	24	7138	1548	110544	11941	28337	15	5	1	111474.0	12559.0	7744.0	0.058765945498835154	0.04294007978053412	1.0033976089575116	0.05754920061596511
gdna_zero_ss_0.50_nrna_high	4	6988	0	75868	6988	18721	15	5	1	82856.0	0.0	32802.0	0.283612028566982	0.03739055371804436	1.0133638259499067	0.08433909433233562
gdna_zero_ss_0.99_nrna_high	32	6965	0	36740	29527	33391	10	4	2	36863.0	29404.0	1455.0	0.021484894125985646	0.014890425473732252	1.0074905729751404	0.10510510510510511
gdna_high_ss_0.99_nrna_high	44	6644	1165	93880	17947	19206	15	5	1	95834.0	17158.0	5632.0	0.04747774480712166	0.03290566849823143	0.9797401504845576	0.0588006230529595
gdna_med_ss_0.99_nrna_low	24	6573	852	110981	12991	28337	15	5	1	111696.0	13128.0	4051.0	0.03143355965082444	0.02235325099901076	1.0049353044884282	0.05265814266487214
gdna_zero_ss_0.50_nrna_high	15	6570	0	170041	6570	56271	19	8	2	176611.0	0.0	53294.0	0.23180879058741655	0.041906890215256225	0.7620130305740936	0.037200400881032325
gdna_high_ss_0.50_nrna_low	24	6515	1774	108999	8918	28337	15	5	1	110957.0	8734.0	12086.0	0.09171554975450952	0.05194428833557615	1.0122826263547546	0.054431828625377016
gdna_med_ss_0.99_nrna_high	44	6462	665	94196	18628	19206	15	5	1	95515.0	17974.0	3148.0	0.026989720243147542	0.0184057166327213	1.0172833721160779	0.05693943906457895
gdna_med_ss_0.50_nrna_high	34	6437	989	34913	18429	33391	10	4	2	36613.0	17718.0	16780.0	0.23596911870174797	0.1524044064070832	1.0099407809347294	0.11847748062800242
gdna_med_ss_0.50_nrna_low	24	6377	1123	110392	10694	28337	15	5	1	111672.0	10537.0	6666.0	0.051724539282250244	0.031337963753504124	1.012204203567017	0.0521810995916831
gdna_low_ss_0.99_nrna_low	24	6256	321	111302	13828	28337	15	5	1	111352.0	14099.0	1338.0	0.010552965951304925	0.006520554337239365	1.0117923620359117	0.04986807598185746
gdna_low_ss_0.50_nrna_high	52	5948	137	65267	8283	30370	4	1	1	69442.0	4245.0	21697.0	0.2274700159355867	0.07604653285081925	1.0099747364683334	0.0807198013218071
gdna_zero_ss_0.99_nrna_low	23	5890	0	111426	14219	28337	15	5	1	111738.0	13907.0	371.0	0.002944070594210259	0.0010536271027564827	1.008956837542325	0.046878108957777866
gdna_low_ss_0.99_nrna_high	44	5832	208	94335	19356	19206	15	5	1	95736.0	18163.0	1278.0	0.011095965340302317	0.006703790690603262	1.0157740691417982	0.0512032590277351
gdna_low_ss_0.50_nrna_low	24	5699	375	111030	12011	28337	15	5	1	111687.0	11729.0	3373.0	0.026603254225524297	0.015645741352395662	1.0117923620359117	0.04617715693265055
gdna_low_ss_0.50_nrna_high	34	5009	195	34315	13007	33391	10	4	2	36662.0	10855.0	21065.0	0.3071505642880056	0.12209044815391462	1.0090720926364936	0.1054149041395711
gdna_high_ss_0.50_nrna_high	44	4809	1204	92141	12512	19206	15	5	1	96111.0	9746.0	12767.0	0.10762577555975182	0.0666063112813228	1.0177153967726362	0.045429211105548054
gdna_zero_ss_0.50_nrna_high	47	4668	0	63186	4668	30370	4	1	1	67854.0	0.0	26758.0	0.28281824715680887	0.07204734986104876	1.0082361346411313	0.06879476523123176
gdna_low_ss_0.99_nrna_zero	31	4269	26	4243	0	2142	5	5	1	4269.0	0.0	62.0	0.01431540060032325	0.01013972586903696	1.1637589712796843	1.0
gdna_zero_ss_0.99_nrna_zero	29	4267	0	4267	0	2142	5	5	1	4267.0	0.0	0.0	0.0	0.0	1.1160415175297282	1.0
gdna_zero_ss_0.50_nrna_zero	29	4267	0	4267	0	2142	5	5	1	4267.0	0.0	0.0	0.0	0.0	1.1160415175297282	1.0
gdna_low_ss_0.50_nrna_zero	31	4252	31	4221	0	2142	5	5	1	4252.0	0.0	79.0	0.018240591087508657	0.010108802631504278	1.1637589712796843	1.0
gdna_zero_ss_0.99_nrna_low	29	4248	0	4248	0	2142	5	5	1	4248.0	0.0	19.0	0.00445277712678697	0.006478596144302712	1.1187439657184421	1.0
gdna_low_ss_0.99_nrna_low	31	4239	16	4223	0	2142	5	5	1	4239.0	0.0	84.0	0.01943095072866065	0.01600177581523986	1.1560454812027443	1.0
gdna_med_ss_0.99_nrna_zero	31	4218	63	4155	0	2142	5	5	1	4218.0	0.0	297.0	0.06578073089700996	0.03875746986210444	1.1636719911296782	1.0
gdna_med_ss_0.99_nrna_low	31	4217	70	4147	0	2142	5	5	1	4217.0	0.0	270.0	0.06017383552484957	0.044227027005030985	1.1614640625644006	1.0
gdna_med_ss_0.50_nrna_high	44	4209	633	92528	13026	19206	15	5	1	96162.0	10025.0	10450.0	0.08959421109939385	0.05155393963328188	1.0172833721160779	0.03963762042434573
gdna_low_ss_0.99_nrna_high	31	4182	29	4153	0	2142	5	5	1	4182.0	0.0	162.0	0.03729281767955801	0.03812431543149317	1.1414535454611534	1.0
gdna_high_ss_0.99_nrna_low	31	4169	96	4073	0	2142	5	5	1	4169.0	0.0	586.0	0.12323869610935857	0.07958874206633444	1.1624957240598144	1.0
gdna_low_ss_0.50_nrna_low	31	4162	26	4136	0	2142	5	5	1	4162.0	0.0	161.0	0.03724265556326625	0.025626425471421903	1.1560454812027443	1.0
gdna_med_ss_0.99_nrna_high	31	4147	45	4102	0	2142	5	5	1	4147.0	0.0	359.0	0.07967154904571683	0.06274406507175026	1.1549760384166121	1.0
gdna_med_ss_0.50_nrna_zero	31	4140	92	4048	0	2142	5	5	1	4140.0	0.0	375.0	0.08305647840531562	0.039089192809967414	1.1636719911296782	1.0
gdna_zero_ss_0.99_nrna_high	29	4129	0	4129	0	2142	5	5	1	4129.0	0.0	138.0	0.03234122334192641	0.03435424061460467	1.1168344060938213	1.0
gdna_high_ss_0.99_nrna_zero	31	4128	108	4020	0	2142	5	5	1	4128.0	0.0	645.0	0.13513513513513514	0.07299324237769396	1.163616517714307	1.0
gdna_med_ss_0.50_nrna_low	31	4116	90	4026	0	2142	5	5	1	4116.0	0.0	371.0	0.08268330733229329	0.053035615272121694	1.1614640625644006	1.0
gdna_high_ss_0.50_nrna_low	15	4105	2083	177335	7712	56271	19	8	2	180142.0	6988.0	18270.0	0.08894839337877312	0.06715893791174105	1.000636115830965	0.02193662159995725
gdna_high_ss_0.99_nrna_high	31	4104	100	4004	0	2142	5	5	1	4104.0	0.0	674.0	0.14106320636249478	0.0964423794851377	1.158846753273069	1.0
gdna_high_ss_0.50_nrna_zero	31	4094	166	3928	0	2142	5	5	1	4094.0	0.0	679.0	0.1422585376073748	0.07359682628622648	1.163616517714307	1.0
gdna_zero_ss_0.50_nrna_low	29	4080	0	4080	0	2142	5	5	1	4080.0	0.0	187.0	0.043824701195219126	0.020281478833594848	1.1187439657184421	1.0
gdna_high_ss_0.99_nrna_low	15	4035	1969	177893	11515	56271	19	8	2	180551.0	10826.0	14023.0	0.06827166504381695	0.05581734723496502	1.002914509160527	0.021084038311813855
gdna_high_ss_0.50_nrna_low	31	3975	150	3825	0	2142	5	5	1	3975.0	0.0	780.0	0.1640378548895899	0.08763123435627508	1.1624957240598144	1.0
gdna_zero_ss_0.99_nrna_high	26	3888	0	72766	10180	31751	13	4	1	71914.0	11032.0	622.0	0.00744304039823856	0.004480348521931812	0.6711008172066992	0.046873869746582114
gdna_med_ss_0.50_nrna_high	31	3881	66	3815	0	2142	5	5	1	3881.0	0.0	625.0	0.1387039502885042	0.10890229570700824	1.1549760384166121	1.0
gdna_high_ss_0.50_nrna_high	31	3863	138	3725	0	2142	5	5	1	3863.0	0.0	915.0	0.19150272080368355	0.13800019681359435	1.158846753273069	1.0
gdna_low_ss_0.50_nrna_high	31	3837	32	3805	0	2142	5	5	1	3837.0	0.0	507.0	0.11671270718232044	0.08984275317453679	1.1414535454611534	1.0
gdna_low_ss_0.99_nrna_zero	20	3624	14	3610	0	1448	4	4	1	3624.0	0.0	32.0	0.0087527352297593	0.007357880168368282	1.2422476111367142	1.0
gdna_zero_ss_0.50_nrna_zero	19	3623	0	3623	0	1448	4	4	1	3623.0	0.0	0.0	0.0	0.0	1.171658581660763	1.0
gdna_zero_ss_0.99_nrna_zero	19	3623	0	3623	0	1448	4	4	1	3623.0	0.0	0.0	0.0	0.0	1.171658581660763	1.0
gdna_low_ss_0.99_nrna_low	20	3620	15	3605	0	1448	4	4	1	3620.0	0.0	48.0	0.013086150490730643	0.011619093877138382	1.230836868435937	1.0
gdna_low_ss_0.50_nrna_zero	20	3619	13	3606	0	1448	4	4	1	3619.0	0.0	37.0	0.01012035010940919	0.007335440757370177	1.2422476111367142	1.0
gdna_zero_ss_0.99_nrna_low	19	3618	0	3618	0	1448	4	4	1	3618.0	0.0	5.0	0.001380071763731714	0.004824854260742778	1.175665657700324	1.0
gdna_low_ss_0.50_nrna_high	44	3616	117	91899	9372	19206	15	5	1	95438.0	5950.0	13789.0	0.11972008300268283	0.04033287606258816	1.0157740691417982	0.03566497021343749
gdna_med_ss_0.99_nrna_zero	20	3604	56	3548	0	1448	4	4	1	3604.0	0.0	195.0	0.05132929718346933	0.028217472633867473	1.2421174817433112	1.0
gdna_med_ss_0.99_nrna_low	20	3591	46	3545	0	1448	4	4	1	3591.0	0.0	203.0	0.05350553505535055	0.03209543795691781	1.238851310598423	1.0
gdna_med_ss_0.50_nrna_low	15	3589	1436	178011	9980	56271	19	8	2	180563.0	8864.0	10244.0	0.051304395730977455	0.04083189254672273	1.000399757944143	0.0189466126792907
gdna_low_ss_0.50_nrna_low	20	3576	19	3557	0	1448	4	4	1	3576.0	0.0	92.0	0.025081788440567066	0.018607674968447126	1.230836868435937	1.0
gdna_med_ss_0.50_nrna_zero	20	3572	69	3503	0	1448	4	4	1	3572.0	0.0	227.0	0.05975256646485917	0.028458984353715355	1.2421174817433112	1.0
gdna_med_ss_0.99_nrna_high	20	3563	46	3517	0	1448	4	4	1	3563.0	0.0	219.0	0.05790586991010047	0.046092874533196514	1.229253627765964	1.0
gdna_high_ss_0.99_nrna_low	20	3552	71	3481	0	1448	4	4	1	3552.0	0.0	413.0	0.10416141235813367	0.05852197449789186	1.2403772008891878	1.0
gdna_high_ss_0.99_nrna_zero	20	3543	77	3466	0	1448	4	4	1	3543.0	0.0	471.0	0.11733931240657698	0.05317277987667004	1.2420351763407325	1.0
gdna_zero_ss_0.99_nrna_high	19	3535	0	3535	0	1448	4	4	1	3535.0	0.0	88.0	0.024289263041678166	0.025617362880259068	1.1728331782219574	1.0
gdna_med_ss_0.50_nrna_low	20	3529	59	3470	0	1448	4	4	1	3529.0	0.0	265.0	0.06984712704269899	0.03848780745040162	1.238851310598423	1.0
gdna_low_ss_0.99_nrna_high	20	3528	12	3516	0	1448	4	4	1	3528.0	0.0	139.0	0.037905644941368964	0.028119325319996207	1.209250682247766	1.0
gdna_zero_ss_0.50_nrna_low	19	3523	0	3523	0	1448	4	4	1	3523.0	0.0	100.0	0.02760143527463428	0.015104380236833958	1.175665657700324	1.0
gdna_zero_ss_0.50_nrna_high	29	3516	0	3516	0	2142	5	5	1	3516.0	0.0	751.0	0.17600187485352706	0.09977572339339948	1.1168344060938213	1.0
gdna_high_ss_0.99_nrna_high	20	3502	76	3426	0	1448	4	4	1	3502.0	0.0	474.0	0.11921529175050302	0.07125490755863918	1.2349793260825437	1.0
gdna_high_ss_0.50_nrna_zero	20	3486	121	3365	0	1448	4	4	1	3486.0	0.0	528.0	0.13153961136023917	0.05361246762391975	1.2420351763407325	1.0
gdna_high_ss_0.50_nrna_low	20	3476	112	3364	0	1448	4	4	1	3476.0	0.0	489.0	0.12332912988650693	0.0644356567156497	1.2403772008891878	1.0
gdna_high_ss_0.99_nrna_high	21	3470	1436	77868	6998	32111	7	3	2	78818.0	7484.0	9233.0	0.096645208562307	0.0826951244706713	1.0013084464908155	0.04020764292832148
gdna_high_ss_0.99_nrna_high	27	3456	1295	72119	7543	31751	13	4	1	73311.0	7646.0	8976.0	0.0998076345724039	0.07598827939473149	0.9932662835644375	0.04268932890299789
gdna_zero_ss_0.50_nrna_high	32	3413	0	32473	3413	33391	10	4	2	35886.0	0.0	31836.0	0.470098343226721	0.11653017635331149	1.0074905729751404	0.09510672685727024
gdna_med_ss_0.50_nrna_high	20	3396	60	3336	0	1448	4	4	1	3396.0	0.0	386.0	0.10206240084611316	0.08000150845598011	1.229253627765964	1.0
gdna_high_ss_0.50_nrna_high	21	3378	1357	75094	3368	32111	7	3	2	77292.0	2527.0	15716.0	0.1645051551787303	0.1457993772237418	0.987500371062026	0.042320750698455256
gdna_med_ss_0.99_nrna_high	27	3376	772	72466	8546	31751	13	4	1	73081.0	8703.0	4939.0	0.056951443100446246	0.04233787302569579	1.0104542843930662	0.04127946786657537
gdna_zero_ss_0.50_nrna_high	41	3349	0	89919	3349	19206	15	5	1	93268.0	0.0	21424.0	0.18679594043176506	0.03755882079252376	1.0130262411894178	0.03590727795170905
gdna_med_ss_0.99_nrna_low	15	3346	1166	178214	12961	56271	19	8	2	180669.0	11672.0	7330.0	0.03671038858922928	0.028826321338266285	0.9928915250588967	0.017396186980414993
gdna_low_ss_0.50_nrna_high	20	3344	13	3331	0	1448	4	4	1	3344.0	0.0	323.0	0.08808290155440414	0.06626525815784269	1.209250682247766	1.0
gdna_high_ss_0.50_nrna_high	20	3331	109	3222	0	1448	4	4	1	3331.0	0.0	645.0	0.16222334004024144	0.10195923534364916	1.2349793260825437	1.0
gdna_high_ss_0.50_nrna_low	44	3306	1249	93506	7829	19206	15	5	1	95944.0	6640.0	7749.0	0.07023284058259995	0.042323504940298774	1.0181223229573295	0.0322272479139047
gdna_high_ss_0.99_nrna_low	44	3127	1040	93978	10056	19206	15	5	1	96339.0	8735.0	5259.0	0.04766479657038239	0.03468558911763482	1.012870140697996	0.029759978681690998
gdna_zero_ss_0.50_nrna_low	23	3066	0	107775	3066	28337	15	5	1	110841.0	0.0	15175.0	0.12042121635347892	0.010732811985686843	1.008956837542325	0.02766124448534387
gdna_zero_ss_0.99_nrna_low	41	3032	0	94456	11800	19206	15	5	1	95632.0	10624.0	189.0	0.00177556484569496	0.0006151539712073023	1.0132249308658203	0.02853485920795061
gdna_med_ss_0.99_nrna_low	21	3026	893	78937	3818	32111	7	3	2	80020.0	3628.0	5561.0	0.06233675974397202	0.04185525165032335	1.0083425666469386	0.03617540168324407
gdna_high_ss_0.99_nrna_high	43	3020	559	14404	4512	10807	9	4	2	14920.0	4555.0	3452.0	0.15056483621930475	0.10904548611018902	1.0314838314883767	0.15507060333761233
gdna_zero_ss_0.50_nrna_high	19	3012	0	3012	0	1448	4	4	1	3012.0	0.0	611.0	0.16864476952801546	0.07440103076306877	1.1728331782219574	1.0
gdna_med_ss_0.99_nrna_high	21	2994	817	78917	7733	32111	7	3	2	79558.0	7909.0	4701.0	0.05100468709313428	0.048292859462288874	1.0103370708967445	0.034230052476934156
gdna_med_ss_0.99_nrna_high	43	2928	330	14656	4772	10807	9	4	2	15039.0	4719.0	2051.0	0.09404374340868449	0.06641946509233614	1.030716336510417	0.1481931369571819
gdna_med_ss_0.50_nrna_high	21	2919	714	76024	3790	32111	7	3	2	77752.0	2776.0	11640.0	0.12629112056245118	0.11206306841197128	0.961340820941663	0.03624826147426982
gdna_med_ss_0.50_nrna_low	44	2895	801	94002	9178	19206	15	5	1	96272.0	7709.0	4397.0	0.04057096458690878	0.02555216771166242	1.018006841984069	0.02784162491224358
gdna_low_ss_0.99_nrna_low	21	2882	378	79588	4963	32111	7	3	2	79971.0	4958.0	1825.0	0.02103649399451322	0.012818436570697925	1.0104060073917662	0.03393422741348656
gdna_high_ss_0.99_nrna_high	26	2864	1303	9097	5162	55480	11	4	2	9841.0	5721.0	15745.0	0.5029226690516498	0.37585500765582636	0.98812134994715	0.18403804138285568
gdna_low_ss_0.99_nrna_high	27	2838	313	72698	9555	31751	13	4	1	73275.0	9291.0	1862.0	0.02205429478372104	0.015437879271479011	1.0095407947646886	0.03437250199840128
gdna_high_ss_0.50_nrna_high	43	2834	549	13501	3086	10807	9	4	2	14576.0	2560.0	5791.0	0.252584289265931	0.17759116032448166	1.0314838314883767	0.1653828197945845
gdna_high_ss_0.50_nrna_low	21	2794	1216	76469	1964	32111	7	3	2	79134.0	515.0	12669.0	0.13723217574037566	0.09371520797729105	1.010838992921955	0.035078908711973784
gdna_low_ss_0.99_nrna_high	43	2783	117	14869	5054	10807	9	4	2	15084.0	4956.0	1002.0	0.047619047619047616	0.034341241482464986	1.0280350556987166	0.13887225548902196
gdna_med_ss_0.99_nrna_low	44	2741	638	94195	10846	19206	15	5	1	96431.0	9248.0	2699.0	0.024903578216981307	0.017589460678522083	0.996487435389919	0.025937035740307913
gdna_high_ss_0.99_nrna_high	32	2695	832	22713	3604	24025	9	3	1	23413.0	3736.0	7032.0	0.2057283286036102	0.15110260104743403	0.9918568744209038	0.09926700799292791
gdna_med_ss_0.50_nrna_high	43	2685	281	13671	3262	10807	9	4	2	14706.0	2508.0	4595.0	0.21069283323398597	0.1401146803331839	1.030716336510417	0.1559776925758104
gdna_med_ss_0.50_nrna_low	21	2640	858	77711	2924	32111	7	3	2	79924.0	1569.0	7716.0	0.08649351522828415	0.05695054237323417	1.0107697313011783	0.03239542046556146
gdna_zero_ss_0.99_nrna_high	40	2591	0	14816	4978	10807	9	4	2	15025.0	4769.0	945.0	0.04556632431650513	0.025923530318485256	1.0231535153607159	0.13089825199555422
gdna_med_ss_0.99_nrna_high	26	2570	923	9365	6592	55480	11	4	2	9806.0	7074.0	8841.0	0.34372691574977643	0.24881339497108718	1.0059825918617251	0.15225118483412323
gdna_low_ss_0.99_nrna_high	21	2545	251	79424	8424	32111	7	3	2	79630.0	8469.0	1786.0	0.019869833676364242	0.02136068486955192	1.0094338077244123	0.02888795559540971
gdna_high_ss_0.99_nrna_low	21	2507	1147	77900	2678	32111	7	3	2	79957.0	1768.0	10593.0	0.1147446868433025	0.0791704180521843	1.009312499611877	0.030676047721015603
gdna_med_ss_0.99_nrna_high	32	2498	537	23014	4171	24025	9	3	1	23489.0	4233.0	4152.0	0.13026291020894773	0.09075944756175143	1.0138164589538317	0.09010893874900801
gdna_low_ss_0.50_nrna_low	15	2487	441	178477	11912	56271	19	8	2	180628.0	10202.0	4560.0	0.023337939505604175	0.019759907333289906	0.9617820020747992	0.013032542053136299
gdna_zero_ss_0.99_nrna_low	20	2463	0	79677	5036	32111	7	3	2	80020.0	4693.0	1169.0	0.01361169977410866	0.002631680105585968	1.0079017207039964	0.02907464025592294
gdna_low_ss_0.99_nrna_low	15	2448	381	178616	14397	56271	19	8	2	180731.0	12663.0	1996.0	0.010215466502891653	0.00835895833235405	1.0059367165993114	0.012658096941994063
gdna_low_ss_0.50_nrna_low	44	2310	253	94309	10069	19206	15	5	1	96384.0	8247.0	2306.0	0.021564098487894742	0.01281435094967925	1.0174003580281346	0.02207758694841873
gdna_low_ss_0.99_nrna_low	44	2278	201	94390	11487	19206	15	5	1	96450.0	9628.0	859.0	0.008032766956245265	0.005016926999609378	1.0174003580281346	0.02147476385301382
gdna_zero_ss_0.99_nrna_high	20	2278	0	79604	8488	32111	7	3	2	79726.0	8366.0	985.0	0.011057848827418974	0.0127584201198942	0.9651796526018618	0.02585932888344004
gdna_low_ss_0.99_nrna_high	32	2266	189	23266	4771	24025	9	3	1	23456.0	4770.0	1695.0	0.056649176163898265	0.039789959041379885	1.0126096316856685	0.08028059236165237
gdna_high_ss_0.99_nrna_high	6	2256	649	11825	2728	18499	14	7	1	12527.0	2675.0	5569.0	0.26811419767945693	0.192608542997579	1.0074930131663178	0.14840152611498486
gdna_low_ss_0.99_nrna_low	7	2253	13	2240	0	1284	2	2	1	2253.0	0.0	48.0	0.020860495436766623	0.01579450519420234	1.2603211404317418	1.0
gdna_med_ss_0.99_nrna_zero	7	2253	36	2217	0	1284	2	2	1	2253.0	0.0	157.0	0.06514522821576764	0.03783328413661125	1.2730422749268537	1.0
gdna_zero_ss_0.99_nrna_zero	7	2252	0	2252	0	1284	2	2	1	2252.0	0.0	0.0	0.0	0.0	1.19358394910093	1.0
gdna_zero_ss_0.50_nrna_zero	7	2252	0	2252	0	1284	2	2	1	2252.0	0.0	0.0	0.0	0.0	1.19358394910093	1.0
gdna_low_ss_0.50_nrna_zero	7	2251	15	2236	0	1284	2	2	1	2251.0	0.0	55.0	0.023850823937554208	0.009891525865715383	1.2731894146215197	1.0
gdna_zero_ss_0.99_nrna_low	7	2246	0	2246	0	1284	2	2	1	2246.0	0.0	6.0	0.0026642984014209592	0.006695668324239793	1.1981053357293254	1.0
gdna_low_ss_0.99_nrna_zero	7	2244	10	2234	0	1284	2	2	1	2244.0	0.0	62.0	0.026886383347788378	0.009921784444802968	1.2731894146215197	1.0
gdna_med_ss_0.50_nrna_zero	7	2238	48	2190	0	1284	2	2	1	2238.0	0.0	172.0	0.07136929460580912	0.03815709703218433	1.2730422749268537	1.0
gdna_low_ss_0.99_nrna_high	26	2235	348	9614	8144	55480	11	4	2	9905.0	8201.0	3401.0	0.15813456084065652	0.11070916156278691	1.0054592413261525	0.12343974373135977
gdna_med_ss_0.99_nrna_low	7	2228	30	2198	0	1284	2	2	1	2228.0	0.0	170.0	0.07089241034195162	0.04322375075530911	1.269358923232051	1.0
gdna_low_ss_0.99_nrna_high	7	2217	8	2209	0	1284	2	2	1	2217.0	0.0	86.0	0.03734259661311333	0.038360606752317124	1.2359776797738413	1.0
gdna_low_ss_0.50_nrna_low	21	2216	318	78618	3821	32111	7	3	2	80228.0	2529.0	3997.0	0.046072803559490054	0.02863453870613544	1.0104060073917662	0.026777191053324795
gdna_low_ss_0.50_nrna_low	7	2214	14	2200	0	1284	2	2	1	2214.0	0.0	87.0	0.03780964797913951	0.02529448699260791	1.2603211404317418	1.0
gdna_zero_ss_0.99_nrna_high	7	2212	0	2212	0	1284	2	2	1	2212.0	0.0	40.0	0.017761989342806393	0.03556989251463334	1.1949090226465182	1.0
gdna_high_ss_0.99_nrna_low	7	2209	58	2151	0	1284	2	2	1	2209.0	0.0	388.0	0.14940315748941085	0.07602715433371035	1.2710796484733276	1.0
gdna_med_ss_0.99_nrna_high	7	2205	25	2180	0	1284	2	2	1	2205.0	0.0	192.0	0.08010012515644556	0.06203869726132264	1.2585353502822305	1.0
gdna_zero_ss_0.50_nrna_low	7	2203	0	2203	0	1284	2	2	1	2203.0	0.0	49.0	0.021758436944937832	0.02096103112003083	1.1981053357293254	1.0
gdna_med_ss_0.50_nrna_low	7	2203	47	2156	0	1284	2	2	1	2203.0	0.0	195.0	0.08131776480400334	0.051832518957602214	1.269358923232051	1.0
gdna_high_ss_0.99_nrna_high	7	2200	47	2153	0	1284	2	2	1	2200.0	0.0	390.0	0.15057915057915058	0.09319155066554147	1.2649923204592382	1.0
gdna_high_ss_0.99_nrna_zero	7	2200	44	2156	0	1284	2	2	1	2200.0	0.0	392.0	0.15123456790123457	0.07003961738075583	1.2729493918142165	1.0
gdna_high_ss_0.50_nrna_low	7	2185	87	2098	0	1284	2	2	1	2185.0	0.0	412.0	0.15864458991143626	0.08370974595006449	1.2710796484733276	1.0
gdna_high_ss_0.50_nrna_zero	7	2177	68	2109	0	1284	2	2	1	2177.0	0.0	415.0	0.16010802469135801	0.0706187776514019	1.2729493918142165	1.0
gdna_zero_ss_0.99_nrna_high	30	2154	0	23413	4965	24025	9	3	1	23501.0	4877.0	907.0	0.030971487109441694	0.022509687637798054	0.9793495825981099	0.0759038691944464
gdna_zero_ss_0.99_nrna_low	15	2145	0	178683	15092	56271	19	8	2	180784.0	12991.0	241.0	0.0012421655945901368	0.0011436958778541398	1.0045002649578638	0.011069539414269126
gdna_med_ss_0.50_nrna_high	7	2112	27	2085	0	1284	2	2	1	2112.0	0.0	285.0	0.11889862327909888	0.1076780177807127	1.2585353502822305	1.0
gdna_low_ss_0.50_nrna_high	7	2092	14	2078	0	1284	2	2	1	2092.0	0.0	211.0	0.09161962657403387	0.09039959105014975	1.2359776797738413	1.0
gdna_high_ss_0.50_nrna_high	7	2091	76	2015	0	1284	2	2	1	2091.0	0.0	499.0	0.19266409266409265	0.13334855902420614	1.2649923204592382	1.0
gdna_med_ss_0.99_nrna_high	6	2090	422	12041	3285	18499	14	7	1	12521.0	3227.0	3095.0	0.16425197686143395	0.11764636383618712	1.0179439447764007	0.13271526543053086
gdna_zero_ss_0.50_nrna_low	15	2085	0	176158	2085	56271	19	8	2	178243.0	0.0	15773.0	0.08129741876958602	0.0106461394749885	0.7634108159153119	0.011697514067873633
gdna_zero_ss_0.50_nrna_low	41	2063	0	92208	2063	19206	15	5	1	94271.0	0.0	12174.0	0.11436892291793885	0.008676349952872024	1.0132249308658203	0.021883718216630776
gdna_zero_ss_0.99_nrna_high	25	2060	0	9712	9115	55480	11	4	2	9532.0	9295.0	1282.0	0.0637525486100751	0.04613938951188026	0.8266529429339953	0.10941732618048547
gdna_low_ss_0.50_nrna_high	43	2054	58	13250	2429	10807	9	4	2	14475.0	1262.0	5305.0	0.25211481798308144	0.11342998171463826	1.0280350556987166	0.13052042956090742
gdna_zero_ss_0.50_nrna_high	7	2001	0	2001	0	1284	2	2	1	2001.0	0.0	251.0	0.11145648312611012	0.10330636606079577	1.1949090226465182	1.0
gdna_high_ss_0.50_nrna_high	27	1962	542	70149	1420	31751	13	4	1	72111.0	0.0	17822.0	0.19816974859061745	0.1513209464799086	1.0107157617165075	0.027208054249698382
gdna_low_ss_0.99_nrna_high	6	1955	106	12285	3711	18499	14	7	1	12560.0	3542.0	1301.0	0.07475722576567259	0.05267950525429343	1.016377009212979	0.1214134890075767
gdna_zero_ss_0.99_nrna_high	6	1873	0	12373	3873	18499	14	7	1	12540.0	3706.0	695.0	0.041024732896523225	0.0315066200185369	1.0135242548999261	0.11528991751815831
gdna_low_ss_0.50_nrna_high	21	1872	134	75472	1880	32111	7	3	2	77342.0	144.0	12399.0	0.1379429270734828	0.08545125202147327	0.9196354153882283	0.024159202952791472
gdna_med_ss_0.50_nrna_high	27	1759	279	70551	1480	31751	13	4	1	72310.0	0.0	14413.0	0.16619581887157964	0.11945384184554896	1.0104542843930662	0.02432581938874291
gdna_zero_ss_0.50_nrna_high	20	1706	0	75757	1706	32111	7	3	2	77463.0	0.0	11614.0	0.13038157998136443	0.059229577325989824	0.6585816142524551	0.022023417631643494
gdna_zero_ss_0.50_nrna_low	20	1682	0	77341	1682	32111	7	3	2	79023.0	0.0	6859.0	0.07986539670710975	0.020033186428090603	1.0079017207039964	0.021284942358553837
gdna_low_ss_0.50_nrna_high	27	1552	79	70605	1473	31751	13	4	1	72157.0	0.0	12271.0	0.14534277727768039	0.09481483444984297	1.0095407947646886	0.021508654738971966
gdna_high_ss_0.50_nrna_high	32	1523	449	21347	1074	24025	9	3	1	22870.0	0.0	11311.0	0.3309148357274509	0.2827121564106144	1.0141619020905805	0.06659379099256668
gdna_zero_ss_0.50_nrna_high	26	1496	0	70156	1496	31751	13	4	1	71652.0	0.0	11916.0	0.1425904652498564	0.08857799495157612	1.0078777094371913	0.020878691453134594
gdna_zero_ss_0.50_nrna_high	40	1459	0	12289	1459	10807	9	4	2	13748.0	0.0	6991.0	0.3370943632769179	0.11523382110010347	1.0231535153607159	0.10612452720395694
gdna_med_ss_0.50_nrna_high	32	1331	273	21586	1058	24025	9	3	1	22917.0	0.0	8957.0	0.2810127376545147	0.22976464164797641	1.0138164589538317	0.05807915521228782
gdna_high_ss_0.50_nrna_high	6	1310	377	10540	933	18499	14	7	1	11850.0	0.0	8921.0	0.42949304318521014	0.35573949643141595	1.0183924663517452	0.11054852320675106
gdna_high_ss_0.50_nrna_high	26	1303	432	7749	871	55480	11	4	2	9052.0	0.0	22255.0	0.7108633851854218	0.7326448774930978	1.0061323946443383	0.14394608926204153
gdna_high_ss_0.99_nrna_high	10	1302	443	8342	2235	11338	5	2	1	8655.0	2365.0	3321.0	0.23157380935778538	0.16522101780928738	1.0248232796444985	0.11814882032667877
gdna_zero_ss_0.99_nrna_high	10	1267	0	8612	3156	11338	5	2	1	8339.0	3429.0	199.0	0.016629063257290883	0.012723244470240936	0.6934298291062727	0.10766485384092454
gdna_high_ss_0.99_nrna_high	1	1211	618	4564	2404	24255	5	1	1	4857.0	2729.0	6762.0	0.4712851965430722	0.3569543096115344	0.9795058634886818	0.15963617189559715
gdna_med_ss_0.99_nrna_high	10	1185	256	8441	2597	11338	5	2	1	8607.0	2687.0	1831.0	0.1395047619047619	0.09680265645690109	1.0292777390963772	0.10492296794758278
gdna_high_ss_0.50_nrna_zero	21	1181	1181	77440	0	32111	7	3	2	78621.0	0.0	7660.0	0.08877968498278879	0.08241760663343746	1.0109137453522132	0.015021431932944125
gdna_med_ss_0.50_nrna_high	6	1130	206	10701	924	18499	14	7	1	11831.0	0.0	7012.0	0.3721275805338853	0.2970224814535461	1.0179439447764007	0.0955117910573916
gdna_low_ss_0.50_nrna_high	32	1125	69	21626	1056	24025	9	3	1	22751.0	0.0	7170.0	0.23963102837472008	0.18988060907902207	1.0126096316856685	0.04944837589556503
gdna_med_ss_0.99_nrna_high	1	1119	478	4622	3072	24255	5	1	1	4769.0	3403.0	3756.0	0.3148893360160966	0.2364364394342159	1.0136854353565068	0.13693098384728342
gdna_med_ss_0.50_nrna_high	26	1103	240	8061	863	55480	11	4	2	9164.0	0.0	16557.0	0.6437152521286109	0.6775060755169577	1.0059825918617251	0.12036228721082497
gdna_low_ss_0.99_nrna_high	10	1095	88	8572	2920	11338	5	2	1	8677.0	2903.0	682.0	0.05561898548360789	0.03843686250905457	1.0267219707357436	0.09455958549222798
gdna_high_ss_0.99_nrna_low	5	1051	598	10331	1190	36477	13	5	1	10790.0	1329.0	9582.0	0.44154647251278745	0.3385475438307216	1.0068085723158877	0.08672332700717882
gdna_med_ss_0.99_nrna_low	5	1050	497	10613	1851	36477	13	5	1	10866.0	2095.0	5081.0	0.28162066289768317	0.20432928539766765	1.0004359780654988	0.08101226757194661
gdna_zero_ss_0.50_nrna_high	30	1046	0	21133	1046	24025	9	3	1	22179.0	0.0	7106.0	0.24264982072733482	0.18403773413555616	1.0104124934646828	0.04716172956400198
gdna_high_ss_0.99_nrna_low	32	1025	540	22767	963	24025	9	3	1	23574.0	696.0	6599.0	0.21377433671320742	0.15692070148956516	1.01037599018645	0.04223320972393902
gdna_low_ss_0.50_nrna_high	26	1017	81	7971	936	55480	11	4	2	8988.0	0.0	12519.0	0.582089552238806	0.625333508803555	1.0054592413261525	0.11315086782376502
gdna_low_ss_0.50_nrna_high	6	988	48	10710	940	18499	14	7	1	11698.0	0.0	5705.0	0.3278170430385566	0.2491185976270696	1.016377009212979	0.08445888186014704
gdna_low_ss_0.99_nrna_zero	42	987	11	976	0	1352	8	8	1	987.0	0.0	32.0	0.03140333660451423	0.02408909276281388	1.2594489139254963	1.0
gdna_zero_ss_0.99_nrna_zero	39	983	0	983	0	1352	8	8	1	983.0	0.0	0.0	0.0	0.0	1.1838474278693822	1.0
gdna_zero_ss_0.50_nrna_zero	39	983	0	983	0	1352	8	8	1	983.0	0.0	0.0	0.0	0.0	1.1838474278693822	1.0
gdna_low_ss_0.50_nrna_zero	42	982	17	965	0	1352	8	8	1	982.0	0.0	37.0	0.03631010794896958	0.024015627982101613	1.2594489139254963	1.0
gdna_high_ss_0.50_nrna_low	32	979	511	22145	468	24025	9	3	1	23124.0	0.0	7745.0	0.25089896012180507	0.187566210765008	1.014487198022876	0.04233696592285072
gdna_low_ss_0.99_nrna_low	42	974	11	963	0	1352	8	8	1	974.0	0.0	52.0	0.050682261208576995	0.037958350512230093	1.2472278939414703	1.0
gdna_zero_ss_0.99_nrna_low	39	970	0	970	0	1352	8	8	1	970.0	0.0	13.0	0.013224821973550356	0.01635250677026328	1.1881404217020144	1.0
gdna_med_ss_0.99_nrna_low	42	967	29	938	0	1352	8	8	1	967.0	0.0	171.0	0.15026362038664323	0.09768324533445144	1.255811236109281	1.0
gdna_high_ss_0.99_nrna_zero	42	963	52	911	0	1352	8	8	1	963.0	0.0	339.0	0.26036866359447003	0.14959028644948236	1.2592211422815407	1.0
gdna_med_ss_0.99_nrna_zero	42	952	35	917	0	1352	8	8	1	952.0	0.0	235.0	0.1979780960404381	0.08240997369007041	1.2593093280909813	1.0
gdna_low_ss_0.50_nrna_low	42	943	17	926	0	1352	8	8	1	943.0	0.0	83.0	0.08089668615984405	0.060789305615277615	1.2472278939414703	1.0
gdna_high_ss_0.50_nrna_zero	42	940	82	858	0	1352	8	8	1	940.0	0.0	362.0	0.2780337941628264	0.15082725424037022	1.2592211422815407	1.0
gdna_med_ss_0.50_nrna_low	42	936	44	892	0	1352	8	8	1	936.0	0.0	202.0	0.17750439367311072	0.1171385772211395	1.255811236109281	1.0
gdna_med_ss_0.50_nrna_zero	42	935	47	888	0	1352	8	8	1	935.0	0.0	252.0	0.21229991575400167	0.08311531589901865	1.2593093280909813	1.0
gdna_med_ss_0.99_nrna_low	32	933	423	23114	1437	24025	9	3	1	23804.0	1170.0	3286.0	0.11627742392073602	0.08598320908817099	0.9939125829746912	0.03735885320733563
gdna_low_ss_0.99_nrna_high	42	931	3	928	0	1352	8	8	1	931.0	0.0	75.0	0.07455268389662027	0.09390481689223963	1.224108871664773	1.0
gdna_high_ss_0.99_nrna_low	42	929	47	882	0	1352	8	8	1	929.0	0.0	388.0	0.29460895975702356	0.1608106777476878	1.2574454398982955	1.0
gdna_zero_ss_0.99_nrna_high	39	929	0	929	0	1352	8	8	1	929.0	0.0	54.0	0.054933875890132246	0.08684913152343349	1.1851056782542	1.0
gdna_zero_ss_0.50_nrna_low	39	928	0	928	0	1352	8	8	1	928.0	0.0	55.0	0.05595116988809766	0.05119211207955405	1.1881404217020144	1.0
gdna_med_ss_0.99_nrna_high	42	927	27	900	0	1352	8	8	1	927.0	0.0	225.0	0.1953125	0.1383057556590173	1.2455320510785142	1.0
gdna_high_ss_0.99_nrna_high	42	924	41	883	0	1352	8	8	1	924.0	0.0	382.0	0.29249617151607965	0.19812961754516858	1.2516642812476508	1.0
gdna_high_ss_0.99_nrna_high	17	917	332	4527	1243	33522	14	7	2	4742.0	1360.0	7417.0	0.5486352540868408	0.5194256153607582	0.9822308933336132	0.15027859718125205
gdna_high_ss_0.50_nrna_low	42	909	68	841	0	1352	8	8	1	909.0	0.0	408.0	0.3097949886104784	0.17706069756642012	1.2574454398982955	1.0
gdna_low_ss_0.99_nrna_low	32	896	154	23454	1882	24025	9	3	1	23769.0	1721.0	1010.0	0.03811320754716981	0.0271880537878776	1.013909463303457	0.035151039623381716
gdna_zero_ss_0.50_nrna_high	6	896	0	10246	896	18499	14	7	1	11142.0	0.0	5799.0	0.34230564901717725	0.24311962508371263	1.0135242548999261	0.0804164422904326
gdna_high_ss_0.50_nrna_low	52	871	760	67978	111	30370	4	1	1	68849.0	0.0	7637.0	0.09984833825798185	0.09618709962935008	1.0108728297893164	0.012650873651033422
gdna_high_ss_0.50_nrna_zero	24	861	861	110252	0	28337	15	5	1	111113.0	0.0	6088.0	0.05194494927517683	0.04732367248674139	1.0123673361411558	0.007748868269239423
gdna_low_ss_0.99_nrna_high	1	854	171	4720	3806	24255	5	1	1	4842.0	3855.0	1375.0	0.13651707704527402	0.09917922248570916	1.0124900394260394	0.09819477980912958
gdna_med_ss_0.50_nrna_high	42	845	33	812	0	1352	8	8	1	845.0	0.0	307.0	0.2664930555555556	0.24005161736868277	1.2455320510785142	1.0
gdna_high_ss_0.99_nrna_zero	21	843	843	78437	0	32111	7	3	2	79280.0	0.0	7001.0	0.08114185046533999	0.08203224227817141	1.0109137453522132	0.010633198789101917
gdna_zero_ss_0.50_nrna_high	25	832	0	7528	832	55480	11	4	2	8360.0	0.0	11749.0	0.5842657516534885	0.6212269754395726	1.0045064464050553	0.09952153110047847
gdna_low_ss_0.50_nrna_high	42	826	4	822	0	1352	8	8	1	826.0	0.0	180.0	0.17892644135188868	0.2212936072546582	1.224108871664773	1.0
gdna_high_ss_0.50_nrna_high	42	825	57	768	0	1352	8	8	1	825.0	0.0	481.0	0.3683001531393568	0.28350530505159277	1.2516642812476508	1.0
gdna_med_ss_0.99_nrna_high	17	803	214	4642	1444	33522	14	7	2	4796.0	1504.0	3820.0	0.3774703557312253	0.38225122427811925	1.0099019302831727	0.12746031746031747
gdna_low_ss_0.99_nrna_low	5	778	237	10779	2698	36477	13	5	1	10966.0	2748.0	1469.0	0.09675294737535402	0.06643246173203297	1.009160085163299	0.056730348548928104
gdna_high_ss_0.50_nrna_zero	15	771	771	177828	0	56271	19	8	2	178599.0	0.0	11325.0	0.05962911480381626	0.059030273551693976	1.0062277005826064	0.004316933465472931
gdna_high_ss_0.50_nrna_zero	52	770	770	68287	0	30370	4	1	1	69057.0	0.0	6919.0	0.0910682320732863	0.07854564056750124	1.0115394193632603	0.01115020924743328
gdna_med_ss_0.50_nrna_low	32	751	264	22615	487	24025	9	3	1	23366.0	0.0	4894.0	0.17317763623496107	0.12062253424618707	1.0143947852230817	0.03214071728152016
gdna_zero_ss_0.99_nrna_low	30	743	0	23568	2158	24025	9	3	1	23757.0	1969.0	180.0	0.006948197328804138	0.004976200185786237	1.0105681057739189	0.028881287413511623
gdna_low_ss_0.99_nrna_high	17	711	78	4733	1665	33522	14	7	2	4863.0	1613.0	1101.0	0.14530816946020852	0.1921327119087119	1.0090366315645751	0.10978999382334774
gdna_high_ss_0.50_nrna_high	10	695	181	7834	514	11338	5	2	1	8529.0	0.0	5812.0	0.40527159891220976	0.31907982495675047	1.0300093070278051	0.08148669246101536
gdna_zero_ss_0.50_nrna_high	39	689	0	689	0	1352	8	8	1	689.0	0.0	294.0	0.2990844354018311	0.25223770832399717	1.1851056782542	1.0
gdna_zero_ss_0.99_nrna_high	1	686	0	4771	4148	24255	5	1	1	4753.0	4166.0	525.0	0.05559085133418043	0.04231729997807017	0.9731598527754712	0.07691445229285794
gdna_med_ss_0.50_nrna_zero	21	682	682	78820	0	32111	7	3	2	79502.0	0.0	3584.0	0.04313602773030354	0.04309331475748774	1.0109169694827038	0.008578400543382556
gdna_high_ss_0.99_nrna_low	52	681	568	68934	113	30370	4	1	1	69615.0	0.0	6871.0	0.08983343356954214	0.07968513165883592	1.0046162500918925	0.009782374488256841
gdna_zero_ss_0.99_nrna_high	16	679	0	4788	1773	33522	14	7	2	4845.0	1716.0	142.0	0.021184544233925108	0.0769985682877163	0.7377836468800477	0.10349032159731748
gdna_high_ss_0.50_nrna_low	5	671	353	9856	318	36477	13	5	1	10527.0	0.0	11174.0	0.5149071471360767	0.4142765974854311	1.009541594026745	0.06374085684430512
gdna_zero_ss_0.99_nrna_low	5	647	0	10850	3223	36477	13	5	1	10903.0	3170.0	182.0	0.012767450017537705	0.006945039826138169	1.006953483160266	0.045974561216513894
gdna_high_ss_0.50_nrna_low	4	645	614	83166	31	18721	15	5	1	83811.0	0.0	4389.0	0.049761904761904764	0.05332251246517815	1.017347849623583	0.0076958871747145365
gdna_high_ss_0.99_nrna_zero	24	643	643	110629	0	28337	15	5	1	111272.0	0.0	5929.0	0.05058830556053276	0.04713632328026545	1.0123673361411558	0.0057786325400819615
gdna_high_ss_0.99_nrna_zero	15	615	615	177942	0	56271	19	8	2	178557.0	0.0	11367.0	0.05985025589183041	0.05881321154580384	1.0062277005826064	0.003444278297686453
gdna_low_ss_0.50_nrna_low	32	599	112	22963	665	24025	9	3	1	23545.0	195.0	2760.0	0.10415094339622641	0.06296861928293405	1.013909463303457	0.02523167649536647
gdna_high_ss_0.50_nrna_zero	4	599	599	83376	0	18721	15	5	1	83975.0	0.0	4113.0	0.046691944419217146	0.04326678253971045	1.0187200531343803	0.0071330753200357245
gdna_high_ss_0.50_nrna_low	26	597	495	8585	102	55480	11	4	2	9182.0	0.0	12912.0	0.5844120575721915	0.6150920037380465	1.0044955265785789	0.06501851448486169
gdna_med_ss_0.50_nrna_high	10	597	96	7888	501	11338	5	2	1	8485.0	0.0	4640.0	0.3535238095238095	0.2650841265591713	1.0292777390963772	0.07035945786682381
gdna_high_ss_0.50_nrna_zero	27	596	596	71978	0	31751	13	4	1	72574.0	0.0	6704.0	0.08456318272408486	0.08182252726946439	1.0110374936487718	0.008212307437925427
gdna_high_ss_0.50_nrna_low	43	588	393	14035	195	10807	9	4	2	14623.0	0.0	3431.0	0.19004098814667109	0.13871248205897044	1.0322070437242756	0.040210627094303494
gdna_high_ss_0.50_nrna_low	39	585	585	65248	0	32604	13	4	1	65833.0	0.0	7343.0	0.10034710834153274	0.11150665871856863	0.9873636307113406	0.008886120942384518
gdna_high_ss_0.50_nrna_low	27	573	573	71653	0	31751	13	4	1	72226.0	0.0	7097.0	0.08946963680143212	0.09989515962484805	0.9931405697519263	0.007933431174369341
gdna_high_ss_0.50_nrna_high	39	570	543	64782	27	32604	13	4	1	65352.0	0.0	8153.0	0.11091762465138426	0.18753221812029178	0.9839249980707425	0.008721997796547925
gdna_high_ss_0.50_nrna_zero	41	565	565	5480	0	50745	4	2	2	6045.0	0.0	10858.0	0.6423711767141927	0.6428088394215352	1.0069059367698372	0.0934656741108354
gdna_high_ss_0.50_nrna_zero	26	561	561	8662	0	55480	11	4	2	9223.0	0.0	12005.0	0.5655266628980592	0.5180644420893749	1.0063164986195943	0.06082619538111243
gdna_med_ss_0.50_nrna_low	52	552	446	68768	106	30370	4	1	1	69320.0	0.0	4143.0	0.0563957366293236	0.05894211968148733	1.0077963552629066	0.007963069821119446
gdna_high_ss_0.99_nrna_zero	52	551	551	69072	0	30370	4	1	1	69623.0	0.0	6353.0	0.08361851110877119	0.07823642498855075	1.0115394193632603	0.007914051391063298
gdna_high_ss_0.50_nrna_zero	32	547	547	22485	0	24025	9	3	1	23032.0	0.0	5432.0	0.19083754918493537	0.16537914422103325	1.01458711368131	0.023749565821465788
gdna_low_ss_0.50_nrna_high	10	537	15	7901	522	11338	5	2	1	8438.0	0.0	3824.0	0.3118577719784701	0.2193474848190113	1.0267219707357436	0.06364067314529509
gdna_high_ss_0.50_nrna_zero	34	536	536	35879	0	33391	10	4	2	36415.0	0.0	7139.0	0.1639114662258346	0.1642023294956124	1.010495361725058	0.014719209117122064
gdna_high_ss_0.50_nrna_zero	39	531	531	65545	0	32604	13	4	1	66076.0	0.0	7019.0	0.09602571995348519	0.09175750880333766	1.0107487125889474	0.008036200738543496
gdna_high_ss_0.50_nrna_low	41	529	529	5270	0	50745	4	2	2	5799.0	0.0	11179.0	0.6584403345505949	0.7810883964719616	0.9915070627906933	0.09122262459044662
gdna_med_ss_0.50_nrna_low	5	525	181	10161	344	36477	13	5	1	10686.0	0.0	7356.0	0.40771533089457934	0.295921707820855	1.0094805655818038	0.04912970241437395
gdna_high_ss_0.50_nrna_high	1	517	195	4038	322	24255	5	1	1	4555.0	0.0	9793.0	0.6825341511011987	0.7210242878754359	1.014027606354135	0.11350164654226125
gdna_med_ss_0.99_nrna_zero	21	516	516	79135	0	32111	7	3	2	79651.0	0.0	3435.0	0.04134270514888188	0.04289211646770448	1.0109169694827038	0.006478261415424791
gdna_high_ss_0.99_nrna_low	4	512	481	83655	31	18721	15	5	1	84167.0	0.0	4033.0	0.04572562358276644	0.04443126841439602	1.0172007296354904	0.006083144225171385
gdna_high_ss_0.50_nrna_low	6	509	429	11300	80	18499	14	7	1	11809.0	0.0	4882.0	0.29249296027799415	0.2652111607010813	1.01881494605926	0.04310271826572953
gdna_high_ss_0.50_nrna_zero	44	493	493	93939	0	19206	15	5	1	94432.0	0.0	3927.0	0.039925172073729906	0.03827794714607011	1.0182473116244466	0.005220687902405964
gdna_high_ss_0.50_nrna_high	17	491	162	4191	329	33522	14	7	2	4682.0	0.0	8837.0	0.6536726089207782	0.9768363934049273	0.969530480014251	0.10486971379752243
gdna_zero_ss_0.50_nrna_high	10	490	0	7708	490	11338	5	2	1	8198.0	0.0	3769.0	0.3149494443051726	0.20937910833964418	1.0220689393872815	0.05977067577457917
gdna_high_ss_0.50_nrna_zero	6	471	471	11528	0	18499	14	7	1	11999.0	0.0	4256.0	0.26182713011381115	0.22143891109948544	1.0189447120436255	0.0392532711059255
gdna_high_ss_0.99_nrna_high	39	466	439	65940	27	32604	13	4	1	66406.0	0.0	7099.0	0.09657846405006462	0.0956785102878974	0.9913970681107259	0.00701743818329669
gdna_high_ss_0.50_nrna_high	41	465	465	4642	0	50745	4	2	2	5107.0	0.0	11817.0	0.6982391869534389	1.236740700881372	0.9379882502604784	0.09105149794399843
gdna_high_ss_0.99_nrna_low	43	464	290	14497	176	10807	9	4	2	14959.0	4.0	3091.0	0.17120859643292347	0.12078079811275406	1.0315012061074633	0.031009824233108333
gdna_high_ss_0.50_nrna_zero	43	457	457	14260	0	10807	9	4	2	14717.0	0.0	2745.0	0.1571984881456878	0.1185898207060584	1.0324291807239696	0.031052524291635523
gdna_high_ss_0.50_nrna_low	34	457	457	35706	0	33391	10	4	2	36163.0	0.0	7507.0	0.17190290817494847	0.19929296053560672	0.9993215497164151	0.012637225893869425
gdna_med_ss_0.50_nrna_zero	24	453	453	110980	0	28337	15	5	1	111433.0	0.0	2995.0	0.026173663788583212	0.024368968869741596	1.012371057637071	0.004065223048827547
gdna_med_ss_0.50_nrna_zero	52	449	449	69306	0	30370	4	1	1	69755.0	0.0	3256.0	0.044596019777841694	0.04108582567056132	1.0115428575764367	0.006436814565264138
gdna_zero_ss_0.50_nrna_low	30	449	0	22761	449	24025	9	3	1	23210.0	0.0	2696.0	0.10406855554697754	0.04427373508256128	1.0105681057739189	0.01934510986643688
gdna_high_ss_0.99_nrna_zero	27	447	447	72312	0	31751	13	4	1	72759.0	0.0	6519.0	0.08222962234163324	0.08155376539061755	1.0110374936487718	0.00614356986764524
gdna_high_ss_0.99_nrna_low	39	447	447	65986	0	32604	13	4	1	66433.0	0.0	6743.0	0.092147698699027	0.09253766710106115	0.9986800936799665	0.006728583685818795
gdna_high_ss_0.99_nrna_zero	4	445	445	83701	0	18721	15	5	1	84146.0	0.0	3942.0	0.044750703841612935	0.04309709658064078	1.0187200531343803	0.005288427257385972
gdna_med_ss_0.50_nrna_zero	15	442	442	178374	0	56271	19	8	2	178816.0	0.0	5613.0	0.030434476139869545	0.030561952231252024	1.006229321320543	0.0024718146027201144
gdna_high_ss_0.99_nrna_low	27	433	433	72270	0	31751	13	4	1	72703.0	0.0	6620.0	0.08345624850295627	0.08321763338641891	1.005583977851568	0.005955737727466542
gdna_med_ss_0.50_nrna_high	1	428	87	4143	341	24255	5	1	1	4571.0	0.0	7357.0	0.6167840375586855	0.6644071582385774	1.0136854353565068	0.09363377816670312
gdna_high_ss_0.99_nrna_low	26	426	306	9129	120	55480	11	4	2	9555.0	0.0	12539.0	0.5675296460577532	0.5082327630301118	1.001934763074942	0.0445839874411303
gdna_med_ss_0.99_nrna_low	52	423	317	69434	106	30370	4	1	1	69857.0	0.0	3606.0	0.0490859344159645	0.04158434712435131	0.9904351681420972	0.0060552271068039
gdna_med_ss_0.50_nrna_low	26	415	309	9027	106	55480	11	4	2	9442.0	0.0	7131.0	0.43027816327762025	0.48458532493850454	1.0036964834008482	0.043952552425333614
gdna_med_ss_0.50_nrna_high	17	414	74	4283	340	33522	14	7	2	4697.0	0.0	5423.0	0.5358695652173913	0.9550171511615312	0.9338018018320305	0.08814136682989142
gdna_low_ss_0.50_nrna_low	5	412	85	10452	614	36477	13	5	1	10836.0	315.0	4032.0	0.26556016597510373	0.17460794855805126	1.009160085163299	0.03694735898125728
gdna_med_ss_0.50_nrna_low	43	410	210	14457	200	10807	9	4	2	14867.0	0.0	2012.0	0.11920137448901001	0.0861823198686196	1.032002182389203	0.027577856998722002
gdna_low_ss_0.50_nrna_high	17	393	35	4347	358	33522	14	7	2	4740.0	0.0	2837.0	0.3744225946944701	0.8767667931852902	0.8300565413581511	0.08291139240506329
gdna_high_ss_0.99_nrna_zero	41	391	391	5923	0	50745	4	2	2	6314.0	0.0	10589.0	0.6264568419807135	0.6402625372864909	1.0069059367698372	0.06192587899904973
gdna_high_ss_0.50_nrna_zero	5	386	386	10120	0	36477	13	5	1	10506.0	0.0	7735.0	0.424044734389562	0.39606511751443285	1.0096073977429008	0.0367409099562155
gdna_med_ss_0.99_nrna_low	43	386	217	14842	289	10807	9	4	2	15174.0	174.0	1531.0	0.09070442561763138	0.06683335452874119	1.032002182389203	0.025149856658848058
gdna_low_ss_0.50_nrna_high	1	383	23	4124	360	24255	5	1	1	4507.0	0.0	5565.0	0.5525218427323273	0.6077352270748391	1.0124900394260394	0.08497892167739073
gdna_high_ss_0.50_nrna_high	5	381	344	9602	37	36477	13	5	1	9983.0	0.0	8498.0	0.4598236026189059	0.7922661117524356	0.9685593789053828	0.038164880296504056
gdna_high_ss_0.99_nrna_zero	39	379	379	65987	0	32604	13	4	1	66366.0	0.0	6729.0	0.09205828032013133	0.09146861890663541	1.0107487125889474	0.005710755507338095
gdna_high_ss_0.99_nrna_high	41	371	371	5708	0	50745	4	2	2	6079.0	0.0	10845.0	0.6408059560387616	0.6940303137633971	0.985709969638244	0.06102977463398585
gdna_high_ss_0.99_nrna_low	6	364	285	11909	79	18499	14	7	1	12273.0	0.0	4418.0	0.2646935474207657	0.22263568195060154	1.0177585990140876	0.029658600179255278
gdna_high_ss_0.99_nrna_low	41	363	363	5926	0	50745	4	2	2	6289.0	0.0	10689.0	0.6295794557662858	0.6593434614826842	1.0035557238932125	0.05771982827158531
gdna_high_ss_0.99_nrna_zero	44	363	363	94067	0	19206	15	5	1	94430.0	0.0	3929.0	0.03994550574934678	0.03814982904652216	1.0182473116244466	0.0038441173355925023
gdna_low_ss_0.99_nrna_low	43	359	93	15116	423	10807	9	4	2	15237.0	395.0	464.0	0.02882703777335984	0.022241555568290612	1.0309262418176772	0.022965711361310134
gdna_high_ss_0.99_nrna_zero	34	359	359	36350	0	33391	10	4	2	36709.0	0.0	6845.0	0.15716122514579603	0.16348693708896425	1.010495361725058	0.009779618077310741
gdna_med_ss_0.50_nrna_low	6	355	247	11796	108	18499	14	7	1	12151.0	0.0	2727.0	0.18329076488775373	0.17455552579447192	1.0158338595539482	0.029215702411324172
gdna_med_ss_0.99_nrna_zero	15	353	353	178311	0	56271	19	8	2	178664.0	0.0	5765.0	0.03125864153685158	0.0304522906462711	1.006229321320543	0.001975775757847132
gdna_high_ss_0.99_nrna_zero	26	352	352	9176	0	55480	11	4	2	9528.0	0.0	11700.0	0.5511588468061052	0.5161860658533033	1.0063164986195943	0.036943744752308987
gdna_med_ss_0.99_nrna_zero	24	352	352	111072	0	28337	15	5	1	111424.0	0.0	3004.0	0.026252315866745903	0.024274100944158588	1.012371057637071	0.0031591039632395176
gdna_med_ss_0.50_nrna_low	4	350	324	83762	26	18721	15	5	1	84112.0	0.0	2165.0	0.0250935938894491	0.032220316910685574	1.0184517874380516	0.004161118508655127
gdna_zero_ss_0.99_nrna_high	33	350	0	2419	1165	28400	8	3	1	2411.0	1173.0	435.0	0.10823587957203284	0.09274652325114476	0.8301547950466152	0.09765625
gdna_med_ss_0.50_nrna_zero	41	347	347	5993	0	50745	4	2	2	6340.0	0.0	5450.0	0.46225614927905007	0.48317493020016083	1.0069077895753078	0.05473186119873817
gdna_high_ss_0.99_nrna_zero	32	345	345	22816	0	24025	9	3	1	23161.0	0.0	5303.0	0.18630550871275997	0.16466480917497045	1.01458711368131	0.014895729890764648
gdna_low_ss_0.99_nrna_high	35	345	113	2350	773	28400	8	3	1	2465.0	771.0	1536.0	0.32187761944677284	0.22986106128727407	1.0106667952839976	0.10661310259579727
gdna_high_ss_0.99_nrna_zero	43	343	343	14589	0	10807	9	4	2	14932.0	0.0	2530.0	0.14488603825449548	0.11786179579152771	1.0324291807239696	0.022970800964371818
gdna_med_ss_0.99_nrna_high	30	341	227	34961	772	20453	9	3	1	35117.0	843.0	3087.0	0.07905857044075089	0.07160608733949785	1.0162295704789428	0.009482758620689655
gdna_med_ss_0.50_nrna_low	41	341	341	5827	0	50745	4	2	2	6168.0	0.0	5642.0	0.4777307366638442	0.6721825841464572	0.969005998410976	0.05528534370946822
gdna_high_ss_0.99_nrna_low	34	339	339	36290	0	33391	10	4	2	36629.0	0.0	7041.0	0.1612319670254179	0.16902038501203565	1.0081785912645622	0.009254961915422206
gdna_zero_ss_0.50_nrna_low	5	333	0	10304	333	36477	13	5	1	10637.0	0.0	3618.0	0.253805682216766	0.12426324182131093	1.006953483160266	0.03130581930995582
gdna_med_ss_0.99_nrna_zero	52	328	328	69431	0	30370	4	1	1	69759.0	0.0	3252.0	0.04454123351275835	0.040926861767656024	1.0115428575764367	0.004701902263507218
gdna_med_ss_0.50_nrna_zero	4	324	324	83950	0	18721	15	5	1	84274.0	0.0	1906.0	0.02211650034810861	0.02226166525481502	1.0187259482969213	0.0038446021311436505
gdna_med_ss_0.99_nrna_low	26	320	198	9420	122	55480	11	4	2	9740.0	0.0	6833.0	0.4122971097568334	0.3381099098210753	0.986285743194311	0.03285420944558522
gdna_med_ss_0.50_nrna_zero	27	319	319	72551	0	31751	13	4	1	72870.0	0.0	3234.0	0.04249448123620309	0.0429474573508535	1.0110407601213882	0.004377658844517634
gdna_high_ss_0.99_nrna_zero	6	314	314	11915	0	18499	14	7	1	12229.0	0.0	4026.0	0.24767763764995385	0.22047851132393811	1.0189447120436255	0.025676670210156186
gdna_zero_ss_0.50_nrna_high	16	310	0	3972	310	33522	14	7	2	4282.0	0.0	2421.0	0.3611815604953006	0.3268924100369819	0.29332139007469177	0.07239607659971976
gdna_med_ss_0.50_nrna_high	39	309	274	65244	35	32604	13	4	1	65553.0	0.0	4573.0	0.06521119128425976	0.1487581451258511	0.9776037278490308	0.004713743078119994
gdna_high_ss_0.50_nrna_low	45	309	260	34617	49	7847	17	7	1	34926.0	0.0	1911.0	0.051877188696147894	0.05613656991801128	1.044356186702679	0.008847277100154613
gdna_med_ss_0.50_nrna_zero	26	308	308	9254	0	55480	11	4	2	9562.0	0.0	5893.0	0.381300549983824	0.3577509933793138	1.0063181497409608	0.032210834553440704
gdna_high_ss_0.99_nrna_high	30	307	199	34877	332	20453	9	3	1	35078.0	330.0	5736.0	0.13941279408905308	0.12546046458584864	1.0046608902708472	0.008670356981473113
gdna_med_ss_0.50_nrna_low	39	305	301	66071	4	32604	13	4	1	66376.0	0.0	3526.0	0.05044204743784155	0.06939690972174418	0.9868714692548161	0.004595034349764975
gdna_med_ss_0.99_nrna_low	4	298	272	83935	26	18721	15	5	1	84233.0	0.0	2044.0	0.023691134369530697	0.022488364300739444	0.9905962686854902	0.003537805848064298
gdna_med_ss_0.99_nrna_high	35	292	125	2233	222	28400	8	3	1	2495.0	85.0	4351.0	0.627759342086279	0.45309003368175776	1.011687914722377	0.11317829457364341
gdna_med_ss_0.50_nrna_low	27	286	286	72426	0	31751	13	4	1	72712.0	0.0	3394.0	0.044595695477360524	0.06113188834353623	0.9825106642459562	0.003933325998459677
gdna_zero_ss_0.50_nrna_high	1	285	0	3982	285	24255	5	1	1	4267.0	0.0	5177.0	0.5481787378229563	0.5974970154212389	1.0103137131914635	0.06679165690180455
gdna_high_ss_0.50_nrna_low	10	284	185	8140	99	11338	5	2	1	8424.0	0.0	3129.0	0.2708387431835887	0.23478064826777184	1.0306986467481518	0.033713200379867046
gdna_med_ss_0.50_nrna_zero	39	284	284	66186	0	32604	13	4	1	66470.0	0.0	3296.0	0.0472436430352894	0.048447584282518566	1.0107518802512825	0.004272604182337897
gdna_high_ss_0.50_nrna_low	1	283	211	4313	72	24255	5	1	1	4596.0	0.0	6108.0	0.570627802690583	0.5765082373926995	1.014349817268485	0.06157528285465622
gdna_med_ss_0.99_nrna_low	6	280	165	12146	115	18499	14	7	1	12426.0	0.0	2452.0	0.16480709772818927	0.1256885230923206	1.00470598553053	0.02253339771446966
gdna_high_ss_0.50_nrna_low	17	279	184	4360	95	33522	14	7	2	4639.0	0.0	7493.0	0.6176228156940323	0.6652914854350076	0.9978450675013127	0.06014227204138823
gdna_high_ss_0.99_nrna_high	5	278	237	10316	41	36477	13	5	1	10594.0	0.0	7887.0	0.4267626210702884	0.40426289212944577	0.9802994849942667	0.026241268642627904
gdna_med_ss_0.50_nrna_zero	6	276	276	11965	0	18499	14	7	1	12241.0	0.0	2224.0	0.15375043207742828	0.1250936981493682	1.0189506840762006	0.02254717751817662
gdna_high_ss_0.50_nrna_high	35	276	170	1582	106	28400	8	3	1	1858.0	0.0	7933.0	0.810233888264733	1.1989317017114367	1.011980200313518	0.14854682454251883
gdna_med_ss_0.50_nrna_zero	32	275	275	22923	0	24025	9	3	1	23198.0	0.0	2808.0	0.10797508267322925	0.09110257814807211	1.014591594703639	0.011854470212949391
gdna_low_ss_0.50_nrna_low	43	274	78	14736	196	10807	9	4	2	15010.0	0.0	1086.0	0.06747017892644135	0.0431379465431575	1.0309262418176772	0.018254497001998667
gdna_med_ss_0.50_nrna_low	34	273	273	36182	0	33391	10	4	2	36455.0	0.0	3721.0	0.09261748307447232	0.12231129876722674	0.9557224573729108	0.007488684679742148
gdna_high_ss_0.99_nrna_low	17	270	172	4553	174	33522	14	7	2	4777.0	122.0	7233.0	0.5961918892185954	0.5560054407718701	1.0052063137922027	0.05511328842620943
gdna_med_ss_0.50_nrna_zero	43	270	270	14657	0	10807	9	4	2	14927.0	0.0	1478.0	0.09009448338921061	0.06342148234371964	1.0324397666468799	0.018088028404903866
gdna_high_ss_0.99_nrna_high	35	267	127	2096	140	28400	8	3	1	2363.0	0.0	7428.0	0.7586559084873864	0.5956010561308859	0.9890549091426947	0.11299195937367752
gdna_med_ss_0.99_nrna_zero	4	263	263	83964	0	18721	15	5	1	84227.0	0.0	1953.0	0.022661870503597123	0.022175894821800032	1.0187259482969213	0.0031225141581678086
gdna_med_ss_0.50_nrna_zero	34	261	261	36510	0	33391	10	4	2	36771.0	0.0	3409.0	0.08484320557491289	0.08992560119227333	1.0104984427000252	0.0070979848249979605
gdna_high_ss_0.50_nrna_high	30	261	152	34504	109	20453	9	3	1	34765.0	0.0	6379.0	0.15504083219910558	0.2468096070119661	1.0166352778488976	0.00750755069754063
gdna_med_ss_0.50_nrna_zero	44	256	256	94283	0	19206	15	5	1	94539.0	0.0	1963.0	0.02034154732544403	0.019619764691571496	1.0182530450321916	0.002707877172383884
gdna_low_ss_0.99_nrna_low	1	256	111	4773	603	24255	5	1	1	4827.0	660.0	901.0	0.1410457107075767	0.11296925705669374	1.013777533380986	0.04665573172954256
gdna_med_ss_0.99_nrna_low	10	255	159	8514	285	11338	5	2	1	8693.0	265.0	1520.0	0.14506585226188204	0.10524360339478	0.9991677357790014	0.028466175485599463
gdna_med_ss_0.99_nrna_high	39	254	217	66216	37	32604	13	4	1	66470.0	0.0	3656.0	0.05213472891652169	0.053659142354432365	1.0101807530505358	0.0038212727546261473
gdna_high_ss_0.99_nrna_low	10	254	152	8363	130	11338	5	2	1	8589.0	56.0	2908.0	0.251709512680689	0.19398976318916827	1.0293025075689268	0.029381145170618853
gdna_high_ss_0.50_nrna_high	45	251	250	34375	1	7847	17	7	1	34626.0	0.0	1999.0	0.054580204778157	0.08561085773485122	0.9407273759413134	0.007248888118754693
gdna_high_ss_0.50_nrna_zero	45	250	250	34690	0	7847	17	7	1	34940.0	0.0	1742.0	0.047489231775802845	0.04569239395153296	1.0446621215285505	0.007155123068116772
gdna_med_ss_0.99_nrna_zero	27	248	248	72599	0	31751	13	4	1	72847.0	0.0	3257.0	0.0427966992536529	0.04281159675691801	1.0110407601213882	0.0034043955138852665
gdna_low_ss_0.99_nrna_low	26	245	114	9700	389	55480	11	4	2	9875.0	328.0	2132.0	0.17284150790433725	0.12946767088362107	1.0060214072645974	0.02401254532980496
gdna_med_ss_0.50_nrna_high	5	244	212	9831	32	36477	13	5	1	10075.0	0.0	4828.0	0.3239616184660807	0.7489382066026478	0.9685632262405461	0.024218362282878412
gdna_med_ss_0.99_nrna_low	17	243	145	4676	281	33522	14	7	2	4852.0	250.0	3684.0	0.4193034372865923	0.3834657262654664	0.9897498424707857	0.047628381027048215
gdna_med_ss_0.99_nrna_low	39	241	237	66196	4	32604	13	4	1	66437.0	0.0	3465.0	0.04956939715601843	0.04884049958544944	0.9946086302540778	0.0036274967262218344
gdna_high_ss_0.99_nrna_zero	5	239	239	10406	0	36477	13	5	1	10645.0	0.0	7596.0	0.4164245381283921	0.3948434099604475	1.0096073977429008	0.02245185533114138
gdna_high_ss_0.50_nrna_low	35	239	239	1878	0	28400	8	3	1	2117.0	0.0	6162.0	0.7442927889841768	0.8175304318693647	0.9892398768968962	0.11289560699102504
gdna_high_ss_0.50_nrna_zero	35	237	237	1972	0	28400	8	3	1	2209.0	0.0	6112.0	0.73452710010816	0.6696290089625374	1.0123399004246625	0.1072883657763694
gdna_high_ss_0.99_nrna_low	45	236	186	34778	50	7847	17	7	1	35014.0	0.0	1823.0	0.04948828623394956	0.046757480148733405	1.0434664784767764	0.0067401610784257725
gdna_med_ss_0.50_nrna_high	41	234	234	5026	0	50745	4	2	2	5260.0	0.0	6563.0	0.555104457413516	1.3353622353806005	0.8951015358212006	0.04448669201520913
gdna_low_ss_0.99_nrna_high	30	234	109	35023	1255	20453	9	3	1	35138.0	1249.0	1109.0	0.02957648815873693	0.026726885049476182	1.0148122079079507	0.006430868167202572
gdna_med_ss_0.99_nrna_low	1	231	146	4663	202	24255	5	1	1	4824.0	187.0	3226.0	0.3916474444579337	0.31309846106112016	1.0038353414319958	0.04609858311714229
gdna_med_ss_0.50_nrna_high	35	230	115	1693	115	28400	8	3	1	1923.0	0.0	5008.0	0.7225508584619824	1.289737245870007	1.011687914722377	0.11960478419136765
gdna_high_ss_0.50_nrna_zero	10	228	228	8226	0	11338	5	2	1	8454.0	0.0	2534.0	0.2306152165999272	0.19926243841791919	1.030910379689894	0.0269694819020582
gdna_med_ss_0.99_nrna_low	41	226	226	6215	0	50745	4	2	2	6441.0	0.0	5369.0	0.454614733276884	0.4907854967387094	0.9847435797081977	0.03508771929824561
gdna_high_ss_0.99_nrna_low	1	226	147	4520	79	24255	5	1	1	4746.0	0.0	5958.0	0.5566143497757847	0.4738201725324388	1.0122119066778674	0.047619047619047616
gdna_low_ss_0.99_nrna_low	52	224	120	69743	167	30370	4	1	1	69952.0	78.0	1111.0	0.015616873532843226	0.012476636911851729	1.0110027407210735	0.0031986291589318865
gdna_med_ss_0.99_nrna_low	27	223	223	72590	0	31751	13	4	1	72813.0	0.0	3293.0	0.043268599059206894	0.043402605564641046	0.9941440219226981	0.0030626399132023126
gdna_low_ss_0.50_nrna_low	52	222	118	69629	104	30370	4	1	1	69851.0	0.0	1290.0	0.018133003471978184	0.02966790559989181	0.9993756955191345	0.003178193583484846
gdna_med_ss_0.99_nrna_zero	26	215	215	9501	0	55480	11	4	2	9716.0	0.0	5739.0	0.37133613717243613	0.3564872125443574	1.0063181497409608	0.022128447920955127
gdna_med_ss_0.50_nrna_low	10	213	124	8337	89	11338	5	2	1	8550.0	0.0	1928.0	0.18400458102691353	0.15318660133845458	1.0305033575636182	0.024912280701754386
gdna_med_ss_0.99_nrna_zero	39	213	213	66282	0	32604	13	4	1	66495.0	0.0	3271.0	0.046885302296247454	0.0483014677289936	1.0107518802512825	0.003203248364538687
gdna_high_ss_0.50_nrna_zero	1	211	211	4392	0	24255	5	1	1	4603.0	0.0	5157.0	0.5283811475409836	0.5116439449861497	1.0144487853532018	0.04583966978057789
gdna_low_ss_0.99_nrna_low	17	209	59	4768	456	33522	14	7	2	4841.0	442.0	941.0	0.15118894601542415	0.15502803788260158	1.009967856794586	0.039560855574484195
gdna_med_ss_0.50_nrna_zero	5	205	205	10442	0	36477	13	5	1	10647.0	0.0	3954.0	0.27080336963221696	0.24880466222055136	1.0096101748891793	0.019254250023480794
gdna_high_ss_0.50_nrna_low	25	204	204	1188	0	31212	10	4	2	1392.0	0.0	6672.0	0.8273809523809523	0.9231329076341024	0.9887624225142342	0.14655172413793102
gdna_med_ss_0.99_nrna_zero	41	204	204	6301	0	50745	4	2	2	6505.0	0.0	5285.0	0.4482612383375742	0.48129270151585574	1.0069077895753078	0.03136049192928517
gdna_med_ss_0.99_nrna_high	41	203	203	6128	0	50745	4	2	2	6331.0	0.0	5492.0	0.4645183117652034	0.57164961251401	1.0065409034375343	0.03206444479545095
gdna_med_ss_0.50_nrna_low	17	202	106	4559	96	33522	14	7	2	4761.0	0.0	4025.0	0.4581151832460733	0.5364726312845077	0.985718578671591	0.042428061331653014
gdna_low_ss_0.50_nrna_zero	21	200	200	79684	0	32111	7	3	2	79884.0	0.0	766.0	0.00949783013019219	0.011149910259959157	1.0109199261463684	0.00250363026388263
gdna_med_ss_0.50_nrna_low	1	199	121	4457	78	24255	5	1	1	4656.0	0.0	3581.0	0.43474565982760716	0.4499818304537815	1.0141065993485008	0.042740549828178695
gdna_high_ss_0.99_nrna_zero	45	198	198	34780	0	7847	17	7	1	34978.0	0.0	1704.0	0.04645330134670956	0.04551251189541627	1.0446621215285505	0.005660701012064727
gdna_med_ss_0.99_nrna_zero	32	197	197	23266	0	24025	9	3	1	23463.0	0.0	2543.0	0.09778512650926709	0.09071236521674875	1.014591594703639	0.008396198269615992
gdna_high_ss_0.50_nrna_zero	19	195	195	1052	0	18984	2	1	1	1247.0	0.0	4198.0	0.7709825528007346	0.7248222907056927	1.0184607027194172	0.15637530072173217
gdna_low_ss_0.99_nrna_low	6	195	96	12437	190	18499	14	7	1	12606.0	117.0	741.0	0.05503565062388592	0.040930323934699656	1.0180655000456214	0.01532657392124499
gdna_med_ss_0.99_nrna_zero	44	195	195	94261	0	19206	15	5	1	94456.0	0.0	2046.0	0.021201633126774574	0.019556375976616913	1.0182530450321916	0.002064453290420937
gdna_low_ss_0.99_nrna_high	36	194	74	1189	558	16291	13	5	1	1244.0	577.0	874.0	0.32430426716141003	0.22096632506650973	1.0185969581449315	0.10653487095002746
gdna_zero_ss_0.50_nrna_low	40	193	0	14601	193	10807	9	4	2	14794.0	0.0	1016.0	0.06426312460468059	0.03157627312484469	1.023519113382459	0.013045829390293362
gdna_high_ss_0.50_nrna_low	19	193	193	1022	0	18984	2	1	1	1215.0	0.0	4178.0	0.7747079547561654	0.8887549854432674	0.9932461189329769	0.1588477366255144
gdna_med_ss_0.99_nrna_low	34	192	192	36578	0	33391	10	4	2	36770.0	0.0	3406.0	0.08477698128235762	0.09160726612238931	0.982618256456559	0.005221648082676095
gdna_med_ss_0.99_nrna_zero	43	192	192	14942	0	10807	9	4	2	15134.0	0.0	1271.0	0.07747637915269735	0.06302490914214301	1.0324397666468799	0.01268666578564821
gdna_med_ss_0.99_nrna_zero	6	191	191	12240	0	18499	14	7	1	12431.0	0.0	2034.0	0.1406152782578638	0.12455550527772163	1.0189506840762006	0.01536481377202156
gdna_med_ss_0.99_nrna_high	25	189	94	1506	95	31212	10	4	2	1695.0	0.0	4157.0	0.7103554340396445	0.6058118464042214	1.0106348338212445	0.11150442477876106
gdna_high_ss_0.99_nrna_high	25	188	121	1366	67	31212	10	4	2	1554.0	0.0	7404.0	0.826523777628935	0.726020409887327	0.9861212635234311	0.12097812097812098
gdna_high_ss_0.50_nrna_zero	25	187	187	1276	0	31212	10	4	2	1463.0	0.0	6630.0	0.8192264920301495	0.7597845983848307	1.0112281089352604	0.12781954887218044
gdna_low_ss_0.50_nrna_low	26	187	67	9412	120	55480	11	4	2	9599.0	0.0	2736.0	0.2218078638021889	0.3193510100402494	0.9985586788410834	0.019481195957912284
gdna_high_ss_0.50_nrna_low	9	187	187	6637	0	6229	6	3	1	6824.0	0.0	1541.0	0.18421996413628214	0.16331086529125297	1.0052097218092904	0.027403282532239157
gdna_high_ss_0.50_nrna_zero	9	186	186	6699	0	6229	6	3	1	6885.0	0.0	1526.0	0.18142908096540245	0.13839422035873156	1.0562633639237073	0.02701525054466231
gdna_med_ss_0.99_nrna_high	5	185	150	10541	35	36477	13	5	1	10726.0	0.0	4177.0	0.2802791384285043	0.2703724076081472	1.0090997078383648	0.017247809062092112
gdna_high_ss_0.99_nrna_high	45	185	184	34770	1	7847	17	7	1	34955.0	0.0	1670.0	0.04559726962457338	0.048072567354871754	0.9900576397706404	0.005292518952939493
gdna_low_ss_0.99_nrna_low	10	184	73	8596	464	11338	5	2	1	8727.0	406.0	459.0	0.047852376980817346	0.033054061374264525	1.0294776932418739	0.020146720683236613
gdna_zero_ss_0.99_nrna_low	1	181	0	4819	850	24255	5	1	1	4844.0	825.0	97.0	0.01682275407561568	0.013958893620648035	1.0104676974958016	0.031928029634856234
gdna_med_ss_0.99_nrna_high	36	180	98	1140	238	16291	13	5	1	1216.0	260.0	2436.0	0.6226993865030674	0.4576741901767632	1.020376089597842	0.12195121951219512
gdna_med_ss_0.99_nrna_zero	34	179	179	36606	0	33391	10	4	2	36785.0	0.0	3395.0	0.08449477351916376	0.08953678985312422	1.0104984427000252	0.004866113905124371
gdna_med_ss_0.50_nrna_high	30	177	70	34634	107	20453	9	3	1	34811.0	0.0	4236.0	0.10848464670781366	0.20013493517815056	1.0162295704789428	0.005084599695498549
gdna_high_ss_0.50_nrna_zero	30	177	177	34832	0	20453	9	3	1	35009.0	0.0	4300.0	0.10938970719173727	0.1247593413499485	1.0171347592171012	0.005055842783284298
gdna_low_ss_0.50_nrna_low	6	175	78	12175	97	18499	14	7	1	12350.0	0.0	1114.0	0.08273915626856804	0.09455793695036273	1.0180655000456214	0.01417004048582996
gdna_high_ss_0.99_nrna_zero	35	174	174	2157	0	28400	8	3	1	2331.0	0.0	5990.0	0.7198654007931738	0.6674822265572402	1.0123399004246625	0.07464607464607464
gdna_high_ss_0.99_nrna_low	35	173	173	2150	0	28400	8	3	1	2323.0	0.0	5956.0	0.7194105568305351	0.6834342626744572	1.0067520017492753	0.07447266465777012
gdna_high_ss_0.50_nrna_zero	37	170	170	478	0	47690	2	1	1	648.0	0.0	10053.0	0.9394449116904963	0.89989135528035	1.0073483606929878	0.2623456790123457
gdna_high_ss_0.99_nrna_low	25	169	169	1445	0	31212	10	4	2	1614.0	0.0	6450.0	0.7998511904761905	0.7769767830685586	1.0069182134630623	0.1047087980173482
gdna_high_ss_0.50_nrna_zero	17	166	166	4424	0	33522	14	7	2	4590.0	0.0	6988.0	0.60355847296597	0.5705791186928633	1.0104543451006829	0.03616557734204793
gdna_med_ss_0.50_nrna_low	45	165	133	34805	32	7847	17	7	1	34970.0	0.0	1018.0	0.028287206846726688	0.03385695495690822	1.0397465831376265	0.004718329997140406
gdna_high_ss_0.99_nrna_high	0	164	122	345	404	18095	12	4	2	384.0	487.0	4178.0	0.8274905921964746	0.8175805826780265	1.0144580709429776	0.18828932261768083
gdna_zero_ss_0.99_nrna_low	16	164	0	4804	532	33522	14	7	2	4860.0	476.0	29.0	0.005405405405405406	0.024867165361850223	1.0075682561934827	0.03073463268365817
gdna_low_ss_0.99_nrna_zero	21	163	163	79679	0	32111	7	3	2	79842.0	0.0	808.0	0.010018598884066955	0.011064924045722572	1.0109199261463684	0.002041532025750858
gdna_high_ss_0.50_nrna_high	25	163	134	981	29	31212	10	4	2	1144.0	0.0	7814.0	0.8722929225273498	1.432767981190612	1.0091763209172553	0.14248251748251747
gdna_med_ss_0.50_nrna_zero	35	162	162	2174	0	28400	8	3	1	2336.0	0.0	3053.0	0.5665244015587307	0.5198502594972101	1.0123436125330825	0.06934931506849315
gdna_zero_ss_0.99_nrna_low	40	160	0	15177	473	10807	9	4	2	15331.0	319.0	160.0	0.010120177103099304	0.006443875530442431	1.023519113382459	0.010223642172523962
gdna_high_ss_0.50_nrna_high	9	160	160	6496	0	6229	6	3	1	6656.0	0.0	1714.0	0.20477897252090801	0.2655159577487284	0.9746677470143393	0.02403846153846154
gdna_high_ss_0.50_nrna_low	30	154	154	34828	0	20453	9	3	1	34982.0	0.0	4263.0	0.10862530258631672	0.15242505724693872	1.0005512297750871	0.00440226402149677
gdna_med_ss_0.50_nrna_zero	25	154	154	1463	0	31212	10	4	2	1617.0	0.0	3296.0	0.6708731935680847	0.6311600036652785	1.0112314406294327	0.09523809523809523
gdna_high_ss_0.99_nrna_zero	10	154	154	8395	0	11338	5	2	1	8549.0	0.0	2439.0	0.22196942118674917	0.19855216955439595	1.030910379689894	0.01801380278395134
gdna_high_ss_0.99_nrna_zero	19	154	154	1260	0	18984	2	1	1	1414.0	0.0	4031.0	0.7403122130394858	0.721973625848501	1.0184607027194172	0.10891089108910891
gdna_med_ss_0.50_nrna_low	37	152	144	540	8	47690	2	1	1	692.0	0.0	5226.0	0.8830686042581953	1.192988125317473	0.9883219958195989	0.21965317919075145
gdna_med_ss_0.50_nrna_low	35	151	151	2111	0	28400	8	3	1	2262.0	0.0	3199.0	0.5857901483244827	0.7307027607784351	0.9829378600386973	0.06675508399646331
gdna_high_ss_0.99_nrna_high	37	151	114	572	37	47690	2	1	1	723.0	0.0	10503.0	0.935595938001069	0.8992402333418145	0.9868414898352936	0.20885200553250347
gdna_low_ss_0.99_nrna_high	25	147	39	1626	108	31212	10	4	2	1773.0	0.0	1744.0	0.495877168040944	0.3729219707371768	1.0097055919045281	0.0829103214890017
gdna_high_ss_0.99_nrna_high	19	145	145	1189	0	18984	2	1	1	1334.0	0.0	4109.0	0.7549145691714129	0.793196653778302	1.0098004118730708	0.10869565217391304
gdna_low_ss_0.50_nrna_low	17	144	41	4659	199	33522	14	7	2	4786.0	113.0	1325.0	0.21288560411311053	0.35789117210823096	0.9452587089880709	0.029393753827311696
gdna_high_ss_0.50_nrna_high	19	144	144	806	0	18984	2	1	1	950.0	0.0	4493.0	0.825463898585339	1.3880954947918631	0.9417569857644758	0.15157894736842106
gdna_high_ss_0.99_nrna_low	19	144	144	1244	0	18984	2	1	1	1388.0	0.0	4005.0	0.7426293343222696	0.7578374487619475	1.016147235424066	0.1037463976945245
gdna_med_ss_0.99_nrna_high	0	143	83	369	534	18095	12	4	2	398.0	588.0	2205.0	0.6910059542463177	0.705250978839234	1.0183445908432438	0.14503042596348883
gdna_zero_ss_0.99_nrna_low	25	141	0	9884	863	55480	11	4	2	10025.0	722.0	238.0	0.0216659080564406	0.01942701098579649	1.004564720721308	0.013119940448497255
gdna_med_ss_0.50_nrna_low	19	139	139	1187	0	18984	2	1	1	1326.0	0.0	2126.0	0.615874855156431	0.8145601755107755	0.9723026054349722	0.1048265460030166
gdna_zero_ss_0.99_nrna_high	24	138	0	1693	336	31212	10	4	2	1785.0	244.0	670.0	0.2482400889218229	0.2237859763613071	0.9929828006996524	0.06801379990142928
gdna_med_ss_0.50_nrna_zero	10	138	138	8431	0	11338	5	2	1	8569.0	0.0	1260.0	0.12819208464747175	0.1119931261493172	1.0309204459348267	0.016104562959505193
gdna_med_ss_0.99_nrna_high	37	137	99	657	38	47690	2	1	1	794.0	0.0	5647.0	0.8767272162707654	0.8522969984086656	1.0069599641949831	0.172544080604534
gdna_low_ss_0.50_nrna_low	10	136	29	8423	107	11338	5	2	1	8559.0	0.0	1033.0	0.10769391159299416	0.0826004385050926	1.0294776932418739	0.01588970674144176
gdna_high_ss_0.99_nrna_high	12	135	53	511	147	2569	3	1	1	561.0	150.0	721.0	0.5034916201117319	0.4108061055399189	1.1083057870813082	0.189873417721519
gdna_high_ss_0.99_nrna_zero	25	134	134	1451	0	31212	10	4	2	1585.0	0.0	6508.0	0.8041517360682071	0.7571163761109936	1.0112281089352604	0.08454258675078864
gdna_high_ss_0.99_nrna_zero	30	132	132	34901	0	20453	9	3	1	35033.0	0.0	4276.0	0.10877915998880663	0.12433492125430039	1.0171347592171012	0.0037678760026260954
gdna_high_ss_0.99_nrna_low	9	132	132	6836	0	6229	6	3	1	6968.0	0.0	1397.0	0.1670053795576808	0.1416670019574098	1.0422189979004806	0.01894374282433984
gdna_low_ss_0.50_nrna_high	35	132	29	1718	103	28400	8	3	1	1850.0	0.0	2922.0	0.6123218776194468	1.4459620146900591	1.0106667952839976	0.07135135135135136
gdna_med_ss_0.50_nrna_zero	19	132	132	1248	0	18984	2	1	1	1380.0	0.0	2101.0	0.6035621947716173	0.5890908225854861	1.0184665091417637	0.09565217391304348
gdna_high_ss_0.50_nrna_low	37	131	124	379	7	47690	2	1	1	510.0	0.0	10007.0	0.9515070837691357	1.1013466318707819	0.9775665776269595	0.2568627450980392
gdna_med_ss_0.99_nrna_low	45	130	98	34866	32	7847	17	7	1	34996.0	0.0	992.0	0.02756474380349005	0.023591201107050007	1.009060781689022	0.003714710252600297
gdna_low_ss_0.50_nrna_high	30	130	23	34652	107	20453	9	3	1	34782.0	0.0	2714.0	0.0723810539790911	0.16241435584427985	1.0148122079079507	0.0037375654073946293
gdna_zero_ss_0.50_nrna_low	25	129	0	9399	129	55480	11	4	2	9528.0	0.0	1457.0	0.13263541192535275	0.24267122045821107	1.0014272903211752	0.01353904282115869
gdna_med_ss_0.50_nrna_low	25	129	129	1357	0	31212	10	4	2	1486.0	0.0	3534.0	0.7039840637450199	0.8761440165315456	0.9862038971931067	0.08681022880215343
gdna_med_ss_0.99_nrna_zero	5	129	129	10584	0	36477	13	5	1	10713.0	0.0	3888.0	0.26628313129237724	0.24807144092206546	1.0096101748891793	0.012041444973396808
gdna_med_ss_0.50_nrna_high	45	128	128	34475	0	7847	17	7	1	34603.0	0.0	1260.0	0.03513370325962691	0.06920976401856146	0.9746459040447877	0.0036991012339970524
gdna_med_ss_0.50_nrna_high	25	128	70	1053	58	31212	10	4	2	1181.0	0.0	4671.0	0.7981886534518113	1.6672853622169357	1.0096612693390292	0.10838272650296359
gdna_zero_ss_0.99_nrna_high	34	128	0	1216	850	16291	13	5	1	1190.0	876.0	187.0	0.08300044385264092	0.06780018522527625	0.7529587936320138	0.061955469506292354
gdna_high_ss_0.99_nrna_zero	1	127	127	4559	0	24255	5	1	1	4686.0	0.0	5074.0	0.5198770491803278	0.5099351835483309	1.0144487853532018	0.02710200597524541
gdna_med_ss_0.50_nrna_zero	45	126	126	34884	0	7847	17	7	1	35010.0	0.0	816.0	0.02277675431251047	0.02364098956119058	1.0446768931148847	0.0035989717223650387
gdna_low_ss_0.50_nrna_zero	24	125	125	111396	0	28337	15	5	1	111521.0	0.0	718.0	0.006397063409331872	0.006209179221763922	1.0123748141275095	0.001120865128540813
gdna_med_ss_0.99_nrna_low	35	125	125	2300	0	28400	8	3	1	2425.0	0.0	3036.0	0.5559421351400843	0.5218813095495657	1.003298767016365	0.05154639175257732
gdna_high_ss_0.99_nrna_zero	37	124	124	614	0	47690	2	1	1	738.0	0.0	9963.0	0.9310344827586207	0.8969836907424088	1.0073483606929878	0.16802168021680217
gdna_med_ss_0.50_nrna_zero	1	123	123	4585	0	24255	5	1	1	4708.0	0.0	2626.0	0.3580583583310608	0.34693018012271026	1.0144532190446534	0.026125743415463042
gdna_med_ss_0.50_nrna_zero	37	121	121	649	0	47690	2	1	1	770.0	0.0	5119.0	0.869247750042452	0.8382121216432322	1.007350364879689	0.15714285714285714
gdna_high_ss_0.50_nrna_low	36	121	109	1024	12	16291	13	5	1	1145.0	0.0	3697.0	0.7635274679884345	0.8323964362474543	1.0213650965449717	0.1056768558951965
gdna_zero_ss_0.99_nrna_high	28	121	0	35043	1504	20453	9	3	1	35150.0	1397.0	412.0	0.011147487756703375	0.010976785731239622	1.0082523566829928	0.003310805264453991
gdna_low_ss_0.50_nrna_low	1	120	35	4641	85	24255	5	1	1	4761.0	0.0	1627.0	0.25469630557294926	0.2893674302131154	1.013777533380986	0.02520478890989288
gdna_high_ss_0.99_nrna_zero	17	119	119	4552	0	33522	14	7	2	4671.0	0.0	6907.0	0.5965624460183105	0.5684681780741614	1.0104543451006829	0.02547634339541854
gdna_zero_ss_0.50_nrna_low	47	119	0	69736	119	30370	4	1	1	69855.0	0.0	521.0	0.007403091963169262	0.020669857589261705	1.0083558782216293	0.0017035287381003507
gdna_high_ss_0.99_nrna_high	9	118	118	6804	0	6229	6	3	1	6922.0	0.0	1448.0	0.17299880525686978	0.15318544871816808	1.0416495604179483	0.01704709621496677
gdna_low_ss_0.50_nrna_low	4	118	89	84149	29	18721	15	5	1	84267.0	0.0	576.0	0.00678901028959372	0.015791195834992947	0.9965329667992402	0.0014003109164916277
gdna_zero_ss_0.99_nrna_low	47	118	0	69852	337	30370	4	1	1	69970.0	219.0	187.0	0.0026571558485847446	0.0019908343784059133	1.0083558782216293	0.0016811751129094303
gdna_low_ss_0.50_nrna_zero	52	117	117	69797	0	30370	4	1	1	69914.0	0.0	694.0	0.009828914570586902	0.0106185644244357	1.011546158512251	0.00167348456675344
gdna_high_ss_0.99_nrna_low	37	117	112	569	5	47690	2	1	1	686.0	0.0	9831.0	0.9347722734620139	0.9241791252722142	0.9981384096831128	0.17055393586005832
gdna_low_ss_0.99_nrna_high	39	116	80	66390	36	32604	13	4	1	66506.0	0.0	1165.0	0.017215646288661318	0.019285959076590385	1.009291128048154	0.0017442035305085255
gdna_zero_ss_0.50_nrna_high	28	115	0	34635	115	20453	9	3	1	34750.0	0.0	2209.0	0.05976893314213047	0.15071675567952406	1.0122317674017907	0.0033093525179856116
gdna_low_ss_0.50_nrna_high	39	115	81	65418	34	32604	13	4	1	65533.0	0.0	2138.0	0.03159403584992094	0.1175050554116851	0.9612335784064593	0.0017548410724367875
gdna_low_ss_0.50_nrna_low	41	115	115	6310	0	50745	4	2	2	6425.0	0.0	1586.0	0.19797778055174137	0.4639258293700808	0.8708986201472032	0.0178988326848249
gdna_low_ss_0.99_nrna_high	12	113	18	542	206	2569	3	1	1	576.0	190.0	178.0	0.1885593220338983	0.16135809900719802	1.1179418355219788	0.1475195822454308
gdna_med_ss_0.50_nrna_low	9	112	112	6859	0	6229	6	3	1	6971.0	0.0	717.0	0.09326222684703434	0.10185806449407403	0.9772005466586131	0.016066561468942763
gdna_med_ss_0.99_nrna_low	37	112	103	712	9	47690	2	1	1	824.0	0.0	5094.0	0.8607637715444407	0.8347954559719701	0.9875225697804426	0.13592233009708737
gdna_low_ss_0.99_nrna_zero	24	111	111	111344	0	28337	15	5	1	111455.0	0.0	784.0	0.0069850943076827125	0.006148465598111056	1.0123748141275095	0.0009959176349199229
gdna_med_ss_0.99_nrna_high	45	110	110	34866	0	7847	17	7	1	34976.0	0.0	887.0	0.02473301173911831	0.028163984777902842	1.0423032900433276	0.0031450137236962486
gdna_high_ss_0.99_nrna_zero	9	109	109	6815	0	6229	6	3	1	6924.0	0.0	1487.0	0.17679229580311498	0.13782440668532678	1.0562633639237073	0.015742345465049105
gdna_med_ss_0.50_nrna_zero	17	109	109	4586	0	33522	14	7	2	4695.0	0.0	3556.0	0.4309780632650588	0.4025255485584663	1.0104574120412662	0.02321618743343983
gdna_med_ss_0.99_nrna_high	12	108	28	533	151	2569	3	1	1	578.0	134.0	429.0	0.37598597721297106	0.3073959408389491	1.1292169397505463	0.15168539325842698
gdna_low_ss_0.50_nrna_zero	15	108	108	178656	0	56271	19	8	2	178764.0	0.0	1331.0	0.00739054387961909	0.007826372273777677	1.0062296995253321	0.0006041484862724038
gdna_high_ss_0.99_nrna_high	36	108	42	1108	66	16291	13	5	1	1216.0	0.0	4336.0	0.7809798270893372	0.6018239895985745	0.9937321539552978	0.08881578947368421
gdna_low_ss_0.99_nrna_zero	52	108	108	69802	0	30370	4	1	1	69910.0	0.0	698.0	0.009885565375028325	0.010514034141839731	1.011546158512251	0.0015448433700472036
gdna_zero_ss_0.50_nrna_low	16	108	0	4581	108	33522	14	7	2	4689.0	0.0	676.0	0.12600186393289842	0.0885720885643141	0.29744043492178746	0.023032629558541268
gdna_zero_ss_0.99_nrna_low	10	107	0	8638	590	11338	5	2	1	8739.0	489.0	54.0	0.005817711700064641	0.004569574247929051	1.022416662433186	0.011595145210229736
gdna_med_ss_0.99_nrna_zero	37	106	106	757	0	47690	2	1	1	863.0	0.0	5026.0	0.8534555951774495	0.8356090480574545	1.007350364879689	0.12282734646581692
gdna_high_ss_0.99_nrna_low	30	105	105	34906	0	20453	9	3	1	35011.0	0.0	4234.0	0.10788635494967512	0.12733396291875965	1.0136158078636825	0.0029990574390905715
gdna_low_ss_0.50_nrna_zero	41	105	105	6476	0	50745	4	2	2	6581.0	0.0	1427.0	0.1781968031968032	0.18728355228543062	1.0069085409741663	0.015955022033125665
gdna_zero_ss_0.99_nrna_high	35	105	0	900	225	47690	2	1	1	947.0	178.0	531.0	0.32065217391304346	0.33928312973483465	0.6450334831117626	0.09333333333333334
gdna_low_ss_0.99_nrna_low	4	104	75	84177	29	18721	15	5	1	84281.0	0.0	562.0	0.006623999622832761	0.006702333606658958	1.0178512327810305	0.0012339673235960656
gdna_med_ss_0.99_nrna_low	19	104	104	1383	0	18984	2	1	1	1487.0	0.0	1965.0	0.5692352259559675	0.5957059293419954	0.9907772674270686	0.0699394754539341
gdna_med_ss_0.99_nrna_zero	25	104	104	1592	0	31212	10	4	2	1696.0	0.0	3217.0	0.6547934052513739	0.6290082418304368	1.0112314406294327	0.06132075471698113
gdna_zero_ss_0.50_nrna_high	33	103	0	1590	103	28400	8	3	1	1693.0	0.0	2326.0	0.5787509330679274	1.5836147688140854	1.0088077582487718	0.060838747784997045
gdna_zero_ss_0.50_nrna_low	10	102	0	8417	102	11338	5	2	1	8519.0	0.0	763.0	0.08220211161387632	0.05777378274065806	1.022416662433186	0.011973236295339829
gdna_zero_ss_0.50_nrna_low	1	102	0	4636	102	24255	5	1	1	4738.0	0.0	1028.0	0.17828650711064864	0.21525702056410742	1.0104676974958016	0.021528070915998312
gdna_low_ss_0.50_nrna_zero	43	102	102	15142	0	10807	9	4	2	15244.0	0.0	300.0	0.01930005146680391	0.016703205929163988	1.032454562007787	0.00669115717659407
gdna_low_ss_0.50_nrna_zero	26	101	101	9710	0	55480	11	4	2	9811.0	0.0	1517.0	0.1339159604519774	0.12206288478975476	1.0063185768061638	0.010294567322393233
gdna_zero_ss_0.99_nrna_low	6	100	0	12545	311	18499	14	7	1	12645.0	211.0	123.0	0.00947684721473149	0.007777388650893994	1.013731152376668	0.007778469197261979
gdna_zero_ss_0.99_nrna_high	12	99	0	549	230	2569	3	1	1	558.0	221.0	80.0	0.09313154831199069	0.11329928964963835	1.0974143103548126	0.12708600770218229
gdna_zero_ss_0.50_nrna_low	6	98	0	12109	98	18499	14	7	1	12207.0	0.0	772.0	0.05948069959164805	0.06740329608542593	1.013731152376668	0.008028180552142213
gdna_low_ss_0.50_nrna_zero	39	98	98	66470	0	32604	13	4	1	66568.0	0.0	810.0	0.012021728160527176	0.012581928978364538	1.0107547461069812	0.0014721788246604976
gdna_med_ss_0.99_nrna_zero	35	97	97	2301	0	28400	8	3	1	2398.0	0.0	2991.0	0.5550194841343478	0.5182500454558293	1.0123436125330825	0.040450375312760634
gdna_med_ss_0.50_nrna_zero	9	96	96	6878	0	6229	6	3	1	6974.0	0.0	784.0	0.10105697344676463	0.07542785158790699	1.056282105029452	0.013765414396329223
gdna_low_ss_0.99_nrna_zero	39	95	95	66454	0	32604	13	4	1	66549.0	0.0	829.0	0.012303719314909912	0.012428331559534059	1.0107547461069812	0.0014275195720446587
gdna_low_ss_0.50_nrna_zero	32	95	95	23493	0	24025	9	3	1	23588.0	0.0	600.0	0.02480568877129155	0.024479582844826965	1.0145965726090196	0.00402747159572664
gdna_med_ss_0.99_nrna_zero	19	95	95	1378	0	18984	2	1	1	1473.0	0.0	2008.0	0.5768457339844872	0.5868157814487756	1.0184665091417637	0.06449422946367957
gdna_med_ss_0.50_nrna_low	30	94	94	34953	0	20453	9	3	1	35047.0	0.0	2109.0	0.05676068468080525	0.0937937302849901	0.9740186839574275	0.0026821125916626247
gdna_low_ss_0.50_nrna_zero	6	94	94	12443	0	18499	14	7	1	12537.0	0.0	501.0	0.03842613897837092	0.034664643020275096	1.0189580597154324	0.007497806492781367
gdna_med_ss_0.99_nrna_zero	45	94	94	34889	0	7847	17	7	1	34983.0	0.0	843.0	0.023530396918439122	0.023549522838913876	1.0446768931148847	0.002687019409427436
gdna_low_ss_0.99_nrna_zero	15	93	93	178604	0	56271	19	8	2	178697.0	0.0	1398.0	0.007762569754851606	0.007743235668784068	1.0062296995253321	0.0005204340307895488
gdna_high_ss_0.50_nrna_high	36	93	48	950	45	16291	13	5	1	1043.0	0.0	4509.0	0.8121397694524496	1.2311246201901254	1.0197964481648545	0.08916586768935762
gdna_high_ss_0.50_nrna_zero	36	93	93	1075	0	16291	13	5	1	1168.0	0.0	3370.0	0.742617893345086	0.7134658692343628	1.0215124520060195	0.07962328767123288
gdna_med_ss_0.99_nrna_zero	10	91	91	8527	0	11338	5	2	1	8618.0	0.0	1211.0	0.1232068369111812	0.11160493313152835	1.0309204459348267	0.010559294499883964
gdna_low_ss_0.50_nrna_high	5	91	52	10077	39	36477	13	5	1	10168.0	0.0	1948.0	0.16077913502806207	0.6882786329551916	0.9374651746205002	0.008949645948072384
gdna_low_ss_0.50_nrna_high	41	91	91	5458	0	50745	4	2	2	5549.0	0.0	2494.0	0.3100833022504041	1.3498966730569673	0.740554603800181	0.01639935123445666
gdna_med_ss_0.99_nrna_low	25	90	90	1584	0	31212	10	4	2	1674.0	0.0	3346.0	0.6665338645418327	0.6280340553531706	0.9995440133063485	0.053763440860215055
gdna_med_ss_0.50_nrna_zero	30	90	90	34990	0	20453	9	3	1	35080.0	0.0	2037.0	0.05488051297249239	0.06705225010450064	1.0171401119502401	0.002565564424173318
gdna_med_ss_0.50_nrna_high	9	90	90	6628	0	6229	6	3	1	6718.0	0.0	996.0	0.12911589318122893	0.21351924117949914	0.9506023426806188	0.013396844298898482
gdna_low_ss_0.99_nrna_high	5	90	49	10728	41	36477	13	5	1	10818.0	0.0	1298.0	0.10713106635853417	0.11327704250957547	1.008304400143222	0.008319467554076539
gdna_low_ss_0.50_nrna_low	34	89	89	36764	0	33391	10	4	2	36853.0	0.0	830.0	0.0220258471990022	0.057604119777322604	0.8610400438105142	0.002415000135674165
gdna_low_ss_0.50_nrna_zero	4	88	88	84217	0	18721	15	5	1	84305.0	0.0	446.0	0.005262474779058654	0.005661149402740363	1.0187332003193743	0.0010438289543917916
gdna_low_ss_0.50_nrna_low	39	88	85	66453	3	32604	13	4	1	66541.0	0.0	863.0	0.012803394457302237	0.03338145434584455	0.9209562186301832	0.0013224928991148314
gdna_med_ss_0.50_nrna_high	36	86	34	962	52	16291	13	5	1	1048.0	0.0	2864.0	0.7321063394683026	1.3325885962945951	1.020376089597842	0.08206106870229007
gdna_low_ss_0.50_nrna_zero	34	85	85	36797	0	33391	10	4	2	36882.0	0.0	819.0	0.021723561709238483	0.024096283166138502	1.0105011691514254	0.002304647253402744
gdna_low_ss_0.99_nrna_high	41	83	83	6486	0	50745	4	2	2	6569.0	0.0	1474.0	0.18326495088897177	0.35404109523419997	1.0059688422247046	0.012635104277667834
gdna_med_ss_0.99_nrna_zero	1	83	83	4698	0	24255	5	1	1	4781.0	0.0	2553.0	0.34810471775293156	0.3458119830735437	1.0144532190446534	0.017360384856724535
gdna_med_ss_0.50_nrna_high	19	82	82	884	0	18984	2	1	1	966.0	0.0	2542.0	0.7246294184720639	1.6566695720145477	0.9238147091021387	0.08488612836438923
gdna_low_ss_0.99_nrna_zero	4	82	82	84173	0	18721	15	5	1	84255.0	0.0	496.0	0.005852438319311867	0.00560516199034899	1.0187332003193743	0.0009732360097323601
gdna_low_ss_0.50_nrna_low	27	82	82	72745	0	31751	13	4	1	72827.0	0.0	915.0	0.012408125627186678	0.030167511638907085	0.9453398775152021	0.0011259560327900368
gdna_zero_ss_0.99_nrna_high	0	81	0	389	700	18095	12	4	2	398.0	691.0	209.0	0.16101694915254236	0.19381142429534542	0.5940455725952106	0.0743801652892562
gdna_high_ss_0.50_nrna_high	37	81	67	320	14	47690	2	1	1	401.0	0.0	10825.0	0.9642793515054339	1.7733380455366703	0.9906846308308298	0.20199501246882792
gdna_low_ss_0.50_nrna_zero	27	81	81	72809	0	31751	13	4	1	72890.0	0.0	818.0	0.01109784555272155	0.01111367293621832	1.011043784876569	0.0011112635478117711
gdna_low_ss_0.99_nrna_high	37	79	32	810	47	47690	2	1	1	889.0	0.0	1989.0	0.6911049339819318	0.6930441618453255	1.0063513414380412	0.08886389201349831
gdna_low_ss_0.99_nrna_low	45	79	33	34954	100	7847	17	7	1	35019.0	68.0	275.0	0.0077767094621344944	0.007104690409224743	1.0425933453966183	0.002251546156696212
gdna_low_ss_0.99_nrna_zero	41	78	78	6578	0	50745	4	2	2	6656.0	0.0	1352.0	0.16883116883116883	0.1854536534088133	1.0069085409741663	0.01171875
gdna_med_ss_0.99_nrna_low	9	77	77	6961	0	6229	6	3	1	7038.0	0.0	650.0	0.08454734651404787	0.07608148296172657	1.0102052100153673	0.010940608127308895
gdna_med_ss_0.50_nrna_high	12	77	20	468	57	2569	3	1	1	545.0	0.0	596.0	0.5223488168273445	0.7395789987924382	1.1292169397505463	0.14128440366972478
gdna_low_ss_0.50_nrna_high	36	76	16	996	60	16291	13	5	1	1072.0	0.0	1623.0	0.6022263450834879	1.4881087443362362	1.0185969581449315	0.0708955223880597
gdna_med_ss_0.99_nrna_zero	30	75	75	34996	0	20453	9	3	1	35071.0	0.0	2046.0	0.05512298946574346	0.06683161438736752	1.0171401119502401	0.0021385190043055518
gdna_low_ss_0.99_nrna_zero	32	74	74	23537	0	24025	9	3	1	23611.0	0.0	577.0	0.023854804035058706	0.024266759080770313	1.0145965726090196	0.003134132395917157
gdna_low_ss_0.99_nrna_zero	26	74	74	9804	0	55480	11	4	2	9878.0	0.0	1450.0	0.12800141242937854	0.12074744410739724	1.0063185768061638	0.007491395019234663
gdna_low_ss_0.99_nrna_high	0	73	30	378	672	18095	12	4	2	382.0	698.0	695.0	0.39154929577464787	0.4951141355739394	1.0167427003512441	0.06759259259259259
gdna_low_ss_0.50_nrna_high	25	72	29	1097	43	31212	10	4	2	1169.0	0.0	2348.0	0.6676144441285187	2.1623916885505317	1.0097055919045281	0.06159110350727117
gdna_low_ss_0.99_nrna_low	27	72	72	72761	0	31751	13	4	1	72833.0	0.0	909.0	0.012326760868975618	0.012537749894161386	1.0105240316850845	0.0009885628767179713
gdna_low_ss_0.99_nrna_low	34	72	72	36796	0	33391	10	4	2	36868.0	0.0	815.0	0.021627789719502164	0.029282202316304608	1.010006976186455	0.001952913095367256
gdna_low_ss_0.99_nrna_low	39	72	69	66457	3	32604	13	4	1	66529.0	0.0	875.0	0.012981425434692303	0.014030766222131176	1.0102486082533495	0.0010822348148927536
gdna_low_ss_0.99_nrna_zero	34	72	72	36787	0	33391	10	4	2	36859.0	0.0	842.0	0.02233362510278242	0.023889500447855348	1.0105011691514254	0.001953389945467864
gdna_high_ss_0.50_nrna_high	12	71	28	450	43	2569	3	1	1	521.0	0.0	911.0	0.6361731843575419	0.7435436533355265	1.132444355566313	0.1362763915547025
gdna_low_ss_0.50_nrna_zero	44	71	71	94453	0	19206	15	5	1	94524.0	0.0	450.0	0.004738138859056162	0.00498611390699811	1.0182600369323875	0.0007511319876433499
gdna_high_ss_0.99_nrna_low	36	71	58	1126	13	16291	13	5	1	1197.0	0.0	3645.0	0.7527881040892194	0.6762959461841556	1.0141118531269206	0.059314954051796154
gdna_low_ss_0.99_nrna_low	41	70	70	6541	0	50745	4	2	2	6611.0	0.0	1400.0	0.17475970540506802	0.22337723531672007	1.0065835808303918	0.010588413250642867
gdna_low_ss_0.99_nrna_zero	6	70	70	12479	0	18499	14	7	1	12549.0	0.0	489.0	0.037505752416014726	0.03436509158146065	1.0189580597154324	0.005578133715833931
gdna_low_ss_0.50_nrna_low	37	70	61	699	9	47690	2	1	1	769.0	0.0	1592.0	0.67429055484964	1.5578916511455447	0.9833941540400342	0.09102730819245773
gdna_low_ss_0.99_nrna_zero	43	69	69	15144	0	10807	9	4	2	15213.0	0.0	331.0	0.021294390118373648	0.016649659156057692	1.032454562007787	0.004535594557286532
gdna_med_ss_0.99_nrna_low	30	69	69	34989	0	20453	9	3	1	35058.0	0.0	2098.0	0.05646463559048337	0.06709727873685471	0.9892143073092777	0.001968167037480746
gdna_low_ss_0.99_nrna_zero	27	68	68	72794	0	31751	13	4	1	72862.0	0.0	846.0	0.011477722906604438	0.010982533147455913	1.011043784876569	0.0009332711152589828
gdna_low_ss_0.50_nrna_low	45	68	22	34946	46	7847	17	7	1	35014.0	0.0	348.0	0.00984107233753747	0.01706609783818408	1.0425933453966183	0.0019420803107328497
gdna_med_ss_0.50_nrna_high	37	66	51	340	15	47690	2	1	1	406.0	0.0	6035.0	0.9369663095792579	2.34608103076684	0.9760021453747894	0.1625615763546798
gdna_med_ss_0.99_nrna_high	19	66	66	1323	0	18984	2	1	1	1389.0	0.0	2119.0	0.6040478905359179	0.6923399199392911	1.0174854946262133	0.047516198704103674
gdna_med_ss_0.99_nrna_zero	17	65	65	4647	0	33522	14	7	2	4712.0	0.0	3539.0	0.4289177069446128	0.4010714093761435	1.0104574120412662	0.013794567062818336
gdna_low_ss_0.50_nrna_zero	5	63	63	10781	0	36477	13	5	1	10844.0	0.0	928.0	0.07883112470268433	0.07734376430402719	1.0096124127454584	0.005809664330505349
gdna_low_ss_0.50_nrna_zero	25	62	62	1680	0	31212	10	4	2	1742.0	0.0	829.0	0.3224426293271101	0.3028753717616184	1.0112345702691592	0.03559127439724455
gdna_low_ss_0.50_nrna_high	12	61	4	455	57	2569	3	1	1	516.0	0.0	428.0	0.4533898305084746	0.6937075866213127	1.1179418355219788	0.1182170542635659
gdna_high_ss_0.50_nrna_high	22	61	61	4258	0	14971	3	1	1	4319.0	0.0	3281.0	0.4317105263157895	0.7972307786321119	0.9803124713212321	0.01412363973141931
gdna_high_ss_0.50_nrna_zero	47	61	61	132	0	51841	5	2	2	193.0	0.0	10526.0	0.9819945890474858	0.9675904289558537	1.0067599236454379	0.3160621761658031
gdna_med_ss_0.99_nrna_high	9	60	60	6881	0	6229	6	3	1	6941.0	0.0	773.0	0.10020741508944776	0.09173755999986798	1.0532919033869301	0.00864428756663305
gdna_low_ss_0.99_nrna_low	37	60	46	891	14	47690	2	1	1	951.0	0.0	1410.0	0.5972045743329097	0.6164046755870721	1.0070055403427984	0.06309148264984227
gdna_med_ss_0.50_nrna_zero	36	59	59	1140	0	16291	13	5	1	1199.0	0.0	1700.0	0.5864091065884788	0.5618067958329266	1.0215193026249803	0.04920767306088407
gdna_med_ss_0.99_nrna_zero	9	59	59	6952	0	6229	6	3	1	7011.0	0.0	747.0	0.0962877030162413	0.07512128588211012	1.056282105029452	0.00841534731136785
gdna_high_ss_0.50_nrna_zero	22	59	59	4328	0	14971	3	1	1	4387.0	0.0	3205.0	0.4221548998946259	0.4028786732205129	1.0234092598824345	0.013448826077045816
gdna_high_ss_0.99_nrna_low	47	56	50	196	6	51841	5	2	2	252.0	0.0	10395.0	0.9763313609467456	0.9931044189624061	1.0000884116779705	0.2222222222222222
gdna_med_ss_0.50_nrna_low	36	56	39	1100	17	16291	13	5	1	1156.0	0.0	2034.0	0.6376175548589341	0.7505841275458777	1.0212290372243424	0.04844290657439446
gdna_low_ss_0.99_nrna_zero	44	56	56	94431	0	19206	15	5	1	94487.0	0.0	487.0	0.005127719165245225	0.004928209487757845	1.0182600369323875	0.0005926741244827331
gdna_high_ss_0.50_nrna_low	22	55	54	4320	1	14971	3	1	1	4375.0	0.0	3121.0	0.4163553895410886	0.4981110979576504	1.012684517920321	0.012571428571428572
gdna_low_ss_0.50_nrna_zero	37	54	54	844	0	47690	2	1	1	898.0	0.0	1340.0	0.5987488829311886	0.5807422544171097	1.0073513597187933	0.060133630289532294
gdna_high_ss_0.99_nrna_zero	36	54	54	1131	0	16291	13	5	1	1185.0	0.0	3353.0	0.7388717496694579	0.7113132687417535	1.0215124520060195	0.04556962025316456
gdna_low_ss_0.50_nrna_low	25	53	53	1557	0	31212	10	4	2	1610.0	0.0	1040.0	0.39245283018867927	0.8041612416574686	0.9565247591755602	0.03291925465838509
gdna_med_ss_0.50_nrna_high	0	51	13	327	38	18095	12	4	2	378.0	0.0	2813.0	0.8815418364149169	1.8716963117445002	1.001275670222149	0.1349206349206349
gdna_low_ss_0.99_nrna_low	36	51	36	1207	86	16291	13	5	1	1240.0	89.0	633.0	0.32262996941896027	0.22858501653154387	1.020514468661068	0.03837471783295711
gdna_med_ss_0.50_nrna_zero	47	51	51	216	0	51841	5	2	2	267.0	0.0	5270.0	0.9517789416651616	0.9417231023542011	1.0067617264905755	0.19101123595505617
gdna_med_ss_0.50_nrna_low	47	50	44	183	6	51841	5	2	2	233.0	0.0	5349.0	0.9582586886420638	1.3146083059247253	0.974221109994492	0.2145922746781116
gdna_high_ss_0.50_nrna_low	47	49	48	130	1	51841	5	2	2	179.0	0.0	10468.0	0.9831877524185216	1.1791501075479114	0.985145260797151	0.2737430167597765
gdna_med_ss_0.99_nrna_low	36	48	32	1177	16	16291	13	5	1	1225.0	0.0	1965.0	0.6159874608150471	0.5145640766565757	1.0073447882264326	0.03918367346938775
gdna_high_ss_0.99_nrna_high	47	48	48	187	0	51841	5	2	2	235.0	0.0	10506.0	0.9781212177637092	1.043014988737025	0.9949562178719843	0.20425531914893616
gdna_low_ss_0.99_nrna_zero	25	48	48	1718	0	31212	10	4	2	1766.0	0.0	805.0	0.3131077401789187	0.299507709165827	1.0112345702691592	0.027180067950169876
gdna_high_ss_0.99_nrna_high	22	47	47	4370	0	14971	3	1	1	4417.0	0.0	3183.0	0.4188157894736842	0.4291042392869639	0.9896353394462059	0.010640706361784016
gdna_high_ss_0.50_nrna_high	0	46	19	313	27	18095	12	4	2	359.0	0.0	4690.0	0.9288968112497524	1.5487823712730773	1.0095127626222444	0.12813370473537605
gdna_low_ss_0.50_nrna_low	35	46	46	2301	0	28400	8	3	1	2347.0	0.0	883.0	0.27337461300309596	0.5844579845303111	0.9377722524603729	0.0195994887089902
gdna_high_ss_0.99_nrna_low	2	45	45	237	0	41284	9	3	2	282.0	0.0	8555.0	0.9680887178906868	0.9586318887947195	1.005617734519152	0.1595744680851064
gdna_high_ss_0.99_nrna_zero	46	45	45	88	0	54321	7	2	2	133.0	0.0	10862.0	0.9879035925420646	0.9802385457760903	1.0064512791603406	0.3383458646616541
gdna_high_ss_0.50_nrna_zero	2	45	45	210	0	41284	9	3	2	255.0	0.0	8300.0	0.9701928696668615	0.9685142965175676	1.0084886782465374	0.17647058823529413
gdna_high_ss_0.99_nrna_high	2	44	37	232	7	41284	9	3	2	276.0	0.0	8958.0	0.9701104613385315	0.9633965367877855	0.9941458107669597	0.15942028985507245
gdna_zero_ss_0.50_nrna_high	12	44	0	451	44	2569	3	1	1	495.0	0.0	364.0	0.42374854481955765	0.7612025851856643	1.0974143103548126	0.08888888888888889
gdna_low_ss_0.99_nrna_zero	5	44	44	10826	0	36477	13	5	1	10870.0	0.0	902.0	0.07662249405368672	0.0763848160432951	1.0096124127454584	0.004047838086476541
gdna_high_ss_0.50_nrna_zero	12	42	42	479	0	2569	3	1	1	521.0	0.0	606.0	0.5377107364685004	0.47578835390094754	1.136421316813024	0.08061420345489444
gdna_med_ss_0.99_nrna_zero	46	42	42	100	0	54321	7	2	2	142.0	0.0	5701.0	0.9756974157111074	0.9277743314706356	1.006452976398662	0.29577464788732394
gdna_low_ss_0.50_nrna_zero	1	42	42	4762	0	24255	5	1	1	4804.0	0.0	618.0	0.11398008115086684	0.1188933020274798	1.0144581208359709	0.008742714404662781
gdna_high_ss_0.99_nrna_zero	47	41	41	191	0	51841	5	2	2	232.0	0.0	10487.0	0.9783561899430917	0.9640100113003771	1.0067599236454379	0.17672413793103448
gdna_zero_ss_0.99_nrna_high	37	41	0	66450	41	32604	13	4	1	66491.0	0.0	329.0	0.0049236755462436395	0.00518931024994423	0.6682273610824186	0.0006166248063647711
gdna_high_ss_0.99_nrna_zero	22	41	41	4375	0	14971	3	1	1	4416.0	0.0	3176.0	0.4183350895679663	0.40128226608641787	1.0234092598824345	0.009284420289855072
gdna_low_ss_0.99_nrna_low	25	40	40	1710	0	31212	10	4	2	1750.0	0.0	900.0	0.33962264150943394	0.33808513172677723	1.0107058300217822	0.022857142857142857
gdna_high_ss_0.50_nrna_high	3	40	37	3790	3	8322	6	2	1	3830.0	0.0	2056.0	0.3493034318722392	0.6255141796683219	1.0276365753012433	0.010443864229765013
gdna_zero_ss_0.50_nrna_high	37	40	0	65409	40	32604	13	4	1	65449.0	0.0	1371.0	0.020517809039209817	0.1025094729244457	0.8980774314281763	0.0006111628901893077
gdna_med_ss_0.50_nrna_zero	46	40	40	75	0	54321	7	2	2	115.0	0.0	5728.0	0.9803183296251925	0.9307398467230382	1.006452976398662	0.34782608695652173
gdna_med_ss_0.99_nrna_low	47	40	31	243	9	51841	5	2	2	283.0	0.0	5299.0	0.9493013256897169	0.9577430621709773	0.9969449616595601	0.1413427561837456
gdna_low_ss_0.50_nrna_zero	46	39	39	161	0	54321	7	2	2	200.0	0.0	1387.0	0.8739760554505356	0.8591219640458065	1.0064534776257859	0.195
gdna_med_ss_0.50_nrna_zero	14	39	39	138	0	36954	2	1	1	177.0	0.0	3695.0	0.9542871900826446	0.9677186314945224	1.009486114153328	0.22033898305084745
gdna_zero_ss_0.50_nrna_high	24	39	0	998	39	31212	10	4	2	1037.0	0.0	1662.0	0.6157836235642831	2.6426334577467054	1.008013827832726	0.037608486017357765
gdna_med_ss_0.99_nrna_zero	36	38	38	1168	0	16291	13	5	1	1206.0	0.0	1693.0	0.5839944808554675	0.5601921403046016	1.0215193026249803	0.03150912106135987
gdna_high_ss_0.99_nrna_low	22	38	37	4376	1	14971	3	1	1	4414.0	0.0	3082.0	0.41115261472785486	0.41799955829422714	1.0190567471864342	0.008608971454463071
gdna_low_ss_0.50_nrna_high	45	38	37	34775	1	7847	17	7	1	34813.0	0.0	399.0	0.011331364307622402	0.0440697639908564	0.7830980651301421	0.0010915462614540545
gdna_high_ss_0.99_nrna_low	46	38	38	110	0	54321	7	2	2	148.0	0.0	11072.0	0.9868092691622103	0.97974837661193	1.0015014490637866	0.25675675675675674
gdna_zero_ss_0.99_nrna_low	42	38	0	34991	136	7847	17	7	1	35025.0	102.0	36.0	0.0010238034297414896	0.001185678092385993	1.032398628802738	0.0010817889372847097
gdna_zero_ss_0.99_nrna_high	5	37	0	10835	37	36477	13	5	1	10872.0	0.0	338.0	0.03015165031222123	0.031919078412053346	0.687044826344106	0.0034032376747608535
gdna_low_ss_0.99_nrna_zero	1	37	37	4787	0	24255	5	1	1	4824.0	0.0	598.0	0.11029140538546661	0.11751011439032986	1.0144581208359709	0.007669983416252073
gdna_med_ss_0.50_nrna_low	46	37	37	80	0	54321	7	2	2	117.0	0.0	5564.0	0.9794050343249427	1.340770087971337	0.9621011041646063	0.3162393162393162
gdna_low_ss_0.50_nrna_low	36	37	22	1162	15	16291	13	5	1	1199.0	0.0	763.0	0.3888888888888889	0.6058086842852372	1.020472970711628	0.030859049207673062
gdna_high_ss_0.50_nrna_low	2	37	37	204	0	41284	9	3	2	241.0	0.0	8596.0	0.9727283014597714	1.1474201895791687	0.9973399330997201	0.15352697095435686
gdna_high_ss_0.50_nrna_zero	46	37	37	74	0	54321	7	2	2	111.0	0.0	10884.0	0.9899045020463847	0.9834896271393028	1.0064512791603406	0.3333333333333333
gdna_med_ss_0.50_nrna_zero	2	37	37	230	0	41284	9	3	2	267.0	0.0	4179.0	0.9399460188933874	0.9369481988665865	1.0084910726080585	0.13857677902621723
gdna_high_ss_0.99_nrna_zero	14	36	36	126	0	36954	2	1	1	162.0	0.0	7516.0	0.9789007554050534	0.9551327711780986	1.0094833794415612	0.2222222222222222
gdna_low_ss_0.50_nrna_zero	19	36	36	1449	0	18984	2	1	1	1485.0	0.0	517.0	0.25824175824175827	0.26952026952558034	1.0184736184587133	0.024242424242424242
gdna_zero_ss_0.50_nrna_low	42	36	0	34993	36	7847	17	7	1	35029.0	0.0	134.0	0.0038108238773711003	0.01181123501304582	1.032398628802738	0.0010277198892346341
gdna_low_ss_0.50_nrna_zero	45	36	36	34985	0	7847	17	7	1	35021.0	0.0	215.0	0.006101714155976842	0.0060083191681100335	1.0446984195542048	0.0010279546557779619
gdna_low_ss_0.99_nrna_zero	45	36	36	34971	0	7847	17	7	1	35006.0	1.0	229.0	0.00649903507776138	0.005949167021621231	1.0446984195542048	0.0010283657554203446
gdna_low_ss_0.99_nrna_high	19	36	36	1426	0	18984	2	1	1	1462.0	0.0	610.0	0.2944015444015444	0.4810188275323354	1.015958557189773	0.024623803009575923
gdna_high_ss_0.50_nrna_zero	3	36	36	3845	0	8322	6	2	1	3881.0	0.0	1668.0	0.3005947017480627	0.3401021374920769	1.042112884531545	0.009275959804174182
gdna_low_ss_0.99_nrna_high	45	36	35	34945	1	7847	17	7	1	34981.0	0.0	231.0	0.006560263546518233	0.011362156403720645	1.0386110892034675	0.0010291300991967067
gdna_med_ss_0.50_nrna_low	22	36	36	4372	0	14971	3	1	1	4408.0	0.0	1586.0	0.2645979312645979	0.3505788520484596	0.9662409119380435	0.008166969147005444
gdna_low_ss_0.50_nrna_zero	35	35	35	2389	0	28400	8	3	1	2424.0	0.0	812.0	0.25092707045735474	0.21665498419712012	1.012347353927236	0.014438943894389438
gdna_low_ss_0.50_nrna_low	19	35	35	1318	0	18984	2	1	1	1353.0	0.0	697.0	0.34	0.7016671966139677	0.9389689094887528	0.025868440502586843
gdna_high_ss_0.50_nrna_low	3	35	35	3797	0	8322	6	2	1	3832.0	0.0	1869.0	0.3278372215400807	0.4025708606492726	1.0386824021138528	0.009133611691022964
gdna_med_ss_0.50_nrna_zero	22	35	35	4389	0	14971	3	1	1	4424.0	0.0	1535.0	0.25759355596576605	0.2580546158929414	1.0234167595194419	0.007911392405063292
gdna_high_ss_0.99_nrna_zero	2	34	34	247	0	41284	9	3	2	281.0	0.0	8274.0	0.9671537112799532	0.9649882679108482	1.0084886782465374	0.12099644128113879
gdna_med_ss_0.50_nrna_high	22	34	34	4277	0	14971	3	1	1	4311.0	0.0	1782.0	0.29246676514032494	0.7381620871890194	0.959744225913096	0.007886801206216655
gdna_med_ss_0.99_nrna_high	14	34	25	133	9	36954	2	1	1	167.0	0.0	4092.0	0.9607889175862878	0.9685249848072687	1.0089822385954568	0.20359281437125748
gdna_high_ss_0.50_nrna_zero	14	33	33	102	0	36954	2	1	1	135.0	0.0	7543.0	0.9824172961708778	0.9580373262135652	1.0094833794415612	0.24444444444444444
gdna_zero_ss_0.50_nrna_high	5	33	0	10035	33	36477	13	5	1	10068.0	0.0	1142.0	0.10187332738626227	0.6911286633843439	0.9469885062722017	0.0032777115613825984
gdna_low_ss_0.99_nrna_zero	37	33	33	914	0	47690	2	1	1	947.0	0.0	1291.0	0.5768543342269884	0.5737966686899925	1.0073513597187933	0.03484688489968321
gdna_med_ss_0.99_nrna_high	2	33	21	238	12	41284	9	3	2	271.0	0.0	4712.0	0.9456150913104555	0.9660354992975926	1.008040064778875	0.12177121771217712
gdna_low_ss_0.50_nrna_zero	10	33	33	8610	0	11338	5	2	1	8643.0	0.0	305.0	0.03408582923558337	0.030768017843889234	1.030934405587541	0.0038181187087816732
gdna_zero_ss_0.99_nrna_low	34	32	0	1236	230	16291	13	5	1	1238.0	228.0	56.0	0.03679369250985545	0.025642684448158225	1.0155949958265447	0.021828103683492497
gdna_med_ss_0.99_nrna_zero	47	32	32	252	0	51841	5	2	2	284.0	0.0	5253.0	0.9487086870146288	0.9383204370199909	1.0067617264905755	0.11267605633802817
gdna_zero_ss_0.50_nrna_high	34	32	0	944	32	16291	13	5	1	976.0	0.0	1277.0	0.5667998224589437	1.6225679173322864	1.0153578782691224	0.03278688524590164
gdna_high_ss_0.50_nrna_low	33	32	32	412	0	18986	8	3	1	444.0	0.0	3906.0	0.8979310344827586	1.0993738722995914	1.0057412209589953	0.07207207207207207
gdna_low_ss_0.50_nrna_zero	17	31	31	4757	0	33522	14	7	2	4788.0	0.0	873.0	0.15421303656597773	0.14670045006070165	1.010460115923595	0.006474519632414369
gdna_high_ss_0.99_nrna_high	14	31	28	106	3	36954	2	1	1	137.0	0.0	7722.0	0.9825677567120499	0.9632962085840411	0.9785986437478454	0.22627737226277372
gdna_high_ss_0.50_nrna_zero	33	31	31	406	0	18986	8	3	1	437.0	0.0	3852.0	0.898111447889951	0.9165100465125244	1.018458758000848	0.07093821510297482
gdna_med_ss_0.99_nrna_zero	14	31	31	152	0	36954	2	1	1	183.0	0.0	3689.0	0.9527376033057852	0.9649220483297675	1.009486114153328	0.16939890710382513
gdna_med_ss_0.99_nrna_low	46	31	30	104	1	54321	7	2	2	135.0	0.0	5546.0	0.9762365780672417	0.9487357592167182	0.9696225108421592	0.22962962962962963
gdna_zero_ss_0.50_nrna_high	0	31	0	315	31	18095	12	4	2	346.0	0.0	952.0	0.7334360554699538	1.743058851730916	0.4936112080696235	0.08959537572254335
gdna_med_ss_0.99_nrna_low	0	30	26	369	7	18095	12	4	2	395.0	7.0	1993.0	0.8321503131524008	0.8482064461888636	1.0137352820237597	0.07462686567164178
gdna_low_ss_0.99_nrna_high	46	30	16	130	14	54321	7	2	2	160.0	0.0	1673.0	0.9127114020731042	1.1862321466626007	1.0055757663333027	0.1875
gdna_high_ss_0.99_nrna_high	46	30	27	84	3	54321	7	2	2	114.0	0.0	11229.0	0.9899497487437185	1.0022223124567275	0.9848695966005642	0.2631578947368421
gdna_high_ss_0.50_nrna_low	46	29	29	85	0	54321	7	2	2	114.0	0.0	11106.0	0.9898395721925134	1.1761819430325922	0.9895648255450941	0.2543859649122807
gdna_zero_ss_0.99_nrna_low	4	29	0	84250	31	18721	15	5	1	84279.0	2.0	103.0	0.0012206105422828972	0.001093741448043262	1.013568079385405	0.0003440870421565952
gdna_zero_ss_0.50_nrna_low	4	29	0	84278	29	18721	15	5	1	84307.0	0.0	77.0	0.0009124952597648843	0.00996743077729756	0.9127009616181776	0.0003439809268506767
gdna_low_ss_0.50_nrna_high	37	28	15	367	13	47690	2	1	1	395.0	0.0	2483.0	0.8627519110493398	4.295945386210937	0.9957657371194636	0.07088607594936709
gdna_high_ss_0.50_nrna_low	12	28	28	492	0	2569	3	1	1	520.0	0.0	628.0	0.5470383275261324	0.5670621377421239	1.1270322851542638	0.05384615384615385
gdna_low_ss_0.50_nrna_zero	9	28	28	7034	0	6229	6	3	1	7062.0	0.0	168.0	0.023236514522821577	0.020222184274276453	1.0563100149601572	0.003964882469555367
gdna_low_ss_0.99_nrna_low	0	28	24	403	56	18095	12	4	2	410.0	73.0	492.0	0.5046153846153846	0.6316152341073855	1.0184689174880985	0.057971014492753624
gdna_med_ss_0.99_nrna_low	14	28	28	139	0	36954	2	1	1	167.0	0.0	3829.0	0.9582082082082082	0.934594617070926	0.987267706853197	0.16766467065868262
gdna_low_ss_0.50_nrna_high	19	28	28	962	0	18984	2	1	1	990.0	0.0	1082.0	0.5222007722007722	1.8648652059910462	0.7546185280103797	0.028282828282828285
gdna_med_ss_0.50_nrna_low	14	27	27	103	0	36954	2	1	1	130.0	0.0	3866.0	0.9674674674674675	1.328472329246024	0.9758971886047381	0.2076923076923077
gdna_high_ss_0.99_nrna_zero	3	27	27	3861	0	8322	6	2	1	3888.0	0.0	1661.0	0.299333213191566	0.33837826006235605	1.042112884531545	0.006944444444444444
gdna_low_ss_0.99_nrna_zero	35	27	27	2442	0	28400	8	3	1	2469.0	0.0	767.0	0.23702101359703337	0.2140474708535197	1.012347353927236	0.010935601458080195
gdna_med_ss_0.50_nrna_zero	33	27	27	430	0	18986	8	3	1	457.0	0.0	1959.0	0.8108443708609272	0.8225323713843711	1.0184645637577832	0.05908096280087528
gdna_high_ss_0.99_nrna_low	14	26	26	127	0	36954	2	1	1	153.0	0.0	7591.0	0.9802427685950413	0.9667463640006334	1.0078430022326936	0.16993464052287582
gdna_low_ss_0.99_nrna_high	2	26	11	265	15	41284	9	3	2	291.0	0.0	1513.0	0.8386917960088692	0.982173267074823	1.007337207130114	0.08934707903780069
gdna_med_ss_0.99_nrna_low	22	26	26	4429	0	14971	3	1	1	4455.0	0.0	1539.0	0.25675675675675674	0.26050983725123616	0.9996979813113341	0.005836139169472503
gdna_high_ss_0.50_nrna_high	2	26	24	201	2	41284	9	3	2	227.0	0.0	9007.0	0.9754169374052415	1.8193379090581434	0.9809628631774211	0.1145374449339207
gdna_low_ss_0.99_nrna_zero	10	26	26	8619	0	11338	5	2	1	8645.0	0.0	303.0	0.03386231560125168	0.030430776170132488	1.030934405587541	0.0030075187969924814
gdna_med_ss_0.99_nrna_zero	33	26	26	451	0	18986	8	3	1	477.0	0.0	1939.0	0.8025662251655629	0.8192767743294488	1.0184645637577832	0.05450733752620545
gdna_high_ss_0.99_nrna_high	3	26	22	3859	4	8322	6	2	1	3885.0	0.0	2001.0	0.3399592252803262	0.3563620132203489	1.0233211085368177	0.0066924066924066924
gdna_med_ss_0.99_nrna_zero	2	26	26	260	0	41284	9	3	2	286.0	0.0	4160.0	0.935672514619883	0.933623107087324	1.0084910726080585	0.09090909090909091
gdna_med_ss_0.99_nrna_high	22	25	24	4396	1	14971	3	1	1	4421.0	0.0	1672.0	0.27441326111931724	0.29788148570859435	1.0221727323737677	0.005654829224157431
gdna_high_ss_0.99_nrna_zero	12	25	25	525	0	2569	3	1	1	550.0	0.0	577.0	0.5119787045252884	0.4734899625185955	1.136421316813024	0.045454545454545456
gdna_high_ss_0.99_nrna_zero	33	25	25	424	0	18986	8	3	1	449.0	0.0	3840.0	0.8953135929121008	0.9128269787655013	1.018458758000848	0.0556792873051225
gdna_high_ss_0.50_nrna_high	14	25	25	86	0	36954	2	1	1	111.0	0.0	7748.0	0.9858760656572083	1.8679637779412135	0.9531858549790552	0.22522522522522523
gdna_high_ss_0.50_nrna_low	0	25	22	336	3	18095	12	4	2	361.0	0.0	3787.0	0.912970106075217	1.1095801795946623	0.9951122238565016	0.06925207756232687
gdna_low_ss_0.99_nrna_low	46	25	22	161	3	54321	7	2	2	186.0	0.0	1379.0	0.8811501597444089	0.9823399866052305	1.00614995350335	0.13440860215053763
gdna_high_ss_0.99_nrna_zero	0	25	25	365	0	18095	12	4	2	390.0	0.0	3671.0	0.903964540753509	0.93907341914264	1.019367694633946	0.0641025641025641
gdna_low_ss_0.99_nrna_zero	46	25	25	184	0	54321	7	2	2	209.0	0.0	1378.0	0.8683049779458097	0.849039008470283	1.0064534776257859	0.11961722488038277
gdna_low_ss_0.99_nrna_low	19	25	25	1480	0	18984	2	1	1	1505.0	0.0	545.0	0.2658536585365854	0.3157830544315746	1.0176038786735473	0.016611295681063124
gdna_med_ss_0.99_nrna_high	3	25	16	3892	9	8322	6	2	1	3917.0	0.0	1026.0	0.20756625531054015	0.24874702207484872	1.0398886710976023	0.006382435537401072
gdna_high_ss_0.50_nrna_high	33	25	25	402	0	18986	8	3	1	427.0	0.0	3946.0	0.9023553624514064	1.7572339925032712	0.9642369154851146	0.0585480093676815
gdna_low_ss_0.99_nrna_zero	17	25	25	4759	0	33522	14	7	2	4784.0	0.0	877.0	0.15491962550786081	0.14515201799683514	1.010460115923595	0.005225752508361204
gdna_low_ss_0.50_nrna_zero	30	24	24	35068	0	20453	9	3	1	35092.0	0.0	503.0	0.014131198201994662	0.017599514111426358	1.0171464916773199	0.0006839165621794141
gdna_high_ss_0.50_nrna_low	14	24	24	102	0	36954	2	1	1	126.0	0.0	7618.0	0.9837293388429752	1.1676806184992814	0.99642286314778	0.19047619047619047
gdna_low_ss_0.50_nrna_zero	14	24	24	173	0	36954	2	1	1	197.0	0.0	980.0	0.832625318606627	0.846786959499472	1.0094882837695232	0.1218274111675127
gdna_med_ss_0.50_nrna_high	3	24	15	3833	9	8322	6	2	1	3857.0	0.0	1086.0	0.2197046328140805	0.5699568004635356	1.0088335712005352	0.00622245268343272
gdna_low_ss_0.50_nrna_low	47	24	17	223	7	51841	5	2	2	247.0	0.0	1428.0	0.8525373134328358	2.0794921418831867	0.9391701874939276	0.09716599190283401
gdna_med_ss_0.50_nrna_low	12	24	24	510	0	2569	3	1	1	534.0	0.0	326.0	0.37906976744186044	0.41861291456573196	1.0126815940418732	0.0449438202247191
gdna_high_ss_0.50_nrna_zero	0	24	24	334	0	18095	12	4	2	358.0	0.0	3703.0	0.9118443733070672	0.942576425349544	1.019367694633946	0.0670391061452514
gdna_high_ss_0.99_nrna_high	8	24	14	138	10	5435	13	5	1	162.0	0.0	1280.0	0.8876560332871013	0.765501504838341	1.026520985823239	0.14814814814814814
gdna_high_ss_0.99_nrna_low	33	23	23	436	0	18986	8	3	1	459.0	0.0	3891.0	0.8944827586206896	0.9242235403627941	1.012749678452657	0.05010893246187364
gdna_low_ss_0.99_nrna_low	35	23	23	2420	0	28400	8	3	1	2443.0	0.0	787.0	0.2436532507739938	0.24309443243089457	1.011766195364201	0.009414654113794515
gdna_zero_ss_0.99_nrna_high	8	23	0	144	50	5435	13	5	1	155.0	39.0	127.0	0.3956386292834891	0.5026983332325817	1.0460431239560084	0.11855670103092783
gdna_med_ss_0.50_nrna_low	33	23	23	428	0	18986	8	3	1	451.0	0.0	1960.0	0.8129406885109913	1.1450782070825212	0.974765966420558	0.050997782705099776
gdna_low_ss_0.99_nrna_high	14	23	11	177	12	36954	2	1	1	200.0	0.0	1170.0	0.8540145985401459	1.0621597761579282	1.0081971796693294	0.115
gdna_med_ss_0.99_nrna_high	46	23	14	85	9	54321	7	2	2	108.0	0.0	5794.0	0.981701118264995	1.0394889573967583	1.006110255020381	0.21296296296296297
gdna_med_ss_0.50_nrna_zero	0	22	22	361	0	18095	12	4	2	383.0	0.0	1925.0	0.834055459272097	0.8608896761303045	1.0193738113956414	0.057441253263707574
gdna_low_ss_0.99_nrna_low	47	22	12	292	10	51841	5	2	2	314.0	0.0	1361.0	0.8125373134328359	0.9039820714109298	1.0064443215734833	0.07006369426751592
gdna_low_ss_0.99_nrna_zero	19	22	22	1494	0	18984	2	1	1	1516.0	0.0	486.0	0.24275724275724275	0.26686181811109055	1.0184736184587133	0.014511873350923483
gdna_med_ss_0.50_nrna_high	2	22	16	187	6	41284	9	3	2	209.0	0.0	4774.0	0.9580573951434879	2.5680713334893435	0.9836685453656019	0.10526315789473684
gdna_high_ss_0.99_nrna_zero	28	22	22	33	0	11868	7	3	1	55.0	0.0	2400.0	0.9775967413441955	0.9293129166355749	1.0295299641283078	0.4
gdna_high_ss_0.99_nrna_low	3	22	22	3857	0	8322	6	2	1	3879.0	0.0	1822.0	0.3195930538502017	0.34352237206208674	1.0395412881450679	0.005671564836298015
gdna_med_ss_0.50_nrna_zero	12	21	21	532	0	2569	3	1	1	553.0	0.0	281.0	0.3369304556354916	0.3465623533759789	1.1364674850286447	0.0379746835443038
gdna_low_ss_0.99_nrna_zero	30	21	21	35056	0	20453	9	3	1	35077.0	0.0	518.0	0.01455260570304818	0.017398064372761052	1.0171464916773199	0.0005986828976252245
gdna_med_ss_0.99_nrna_low	28	21	21	35	0	11868	7	3	1	56.0	0.0	1291.0	0.9584261321455085	0.8685141625149497	1.020977123699521	0.375
gdna_high_ss_0.50_nrna_high	47	21	21	62	0	51841	5	2	2	83.0	0.0	10658.0	0.9922726003165441	1.8762088069038008	0.9396270148249608	0.25301204819277107
gdna_med_ss_0.50_nrna_low	0	21	17	352	4	18095	12	4	2	373.0	0.0	2022.0	0.844258872651357	1.169520491960091	0.995558398381998	0.05630026809651475
gdna_high_ss_0.99_nrna_high	33	20	20	423	0	18986	8	3	1	443.0	0.0	3930.0	0.898696546992911	0.9880856077139545	1.0131807536787014	0.045146726862302484
gdna_low_ss_0.50_nrna_zero	47	20	20	275	0	51841	5	2	2	295.0	0.0	1364.0	0.8221820373719108	0.7859083540727586	1.0067623975468731	0.06779661016949153
gdna_high_ss_0.99_nrna_low	0	20	17	350	3	18095	12	4	2	370.0	0.0	3778.0	0.9108003857280618	0.9376251235830753	1.0132785643637368	0.05405405405405406
gdna_low_ss_0.50_nrna_high	0	20	4	314	16	18095	12	4	2	334.0	0.0	1441.0	0.811830985915493	2.424400704440197	0.8971188459694487	0.059880239520958084
gdna_high_ss_0.50_nrna_low	8	20	20	111	0	5435	13	5	1	131.0	0.0	1272.0	0.9066286528866714	0.8812845493604238	1.0615218578478753	0.15267175572519084
gdna_med_ss_0.99_nrna_high	47	19	19	221	0	51841	5	2	2	240.0	0.0	5209.0	0.9559552211414939	1.1140453881547085	1.006402600856443	0.07916666666666666
gdna_med_ss_0.50_nrna_low	2	19	17	220	2	41284	9	3	2	239.0	0.0	4177.0	0.9458786231884058	1.3145738628616133	0.9651009217847121	0.0794979079497908
gdna_med_ss_0.99_nrna_zero	12	19	19	544	0	2569	3	1	1	563.0	0.0	271.0	0.3249400479616307	0.3448861066668848	1.1364674850286447	0.03374777975133215
gdna_low_ss_0.50_nrna_low	9	19	19	6954	0	6229	6	3	1	6973.0	0.0	259.0	0.03581305309734513	0.0549211507005992	1.0080679249193882	0.0027247956403269754
gdna_med_ss_0.99_nrna_zero	28	19	19	52	0	11868	7	3	1	71.0	0.0	1257.0	0.9465361445783133	0.8638798564481479	1.0295395580456932	0.2676056338028169
gdna_med_ss_0.99_nrna_zero	22	19	19	4419	0	14971	3	1	1	4438.0	0.0	1521.0	0.2552441684846451	0.25704889129147307	1.0234167595194419	0.004281207751239297
gdna_med_ss_0.50_nrna_low	3	19	19	3865	0	8322	6	2	1	3884.0	0.0	924.0	0.19217970049916805	0.27862044106989403	1.0282225009468395	0.004891864057672502
gdna_med_ss_0.99_nrna_low	12	18	18	545	0	2569	3	1	1	563.0	0.0	297.0	0.3453488372093023	0.3392729629829121	1.1082475786998154	0.03197158081705151
gdna_zero_ss_0.99_nrna_high	27	18	0	69	21	11868	7	3	1	61.0	29.0	57.0	0.3877551020408163	0.46824940567317996	0.38486216726271033	0.2
gdna_med_ss_0.99_nrna_zero	0	18	18	376	0	18095	12	4	2	394.0	0.0	1914.0	0.8292894280762565	0.8577640050161905	1.0193738113956414	0.04568527918781726
gdna_low_ss_0.99_nrna_low	9	18	18	7036	0	6229	6	3	1	7054.0	0.0	178.0	0.02461283185840708	0.024337559568698285	1.0536579699076771	0.0025517436915225406
gdna_low_ss_0.50_nrna_low	30	18	18	35035	0	20453	9	3	1	35053.0	0.0	530.0	0.014894753112441334	0.04492838774377011	0.8923375227097065	0.0005135081162810601
gdna_low_ss_0.99_nrna_zero	9	18	18	7035	0	6229	6	3	1	7053.0	0.0	177.0	0.024481327800829875	0.020034060875441243	1.0563100149601572	0.002552105487026797
gdna_low_ss_0.50_nrna_zero	22	18	18	4454	0	14971	3	1	1	4472.0	0.0	380.0	0.07831821929101401	0.07922322369790345	1.023426591740624	0.004025044722719142
gdna_med_ss_0.99_nrna_low	2	18	18	267	0	41284	9	3	2	285.0	0.0	4131.0	0.9354619565217391	0.9629659657443812	0.9953064897369053	0.06315789473684211
gdna_low_ss_0.50_nrna_zero	2	17	17	283	0	41284	9	3	2	300.0	0.0	1073.0	0.7815003641660597	0.7602614717999734	1.0084926948978299	0.056666666666666664
gdna_zero_ss_0.99_nrna_low	44	17	0	311	35	51841	5	2	2	304.0	42.0	14.0	0.03888888888888889	0.5886734942826255	1.0048865893069256	0.049132947976878616
gdna_high_ss_0.50_nrna_high	8	17	12	112	5	5435	13	5	1	129.0	0.0	1313.0	0.9105409153952844	1.4307440556588162	1.0626031708369963	0.13178294573643412
gdna_low_ss_0.50_nrna_zero	0	17	17	395	0	18095	12	4	2	412.0	0.0	464.0	0.5296803652968036	0.6363268313965467	1.0193814197776803	0.0412621359223301
gdna_low_ss_0.99_nrna_zero	14	17	17	195	0	36954	2	1	1	212.0	0.0	965.0	0.8198810535259133	0.8361548528136775	1.0094882837695232	0.08018867924528301
gdna_zero_ss_0.99_nrna_high	2	16	0	286	16	41284	9	3	2	302.0	0.0	500.0	0.6234413965087282	0.8003432386071387	0.8089248110646591	0.052980132450331126
gdna_med_ss_0.99_nrna_high	28	16	11	30	5	11868	7	3	1	46.0	0.0	1349.0	0.9670250896057347	0.919225912563669	1.0279702194064089	0.34782608695652173
gdna_low_ss_0.50_nrna_low	46	16	15	80	1	54321	7	2	2	96.0	0.0	1469.0	0.9386581469648563	2.229380332355174	0.8887318569938834	0.16666666666666666
gdna_high_ss_0.99_nrna_low	8	16	14	132	2	5435	13	5	1	148.0	0.0	1255.0	0.894511760513186	0.7428414906194238	1.0607582359892809	0.10810810810810811
gdna_low_ss_0.50_nrna_high	3	16	8	3818	8	8322	6	2	1	3834.0	0.0	488.0	0.11291068949560389	0.5173292166533285	1.0264027957053938	0.004173187271778821
gdna_low_ss_0.50_nrna_low	2	16	16	234	0	41284	9	3	2	250.0	0.0	1191.0	0.8265093684941013	1.9808456933203347	0.9617348758071885	0.064
gdna_low_ss_0.50_nrna_zero	28	16	16	58	0	11868	7	3	1	74.0	0.0	324.0	0.8140703517587939	0.723633111774836	1.0295527581357204	0.21621621621621623
gdna_zero_ss_0.50_nrna_low	34	16	0	1167	16	16291	13	5	1	1183.0	0.0	339.0	0.22273324572930356	0.5175132494945074	1.0155949958265447	0.013524936601859678
gdna_low_ss_0.99_nrna_high	3	16	5	3902	11	8322	6	2	1	3918.0	0.0	404.0	0.0934752429430819	0.12392256655235076	1.0364071370775987	0.00408371618172537
gdna_low_ss_0.50_nrna_zero	36	16	16	1211	0	16291	13	5	1	1227.0	0.0	398.0	0.2449230769230769	0.25089531115175745	1.02152809114271	0.013039934800325998
gdna_med_ss_0.50_nrna_zero	3	16	16	3876	0	8322	6	2	1	3892.0	0.0	886.0	0.1854332356634575	0.20021645749303138	1.0421267838625297	0.0041109969167523125
gdna_low_ss_0.99_nrna_zero	0	16	16	410	0	18095	12	4	2	426.0	0.0	450.0	0.5136986301369864	0.6296427055903798	1.0193814197776803	0.03755868544600939
gdna_low_ss_0.50_nrna_high	9	15	15	6773	0	6229	6	3	1	6788.0	0.0	436.0	0.06035437430786268	0.14272077494572347	0.7626954491731565	0.00220978196817914
gdna_med_ss_0.99_nrna_high	8	15	5	138	10	5435	13	5	1	153.0	0.0	775.0	0.8351293103448276	0.6790105878159187	1.0610774477097515	0.09803921568627451
gdna_zero_ss_0.99_nrna_high	43	15	0	186	15	54321	7	2	2	201.0	0.0	249.0	0.5533333333333333	1.290031230557065	0.6432118410456048	0.07462686567164178
gdna_high_ss_0.99_nrna_low	12	15	15	518	0	2569	3	1	1	533.0	0.0	615.0	0.5357142857142857	0.48207255983991115	1.128965717404167	0.028142589118198873
gdna_med_ss_0.50_nrna_zero	28	15	15	34	0	11868	7	3	1	49.0	0.0	1279.0	0.9631024096385542	0.866458655473671	1.0295395580456932	0.30612244897959184
gdna_med_ss_0.99_nrna_zero	49	15	15	36	0	26705	6	3	1	51.0	0.0	2754.0	0.9818181818181818	0.9571077204776255	1.0131271419775865	0.29411764705882354
gdna_med_ss_0.99_nrna_low	33	15	15	440	0	18986	8	3	1	455.0	0.0	1956.0	0.811281625881377	0.8499745855742952	1.005450601115621	0.03296703296703297
gdna_med_ss_0.50_nrna_zero	8	14	14	135	0	5435	13	5	1	149.0	0.0	559.0	0.78954802259887	0.7200831749367362	1.0645045157114328	0.09395973154362416
gdna_low_ss_0.99_nrna_high	8	14	1	150	18	5435	13	5	1	164.0	5.0	292.0	0.6334056399132321	0.5858223878183603	1.055747269126828	0.08284023668639054
gdna_med_ss_0.50_nrna_high	47	14	14	83	0	51841	5	2	2	97.0	0.0	5352.0	0.9821985685446871	2.6148849942167045	0.8748566622139674	0.14432989690721648
gdna_low_ss_0.99_nrna_high	9	14	14	7006	0	6229	6	3	1	7020.0	0.0	204.0	0.02823920265780731	0.03980354666119474	1.0486409855487495	0.0019943019943019944
gdna_high_ss_0.99_nrna_low	28	14	14	23	0	11868	7	3	1	37.0	0.0	2505.0	0.9854445318646735	0.9137063617503307	1.0240334030701173	0.3783783783783784
gdna_med_ss_0.99_nrna_low	8	14	10	133	4	5435	13	5	1	147.0	0.0	634.0	0.8117797695262484	0.681683387927964	1.0566024320223835	0.09523809523809523
gdna_low_ss_0.99_nrna_zero	36	13	13	1221	0	16291	13	5	1	1234.0	0.0	391.0	0.24061538461538462	0.24773413567943037	1.02152809114271	0.01053484602917342
gdna_high_ss_0.99_nrna_high	13	13	10	24	3	5860	2	1	1	37.0	0.0	1258.0	0.9714285714285714	0.8737705845648456	0.9943793479920763	0.35135135135135137
gdna_low_ss_0.99_nrna_low	30	13	13	35053	0	20453	9	3	1	35066.0	0.0	517.0	0.014529410111570131	0.020085320279860694	1.0163392669641902	0.00037072948154907886
gdna_low_ss_0.50_nrna_high	2	13	10	182	3	41284	9	3	2	195.0	0.0	1609.0	0.8919068736141907	5.271427230677208	0.9483313273186227	0.06666666666666667
gdna_high_ss_0.50_nrna_low	49	13	13	37	0	26705	6	3	1	50.0	0.0	5431.0	0.9908775770844737	1.2032992474148496	1.0037846625890028	0.26
gdna_high_ss_0.50_nrna_high	46	13	13	67	0	54321	7	2	2	80.0	0.0	11263.0	0.9929471921008551	1.8937288825411935	0.9518099498975473	0.1625
gdna_high_ss_0.99_nrna_high	28	12	10	28	2	11868	7	3	1	40.0	0.0	2550.0	0.9845559845559846	0.9431116644937031	1.0286691337821692	0.3
gdna_low_ss_0.50_nrna_low	12	12	12	548	0	2569	3	1	1	560.0	0.0	86.0	0.13312693498452013	0.2985354300791257	1.0055092253825557	0.02142857142857143
gdna_med_ss_0.50_nrna_high	46	12	12	56	0	54321	7	2	2	68.0	0.0	5834.0	0.9884784818705523	2.695320836949358	0.9254944583916258	0.17647058823529413
gdna_low_ss_0.50_nrna_zero	33	12	12	464	0	18986	8	3	1	476.0	0.0	500.0	0.5122950819672131	0.5262460467958152	1.0184716720046667	0.025210084033613446
gdna_high_ss_0.99_nrna_low	38	12	12	14	0	27863	3	1	1	26.0	0.0	5556.0	0.9953421712647796	1.00120756056711	1.004237405177692	0.46153846153846156
gdna_low_ss_0.50_nrna_high	47	12	12	116	0	51841	5	2	2	128.0	0.0	1532.0	0.9228915662650602	5.55319890419272	0.7334633870817511	0.09375
gdna_med_ss_0.99_nrna_zero	3	12	12	3887	0	8322	6	2	1	3899.0	0.0	879.0	0.18396818752616156	0.19919638961428002	1.0421267838625297	0.00307771223390613
gdna_zero_ss_0.50_nrna_high	35	12	0	344	12	47690	2	1	1	356.0	0.0	1300.0	0.785024154589372	7.366639838168007	0.9982838753314695	0.033707865168539325
gdna_high_ss_0.99_nrna_zero	49	12	12	37	0	26705	6	3	1	49.0	0.0	5397.0	0.9910025706940874	0.9803382697548109	1.0131231618658452	0.24489795918367346
gdna_high_ss_0.99_nrna_zero	8	12	12	133	0	5435	13	5	1	145.0	0.0	1127.0	0.8860062893081762	0.7883293061467226	1.0644829621608107	0.08275862068965517
gdna_med_ss_0.50_nrna_high	14	12	11	98	1	36954	2	1	1	110.0	0.0	4149.0	0.9741723409250997	2.6851084310218045	0.9631481214535449	0.10909090909090909
gdna_low_ss_0.99_nrna_high	28	12	9	42	3	11868	7	3	1	54.0	0.0	411.0	0.8838709677419355	0.9547823900771782	1.0255285274367822	0.2222222222222222
gdna_low_ss_0.99_nrna_zero	22	11	11	4458	0	14971	3	1	1	4469.0	0.0	383.0	0.07893652102225886	0.07844975605653488	1.023426591740624	0.0024614007607965988
gdna_high_ss_0.50_nrna_zero	28	11	11	20	0	11868	7	3	1	31.0	0.0	2424.0	0.9873727087576375	0.9322137423861692	1.0295299641283078	0.3548387096774194
gdna_med_ss_0.50_nrna_low	8	11	9	133	2	5435	13	5	1	144.0	0.0	637.0	0.8156209987195903	0.9286905763726523	1.0548442810468968	0.0763888888888889
gdna_low_ss_0.99_nrna_high	47	11	11	261	0	51841	5	2	2	272.0	0.0	1388.0	0.8361445783132531	1.3783600614867242	1.0058426060464667	0.04044117647058824
gdna_med_ss_0.50_nrna_high	8	11	6	115	5	5435	13	5	1	126.0	0.0	802.0	0.8642241379310345	1.6827248811349265	1.0610774477097515	0.0873015873015873
gdna_low_ss_0.99_nrna_low	2	11	10	286	1	41284	9	3	2	297.0	0.0	1144.0	0.7938931297709924	0.8353570215365157	1.008093112270324	0.037037037037037035
gdna_low_ss_0.99_nrna_low	8	11	5	155	9	5435	13	5	1	165.0	4.0	200.0	0.5420054200542005	0.4278076895978232	1.0614973689157765	0.0650887573964497
gdna_low_ss_0.99_nrna_low	28	11	9	70	2	11868	7	3	1	81.0	0.0	363.0	0.8175675675675675	0.7222877444525485	1.0281611290896973	0.13580246913580246
gdna_low_ss_0.99_nrna_zero	47	10	10	290	0	51841	5	2	2	300.0	0.0	1359.0	0.8191681735985533	0.7776141532624136	1.0067623975468731	0.03333333333333333
gdna_high_ss_0.99_nrna_high	49	10	10	34	0	26705	6	3	1	44.0	0.0	5564.0	0.9921540656205421	1.0098979778099813	1.0022103954724788	0.22727272727272727
gdna_med_ss_0.99_nrna_low	3	10	10	3893	0	8322	6	2	1	3903.0	0.0	905.0	0.1882279534109817	0.20977359628206058	1.037133311149411	0.0025621316935690495
gdna_low_ss_0.99_nrna_high	22	10	10	4437	0	14971	3	1	1	4447.0	0.0	392.0	0.08100847282496383	0.14280982509846107	1.0202368502995247	0.00224870699347875
gdna_med_ss_0.50_nrna_zero	38	10	10	12	0	27863	3	1	1	22.0	0.0	2815.0	0.9922453295734931	0.9746189464031536	1.0125815290603748	0.45454545454545453
gdna_med_ss_0.50_nrna_zero	13	10	10	31	0	5860	2	1	1	41.0	0.0	644.0	0.9401459854014599	0.82694392339571	1.0598262131352267	0.24390243902439024
gdna_low_ss_0.50_nrna_low	8	10	7	146	3	5435	13	5	1	156.0	0.0	213.0	0.5772357723577236	0.9705492527652735	1.0614973689157765	0.0641025641025641
gdna_low_ss_0.99_nrna_zero	2	10	10	296	0	41284	9	3	2	306.0	0.0	1067.0	0.7771303714493809	0.7521033893022402	1.0084926948978299	0.032679738562091505
gdna_zero_ss_0.99_nrna_high	3	10	0	3904	10	8322	6	2	1	3914.0	0.0	179.0	0.04373320302956267	0.07504994970192386	1.0300686492379745	0.0025549310168625446
gdna_med_ss_0.99_nrna_zero	13	10	10	30	0	5860	2	1	1	40.0	0.0	645.0	0.9416058394160584	0.824192122976423	1.0598262131352267	0.25
gdna_zero_ss_0.99_nrna_low	0	10	0	426	96	18095	12	4	2	426.0	96.0	21.0	0.03867403314917127	0.18705163536435163	1.0140381824271898	0.019157088122605363
gdna_high_ss_0.50_nrna_zero	49	10	10	32	0	26705	6	3	1	42.0	0.0	5404.0	0.9922879177377892	0.9834831750961059	1.0131231618658452	0.23809523809523808
gdna_med_ss_0.99_nrna_low	49	10	10	40	0	26705	6	3	1	50.0	0.0	2786.0	0.9823695345557123	0.9526357761846376	0.9910134416666078	0.2
gdna_med_ss_0.99_nrna_high	33	10	10	438	0	18986	8	3	1	448.0	0.0	1962.0	0.8141078838174274	0.9818416923878961	1.0174836526027737	0.022321428571428572
gdna_med_ss_0.99_nrna_high	13	10	7	34	3	5860	2	1	1	44.0	0.0	680.0	0.9392265193370166	0.8952327195480384	1.0566477088568331	0.22727272727272727
gdna_high_ss_0.99_nrna_low	13	9	9	22	0	5860	2	1	1	31.0	0.0	1287.0	0.9764795144157815	0.8629291593773819	1.0591053732587767	0.2903225806451613
gdna_zero_ss_0.99_nrna_high	14	9	0	197	9	36954	2	1	1	206.0	0.0	270.0	0.5672268907563025	0.9087736526404988	0.7218107403959348	0.043689320388349516
gdna_low_ss_0.99_nrna_high	13	9	8	44	1	5860	2	1	1	53.0	0.0	192.0	0.7836734693877551	1.00528069601711	1.051704009059141	0.16981132075471697
gdna_med_ss_0.99_nrna_zero	8	9	9	144	0	5435	13	5	1	153.0	0.0	555.0	0.7838983050847458	0.7168379277532969	1.0645045157114328	0.058823529411764705
gdna_med_ss_0.50_nrna_zero	48	9	9	12	0	24832	5	2	1	21.0	0.0	2555.0	0.9918478260869565	0.9533455269305309	1.0141173581998602	0.42857142857142855
gdna_zero_ss_0.50_nrna_high	27	9	0	90	9	11868	7	3	1	99.0	0.0	48.0	0.32653061224489793	7.2024401823100686	0.41137512176444474	0.09090909090909091
gdna_low_ss_0.99_nrna_zero	38	9	9	14	0	27863	3	1	1	23.0	0.0	774.0	0.9711417816813049	0.8589060539840612	1.012585401321428	0.391304347826087
gdna_low_ss_0.50_nrna_low	49	8	8	30	0	26705	6	3	1	38.0	0.0	705.0	0.9488559892328399	2.3933937625668062	0.9208513015938058	0.21052631578947367
gdna_low_ss_0.50_nrna_zero	18	8	8	30	0	27690	8	3	1	38.0	0.0	727.0	0.9503267973856209	0.9045020676205072	1.012664057099865	0.21052631578947367
gdna_low_ss_0.99_nrna_high	49	8	8	45	0	26705	6	3	1	53.0	0.0	671.0	0.9267955801104972	1.4232583210171175	1.0113439668143156	0.1509433962264151
gdna_med_ss_0.99_nrna_high	48	8	8	10	0	24832	5	2	1	18.0	0.0	2563.0	0.993025958930647	1.0695192826599735	1.0133674191937814	0.4444444444444444
gdna_med_ss_0.50_nrna_zero	49	8	8	32	0	26705	6	3	1	40.0	0.0	2765.0	0.9857397504456328	0.9600546053097427	1.0131271419775865	0.2
gdna_high_ss_0.50_nrna_low	28	8	8	11	0	11868	7	3	1	19.0	0.0	2523.0	0.9925255704169945	1.1058586982499796	1.0161741008559793	0.42105263157894735
gdna_high_ss_0.50_nrna_zero	13	8	8	11	0	5860	2	1	1	19.0	0.0	1250.0	0.9850275807722616	0.8732302516109627	1.0598062597805353	0.42105263157894735
gdna_low_ss_0.50_nrna_zero	12	8	8	556	0	2569	3	1	1	564.0	0.0	92.0	0.1402439024390244	0.11734299108547998	1.1365395012355861	0.014184397163120567
gdna_zero_ss_0.50_nrna_high	8	8	0	109	8	5435	13	5	1	117.0	0.0	204.0	0.6355140186915887	3.6633177022616716	1.0460431239560084	0.06837606837606838
gdna_low_ss_0.99_nrna_low	14	8	8	191	0	36954	2	1	1	199.0	0.0	946.0	0.8262008733624454	0.9486416336035197	1.009041803354327	0.04020100502512563
gdna_med_ss_0.50_nrna_high	33	8	8	388	0	18986	8	3	1	396.0	0.0	2014.0	0.8356846473029046	2.3142641911516715	0.9141268844279378	0.020202020202020204
gdna_low_ss_0.50_nrna_low	22	8	7	4416	1	14971	3	1	1	4424.0	0.0	439.0	0.09027349372815134	0.20389015506745564	0.9292303655123041	0.0018083182640144665
gdna_zero_ss_0.50_nrna_high	3	8	0	3800	8	8322	6	2	1	3808.0	0.0	285.0	0.06963107744930369	0.48729867012009237	0.9663521359722631	0.0021008403361344537
gdna_high_ss_0.99_nrna_zero	13	8	8	20	0	5860	2	1	1	28.0	0.0	1241.0	0.9779353821907013	0.8702294307776919	1.0598062597805353	0.2857142857142857
gdna_low_ss_0.50_nrna_high	22	8	8	4350	0	14971	3	1	1	4358.0	0.0	481.0	0.0994007026245092	0.5148065911953764	0.68952738832912	0.0018357044515832951
gdna_high_ss_0.99_nrna_zero	18	7	7	24	0	27690	8	3	1	31.0	0.0	5573.0	0.9944682369735903	0.9764997254948379	1.012656321221679	0.22580645161290322
gdna_high_ss_0.50_nrna_high	28	7	5	16	2	11868	7	3	1	23.0	0.0	2567.0	0.9911196911196911	1.7711458699325542	0.9762201828932052	0.30434782608695654
gdna_low_ss_0.50_nrna_high	8	7	0	102	7	5435	13	5	1	109.0	0.0	352.0	0.7635574837310195	2.668047912818472	1.055747269126828	0.06422018348623854
gdna_low_ss_0.50_nrna_zero	49	7	7	47	0	26705	6	3	1	54.0	0.0	688.0	0.9272237196765498	0.9083130087823745	1.0131313143551204	0.12962962962962962
gdna_low_ss_0.99_nrna_zero	48	7	7	22	0	24832	5	2	1	29.0	0.0	628.0	0.9558599695585996	0.9249369043966124	1.01412207524963	0.2413793103448276
gdna_zero_ss_0.99_nrna_low	8	7	0	160	29	5435	13	5	1	165.0	24.0	19.0	0.09134615384615384	0.14818058065374276	1.0467859672889295	0.037037037037037035
gdna_high_ss_0.50_nrna_low	18	7	7	21	0	27690	8	3	1	28.0	0.0	5595.0	0.9950204517161657	1.1885990908596082	0.9966400059735684	0.25
gdna_low_ss_0.99_nrna_low	12	7	7	561	0	2569	3	1	1	568.0	0.0	78.0	0.12074303405572756	0.1522314539421024	1.1301081999852498	0.01232394366197183
gdna_high_ss_0.50_nrna_zero	8	7	7	116	0	5435	13	5	1	123.0	0.0	1149.0	0.9033018867924528	0.7919134062082626	1.0644829621608107	0.056910569105691054
gdna_med_ss_0.99_nrna_high	49	7	7	40	0	26705	6	3	1	47.0	0.0	2717.0	0.9829956584659914	1.0869048372016639	1.012429814325104	0.14893617021276595
gdna_zero_ss_0.99_nrna_low	43	7	0	235	7	54321	7	2	2	242.0	0.0	36.0	0.12949640287769784	0.635672648580699	1.004662553769716	0.028925619834710745
gdna_zero_ss_0.99_nrna_low	35	7	0	973	7	47690	2	1	1	980.0	0.0	113.0	0.10338517840805124	0.16352045476515245	1.0053137176582396	0.007142857142857143
gdna_med_ss_0.99_nrna_low	38	7	7	15	0	27863	3	1	1	22.0	0.0	2719.0	0.9919737322145202	0.9964359730719305	0.9686515433610478	0.3181818181818182
gdna_low_ss_0.50_nrna_low	3	7	7	3889	0	8322	6	2	1	3896.0	0.0	255.0	0.061430980486629726	0.14261190180167593	0.9117838624882869	0.0017967145790554414
gdna_zero_ss_0.50_nrna_zero	22	7	0	7	0	1311	2	2	1	7.0	0.0	0.0	0.0	0.0	1.1895970736686552	1.0
gdna_med_ss_0.99_nrna_zero	38	7	7	12	0	27863	3	1	1	19.0	0.0	2818.0	0.9933027846316531	0.9712719201289521	1.0125815290603748	0.3684210526315789
gdna_zero_ss_0.99_nrna_zero	22	7	0	7	0	1311	2	2	1	7.0	0.0	0.0	0.0	0.0	1.1895970736686552	1.0
gdna_high_ss_0.50_nrna_zero	18	7	7	25	0	27690	8	3	1	32.0	0.0	5572.0	0.9942897930049964	0.9801800709229778	1.012656321221679	0.21875
gdna_high_ss_0.99_nrna_low	48	6	6	8	0	24832	5	2	1	14.0	0.0	5197.0	0.9973133755517175	0.953522615991625	1.0118443528188288	0.42857142857142855
gdna_zero_ss_0.50_nrna_low	35	6	0	776	6	47690	2	1	1	782.0	0.0	311.0	0.2845379688929552	2.4494276029240285	0.9441865622052359	0.0076726342710997444
gdna_high_ss_0.50_nrna_zero	48	6	6	8	0	24832	5	2	1	14.0	0.0	4956.0	0.9971830985915493	0.9814983337469205	1.0141130393883566	0.42857142857142855
gdna_high_ss_0.50_nrna_high	49	6	6	32	0	26705	6	3	1	38.0	0.0	5570.0	0.9932239657631954	1.906531881219477	0.9604222910179141	0.15789473684210525
gdna_low_ss_0.99_nrna_low	33	6	6	465	0	18986	8	3	1	471.0	0.0	483.0	0.5062893081761006	0.6353803079593883	1.0176020239083408	0.012738853503184714
gdna_med_ss_0.99_nrna_low	13	6	6	27	0	5860	2	1	1	33.0	0.0	663.0	0.9525862068965517	0.8310851249881185	1.0584596436824494	0.18181818181818182
gdna_med_ss_0.99_nrna_low	18	6	6	20	0	27690	8	3	1	26.0	0.0	2761.0	0.9906709723717259	1.0094550737983885	0.9944207398813667	0.23076923076923078
gdna_low_ss_0.50_nrna_zero	13	6	6	42	0	5860	2	1	1	48.0	0.0	169.0	0.7788018433179723	0.7000203714698167	1.0598560725162074	0.125
gdna_low_ss_0.99_nrna_low	3	6	6	3911	0	8322	6	2	1	3917.0	0.0	234.0	0.0563719585642014	0.07520457124255976	1.040162023888041	0.0015317845289762573
gdna_med_ss_0.50_nrna_high	13	6	6	21	0	5860	2	1	1	27.0	0.0	697.0	0.962707182320442	2.323358731056116	0.9881606396794873	0.2222222222222222
gdna_high_ss_0.99_nrna_zero	48	6	6	9	0	24832	5	2	1	15.0	0.0	4955.0	0.9969818913480886	0.978293372083851	1.0141130393883566	0.4
gdna_low_ss_0.99_nrna_zero	28	6	6	64	0	11868	7	3	1	70.0	0.0	328.0	0.8241206030150754	0.7147195050233787	1.0295527581357204	0.08571428571428572
gdna_low_ss_0.50_nrna_low	14	6	6	129	0	36954	2	1	1	135.0	0.0	1010.0	0.8820960698689956	2.2421499954705273	0.9019403168055512	0.044444444444444446
gdna_high_ss_0.99_nrna_high	18	5	5	21	0	27690	8	3	1	26.0	0.0	5474.0	0.9952727272727273	1.0598026102781446	0.9813081268032601	0.19230769230769232
gdna_low_ss_0.99_nrna_low	48	5	5	12	0	24832	5	2	1	17.0	0.0	626.0	0.973561430793157	1.0756615089771644	1.0134573174156973	0.29411764705882354
gdna_low_ss_0.99_nrna_low	38	5	5	21	0	27863	3	1	1	26.0	0.0	743.0	0.9661898569570871	1.0346180378080354	1.0119930293986714	0.19230769230769232
gdna_low_ss_0.50_nrna_low	0	5	4	365	1	18095	12	4	2	370.0	0.0	605.0	0.6205128205128205	1.3787040649592084	0.9022943529974181	0.013513513513513514
gdna_low_ss_0.99_nrna_low	22	5	4	4456	1	14971	3	1	1	4461.0	0.0	402.0	0.08266502159161011	0.09308124788784858	1.022323539293961	0.0011208249271463797
gdna_high_ss_0.50_nrna_low	38	5	5	13	0	27863	3	1	1	18.0	0.0	5564.0	0.9967753493371552	1.1891195448524339	0.9862333776474997	0.2777777777777778
gdna_low_ss_0.99_nrna_low	18	5	5	31	0	27690	8	3	1	36.0	0.0	712.0	0.9518716577540107	1.0778909646320896	1.0120679800513255	0.1388888888888889
gdna_low_ss_0.50_nrna_high	33	5	5	403	0	18986	8	3	1	408.0	0.0	557.0	0.5772020725388601	3.6574851198995315	0.7386416716098865	0.012254901960784314
gdna_med_ss_0.50_nrna_low	13	5	5	16	0	5860	2	1	1	21.0	0.0	675.0	0.9698275862068966	1.13772211589402	1.0221549328418038	0.23809523809523808
gdna_med_ss_0.99_nrna_high	18	5	5	22	0	27690	8	3	1	27.0	0.0	2725.0	0.9901889534883721	1.1726689648589599	1.0119876262251504	0.18518518518518517
gdna_zero_ss_0.99_nrna_high	13	5	0	43	6	5860	2	1	1	48.0	1.0	44.0	0.4731182795698925	0.8110108843851271	0.6340268914458183	0.10204081632653061
gdna_low_ss_0.50_nrna_zero	8	5	5	150	0	5435	13	5	1	155.0	0.0	147.0	0.4867549668874172	0.4215799062544964	1.0645369484107134	0.03225806451612903
gdna_low_ss_0.99_nrna_high	33	5	5	454	0	18986	8	3	1	459.0	0.0	506.0	0.5243523316062176	0.9566466112592013	1.0159568758762543	0.010893246187363835
gdna_high_ss_0.50_nrna_low	13	5	5	14	0	5860	2	1	1	19.0	0.0	1299.0	0.9855842185128983	1.043372277700445	1.0568035171850483	0.2631578947368421
gdna_high_ss_0.99_nrna_low	49	5	5	39	0	26705	6	3	1	44.0	0.0	5437.0	0.9919722678343368	0.9922047502880978	1.0078416074627312	0.11363636363636363
gdna_low_ss_0.99_nrna_low	49	5	5	48	0	26705	6	3	1	53.0	0.0	690.0	0.9286675639300135	1.0116454699867181	1.0125132268842298	0.09433962264150944
gdna_low_ss_0.99_nrna_zero	18	5	5	32	0	27690	8	3	1	37.0	0.0	728.0	0.9516339869281045	0.8951056448429334	1.012664057099865	0.13513513513513514
gdna_med_ss_0.50_nrna_low	28	5	5	18	0	11868	7	3	1	23.0	0.0	1324.0	0.9829250185597624	1.2332427383969786	1.011162771512648	0.21739130434782608
gdna_zero_ss_0.50_nrna_low	0	5	0	410	5	18095	12	4	2	415.0	0.0	128.0	0.23572744014732966	0.6192655938329649	0.27478628677546857	0.012048192771084338
gdna_med_ss_0.50_nrna_low	38	5	5	12	0	27863	3	1	1	17.0	0.0	2724.0	0.9937978839839474	1.3676423734859744	0.9410450520952021	0.29411764705882354
gdna_low_ss_0.99_nrna_zero	12	5	5	563	0	2569	3	1	1	568.0	0.0	88.0	0.13414634146341464	0.11650351098536817	1.1365395012355861	0.008802816901408451
gdna_low_ss_0.50_nrna_low	33	4	4	451	0	18986	8	3	1	455.0	0.0	499.0	0.5230607966457023	1.3067887355613856	0.8734652483482672	0.008791208791208791
gdna_zero_ss_0.50_nrna_low	8	4	0	138	4	5435	13	5	1	142.0	0.0	66.0	0.3173076923076923	1.2091147976763637	1.0467859672889295	0.028169014084507043
gdna_low_ss_0.99_nrna_high	38	4	3	9	1	27863	3	1	1	13.0	0.0	791.0	0.9838308457711443	1.4565371426998361	1.0108724165277232	0.3076923076923077
gdna_low_ss_0.50_nrna_zero	3	4	4	3912	0	8322	6	2	1	3916.0	0.0	214.0	0.05181598062953995	0.060099797891120625	1.0421469076044612	0.0010214504596527069
gdna_low_ss_0.50_nrna_low	48	4	4	10	0	24832	5	2	1	14.0	0.0	629.0	0.9782270606531882	2.323522049201518	0.8489609935873939	0.2857142857142857
gdna_high_ss_0.50_nrna_high	13	4	3	16	1	5860	2	1	1	20.0	0.0	1275.0	0.9845559845559846	1.6379422238889738	0.9621052549502579	0.2
gdna_med_ss_0.50_nrna_high	28	4	4	13	0	11868	7	3	1	17.0	0.0	1378.0	0.9878136200716846	2.513089172428974	0.9783511243444772	0.23529411764705882
gdna_low_ss_0.99_nrna_zero	3	4	4	3916	0	8322	6	2	1	3920.0	0.0	210.0	0.05084745762711865	0.05971313512971266	1.0421469076044612	0.0010204081632653062
gdna_med_ss_0.99_nrna_zero	18	4	4	17	0	27690	8	3	1	21.0	0.0	2788.0	0.9925240299038803	0.9789829308312574	1.0126601415976837	0.19047619047619047
gdna_low_ss_0.99_nrna_zero	49	4	4	49	0	26705	6	3	1	53.0	0.0	689.0	0.9285714285714286	0.897359949225707	1.0131313143551204	0.07547169811320754
gdna_zero_ss_0.50_nrna_high	2	4	0	184	4	41284	9	3	2	188.0	0.0	614.0	0.7655860349127181	11.114453304912951	0.9583468155688603	0.02127659574468085
gdna_med_ss_0.50_nrna_low	48	4	4	7	0	24832	5	2	1	11.0	0.0	2516.0	0.9956470122675108	1.3639349011676802	0.9723089800896829	0.36363636363636365
gdna_med_ss_0.50_nrna_low	49	4	4	29	0	26705	6	3	1	33.0	0.0	2803.0	0.9883638928067701	1.3556574394500693	0.9863321006595271	0.12121212121212122
gdna_med_ss_0.99_nrna_zero	48	4	4	17	0	24832	5	2	1	21.0	0.0	2555.0	0.9918478260869565	0.9503495664248238	1.0141173581998602	0.19047619047619047
gdna_low_ss_0.99_nrna_zero	13	4	4	47	0	5860	2	1	1	51.0	0.0	166.0	0.7649769585253456	0.6920790516068462	1.0598560725162074	0.0784313725490196
gdna_zero_ss_0.99_nrna_low	37	3	0	66517	4	32604	13	4	1	66520.0	1.0	62.0	0.0009311686166138504	0.001480092470505215	1.0077819284978802	4.5098540310578614e-05
gdna_zero_ss_0.99_nrna_low	22	3	0	3	0	1311	2	2	1	3.0	0.0	4.0	0.5714285714285714	2.2105805250068618	1.1940249388426543	1.0
gdna_med_ss_0.50_nrna_high	48	3	3	11	0	24832	5	2	1	14.0	0.0	2567.0	0.9945757458349477	2.74428294247822	0.9190585436215359	0.21428571428571427
gdna_low_ss_0.99_nrna_low	13	3	3	44	0	5860	2	1	1	47.0	0.0	160.0	0.7729468599033816	0.8032907805008233	1.0570369883784883	0.06382978723404255
gdna_low_ss_0.50_nrna_zero	38	3	3	12	0	27863	3	1	1	15.0	0.0	782.0	0.9811794228356336	0.868502708895488	1.012585401321428	0.2
gdna_zero_ss_0.50_nrna_low	44	3	0	210	3	51841	5	2	2	213.0	0.0	147.0	0.4083333333333333	1.0341088235361038	0.14885023269244682	0.014084507042253521
gdna_low_ss_0.50_nrna_zero	23	3	0	3	0	1311	2	2	1	3.0	0.0	36.0	0.9230769230769231	0.6017896595669262	1.2675630041871	1.0
gdna_high_ss_0.99_nrna_zero	38	3	3	9	0	27863	3	1	1	12.0	0.0	5683.0	0.9978928884986831	0.9621144412069746	1.0125777355734948	0.25
gdna_low_ss_0.50_nrna_low	18	3	3	29	0	27690	8	3	1	32.0	0.0	716.0	0.9572192513368984	2.325221383781896	0.8891700920100253	0.09375
gdna_high_ss_0.99_nrna_high	48	3	3	7	0	24832	5	2	1	10.0	0.0	5042.0	0.9980205859065716	1.000762402309306	0.9792644765412928	0.3
gdna_low_ss_0.50_nrna_low	38	3	3	14	0	27863	3	1	1	17.0	0.0	752.0	0.9778933680104032	2.334670596118453	0.910695732053949	0.17647058823529413
gdna_zero_ss_0.50_nrna_low	37	3	0	66531	3	32604	13	4	1	66534.0	0.0	49.0	0.000735923584098043	0.02212948053744346	0.9003341706375174	4.508972855983407e-05
gdna_zero_ss_0.50_nrna_high	43	3	0	82	3	54321	7	2	2	85.0	0.0	365.0	0.8111111111111111	10.37115737309723	0.3797382726395662	0.03529411764705882
gdna_zero_ss_0.50_nrna_high	14	3	0	109	3	36954	2	1	1	112.0	0.0	364.0	0.7647058823529411	14.676762513261089	0.6944870172149066	0.026785714285714284
gdna_low_ss_0.50_nrna_high	14	3	2	114	1	36954	2	1	1	117.0	0.0	1253.0	0.9145985401459854	6.1481110722667545	0.8760050675618645	0.02564102564102564
gdna_zero_ss_0.50_nrna_low	43	2	0	145	2	54321	7	2	2	147.0	0.0	131.0	0.4712230215827338	7.543594992994767	0.7712931161200919	0.013605442176870748
gdna_zero_ss_0.50_nrna_low	46	2	0	61	2	26705	6	3	1	63.0	0.0	17.0	0.2125	12.246989952617469	0.7612324820039568	0.031746031746031744
gdna_med_ss_0.50_nrna_zero	18	2	2	17	0	27690	8	3	1	19.0	0.0	2790.0	0.9932360270558918	0.9825913033187706	1.0126601415976837	0.10526315789473684
gdna_high_ss_0.50_nrna_high	18	2	2	20	0	27690	8	3	1	22.0	0.0	5478.0	0.996	1.8825229729050936	0.9177899902798045	0.09090909090909091
gdna_low_ss_0.50_nrna_high	49	2	2	33	0	26705	6	3	1	35.0	0.0	689.0	0.9516574585635359	6.391300901226445	0.7087340818788241	0.05714285714285714
gdna_low_ss_0.50_nrna_high	13	2	2	20	0	5860	2	1	1	22.0	0.0	223.0	0.9102040816326531	4.975415753529079	0.8841440035617668	0.09090909090909091
gdna_low_ss_0.99_nrna_zero	8	2	2	151	0	5435	13	5	1	153.0	0.0	149.0	0.49337748344370863	0.4181769447029735	1.0645369484107134	0.013071895424836602
gdna_high_ss_0.99_nrna_low	18	2	2	22	0	27690	8	3	1	24.0	0.0	5599.0	0.9957318157567135	0.9985266891412938	1.0081379186522605	0.08333333333333333
gdna_zero_ss_0.99_nrna_low	46	2	0	62	2	26705	6	3	1	64.0	0.0	16.0	0.2	0.92163209465929	1.0095054681851634	0.03125
gdna_low_ss_0.99_nrna_high	48	2	2	4	0	24832	5	2	1	6.0	0.0	659.0	0.9909774436090225	1.4603960432349705	1.0121997690299007	0.3333333333333333
gdna_med_ss_0.99_nrna_low	23	2	2	0	0	1311	2	2	1	2.0	0.0	193.0	0.9897435897435898	0.5468392249552668	1.263811465400921	1.0
gdna_low_ss_0.50_nrna_zero	48	2	2	16	0	24832	5	2	1	18.0	0.0	639.0	0.9726027397260274	0.9360354944524267	1.01412207524963	0.1111111111111111
gdna_zero_ss_0.99_nrna_high	22	2	0	2	0	1311	2	2	1	2.0	0.0	5.0	0.7142857142857143	11.742231334925576	1.1908947847085143	1.0
gdna_high_ss_0.50_nrna_zero	38	2	2	9	0	27863	3	1	1	11.0	0.0	5684.0	0.9980684811237928	0.9655274643625403	1.0125777355734948	0.18181818181818182
gdna_low_ss_0.99_nrna_zero	33	2	2	467	0	18986	8	3	1	469.0	0.0	507.0	0.5194672131147541	0.5211968499682669	1.0184716720046667	0.0042643923240938165
gdna_low_ss_0.50_nrna_low	28	2	2	28	0	11868	7	3	1	30.0	0.0	414.0	0.9324324324324325	1.8903340403551485	1.0281611290896973	0.06666666666666667
gdna_low_ss_0.50_nrna_low	13	2	2	30	0	5860	2	1	1	32.0	0.0	175.0	0.8454106280193237	1.881677433431426	0.9781549409472555	0.0625
gdna_zero_ss_0.50_nrna_low	3	1	0	3919	1	8322	6	2	1	3920.0	0.0	9.0	0.0022906592008144567	0.07512039499866659	0.6581947705926668	0.00025510204081632655
gdna_med_ss_0.50_nrna_high	49	1	1	30	0	26705	6	3	1	31.0	0.0	2733.0	0.9887843704775687	2.742266723188617	0.8944422622294502	0.03225806451612903
gdna_med_ss_0.50_nrna_high	18	1	1	19	0	27690	8	3	1	20.0	0.0	2732.0	0.9927325581395349	2.6959757123373493	0.8649789735129654	0.05
gdna_zero_ss_0.99_nrna_zero	11	1	0	2	0	9739	4	2	1	1.0	1.0	0.0	0.0	0.0	1.0255214411111948	0.5
gdna_low_ss_0.99_nrna_zero	50	1	1	0	0	5631	2	1	1	0.0	1.0	149.0	0.9933333333333333	0.8988528306939164	1.0622904487533988	1.0
gdna_zero_ss_0.50_nrna_low	27	1	0	88	1	11868	7	3	1	89.0	0.0	13.0	0.12745098039215685	4.484805975585204	0.8277695311223444	0.011235955056179775
gdna_zero_ss_0.50_nrna_low	2	1	0	264	1	41284	9	3	2	265.0	0.0	127.0	0.3239795918367347	4.712514892879085	0.9218030364904061	0.0037735849056603774
gdna_zero_ss_0.50_nrna_high	42	1	0	35000	1	7847	17	7	1	35001.0	0.0	2.0	5.713795960346256e-05	0.001682407552638819	0.031133169623928564	2.8570612268220908e-05
gdna_med_ss_0.50_nrna_low	23	1	1	0	0	1311	2	2	1	1.0	0.0	194.0	0.9948717948717949	0.6557518493642736	1.263811465400921	1.0
gdna_low_ss_0.50_nrna_zero	29	1	1	0	0	11736	2	1	1	1.0	0.0	267.0	0.996268656716418	1.058818918484042	1.0298851968957934	1.0
gdna_zero_ss_0.99_nrna_low	27	1	0	85	1	11868	7	3	1	86.0	0.0	16.0	0.1568627450980392	0.3372444831543667	1.0214146612413788	0.011627906976744186
gdna_low_ss_0.99_nrna_low	23	1	0	1	0	1311	2	2	1	1.0	0.0	45.0	0.9782608695652174	0.8125292968081972	1.2549597653040792	1.0
gdna_med_ss_0.99_nrna_high	23	1	1	0	0	1311	2	2	1	1.0	0.0	180.0	0.994475138121547	0.8448845689607637	1.2532108064435301	1.0
gdna_med_ss_0.99_nrna_low	48	1	1	10	0	24832	5	2	1	11.0	0.0	2516.0	0.9956470122675108	0.9735024568931283	0.9897561674868157	0.09090909090909091
gdna_zero_ss_0.99_nrna_high	36	1	0	19	1	27863	3	1	1	20.0	0.0	69.0	0.7752808988764045	3.8402129861242567	0.6128083179153638	0.05
gdna_high_ss_0.50_nrna_low	48	1	1	9	0	24832	5	2	1	10.0	0.0	5201.0	0.9980809825369411	1.1578800364657462	1.010494663239286	0.1
gdna_zero_ss_0.99_nrna_high	42	1	0	34966	1	7847	17	7	1	34967.0	0.0	36.0	0.001028483272862326	0.003766815497524014	0.6150110936222538	2.8598392770326306e-05
gdna_med_ss_0.99_nrna_zero	23	1	0	1	0	1311	2	2	1	1.0	0.0	183.0	0.9945652173913043	0.5098676512413384	1.2674189576197163	1.0
gdna_high_ss_0.99_nrna_high	38	1	1	9	0	27863	3	1	1	10.0	0.0	5803.0	0.9982797178737313	1.0159113701404563	1.0013114227253122	0.1
gdna_low_ss_0.50_nrna_high	18	1	1	13	0	27690	8	3	1	14.0	0.0	718.0	0.9808743169398907	6.50684644254912	0.7180028473850008	0.07142857142857142
gdna_zero_ss_0.99_nrna_low	2	1	0	315	1	41284	9	3	2	316.0	0.0	76.0	0.19387755102040816	0.3889742218981451	1.0061414390919088	0.0031645569620253164
gdna_zero_ss_0.99_nrna_low	3	1	0	3919	2	8322	6	2	1	3920.0	1.0	8.0	0.0020361415118350726	0.015303058173762037	1.030548216086249	0.0002550369803621525
gdna_low_ss_0.99_nrna_low	40	1	1	0	0	5381	2	1	1	1.0	0.0	152.0	0.9934640522875817	1.0562412234561016	1.0621145482361387	1.0
gdna_low_ss_0.50_nrna_high	46	1	1	65	0	54321	7	2	2	66.0	0.0	1767.0	0.9639934533551555	5.9403039172677	0.8173694256785912	0.015151515151515152
gdna_low_ss_0.99_nrna_zero	16	1	1	0	0	24537	3	1	1	1.0	0.0	572.0	0.9982547993019197	1.0457364211734612	1.0142919090838887	1.0
gdna_low_ss_0.50_nrna_high	28	1	1	11	0	11868	7	3	1	12.0	0.0	453.0	0.9741935483870968	5.411448094804696	0.906793680130398	0.08333333333333333
gdna_low_ss_0.50_nrna_low	23	1	1	0	0	1311	2	2	1	1.0	0.0	45.0	0.9782608695652174	1.3012444186457939	1.2549597653040792	1.0
