{
  "index_load_sec": 12.27071459684521,
  "scan_and_buffer_sec": 467.4298126231879,
  "finalize_models_sec": 0.00025517120957374573,
  "calibration_sec": 60.4092513313517,
  "fragment_router_scan_sec": 69.97550930827856,
  "em_n_units": 50915884,
  "em_n_candidates": 444452777,
  "build_loci_sec": 3.465659665875137,
  "n_loci": 14298,
  "max_locus_transcripts": 174522,
  "max_locus_units": 21660291,
  "compute_priors_sec": 0.3972151018679142,
  "partition_and_free_sec": 47.299082439392805,
  "n_mega_loci": 1,
  "n_normal_loci": 14297,
  "mega_em_sec": 364.10983033664525,
  "normal_em_sec": 77.47976263426244,
  "total_locus_em_sec": 441.5895929709077,
  "total_gdna_em": 915123.0,
  "total_wall_sec": 1090.5663786120713,
  "peak_rss_mb": 28078.34765625,
  "rss_snapshots": {
    "start": 30.109375,
    "after_index": 2136.3984375,
    "after_scan": 6890.046875,
    "after_calibration": 6899.86328125,
    "after_router_scan": 23632.93359375,
    "after_buffer_release": 18287.453125,
    "after_priors": 18287.4765625,
    "after_partition": 16374.90234375,
    "after_em_data_del": 16374.90234375,
    "after_mega_em": 13879.3828125,
    "after_normal_em": 14483.921875,
    "after_em_cleanup": 14483.921875
  },
  "n_locus_stats": 14298,
  "top10_loci": [
    {
      "locus_idx": 0,
      "n_transcripts": 174522,
      "n_units": 21660291,
      "n_components": 174523,
      "n_equiv_classes": 439953,
      "ec_total_elements": 221378807,
      "max_ec_width": 222,
      "max_ec_depth": 50528,
      "squarem_iterations": 333,
      "estep_threads_used": 36,
      "is_mega_locus": true,
      "digamma_calls_per_estep": 174523,
      "extract_us": 9339893.38,
      "bias_us": 4554022.74,
      "build_ec_us": 14341901.097,
      "warm_start_us": 569614.896,
      "squarem_us": 324925299.639,
      "assign_us": 8731626.417,
      "total_us": 362462358.169
    },
    {
      "locus_idx": 663,
      "n_transcripts": 188,
      "n_units": 86216,
      "n_components": 189,
      "n_equiv_classes": 953,
      "ec_total_elements": 978934,
      "max_ec_width": 72,
      "max_ec_depth": 13326,
      "squarem_iterations": 333,
      "estep_threads_used": 1,
      "is_mega_locus": false,
      "digamma_calls_per_estep": 189,
      "extract_us": 253794.17,
      "bias_us": 172854.297,
      "build_ec_us": 289475.504,
      "warm_start_us": 35159.839,
      "squarem_us": 43947081.842,
      "assign_us": 27930.818,
      "total_us": 44726296.47
    },
    {
      "locus_idx": 887,
      "n_transcripts": 72,
      "n_units": 16952,
      "n_components": 73,
      "n_equiv_classes": 184,
      "ec_total_elements": 904244,
      "max_ec_width": 68,
      "max_ec_depth": 7689,
      "squarem_iterations": 287,
      "estep_threads_used": 1,
      "is_mega_locus": false,
      "digamma_calls_per_estep": 73,
      "extract_us": 398576.897,
      "bias_us": 106588.519,
      "build_ec_us": 145898.961,
      "warm_start_us": 26198.333,
      "squarem_us": 22295807.222,
      "assign_us": 20761.592,
      "total_us": 22993831.524
    },
    {
      "locus_idx": 5009,
      "n_transcripts": 24,
      "n_units": 54886,
      "n_components": 25,
      "n_equiv_classes": 240,
      "ec_total_elements": 465506,
      "max_ec_width": 21,
      "max_ec_depth": 4788,
      "squarem_iterations": 333,
      "estep_threads_used": 1,
      "is_mega_locus": false,
      "digamma_calls_per_estep": 25,
      "extract_us": 44613.888,
      "bias_us": 48800.312,
      "build_ec_us": 75833.572,
      "warm_start_us": 891.945,
      "squarem_us": 19527228.118,
      "assign_us": 73986.976,
      "total_us": 19771354.811
    },
    {
      "locus_idx": 12009,
      "n_transcripts": 34,
      "n_units": 67083,
      "n_components": 35,
      "n_equiv_classes": 210,
      "ec_total_elements": 966473,
      "max_ec_width": 30,
      "max_ec_depth": 7341,
      "squarem_iterations": 333,
      "estep_threads_used": 1,
      "is_mega_locus": false,
      "digamma_calls_per_estep": 35,
      "extract_us": 210459.762,
      "bias_us": 34213.411,
      "build_ec_us": 100066.07,
      "warm_start_us": 1992.227,
      "squarem_us": 18728146.023,
      "assign_us": 79222.093,
      "total_us": 19154099.586
    },
    {
      "locus_idx": 3064,
      "n_transcripts": 130,
      "n_units": 24550,
      "n_components": 131,
      "n_equiv_classes": 630,
      "ec_total_elements": 451520,
      "max_ec_width": 51,
      "max_ec_depth": 1138,
      "squarem_iterations": 237,
      "estep_threads_used": 1,
      "is_mega_locus": false,
      "digamma_calls_per_estep": 131,
      "extract_us": 196652.36,
      "bias_us": 55706.95,
      "build_ec_us": 57415.221,
      "warm_start_us": 25080.788,
      "squarem_us": 14905696.835,
      "assign_us": 83733.849,
      "total_us": 15324286.003
    },
    {
      "locus_idx": 1035,
      "n_transcripts": 688,
      "n_units": 26921,
      "n_components": 689,
      "n_equiv_classes": 534,
      "ec_total_elements": 320516,
      "max_ec_width": 412,
      "max_ec_depth": 2715,
      "squarem_iterations": 215,
      "estep_threads_used": 1,
      "is_mega_locus": false,
      "digamma_calls_per_estep": 689,
      "extract_us": 20726.123,
      "bias_us": 5369.84,
      "build_ec_us": 31937.857,
      "warm_start_us": 756.554,
      "squarem_us": 14501031.56,
      "assign_us": 106609.703,
      "total_us": 14666431.637
    },
    {
      "locus_idx": 7661,
      "n_transcripts": 28,
      "n_units": 30221,
      "n_components": 29,
      "n_equiv_classes": 101,
      "ec_total_elements": 195293,
      "max_ec_width": 16,
      "max_ec_depth": 11556,
      "squarem_iterations": 333,
      "estep_threads_used": 1,
      "is_mega_locus": false,
      "digamma_calls_per_estep": 29,
      "extract_us": 36584.508,
      "bias_us": 36629.878,
      "build_ec_us": 67085.749,
      "warm_start_us": 434.299,
      "squarem_us": 14399598.108,
      "assign_us": 25256.594,
      "total_us": 14565589.136
    },
    {
      "locus_idx": 2626,
      "n_transcripts": 53,
      "n_units": 21102,
      "n_components": 54,
      "n_equiv_classes": 207,
      "ec_total_elements": 245557,
      "max_ec_width": 22,
      "max_ec_depth": 8742,
      "squarem_iterations": 333,
      "estep_threads_used": 1,
      "is_mega_locus": false,
      "digamma_calls_per_estep": 54,
      "extract_us": 31637.229,
      "bias_us": 29298.195,
      "build_ec_us": 56841.33,
      "warm_start_us": 539.317,
      "squarem_us": 11954579.823,
      "assign_us": 30773.302,
      "total_us": 12103669.196
    },
    {
      "locus_idx": 5932,
      "n_transcripts": 58,
      "n_units": 7805,
      "n_components": 59,
      "n_equiv_classes": 126,
      "ec_total_elements": 243931,
      "max_ec_width": 49,
      "max_ec_depth": 2833,
      "squarem_iterations": 333,
      "estep_threads_used": 1,
      "is_mega_locus": false,
      "digamma_calls_per_estep": 59,
      "extract_us": 44055.387,
      "bias_us": 64249.619,
      "build_ec_us": 37488.841,
      "warm_start_us": 566.339,
      "squarem_us": 11848756.129,
      "assign_us": 42223.356,
      "total_us": 12037339.671
    }
  ],
  "loci_at_max_iterations": 125,
  "max_iterations_threshold": 333,
  "time_at_max_iters_sec": 757.058778735
}